cve_id,change_type,date_updated,shard,run_utc
CVE-2010-0188,updated,2026-08-14,cve_2022_and_before,2026-08-14T08:12:08+00:00
CVE-2010-0738,updated,2026-08-14,cve_2022_and_before,2026-08-14T08:12:08+00:00
CVE-2010-1428,updated,2026-08-14,cve_2022_and_before,2026-08-14T08:12:08+00:00
CVE-2010-2861,updated,2026-08-14,cve_2022_and_before,2026-08-14T08:12:08+00:00
CVE-2012-0507,updated,2026-08-14,cve_2022_and_before,2026-08-14T08:12:08+00:00
CVE-2013-0074,updated,2026-08-14,cve_2022_and_before,2026-08-14T08:12:08+00:00
CVE-2013-0431,updated,2026-08-14,cve_2022_and_before,2026-08-14T08:12:08+00:00
CVE-2013-3993,updated,2026-08-14,cve_2022_and_before,2026-08-14T08:12:08+00:00
CVE-2015-1701,updated,2026-08-14,cve_2022_and_before,2026-08-14T08:12:08+00:00
CVE-2015-2546,updated,2026-08-14,cve_2022_and_before,2026-08-14T08:12:08+00:00
CVE-2016-0034,updated,2026-08-14,cve_2022_and_before,2026-08-14T08:12:08+00:00
CVE-2016-1019,updated,2026-08-14,cve_2022_and_before,2026-08-14T08:12:08+00:00
CVE-2016-3351,updated,2026-08-14,cve_2022_and_before,2026-08-14T08:12:08+00:00
CVE-2017-0144,updated,2026-08-14,cve_2022_and_before,2026-08-14T08:12:08+00:00
CVE-2017-0145,updated,2026-08-14,cve_2022_and_before,2026-08-14T08:12:08+00:00
CVE-2017-11357,updated,2026-08-14,cve_2022_and_before,2026-08-14T08:12:08+00:00
CVE-2019-25765,added,,cve_2022_and_before,2026-08-14T08:12:08+00:00
CVE-2021-30116,updated,2026-08-14,cve_2022_and_before,2026-08-14T08:12:08+00:00
CVE-2021-30119,updated,2026-08-14,cve_2022_and_before,2026-08-14T08:12:08+00:00
CVE-2021-30120,updated,2026-08-14,cve_2022_and_before,2026-08-14T08:12:08+00:00
CVE-2022-4993,added,,cve_2022_and_before,2026-08-14T08:12:08+00:00
CVE-2023-2164,updated,2026-08-14,cve_2023_to_2025,2026-08-14T08:12:08+00:00
CVE-2023-3401,updated,2026-08-14,cve_2023_to_2025,2026-08-14T08:12:08+00:00
CVE-2023-3443,updated,2026-08-14,cve_2023_to_2025,2026-08-14T08:12:08+00:00
CVE-2023-3509,updated,2026-08-14,cve_2023_to_2025,2026-08-14T08:12:08+00:00
CVE-2023-3904,updated,2026-08-14,cve_2023_to_2025,2026-08-14T08:12:08+00:00
CVE-2023-3906,updated,2026-08-14,cve_2023_to_2025,2026-08-14T08:12:08+00:00
CVE-2023-3914,updated,2026-08-14,cve_2023_to_2025,2026-08-14T08:12:08+00:00
CVE-2023-3920,updated,2026-08-14,cve_2023_to_2025,2026-08-14T08:12:08+00:00
CVE-2023-3979,updated,2026-08-14,cve_2023_to_2025,2026-08-14T08:12:08+00:00
CVE-2023-4018,updated,2026-08-14,cve_2023_to_2025,2026-08-14T08:12:08+00:00
CVE-2023-5207,updated,2026-08-14,cve_2023_to_2025,2026-08-14T08:12:08+00:00
CVE-2023-5226,updated,2026-08-14,cve_2023_to_2025,2026-08-14T08:12:08+00:00
CVE-2023-5612,updated,2026-08-14,cve_2023_to_2025,2026-08-14T08:12:08+00:00
CVE-2023-6159,updated,2026-08-14,cve_2023_to_2025,2026-08-14T08:12:08+00:00
CVE-2023-6489,updated,2026-08-14,cve_2023_to_2025,2026-08-14T08:12:08+00:00
CVE-2023-7028,updated,2026-08-14,cve_2023_to_2025,2026-08-14T08:12:08+00:00
CVE-2024-0410,updated,2026-08-14,cve_2023_to_2025,2026-08-14T08:12:08+00:00
CVE-2024-1139,updated,2026-08-14,cve_2023_to_2025,2026-08-14T08:12:08+00:00
CVE-2024-5042,updated,2026-08-13,cve_2023_to_2025,2026-08-14T08:12:08+00:00
CVE-2024-7036,removed,,cve_2023_to_2025,2026-08-14T08:12:08+00:00
CVE-2024-7037,removed,,cve_2023_to_2025,2026-08-14T08:12:08+00:00
CVE-2024-7045,removed,,cve_2023_to_2025,2026-08-14T08:12:08+00:00
CVE-2024-7046,removed,,cve_2023_to_2025,2026-08-14T08:12:08+00:00
CVE-2024-7053,removed,,cve_2023_to_2025,2026-08-14T08:12:08+00:00
CVE-2024-7990,removed,,cve_2023_to_2025,2026-08-14T08:12:08+00:00
CVE-2024-8060,removed,,cve_2023_to_2025,2026-08-14T08:12:08+00:00
CVE-2024-9355,updated,2026-08-13,cve_2023_to_2025,2026-08-14T08:12:08+00:00
CVE-2024-11831,updated,2026-08-13,cve_2023_to_2025,2026-08-14T08:12:08+00:00
CVE-2024-12085,updated,2026-08-13,cve_2023_to_2025,2026-08-14T08:12:08+00:00
CVE-2024-12534,removed,,cve_2023_to_2025,2026-08-14T08:12:08+00:00
CVE-2024-12537,removed,,cve_2023_to_2025,2026-08-14T08:12:08+00:00
CVE-2024-21537,updated,2026-08-13,cve_2023_to_2025,2026-08-14T08:12:08+00:00
CVE-2024-21626,updated,2026-08-13,cve_2023_to_2025,2026-08-14T08:12:08+00:00
CVE-2024-27253,updated,2026-08-13,cve_2023_to_2025,2026-08-14T08:12:08+00:00
CVE-2024-58374,added,,cve_2023_to_2025,2026-08-14T08:12:08+00:00
CVE-2025-1022,updated,2026-08-13,cve_2023_to_2025,2026-08-14T08:12:08+00:00
CVE-2025-2240,updated,2026-08-13,cve_2023_to_2025,2026-08-14T08:12:08+00:00
CVE-2025-5914,updated,2026-08-13,cve_2023_to_2025,2026-08-14T08:12:08+00:00
CVE-2025-6020,updated,2026-08-13,cve_2023_to_2025,2026-08-14T08:12:08+00:00
CVE-2025-7195,updated,2026-08-13,cve_2023_to_2025,2026-08-14T08:12:08+00:00
CVE-2025-7425,updated,2026-08-13,cve_2023_to_2025,2026-08-14T08:12:08+00:00
CVE-2025-7708,updated,2026-08-13,cve_2023_to_2025,2026-08-14T08:12:08+00:00
CVE-2025-8264,updated,2026-08-13,cve_2023_to_2025,2026-08-14T08:12:08+00:00
CVE-2025-9486,updated,2026-08-13,cve_2023_to_2025,2026-08-14T08:12:08+00:00
CVE-2025-10308,added,,cve_2023_to_2025,2026-08-14T08:12:08+00:00
CVE-2025-13465,updated,2026-08-13,cve_2023_to_2025,2026-08-14T08:12:08+00:00
CVE-2025-15684,updated,2026-08-13,cve_2023_to_2025,2026-08-14T08:12:08+00:00
CVE-2025-31098,updated,2026-08-13,cve_2023_to_2025,2026-08-14T08:12:08+00:00
CVE-2025-31114,updated,2026-08-13,cve_2023_to_2025,2026-08-14T08:12:08+00:00
CVE-2025-41769,updated,2026-08-13,cve_2023_to_2025,2026-08-14T08:12:08+00:00
CVE-2025-48431,updated,2026-08-13,cve_2023_to_2025,2026-08-14T08:12:08+00:00
CVE-2025-52640,added,,cve_2023_to_2025,2026-08-14T08:12:08+00:00
CVE-2025-56005,updated,2026-08-13,cve_2023_to_2025,2026-08-14T08:12:08+00:00
CVE-2025-59321,updated,2026-08-13,cve_2023_to_2025,2026-08-14T08:12:08+00:00
CVE-2025-59322,updated,2026-08-13,cve_2023_to_2025,2026-08-14T08:12:08+00:00
CVE-2025-59323,updated,2026-08-13,cve_2023_to_2025,2026-08-14T08:12:08+00:00
CVE-2025-59324,updated,2026-08-13,cve_2023_to_2025,2026-08-14T08:12:08+00:00
CVE-2025-59326,updated,2026-08-13,cve_2023_to_2025,2026-08-14T08:12:08+00:00
CVE-2025-59327,updated,2026-08-13,cve_2023_to_2025,2026-08-14T08:12:08+00:00
CVE-2025-61726,updated,2026-08-13,cve_2023_to_2025,2026-08-14T08:12:08+00:00
CVE-2025-61732,updated,2026-08-13,cve_2023_to_2025,2026-08-14T08:12:08+00:00
CVE-2025-62314,added,,cve_2023_to_2025,2026-08-14T08:12:08+00:00
CVE-2025-62315,added,,cve_2023_to_2025,2026-08-14T08:12:08+00:00
CVE-2025-62318,added,,cve_2023_to_2025,2026-08-14T08:12:08+00:00
CVE-2025-69223,updated,2026-08-13,cve_2023_to_2025,2026-08-14T08:12:08+00:00
CVE-2025-69873,updated,2026-08-13,cve_2023_to_2025,2026-08-14T08:12:08+00:00
CVE-2026-0289,updated,,cve_2026_to_now,2026-08-14T08:12:08+00:00
CVE-2026-0290,updated,,cve_2026_to_now,2026-08-14T08:12:08+00:00
CVE-2026-0291,updated,,cve_2026_to_now,2026-08-14T08:12:08+00:00
CVE-2026-0292,updated,,cve_2026_to_now,2026-08-14T08:12:08+00:00
CVE-2026-0293,updated,,cve_2026_to_now,2026-08-14T08:12:08+00:00
CVE-2026-0294,updated,,cve_2026_to_now,2026-08-14T08:12:08+00:00
CVE-2026-0295,updated,,cve_2026_to_now,2026-08-14T08:12:08+00:00
CVE-2026-0296,updated,,cve_2026_to_now,2026-08-14T08:12:08+00:00
CVE-2026-0297,updated,,cve_2026_to_now,2026-08-14T08:12:08+00:00
CVE-2026-0298,updated,,cve_2026_to_now,2026-08-14T08:12:08+00:00
CVE-2026-0299,updated,,cve_2026_to_now,2026-08-14T08:12:08+00:00
CVE-2026-0301,updated,,cve_2026_to_now,2026-08-14T08:12:08+00:00
CVE-2026-3639,updated,,cve_2026_to_now,2026-08-14T08:12:08+00:00
CVE-2026-3835,updated,,cve_2026_to_now,2026-08-14T08:12:08+00:00
CVE-2026-4598,updated,2026-08-13,cve_2026_to_now,2026-08-14T08:12:08+00:00
CVE-2026-4740,updated,2026-08-13,cve_2026_to_now,2026-08-14T08:12:08+00:00
CVE-2026-4879,updated,2026-08-13,cve_2026_to_now,2026-08-14T08:12:08+00:00
CVE-2026-4901,updated,2026-08-13,cve_2026_to_now,2026-08-14T08:12:08+00:00
CVE-2026-5857,updated,2026-08-13,cve_2026_to_now,2026-08-14T08:12:08+00:00
CVE-2026-6322,updated,2026-08-13,cve_2026_to_now,2026-08-14T08:12:08+00:00
CVE-2026-6387,added,,cve_2026_to_now,2026-08-14T08:12:08+00:00
CVE-2026-6464,added,2026-08-14,cve_2026_to_now,2026-08-14T08:12:08+00:00
CVE-2026-6469,added,,cve_2026_to_now,2026-08-14T08:12:08+00:00
CVE-2026-6470,added,,cve_2026_to_now,2026-08-14T08:12:08+00:00
CVE-2026-6471,added,2026-08-14,cve_2026_to_now,2026-08-14T08:12:08+00:00
CVE-2026-6821,updated,2026-08-13,cve_2026_to_now,2026-08-14T08:12:08+00:00
CVE-2026-7163,updated,2026-08-13,cve_2026_to_now,2026-08-14T08:12:08+00:00
CVE-2026-7210,updated,2026-08-14,cve_2026_to_now,2026-08-14T08:12:08+00:00
CVE-2026-7366,updated,2026-08-13,cve_2026_to_now,2026-08-14T08:12:08+00:00
CVE-2026-7374,updated,2026-08-13,cve_2026_to_now,2026-08-14T08:12:08+00:00
CVE-2026-7427,updated,2026-08-13,cve_2026_to_now,2026-08-14T08:12:08+00:00
CVE-2026-8643,updated,2026-08-13,cve_2026_to_now,2026-08-14T08:12:08+00:00
CVE-2026-8657,updated,2026-08-13,cve_2026_to_now,2026-08-14T08:12:08+00:00
CVE-2026-8667,updated,2026-08-13,cve_2026_to_now,2026-08-14T08:12:08+00:00
CVE-2026-8715,added,2026-08-14,cve_2026_to_now,2026-08-14T08:12:08+00:00
CVE-2026-9165,updated,2026-08-13,cve_2026_to_now,2026-08-14T08:12:08+00:00
CVE-2026-9375,removed,,cve_2026_to_now,2026-08-14T08:12:08+00:00
CVE-2026-9804,updated,2026-08-13,cve_2026_to_now,2026-08-14T08:12:08+00:00
CVE-2026-10534,updated,2026-08-13,cve_2026_to_now,2026-08-14T08:12:08+00:00
CVE-2026-10543,updated,2026-08-13,cve_2026_to_now,2026-08-14T08:12:08+00:00
CVE-2026-10571,added,,cve_2026_to_now,2026-08-14T08:12:08+00:00
CVE-2026-11430,updated,2026-08-13,cve_2026_to_now,2026-08-14T08:12:08+00:00
CVE-2026-11840,updated,,cve_2026_to_now,2026-08-14T08:12:08+00:00
CVE-2026-11923,updated,2026-08-13,cve_2026_to_now,2026-08-14T08:12:08+00:00
CVE-2026-11970,added,,cve_2026_to_now,2026-08-14T08:12:08+00:00
CVE-2026-12004,updated,2026-08-13,cve_2026_to_now,2026-08-14T08:12:08+00:00
CVE-2026-12005,updated,2026-08-13,cve_2026_to_now,2026-08-14T08:12:08+00:00
CVE-2026-12036,added,,cve_2026_to_now,2026-08-14T08:12:08+00:00
CVE-2026-12039,updated,2026-08-13,cve_2026_to_now,2026-08-14T08:12:08+00:00
CVE-2026-12143,updated,2026-08-13,cve_2026_to_now,2026-08-14T08:12:08+00:00
CVE-2026-12232,updated,2026-08-13,cve_2026_to_now,2026-08-14T08:12:08+00:00
CVE-2026-12233,updated,2026-08-13,cve_2026_to_now,2026-08-14T08:12:08+00:00
CVE-2026-12236,added,,cve_2026_to_now,2026-08-14T08:12:08+00:00
CVE-2026-12263,added,,cve_2026_to_now,2026-08-14T08:12:08+00:00
CVE-2026-12359,updated,2026-08-13,cve_2026_to_now,2026-08-14T08:12:08+00:00
CVE-2026-12539,updated,2026-08-13,cve_2026_to_now,2026-08-14T08:12:08+00:00
CVE-2026-12743,added,,cve_2026_to_now,2026-08-14T08:12:08+00:00
CVE-2026-12912,updated,2026-08-13,cve_2026_to_now,2026-08-14T08:12:08+00:00
CVE-2026-12949,added,,cve_2026_to_now,2026-08-14T08:12:08+00:00
CVE-2026-13048,added,,cve_2026_to_now,2026-08-14T08:12:08+00:00
CVE-2026-13051,added,,cve_2026_to_now,2026-08-14T08:12:08+00:00
CVE-2026-13105,updated,2026-08-13,cve_2026_to_now,2026-08-14T08:12:08+00:00
CVE-2026-13177,updated,2026-08-13,cve_2026_to_now,2026-08-14T08:12:08+00:00
CVE-2026-13267,updated,2026-08-13,cve_2026_to_now,2026-08-14T08:12:08+00:00
CVE-2026-13361,updated,2026-08-13,cve_2026_to_now,2026-08-14T08:12:08+00:00
CVE-2026-13365,added,,cve_2026_to_now,2026-08-14T08:12:08+00:00
CVE-2026-13367,updated,2026-08-13,cve_2026_to_now,2026-08-14T08:12:08+00:00
CVE-2026-13433,updated,2026-08-13,cve_2026_to_now,2026-08-14T08:12:08+00:00
CVE-2026-13460,added,,cve_2026_to_now,2026-08-14T08:12:08+00:00
CVE-2026-13601,updated,2026-08-13,cve_2026_to_now,2026-08-14T08:12:08+00:00
CVE-2026-13612,updated,2026-08-13,cve_2026_to_now,2026-08-14T08:12:08+00:00
CVE-2026-13622,updated,2026-08-13,cve_2026_to_now,2026-08-14T08:12:08+00:00
CVE-2026-13676,updated,2026-08-13,cve_2026_to_now,2026-08-14T08:12:08+00:00
CVE-2026-13757,updated,2026-08-13,cve_2026_to_now,2026-08-14T08:12:08+00:00
CVE-2026-14164,updated,2026-08-13,cve_2026_to_now,2026-08-14T08:12:08+00:00
CVE-2026-14182,updated,,cve_2026_to_now,2026-08-14T08:12:08+00:00
CVE-2026-14213,updated,,cve_2026_to_now,2026-08-14T08:12:08+00:00
CVE-2026-14256,added,,cve_2026_to_now,2026-08-14T08:12:08+00:00
CVE-2026-14290,added,,cve_2026_to_now,2026-08-14T08:12:08+00:00
CVE-2026-14298,added,,cve_2026_to_now,2026-08-14T08:12:08+00:00
CVE-2026-14332,added,,cve_2026_to_now,2026-08-14T08:12:08+00:00
CVE-2026-14456,added,,cve_2026_to_now,2026-08-14T08:12:08+00:00
CVE-2026-14525,added,,cve_2026_to_now,2026-08-14T08:12:08+00:00
CVE-2026-14662,added,2026-08-14,cve_2026_to_now,2026-08-14T08:12:08+00:00
CVE-2026-14663,added,,cve_2026_to_now,2026-08-14T08:12:08+00:00
CVE-2026-14664,added,2026-08-14,cve_2026_to_now,2026-08-14T08:12:08+00:00
CVE-2026-14666,added,,cve_2026_to_now,2026-08-14T08:12:08+00:00
CVE-2026-14668,added,,cve_2026_to_now,2026-08-14T08:12:08+00:00
CVE-2026-14669,added,2026-08-14,cve_2026_to_now,2026-08-14T08:12:08+00:00
CVE-2026-14670,added,2026-08-14,cve_2026_to_now,2026-08-14T08:12:08+00:00
CVE-2026-14671,added,2026-08-14,cve_2026_to_now,2026-08-14T08:12:08+00:00
CVE-2026-14672,added,,cve_2026_to_now,2026-08-14T08:12:08+00:00
CVE-2026-14673,added,,cve_2026_to_now,2026-08-14T08:12:08+00:00
CVE-2026-14676,added,,cve_2026_to_now,2026-08-14T08:12:08+00:00
CVE-2026-14677,added,2026-08-14,cve_2026_to_now,2026-08-14T08:12:08+00:00
CVE-2026-14678,added,,cve_2026_to_now,2026-08-14T08:12:08+00:00
CVE-2026-14679,added,,cve_2026_to_now,2026-08-14T08:12:08+00:00
CVE-2026-14680,added,2026-08-14,cve_2026_to_now,2026-08-14T08:12:08+00:00
CVE-2026-14681,added,,cve_2026_to_now,2026-08-14T08:12:08+00:00
CVE-2026-14857,updated,2026-08-13,cve_2026_to_now,2026-08-14T08:12:08+00:00
CVE-2026-14863,updated,2026-08-13,cve_2026_to_now,2026-08-14T08:12:08+00:00
CVE-2026-14866,updated,2026-08-13,cve_2026_to_now,2026-08-14T08:12:08+00:00
CVE-2026-14875,added,,cve_2026_to_now,2026-08-14T08:12:08+00:00
CVE-2026-15141,updated,2026-08-13,cve_2026_to_now,2026-08-14T08:12:08+00:00
CVE-2026-15205,added,,cve_2026_to_now,2026-08-14T08:12:08+00:00
CVE-2026-15216,updated,2026-08-13,cve_2026_to_now,2026-08-14T08:12:08+00:00
CVE-2026-15217,updated,2026-08-13,cve_2026_to_now,2026-08-14T08:12:08+00:00
CVE-2026-15413,added,,cve_2026_to_now,2026-08-14T08:12:08+00:00
CVE-2026-15423,updated,2026-08-13,cve_2026_to_now,2026-08-14T08:12:08+00:00
CVE-2026-15560,updated,2026-08-13,cve_2026_to_now,2026-08-14T08:12:08+00:00
CVE-2026-15562,updated,2026-08-13,cve_2026_to_now,2026-08-14T08:12:08+00:00
CVE-2026-15563,updated,2026-08-13,cve_2026_to_now,2026-08-14T08:12:08+00:00
CVE-2026-15741,added,2026-08-14,cve_2026_to_now,2026-08-14T08:12:08+00:00
CVE-2026-15742,added,2026-08-14,cve_2026_to_now,2026-08-14T08:12:08+00:00
CVE-2026-15803,updated,2026-08-13,cve_2026_to_now,2026-08-14T08:12:08+00:00
CVE-2026-15816,updated,2026-08-13,cve_2026_to_now,2026-08-14T08:12:08+00:00
CVE-2026-15994,added,,cve_2026_to_now,2026-08-14T08:12:08+00:00
CVE-2026-16033,updated,2026-08-13,cve_2026_to_now,2026-08-14T08:12:08+00:00
CVE-2026-16101,added,,cve_2026_to_now,2026-08-14T08:12:08+00:00
CVE-2026-16238,added,2026-08-14,cve_2026_to_now,2026-08-14T08:12:08+00:00
CVE-2026-16239,added,2026-08-14,cve_2026_to_now,2026-08-14T08:12:08+00:00
CVE-2026-16241,added,,cve_2026_to_now,2026-08-14T08:12:08+00:00
CVE-2026-16455,added,,cve_2026_to_now,2026-08-14T08:12:08+00:00
CVE-2026-16458,added,,cve_2026_to_now,2026-08-14T08:12:08+00:00
CVE-2026-16459,added,,cve_2026_to_now,2026-08-14T08:12:08+00:00
CVE-2026-16480,updated,2026-08-13,cve_2026_to_now,2026-08-14T08:12:08+00:00
CVE-2026-16494,updated,2026-08-13,cve_2026_to_now,2026-08-14T08:12:08+00:00
CVE-2026-16674,added,,cve_2026_to_now,2026-08-14T08:12:08+00:00
CVE-2026-16692,added,,cve_2026_to_now,2026-08-14T08:12:08+00:00
CVE-2026-16695,updated,2026-08-13,cve_2026_to_now,2026-08-14T08:12:08+00:00
CVE-2026-16713,added,,cve_2026_to_now,2026-08-14T08:12:08+00:00
CVE-2026-16722,added,,cve_2026_to_now,2026-08-14T08:12:08+00:00
CVE-2026-16730,updated,2026-08-14,cve_2026_to_now,2026-08-14T08:12:08+00:00
CVE-2026-16739,added,,cve_2026_to_now,2026-08-14T08:12:08+00:00
CVE-2026-16770,updated,2026-08-13,cve_2026_to_now,2026-08-14T08:12:08+00:00
CVE-2026-16810,added,,cve_2026_to_now,2026-08-14T08:12:08+00:00
CVE-2026-16815,added,,cve_2026_to_now,2026-08-14T08:12:08+00:00
CVE-2026-16853,added,,cve_2026_to_now,2026-08-14T08:12:08+00:00
CVE-2026-16859,added,,cve_2026_to_now,2026-08-14T08:12:08+00:00
CVE-2026-16861,added,,cve_2026_to_now,2026-08-14T08:12:08+00:00
CVE-2026-16867,added,,cve_2026_to_now,2026-08-14T08:12:08+00:00
CVE-2026-16868,added,,cve_2026_to_now,2026-08-14T08:12:08+00:00
CVE-2026-16871,added,,cve_2026_to_now,2026-08-14T08:12:08+00:00
CVE-2026-16878,added,,cve_2026_to_now,2026-08-14T08:12:08+00:00
CVE-2026-16887,added,,cve_2026_to_now,2026-08-14T08:12:08+00:00
CVE-2026-16896,added,,cve_2026_to_now,2026-08-14T08:12:08+00:00
CVE-2026-16898,added,,cve_2026_to_now,2026-08-14T08:12:08+00:00
CVE-2026-16908,added,,cve_2026_to_now,2026-08-14T08:12:08+00:00
CVE-2026-16929,added,,cve_2026_to_now,2026-08-14T08:12:08+00:00
CVE-2026-16961,added,,cve_2026_to_now,2026-08-14T08:12:08+00:00
CVE-2026-16967,added,2026-08-14,cve_2026_to_now,2026-08-14T08:12:08+00:00
CVE-2026-16975,added,2026-08-14,cve_2026_to_now,2026-08-14T08:12:08+00:00
CVE-2026-16982,added,,cve_2026_to_now,2026-08-14T08:12:08+00:00
CVE-2026-16987,added,2026-08-14,cve_2026_to_now,2026-08-14T08:12:08+00:00
CVE-2026-17004,added,,cve_2026_to_now,2026-08-14T08:12:08+00:00
CVE-2026-17020,updated,2026-08-13,cve_2026_to_now,2026-08-14T08:12:08+00:00
CVE-2026-17021,updated,2026-08-13,cve_2026_to_now,2026-08-14T08:12:08+00:00
CVE-2026-17022,updated,2026-08-13,cve_2026_to_now,2026-08-14T08:12:08+00:00
CVE-2026-17029,added,2026-08-14,cve_2026_to_now,2026-08-14T08:12:08+00:00
CVE-2026-17043,added,,cve_2026_to_now,2026-08-14T08:12:08+00:00
CVE-2026-17045,added,,cve_2026_to_now,2026-08-14T08:12:08+00:00
CVE-2026-17069,added,2026-08-14,cve_2026_to_now,2026-08-14T08:12:08+00:00
CVE-2026-17071,added,,cve_2026_to_now,2026-08-14T08:12:08+00:00
CVE-2026-17074,added,,cve_2026_to_now,2026-08-14T08:12:08+00:00
CVE-2026-17075,added,,cve_2026_to_now,2026-08-14T08:12:08+00:00
CVE-2026-17076,added,,cve_2026_to_now,2026-08-14T08:12:08+00:00
CVE-2026-17077,added,,cve_2026_to_now,2026-08-14T08:12:08+00:00
CVE-2026-17078,added,,cve_2026_to_now,2026-08-14T08:12:08+00:00
CVE-2026-17082,updated,2026-08-13,cve_2026_to_now,2026-08-14T08:12:08+00:00
CVE-2026-17083,updated,2026-08-13,cve_2026_to_now,2026-08-14T08:12:08+00:00
CVE-2026-17088,added,,cve_2026_to_now,2026-08-14T08:12:08+00:00
CVE-2026-17095,updated,2026-08-13,cve_2026_to_now,2026-08-14T08:12:08+00:00
CVE-2026-17099,added,,cve_2026_to_now,2026-08-14T08:12:08+00:00
CVE-2026-17101,added,2026-08-14,cve_2026_to_now,2026-08-14T08:12:08+00:00
CVE-2026-17107,updated,2026-08-13,cve_2026_to_now,2026-08-14T08:12:08+00:00
CVE-2026-17197,added,2026-08-14,cve_2026_to_now,2026-08-14T08:12:08+00:00
CVE-2026-17199,added,,cve_2026_to_now,2026-08-14T08:12:08+00:00
CVE-2026-17206,added,2026-08-14,cve_2026_to_now,2026-08-14T08:12:08+00:00
CVE-2026-17212,added,,cve_2026_to_now,2026-08-14T08:12:08+00:00
CVE-2026-17216,added,,cve_2026_to_now,2026-08-14T08:12:08+00:00
CVE-2026-17220,added,,cve_2026_to_now,2026-08-14T08:12:08+00:00
CVE-2026-17223,added,2026-08-14,cve_2026_to_now,2026-08-14T08:12:08+00:00
CVE-2026-17226,added,,cve_2026_to_now,2026-08-14T08:12:08+00:00
CVE-2026-17229,added,,cve_2026_to_now,2026-08-14T08:12:08+00:00
CVE-2026-17272,added,,cve_2026_to_now,2026-08-14T08:12:08+00:00
CVE-2026-17417,updated,2026-08-13,cve_2026_to_now,2026-08-14T08:12:08+00:00
CVE-2026-17431,updated,2026-08-13,cve_2026_to_now,2026-08-14T08:12:08+00:00
CVE-2026-17438,added,,cve_2026_to_now,2026-08-14T08:12:08+00:00
CVE-2026-17468,added,,cve_2026_to_now,2026-08-14T08:12:08+00:00
CVE-2026-17473,added,,cve_2026_to_now,2026-08-14T08:12:08+00:00
CVE-2026-17476,added,,cve_2026_to_now,2026-08-14T08:12:08+00:00
CVE-2026-17481,added,,cve_2026_to_now,2026-08-14T08:12:08+00:00
CVE-2026-17482,added,,cve_2026_to_now,2026-08-14T08:12:08+00:00
CVE-2026-17502,added,,cve_2026_to_now,2026-08-14T08:12:08+00:00
CVE-2026-17613,updated,2026-08-13,cve_2026_to_now,2026-08-14T08:12:08+00:00
CVE-2026-17642,updated,2026-08-13,cve_2026_to_now,2026-08-14T08:12:08+00:00
CVE-2026-17649,added,,cve_2026_to_now,2026-08-14T08:12:08+00:00
CVE-2026-18020,added,,cve_2026_to_now,2026-08-14T08:12:08+00:00
CVE-2026-18024,added,,cve_2026_to_now,2026-08-14T08:12:08+00:00
CVE-2026-18039,added,,cve_2026_to_now,2026-08-14T08:12:08+00:00
CVE-2026-18068,added,,cve_2026_to_now,2026-08-14T08:12:08+00:00
CVE-2026-18071,added,2026-08-14,cve_2026_to_now,2026-08-14T08:12:08+00:00
CVE-2026-18077,added,,cve_2026_to_now,2026-08-14T08:12:08+00:00
CVE-2026-18086,added,,cve_2026_to_now,2026-08-14T08:12:08+00:00
CVE-2026-18096,updated,2026-08-13,cve_2026_to_now,2026-08-14T08:12:08+00:00
CVE-2026-18101,added,,cve_2026_to_now,2026-08-14T08:12:08+00:00
CVE-2026-18109,added,,cve_2026_to_now,2026-08-14T08:12:08+00:00
CVE-2026-18146,updated,,cve_2026_to_now,2026-08-14T08:12:08+00:00
CVE-2026-18148,updated,2026-08-13,cve_2026_to_now,2026-08-14T08:12:08+00:00
CVE-2026-18164,added,,cve_2026_to_now,2026-08-14T08:12:08+00:00
CVE-2026-18193,added,,cve_2026_to_now,2026-08-14T08:12:08+00:00
CVE-2026-18244,updated,2026-08-13,cve_2026_to_now,2026-08-14T08:12:08+00:00
CVE-2026-18246,updated,2026-08-13,cve_2026_to_now,2026-08-14T08:12:08+00:00
CVE-2026-18249,added,,cve_2026_to_now,2026-08-14T08:12:08+00:00
CVE-2026-18358,updated,2026-08-13,cve_2026_to_now,2026-08-14T08:12:08+00:00
CVE-2026-18368,added,,cve_2026_to_now,2026-08-14T08:12:08+00:00
CVE-2026-18408,added,2026-08-14,cve_2026_to_now,2026-08-14T08:12:08+00:00
CVE-2026-18428,added,,cve_2026_to_now,2026-08-14T08:12:08+00:00
CVE-2026-18433,updated,2026-08-13,cve_2026_to_now,2026-08-14T08:12:08+00:00
CVE-2026-18509,added,,cve_2026_to_now,2026-08-14T08:12:08+00:00
CVE-2026-18511,added,,cve_2026_to_now,2026-08-14T08:12:08+00:00
CVE-2026-18622,updated,,cve_2026_to_now,2026-08-14T08:12:08+00:00
CVE-2026-18663,updated,2026-08-13,cve_2026_to_now,2026-08-14T08:12:08+00:00
CVE-2026-18671,added,,cve_2026_to_now,2026-08-14T08:12:08+00:00
CVE-2026-18673,updated,2026-08-13,cve_2026_to_now,2026-08-14T08:12:08+00:00
CVE-2026-18675,updated,2026-08-13,cve_2026_to_now,2026-08-14T08:12:08+00:00
CVE-2026-18676,updated,2026-08-13,cve_2026_to_now,2026-08-14T08:12:08+00:00
CVE-2026-18677,updated,2026-08-13,cve_2026_to_now,2026-08-14T08:12:08+00:00
CVE-2026-18678,updated,2026-08-13,cve_2026_to_now,2026-08-14T08:12:08+00:00
CVE-2026-18679,updated,2026-08-13,cve_2026_to_now,2026-08-14T08:12:08+00:00
CVE-2026-18715,added,,cve_2026_to_now,2026-08-14T08:12:08+00:00
CVE-2026-18726,updated,2026-08-13,cve_2026_to_now,2026-08-14T08:12:08+00:00
CVE-2026-18727,updated,2026-08-13,cve_2026_to_now,2026-08-14T08:12:08+00:00
CVE-2026-18741,added,,cve_2026_to_now,2026-08-14T08:12:08+00:00
CVE-2026-18744,updated,2026-08-13,cve_2026_to_now,2026-08-14T08:12:08+00:00
CVE-2026-18749,updated,2026-08-13,cve_2026_to_now,2026-08-14T08:12:08+00:00
CVE-2026-18750,updated,2026-08-13,cve_2026_to_now,2026-08-14T08:12:08+00:00
CVE-2026-18846,added,,cve_2026_to_now,2026-08-14T08:12:08+00:00
CVE-2026-18888,updated,2026-08-13,cve_2026_to_now,2026-08-14T08:12:08+00:00
CVE-2026-18945,updated,,cve_2026_to_now,2026-08-14T08:12:08+00:00
CVE-2026-18952,updated,2026-08-13,cve_2026_to_now,2026-08-14T08:12:08+00:00
CVE-2026-19001,updated,2026-08-13,cve_2026_to_now,2026-08-14T08:12:08+00:00
CVE-2026-19002,updated,2026-08-13,cve_2026_to_now,2026-08-14T08:12:08+00:00
CVE-2026-19003,updated,2026-08-13,cve_2026_to_now,2026-08-14T08:12:08+00:00
CVE-2026-19004,updated,2026-08-13,cve_2026_to_now,2026-08-14T08:12:08+00:00
CVE-2026-19088,updated,,cve_2026_to_now,2026-08-14T08:12:08+00:00
CVE-2026-19091,updated,2026-08-13,cve_2026_to_now,2026-08-14T08:12:08+00:00
CVE-2026-19135,updated,,cve_2026_to_now,2026-08-14T08:12:08+00:00
CVE-2026-19182,updated,,cve_2026_to_now,2026-08-14T08:12:08+00:00
CVE-2026-19228,updated,2026-08-13,cve_2026_to_now,2026-08-14T08:12:08+00:00
CVE-2026-19291,added,,cve_2026_to_now,2026-08-14T08:12:08+00:00
CVE-2026-19292,added,,cve_2026_to_now,2026-08-14T08:12:08+00:00
CVE-2026-19293,added,,cve_2026_to_now,2026-08-14T08:12:08+00:00
CVE-2026-19297,added,,cve_2026_to_now,2026-08-14T08:12:08+00:00
CVE-2026-19311,updated,2026-08-13,cve_2026_to_now,2026-08-14T08:12:08+00:00
CVE-2026-19335,updated,2026-08-13,cve_2026_to_now,2026-08-14T08:12:08+00:00
CVE-2026-19340,updated,2026-08-13,cve_2026_to_now,2026-08-14T08:12:08+00:00
CVE-2026-19351,updated,2026-08-13,cve_2026_to_now,2026-08-14T08:12:08+00:00
CVE-2026-19356,updated,2026-08-13,cve_2026_to_now,2026-08-14T08:12:08+00:00
CVE-2026-19361,updated,2026-08-13,cve_2026_to_now,2026-08-14T08:12:08+00:00
CVE-2026-19366,updated,2026-08-13,cve_2026_to_now,2026-08-14T08:12:08+00:00
CVE-2026-19371,updated,2026-08-13,cve_2026_to_now,2026-08-14T08:12:08+00:00
CVE-2026-19376,updated,2026-08-13,cve_2026_to_now,2026-08-14T08:12:08+00:00
CVE-2026-19382,updated,2026-08-13,cve_2026_to_now,2026-08-14T08:12:08+00:00
CVE-2026-19385,added,2026-08-14,cve_2026_to_now,2026-08-14T08:12:08+00:00
CVE-2026-19429,removed,,cve_2026_to_now,2026-08-14T08:12:08+00:00
CVE-2026-19481,added,,cve_2026_to_now,2026-08-14T08:12:08+00:00
CVE-2026-19483,added,,cve_2026_to_now,2026-08-14T08:12:08+00:00
CVE-2026-19484,added,,cve_2026_to_now,2026-08-14T08:12:08+00:00
CVE-2026-19487,added,,cve_2026_to_now,2026-08-14T08:12:08+00:00
CVE-2026-19502,updated,2026-08-13,cve_2026_to_now,2026-08-14T08:12:08+00:00
CVE-2026-19503,updated,2026-08-13,cve_2026_to_now,2026-08-14T08:12:08+00:00
CVE-2026-19617,added,,cve_2026_to_now,2026-08-14T08:12:08+00:00
CVE-2026-19642,updated,2026-08-13,cve_2026_to_now,2026-08-14T08:12:08+00:00
CVE-2026-19643,updated,2026-08-13,cve_2026_to_now,2026-08-14T08:12:08+00:00
CVE-2026-19654,updated,2026-08-13,cve_2026_to_now,2026-08-14T08:12:08+00:00
CVE-2026-19694,added,,cve_2026_to_now,2026-08-14T08:12:08+00:00
CVE-2026-19695,added,,cve_2026_to_now,2026-08-14T08:12:08+00:00
CVE-2026-19696,added,,cve_2026_to_now,2026-08-14T08:12:08+00:00
CVE-2026-19710,added,,cve_2026_to_now,2026-08-14T08:12:08+00:00
CVE-2026-19716,added,,cve_2026_to_now,2026-08-14T08:12:08+00:00
CVE-2026-19730,added,,cve_2026_to_now,2026-08-14T08:12:08+00:00
CVE-2026-19734,added,,cve_2026_to_now,2026-08-14T08:12:08+00:00
CVE-2026-19744,added,,cve_2026_to_now,2026-08-14T08:12:08+00:00
CVE-2026-19745,added,,cve_2026_to_now,2026-08-14T08:12:08+00:00
CVE-2026-19746,added,,cve_2026_to_now,2026-08-14T08:12:08+00:00
CVE-2026-19747,added,,cve_2026_to_now,2026-08-14T08:12:08+00:00
CVE-2026-19748,added,,cve_2026_to_now,2026-08-14T08:12:08+00:00
CVE-2026-19749,added,,cve_2026_to_now,2026-08-14T08:12:08+00:00
CVE-2026-19750,added,,cve_2026_to_now,2026-08-14T08:12:08+00:00
CVE-2026-19751,added,,cve_2026_to_now,2026-08-14T08:12:08+00:00
CVE-2026-19752,added,,cve_2026_to_now,2026-08-14T08:12:08+00:00
CVE-2026-19753,added,,cve_2026_to_now,2026-08-14T08:12:08+00:00
CVE-2026-19756,added,,cve_2026_to_now,2026-08-14T08:12:08+00:00
CVE-2026-19757,added,,cve_2026_to_now,2026-08-14T08:12:08+00:00
CVE-2026-19758,added,,cve_2026_to_now,2026-08-14T08:12:08+00:00
CVE-2026-19761,added,,cve_2026_to_now,2026-08-14T08:12:08+00:00
CVE-2026-19762,added,,cve_2026_to_now,2026-08-14T08:12:08+00:00
CVE-2026-19763,added,,cve_2026_to_now,2026-08-14T08:12:08+00:00
CVE-2026-19764,added,,cve_2026_to_now,2026-08-14T08:12:08+00:00
CVE-2026-19765,added,,cve_2026_to_now,2026-08-14T08:12:08+00:00
CVE-2026-19767,added,,cve_2026_to_now,2026-08-14T08:12:08+00:00
CVE-2026-19770,added,,cve_2026_to_now,2026-08-14T08:12:08+00:00
CVE-2026-19771,added,,cve_2026_to_now,2026-08-14T08:12:08+00:00
CVE-2026-19784,added,,cve_2026_to_now,2026-08-14T08:12:08+00:00
CVE-2026-19785,added,,cve_2026_to_now,2026-08-14T08:12:08+00:00
CVE-2026-19786,added,,cve_2026_to_now,2026-08-14T08:12:08+00:00
CVE-2026-19787,added,,cve_2026_to_now,2026-08-14T08:12:08+00:00
CVE-2026-19788,added,,cve_2026_to_now,2026-08-14T08:12:08+00:00
CVE-2026-19789,added,,cve_2026_to_now,2026-08-14T08:12:08+00:00
CVE-2026-19790,added,,cve_2026_to_now,2026-08-14T08:12:08+00:00
CVE-2026-19791,added,,cve_2026_to_now,2026-08-14T08:12:08+00:00
CVE-2026-19792,added,,cve_2026_to_now,2026-08-14T08:12:08+00:00
CVE-2026-19794,added,,cve_2026_to_now,2026-08-14T08:12:08+00:00
CVE-2026-19811,added,,cve_2026_to_now,2026-08-14T08:12:08+00:00
CVE-2026-19812,added,,cve_2026_to_now,2026-08-14T08:12:08+00:00
CVE-2026-20131,updated,2026-08-14,cve_2026_to_now,2026-08-14T08:12:08+00:00
CVE-2026-21441,updated,2026-08-13,cve_2026_to_now,2026-08-14T08:12:08+00:00
CVE-2026-21728,updated,2026-08-13,cve_2026_to_now,2026-08-14T08:12:08+00:00
CVE-2026-21832,added,,cve_2026_to_now,2026-08-14T08:12:08+00:00
CVE-2026-22029,updated,2026-08-13,cve_2026_to_now,2026-08-14T08:12:08+00:00
CVE-2026-23603,added,,cve_2026_to_now,2026-08-14T08:12:08+00:00
CVE-2026-24059,added,,cve_2026_to_now,2026-08-14T08:12:08+00:00
CVE-2026-24791,added,,cve_2026_to_now,2026-08-14T08:12:08+00:00
CVE-2026-25639,updated,2026-08-13,cve_2026_to_now,2026-08-14T08:12:08+00:00
CVE-2026-25679,updated,2026-08-13,cve_2026_to_now,2026-08-14T08:12:08+00:00
CVE-2026-26142,updated,2026-08-13,cve_2026_to_now,2026-08-14T08:12:08+00:00
CVE-2026-27137,updated,2026-08-13,cve_2026_to_now,2026-08-14T08:12:08+00:00
CVE-2026-27145,updated,2026-08-13,cve_2026_to_now,2026-08-14T08:12:08+00:00
CVE-2026-27302,updated,2026-08-13,cve_2026_to_now,2026-08-14T08:12:08+00:00
CVE-2026-27345,added,,cve_2026_to_now,2026-08-14T08:12:08+00:00
CVE-2026-27380,added,,cve_2026_to_now,2026-08-14T08:12:08+00:00
CVE-2026-27535,added,,cve_2026_to_now,2026-08-14T08:12:08+00:00
CVE-2026-27536,added,,cve_2026_to_now,2026-08-14T08:12:08+00:00
CVE-2026-27537,added,,cve_2026_to_now,2026-08-14T08:12:08+00:00
CVE-2026-27538,added,,cve_2026_to_now,2026-08-14T08:12:08+00:00
CVE-2026-27539,added,,cve_2026_to_now,2026-08-14T08:12:08+00:00
CVE-2026-27543,added,,cve_2026_to_now,2026-08-14T08:12:08+00:00
CVE-2026-27544,added,,cve_2026_to_now,2026-08-14T08:12:08+00:00
CVE-2026-27999,added,,cve_2026_to_now,2026-08-14T08:12:08+00:00
CVE-2026-28001,added,,cve_2026_to_now,2026-08-14T08:12:08+00:00
CVE-2026-28002,added,,cve_2026_to_now,2026-08-14T08:12:08+00:00
CVE-2026-28003,added,,cve_2026_to_now,2026-08-14T08:12:08+00:00
CVE-2026-28004,added,,cve_2026_to_now,2026-08-14T08:12:08+00:00
CVE-2026-28008,added,,cve_2026_to_now,2026-08-14T08:12:08+00:00
CVE-2026-28142,added,,cve_2026_to_now,2026-08-14T08:12:08+00:00
CVE-2026-28148,added,,cve_2026_to_now,2026-08-14T08:12:08+00:00
CVE-2026-28149,added,,cve_2026_to_now,2026-08-14T08:12:08+00:00
CVE-2026-28154,added,,cve_2026_to_now,2026-08-14T08:12:08+00:00
CVE-2026-28155,added,,cve_2026_to_now,2026-08-14T08:12:08+00:00
CVE-2026-28156,added,,cve_2026_to_now,2026-08-14T08:12:08+00:00
CVE-2026-28157,added,,cve_2026_to_now,2026-08-14T08:12:08+00:00
CVE-2026-28158,added,,cve_2026_to_now,2026-08-14T08:12:08+00:00
CVE-2026-28159,added,,cve_2026_to_now,2026-08-14T08:12:08+00:00
CVE-2026-28161,added,,cve_2026_to_now,2026-08-14T08:12:08+00:00
CVE-2026-28168,added,,cve_2026_to_now,2026-08-14T08:12:08+00:00
CVE-2026-28170,added,,cve_2026_to_now,2026-08-14T08:12:08+00:00
CVE-2026-28173,added,,cve_2026_to_now,2026-08-14T08:12:08+00:00
CVE-2026-28174,added,,cve_2026_to_now,2026-08-14T08:12:08+00:00
CVE-2026-28175,added,,cve_2026_to_now,2026-08-14T08:12:08+00:00
CVE-2026-28176,added,,cve_2026_to_now,2026-08-14T08:12:08+00:00
CVE-2026-28181,added,,cve_2026_to_now,2026-08-14T08:12:08+00:00
CVE-2026-28182,added,,cve_2026_to_now,2026-08-14T08:12:08+00:00
CVE-2026-28185,added,,cve_2026_to_now,2026-08-14T08:12:08+00:00
CVE-2026-28186,added,,cve_2026_to_now,2026-08-14T08:12:08+00:00
CVE-2026-28187,added,,cve_2026_to_now,2026-08-14T08:12:08+00:00
CVE-2026-28188,added,,cve_2026_to_now,2026-08-14T08:12:08+00:00
CVE-2026-28189,added,,cve_2026_to_now,2026-08-14T08:12:08+00:00
CVE-2026-29036,updated,2026-08-13,cve_2026_to_now,2026-08-14T08:12:08+00:00
CVE-2026-29063,updated,2026-08-13,cve_2026_to_now,2026-08-14T08:12:08+00:00
CVE-2026-32174,updated,2026-08-13,cve_2026_to_now,2026-08-14T08:12:08+00:00
CVE-2026-32193,updated,2026-08-13,cve_2026_to_now,2026-08-14T08:12:08+00:00
CVE-2026-32208,updated,2026-08-13,cve_2026_to_now,2026-08-14T08:12:08+00:00
CVE-2026-32280,updated,2026-08-13,cve_2026_to_now,2026-08-14T08:12:08+00:00
CVE-2026-32283,updated,2026-08-13,cve_2026_to_now,2026-08-14T08:12:08+00:00
CVE-2026-32286,updated,2026-08-13,cve_2026_to_now,2026-08-14T08:12:08+00:00
CVE-2026-33113,updated,2026-08-13,cve_2026_to_now,2026-08-14T08:12:08+00:00
CVE-2026-33186,updated,2026-08-13,cve_2026_to_now,2026-08-14T08:12:08+00:00
CVE-2026-33810,updated,2026-08-13,cve_2026_to_now,2026-08-14T08:12:08+00:00
CVE-2026-33811,updated,2026-08-13,cve_2026_to_now,2026-08-14T08:12:08+00:00
CVE-2026-33814,updated,2026-08-13,cve_2026_to_now,2026-08-14T08:12:08+00:00
CVE-2026-33818,added,,cve_2026_to_now,2026-08-14T08:12:08+00:00
CVE-2026-33828,updated,2026-08-13,cve_2026_to_now,2026-08-14T08:12:08+00:00
CVE-2026-34184,updated,2026-08-13,cve_2026_to_now,2026-08-14T08:12:08+00:00
CVE-2026-34185,updated,2026-08-13,cve_2026_to_now,2026-08-14T08:12:08+00:00
CVE-2026-34335,updated,2026-08-13,cve_2026_to_now,2026-08-14T08:12:08+00:00
CVE-2026-34986,updated,2026-08-13,cve_2026_to_now,2026-08-14T08:12:08+00:00
CVE-2026-35469,updated,2026-08-13,cve_2026_to_now,2026-08-14T08:12:08+00:00
CVE-2026-39820,updated,2026-08-13,cve_2026_to_now,2026-08-14T08:12:08+00:00
CVE-2026-39821,updated,2026-08-13,cve_2026_to_now,2026-08-14T08:12:08+00:00
CVE-2026-39828,updated,2026-08-13,cve_2026_to_now,2026-08-14T08:12:08+00:00
CVE-2026-39829,updated,2026-08-13,cve_2026_to_now,2026-08-14T08:12:08+00:00
CVE-2026-39830,updated,2026-08-13,cve_2026_to_now,2026-08-14T08:12:08+00:00
CVE-2026-39835,updated,2026-08-13,cve_2026_to_now,2026-08-14T08:12:08+00:00
CVE-2026-39852,updated,2026-08-13,cve_2026_to_now,2026-08-14T08:12:08+00:00
CVE-2026-39883,updated,2026-08-13,cve_2026_to_now,2026-08-14T08:12:08+00:00
CVE-2026-40175,updated,2026-08-13,cve_2026_to_now,2026-08-14T08:12:08+00:00
CVE-2026-40371,updated,2026-08-13,cve_2026_to_now,2026-08-14T08:12:08+00:00
CVE-2026-40375,updated,2026-08-13,cve_2026_to_now,2026-08-14T08:12:08+00:00
CVE-2026-40376,updated,2026-08-13,cve_2026_to_now,2026-08-14T08:12:08+00:00
CVE-2026-40404,updated,2026-08-13,cve_2026_to_now,2026-08-14T08:12:08+00:00
CVE-2026-40409,updated,2026-08-13,cve_2026_to_now,2026-08-14T08:12:08+00:00
CVE-2026-40895,updated,2026-08-13,cve_2026_to_now,2026-08-14T08:12:08+00:00
CVE-2026-40983,updated,2026-08-13,cve_2026_to_now,2026-08-14T08:12:08+00:00
CVE-2026-40984,updated,2026-08-13,cve_2026_to_now,2026-08-14T08:12:08+00:00
CVE-2026-41092,updated,2026-08-13,cve_2026_to_now,2026-08-14T08:12:08+00:00
CVE-2026-41098,updated,2026-08-13,cve_2026_to_now,2026-08-14T08:12:08+00:00
CVE-2026-41108,updated,2026-08-13,cve_2026_to_now,2026-08-14T08:12:08+00:00
CVE-2026-41604,updated,2026-08-13,cve_2026_to_now,2026-08-14T08:12:08+00:00
CVE-2026-41605,updated,2026-08-13,cve_2026_to_now,2026-08-14T08:12:08+00:00
CVE-2026-41606,updated,2026-08-13,cve_2026_to_now,2026-08-14T08:12:08+00:00
CVE-2026-41607,updated,2026-08-13,cve_2026_to_now,2026-08-14T08:12:08+00:00
CVE-2026-42018,updated,2026-08-13,cve_2026_to_now,2026-08-14T08:12:08+00:00
CVE-2026-42033,updated,2026-08-13,cve_2026_to_now,2026-08-14T08:12:08+00:00
CVE-2026-42039,updated,2026-08-13,cve_2026_to_now,2026-08-14T08:12:08+00:00
CVE-2026-42041,updated,2026-08-13,cve_2026_to_now,2026-08-14T08:12:08+00:00
CVE-2026-42043,updated,2026-08-13,cve_2026_to_now,2026-08-14T08:12:08+00:00
CVE-2026-42044,updated,2026-08-13,cve_2026_to_now,2026-08-14T08:12:08+00:00
CVE-2026-42151,updated,2026-08-13,cve_2026_to_now,2026-08-14T08:12:08+00:00
CVE-2026-42154,updated,2026-08-13,cve_2026_to_now,2026-08-14T08:12:08+00:00
CVE-2026-42499,updated,2026-08-13,cve_2026_to_now,2026-08-14T08:12:08+00:00
CVE-2026-42504,updated,2026-08-13,cve_2026_to_now,2026-08-14T08:12:08+00:00
CVE-2026-42508,updated,2026-08-13,cve_2026_to_now,2026-08-14T08:12:08+00:00
CVE-2026-42578,updated,2026-08-13,cve_2026_to_now,2026-08-14T08:12:08+00:00
CVE-2026-42579,updated,2026-08-13,cve_2026_to_now,2026-08-14T08:12:08+00:00
CVE-2026-42581,updated,2026-08-13,cve_2026_to_now,2026-08-14T08:12:08+00:00
CVE-2026-42584,updated,2026-08-13,cve_2026_to_now,2026-08-14T08:12:08+00:00
CVE-2026-42587,updated,2026-08-13,cve_2026_to_now,2026-08-14T08:12:08+00:00
CVE-2026-42824,updated,2026-08-13,cve_2026_to_now,2026-08-14T08:12:08+00:00
CVE-2026-42828,updated,2026-08-13,cve_2026_to_now,2026-08-14T08:12:08+00:00
CVE-2026-42829,updated,2026-08-13,cve_2026_to_now,2026-08-14T08:12:08+00:00
CVE-2026-42835,updated,2026-08-13,cve_2026_to_now,2026-08-14T08:12:08+00:00
CVE-2026-42836,updated,2026-08-13,cve_2026_to_now,2026-08-14T08:12:08+00:00
CVE-2026-42837,updated,2026-08-13,cve_2026_to_now,2026-08-14T08:12:08+00:00
CVE-2026-42895,updated,2026-08-13,cve_2026_to_now,2026-08-14T08:12:08+00:00
CVE-2026-42902,updated,2026-08-13,cve_2026_to_now,2026-08-14T08:12:08+00:00
CVE-2026-42903,updated,2026-08-13,cve_2026_to_now,2026-08-14T08:12:08+00:00
CVE-2026-42904,updated,2026-08-13,cve_2026_to_now,2026-08-14T08:12:08+00:00
CVE-2026-42905,updated,2026-08-13,cve_2026_to_now,2026-08-14T08:12:08+00:00
CVE-2026-42906,updated,2026-08-13,cve_2026_to_now,2026-08-14T08:12:08+00:00
CVE-2026-42907,updated,2026-08-13,cve_2026_to_now,2026-08-14T08:12:08+00:00
CVE-2026-42908,updated,2026-08-13,cve_2026_to_now,2026-08-14T08:12:08+00:00
CVE-2026-42909,updated,2026-08-13,cve_2026_to_now,2026-08-14T08:12:08+00:00
CVE-2026-42910,updated,2026-08-13,cve_2026_to_now,2026-08-14T08:12:08+00:00
CVE-2026-42911,updated,2026-08-13,cve_2026_to_now,2026-08-14T08:12:08+00:00
CVE-2026-42912,updated,2026-08-13,cve_2026_to_now,2026-08-14T08:12:08+00:00
CVE-2026-42913,updated,2026-08-13,cve_2026_to_now,2026-08-14T08:12:08+00:00
CVE-2026-42914,updated,2026-08-13,cve_2026_to_now,2026-08-14T08:12:08+00:00
CVE-2026-42915,updated,2026-08-13,cve_2026_to_now,2026-08-14T08:12:08+00:00
CVE-2026-42916,updated,2026-08-13,cve_2026_to_now,2026-08-14T08:12:08+00:00
CVE-2026-42931,added,,cve_2026_to_now,2026-08-14T08:12:08+00:00
CVE-2026-42968,updated,2026-08-13,cve_2026_to_now,2026-08-14T08:12:08+00:00
CVE-2026-42969,updated,2026-08-13,cve_2026_to_now,2026-08-14T08:12:08+00:00
CVE-2026-42970,updated,2026-08-13,cve_2026_to_now,2026-08-14T08:12:08+00:00
CVE-2026-42971,updated,2026-08-13,cve_2026_to_now,2026-08-14T08:12:08+00:00
CVE-2026-42972,updated,2026-08-13,cve_2026_to_now,2026-08-14T08:12:08+00:00
CVE-2026-42973,updated,2026-08-13,cve_2026_to_now,2026-08-14T08:12:08+00:00
CVE-2026-42974,updated,2026-08-13,cve_2026_to_now,2026-08-14T08:12:08+00:00
CVE-2026-42976,updated,2026-08-13,cve_2026_to_now,2026-08-14T08:12:08+00:00
CVE-2026-42977,updated,2026-08-13,cve_2026_to_now,2026-08-14T08:12:08+00:00
CVE-2026-42978,updated,2026-08-13,cve_2026_to_now,2026-08-14T08:12:08+00:00
CVE-2026-42979,updated,2026-08-13,cve_2026_to_now,2026-08-14T08:12:08+00:00
CVE-2026-42980,updated,2026-08-13,cve_2026_to_now,2026-08-14T08:12:08+00:00
CVE-2026-42981,updated,2026-08-13,cve_2026_to_now,2026-08-14T08:12:08+00:00
CVE-2026-42983,updated,2026-08-13,cve_2026_to_now,2026-08-14T08:12:08+00:00
CVE-2026-42984,updated,2026-08-13,cve_2026_to_now,2026-08-14T08:12:08+00:00
CVE-2026-42985,updated,2026-08-13,cve_2026_to_now,2026-08-14T08:12:08+00:00
CVE-2026-42986,updated,2026-08-13,cve_2026_to_now,2026-08-14T08:12:08+00:00
CVE-2026-42987,updated,2026-08-13,cve_2026_to_now,2026-08-14T08:12:08+00:00
CVE-2026-42989,updated,2026-08-13,cve_2026_to_now,2026-08-14T08:12:08+00:00
CVE-2026-42991,updated,2026-08-13,cve_2026_to_now,2026-08-14T08:12:08+00:00
CVE-2026-42992,updated,2026-08-13,cve_2026_to_now,2026-08-14T08:12:08+00:00
CVE-2026-42993,updated,2026-08-13,cve_2026_to_now,2026-08-14T08:12:08+00:00
CVE-2026-44185,updated,2026-08-13,cve_2026_to_now,2026-08-14T08:12:08+00:00
CVE-2026-44249,updated,2026-08-13,cve_2026_to_now,2026-08-14T08:12:08+00:00
CVE-2026-44486,updated,2026-08-13,cve_2026_to_now,2026-08-14T08:12:08+00:00
CVE-2026-44487,updated,2026-08-13,cve_2026_to_now,2026-08-14T08:12:08+00:00
CVE-2026-44488,updated,2026-08-13,cve_2026_to_now,2026-08-14T08:12:08+00:00
CVE-2026-44492,updated,2026-08-13,cve_2026_to_now,2026-08-14T08:12:08+00:00
CVE-2026-44494,updated,2026-08-13,cve_2026_to_now,2026-08-14T08:12:08+00:00
CVE-2026-44495,updated,2026-08-13,cve_2026_to_now,2026-08-14T08:12:08+00:00
CVE-2026-44496,updated,2026-08-13,cve_2026_to_now,2026-08-14T08:12:08+00:00
CVE-2026-44573,updated,2026-08-13,cve_2026_to_now,2026-08-14T08:12:08+00:00
CVE-2026-44574,updated,2026-08-13,cve_2026_to_now,2026-08-14T08:12:08+00:00
CVE-2026-44575,updated,2026-08-13,cve_2026_to_now,2026-08-14T08:12:08+00:00
CVE-2026-44577,updated,2026-08-13,cve_2026_to_now,2026-08-14T08:12:08+00:00
CVE-2026-44578,updated,2026-08-13,cve_2026_to_now,2026-08-14T08:12:08+00:00
CVE-2026-44579,updated,2026-08-13,cve_2026_to_now,2026-08-14T08:12:08+00:00
CVE-2026-44774,updated,2026-08-13,cve_2026_to_now,2026-08-14T08:12:08+00:00
CVE-2026-44799,updated,2026-08-13,cve_2026_to_now,2026-08-14T08:12:08+00:00
CVE-2026-44801,updated,2026-08-13,cve_2026_to_now,2026-08-14T08:12:08+00:00
CVE-2026-44802,updated,2026-08-13,cve_2026_to_now,2026-08-14T08:12:08+00:00
CVE-2026-44803,updated,2026-08-13,cve_2026_to_now,2026-08-14T08:12:08+00:00
CVE-2026-44804,updated,2026-08-13,cve_2026_to_now,2026-08-14T08:12:08+00:00
CVE-2026-44805,updated,2026-08-13,cve_2026_to_now,2026-08-14T08:12:08+00:00
CVE-2026-44807,updated,2026-08-13,cve_2026_to_now,2026-08-14T08:12:08+00:00
CVE-2026-44808,updated,2026-08-13,cve_2026_to_now,2026-08-14T08:12:08+00:00
CVE-2026-44809,updated,2026-08-13,cve_2026_to_now,2026-08-14T08:12:08+00:00
CVE-2026-44810,updated,2026-08-13,cve_2026_to_now,2026-08-14T08:12:08+00:00
CVE-2026-44811,updated,2026-08-13,cve_2026_to_now,2026-08-14T08:12:08+00:00
CVE-2026-44812,updated,2026-08-13,cve_2026_to_now,2026-08-14T08:12:08+00:00
CVE-2026-44813,updated,2026-08-13,cve_2026_to_now,2026-08-14T08:12:08+00:00
CVE-2026-44814,updated,2026-08-13,cve_2026_to_now,2026-08-14T08:12:08+00:00
CVE-2026-44815,updated,2026-08-13,cve_2026_to_now,2026-08-14T08:12:08+00:00
CVE-2026-44817,updated,2026-08-13,cve_2026_to_now,2026-08-14T08:12:08+00:00
CVE-2026-44818,updated,2026-08-13,cve_2026_to_now,2026-08-14T08:12:08+00:00
CVE-2026-44819,updated,2026-08-13,cve_2026_to_now,2026-08-14T08:12:08+00:00
CVE-2026-44820,updated,2026-08-13,cve_2026_to_now,2026-08-14T08:12:08+00:00
CVE-2026-44821,updated,2026-08-13,cve_2026_to_now,2026-08-14T08:12:08+00:00
CVE-2026-44822,updated,2026-08-13,cve_2026_to_now,2026-08-14T08:12:08+00:00
CVE-2026-44823,updated,2026-08-13,cve_2026_to_now,2026-08-14T08:12:08+00:00
CVE-2026-44824,updated,2026-08-13,cve_2026_to_now,2026-08-14T08:12:08+00:00
CVE-2026-44893,updated,2026-08-13,cve_2026_to_now,2026-08-14T08:12:08+00:00
CVE-2026-44990,updated,2026-08-13,cve_2026_to_now,2026-08-14T08:12:08+00:00
CVE-2026-45109,updated,2026-08-13,cve_2026_to_now,2026-08-14T08:12:08+00:00
CVE-2026-45416,updated,2026-08-13,cve_2026_to_now,2026-08-14T08:12:08+00:00
CVE-2026-45453,updated,2026-08-13,cve_2026_to_now,2026-08-14T08:12:08+00:00
CVE-2026-45454,updated,2026-08-13,cve_2026_to_now,2026-08-14T08:12:08+00:00
CVE-2026-45455,updated,2026-08-13,cve_2026_to_now,2026-08-14T08:12:08+00:00
CVE-2026-45456,updated,2026-08-13,cve_2026_to_now,2026-08-14T08:12:08+00:00
CVE-2026-45457,updated,2026-08-13,cve_2026_to_now,2026-08-14T08:12:08+00:00
CVE-2026-45458,updated,2026-08-13,cve_2026_to_now,2026-08-14T08:12:08+00:00
CVE-2026-45459,updated,2026-08-13,cve_2026_to_now,2026-08-14T08:12:08+00:00
CVE-2026-45460,updated,2026-08-13,cve_2026_to_now,2026-08-14T08:12:08+00:00
CVE-2026-45461,updated,2026-08-13,cve_2026_to_now,2026-08-14T08:12:08+00:00
CVE-2026-45462,updated,2026-08-13,cve_2026_to_now,2026-08-14T08:12:08+00:00
CVE-2026-45463,updated,2026-08-13,cve_2026_to_now,2026-08-14T08:12:08+00:00
CVE-2026-45464,updated,2026-08-13,cve_2026_to_now,2026-08-14T08:12:08+00:00
CVE-2026-45465,updated,2026-08-13,cve_2026_to_now,2026-08-14T08:12:08+00:00
CVE-2026-45466,updated,2026-08-13,cve_2026_to_now,2026-08-14T08:12:08+00:00
CVE-2026-45467,updated,2026-08-13,cve_2026_to_now,2026-08-14T08:12:08+00:00
CVE-2026-45468,updated,2026-08-13,cve_2026_to_now,2026-08-14T08:12:08+00:00
CVE-2026-45469,updated,2026-08-13,cve_2026_to_now,2026-08-14T08:12:08+00:00
CVE-2026-45471,updated,2026-08-13,cve_2026_to_now,2026-08-14T08:12:08+00:00
CVE-2026-45472,updated,2026-08-13,cve_2026_to_now,2026-08-14T08:12:08+00:00
CVE-2026-45474,updated,2026-08-13,cve_2026_to_now,2026-08-14T08:12:08+00:00
CVE-2026-45475,updated,2026-08-13,cve_2026_to_now,2026-08-14T08:12:08+00:00
CVE-2026-45476,updated,2026-08-13,cve_2026_to_now,2026-08-14T08:12:08+00:00
CVE-2026-45479,updated,2026-08-13,cve_2026_to_now,2026-08-14T08:12:08+00:00
CVE-2026-45480,updated,2026-08-13,cve_2026_to_now,2026-08-14T08:12:08+00:00
CVE-2026-45481,updated,2026-08-13,cve_2026_to_now,2026-08-14T08:12:08+00:00
CVE-2026-45482,updated,2026-08-13,cve_2026_to_now,2026-08-14T08:12:08+00:00
CVE-2026-45483,updated,2026-08-13,cve_2026_to_now,2026-08-14T08:12:08+00:00
CVE-2026-45484,updated,2026-08-13,cve_2026_to_now,2026-08-14T08:12:08+00:00
CVE-2026-45485,updated,2026-08-13,cve_2026_to_now,2026-08-14T08:12:08+00:00
CVE-2026-45486,updated,2026-08-13,cve_2026_to_now,2026-08-14T08:12:08+00:00
CVE-2026-45487,updated,2026-08-13,cve_2026_to_now,2026-08-14T08:12:08+00:00
CVE-2026-45490,updated,2026-08-13,cve_2026_to_now,2026-08-14T08:12:08+00:00
CVE-2026-45491,updated,2026-08-13,cve_2026_to_now,2026-08-14T08:12:08+00:00
CVE-2026-45497,updated,2026-08-13,cve_2026_to_now,2026-08-14T08:12:08+00:00
CVE-2026-45500,updated,2026-08-13,cve_2026_to_now,2026-08-14T08:12:08+00:00
CVE-2026-45501,updated,2026-08-13,cve_2026_to_now,2026-08-14T08:12:08+00:00
CVE-2026-45502,updated,2026-08-13,cve_2026_to_now,2026-08-14T08:12:08+00:00
CVE-2026-45503,updated,2026-08-13,cve_2026_to_now,2026-08-14T08:12:08+00:00
CVE-2026-45504,updated,2026-08-13,cve_2026_to_now,2026-08-14T08:12:08+00:00
CVE-2026-45583,updated,2026-08-13,cve_2026_to_now,2026-08-14T08:12:08+00:00
CVE-2026-45586,updated,2026-08-13,cve_2026_to_now,2026-08-14T08:12:08+00:00
CVE-2026-45588,updated,2026-08-13,cve_2026_to_now,2026-08-14T08:12:08+00:00
CVE-2026-45591,updated,2026-08-13,cve_2026_to_now,2026-08-14T08:12:08+00:00
CVE-2026-45592,updated,2026-08-13,cve_2026_to_now,2026-08-14T08:12:08+00:00
CVE-2026-45593,updated,2026-08-13,cve_2026_to_now,2026-08-14T08:12:08+00:00
CVE-2026-45594,updated,2026-08-13,cve_2026_to_now,2026-08-14T08:12:08+00:00
CVE-2026-45595,updated,2026-08-13,cve_2026_to_now,2026-08-14T08:12:08+00:00
CVE-2026-45596,updated,2026-08-13,cve_2026_to_now,2026-08-14T08:12:08+00:00
CVE-2026-45597,updated,2026-08-13,cve_2026_to_now,2026-08-14T08:12:08+00:00
CVE-2026-45598,updated,2026-08-13,cve_2026_to_now,2026-08-14T08:12:08+00:00
CVE-2026-45599,updated,2026-08-13,cve_2026_to_now,2026-08-14T08:12:08+00:00
CVE-2026-45600,updated,2026-08-13,cve_2026_to_now,2026-08-14T08:12:08+00:00
CVE-2026-45601,updated,2026-08-13,cve_2026_to_now,2026-08-14T08:12:08+00:00
CVE-2026-45602,updated,2026-08-13,cve_2026_to_now,2026-08-14T08:12:08+00:00
CVE-2026-45603,updated,2026-08-13,cve_2026_to_now,2026-08-14T08:12:08+00:00
CVE-2026-45604,updated,2026-08-13,cve_2026_to_now,2026-08-14T08:12:08+00:00
CVE-2026-45605,updated,2026-08-13,cve_2026_to_now,2026-08-14T08:12:08+00:00
CVE-2026-45606,updated,2026-08-13,cve_2026_to_now,2026-08-14T08:12:08+00:00
CVE-2026-45607,updated,2026-08-13,cve_2026_to_now,2026-08-14T08:12:08+00:00
CVE-2026-45608,updated,2026-08-13,cve_2026_to_now,2026-08-14T08:12:08+00:00
CVE-2026-45618,updated,2026-08-13,cve_2026_to_now,2026-08-14T08:12:08+00:00
CVE-2026-45634,updated,2026-08-13,cve_2026_to_now,2026-08-14T08:12:08+00:00
CVE-2026-45635,updated,2026-08-13,cve_2026_to_now,2026-08-14T08:12:08+00:00
CVE-2026-45636,updated,2026-08-13,cve_2026_to_now,2026-08-14T08:12:08+00:00
CVE-2026-45637,updated,2026-08-13,cve_2026_to_now,2026-08-14T08:12:08+00:00
CVE-2026-45638,updated,2026-08-13,cve_2026_to_now,2026-08-14T08:12:08+00:00
CVE-2026-45639,updated,2026-08-13,cve_2026_to_now,2026-08-14T08:12:08+00:00
CVE-2026-45640,updated,2026-08-13,cve_2026_to_now,2026-08-14T08:12:08+00:00
CVE-2026-45641,updated,2026-08-13,cve_2026_to_now,2026-08-14T08:12:08+00:00
CVE-2026-45642,updated,2026-08-13,cve_2026_to_now,2026-08-14T08:12:08+00:00
CVE-2026-45643,updated,2026-08-13,cve_2026_to_now,2026-08-14T08:12:08+00:00
CVE-2026-45644,updated,2026-08-13,cve_2026_to_now,2026-08-14T08:12:08+00:00
CVE-2026-45645,updated,2026-08-13,cve_2026_to_now,2026-08-14T08:12:08+00:00
CVE-2026-45647,updated,2026-08-13,cve_2026_to_now,2026-08-14T08:12:08+00:00
CVE-2026-45648,updated,2026-08-13,cve_2026_to_now,2026-08-14T08:12:08+00:00
CVE-2026-45649,updated,2026-08-13,cve_2026_to_now,2026-08-14T08:12:08+00:00
CVE-2026-45650,updated,2026-08-13,cve_2026_to_now,2026-08-14T08:12:08+00:00
CVE-2026-45653,updated,2026-08-13,cve_2026_to_now,2026-08-14T08:12:08+00:00
CVE-2026-45654,updated,2026-08-13,cve_2026_to_now,2026-08-14T08:12:08+00:00
CVE-2026-45655,updated,2026-08-13,cve_2026_to_now,2026-08-14T08:12:08+00:00
CVE-2026-45656,updated,2026-08-13,cve_2026_to_now,2026-08-14T08:12:08+00:00
CVE-2026-45657,updated,2026-08-13,cve_2026_to_now,2026-08-14T08:12:08+00:00
CVE-2026-45658,updated,2026-08-13,cve_2026_to_now,2026-08-14T08:12:08+00:00
CVE-2026-45674,updated,2026-08-13,cve_2026_to_now,2026-08-14T08:12:08+00:00
CVE-2026-45725,added,,cve_2026_to_now,2026-08-14T08:12:08+00:00
CVE-2026-45774,added,,cve_2026_to_now,2026-08-14T08:12:08+00:00
CVE-2026-45808,updated,2026-08-13,cve_2026_to_now,2026-08-14T08:12:08+00:00
CVE-2026-45819,added,,cve_2026_to_now,2026-08-14T08:12:08+00:00
CVE-2026-46382,updated,2026-08-13,cve_2026_to_now,2026-08-14T08:12:08+00:00
CVE-2026-46384,updated,2026-08-13,cve_2026_to_now,2026-08-14T08:12:08+00:00
CVE-2026-46385,updated,2026-08-13,cve_2026_to_now,2026-08-14T08:12:08+00:00
CVE-2026-46405,updated,2026-08-13,cve_2026_to_now,2026-08-14T08:12:08+00:00
CVE-2026-46600,updated,2026-08-13,cve_2026_to_now,2026-08-14T08:12:08+00:00
CVE-2026-46625,updated,2026-08-13,cve_2026_to_now,2026-08-14T08:12:08+00:00
CVE-2026-46670,updated,2026-08-13,cve_2026_to_now,2026-08-14T08:12:08+00:00
CVE-2026-46688,updated,2026-08-13,cve_2026_to_now,2026-08-14T08:12:08+00:00
CVE-2026-47127,updated,2026-08-13,cve_2026_to_now,2026-08-14T08:12:08+00:00
CVE-2026-47229,updated,2026-08-13,cve_2026_to_now,2026-08-14T08:12:08+00:00
CVE-2026-47233,updated,2026-08-13,cve_2026_to_now,2026-08-14T08:12:08+00:00
CVE-2026-47281,updated,2026-08-13,cve_2026_to_now,2026-08-14T08:12:08+00:00
CVE-2026-47284,updated,2026-08-13,cve_2026_to_now,2026-08-14T08:12:08+00:00
CVE-2026-47285,updated,2026-08-13,cve_2026_to_now,2026-08-14T08:12:08+00:00
CVE-2026-47287,updated,2026-08-13,cve_2026_to_now,2026-08-14T08:12:08+00:00
CVE-2026-47288,updated,2026-08-13,cve_2026_to_now,2026-08-14T08:12:08+00:00
CVE-2026-47289,updated,2026-08-13,cve_2026_to_now,2026-08-14T08:12:08+00:00
CVE-2026-47291,updated,2026-08-13,cve_2026_to_now,2026-08-14T08:12:08+00:00
CVE-2026-47292,updated,2026-08-13,cve_2026_to_now,2026-08-14T08:12:08+00:00
CVE-2026-47293,updated,2026-08-13,cve_2026_to_now,2026-08-14T08:12:08+00:00
CVE-2026-47298,updated,2026-08-13,cve_2026_to_now,2026-08-14T08:12:08+00:00
CVE-2026-47299,updated,2026-08-13,cve_2026_to_now,2026-08-14T08:12:08+00:00
CVE-2026-47631,updated,2026-08-13,cve_2026_to_now,2026-08-14T08:12:08+00:00
CVE-2026-47633,updated,2026-08-13,cve_2026_to_now,2026-08-14T08:12:08+00:00
CVE-2026-47634,updated,2026-08-13,cve_2026_to_now,2026-08-14T08:12:08+00:00
CVE-2026-47635,updated,2026-08-13,cve_2026_to_now,2026-08-14T08:12:08+00:00
CVE-2026-47636,updated,2026-08-13,cve_2026_to_now,2026-08-14T08:12:08+00:00
CVE-2026-47637,updated,2026-08-13,cve_2026_to_now,2026-08-14T08:12:08+00:00
CVE-2026-47638,updated,2026-08-13,cve_2026_to_now,2026-08-14T08:12:08+00:00
CVE-2026-47639,updated,2026-08-13,cve_2026_to_now,2026-08-14T08:12:08+00:00
CVE-2026-47640,updated,2026-08-13,cve_2026_to_now,2026-08-14T08:12:08+00:00
CVE-2026-47641,updated,2026-08-13,cve_2026_to_now,2026-08-14T08:12:08+00:00
CVE-2026-47643,updated,2026-08-13,cve_2026_to_now,2026-08-14T08:12:08+00:00
CVE-2026-47644,updated,2026-08-13,cve_2026_to_now,2026-08-14T08:12:08+00:00
CVE-2026-47645,updated,2026-08-13,cve_2026_to_now,2026-08-14T08:12:08+00:00
CVE-2026-47646,updated,2026-08-13,cve_2026_to_now,2026-08-14T08:12:08+00:00
CVE-2026-47647,updated,2026-08-13,cve_2026_to_now,2026-08-14T08:12:08+00:00
CVE-2026-47648,updated,2026-08-13,cve_2026_to_now,2026-08-14T08:12:08+00:00
CVE-2026-47652,updated,2026-08-13,cve_2026_to_now,2026-08-14T08:12:08+00:00
CVE-2026-47653,updated,2026-08-13,cve_2026_to_now,2026-08-14T08:12:08+00:00
CVE-2026-47654,updated,2026-08-13,cve_2026_to_now,2026-08-14T08:12:08+00:00
CVE-2026-47655,updated,2026-08-13,cve_2026_to_now,2026-08-14T08:12:08+00:00
CVE-2026-47656,updated,2026-08-13,cve_2026_to_now,2026-08-14T08:12:08+00:00
CVE-2026-47662,updated,2026-08-13,cve_2026_to_now,2026-08-14T08:12:08+00:00
CVE-2026-47691,updated,2026-08-13,cve_2026_to_now,2026-08-14T08:12:08+00:00
CVE-2026-47705,updated,2026-08-13,cve_2026_to_now,2026-08-14T08:12:08+00:00
CVE-2026-47717,updated,2026-08-13,cve_2026_to_now,2026-08-14T08:12:08+00:00
CVE-2026-48043,updated,2026-08-13,cve_2026_to_now,2026-08-14T08:12:08+00:00
CVE-2026-48046,updated,2026-08-13,cve_2026_to_now,2026-08-14T08:12:08+00:00
CVE-2026-48059,updated,2026-08-13,cve_2026_to_now,2026-08-14T08:12:08+00:00
CVE-2026-48099,added,,cve_2026_to_now,2026-08-14T08:12:08+00:00
CVE-2026-48411,updated,2026-08-13,cve_2026_to_now,2026-08-14T08:12:08+00:00
CVE-2026-48415,updated,2026-08-13,cve_2026_to_now,2026-08-14T08:12:08+00:00
CVE-2026-48416,updated,2026-08-13,cve_2026_to_now,2026-08-14T08:12:08+00:00
CVE-2026-48495,updated,2026-08-13,cve_2026_to_now,2026-08-14T08:12:08+00:00
CVE-2026-48551,updated,2026-08-13,cve_2026_to_now,2026-08-14T08:12:08+00:00
CVE-2026-48560,updated,2026-08-13,cve_2026_to_now,2026-08-14T08:12:08+00:00
CVE-2026-48562,updated,2026-08-13,cve_2026_to_now,2026-08-14T08:12:08+00:00
CVE-2026-48563,updated,2026-08-13,cve_2026_to_now,2026-08-14T08:12:08+00:00
CVE-2026-48565,updated,2026-08-13,cve_2026_to_now,2026-08-14T08:12:08+00:00
CVE-2026-48566,updated,2026-08-13,cve_2026_to_now,2026-08-14T08:12:08+00:00
CVE-2026-48567,updated,2026-08-13,cve_2026_to_now,2026-08-14T08:12:08+00:00
CVE-2026-48568,updated,2026-08-13,cve_2026_to_now,2026-08-14T08:12:08+00:00
CVE-2026-48569,updated,2026-08-13,cve_2026_to_now,2026-08-14T08:12:08+00:00
CVE-2026-48570,updated,2026-08-13,cve_2026_to_now,2026-08-14T08:12:08+00:00
CVE-2026-48573,updated,2026-08-13,cve_2026_to_now,2026-08-14T08:12:08+00:00
CVE-2026-48574,updated,2026-08-13,cve_2026_to_now,2026-08-14T08:12:08+00:00
CVE-2026-48575,updated,2026-08-13,cve_2026_to_now,2026-08-14T08:12:08+00:00
CVE-2026-48576,updated,2026-08-13,cve_2026_to_now,2026-08-14T08:12:08+00:00
CVE-2026-48578,updated,2026-08-13,cve_2026_to_now,2026-08-14T08:12:08+00:00
CVE-2026-48579,updated,2026-08-13,cve_2026_to_now,2026-08-14T08:12:08+00:00
CVE-2026-48582,updated,2026-08-13,cve_2026_to_now,2026-08-14T08:12:08+00:00
CVE-2026-48583,updated,2026-08-13,cve_2026_to_now,2026-08-14T08:12:08+00:00
CVE-2026-48584,updated,2026-08-13,cve_2026_to_now,2026-08-14T08:12:08+00:00
CVE-2026-48702,added,,cve_2026_to_now,2026-08-14T08:12:08+00:00
CVE-2026-48762,updated,2026-08-13,cve_2026_to_now,2026-08-14T08:12:08+00:00
CVE-2026-48771,updated,2026-08-13,cve_2026_to_now,2026-08-14T08:12:08+00:00
CVE-2026-48791,updated,2026-08-13,cve_2026_to_now,2026-08-14T08:12:08+00:00
CVE-2026-48802,updated,2026-08-13,cve_2026_to_now,2026-08-14T08:12:08+00:00
CVE-2026-48804,updated,2026-08-13,cve_2026_to_now,2026-08-14T08:12:08+00:00
CVE-2026-49089,added,,cve_2026_to_now,2026-08-14T08:12:08+00:00
CVE-2026-49096,added,,cve_2026_to_now,2026-08-14T08:12:08+00:00
CVE-2026-49160,updated,2026-08-13,cve_2026_to_now,2026-08-14T08:12:08+00:00
CVE-2026-49161,updated,2026-08-13,cve_2026_to_now,2026-08-14T08:12:08+00:00
CVE-2026-49163,updated,2026-08-13,cve_2026_to_now,2026-08-14T08:12:08+00:00
CVE-2026-49179,updated,2026-08-13,cve_2026_to_now,2026-08-14T08:12:08+00:00
CVE-2026-49343,updated,2026-08-13,cve_2026_to_now,2026-08-14T08:12:08+00:00
CVE-2026-49466,updated,2026-08-13,cve_2026_to_now,2026-08-14T08:12:08+00:00
CVE-2026-49473,updated,2026-08-13,cve_2026_to_now,2026-08-14T08:12:08+00:00
CVE-2026-49478,added,,cve_2026_to_now,2026-08-14T08:12:08+00:00
CVE-2026-49481,updated,2026-08-13,cve_2026_to_now,2026-08-14T08:12:08+00:00
CVE-2026-49819,updated,2026-08-13,cve_2026_to_now,2026-08-14T08:12:08+00:00
CVE-2026-49820,added,,cve_2026_to_now,2026-08-14T08:12:08+00:00
CVE-2026-49827,added,,cve_2026_to_now,2026-08-14T08:12:08+00:00
CVE-2026-49856,added,,cve_2026_to_now,2026-08-14T08:12:08+00:00
CVE-2026-49857,added,,cve_2026_to_now,2026-08-14T08:12:08+00:00
CVE-2026-49864,added,,cve_2026_to_now,2026-08-14T08:12:08+00:00
CVE-2026-50010,updated,2026-08-13,cve_2026_to_now,2026-08-14T08:12:08+00:00
CVE-2026-50105,added,,cve_2026_to_now,2026-08-14T08:12:08+00:00
CVE-2026-50472,updated,2026-08-13,cve_2026_to_now,2026-08-14T08:12:08+00:00
CVE-2026-50481,updated,2026-08-13,cve_2026_to_now,2026-08-14T08:12:08+00:00
CVE-2026-50507,updated,2026-08-13,cve_2026_to_now,2026-08-14T08:12:08+00:00
CVE-2026-50508,updated,2026-08-13,cve_2026_to_now,2026-08-14T08:12:08+00:00
CVE-2026-50511,updated,2026-08-13,cve_2026_to_now,2026-08-14T08:12:08+00:00
CVE-2026-50512,updated,2026-08-13,cve_2026_to_now,2026-08-14T08:12:08+00:00
CVE-2026-50515,updated,2026-08-13,cve_2026_to_now,2026-08-14T08:12:08+00:00
CVE-2026-50516,updated,2026-08-13,cve_2026_to_now,2026-08-14T08:12:08+00:00
CVE-2026-50519,updated,2026-08-13,cve_2026_to_now,2026-08-14T08:12:08+00:00
CVE-2026-50521,updated,2026-08-13,cve_2026_to_now,2026-08-14T08:12:08+00:00
CVE-2026-50559,updated,2026-08-13,cve_2026_to_now,2026-08-14T08:12:08+00:00
CVE-2026-50561,updated,2026-08-13,cve_2026_to_now,2026-08-14T08:12:08+00:00
CVE-2026-50656,updated,2026-08-13,cve_2026_to_now,2026-08-14T08:12:08+00:00
CVE-2026-53202,updated,2026-08-13,cve_2026_to_now,2026-08-14T08:12:08+00:00
CVE-2026-53783,added,,cve_2026_to_now,2026-08-14T08:12:08+00:00
CVE-2026-53784,added,,cve_2026_to_now,2026-08-14T08:12:08+00:00
CVE-2026-53785,added,,cve_2026_to_now,2026-08-14T08:12:08+00:00
CVE-2026-53786,added,,cve_2026_to_now,2026-08-14T08:12:08+00:00
CVE-2026-53788,added,,cve_2026_to_now,2026-08-14T08:12:08+00:00
CVE-2026-53789,added,,cve_2026_to_now,2026-08-14T08:12:08+00:00
CVE-2026-53790,added,,cve_2026_to_now,2026-08-14T08:12:08+00:00
CVE-2026-53791,added,,cve_2026_to_now,2026-08-14T08:12:08+00:00
CVE-2026-53792,added,,cve_2026_to_now,2026-08-14T08:12:08+00:00
CVE-2026-53793,added,,cve_2026_to_now,2026-08-14T08:12:08+00:00
CVE-2026-53794,added,,cve_2026_to_now,2026-08-14T08:12:08+00:00
CVE-2026-53795,added,,cve_2026_to_now,2026-08-14T08:12:08+00:00
CVE-2026-53796,added,,cve_2026_to_now,2026-08-14T08:12:08+00:00
CVE-2026-53797,added,,cve_2026_to_now,2026-08-14T08:12:08+00:00
CVE-2026-53798,added,,cve_2026_to_now,2026-08-14T08:12:08+00:00
CVE-2026-53799,added,,cve_2026_to_now,2026-08-14T08:12:08+00:00
CVE-2026-53800,added,,cve_2026_to_now,2026-08-14T08:12:08+00:00
CVE-2026-53801,added,,cve_2026_to_now,2026-08-14T08:12:08+00:00
CVE-2026-53802,added,,cve_2026_to_now,2026-08-14T08:12:08+00:00
CVE-2026-53803,added,2026-08-14,cve_2026_to_now,2026-08-14T08:12:08+00:00
CVE-2026-54113,updated,2026-08-13,cve_2026_to_now,2026-08-14T08:12:08+00:00
CVE-2026-54123,updated,2026-08-13,cve_2026_to_now,2026-08-14T08:12:08+00:00
CVE-2026-54130,updated,2026-08-13,cve_2026_to_now,2026-08-14T08:12:08+00:00
CVE-2026-54228,updated,2026-08-13,cve_2026_to_now,2026-08-14T08:12:08+00:00
CVE-2026-54229,updated,2026-08-13,cve_2026_to_now,2026-08-14T08:12:08+00:00
CVE-2026-54230,updated,2026-08-13,cve_2026_to_now,2026-08-14T08:12:08+00:00
CVE-2026-54481,added,,cve_2026_to_now,2026-08-14T08:12:08+00:00
CVE-2026-54513,updated,2026-08-13,cve_2026_to_now,2026-08-14T08:12:08+00:00
CVE-2026-54981,updated,2026-08-13,cve_2026_to_now,2026-08-14T08:12:08+00:00
CVE-2026-54984,updated,2026-08-13,cve_2026_to_now,2026-08-14T08:12:08+00:00
CVE-2026-55040,updated,2026-08-13,cve_2026_to_now,2026-08-14T08:12:08+00:00
CVE-2026-55400,added,,cve_2026_to_now,2026-08-14T08:12:08+00:00
CVE-2026-55401,added,,cve_2026_to_now,2026-08-14T08:12:08+00:00
CVE-2026-55402,added,,cve_2026_to_now,2026-08-14T08:12:08+00:00
CVE-2026-55982,added,,cve_2026_to_now,2026-08-14T08:12:08+00:00
CVE-2026-55984,added,,cve_2026_to_now,2026-08-14T08:12:08+00:00
CVE-2026-55986,added,,cve_2026_to_now,2026-08-14T08:12:08+00:00
CVE-2026-55987,added,,cve_2026_to_now,2026-08-14T08:12:08+00:00
CVE-2026-56161,updated,2026-08-13,cve_2026_to_now,2026-08-14T08:12:08+00:00
CVE-2026-56162,updated,2026-08-13,cve_2026_to_now,2026-08-14T08:12:08+00:00
CVE-2026-56174,updated,2026-08-13,cve_2026_to_now,2026-08-14T08:12:08+00:00
CVE-2026-56179,updated,2026-08-13,cve_2026_to_now,2026-08-14T08:12:08+00:00
CVE-2026-56208,updated,2026-08-13,cve_2026_to_now,2026-08-14T08:12:08+00:00
CVE-2026-56443,added,,cve_2026_to_now,2026-08-14T08:12:08+00:00
CVE-2026-56654,added,,cve_2026_to_now,2026-08-14T08:12:08+00:00
CVE-2026-56657,added,,cve_2026_to_now,2026-08-14T08:12:08+00:00
CVE-2026-56750,added,,cve_2026_to_now,2026-08-14T08:12:08+00:00
CVE-2026-56755,added,,cve_2026_to_now,2026-08-14T08:12:08+00:00
CVE-2026-56853,added,,cve_2026_to_now,2026-08-14T08:12:08+00:00
CVE-2026-56858,added,,cve_2026_to_now,2026-08-14T08:12:08+00:00
CVE-2026-56859,added,,cve_2026_to_now,2026-08-14T08:12:08+00:00
CVE-2026-56860,added,,cve_2026_to_now,2026-08-14T08:12:08+00:00
CVE-2026-56862,added,,cve_2026_to_now,2026-08-14T08:12:08+00:00
CVE-2026-56864,added,,cve_2026_to_now,2026-08-14T08:12:08+00:00
CVE-2026-56865,added,,cve_2026_to_now,2026-08-14T08:12:08+00:00
CVE-2026-57104,updated,2026-08-13,cve_2026_to_now,2026-08-14T08:12:08+00:00
CVE-2026-57105,updated,2026-08-13,cve_2026_to_now,2026-08-14T08:12:08+00:00
CVE-2026-57858,updated,2026-08-13,cve_2026_to_now,2026-08-14T08:12:08+00:00
CVE-2026-57886,added,,cve_2026_to_now,2026-08-14T08:12:08+00:00
CVE-2026-57894,added,,cve_2026_to_now,2026-08-14T08:12:08+00:00
CVE-2026-57897,added,,cve_2026_to_now,2026-08-14T08:12:08+00:00
CVE-2026-58314,added,,cve_2026_to_now,2026-08-14T08:12:08+00:00
CVE-2026-58416,added,,cve_2026_to_now,2026-08-14T08:12:08+00:00
CVE-2026-58417,added,,cve_2026_to_now,2026-08-14T08:12:08+00:00
CVE-2026-58420,added,,cve_2026_to_now,2026-08-14T08:12:08+00:00
CVE-2026-58425,added,,cve_2026_to_now,2026-08-14T08:12:08+00:00
CVE-2026-58427,added,,cve_2026_to_now,2026-08-14T08:12:08+00:00
CVE-2026-58428,added,,cve_2026_to_now,2026-08-14T08:12:08+00:00
CVE-2026-58429,added,,cve_2026_to_now,2026-08-14T08:12:08+00:00
CVE-2026-58431,added,,cve_2026_to_now,2026-08-14T08:12:08+00:00
CVE-2026-58432,added,,cve_2026_to_now,2026-08-14T08:12:08+00:00
CVE-2026-58433,added,,cve_2026_to_now,2026-08-14T08:12:08+00:00
CVE-2026-58434,added,,cve_2026_to_now,2026-08-14T08:12:08+00:00
CVE-2026-58435,added,,cve_2026_to_now,2026-08-14T08:12:08+00:00
CVE-2026-58436,added,,cve_2026_to_now,2026-08-14T08:12:08+00:00
CVE-2026-58437,added,,cve_2026_to_now,2026-08-14T08:12:08+00:00
CVE-2026-58438,added,,cve_2026_to_now,2026-08-14T08:12:08+00:00
CVE-2026-58439,added,,cve_2026_to_now,2026-08-14T08:12:08+00:00
CVE-2026-58440,added,,cve_2026_to_now,2026-08-14T08:12:08+00:00
CVE-2026-58441,added,,cve_2026_to_now,2026-08-14T08:12:08+00:00
CVE-2026-58442,added,,cve_2026_to_now,2026-08-14T08:12:08+00:00
CVE-2026-58443,added,,cve_2026_to_now,2026-08-14T08:12:08+00:00
CVE-2026-58444,added,,cve_2026_to_now,2026-08-14T08:12:08+00:00
CVE-2026-58445,added,,cve_2026_to_now,2026-08-14T08:12:08+00:00
CVE-2026-58507,added,,cve_2026_to_now,2026-08-14T08:12:08+00:00
CVE-2026-58508,added,,cve_2026_to_now,2026-08-14T08:12:08+00:00
CVE-2026-58510,added,,cve_2026_to_now,2026-08-14T08:12:08+00:00
CVE-2026-58511,added,,cve_2026_to_now,2026-08-14T08:12:08+00:00
CVE-2026-58612,updated,2026-08-13,cve_2026_to_now,2026-08-14T08:12:08+00:00
CVE-2026-58639,updated,2026-08-13,cve_2026_to_now,2026-08-14T08:12:08+00:00
CVE-2026-58641,updated,2026-08-13,cve_2026_to_now,2026-08-14T08:12:08+00:00
CVE-2026-58650,updated,2026-08-13,cve_2026_to_now,2026-08-14T08:12:08+00:00
CVE-2026-58651,updated,2026-08-13,cve_2026_to_now,2026-08-14T08:12:08+00:00
CVE-2026-59086,updated,2026-08-13,cve_2026_to_now,2026-08-14T08:12:08+00:00
CVE-2026-59109,added,,cve_2026_to_now,2026-08-14T08:12:08+00:00
CVE-2026-59113,updated,2026-08-13,cve_2026_to_now,2026-08-14T08:12:08+00:00
CVE-2026-59115,updated,2026-08-13,cve_2026_to_now,2026-08-14T08:12:08+00:00
CVE-2026-59118,updated,2026-08-13,cve_2026_to_now,2026-08-14T08:12:08+00:00
CVE-2026-59119,updated,2026-08-13,cve_2026_to_now,2026-08-14T08:12:08+00:00
CVE-2026-59122,updated,2026-08-13,cve_2026_to_now,2026-08-14T08:12:08+00:00
CVE-2026-59124,updated,2026-08-13,cve_2026_to_now,2026-08-14T08:12:08+00:00
CVE-2026-59125,updated,2026-08-13,cve_2026_to_now,2026-08-14T08:12:08+00:00
CVE-2026-59126,updated,2026-08-13,cve_2026_to_now,2026-08-14T08:12:08+00:00
CVE-2026-59127,updated,2026-08-13,cve_2026_to_now,2026-08-14T08:12:08+00:00
CVE-2026-59128,updated,2026-08-13,cve_2026_to_now,2026-08-14T08:12:08+00:00
CVE-2026-59130,updated,2026-08-13,cve_2026_to_now,2026-08-14T08:12:08+00:00
CVE-2026-59131,updated,2026-08-13,cve_2026_to_now,2026-08-14T08:12:08+00:00
CVE-2026-59132,updated,2026-08-13,cve_2026_to_now,2026-08-14T08:12:08+00:00
CVE-2026-59133,updated,2026-08-13,cve_2026_to_now,2026-08-14T08:12:08+00:00
CVE-2026-59134,updated,2026-08-13,cve_2026_to_now,2026-08-14T08:12:08+00:00
CVE-2026-59135,updated,2026-08-13,cve_2026_to_now,2026-08-14T08:12:08+00:00
CVE-2026-59136,updated,2026-08-13,cve_2026_to_now,2026-08-14T08:12:08+00:00
CVE-2026-59137,updated,2026-08-13,cve_2026_to_now,2026-08-14T08:12:08+00:00
CVE-2026-59138,updated,2026-08-13,cve_2026_to_now,2026-08-14T08:12:08+00:00
CVE-2026-59310,updated,2026-08-14,cve_2026_to_now,2026-08-14T08:12:08+00:00
CVE-2026-59499,added,,cve_2026_to_now,2026-08-14T08:12:08+00:00
CVE-2026-59500,added,,cve_2026_to_now,2026-08-14T08:12:08+00:00
CVE-2026-59501,added,,cve_2026_to_now,2026-08-14T08:12:08+00:00
CVE-2026-59502,added,,cve_2026_to_now,2026-08-14T08:12:08+00:00
CVE-2026-59503,added,,cve_2026_to_now,2026-08-14T08:12:08+00:00
CVE-2026-59504,added,,cve_2026_to_now,2026-08-14T08:12:08+00:00
CVE-2026-59505,added,,cve_2026_to_now,2026-08-14T08:12:08+00:00
CVE-2026-59506,added,,cve_2026_to_now,2026-08-14T08:12:08+00:00
CVE-2026-59507,added,,cve_2026_to_now,2026-08-14T08:12:08+00:00
CVE-2026-59691,updated,2026-08-14,cve_2026_to_now,2026-08-14T08:12:08+00:00
CVE-2026-59692,updated,2026-08-14,cve_2026_to_now,2026-08-14T08:12:08+00:00
CVE-2026-59714,added,,cve_2026_to_now,2026-08-14T08:12:08+00:00
CVE-2026-59763,added,,cve_2026_to_now,2026-08-14T08:12:08+00:00
CVE-2026-59765,added,,cve_2026_to_now,2026-08-14T08:12:08+00:00
CVE-2026-59914,updated,2026-08-13,cve_2026_to_now,2026-08-14T08:12:08+00:00
CVE-2026-59916,updated,2026-08-13,cve_2026_to_now,2026-08-14T08:12:08+00:00
CVE-2026-59917,updated,2026-08-13,cve_2026_to_now,2026-08-14T08:12:08+00:00
CVE-2026-61345,updated,2026-08-13,cve_2026_to_now,2026-08-14T08:12:08+00:00
CVE-2026-61346,updated,2026-08-13,cve_2026_to_now,2026-08-14T08:12:08+00:00
CVE-2026-61347,updated,2026-08-13,cve_2026_to_now,2026-08-14T08:12:08+00:00
CVE-2026-61348,updated,2026-08-13,cve_2026_to_now,2026-08-14T08:12:08+00:00
CVE-2026-61349,updated,2026-08-13,cve_2026_to_now,2026-08-14T08:12:08+00:00
CVE-2026-61350,updated,2026-08-13,cve_2026_to_now,2026-08-14T08:12:08+00:00
CVE-2026-61352,updated,2026-08-13,cve_2026_to_now,2026-08-14T08:12:08+00:00
CVE-2026-61353,updated,2026-08-13,cve_2026_to_now,2026-08-14T08:12:08+00:00
CVE-2026-61355,updated,2026-08-13,cve_2026_to_now,2026-08-14T08:12:08+00:00
CVE-2026-61356,updated,2026-08-13,cve_2026_to_now,2026-08-14T08:12:08+00:00
CVE-2026-61357,updated,2026-08-13,cve_2026_to_now,2026-08-14T08:12:08+00:00
CVE-2026-61358,updated,2026-08-13,cve_2026_to_now,2026-08-14T08:12:08+00:00
CVE-2026-61359,updated,2026-08-13,cve_2026_to_now,2026-08-14T08:12:08+00:00
CVE-2026-61360,updated,2026-08-13,cve_2026_to_now,2026-08-14T08:12:08+00:00
CVE-2026-61361,updated,2026-08-13,cve_2026_to_now,2026-08-14T08:12:08+00:00
CVE-2026-61363,updated,2026-08-13,cve_2026_to_now,2026-08-14T08:12:08+00:00
CVE-2026-61364,updated,2026-08-13,cve_2026_to_now,2026-08-14T08:12:08+00:00
CVE-2026-61365,updated,2026-08-13,cve_2026_to_now,2026-08-14T08:12:08+00:00
CVE-2026-61366,updated,2026-08-13,cve_2026_to_now,2026-08-14T08:12:08+00:00
CVE-2026-61367,updated,2026-08-13,cve_2026_to_now,2026-08-14T08:12:08+00:00
CVE-2026-61368,updated,2026-08-13,cve_2026_to_now,2026-08-14T08:12:08+00:00
CVE-2026-61918,updated,2026-08-13,cve_2026_to_now,2026-08-14T08:12:08+00:00
CVE-2026-61920,updated,2026-08-13,cve_2026_to_now,2026-08-14T08:12:08+00:00
CVE-2026-61921,updated,2026-08-13,cve_2026_to_now,2026-08-14T08:12:08+00:00
CVE-2026-61923,updated,2026-08-13,cve_2026_to_now,2026-08-14T08:12:08+00:00
CVE-2026-61924,updated,2026-08-13,cve_2026_to_now,2026-08-14T08:12:08+00:00
CVE-2026-61925,updated,2026-08-13,cve_2026_to_now,2026-08-14T08:12:08+00:00
CVE-2026-61926,updated,2026-08-13,cve_2026_to_now,2026-08-14T08:12:08+00:00
CVE-2026-61927,updated,2026-08-13,cve_2026_to_now,2026-08-14T08:12:08+00:00
CVE-2026-61928,updated,2026-08-13,cve_2026_to_now,2026-08-14T08:12:08+00:00
CVE-2026-61929,updated,2026-08-13,cve_2026_to_now,2026-08-14T08:12:08+00:00
CVE-2026-61930,updated,2026-08-13,cve_2026_to_now,2026-08-14T08:12:08+00:00
CVE-2026-61932,updated,2026-08-13,cve_2026_to_now,2026-08-14T08:12:08+00:00
CVE-2026-61933,updated,2026-08-13,cve_2026_to_now,2026-08-14T08:12:08+00:00
CVE-2026-61934,updated,2026-08-13,cve_2026_to_now,2026-08-14T08:12:08+00:00
CVE-2026-61936,updated,2026-08-13,cve_2026_to_now,2026-08-14T08:12:08+00:00
CVE-2026-61937,updated,2026-08-13,cve_2026_to_now,2026-08-14T08:12:08+00:00
CVE-2026-61938,updated,2026-08-13,cve_2026_to_now,2026-08-14T08:12:08+00:00
CVE-2026-61939,updated,2026-08-13,cve_2026_to_now,2026-08-14T08:12:08+00:00
CVE-2026-61960,added,,cve_2026_to_now,2026-08-14T08:12:08+00:00
CVE-2026-61962,added,,cve_2026_to_now,2026-08-14T08:12:08+00:00
CVE-2026-61965,added,,cve_2026_to_now,2026-08-14T08:12:08+00:00
CVE-2026-61966,added,,cve_2026_to_now,2026-08-14T08:12:08+00:00
CVE-2026-61967,added,,cve_2026_to_now,2026-08-14T08:12:08+00:00
CVE-2026-61969,added,,cve_2026_to_now,2026-08-14T08:12:08+00:00
CVE-2026-61974,added,,cve_2026_to_now,2026-08-14T08:12:08+00:00
CVE-2026-61978,added,,cve_2026_to_now,2026-08-14T08:12:08+00:00
CVE-2026-61979,added,,cve_2026_to_now,2026-08-14T08:12:08+00:00
CVE-2026-61980,added,,cve_2026_to_now,2026-08-14T08:12:08+00:00
CVE-2026-61984,added,,cve_2026_to_now,2026-08-14T08:12:08+00:00
CVE-2026-62295,updated,2026-08-13,cve_2026_to_now,2026-08-14T08:12:08+00:00
CVE-2026-62688,updated,2026-08-13,cve_2026_to_now,2026-08-14T08:12:08+00:00
CVE-2026-62690,updated,2026-08-13,cve_2026_to_now,2026-08-14T08:12:08+00:00
CVE-2026-62692,updated,2026-08-13,cve_2026_to_now,2026-08-14T08:12:08+00:00
CVE-2026-62693,updated,2026-08-13,cve_2026_to_now,2026-08-14T08:12:08+00:00
CVE-2026-62695,updated,2026-08-13,cve_2026_to_now,2026-08-14T08:12:08+00:00
CVE-2026-62696,updated,2026-08-13,cve_2026_to_now,2026-08-14T08:12:08+00:00
CVE-2026-62698,updated,2026-08-13,cve_2026_to_now,2026-08-14T08:12:08+00:00
CVE-2026-62699,updated,2026-08-13,cve_2026_to_now,2026-08-14T08:12:08+00:00
CVE-2026-62700,updated,2026-08-13,cve_2026_to_now,2026-08-14T08:12:08+00:00
CVE-2026-62701,updated,2026-08-13,cve_2026_to_now,2026-08-14T08:12:08+00:00
CVE-2026-62702,updated,2026-08-13,cve_2026_to_now,2026-08-14T08:12:08+00:00
CVE-2026-62703,updated,2026-08-13,cve_2026_to_now,2026-08-14T08:12:08+00:00
CVE-2026-62705,updated,2026-08-13,cve_2026_to_now,2026-08-14T08:12:08+00:00
CVE-2026-62707,updated,2026-08-13,cve_2026_to_now,2026-08-14T08:12:08+00:00
CVE-2026-62708,updated,2026-08-13,cve_2026_to_now,2026-08-14T08:12:08+00:00
CVE-2026-62709,updated,2026-08-13,cve_2026_to_now,2026-08-14T08:12:08+00:00
CVE-2026-62710,updated,2026-08-13,cve_2026_to_now,2026-08-14T08:12:08+00:00
CVE-2026-62711,updated,2026-08-13,cve_2026_to_now,2026-08-14T08:12:08+00:00
CVE-2026-62712,updated,2026-08-13,cve_2026_to_now,2026-08-14T08:12:08+00:00
CVE-2026-62713,updated,2026-08-13,cve_2026_to_now,2026-08-14T08:12:08+00:00
CVE-2026-62714,updated,2026-08-13,cve_2026_to_now,2026-08-14T08:12:08+00:00
CVE-2026-62715,updated,2026-08-13,cve_2026_to_now,2026-08-14T08:12:08+00:00
CVE-2026-62716,updated,2026-08-13,cve_2026_to_now,2026-08-14T08:12:08+00:00
CVE-2026-62717,updated,2026-08-13,cve_2026_to_now,2026-08-14T08:12:08+00:00
CVE-2026-62718,updated,2026-08-13,cve_2026_to_now,2026-08-14T08:12:08+00:00
CVE-2026-62719,updated,2026-08-13,cve_2026_to_now,2026-08-14T08:12:08+00:00
CVE-2026-62720,updated,2026-08-13,cve_2026_to_now,2026-08-14T08:12:08+00:00
CVE-2026-62721,updated,2026-08-13,cve_2026_to_now,2026-08-14T08:12:08+00:00
CVE-2026-62722,updated,2026-08-13,cve_2026_to_now,2026-08-14T08:12:08+00:00
CVE-2026-62723,updated,2026-08-13,cve_2026_to_now,2026-08-14T08:12:08+00:00
CVE-2026-62724,updated,2026-08-13,cve_2026_to_now,2026-08-14T08:12:08+00:00
CVE-2026-62725,updated,2026-08-13,cve_2026_to_now,2026-08-14T08:12:08+00:00
CVE-2026-62726,updated,2026-08-13,cve_2026_to_now,2026-08-14T08:12:08+00:00
CVE-2026-62728,updated,2026-08-13,cve_2026_to_now,2026-08-14T08:12:08+00:00
CVE-2026-62729,updated,2026-08-13,cve_2026_to_now,2026-08-14T08:12:08+00:00
CVE-2026-62730,updated,2026-08-13,cve_2026_to_now,2026-08-14T08:12:08+00:00
CVE-2026-62732,updated,2026-08-13,cve_2026_to_now,2026-08-14T08:12:08+00:00
CVE-2026-62733,updated,2026-08-13,cve_2026_to_now,2026-08-14T08:12:08+00:00
CVE-2026-62734,updated,2026-08-13,cve_2026_to_now,2026-08-14T08:12:08+00:00
CVE-2026-62735,updated,2026-08-13,cve_2026_to_now,2026-08-14T08:12:08+00:00
CVE-2026-62736,updated,2026-08-13,cve_2026_to_now,2026-08-14T08:12:08+00:00
CVE-2026-62737,updated,2026-08-13,cve_2026_to_now,2026-08-14T08:12:08+00:00
CVE-2026-62738,updated,2026-08-13,cve_2026_to_now,2026-08-14T08:12:08+00:00
CVE-2026-62739,updated,2026-08-13,cve_2026_to_now,2026-08-14T08:12:08+00:00
CVE-2026-62740,updated,2026-08-13,cve_2026_to_now,2026-08-14T08:12:08+00:00
CVE-2026-62741,updated,2026-08-13,cve_2026_to_now,2026-08-14T08:12:08+00:00
CVE-2026-62742,updated,2026-08-13,cve_2026_to_now,2026-08-14T08:12:08+00:00
CVE-2026-62743,updated,2026-08-13,cve_2026_to_now,2026-08-14T08:12:08+00:00
CVE-2026-62745,updated,2026-08-13,cve_2026_to_now,2026-08-14T08:12:08+00:00
CVE-2026-62746,updated,2026-08-13,cve_2026_to_now,2026-08-14T08:12:08+00:00
CVE-2026-62747,updated,2026-08-13,cve_2026_to_now,2026-08-14T08:12:08+00:00
CVE-2026-62748,updated,2026-08-13,cve_2026_to_now,2026-08-14T08:12:08+00:00
CVE-2026-62749,updated,2026-08-13,cve_2026_to_now,2026-08-14T08:12:08+00:00
CVE-2026-62750,updated,2026-08-13,cve_2026_to_now,2026-08-14T08:12:08+00:00
CVE-2026-62751,updated,2026-08-13,cve_2026_to_now,2026-08-14T08:12:08+00:00
CVE-2026-62752,updated,2026-08-13,cve_2026_to_now,2026-08-14T08:12:08+00:00
CVE-2026-62753,updated,2026-08-13,cve_2026_to_now,2026-08-14T08:12:08+00:00
CVE-2026-62754,updated,2026-08-13,cve_2026_to_now,2026-08-14T08:12:08+00:00
CVE-2026-62755,updated,2026-08-13,cve_2026_to_now,2026-08-14T08:12:08+00:00
CVE-2026-62757,updated,2026-08-13,cve_2026_to_now,2026-08-14T08:12:08+00:00
CVE-2026-62758,updated,2026-08-13,cve_2026_to_now,2026-08-14T08:12:08+00:00
CVE-2026-62761,updated,2026-08-13,cve_2026_to_now,2026-08-14T08:12:08+00:00
CVE-2026-62766,updated,2026-08-13,cve_2026_to_now,2026-08-14T08:12:08+00:00
CVE-2026-62768,updated,2026-08-13,cve_2026_to_now,2026-08-14T08:12:08+00:00
CVE-2026-62769,updated,2026-08-13,cve_2026_to_now,2026-08-14T08:12:08+00:00
CVE-2026-62770,updated,2026-08-13,cve_2026_to_now,2026-08-14T08:12:08+00:00
CVE-2026-62771,updated,2026-08-13,cve_2026_to_now,2026-08-14T08:12:08+00:00
CVE-2026-62772,updated,2026-08-13,cve_2026_to_now,2026-08-14T08:12:08+00:00
CVE-2026-62773,updated,2026-08-13,cve_2026_to_now,2026-08-14T08:12:08+00:00
CVE-2026-62774,updated,2026-08-13,cve_2026_to_now,2026-08-14T08:12:08+00:00
CVE-2026-62775,updated,2026-08-13,cve_2026_to_now,2026-08-14T08:12:08+00:00
CVE-2026-62776,updated,2026-08-13,cve_2026_to_now,2026-08-14T08:12:08+00:00
CVE-2026-62777,updated,2026-08-13,cve_2026_to_now,2026-08-14T08:12:08+00:00
CVE-2026-62778,updated,2026-08-13,cve_2026_to_now,2026-08-14T08:12:08+00:00
CVE-2026-62779,updated,2026-08-13,cve_2026_to_now,2026-08-14T08:12:08+00:00
CVE-2026-62780,updated,2026-08-13,cve_2026_to_now,2026-08-14T08:12:08+00:00
CVE-2026-62781,updated,2026-08-13,cve_2026_to_now,2026-08-14T08:12:08+00:00
CVE-2026-62782,updated,2026-08-13,cve_2026_to_now,2026-08-14T08:12:08+00:00
CVE-2026-62783,updated,2026-08-13,cve_2026_to_now,2026-08-14T08:12:08+00:00
CVE-2026-62784,updated,2026-08-13,cve_2026_to_now,2026-08-14T08:12:08+00:00
CVE-2026-62785,updated,2026-08-13,cve_2026_to_now,2026-08-14T08:12:08+00:00
CVE-2026-62786,updated,2026-08-13,cve_2026_to_now,2026-08-14T08:12:08+00:00
CVE-2026-62787,updated,2026-08-13,cve_2026_to_now,2026-08-14T08:12:08+00:00
CVE-2026-62788,updated,2026-08-13,cve_2026_to_now,2026-08-14T08:12:08+00:00
CVE-2026-62790,updated,2026-08-13,cve_2026_to_now,2026-08-14T08:12:08+00:00
CVE-2026-62792,updated,2026-08-13,cve_2026_to_now,2026-08-14T08:12:08+00:00
CVE-2026-62793,updated,2026-08-13,cve_2026_to_now,2026-08-14T08:12:08+00:00
CVE-2026-62795,updated,2026-08-13,cve_2026_to_now,2026-08-14T08:12:08+00:00
CVE-2026-62796,updated,2026-08-13,cve_2026_to_now,2026-08-14T08:12:08+00:00
CVE-2026-62797,updated,2026-08-13,cve_2026_to_now,2026-08-14T08:12:08+00:00
CVE-2026-62798,updated,2026-08-13,cve_2026_to_now,2026-08-14T08:12:08+00:00
CVE-2026-62799,updated,2026-08-13,cve_2026_to_now,2026-08-14T08:12:08+00:00
CVE-2026-62800,updated,2026-08-13,cve_2026_to_now,2026-08-14T08:12:08+00:00
CVE-2026-62803,updated,2026-08-13,cve_2026_to_now,2026-08-14T08:12:08+00:00
CVE-2026-62807,updated,2026-08-13,cve_2026_to_now,2026-08-14T08:12:08+00:00
CVE-2026-62811,updated,2026-08-13,cve_2026_to_now,2026-08-14T08:12:08+00:00
CVE-2026-62812,updated,2026-08-13,cve_2026_to_now,2026-08-14T08:12:08+00:00
CVE-2026-62814,updated,2026-08-13,cve_2026_to_now,2026-08-14T08:12:08+00:00
CVE-2026-62815,updated,2026-08-13,cve_2026_to_now,2026-08-14T08:12:08+00:00
CVE-2026-62816,updated,2026-08-13,cve_2026_to_now,2026-08-14T08:12:08+00:00
CVE-2026-62817,updated,2026-08-13,cve_2026_to_now,2026-08-14T08:12:08+00:00
CVE-2026-62818,updated,2026-08-13,cve_2026_to_now,2026-08-14T08:12:08+00:00
CVE-2026-62819,updated,2026-08-13,cve_2026_to_now,2026-08-14T08:12:08+00:00
CVE-2026-62820,updated,2026-08-13,cve_2026_to_now,2026-08-14T08:12:08+00:00
CVE-2026-62822,updated,2026-08-13,cve_2026_to_now,2026-08-14T08:12:08+00:00
CVE-2026-62823,updated,2026-08-13,cve_2026_to_now,2026-08-14T08:12:08+00:00
CVE-2026-62824,updated,2026-08-13,cve_2026_to_now,2026-08-14T08:12:08+00:00
CVE-2026-62827,updated,2026-08-13,cve_2026_to_now,2026-08-14T08:12:08+00:00
CVE-2026-62829,updated,2026-08-13,cve_2026_to_now,2026-08-14T08:12:08+00:00
CVE-2026-62830,updated,2026-08-13,cve_2026_to_now,2026-08-14T08:12:08+00:00
CVE-2026-62832,updated,2026-08-13,cve_2026_to_now,2026-08-14T08:12:08+00:00
CVE-2026-62836,updated,2026-08-13,cve_2026_to_now,2026-08-14T08:12:08+00:00
CVE-2026-62837,updated,2026-08-13,cve_2026_to_now,2026-08-14T08:12:08+00:00
CVE-2026-62839,updated,2026-08-13,cve_2026_to_now,2026-08-14T08:12:08+00:00
CVE-2026-62842,updated,2026-08-13,cve_2026_to_now,2026-08-14T08:12:08+00:00
CVE-2026-62869,updated,2026-08-13,cve_2026_to_now,2026-08-14T08:12:08+00:00
CVE-2026-62871,updated,2026-08-13,cve_2026_to_now,2026-08-14T08:12:08+00:00
CVE-2026-62872,updated,2026-08-13,cve_2026_to_now,2026-08-14T08:12:08+00:00
CVE-2026-62873,updated,2026-08-13,cve_2026_to_now,2026-08-14T08:12:08+00:00
CVE-2026-62876,updated,2026-08-13,cve_2026_to_now,2026-08-14T08:12:08+00:00
CVE-2026-62877,updated,2026-08-13,cve_2026_to_now,2026-08-14T08:12:08+00:00
CVE-2026-62878,updated,2026-08-13,cve_2026_to_now,2026-08-14T08:12:08+00:00
CVE-2026-62880,updated,2026-08-13,cve_2026_to_now,2026-08-14T08:12:08+00:00
CVE-2026-62881,updated,2026-08-13,cve_2026_to_now,2026-08-14T08:12:08+00:00
CVE-2026-62882,updated,2026-08-13,cve_2026_to_now,2026-08-14T08:12:08+00:00
CVE-2026-62883,updated,2026-08-13,cve_2026_to_now,2026-08-14T08:12:08+00:00
CVE-2026-62885,updated,2026-08-13,cve_2026_to_now,2026-08-14T08:12:08+00:00
CVE-2026-62886,updated,2026-08-13,cve_2026_to_now,2026-08-14T08:12:08+00:00
CVE-2026-62887,updated,2026-08-13,cve_2026_to_now,2026-08-14T08:12:08+00:00
CVE-2026-62888,updated,2026-08-13,cve_2026_to_now,2026-08-14T08:12:08+00:00
CVE-2026-62889,updated,2026-08-13,cve_2026_to_now,2026-08-14T08:12:08+00:00
CVE-2026-62890,updated,2026-08-13,cve_2026_to_now,2026-08-14T08:12:08+00:00
CVE-2026-62892,updated,2026-08-13,cve_2026_to_now,2026-08-14T08:12:08+00:00
CVE-2026-62893,updated,2026-08-13,cve_2026_to_now,2026-08-14T08:12:08+00:00
CVE-2026-62894,updated,2026-08-13,cve_2026_to_now,2026-08-14T08:12:08+00:00
CVE-2026-62896,updated,2026-08-13,cve_2026_to_now,2026-08-14T08:12:08+00:00
CVE-2026-62897,updated,2026-08-13,cve_2026_to_now,2026-08-14T08:12:08+00:00
CVE-2026-62898,updated,2026-08-13,cve_2026_to_now,2026-08-14T08:12:08+00:00
CVE-2026-62899,updated,2026-08-13,cve_2026_to_now,2026-08-14T08:12:08+00:00
CVE-2026-62900,updated,2026-08-13,cve_2026_to_now,2026-08-14T08:12:08+00:00
CVE-2026-62901,updated,2026-08-13,cve_2026_to_now,2026-08-14T08:12:08+00:00
CVE-2026-62902,updated,2026-08-13,cve_2026_to_now,2026-08-14T08:12:08+00:00
CVE-2026-62908,updated,2026-08-13,cve_2026_to_now,2026-08-14T08:12:08+00:00
CVE-2026-62909,updated,2026-08-13,cve_2026_to_now,2026-08-14T08:12:08+00:00
CVE-2026-62910,updated,2026-08-13,cve_2026_to_now,2026-08-14T08:12:08+00:00
CVE-2026-62911,updated,2026-08-13,cve_2026_to_now,2026-08-14T08:12:08+00:00
CVE-2026-62912,updated,2026-08-13,cve_2026_to_now,2026-08-14T08:12:08+00:00
CVE-2026-62913,updated,2026-08-13,cve_2026_to_now,2026-08-14T08:12:08+00:00
CVE-2026-62914,updated,2026-08-13,cve_2026_to_now,2026-08-14T08:12:08+00:00
CVE-2026-62915,updated,2026-08-13,cve_2026_to_now,2026-08-14T08:12:08+00:00
CVE-2026-62917,updated,2026-08-13,cve_2026_to_now,2026-08-14T08:12:08+00:00
CVE-2026-62918,updated,2026-08-13,cve_2026_to_now,2026-08-14T08:12:08+00:00
CVE-2026-63134,updated,2026-08-13,cve_2026_to_now,2026-08-14T08:12:08+00:00
CVE-2026-63293,updated,2026-08-13,cve_2026_to_now,2026-08-14T08:12:08+00:00
CVE-2026-63294,updated,2026-08-13,cve_2026_to_now,2026-08-14T08:12:08+00:00
CVE-2026-63295,updated,2026-08-13,cve_2026_to_now,2026-08-14T08:12:08+00:00
CVE-2026-63296,updated,2026-08-13,cve_2026_to_now,2026-08-14T08:12:08+00:00
CVE-2026-63297,updated,2026-08-13,cve_2026_to_now,2026-08-14T08:12:08+00:00
CVE-2026-63298,updated,2026-08-13,cve_2026_to_now,2026-08-14T08:12:08+00:00
CVE-2026-63300,updated,2026-08-13,cve_2026_to_now,2026-08-14T08:12:08+00:00
CVE-2026-63423,added,,cve_2026_to_now,2026-08-14T08:12:08+00:00
CVE-2026-63424,added,,cve_2026_to_now,2026-08-14T08:12:08+00:00
CVE-2026-63425,added,,cve_2026_to_now,2026-08-14T08:12:08+00:00
CVE-2026-63426,added,,cve_2026_to_now,2026-08-14T08:12:08+00:00
CVE-2026-63508,updated,2026-08-13,cve_2026_to_now,2026-08-14T08:12:08+00:00
CVE-2026-63512,updated,2026-08-13,cve_2026_to_now,2026-08-14T08:12:08+00:00
CVE-2026-63513,updated,2026-08-13,cve_2026_to_now,2026-08-14T08:12:08+00:00
CVE-2026-63514,updated,2026-08-13,cve_2026_to_now,2026-08-14T08:12:08+00:00
CVE-2026-63515,updated,2026-08-13,cve_2026_to_now,2026-08-14T08:12:08+00:00
CVE-2026-63516,updated,2026-08-13,cve_2026_to_now,2026-08-14T08:12:08+00:00
CVE-2026-63517,updated,2026-08-13,cve_2026_to_now,2026-08-14T08:12:08+00:00
CVE-2026-63518,updated,2026-08-13,cve_2026_to_now,2026-08-14T08:12:08+00:00
CVE-2026-63519,updated,2026-08-13,cve_2026_to_now,2026-08-14T08:12:08+00:00
CVE-2026-63520,updated,2026-08-13,cve_2026_to_now,2026-08-14T08:12:08+00:00
CVE-2026-63521,updated,2026-08-13,cve_2026_to_now,2026-08-14T08:12:08+00:00
CVE-2026-63522,updated,2026-08-13,cve_2026_to_now,2026-08-14T08:12:08+00:00
CVE-2026-63524,updated,2026-08-13,cve_2026_to_now,2026-08-14T08:12:08+00:00
CVE-2026-63525,updated,2026-08-13,cve_2026_to_now,2026-08-14T08:12:08+00:00
CVE-2026-63526,updated,2026-08-13,cve_2026_to_now,2026-08-14T08:12:08+00:00
CVE-2026-63527,updated,2026-08-13,cve_2026_to_now,2026-08-14T08:12:08+00:00
CVE-2026-63528,updated,2026-08-13,cve_2026_to_now,2026-08-14T08:12:08+00:00
CVE-2026-63529,updated,2026-08-13,cve_2026_to_now,2026-08-14T08:12:08+00:00
CVE-2026-63530,updated,2026-08-13,cve_2026_to_now,2026-08-14T08:12:08+00:00
CVE-2026-63531,updated,2026-08-13,cve_2026_to_now,2026-08-14T08:12:08+00:00
CVE-2026-63532,updated,2026-08-13,cve_2026_to_now,2026-08-14T08:12:08+00:00
CVE-2026-63533,updated,2026-08-13,cve_2026_to_now,2026-08-14T08:12:08+00:00
CVE-2026-64607,updated,2026-08-13,cve_2026_to_now,2026-08-14T08:12:08+00:00
CVE-2026-64611,updated,2026-08-13,cve_2026_to_now,2026-08-14T08:12:08+00:00
CVE-2026-64676,updated,2026-08-13,cve_2026_to_now,2026-08-14T08:12:08+00:00
CVE-2026-64826,updated,2026-08-13,cve_2026_to_now,2026-08-14T08:12:08+00:00
CVE-2026-64897,updated,2026-08-13,cve_2026_to_now,2026-08-14T08:12:08+00:00
CVE-2026-64898,updated,2026-08-13,cve_2026_to_now,2026-08-14T08:12:08+00:00
CVE-2026-64899,updated,2026-08-13,cve_2026_to_now,2026-08-14T08:12:08+00:00
CVE-2026-64900,updated,2026-08-13,cve_2026_to_now,2026-08-14T08:12:08+00:00
CVE-2026-64901,updated,2026-08-13,cve_2026_to_now,2026-08-14T08:12:08+00:00
CVE-2026-64902,updated,2026-08-13,cve_2026_to_now,2026-08-14T08:12:08+00:00
CVE-2026-64903,updated,2026-08-13,cve_2026_to_now,2026-08-14T08:12:08+00:00
CVE-2026-64904,updated,2026-08-13,cve_2026_to_now,2026-08-14T08:12:08+00:00
CVE-2026-64905,updated,2026-08-13,cve_2026_to_now,2026-08-14T08:12:08+00:00
CVE-2026-64906,updated,2026-08-13,cve_2026_to_now,2026-08-14T08:12:08+00:00
CVE-2026-64907,updated,2026-08-13,cve_2026_to_now,2026-08-14T08:12:08+00:00
CVE-2026-64908,updated,2026-08-13,cve_2026_to_now,2026-08-14T08:12:08+00:00
CVE-2026-64909,updated,2026-08-13,cve_2026_to_now,2026-08-14T08:12:08+00:00
CVE-2026-64910,updated,2026-08-13,cve_2026_to_now,2026-08-14T08:12:08+00:00
CVE-2026-64911,updated,2026-08-13,cve_2026_to_now,2026-08-14T08:12:08+00:00
CVE-2026-64912,updated,2026-08-13,cve_2026_to_now,2026-08-14T08:12:08+00:00
CVE-2026-64914,updated,2026-08-13,cve_2026_to_now,2026-08-14T08:12:08+00:00
CVE-2026-64915,updated,2026-08-13,cve_2026_to_now,2026-08-14T08:12:08+00:00
CVE-2026-64916,updated,2026-08-13,cve_2026_to_now,2026-08-14T08:12:08+00:00
CVE-2026-64917,updated,2026-08-13,cve_2026_to_now,2026-08-14T08:12:08+00:00
CVE-2026-64919,updated,2026-08-13,cve_2026_to_now,2026-08-14T08:12:08+00:00
CVE-2026-64920,updated,2026-08-13,cve_2026_to_now,2026-08-14T08:12:08+00:00
CVE-2026-64921,updated,2026-08-13,cve_2026_to_now,2026-08-14T08:12:08+00:00
CVE-2026-64922,updated,2026-08-13,cve_2026_to_now,2026-08-14T08:12:08+00:00
CVE-2026-64954,updated,2026-08-13,cve_2026_to_now,2026-08-14T08:12:08+00:00
CVE-2026-65017,updated,2026-08-13,cve_2026_to_now,2026-08-14T08:12:08+00:00
CVE-2026-65370,updated,2026-08-13,cve_2026_to_now,2026-08-14T08:12:08+00:00
CVE-2026-65400,updated,2026-08-07,cve_2026_to_now,2026-08-14T08:12:08+00:00
CVE-2026-65580,added,,cve_2026_to_now,2026-08-14T08:12:08+00:00
CVE-2026-65582,added,,cve_2026_to_now,2026-08-14T08:12:08+00:00
CVE-2026-65656,updated,2026-08-13,cve_2026_to_now,2026-08-14T08:12:08+00:00
CVE-2026-65657,updated,2026-08-13,cve_2026_to_now,2026-08-14T08:12:08+00:00
CVE-2026-65658,updated,2026-08-13,cve_2026_to_now,2026-08-14T08:12:08+00:00
CVE-2026-65660,updated,2026-08-13,cve_2026_to_now,2026-08-14T08:12:08+00:00
CVE-2026-65661,updated,2026-08-13,cve_2026_to_now,2026-08-14T08:12:08+00:00
CVE-2026-65662,updated,2026-08-13,cve_2026_to_now,2026-08-14T08:12:08+00:00
CVE-2026-65663,updated,2026-08-13,cve_2026_to_now,2026-08-14T08:12:08+00:00
CVE-2026-65664,updated,2026-08-13,cve_2026_to_now,2026-08-14T08:12:08+00:00
CVE-2026-65665,updated,2026-08-13,cve_2026_to_now,2026-08-14T08:12:08+00:00
CVE-2026-65667,updated,2026-08-13,cve_2026_to_now,2026-08-14T08:12:08+00:00
CVE-2026-65668,updated,2026-08-13,cve_2026_to_now,2026-08-14T08:12:08+00:00
CVE-2026-65671,updated,2026-08-13,cve_2026_to_now,2026-08-14T08:12:08+00:00
CVE-2026-65672,updated,2026-08-13,cve_2026_to_now,2026-08-14T08:12:08+00:00
CVE-2026-65673,updated,2026-08-13,cve_2026_to_now,2026-08-14T08:12:08+00:00
CVE-2026-65675,updated,2026-08-13,cve_2026_to_now,2026-08-14T08:12:08+00:00
CVE-2026-65678,updated,2026-08-13,cve_2026_to_now,2026-08-14T08:12:08+00:00
CVE-2026-65679,updated,2026-08-13,cve_2026_to_now,2026-08-14T08:12:08+00:00
CVE-2026-65680,updated,2026-08-13,cve_2026_to_now,2026-08-14T08:12:08+00:00
CVE-2026-65681,updated,2026-08-13,cve_2026_to_now,2026-08-14T08:12:08+00:00
CVE-2026-65767,updated,2026-08-13,cve_2026_to_now,2026-08-14T08:12:08+00:00
CVE-2026-65768,updated,2026-08-13,cve_2026_to_now,2026-08-14T08:12:08+00:00
CVE-2026-65769,updated,2026-08-13,cve_2026_to_now,2026-08-14T08:12:08+00:00
CVE-2026-65773,updated,2026-08-13,cve_2026_to_now,2026-08-14T08:12:08+00:00
CVE-2026-65774,updated,2026-08-13,cve_2026_to_now,2026-08-14T08:12:08+00:00
CVE-2026-65775,updated,2026-08-13,cve_2026_to_now,2026-08-14T08:12:08+00:00
CVE-2026-65776,updated,2026-08-13,cve_2026_to_now,2026-08-14T08:12:08+00:00
CVE-2026-65777,updated,2026-08-13,cve_2026_to_now,2026-08-14T08:12:08+00:00
CVE-2026-65778,updated,2026-08-13,cve_2026_to_now,2026-08-14T08:12:08+00:00
CVE-2026-65779,updated,2026-08-13,cve_2026_to_now,2026-08-14T08:12:08+00:00
CVE-2026-65780,updated,2026-08-13,cve_2026_to_now,2026-08-14T08:12:08+00:00
CVE-2026-65781,updated,2026-08-13,cve_2026_to_now,2026-08-14T08:12:08+00:00
CVE-2026-65782,updated,2026-08-13,cve_2026_to_now,2026-08-14T08:12:08+00:00
CVE-2026-65783,updated,2026-08-13,cve_2026_to_now,2026-08-14T08:12:08+00:00
CVE-2026-65784,updated,2026-08-13,cve_2026_to_now,2026-08-14T08:12:08+00:00
CVE-2026-65785,updated,2026-08-13,cve_2026_to_now,2026-08-14T08:12:08+00:00
CVE-2026-65786,updated,2026-08-13,cve_2026_to_now,2026-08-14T08:12:08+00:00
CVE-2026-65787,updated,2026-08-13,cve_2026_to_now,2026-08-14T08:12:08+00:00
CVE-2026-65788,updated,2026-08-13,cve_2026_to_now,2026-08-14T08:12:08+00:00
CVE-2026-65789,updated,2026-08-13,cve_2026_to_now,2026-08-14T08:12:08+00:00
CVE-2026-65790,updated,2026-08-13,cve_2026_to_now,2026-08-14T08:12:08+00:00
CVE-2026-65791,updated,2026-08-13,cve_2026_to_now,2026-08-14T08:12:08+00:00
CVE-2026-65794,updated,2026-08-13,cve_2026_to_now,2026-08-14T08:12:08+00:00
CVE-2026-65795,updated,2026-08-13,cve_2026_to_now,2026-08-14T08:12:08+00:00
CVE-2026-65796,updated,2026-08-13,cve_2026_to_now,2026-08-14T08:12:08+00:00
CVE-2026-65797,updated,2026-08-13,cve_2026_to_now,2026-08-14T08:12:08+00:00
CVE-2026-65798,updated,2026-08-13,cve_2026_to_now,2026-08-14T08:12:08+00:00
CVE-2026-65799,updated,2026-08-13,cve_2026_to_now,2026-08-14T08:12:08+00:00
CVE-2026-65806,updated,2026-08-13,cve_2026_to_now,2026-08-14T08:12:08+00:00
CVE-2026-65807,updated,2026-08-13,cve_2026_to_now,2026-08-14T08:12:08+00:00
CVE-2026-65810,updated,2026-08-13,cve_2026_to_now,2026-08-14T08:12:08+00:00
CVE-2026-65811,updated,2026-08-13,cve_2026_to_now,2026-08-14T08:12:08+00:00
CVE-2026-65813,updated,2026-08-13,cve_2026_to_now,2026-08-14T08:12:08+00:00
CVE-2026-65814,updated,2026-08-13,cve_2026_to_now,2026-08-14T08:12:08+00:00
CVE-2026-65815,updated,2026-08-13,cve_2026_to_now,2026-08-14T08:12:08+00:00
CVE-2026-65932,added,,cve_2026_to_now,2026-08-14T08:12:08+00:00
CVE-2026-65933,added,,cve_2026_to_now,2026-08-14T08:12:08+00:00
CVE-2026-65934,added,,cve_2026_to_now,2026-08-14T08:12:08+00:00
CVE-2026-65935,added,,cve_2026_to_now,2026-08-14T08:12:08+00:00
CVE-2026-65936,added,,cve_2026_to_now,2026-08-14T08:12:08+00:00
CVE-2026-66060,updated,2026-08-13,cve_2026_to_now,2026-08-14T08:12:08+00:00
CVE-2026-66256,added,,cve_2026_to_now,2026-08-14T08:12:08+00:00
CVE-2026-66301,updated,2026-08-13,cve_2026_to_now,2026-08-14T08:12:08+00:00
CVE-2026-66377,updated,2026-08-13,cve_2026_to_now,2026-08-14T08:12:08+00:00
CVE-2026-66378,updated,2026-08-13,cve_2026_to_now,2026-08-14T08:12:08+00:00
CVE-2026-66379,updated,2026-08-13,cve_2026_to_now,2026-08-14T08:12:08+00:00
CVE-2026-66424,added,,cve_2026_to_now,2026-08-14T08:12:08+00:00
CVE-2026-66426,added,,cve_2026_to_now,2026-08-14T08:12:08+00:00
CVE-2026-66429,added,,cve_2026_to_now,2026-08-14T08:12:08+00:00
CVE-2026-66430,added,,cve_2026_to_now,2026-08-14T08:12:08+00:00
CVE-2026-66431,added,,cve_2026_to_now,2026-08-14T08:12:08+00:00
CVE-2026-66432,added,,cve_2026_to_now,2026-08-14T08:12:08+00:00
CVE-2026-66436,added,,cve_2026_to_now,2026-08-14T08:12:08+00:00
CVE-2026-66441,added,,cve_2026_to_now,2026-08-14T08:12:08+00:00
CVE-2026-66443,added,,cve_2026_to_now,2026-08-14T08:12:08+00:00
CVE-2026-66444,added,,cve_2026_to_now,2026-08-14T08:12:08+00:00
CVE-2026-66446,added,,cve_2026_to_now,2026-08-14T08:12:08+00:00
CVE-2026-66449,added,,cve_2026_to_now,2026-08-14T08:12:08+00:00
CVE-2026-66450,added,,cve_2026_to_now,2026-08-14T08:12:08+00:00
CVE-2026-66453,added,,cve_2026_to_now,2026-08-14T08:12:08+00:00
CVE-2026-66454,added,,cve_2026_to_now,2026-08-14T08:12:08+00:00
CVE-2026-66455,added,,cve_2026_to_now,2026-08-14T08:12:08+00:00
CVE-2026-66456,added,,cve_2026_to_now,2026-08-14T08:12:08+00:00
CVE-2026-66458,added,,cve_2026_to_now,2026-08-14T08:12:08+00:00
CVE-2026-66459,added,,cve_2026_to_now,2026-08-14T08:12:08+00:00
CVE-2026-66460,added,,cve_2026_to_now,2026-08-14T08:12:08+00:00
CVE-2026-66461,added,,cve_2026_to_now,2026-08-14T08:12:08+00:00
CVE-2026-66462,added,,cve_2026_to_now,2026-08-14T08:12:08+00:00
CVE-2026-66463,added,,cve_2026_to_now,2026-08-14T08:12:08+00:00
CVE-2026-66464,added,,cve_2026_to_now,2026-08-14T08:12:08+00:00
CVE-2026-66465,added,,cve_2026_to_now,2026-08-14T08:12:08+00:00
CVE-2026-66466,added,,cve_2026_to_now,2026-08-14T08:12:08+00:00
CVE-2026-66467,added,,cve_2026_to_now,2026-08-14T08:12:08+00:00
CVE-2026-66468,added,,cve_2026_to_now,2026-08-14T08:12:08+00:00
CVE-2026-66469,added,,cve_2026_to_now,2026-08-14T08:12:08+00:00
CVE-2026-66471,added,,cve_2026_to_now,2026-08-14T08:12:08+00:00
CVE-2026-66472,added,,cve_2026_to_now,2026-08-14T08:12:08+00:00
CVE-2026-66478,added,,cve_2026_to_now,2026-08-14T08:12:08+00:00
CVE-2026-66653,added,,cve_2026_to_now,2026-08-14T08:12:08+00:00
CVE-2026-66654,added,,cve_2026_to_now,2026-08-14T08:12:08+00:00
CVE-2026-66655,added,,cve_2026_to_now,2026-08-14T08:12:08+00:00
CVE-2026-66656,added,,cve_2026_to_now,2026-08-14T08:12:08+00:00
CVE-2026-66657,added,,cve_2026_to_now,2026-08-14T08:12:08+00:00
CVE-2026-66658,added,,cve_2026_to_now,2026-08-14T08:12:08+00:00
CVE-2026-66660,added,,cve_2026_to_now,2026-08-14T08:12:08+00:00
CVE-2026-66661,added,,cve_2026_to_now,2026-08-14T08:12:08+00:00
CVE-2026-66687,added,,cve_2026_to_now,2026-08-14T08:12:08+00:00
CVE-2026-66689,added,,cve_2026_to_now,2026-08-14T08:12:08+00:00
CVE-2026-66691,added,,cve_2026_to_now,2026-08-14T08:12:08+00:00
CVE-2026-66693,added,,cve_2026_to_now,2026-08-14T08:12:08+00:00
CVE-2026-66697,added,,cve_2026_to_now,2026-08-14T08:12:08+00:00
CVE-2026-66698,added,,cve_2026_to_now,2026-08-14T08:12:08+00:00
CVE-2026-66700,added,,cve_2026_to_now,2026-08-14T08:12:08+00:00
CVE-2026-66704,added,,cve_2026_to_now,2026-08-14T08:12:08+00:00
CVE-2026-66799,updated,2026-08-13,cve_2026_to_now,2026-08-14T08:12:08+00:00
CVE-2026-66802,updated,2026-08-13,cve_2026_to_now,2026-08-14T08:12:08+00:00
CVE-2026-66804,updated,2026-08-13,cve_2026_to_now,2026-08-14T08:12:08+00:00
CVE-2026-66805,updated,2026-08-13,cve_2026_to_now,2026-08-14T08:12:08+00:00
CVE-2026-66806,updated,2026-08-13,cve_2026_to_now,2026-08-14T08:12:08+00:00
CVE-2026-66807,updated,2026-08-13,cve_2026_to_now,2026-08-14T08:12:08+00:00
CVE-2026-66808,updated,2026-08-13,cve_2026_to_now,2026-08-14T08:12:08+00:00
CVE-2026-66809,updated,2026-08-13,cve_2026_to_now,2026-08-14T08:12:08+00:00
CVE-2026-66810,updated,2026-08-13,cve_2026_to_now,2026-08-14T08:12:08+00:00
CVE-2026-66878,updated,2026-08-13,cve_2026_to_now,2026-08-14T08:12:08+00:00
CVE-2026-66898,updated,2026-08-13,cve_2026_to_now,2026-08-14T08:12:08+00:00
CVE-2026-67287,updated,2026-08-13,cve_2026_to_now,2026-08-14T08:12:08+00:00
CVE-2026-67579,updated,2026-08-13,cve_2026_to_now,2026-08-14T08:12:08+00:00
CVE-2026-67587,updated,2026-08-13,cve_2026_to_now,2026-08-14T08:12:08+00:00
CVE-2026-67613,added,,cve_2026_to_now,2026-08-14T08:12:08+00:00
CVE-2026-67614,added,2026-08-14,cve_2026_to_now,2026-08-14T08:12:08+00:00
CVE-2026-67986,added,,cve_2026_to_now,2026-08-14T08:12:08+00:00
CVE-2026-67990,added,,cve_2026_to_now,2026-08-14T08:12:08+00:00
CVE-2026-67991,added,,cve_2026_to_now,2026-08-14T08:12:08+00:00
CVE-2026-68082,updated,2026-08-13,cve_2026_to_now,2026-08-14T08:12:08+00:00
CVE-2026-68083,updated,2026-08-13,cve_2026_to_now,2026-08-14T08:12:08+00:00
CVE-2026-68085,updated,2026-08-13,cve_2026_to_now,2026-08-14T08:12:08+00:00
CVE-2026-68091,updated,2026-08-13,cve_2026_to_now,2026-08-14T08:12:08+00:00
CVE-2026-68096,updated,2026-08-13,cve_2026_to_now,2026-08-14T08:12:08+00:00
CVE-2026-68097,updated,2026-08-13,cve_2026_to_now,2026-08-14T08:12:08+00:00
CVE-2026-68098,updated,2026-08-13,cve_2026_to_now,2026-08-14T08:12:08+00:00
CVE-2026-68100,updated,2026-08-13,cve_2026_to_now,2026-08-14T08:12:08+00:00
CVE-2026-68103,updated,2026-08-13,cve_2026_to_now,2026-08-14T08:12:08+00:00
CVE-2026-68104,updated,2026-08-13,cve_2026_to_now,2026-08-14T08:12:08+00:00
CVE-2026-68106,updated,2026-08-13,cve_2026_to_now,2026-08-14T08:12:08+00:00
CVE-2026-68107,updated,2026-08-13,cve_2026_to_now,2026-08-14T08:12:08+00:00
CVE-2026-68108,updated,2026-08-13,cve_2026_to_now,2026-08-14T08:12:08+00:00
CVE-2026-68116,updated,2026-08-13,cve_2026_to_now,2026-08-14T08:12:08+00:00
CVE-2026-68117,updated,2026-08-13,cve_2026_to_now,2026-08-14T08:12:08+00:00
CVE-2026-68118,updated,2026-08-13,cve_2026_to_now,2026-08-14T08:12:08+00:00
CVE-2026-68119,updated,2026-08-13,cve_2026_to_now,2026-08-14T08:12:08+00:00
CVE-2026-68120,updated,2026-08-13,cve_2026_to_now,2026-08-14T08:12:08+00:00
CVE-2026-68121,updated,2026-08-13,cve_2026_to_now,2026-08-14T08:12:08+00:00
CVE-2026-68123,updated,2026-08-13,cve_2026_to_now,2026-08-14T08:12:08+00:00
CVE-2026-68124,updated,2026-08-13,cve_2026_to_now,2026-08-14T08:12:08+00:00
CVE-2026-68125,updated,2026-08-13,cve_2026_to_now,2026-08-14T08:12:08+00:00
CVE-2026-68127,updated,2026-08-13,cve_2026_to_now,2026-08-14T08:12:08+00:00
CVE-2026-68128,updated,2026-08-13,cve_2026_to_now,2026-08-14T08:12:08+00:00
CVE-2026-68129,updated,2026-08-13,cve_2026_to_now,2026-08-14T08:12:08+00:00
CVE-2026-68131,updated,2026-08-13,cve_2026_to_now,2026-08-14T08:12:08+00:00
CVE-2026-68134,updated,2026-08-13,cve_2026_to_now,2026-08-14T08:12:08+00:00
CVE-2026-68136,updated,2026-08-13,cve_2026_to_now,2026-08-14T08:12:08+00:00
CVE-2026-68137,updated,2026-08-13,cve_2026_to_now,2026-08-14T08:12:08+00:00
CVE-2026-68138,updated,2026-08-13,cve_2026_to_now,2026-08-14T08:12:08+00:00
CVE-2026-68140,updated,2026-08-13,cve_2026_to_now,2026-08-14T08:12:08+00:00
CVE-2026-68141,updated,2026-08-13,cve_2026_to_now,2026-08-14T08:12:08+00:00
CVE-2026-68142,updated,2026-08-13,cve_2026_to_now,2026-08-14T08:12:08+00:00
CVE-2026-68143,updated,2026-08-13,cve_2026_to_now,2026-08-14T08:12:08+00:00
CVE-2026-68144,updated,2026-08-13,cve_2026_to_now,2026-08-14T08:12:08+00:00
CVE-2026-68145,updated,2026-08-13,cve_2026_to_now,2026-08-14T08:12:08+00:00
CVE-2026-68147,updated,2026-08-13,cve_2026_to_now,2026-08-14T08:12:08+00:00
CVE-2026-68148,updated,2026-08-13,cve_2026_to_now,2026-08-14T08:12:08+00:00
CVE-2026-68149,updated,2026-08-13,cve_2026_to_now,2026-08-14T08:12:08+00:00
CVE-2026-68152,updated,2026-08-13,cve_2026_to_now,2026-08-14T08:12:08+00:00
CVE-2026-68153,updated,2026-08-13,cve_2026_to_now,2026-08-14T08:12:08+00:00
CVE-2026-68154,updated,2026-08-13,cve_2026_to_now,2026-08-14T08:12:08+00:00
CVE-2026-68155,updated,2026-08-13,cve_2026_to_now,2026-08-14T08:12:08+00:00
CVE-2026-68156,updated,2026-08-13,cve_2026_to_now,2026-08-14T08:12:08+00:00
CVE-2026-68157,updated,2026-08-13,cve_2026_to_now,2026-08-14T08:12:08+00:00
CVE-2026-68158,updated,2026-08-13,cve_2026_to_now,2026-08-14T08:12:08+00:00
CVE-2026-68159,updated,2026-08-13,cve_2026_to_now,2026-08-14T08:12:08+00:00
CVE-2026-68160,updated,2026-08-13,cve_2026_to_now,2026-08-14T08:12:08+00:00
CVE-2026-68161,updated,2026-08-13,cve_2026_to_now,2026-08-14T08:12:08+00:00
CVE-2026-68162,updated,2026-08-13,cve_2026_to_now,2026-08-14T08:12:08+00:00
CVE-2026-68163,updated,2026-08-13,cve_2026_to_now,2026-08-14T08:12:08+00:00
CVE-2026-68170,updated,2026-08-13,cve_2026_to_now,2026-08-14T08:12:08+00:00
CVE-2026-68172,updated,2026-08-13,cve_2026_to_now,2026-08-14T08:12:08+00:00
CVE-2026-68173,updated,2026-08-13,cve_2026_to_now,2026-08-14T08:12:08+00:00
CVE-2026-68177,updated,2026-08-13,cve_2026_to_now,2026-08-14T08:12:08+00:00
CVE-2026-68178,updated,2026-08-13,cve_2026_to_now,2026-08-14T08:12:08+00:00
CVE-2026-68179,updated,2026-08-13,cve_2026_to_now,2026-08-14T08:12:08+00:00
CVE-2026-68189,updated,2026-08-13,cve_2026_to_now,2026-08-14T08:12:08+00:00
CVE-2026-68192,updated,2026-08-13,cve_2026_to_now,2026-08-14T08:12:08+00:00
CVE-2026-68196,updated,2026-08-13,cve_2026_to_now,2026-08-14T08:12:08+00:00
CVE-2026-68198,updated,2026-08-13,cve_2026_to_now,2026-08-14T08:12:08+00:00
CVE-2026-68199,updated,2026-08-13,cve_2026_to_now,2026-08-14T08:12:08+00:00
CVE-2026-68200,updated,2026-08-13,cve_2026_to_now,2026-08-14T08:12:08+00:00
CVE-2026-68201,updated,2026-08-13,cve_2026_to_now,2026-08-14T08:12:08+00:00
CVE-2026-68202,updated,2026-08-13,cve_2026_to_now,2026-08-14T08:12:08+00:00
CVE-2026-68204,updated,2026-08-13,cve_2026_to_now,2026-08-14T08:12:08+00:00
CVE-2026-68206,updated,2026-08-13,cve_2026_to_now,2026-08-14T08:12:08+00:00
CVE-2026-68209,updated,2026-08-13,cve_2026_to_now,2026-08-14T08:12:08+00:00
CVE-2026-68210,updated,2026-08-13,cve_2026_to_now,2026-08-14T08:12:08+00:00
CVE-2026-68213,updated,2026-08-13,cve_2026_to_now,2026-08-14T08:12:08+00:00
CVE-2026-68216,updated,2026-08-13,cve_2026_to_now,2026-08-14T08:12:08+00:00
CVE-2026-68219,updated,2026-08-13,cve_2026_to_now,2026-08-14T08:12:08+00:00
CVE-2026-68222,updated,2026-08-13,cve_2026_to_now,2026-08-14T08:12:08+00:00
CVE-2026-68228,updated,2026-08-13,cve_2026_to_now,2026-08-14T08:12:08+00:00
CVE-2026-68229,updated,2026-08-13,cve_2026_to_now,2026-08-14T08:12:08+00:00
CVE-2026-68230,updated,2026-08-13,cve_2026_to_now,2026-08-14T08:12:08+00:00
CVE-2026-68236,updated,2026-08-13,cve_2026_to_now,2026-08-14T08:12:08+00:00
CVE-2026-68240,updated,2026-08-13,cve_2026_to_now,2026-08-14T08:12:08+00:00
CVE-2026-68245,updated,2026-08-13,cve_2026_to_now,2026-08-14T08:12:08+00:00
CVE-2026-68253,updated,2026-08-13,cve_2026_to_now,2026-08-14T08:12:08+00:00
CVE-2026-68255,updated,2026-08-13,cve_2026_to_now,2026-08-14T08:12:08+00:00
CVE-2026-68257,updated,2026-08-13,cve_2026_to_now,2026-08-14T08:12:08+00:00
CVE-2026-68258,updated,2026-08-13,cve_2026_to_now,2026-08-14T08:12:08+00:00
CVE-2026-68260,updated,2026-08-13,cve_2026_to_now,2026-08-14T08:12:08+00:00
CVE-2026-68262,updated,2026-08-13,cve_2026_to_now,2026-08-14T08:12:08+00:00
CVE-2026-68263,updated,2026-08-13,cve_2026_to_now,2026-08-14T08:12:08+00:00
CVE-2026-68264,updated,2026-08-13,cve_2026_to_now,2026-08-14T08:12:08+00:00
CVE-2026-68265,updated,2026-08-13,cve_2026_to_now,2026-08-14T08:12:08+00:00
CVE-2026-68266,updated,2026-08-13,cve_2026_to_now,2026-08-14T08:12:08+00:00
CVE-2026-68273,updated,2026-08-13,cve_2026_to_now,2026-08-14T08:12:08+00:00
CVE-2026-68274,updated,2026-08-13,cve_2026_to_now,2026-08-14T08:12:08+00:00
CVE-2026-68283,updated,2026-08-13,cve_2026_to_now,2026-08-14T08:12:08+00:00
CVE-2026-68284,updated,2026-08-13,cve_2026_to_now,2026-08-14T08:12:08+00:00
CVE-2026-68287,updated,2026-08-13,cve_2026_to_now,2026-08-14T08:12:08+00:00
CVE-2026-68290,updated,2026-08-13,cve_2026_to_now,2026-08-14T08:12:08+00:00
CVE-2026-68293,updated,2026-08-13,cve_2026_to_now,2026-08-14T08:12:08+00:00
CVE-2026-68294,updated,2026-08-13,cve_2026_to_now,2026-08-14T08:12:08+00:00
CVE-2026-68295,updated,2026-08-13,cve_2026_to_now,2026-08-14T08:12:08+00:00
CVE-2026-68297,updated,2026-08-13,cve_2026_to_now,2026-08-14T08:12:08+00:00
CVE-2026-68298,updated,2026-08-13,cve_2026_to_now,2026-08-14T08:12:08+00:00
CVE-2026-68299,updated,2026-08-13,cve_2026_to_now,2026-08-14T08:12:08+00:00
CVE-2026-68300,updated,2026-08-13,cve_2026_to_now,2026-08-14T08:12:08+00:00
CVE-2026-68302,updated,2026-08-13,cve_2026_to_now,2026-08-14T08:12:08+00:00
CVE-2026-68305,updated,2026-08-13,cve_2026_to_now,2026-08-14T08:12:08+00:00
CVE-2026-68314,updated,2026-08-13,cve_2026_to_now,2026-08-14T08:12:08+00:00
CVE-2026-68315,updated,2026-08-13,cve_2026_to_now,2026-08-14T08:12:08+00:00
CVE-2026-68316,updated,2026-08-13,cve_2026_to_now,2026-08-14T08:12:08+00:00
CVE-2026-68320,updated,2026-08-13,cve_2026_to_now,2026-08-14T08:12:08+00:00
CVE-2026-68323,updated,2026-08-13,cve_2026_to_now,2026-08-14T08:12:08+00:00
CVE-2026-68326,updated,2026-08-13,cve_2026_to_now,2026-08-14T08:12:08+00:00
CVE-2026-68329,updated,2026-08-13,cve_2026_to_now,2026-08-14T08:12:08+00:00
CVE-2026-68330,updated,2026-08-13,cve_2026_to_now,2026-08-14T08:12:08+00:00
CVE-2026-68335,updated,2026-08-13,cve_2026_to_now,2026-08-14T08:12:08+00:00
CVE-2026-68338,updated,2026-08-13,cve_2026_to_now,2026-08-14T08:12:08+00:00
CVE-2026-68340,updated,2026-08-13,cve_2026_to_now,2026-08-14T08:12:08+00:00
CVE-2026-68341,updated,2026-08-13,cve_2026_to_now,2026-08-14T08:12:08+00:00
CVE-2026-68343,updated,2026-08-13,cve_2026_to_now,2026-08-14T08:12:08+00:00
CVE-2026-68348,updated,2026-08-13,cve_2026_to_now,2026-08-14T08:12:08+00:00
CVE-2026-68352,updated,2026-08-13,cve_2026_to_now,2026-08-14T08:12:08+00:00
CVE-2026-68353,updated,2026-08-13,cve_2026_to_now,2026-08-14T08:12:08+00:00
CVE-2026-68354,updated,2026-08-13,cve_2026_to_now,2026-08-14T08:12:08+00:00
CVE-2026-68370,updated,2026-08-13,cve_2026_to_now,2026-08-14T08:12:08+00:00
CVE-2026-68371,updated,2026-08-13,cve_2026_to_now,2026-08-14T08:12:08+00:00
CVE-2026-68373,updated,2026-08-13,cve_2026_to_now,2026-08-14T08:12:08+00:00
CVE-2026-68374,updated,2026-08-13,cve_2026_to_now,2026-08-14T08:12:08+00:00
CVE-2026-68376,updated,2026-08-13,cve_2026_to_now,2026-08-14T08:12:08+00:00
CVE-2026-68377,updated,2026-08-13,cve_2026_to_now,2026-08-14T08:12:08+00:00
CVE-2026-68379,updated,2026-08-13,cve_2026_to_now,2026-08-14T08:12:08+00:00
CVE-2026-68380,updated,2026-08-13,cve_2026_to_now,2026-08-14T08:12:08+00:00
CVE-2026-68381,updated,2026-08-13,cve_2026_to_now,2026-08-14T08:12:08+00:00
CVE-2026-68382,updated,2026-08-13,cve_2026_to_now,2026-08-14T08:12:08+00:00
CVE-2026-68383,updated,2026-08-13,cve_2026_to_now,2026-08-14T08:12:08+00:00
CVE-2026-68384,updated,2026-08-13,cve_2026_to_now,2026-08-14T08:12:08+00:00
CVE-2026-68385,updated,2026-08-13,cve_2026_to_now,2026-08-14T08:12:08+00:00
CVE-2026-68387,updated,2026-08-13,cve_2026_to_now,2026-08-14T08:12:08+00:00
CVE-2026-68388,updated,2026-08-13,cve_2026_to_now,2026-08-14T08:12:08+00:00
CVE-2026-68389,updated,2026-08-13,cve_2026_to_now,2026-08-14T08:12:08+00:00
CVE-2026-68390,updated,2026-08-13,cve_2026_to_now,2026-08-14T08:12:08+00:00
CVE-2026-68391,updated,2026-08-13,cve_2026_to_now,2026-08-14T08:12:08+00:00
CVE-2026-68392,updated,2026-08-13,cve_2026_to_now,2026-08-14T08:12:08+00:00
CVE-2026-68393,updated,2026-08-13,cve_2026_to_now,2026-08-14T08:12:08+00:00
CVE-2026-68394,updated,2026-08-13,cve_2026_to_now,2026-08-14T08:12:08+00:00
CVE-2026-68397,updated,2026-08-13,cve_2026_to_now,2026-08-14T08:12:08+00:00
CVE-2026-68398,updated,2026-08-13,cve_2026_to_now,2026-08-14T08:12:08+00:00
CVE-2026-68399,updated,2026-08-13,cve_2026_to_now,2026-08-14T08:12:08+00:00
CVE-2026-68400,updated,2026-08-13,cve_2026_to_now,2026-08-14T08:12:08+00:00
CVE-2026-68401,updated,2026-08-13,cve_2026_to_now,2026-08-14T08:12:08+00:00
CVE-2026-68402,updated,2026-08-13,cve_2026_to_now,2026-08-14T08:12:08+00:00
CVE-2026-68404,updated,2026-08-13,cve_2026_to_now,2026-08-14T08:12:08+00:00
CVE-2026-68409,updated,2026-08-13,cve_2026_to_now,2026-08-14T08:12:08+00:00
CVE-2026-68414,updated,2026-08-13,cve_2026_to_now,2026-08-14T08:12:08+00:00
CVE-2026-68415,updated,2026-08-13,cve_2026_to_now,2026-08-14T08:12:08+00:00
CVE-2026-68417,updated,2026-08-13,cve_2026_to_now,2026-08-14T08:12:08+00:00
CVE-2026-68419,updated,2026-08-13,cve_2026_to_now,2026-08-14T08:12:08+00:00
CVE-2026-68420,updated,2026-08-13,cve_2026_to_now,2026-08-14T08:12:08+00:00
CVE-2026-68425,updated,2026-08-13,cve_2026_to_now,2026-08-14T08:12:08+00:00
CVE-2026-68426,updated,2026-08-13,cve_2026_to_now,2026-08-14T08:12:08+00:00
CVE-2026-68427,updated,2026-08-13,cve_2026_to_now,2026-08-14T08:12:08+00:00
CVE-2026-68431,updated,2026-08-13,cve_2026_to_now,2026-08-14T08:12:08+00:00
CVE-2026-68432,updated,2026-08-13,cve_2026_to_now,2026-08-14T08:12:08+00:00
CVE-2026-68433,updated,2026-08-13,cve_2026_to_now,2026-08-14T08:12:08+00:00
CVE-2026-68440,updated,2026-08-13,cve_2026_to_now,2026-08-14T08:12:08+00:00
CVE-2026-68442,updated,2026-08-13,cve_2026_to_now,2026-08-14T08:12:08+00:00
CVE-2026-68445,updated,2026-08-13,cve_2026_to_now,2026-08-14T08:12:08+00:00
CVE-2026-68446,updated,2026-08-13,cve_2026_to_now,2026-08-14T08:12:08+00:00
CVE-2026-68447,updated,2026-08-13,cve_2026_to_now,2026-08-14T08:12:08+00:00
CVE-2026-68451,added,,cve_2026_to_now,2026-08-14T08:12:08+00:00
CVE-2026-68452,added,,cve_2026_to_now,2026-08-14T08:12:08+00:00
CVE-2026-68453,added,,cve_2026_to_now,2026-08-14T08:12:08+00:00
CVE-2026-68454,added,,cve_2026_to_now,2026-08-14T08:12:08+00:00
CVE-2026-68752,updated,2026-08-13,cve_2026_to_now,2026-08-14T08:12:08+00:00
CVE-2026-68792,updated,2026-08-13,cve_2026_to_now,2026-08-14T08:12:08+00:00
CVE-2026-68793,updated,2026-08-13,cve_2026_to_now,2026-08-14T08:12:08+00:00
CVE-2026-68794,updated,2026-08-13,cve_2026_to_now,2026-08-14T08:12:08+00:00
CVE-2026-68795,updated,2026-08-13,cve_2026_to_now,2026-08-14T08:12:08+00:00
CVE-2026-68796,updated,2026-08-13,cve_2026_to_now,2026-08-14T08:12:08+00:00
CVE-2026-68797,updated,2026-08-13,cve_2026_to_now,2026-08-14T08:12:08+00:00
CVE-2026-68798,updated,2026-08-13,cve_2026_to_now,2026-08-14T08:12:08+00:00
CVE-2026-68799,updated,2026-08-13,cve_2026_to_now,2026-08-14T08:12:08+00:00
CVE-2026-68800,updated,2026-08-13,cve_2026_to_now,2026-08-14T08:12:08+00:00
CVE-2026-68801,updated,2026-08-13,cve_2026_to_now,2026-08-14T08:12:08+00:00
CVE-2026-68802,updated,2026-08-13,cve_2026_to_now,2026-08-14T08:12:08+00:00
CVE-2026-68803,updated,2026-08-13,cve_2026_to_now,2026-08-14T08:12:08+00:00
CVE-2026-68804,updated,2026-08-13,cve_2026_to_now,2026-08-14T08:12:08+00:00
CVE-2026-68805,updated,2026-08-13,cve_2026_to_now,2026-08-14T08:12:08+00:00
CVE-2026-68806,updated,2026-08-13,cve_2026_to_now,2026-08-14T08:12:08+00:00
CVE-2026-68807,updated,2026-08-13,cve_2026_to_now,2026-08-14T08:12:08+00:00
CVE-2026-68808,updated,2026-08-13,cve_2026_to_now,2026-08-14T08:12:08+00:00
CVE-2026-68809,updated,2026-08-13,cve_2026_to_now,2026-08-14T08:12:08+00:00
CVE-2026-68810,updated,2026-08-13,cve_2026_to_now,2026-08-14T08:12:08+00:00
CVE-2026-68811,updated,2026-08-13,cve_2026_to_now,2026-08-14T08:12:08+00:00
CVE-2026-68812,updated,2026-08-13,cve_2026_to_now,2026-08-14T08:12:08+00:00
CVE-2026-68813,updated,2026-08-13,cve_2026_to_now,2026-08-14T08:12:08+00:00
CVE-2026-68814,updated,2026-08-13,cve_2026_to_now,2026-08-14T08:12:08+00:00
CVE-2026-68815,updated,2026-08-13,cve_2026_to_now,2026-08-14T08:12:08+00:00
CVE-2026-68816,updated,2026-08-13,cve_2026_to_now,2026-08-14T08:12:08+00:00
CVE-2026-68817,updated,2026-08-13,cve_2026_to_now,2026-08-14T08:12:08+00:00
CVE-2026-68819,updated,2026-08-13,cve_2026_to_now,2026-08-14T08:12:08+00:00
CVE-2026-68820,updated,2026-08-13,cve_2026_to_now,2026-08-14T08:12:08+00:00
CVE-2026-68821,updated,2026-08-13,cve_2026_to_now,2026-08-14T08:12:08+00:00
CVE-2026-68823,updated,2026-08-13,cve_2026_to_now,2026-08-14T08:12:08+00:00
CVE-2026-68968,updated,2026-08-13,cve_2026_to_now,2026-08-14T08:12:08+00:00
CVE-2026-68969,updated,2026-08-13,cve_2026_to_now,2026-08-14T08:12:08+00:00
CVE-2026-68971,updated,2026-08-13,cve_2026_to_now,2026-08-14T08:12:08+00:00
CVE-2026-69105,updated,2026-08-13,cve_2026_to_now,2026-08-14T08:12:08+00:00
CVE-2026-69106,updated,2026-08-13,cve_2026_to_now,2026-08-14T08:12:08+00:00
CVE-2026-69117,updated,2026-08-13,cve_2026_to_now,2026-08-14T08:12:08+00:00
CVE-2026-69278,updated,2026-08-13,cve_2026_to_now,2026-08-14T08:12:08+00:00
CVE-2026-69306,updated,2026-08-13,cve_2026_to_now,2026-08-14T08:12:08+00:00
CVE-2026-69320,updated,2026-08-13,cve_2026_to_now,2026-08-14T08:12:08+00:00
CVE-2026-70130,updated,2026-08-13,cve_2026_to_now,2026-08-14T08:12:08+00:00
CVE-2026-70304,updated,2026-08-13,cve_2026_to_now,2026-08-14T08:12:08+00:00
CVE-2026-70306,updated,2026-08-13,cve_2026_to_now,2026-08-14T08:12:08+00:00
CVE-2026-70307,updated,2026-08-13,cve_2026_to_now,2026-08-14T08:12:08+00:00
CVE-2026-70310,updated,2026-08-13,cve_2026_to_now,2026-08-14T08:12:08+00:00
CVE-2026-70311,updated,2026-08-13,cve_2026_to_now,2026-08-14T08:12:08+00:00
CVE-2026-70312,updated,2026-08-13,cve_2026_to_now,2026-08-14T08:12:08+00:00
CVE-2026-70313,updated,2026-08-13,cve_2026_to_now,2026-08-14T08:12:08+00:00
CVE-2026-70314,updated,2026-08-13,cve_2026_to_now,2026-08-14T08:12:08+00:00
CVE-2026-70315,updated,2026-08-13,cve_2026_to_now,2026-08-14T08:12:08+00:00
CVE-2026-70316,updated,2026-08-13,cve_2026_to_now,2026-08-14T08:12:08+00:00
CVE-2026-70317,updated,2026-08-13,cve_2026_to_now,2026-08-14T08:12:08+00:00
CVE-2026-70318,updated,2026-08-13,cve_2026_to_now,2026-08-14T08:12:08+00:00
CVE-2026-70319,updated,2026-08-13,cve_2026_to_now,2026-08-14T08:12:08+00:00
CVE-2026-70320,updated,2026-08-13,cve_2026_to_now,2026-08-14T08:12:08+00:00
CVE-2026-70321,updated,2026-08-13,cve_2026_to_now,2026-08-14T08:12:08+00:00
CVE-2026-70322,updated,2026-08-13,cve_2026_to_now,2026-08-14T08:12:08+00:00
CVE-2026-70323,updated,2026-08-13,cve_2026_to_now,2026-08-14T08:12:08+00:00
CVE-2026-70324,updated,2026-08-13,cve_2026_to_now,2026-08-14T08:12:08+00:00
CVE-2026-70325,updated,2026-08-13,cve_2026_to_now,2026-08-14T08:12:08+00:00
CVE-2026-70326,updated,2026-08-13,cve_2026_to_now,2026-08-14T08:12:08+00:00
CVE-2026-70327,updated,2026-08-13,cve_2026_to_now,2026-08-14T08:12:08+00:00
CVE-2026-70328,updated,2026-08-13,cve_2026_to_now,2026-08-14T08:12:08+00:00
CVE-2026-70329,updated,2026-08-13,cve_2026_to_now,2026-08-14T08:12:08+00:00
CVE-2026-70330,updated,2026-08-13,cve_2026_to_now,2026-08-14T08:12:08+00:00
CVE-2026-70332,updated,2026-08-13,cve_2026_to_now,2026-08-14T08:12:08+00:00
CVE-2026-70335,updated,2026-08-13,cve_2026_to_now,2026-08-14T08:12:08+00:00
CVE-2026-70336,updated,2026-08-13,cve_2026_to_now,2026-08-14T08:12:08+00:00
CVE-2026-70337,updated,2026-08-13,cve_2026_to_now,2026-08-14T08:12:08+00:00
CVE-2026-70338,updated,2026-08-13,cve_2026_to_now,2026-08-14T08:12:08+00:00
CVE-2026-70339,updated,2026-08-13,cve_2026_to_now,2026-08-14T08:12:08+00:00
CVE-2026-70340,updated,2026-08-13,cve_2026_to_now,2026-08-14T08:12:08+00:00
CVE-2026-70344,updated,2026-08-13,cve_2026_to_now,2026-08-14T08:12:08+00:00
CVE-2026-70345,updated,2026-08-13,cve_2026_to_now,2026-08-14T08:12:08+00:00
CVE-2026-70346,updated,2026-08-13,cve_2026_to_now,2026-08-14T08:12:08+00:00
CVE-2026-70347,updated,2026-08-13,cve_2026_to_now,2026-08-14T08:12:08+00:00
CVE-2026-70348,updated,2026-08-13,cve_2026_to_now,2026-08-14T08:12:08+00:00
CVE-2026-70354,updated,2026-08-13,cve_2026_to_now,2026-08-14T08:12:08+00:00
CVE-2026-70355,updated,2026-08-13,cve_2026_to_now,2026-08-14T08:12:08+00:00
CVE-2026-70452,added,,cve_2026_to_now,2026-08-14T08:12:08+00:00
CVE-2026-70453,added,,cve_2026_to_now,2026-08-14T08:12:08+00:00
CVE-2026-70454,added,,cve_2026_to_now,2026-08-14T08:12:08+00:00
CVE-2026-70455,added,,cve_2026_to_now,2026-08-14T08:12:08+00:00
CVE-2026-70456,added,,cve_2026_to_now,2026-08-14T08:12:08+00:00
CVE-2026-70457,added,,cve_2026_to_now,2026-08-14T08:12:08+00:00
CVE-2026-70458,added,,cve_2026_to_now,2026-08-14T08:12:08+00:00
CVE-2026-70459,added,,cve_2026_to_now,2026-08-14T08:12:08+00:00
CVE-2026-70460,added,,cve_2026_to_now,2026-08-14T08:12:08+00:00
CVE-2026-70461,added,,cve_2026_to_now,2026-08-14T08:12:08+00:00
CVE-2026-70462,added,,cve_2026_to_now,2026-08-14T08:12:08+00:00
CVE-2026-70463,added,,cve_2026_to_now,2026-08-14T08:12:08+00:00
CVE-2026-70464,added,,cve_2026_to_now,2026-08-14T08:12:08+00:00
CVE-2026-70467,updated,2026-08-13,cve_2026_to_now,2026-08-14T08:12:08+00:00
CVE-2026-70547,updated,2026-08-13,cve_2026_to_now,2026-08-14T08:12:08+00:00
CVE-2026-70556,updated,2026-08-13,cve_2026_to_now,2026-08-14T08:12:08+00:00
CVE-2026-71193,updated,2026-08-13,cve_2026_to_now,2026-08-14T08:12:08+00:00
CVE-2026-71194,updated,2026-08-13,cve_2026_to_now,2026-08-14T08:12:08+00:00
CVE-2026-71290,updated,2026-08-13,cve_2026_to_now,2026-08-14T08:12:08+00:00
CVE-2026-71331,updated,2026-08-13,cve_2026_to_now,2026-08-14T08:12:08+00:00
CVE-2026-71398,updated,2026-08-13,cve_2026_to_now,2026-08-14T08:12:08+00:00
CVE-2026-71471,updated,2026-08-13,cve_2026_to_now,2026-08-14T08:12:08+00:00
CVE-2026-71473,updated,2026-08-13,cve_2026_to_now,2026-08-14T08:12:08+00:00
CVE-2026-71475,updated,2026-08-13,cve_2026_to_now,2026-08-14T08:12:08+00:00
CVE-2026-72506,updated,,cve_2026_to_now,2026-08-14T08:12:08+00:00
CVE-2026-72508,updated,2026-08-13,cve_2026_to_now,2026-08-14T08:12:08+00:00
CVE-2026-72522,updated,2026-08-13,cve_2026_to_now,2026-08-14T08:12:08+00:00
CVE-2026-72629,added,,cve_2026_to_now,2026-08-14T08:12:08+00:00
CVE-2026-72630,added,2026-08-14,cve_2026_to_now,2026-08-14T08:12:08+00:00
CVE-2026-72631,added,2026-08-14,cve_2026_to_now,2026-08-14T08:12:08+00:00
CVE-2026-72632,added,,cve_2026_to_now,2026-08-14T08:12:08+00:00
CVE-2026-72636,added,,cve_2026_to_now,2026-08-14T08:12:08+00:00
CVE-2026-72638,added,,cve_2026_to_now,2026-08-14T08:12:08+00:00
CVE-2026-72639,added,,cve_2026_to_now,2026-08-14T08:12:08+00:00
CVE-2026-72640,added,,cve_2026_to_now,2026-08-14T08:12:08+00:00
CVE-2026-72642,added,2026-08-14,cve_2026_to_now,2026-08-14T08:12:08+00:00
CVE-2026-72643,added,,cve_2026_to_now,2026-08-14T08:12:08+00:00
CVE-2026-72645,added,,cve_2026_to_now,2026-08-14T08:12:08+00:00
CVE-2026-72647,added,,cve_2026_to_now,2026-08-14T08:12:08+00:00
CVE-2026-72648,added,,cve_2026_to_now,2026-08-14T08:12:08+00:00
CVE-2026-72650,added,,cve_2026_to_now,2026-08-14T08:12:08+00:00
CVE-2026-72651,added,,cve_2026_to_now,2026-08-14T08:12:08+00:00
CVE-2026-72653,added,,cve_2026_to_now,2026-08-14T08:12:08+00:00
CVE-2026-72655,added,,cve_2026_to_now,2026-08-14T08:12:08+00:00
CVE-2026-72656,added,,cve_2026_to_now,2026-08-14T08:12:08+00:00
CVE-2026-72657,added,,cve_2026_to_now,2026-08-14T08:12:08+00:00
CVE-2026-72658,added,2026-08-14,cve_2026_to_now,2026-08-14T08:12:08+00:00
CVE-2026-72659,added,,cve_2026_to_now,2026-08-14T08:12:08+00:00
CVE-2026-72660,added,,cve_2026_to_now,2026-08-14T08:12:08+00:00
CVE-2026-72661,added,,cve_2026_to_now,2026-08-14T08:12:08+00:00
CVE-2026-72663,added,,cve_2026_to_now,2026-08-14T08:12:08+00:00
CVE-2026-72664,added,,cve_2026_to_now,2026-08-14T08:12:08+00:00
CVE-2026-72665,added,,cve_2026_to_now,2026-08-14T08:12:08+00:00
CVE-2026-72666,added,,cve_2026_to_now,2026-08-14T08:12:08+00:00
CVE-2026-72667,added,,cve_2026_to_now,2026-08-14T08:12:08+00:00
CVE-2026-72669,added,,cve_2026_to_now,2026-08-14T08:12:08+00:00
CVE-2026-72670,added,,cve_2026_to_now,2026-08-14T08:12:08+00:00
CVE-2026-72671,added,,cve_2026_to_now,2026-08-14T08:12:08+00:00
CVE-2026-72672,added,,cve_2026_to_now,2026-08-14T08:12:08+00:00
CVE-2026-72673,added,,cve_2026_to_now,2026-08-14T08:12:08+00:00
CVE-2026-72674,added,,cve_2026_to_now,2026-08-14T08:12:08+00:00
CVE-2026-72675,added,,cve_2026_to_now,2026-08-14T08:12:08+00:00
CVE-2026-72676,added,,cve_2026_to_now,2026-08-14T08:12:08+00:00
CVE-2026-72677,added,,cve_2026_to_now,2026-08-14T08:12:08+00:00
CVE-2026-72678,added,,cve_2026_to_now,2026-08-14T08:12:08+00:00
CVE-2026-72679,added,,cve_2026_to_now,2026-08-14T08:12:08+00:00
CVE-2026-72680,added,,cve_2026_to_now,2026-08-14T08:12:08+00:00
CVE-2026-72681,added,2026-08-14,cve_2026_to_now,2026-08-14T08:12:08+00:00
CVE-2026-72683,added,,cve_2026_to_now,2026-08-14T08:12:08+00:00
CVE-2026-72684,added,,cve_2026_to_now,2026-08-14T08:12:08+00:00
CVE-2026-72685,added,,cve_2026_to_now,2026-08-14T08:12:08+00:00
CVE-2026-72686,added,,cve_2026_to_now,2026-08-14T08:12:08+00:00
CVE-2026-72687,added,,cve_2026_to_now,2026-08-14T08:12:08+00:00
CVE-2026-72693,updated,2026-08-13,cve_2026_to_now,2026-08-14T08:12:08+00:00
CVE-2026-72712,updated,2026-08-13,cve_2026_to_now,2026-08-14T08:12:08+00:00
CVE-2026-72719,updated,2026-08-13,cve_2026_to_now,2026-08-14T08:12:08+00:00
CVE-2026-72722,updated,2026-08-13,cve_2026_to_now,2026-08-14T08:12:08+00:00
CVE-2026-72727,updated,2026-08-13,cve_2026_to_now,2026-08-14T08:12:08+00:00
CVE-2026-72732,updated,2026-08-13,cve_2026_to_now,2026-08-14T08:12:08+00:00
CVE-2026-72737,updated,2026-08-13,cve_2026_to_now,2026-08-14T08:12:08+00:00
CVE-2026-72741,added,,cve_2026_to_now,2026-08-14T08:12:08+00:00
CVE-2026-72776,added,,cve_2026_to_now,2026-08-14T08:12:08+00:00
CVE-2026-72777,added,,cve_2026_to_now,2026-08-14T08:12:08+00:00
CVE-2026-72786,updated,2026-08-13,cve_2026_to_now,2026-08-14T08:12:08+00:00
CVE-2026-72839,added,,cve_2026_to_now,2026-08-14T08:12:08+00:00
CVE-2026-72840,added,,cve_2026_to_now,2026-08-14T08:12:08+00:00
CVE-2026-72841,added,,cve_2026_to_now,2026-08-14T08:12:08+00:00
CVE-2026-72842,added,,cve_2026_to_now,2026-08-14T08:12:08+00:00
CVE-2026-72849,added,,cve_2026_to_now,2026-08-14T08:12:08+00:00
CVE-2026-72850,added,,cve_2026_to_now,2026-08-14T08:12:08+00:00
CVE-2026-72851,added,,cve_2026_to_now,2026-08-14T08:12:08+00:00
CVE-2026-72853,added,,cve_2026_to_now,2026-08-14T08:12:08+00:00
CVE-2026-72855,added,,cve_2026_to_now,2026-08-14T08:12:08+00:00
CVE-2026-72856,added,,cve_2026_to_now,2026-08-14T08:12:08+00:00
CVE-2026-72857,added,,cve_2026_to_now,2026-08-14T08:12:08+00:00
CVE-2026-72862,updated,2026-08-13,cve_2026_to_now,2026-08-14T08:12:08+00:00
CVE-2026-72867,updated,2026-08-13,cve_2026_to_now,2026-08-14T08:12:08+00:00
CVE-2026-72872,updated,2026-08-13,cve_2026_to_now,2026-08-14T08:12:08+00:00
CVE-2026-72877,updated,2026-08-13,cve_2026_to_now,2026-08-14T08:12:08+00:00
CVE-2026-72882,updated,2026-08-13,cve_2026_to_now,2026-08-14T08:12:08+00:00
CVE-2026-72901,updated,2026-08-13,cve_2026_to_now,2026-08-14T08:12:08+00:00
CVE-2026-72907,updated,2026-08-13,cve_2026_to_now,2026-08-14T08:12:08+00:00
CVE-2026-72911,updated,2026-08-13,cve_2026_to_now,2026-08-14T08:12:08+00:00
CVE-2026-72916,updated,2026-08-13,cve_2026_to_now,2026-08-14T08:12:08+00:00
CVE-2026-72921,updated,2026-08-13,cve_2026_to_now,2026-08-14T08:12:08+00:00
CVE-2026-72922,updated,2026-08-13,cve_2026_to_now,2026-08-14T08:12:08+00:00
CVE-2026-72971,updated,2026-08-13,cve_2026_to_now,2026-08-14T08:12:08+00:00
CVE-2026-73034,updated,2026-08-13,cve_2026_to_now,2026-08-14T08:12:08+00:00
CVE-2026-73037,added,,cve_2026_to_now,2026-08-14T08:12:08+00:00
CVE-2026-73038,added,,cve_2026_to_now,2026-08-14T08:12:08+00:00
CVE-2026-73039,added,,cve_2026_to_now,2026-08-14T08:12:08+00:00
CVE-2026-73068,updated,2026-08-13,cve_2026_to_now,2026-08-14T08:12:08+00:00
CVE-2026-73072,updated,2026-08-13,cve_2026_to_now,2026-08-14T08:12:08+00:00
CVE-2026-73080,updated,2026-08-13,cve_2026_to_now,2026-08-14T08:12:08+00:00
CVE-2026-73083,updated,2026-08-13,cve_2026_to_now,2026-08-14T08:12:08+00:00
CVE-2026-73088,updated,2026-08-13,cve_2026_to_now,2026-08-14T08:12:08+00:00
CVE-2026-73089,updated,2026-08-13,cve_2026_to_now,2026-08-14T08:12:08+00:00
CVE-2026-73090,updated,2026-08-13,cve_2026_to_now,2026-08-14T08:12:08+00:00
CVE-2026-73188,added,,cve_2026_to_now,2026-08-14T08:12:08+00:00
CVE-2026-73213,updated,2026-08-13,cve_2026_to_now,2026-08-14T08:12:08+00:00
CVE-2026-73215,updated,2026-08-13,cve_2026_to_now,2026-08-14T08:12:08+00:00
CVE-2026-73218,updated,2026-08-13,cve_2026_to_now,2026-08-14T08:12:08+00:00
CVE-2026-73222,updated,2026-08-13,cve_2026_to_now,2026-08-14T08:12:08+00:00
CVE-2026-73224,updated,2026-08-13,cve_2026_to_now,2026-08-14T08:12:08+00:00
CVE-2026-73227,updated,2026-08-13,cve_2026_to_now,2026-08-14T08:12:08+00:00
CVE-2026-73228,updated,2026-08-13,cve_2026_to_now,2026-08-14T08:12:08+00:00
CVE-2026-73230,updated,2026-08-13,cve_2026_to_now,2026-08-14T08:12:08+00:00
CVE-2026-73231,updated,2026-08-13,cve_2026_to_now,2026-08-14T08:12:08+00:00
CVE-2026-73234,updated,2026-08-13,cve_2026_to_now,2026-08-14T08:12:08+00:00
CVE-2026-73239,updated,2026-08-13,cve_2026_to_now,2026-08-14T08:12:08+00:00
CVE-2026-73240,updated,2026-08-13,cve_2026_to_now,2026-08-14T08:12:08+00:00
CVE-2026-73241,updated,2026-08-13,cve_2026_to_now,2026-08-14T08:12:08+00:00
CVE-2026-73244,updated,2026-08-13,cve_2026_to_now,2026-08-14T08:12:08+00:00
CVE-2026-73246,updated,2026-08-13,cve_2026_to_now,2026-08-14T08:12:08+00:00
CVE-2026-73247,updated,2026-08-13,cve_2026_to_now,2026-08-14T08:12:08+00:00
CVE-2026-73250,updated,2026-08-13,cve_2026_to_now,2026-08-14T08:12:08+00:00
CVE-2026-73265,updated,2026-08-13,cve_2026_to_now,2026-08-14T08:12:08+00:00
CVE-2026-73266,added,,cve_2026_to_now,2026-08-14T08:12:08+00:00
CVE-2026-73287,updated,2026-08-13,cve_2026_to_now,2026-08-14T08:12:08+00:00
CVE-2026-73291,updated,2026-08-13,cve_2026_to_now,2026-08-14T08:12:08+00:00
CVE-2026-73295,updated,2026-08-13,cve_2026_to_now,2026-08-14T08:12:08+00:00
CVE-2026-73296,updated,2026-08-13,cve_2026_to_now,2026-08-14T08:12:08+00:00
CVE-2026-73302,added,,cve_2026_to_now,2026-08-14T08:12:08+00:00
CVE-2026-73304,added,,cve_2026_to_now,2026-08-14T08:12:08+00:00
CVE-2026-73305,added,,cve_2026_to_now,2026-08-14T08:12:08+00:00
CVE-2026-73306,updated,2026-08-13,cve_2026_to_now,2026-08-14T08:12:08+00:00
CVE-2026-73340,added,,cve_2026_to_now,2026-08-14T08:12:08+00:00
CVE-2026-73344,added,,cve_2026_to_now,2026-08-14T08:12:08+00:00
CVE-2026-73346,added,,cve_2026_to_now,2026-08-14T08:12:08+00:00
CVE-2026-73349,added,,cve_2026_to_now,2026-08-14T08:12:08+00:00
CVE-2026-73353,added,,cve_2026_to_now,2026-08-14T08:12:08+00:00
CVE-2026-73357,added,,cve_2026_to_now,2026-08-14T08:12:08+00:00
CVE-2026-73401,added,,cve_2026_to_now,2026-08-14T08:12:08+00:00
CVE-2026-73403,added,,cve_2026_to_now,2026-08-14T08:12:08+00:00
CVE-2026-73406,updated,2026-08-13,cve_2026_to_now,2026-08-14T08:12:08+00:00
CVE-2026-73408,added,,cve_2026_to_now,2026-08-14T08:12:08+00:00
CVE-2026-73412,updated,2026-08-13,cve_2026_to_now,2026-08-14T08:12:08+00:00
CVE-2026-73413,updated,2026-08-13,cve_2026_to_now,2026-08-14T08:12:08+00:00
CVE-2026-73416,added,,cve_2026_to_now,2026-08-14T08:12:08+00:00
CVE-2026-73417,added,,cve_2026_to_now,2026-08-14T08:12:08+00:00
CVE-2026-73418,updated,2026-08-13,cve_2026_to_now,2026-08-14T08:12:08+00:00
CVE-2026-73419,updated,2026-08-13,cve_2026_to_now,2026-08-14T08:12:08+00:00
CVE-2026-73420,added,,cve_2026_to_now,2026-08-14T08:12:08+00:00
CVE-2026-73421,added,,cve_2026_to_now,2026-08-14T08:12:08+00:00
CVE-2026-73423,updated,2026-08-13,cve_2026_to_now,2026-08-14T08:12:08+00:00
CVE-2026-73425,updated,2026-08-13,cve_2026_to_now,2026-08-14T08:12:08+00:00
CVE-2026-73427,updated,2026-08-13,cve_2026_to_now,2026-08-14T08:12:08+00:00
CVE-2026-73428,added,,cve_2026_to_now,2026-08-14T08:12:08+00:00
CVE-2026-73430,updated,2026-08-13,cve_2026_to_now,2026-08-14T08:12:08+00:00
CVE-2026-73434,updated,2026-08-13,cve_2026_to_now,2026-08-14T08:12:08+00:00
CVE-2026-73479,added,,cve_2026_to_now,2026-08-14T08:12:08+00:00
CVE-2026-73480,added,,cve_2026_to_now,2026-08-14T08:12:08+00:00
CVE-2026-73481,added,,cve_2026_to_now,2026-08-14T08:12:08+00:00
CVE-2026-73482,added,,cve_2026_to_now,2026-08-14T08:12:08+00:00
CVE-2026-73483,added,,cve_2026_to_now,2026-08-14T08:12:08+00:00
CVE-2026-73484,added,,cve_2026_to_now,2026-08-14T08:12:08+00:00
CVE-2026-73485,added,,cve_2026_to_now,2026-08-14T08:12:08+00:00
CVE-2026-73486,added,,cve_2026_to_now,2026-08-14T08:12:08+00:00
CVE-2026-73487,added,,cve_2026_to_now,2026-08-14T08:12:08+00:00
CVE-2026-73488,added,,cve_2026_to_now,2026-08-14T08:12:08+00:00
CVE-2026-73489,added,,cve_2026_to_now,2026-08-14T08:12:08+00:00
CVE-2026-73490,updated,2026-08-13,cve_2026_to_now,2026-08-14T08:12:08+00:00
CVE-2026-73491,updated,2026-08-13,cve_2026_to_now,2026-08-14T08:12:08+00:00
CVE-2026-73493,updated,2026-08-13,cve_2026_to_now,2026-08-14T08:12:08+00:00
CVE-2026-73495,updated,2026-08-13,cve_2026_to_now,2026-08-14T08:12:08+00:00
CVE-2026-73498,updated,2026-08-13,cve_2026_to_now,2026-08-14T08:12:08+00:00
CVE-2026-73500,updated,2026-08-13,cve_2026_to_now,2026-08-14T08:12:08+00:00
CVE-2026-73501,updated,2026-08-13,cve_2026_to_now,2026-08-14T08:12:08+00:00
CVE-2026-73505,added,,cve_2026_to_now,2026-08-14T08:12:08+00:00
CVE-2026-73506,added,,cve_2026_to_now,2026-08-14T08:12:08+00:00
CVE-2026-73507,added,,cve_2026_to_now,2026-08-14T08:12:08+00:00
CVE-2026-73508,added,,cve_2026_to_now,2026-08-14T08:12:08+00:00
CVE-2026-73509,added,,cve_2026_to_now,2026-08-14T08:12:08+00:00
CVE-2026-73514,added,,cve_2026_to_now,2026-08-14T08:12:08+00:00
CVE-2026-73515,added,,cve_2026_to_now,2026-08-14T08:12:08+00:00
CVE-2026-73519,updated,2026-08-13,cve_2026_to_now,2026-08-14T08:12:08+00:00
CVE-2026-73530,added,,cve_2026_to_now,2026-08-14T08:12:08+00:00
CVE-2026-73531,added,,cve_2026_to_now,2026-08-14T08:12:08+00:00
CVE-2026-73532,added,,cve_2026_to_now,2026-08-14T08:12:08+00:00
CVE-2026-73533,added,,cve_2026_to_now,2026-08-14T08:12:08+00:00
CVE-2026-73555,added,,cve_2026_to_now,2026-08-14T08:12:08+00:00
CVE-2026-73556,added,,cve_2026_to_now,2026-08-14T08:12:08+00:00
CVE-2026-73557,added,,cve_2026_to_now,2026-08-14T08:12:08+00:00
CVE-2026-73558,added,,cve_2026_to_now,2026-08-14T08:12:08+00:00
CVE-2026-73559,added,,cve_2026_to_now,2026-08-14T08:12:08+00:00
CVE-2026-73561,added,,cve_2026_to_now,2026-08-14T08:12:08+00:00
CVE-2026-73562,added,,cve_2026_to_now,2026-08-14T08:12:08+00:00
CVE-2026-73563,added,,cve_2026_to_now,2026-08-14T08:12:08+00:00
CVE-2026-73564,added,,cve_2026_to_now,2026-08-14T08:12:08+00:00
CVE-2026-73565,added,,cve_2026_to_now,2026-08-14T08:12:08+00:00
CVE-2026-73566,added,,cve_2026_to_now,2026-08-14T08:12:08+00:00
CVE-2026-73567,added,,cve_2026_to_now,2026-08-14T08:12:08+00:00
CVE-2026-73568,added,,cve_2026_to_now,2026-08-14T08:12:08+00:00
CVE-2026-73569,added,,cve_2026_to_now,2026-08-14T08:12:08+00:00
CVE-2026-73570,added,2026-08-14,cve_2026_to_now,2026-08-14T08:12:08+00:00
CVE-2026-73571,added,,cve_2026_to_now,2026-08-14T08:12:08+00:00
CVE-2026-73572,added,,cve_2026_to_now,2026-08-14T08:12:08+00:00
CVE-2026-73573,added,,cve_2026_to_now,2026-08-14T08:12:08+00:00
CVE-2026-73574,added,,cve_2026_to_now,2026-08-14T08:12:08+00:00
CVE-2026-73575,added,,cve_2026_to_now,2026-08-14T08:12:08+00:00
CVE-2026-73576,added,,cve_2026_to_now,2026-08-14T08:12:08+00:00
CVE-2026-73583,added,,cve_2026_to_now,2026-08-14T08:12:08+00:00
CVE-2026-73584,added,,cve_2026_to_now,2026-08-14T08:12:08+00:00
CVE-2026-73585,added,,cve_2026_to_now,2026-08-14T08:12:08+00:00
CVE-2026-73601,added,,cve_2026_to_now,2026-08-14T08:12:08+00:00
CVE-2026-73602,added,,cve_2026_to_now,2026-08-14T08:12:08+00:00
CVE-2026-73603,added,,cve_2026_to_now,2026-08-14T08:12:08+00:00
CVE-2026-73604,added,,cve_2026_to_now,2026-08-14T08:12:08+00:00
CVE-2026-73605,added,,cve_2026_to_now,2026-08-14T08:12:08+00:00
CVE-2026-73606,added,,cve_2026_to_now,2026-08-14T08:12:08+00:00
CVE-2026-73607,added,,cve_2026_to_now,2026-08-14T08:12:08+00:00
CVE-2026-73608,added,,cve_2026_to_now,2026-08-14T08:12:08+00:00
CVE-2026-73609,added,,cve_2026_to_now,2026-08-14T08:12:08+00:00
CVE-2026-73610,added,,cve_2026_to_now,2026-08-14T08:12:08+00:00
CVE-2026-73611,added,,cve_2026_to_now,2026-08-14T08:12:08+00:00
CVE-2026-73612,added,,cve_2026_to_now,2026-08-14T08:12:08+00:00
CVE-2026-73613,added,,cve_2026_to_now,2026-08-14T08:12:08+00:00
CVE-2026-73614,added,,cve_2026_to_now,2026-08-14T08:12:08+00:00
CVE-2026-73615,added,,cve_2026_to_now,2026-08-14T08:12:08+00:00
CVE-2026-73616,added,,cve_2026_to_now,2026-08-14T08:12:08+00:00
CVE-2026-73617,added,,cve_2026_to_now,2026-08-14T08:12:08+00:00
CVE-2026-73618,added,,cve_2026_to_now,2026-08-14T08:12:08+00:00
CVE-2026-73619,added,,cve_2026_to_now,2026-08-14T08:12:08+00:00
CVE-2026-73620,added,,cve_2026_to_now,2026-08-14T08:12:08+00:00
CVE-2026-73621,added,,cve_2026_to_now,2026-08-14T08:12:08+00:00
CVE-2026-73622,added,,cve_2026_to_now,2026-08-14T08:12:08+00:00
CVE-2026-73623,added,,cve_2026_to_now,2026-08-14T08:12:08+00:00
CVE-2026-73624,added,,cve_2026_to_now,2026-08-14T08:12:08+00:00
CVE-2026-73625,added,,cve_2026_to_now,2026-08-14T08:12:08+00:00
CVE-2026-73626,added,,cve_2026_to_now,2026-08-14T08:12:08+00:00
CVE-2026-73627,added,,cve_2026_to_now,2026-08-14T08:12:08+00:00
CVE-2026-73628,added,,cve_2026_to_now,2026-08-14T08:12:08+00:00
CVE-2026-73629,added,,cve_2026_to_now,2026-08-14T08:12:08+00:00
CVE-2026-73643,added,,cve_2026_to_now,2026-08-14T08:12:08+00:00
CVE-2026-73644,added,,cve_2026_to_now,2026-08-14T08:12:08+00:00
CVE-2026-73645,added,,cve_2026_to_now,2026-08-14T08:12:08+00:00
CVE-2026-73647,added,,cve_2026_to_now,2026-08-14T08:12:08+00:00
CVE-2026-73648,added,,cve_2026_to_now,2026-08-14T08:12:08+00:00
CVE-2026-73649,added,,cve_2026_to_now,2026-08-14T08:12:08+00:00
CVE-2026-73650,added,,cve_2026_to_now,2026-08-14T08:12:08+00:00
CVE-2026-73651,added,,cve_2026_to_now,2026-08-14T08:12:08+00:00
CVE-2026-73652,added,,cve_2026_to_now,2026-08-14T08:12:08+00:00
CVE-2026-73653,added,,cve_2026_to_now,2026-08-14T08:12:08+00:00
CVE-2026-73654,added,,cve_2026_to_now,2026-08-14T08:12:08+00:00
CVE-2026-73655,added,,cve_2026_to_now,2026-08-14T08:12:08+00:00
CVE-2026-73656,added,,cve_2026_to_now,2026-08-14T08:12:08+00:00
CVE-2026-73657,added,,cve_2026_to_now,2026-08-14T08:12:08+00:00
CVE-2026-73658,added,,cve_2026_to_now,2026-08-14T08:12:08+00:00
CVE-2026-73659,added,,cve_2026_to_now,2026-08-14T08:12:08+00:00
CVE-2026-73660,added,,cve_2026_to_now,2026-08-14T08:12:08+00:00
CVE-2026-73661,added,,cve_2026_to_now,2026-08-14T08:12:08+00:00
CVE-2026-73662,added,,cve_2026_to_now,2026-08-14T08:12:08+00:00
CVE-2026-73663,added,,cve_2026_to_now,2026-08-14T08:12:08+00:00
CVE-2026-73664,added,,cve_2026_to_now,2026-08-14T08:12:08+00:00
CVE-2026-73665,added,,cve_2026_to_now,2026-08-14T08:12:08+00:00
CVE-2026-73666,added,,cve_2026_to_now,2026-08-14T08:12:08+00:00
CVE-2026-73667,added,,cve_2026_to_now,2026-08-14T08:12:08+00:00
CVE-2026-73669,added,,cve_2026_to_now,2026-08-14T08:12:08+00:00
CVE-2026-73670,added,,cve_2026_to_now,2026-08-14T08:12:08+00:00
CVE-2026-73671,added,,cve_2026_to_now,2026-08-14T08:12:08+00:00
CVE-2026-73840,added,,cve_2026_to_now,2026-08-14T08:12:08+00:00
CVE-2026-73841,added,,cve_2026_to_now,2026-08-14T08:12:08+00:00
CVE-2026-73842,added,,cve_2026_to_now,2026-08-14T08:12:08+00:00
CVE-2026-73843,added,,cve_2026_to_now,2026-08-14T08:12:08+00:00
