cve_id,change_type,date_updated,shard,run_utc
CVE-2017-10271,updated,2026-08-13,cve_2022_and_before,2026-08-13T08:16:54+00:00
CVE-2017-12149,updated,2026-08-13,cve_2022_and_before,2026-08-13T08:16:54+00:00
CVE-2017-18362,updated,2026-08-13,cve_2022_and_before,2026-08-13T08:16:54+00:00
CVE-2018-6882,updated,2026-08-13,cve_2022_and_before,2026-08-13T08:16:54+00:00
CVE-2018-7602,updated,2026-08-13,cve_2022_and_before,2026-08-13T08:16:54+00:00
CVE-2018-8120,updated,2026-08-13,cve_2022_and_before,2026-08-13T08:16:54+00:00
CVE-2018-8174,updated,2026-08-13,cve_2022_and_before,2026-08-13T08:16:54+00:00
CVE-2018-8453,updated,2026-08-13,cve_2022_and_before,2026-08-13T08:16:54+00:00
CVE-2018-9206,updated,2025-11-04,cve_2022_and_before,2026-08-13T08:16:54+00:00
CVE-2018-11138,updated,2026-08-13,cve_2022_and_before,2026-08-13T08:16:54+00:00
CVE-2018-13374,updated,2026-08-13,cve_2022_and_before,2026-08-13T08:16:54+00:00
CVE-2018-15982,updated,2026-08-13,cve_2022_and_before,2026-08-13T08:16:54+00:00
CVE-2018-19320,updated,2026-08-13,cve_2022_and_before,2026-08-13T08:16:54+00:00
CVE-2018-19321,updated,2026-08-13,cve_2022_and_before,2026-08-13T08:16:54+00:00
CVE-2018-19322,updated,2026-08-13,cve_2022_and_before,2026-08-13T08:16:54+00:00
CVE-2018-19323,updated,2026-08-13,cve_2022_and_before,2026-08-13T08:16:54+00:00
CVE-2018-19943,updated,2026-08-13,cve_2022_and_before,2026-08-13T08:16:54+00:00
CVE-2018-19949,updated,2026-08-13,cve_2022_and_before,2026-08-13T08:16:54+00:00
CVE-2018-19953,updated,2026-08-13,cve_2022_and_before,2026-08-13T08:16:54+00:00
CVE-2018-20250,updated,2026-08-13,cve_2022_and_before,2026-08-13T08:16:54+00:00
CVE-2018-20753,updated,2026-08-13,cve_2022_and_before,2026-08-13T08:16:54+00:00
CVE-2022-48633,updated,2026-08-12,cve_2022_and_before,2026-08-13T08:16:54+00:00
CVE-2022-48670,updated,2026-08-12,cve_2022_and_before,2026-08-13T08:16:54+00:00
CVE-2022-48823,updated,2026-08-12,cve_2022_and_before,2026-08-13T08:16:54+00:00
CVE-2022-48825,updated,2026-08-12,cve_2022_and_before,2026-08-13T08:16:54+00:00
CVE-2022-48979,updated,2026-08-12,cve_2022_and_before,2026-08-13T08:16:54+00:00
CVE-2022-49044,updated,2026-08-12,cve_2022_and_before,2026-08-13T08:16:54+00:00
CVE-2022-49051,updated,2026-08-12,cve_2022_and_before,2026-08-13T08:16:54+00:00
CVE-2022-49069,updated,2026-08-12,cve_2022_and_before,2026-08-13T08:16:54+00:00
CVE-2022-49102,updated,2026-08-12,cve_2022_and_before,2026-08-13T08:16:54+00:00
CVE-2022-49104,updated,2026-08-12,cve_2022_and_before,2026-08-13T08:16:54+00:00
CVE-2022-49105,updated,2026-08-12,cve_2022_and_before,2026-08-13T08:16:54+00:00
CVE-2022-49107,updated,2026-08-12,cve_2022_and_before,2026-08-13T08:16:54+00:00
CVE-2022-49109,updated,2026-08-12,cve_2022_and_before,2026-08-13T08:16:54+00:00
CVE-2022-49112,updated,2026-08-12,cve_2022_and_before,2026-08-13T08:16:54+00:00
CVE-2022-49118,updated,2026-08-12,cve_2022_and_before,2026-08-13T08:16:54+00:00
CVE-2022-49123,updated,2026-08-12,cve_2022_and_before,2026-08-13T08:16:54+00:00
CVE-2022-49126,updated,2026-08-12,cve_2022_and_before,2026-08-13T08:16:54+00:00
CVE-2022-49129,updated,2026-08-12,cve_2022_and_before,2026-08-13T08:16:54+00:00
CVE-2022-49130,updated,2026-08-12,cve_2022_and_before,2026-08-13T08:16:54+00:00
CVE-2022-49132,updated,2026-08-12,cve_2022_and_before,2026-08-13T08:16:54+00:00
CVE-2022-49133,updated,2026-08-12,cve_2022_and_before,2026-08-13T08:16:54+00:00
CVE-2022-49135,updated,2026-08-12,cve_2022_and_before,2026-08-13T08:16:54+00:00
CVE-2022-49137,updated,2026-08-12,cve_2022_and_before,2026-08-13T08:16:54+00:00
CVE-2022-49159,updated,2026-08-12,cve_2022_and_before,2026-08-13T08:16:54+00:00
CVE-2022-49169,updated,2026-08-12,cve_2022_and_before,2026-08-13T08:16:54+00:00
CVE-2022-49170,updated,2026-08-12,cve_2022_and_before,2026-08-13T08:16:54+00:00
CVE-2022-49176,updated,2026-08-12,cve_2022_and_before,2026-08-13T08:16:54+00:00
CVE-2022-49179,updated,2026-08-12,cve_2022_and_before,2026-08-13T08:16:54+00:00
CVE-2022-49286,updated,2026-08-12,cve_2022_and_before,2026-08-13T08:16:54+00:00
CVE-2022-49294,updated,2026-08-12,cve_2022_and_before,2026-08-13T08:16:54+00:00
CVE-2022-49296,updated,2026-08-12,cve_2022_and_before,2026-08-13T08:16:54+00:00
CVE-2022-49309,updated,2026-08-12,cve_2022_and_before,2026-08-13T08:16:54+00:00
CVE-2022-50073,updated,2026-06-01,cve_2022_and_before,2026-08-13T08:16:54+00:00
CVE-2023-23755,updated,2026-08-12,cve_2023_to_2025,2026-08-13T08:16:54+00:00
CVE-2023-42787,updated,2026-08-12,cve_2023_to_2025,2026-08-13T08:16:54+00:00
CVE-2023-44227,updated,2026-08-12,cve_2023_to_2025,2026-08-13T08:16:54+00:00
CVE-2024-1394,updated,2026-08-12,cve_2023_to_2025,2026-08-13T08:16:54+00:00
CVE-2024-3727,updated,2026-08-12,cve_2023_to_2025,2026-08-13T08:16:54+00:00
CVE-2024-5042,updated,2026-08-12,cve_2023_to_2025,2026-08-13T08:16:54+00:00
CVE-2024-11831,updated,2026-08-12,cve_2023_to_2025,2026-08-13T08:16:54+00:00
CVE-2024-14042,updated,2026-08-12,cve_2023_to_2025,2026-08-13T08:16:54+00:00
CVE-2024-14043,updated,2026-08-12,cve_2023_to_2025,2026-08-13T08:16:54+00:00
CVE-2024-14044,updated,,cve_2023_to_2025,2026-08-13T08:16:54+00:00
CVE-2024-26804,updated,2026-08-12,cve_2023_to_2025,2026-08-13T08:16:54+00:00
CVE-2024-26882,updated,2026-08-12,cve_2023_to_2025,2026-08-13T08:16:54+00:00
CVE-2024-27253,added,,cve_2023_to_2025,2026-08-13T08:16:54+00:00
CVE-2024-31245,updated,2026-08-12,cve_2023_to_2025,2026-08-13T08:16:54+00:00
CVE-2024-31249,updated,2026-08-12,cve_2023_to_2025,2026-08-13T08:16:54+00:00
CVE-2024-32518,updated,2026-08-12,cve_2023_to_2025,2026-08-13T08:16:54+00:00
CVE-2024-32532,updated,2026-08-12,cve_2023_to_2025,2026-08-13T08:16:54+00:00
CVE-2025-0041,updated,2026-08-12,cve_2023_to_2025,2026-08-13T08:16:54+00:00
CVE-2025-0046,updated,2026-08-12,cve_2023_to_2025,2026-08-13T08:16:54+00:00
CVE-2025-4373,updated,2026-08-12,cve_2023_to_2025,2026-08-13T08:16:54+00:00
CVE-2025-5914,updated,2026-08-12,cve_2023_to_2025,2026-08-13T08:16:54+00:00
CVE-2025-7195,updated,2026-08-13,cve_2023_to_2025,2026-08-13T08:16:54+00:00
CVE-2025-7425,updated,2026-08-12,cve_2023_to_2025,2026-08-13T08:16:54+00:00
CVE-2025-8087,updated,2026-08-12,cve_2023_to_2025,2026-08-13T08:16:54+00:00
CVE-2025-9486,added,,cve_2023_to_2025,2026-08-13T08:16:54+00:00
CVE-2025-13293,updated,2026-08-12,cve_2023_to_2025,2026-08-13T08:16:54+00:00
CVE-2025-13294,updated,2026-08-12,cve_2023_to_2025,2026-08-13T08:16:54+00:00
CVE-2025-13462,updated,2026-08-13,cve_2023_to_2025,2026-08-13T08:16:54+00:00
CVE-2025-13465,updated,2026-08-12,cve_2023_to_2025,2026-08-13T08:16:54+00:00
CVE-2025-14813,updated,2026-08-12,cve_2023_to_2025,2026-08-13T08:16:54+00:00
CVE-2025-15608,updated,2026-08-12,cve_2023_to_2025,2026-08-13T08:16:54+00:00
CVE-2025-15680,updated,2026-08-12,cve_2023_to_2025,2026-08-13T08:16:54+00:00
CVE-2025-15681,updated,2026-08-12,cve_2023_to_2025,2026-08-13T08:16:54+00:00
CVE-2025-15682,updated,2026-08-12,cve_2023_to_2025,2026-08-13T08:16:54+00:00
CVE-2025-15683,updated,2026-08-12,cve_2023_to_2025,2026-08-13T08:16:54+00:00
CVE-2025-15685,updated,,cve_2023_to_2025,2026-08-13T08:16:54+00:00
CVE-2025-15686,updated,,cve_2023_to_2025,2026-08-13T08:16:54+00:00
CVE-2025-15687,updated,,cve_2023_to_2025,2026-08-13T08:16:54+00:00
CVE-2025-30240,updated,2026-08-12,cve_2023_to_2025,2026-08-13T08:16:54+00:00
CVE-2025-30241,updated,2026-08-12,cve_2023_to_2025,2026-08-13T08:16:54+00:00
CVE-2025-31356,updated,2026-08-12,cve_2023_to_2025,2026-08-13T08:16:54+00:00
CVE-2025-31936,updated,2026-08-12,cve_2023_to_2025,2026-08-13T08:16:54+00:00
CVE-2025-31938,updated,2026-08-12,cve_2023_to_2025,2026-08-13T08:16:54+00:00
CVE-2025-35973,updated,2026-08-12,cve_2023_to_2025,2026-08-13T08:16:54+00:00
CVE-2025-35987,updated,2026-08-12,cve_2023_to_2025,2026-08-13T08:16:54+00:00
CVE-2025-41115,updated,2026-08-12,cve_2023_to_2025,2026-08-13T08:16:54+00:00
CVE-2025-41117,updated,2026-08-12,cve_2023_to_2025,2026-08-13T08:16:54+00:00
CVE-2025-41118,updated,2026-08-12,cve_2023_to_2025,2026-08-13T08:16:54+00:00
CVE-2025-41769,added,,cve_2023_to_2025,2026-08-13T08:16:54+00:00
CVE-2025-41770,added,,cve_2023_to_2025,2026-08-13T08:16:54+00:00
CVE-2025-41771,added,,cve_2023_to_2025,2026-08-13T08:16:54+00:00
CVE-2025-48505,updated,2026-08-12,cve_2023_to_2025,2026-08-13T08:16:54+00:00
CVE-2025-48506,updated,2026-08-12,cve_2023_to_2025,2026-08-13T08:16:54+00:00
CVE-2025-49794,updated,2026-08-12,cve_2023_to_2025,2026-08-13T08:16:54+00:00
CVE-2025-49796,updated,2026-08-12,cve_2023_to_2025,2026-08-13T08:16:54+00:00
CVE-2025-54512,updated,2026-08-12,cve_2023_to_2025,2026-08-13T08:16:54+00:00
CVE-2025-54518,updated,2026-08-12,cve_2023_to_2025,2026-08-13T08:16:54+00:00
CVE-2025-54550,updated,2026-08-12,cve_2023_to_2025,2026-08-13T08:16:54+00:00
CVE-2025-59319,added,,cve_2023_to_2025,2026-08-13T08:16:54+00:00
CVE-2025-59320,added,,cve_2023_to_2025,2026-08-13T08:16:54+00:00
CVE-2025-59321,added,,cve_2023_to_2025,2026-08-13T08:16:54+00:00
CVE-2025-59322,added,,cve_2023_to_2025,2026-08-13T08:16:54+00:00
CVE-2025-59323,added,,cve_2023_to_2025,2026-08-13T08:16:54+00:00
CVE-2025-59324,added,,cve_2023_to_2025,2026-08-13T08:16:54+00:00
CVE-2025-59325,added,,cve_2023_to_2025,2026-08-13T08:16:54+00:00
CVE-2025-59326,added,,cve_2023_to_2025,2026-08-13T08:16:54+00:00
CVE-2025-59327,added,,cve_2023_to_2025,2026-08-13T08:16:54+00:00
CVE-2025-61726,updated,2026-08-12,cve_2023_to_2025,2026-08-13T08:16:54+00:00
CVE-2025-61848,updated,2026-08-12,cve_2023_to_2025,2026-08-13T08:16:54+00:00
CVE-2025-61970,updated,2026-08-12,cve_2023_to_2025,2026-08-13T08:16:54+00:00
CVE-2025-62718,updated,2026-08-12,cve_2023_to_2025,2026-08-13T08:16:54+00:00
CVE-2025-63994,removed,,cve_2023_to_2025,2026-08-13T08:16:54+00:00
CVE-2025-67030,updated,2026-08-12,cve_2023_to_2025,2026-08-13T08:16:54+00:00
CVE-2025-69873,updated,2026-08-12,cve_2023_to_2025,2026-08-13T08:16:54+00:00
CVE-2026-0289,added,,cve_2026_to_now,2026-08-13T08:16:54+00:00
CVE-2026-0290,added,,cve_2026_to_now,2026-08-13T08:16:54+00:00
CVE-2026-0291,added,,cve_2026_to_now,2026-08-13T08:16:54+00:00
CVE-2026-0292,added,,cve_2026_to_now,2026-08-13T08:16:54+00:00
CVE-2026-0293,added,,cve_2026_to_now,2026-08-13T08:16:54+00:00
CVE-2026-0294,added,,cve_2026_to_now,2026-08-13T08:16:54+00:00
CVE-2026-0295,added,,cve_2026_to_now,2026-08-13T08:16:54+00:00
CVE-2026-0296,added,,cve_2026_to_now,2026-08-13T08:16:54+00:00
CVE-2026-0297,added,,cve_2026_to_now,2026-08-13T08:16:54+00:00
CVE-2026-0298,added,,cve_2026_to_now,2026-08-13T08:16:54+00:00
CVE-2026-0299,added,,cve_2026_to_now,2026-08-13T08:16:54+00:00
CVE-2026-0301,added,,cve_2026_to_now,2026-08-13T08:16:54+00:00
CVE-2026-0465,updated,2026-08-12,cve_2026_to_now,2026-08-13T08:16:54+00:00
CVE-2026-0636,updated,2026-08-12,cve_2026_to_now,2026-08-13T08:16:54+00:00
CVE-2026-0864,updated,2026-08-13,cve_2026_to_now,2026-08-13T08:16:54+00:00
CVE-2026-1498,updated,2026-08-12,cve_2026_to_now,2026-08-13T08:16:54+00:00
CVE-2026-1502,updated,2026-08-13,cve_2026_to_now,2026-08-13T08:16:54+00:00
CVE-2026-2297,updated,2026-08-13,cve_2026_to_now,2026-08-13T08:16:54+00:00
CVE-2026-2377,updated,2026-08-12,cve_2026_to_now,2026-08-13T08:16:54+00:00
CVE-2026-3087,updated,2026-08-13,cve_2026_to_now,2026-08-13T08:16:54+00:00
CVE-2026-3276,updated,2026-08-13,cve_2026_to_now,2026-08-13T08:16:54+00:00
CVE-2026-3298,updated,2026-08-13,cve_2026_to_now,2026-08-13T08:16:54+00:00
CVE-2026-3505,updated,2026-08-12,cve_2026_to_now,2026-08-13T08:16:54+00:00
CVE-2026-3639,added,,cve_2026_to_now,2026-08-13T08:16:54+00:00
CVE-2026-3644,updated,2026-08-13,cve_2026_to_now,2026-08-13T08:16:54+00:00
CVE-2026-3835,added,,cve_2026_to_now,2026-08-13T08:16:54+00:00
CVE-2026-4224,updated,2026-08-13,cve_2026_to_now,2026-08-13T08:16:54+00:00
CVE-2026-4360,updated,2026-08-13,cve_2026_to_now,2026-08-13T08:16:54+00:00
CVE-2026-4519,updated,2026-08-13,cve_2026_to_now,2026-08-13T08:16:54+00:00
CVE-2026-4598,updated,2026-08-12,cve_2026_to_now,2026-08-13T08:16:54+00:00
CVE-2026-4599,updated,2026-08-12,cve_2026_to_now,2026-08-13T08:16:54+00:00
CVE-2026-4600,updated,2026-08-12,cve_2026_to_now,2026-08-13T08:16:54+00:00
CVE-2026-4601,updated,2026-08-12,cve_2026_to_now,2026-08-13T08:16:54+00:00
CVE-2026-4602,updated,2026-08-12,cve_2026_to_now,2026-08-13T08:16:54+00:00
CVE-2026-4740,updated,2026-08-12,cve_2026_to_now,2026-08-13T08:16:54+00:00
CVE-2026-4786,updated,2026-08-13,cve_2026_to_now,2026-08-13T08:16:54+00:00
CVE-2026-4800,updated,2026-08-12,cve_2026_to_now,2026-08-13T08:16:54+00:00
CVE-2026-4879,added,,cve_2026_to_now,2026-08-13T08:16:54+00:00
CVE-2026-5241,updated,2026-08-12,cve_2026_to_now,2026-08-13T08:16:54+00:00
CVE-2026-5588,updated,2026-08-12,cve_2026_to_now,2026-08-13T08:16:54+00:00
CVE-2026-5598,updated,2026-08-12,cve_2026_to_now,2026-08-13T08:16:54+00:00
CVE-2026-5917,updated,2026-08-12,cve_2026_to_now,2026-08-13T08:16:54+00:00
CVE-2026-6100,updated,2026-08-13,cve_2026_to_now,2026-08-13T08:16:54+00:00
CVE-2026-6322,updated,2026-08-12,cve_2026_to_now,2026-08-13T08:16:54+00:00
CVE-2026-6368,updated,2026-08-12,cve_2026_to_now,2026-08-13T08:16:54+00:00
CVE-2026-6484,updated,,cve_2026_to_now,2026-08-13T08:16:54+00:00
CVE-2026-6726,updated,2026-08-12,cve_2026_to_now,2026-08-13T08:16:54+00:00
CVE-2026-6727,updated,2026-08-12,cve_2026_to_now,2026-08-13T08:16:54+00:00
CVE-2026-6791,updated,2026-08-12,cve_2026_to_now,2026-08-13T08:16:54+00:00
CVE-2026-6821,added,,cve_2026_to_now,2026-08-13T08:16:54+00:00
CVE-2026-6879,updated,2026-08-13,cve_2026_to_now,2026-08-13T08:16:54+00:00
CVE-2026-7210,updated,2026-08-13,cve_2026_to_now,2026-08-13T08:16:54+00:00
CVE-2026-7366,added,,cve_2026_to_now,2026-08-13T08:16:54+00:00
CVE-2026-7427,added,,cve_2026_to_now,2026-08-13T08:16:54+00:00
CVE-2026-7774,updated,2026-08-13,cve_2026_to_now,2026-08-13T08:16:54+00:00
CVE-2026-8328,updated,2026-08-13,cve_2026_to_now,2026-08-13T08:16:54+00:00
CVE-2026-8595,updated,2026-08-12,cve_2026_to_now,2026-08-13T08:16:54+00:00
CVE-2026-8609,updated,2026-08-12,cve_2026_to_now,2026-08-13T08:16:54+00:00
CVE-2026-8643,updated,2026-08-12,cve_2026_to_now,2026-08-13T08:16:54+00:00
CVE-2026-8667,added,,cve_2026_to_now,2026-08-13T08:16:54+00:00
CVE-2026-8718,updated,2026-08-12,cve_2026_to_now,2026-08-13T08:16:54+00:00
CVE-2026-8917,updated,2026-08-12,cve_2026_to_now,2026-08-13T08:16:54+00:00
CVE-2026-9029,updated,2026-08-12,cve_2026_to_now,2026-08-13T08:16:54+00:00
CVE-2026-9277,updated,2026-08-12,cve_2026_to_now,2026-08-13T08:16:54+00:00
CVE-2026-9318,updated,,cve_2026_to_now,2026-08-13T08:16:54+00:00
CVE-2026-9586,updated,2026-08-12,cve_2026_to_now,2026-08-13T08:16:54+00:00
CVE-2026-9669,updated,2026-08-13,cve_2026_to_now,2026-08-13T08:16:54+00:00
CVE-2026-10090,updated,2026-08-12,cve_2026_to_now,2026-08-13T08:16:54+00:00
CVE-2026-10143,updated,2026-08-12,cve_2026_to_now,2026-08-13T08:16:54+00:00
CVE-2026-10534,added,,cve_2026_to_now,2026-08-13T08:16:54+00:00
CVE-2026-10543,added,,cve_2026_to_now,2026-08-13T08:16:54+00:00
CVE-2026-10601,updated,2026-08-12,cve_2026_to_now,2026-08-13T08:16:54+00:00
CVE-2026-11325,added,,cve_2026_to_now,2026-08-13T08:16:54+00:00
CVE-2026-11739,updated,2026-08-12,cve_2026_to_now,2026-08-13T08:16:54+00:00
CVE-2026-11769,updated,2026-08-12,cve_2026_to_now,2026-08-13T08:16:54+00:00
CVE-2026-11811,updated,2026-08-12,cve_2026_to_now,2026-08-13T08:16:54+00:00
CVE-2026-11812,updated,2026-08-12,cve_2026_to_now,2026-08-13T08:16:54+00:00
CVE-2026-11814,updated,2026-08-12,cve_2026_to_now,2026-08-13T08:16:54+00:00
CVE-2026-11840,added,,cve_2026_to_now,2026-08-13T08:16:54+00:00
CVE-2026-11923,added,,cve_2026_to_now,2026-08-13T08:16:54+00:00
CVE-2026-11932,added,,cve_2026_to_now,2026-08-13T08:16:54+00:00
CVE-2026-11937,added,,cve_2026_to_now,2026-08-13T08:16:54+00:00
CVE-2026-11940,updated,2026-08-13,cve_2026_to_now,2026-08-13T08:16:54+00:00
CVE-2026-11972,updated,2026-08-13,cve_2026_to_now,2026-08-13T08:16:54+00:00
CVE-2026-12003,updated,2026-08-13,cve_2026_to_now,2026-08-13T08:16:54+00:00
CVE-2026-12004,added,,cve_2026_to_now,2026-08-13T08:16:54+00:00
CVE-2026-12005,added,2026-08-13,cve_2026_to_now,2026-08-13T08:16:54+00:00
CVE-2026-12143,updated,2026-08-12,cve_2026_to_now,2026-08-13T08:16:54+00:00
CVE-2026-12234,updated,,cve_2026_to_now,2026-08-13T08:16:54+00:00
CVE-2026-12235,updated,,cve_2026_to_now,2026-08-13T08:16:54+00:00
CVE-2026-12359,added,,cve_2026_to_now,2026-08-13T08:16:54+00:00
CVE-2026-12372,updated,2026-08-12,cve_2026_to_now,2026-08-13T08:16:54+00:00
CVE-2026-12382,updated,2026-08-12,cve_2026_to_now,2026-08-13T08:16:54+00:00
CVE-2026-12618,added,2026-08-13,cve_2026_to_now,2026-08-13T08:16:54+00:00
CVE-2026-12866,updated,2026-08-12,cve_2026_to_now,2026-08-13T08:16:54+00:00
CVE-2026-12976,updated,,cve_2026_to_now,2026-08-13T08:16:54+00:00
CVE-2026-13094,added,,cve_2026_to_now,2026-08-13T08:16:54+00:00
CVE-2026-13105,added,,cve_2026_to_now,2026-08-13T08:16:54+00:00
CVE-2026-13168,updated,,cve_2026_to_now,2026-08-13T08:16:54+00:00
CVE-2026-13170,updated,2026-08-12,cve_2026_to_now,2026-08-13T08:16:54+00:00
CVE-2026-13171,updated,,cve_2026_to_now,2026-08-13T08:16:54+00:00
CVE-2026-13267,added,2026-08-13,cve_2026_to_now,2026-08-13T08:16:54+00:00
CVE-2026-13328,added,,cve_2026_to_now,2026-08-13T08:16:54+00:00
CVE-2026-13361,added,2026-08-13,cve_2026_to_now,2026-08-13T08:16:54+00:00
CVE-2026-13367,added,,cve_2026_to_now,2026-08-13T08:16:54+00:00
CVE-2026-13433,added,,cve_2026_to_now,2026-08-13T08:16:54+00:00
CVE-2026-13457,updated,2026-08-12,cve_2026_to_now,2026-08-13T08:16:54+00:00
CVE-2026-13476,added,,cve_2026_to_now,2026-08-13T08:16:54+00:00
CVE-2026-13610,added,,cve_2026_to_now,2026-08-13T08:16:54+00:00
CVE-2026-13613,updated,,cve_2026_to_now,2026-08-13T08:16:54+00:00
CVE-2026-13622,added,,cve_2026_to_now,2026-08-13T08:16:54+00:00
CVE-2026-13757,updated,2026-08-12,cve_2026_to_now,2026-08-13T08:16:54+00:00
CVE-2026-14164,updated,2026-08-12,cve_2026_to_now,2026-08-13T08:16:54+00:00
CVE-2026-14182,added,,cve_2026_to_now,2026-08-13T08:16:54+00:00
CVE-2026-14213,added,,cve_2026_to_now,2026-08-13T08:16:54+00:00
CVE-2026-14258,updated,2026-08-12,cve_2026_to_now,2026-08-13T08:16:54+00:00
CVE-2026-14315,updated,2026-08-12,cve_2026_to_now,2026-08-13T08:16:54+00:00
CVE-2026-14478,added,2026-08-13,cve_2026_to_now,2026-08-13T08:16:54+00:00
CVE-2026-14479,added,,cve_2026_to_now,2026-08-13T08:16:54+00:00
CVE-2026-14548,updated,2026-08-12,cve_2026_to_now,2026-08-13T08:16:54+00:00
CVE-2026-14549,updated,2026-08-12,cve_2026_to_now,2026-08-13T08:16:54+00:00
CVE-2026-14741,updated,2026-08-12,cve_2026_to_now,2026-08-13T08:16:54+00:00
CVE-2026-14858,updated,,cve_2026_to_now,2026-08-13T08:16:54+00:00
CVE-2026-14859,updated,,cve_2026_to_now,2026-08-13T08:16:54+00:00
CVE-2026-14863,updated,2026-08-12,cve_2026_to_now,2026-08-13T08:16:54+00:00
CVE-2026-14866,added,,cve_2026_to_now,2026-08-13T08:16:54+00:00
CVE-2026-14886,updated,2026-08-12,cve_2026_to_now,2026-08-13T08:16:54+00:00
CVE-2026-14925,updated,,cve_2026_to_now,2026-08-13T08:16:54+00:00
CVE-2026-15028,updated,2026-08-13,cve_2026_to_now,2026-08-13T08:16:54+00:00
CVE-2026-15039,updated,,cve_2026_to_now,2026-08-13T08:16:54+00:00
CVE-2026-15045,added,,cve_2026_to_now,2026-08-13T08:16:54+00:00
CVE-2026-15141,added,,cve_2026_to_now,2026-08-13T08:16:54+00:00
CVE-2026-15213,added,,cve_2026_to_now,2026-08-13T08:16:54+00:00
CVE-2026-15216,added,,cve_2026_to_now,2026-08-13T08:16:54+00:00
CVE-2026-15217,added,,cve_2026_to_now,2026-08-13T08:16:54+00:00
CVE-2026-15229,updated,2026-08-12,cve_2026_to_now,2026-08-13T08:16:54+00:00
CVE-2026-15249,updated,,cve_2026_to_now,2026-08-13T08:16:54+00:00
CVE-2026-15308,updated,2026-08-13,cve_2026_to_now,2026-08-13T08:16:54+00:00
CVE-2026-15388,updated,,cve_2026_to_now,2026-08-13T08:16:54+00:00
CVE-2026-15423,added,,cve_2026_to_now,2026-08-13T08:16:54+00:00
CVE-2026-15426,updated,2026-08-12,cve_2026_to_now,2026-08-13T08:16:54+00:00
CVE-2026-15467,updated,2026-08-12,cve_2026_to_now,2026-08-13T08:16:54+00:00
CVE-2026-15534,updated,2026-08-12,cve_2026_to_now,2026-08-13T08:16:54+00:00
CVE-2026-15554,updated,2026-08-12,cve_2026_to_now,2026-08-13T08:16:54+00:00
CVE-2026-15555,updated,2026-08-12,cve_2026_to_now,2026-08-13T08:16:54+00:00
CVE-2026-15556,updated,2026-08-12,cve_2026_to_now,2026-08-13T08:16:54+00:00
CVE-2026-15560,updated,2026-08-12,cve_2026_to_now,2026-08-13T08:16:54+00:00
CVE-2026-15561,updated,2026-08-12,cve_2026_to_now,2026-08-13T08:16:54+00:00
CVE-2026-15562,updated,2026-08-12,cve_2026_to_now,2026-08-13T08:16:54+00:00
CVE-2026-15563,updated,2026-08-12,cve_2026_to_now,2026-08-13T08:16:54+00:00
CVE-2026-15565,updated,2026-08-12,cve_2026_to_now,2026-08-13T08:16:54+00:00
CVE-2026-15567,updated,2026-08-12,cve_2026_to_now,2026-08-13T08:16:54+00:00
CVE-2026-15583,updated,2026-08-12,cve_2026_to_now,2026-08-13T08:16:54+00:00
CVE-2026-15606,updated,2026-08-12,cve_2026_to_now,2026-08-13T08:16:54+00:00
CVE-2026-15803,added,,cve_2026_to_now,2026-08-13T08:16:54+00:00
CVE-2026-15927,updated,2026-08-12,cve_2026_to_now,2026-08-13T08:16:54+00:00
CVE-2026-16033,added,,cve_2026_to_now,2026-08-13T08:16:54+00:00
CVE-2026-16051,updated,,cve_2026_to_now,2026-08-13T08:16:54+00:00
CVE-2026-16066,updated,,cve_2026_to_now,2026-08-13T08:16:54+00:00
CVE-2026-16242,updated,2026-08-12,cve_2026_to_now,2026-08-13T08:16:54+00:00
CVE-2026-16253,updated,,cve_2026_to_now,2026-08-13T08:16:54+00:00
CVE-2026-16294,updated,,cve_2026_to_now,2026-08-13T08:16:54+00:00
CVE-2026-16480,added,,cve_2026_to_now,2026-08-13T08:16:54+00:00
CVE-2026-16494,added,,cve_2026_to_now,2026-08-13T08:16:54+00:00
CVE-2026-16538,updated,,cve_2026_to_now,2026-08-13T08:16:54+00:00
CVE-2026-16621,added,,cve_2026_to_now,2026-08-13T08:16:54+00:00
CVE-2026-16627,added,2026-08-13,cve_2026_to_now,2026-08-13T08:16:54+00:00
CVE-2026-16694,added,,cve_2026_to_now,2026-08-13T08:16:54+00:00
CVE-2026-16695,added,,cve_2026_to_now,2026-08-13T08:16:54+00:00
CVE-2026-16737,updated,,cve_2026_to_now,2026-08-13T08:16:54+00:00
CVE-2026-16747,added,,cve_2026_to_now,2026-08-13T08:16:54+00:00
CVE-2026-16756,updated,2026-08-12,cve_2026_to_now,2026-08-13T08:16:54+00:00
CVE-2026-16766,updated,2026-08-12,cve_2026_to_now,2026-08-13T08:16:54+00:00
CVE-2026-16770,added,,cve_2026_to_now,2026-08-13T08:16:54+00:00
CVE-2026-16856,added,,cve_2026_to_now,2026-08-13T08:16:54+00:00
CVE-2026-16860,added,,cve_2026_to_now,2026-08-13T08:16:54+00:00
CVE-2026-16863,added,,cve_2026_to_now,2026-08-13T08:16:54+00:00
CVE-2026-16904,added,,cve_2026_to_now,2026-08-13T08:16:54+00:00
CVE-2026-16906,added,,cve_2026_to_now,2026-08-13T08:16:54+00:00
CVE-2026-16907,added,,cve_2026_to_now,2026-08-13T08:16:54+00:00
CVE-2026-16931,added,,cve_2026_to_now,2026-08-13T08:16:54+00:00
CVE-2026-16956,added,,cve_2026_to_now,2026-08-13T08:16:54+00:00
CVE-2026-16977,updated,,cve_2026_to_now,2026-08-13T08:16:54+00:00
CVE-2026-16990,added,,cve_2026_to_now,2026-08-13T08:16:54+00:00
CVE-2026-16999,added,,cve_2026_to_now,2026-08-13T08:16:54+00:00
CVE-2026-17008,added,,cve_2026_to_now,2026-08-13T08:16:54+00:00
CVE-2026-17013,updated,,cve_2026_to_now,2026-08-13T08:16:54+00:00
CVE-2026-17082,added,2026-08-13,cve_2026_to_now,2026-08-13T08:16:54+00:00
CVE-2026-17083,added,2026-08-13,cve_2026_to_now,2026-08-13T08:16:54+00:00
CVE-2026-17094,added,,cve_2026_to_now,2026-08-13T08:16:54+00:00
CVE-2026-17095,added,,cve_2026_to_now,2026-08-13T08:16:54+00:00
CVE-2026-17109,added,,cve_2026_to_now,2026-08-13T08:16:54+00:00
CVE-2026-17110,added,,cve_2026_to_now,2026-08-13T08:16:54+00:00
CVE-2026-17111,added,,cve_2026_to_now,2026-08-13T08:16:54+00:00
CVE-2026-17218,added,,cve_2026_to_now,2026-08-13T08:16:54+00:00
CVE-2026-17222,added,,cve_2026_to_now,2026-08-13T08:16:54+00:00
CVE-2026-17248,added,,cve_2026_to_now,2026-08-13T08:16:54+00:00
CVE-2026-17266,added,,cve_2026_to_now,2026-08-13T08:16:54+00:00
CVE-2026-17268,added,,cve_2026_to_now,2026-08-13T08:16:54+00:00
CVE-2026-17271,added,,cve_2026_to_now,2026-08-13T08:16:54+00:00
CVE-2026-17276,added,,cve_2026_to_now,2026-08-13T08:16:54+00:00
CVE-2026-17417,added,2026-08-13,cve_2026_to_now,2026-08-13T08:16:54+00:00
CVE-2026-17418,added,,cve_2026_to_now,2026-08-13T08:16:54+00:00
CVE-2026-17419,added,,cve_2026_to_now,2026-08-13T08:16:54+00:00
CVE-2026-17420,added,,cve_2026_to_now,2026-08-13T08:16:54+00:00
CVE-2026-17431,added,,cve_2026_to_now,2026-08-13T08:16:54+00:00
CVE-2026-17445,added,,cve_2026_to_now,2026-08-13T08:16:54+00:00
CVE-2026-17485,added,,cve_2026_to_now,2026-08-13T08:16:54+00:00
CVE-2026-17510,updated,2026-08-12,cve_2026_to_now,2026-08-13T08:16:54+00:00
CVE-2026-17616,added,,cve_2026_to_now,2026-08-13T08:16:54+00:00
CVE-2026-17642,added,2026-08-13,cve_2026_to_now,2026-08-13T08:16:54+00:00
CVE-2026-18035,updated,,cve_2026_to_now,2026-08-13T08:16:54+00:00
CVE-2026-18044,added,,cve_2026_to_now,2026-08-13T08:16:54+00:00
CVE-2026-18046,updated,,cve_2026_to_now,2026-08-13T08:16:54+00:00
CVE-2026-18048,updated,,cve_2026_to_now,2026-08-13T08:16:54+00:00
CVE-2026-18049,updated,,cve_2026_to_now,2026-08-13T08:16:54+00:00
CVE-2026-18057,updated,,cve_2026_to_now,2026-08-13T08:16:54+00:00
CVE-2026-18096,added,,cve_2026_to_now,2026-08-13T08:16:54+00:00
CVE-2026-18097,added,,cve_2026_to_now,2026-08-13T08:16:54+00:00
CVE-2026-18098,added,,cve_2026_to_now,2026-08-13T08:16:54+00:00
CVE-2026-18099,added,,cve_2026_to_now,2026-08-13T08:16:54+00:00
CVE-2026-18106,added,,cve_2026_to_now,2026-08-13T08:16:54+00:00
CVE-2026-18144,added,,cve_2026_to_now,2026-08-13T08:16:54+00:00
CVE-2026-18146,added,,cve_2026_to_now,2026-08-13T08:16:54+00:00
CVE-2026-18148,added,,cve_2026_to_now,2026-08-13T08:16:54+00:00
CVE-2026-18150,added,,cve_2026_to_now,2026-08-13T08:16:54+00:00
CVE-2026-18171,added,,cve_2026_to_now,2026-08-13T08:16:54+00:00
CVE-2026-18230,updated,,cve_2026_to_now,2026-08-13T08:16:54+00:00
CVE-2026-18235,added,,cve_2026_to_now,2026-08-13T08:16:54+00:00
CVE-2026-18244,added,,cve_2026_to_now,2026-08-13T08:16:54+00:00
CVE-2026-18246,added,,cve_2026_to_now,2026-08-13T08:16:54+00:00
CVE-2026-18250,added,,cve_2026_to_now,2026-08-13T08:16:54+00:00
CVE-2026-18366,updated,,cve_2026_to_now,2026-08-13T08:16:54+00:00
CVE-2026-18391,updated,,cve_2026_to_now,2026-08-13T08:16:54+00:00
CVE-2026-18412,updated,2026-08-12,cve_2026_to_now,2026-08-13T08:16:54+00:00
CVE-2026-18433,added,,cve_2026_to_now,2026-08-13T08:16:54+00:00
CVE-2026-18474,updated,,cve_2026_to_now,2026-08-13T08:16:54+00:00
CVE-2026-18497,updated,2026-08-12,cve_2026_to_now,2026-08-13T08:16:54+00:00
CVE-2026-18499,added,2026-08-13,cve_2026_to_now,2026-08-13T08:16:54+00:00
CVE-2026-18503,updated,2026-08-13,cve_2026_to_now,2026-08-13T08:16:54+00:00
CVE-2026-18617,updated,2026-08-12,cve_2026_to_now,2026-08-13T08:16:54+00:00
CVE-2026-18622,added,,cve_2026_to_now,2026-08-13T08:16:54+00:00
CVE-2026-18634,updated,2026-08-12,cve_2026_to_now,2026-08-13T08:16:54+00:00
CVE-2026-18635,updated,2026-08-12,cve_2026_to_now,2026-08-13T08:16:54+00:00
CVE-2026-18652,added,,cve_2026_to_now,2026-08-13T08:16:54+00:00
CVE-2026-18663,added,,cve_2026_to_now,2026-08-13T08:16:54+00:00
CVE-2026-18669,added,,cve_2026_to_now,2026-08-13T08:16:54+00:00
CVE-2026-18673,added,,cve_2026_to_now,2026-08-13T08:16:54+00:00
CVE-2026-18675,added,,cve_2026_to_now,2026-08-13T08:16:54+00:00
CVE-2026-18676,added,,cve_2026_to_now,2026-08-13T08:16:54+00:00
CVE-2026-18677,added,,cve_2026_to_now,2026-08-13T08:16:54+00:00
CVE-2026-18678,added,,cve_2026_to_now,2026-08-13T08:16:54+00:00
CVE-2026-18679,added,,cve_2026_to_now,2026-08-13T08:16:54+00:00
CVE-2026-18683,added,,cve_2026_to_now,2026-08-13T08:16:54+00:00
CVE-2026-18710,updated,2026-08-12,cve_2026_to_now,2026-08-13T08:16:54+00:00
CVE-2026-18713,added,,cve_2026_to_now,2026-08-13T08:16:54+00:00
CVE-2026-18726,added,,cve_2026_to_now,2026-08-13T08:16:54+00:00
CVE-2026-18727,added,2026-08-13,cve_2026_to_now,2026-08-13T08:16:54+00:00
CVE-2026-18728,added,,cve_2026_to_now,2026-08-13T08:16:54+00:00
CVE-2026-18744,added,,cve_2026_to_now,2026-08-13T08:16:54+00:00
CVE-2026-18749,added,,cve_2026_to_now,2026-08-13T08:16:54+00:00
CVE-2026-18750,added,,cve_2026_to_now,2026-08-13T08:16:54+00:00
CVE-2026-18789,updated,,cve_2026_to_now,2026-08-13T08:16:54+00:00
CVE-2026-18847,added,,cve_2026_to_now,2026-08-13T08:16:54+00:00
CVE-2026-18888,added,,cve_2026_to_now,2026-08-13T08:16:54+00:00
CVE-2026-18942,updated,2026-08-12,cve_2026_to_now,2026-08-13T08:16:54+00:00
CVE-2026-18943,updated,,cve_2026_to_now,2026-08-13T08:16:54+00:00
CVE-2026-18945,added,,cve_2026_to_now,2026-08-13T08:16:54+00:00
CVE-2026-18951,updated,2026-08-12,cve_2026_to_now,2026-08-13T08:16:54+00:00
CVE-2026-18952,added,,cve_2026_to_now,2026-08-13T08:16:54+00:00
CVE-2026-18961,updated,,cve_2026_to_now,2026-08-13T08:16:54+00:00
CVE-2026-18962,updated,,cve_2026_to_now,2026-08-13T08:16:54+00:00
CVE-2026-18988,updated,2026-08-12,cve_2026_to_now,2026-08-13T08:16:54+00:00
CVE-2026-19001,added,,cve_2026_to_now,2026-08-13T08:16:54+00:00
CVE-2026-19002,added,,cve_2026_to_now,2026-08-13T08:16:54+00:00
CVE-2026-19003,added,,cve_2026_to_now,2026-08-13T08:16:54+00:00
CVE-2026-19004,added,,cve_2026_to_now,2026-08-13T08:16:54+00:00
CVE-2026-19050,updated,,cve_2026_to_now,2026-08-13T08:16:54+00:00
CVE-2026-19052,updated,,cve_2026_to_now,2026-08-13T08:16:54+00:00
CVE-2026-19073,updated,,cve_2026_to_now,2026-08-13T08:16:54+00:00
CVE-2026-19088,added,,cve_2026_to_now,2026-08-13T08:16:54+00:00
CVE-2026-19089,updated,2026-08-12,cve_2026_to_now,2026-08-13T08:16:54+00:00
CVE-2026-19130,added,,cve_2026_to_now,2026-08-13T08:16:54+00:00
CVE-2026-19135,added,,cve_2026_to_now,2026-08-13T08:16:54+00:00
CVE-2026-19182,added,,cve_2026_to_now,2026-08-13T08:16:54+00:00
CVE-2026-19217,updated,,cve_2026_to_now,2026-08-13T08:16:54+00:00
CVE-2026-19228,added,,cve_2026_to_now,2026-08-13T08:16:54+00:00
CVE-2026-19266,updated,2026-08-12,cve_2026_to_now,2026-08-13T08:16:54+00:00
CVE-2026-19282,updated,2026-08-12,cve_2026_to_now,2026-08-13T08:16:54+00:00
CVE-2026-19311,added,,cve_2026_to_now,2026-08-13T08:16:54+00:00
CVE-2026-19328,updated,2026-08-12,cve_2026_to_now,2026-08-13T08:16:54+00:00
CVE-2026-19424,updated,2026-08-12,cve_2026_to_now,2026-08-13T08:16:54+00:00
CVE-2026-19425,updated,2026-08-12,cve_2026_to_now,2026-08-13T08:16:54+00:00
CVE-2026-19426,updated,,cve_2026_to_now,2026-08-13T08:16:54+00:00
CVE-2026-19429,updated,2026-08-13,cve_2026_to_now,2026-08-13T08:16:54+00:00
CVE-2026-19434,updated,2026-08-12,cve_2026_to_now,2026-08-13T08:16:54+00:00
CVE-2026-19502,added,,cve_2026_to_now,2026-08-13T08:16:54+00:00
CVE-2026-19503,added,,cve_2026_to_now,2026-08-13T08:16:54+00:00
CVE-2026-19516,updated,2026-08-12,cve_2026_to_now,2026-08-13T08:16:54+00:00
CVE-2026-19519,updated,2026-08-13,cve_2026_to_now,2026-08-13T08:16:54+00:00
CVE-2026-19539,updated,2026-08-12,cve_2026_to_now,2026-08-13T08:16:54+00:00
CVE-2026-19546,updated,2026-08-12,cve_2026_to_now,2026-08-13T08:16:54+00:00
CVE-2026-19548,added,,cve_2026_to_now,2026-08-13T08:16:54+00:00
CVE-2026-19550,updated,2026-08-12,cve_2026_to_now,2026-08-13T08:16:54+00:00
CVE-2026-19556,updated,2026-08-13,cve_2026_to_now,2026-08-13T08:16:54+00:00
CVE-2026-19557,updated,2026-08-13,cve_2026_to_now,2026-08-13T08:16:54+00:00
CVE-2026-19558,updated,2026-08-13,cve_2026_to_now,2026-08-13T08:16:54+00:00
CVE-2026-19559,updated,2026-08-13,cve_2026_to_now,2026-08-13T08:16:54+00:00
CVE-2026-19560,updated,2026-08-13,cve_2026_to_now,2026-08-13T08:16:54+00:00
CVE-2026-19566,added,,cve_2026_to_now,2026-08-13T08:16:54+00:00
CVE-2026-19587,updated,,cve_2026_to_now,2026-08-13T08:16:54+00:00
CVE-2026-19588,updated,,cve_2026_to_now,2026-08-13T08:16:54+00:00
CVE-2026-19594,updated,,cve_2026_to_now,2026-08-13T08:16:54+00:00
CVE-2026-19642,added,,cve_2026_to_now,2026-08-13T08:16:54+00:00
CVE-2026-19643,added,,cve_2026_to_now,2026-08-13T08:16:54+00:00
CVE-2026-19654,added,,cve_2026_to_now,2026-08-13T08:16:54+00:00
CVE-2026-19656,added,,cve_2026_to_now,2026-08-13T08:16:54+00:00
CVE-2026-19657,added,,cve_2026_to_now,2026-08-13T08:16:54+00:00
CVE-2026-20702,updated,2026-08-12,cve_2026_to_now,2026-08-13T08:16:54+00:00
CVE-2026-20705,updated,2026-08-12,cve_2026_to_now,2026-08-13T08:16:54+00:00
CVE-2026-20707,updated,2026-08-12,cve_2026_to_now,2026-08-13T08:16:54+00:00
CVE-2026-20708,updated,2026-08-12,cve_2026_to_now,2026-08-13T08:16:54+00:00
CVE-2026-20712,updated,2026-08-12,cve_2026_to_now,2026-08-13T08:16:54+00:00
CVE-2026-20713,updated,2026-08-12,cve_2026_to_now,2026-08-13T08:16:54+00:00
CVE-2026-20715,updated,2026-08-12,cve_2026_to_now,2026-08-13T08:16:54+00:00
CVE-2026-20716,updated,2026-08-12,cve_2026_to_now,2026-08-13T08:16:54+00:00
CVE-2026-20727,updated,2026-08-12,cve_2026_to_now,2026-08-13T08:16:54+00:00
CVE-2026-20728,updated,2026-08-12,cve_2026_to_now,2026-08-13T08:16:54+00:00
CVE-2026-20731,updated,2026-08-12,cve_2026_to_now,2026-08-13T08:16:54+00:00
CVE-2026-20734,updated,2026-08-12,cve_2026_to_now,2026-08-13T08:16:54+00:00
CVE-2026-20737,updated,2026-08-12,cve_2026_to_now,2026-08-13T08:16:54+00:00
CVE-2026-20739,updated,2026-08-12,cve_2026_to_now,2026-08-13T08:16:54+00:00
CVE-2026-20741,updated,2026-08-12,cve_2026_to_now,2026-08-13T08:16:54+00:00
CVE-2026-20745,updated,2026-08-12,cve_2026_to_now,2026-08-13T08:16:54+00:00
CVE-2026-20747,updated,2026-08-12,cve_2026_to_now,2026-08-13T08:16:54+00:00
CVE-2026-20749,updated,2026-08-12,cve_2026_to_now,2026-08-13T08:16:54+00:00
CVE-2026-20752,updated,2026-08-12,cve_2026_to_now,2026-08-13T08:16:54+00:00
CVE-2026-20755,updated,2026-08-12,cve_2026_to_now,2026-08-13T08:16:54+00:00
CVE-2026-20760,updated,2026-08-12,cve_2026_to_now,2026-08-13T08:16:54+00:00
CVE-2026-20763,updated,2026-08-12,cve_2026_to_now,2026-08-13T08:16:54+00:00
CVE-2026-20765,updated,2026-08-12,cve_2026_to_now,2026-08-13T08:16:54+00:00
CVE-2026-20769,updated,2026-08-12,cve_2026_to_now,2026-08-13T08:16:54+00:00
CVE-2026-20770,updated,2026-08-12,cve_2026_to_now,2026-08-13T08:16:54+00:00
CVE-2026-20775,updated,2026-08-12,cve_2026_to_now,2026-08-13T08:16:54+00:00
CVE-2026-20776,updated,2026-08-12,cve_2026_to_now,2026-08-13T08:16:54+00:00
CVE-2026-20778,updated,2026-08-12,cve_2026_to_now,2026-08-13T08:16:54+00:00
CVE-2026-20780,updated,2026-08-12,cve_2026_to_now,2026-08-13T08:16:54+00:00
CVE-2026-20783,updated,2026-08-12,cve_2026_to_now,2026-08-13T08:16:54+00:00
CVE-2026-20786,updated,2026-08-12,cve_2026_to_now,2026-08-13T08:16:54+00:00
CVE-2026-20787,updated,2026-08-12,cve_2026_to_now,2026-08-13T08:16:54+00:00
CVE-2026-20789,updated,2026-08-12,cve_2026_to_now,2026-08-13T08:16:54+00:00
CVE-2026-20795,updated,2026-08-12,cve_2026_to_now,2026-08-13T08:16:54+00:00
CVE-2026-20799,updated,2026-08-12,cve_2026_to_now,2026-08-13T08:16:54+00:00
CVE-2026-20878,updated,2026-08-12,cve_2026_to_now,2026-08-13T08:16:54+00:00
CVE-2026-20885,updated,2026-08-12,cve_2026_to_now,2026-08-13T08:16:54+00:00
CVE-2026-20886,updated,2026-08-12,cve_2026_to_now,2026-08-13T08:16:54+00:00
CVE-2026-20890,updated,2026-08-12,cve_2026_to_now,2026-08-13T08:16:54+00:00
CVE-2026-20891,updated,2026-08-12,cve_2026_to_now,2026-08-13T08:16:54+00:00
CVE-2026-20898,updated,2026-08-12,cve_2026_to_now,2026-08-13T08:16:54+00:00
CVE-2026-20901,updated,2026-08-12,cve_2026_to_now,2026-08-13T08:16:54+00:00
CVE-2026-20903,updated,2026-08-12,cve_2026_to_now,2026-08-13T08:16:54+00:00
CVE-2026-20906,updated,2026-08-12,cve_2026_to_now,2026-08-13T08:16:54+00:00
CVE-2026-20908,updated,2026-08-12,cve_2026_to_now,2026-08-13T08:16:54+00:00
CVE-2026-20913,updated,2026-08-12,cve_2026_to_now,2026-08-13T08:16:54+00:00
CVE-2026-20917,updated,2026-08-12,cve_2026_to_now,2026-08-13T08:16:54+00:00
CVE-2026-21065,updated,2026-08-12,cve_2026_to_now,2026-08-13T08:16:54+00:00
CVE-2026-21273,updated,2026-08-12,cve_2026_to_now,2026-08-13T08:16:54+00:00
CVE-2026-21387,updated,2026-08-12,cve_2026_to_now,2026-08-13T08:16:54+00:00
CVE-2026-21399,updated,2026-08-12,cve_2026_to_now,2026-08-13T08:16:54+00:00
CVE-2026-21400,updated,2026-08-12,cve_2026_to_now,2026-08-13T08:16:54+00:00
CVE-2026-21441,updated,2026-08-12,cve_2026_to_now,2026-08-13T08:16:54+00:00
CVE-2026-21720,updated,2026-08-12,cve_2026_to_now,2026-08-13T08:16:54+00:00
CVE-2026-21721,updated,2026-08-12,cve_2026_to_now,2026-08-13T08:16:54+00:00
CVE-2026-21722,updated,2026-08-12,cve_2026_to_now,2026-08-13T08:16:54+00:00
CVE-2026-21723,updated,2026-08-12,cve_2026_to_now,2026-08-13T08:16:54+00:00
CVE-2026-21724,updated,2026-08-12,cve_2026_to_now,2026-08-13T08:16:54+00:00
CVE-2026-21725,updated,2026-08-12,cve_2026_to_now,2026-08-13T08:16:54+00:00
CVE-2026-21726,updated,2026-08-12,cve_2026_to_now,2026-08-13T08:16:54+00:00
CVE-2026-21727,updated,2026-08-12,cve_2026_to_now,2026-08-13T08:16:54+00:00
CVE-2026-21728,updated,2026-08-12,cve_2026_to_now,2026-08-13T08:16:54+00:00
CVE-2026-21729,updated,2026-08-12,cve_2026_to_now,2026-08-13T08:16:54+00:00
CVE-2026-22029,updated,2026-08-12,cve_2026_to_now,2026-08-13T08:16:54+00:00
CVE-2026-22887,updated,2026-08-12,cve_2026_to_now,2026-08-13T08:16:54+00:00
CVE-2026-23898,updated,2026-08-12,cve_2026_to_now,2026-08-13T08:16:54+00:00
CVE-2026-24049,updated,2026-08-12,cve_2026_to_now,2026-08-13T08:16:54+00:00
CVE-2026-24099,updated,2026-08-12,cve_2026_to_now,2026-08-13T08:16:54+00:00
CVE-2026-24329,updated,2026-08-12,cve_2026_to_now,2026-08-13T08:16:54+00:00
CVE-2026-24693,updated,2026-08-12,cve_2026_to_now,2026-08-13T08:16:54+00:00
CVE-2026-24911,updated,2026-08-12,cve_2026_to_now,2026-08-13T08:16:54+00:00
CVE-2026-25194,updated,2026-08-12,cve_2026_to_now,2026-08-13T08:16:54+00:00
CVE-2026-25639,updated,2026-08-12,cve_2026_to_now,2026-08-13T08:16:54+00:00
CVE-2026-25652,updated,2026-08-12,cve_2026_to_now,2026-08-13T08:16:54+00:00
CVE-2026-25679,updated,2026-08-12,cve_2026_to_now,2026-08-13T08:16:54+00:00
CVE-2026-25896,updated,2026-08-12,cve_2026_to_now,2026-08-13T08:16:54+00:00
CVE-2026-25990,updated,2026-08-12,cve_2026_to_now,2026-08-13T08:16:54+00:00
CVE-2026-26007,updated,2026-08-12,cve_2026_to_now,2026-08-13T08:16:54+00:00
CVE-2026-26035,added,2026-08-13,cve_2026_to_now,2026-08-13T08:16:54+00:00
CVE-2026-26278,updated,2026-08-12,cve_2026_to_now,2026-08-13T08:16:54+00:00
CVE-2026-27137,updated,2026-08-12,cve_2026_to_now,2026-08-13T08:16:54+00:00
CVE-2026-27145,updated,2026-08-12,cve_2026_to_now,2026-08-13T08:16:54+00:00
CVE-2026-27446,updated,2026-08-12,cve_2026_to_now,2026-08-13T08:16:54+00:00
CVE-2026-27459,updated,2026-08-12,cve_2026_to_now,2026-08-13T08:16:54+00:00
CVE-2026-27606,updated,2026-08-12,cve_2026_to_now,2026-08-13T08:16:54+00:00
CVE-2026-27765,updated,2026-08-12,cve_2026_to_now,2026-08-13T08:16:54+00:00
CVE-2026-27876,updated,2026-08-12,cve_2026_to_now,2026-08-13T08:16:54+00:00
CVE-2026-27877,updated,2026-08-12,cve_2026_to_now,2026-08-13T08:16:54+00:00
CVE-2026-27878,updated,2026-08-12,cve_2026_to_now,2026-08-13T08:16:54+00:00
CVE-2026-27879,updated,2026-08-12,cve_2026_to_now,2026-08-13T08:16:54+00:00
CVE-2026-27880,updated,2026-08-12,cve_2026_to_now,2026-08-13T08:16:54+00:00
CVE-2026-27962,updated,2026-08-12,cve_2026_to_now,2026-08-13T08:16:54+00:00
CVE-2026-28374,updated,2026-08-12,cve_2026_to_now,2026-08-13T08:16:54+00:00
CVE-2026-28375,updated,2026-08-12,cve_2026_to_now,2026-08-13T08:16:54+00:00
CVE-2026-28376,updated,2026-08-12,cve_2026_to_now,2026-08-13T08:16:54+00:00
CVE-2026-28377,updated,2026-08-12,cve_2026_to_now,2026-08-13T08:16:54+00:00
CVE-2026-28378,updated,2026-08-12,cve_2026_to_now,2026-08-13T08:16:54+00:00
CVE-2026-28379,updated,2026-08-12,cve_2026_to_now,2026-08-13T08:16:54+00:00
CVE-2026-28380,updated,2026-08-12,cve_2026_to_now,2026-08-13T08:16:54+00:00
CVE-2026-28383,updated,2026-08-12,cve_2026_to_now,2026-08-13T08:16:54+00:00
CVE-2026-28498,updated,2026-08-12,cve_2026_to_now,2026-08-13T08:16:54+00:00
CVE-2026-28672,updated,2026-08-12,cve_2026_to_now,2026-08-13T08:16:54+00:00
CVE-2026-28700,updated,2026-08-12,cve_2026_to_now,2026-08-13T08:16:54+00:00
CVE-2026-28707,updated,2026-08-12,cve_2026_to_now,2026-08-13T08:16:54+00:00
CVE-2026-28729,updated,2026-08-12,cve_2026_to_now,2026-08-13T08:16:54+00:00
CVE-2026-28757,updated,2026-08-12,cve_2026_to_now,2026-08-13T08:16:54+00:00
CVE-2026-28802,updated,2026-08-12,cve_2026_to_now,2026-08-13T08:16:54+00:00
CVE-2026-29035,updated,2026-08-12,cve_2026_to_now,2026-08-13T08:16:54+00:00
CVE-2026-29063,updated,2026-08-12,cve_2026_to_now,2026-08-13T08:16:54+00:00
CVE-2026-29074,updated,2026-08-12,cve_2026_to_now,2026-08-13T08:16:54+00:00
CVE-2026-29181,updated,2026-08-12,cve_2026_to_now,2026-08-13T08:16:54+00:00
CVE-2026-30922,updated,2026-08-12,cve_2026_to_now,2026-08-13T08:16:54+00:00
CVE-2026-31228,updated,2026-08-12,cve_2026_to_now,2026-08-13T08:16:54+00:00
CVE-2026-31230,updated,2026-08-12,cve_2026_to_now,2026-08-13T08:16:54+00:00
CVE-2026-31488,updated,2026-08-12,cve_2026_to_now,2026-08-13T08:16:54+00:00
CVE-2026-32227,updated,2026-08-12,cve_2026_to_now,2026-08-13T08:16:54+00:00
CVE-2026-32280,updated,2026-08-12,cve_2026_to_now,2026-08-13T08:16:54+00:00
CVE-2026-32283,updated,2026-08-12,cve_2026_to_now,2026-08-13T08:16:54+00:00
CVE-2026-32286,updated,2026-08-12,cve_2026_to_now,2026-08-13T08:16:54+00:00
CVE-2026-32589,updated,2026-08-12,cve_2026_to_now,2026-08-13T08:16:54+00:00
CVE-2026-32591,updated,2026-08-12,cve_2026_to_now,2026-08-13T08:16:54+00:00
CVE-2026-32597,updated,2026-08-12,cve_2026_to_now,2026-08-13T08:16:54+00:00
CVE-2026-32677,updated,2026-08-12,cve_2026_to_now,2026-08-13T08:16:54+00:00
CVE-2026-32788,updated,2026-08-12,cve_2026_to_now,2026-08-13T08:16:54+00:00
CVE-2026-32791,updated,2026-08-12,cve_2026_to_now,2026-08-13T08:16:54+00:00
CVE-2026-33186,updated,2026-08-12,cve_2026_to_now,2026-08-13T08:16:54+00:00
CVE-2026-33375,updated,2026-08-12,cve_2026_to_now,2026-08-13T08:16:54+00:00
CVE-2026-33376,updated,2026-08-12,cve_2026_to_now,2026-08-13T08:16:54+00:00
CVE-2026-33377,updated,2026-08-12,cve_2026_to_now,2026-08-13T08:16:54+00:00
CVE-2026-33378,updated,2026-08-12,cve_2026_to_now,2026-08-13T08:16:54+00:00
CVE-2026-33380,updated,2026-08-12,cve_2026_to_now,2026-08-13T08:16:54+00:00
CVE-2026-33381,updated,2026-08-12,cve_2026_to_now,2026-08-13T08:16:54+00:00
CVE-2026-33382,updated,2026-08-12,cve_2026_to_now,2026-08-13T08:16:54+00:00
CVE-2026-33810,updated,2026-08-12,cve_2026_to_now,2026-08-13T08:16:54+00:00
CVE-2026-33811,updated,2026-08-12,cve_2026_to_now,2026-08-13T08:16:54+00:00
CVE-2026-33815,updated,2026-08-12,cve_2026_to_now,2026-08-13T08:16:54+00:00
CVE-2026-33816,updated,2026-08-12,cve_2026_to_now,2026-08-13T08:16:54+00:00
CVE-2026-33894,updated,2026-08-12,cve_2026_to_now,2026-08-13T08:16:54+00:00
CVE-2026-34175,updated,2026-08-12,cve_2026_to_now,2026-08-13T08:16:54+00:00
CVE-2026-34635,updated,2026-08-12,cve_2026_to_now,2026-08-13T08:16:54+00:00
CVE-2026-34986,updated,2026-08-12,cve_2026_to_now,2026-08-13T08:16:54+00:00
CVE-2026-35469,updated,2026-08-12,cve_2026_to_now,2026-08-13T08:16:54+00:00
CVE-2026-35502,updated,2026-08-12,cve_2026_to_now,2026-08-13T08:16:54+00:00
CVE-2026-39452,updated,2026-08-12,cve_2026_to_now,2026-08-13T08:16:54+00:00
CVE-2026-39820,updated,2026-08-12,cve_2026_to_now,2026-08-13T08:16:54+00:00
CVE-2026-39821,updated,2026-08-12,cve_2026_to_now,2026-08-13T08:16:54+00:00
CVE-2026-39828,updated,2026-08-12,cve_2026_to_now,2026-08-13T08:16:54+00:00
CVE-2026-39829,updated,2026-08-12,cve_2026_to_now,2026-08-13T08:16:54+00:00
CVE-2026-39830,updated,2026-08-12,cve_2026_to_now,2026-08-13T08:16:54+00:00
CVE-2026-39832,updated,2026-08-12,cve_2026_to_now,2026-08-13T08:16:54+00:00
CVE-2026-39835,updated,2026-08-12,cve_2026_to_now,2026-08-13T08:16:54+00:00
CVE-2026-39883,updated,2026-08-12,cve_2026_to_now,2026-08-13T08:16:54+00:00
CVE-2026-39892,updated,2026-08-12,cve_2026_to_now,2026-08-13T08:16:54+00:00
CVE-2026-40175,updated,2026-08-12,cve_2026_to_now,2026-08-13T08:16:54+00:00
CVE-2026-40192,updated,2026-08-12,cve_2026_to_now,2026-08-13T08:16:54+00:00
CVE-2026-40375,updated,2026-08-12,cve_2026_to_now,2026-08-13T08:16:54+00:00
CVE-2026-40895,updated,2026-08-12,cve_2026_to_now,2026-08-13T08:16:54+00:00
CVE-2026-40920,updated,2026-08-12,cve_2026_to_now,2026-08-13T08:16:54+00:00
CVE-2026-42018,added,,cve_2026_to_now,2026-08-13T08:16:54+00:00
CVE-2026-42033,updated,2026-08-12,cve_2026_to_now,2026-08-13T08:16:54+00:00
CVE-2026-42039,updated,2026-08-12,cve_2026_to_now,2026-08-13T08:16:54+00:00
CVE-2026-42041,updated,2026-08-12,cve_2026_to_now,2026-08-13T08:16:54+00:00
CVE-2026-42043,updated,2026-08-12,cve_2026_to_now,2026-08-13T08:16:54+00:00
CVE-2026-42044,updated,2026-08-12,cve_2026_to_now,2026-08-13T08:16:54+00:00
CVE-2026-42127,updated,2026-08-12,cve_2026_to_now,2026-08-13T08:16:54+00:00
CVE-2026-42129,updated,2026-08-12,cve_2026_to_now,2026-08-13T08:16:54+00:00
CVE-2026-42151,updated,2026-08-12,cve_2026_to_now,2026-08-13T08:16:54+00:00
CVE-2026-42154,updated,2026-08-12,cve_2026_to_now,2026-08-13T08:16:54+00:00
CVE-2026-42499,updated,2026-08-12,cve_2026_to_now,2026-08-13T08:16:54+00:00
CVE-2026-42508,updated,2026-08-12,cve_2026_to_now,2026-08-13T08:16:54+00:00
CVE-2026-42537,updated,2026-08-12,cve_2026_to_now,2026-08-13T08:16:54+00:00
CVE-2026-42578,updated,2026-08-12,cve_2026_to_now,2026-08-13T08:16:54+00:00
CVE-2026-42579,updated,2026-08-12,cve_2026_to_now,2026-08-13T08:16:54+00:00
CVE-2026-42581,updated,2026-08-12,cve_2026_to_now,2026-08-13T08:16:54+00:00
CVE-2026-42584,updated,2026-08-12,cve_2026_to_now,2026-08-13T08:16:54+00:00
CVE-2026-42587,updated,2026-08-12,cve_2026_to_now,2026-08-13T08:16:54+00:00
CVE-2026-42976,updated,2026-08-12,cve_2026_to_now,2026-08-13T08:16:54+00:00
CVE-2026-43037,updated,2026-08-12,cve_2026_to_now,2026-08-13T08:16:54+00:00
CVE-2026-43112,updated,2026-08-12,cve_2026_to_now,2026-08-13T08:16:54+00:00
CVE-2026-43606,updated,2026-08-12,cve_2026_to_now,2026-08-13T08:16:54+00:00
CVE-2026-44249,updated,2026-08-12,cve_2026_to_now,2026-08-13T08:16:54+00:00
CVE-2026-44250,updated,2026-08-12,cve_2026_to_now,2026-08-13T08:16:54+00:00
CVE-2026-44289,updated,2026-08-12,cve_2026_to_now,2026-08-13T08:16:54+00:00
CVE-2026-44416,updated,2026-08-12,cve_2026_to_now,2026-08-13T08:16:54+00:00
CVE-2026-44432,updated,2026-08-12,cve_2026_to_now,2026-08-13T08:16:54+00:00
CVE-2026-44486,updated,2026-08-12,cve_2026_to_now,2026-08-13T08:16:54+00:00
CVE-2026-44487,updated,2026-08-12,cve_2026_to_now,2026-08-13T08:16:54+00:00
CVE-2026-44488,updated,2026-08-12,cve_2026_to_now,2026-08-13T08:16:54+00:00
CVE-2026-44492,updated,2026-08-12,cve_2026_to_now,2026-08-13T08:16:54+00:00
CVE-2026-44494,updated,2026-08-12,cve_2026_to_now,2026-08-13T08:16:54+00:00
CVE-2026-44495,updated,2026-08-12,cve_2026_to_now,2026-08-13T08:16:54+00:00
CVE-2026-44496,updated,2026-08-12,cve_2026_to_now,2026-08-13T08:16:54+00:00
CVE-2026-44630,updated,2026-08-12,cve_2026_to_now,2026-08-13T08:16:54+00:00
CVE-2026-44741,added,,cve_2026_to_now,2026-08-13T08:16:54+00:00
CVE-2026-44890,updated,2026-08-12,cve_2026_to_now,2026-08-13T08:16:54+00:00
CVE-2026-44893,updated,2026-08-12,cve_2026_to_now,2026-08-13T08:16:54+00:00
CVE-2026-44990,updated,2026-08-12,cve_2026_to_now,2026-08-13T08:16:54+00:00
CVE-2026-45416,updated,2026-08-12,cve_2026_to_now,2026-08-13T08:16:54+00:00
CVE-2026-45674,updated,2026-08-12,cve_2026_to_now,2026-08-13T08:16:54+00:00
CVE-2026-45736,updated,2026-08-12,cve_2026_to_now,2026-08-13T08:16:54+00:00
CVE-2026-46340,updated,2026-08-12,cve_2026_to_now,2026-08-13T08:16:54+00:00
CVE-2026-46382,added,,cve_2026_to_now,2026-08-13T08:16:54+00:00
CVE-2026-46384,updated,2026-08-12,cve_2026_to_now,2026-08-13T08:16:54+00:00
CVE-2026-46385,updated,2026-08-12,cve_2026_to_now,2026-08-13T08:16:54+00:00
CVE-2026-46595,updated,2026-08-12,cve_2026_to_now,2026-08-13T08:16:54+00:00
CVE-2026-46688,added,,cve_2026_to_now,2026-08-13T08:16:54+00:00
CVE-2026-46731,added,2026-08-13,cve_2026_to_now,2026-08-13T08:16:54+00:00
CVE-2026-47013,updated,2026-08-12,cve_2026_to_now,2026-08-13T08:16:54+00:00
CVE-2026-47021,updated,2026-08-12,cve_2026_to_now,2026-08-13T08:16:54+00:00
CVE-2026-47226,added,,cve_2026_to_now,2026-08-13T08:16:54+00:00
CVE-2026-47227,added,,cve_2026_to_now,2026-08-13T08:16:54+00:00
CVE-2026-47228,added,,cve_2026_to_now,2026-08-13T08:16:54+00:00
CVE-2026-47229,added,,cve_2026_to_now,2026-08-13T08:16:54+00:00
CVE-2026-47230,added,,cve_2026_to_now,2026-08-13T08:16:54+00:00
CVE-2026-47231,added,,cve_2026_to_now,2026-08-13T08:16:54+00:00
CVE-2026-47232,added,,cve_2026_to_now,2026-08-13T08:16:54+00:00
CVE-2026-47233,added,,cve_2026_to_now,2026-08-13T08:16:54+00:00
CVE-2026-47234,added,,cve_2026_to_now,2026-08-13T08:16:54+00:00
CVE-2026-47285,updated,2026-08-12,cve_2026_to_now,2026-08-13T08:16:54+00:00
CVE-2026-47299,updated,2026-08-12,cve_2026_to_now,2026-08-13T08:16:54+00:00
CVE-2026-47691,updated,2026-08-12,cve_2026_to_now,2026-08-13T08:16:54+00:00
CVE-2026-47704,updated,2026-08-12,cve_2026_to_now,2026-08-13T08:16:54+00:00
CVE-2026-47717,added,,cve_2026_to_now,2026-08-13T08:16:54+00:00
CVE-2026-47718,added,,cve_2026_to_now,2026-08-13T08:16:54+00:00
CVE-2026-47922,updated,2026-08-12,cve_2026_to_now,2026-08-13T08:16:54+00:00
CVE-2026-47940,updated,2026-08-12,cve_2026_to_now,2026-08-13T08:16:54+00:00
CVE-2026-48006,updated,2026-08-12,cve_2026_to_now,2026-08-13T08:16:54+00:00
CVE-2026-48026,updated,2026-08-12,cve_2026_to_now,2026-08-13T08:16:54+00:00
CVE-2026-48043,updated,2026-08-12,cve_2026_to_now,2026-08-13T08:16:54+00:00
CVE-2026-48059,updated,2026-08-12,cve_2026_to_now,2026-08-13T08:16:54+00:00
CVE-2026-48122,updated,2026-08-12,cve_2026_to_now,2026-08-13T08:16:54+00:00
CVE-2026-48375,updated,2026-08-12,cve_2026_to_now,2026-08-13T08:16:54+00:00
CVE-2026-48384,updated,2026-08-12,cve_2026_to_now,2026-08-13T08:16:54+00:00
CVE-2026-48385,updated,2026-08-12,cve_2026_to_now,2026-08-13T08:16:54+00:00
CVE-2026-48397,updated,2026-08-12,cve_2026_to_now,2026-08-13T08:16:54+00:00
CVE-2026-48405,updated,2026-08-12,cve_2026_to_now,2026-08-13T08:16:54+00:00
CVE-2026-48406,updated,2026-08-12,cve_2026_to_now,2026-08-13T08:16:54+00:00
CVE-2026-48407,updated,2026-08-12,cve_2026_to_now,2026-08-13T08:16:54+00:00
CVE-2026-48408,updated,2026-08-12,cve_2026_to_now,2026-08-13T08:16:54+00:00
CVE-2026-48410,updated,2026-08-12,cve_2026_to_now,2026-08-13T08:16:54+00:00
CVE-2026-48413,updated,2026-08-12,cve_2026_to_now,2026-08-13T08:16:54+00:00
CVE-2026-48434,updated,2026-08-12,cve_2026_to_now,2026-08-13T08:16:54+00:00
CVE-2026-48435,updated,2026-08-12,cve_2026_to_now,2026-08-13T08:16:54+00:00
CVE-2026-48437,updated,2026-08-12,cve_2026_to_now,2026-08-13T08:16:54+00:00
CVE-2026-48439,updated,2026-08-12,cve_2026_to_now,2026-08-13T08:16:54+00:00
CVE-2026-48440,updated,2026-08-12,cve_2026_to_now,2026-08-13T08:16:54+00:00
CVE-2026-48442,updated,2026-08-12,cve_2026_to_now,2026-08-13T08:16:54+00:00
CVE-2026-48444,updated,2026-08-12,cve_2026_to_now,2026-08-13T08:16:54+00:00
CVE-2026-48446,updated,2026-08-12,cve_2026_to_now,2026-08-13T08:16:54+00:00
CVE-2026-48447,updated,2026-08-12,cve_2026_to_now,2026-08-13T08:16:54+00:00
CVE-2026-48526,updated,2026-08-12,cve_2026_to_now,2026-08-13T08:16:54+00:00
CVE-2026-48550,added,,cve_2026_to_now,2026-08-13T08:16:54+00:00
CVE-2026-48551,added,,cve_2026_to_now,2026-08-13T08:16:54+00:00
CVE-2026-48552,added,,cve_2026_to_now,2026-08-13T08:16:54+00:00
CVE-2026-48553,added,,cve_2026_to_now,2026-08-13T08:16:54+00:00
CVE-2026-48554,added,,cve_2026_to_now,2026-08-13T08:16:54+00:00
CVE-2026-48746,updated,2026-08-12,cve_2026_to_now,2026-08-13T08:16:54+00:00
CVE-2026-48763,updated,2026-08-12,cve_2026_to_now,2026-08-13T08:16:54+00:00
CVE-2026-48765,updated,2026-08-12,cve_2026_to_now,2026-08-13T08:16:54+00:00
CVE-2026-48766,updated,2026-08-12,cve_2026_to_now,2026-08-13T08:16:54+00:00
CVE-2026-48779,updated,2026-08-12,cve_2026_to_now,2026-08-13T08:16:54+00:00
CVE-2026-48790,updated,2026-08-12,cve_2026_to_now,2026-08-13T08:16:54+00:00
CVE-2026-48791,added,,cve_2026_to_now,2026-08-13T08:16:54+00:00
CVE-2026-48813,updated,2026-08-12,cve_2026_to_now,2026-08-13T08:16:54+00:00
CVE-2026-48908,updated,2026-08-12,cve_2026_to_now,2026-08-13T08:16:54+00:00
CVE-2026-48939,updated,2026-08-12,cve_2026_to_now,2026-08-13T08:16:54+00:00
CVE-2026-49049,updated,2026-08-12,cve_2026_to_now,2026-08-13T08:16:54+00:00
CVE-2026-49163,updated,2026-08-12,cve_2026_to_now,2026-08-13T08:16:54+00:00
CVE-2026-49177,updated,2026-08-10,cve_2026_to_now,2026-08-13T08:16:54+00:00
CVE-2026-49179,updated,2026-08-12,cve_2026_to_now,2026-08-13T08:16:54+00:00
CVE-2026-49261,updated,2026-08-12,cve_2026_to_now,2026-08-13T08:16:54+00:00
CVE-2026-49262,added,,cve_2026_to_now,2026-08-13T08:16:54+00:00
CVE-2026-49332,updated,2026-08-12,cve_2026_to_now,2026-08-13T08:16:54+00:00
CVE-2026-49349,added,,cve_2026_to_now,2026-08-13T08:16:54+00:00
CVE-2026-49466,added,,cve_2026_to_now,2026-08-13T08:16:54+00:00
CVE-2026-49467,added,,cve_2026_to_now,2026-08-13T08:16:54+00:00
CVE-2026-49473,added,,cve_2026_to_now,2026-08-13T08:16:54+00:00
CVE-2026-49481,added,,cve_2026_to_now,2026-08-13T08:16:54+00:00
CVE-2026-49819,added,,cve_2026_to_now,2026-08-13T08:16:54+00:00
CVE-2026-50010,updated,2026-08-12,cve_2026_to_now,2026-08-13T08:16:54+00:00
CVE-2026-50011,updated,2026-08-12,cve_2026_to_now,2026-08-13T08:16:54+00:00
CVE-2026-50060,updated,2026-08-12,cve_2026_to_now,2026-08-13T08:16:54+00:00
CVE-2026-50062,updated,2026-08-12,cve_2026_to_now,2026-08-13T08:16:54+00:00
CVE-2026-50236,updated,2026-08-13,cve_2026_to_now,2026-08-13T08:16:54+00:00
CVE-2026-50472,updated,2026-08-12,cve_2026_to_now,2026-08-13T08:16:54+00:00
CVE-2026-50481,updated,2026-08-12,cve_2026_to_now,2026-08-13T08:16:54+00:00
CVE-2026-50515,updated,2026-08-12,cve_2026_to_now,2026-08-13T08:16:54+00:00
CVE-2026-50516,updated,2026-08-12,cve_2026_to_now,2026-08-13T08:16:54+00:00
CVE-2026-50540,updated,2026-08-12,cve_2026_to_now,2026-08-13T08:16:54+00:00
CVE-2026-50544,added,,cve_2026_to_now,2026-08-13T08:16:54+00:00
CVE-2026-50561,added,,cve_2026_to_now,2026-08-13T08:16:54+00:00
CVE-2026-50656,updated,2026-08-12,cve_2026_to_now,2026-08-13T08:16:54+00:00
CVE-2026-51583,updated,2026-08-12,cve_2026_to_now,2026-08-13T08:16:54+00:00
CVE-2026-51584,updated,2026-08-12,cve_2026_to_now,2026-08-13T08:16:54+00:00
CVE-2026-52923,updated,2026-08-12,cve_2026_to_now,2026-08-13T08:16:54+00:00
CVE-2026-53009,updated,2026-08-12,cve_2026_to_now,2026-08-13T08:16:54+00:00
CVE-2026-53059,updated,2026-08-12,cve_2026_to_now,2026-08-13T08:16:54+00:00
CVE-2026-53415,updated,2026-08-13,cve_2026_to_now,2026-08-13T08:16:54+00:00
CVE-2026-53996,added,,cve_2026_to_now,2026-08-13T08:16:54+00:00
CVE-2026-54113,updated,2026-08-12,cve_2026_to_now,2026-08-13T08:16:54+00:00
CVE-2026-54123,updated,2026-08-12,cve_2026_to_now,2026-08-13T08:16:54+00:00
CVE-2026-54183,added,,cve_2026_to_now,2026-08-13T08:16:54+00:00
CVE-2026-54228,updated,2026-08-12,cve_2026_to_now,2026-08-13T08:16:54+00:00
CVE-2026-54229,updated,2026-08-12,cve_2026_to_now,2026-08-13T08:16:54+00:00
CVE-2026-54230,updated,2026-08-12,cve_2026_to_now,2026-08-13T08:16:54+00:00
CVE-2026-54231,updated,2026-08-12,cve_2026_to_now,2026-08-13T08:16:54+00:00
CVE-2026-54981,updated,2026-08-12,cve_2026_to_now,2026-08-13T08:16:54+00:00
CVE-2026-54984,updated,2026-08-12,cve_2026_to_now,2026-08-13T08:16:54+00:00
CVE-2026-55040,updated,2026-08-13,cve_2026_to_now,2026-08-13T08:16:54+00:00
CVE-2026-55576,updated,2026-08-12,cve_2026_to_now,2026-08-13T08:16:54+00:00
CVE-2026-55653,updated,2026-08-12,cve_2026_to_now,2026-08-13T08:16:54+00:00
CVE-2026-55654,updated,2026-08-12,cve_2026_to_now,2026-08-13T08:16:54+00:00
CVE-2026-55655,updated,2026-08-12,cve_2026_to_now,2026-08-13T08:16:54+00:00
CVE-2026-55676,updated,2026-08-12,cve_2026_to_now,2026-08-13T08:16:54+00:00
CVE-2026-55707,updated,2026-08-06,cve_2026_to_now,2026-08-13T08:16:54+00:00
CVE-2026-55799,updated,2026-08-12,cve_2026_to_now,2026-08-13T08:16:54+00:00
CVE-2026-56161,updated,2026-08-12,cve_2026_to_now,2026-08-13T08:16:54+00:00
CVE-2026-56162,updated,2026-08-12,cve_2026_to_now,2026-08-13T08:16:54+00:00
CVE-2026-56174,updated,2026-08-12,cve_2026_to_now,2026-08-13T08:16:54+00:00
CVE-2026-56179,updated,2026-08-12,cve_2026_to_now,2026-08-13T08:16:54+00:00
CVE-2026-56208,updated,2026-08-12,cve_2026_to_now,2026-08-13T08:16:54+00:00
CVE-2026-56209,updated,2026-08-12,cve_2026_to_now,2026-08-13T08:16:54+00:00
CVE-2026-56210,updated,2026-08-12,cve_2026_to_now,2026-08-13T08:16:54+00:00
CVE-2026-56211,updated,2026-08-12,cve_2026_to_now,2026-08-13T08:16:54+00:00
CVE-2026-56290,updated,2026-08-12,cve_2026_to_now,2026-08-13T08:16:54+00:00
CVE-2026-56291,updated,2026-08-12,cve_2026_to_now,2026-08-13T08:16:54+00:00
CVE-2026-56292,updated,2026-08-12,cve_2026_to_now,2026-08-13T08:16:54+00:00
CVE-2026-57104,updated,2026-08-12,cve_2026_to_now,2026-08-13T08:16:54+00:00
CVE-2026-57105,updated,2026-08-12,cve_2026_to_now,2026-08-13T08:16:54+00:00
CVE-2026-57262,updated,2026-08-12,cve_2026_to_now,2026-08-13T08:16:54+00:00
CVE-2026-57827,updated,2026-08-12,cve_2026_to_now,2026-08-13T08:16:54+00:00
CVE-2026-57828,updated,2026-08-12,cve_2026_to_now,2026-08-13T08:16:54+00:00
CVE-2026-57831,updated,2026-08-12,cve_2026_to_now,2026-08-13T08:16:54+00:00
CVE-2026-57832,updated,2026-08-12,cve_2026_to_now,2026-08-13T08:16:54+00:00
CVE-2026-57858,added,,cve_2026_to_now,2026-08-13T08:16:54+00:00
CVE-2026-58049,updated,2026-08-12,cve_2026_to_now,2026-08-13T08:16:54+00:00
CVE-2026-58076,added,,cve_2026_to_now,2026-08-13T08:16:54+00:00
CVE-2026-58078,updated,2026-08-12,cve_2026_to_now,2026-08-13T08:16:54+00:00
CVE-2026-58115,updated,2026-08-12,cve_2026_to_now,2026-08-13T08:16:54+00:00
CVE-2026-58149,updated,2026-08-12,cve_2026_to_now,2026-08-13T08:16:54+00:00
CVE-2026-58262,updated,2026-08-12,cve_2026_to_now,2026-08-13T08:16:54+00:00
CVE-2026-58612,updated,2026-08-12,cve_2026_to_now,2026-08-13T08:16:54+00:00
CVE-2026-58639,updated,2026-08-12,cve_2026_to_now,2026-08-13T08:16:54+00:00
CVE-2026-58641,updated,2026-08-12,cve_2026_to_now,2026-08-13T08:16:54+00:00
CVE-2026-58650,updated,2026-08-12,cve_2026_to_now,2026-08-13T08:16:54+00:00
CVE-2026-58651,updated,2026-08-12,cve_2026_to_now,2026-08-13T08:16:54+00:00
CVE-2026-59087,updated,2026-08-12,cve_2026_to_now,2026-08-13T08:16:54+00:00
CVE-2026-59090,updated,2026-08-12,cve_2026_to_now,2026-08-13T08:16:54+00:00
CVE-2026-59113,updated,2026-08-12,cve_2026_to_now,2026-08-13T08:16:54+00:00
CVE-2026-59115,updated,2026-08-12,cve_2026_to_now,2026-08-13T08:16:54+00:00
CVE-2026-59118,updated,2026-08-12,cve_2026_to_now,2026-08-13T08:16:54+00:00
CVE-2026-59119,updated,2026-08-12,cve_2026_to_now,2026-08-13T08:16:54+00:00
CVE-2026-59122,updated,2026-08-12,cve_2026_to_now,2026-08-13T08:16:54+00:00
CVE-2026-59124,updated,2026-08-12,cve_2026_to_now,2026-08-13T08:16:54+00:00
CVE-2026-59125,updated,2026-08-12,cve_2026_to_now,2026-08-13T08:16:54+00:00
CVE-2026-59126,updated,2026-08-12,cve_2026_to_now,2026-08-13T08:16:54+00:00
CVE-2026-59127,updated,2026-08-12,cve_2026_to_now,2026-08-13T08:16:54+00:00
CVE-2026-59128,updated,2026-08-12,cve_2026_to_now,2026-08-13T08:16:54+00:00
CVE-2026-59130,updated,2026-08-12,cve_2026_to_now,2026-08-13T08:16:54+00:00
CVE-2026-59131,updated,2026-08-12,cve_2026_to_now,2026-08-13T08:16:54+00:00
CVE-2026-59132,updated,2026-08-12,cve_2026_to_now,2026-08-13T08:16:54+00:00
CVE-2026-59133,updated,2026-08-12,cve_2026_to_now,2026-08-13T08:16:54+00:00
CVE-2026-59134,updated,2026-08-12,cve_2026_to_now,2026-08-13T08:16:54+00:00
CVE-2026-59135,updated,2026-08-12,cve_2026_to_now,2026-08-13T08:16:54+00:00
CVE-2026-59136,updated,2026-08-12,cve_2026_to_now,2026-08-13T08:16:54+00:00
CVE-2026-59137,updated,2026-08-12,cve_2026_to_now,2026-08-13T08:16:54+00:00
CVE-2026-59138,updated,2026-08-12,cve_2026_to_now,2026-08-13T08:16:54+00:00
CVE-2026-59242,added,,cve_2026_to_now,2026-08-13T08:16:54+00:00
CVE-2026-59244,added,,cve_2026_to_now,2026-08-13T08:16:54+00:00
CVE-2026-59310,updated,2026-08-13,cve_2026_to_now,2026-08-13T08:16:54+00:00
CVE-2026-59700,updated,2026-08-12,cve_2026_to_now,2026-08-13T08:16:54+00:00
CVE-2026-59843,updated,2026-08-12,cve_2026_to_now,2026-08-13T08:16:54+00:00
CVE-2026-59844,updated,2026-08-12,cve_2026_to_now,2026-08-13T08:16:54+00:00
CVE-2026-59846,updated,2026-08-12,cve_2026_to_now,2026-08-13T08:16:54+00:00
CVE-2026-59847,updated,2026-08-12,cve_2026_to_now,2026-08-13T08:16:54+00:00
CVE-2026-59848,updated,2026-08-12,cve_2026_to_now,2026-08-13T08:16:54+00:00
CVE-2026-59914,added,2026-08-13,cve_2026_to_now,2026-08-13T08:16:54+00:00
CVE-2026-59916,added,2026-08-13,cve_2026_to_now,2026-08-13T08:16:54+00:00
CVE-2026-59917,added,2026-08-13,cve_2026_to_now,2026-08-13T08:16:54+00:00
CVE-2026-60024,updated,2026-08-12,cve_2026_to_now,2026-08-13T08:16:54+00:00
CVE-2026-60025,updated,2026-08-12,cve_2026_to_now,2026-08-13T08:16:54+00:00
CVE-2026-61133,updated,2026-08-12,cve_2026_to_now,2026-08-13T08:16:54+00:00
CVE-2026-61207,updated,2026-08-12,cve_2026_to_now,2026-08-13T08:16:54+00:00
CVE-2026-61345,updated,2026-08-12,cve_2026_to_now,2026-08-13T08:16:54+00:00
CVE-2026-61346,updated,2026-08-12,cve_2026_to_now,2026-08-13T08:16:54+00:00
CVE-2026-61347,updated,2026-08-12,cve_2026_to_now,2026-08-13T08:16:54+00:00
CVE-2026-61348,updated,2026-08-12,cve_2026_to_now,2026-08-13T08:16:54+00:00
CVE-2026-61349,updated,2026-08-12,cve_2026_to_now,2026-08-13T08:16:54+00:00
CVE-2026-61350,updated,2026-08-12,cve_2026_to_now,2026-08-13T08:16:54+00:00
CVE-2026-61352,updated,2026-08-12,cve_2026_to_now,2026-08-13T08:16:54+00:00
CVE-2026-61353,updated,2026-08-12,cve_2026_to_now,2026-08-13T08:16:54+00:00
CVE-2026-61355,updated,2026-08-12,cve_2026_to_now,2026-08-13T08:16:54+00:00
CVE-2026-61356,updated,2026-08-12,cve_2026_to_now,2026-08-13T08:16:54+00:00
CVE-2026-61357,updated,2026-08-12,cve_2026_to_now,2026-08-13T08:16:54+00:00
CVE-2026-61358,updated,2026-08-12,cve_2026_to_now,2026-08-13T08:16:54+00:00
CVE-2026-61359,updated,2026-08-12,cve_2026_to_now,2026-08-13T08:16:54+00:00
CVE-2026-61360,updated,2026-08-12,cve_2026_to_now,2026-08-13T08:16:54+00:00
CVE-2026-61361,updated,2026-08-12,cve_2026_to_now,2026-08-13T08:16:54+00:00
CVE-2026-61363,updated,2026-08-12,cve_2026_to_now,2026-08-13T08:16:54+00:00
CVE-2026-61364,updated,2026-08-12,cve_2026_to_now,2026-08-13T08:16:54+00:00
CVE-2026-61365,updated,2026-08-12,cve_2026_to_now,2026-08-13T08:16:54+00:00
CVE-2026-61366,updated,2026-08-12,cve_2026_to_now,2026-08-13T08:16:54+00:00
CVE-2026-61367,updated,2026-08-12,cve_2026_to_now,2026-08-13T08:16:54+00:00
CVE-2026-61368,updated,2026-08-12,cve_2026_to_now,2026-08-13T08:16:54+00:00
CVE-2026-61424,updated,2026-08-12,cve_2026_to_now,2026-08-13T08:16:54+00:00
CVE-2026-61425,updated,2026-08-12,cve_2026_to_now,2026-08-13T08:16:54+00:00
CVE-2026-61918,updated,2026-08-12,cve_2026_to_now,2026-08-13T08:16:54+00:00
CVE-2026-61920,updated,2026-08-12,cve_2026_to_now,2026-08-13T08:16:54+00:00
CVE-2026-61921,updated,2026-08-12,cve_2026_to_now,2026-08-13T08:16:54+00:00
CVE-2026-61923,updated,2026-08-12,cve_2026_to_now,2026-08-13T08:16:54+00:00
CVE-2026-61924,updated,2026-08-12,cve_2026_to_now,2026-08-13T08:16:54+00:00
CVE-2026-61925,updated,2026-08-12,cve_2026_to_now,2026-08-13T08:16:54+00:00
CVE-2026-61926,updated,2026-08-12,cve_2026_to_now,2026-08-13T08:16:54+00:00
CVE-2026-61927,updated,2026-08-12,cve_2026_to_now,2026-08-13T08:16:54+00:00
CVE-2026-61928,updated,2026-08-12,cve_2026_to_now,2026-08-13T08:16:54+00:00
CVE-2026-61929,updated,2026-08-12,cve_2026_to_now,2026-08-13T08:16:54+00:00
CVE-2026-61930,updated,2026-08-12,cve_2026_to_now,2026-08-13T08:16:54+00:00
CVE-2026-61932,updated,2026-08-12,cve_2026_to_now,2026-08-13T08:16:54+00:00
CVE-2026-61933,updated,2026-08-12,cve_2026_to_now,2026-08-13T08:16:54+00:00
CVE-2026-61934,updated,2026-08-12,cve_2026_to_now,2026-08-13T08:16:54+00:00
CVE-2026-61936,updated,2026-08-12,cve_2026_to_now,2026-08-13T08:16:54+00:00
CVE-2026-61937,updated,2026-08-12,cve_2026_to_now,2026-08-13T08:16:54+00:00
CVE-2026-61938,updated,2026-08-12,cve_2026_to_now,2026-08-13T08:16:54+00:00
CVE-2026-61939,updated,2026-08-12,cve_2026_to_now,2026-08-13T08:16:54+00:00
CVE-2026-62314,updated,2026-08-12,cve_2026_to_now,2026-08-13T08:16:54+00:00
CVE-2026-62420,added,,cve_2026_to_now,2026-08-13T08:16:54+00:00
CVE-2026-62688,updated,2026-08-12,cve_2026_to_now,2026-08-13T08:16:54+00:00
CVE-2026-62690,updated,2026-08-12,cve_2026_to_now,2026-08-13T08:16:54+00:00
CVE-2026-62692,updated,2026-08-12,cve_2026_to_now,2026-08-13T08:16:54+00:00
CVE-2026-62693,updated,2026-08-12,cve_2026_to_now,2026-08-13T08:16:54+00:00
CVE-2026-62695,updated,2026-08-12,cve_2026_to_now,2026-08-13T08:16:54+00:00
CVE-2026-62696,updated,2026-08-12,cve_2026_to_now,2026-08-13T08:16:54+00:00
CVE-2026-62698,updated,2026-08-12,cve_2026_to_now,2026-08-13T08:16:54+00:00
CVE-2026-62699,updated,2026-08-12,cve_2026_to_now,2026-08-13T08:16:54+00:00
CVE-2026-62700,updated,2026-08-12,cve_2026_to_now,2026-08-13T08:16:54+00:00
CVE-2026-62701,updated,2026-08-12,cve_2026_to_now,2026-08-13T08:16:54+00:00
CVE-2026-62702,updated,2026-08-12,cve_2026_to_now,2026-08-13T08:16:54+00:00
CVE-2026-62703,updated,2026-08-12,cve_2026_to_now,2026-08-13T08:16:54+00:00
CVE-2026-62705,updated,2026-08-12,cve_2026_to_now,2026-08-13T08:16:54+00:00
CVE-2026-62707,updated,2026-08-12,cve_2026_to_now,2026-08-13T08:16:54+00:00
CVE-2026-62708,updated,2026-08-12,cve_2026_to_now,2026-08-13T08:16:54+00:00
CVE-2026-62709,updated,2026-08-12,cve_2026_to_now,2026-08-13T08:16:54+00:00
CVE-2026-62710,updated,2026-08-12,cve_2026_to_now,2026-08-13T08:16:54+00:00
CVE-2026-62711,updated,2026-08-12,cve_2026_to_now,2026-08-13T08:16:54+00:00
CVE-2026-62712,updated,2026-08-12,cve_2026_to_now,2026-08-13T08:16:54+00:00
CVE-2026-62713,updated,2026-08-12,cve_2026_to_now,2026-08-13T08:16:54+00:00
CVE-2026-62714,updated,2026-08-12,cve_2026_to_now,2026-08-13T08:16:54+00:00
CVE-2026-62715,updated,2026-08-12,cve_2026_to_now,2026-08-13T08:16:54+00:00
CVE-2026-62716,updated,2026-08-12,cve_2026_to_now,2026-08-13T08:16:54+00:00
CVE-2026-62717,updated,2026-08-12,cve_2026_to_now,2026-08-13T08:16:54+00:00
CVE-2026-62718,updated,2026-08-12,cve_2026_to_now,2026-08-13T08:16:54+00:00
CVE-2026-62719,updated,2026-08-12,cve_2026_to_now,2026-08-13T08:16:54+00:00
CVE-2026-62720,updated,2026-08-12,cve_2026_to_now,2026-08-13T08:16:54+00:00
CVE-2026-62721,updated,2026-08-12,cve_2026_to_now,2026-08-13T08:16:54+00:00
CVE-2026-62722,updated,2026-08-12,cve_2026_to_now,2026-08-13T08:16:54+00:00
CVE-2026-62723,updated,2026-08-12,cve_2026_to_now,2026-08-13T08:16:54+00:00
CVE-2026-62724,updated,2026-08-12,cve_2026_to_now,2026-08-13T08:16:54+00:00
CVE-2026-62725,updated,2026-08-12,cve_2026_to_now,2026-08-13T08:16:54+00:00
CVE-2026-62726,updated,2026-08-12,cve_2026_to_now,2026-08-13T08:16:54+00:00
CVE-2026-62728,updated,2026-08-12,cve_2026_to_now,2026-08-13T08:16:54+00:00
CVE-2026-62729,updated,2026-08-12,cve_2026_to_now,2026-08-13T08:16:54+00:00
CVE-2026-62730,updated,2026-08-12,cve_2026_to_now,2026-08-13T08:16:54+00:00
CVE-2026-62732,updated,2026-08-12,cve_2026_to_now,2026-08-13T08:16:54+00:00
CVE-2026-62733,updated,2026-08-12,cve_2026_to_now,2026-08-13T08:16:54+00:00
CVE-2026-62734,updated,2026-08-12,cve_2026_to_now,2026-08-13T08:16:54+00:00
CVE-2026-62735,updated,2026-08-12,cve_2026_to_now,2026-08-13T08:16:54+00:00
CVE-2026-62736,updated,2026-08-12,cve_2026_to_now,2026-08-13T08:16:54+00:00
CVE-2026-62737,updated,2026-08-12,cve_2026_to_now,2026-08-13T08:16:54+00:00
CVE-2026-62738,updated,2026-08-12,cve_2026_to_now,2026-08-13T08:16:54+00:00
CVE-2026-62739,updated,2026-08-12,cve_2026_to_now,2026-08-13T08:16:54+00:00
CVE-2026-62740,updated,2026-08-12,cve_2026_to_now,2026-08-13T08:16:54+00:00
CVE-2026-62741,updated,2026-08-12,cve_2026_to_now,2026-08-13T08:16:54+00:00
CVE-2026-62742,updated,2026-08-12,cve_2026_to_now,2026-08-13T08:16:54+00:00
CVE-2026-62743,updated,2026-08-12,cve_2026_to_now,2026-08-13T08:16:54+00:00
CVE-2026-62745,updated,2026-08-12,cve_2026_to_now,2026-08-13T08:16:54+00:00
CVE-2026-62746,updated,2026-08-12,cve_2026_to_now,2026-08-13T08:16:54+00:00
CVE-2026-62747,updated,2026-08-12,cve_2026_to_now,2026-08-13T08:16:54+00:00
CVE-2026-62748,updated,2026-08-12,cve_2026_to_now,2026-08-13T08:16:54+00:00
CVE-2026-62749,updated,2026-08-12,cve_2026_to_now,2026-08-13T08:16:54+00:00
CVE-2026-62750,updated,2026-08-12,cve_2026_to_now,2026-08-13T08:16:54+00:00
CVE-2026-62751,updated,2026-08-12,cve_2026_to_now,2026-08-13T08:16:54+00:00
CVE-2026-62752,updated,2026-08-12,cve_2026_to_now,2026-08-13T08:16:54+00:00
CVE-2026-62753,updated,2026-08-12,cve_2026_to_now,2026-08-13T08:16:54+00:00
CVE-2026-62754,updated,2026-08-12,cve_2026_to_now,2026-08-13T08:16:54+00:00
CVE-2026-62755,updated,2026-08-12,cve_2026_to_now,2026-08-13T08:16:54+00:00
CVE-2026-62757,updated,2026-08-12,cve_2026_to_now,2026-08-13T08:16:54+00:00
CVE-2026-62758,updated,2026-08-12,cve_2026_to_now,2026-08-13T08:16:54+00:00
CVE-2026-62761,updated,2026-08-12,cve_2026_to_now,2026-08-13T08:16:54+00:00
CVE-2026-62766,updated,2026-08-12,cve_2026_to_now,2026-08-13T08:16:54+00:00
CVE-2026-62768,updated,2026-08-12,cve_2026_to_now,2026-08-13T08:16:54+00:00
CVE-2026-62769,updated,2026-08-12,cve_2026_to_now,2026-08-13T08:16:54+00:00
CVE-2026-62770,updated,2026-08-12,cve_2026_to_now,2026-08-13T08:16:54+00:00
CVE-2026-62771,updated,2026-08-12,cve_2026_to_now,2026-08-13T08:16:54+00:00
CVE-2026-62772,updated,2026-08-12,cve_2026_to_now,2026-08-13T08:16:54+00:00
CVE-2026-62773,updated,2026-08-12,cve_2026_to_now,2026-08-13T08:16:54+00:00
CVE-2026-62774,updated,2026-08-12,cve_2026_to_now,2026-08-13T08:16:54+00:00
CVE-2026-62775,updated,2026-08-12,cve_2026_to_now,2026-08-13T08:16:54+00:00
CVE-2026-62776,updated,2026-08-12,cve_2026_to_now,2026-08-13T08:16:54+00:00
CVE-2026-62777,updated,2026-08-12,cve_2026_to_now,2026-08-13T08:16:54+00:00
CVE-2026-62778,updated,2026-08-12,cve_2026_to_now,2026-08-13T08:16:54+00:00
CVE-2026-62779,updated,2026-08-12,cve_2026_to_now,2026-08-13T08:16:54+00:00
CVE-2026-62780,updated,2026-08-12,cve_2026_to_now,2026-08-13T08:16:54+00:00
CVE-2026-62781,updated,2026-08-12,cve_2026_to_now,2026-08-13T08:16:54+00:00
CVE-2026-62782,updated,2026-08-12,cve_2026_to_now,2026-08-13T08:16:54+00:00
CVE-2026-62783,updated,2026-08-12,cve_2026_to_now,2026-08-13T08:16:54+00:00
CVE-2026-62784,updated,2026-08-12,cve_2026_to_now,2026-08-13T08:16:54+00:00
CVE-2026-62785,updated,2026-08-12,cve_2026_to_now,2026-08-13T08:16:54+00:00
CVE-2026-62786,updated,2026-08-12,cve_2026_to_now,2026-08-13T08:16:54+00:00
CVE-2026-62787,updated,2026-08-12,cve_2026_to_now,2026-08-13T08:16:54+00:00
CVE-2026-62788,updated,2026-08-12,cve_2026_to_now,2026-08-13T08:16:54+00:00
CVE-2026-62790,updated,2026-08-12,cve_2026_to_now,2026-08-13T08:16:54+00:00
CVE-2026-62792,updated,2026-08-12,cve_2026_to_now,2026-08-13T08:16:54+00:00
CVE-2026-62793,updated,2026-08-12,cve_2026_to_now,2026-08-13T08:16:54+00:00
CVE-2026-62795,updated,2026-08-12,cve_2026_to_now,2026-08-13T08:16:54+00:00
CVE-2026-62796,updated,2026-08-12,cve_2026_to_now,2026-08-13T08:16:54+00:00
CVE-2026-62797,updated,2026-08-12,cve_2026_to_now,2026-08-13T08:16:54+00:00
CVE-2026-62798,updated,2026-08-12,cve_2026_to_now,2026-08-13T08:16:54+00:00
CVE-2026-62799,updated,2026-08-12,cve_2026_to_now,2026-08-13T08:16:54+00:00
CVE-2026-62800,updated,2026-08-12,cve_2026_to_now,2026-08-13T08:16:54+00:00
CVE-2026-62803,updated,2026-08-12,cve_2026_to_now,2026-08-13T08:16:54+00:00
CVE-2026-62807,updated,2026-08-12,cve_2026_to_now,2026-08-13T08:16:54+00:00
CVE-2026-62811,updated,2026-08-12,cve_2026_to_now,2026-08-13T08:16:54+00:00
CVE-2026-62812,updated,2026-08-12,cve_2026_to_now,2026-08-13T08:16:54+00:00
CVE-2026-62814,updated,2026-08-12,cve_2026_to_now,2026-08-13T08:16:54+00:00
CVE-2026-62815,updated,2026-08-12,cve_2026_to_now,2026-08-13T08:16:54+00:00
CVE-2026-62816,updated,2026-08-12,cve_2026_to_now,2026-08-13T08:16:54+00:00
CVE-2026-62817,updated,2026-08-12,cve_2026_to_now,2026-08-13T08:16:54+00:00
CVE-2026-62818,updated,2026-08-12,cve_2026_to_now,2026-08-13T08:16:54+00:00
CVE-2026-62819,updated,2026-08-12,cve_2026_to_now,2026-08-13T08:16:54+00:00
CVE-2026-62820,updated,2026-08-12,cve_2026_to_now,2026-08-13T08:16:54+00:00
CVE-2026-62822,updated,2026-08-12,cve_2026_to_now,2026-08-13T08:16:54+00:00
CVE-2026-62823,updated,2026-08-12,cve_2026_to_now,2026-08-13T08:16:54+00:00
CVE-2026-62824,updated,2026-08-12,cve_2026_to_now,2026-08-13T08:16:54+00:00
CVE-2026-62827,updated,2026-08-12,cve_2026_to_now,2026-08-13T08:16:54+00:00
CVE-2026-62829,updated,2026-08-12,cve_2026_to_now,2026-08-13T08:16:54+00:00
CVE-2026-62830,updated,2026-08-12,cve_2026_to_now,2026-08-13T08:16:54+00:00
CVE-2026-62832,updated,2026-08-12,cve_2026_to_now,2026-08-13T08:16:54+00:00
CVE-2026-62836,updated,2026-08-12,cve_2026_to_now,2026-08-13T08:16:54+00:00
CVE-2026-62837,updated,2026-08-12,cve_2026_to_now,2026-08-13T08:16:54+00:00
CVE-2026-62839,updated,2026-08-12,cve_2026_to_now,2026-08-13T08:16:54+00:00
CVE-2026-62842,updated,2026-08-12,cve_2026_to_now,2026-08-13T08:16:54+00:00
CVE-2026-62869,updated,2026-08-12,cve_2026_to_now,2026-08-13T08:16:54+00:00
CVE-2026-62871,updated,2026-08-12,cve_2026_to_now,2026-08-13T08:16:54+00:00
CVE-2026-62872,updated,2026-08-12,cve_2026_to_now,2026-08-13T08:16:54+00:00
CVE-2026-62873,updated,2026-08-12,cve_2026_to_now,2026-08-13T08:16:54+00:00
CVE-2026-62876,updated,2026-08-12,cve_2026_to_now,2026-08-13T08:16:54+00:00
CVE-2026-62877,updated,2026-08-12,cve_2026_to_now,2026-08-13T08:16:54+00:00
CVE-2026-62878,updated,2026-08-12,cve_2026_to_now,2026-08-13T08:16:54+00:00
CVE-2026-62880,updated,2026-08-12,cve_2026_to_now,2026-08-13T08:16:54+00:00
CVE-2026-62881,updated,2026-08-12,cve_2026_to_now,2026-08-13T08:16:54+00:00
CVE-2026-62882,updated,2026-08-12,cve_2026_to_now,2026-08-13T08:16:54+00:00
CVE-2026-62883,updated,2026-08-12,cve_2026_to_now,2026-08-13T08:16:54+00:00
CVE-2026-62885,updated,2026-08-12,cve_2026_to_now,2026-08-13T08:16:54+00:00
CVE-2026-62886,updated,2026-08-12,cve_2026_to_now,2026-08-13T08:16:54+00:00
CVE-2026-62887,updated,2026-08-12,cve_2026_to_now,2026-08-13T08:16:54+00:00
CVE-2026-62888,updated,2026-08-12,cve_2026_to_now,2026-08-13T08:16:54+00:00
CVE-2026-62889,updated,2026-08-12,cve_2026_to_now,2026-08-13T08:16:54+00:00
CVE-2026-62890,updated,2026-08-12,cve_2026_to_now,2026-08-13T08:16:54+00:00
CVE-2026-62892,updated,2026-08-12,cve_2026_to_now,2026-08-13T08:16:54+00:00
CVE-2026-62893,updated,2026-08-12,cve_2026_to_now,2026-08-13T08:16:54+00:00
CVE-2026-62894,updated,2026-08-12,cve_2026_to_now,2026-08-13T08:16:54+00:00
CVE-2026-62896,updated,2026-08-12,cve_2026_to_now,2026-08-13T08:16:54+00:00
CVE-2026-62897,updated,2026-08-12,cve_2026_to_now,2026-08-13T08:16:54+00:00
CVE-2026-62898,updated,2026-08-12,cve_2026_to_now,2026-08-13T08:16:54+00:00
CVE-2026-62899,updated,2026-08-12,cve_2026_to_now,2026-08-13T08:16:54+00:00
CVE-2026-62900,updated,2026-08-12,cve_2026_to_now,2026-08-13T08:16:54+00:00
CVE-2026-62901,updated,2026-08-12,cve_2026_to_now,2026-08-13T08:16:54+00:00
CVE-2026-62902,updated,2026-08-12,cve_2026_to_now,2026-08-13T08:16:54+00:00
CVE-2026-62908,updated,2026-08-12,cve_2026_to_now,2026-08-13T08:16:54+00:00
CVE-2026-62909,updated,2026-08-12,cve_2026_to_now,2026-08-13T08:16:54+00:00
CVE-2026-62910,updated,2026-08-12,cve_2026_to_now,2026-08-13T08:16:54+00:00
CVE-2026-62911,updated,2026-08-12,cve_2026_to_now,2026-08-13T08:16:54+00:00
CVE-2026-62912,updated,2026-08-12,cve_2026_to_now,2026-08-13T08:16:54+00:00
CVE-2026-62913,updated,2026-08-12,cve_2026_to_now,2026-08-13T08:16:54+00:00
CVE-2026-62914,updated,2026-08-12,cve_2026_to_now,2026-08-13T08:16:54+00:00
CVE-2026-62915,updated,2026-08-12,cve_2026_to_now,2026-08-13T08:16:54+00:00
CVE-2026-62917,updated,2026-08-12,cve_2026_to_now,2026-08-13T08:16:54+00:00
CVE-2026-62918,updated,2026-08-12,cve_2026_to_now,2026-08-13T08:16:54+00:00
CVE-2026-63047,updated,2026-08-12,cve_2026_to_now,2026-08-13T08:16:54+00:00
CVE-2026-63048,updated,2026-08-12,cve_2026_to_now,2026-08-13T08:16:54+00:00
CVE-2026-63133,updated,2026-08-12,cve_2026_to_now,2026-08-13T08:16:54+00:00
CVE-2026-63177,updated,2026-08-12,cve_2026_to_now,2026-08-13T08:16:54+00:00
CVE-2026-63293,added,,cve_2026_to_now,2026-08-13T08:16:54+00:00
CVE-2026-63294,added,,cve_2026_to_now,2026-08-13T08:16:54+00:00
CVE-2026-63295,added,,cve_2026_to_now,2026-08-13T08:16:54+00:00
CVE-2026-63296,added,,cve_2026_to_now,2026-08-13T08:16:54+00:00
CVE-2026-63297,added,,cve_2026_to_now,2026-08-13T08:16:54+00:00
CVE-2026-63298,added,,cve_2026_to_now,2026-08-13T08:16:54+00:00
CVE-2026-63299,added,,cve_2026_to_now,2026-08-13T08:16:54+00:00
CVE-2026-63300,added,2026-08-13,cve_2026_to_now,2026-08-13T08:16:54+00:00
CVE-2026-63508,updated,2026-08-12,cve_2026_to_now,2026-08-13T08:16:54+00:00
CVE-2026-63512,updated,2026-08-12,cve_2026_to_now,2026-08-13T08:16:54+00:00
CVE-2026-63513,updated,2026-08-12,cve_2026_to_now,2026-08-13T08:16:54+00:00
CVE-2026-63514,updated,2026-08-12,cve_2026_to_now,2026-08-13T08:16:54+00:00
CVE-2026-63515,updated,2026-08-12,cve_2026_to_now,2026-08-13T08:16:54+00:00
CVE-2026-63516,updated,2026-08-12,cve_2026_to_now,2026-08-13T08:16:54+00:00
CVE-2026-63517,updated,2026-08-12,cve_2026_to_now,2026-08-13T08:16:54+00:00
CVE-2026-63518,updated,2026-08-12,cve_2026_to_now,2026-08-13T08:16:54+00:00
CVE-2026-63519,updated,2026-08-12,cve_2026_to_now,2026-08-13T08:16:54+00:00
CVE-2026-63520,updated,2026-08-12,cve_2026_to_now,2026-08-13T08:16:54+00:00
CVE-2026-63521,updated,2026-08-12,cve_2026_to_now,2026-08-13T08:16:54+00:00
CVE-2026-63522,updated,2026-08-12,cve_2026_to_now,2026-08-13T08:16:54+00:00
CVE-2026-63524,updated,2026-08-12,cve_2026_to_now,2026-08-13T08:16:54+00:00
CVE-2026-63525,updated,2026-08-12,cve_2026_to_now,2026-08-13T08:16:54+00:00
CVE-2026-63526,updated,2026-08-12,cve_2026_to_now,2026-08-13T08:16:54+00:00
CVE-2026-63527,updated,2026-08-12,cve_2026_to_now,2026-08-13T08:16:54+00:00
CVE-2026-63528,updated,2026-08-12,cve_2026_to_now,2026-08-13T08:16:54+00:00
CVE-2026-63529,updated,2026-08-12,cve_2026_to_now,2026-08-13T08:16:54+00:00
CVE-2026-63530,updated,2026-08-12,cve_2026_to_now,2026-08-13T08:16:54+00:00
CVE-2026-63531,updated,2026-08-12,cve_2026_to_now,2026-08-13T08:16:54+00:00
CVE-2026-63532,updated,2026-08-12,cve_2026_to_now,2026-08-13T08:16:54+00:00
CVE-2026-63533,updated,2026-08-12,cve_2026_to_now,2026-08-13T08:16:54+00:00
CVE-2026-63720,updated,2026-08-12,cve_2026_to_now,2026-08-13T08:16:54+00:00
CVE-2026-64611,updated,2026-08-12,cve_2026_to_now,2026-08-13T08:16:54+00:00
CVE-2026-64629,updated,2026-08-12,cve_2026_to_now,2026-08-13T08:16:54+00:00
CVE-2026-64639,added,,cve_2026_to_now,2026-08-13T08:16:54+00:00
CVE-2026-64826,added,,cve_2026_to_now,2026-08-13T08:16:54+00:00
CVE-2026-64833,updated,2026-08-12,cve_2026_to_now,2026-08-13T08:16:54+00:00
CVE-2026-64897,updated,2026-08-12,cve_2026_to_now,2026-08-13T08:16:54+00:00
CVE-2026-64898,updated,2026-08-12,cve_2026_to_now,2026-08-13T08:16:54+00:00
CVE-2026-64899,updated,2026-08-12,cve_2026_to_now,2026-08-13T08:16:54+00:00
CVE-2026-64900,updated,2026-08-12,cve_2026_to_now,2026-08-13T08:16:54+00:00
CVE-2026-64901,updated,2026-08-12,cve_2026_to_now,2026-08-13T08:16:54+00:00
CVE-2026-64902,updated,2026-08-12,cve_2026_to_now,2026-08-13T08:16:54+00:00
CVE-2026-64903,updated,2026-08-12,cve_2026_to_now,2026-08-13T08:16:54+00:00
CVE-2026-64904,updated,2026-08-12,cve_2026_to_now,2026-08-13T08:16:54+00:00
CVE-2026-64905,updated,2026-08-12,cve_2026_to_now,2026-08-13T08:16:54+00:00
CVE-2026-64906,updated,2026-08-12,cve_2026_to_now,2026-08-13T08:16:54+00:00
CVE-2026-64907,updated,2026-08-12,cve_2026_to_now,2026-08-13T08:16:54+00:00
CVE-2026-64908,updated,2026-08-12,cve_2026_to_now,2026-08-13T08:16:54+00:00
CVE-2026-64909,updated,2026-08-12,cve_2026_to_now,2026-08-13T08:16:54+00:00
CVE-2026-64910,updated,2026-08-12,cve_2026_to_now,2026-08-13T08:16:54+00:00
CVE-2026-64911,updated,2026-08-12,cve_2026_to_now,2026-08-13T08:16:54+00:00
CVE-2026-64912,updated,2026-08-12,cve_2026_to_now,2026-08-13T08:16:54+00:00
CVE-2026-64914,updated,2026-08-12,cve_2026_to_now,2026-08-13T08:16:54+00:00
CVE-2026-64915,updated,2026-08-12,cve_2026_to_now,2026-08-13T08:16:54+00:00
CVE-2026-64916,updated,2026-08-12,cve_2026_to_now,2026-08-13T08:16:54+00:00
CVE-2026-64917,updated,2026-08-12,cve_2026_to_now,2026-08-13T08:16:54+00:00
CVE-2026-64919,updated,2026-08-12,cve_2026_to_now,2026-08-13T08:16:54+00:00
CVE-2026-64920,updated,2026-08-12,cve_2026_to_now,2026-08-13T08:16:54+00:00
CVE-2026-64921,updated,2026-08-12,cve_2026_to_now,2026-08-13T08:16:54+00:00
CVE-2026-64922,updated,2026-08-12,cve_2026_to_now,2026-08-13T08:16:54+00:00
CVE-2026-64927,updated,,cve_2026_to_now,2026-08-13T08:16:54+00:00
CVE-2026-64934,updated,2026-08-12,cve_2026_to_now,2026-08-13T08:16:54+00:00
CVE-2026-64951,added,,cve_2026_to_now,2026-08-13T08:16:54+00:00
CVE-2026-64952,added,,cve_2026_to_now,2026-08-13T08:16:54+00:00
CVE-2026-64955,added,,cve_2026_to_now,2026-08-13T08:16:54+00:00
CVE-2026-65017,added,,cve_2026_to_now,2026-08-13T08:16:54+00:00
CVE-2026-65370,added,,cve_2026_to_now,2026-08-13T08:16:54+00:00
CVE-2026-65498,updated,2026-08-12,cve_2026_to_now,2026-08-13T08:16:54+00:00
CVE-2026-65656,updated,2026-08-12,cve_2026_to_now,2026-08-13T08:16:54+00:00
CVE-2026-65657,updated,2026-08-12,cve_2026_to_now,2026-08-13T08:16:54+00:00
CVE-2026-65658,updated,2026-08-12,cve_2026_to_now,2026-08-13T08:16:54+00:00
CVE-2026-65660,updated,2026-08-12,cve_2026_to_now,2026-08-13T08:16:54+00:00
CVE-2026-65661,updated,2026-08-12,cve_2026_to_now,2026-08-13T08:16:54+00:00
CVE-2026-65662,updated,2026-08-12,cve_2026_to_now,2026-08-13T08:16:54+00:00
CVE-2026-65663,updated,2026-08-12,cve_2026_to_now,2026-08-13T08:16:54+00:00
CVE-2026-65664,updated,2026-08-12,cve_2026_to_now,2026-08-13T08:16:54+00:00
CVE-2026-65665,updated,2026-08-12,cve_2026_to_now,2026-08-13T08:16:54+00:00
CVE-2026-65667,updated,2026-08-12,cve_2026_to_now,2026-08-13T08:16:54+00:00
CVE-2026-65668,updated,2026-08-12,cve_2026_to_now,2026-08-13T08:16:54+00:00
CVE-2026-65671,updated,2026-08-12,cve_2026_to_now,2026-08-13T08:16:54+00:00
CVE-2026-65672,updated,2026-08-12,cve_2026_to_now,2026-08-13T08:16:54+00:00
CVE-2026-65673,updated,2026-08-12,cve_2026_to_now,2026-08-13T08:16:54+00:00
CVE-2026-65675,updated,2026-08-12,cve_2026_to_now,2026-08-13T08:16:54+00:00
CVE-2026-65678,updated,2026-08-12,cve_2026_to_now,2026-08-13T08:16:54+00:00
CVE-2026-65679,updated,2026-08-12,cve_2026_to_now,2026-08-13T08:16:54+00:00
CVE-2026-65680,updated,2026-08-12,cve_2026_to_now,2026-08-13T08:16:54+00:00
CVE-2026-65681,updated,2026-08-12,cve_2026_to_now,2026-08-13T08:16:54+00:00
CVE-2026-65759,updated,2026-08-12,cve_2026_to_now,2026-08-13T08:16:54+00:00
CVE-2026-65760,updated,2026-08-12,cve_2026_to_now,2026-08-13T08:16:54+00:00
CVE-2026-65761,updated,2026-08-12,cve_2026_to_now,2026-08-13T08:16:54+00:00
CVE-2026-65766,updated,2026-08-12,cve_2026_to_now,2026-08-13T08:16:54+00:00
CVE-2026-65767,updated,2026-08-12,cve_2026_to_now,2026-08-13T08:16:54+00:00
CVE-2026-65768,updated,2026-08-12,cve_2026_to_now,2026-08-13T08:16:54+00:00
CVE-2026-65769,updated,2026-08-12,cve_2026_to_now,2026-08-13T08:16:54+00:00
CVE-2026-65773,updated,2026-08-12,cve_2026_to_now,2026-08-13T08:16:54+00:00
CVE-2026-65774,updated,2026-08-12,cve_2026_to_now,2026-08-13T08:16:54+00:00
CVE-2026-65775,updated,2026-08-12,cve_2026_to_now,2026-08-13T08:16:54+00:00
CVE-2026-65776,updated,2026-08-12,cve_2026_to_now,2026-08-13T08:16:54+00:00
CVE-2026-65777,updated,2026-08-12,cve_2026_to_now,2026-08-13T08:16:54+00:00
CVE-2026-65778,updated,2026-08-12,cve_2026_to_now,2026-08-13T08:16:54+00:00
CVE-2026-65779,updated,2026-08-12,cve_2026_to_now,2026-08-13T08:16:54+00:00
CVE-2026-65780,updated,2026-08-12,cve_2026_to_now,2026-08-13T08:16:54+00:00
CVE-2026-65781,updated,2026-08-12,cve_2026_to_now,2026-08-13T08:16:54+00:00
CVE-2026-65782,updated,2026-08-12,cve_2026_to_now,2026-08-13T08:16:54+00:00
CVE-2026-65783,updated,2026-08-12,cve_2026_to_now,2026-08-13T08:16:54+00:00
CVE-2026-65784,updated,2026-08-12,cve_2026_to_now,2026-08-13T08:16:54+00:00
CVE-2026-65785,updated,2026-08-12,cve_2026_to_now,2026-08-13T08:16:54+00:00
CVE-2026-65786,updated,2026-08-12,cve_2026_to_now,2026-08-13T08:16:54+00:00
CVE-2026-65787,updated,2026-08-12,cve_2026_to_now,2026-08-13T08:16:54+00:00
CVE-2026-65788,updated,2026-08-12,cve_2026_to_now,2026-08-13T08:16:54+00:00
CVE-2026-65789,updated,2026-08-12,cve_2026_to_now,2026-08-13T08:16:54+00:00
CVE-2026-65790,updated,2026-08-12,cve_2026_to_now,2026-08-13T08:16:54+00:00
CVE-2026-65791,updated,2026-08-12,cve_2026_to_now,2026-08-13T08:16:54+00:00
CVE-2026-65794,updated,2026-08-12,cve_2026_to_now,2026-08-13T08:16:54+00:00
CVE-2026-65795,updated,2026-08-12,cve_2026_to_now,2026-08-13T08:16:54+00:00
CVE-2026-65796,updated,2026-08-12,cve_2026_to_now,2026-08-13T08:16:54+00:00
CVE-2026-65797,updated,2026-08-12,cve_2026_to_now,2026-08-13T08:16:54+00:00
CVE-2026-65798,updated,2026-08-12,cve_2026_to_now,2026-08-13T08:16:54+00:00
CVE-2026-65799,updated,2026-08-12,cve_2026_to_now,2026-08-13T08:16:54+00:00
CVE-2026-65806,updated,2026-08-12,cve_2026_to_now,2026-08-13T08:16:54+00:00
CVE-2026-65807,updated,2026-08-12,cve_2026_to_now,2026-08-13T08:16:54+00:00
CVE-2026-65810,updated,2026-08-12,cve_2026_to_now,2026-08-13T08:16:54+00:00
CVE-2026-65811,updated,2026-08-12,cve_2026_to_now,2026-08-13T08:16:54+00:00
CVE-2026-65813,updated,2026-08-12,cve_2026_to_now,2026-08-13T08:16:54+00:00
CVE-2026-65814,updated,2026-08-12,cve_2026_to_now,2026-08-13T08:16:54+00:00
CVE-2026-65815,updated,2026-08-12,cve_2026_to_now,2026-08-13T08:16:54+00:00
CVE-2026-65876,updated,2026-08-12,cve_2026_to_now,2026-08-13T08:16:54+00:00
CVE-2026-65877,updated,2026-08-12,cve_2026_to_now,2026-08-13T08:16:54+00:00
CVE-2026-65878,updated,2026-08-12,cve_2026_to_now,2026-08-13T08:16:54+00:00
CVE-2026-65879,updated,2026-08-12,cve_2026_to_now,2026-08-13T08:16:54+00:00
CVE-2026-65884,updated,2026-08-12,cve_2026_to_now,2026-08-13T08:16:54+00:00
CVE-2026-65885,updated,2026-08-12,cve_2026_to_now,2026-08-13T08:16:54+00:00
CVE-2026-65886,updated,2026-08-12,cve_2026_to_now,2026-08-13T08:16:54+00:00
CVE-2026-65887,updated,2026-08-12,cve_2026_to_now,2026-08-13T08:16:54+00:00
CVE-2026-65888,updated,2026-08-12,cve_2026_to_now,2026-08-13T08:16:54+00:00
CVE-2026-65889,updated,2026-08-12,cve_2026_to_now,2026-08-13T08:16:54+00:00
CVE-2026-65890,updated,2026-08-12,cve_2026_to_now,2026-08-13T08:16:54+00:00
CVE-2026-65926,added,,cve_2026_to_now,2026-08-13T08:16:54+00:00
CVE-2026-65937,added,2026-08-13,cve_2026_to_now,2026-08-13T08:16:54+00:00
CVE-2026-65938,added,,cve_2026_to_now,2026-08-13T08:16:54+00:00
CVE-2026-65939,added,2026-08-13,cve_2026_to_now,2026-08-13T08:16:54+00:00
CVE-2026-65940,added,,cve_2026_to_now,2026-08-13T08:16:54+00:00
CVE-2026-65941,added,,cve_2026_to_now,2026-08-13T08:16:54+00:00
CVE-2026-65947,updated,2026-08-12,cve_2026_to_now,2026-08-13T08:16:54+00:00
CVE-2026-66016,added,,cve_2026_to_now,2026-08-13T08:16:54+00:00
CVE-2026-66098,updated,2026-08-12,cve_2026_to_now,2026-08-13T08:16:54+00:00
CVE-2026-66145,updated,2026-08-12,cve_2026_to_now,2026-08-13T08:16:54+00:00
CVE-2026-66147,updated,2026-08-12,cve_2026_to_now,2026-08-13T08:16:54+00:00
CVE-2026-66154,updated,2026-08-12,cve_2026_to_now,2026-08-13T08:16:54+00:00
CVE-2026-66301,updated,2026-08-12,cve_2026_to_now,2026-08-13T08:16:54+00:00
CVE-2026-66340,updated,2026-08-12,cve_2026_to_now,2026-08-13T08:16:54+00:00
CVE-2026-66375,added,,cve_2026_to_now,2026-08-13T08:16:54+00:00
CVE-2026-66376,added,,cve_2026_to_now,2026-08-13T08:16:54+00:00
CVE-2026-66377,added,,cve_2026_to_now,2026-08-13T08:16:54+00:00
CVE-2026-66378,added,,cve_2026_to_now,2026-08-13T08:16:54+00:00
CVE-2026-66379,added,,cve_2026_to_now,2026-08-13T08:16:54+00:00
CVE-2026-66380,added,,cve_2026_to_now,2026-08-13T08:16:54+00:00
CVE-2026-66381,added,,cve_2026_to_now,2026-08-13T08:16:54+00:00
CVE-2026-66382,added,,cve_2026_to_now,2026-08-13T08:16:54+00:00
CVE-2026-66384,added,,cve_2026_to_now,2026-08-13T08:16:54+00:00
CVE-2026-66488,updated,2026-08-12,cve_2026_to_now,2026-08-13T08:16:54+00:00
CVE-2026-66489,updated,2026-08-12,cve_2026_to_now,2026-08-13T08:16:54+00:00
CVE-2026-66490,updated,2026-08-12,cve_2026_to_now,2026-08-13T08:16:54+00:00
CVE-2026-66659,updated,,cve_2026_to_now,2026-08-13T08:16:54+00:00
CVE-2026-66799,updated,2026-08-12,cve_2026_to_now,2026-08-13T08:16:54+00:00
CVE-2026-66802,updated,2026-08-12,cve_2026_to_now,2026-08-13T08:16:54+00:00
CVE-2026-66804,updated,2026-08-12,cve_2026_to_now,2026-08-13T08:16:54+00:00
CVE-2026-66805,updated,2026-08-12,cve_2026_to_now,2026-08-13T08:16:54+00:00
CVE-2026-66806,updated,2026-08-12,cve_2026_to_now,2026-08-13T08:16:54+00:00
CVE-2026-66807,updated,2026-08-12,cve_2026_to_now,2026-08-13T08:16:54+00:00
CVE-2026-66808,updated,2026-08-12,cve_2026_to_now,2026-08-13T08:16:54+00:00
CVE-2026-66809,updated,2026-08-12,cve_2026_to_now,2026-08-13T08:16:54+00:00
CVE-2026-66810,updated,2026-08-12,cve_2026_to_now,2026-08-13T08:16:54+00:00
CVE-2026-66832,updated,2026-08-12,cve_2026_to_now,2026-08-13T08:16:54+00:00
CVE-2026-66875,updated,2026-08-12,cve_2026_to_now,2026-08-13T08:16:54+00:00
CVE-2026-66898,added,,cve_2026_to_now,2026-08-13T08:16:54+00:00
CVE-2026-66915,updated,2026-08-12,cve_2026_to_now,2026-08-13T08:16:54+00:00
CVE-2026-67260,added,,cve_2026_to_now,2026-08-13T08:16:54+00:00
CVE-2026-67282,added,,cve_2026_to_now,2026-08-13T08:16:54+00:00
CVE-2026-67283,added,,cve_2026_to_now,2026-08-13T08:16:54+00:00
CVE-2026-67284,added,,cve_2026_to_now,2026-08-13T08:16:54+00:00
CVE-2026-67285,added,2026-08-13,cve_2026_to_now,2026-08-13T08:16:54+00:00
CVE-2026-67286,added,2026-08-13,cve_2026_to_now,2026-08-13T08:16:54+00:00
CVE-2026-67287,added,,cve_2026_to_now,2026-08-13T08:16:54+00:00
CVE-2026-67558,updated,2026-08-12,cve_2026_to_now,2026-08-13T08:16:54+00:00
CVE-2026-67568,updated,2026-08-12,cve_2026_to_now,2026-08-13T08:16:54+00:00
CVE-2026-67579,added,,cve_2026_to_now,2026-08-13T08:16:54+00:00
CVE-2026-67587,added,,cve_2026_to_now,2026-08-13T08:16:54+00:00
CVE-2026-68067,updated,2026-08-12,cve_2026_to_now,2026-08-13T08:16:54+00:00
CVE-2026-68076,added,,cve_2026_to_now,2026-08-13T08:16:54+00:00
CVE-2026-68088,updated,2026-08-12,cve_2026_to_now,2026-08-13T08:16:54+00:00
CVE-2026-68097,updated,2026-08-12,cve_2026_to_now,2026-08-13T08:16:54+00:00
CVE-2026-68098,updated,2026-08-12,cve_2026_to_now,2026-08-13T08:16:54+00:00
CVE-2026-68100,updated,2026-08-12,cve_2026_to_now,2026-08-13T08:16:54+00:00
CVE-2026-68103,updated,2026-08-12,cve_2026_to_now,2026-08-13T08:16:54+00:00
CVE-2026-68104,updated,2026-08-12,cve_2026_to_now,2026-08-13T08:16:54+00:00
CVE-2026-68105,updated,2026-08-12,cve_2026_to_now,2026-08-13T08:16:54+00:00
CVE-2026-68106,updated,2026-08-12,cve_2026_to_now,2026-08-13T08:16:54+00:00
CVE-2026-68107,updated,2026-08-12,cve_2026_to_now,2026-08-13T08:16:54+00:00
CVE-2026-68108,updated,2026-08-12,cve_2026_to_now,2026-08-13T08:16:54+00:00
CVE-2026-68109,updated,2026-08-12,cve_2026_to_now,2026-08-13T08:16:54+00:00
CVE-2026-68110,updated,2026-08-12,cve_2026_to_now,2026-08-13T08:16:54+00:00
CVE-2026-68111,updated,2026-08-12,cve_2026_to_now,2026-08-13T08:16:54+00:00
CVE-2026-68752,added,2026-08-13,cve_2026_to_now,2026-08-13T08:16:54+00:00
CVE-2026-68753,added,,cve_2026_to_now,2026-08-13T08:16:54+00:00
CVE-2026-68754,added,,cve_2026_to_now,2026-08-13T08:16:54+00:00
CVE-2026-68755,added,,cve_2026_to_now,2026-08-13T08:16:54+00:00
CVE-2026-68756,added,2026-08-13,cve_2026_to_now,2026-08-13T08:16:54+00:00
CVE-2026-68757,added,,cve_2026_to_now,2026-08-13T08:16:54+00:00
CVE-2026-68758,added,,cve_2026_to_now,2026-08-13T08:16:54+00:00
CVE-2026-68759,added,,cve_2026_to_now,2026-08-13T08:16:54+00:00
CVE-2026-68760,added,,cve_2026_to_now,2026-08-13T08:16:54+00:00
CVE-2026-68792,updated,2026-08-12,cve_2026_to_now,2026-08-13T08:16:54+00:00
CVE-2026-68793,updated,2026-08-12,cve_2026_to_now,2026-08-13T08:16:54+00:00
CVE-2026-68794,updated,2026-08-12,cve_2026_to_now,2026-08-13T08:16:54+00:00
CVE-2026-68795,updated,2026-08-12,cve_2026_to_now,2026-08-13T08:16:54+00:00
CVE-2026-68796,updated,2026-08-12,cve_2026_to_now,2026-08-13T08:16:54+00:00
CVE-2026-68797,updated,2026-08-12,cve_2026_to_now,2026-08-13T08:16:54+00:00
CVE-2026-68798,updated,2026-08-12,cve_2026_to_now,2026-08-13T08:16:54+00:00
CVE-2026-68799,updated,2026-08-12,cve_2026_to_now,2026-08-13T08:16:54+00:00
CVE-2026-68800,updated,2026-08-12,cve_2026_to_now,2026-08-13T08:16:54+00:00
CVE-2026-68801,updated,2026-08-12,cve_2026_to_now,2026-08-13T08:16:54+00:00
CVE-2026-68802,updated,2026-08-12,cve_2026_to_now,2026-08-13T08:16:54+00:00
CVE-2026-68803,updated,2026-08-12,cve_2026_to_now,2026-08-13T08:16:54+00:00
CVE-2026-68804,updated,2026-08-12,cve_2026_to_now,2026-08-13T08:16:54+00:00
CVE-2026-68805,updated,2026-08-12,cve_2026_to_now,2026-08-13T08:16:54+00:00
CVE-2026-68806,updated,2026-08-12,cve_2026_to_now,2026-08-13T08:16:54+00:00
CVE-2026-68807,updated,2026-08-12,cve_2026_to_now,2026-08-13T08:16:54+00:00
CVE-2026-68808,updated,2026-08-12,cve_2026_to_now,2026-08-13T08:16:54+00:00
CVE-2026-68809,updated,2026-08-12,cve_2026_to_now,2026-08-13T08:16:54+00:00
CVE-2026-68810,updated,2026-08-12,cve_2026_to_now,2026-08-13T08:16:54+00:00
CVE-2026-68811,updated,2026-08-12,cve_2026_to_now,2026-08-13T08:16:54+00:00
CVE-2026-68812,updated,2026-08-12,cve_2026_to_now,2026-08-13T08:16:54+00:00
CVE-2026-68813,updated,2026-08-12,cve_2026_to_now,2026-08-13T08:16:54+00:00
CVE-2026-68814,updated,2026-08-12,cve_2026_to_now,2026-08-13T08:16:54+00:00
CVE-2026-68815,updated,2026-08-12,cve_2026_to_now,2026-08-13T08:16:54+00:00
CVE-2026-68816,updated,2026-08-12,cve_2026_to_now,2026-08-13T08:16:54+00:00
CVE-2026-68817,updated,2026-08-12,cve_2026_to_now,2026-08-13T08:16:54+00:00
CVE-2026-68819,updated,2026-08-12,cve_2026_to_now,2026-08-13T08:16:54+00:00
CVE-2026-68820,updated,2026-08-12,cve_2026_to_now,2026-08-13T08:16:54+00:00
CVE-2026-68821,updated,2026-08-12,cve_2026_to_now,2026-08-13T08:16:54+00:00
CVE-2026-68823,updated,2026-08-12,cve_2026_to_now,2026-08-13T08:16:54+00:00
CVE-2026-68868,added,,cve_2026_to_now,2026-08-13T08:16:54+00:00
CVE-2026-68870,updated,2026-08-12,cve_2026_to_now,2026-08-13T08:16:54+00:00
CVE-2026-68871,updated,2026-08-12,cve_2026_to_now,2026-08-13T08:16:54+00:00
CVE-2026-68968,added,,cve_2026_to_now,2026-08-13T08:16:54+00:00
CVE-2026-68969,added,,cve_2026_to_now,2026-08-13T08:16:54+00:00
CVE-2026-68970,added,,cve_2026_to_now,2026-08-13T08:16:54+00:00
CVE-2026-68971,added,,cve_2026_to_now,2026-08-13T08:16:54+00:00
CVE-2026-69102,updated,2026-08-12,cve_2026_to_now,2026-08-13T08:16:54+00:00
CVE-2026-69105,added,,cve_2026_to_now,2026-08-13T08:16:54+00:00
CVE-2026-69106,added,2026-08-13,cve_2026_to_now,2026-08-13T08:16:54+00:00
CVE-2026-69107,added,,cve_2026_to_now,2026-08-13T08:16:54+00:00
CVE-2026-69223,updated,2026-08-12,cve_2026_to_now,2026-08-13T08:16:54+00:00
CVE-2026-69278,updated,2026-08-12,cve_2026_to_now,2026-08-13T08:16:54+00:00
CVE-2026-69306,updated,2026-08-12,cve_2026_to_now,2026-08-13T08:16:54+00:00
CVE-2026-69320,updated,2026-08-12,cve_2026_to_now,2026-08-13T08:16:54+00:00
CVE-2026-70130,updated,2026-08-12,cve_2026_to_now,2026-08-13T08:16:54+00:00
CVE-2026-70304,updated,2026-08-12,cve_2026_to_now,2026-08-13T08:16:54+00:00
CVE-2026-70306,updated,2026-08-12,cve_2026_to_now,2026-08-13T08:16:54+00:00
CVE-2026-70307,updated,2026-08-12,cve_2026_to_now,2026-08-13T08:16:54+00:00
CVE-2026-70310,updated,2026-08-12,cve_2026_to_now,2026-08-13T08:16:54+00:00
CVE-2026-70311,updated,2026-08-12,cve_2026_to_now,2026-08-13T08:16:54+00:00
CVE-2026-70312,updated,2026-08-12,cve_2026_to_now,2026-08-13T08:16:54+00:00
CVE-2026-70313,updated,2026-08-12,cve_2026_to_now,2026-08-13T08:16:54+00:00
CVE-2026-70314,updated,2026-08-12,cve_2026_to_now,2026-08-13T08:16:54+00:00
CVE-2026-70315,updated,2026-08-12,cve_2026_to_now,2026-08-13T08:16:54+00:00
CVE-2026-70316,updated,2026-08-12,cve_2026_to_now,2026-08-13T08:16:54+00:00
CVE-2026-70317,updated,2026-08-12,cve_2026_to_now,2026-08-13T08:16:54+00:00
CVE-2026-70318,updated,2026-08-12,cve_2026_to_now,2026-08-13T08:16:54+00:00
CVE-2026-70319,updated,2026-08-12,cve_2026_to_now,2026-08-13T08:16:54+00:00
CVE-2026-70320,updated,2026-08-12,cve_2026_to_now,2026-08-13T08:16:54+00:00
CVE-2026-70321,updated,2026-08-12,cve_2026_to_now,2026-08-13T08:16:54+00:00
CVE-2026-70322,updated,2026-08-12,cve_2026_to_now,2026-08-13T08:16:54+00:00
CVE-2026-70323,updated,2026-08-12,cve_2026_to_now,2026-08-13T08:16:54+00:00
CVE-2026-70324,updated,2026-08-12,cve_2026_to_now,2026-08-13T08:16:54+00:00
CVE-2026-70325,updated,2026-08-12,cve_2026_to_now,2026-08-13T08:16:54+00:00
CVE-2026-70326,updated,2026-08-12,cve_2026_to_now,2026-08-13T08:16:54+00:00
CVE-2026-70327,updated,2026-08-12,cve_2026_to_now,2026-08-13T08:16:54+00:00
CVE-2026-70328,updated,2026-08-12,cve_2026_to_now,2026-08-13T08:16:54+00:00
CVE-2026-70329,updated,2026-08-12,cve_2026_to_now,2026-08-13T08:16:54+00:00
CVE-2026-70330,updated,2026-08-13,cve_2026_to_now,2026-08-13T08:16:54+00:00
CVE-2026-70332,updated,2026-08-12,cve_2026_to_now,2026-08-13T08:16:54+00:00
CVE-2026-70335,updated,2026-08-12,cve_2026_to_now,2026-08-13T08:16:54+00:00
CVE-2026-70336,updated,2026-08-12,cve_2026_to_now,2026-08-13T08:16:54+00:00
CVE-2026-70337,updated,2026-08-12,cve_2026_to_now,2026-08-13T08:16:54+00:00
CVE-2026-70338,updated,2026-08-12,cve_2026_to_now,2026-08-13T08:16:54+00:00
CVE-2026-70339,updated,2026-08-12,cve_2026_to_now,2026-08-13T08:16:54+00:00
CVE-2026-70340,updated,2026-08-12,cve_2026_to_now,2026-08-13T08:16:54+00:00
CVE-2026-70344,updated,2026-08-12,cve_2026_to_now,2026-08-13T08:16:54+00:00
CVE-2026-70345,updated,2026-08-12,cve_2026_to_now,2026-08-13T08:16:54+00:00
CVE-2026-70346,updated,2026-08-12,cve_2026_to_now,2026-08-13T08:16:54+00:00
CVE-2026-70347,updated,2026-08-12,cve_2026_to_now,2026-08-13T08:16:54+00:00
CVE-2026-70348,updated,2026-08-12,cve_2026_to_now,2026-08-13T08:16:54+00:00
CVE-2026-70354,updated,2026-08-12,cve_2026_to_now,2026-08-13T08:16:54+00:00
CVE-2026-70355,updated,2026-08-12,cve_2026_to_now,2026-08-13T08:16:54+00:00
CVE-2026-70398,updated,,cve_2026_to_now,2026-08-13T08:16:54+00:00
CVE-2026-70465,added,2026-08-13,cve_2026_to_now,2026-08-13T08:16:54+00:00
CVE-2026-70466,added,2026-08-13,cve_2026_to_now,2026-08-13T08:16:54+00:00
CVE-2026-70467,added,,cve_2026_to_now,2026-08-13T08:16:54+00:00
CVE-2026-70468,added,2026-08-13,cve_2026_to_now,2026-08-13T08:16:54+00:00
CVE-2026-70547,added,,cve_2026_to_now,2026-08-13T08:16:54+00:00
CVE-2026-70560,added,,cve_2026_to_now,2026-08-13T08:16:54+00:00
CVE-2026-71193,added,,cve_2026_to_now,2026-08-13T08:16:54+00:00
CVE-2026-71194,added,,cve_2026_to_now,2026-08-13T08:16:54+00:00
CVE-2026-71208,updated,2026-08-12,cve_2026_to_now,2026-08-13T08:16:54+00:00
CVE-2026-71290,updated,2026-08-12,cve_2026_to_now,2026-08-13T08:16:54+00:00
CVE-2026-71331,updated,2026-08-12,cve_2026_to_now,2026-08-13T08:16:54+00:00
CVE-2026-71362,updated,2026-08-12,cve_2026_to_now,2026-08-13T08:16:54+00:00
CVE-2026-71384,updated,2026-08-12,cve_2026_to_now,2026-08-13T08:16:54+00:00
CVE-2026-71386,updated,2026-08-12,cve_2026_to_now,2026-08-13T08:16:54+00:00
CVE-2026-71389,updated,2026-08-12,cve_2026_to_now,2026-08-13T08:16:54+00:00
CVE-2026-71407,added,2026-08-13,cve_2026_to_now,2026-08-13T08:16:54+00:00
CVE-2026-71408,added,,cve_2026_to_now,2026-08-13T08:16:54+00:00
CVE-2026-71468,updated,2026-08-12,cve_2026_to_now,2026-08-13T08:16:54+00:00
CVE-2026-71469,added,,cve_2026_to_now,2026-08-13T08:16:54+00:00
CVE-2026-71471,added,,cve_2026_to_now,2026-08-13T08:16:54+00:00
CVE-2026-71473,added,,cve_2026_to_now,2026-08-13T08:16:54+00:00
CVE-2026-71474,updated,2026-08-12,cve_2026_to_now,2026-08-13T08:16:54+00:00
CVE-2026-71576,updated,2026-08-12,cve_2026_to_now,2026-08-13T08:16:54+00:00
CVE-2026-71845,updated,2026-08-12,cve_2026_to_now,2026-08-13T08:16:54+00:00
CVE-2026-71846,added,,cve_2026_to_now,2026-08-13T08:16:54+00:00
CVE-2026-72506,added,,cve_2026_to_now,2026-08-13T08:16:54+00:00
CVE-2026-72508,added,,cve_2026_to_now,2026-08-13T08:16:54+00:00
CVE-2026-72526,updated,,cve_2026_to_now,2026-08-13T08:16:54+00:00
CVE-2026-72694,updated,2026-08-12,cve_2026_to_now,2026-08-13T08:16:54+00:00
CVE-2026-72742,updated,2026-08-12,cve_2026_to_now,2026-08-13T08:16:54+00:00
CVE-2026-72745,removed,,cve_2026_to_now,2026-08-13T08:16:54+00:00
CVE-2026-72746,removed,,cve_2026_to_now,2026-08-13T08:16:54+00:00
CVE-2026-72786,added,,cve_2026_to_now,2026-08-13T08:16:54+00:00
CVE-2026-72787,added,,cve_2026_to_now,2026-08-13T08:16:54+00:00
CVE-2026-72788,added,,cve_2026_to_now,2026-08-13T08:16:54+00:00
CVE-2026-72789,added,,cve_2026_to_now,2026-08-13T08:16:54+00:00
CVE-2026-72790,added,,cve_2026_to_now,2026-08-13T08:16:54+00:00
CVE-2026-72791,added,,cve_2026_to_now,2026-08-13T08:16:54+00:00
CVE-2026-72792,added,,cve_2026_to_now,2026-08-13T08:16:54+00:00
CVE-2026-72793,added,,cve_2026_to_now,2026-08-13T08:16:54+00:00
CVE-2026-72794,added,,cve_2026_to_now,2026-08-13T08:16:54+00:00
CVE-2026-72795,added,,cve_2026_to_now,2026-08-13T08:16:54+00:00
CVE-2026-72796,added,,cve_2026_to_now,2026-08-13T08:16:54+00:00
CVE-2026-72797,added,,cve_2026_to_now,2026-08-13T08:16:54+00:00
CVE-2026-72798,added,,cve_2026_to_now,2026-08-13T08:16:54+00:00
CVE-2026-72799,added,,cve_2026_to_now,2026-08-13T08:16:54+00:00
CVE-2026-72800,added,,cve_2026_to_now,2026-08-13T08:16:54+00:00
CVE-2026-72801,added,,cve_2026_to_now,2026-08-13T08:16:54+00:00
CVE-2026-72802,added,,cve_2026_to_now,2026-08-13T08:16:54+00:00
CVE-2026-72803,added,,cve_2026_to_now,2026-08-13T08:16:54+00:00
CVE-2026-72804,added,,cve_2026_to_now,2026-08-13T08:16:54+00:00
CVE-2026-72805,added,,cve_2026_to_now,2026-08-13T08:16:54+00:00
CVE-2026-72806,added,,cve_2026_to_now,2026-08-13T08:16:54+00:00
CVE-2026-72807,added,,cve_2026_to_now,2026-08-13T08:16:54+00:00
CVE-2026-72808,added,,cve_2026_to_now,2026-08-13T08:16:54+00:00
CVE-2026-72809,added,,cve_2026_to_now,2026-08-13T08:16:54+00:00
CVE-2026-72868,updated,2026-08-12,cve_2026_to_now,2026-08-13T08:16:54+00:00
CVE-2026-72873,updated,2026-08-12,cve_2026_to_now,2026-08-13T08:16:54+00:00
CVE-2026-72878,updated,2026-08-12,cve_2026_to_now,2026-08-13T08:16:54+00:00
CVE-2026-72883,updated,2026-08-12,cve_2026_to_now,2026-08-13T08:16:54+00:00
CVE-2026-72898,updated,2026-08-12,cve_2026_to_now,2026-08-13T08:16:54+00:00
CVE-2026-72902,updated,2026-08-12,cve_2026_to_now,2026-08-13T08:16:54+00:00
CVE-2026-72908,updated,2026-08-12,cve_2026_to_now,2026-08-13T08:16:54+00:00
CVE-2026-72912,updated,2026-08-12,cve_2026_to_now,2026-08-13T08:16:54+00:00
CVE-2026-72917,updated,2026-08-12,cve_2026_to_now,2026-08-13T08:16:54+00:00
CVE-2026-72971,updated,2026-08-12,cve_2026_to_now,2026-08-13T08:16:54+00:00
CVE-2026-73036,updated,2026-08-12,cve_2026_to_now,2026-08-13T08:16:54+00:00
CVE-2026-73074,updated,2026-08-12,cve_2026_to_now,2026-08-13T08:16:54+00:00
CVE-2026-73081,updated,2026-08-12,cve_2026_to_now,2026-08-13T08:16:54+00:00
CVE-2026-73084,updated,2026-08-12,cve_2026_to_now,2026-08-13T08:16:54+00:00
CVE-2026-73086,updated,2026-08-12,cve_2026_to_now,2026-08-13T08:16:54+00:00
CVE-2026-73122,updated,,cve_2026_to_now,2026-08-13T08:16:54+00:00
CVE-2026-73210,updated,2026-08-12,cve_2026_to_now,2026-08-13T08:16:54+00:00
CVE-2026-73214,updated,2026-08-12,cve_2026_to_now,2026-08-13T08:16:54+00:00
CVE-2026-73219,updated,2026-08-12,cve_2026_to_now,2026-08-13T08:16:54+00:00
CVE-2026-73223,updated,2026-08-12,cve_2026_to_now,2026-08-13T08:16:54+00:00
CVE-2026-73232,updated,2026-08-12,cve_2026_to_now,2026-08-13T08:16:54+00:00
CVE-2026-73235,updated,2026-08-12,cve_2026_to_now,2026-08-13T08:16:54+00:00
CVE-2026-73237,added,,cve_2026_to_now,2026-08-13T08:16:54+00:00
CVE-2026-73238,added,,cve_2026_to_now,2026-08-13T08:16:54+00:00
CVE-2026-73239,added,,cve_2026_to_now,2026-08-13T08:16:54+00:00
CVE-2026-73240,added,,cve_2026_to_now,2026-08-13T08:16:54+00:00
CVE-2026-73242,updated,2026-08-12,cve_2026_to_now,2026-08-13T08:16:54+00:00
CVE-2026-73245,updated,2026-08-12,cve_2026_to_now,2026-08-13T08:16:54+00:00
CVE-2026-73248,updated,2026-08-12,cve_2026_to_now,2026-08-13T08:16:54+00:00
CVE-2026-73249,updated,2026-08-12,cve_2026_to_now,2026-08-13T08:16:54+00:00
CVE-2026-73262,added,,cve_2026_to_now,2026-08-13T08:16:54+00:00
CVE-2026-73263,added,,cve_2026_to_now,2026-08-13T08:16:54+00:00
CVE-2026-73264,added,,cve_2026_to_now,2026-08-13T08:16:54+00:00
CVE-2026-73265,added,,cve_2026_to_now,2026-08-13T08:16:54+00:00
CVE-2026-73268,added,,cve_2026_to_now,2026-08-13T08:16:54+00:00
CVE-2026-73269,added,,cve_2026_to_now,2026-08-13T08:16:54+00:00
CVE-2026-73284,added,,cve_2026_to_now,2026-08-13T08:16:54+00:00
CVE-2026-73285,added,,cve_2026_to_now,2026-08-13T08:16:54+00:00
CVE-2026-73286,added,,cve_2026_to_now,2026-08-13T08:16:54+00:00
CVE-2026-73287,added,,cve_2026_to_now,2026-08-13T08:16:54+00:00
CVE-2026-73288,added,,cve_2026_to_now,2026-08-13T08:16:54+00:00
CVE-2026-73289,added,,cve_2026_to_now,2026-08-13T08:16:54+00:00
CVE-2026-73290,added,,cve_2026_to_now,2026-08-13T08:16:54+00:00
CVE-2026-73291,added,,cve_2026_to_now,2026-08-13T08:16:54+00:00
CVE-2026-73292,added,,cve_2026_to_now,2026-08-13T08:16:54+00:00
CVE-2026-73293,added,,cve_2026_to_now,2026-08-13T08:16:54+00:00
CVE-2026-73294,added,,cve_2026_to_now,2026-08-13T08:16:54+00:00
CVE-2026-73295,added,,cve_2026_to_now,2026-08-13T08:16:54+00:00
CVE-2026-73296,added,,cve_2026_to_now,2026-08-13T08:16:54+00:00
CVE-2026-73297,added,,cve_2026_to_now,2026-08-13T08:16:54+00:00
CVE-2026-73298,added,,cve_2026_to_now,2026-08-13T08:16:54+00:00
CVE-2026-73299,added,,cve_2026_to_now,2026-08-13T08:16:54+00:00
CVE-2026-73300,added,,cve_2026_to_now,2026-08-13T08:16:54+00:00
CVE-2026-73301,added,,cve_2026_to_now,2026-08-13T08:16:54+00:00
CVE-2026-73303,added,,cve_2026_to_now,2026-08-13T08:16:54+00:00
CVE-2026-73306,added,,cve_2026_to_now,2026-08-13T08:16:54+00:00
CVE-2026-73307,added,,cve_2026_to_now,2026-08-13T08:16:54+00:00
CVE-2026-73308,added,,cve_2026_to_now,2026-08-13T08:16:54+00:00
CVE-2026-73325,added,,cve_2026_to_now,2026-08-13T08:16:54+00:00
CVE-2026-73326,added,,cve_2026_to_now,2026-08-13T08:16:54+00:00
CVE-2026-73327,added,,cve_2026_to_now,2026-08-13T08:16:54+00:00
CVE-2026-73329,added,,cve_2026_to_now,2026-08-13T08:16:54+00:00
CVE-2026-73330,added,,cve_2026_to_now,2026-08-13T08:16:54+00:00
CVE-2026-73331,added,,cve_2026_to_now,2026-08-13T08:16:54+00:00
CVE-2026-73332,added,,cve_2026_to_now,2026-08-13T08:16:54+00:00
CVE-2026-73374,added,,cve_2026_to_now,2026-08-13T08:16:54+00:00
CVE-2026-73405,added,,cve_2026_to_now,2026-08-13T08:16:54+00:00
CVE-2026-73406,added,,cve_2026_to_now,2026-08-13T08:16:54+00:00
CVE-2026-73407,added,,cve_2026_to_now,2026-08-13T08:16:54+00:00
CVE-2026-73409,added,,cve_2026_to_now,2026-08-13T08:16:54+00:00
CVE-2026-73411,added,,cve_2026_to_now,2026-08-13T08:16:54+00:00
CVE-2026-73412,added,,cve_2026_to_now,2026-08-13T08:16:54+00:00
CVE-2026-73413,added,,cve_2026_to_now,2026-08-13T08:16:54+00:00
CVE-2026-73414,added,,cve_2026_to_now,2026-08-13T08:16:54+00:00
CVE-2026-73415,added,,cve_2026_to_now,2026-08-13T08:16:54+00:00
CVE-2026-73418,added,,cve_2026_to_now,2026-08-13T08:16:54+00:00
CVE-2026-73419,added,,cve_2026_to_now,2026-08-13T08:16:54+00:00
CVE-2026-73422,added,,cve_2026_to_now,2026-08-13T08:16:54+00:00
CVE-2026-73423,added,,cve_2026_to_now,2026-08-13T08:16:54+00:00
CVE-2026-73425,added,,cve_2026_to_now,2026-08-13T08:16:54+00:00
CVE-2026-73427,added,,cve_2026_to_now,2026-08-13T08:16:54+00:00
CVE-2026-73429,added,,cve_2026_to_now,2026-08-13T08:16:54+00:00
CVE-2026-73430,added,,cve_2026_to_now,2026-08-13T08:16:54+00:00
CVE-2026-73431,added,,cve_2026_to_now,2026-08-13T08:16:54+00:00
CVE-2026-73432,added,,cve_2026_to_now,2026-08-13T08:16:54+00:00
CVE-2026-73433,added,,cve_2026_to_now,2026-08-13T08:16:54+00:00
CVE-2026-73434,added,,cve_2026_to_now,2026-08-13T08:16:54+00:00
CVE-2026-73490,added,,cve_2026_to_now,2026-08-13T08:16:54+00:00
CVE-2026-73491,added,,cve_2026_to_now,2026-08-13T08:16:54+00:00
CVE-2026-73492,added,,cve_2026_to_now,2026-08-13T08:16:54+00:00
CVE-2026-73493,added,,cve_2026_to_now,2026-08-13T08:16:54+00:00
CVE-2026-73495,added,,cve_2026_to_now,2026-08-13T08:16:54+00:00
CVE-2026-73498,added,,cve_2026_to_now,2026-08-13T08:16:54+00:00
CVE-2026-73499,added,,cve_2026_to_now,2026-08-13T08:16:54+00:00
CVE-2026-73500,added,,cve_2026_to_now,2026-08-13T08:16:54+00:00
CVE-2026-73501,added,,cve_2026_to_now,2026-08-13T08:16:54+00:00
CVE-2026-73519,added,,cve_2026_to_now,2026-08-13T08:16:54+00:00
