cve_id,change_type,date_updated,shard,run_utc
CVE-2018-13410,updated,,cve_2022_and_before,2026-09-18T12:02:19+00:00
CVE-2021-3030,added,,cve_2022_and_before,2026-09-18T12:02:19+00:00
CVE-2023-1118,updated,2026-09-18,cve_2023_to_2025,2026-09-18T12:02:19+00:00
CVE-2023-1380,updated,2026-09-18,cve_2023_to_2025,2026-09-18T12:02:19+00:00
CVE-2023-4622,updated,2026-09-17,cve_2023_to_2025,2026-09-18T12:02:19+00:00
CVE-2023-54397,updated,2026-09-17,cve_2023_to_2025,2026-09-18T12:02:19+00:00
CVE-2024-8775,updated,2026-09-17,cve_2023_to_2025,2026-09-18T12:02:19+00:00
CVE-2024-27123,added,,cve_2023_to_2025,2026-09-18T12:02:19+00:00
CVE-2024-38639,added,,cve_2023_to_2025,2026-09-18T12:02:19+00:00
CVE-2024-58384,updated,2026-09-17,cve_2023_to_2025,2026-09-18T12:02:19+00:00
CVE-2025-5222,updated,2026-09-17,cve_2023_to_2025,2026-09-18T12:02:19+00:00
CVE-2025-10072,updated,2026-09-18,cve_2023_to_2025,2026-09-18T12:02:19+00:00
CVE-2025-10881,updated,2026-09-17,cve_2023_to_2025,2026-09-18T12:02:19+00:00
CVE-2025-10898,updated,2026-09-17,cve_2023_to_2025,2026-09-18T12:02:19+00:00
CVE-2025-13533,added,,cve_2023_to_2025,2026-09-18T12:02:19+00:00
CVE-2025-15697,updated,,cve_2023_to_2025,2026-09-18T12:02:19+00:00
CVE-2025-23367,updated,2026-09-17,cve_2023_to_2025,2026-09-18T12:02:19+00:00
CVE-2025-55787,added,,cve_2023_to_2025,2026-09-18T12:02:19+00:00
CVE-2025-56563,updated,2026-09-17,cve_2023_to_2025,2026-09-18T12:02:19+00:00
CVE-2025-59607,updated,,cve_2023_to_2025,2026-09-18T12:02:19+00:00
CVE-2025-68624,updated,2026-09-17,cve_2023_to_2025,2026-09-18T12:02:19+00:00
CVE-2025-71338,updated,2026-09-17,cve_2023_to_2025,2026-09-18T12:02:19+00:00
CVE-2026-1289,updated,2026-09-17,cve_2026_to_now,2026-09-18T12:02:19+00:00
CVE-2026-1933,updated,2026-09-17,cve_2026_to_now,2026-09-18T12:02:19+00:00
CVE-2026-2340,updated,2026-09-17,cve_2026_to_now,2026-09-18T12:02:19+00:00
CVE-2026-2585,added,,cve_2026_to_now,2026-09-18T12:02:19+00:00
CVE-2026-3012,updated,2026-09-17,cve_2026_to_now,2026-09-18T12:02:19+00:00
CVE-2026-3203,updated,2026-09-17,cve_2026_to_now,2026-09-18T12:02:19+00:00
CVE-2026-3833,updated,2026-09-17,cve_2026_to_now,2026-09-18T12:02:19+00:00
CVE-2026-4036,added,,cve_2026_to_now,2026-09-18T12:02:19+00:00
CVE-2026-4408,updated,2026-09-17,cve_2026_to_now,2026-09-18T12:02:19+00:00
CVE-2026-6205,added,,cve_2026_to_now,2026-09-18T12:02:19+00:00
CVE-2026-6426,updated,2026-09-18,cve_2026_to_now,2026-09-18T12:02:19+00:00
CVE-2026-6893,updated,2026-09-17,cve_2026_to_now,2026-09-18T12:02:19+00:00
CVE-2026-8325,updated,2026-09-17,cve_2026_to_now,2026-09-18T12:02:19+00:00
CVE-2026-8674,added,,cve_2026_to_now,2026-09-18T12:02:19+00:00
CVE-2026-10579,updated,2026-09-17,cve_2026_to_now,2026-09-18T12:02:19+00:00
CVE-2026-10805,updated,2026-09-17,cve_2026_to_now,2026-09-18T12:02:19+00:00
CVE-2026-11757,added,,cve_2026_to_now,2026-09-18T12:02:19+00:00
CVE-2026-11803,updated,2026-09-17,cve_2026_to_now,2026-09-18T12:02:19+00:00
CVE-2026-11921,updated,2026-09-17,cve_2026_to_now,2026-09-18T12:02:19+00:00
CVE-2026-11928,updated,2026-09-17,cve_2026_to_now,2026-09-18T12:02:19+00:00
CVE-2026-12106,added,,cve_2026_to_now,2026-09-18T12:02:19+00:00
CVE-2026-12150,updated,2026-09-17,cve_2026_to_now,2026-09-18T12:02:19+00:00
CVE-2026-12284,added,,cve_2026_to_now,2026-09-18T12:02:19+00:00
CVE-2026-12384,added,,cve_2026_to_now,2026-09-18T12:02:19+00:00
CVE-2026-12666,updated,2026-09-17,cve_2026_to_now,2026-09-18T12:02:19+00:00
CVE-2026-12728,updated,2026-09-17,cve_2026_to_now,2026-09-18T12:02:19+00:00
CVE-2026-12739,added,,cve_2026_to_now,2026-09-18T12:02:19+00:00
CVE-2026-12750,updated,2026-09-17,cve_2026_to_now,2026-09-18T12:02:19+00:00
CVE-2026-12793,updated,2026-09-17,cve_2026_to_now,2026-09-18T12:02:19+00:00
CVE-2026-12932,updated,2026-09-17,cve_2026_to_now,2026-09-18T12:02:19+00:00
CVE-2026-12954,added,,cve_2026_to_now,2026-09-18T12:02:19+00:00
CVE-2026-13060,updated,2026-09-17,cve_2026_to_now,2026-09-18T12:02:19+00:00
CVE-2026-13062,updated,2026-09-17,cve_2026_to_now,2026-09-18T12:02:19+00:00
CVE-2026-13117,updated,2026-09-17,cve_2026_to_now,2026-09-18T12:02:19+00:00
CVE-2026-13471,added,,cve_2026_to_now,2026-09-18T12:02:19+00:00
CVE-2026-13584,updated,2026-09-17,cve_2026_to_now,2026-09-18T12:02:19+00:00
CVE-2026-13623,added,,cve_2026_to_now,2026-09-18T12:02:19+00:00
CVE-2026-13635,added,,cve_2026_to_now,2026-09-18T12:02:19+00:00
CVE-2026-13639,added,,cve_2026_to_now,2026-09-18T12:02:19+00:00
CVE-2026-13666,added,,cve_2026_to_now,2026-09-18T12:02:19+00:00
CVE-2026-13673,added,,cve_2026_to_now,2026-09-18T12:02:19+00:00
CVE-2026-13683,added,,cve_2026_to_now,2026-09-18T12:02:19+00:00
CVE-2026-13684,added,,cve_2026_to_now,2026-09-18T12:02:19+00:00
CVE-2026-14164,updated,2026-09-17,cve_2026_to_now,2026-09-18T12:02:19+00:00
CVE-2026-14311,added,,cve_2026_to_now,2026-09-18T12:02:19+00:00
CVE-2026-14323,added,,cve_2026_to_now,2026-09-18T12:02:19+00:00
CVE-2026-14472,added,,cve_2026_to_now,2026-09-18T12:02:19+00:00
CVE-2026-14805,updated,2026-09-17,cve_2026_to_now,2026-09-18T12:02:19+00:00
CVE-2026-14850,added,,cve_2026_to_now,2026-09-18T12:02:19+00:00
CVE-2026-14855,added,,cve_2026_to_now,2026-09-18T12:02:19+00:00
CVE-2026-15004,added,,cve_2026_to_now,2026-09-18T12:02:19+00:00
CVE-2026-15028,updated,2026-09-17,cve_2026_to_now,2026-09-18T12:02:19+00:00
CVE-2026-15275,added,,cve_2026_to_now,2026-09-18T12:02:19+00:00
CVE-2026-15554,updated,2026-09-17,cve_2026_to_now,2026-09-18T12:02:19+00:00
CVE-2026-15555,updated,2026-09-17,cve_2026_to_now,2026-09-18T12:02:19+00:00
CVE-2026-15556,updated,2026-09-17,cve_2026_to_now,2026-09-18T12:02:19+00:00
CVE-2026-15560,updated,2026-09-17,cve_2026_to_now,2026-09-18T12:02:19+00:00
CVE-2026-15561,updated,2026-09-17,cve_2026_to_now,2026-09-18T12:02:19+00:00
CVE-2026-15562,updated,2026-09-17,cve_2026_to_now,2026-09-18T12:02:19+00:00
CVE-2026-15563,updated,2026-09-17,cve_2026_to_now,2026-09-18T12:02:19+00:00
CVE-2026-15565,updated,2026-09-17,cve_2026_to_now,2026-09-18T12:02:19+00:00
CVE-2026-15567,updated,2026-09-17,cve_2026_to_now,2026-09-18T12:02:19+00:00
CVE-2026-15579,added,,cve_2026_to_now,2026-09-18T12:02:19+00:00
CVE-2026-15650,added,,cve_2026_to_now,2026-09-18T12:02:19+00:00
CVE-2026-15688,updated,,cve_2026_to_now,2026-09-18T12:02:19+00:00
CVE-2026-15709,updated,2026-09-17,cve_2026_to_now,2026-09-18T12:02:19+00:00
CVE-2026-15711,updated,2026-09-17,cve_2026_to_now,2026-09-18T12:02:19+00:00
CVE-2026-15758,updated,2026-09-17,cve_2026_to_now,2026-09-18T12:02:19+00:00
CVE-2026-15797,added,,cve_2026_to_now,2026-09-18T12:02:19+00:00
CVE-2026-15815,added,,cve_2026_to_now,2026-09-18T12:02:19+00:00
CVE-2026-15816,updated,2026-09-17,cve_2026_to_now,2026-09-18T12:02:19+00:00
CVE-2026-16582,added,,cve_2026_to_now,2026-09-18T12:02:19+00:00
CVE-2026-16588,updated,2026-09-17,cve_2026_to_now,2026-09-18T12:02:19+00:00
CVE-2026-16750,added,,cve_2026_to_now,2026-09-18T12:02:19+00:00
CVE-2026-16777,added,,cve_2026_to_now,2026-09-18T12:02:19+00:00
CVE-2026-17086,added,,cve_2026_to_now,2026-09-18T12:02:19+00:00
CVE-2026-17576,added,,cve_2026_to_now,2026-09-18T12:02:19+00:00
CVE-2026-17586,added,,cve_2026_to_now,2026-09-18T12:02:19+00:00
CVE-2026-17607,added,,cve_2026_to_now,2026-09-18T12:02:19+00:00
CVE-2026-18120,updated,2026-09-17,cve_2026_to_now,2026-09-18T12:02:19+00:00
CVE-2026-18317,added,,cve_2026_to_now,2026-09-18T12:02:19+00:00
CVE-2026-18405,added,,cve_2026_to_now,2026-09-18T12:02:19+00:00
CVE-2026-18441,added,,cve_2026_to_now,2026-09-18T12:02:19+00:00
CVE-2026-18442,added,,cve_2026_to_now,2026-09-18T12:02:19+00:00
CVE-2026-18649,updated,2026-09-17,cve_2026_to_now,2026-09-18T12:02:19+00:00
CVE-2026-18911,added,,cve_2026_to_now,2026-09-18T12:02:19+00:00
CVE-2026-18912,added,,cve_2026_to_now,2026-09-18T12:02:19+00:00
CVE-2026-18917,updated,2026-09-17,cve_2026_to_now,2026-09-18T12:02:19+00:00
CVE-2026-19033,updated,2026-09-17,cve_2026_to_now,2026-09-18T12:02:19+00:00
CVE-2026-19387,updated,2026-09-18,cve_2026_to_now,2026-09-18T12:02:19+00:00
CVE-2026-19477,added,,cve_2026_to_now,2026-09-18T12:02:19+00:00
CVE-2026-19535,updated,2026-09-17,cve_2026_to_now,2026-09-18T12:02:19+00:00
CVE-2026-19662,updated,2026-09-17,cve_2026_to_now,2026-09-18T12:02:19+00:00
CVE-2026-19666,updated,2026-09-17,cve_2026_to_now,2026-09-18T12:02:19+00:00
CVE-2026-19667,updated,2026-09-17,cve_2026_to_now,2026-09-18T12:02:19+00:00
CVE-2026-19668,updated,2026-09-17,cve_2026_to_now,2026-09-18T12:02:19+00:00
CVE-2026-19941,updated,2026-09-17,cve_2026_to_now,2026-09-18T12:02:19+00:00
CVE-2026-20071,updated,2026-09-17,cve_2026_to_now,2026-09-18T12:02:19+00:00
CVE-2026-20120,updated,2026-09-17,cve_2026_to_now,2026-09-18T12:02:19+00:00
CVE-2026-20121,updated,2026-09-17,cve_2026_to_now,2026-09-18T12:02:19+00:00
CVE-2026-20130,updated,2026-09-18,cve_2026_to_now,2026-09-18T12:02:19+00:00
CVE-2026-20135,updated,2026-09-17,cve_2026_to_now,2026-09-18T12:02:19+00:00
CVE-2026-20192,updated,2026-09-18,cve_2026_to_now,2026-09-18T12:02:19+00:00
CVE-2026-20194,updated,2026-09-18,cve_2026_to_now,2026-09-18T12:02:19+00:00
CVE-2026-20222,updated,2026-09-17,cve_2026_to_now,2026-09-18T12:02:19+00:00
CVE-2026-20237,updated,2026-09-18,cve_2026_to_now,2026-09-18T12:02:19+00:00
CVE-2026-20242,updated,2026-09-18,cve_2026_to_now,2026-09-18T12:02:19+00:00
CVE-2026-20247,updated,2026-09-17,cve_2026_to_now,2026-09-18T12:02:19+00:00
CVE-2026-20248,updated,2026-09-17,cve_2026_to_now,2026-09-18T12:02:19+00:00
CVE-2026-20250,updated,2026-09-17,cve_2026_to_now,2026-09-18T12:02:19+00:00
CVE-2026-20284,updated,2026-09-18,cve_2026_to_now,2026-09-18T12:02:19+00:00
CVE-2026-20286,updated,2026-09-17,cve_2026_to_now,2026-09-18T12:02:19+00:00
CVE-2026-20290,updated,2026-09-17,cve_2026_to_now,2026-09-18T12:02:19+00:00
CVE-2026-20295,updated,2026-09-17,cve_2026_to_now,2026-09-18T12:02:19+00:00
CVE-2026-20309,updated,2026-09-17,cve_2026_to_now,2026-09-18T12:02:19+00:00
CVE-2026-20322,updated,2026-09-18,cve_2026_to_now,2026-09-18T12:02:19+00:00
CVE-2026-20324,updated,2026-09-18,cve_2026_to_now,2026-09-18T12:02:19+00:00
CVE-2026-20325,updated,2026-09-18,cve_2026_to_now,2026-09-18T12:02:19+00:00
CVE-2026-20326,updated,2026-09-18,cve_2026_to_now,2026-09-18T12:02:19+00:00
CVE-2026-20329,updated,2026-09-18,cve_2026_to_now,2026-09-18T12:02:19+00:00
CVE-2026-20330,updated,2026-09-18,cve_2026_to_now,2026-09-18T12:02:19+00:00
CVE-2026-20335,updated,2026-09-18,cve_2026_to_now,2026-09-18T12:02:19+00:00
CVE-2026-20336,updated,2026-09-18,cve_2026_to_now,2026-09-18T12:02:19+00:00
CVE-2026-20340,updated,2026-09-18,cve_2026_to_now,2026-09-18T12:02:19+00:00
CVE-2026-20341,updated,2026-09-18,cve_2026_to_now,2026-09-18T12:02:19+00:00
CVE-2026-20342,updated,2026-09-17,cve_2026_to_now,2026-09-18T12:02:19+00:00
CVE-2026-20344,updated,2026-09-18,cve_2026_to_now,2026-09-18T12:02:19+00:00
CVE-2026-20350,updated,2026-09-18,cve_2026_to_now,2026-09-18T12:02:19+00:00
CVE-2026-20352,updated,2026-09-17,cve_2026_to_now,2026-09-18T12:02:19+00:00
CVE-2026-20360,updated,2026-09-18,cve_2026_to_now,2026-09-18T12:02:19+00:00
CVE-2026-20361,updated,2026-09-18,cve_2026_to_now,2026-09-18T12:02:19+00:00
CVE-2026-21715,updated,2026-09-17,cve_2026_to_now,2026-09-18T12:02:19+00:00
CVE-2026-21806,added,,cve_2026_to_now,2026-09-18T12:02:19+00:00
CVE-2026-21822,added,,cve_2026_to_now,2026-09-18T12:02:19+00:00
CVE-2026-21848,added,,cve_2026_to_now,2026-09-18T12:02:19+00:00
CVE-2026-24073,updated,,cve_2026_to_now,2026-09-18T12:02:19+00:00
CVE-2026-24074,updated,,cve_2026_to_now,2026-09-18T12:02:19+00:00
CVE-2026-24075,updated,,cve_2026_to_now,2026-09-18T12:02:19+00:00
CVE-2026-24081,updated,,cve_2026_to_now,2026-09-18T12:02:19+00:00
CVE-2026-25261,updated,,cve_2026_to_now,2026-09-18T12:02:19+00:00
CVE-2026-25275,updated,,cve_2026_to_now,2026-09-18T12:02:19+00:00
CVE-2026-25278,updated,,cve_2026_to_now,2026-09-18T12:02:19+00:00
CVE-2026-25280,updated,,cve_2026_to_now,2026-09-18T12:02:19+00:00
CVE-2026-25281,updated,,cve_2026_to_now,2026-09-18T12:02:19+00:00
CVE-2026-25282,updated,,cve_2026_to_now,2026-09-18T12:02:19+00:00
CVE-2026-25283,updated,,cve_2026_to_now,2026-09-18T12:02:19+00:00
CVE-2026-25284,updated,,cve_2026_to_now,2026-09-18T12:02:19+00:00
CVE-2026-25290,updated,,cve_2026_to_now,2026-09-18T12:02:19+00:00
CVE-2026-25294,updated,,cve_2026_to_now,2026-09-18T12:02:19+00:00
CVE-2026-26145,updated,2026-09-17,cve_2026_to_now,2026-09-18T12:02:19+00:00
CVE-2026-26950,added,2026-09-18,cve_2026_to_now,2026-09-18T12:02:19+00:00
CVE-2026-26986,updated,2026-09-17,cve_2026_to_now,2026-09-18T12:02:19+00:00
CVE-2026-28197,added,,cve_2026_to_now,2026-09-18T12:02:19+00:00
CVE-2026-28198,added,,cve_2026_to_now,2026-09-18T12:02:19+00:00
CVE-2026-28199,added,,cve_2026_to_now,2026-09-18T12:02:19+00:00
CVE-2026-28326,added,2026-09-18,cve_2026_to_now,2026-09-18T12:02:19+00:00
CVE-2026-28465,updated,2026-09-17,cve_2026_to_now,2026-09-18T12:02:19+00:00
CVE-2026-28474,updated,2026-09-17,cve_2026_to_now,2026-09-18T12:02:19+00:00
CVE-2026-28836,updated,2026-09-17,cve_2026_to_now,2026-09-18T12:02:19+00:00
CVE-2026-28966,updated,2026-09-17,cve_2026_to_now,2026-09-18T12:02:19+00:00
CVE-2026-28968,updated,2026-09-17,cve_2026_to_now,2026-09-18T12:02:19+00:00
CVE-2026-32896,updated,2026-09-17,cve_2026_to_now,2026-09-18T12:02:19+00:00
CVE-2026-33818,updated,2026-09-17,cve_2026_to_now,2026-09-18T12:02:19+00:00
CVE-2026-33842,updated,2026-09-17,cve_2026_to_now,2026-09-18T12:02:19+00:00
CVE-2026-33845,updated,2026-09-17,cve_2026_to_now,2026-09-18T12:02:19+00:00
CVE-2026-33846,updated,2026-09-17,cve_2026_to_now,2026-09-18T12:02:19+00:00
CVE-2026-34328,updated,2026-09-17,cve_2026_to_now,2026-09-18T12:02:19+00:00
CVE-2026-34346,updated,2026-09-17,cve_2026_to_now,2026-09-18T12:02:19+00:00
CVE-2026-34348,updated,2026-09-17,cve_2026_to_now,2026-09-18T12:02:19+00:00
CVE-2026-34349,updated,2026-09-17,cve_2026_to_now,2026-09-18T12:02:19+00:00
CVE-2026-35159,updated,2026-09-17,cve_2026_to_now,2026-09-18T12:02:19+00:00
CVE-2026-35425,updated,2026-09-17,cve_2026_to_now,2026-09-18T12:02:19+00:00
CVE-2026-35673,updated,2026-09-17,cve_2026_to_now,2026-09-18T12:02:19+00:00
CVE-2026-40378,updated,2026-09-17,cve_2026_to_now,2026-09-18T12:02:19+00:00
CVE-2026-40400,updated,2026-09-17,cve_2026_to_now,2026-09-18T12:02:19+00:00
CVE-2026-40422,updated,2026-09-17,cve_2026_to_now,2026-09-18T12:02:19+00:00
CVE-2026-40530,added,,cve_2026_to_now,2026-09-18T12:02:19+00:00
CVE-2026-40531,added,,cve_2026_to_now,2026-09-18T12:02:19+00:00
CVE-2026-40532,added,,cve_2026_to_now,2026-09-18T12:02:19+00:00
CVE-2026-40533,added,,cve_2026_to_now,2026-09-18T12:02:19+00:00
CVE-2026-40534,added,,cve_2026_to_now,2026-09-18T12:02:19+00:00
CVE-2026-40535,added,,cve_2026_to_now,2026-09-18T12:02:19+00:00
CVE-2026-40536,added,,cve_2026_to_now,2026-09-18T12:02:19+00:00
CVE-2026-40537,added,,cve_2026_to_now,2026-09-18T12:02:19+00:00
CVE-2026-40538,added,,cve_2026_to_now,2026-09-18T12:02:19+00:00
CVE-2026-40539,added,,cve_2026_to_now,2026-09-18T12:02:19+00:00
CVE-2026-41087,updated,2026-09-17,cve_2026_to_now,2026-09-18T12:02:19+00:00
CVE-2026-41106,updated,2026-09-17,cve_2026_to_now,2026-09-18T12:02:19+00:00
CVE-2026-41109,updated,2026-09-17,cve_2026_to_now,2026-09-18T12:02:19+00:00
CVE-2026-41293,updated,2026-09-17,cve_2026_to_now,2026-09-18T12:02:19+00:00
CVE-2026-42009,updated,2026-09-17,cve_2026_to_now,2026-09-18T12:02:19+00:00
CVE-2026-42010,updated,2026-09-17,cve_2026_to_now,2026-09-18T12:02:19+00:00
CVE-2026-42504,updated,2026-09-17,cve_2026_to_now,2026-09-18T12:02:19+00:00
CVE-2026-42900,updated,2026-09-17,cve_2026_to_now,2026-09-18T12:02:19+00:00
CVE-2026-42975,updated,2026-09-17,cve_2026_to_now,2026-09-18T12:02:19+00:00
CVE-2026-42982,updated,2026-09-17,cve_2026_to_now,2026-09-18T12:02:19+00:00
CVE-2026-42990,updated,2026-09-17,cve_2026_to_now,2026-09-18T12:02:19+00:00
CVE-2026-43674,updated,2026-09-17,cve_2026_to_now,2026-09-18T12:02:19+00:00
CVE-2026-43683,updated,2026-09-17,cve_2026_to_now,2026-09-18T12:02:19+00:00
CVE-2026-43690,updated,2026-09-17,cve_2026_to_now,2026-09-18T12:02:19+00:00
CVE-2026-43695,updated,2026-09-17,cve_2026_to_now,2026-09-18T12:02:19+00:00
CVE-2026-43696,updated,2026-09-17,cve_2026_to_now,2026-09-18T12:02:19+00:00
CVE-2026-43697,updated,2026-09-17,cve_2026_to_now,2026-09-18T12:02:19+00:00
CVE-2026-43785,updated,2026-09-17,cve_2026_to_now,2026-09-18T12:02:19+00:00
CVE-2026-43787,updated,2026-09-17,cve_2026_to_now,2026-09-18T12:02:19+00:00
CVE-2026-43789,updated,2026-09-17,cve_2026_to_now,2026-09-18T12:02:19+00:00
CVE-2026-43790,updated,2026-09-17,cve_2026_to_now,2026-09-18T12:02:19+00:00
CVE-2026-43791,updated,2026-09-17,cve_2026_to_now,2026-09-18T12:02:19+00:00
CVE-2026-43815,updated,2026-09-18,cve_2026_to_now,2026-09-18T12:02:19+00:00
CVE-2026-43958,updated,2026-09-17,cve_2026_to_now,2026-09-18T12:02:19+00:00
CVE-2026-44203,updated,2026-09-17,cve_2026_to_now,2026-09-18T12:02:19+00:00
CVE-2026-44235,added,,cve_2026_to_now,2026-09-18T12:02:19+00:00
CVE-2026-44236,added,,cve_2026_to_now,2026-09-18T12:02:19+00:00
CVE-2026-44778,updated,2026-09-17,cve_2026_to_now,2026-09-18T12:02:19+00:00
CVE-2026-44800,updated,2026-09-17,cve_2026_to_now,2026-09-18T12:02:19+00:00
CVE-2026-44806,updated,2026-09-17,cve_2026_to_now,2026-09-18T12:02:19+00:00
CVE-2026-45048,updated,2026-09-17,cve_2026_to_now,2026-09-18T12:02:19+00:00
CVE-2026-45140,added,,cve_2026_to_now,2026-09-18T12:02:19+00:00
CVE-2026-45143,added,,cve_2026_to_now,2026-09-18T12:02:19+00:00
CVE-2026-45488,updated,2026-09-17,cve_2026_to_now,2026-09-18T12:02:19+00:00
CVE-2026-45489,updated,2026-09-17,cve_2026_to_now,2026-09-18T12:02:19+00:00
CVE-2026-45496,updated,2026-09-17,cve_2026_to_now,2026-09-18T12:02:19+00:00
CVE-2026-45499,updated,2026-09-17,cve_2026_to_now,2026-09-18T12:02:19+00:00
CVE-2026-45646,updated,2026-09-17,cve_2026_to_now,2026-09-18T12:02:19+00:00
CVE-2026-45720,added,,cve_2026_to_now,2026-09-18T12:02:19+00:00
CVE-2026-45723,added,,cve_2026_to_now,2026-09-18T12:02:19+00:00
CVE-2026-45726,added,,cve_2026_to_now,2026-09-18T12:02:19+00:00
CVE-2026-46352,updated,2026-09-17,cve_2026_to_now,2026-09-18T12:02:19+00:00
CVE-2026-46488,updated,2026-09-17,cve_2026_to_now,2026-09-18T12:02:19+00:00
CVE-2026-46623,updated,2026-09-17,cve_2026_to_now,2026-09-18T12:02:19+00:00
CVE-2026-47094,updated,2026-09-17,cve_2026_to_now,2026-09-18T12:02:19+00:00
CVE-2026-47252,added,,cve_2026_to_now,2026-09-18T12:02:19+00:00
CVE-2026-47282,updated,2026-09-17,cve_2026_to_now,2026-09-18T12:02:19+00:00
CVE-2026-47290,updated,2026-09-17,cve_2026_to_now,2026-09-18T12:02:19+00:00
CVE-2026-47295,updated,2026-09-17,cve_2026_to_now,2026-09-18T12:02:19+00:00
CVE-2026-47296,updated,2026-09-17,cve_2026_to_now,2026-09-18T12:02:19+00:00
CVE-2026-47297,updated,2026-09-17,cve_2026_to_now,2026-09-18T12:02:19+00:00
CVE-2026-47300,updated,2026-09-17,cve_2026_to_now,2026-09-18T12:02:19+00:00
CVE-2026-47301,updated,2026-09-17,cve_2026_to_now,2026-09-18T12:02:19+00:00
CVE-2026-47302,updated,2026-09-17,cve_2026_to_now,2026-09-18T12:02:19+00:00
CVE-2026-47303,updated,2026-09-17,cve_2026_to_now,2026-09-18T12:02:19+00:00
CVE-2026-47304,updated,2026-09-17,cve_2026_to_now,2026-09-18T12:02:19+00:00
CVE-2026-47305,updated,2026-09-17,cve_2026_to_now,2026-09-18T12:02:19+00:00
CVE-2026-47426,updated,2026-09-17,cve_2026_to_now,2026-09-18T12:02:19+00:00
CVE-2026-47632,updated,2026-09-17,cve_2026_to_now,2026-09-18T12:02:19+00:00
CVE-2026-47642,updated,2026-09-17,cve_2026_to_now,2026-09-18T12:02:19+00:00
CVE-2026-48561,updated,2026-09-17,cve_2026_to_now,2026-09-18T12:02:19+00:00
CVE-2026-48564,updated,2026-09-17,cve_2026_to_now,2026-09-18T12:02:19+00:00
CVE-2026-48571,updated,2026-09-17,cve_2026_to_now,2026-09-18T12:02:19+00:00
CVE-2026-48572,updated,2026-09-17,cve_2026_to_now,2026-09-18T12:02:19+00:00
CVE-2026-48580,updated,2026-09-17,cve_2026_to_now,2026-09-18T12:02:19+00:00
CVE-2026-48581,updated,2026-09-17,cve_2026_to_now,2026-09-18T12:02:19+00:00
CVE-2026-48722,updated,2026-09-17,cve_2026_to_now,2026-09-18T12:02:19+00:00
CVE-2026-48864,updated,2026-09-17,cve_2026_to_now,2026-09-18T12:02:19+00:00
CVE-2026-48977,added,,cve_2026_to_now,2026-09-18T12:02:19+00:00
CVE-2026-49159,updated,2026-09-17,cve_2026_to_now,2026-09-18T12:02:19+00:00
CVE-2026-49162,updated,2026-09-17,cve_2026_to_now,2026-09-18T12:02:19+00:00
CVE-2026-49164,updated,2026-09-17,cve_2026_to_now,2026-09-18T12:02:19+00:00
CVE-2026-49165,updated,2026-09-17,cve_2026_to_now,2026-09-18T12:02:19+00:00
CVE-2026-49166,updated,2026-09-17,cve_2026_to_now,2026-09-18T12:02:19+00:00
CVE-2026-49167,updated,2026-09-17,cve_2026_to_now,2026-09-18T12:02:19+00:00
CVE-2026-49168,updated,2026-09-17,cve_2026_to_now,2026-09-18T12:02:19+00:00
CVE-2026-49169,updated,2026-09-17,cve_2026_to_now,2026-09-18T12:02:19+00:00
CVE-2026-49170,updated,2026-09-17,cve_2026_to_now,2026-09-18T12:02:19+00:00
CVE-2026-49171,updated,2026-09-17,cve_2026_to_now,2026-09-18T12:02:19+00:00
CVE-2026-49172,updated,2026-09-17,cve_2026_to_now,2026-09-18T12:02:19+00:00
CVE-2026-49173,updated,2026-09-17,cve_2026_to_now,2026-09-18T12:02:19+00:00
CVE-2026-49174,updated,2026-09-17,cve_2026_to_now,2026-09-18T12:02:19+00:00
CVE-2026-49175,updated,2026-09-17,cve_2026_to_now,2026-09-18T12:02:19+00:00
CVE-2026-49176,updated,2026-09-17,cve_2026_to_now,2026-09-18T12:02:19+00:00
CVE-2026-49177,updated,2026-09-17,cve_2026_to_now,2026-09-18T12:02:19+00:00
CVE-2026-49178,updated,2026-09-17,cve_2026_to_now,2026-09-18T12:02:19+00:00
CVE-2026-49180,updated,2026-09-17,cve_2026_to_now,2026-09-18T12:02:19+00:00
CVE-2026-49181,updated,2026-09-17,cve_2026_to_now,2026-09-18T12:02:19+00:00
CVE-2026-49183,updated,2026-09-17,cve_2026_to_now,2026-09-18T12:02:19+00:00
CVE-2026-49184,updated,2026-09-17,cve_2026_to_now,2026-09-18T12:02:19+00:00
CVE-2026-49292,added,,cve_2026_to_now,2026-09-18T12:02:19+00:00
CVE-2026-49783,updated,2026-09-17,cve_2026_to_now,2026-09-18T12:02:19+00:00
CVE-2026-49784,updated,2026-09-17,cve_2026_to_now,2026-09-18T12:02:19+00:00
CVE-2026-49787,updated,2026-09-17,cve_2026_to_now,2026-09-18T12:02:19+00:00
CVE-2026-49788,updated,2026-09-17,cve_2026_to_now,2026-09-18T12:02:19+00:00
CVE-2026-49789,updated,2026-09-17,cve_2026_to_now,2026-09-18T12:02:19+00:00
CVE-2026-49790,updated,2026-09-17,cve_2026_to_now,2026-09-18T12:02:19+00:00
CVE-2026-49791,updated,2026-09-17,cve_2026_to_now,2026-09-18T12:02:19+00:00
CVE-2026-49792,updated,2026-09-17,cve_2026_to_now,2026-09-18T12:02:19+00:00
CVE-2026-49793,updated,2026-09-17,cve_2026_to_now,2026-09-18T12:02:19+00:00
CVE-2026-49794,updated,2026-09-17,cve_2026_to_now,2026-09-18T12:02:19+00:00
CVE-2026-49795,updated,2026-09-17,cve_2026_to_now,2026-09-18T12:02:19+00:00
CVE-2026-49796,updated,2026-09-17,cve_2026_to_now,2026-09-18T12:02:19+00:00
CVE-2026-49797,updated,2026-09-17,cve_2026_to_now,2026-09-18T12:02:19+00:00
CVE-2026-49798,updated,2026-09-17,cve_2026_to_now,2026-09-18T12:02:19+00:00
CVE-2026-49799,updated,2026-09-17,cve_2026_to_now,2026-09-18T12:02:19+00:00
CVE-2026-49800,updated,2026-09-17,cve_2026_to_now,2026-09-18T12:02:19+00:00
CVE-2026-49801,updated,2026-09-17,cve_2026_to_now,2026-09-18T12:02:19+00:00
CVE-2026-49802,updated,2026-09-17,cve_2026_to_now,2026-09-18T12:02:19+00:00
CVE-2026-49803,updated,2026-09-17,cve_2026_to_now,2026-09-18T12:02:19+00:00
CVE-2026-49804,updated,2026-09-17,cve_2026_to_now,2026-09-18T12:02:19+00:00
CVE-2026-49805,updated,2026-09-17,cve_2026_to_now,2026-09-18T12:02:19+00:00
CVE-2026-49806,updated,2026-09-17,cve_2026_to_now,2026-09-18T12:02:19+00:00
CVE-2026-49807,updated,2026-09-17,cve_2026_to_now,2026-09-18T12:02:19+00:00
CVE-2026-49808,updated,2026-09-17,cve_2026_to_now,2026-09-18T12:02:19+00:00
CVE-2026-49844,updated,2026-09-17,cve_2026_to_now,2026-09-18T12:02:19+00:00
CVE-2026-50022,added,,cve_2026_to_now,2026-09-18T12:02:19+00:00
CVE-2026-50125,added,,cve_2026_to_now,2026-09-18T12:02:19+00:00
CVE-2026-50158,added,,cve_2026_to_now,2026-09-18T12:02:19+00:00
CVE-2026-50275,added,,cve_2026_to_now,2026-09-18T12:02:19+00:00
CVE-2026-50277,added,,cve_2026_to_now,2026-09-18T12:02:19+00:00
CVE-2026-50285,added,,cve_2026_to_now,2026-09-18T12:02:19+00:00
CVE-2026-50291,added,,cve_2026_to_now,2026-09-18T12:02:19+00:00
CVE-2026-50293,updated,2026-09-17,cve_2026_to_now,2026-09-18T12:02:19+00:00
CVE-2026-50294,updated,2026-09-17,cve_2026_to_now,2026-09-18T12:02:19+00:00
CVE-2026-50295,updated,2026-09-17,cve_2026_to_now,2026-09-18T12:02:19+00:00
CVE-2026-50296,updated,2026-09-17,cve_2026_to_now,2026-09-18T12:02:19+00:00
CVE-2026-50297,updated,2026-09-17,cve_2026_to_now,2026-09-18T12:02:19+00:00
CVE-2026-50298,updated,2026-09-17,cve_2026_to_now,2026-09-18T12:02:19+00:00
CVE-2026-50299,updated,2026-09-17,cve_2026_to_now,2026-09-18T12:02:19+00:00
CVE-2026-50300,updated,2026-09-17,cve_2026_to_now,2026-09-18T12:02:19+00:00
CVE-2026-50301,updated,2026-09-17,cve_2026_to_now,2026-09-18T12:02:19+00:00
CVE-2026-50302,updated,2026-09-17,cve_2026_to_now,2026-09-18T12:02:19+00:00
CVE-2026-50303,updated,2026-09-17,cve_2026_to_now,2026-09-18T12:02:19+00:00
CVE-2026-50304,updated,2026-09-17,cve_2026_to_now,2026-09-18T12:02:19+00:00
CVE-2026-50305,updated,2026-09-17,cve_2026_to_now,2026-09-18T12:02:19+00:00
CVE-2026-50306,updated,2026-09-17,cve_2026_to_now,2026-09-18T12:02:19+00:00
CVE-2026-50307,updated,2026-09-17,cve_2026_to_now,2026-09-18T12:02:19+00:00
CVE-2026-50308,updated,2026-09-17,cve_2026_to_now,2026-09-18T12:02:19+00:00
CVE-2026-50309,updated,2026-09-17,cve_2026_to_now,2026-09-18T12:02:19+00:00
CVE-2026-50310,updated,2026-09-17,cve_2026_to_now,2026-09-18T12:02:19+00:00
CVE-2026-50311,updated,2026-09-17,cve_2026_to_now,2026-09-18T12:02:19+00:00
CVE-2026-50312,updated,2026-09-17,cve_2026_to_now,2026-09-18T12:02:19+00:00
CVE-2026-50313,updated,2026-09-17,cve_2026_to_now,2026-09-18T12:02:19+00:00
CVE-2026-50314,updated,2026-09-17,cve_2026_to_now,2026-09-18T12:02:19+00:00
CVE-2026-50315,updated,2026-09-17,cve_2026_to_now,2026-09-18T12:02:19+00:00
CVE-2026-50316,updated,2026-09-17,cve_2026_to_now,2026-09-18T12:02:19+00:00
CVE-2026-50317,updated,2026-09-17,cve_2026_to_now,2026-09-18T12:02:19+00:00
CVE-2026-50318,updated,2026-09-17,cve_2026_to_now,2026-09-18T12:02:19+00:00
CVE-2026-50321,updated,2026-09-17,cve_2026_to_now,2026-09-18T12:02:19+00:00
CVE-2026-50322,updated,2026-09-17,cve_2026_to_now,2026-09-18T12:02:19+00:00
CVE-2026-50323,updated,2026-09-17,cve_2026_to_now,2026-09-18T12:02:19+00:00
CVE-2026-50324,updated,2026-09-17,cve_2026_to_now,2026-09-18T12:02:19+00:00
CVE-2026-50325,updated,2026-09-17,cve_2026_to_now,2026-09-18T12:02:19+00:00
CVE-2026-50326,updated,2026-09-17,cve_2026_to_now,2026-09-18T12:02:19+00:00
CVE-2026-50327,updated,2026-09-17,cve_2026_to_now,2026-09-18T12:02:19+00:00
CVE-2026-50328,updated,2026-09-17,cve_2026_to_now,2026-09-18T12:02:19+00:00
CVE-2026-50329,updated,2026-09-17,cve_2026_to_now,2026-09-18T12:02:19+00:00
CVE-2026-50330,updated,2026-09-17,cve_2026_to_now,2026-09-18T12:02:19+00:00
CVE-2026-50331,updated,2026-09-17,cve_2026_to_now,2026-09-18T12:02:19+00:00
CVE-2026-50332,updated,2026-09-17,cve_2026_to_now,2026-09-18T12:02:19+00:00
CVE-2026-50333,updated,2026-09-17,cve_2026_to_now,2026-09-18T12:02:19+00:00
CVE-2026-50334,updated,2026-09-17,cve_2026_to_now,2026-09-18T12:02:19+00:00
CVE-2026-50335,updated,2026-09-17,cve_2026_to_now,2026-09-18T12:02:19+00:00
CVE-2026-50336,updated,2026-09-17,cve_2026_to_now,2026-09-18T12:02:19+00:00
CVE-2026-50337,updated,2026-09-17,cve_2026_to_now,2026-09-18T12:02:19+00:00
CVE-2026-50338,updated,2026-09-17,cve_2026_to_now,2026-09-18T12:02:19+00:00
CVE-2026-50339,updated,2026-09-17,cve_2026_to_now,2026-09-18T12:02:19+00:00
CVE-2026-50340,updated,2026-09-17,cve_2026_to_now,2026-09-18T12:02:19+00:00
CVE-2026-50341,updated,2026-09-17,cve_2026_to_now,2026-09-18T12:02:19+00:00
CVE-2026-50342,updated,2026-09-17,cve_2026_to_now,2026-09-18T12:02:19+00:00
CVE-2026-50343,updated,2026-09-17,cve_2026_to_now,2026-09-18T12:02:19+00:00
CVE-2026-50344,updated,2026-09-17,cve_2026_to_now,2026-09-18T12:02:19+00:00
CVE-2026-50345,updated,2026-09-17,cve_2026_to_now,2026-09-18T12:02:19+00:00
CVE-2026-50346,updated,2026-09-17,cve_2026_to_now,2026-09-18T12:02:19+00:00
CVE-2026-50347,updated,2026-09-17,cve_2026_to_now,2026-09-18T12:02:19+00:00
CVE-2026-50348,updated,2026-09-17,cve_2026_to_now,2026-09-18T12:02:19+00:00
CVE-2026-50349,updated,2026-09-17,cve_2026_to_now,2026-09-18T12:02:19+00:00
CVE-2026-50350,updated,2026-09-17,cve_2026_to_now,2026-09-18T12:02:19+00:00
CVE-2026-50351,updated,2026-09-17,cve_2026_to_now,2026-09-18T12:02:19+00:00
CVE-2026-50352,updated,2026-09-17,cve_2026_to_now,2026-09-18T12:02:19+00:00
CVE-2026-50353,updated,2026-09-17,cve_2026_to_now,2026-09-18T12:02:19+00:00
CVE-2026-50354,updated,2026-09-17,cve_2026_to_now,2026-09-18T12:02:19+00:00
CVE-2026-50355,updated,2026-09-17,cve_2026_to_now,2026-09-18T12:02:19+00:00
CVE-2026-50356,updated,2026-09-17,cve_2026_to_now,2026-09-18T12:02:19+00:00
CVE-2026-50357,updated,2026-09-17,cve_2026_to_now,2026-09-18T12:02:19+00:00
CVE-2026-50358,updated,2026-09-17,cve_2026_to_now,2026-09-18T12:02:19+00:00
CVE-2026-50359,updated,2026-09-17,cve_2026_to_now,2026-09-18T12:02:19+00:00
CVE-2026-50360,updated,2026-09-17,cve_2026_to_now,2026-09-18T12:02:19+00:00
CVE-2026-50361,updated,2026-09-17,cve_2026_to_now,2026-09-18T12:02:19+00:00
CVE-2026-50362,updated,2026-09-17,cve_2026_to_now,2026-09-18T12:02:19+00:00
CVE-2026-50363,updated,2026-09-17,cve_2026_to_now,2026-09-18T12:02:19+00:00
CVE-2026-50364,updated,2026-09-17,cve_2026_to_now,2026-09-18T12:02:19+00:00
CVE-2026-50365,updated,2026-09-17,cve_2026_to_now,2026-09-18T12:02:19+00:00
CVE-2026-50366,updated,2026-09-17,cve_2026_to_now,2026-09-18T12:02:19+00:00
CVE-2026-50367,updated,2026-09-17,cve_2026_to_now,2026-09-18T12:02:19+00:00
CVE-2026-50368,updated,2026-09-17,cve_2026_to_now,2026-09-18T12:02:19+00:00
CVE-2026-50369,updated,2026-09-17,cve_2026_to_now,2026-09-18T12:02:19+00:00
CVE-2026-50370,updated,2026-09-17,cve_2026_to_now,2026-09-18T12:02:19+00:00
CVE-2026-50371,updated,2026-09-17,cve_2026_to_now,2026-09-18T12:02:19+00:00
CVE-2026-50372,updated,2026-09-17,cve_2026_to_now,2026-09-18T12:02:19+00:00
CVE-2026-50373,updated,2026-09-17,cve_2026_to_now,2026-09-18T12:02:19+00:00
CVE-2026-50374,updated,2026-09-17,cve_2026_to_now,2026-09-18T12:02:19+00:00
CVE-2026-50375,updated,2026-09-17,cve_2026_to_now,2026-09-18T12:02:19+00:00
CVE-2026-50376,updated,2026-09-17,cve_2026_to_now,2026-09-18T12:02:19+00:00
CVE-2026-50377,updated,2026-09-17,cve_2026_to_now,2026-09-18T12:02:19+00:00
CVE-2026-50378,updated,2026-09-17,cve_2026_to_now,2026-09-18T12:02:19+00:00
CVE-2026-50379,updated,2026-09-17,cve_2026_to_now,2026-09-18T12:02:19+00:00
CVE-2026-50380,updated,2026-09-17,cve_2026_to_now,2026-09-18T12:02:19+00:00
CVE-2026-50381,updated,2026-09-17,cve_2026_to_now,2026-09-18T12:02:19+00:00
CVE-2026-50382,updated,2026-09-17,cve_2026_to_now,2026-09-18T12:02:19+00:00
CVE-2026-50383,updated,2026-09-17,cve_2026_to_now,2026-09-18T12:02:19+00:00
CVE-2026-50384,updated,2026-09-17,cve_2026_to_now,2026-09-18T12:02:19+00:00
CVE-2026-50385,updated,2026-09-17,cve_2026_to_now,2026-09-18T12:02:19+00:00
CVE-2026-50386,updated,2026-09-17,cve_2026_to_now,2026-09-18T12:02:19+00:00
CVE-2026-50387,updated,2026-09-17,cve_2026_to_now,2026-09-18T12:02:19+00:00
CVE-2026-50388,updated,2026-09-17,cve_2026_to_now,2026-09-18T12:02:19+00:00
CVE-2026-50389,updated,2026-09-17,cve_2026_to_now,2026-09-18T12:02:19+00:00
CVE-2026-50390,updated,2026-09-17,cve_2026_to_now,2026-09-18T12:02:19+00:00
CVE-2026-50391,updated,2026-09-17,cve_2026_to_now,2026-09-18T12:02:19+00:00
CVE-2026-50392,updated,2026-09-17,cve_2026_to_now,2026-09-18T12:02:19+00:00
CVE-2026-50393,updated,2026-09-17,cve_2026_to_now,2026-09-18T12:02:19+00:00
CVE-2026-50394,updated,2026-09-17,cve_2026_to_now,2026-09-18T12:02:19+00:00
CVE-2026-50396,updated,2026-09-17,cve_2026_to_now,2026-09-18T12:02:19+00:00
CVE-2026-50397,updated,2026-09-17,cve_2026_to_now,2026-09-18T12:02:19+00:00
CVE-2026-50398,updated,2026-09-17,cve_2026_to_now,2026-09-18T12:02:19+00:00
CVE-2026-50399,updated,2026-09-17,cve_2026_to_now,2026-09-18T12:02:19+00:00
CVE-2026-50400,updated,2026-09-17,cve_2026_to_now,2026-09-18T12:02:19+00:00
CVE-2026-50401,updated,2026-09-17,cve_2026_to_now,2026-09-18T12:02:19+00:00
CVE-2026-50402,updated,2026-09-17,cve_2026_to_now,2026-09-18T12:02:19+00:00
CVE-2026-50403,updated,2026-09-17,cve_2026_to_now,2026-09-18T12:02:19+00:00
CVE-2026-50404,updated,2026-09-17,cve_2026_to_now,2026-09-18T12:02:19+00:00
CVE-2026-50405,updated,2026-09-17,cve_2026_to_now,2026-09-18T12:02:19+00:00
CVE-2026-50406,updated,2026-09-17,cve_2026_to_now,2026-09-18T12:02:19+00:00
CVE-2026-50407,updated,2026-09-17,cve_2026_to_now,2026-09-18T12:02:19+00:00
CVE-2026-50408,updated,2026-09-17,cve_2026_to_now,2026-09-18T12:02:19+00:00
CVE-2026-50409,updated,2026-09-17,cve_2026_to_now,2026-09-18T12:02:19+00:00
CVE-2026-50410,updated,2026-09-17,cve_2026_to_now,2026-09-18T12:02:19+00:00
CVE-2026-50411,updated,2026-09-17,cve_2026_to_now,2026-09-18T12:02:19+00:00
CVE-2026-50412,updated,2026-09-17,cve_2026_to_now,2026-09-18T12:02:19+00:00
CVE-2026-50413,updated,2026-09-17,cve_2026_to_now,2026-09-18T12:02:19+00:00
CVE-2026-50414,updated,2026-09-17,cve_2026_to_now,2026-09-18T12:02:19+00:00
CVE-2026-50415,updated,2026-09-17,cve_2026_to_now,2026-09-18T12:02:19+00:00
CVE-2026-50416,updated,2026-09-17,cve_2026_to_now,2026-09-18T12:02:19+00:00
CVE-2026-50417,updated,2026-09-17,cve_2026_to_now,2026-09-18T12:02:19+00:00
CVE-2026-50418,updated,2026-09-17,cve_2026_to_now,2026-09-18T12:02:19+00:00
CVE-2026-50419,updated,2026-09-17,cve_2026_to_now,2026-09-18T12:02:19+00:00
CVE-2026-50420,updated,2026-09-17,cve_2026_to_now,2026-09-18T12:02:19+00:00
CVE-2026-50421,updated,2026-09-17,cve_2026_to_now,2026-09-18T12:02:19+00:00
CVE-2026-50422,updated,2026-09-17,cve_2026_to_now,2026-09-18T12:02:19+00:00
CVE-2026-50423,updated,2026-09-17,cve_2026_to_now,2026-09-18T12:02:19+00:00
CVE-2026-50424,updated,2026-09-17,cve_2026_to_now,2026-09-18T12:02:19+00:00
CVE-2026-50425,updated,2026-09-17,cve_2026_to_now,2026-09-18T12:02:19+00:00
CVE-2026-50426,updated,2026-09-17,cve_2026_to_now,2026-09-18T12:02:19+00:00
CVE-2026-50427,updated,2026-09-17,cve_2026_to_now,2026-09-18T12:02:19+00:00
CVE-2026-50428,updated,2026-09-17,cve_2026_to_now,2026-09-18T12:02:19+00:00
CVE-2026-50429,updated,2026-09-17,cve_2026_to_now,2026-09-18T12:02:19+00:00
CVE-2026-50430,updated,2026-09-17,cve_2026_to_now,2026-09-18T12:02:19+00:00
CVE-2026-50431,updated,2026-09-17,cve_2026_to_now,2026-09-18T12:02:19+00:00
CVE-2026-50432,updated,2026-09-17,cve_2026_to_now,2026-09-18T12:02:19+00:00
CVE-2026-50433,updated,2026-09-17,cve_2026_to_now,2026-09-18T12:02:19+00:00
CVE-2026-50434,updated,2026-09-17,cve_2026_to_now,2026-09-18T12:02:19+00:00
CVE-2026-50435,updated,2026-09-17,cve_2026_to_now,2026-09-18T12:02:19+00:00
CVE-2026-50436,updated,2026-09-17,cve_2026_to_now,2026-09-18T12:02:19+00:00
CVE-2026-50437,updated,2026-09-17,cve_2026_to_now,2026-09-18T12:02:19+00:00
CVE-2026-50438,updated,2026-09-17,cve_2026_to_now,2026-09-18T12:02:19+00:00
CVE-2026-50439,updated,2026-09-17,cve_2026_to_now,2026-09-18T12:02:19+00:00
CVE-2026-50440,updated,2026-09-17,cve_2026_to_now,2026-09-18T12:02:19+00:00
CVE-2026-50441,updated,2026-09-17,cve_2026_to_now,2026-09-18T12:02:19+00:00
CVE-2026-50442,updated,2026-09-17,cve_2026_to_now,2026-09-18T12:02:19+00:00
CVE-2026-50444,updated,2026-09-17,cve_2026_to_now,2026-09-18T12:02:19+00:00
CVE-2026-50445,updated,2026-09-17,cve_2026_to_now,2026-09-18T12:02:19+00:00
CVE-2026-50447,updated,2026-09-17,cve_2026_to_now,2026-09-18T12:02:19+00:00
CVE-2026-50448,updated,2026-09-17,cve_2026_to_now,2026-09-18T12:02:19+00:00
CVE-2026-50449,updated,2026-09-17,cve_2026_to_now,2026-09-18T12:02:19+00:00
CVE-2026-50450,updated,2026-09-17,cve_2026_to_now,2026-09-18T12:02:19+00:00
CVE-2026-50451,updated,2026-09-17,cve_2026_to_now,2026-09-18T12:02:19+00:00
CVE-2026-50452,updated,2026-09-17,cve_2026_to_now,2026-09-18T12:02:19+00:00
CVE-2026-50453,updated,2026-09-17,cve_2026_to_now,2026-09-18T12:02:19+00:00
CVE-2026-50454,updated,2026-09-17,cve_2026_to_now,2026-09-18T12:02:19+00:00
CVE-2026-50455,updated,2026-09-17,cve_2026_to_now,2026-09-18T12:02:19+00:00
CVE-2026-50456,updated,2026-09-17,cve_2026_to_now,2026-09-18T12:02:19+00:00
CVE-2026-50457,updated,2026-09-17,cve_2026_to_now,2026-09-18T12:02:19+00:00
CVE-2026-50458,updated,2026-09-17,cve_2026_to_now,2026-09-18T12:02:19+00:00
CVE-2026-50459,updated,2026-09-17,cve_2026_to_now,2026-09-18T12:02:19+00:00
CVE-2026-50460,updated,2026-09-17,cve_2026_to_now,2026-09-18T12:02:19+00:00
CVE-2026-50461,updated,2026-09-17,cve_2026_to_now,2026-09-18T12:02:19+00:00
CVE-2026-50462,updated,2026-09-17,cve_2026_to_now,2026-09-18T12:02:19+00:00
CVE-2026-50463,updated,2026-09-17,cve_2026_to_now,2026-09-18T12:02:19+00:00
CVE-2026-50465,updated,2026-09-17,cve_2026_to_now,2026-09-18T12:02:19+00:00
CVE-2026-50466,updated,2026-09-17,cve_2026_to_now,2026-09-18T12:02:19+00:00
CVE-2026-50467,updated,2026-09-17,cve_2026_to_now,2026-09-18T12:02:19+00:00
CVE-2026-50468,updated,2026-09-17,cve_2026_to_now,2026-09-18T12:02:19+00:00
CVE-2026-50469,updated,2026-09-17,cve_2026_to_now,2026-09-18T12:02:19+00:00
CVE-2026-50470,updated,2026-09-17,cve_2026_to_now,2026-09-18T12:02:19+00:00
CVE-2026-50471,updated,2026-09-17,cve_2026_to_now,2026-09-18T12:02:19+00:00
CVE-2026-50473,updated,2026-09-17,cve_2026_to_now,2026-09-18T12:02:19+00:00
CVE-2026-50474,updated,2026-09-17,cve_2026_to_now,2026-09-18T12:02:19+00:00
CVE-2026-50475,updated,2026-09-17,cve_2026_to_now,2026-09-18T12:02:19+00:00
CVE-2026-50476,updated,2026-09-17,cve_2026_to_now,2026-09-18T12:02:19+00:00
CVE-2026-50477,updated,2026-09-17,cve_2026_to_now,2026-09-18T12:02:19+00:00
CVE-2026-50478,updated,2026-09-17,cve_2026_to_now,2026-09-18T12:02:19+00:00
CVE-2026-50479,updated,2026-09-17,cve_2026_to_now,2026-09-18T12:02:19+00:00
CVE-2026-50480,updated,2026-09-17,cve_2026_to_now,2026-09-18T12:02:19+00:00
CVE-2026-50482,updated,2026-09-17,cve_2026_to_now,2026-09-18T12:02:19+00:00
CVE-2026-50483,updated,2026-09-17,cve_2026_to_now,2026-09-18T12:02:19+00:00
CVE-2026-50484,updated,2026-09-17,cve_2026_to_now,2026-09-18T12:02:19+00:00
CVE-2026-50485,updated,2026-09-17,cve_2026_to_now,2026-09-18T12:02:19+00:00
CVE-2026-50486,updated,2026-09-17,cve_2026_to_now,2026-09-18T12:02:19+00:00
CVE-2026-50487,updated,2026-09-17,cve_2026_to_now,2026-09-18T12:02:19+00:00
CVE-2026-50488,updated,2026-09-17,cve_2026_to_now,2026-09-18T12:02:19+00:00
CVE-2026-50489,updated,2026-09-17,cve_2026_to_now,2026-09-18T12:02:19+00:00
CVE-2026-50490,updated,2026-09-17,cve_2026_to_now,2026-09-18T12:02:19+00:00
CVE-2026-50491,updated,2026-09-17,cve_2026_to_now,2026-09-18T12:02:19+00:00
CVE-2026-50492,updated,2026-09-17,cve_2026_to_now,2026-09-18T12:02:19+00:00
CVE-2026-50493,updated,2026-09-17,cve_2026_to_now,2026-09-18T12:02:19+00:00
CVE-2026-50494,updated,2026-09-17,cve_2026_to_now,2026-09-18T12:02:19+00:00
CVE-2026-50495,updated,2026-09-17,cve_2026_to_now,2026-09-18T12:02:19+00:00
CVE-2026-50496,updated,2026-09-17,cve_2026_to_now,2026-09-18T12:02:19+00:00
CVE-2026-50497,updated,2026-09-17,cve_2026_to_now,2026-09-18T12:02:19+00:00
CVE-2026-50498,updated,2026-09-17,cve_2026_to_now,2026-09-18T12:02:19+00:00
CVE-2026-50499,updated,2026-09-17,cve_2026_to_now,2026-09-18T12:02:19+00:00
CVE-2026-50500,updated,2026-09-17,cve_2026_to_now,2026-09-18T12:02:19+00:00
CVE-2026-50501,updated,2026-09-17,cve_2026_to_now,2026-09-18T12:02:19+00:00
CVE-2026-50502,updated,2026-09-17,cve_2026_to_now,2026-09-18T12:02:19+00:00
CVE-2026-50503,updated,2026-09-17,cve_2026_to_now,2026-09-18T12:02:19+00:00
CVE-2026-50504,updated,2026-09-17,cve_2026_to_now,2026-09-18T12:02:19+00:00
CVE-2026-50505,updated,2026-09-17,cve_2026_to_now,2026-09-18T12:02:19+00:00
CVE-2026-50506,updated,2026-09-17,cve_2026_to_now,2026-09-18T12:02:19+00:00
CVE-2026-50509,updated,2026-09-17,cve_2026_to_now,2026-09-18T12:02:19+00:00
CVE-2026-50510,updated,2026-09-17,cve_2026_to_now,2026-09-18T12:02:19+00:00
CVE-2026-50517,updated,2026-09-17,cve_2026_to_now,2026-09-18T12:02:19+00:00
CVE-2026-50518,updated,2026-09-17,cve_2026_to_now,2026-09-18T12:02:19+00:00
CVE-2026-50520,updated,2026-09-17,cve_2026_to_now,2026-09-18T12:02:19+00:00
CVE-2026-50522,updated,2026-09-17,cve_2026_to_now,2026-09-18T12:02:19+00:00
CVE-2026-50524,updated,2026-09-17,cve_2026_to_now,2026-09-18T12:02:19+00:00
CVE-2026-50525,updated,2026-09-17,cve_2026_to_now,2026-09-18T12:02:19+00:00
CVE-2026-50526,updated,2026-09-17,cve_2026_to_now,2026-09-18T12:02:19+00:00
CVE-2026-50527,updated,2026-09-17,cve_2026_to_now,2026-09-18T12:02:19+00:00
CVE-2026-50528,updated,2026-09-17,cve_2026_to_now,2026-09-18T12:02:19+00:00
CVE-2026-50603,updated,,cve_2026_to_now,2026-09-18T12:02:19+00:00
CVE-2026-50604,updated,,cve_2026_to_now,2026-09-18T12:02:19+00:00
CVE-2026-50605,updated,,cve_2026_to_now,2026-09-18T12:02:19+00:00
CVE-2026-50606,updated,,cve_2026_to_now,2026-09-18T12:02:19+00:00
CVE-2026-50607,updated,,cve_2026_to_now,2026-09-18T12:02:19+00:00
CVE-2026-50608,updated,,cve_2026_to_now,2026-09-18T12:02:19+00:00
CVE-2026-50609,updated,,cve_2026_to_now,2026-09-18T12:02:19+00:00
CVE-2026-50610,updated,,cve_2026_to_now,2026-09-18T12:02:19+00:00
CVE-2026-50646,updated,2026-09-17,cve_2026_to_now,2026-09-18T12:02:19+00:00
CVE-2026-50647,updated,2026-09-17,cve_2026_to_now,2026-09-18T12:02:19+00:00
CVE-2026-50648,updated,2026-09-17,cve_2026_to_now,2026-09-18T12:02:19+00:00
CVE-2026-50649,updated,2026-09-17,cve_2026_to_now,2026-09-18T12:02:19+00:00
CVE-2026-50650,updated,2026-09-17,cve_2026_to_now,2026-09-18T12:02:19+00:00
CVE-2026-50651,updated,2026-09-17,cve_2026_to_now,2026-09-18T12:02:19+00:00
CVE-2026-50652,updated,2026-09-17,cve_2026_to_now,2026-09-18T12:02:19+00:00
CVE-2026-50653,updated,2026-09-17,cve_2026_to_now,2026-09-18T12:02:19+00:00
CVE-2026-50655,updated,2026-09-17,cve_2026_to_now,2026-09-18T12:02:19+00:00
CVE-2026-50657,updated,2026-09-17,cve_2026_to_now,2026-09-18T12:02:19+00:00
CVE-2026-50658,updated,2026-09-17,cve_2026_to_now,2026-09-18T12:02:19+00:00
CVE-2026-50659,updated,2026-09-17,cve_2026_to_now,2026-09-18T12:02:19+00:00
CVE-2026-50661,updated,2026-09-17,cve_2026_to_now,2026-09-18T12:02:19+00:00
CVE-2026-50663,updated,2026-09-17,cve_2026_to_now,2026-09-18T12:02:19+00:00
CVE-2026-50665,updated,2026-09-17,cve_2026_to_now,2026-09-18T12:02:19+00:00
CVE-2026-50666,updated,2026-09-17,cve_2026_to_now,2026-09-18T12:02:19+00:00
CVE-2026-50667,updated,2026-09-17,cve_2026_to_now,2026-09-18T12:02:19+00:00
CVE-2026-50668,updated,2026-09-17,cve_2026_to_now,2026-09-18T12:02:19+00:00
CVE-2026-50669,updated,2026-09-17,cve_2026_to_now,2026-09-18T12:02:19+00:00
CVE-2026-50670,updated,2026-09-17,cve_2026_to_now,2026-09-18T12:02:19+00:00
CVE-2026-50672,updated,2026-09-17,cve_2026_to_now,2026-09-18T12:02:19+00:00
CVE-2026-50673,updated,2026-09-17,cve_2026_to_now,2026-09-18T12:02:19+00:00
CVE-2026-50674,updated,2026-09-17,cve_2026_to_now,2026-09-18T12:02:19+00:00
CVE-2026-50675,updated,2026-09-17,cve_2026_to_now,2026-09-18T12:02:19+00:00
CVE-2026-50676,updated,2026-09-17,cve_2026_to_now,2026-09-18T12:02:19+00:00
CVE-2026-50677,updated,2026-09-17,cve_2026_to_now,2026-09-18T12:02:19+00:00
CVE-2026-50678,updated,2026-09-17,cve_2026_to_now,2026-09-18T12:02:19+00:00
CVE-2026-50679,updated,2026-09-17,cve_2026_to_now,2026-09-18T12:02:19+00:00
CVE-2026-50680,updated,2026-09-17,cve_2026_to_now,2026-09-18T12:02:19+00:00
CVE-2026-50681,updated,2026-09-17,cve_2026_to_now,2026-09-18T12:02:19+00:00
CVE-2026-50682,updated,2026-09-17,cve_2026_to_now,2026-09-18T12:02:19+00:00
CVE-2026-50683,updated,2026-09-17,cve_2026_to_now,2026-09-18T12:02:19+00:00
CVE-2026-50684,updated,2026-09-17,cve_2026_to_now,2026-09-18T12:02:19+00:00
CVE-2026-50685,updated,2026-09-17,cve_2026_to_now,2026-09-18T12:02:19+00:00
CVE-2026-50686,updated,2026-09-17,cve_2026_to_now,2026-09-18T12:02:19+00:00
CVE-2026-50687,updated,2026-09-17,cve_2026_to_now,2026-09-18T12:02:19+00:00
CVE-2026-50688,updated,2026-09-17,cve_2026_to_now,2026-09-18T12:02:19+00:00
CVE-2026-50689,updated,2026-09-17,cve_2026_to_now,2026-09-18T12:02:19+00:00
CVE-2026-50690,updated,2026-09-17,cve_2026_to_now,2026-09-18T12:02:19+00:00
CVE-2026-50692,updated,2026-09-17,cve_2026_to_now,2026-09-18T12:02:19+00:00
CVE-2026-50694,updated,2026-09-17,cve_2026_to_now,2026-09-18T12:02:19+00:00
CVE-2026-50695,updated,2026-09-17,cve_2026_to_now,2026-09-18T12:02:19+00:00
CVE-2026-50696,updated,2026-09-17,cve_2026_to_now,2026-09-18T12:02:19+00:00
CVE-2026-50697,updated,2026-09-17,cve_2026_to_now,2026-09-18T12:02:19+00:00
CVE-2026-51133,updated,2026-09-17,cve_2026_to_now,2026-09-18T12:02:19+00:00
CVE-2026-51990,updated,2026-09-17,cve_2026_to_now,2026-09-18T12:02:19+00:00
CVE-2026-52483,added,,cve_2026_to_now,2026-09-18T12:02:19+00:00
CVE-2026-52727,added,,cve_2026_to_now,2026-09-18T12:02:19+00:00
CVE-2026-52821,updated,2026-09-17,cve_2026_to_now,2026-09-18T12:02:19+00:00
CVE-2026-52836,added,,cve_2026_to_now,2026-09-18T12:02:19+00:00
CVE-2026-52851,added,,cve_2026_to_now,2026-09-18T12:02:19+00:00
CVE-2026-52852,added,,cve_2026_to_now,2026-09-18T12:02:19+00:00
CVE-2026-53459,updated,2026-09-17,cve_2026_to_now,2026-09-18T12:02:19+00:00
CVE-2026-53534,added,,cve_2026_to_now,2026-09-18T12:02:19+00:00
CVE-2026-53554,added,,cve_2026_to_now,2026-09-18T12:02:19+00:00
CVE-2026-53555,added,,cve_2026_to_now,2026-09-18T12:02:19+00:00
CVE-2026-53556,added,,cve_2026_to_now,2026-09-18T12:02:19+00:00
CVE-2026-53557,added,,cve_2026_to_now,2026-09-18T12:02:19+00:00
CVE-2026-53822,updated,2026-09-17,cve_2026_to_now,2026-09-18T12:02:19+00:00
CVE-2026-53871,updated,2026-09-17,cve_2026_to_now,2026-09-18T12:02:19+00:00
CVE-2026-53957,updated,2026-09-17,cve_2026_to_now,2026-09-18T12:02:19+00:00
CVE-2026-54053,added,,cve_2026_to_now,2026-09-18T12:02:19+00:00
CVE-2026-54107,updated,2026-09-17,cve_2026_to_now,2026-09-18T12:02:19+00:00
CVE-2026-54108,updated,2026-09-17,cve_2026_to_now,2026-09-18T12:02:19+00:00
CVE-2026-54109,updated,2026-09-17,cve_2026_to_now,2026-09-18T12:02:19+00:00
CVE-2026-54111,updated,2026-09-17,cve_2026_to_now,2026-09-18T12:02:19+00:00
CVE-2026-54112,updated,2026-09-17,cve_2026_to_now,2026-09-18T12:02:19+00:00
CVE-2026-54114,updated,2026-09-17,cve_2026_to_now,2026-09-18T12:02:19+00:00
CVE-2026-54115,updated,2026-09-17,cve_2026_to_now,2026-09-18T12:02:19+00:00
CVE-2026-54116,updated,2026-09-17,cve_2026_to_now,2026-09-18T12:02:19+00:00
CVE-2026-54117,updated,2026-09-17,cve_2026_to_now,2026-09-18T12:02:19+00:00
CVE-2026-54118,updated,2026-09-17,cve_2026_to_now,2026-09-18T12:02:19+00:00
CVE-2026-54119,updated,2026-09-17,cve_2026_to_now,2026-09-18T12:02:19+00:00
CVE-2026-54120,updated,2026-09-17,cve_2026_to_now,2026-09-18T12:02:19+00:00
CVE-2026-54121,updated,2026-09-17,cve_2026_to_now,2026-09-18T12:02:19+00:00
CVE-2026-54122,updated,2026-09-17,cve_2026_to_now,2026-09-18T12:02:19+00:00
CVE-2026-54124,updated,2026-09-17,cve_2026_to_now,2026-09-18T12:02:19+00:00
CVE-2026-54125,updated,2026-09-17,cve_2026_to_now,2026-09-18T12:02:19+00:00
CVE-2026-54126,updated,2026-09-17,cve_2026_to_now,2026-09-18T12:02:19+00:00
CVE-2026-54127,updated,2026-09-17,cve_2026_to_now,2026-09-18T12:02:19+00:00
CVE-2026-54128,updated,2026-09-17,cve_2026_to_now,2026-09-18T12:02:19+00:00
CVE-2026-54129,updated,2026-09-17,cve_2026_to_now,2026-09-18T12:02:19+00:00
CVE-2026-54131,updated,2026-09-17,cve_2026_to_now,2026-09-18T12:02:19+00:00
CVE-2026-54132,updated,2026-09-17,cve_2026_to_now,2026-09-18T12:02:19+00:00
CVE-2026-54168,updated,2026-09-17,cve_2026_to_now,2026-09-18T12:02:19+00:00
CVE-2026-54237,added,,cve_2026_to_now,2026-09-18T12:02:19+00:00
CVE-2026-54239,added,,cve_2026_to_now,2026-09-18T12:02:19+00:00
CVE-2026-54253,added,,cve_2026_to_now,2026-09-18T12:02:19+00:00
CVE-2026-54339,added,,cve_2026_to_now,2026-09-18T12:02:19+00:00
CVE-2026-54343,added,,cve_2026_to_now,2026-09-18T12:02:19+00:00
CVE-2026-54354,added,,cve_2026_to_now,2026-09-18T12:02:19+00:00
CVE-2026-54355,added,,cve_2026_to_now,2026-09-18T12:02:19+00:00
CVE-2026-54446,added,,cve_2026_to_now,2026-09-18T12:02:19+00:00
CVE-2026-54451,added,,cve_2026_to_now,2026-09-18T12:02:19+00:00
CVE-2026-54460,added,,cve_2026_to_now,2026-09-18T12:02:19+00:00
CVE-2026-54471,added,,cve_2026_to_now,2026-09-18T12:02:19+00:00
CVE-2026-54495,added,,cve_2026_to_now,2026-09-18T12:02:19+00:00
CVE-2026-54501,added,,cve_2026_to_now,2026-09-18T12:02:19+00:00
CVE-2026-54504,added,,cve_2026_to_now,2026-09-18T12:02:19+00:00
CVE-2026-54506,added,,cve_2026_to_now,2026-09-18T12:02:19+00:00
CVE-2026-54507,added,,cve_2026_to_now,2026-09-18T12:02:19+00:00
CVE-2026-54510,added,,cve_2026_to_now,2026-09-18T12:02:19+00:00
CVE-2026-54519,added,,cve_2026_to_now,2026-09-18T12:02:19+00:00
CVE-2026-54520,added,,cve_2026_to_now,2026-09-18T12:02:19+00:00
CVE-2026-54521,added,,cve_2026_to_now,2026-09-18T12:02:19+00:00
CVE-2026-54524,added,,cve_2026_to_now,2026-09-18T12:02:19+00:00
CVE-2026-54546,added,,cve_2026_to_now,2026-09-18T12:02:19+00:00
CVE-2026-54547,updated,2026-09-17,cve_2026_to_now,2026-09-18T12:02:19+00:00
CVE-2026-54551,added,,cve_2026_to_now,2026-09-18T12:02:19+00:00
CVE-2026-54565,added,,cve_2026_to_now,2026-09-18T12:02:19+00:00
CVE-2026-54571,added,,cve_2026_to_now,2026-09-18T12:02:19+00:00
CVE-2026-54575,added,,cve_2026_to_now,2026-09-18T12:02:19+00:00
CVE-2026-54576,added,,cve_2026_to_now,2026-09-18T12:02:19+00:00
CVE-2026-54577,added,,cve_2026_to_now,2026-09-18T12:02:19+00:00
CVE-2026-54578,added,,cve_2026_to_now,2026-09-18T12:02:19+00:00
CVE-2026-54579,added,,cve_2026_to_now,2026-09-18T12:02:19+00:00
CVE-2026-54580,added,,cve_2026_to_now,2026-09-18T12:02:19+00:00
CVE-2026-54581,added,,cve_2026_to_now,2026-09-18T12:02:19+00:00
CVE-2026-54582,added,,cve_2026_to_now,2026-09-18T12:02:19+00:00
CVE-2026-54583,added,,cve_2026_to_now,2026-09-18T12:02:19+00:00
CVE-2026-54585,added,,cve_2026_to_now,2026-09-18T12:02:19+00:00
CVE-2026-54586,added,,cve_2026_to_now,2026-09-18T12:02:19+00:00
CVE-2026-54587,added,,cve_2026_to_now,2026-09-18T12:02:19+00:00
CVE-2026-54594,added,,cve_2026_to_now,2026-09-18T12:02:19+00:00
CVE-2026-54596,added,,cve_2026_to_now,2026-09-18T12:02:19+00:00
CVE-2026-54597,added,,cve_2026_to_now,2026-09-18T12:02:19+00:00
CVE-2026-54604,added,,cve_2026_to_now,2026-09-18T12:02:19+00:00
CVE-2026-54608,added,,cve_2026_to_now,2026-09-18T12:02:19+00:00
CVE-2026-54612,added,,cve_2026_to_now,2026-09-18T12:02:19+00:00
CVE-2026-54613,added,,cve_2026_to_now,2026-09-18T12:02:19+00:00
CVE-2026-54617,added,,cve_2026_to_now,2026-09-18T12:02:19+00:00
CVE-2026-54618,added,,cve_2026_to_now,2026-09-18T12:02:19+00:00
CVE-2026-54626,added,,cve_2026_to_now,2026-09-18T12:02:19+00:00
CVE-2026-54627,added,,cve_2026_to_now,2026-09-18T12:02:19+00:00
CVE-2026-54633,added,,cve_2026_to_now,2026-09-18T12:02:19+00:00
CVE-2026-54634,added,,cve_2026_to_now,2026-09-18T12:02:19+00:00
CVE-2026-54642,added,,cve_2026_to_now,2026-09-18T12:02:19+00:00
CVE-2026-54643,added,,cve_2026_to_now,2026-09-18T12:02:19+00:00
CVE-2026-54644,added,,cve_2026_to_now,2026-09-18T12:02:19+00:00
CVE-2026-54645,added,,cve_2026_to_now,2026-09-18T12:02:19+00:00
CVE-2026-54646,added,,cve_2026_to_now,2026-09-18T12:02:19+00:00
CVE-2026-54647,added,,cve_2026_to_now,2026-09-18T12:02:19+00:00
CVE-2026-54648,added,,cve_2026_to_now,2026-09-18T12:02:19+00:00
CVE-2026-54649,added,,cve_2026_to_now,2026-09-18T12:02:19+00:00
CVE-2026-54670,added,,cve_2026_to_now,2026-09-18T12:02:19+00:00
CVE-2026-54671,added,,cve_2026_to_now,2026-09-18T12:02:19+00:00
CVE-2026-54676,added,,cve_2026_to_now,2026-09-18T12:02:19+00:00
CVE-2026-54677,added,,cve_2026_to_now,2026-09-18T12:02:19+00:00
CVE-2026-54689,updated,2026-09-17,cve_2026_to_now,2026-09-18T12:02:19+00:00
CVE-2026-54692,added,,cve_2026_to_now,2026-09-18T12:02:19+00:00
CVE-2026-54716,added,,cve_2026_to_now,2026-09-18T12:02:19+00:00
CVE-2026-54734,added,,cve_2026_to_now,2026-09-18T12:02:19+00:00
CVE-2026-54752,added,,cve_2026_to_now,2026-09-18T12:02:19+00:00
CVE-2026-54767,added,,cve_2026_to_now,2026-09-18T12:02:19+00:00
CVE-2026-54907,added,,cve_2026_to_now,2026-09-18T12:02:19+00:00
CVE-2026-54916,added,,cve_2026_to_now,2026-09-18T12:02:19+00:00
CVE-2026-54918,added,,cve_2026_to_now,2026-09-18T12:02:19+00:00
CVE-2026-54982,updated,2026-09-17,cve_2026_to_now,2026-09-18T12:02:19+00:00
CVE-2026-54983,updated,2026-09-17,cve_2026_to_now,2026-09-18T12:02:19+00:00
CVE-2026-54986,updated,2026-09-17,cve_2026_to_now,2026-09-18T12:02:19+00:00
CVE-2026-54987,updated,2026-09-17,cve_2026_to_now,2026-09-18T12:02:19+00:00
CVE-2026-54988,updated,2026-09-17,cve_2026_to_now,2026-09-18T12:02:19+00:00
CVE-2026-54989,updated,2026-09-17,cve_2026_to_now,2026-09-18T12:02:19+00:00
CVE-2026-54990,updated,2026-09-17,cve_2026_to_now,2026-09-18T12:02:19+00:00
CVE-2026-54991,updated,2026-09-17,cve_2026_to_now,2026-09-18T12:02:19+00:00
CVE-2026-54992,updated,2026-09-17,cve_2026_to_now,2026-09-18T12:02:19+00:00
CVE-2026-54993,updated,2026-09-17,cve_2026_to_now,2026-09-18T12:02:19+00:00
CVE-2026-54995,updated,2026-09-17,cve_2026_to_now,2026-09-18T12:02:19+00:00
CVE-2026-54996,updated,2026-09-17,cve_2026_to_now,2026-09-18T12:02:19+00:00
CVE-2026-54997,updated,2026-09-17,cve_2026_to_now,2026-09-18T12:02:19+00:00
CVE-2026-54998,updated,2026-09-17,cve_2026_to_now,2026-09-18T12:02:19+00:00
CVE-2026-54999,updated,2026-09-17,cve_2026_to_now,2026-09-18T12:02:19+00:00
CVE-2026-55000,updated,2026-09-17,cve_2026_to_now,2026-09-18T12:02:19+00:00
CVE-2026-55001,updated,2026-09-17,cve_2026_to_now,2026-09-18T12:02:19+00:00
CVE-2026-55002,updated,2026-09-17,cve_2026_to_now,2026-09-18T12:02:19+00:00
CVE-2026-55003,updated,2026-09-17,cve_2026_to_now,2026-09-18T12:02:19+00:00
CVE-2026-55004,updated,2026-09-17,cve_2026_to_now,2026-09-18T12:02:19+00:00
CVE-2026-55005,updated,2026-09-17,cve_2026_to_now,2026-09-18T12:02:19+00:00
CVE-2026-55006,updated,2026-09-17,cve_2026_to_now,2026-09-18T12:02:19+00:00
CVE-2026-55007,updated,2026-09-17,cve_2026_to_now,2026-09-18T12:02:19+00:00
CVE-2026-55008,updated,2026-09-17,cve_2026_to_now,2026-09-18T12:02:19+00:00
CVE-2026-55009,updated,2026-09-17,cve_2026_to_now,2026-09-18T12:02:19+00:00
CVE-2026-55010,updated,2026-09-17,cve_2026_to_now,2026-09-18T12:02:19+00:00
CVE-2026-55011,updated,2026-09-17,cve_2026_to_now,2026-09-18T12:02:19+00:00
CVE-2026-55012,updated,2026-09-17,cve_2026_to_now,2026-09-18T12:02:19+00:00
CVE-2026-55014,updated,2026-09-17,cve_2026_to_now,2026-09-18T12:02:19+00:00
CVE-2026-55016,updated,2026-09-17,cve_2026_to_now,2026-09-18T12:02:19+00:00
CVE-2026-55017,updated,2026-09-17,cve_2026_to_now,2026-09-18T12:02:19+00:00
CVE-2026-55018,updated,2026-09-17,cve_2026_to_now,2026-09-18T12:02:19+00:00
CVE-2026-55019,updated,2026-09-17,cve_2026_to_now,2026-09-18T12:02:19+00:00
CVE-2026-55020,updated,2026-09-17,cve_2026_to_now,2026-09-18T12:02:19+00:00
CVE-2026-55021,updated,2026-09-17,cve_2026_to_now,2026-09-18T12:02:19+00:00
CVE-2026-55022,updated,2026-09-17,cve_2026_to_now,2026-09-18T12:02:19+00:00
CVE-2026-55023,updated,2026-09-17,cve_2026_to_now,2026-09-18T12:02:19+00:00
CVE-2026-55024,updated,2026-09-17,cve_2026_to_now,2026-09-18T12:02:19+00:00
CVE-2026-55025,updated,2026-09-17,cve_2026_to_now,2026-09-18T12:02:19+00:00
CVE-2026-55026,updated,2026-09-17,cve_2026_to_now,2026-09-18T12:02:19+00:00
CVE-2026-55027,updated,2026-09-17,cve_2026_to_now,2026-09-18T12:02:19+00:00
CVE-2026-55028,updated,2026-09-17,cve_2026_to_now,2026-09-18T12:02:19+00:00
CVE-2026-55029,updated,2026-09-17,cve_2026_to_now,2026-09-18T12:02:19+00:00
CVE-2026-55030,updated,2026-09-17,cve_2026_to_now,2026-09-18T12:02:19+00:00
CVE-2026-55031,updated,2026-09-17,cve_2026_to_now,2026-09-18T12:02:19+00:00
CVE-2026-55032,updated,2026-09-17,cve_2026_to_now,2026-09-18T12:02:19+00:00
CVE-2026-55033,updated,2026-09-17,cve_2026_to_now,2026-09-18T12:02:19+00:00
CVE-2026-55034,updated,2026-09-17,cve_2026_to_now,2026-09-18T12:02:19+00:00
CVE-2026-55035,updated,2026-09-17,cve_2026_to_now,2026-09-18T12:02:19+00:00
CVE-2026-55036,updated,2026-09-17,cve_2026_to_now,2026-09-18T12:02:19+00:00
CVE-2026-55037,updated,2026-09-17,cve_2026_to_now,2026-09-18T12:02:19+00:00
CVE-2026-55038,updated,2026-09-17,cve_2026_to_now,2026-09-18T12:02:19+00:00
CVE-2026-55039,updated,2026-09-17,cve_2026_to_now,2026-09-18T12:02:19+00:00
CVE-2026-55040,updated,2026-09-17,cve_2026_to_now,2026-09-18T12:02:19+00:00
CVE-2026-55041,updated,2026-09-17,cve_2026_to_now,2026-09-18T12:02:19+00:00
CVE-2026-55042,updated,2026-09-17,cve_2026_to_now,2026-09-18T12:02:19+00:00
CVE-2026-55043,updated,2026-09-17,cve_2026_to_now,2026-09-18T12:02:19+00:00
CVE-2026-55044,updated,2026-09-17,cve_2026_to_now,2026-09-18T12:02:19+00:00
CVE-2026-55045,updated,2026-09-17,cve_2026_to_now,2026-09-18T12:02:19+00:00
CVE-2026-55046,updated,2026-09-17,cve_2026_to_now,2026-09-18T12:02:19+00:00
CVE-2026-55047,updated,2026-09-17,cve_2026_to_now,2026-09-18T12:02:19+00:00
CVE-2026-55048,updated,2026-09-17,cve_2026_to_now,2026-09-18T12:02:19+00:00
CVE-2026-55049,updated,2026-09-17,cve_2026_to_now,2026-09-18T12:02:19+00:00
CVE-2026-55050,updated,2026-09-17,cve_2026_to_now,2026-09-18T12:02:19+00:00
CVE-2026-55051,updated,2026-09-17,cve_2026_to_now,2026-09-18T12:02:19+00:00
CVE-2026-55052,updated,2026-09-17,cve_2026_to_now,2026-09-18T12:02:19+00:00
CVE-2026-55053,updated,2026-09-17,cve_2026_to_now,2026-09-18T12:02:19+00:00
CVE-2026-55054,updated,2026-09-17,cve_2026_to_now,2026-09-18T12:02:19+00:00
CVE-2026-55055,updated,2026-09-17,cve_2026_to_now,2026-09-18T12:02:19+00:00
CVE-2026-55056,updated,2026-09-17,cve_2026_to_now,2026-09-18T12:02:19+00:00
CVE-2026-55057,updated,2026-09-17,cve_2026_to_now,2026-09-18T12:02:19+00:00
CVE-2026-55058,updated,2026-09-17,cve_2026_to_now,2026-09-18T12:02:19+00:00
CVE-2026-55061,added,,cve_2026_to_now,2026-09-18T12:02:19+00:00
CVE-2026-55062,added,,cve_2026_to_now,2026-09-18T12:02:19+00:00
CVE-2026-55120,updated,2026-09-17,cve_2026_to_now,2026-09-18T12:02:19+00:00
CVE-2026-55121,updated,2026-09-17,cve_2026_to_now,2026-09-18T12:02:19+00:00
CVE-2026-55122,updated,2026-09-17,cve_2026_to_now,2026-09-18T12:02:19+00:00
CVE-2026-55123,updated,2026-09-17,cve_2026_to_now,2026-09-18T12:02:19+00:00
CVE-2026-55124,updated,2026-09-17,cve_2026_to_now,2026-09-18T12:02:19+00:00
CVE-2026-55125,updated,2026-09-17,cve_2026_to_now,2026-09-18T12:02:19+00:00
CVE-2026-55126,updated,2026-09-17,cve_2026_to_now,2026-09-18T12:02:19+00:00
CVE-2026-55127,updated,2026-09-17,cve_2026_to_now,2026-09-18T12:02:19+00:00
CVE-2026-55128,updated,2026-09-17,cve_2026_to_now,2026-09-18T12:02:19+00:00
CVE-2026-55129,updated,2026-09-17,cve_2026_to_now,2026-09-18T12:02:19+00:00
CVE-2026-55130,updated,2026-09-17,cve_2026_to_now,2026-09-18T12:02:19+00:00
CVE-2026-55131,updated,2026-09-17,cve_2026_to_now,2026-09-18T12:02:19+00:00
CVE-2026-55132,updated,2026-09-17,cve_2026_to_now,2026-09-18T12:02:19+00:00
CVE-2026-55133,updated,2026-09-17,cve_2026_to_now,2026-09-18T12:02:19+00:00
CVE-2026-55134,updated,2026-09-17,cve_2026_to_now,2026-09-18T12:02:19+00:00
CVE-2026-55135,updated,2026-09-17,cve_2026_to_now,2026-09-18T12:02:19+00:00
CVE-2026-55136,updated,2026-09-17,cve_2026_to_now,2026-09-18T12:02:19+00:00
CVE-2026-55137,updated,2026-09-17,cve_2026_to_now,2026-09-18T12:02:19+00:00
CVE-2026-55138,updated,2026-09-17,cve_2026_to_now,2026-09-18T12:02:19+00:00
CVE-2026-55139,updated,2026-09-17,cve_2026_to_now,2026-09-18T12:02:19+00:00
CVE-2026-55140,updated,2026-09-17,cve_2026_to_now,2026-09-18T12:02:19+00:00
CVE-2026-55141,updated,2026-09-17,cve_2026_to_now,2026-09-18T12:02:19+00:00
CVE-2026-55142,updated,2026-09-17,cve_2026_to_now,2026-09-18T12:02:19+00:00
CVE-2026-55144,updated,2026-09-17,cve_2026_to_now,2026-09-18T12:02:19+00:00
CVE-2026-55145,updated,2026-09-17,cve_2026_to_now,2026-09-18T12:02:19+00:00
CVE-2026-55149,updated,2026-09-17,cve_2026_to_now,2026-09-18T12:02:19+00:00
CVE-2026-55158,updated,2026-09-17,cve_2026_to_now,2026-09-18T12:02:19+00:00
CVE-2026-55178,updated,2026-09-17,cve_2026_to_now,2026-09-18T12:02:19+00:00
CVE-2026-55196,updated,2026-09-17,cve_2026_to_now,2026-09-18T12:02:19+00:00
CVE-2026-55197,updated,2026-09-17,cve_2026_to_now,2026-09-18T12:02:19+00:00
CVE-2026-55198,updated,2026-09-17,cve_2026_to_now,2026-09-18T12:02:19+00:00
CVE-2026-55205,updated,2026-09-17,cve_2026_to_now,2026-09-18T12:02:19+00:00
CVE-2026-55211,updated,2026-09-17,cve_2026_to_now,2026-09-18T12:02:19+00:00
CVE-2026-55630,updated,2026-09-17,cve_2026_to_now,2026-09-18T12:02:19+00:00
CVE-2026-55701,updated,2026-09-17,cve_2026_to_now,2026-09-18T12:02:19+00:00
CVE-2026-55776,updated,2026-09-17,cve_2026_to_now,2026-09-18T12:02:19+00:00
CVE-2026-55898,updated,2026-09-17,cve_2026_to_now,2026-09-18T12:02:19+00:00
CVE-2026-55899,updated,2026-09-17,cve_2026_to_now,2026-09-18T12:02:19+00:00
CVE-2026-55944,updated,2026-09-17,cve_2026_to_now,2026-09-18T12:02:19+00:00
CVE-2026-55945,updated,2026-09-17,cve_2026_to_now,2026-09-18T12:02:19+00:00
CVE-2026-55946,added,,cve_2026_to_now,2026-09-18T12:02:19+00:00
CVE-2026-55947,updated,2026-09-17,cve_2026_to_now,2026-09-18T12:02:19+00:00
CVE-2026-55948,updated,2026-09-17,cve_2026_to_now,2026-09-18T12:02:19+00:00
CVE-2026-55949,updated,2026-09-17,cve_2026_to_now,2026-09-18T12:02:19+00:00
CVE-2026-56155,updated,2026-09-17,cve_2026_to_now,2026-09-18T12:02:19+00:00
CVE-2026-56156,updated,2026-09-17,cve_2026_to_now,2026-09-18T12:02:19+00:00
CVE-2026-56157,updated,2026-09-17,cve_2026_to_now,2026-09-18T12:02:19+00:00
CVE-2026-56159,updated,2026-09-17,cve_2026_to_now,2026-09-18T12:02:19+00:00
CVE-2026-56160,updated,2026-09-17,cve_2026_to_now,2026-09-18T12:02:19+00:00
CVE-2026-56163,updated,2026-09-17,cve_2026_to_now,2026-09-18T12:02:19+00:00
CVE-2026-56164,updated,2026-09-17,cve_2026_to_now,2026-09-18T12:02:19+00:00
CVE-2026-56165,updated,2026-09-17,cve_2026_to_now,2026-09-18T12:02:19+00:00
CVE-2026-56167,updated,2026-09-17,cve_2026_to_now,2026-09-18T12:02:19+00:00
CVE-2026-56168,updated,2026-09-17,cve_2026_to_now,2026-09-18T12:02:19+00:00
CVE-2026-56169,updated,2026-09-17,cve_2026_to_now,2026-09-18T12:02:19+00:00
CVE-2026-56170,updated,2026-09-17,cve_2026_to_now,2026-09-18T12:02:19+00:00
CVE-2026-56171,updated,2026-09-17,cve_2026_to_now,2026-09-18T12:02:19+00:00
CVE-2026-56172,updated,2026-09-17,cve_2026_to_now,2026-09-18T12:02:19+00:00
CVE-2026-56173,updated,2026-09-17,cve_2026_to_now,2026-09-18T12:02:19+00:00
CVE-2026-56175,updated,2026-09-17,cve_2026_to_now,2026-09-18T12:02:19+00:00
CVE-2026-56176,updated,2026-09-17,cve_2026_to_now,2026-09-18T12:02:19+00:00
CVE-2026-56177,updated,2026-09-17,cve_2026_to_now,2026-09-18T12:02:19+00:00
CVE-2026-56178,updated,2026-09-17,cve_2026_to_now,2026-09-18T12:02:19+00:00
CVE-2026-56181,updated,2026-09-17,cve_2026_to_now,2026-09-18T12:02:19+00:00
CVE-2026-56182,updated,2026-09-17,cve_2026_to_now,2026-09-18T12:02:19+00:00
CVE-2026-56183,updated,2026-09-17,cve_2026_to_now,2026-09-18T12:02:19+00:00
CVE-2026-56184,updated,2026-09-17,cve_2026_to_now,2026-09-18T12:02:19+00:00
CVE-2026-56185,updated,2026-09-17,cve_2026_to_now,2026-09-18T12:02:19+00:00
CVE-2026-56186,updated,2026-09-17,cve_2026_to_now,2026-09-18T12:02:19+00:00
CVE-2026-56187,updated,2026-09-17,cve_2026_to_now,2026-09-18T12:02:19+00:00
CVE-2026-56188,updated,2026-09-17,cve_2026_to_now,2026-09-18T12:02:19+00:00
CVE-2026-56189,updated,2026-09-17,cve_2026_to_now,2026-09-18T12:02:19+00:00
CVE-2026-56190,updated,2026-09-17,cve_2026_to_now,2026-09-18T12:02:19+00:00
CVE-2026-56191,updated,2026-09-17,cve_2026_to_now,2026-09-18T12:02:19+00:00
CVE-2026-56192,updated,2026-09-17,cve_2026_to_now,2026-09-18T12:02:19+00:00
CVE-2026-56193,updated,2026-09-17,cve_2026_to_now,2026-09-18T12:02:19+00:00
CVE-2026-56194,updated,2026-09-17,cve_2026_to_now,2026-09-18T12:02:19+00:00
CVE-2026-56195,updated,2026-09-17,cve_2026_to_now,2026-09-18T12:02:19+00:00
CVE-2026-56196,updated,2026-09-17,cve_2026_to_now,2026-09-18T12:02:19+00:00
CVE-2026-56197,updated,2026-09-17,cve_2026_to_now,2026-09-18T12:02:19+00:00
CVE-2026-56198,updated,2026-09-17,cve_2026_to_now,2026-09-18T12:02:19+00:00
CVE-2026-56223,updated,2026-09-17,cve_2026_to_now,2026-09-18T12:02:19+00:00
CVE-2026-56281,updated,2026-09-17,cve_2026_to_now,2026-09-18T12:02:19+00:00
CVE-2026-56336,updated,2026-09-17,cve_2026_to_now,2026-09-18T12:02:19+00:00
CVE-2026-56395,removed,,cve_2026_to_now,2026-09-18T12:02:19+00:00
CVE-2026-56402,updated,2026-09-17,cve_2026_to_now,2026-09-18T12:02:19+00:00
CVE-2026-56590,added,,cve_2026_to_now,2026-09-18T12:02:19+00:00
CVE-2026-56592,added,,cve_2026_to_now,2026-09-18T12:02:19+00:00
CVE-2026-56595,added,,cve_2026_to_now,2026-09-18T12:02:19+00:00
CVE-2026-56597,added,,cve_2026_to_now,2026-09-18T12:02:19+00:00
CVE-2026-56642,updated,2026-09-17,cve_2026_to_now,2026-09-18T12:02:19+00:00
CVE-2026-56643,updated,2026-09-17,cve_2026_to_now,2026-09-18T12:02:19+00:00
CVE-2026-56644,updated,2026-09-17,cve_2026_to_now,2026-09-18T12:02:19+00:00
CVE-2026-56645,updated,2026-09-17,cve_2026_to_now,2026-09-18T12:02:19+00:00
CVE-2026-56646,updated,2026-09-17,cve_2026_to_now,2026-09-18T12:02:19+00:00
CVE-2026-56647,updated,2026-09-17,cve_2026_to_now,2026-09-18T12:02:19+00:00
CVE-2026-56648,updated,2026-09-17,cve_2026_to_now,2026-09-18T12:02:19+00:00
CVE-2026-56649,updated,2026-09-17,cve_2026_to_now,2026-09-18T12:02:19+00:00
CVE-2026-56650,updated,2026-09-17,cve_2026_to_now,2026-09-18T12:02:19+00:00
CVE-2026-56692,updated,2026-09-17,cve_2026_to_now,2026-09-18T12:02:19+00:00
CVE-2026-56693,updated,2026-09-17,cve_2026_to_now,2026-09-18T12:02:19+00:00
CVE-2026-56694,updated,2026-09-17,cve_2026_to_now,2026-09-18T12:02:19+00:00
CVE-2026-56795,added,,cve_2026_to_now,2026-09-18T12:02:19+00:00
CVE-2026-56960,updated,2026-09-18,cve_2026_to_now,2026-09-18T12:02:19+00:00
CVE-2026-57083,updated,2026-09-17,cve_2026_to_now,2026-09-18T12:02:19+00:00
CVE-2026-57084,updated,2026-09-17,cve_2026_to_now,2026-09-18T12:02:19+00:00
CVE-2026-57085,updated,2026-09-17,cve_2026_to_now,2026-09-18T12:02:19+00:00
CVE-2026-57087,updated,2026-09-17,cve_2026_to_now,2026-09-18T12:02:19+00:00
CVE-2026-57088,updated,2026-09-17,cve_2026_to_now,2026-09-18T12:02:19+00:00
CVE-2026-57089,updated,2026-09-17,cve_2026_to_now,2026-09-18T12:02:19+00:00
CVE-2026-57090,updated,2026-09-17,cve_2026_to_now,2026-09-18T12:02:19+00:00
CVE-2026-57091,updated,2026-09-17,cve_2026_to_now,2026-09-18T12:02:19+00:00
CVE-2026-57092,updated,2026-09-17,cve_2026_to_now,2026-09-18T12:02:19+00:00
CVE-2026-57093,updated,2026-09-17,cve_2026_to_now,2026-09-18T12:02:19+00:00
CVE-2026-57094,updated,2026-09-17,cve_2026_to_now,2026-09-18T12:02:19+00:00
CVE-2026-57095,updated,2026-09-17,cve_2026_to_now,2026-09-18T12:02:19+00:00
CVE-2026-57096,updated,2026-09-17,cve_2026_to_now,2026-09-18T12:02:19+00:00
CVE-2026-57097,updated,2026-09-17,cve_2026_to_now,2026-09-18T12:02:19+00:00
CVE-2026-57098,updated,2026-09-17,cve_2026_to_now,2026-09-18T12:02:19+00:00
CVE-2026-57099,updated,2026-09-17,cve_2026_to_now,2026-09-18T12:02:19+00:00
CVE-2026-57100,updated,2026-09-17,cve_2026_to_now,2026-09-18T12:02:19+00:00
CVE-2026-57101,updated,2026-09-17,cve_2026_to_now,2026-09-18T12:02:19+00:00
CVE-2026-57102,updated,2026-09-17,cve_2026_to_now,2026-09-18T12:02:19+00:00
CVE-2026-57106,updated,2026-09-17,cve_2026_to_now,2026-09-18T12:02:19+00:00
CVE-2026-57107,updated,2026-09-17,cve_2026_to_now,2026-09-18T12:02:19+00:00
CVE-2026-57108,updated,2026-09-17,cve_2026_to_now,2026-09-18T12:02:19+00:00
CVE-2026-57138,updated,2026-09-17,cve_2026_to_now,2026-09-18T12:02:19+00:00
CVE-2026-57139,updated,2026-09-17,cve_2026_to_now,2026-09-18T12:02:19+00:00
CVE-2026-57147,updated,2026-09-17,cve_2026_to_now,2026-09-18T12:02:19+00:00
CVE-2026-57968,updated,2026-09-17,cve_2026_to_now,2026-09-18T12:02:19+00:00
CVE-2026-57969,updated,2026-09-17,cve_2026_to_now,2026-09-18T12:02:19+00:00
CVE-2026-57973,updated,2026-09-17,cve_2026_to_now,2026-09-18T12:02:19+00:00
CVE-2026-57974,updated,2026-09-17,cve_2026_to_now,2026-09-18T12:02:19+00:00
CVE-2026-57975,updated,2026-09-17,cve_2026_to_now,2026-09-18T12:02:19+00:00
CVE-2026-57976,updated,2026-09-17,cve_2026_to_now,2026-09-18T12:02:19+00:00
CVE-2026-57977,updated,2026-09-17,cve_2026_to_now,2026-09-18T12:02:19+00:00
CVE-2026-57978,updated,2026-09-17,cve_2026_to_now,2026-09-18T12:02:19+00:00
CVE-2026-57979,updated,2026-09-17,cve_2026_to_now,2026-09-18T12:02:19+00:00
CVE-2026-57980,updated,2026-09-17,cve_2026_to_now,2026-09-18T12:02:19+00:00
CVE-2026-57981,updated,2026-09-17,cve_2026_to_now,2026-09-18T12:02:19+00:00
CVE-2026-57982,updated,2026-09-17,cve_2026_to_now,2026-09-18T12:02:19+00:00
CVE-2026-57983,updated,2026-09-17,cve_2026_to_now,2026-09-18T12:02:19+00:00
CVE-2026-57984,updated,2026-09-17,cve_2026_to_now,2026-09-18T12:02:19+00:00
CVE-2026-57985,updated,2026-09-17,cve_2026_to_now,2026-09-18T12:02:19+00:00
CVE-2026-57986,updated,2026-09-17,cve_2026_to_now,2026-09-18T12:02:19+00:00
CVE-2026-57987,updated,2026-09-17,cve_2026_to_now,2026-09-18T12:02:19+00:00
CVE-2026-57988,updated,2026-09-17,cve_2026_to_now,2026-09-18T12:02:19+00:00
CVE-2026-57989,updated,2026-09-17,cve_2026_to_now,2026-09-18T12:02:19+00:00
CVE-2026-57990,updated,2026-09-17,cve_2026_to_now,2026-09-18T12:02:19+00:00
CVE-2026-57991,updated,2026-09-17,cve_2026_to_now,2026-09-18T12:02:19+00:00
CVE-2026-57992,updated,2026-09-17,cve_2026_to_now,2026-09-18T12:02:19+00:00
CVE-2026-57993,updated,2026-09-17,cve_2026_to_now,2026-09-18T12:02:19+00:00
CVE-2026-58275,updated,2026-09-17,cve_2026_to_now,2026-09-18T12:02:19+00:00
CVE-2026-58276,updated,2026-09-17,cve_2026_to_now,2026-09-18T12:02:19+00:00
CVE-2026-58277,updated,2026-09-17,cve_2026_to_now,2026-09-18T12:02:19+00:00
CVE-2026-58278,updated,2026-09-17,cve_2026_to_now,2026-09-18T12:02:19+00:00
CVE-2026-58279,updated,2026-09-17,cve_2026_to_now,2026-09-18T12:02:19+00:00
CVE-2026-58281,updated,2026-09-17,cve_2026_to_now,2026-09-18T12:02:19+00:00
CVE-2026-58282,updated,2026-09-17,cve_2026_to_now,2026-09-18T12:02:19+00:00
CVE-2026-58283,updated,2026-09-17,cve_2026_to_now,2026-09-18T12:02:19+00:00
CVE-2026-58284,updated,2026-09-17,cve_2026_to_now,2026-09-18T12:02:19+00:00
CVE-2026-58285,updated,2026-09-17,cve_2026_to_now,2026-09-18T12:02:19+00:00
CVE-2026-58286,updated,2026-09-17,cve_2026_to_now,2026-09-18T12:02:19+00:00
CVE-2026-58287,updated,2026-09-17,cve_2026_to_now,2026-09-18T12:02:19+00:00
CVE-2026-58288,updated,2026-09-17,cve_2026_to_now,2026-09-18T12:02:19+00:00
CVE-2026-58289,updated,2026-09-17,cve_2026_to_now,2026-09-18T12:02:19+00:00
CVE-2026-58290,updated,2026-09-17,cve_2026_to_now,2026-09-18T12:02:19+00:00
CVE-2026-58291,updated,2026-09-17,cve_2026_to_now,2026-09-18T12:02:19+00:00
CVE-2026-58292,updated,2026-09-17,cve_2026_to_now,2026-09-18T12:02:19+00:00
CVE-2026-58293,updated,2026-09-17,cve_2026_to_now,2026-09-18T12:02:19+00:00
CVE-2026-58294,updated,2026-09-17,cve_2026_to_now,2026-09-18T12:02:19+00:00
CVE-2026-58295,updated,2026-09-17,cve_2026_to_now,2026-09-18T12:02:19+00:00
CVE-2026-58296,updated,2026-09-17,cve_2026_to_now,2026-09-18T12:02:19+00:00
CVE-2026-58297,updated,2026-09-17,cve_2026_to_now,2026-09-18T12:02:19+00:00
CVE-2026-58298,updated,2026-09-17,cve_2026_to_now,2026-09-18T12:02:19+00:00
CVE-2026-58299,updated,2026-09-17,cve_2026_to_now,2026-09-18T12:02:19+00:00
CVE-2026-58300,updated,2026-09-17,cve_2026_to_now,2026-09-18T12:02:19+00:00
CVE-2026-58502,updated,2026-09-17,cve_2026_to_now,2026-09-18T12:02:19+00:00
CVE-2026-58522,updated,2026-09-17,cve_2026_to_now,2026-09-18T12:02:19+00:00
CVE-2026-58523,updated,2026-09-17,cve_2026_to_now,2026-09-18T12:02:19+00:00
CVE-2026-58524,updated,2026-09-17,cve_2026_to_now,2026-09-18T12:02:19+00:00
CVE-2026-58525,updated,2026-09-17,cve_2026_to_now,2026-09-18T12:02:19+00:00
CVE-2026-58526,updated,2026-09-17,cve_2026_to_now,2026-09-18T12:02:19+00:00
CVE-2026-58527,updated,2026-09-17,cve_2026_to_now,2026-09-18T12:02:19+00:00
CVE-2026-58528,updated,2026-09-17,cve_2026_to_now,2026-09-18T12:02:19+00:00
CVE-2026-58529,updated,2026-09-17,cve_2026_to_now,2026-09-18T12:02:19+00:00
CVE-2026-58530,updated,2026-09-17,cve_2026_to_now,2026-09-18T12:02:19+00:00
CVE-2026-58531,updated,2026-09-17,cve_2026_to_now,2026-09-18T12:02:19+00:00
CVE-2026-58532,updated,2026-09-17,cve_2026_to_now,2026-09-18T12:02:19+00:00
CVE-2026-58533,updated,2026-09-17,cve_2026_to_now,2026-09-18T12:02:19+00:00
CVE-2026-58534,updated,2026-09-17,cve_2026_to_now,2026-09-18T12:02:19+00:00
CVE-2026-58535,updated,2026-09-17,cve_2026_to_now,2026-09-18T12:02:19+00:00
CVE-2026-58536,updated,2026-09-17,cve_2026_to_now,2026-09-18T12:02:19+00:00
CVE-2026-58537,updated,2026-09-17,cve_2026_to_now,2026-09-18T12:02:19+00:00
CVE-2026-58538,updated,2026-09-17,cve_2026_to_now,2026-09-18T12:02:19+00:00
CVE-2026-58539,updated,2026-09-17,cve_2026_to_now,2026-09-18T12:02:19+00:00
CVE-2026-58540,updated,2026-09-17,cve_2026_to_now,2026-09-18T12:02:19+00:00
CVE-2026-58541,updated,2026-09-17,cve_2026_to_now,2026-09-18T12:02:19+00:00
CVE-2026-58542,updated,2026-09-17,cve_2026_to_now,2026-09-18T12:02:19+00:00
CVE-2026-58543,updated,2026-09-17,cve_2026_to_now,2026-09-18T12:02:19+00:00
CVE-2026-58544,updated,2026-09-17,cve_2026_to_now,2026-09-18T12:02:19+00:00
CVE-2026-58545,updated,2026-09-17,cve_2026_to_now,2026-09-18T12:02:19+00:00
CVE-2026-58546,updated,2026-09-17,cve_2026_to_now,2026-09-18T12:02:19+00:00
CVE-2026-58547,updated,2026-09-17,cve_2026_to_now,2026-09-18T12:02:19+00:00
CVE-2026-58594,updated,2026-09-17,cve_2026_to_now,2026-09-18T12:02:19+00:00
CVE-2026-58595,updated,2026-09-17,cve_2026_to_now,2026-09-18T12:02:19+00:00
CVE-2026-58596,updated,2026-09-17,cve_2026_to_now,2026-09-18T12:02:19+00:00
CVE-2026-58597,updated,2026-09-17,cve_2026_to_now,2026-09-18T12:02:19+00:00
CVE-2026-58598,updated,2026-09-17,cve_2026_to_now,2026-09-18T12:02:19+00:00
CVE-2026-58599,updated,2026-09-17,cve_2026_to_now,2026-09-18T12:02:19+00:00
CVE-2026-58600,updated,2026-09-17,cve_2026_to_now,2026-09-18T12:02:19+00:00
CVE-2026-58601,updated,2026-09-17,cve_2026_to_now,2026-09-18T12:02:19+00:00
CVE-2026-58602,updated,2026-09-17,cve_2026_to_now,2026-09-18T12:02:19+00:00
CVE-2026-58608,updated,2026-09-17,cve_2026_to_now,2026-09-18T12:02:19+00:00
CVE-2026-58609,updated,2026-09-17,cve_2026_to_now,2026-09-18T12:02:19+00:00
CVE-2026-58610,updated,2026-09-17,cve_2026_to_now,2026-09-18T12:02:19+00:00
CVE-2026-58611,updated,2026-09-17,cve_2026_to_now,2026-09-18T12:02:19+00:00
CVE-2026-58613,updated,2026-09-17,cve_2026_to_now,2026-09-18T12:02:19+00:00
CVE-2026-58614,updated,2026-09-17,cve_2026_to_now,2026-09-18T12:02:19+00:00
CVE-2026-58617,updated,2026-09-17,cve_2026_to_now,2026-09-18T12:02:19+00:00
CVE-2026-58618,updated,2026-09-17,cve_2026_to_now,2026-09-18T12:02:19+00:00
CVE-2026-58619,updated,2026-09-17,cve_2026_to_now,2026-09-18T12:02:19+00:00
CVE-2026-58626,updated,2026-09-17,cve_2026_to_now,2026-09-18T12:02:19+00:00
CVE-2026-58627,updated,2026-09-17,cve_2026_to_now,2026-09-18T12:02:19+00:00
CVE-2026-58628,updated,2026-09-17,cve_2026_to_now,2026-09-18T12:02:19+00:00
CVE-2026-58629,updated,2026-09-17,cve_2026_to_now,2026-09-18T12:02:19+00:00
CVE-2026-58630,updated,2026-09-17,cve_2026_to_now,2026-09-18T12:02:19+00:00
CVE-2026-58631,updated,2026-09-17,cve_2026_to_now,2026-09-18T12:02:19+00:00
CVE-2026-58632,updated,2026-09-17,cve_2026_to_now,2026-09-18T12:02:19+00:00
CVE-2026-58633,updated,2026-09-17,cve_2026_to_now,2026-09-18T12:02:19+00:00
CVE-2026-58634,updated,2026-09-17,cve_2026_to_now,2026-09-18T12:02:19+00:00
CVE-2026-58635,updated,2026-09-17,cve_2026_to_now,2026-09-18T12:02:19+00:00
CVE-2026-58636,updated,2026-09-17,cve_2026_to_now,2026-09-18T12:02:19+00:00
CVE-2026-58637,updated,2026-09-17,cve_2026_to_now,2026-09-18T12:02:19+00:00
CVE-2026-58638,updated,2026-09-17,cve_2026_to_now,2026-09-18T12:02:19+00:00
CVE-2026-58640,updated,2026-09-17,cve_2026_to_now,2026-09-18T12:02:19+00:00
CVE-2026-58643,updated,2026-09-17,cve_2026_to_now,2026-09-18T12:02:19+00:00
CVE-2026-58644,updated,2026-09-17,cve_2026_to_now,2026-09-18T12:02:19+00:00
CVE-2026-58647,updated,2026-09-17,cve_2026_to_now,2026-09-18T12:02:19+00:00
CVE-2026-58649,updated,2026-09-17,cve_2026_to_now,2026-09-18T12:02:19+00:00
CVE-2026-59117,updated,2026-09-17,cve_2026_to_now,2026-09-18T12:02:19+00:00
CVE-2026-59255,updated,2026-09-17,cve_2026_to_now,2026-09-18T12:02:19+00:00
CVE-2026-59258,updated,2026-09-17,cve_2026_to_now,2026-09-18T12:02:19+00:00
CVE-2026-59262,updated,2026-09-17,cve_2026_to_now,2026-09-18T12:02:19+00:00
CVE-2026-59708,updated,2026-09-17,cve_2026_to_now,2026-09-18T12:02:19+00:00
CVE-2026-59709,updated,2026-09-17,cve_2026_to_now,2026-09-18T12:02:19+00:00
CVE-2026-59712,updated,2026-09-17,cve_2026_to_now,2026-09-18T12:02:19+00:00
CVE-2026-59713,updated,2026-09-17,cve_2026_to_now,2026-09-18T12:02:19+00:00
CVE-2026-59739,updated,2026-09-17,cve_2026_to_now,2026-09-18T12:02:19+00:00
CVE-2026-59823,updated,2026-09-17,cve_2026_to_now,2026-09-18T12:02:19+00:00
CVE-2026-59965,updated,2026-09-17,cve_2026_to_now,2026-09-18T12:02:19+00:00
CVE-2026-59969,updated,2026-09-17,cve_2026_to_now,2026-09-18T12:02:19+00:00
CVE-2026-60165,updated,2026-09-17,cve_2026_to_now,2026-09-18T12:02:19+00:00
CVE-2026-60182,updated,2026-09-17,cve_2026_to_now,2026-09-18T12:02:19+00:00
CVE-2026-60415,updated,2026-09-17,cve_2026_to_now,2026-09-18T12:02:19+00:00
CVE-2026-60696,updated,2026-09-17,cve_2026_to_now,2026-09-18T12:02:19+00:00
CVE-2026-60702,updated,2026-09-17,cve_2026_to_now,2026-09-18T12:02:19+00:00
CVE-2026-60718,updated,2026-09-17,cve_2026_to_now,2026-09-18T12:02:19+00:00
CVE-2026-60726,updated,2026-09-17,cve_2026_to_now,2026-09-18T12:02:19+00:00
CVE-2026-61298,updated,2026-09-17,cve_2026_to_now,2026-09-18T12:02:19+00:00
CVE-2026-61308,updated,2026-09-17,cve_2026_to_now,2026-09-18T12:02:19+00:00
CVE-2026-61544,updated,2026-09-17,cve_2026_to_now,2026-09-18T12:02:19+00:00
CVE-2026-61559,updated,2026-09-17,cve_2026_to_now,2026-09-18T12:02:19+00:00
CVE-2026-61589,updated,2026-09-17,cve_2026_to_now,2026-09-18T12:02:19+00:00
CVE-2026-61591,updated,2026-09-17,cve_2026_to_now,2026-09-18T12:02:19+00:00
CVE-2026-61592,updated,2026-09-17,cve_2026_to_now,2026-09-18T12:02:19+00:00
CVE-2026-61594,updated,2026-09-17,cve_2026_to_now,2026-09-18T12:02:19+00:00
CVE-2026-61596,updated,2026-09-17,cve_2026_to_now,2026-09-18T12:02:19+00:00
CVE-2026-61597,updated,2026-09-17,cve_2026_to_now,2026-09-18T12:02:19+00:00
CVE-2026-61599,updated,2026-09-17,cve_2026_to_now,2026-09-18T12:02:19+00:00
CVE-2026-61668,updated,2026-09-17,cve_2026_to_now,2026-09-18T12:02:19+00:00
CVE-2026-61700,added,,cve_2026_to_now,2026-09-18T12:02:19+00:00
CVE-2026-61793,added,,cve_2026_to_now,2026-09-18T12:02:19+00:00
CVE-2026-62101,added,,cve_2026_to_now,2026-09-18T12:02:19+00:00
CVE-2026-62104,added,,cve_2026_to_now,2026-09-18T12:02:19+00:00
CVE-2026-62108,added,,cve_2026_to_now,2026-09-18T12:02:19+00:00
CVE-2026-62239,updated,2026-09-17,cve_2026_to_now,2026-09-18T12:02:19+00:00
CVE-2026-62240,updated,2026-09-17,cve_2026_to_now,2026-09-18T12:02:19+00:00
CVE-2026-62694,updated,2026-09-17,cve_2026_to_now,2026-09-18T12:02:19+00:00
CVE-2026-62697,updated,2026-09-17,cve_2026_to_now,2026-09-18T12:02:19+00:00
CVE-2026-62706,updated,2026-09-17,cve_2026_to_now,2026-09-18T12:02:19+00:00
CVE-2026-62744,updated,2026-09-17,cve_2026_to_now,2026-09-18T12:02:19+00:00
CVE-2026-62759,updated,2026-09-17,cve_2026_to_now,2026-09-18T12:02:19+00:00
CVE-2026-62762,updated,2026-09-17,cve_2026_to_now,2026-09-18T12:02:19+00:00
CVE-2026-62801,updated,2026-09-17,cve_2026_to_now,2026-09-18T12:02:19+00:00
CVE-2026-62804,updated,2026-09-17,cve_2026_to_now,2026-09-18T12:02:19+00:00
CVE-2026-62810,updated,2026-09-17,cve_2026_to_now,2026-09-18T12:02:19+00:00
CVE-2026-62813,updated,2026-09-17,cve_2026_to_now,2026-09-18T12:02:19+00:00
CVE-2026-62825,updated,2026-09-17,cve_2026_to_now,2026-09-18T12:02:19+00:00
CVE-2026-62826,updated,2026-09-17,cve_2026_to_now,2026-09-18T12:02:19+00:00
CVE-2026-62828,updated,2026-09-17,cve_2026_to_now,2026-09-18T12:02:19+00:00
CVE-2026-62835,updated,2026-09-17,cve_2026_to_now,2026-09-18T12:02:19+00:00
CVE-2026-62870,updated,2026-09-17,cve_2026_to_now,2026-09-18T12:02:19+00:00
CVE-2026-62874,added,,cve_2026_to_now,2026-09-18T12:02:19+00:00
CVE-2026-62895,updated,2026-09-17,cve_2026_to_now,2026-09-18T12:02:19+00:00
CVE-2026-62906,updated,2026-09-17,cve_2026_to_now,2026-09-18T12:02:19+00:00
CVE-2026-62916,updated,2026-09-17,cve_2026_to_now,2026-09-18T12:02:19+00:00
CVE-2026-62949,updated,2026-09-17,cve_2026_to_now,2026-09-18T12:02:19+00:00
CVE-2026-62997,updated,2026-09-17,cve_2026_to_now,2026-09-18T12:02:19+00:00
CVE-2026-63225,updated,2026-09-17,cve_2026_to_now,2026-09-18T12:02:19+00:00
CVE-2026-63459,added,,cve_2026_to_now,2026-09-18T12:02:19+00:00
CVE-2026-63460,added,,cve_2026_to_now,2026-09-18T12:02:19+00:00
CVE-2026-63461,added,,cve_2026_to_now,2026-09-18T12:02:19+00:00
CVE-2026-63472,added,,cve_2026_to_now,2026-09-18T12:02:19+00:00
CVE-2026-63506,updated,2026-09-17,cve_2026_to_now,2026-09-18T12:02:19+00:00
CVE-2026-63523,updated,2026-09-17,cve_2026_to_now,2026-09-18T12:02:19+00:00
CVE-2026-63622,updated,2026-09-17,cve_2026_to_now,2026-09-18T12:02:19+00:00
CVE-2026-63764,updated,2026-09-17,cve_2026_to_now,2026-09-18T12:02:19+00:00
CVE-2026-63765,updated,2026-09-17,cve_2026_to_now,2026-09-18T12:02:19+00:00
CVE-2026-63768,updated,2026-09-17,cve_2026_to_now,2026-09-18T12:02:19+00:00
CVE-2026-64918,updated,2026-09-17,cve_2026_to_now,2026-09-18T12:02:19+00:00
CVE-2026-65013,updated,2026-09-17,cve_2026_to_now,2026-09-18T12:02:19+00:00
CVE-2026-65342,updated,2026-09-17,cve_2026_to_now,2026-09-18T12:02:19+00:00
CVE-2026-65354,updated,2026-09-17,cve_2026_to_now,2026-09-18T12:02:19+00:00
CVE-2026-65357,updated,2026-09-18,cve_2026_to_now,2026-09-18T12:02:19+00:00
CVE-2026-65358,updated,2026-09-17,cve_2026_to_now,2026-09-18T12:02:19+00:00
CVE-2026-65359,updated,2026-09-17,cve_2026_to_now,2026-09-18T12:02:19+00:00
CVE-2026-65360,updated,2026-09-17,cve_2026_to_now,2026-09-18T12:02:19+00:00
CVE-2026-65361,updated,2026-09-17,cve_2026_to_now,2026-09-18T12:02:19+00:00
CVE-2026-65371,updated,2026-09-17,cve_2026_to_now,2026-09-18T12:02:19+00:00
CVE-2026-65375,updated,2026-09-17,cve_2026_to_now,2026-09-18T12:02:19+00:00
CVE-2026-65376,updated,2026-09-17,cve_2026_to_now,2026-09-18T12:02:19+00:00
CVE-2026-65378,updated,2026-09-17,cve_2026_to_now,2026-09-18T12:02:19+00:00
CVE-2026-65381,updated,2026-09-17,cve_2026_to_now,2026-09-18T12:02:19+00:00
CVE-2026-65383,updated,2026-09-17,cve_2026_to_now,2026-09-18T12:02:19+00:00
CVE-2026-65388,updated,2026-09-17,cve_2026_to_now,2026-09-18T12:02:19+00:00
CVE-2026-65399,updated,2026-09-17,cve_2026_to_now,2026-09-18T12:02:19+00:00
CVE-2026-65403,updated,2026-09-17,cve_2026_to_now,2026-09-18T12:02:19+00:00
CVE-2026-65408,updated,2026-09-17,cve_2026_to_now,2026-09-18T12:02:19+00:00
CVE-2026-65605,updated,2026-09-17,cve_2026_to_now,2026-09-18T12:02:19+00:00
CVE-2026-65606,updated,2026-09-17,cve_2026_to_now,2026-09-18T12:02:19+00:00
CVE-2026-65669,updated,2026-09-17,cve_2026_to_now,2026-09-18T12:02:19+00:00
CVE-2026-65772,updated,2026-09-17,cve_2026_to_now,2026-09-18T12:02:19+00:00
CVE-2026-65802,updated,2026-09-17,cve_2026_to_now,2026-09-18T12:02:19+00:00
CVE-2026-65804,updated,2026-09-17,cve_2026_to_now,2026-09-18T12:02:19+00:00
CVE-2026-65812,updated,2026-09-17,cve_2026_to_now,2026-09-18T12:02:19+00:00
CVE-2026-65818,updated,2026-09-17,cve_2026_to_now,2026-09-18T12:02:19+00:00
CVE-2026-65918,updated,2026-09-17,cve_2026_to_now,2026-09-18T12:02:19+00:00
CVE-2026-66005,updated,2026-09-17,cve_2026_to_now,2026-09-18T12:02:19+00:00
CVE-2026-66010,updated,2026-09-17,cve_2026_to_now,2026-09-18T12:02:19+00:00
CVE-2026-66012,updated,2026-09-17,cve_2026_to_now,2026-09-18T12:02:19+00:00
CVE-2026-66269,updated,,cve_2026_to_now,2026-09-18T12:02:19+00:00
CVE-2026-66302,updated,2026-09-17,cve_2026_to_now,2026-09-18T12:02:19+00:00
CVE-2026-66303,updated,2026-09-17,cve_2026_to_now,2026-09-18T12:02:19+00:00
CVE-2026-66304,updated,2026-09-17,cve_2026_to_now,2026-09-18T12:02:19+00:00
CVE-2026-66305,updated,2026-09-17,cve_2026_to_now,2026-09-18T12:02:19+00:00
CVE-2026-66306,updated,2026-09-17,cve_2026_to_now,2026-09-18T12:02:19+00:00
CVE-2026-66307,updated,2026-09-17,cve_2026_to_now,2026-09-18T12:02:19+00:00
CVE-2026-66308,updated,2026-09-17,cve_2026_to_now,2026-09-18T12:02:19+00:00
CVE-2026-66310,updated,2026-09-17,cve_2026_to_now,2026-09-18T12:02:19+00:00
CVE-2026-66311,updated,2026-09-17,cve_2026_to_now,2026-09-18T12:02:19+00:00
CVE-2026-66312,updated,2026-09-17,cve_2026_to_now,2026-09-18T12:02:19+00:00
CVE-2026-66313,updated,2026-09-17,cve_2026_to_now,2026-09-18T12:02:19+00:00
CVE-2026-66314,updated,2026-09-17,cve_2026_to_now,2026-09-18T12:02:19+00:00
CVE-2026-66315,updated,2026-09-17,cve_2026_to_now,2026-09-18T12:02:19+00:00
CVE-2026-66316,updated,2026-09-17,cve_2026_to_now,2026-09-18T12:02:19+00:00
CVE-2026-66317,updated,2026-09-17,cve_2026_to_now,2026-09-18T12:02:19+00:00
CVE-2026-66318,updated,2026-09-17,cve_2026_to_now,2026-09-18T12:02:19+00:00
CVE-2026-66321,updated,2026-09-17,cve_2026_to_now,2026-09-18T12:02:19+00:00
CVE-2026-66322,updated,2026-09-17,cve_2026_to_now,2026-09-18T12:02:19+00:00
CVE-2026-66325,updated,2026-09-17,cve_2026_to_now,2026-09-18T12:02:19+00:00
CVE-2026-66326,updated,2026-09-17,cve_2026_to_now,2026-09-18T12:02:19+00:00
CVE-2026-66372,updated,2026-09-17,cve_2026_to_now,2026-09-18T12:02:19+00:00
CVE-2026-66395,updated,2026-09-17,cve_2026_to_now,2026-09-18T12:02:19+00:00
CVE-2026-66396,updated,2026-09-17,cve_2026_to_now,2026-09-18T12:02:19+00:00
CVE-2026-66571,added,,cve_2026_to_now,2026-09-18T12:02:19+00:00
CVE-2026-66572,added,,cve_2026_to_now,2026-09-18T12:02:19+00:00
CVE-2026-66573,added,,cve_2026_to_now,2026-09-18T12:02:19+00:00
CVE-2026-66574,added,,cve_2026_to_now,2026-09-18T12:02:19+00:00
CVE-2026-66575,added,,cve_2026_to_now,2026-09-18T12:02:19+00:00
CVE-2026-66576,added,,cve_2026_to_now,2026-09-18T12:02:19+00:00
CVE-2026-66577,added,,cve_2026_to_now,2026-09-18T12:02:19+00:00
CVE-2026-66578,added,,cve_2026_to_now,2026-09-18T12:02:19+00:00
CVE-2026-66579,added,,cve_2026_to_now,2026-09-18T12:02:19+00:00
CVE-2026-66580,added,,cve_2026_to_now,2026-09-18T12:02:19+00:00
CVE-2026-66608,added,,cve_2026_to_now,2026-09-18T12:02:19+00:00
CVE-2026-66617,added,,cve_2026_to_now,2026-09-18T12:02:19+00:00
CVE-2026-66618,added,,cve_2026_to_now,2026-09-18T12:02:19+00:00
CVE-2026-66619,added,,cve_2026_to_now,2026-09-18T12:02:19+00:00
CVE-2026-66624,added,,cve_2026_to_now,2026-09-18T12:02:19+00:00
CVE-2026-66625,added,,cve_2026_to_now,2026-09-18T12:02:19+00:00
CVE-2026-66626,added,,cve_2026_to_now,2026-09-18T12:02:19+00:00
CVE-2026-66628,added,,cve_2026_to_now,2026-09-18T12:02:19+00:00
CVE-2026-66630,added,,cve_2026_to_now,2026-09-18T12:02:19+00:00
CVE-2026-66631,added,,cve_2026_to_now,2026-09-18T12:02:19+00:00
CVE-2026-66676,added,,cve_2026_to_now,2026-09-18T12:02:19+00:00
CVE-2026-66803,updated,2026-09-17,cve_2026_to_now,2026-09-18T12:02:19+00:00
CVE-2026-66814,updated,2026-09-17,cve_2026_to_now,2026-09-18T12:02:19+00:00
CVE-2026-66816,updated,2026-09-17,cve_2026_to_now,2026-09-18T12:02:19+00:00
CVE-2026-66818,updated,2026-09-17,cve_2026_to_now,2026-09-18T12:02:19+00:00
CVE-2026-66819,updated,2026-09-17,cve_2026_to_now,2026-09-18T12:02:19+00:00
CVE-2026-66820,updated,2026-09-17,cve_2026_to_now,2026-09-18T12:02:19+00:00
CVE-2026-67071,added,,cve_2026_to_now,2026-09-18T12:02:19+00:00
CVE-2026-67100,added,,cve_2026_to_now,2026-09-18T12:02:19+00:00
CVE-2026-67101,added,,cve_2026_to_now,2026-09-18T12:02:19+00:00
CVE-2026-67102,added,,cve_2026_to_now,2026-09-18T12:02:19+00:00
CVE-2026-67103,added,,cve_2026_to_now,2026-09-18T12:02:19+00:00
CVE-2026-67278,updated,2026-09-17,cve_2026_to_now,2026-09-18T12:02:19+00:00
CVE-2026-67368,updated,2026-09-17,cve_2026_to_now,2026-09-18T12:02:19+00:00
CVE-2026-67369,updated,2026-09-17,cve_2026_to_now,2026-09-18T12:02:19+00:00
CVE-2026-67370,updated,2026-09-17,cve_2026_to_now,2026-09-18T12:02:19+00:00
CVE-2026-67373,updated,2026-09-17,cve_2026_to_now,2026-09-18T12:02:19+00:00
CVE-2026-67376,updated,2026-09-17,cve_2026_to_now,2026-09-18T12:02:19+00:00
CVE-2026-67378,updated,2026-09-17,cve_2026_to_now,2026-09-18T12:02:19+00:00
CVE-2026-67379,updated,2026-09-17,cve_2026_to_now,2026-09-18T12:02:19+00:00
CVE-2026-67380,updated,2026-09-17,cve_2026_to_now,2026-09-18T12:02:19+00:00
CVE-2026-67381,updated,2026-09-17,cve_2026_to_now,2026-09-18T12:02:19+00:00
CVE-2026-67383,updated,2026-09-17,cve_2026_to_now,2026-09-18T12:02:19+00:00
CVE-2026-67384,updated,2026-09-17,cve_2026_to_now,2026-09-18T12:02:19+00:00
CVE-2026-67385,updated,2026-09-17,cve_2026_to_now,2026-09-18T12:02:19+00:00
CVE-2026-67386,updated,2026-09-17,cve_2026_to_now,2026-09-18T12:02:19+00:00
CVE-2026-67388,updated,2026-09-17,cve_2026_to_now,2026-09-18T12:02:19+00:00
CVE-2026-67389,updated,2026-09-17,cve_2026_to_now,2026-09-18T12:02:19+00:00
CVE-2026-67390,updated,2026-09-17,cve_2026_to_now,2026-09-18T12:02:19+00:00
CVE-2026-67393,updated,2026-09-17,cve_2026_to_now,2026-09-18T12:02:19+00:00
CVE-2026-67624,updated,2026-09-17,cve_2026_to_now,2026-09-18T12:02:19+00:00
CVE-2026-67629,updated,2026-09-17,cve_2026_to_now,2026-09-18T12:02:19+00:00
CVE-2026-67630,updated,2026-09-17,cve_2026_to_now,2026-09-18T12:02:19+00:00
CVE-2026-67631,updated,2026-09-17,cve_2026_to_now,2026-09-18T12:02:19+00:00
CVE-2026-67633,updated,2026-09-17,cve_2026_to_now,2026-09-18T12:02:19+00:00
CVE-2026-67636,updated,2026-09-17,cve_2026_to_now,2026-09-18T12:02:19+00:00
CVE-2026-67638,updated,2026-09-17,cve_2026_to_now,2026-09-18T12:02:19+00:00
CVE-2026-67639,updated,2026-09-17,cve_2026_to_now,2026-09-18T12:02:19+00:00
CVE-2026-67641,updated,2026-09-17,cve_2026_to_now,2026-09-18T12:02:19+00:00
CVE-2026-67642,updated,2026-09-17,cve_2026_to_now,2026-09-18T12:02:19+00:00
CVE-2026-67643,updated,2026-09-17,cve_2026_to_now,2026-09-18T12:02:19+00:00
CVE-2026-67645,updated,2026-09-17,cve_2026_to_now,2026-09-18T12:02:19+00:00
CVE-2026-67648,updated,2026-09-17,cve_2026_to_now,2026-09-18T12:02:19+00:00
CVE-2026-68493,added,,cve_2026_to_now,2026-09-18T12:02:19+00:00
CVE-2026-68523,added,,cve_2026_to_now,2026-09-18T12:02:19+00:00
CVE-2026-68536,updated,2026-09-17,cve_2026_to_now,2026-09-18T12:02:19+00:00
CVE-2026-68537,added,,cve_2026_to_now,2026-09-18T12:02:19+00:00
CVE-2026-68775,updated,2026-09-17,cve_2026_to_now,2026-09-18T12:02:19+00:00
CVE-2026-68776,updated,2026-09-17,cve_2026_to_now,2026-09-18T12:02:19+00:00
CVE-2026-68777,updated,2026-09-17,cve_2026_to_now,2026-09-18T12:02:19+00:00
CVE-2026-68778,updated,2026-09-17,cve_2026_to_now,2026-09-18T12:02:19+00:00
CVE-2026-68779,updated,2026-09-17,cve_2026_to_now,2026-09-18T12:02:19+00:00
CVE-2026-68780,updated,2026-09-17,cve_2026_to_now,2026-09-18T12:02:19+00:00
CVE-2026-68781,updated,2026-09-17,cve_2026_to_now,2026-09-18T12:02:19+00:00
CVE-2026-68784,updated,2026-09-17,cve_2026_to_now,2026-09-18T12:02:19+00:00
CVE-2026-68785,updated,2026-09-17,cve_2026_to_now,2026-09-18T12:02:19+00:00
CVE-2026-68786,updated,2026-09-17,cve_2026_to_now,2026-09-18T12:02:19+00:00
CVE-2026-68787,updated,2026-09-17,cve_2026_to_now,2026-09-18T12:02:19+00:00
CVE-2026-68791,added,,cve_2026_to_now,2026-09-18T12:02:19+00:00
CVE-2026-68824,updated,2026-09-17,cve_2026_to_now,2026-09-18T12:02:19+00:00
CVE-2026-68825,updated,2026-09-17,cve_2026_to_now,2026-09-18T12:02:19+00:00
CVE-2026-68827,updated,2026-09-17,cve_2026_to_now,2026-09-18T12:02:19+00:00
CVE-2026-68828,updated,2026-09-17,cve_2026_to_now,2026-09-18T12:02:19+00:00
CVE-2026-68830,updated,2026-09-17,cve_2026_to_now,2026-09-18T12:02:19+00:00
CVE-2026-68831,updated,2026-09-17,cve_2026_to_now,2026-09-18T12:02:19+00:00
CVE-2026-68832,updated,2026-09-17,cve_2026_to_now,2026-09-18T12:02:19+00:00
CVE-2026-68833,updated,2026-09-17,cve_2026_to_now,2026-09-18T12:02:19+00:00
CVE-2026-68834,updated,2026-09-17,cve_2026_to_now,2026-09-18T12:02:19+00:00
CVE-2026-68835,updated,2026-09-17,cve_2026_to_now,2026-09-18T12:02:19+00:00
CVE-2026-68837,updated,2026-09-17,cve_2026_to_now,2026-09-18T12:02:19+00:00
CVE-2026-68838,updated,2026-09-17,cve_2026_to_now,2026-09-18T12:02:19+00:00
CVE-2026-68839,updated,2026-09-17,cve_2026_to_now,2026-09-18T12:02:19+00:00
CVE-2026-68840,updated,2026-09-17,cve_2026_to_now,2026-09-18T12:02:19+00:00
CVE-2026-68841,updated,2026-09-17,cve_2026_to_now,2026-09-18T12:02:19+00:00
CVE-2026-68842,updated,2026-09-17,cve_2026_to_now,2026-09-18T12:02:19+00:00
CVE-2026-68843,updated,2026-09-17,cve_2026_to_now,2026-09-18T12:02:19+00:00
CVE-2026-68844,updated,2026-09-17,cve_2026_to_now,2026-09-18T12:02:19+00:00
CVE-2026-68845,updated,2026-09-17,cve_2026_to_now,2026-09-18T12:02:19+00:00
CVE-2026-68846,updated,2026-09-17,cve_2026_to_now,2026-09-18T12:02:19+00:00
CVE-2026-68847,updated,2026-09-17,cve_2026_to_now,2026-09-18T12:02:19+00:00
CVE-2026-68848,updated,2026-09-17,cve_2026_to_now,2026-09-18T12:02:19+00:00
CVE-2026-68849,updated,2026-09-17,cve_2026_to_now,2026-09-18T12:02:19+00:00
CVE-2026-68850,updated,2026-09-17,cve_2026_to_now,2026-09-18T12:02:19+00:00
CVE-2026-68851,updated,2026-09-17,cve_2026_to_now,2026-09-18T12:02:19+00:00
CVE-2026-68852,updated,2026-09-17,cve_2026_to_now,2026-09-18T12:02:19+00:00
CVE-2026-68873,updated,2026-09-17,cve_2026_to_now,2026-09-18T12:02:19+00:00
CVE-2026-68874,updated,2026-09-17,cve_2026_to_now,2026-09-18T12:02:19+00:00
CVE-2026-68875,updated,2026-09-17,cve_2026_to_now,2026-09-18T12:02:19+00:00
CVE-2026-68876,updated,2026-09-17,cve_2026_to_now,2026-09-18T12:02:19+00:00
CVE-2026-68877,updated,2026-09-17,cve_2026_to_now,2026-09-18T12:02:19+00:00
CVE-2026-68878,updated,2026-09-17,cve_2026_to_now,2026-09-18T12:02:19+00:00
CVE-2026-68880,updated,2026-09-17,cve_2026_to_now,2026-09-18T12:02:19+00:00
CVE-2026-68881,updated,2026-09-17,cve_2026_to_now,2026-09-18T12:02:19+00:00
CVE-2026-68884,updated,2026-09-17,cve_2026_to_now,2026-09-18T12:02:19+00:00
CVE-2026-68885,updated,2026-09-17,cve_2026_to_now,2026-09-18T12:02:19+00:00
CVE-2026-68886,updated,2026-09-17,cve_2026_to_now,2026-09-18T12:02:19+00:00
CVE-2026-68887,updated,2026-09-17,cve_2026_to_now,2026-09-18T12:02:19+00:00
CVE-2026-68888,updated,2026-09-17,cve_2026_to_now,2026-09-18T12:02:19+00:00
CVE-2026-68889,updated,2026-09-17,cve_2026_to_now,2026-09-18T12:02:19+00:00
CVE-2026-68890,updated,2026-09-17,cve_2026_to_now,2026-09-18T12:02:19+00:00
CVE-2026-68891,updated,2026-09-17,cve_2026_to_now,2026-09-18T12:02:19+00:00
CVE-2026-68892,updated,2026-09-17,cve_2026_to_now,2026-09-18T12:02:19+00:00
CVE-2026-68893,updated,2026-09-17,cve_2026_to_now,2026-09-18T12:02:19+00:00
CVE-2026-68894,updated,2026-09-17,cve_2026_to_now,2026-09-18T12:02:19+00:00
CVE-2026-68895,updated,2026-09-17,cve_2026_to_now,2026-09-18T12:02:19+00:00
CVE-2026-68896,updated,2026-09-17,cve_2026_to_now,2026-09-18T12:02:19+00:00
CVE-2026-68897,updated,2026-09-17,cve_2026_to_now,2026-09-18T12:02:19+00:00
CVE-2026-68898,updated,2026-09-17,cve_2026_to_now,2026-09-18T12:02:19+00:00
CVE-2026-69114,updated,2026-09-17,cve_2026_to_now,2026-09-18T12:02:19+00:00
CVE-2026-69116,updated,2026-09-17,cve_2026_to_now,2026-09-18T12:02:19+00:00
CVE-2026-69197,added,,cve_2026_to_now,2026-09-18T12:02:19+00:00
CVE-2026-69208,updated,2026-09-17,cve_2026_to_now,2026-09-18T12:02:19+00:00
CVE-2026-69210,updated,2026-09-17,cve_2026_to_now,2026-09-18T12:02:19+00:00
CVE-2026-69213,updated,2026-09-17,cve_2026_to_now,2026-09-18T12:02:19+00:00
CVE-2026-69218,updated,2026-09-17,cve_2026_to_now,2026-09-18T12:02:19+00:00
CVE-2026-69265,updated,2026-09-17,cve_2026_to_now,2026-09-18T12:02:19+00:00
CVE-2026-69266,updated,2026-09-17,cve_2026_to_now,2026-09-18T12:02:19+00:00
CVE-2026-69267,updated,2026-09-17,cve_2026_to_now,2026-09-18T12:02:19+00:00
CVE-2026-69268,updated,2026-09-17,cve_2026_to_now,2026-09-18T12:02:19+00:00
CVE-2026-69269,updated,2026-09-17,cve_2026_to_now,2026-09-18T12:02:19+00:00
CVE-2026-69270,updated,2026-09-17,cve_2026_to_now,2026-09-18T12:02:19+00:00
CVE-2026-69271,updated,2026-09-17,cve_2026_to_now,2026-09-18T12:02:19+00:00
CVE-2026-69272,updated,2026-09-17,cve_2026_to_now,2026-09-18T12:02:19+00:00
CVE-2026-69273,updated,2026-09-17,cve_2026_to_now,2026-09-18T12:02:19+00:00
CVE-2026-69274,updated,2026-09-17,cve_2026_to_now,2026-09-18T12:02:19+00:00
CVE-2026-69275,updated,2026-09-17,cve_2026_to_now,2026-09-18T12:02:19+00:00
CVE-2026-69276,updated,2026-09-17,cve_2026_to_now,2026-09-18T12:02:19+00:00
CVE-2026-69277,updated,2026-09-17,cve_2026_to_now,2026-09-18T12:02:19+00:00
CVE-2026-69279,updated,2026-09-17,cve_2026_to_now,2026-09-18T12:02:19+00:00
CVE-2026-69280,updated,2026-09-17,cve_2026_to_now,2026-09-18T12:02:19+00:00
CVE-2026-69281,updated,2026-09-17,cve_2026_to_now,2026-09-18T12:02:19+00:00
CVE-2026-69282,updated,2026-09-17,cve_2026_to_now,2026-09-18T12:02:19+00:00
CVE-2026-69283,updated,2026-09-17,cve_2026_to_now,2026-09-18T12:02:19+00:00
CVE-2026-69284,updated,2026-09-17,cve_2026_to_now,2026-09-18T12:02:19+00:00
CVE-2026-69285,updated,2026-09-17,cve_2026_to_now,2026-09-18T12:02:19+00:00
CVE-2026-69286,updated,2026-09-17,cve_2026_to_now,2026-09-18T12:02:19+00:00
CVE-2026-69287,updated,2026-09-17,cve_2026_to_now,2026-09-18T12:02:19+00:00
CVE-2026-69288,updated,2026-09-17,cve_2026_to_now,2026-09-18T12:02:19+00:00
CVE-2026-69289,updated,2026-09-17,cve_2026_to_now,2026-09-18T12:02:19+00:00
CVE-2026-69290,updated,2026-09-17,cve_2026_to_now,2026-09-18T12:02:19+00:00
CVE-2026-69291,updated,2026-09-17,cve_2026_to_now,2026-09-18T12:02:19+00:00
CVE-2026-69292,updated,2026-09-17,cve_2026_to_now,2026-09-18T12:02:19+00:00
CVE-2026-69293,updated,2026-09-17,cve_2026_to_now,2026-09-18T12:02:19+00:00
CVE-2026-69294,updated,2026-09-17,cve_2026_to_now,2026-09-18T12:02:19+00:00
CVE-2026-69295,updated,2026-09-17,cve_2026_to_now,2026-09-18T12:02:19+00:00
CVE-2026-69296,updated,2026-09-17,cve_2026_to_now,2026-09-18T12:02:19+00:00
CVE-2026-69297,updated,2026-09-17,cve_2026_to_now,2026-09-18T12:02:19+00:00
CVE-2026-69298,updated,2026-09-17,cve_2026_to_now,2026-09-18T12:02:19+00:00
CVE-2026-69299,updated,2026-09-17,cve_2026_to_now,2026-09-18T12:02:19+00:00
CVE-2026-69300,updated,2026-09-17,cve_2026_to_now,2026-09-18T12:02:19+00:00
CVE-2026-69301,updated,2026-09-17,cve_2026_to_now,2026-09-18T12:02:19+00:00
CVE-2026-69303,updated,2026-09-17,cve_2026_to_now,2026-09-18T12:02:19+00:00
CVE-2026-69304,updated,2026-09-17,cve_2026_to_now,2026-09-18T12:02:19+00:00
CVE-2026-69305,updated,2026-09-17,cve_2026_to_now,2026-09-18T12:02:19+00:00
CVE-2026-69307,updated,2026-09-17,cve_2026_to_now,2026-09-18T12:02:19+00:00
CVE-2026-69308,updated,2026-09-17,cve_2026_to_now,2026-09-18T12:02:19+00:00
CVE-2026-69309,updated,2026-09-17,cve_2026_to_now,2026-09-18T12:02:19+00:00
CVE-2026-69310,updated,2026-09-17,cve_2026_to_now,2026-09-18T12:02:19+00:00
CVE-2026-69311,updated,2026-09-17,cve_2026_to_now,2026-09-18T12:02:19+00:00
CVE-2026-69312,updated,2026-09-17,cve_2026_to_now,2026-09-18T12:02:19+00:00
CVE-2026-69313,updated,2026-09-17,cve_2026_to_now,2026-09-18T12:02:19+00:00
CVE-2026-69314,updated,2026-09-17,cve_2026_to_now,2026-09-18T12:02:19+00:00
CVE-2026-69315,updated,2026-09-17,cve_2026_to_now,2026-09-18T12:02:19+00:00
CVE-2026-69316,updated,2026-09-17,cve_2026_to_now,2026-09-18T12:02:19+00:00
CVE-2026-69317,updated,2026-09-17,cve_2026_to_now,2026-09-18T12:02:19+00:00
CVE-2026-69318,updated,2026-09-17,cve_2026_to_now,2026-09-18T12:02:19+00:00
CVE-2026-69319,updated,2026-09-17,cve_2026_to_now,2026-09-18T12:02:19+00:00
CVE-2026-69321,updated,2026-09-17,cve_2026_to_now,2026-09-18T12:02:19+00:00
CVE-2026-69322,updated,2026-09-17,cve_2026_to_now,2026-09-18T12:02:19+00:00
CVE-2026-69323,updated,2026-09-17,cve_2026_to_now,2026-09-18T12:02:19+00:00
CVE-2026-69324,updated,2026-09-17,cve_2026_to_now,2026-09-18T12:02:19+00:00
CVE-2026-69325,updated,2026-09-17,cve_2026_to_now,2026-09-18T12:02:19+00:00
CVE-2026-69328,updated,2026-09-17,cve_2026_to_now,2026-09-18T12:02:19+00:00
CVE-2026-69329,updated,2026-09-17,cve_2026_to_now,2026-09-18T12:02:19+00:00
CVE-2026-69331,updated,2026-09-17,cve_2026_to_now,2026-09-18T12:02:19+00:00
CVE-2026-69332,updated,2026-09-17,cve_2026_to_now,2026-09-18T12:02:19+00:00
CVE-2026-69333,updated,2026-09-17,cve_2026_to_now,2026-09-18T12:02:19+00:00
CVE-2026-69334,updated,2026-09-17,cve_2026_to_now,2026-09-18T12:02:19+00:00
CVE-2026-69335,updated,2026-09-17,cve_2026_to_now,2026-09-18T12:02:19+00:00
CVE-2026-69336,updated,2026-09-17,cve_2026_to_now,2026-09-18T12:02:19+00:00
CVE-2026-69337,updated,2026-09-17,cve_2026_to_now,2026-09-18T12:02:19+00:00
CVE-2026-69338,updated,2026-09-17,cve_2026_to_now,2026-09-18T12:02:19+00:00
CVE-2026-69339,updated,2026-09-17,cve_2026_to_now,2026-09-18T12:02:19+00:00
CVE-2026-69340,updated,2026-09-17,cve_2026_to_now,2026-09-18T12:02:19+00:00
CVE-2026-69341,updated,2026-09-17,cve_2026_to_now,2026-09-18T12:02:19+00:00
CVE-2026-69342,updated,2026-09-17,cve_2026_to_now,2026-09-18T12:02:19+00:00
CVE-2026-69343,updated,2026-09-17,cve_2026_to_now,2026-09-18T12:02:19+00:00
CVE-2026-69344,updated,2026-09-17,cve_2026_to_now,2026-09-18T12:02:19+00:00
CVE-2026-69345,updated,2026-09-17,cve_2026_to_now,2026-09-18T12:02:19+00:00
CVE-2026-69346,updated,2026-09-17,cve_2026_to_now,2026-09-18T12:02:19+00:00
CVE-2026-69347,updated,2026-09-17,cve_2026_to_now,2026-09-18T12:02:19+00:00
CVE-2026-69348,updated,2026-09-17,cve_2026_to_now,2026-09-18T12:02:19+00:00
CVE-2026-69349,updated,2026-09-17,cve_2026_to_now,2026-09-18T12:02:19+00:00
CVE-2026-69350,updated,2026-09-17,cve_2026_to_now,2026-09-18T12:02:19+00:00
CVE-2026-69351,updated,2026-09-17,cve_2026_to_now,2026-09-18T12:02:19+00:00
CVE-2026-69352,updated,2026-09-17,cve_2026_to_now,2026-09-18T12:02:19+00:00
CVE-2026-69353,updated,2026-09-17,cve_2026_to_now,2026-09-18T12:02:19+00:00
CVE-2026-69355,updated,2026-09-17,cve_2026_to_now,2026-09-18T12:02:19+00:00
CVE-2026-69356,updated,2026-09-17,cve_2026_to_now,2026-09-18T12:02:19+00:00
CVE-2026-69357,updated,2026-09-17,cve_2026_to_now,2026-09-18T12:02:19+00:00
CVE-2026-69358,updated,2026-09-17,cve_2026_to_now,2026-09-18T12:02:19+00:00
CVE-2026-69359,updated,2026-09-17,cve_2026_to_now,2026-09-18T12:02:19+00:00
CVE-2026-69360,updated,2026-09-17,cve_2026_to_now,2026-09-18T12:02:19+00:00
CVE-2026-69361,updated,2026-09-17,cve_2026_to_now,2026-09-18T12:02:19+00:00
CVE-2026-69362,updated,2026-09-17,cve_2026_to_now,2026-09-18T12:02:19+00:00
CVE-2026-69364,updated,2026-09-17,cve_2026_to_now,2026-09-18T12:02:19+00:00
CVE-2026-69365,updated,2026-09-17,cve_2026_to_now,2026-09-18T12:02:19+00:00
CVE-2026-69366,updated,2026-09-17,cve_2026_to_now,2026-09-18T12:02:19+00:00
CVE-2026-69367,updated,2026-09-17,cve_2026_to_now,2026-09-18T12:02:19+00:00
CVE-2026-69368,updated,2026-09-17,cve_2026_to_now,2026-09-18T12:02:19+00:00
CVE-2026-69369,updated,2026-09-17,cve_2026_to_now,2026-09-18T12:02:19+00:00
CVE-2026-69371,updated,2026-09-17,cve_2026_to_now,2026-09-18T12:02:19+00:00
CVE-2026-69372,updated,2026-09-17,cve_2026_to_now,2026-09-18T12:02:19+00:00
CVE-2026-69373,updated,2026-09-17,cve_2026_to_now,2026-09-18T12:02:19+00:00
CVE-2026-69374,updated,2026-09-17,cve_2026_to_now,2026-09-18T12:02:19+00:00
CVE-2026-69375,updated,2026-09-17,cve_2026_to_now,2026-09-18T12:02:19+00:00
CVE-2026-69376,updated,2026-09-17,cve_2026_to_now,2026-09-18T12:02:19+00:00
CVE-2026-69377,updated,2026-09-17,cve_2026_to_now,2026-09-18T12:02:19+00:00
CVE-2026-69378,updated,2026-09-17,cve_2026_to_now,2026-09-18T12:02:19+00:00
CVE-2026-69379,updated,2026-09-17,cve_2026_to_now,2026-09-18T12:02:19+00:00
CVE-2026-69380,updated,2026-09-17,cve_2026_to_now,2026-09-18T12:02:19+00:00
CVE-2026-69381,updated,2026-09-17,cve_2026_to_now,2026-09-18T12:02:19+00:00
CVE-2026-69382,updated,2026-09-17,cve_2026_to_now,2026-09-18T12:02:19+00:00
CVE-2026-69383,updated,2026-09-17,cve_2026_to_now,2026-09-18T12:02:19+00:00
CVE-2026-69384,updated,2026-09-17,cve_2026_to_now,2026-09-18T12:02:19+00:00
CVE-2026-69385,updated,2026-09-17,cve_2026_to_now,2026-09-18T12:02:19+00:00
CVE-2026-69386,updated,2026-09-17,cve_2026_to_now,2026-09-18T12:02:19+00:00
CVE-2026-69388,updated,2026-09-17,cve_2026_to_now,2026-09-18T12:02:19+00:00
CVE-2026-69389,updated,2026-09-17,cve_2026_to_now,2026-09-18T12:02:19+00:00
CVE-2026-69390,updated,2026-09-17,cve_2026_to_now,2026-09-18T12:02:19+00:00
CVE-2026-69391,updated,2026-09-17,cve_2026_to_now,2026-09-18T12:02:19+00:00
CVE-2026-69392,updated,2026-09-17,cve_2026_to_now,2026-09-18T12:02:19+00:00
CVE-2026-69393,updated,2026-09-17,cve_2026_to_now,2026-09-18T12:02:19+00:00
CVE-2026-69394,updated,2026-09-17,cve_2026_to_now,2026-09-18T12:02:19+00:00
CVE-2026-69395,updated,2026-09-17,cve_2026_to_now,2026-09-18T12:02:19+00:00
CVE-2026-69396,updated,2026-09-17,cve_2026_to_now,2026-09-18T12:02:19+00:00
CVE-2026-69397,updated,2026-09-17,cve_2026_to_now,2026-09-18T12:02:19+00:00
CVE-2026-69398,updated,2026-09-17,cve_2026_to_now,2026-09-18T12:02:19+00:00
CVE-2026-69399,added,,cve_2026_to_now,2026-09-18T12:02:19+00:00
CVE-2026-69401,updated,2026-09-17,cve_2026_to_now,2026-09-18T12:02:19+00:00
CVE-2026-69402,updated,2026-09-17,cve_2026_to_now,2026-09-18T12:02:19+00:00
CVE-2026-69403,updated,2026-09-17,cve_2026_to_now,2026-09-18T12:02:19+00:00
CVE-2026-69404,updated,2026-09-17,cve_2026_to_now,2026-09-18T12:02:19+00:00
CVE-2026-69405,updated,2026-09-17,cve_2026_to_now,2026-09-18T12:02:19+00:00
CVE-2026-69406,updated,2026-09-17,cve_2026_to_now,2026-09-18T12:02:19+00:00
CVE-2026-69407,updated,2026-09-17,cve_2026_to_now,2026-09-18T12:02:19+00:00
CVE-2026-69408,updated,2026-09-17,cve_2026_to_now,2026-09-18T12:02:19+00:00
CVE-2026-69409,updated,2026-09-17,cve_2026_to_now,2026-09-18T12:02:19+00:00
CVE-2026-69410,updated,2026-09-17,cve_2026_to_now,2026-09-18T12:02:19+00:00
CVE-2026-69412,updated,2026-09-17,cve_2026_to_now,2026-09-18T12:02:19+00:00
CVE-2026-69413,updated,2026-09-17,cve_2026_to_now,2026-09-18T12:02:19+00:00
CVE-2026-69415,updated,2026-09-17,cve_2026_to_now,2026-09-18T12:02:19+00:00
CVE-2026-69416,updated,2026-09-17,cve_2026_to_now,2026-09-18T12:02:19+00:00
CVE-2026-69417,updated,2026-09-17,cve_2026_to_now,2026-09-18T12:02:19+00:00
CVE-2026-69418,updated,2026-09-17,cve_2026_to_now,2026-09-18T12:02:19+00:00
CVE-2026-69420,updated,2026-09-17,cve_2026_to_now,2026-09-18T12:02:19+00:00
CVE-2026-69421,updated,2026-09-17,cve_2026_to_now,2026-09-18T12:02:19+00:00
CVE-2026-69422,updated,2026-09-17,cve_2026_to_now,2026-09-18T12:02:19+00:00
CVE-2026-69423,updated,2026-09-17,cve_2026_to_now,2026-09-18T12:02:19+00:00
CVE-2026-69424,updated,2026-09-17,cve_2026_to_now,2026-09-18T12:02:19+00:00
CVE-2026-69425,updated,2026-09-17,cve_2026_to_now,2026-09-18T12:02:19+00:00
CVE-2026-69426,updated,2026-09-17,cve_2026_to_now,2026-09-18T12:02:19+00:00
CVE-2026-69427,updated,2026-09-17,cve_2026_to_now,2026-09-18T12:02:19+00:00
CVE-2026-69428,updated,2026-09-17,cve_2026_to_now,2026-09-18T12:02:19+00:00
CVE-2026-69429,updated,2026-09-17,cve_2026_to_now,2026-09-18T12:02:19+00:00
CVE-2026-69430,updated,2026-09-17,cve_2026_to_now,2026-09-18T12:02:19+00:00
CVE-2026-69431,updated,2026-09-17,cve_2026_to_now,2026-09-18T12:02:19+00:00
CVE-2026-69432,updated,2026-09-17,cve_2026_to_now,2026-09-18T12:02:19+00:00
CVE-2026-69433,updated,2026-09-17,cve_2026_to_now,2026-09-18T12:02:19+00:00
CVE-2026-69434,updated,2026-09-17,cve_2026_to_now,2026-09-18T12:02:19+00:00
CVE-2026-69436,updated,2026-09-17,cve_2026_to_now,2026-09-18T12:02:19+00:00
CVE-2026-69438,updated,2026-09-17,cve_2026_to_now,2026-09-18T12:02:19+00:00
CVE-2026-69439,updated,2026-09-17,cve_2026_to_now,2026-09-18T12:02:19+00:00
CVE-2026-69440,updated,2026-09-17,cve_2026_to_now,2026-09-18T12:02:19+00:00
CVE-2026-69441,updated,2026-09-17,cve_2026_to_now,2026-09-18T12:02:19+00:00
CVE-2026-69442,updated,2026-09-17,cve_2026_to_now,2026-09-18T12:02:19+00:00
CVE-2026-69443,updated,2026-09-17,cve_2026_to_now,2026-09-18T12:02:19+00:00
CVE-2026-69444,updated,2026-09-17,cve_2026_to_now,2026-09-18T12:02:19+00:00
CVE-2026-69445,updated,2026-09-17,cve_2026_to_now,2026-09-18T12:02:19+00:00
CVE-2026-69447,updated,2026-09-17,cve_2026_to_now,2026-09-18T12:02:19+00:00
CVE-2026-69448,updated,2026-09-17,cve_2026_to_now,2026-09-18T12:02:19+00:00
CVE-2026-69449,updated,2026-09-17,cve_2026_to_now,2026-09-18T12:02:19+00:00
CVE-2026-69450,updated,2026-09-17,cve_2026_to_now,2026-09-18T12:02:19+00:00
CVE-2026-69451,updated,2026-09-17,cve_2026_to_now,2026-09-18T12:02:19+00:00
CVE-2026-69453,updated,2026-09-17,cve_2026_to_now,2026-09-18T12:02:19+00:00
CVE-2026-69455,updated,2026-09-17,cve_2026_to_now,2026-09-18T12:02:19+00:00
CVE-2026-69456,updated,2026-09-17,cve_2026_to_now,2026-09-18T12:02:19+00:00
CVE-2026-69457,updated,2026-09-17,cve_2026_to_now,2026-09-18T12:02:19+00:00
CVE-2026-69458,updated,2026-09-17,cve_2026_to_now,2026-09-18T12:02:19+00:00
CVE-2026-69459,updated,2026-09-17,cve_2026_to_now,2026-09-18T12:02:19+00:00
CVE-2026-69460,updated,2026-09-17,cve_2026_to_now,2026-09-18T12:02:19+00:00
CVE-2026-69461,updated,2026-09-17,cve_2026_to_now,2026-09-18T12:02:19+00:00
CVE-2026-69462,updated,2026-09-17,cve_2026_to_now,2026-09-18T12:02:19+00:00
CVE-2026-69463,updated,2026-09-17,cve_2026_to_now,2026-09-18T12:02:19+00:00
CVE-2026-69464,updated,2026-09-17,cve_2026_to_now,2026-09-18T12:02:19+00:00
CVE-2026-69465,updated,2026-09-17,cve_2026_to_now,2026-09-18T12:02:19+00:00
CVE-2026-69466,updated,2026-09-17,cve_2026_to_now,2026-09-18T12:02:19+00:00
CVE-2026-69467,updated,2026-09-17,cve_2026_to_now,2026-09-18T12:02:19+00:00
CVE-2026-69468,updated,2026-09-17,cve_2026_to_now,2026-09-18T12:02:19+00:00
CVE-2026-69469,updated,2026-09-17,cve_2026_to_now,2026-09-18T12:02:19+00:00
CVE-2026-69470,updated,2026-09-17,cve_2026_to_now,2026-09-18T12:02:19+00:00
CVE-2026-69472,updated,2026-09-17,cve_2026_to_now,2026-09-18T12:02:19+00:00
CVE-2026-69473,updated,2026-09-17,cve_2026_to_now,2026-09-18T12:02:19+00:00
CVE-2026-69474,updated,2026-09-17,cve_2026_to_now,2026-09-18T12:02:19+00:00
CVE-2026-69475,updated,2026-09-17,cve_2026_to_now,2026-09-18T12:02:19+00:00
CVE-2026-69476,updated,2026-09-17,cve_2026_to_now,2026-09-18T12:02:19+00:00
CVE-2026-69477,updated,2026-09-17,cve_2026_to_now,2026-09-18T12:02:19+00:00
CVE-2026-69478,updated,2026-09-17,cve_2026_to_now,2026-09-18T12:02:19+00:00
CVE-2026-69479,updated,2026-09-17,cve_2026_to_now,2026-09-18T12:02:19+00:00
CVE-2026-69480,updated,2026-09-17,cve_2026_to_now,2026-09-18T12:02:19+00:00
CVE-2026-69481,updated,2026-09-17,cve_2026_to_now,2026-09-18T12:02:19+00:00
CVE-2026-69482,updated,2026-09-17,cve_2026_to_now,2026-09-18T12:02:19+00:00
CVE-2026-69483,updated,2026-09-17,cve_2026_to_now,2026-09-18T12:02:19+00:00
CVE-2026-69485,updated,2026-09-17,cve_2026_to_now,2026-09-18T12:02:19+00:00
CVE-2026-69486,updated,2026-09-17,cve_2026_to_now,2026-09-18T12:02:19+00:00
CVE-2026-69488,updated,2026-09-17,cve_2026_to_now,2026-09-18T12:02:19+00:00
CVE-2026-69489,updated,2026-09-17,cve_2026_to_now,2026-09-18T12:02:19+00:00
CVE-2026-69490,updated,2026-09-17,cve_2026_to_now,2026-09-18T12:02:19+00:00
CVE-2026-69491,updated,2026-09-17,cve_2026_to_now,2026-09-18T12:02:19+00:00
CVE-2026-69492,updated,2026-09-17,cve_2026_to_now,2026-09-18T12:02:19+00:00
CVE-2026-69493,updated,2026-09-17,cve_2026_to_now,2026-09-18T12:02:19+00:00
CVE-2026-69494,updated,2026-09-17,cve_2026_to_now,2026-09-18T12:02:19+00:00
CVE-2026-69495,updated,2026-09-17,cve_2026_to_now,2026-09-18T12:02:19+00:00
CVE-2026-69496,updated,2026-09-17,cve_2026_to_now,2026-09-18T12:02:19+00:00
CVE-2026-69497,updated,2026-09-17,cve_2026_to_now,2026-09-18T12:02:19+00:00
CVE-2026-69498,updated,2026-09-17,cve_2026_to_now,2026-09-18T12:02:19+00:00
CVE-2026-69499,updated,2026-09-17,cve_2026_to_now,2026-09-18T12:02:19+00:00
CVE-2026-69500,updated,2026-09-17,cve_2026_to_now,2026-09-18T12:02:19+00:00
CVE-2026-69501,updated,2026-09-17,cve_2026_to_now,2026-09-18T12:02:19+00:00
CVE-2026-69503,updated,2026-09-17,cve_2026_to_now,2026-09-18T12:02:19+00:00
CVE-2026-69504,updated,2026-09-17,cve_2026_to_now,2026-09-18T12:02:19+00:00
CVE-2026-69505,updated,2026-09-17,cve_2026_to_now,2026-09-18T12:02:19+00:00
CVE-2026-69507,updated,2026-09-17,cve_2026_to_now,2026-09-18T12:02:19+00:00
CVE-2026-69508,updated,2026-09-17,cve_2026_to_now,2026-09-18T12:02:19+00:00
CVE-2026-69509,updated,2026-09-17,cve_2026_to_now,2026-09-18T12:02:19+00:00
CVE-2026-69510,updated,2026-09-17,cve_2026_to_now,2026-09-18T12:02:19+00:00
CVE-2026-69511,updated,2026-09-17,cve_2026_to_now,2026-09-18T12:02:19+00:00
CVE-2026-69512,updated,2026-09-17,cve_2026_to_now,2026-09-18T12:02:19+00:00
CVE-2026-69513,updated,2026-09-17,cve_2026_to_now,2026-09-18T12:02:19+00:00
CVE-2026-69514,updated,2026-09-17,cve_2026_to_now,2026-09-18T12:02:19+00:00
CVE-2026-69516,updated,2026-09-17,cve_2026_to_now,2026-09-18T12:02:19+00:00
CVE-2026-69517,updated,2026-09-17,cve_2026_to_now,2026-09-18T12:02:19+00:00
CVE-2026-69518,updated,2026-09-17,cve_2026_to_now,2026-09-18T12:02:19+00:00
CVE-2026-69522,updated,2026-09-17,cve_2026_to_now,2026-09-18T12:02:19+00:00
CVE-2026-69524,updated,2026-09-17,cve_2026_to_now,2026-09-18T12:02:19+00:00
CVE-2026-69525,updated,2026-09-17,cve_2026_to_now,2026-09-18T12:02:19+00:00
CVE-2026-69527,updated,2026-09-17,cve_2026_to_now,2026-09-18T12:02:19+00:00
CVE-2026-69528,updated,2026-09-17,cve_2026_to_now,2026-09-18T12:02:19+00:00
CVE-2026-69529,updated,2026-09-17,cve_2026_to_now,2026-09-18T12:02:19+00:00
CVE-2026-69530,updated,2026-09-17,cve_2026_to_now,2026-09-18T12:02:19+00:00
CVE-2026-69531,updated,2026-09-17,cve_2026_to_now,2026-09-18T12:02:19+00:00
CVE-2026-69532,updated,2026-09-17,cve_2026_to_now,2026-09-18T12:02:19+00:00
CVE-2026-69534,updated,2026-09-17,cve_2026_to_now,2026-09-18T12:02:19+00:00
CVE-2026-69535,updated,2026-09-17,cve_2026_to_now,2026-09-18T12:02:19+00:00
CVE-2026-69536,updated,2026-09-17,cve_2026_to_now,2026-09-18T12:02:19+00:00
CVE-2026-69538,updated,2026-09-17,cve_2026_to_now,2026-09-18T12:02:19+00:00
CVE-2026-69539,updated,2026-09-17,cve_2026_to_now,2026-09-18T12:02:19+00:00
CVE-2026-69540,updated,2026-09-17,cve_2026_to_now,2026-09-18T12:02:19+00:00
CVE-2026-69541,updated,2026-09-17,cve_2026_to_now,2026-09-18T12:02:19+00:00
CVE-2026-69542,updated,2026-09-17,cve_2026_to_now,2026-09-18T12:02:19+00:00
CVE-2026-69544,updated,2026-09-17,cve_2026_to_now,2026-09-18T12:02:19+00:00
CVE-2026-69546,updated,2026-09-17,cve_2026_to_now,2026-09-18T12:02:19+00:00
CVE-2026-69547,updated,2026-09-17,cve_2026_to_now,2026-09-18T12:02:19+00:00
CVE-2026-69548,updated,2026-09-17,cve_2026_to_now,2026-09-18T12:02:19+00:00
CVE-2026-69549,updated,2026-09-17,cve_2026_to_now,2026-09-18T12:02:19+00:00
CVE-2026-69551,updated,2026-09-17,cve_2026_to_now,2026-09-18T12:02:19+00:00
CVE-2026-69552,updated,2026-09-17,cve_2026_to_now,2026-09-18T12:02:19+00:00
CVE-2026-69553,updated,2026-09-17,cve_2026_to_now,2026-09-18T12:02:19+00:00
CVE-2026-69554,updated,2026-09-17,cve_2026_to_now,2026-09-18T12:02:19+00:00
CVE-2026-69556,updated,2026-09-17,cve_2026_to_now,2026-09-18T12:02:19+00:00
CVE-2026-69559,updated,2026-09-17,cve_2026_to_now,2026-09-18T12:02:19+00:00
CVE-2026-69560,updated,2026-09-17,cve_2026_to_now,2026-09-18T12:02:19+00:00
CVE-2026-69561,updated,2026-09-17,cve_2026_to_now,2026-09-18T12:02:19+00:00
CVE-2026-69562,updated,2026-09-17,cve_2026_to_now,2026-09-18T12:02:19+00:00
CVE-2026-69563,updated,2026-09-17,cve_2026_to_now,2026-09-18T12:02:19+00:00
CVE-2026-69564,updated,2026-09-17,cve_2026_to_now,2026-09-18T12:02:19+00:00
CVE-2026-69566,updated,2026-09-17,cve_2026_to_now,2026-09-18T12:02:19+00:00
CVE-2026-69567,updated,2026-09-17,cve_2026_to_now,2026-09-18T12:02:19+00:00
CVE-2026-69568,updated,2026-09-17,cve_2026_to_now,2026-09-18T12:02:19+00:00
CVE-2026-69569,updated,2026-09-17,cve_2026_to_now,2026-09-18T12:02:19+00:00
CVE-2026-69571,updated,2026-09-17,cve_2026_to_now,2026-09-18T12:02:19+00:00
CVE-2026-69572,updated,2026-09-17,cve_2026_to_now,2026-09-18T12:02:19+00:00
CVE-2026-69573,updated,2026-09-17,cve_2026_to_now,2026-09-18T12:02:19+00:00
CVE-2026-69574,updated,2026-09-17,cve_2026_to_now,2026-09-18T12:02:19+00:00
CVE-2026-69575,updated,2026-09-17,cve_2026_to_now,2026-09-18T12:02:19+00:00
CVE-2026-69576,updated,2026-09-17,cve_2026_to_now,2026-09-18T12:02:19+00:00
CVE-2026-69578,updated,2026-09-17,cve_2026_to_now,2026-09-18T12:02:19+00:00
CVE-2026-69579,updated,2026-09-17,cve_2026_to_now,2026-09-18T12:02:19+00:00
CVE-2026-69580,updated,2026-09-17,cve_2026_to_now,2026-09-18T12:02:19+00:00
CVE-2026-69581,updated,2026-09-17,cve_2026_to_now,2026-09-18T12:02:19+00:00
CVE-2026-69582,updated,2026-09-17,cve_2026_to_now,2026-09-18T12:02:19+00:00
CVE-2026-69583,updated,2026-09-17,cve_2026_to_now,2026-09-18T12:02:19+00:00
CVE-2026-69584,updated,2026-09-17,cve_2026_to_now,2026-09-18T12:02:19+00:00
CVE-2026-69585,updated,2026-09-17,cve_2026_to_now,2026-09-18T12:02:19+00:00
CVE-2026-69586,updated,2026-09-17,cve_2026_to_now,2026-09-18T12:02:19+00:00
CVE-2026-69587,updated,2026-09-17,cve_2026_to_now,2026-09-18T12:02:19+00:00
CVE-2026-69588,updated,2026-09-17,cve_2026_to_now,2026-09-18T12:02:19+00:00
CVE-2026-69589,updated,2026-09-17,cve_2026_to_now,2026-09-18T12:02:19+00:00
CVE-2026-69590,updated,2026-09-17,cve_2026_to_now,2026-09-18T12:02:19+00:00
CVE-2026-69591,updated,2026-09-17,cve_2026_to_now,2026-09-18T12:02:19+00:00
CVE-2026-69592,updated,2026-09-17,cve_2026_to_now,2026-09-18T12:02:19+00:00
CVE-2026-69593,updated,2026-09-17,cve_2026_to_now,2026-09-18T12:02:19+00:00
CVE-2026-69594,updated,2026-09-17,cve_2026_to_now,2026-09-18T12:02:19+00:00
CVE-2026-69595,updated,2026-09-17,cve_2026_to_now,2026-09-18T12:02:19+00:00
CVE-2026-69597,updated,2026-09-17,cve_2026_to_now,2026-09-18T12:02:19+00:00
CVE-2026-69598,updated,2026-09-17,cve_2026_to_now,2026-09-18T12:02:19+00:00
CVE-2026-69599,updated,2026-09-17,cve_2026_to_now,2026-09-18T12:02:19+00:00
CVE-2026-69600,updated,2026-09-17,cve_2026_to_now,2026-09-18T12:02:19+00:00
CVE-2026-69601,updated,2026-09-17,cve_2026_to_now,2026-09-18T12:02:19+00:00
CVE-2026-69602,updated,2026-09-17,cve_2026_to_now,2026-09-18T12:02:19+00:00
CVE-2026-69603,updated,2026-09-17,cve_2026_to_now,2026-09-18T12:02:19+00:00
CVE-2026-69604,updated,2026-09-17,cve_2026_to_now,2026-09-18T12:02:19+00:00
CVE-2026-69605,updated,2026-09-17,cve_2026_to_now,2026-09-18T12:02:19+00:00
CVE-2026-69606,updated,2026-09-17,cve_2026_to_now,2026-09-18T12:02:19+00:00
CVE-2026-69607,updated,2026-09-17,cve_2026_to_now,2026-09-18T12:02:19+00:00
CVE-2026-69608,updated,2026-09-17,cve_2026_to_now,2026-09-18T12:02:19+00:00
CVE-2026-69609,updated,2026-09-17,cve_2026_to_now,2026-09-18T12:02:19+00:00
CVE-2026-69610,updated,2026-09-17,cve_2026_to_now,2026-09-18T12:02:19+00:00
CVE-2026-69611,updated,2026-09-17,cve_2026_to_now,2026-09-18T12:02:19+00:00
CVE-2026-69612,updated,2026-09-17,cve_2026_to_now,2026-09-18T12:02:19+00:00
CVE-2026-69613,updated,2026-09-17,cve_2026_to_now,2026-09-18T12:02:19+00:00
CVE-2026-69614,updated,2026-09-17,cve_2026_to_now,2026-09-18T12:02:19+00:00
CVE-2026-69615,updated,2026-09-17,cve_2026_to_now,2026-09-18T12:02:19+00:00
CVE-2026-69616,updated,2026-09-17,cve_2026_to_now,2026-09-18T12:02:19+00:00
CVE-2026-69617,updated,2026-09-17,cve_2026_to_now,2026-09-18T12:02:19+00:00
CVE-2026-69618,updated,2026-09-17,cve_2026_to_now,2026-09-18T12:02:19+00:00
CVE-2026-69619,updated,2026-09-17,cve_2026_to_now,2026-09-18T12:02:19+00:00
CVE-2026-69620,updated,2026-09-17,cve_2026_to_now,2026-09-18T12:02:19+00:00
CVE-2026-69621,updated,2026-09-17,cve_2026_to_now,2026-09-18T12:02:19+00:00
CVE-2026-69623,updated,2026-09-17,cve_2026_to_now,2026-09-18T12:02:19+00:00
CVE-2026-69624,updated,2026-09-17,cve_2026_to_now,2026-09-18T12:02:19+00:00
CVE-2026-69625,updated,2026-09-17,cve_2026_to_now,2026-09-18T12:02:19+00:00
CVE-2026-69626,updated,2026-09-17,cve_2026_to_now,2026-09-18T12:02:19+00:00
CVE-2026-69627,updated,2026-09-17,cve_2026_to_now,2026-09-18T12:02:19+00:00
CVE-2026-69628,updated,2026-09-17,cve_2026_to_now,2026-09-18T12:02:19+00:00
CVE-2026-69629,updated,2026-09-17,cve_2026_to_now,2026-09-18T12:02:19+00:00
CVE-2026-69630,updated,2026-09-17,cve_2026_to_now,2026-09-18T12:02:19+00:00
CVE-2026-69631,updated,2026-09-17,cve_2026_to_now,2026-09-18T12:02:19+00:00
CVE-2026-69632,updated,2026-09-17,cve_2026_to_now,2026-09-18T12:02:19+00:00
CVE-2026-69636,updated,2026-09-17,cve_2026_to_now,2026-09-18T12:02:19+00:00
CVE-2026-69637,updated,2026-09-17,cve_2026_to_now,2026-09-18T12:02:19+00:00
CVE-2026-69638,updated,2026-09-17,cve_2026_to_now,2026-09-18T12:02:19+00:00
CVE-2026-69641,updated,2026-09-17,cve_2026_to_now,2026-09-18T12:02:19+00:00
CVE-2026-69642,updated,2026-09-17,cve_2026_to_now,2026-09-18T12:02:19+00:00
CVE-2026-69643,updated,2026-09-17,cve_2026_to_now,2026-09-18T12:02:19+00:00
CVE-2026-69645,updated,2026-09-17,cve_2026_to_now,2026-09-18T12:02:19+00:00
CVE-2026-69646,updated,2026-09-17,cve_2026_to_now,2026-09-18T12:02:19+00:00
CVE-2026-69648,updated,2026-09-17,cve_2026_to_now,2026-09-18T12:02:19+00:00
CVE-2026-69649,updated,2026-09-17,cve_2026_to_now,2026-09-18T12:02:19+00:00
CVE-2026-69652,updated,2026-09-17,cve_2026_to_now,2026-09-18T12:02:19+00:00
CVE-2026-69654,updated,2026-09-17,cve_2026_to_now,2026-09-18T12:02:19+00:00
CVE-2026-69669,updated,2026-09-17,cve_2026_to_now,2026-09-18T12:02:19+00:00
CVE-2026-69671,updated,2026-09-17,cve_2026_to_now,2026-09-18T12:02:19+00:00
CVE-2026-69672,updated,2026-09-17,cve_2026_to_now,2026-09-18T12:02:19+00:00
CVE-2026-69674,updated,2026-09-17,cve_2026_to_now,2026-09-18T12:02:19+00:00
CVE-2026-69676,updated,2026-09-17,cve_2026_to_now,2026-09-18T12:02:19+00:00
CVE-2026-69678,updated,2026-09-17,cve_2026_to_now,2026-09-18T12:02:19+00:00
CVE-2026-69679,updated,2026-09-17,cve_2026_to_now,2026-09-18T12:02:19+00:00
CVE-2026-69680,updated,2026-09-17,cve_2026_to_now,2026-09-18T12:02:19+00:00
CVE-2026-69681,updated,2026-09-17,cve_2026_to_now,2026-09-18T12:02:19+00:00
CVE-2026-69682,updated,2026-09-17,cve_2026_to_now,2026-09-18T12:02:19+00:00
CVE-2026-69683,updated,2026-09-17,cve_2026_to_now,2026-09-18T12:02:19+00:00
CVE-2026-69684,updated,2026-09-17,cve_2026_to_now,2026-09-18T12:02:19+00:00
CVE-2026-69685,updated,2026-09-17,cve_2026_to_now,2026-09-18T12:02:19+00:00
CVE-2026-69686,updated,2026-09-17,cve_2026_to_now,2026-09-18T12:02:19+00:00
CVE-2026-69687,updated,2026-09-17,cve_2026_to_now,2026-09-18T12:02:19+00:00
CVE-2026-69688,updated,2026-09-17,cve_2026_to_now,2026-09-18T12:02:19+00:00
CVE-2026-69689,updated,2026-09-17,cve_2026_to_now,2026-09-18T12:02:19+00:00
CVE-2026-69690,updated,2026-09-17,cve_2026_to_now,2026-09-18T12:02:19+00:00
CVE-2026-69691,updated,2026-09-17,cve_2026_to_now,2026-09-18T12:02:19+00:00
CVE-2026-69692,updated,2026-09-17,cve_2026_to_now,2026-09-18T12:02:19+00:00
CVE-2026-69693,updated,2026-09-17,cve_2026_to_now,2026-09-18T12:02:19+00:00
CVE-2026-69694,updated,2026-09-17,cve_2026_to_now,2026-09-18T12:02:19+00:00
CVE-2026-69706,updated,2026-09-17,cve_2026_to_now,2026-09-18T12:02:19+00:00
CVE-2026-69707,updated,2026-09-17,cve_2026_to_now,2026-09-18T12:02:19+00:00
CVE-2026-69708,updated,2026-09-17,cve_2026_to_now,2026-09-18T12:02:19+00:00
CVE-2026-69709,updated,2026-09-17,cve_2026_to_now,2026-09-18T12:02:19+00:00
CVE-2026-69710,updated,2026-09-17,cve_2026_to_now,2026-09-18T12:02:19+00:00
CVE-2026-69711,updated,2026-09-17,cve_2026_to_now,2026-09-18T12:02:19+00:00
CVE-2026-69712,updated,2026-09-17,cve_2026_to_now,2026-09-18T12:02:19+00:00
CVE-2026-69713,updated,2026-09-17,cve_2026_to_now,2026-09-18T12:02:19+00:00
CVE-2026-69714,updated,2026-09-17,cve_2026_to_now,2026-09-18T12:02:19+00:00
CVE-2026-69715,updated,2026-09-17,cve_2026_to_now,2026-09-18T12:02:19+00:00
CVE-2026-69716,updated,2026-09-17,cve_2026_to_now,2026-09-18T12:02:19+00:00
CVE-2026-69717,updated,2026-09-17,cve_2026_to_now,2026-09-18T12:02:19+00:00
CVE-2026-69719,updated,2026-09-17,cve_2026_to_now,2026-09-18T12:02:19+00:00
CVE-2026-69720,updated,2026-09-17,cve_2026_to_now,2026-09-18T12:02:19+00:00
CVE-2026-69722,updated,2026-09-17,cve_2026_to_now,2026-09-18T12:02:19+00:00
CVE-2026-69723,updated,2026-09-17,cve_2026_to_now,2026-09-18T12:02:19+00:00
CVE-2026-69724,updated,2026-09-17,cve_2026_to_now,2026-09-18T12:02:19+00:00
CVE-2026-69725,updated,2026-09-17,cve_2026_to_now,2026-09-18T12:02:19+00:00
CVE-2026-69727,updated,2026-09-17,cve_2026_to_now,2026-09-18T12:02:19+00:00
CVE-2026-69729,updated,2026-09-17,cve_2026_to_now,2026-09-18T12:02:19+00:00
CVE-2026-69730,updated,2026-09-17,cve_2026_to_now,2026-09-18T12:02:19+00:00
CVE-2026-69731,updated,2026-09-17,cve_2026_to_now,2026-09-18T12:02:19+00:00
CVE-2026-69732,updated,2026-09-17,cve_2026_to_now,2026-09-18T12:02:19+00:00
CVE-2026-69734,updated,2026-09-17,cve_2026_to_now,2026-09-18T12:02:19+00:00
CVE-2026-69735,updated,2026-09-17,cve_2026_to_now,2026-09-18T12:02:19+00:00
CVE-2026-69738,updated,2026-09-17,cve_2026_to_now,2026-09-18T12:02:19+00:00
CVE-2026-69739,updated,2026-09-17,cve_2026_to_now,2026-09-18T12:02:19+00:00
CVE-2026-69740,updated,2026-09-17,cve_2026_to_now,2026-09-18T12:02:19+00:00
CVE-2026-69741,updated,2026-09-17,cve_2026_to_now,2026-09-18T12:02:19+00:00
CVE-2026-69742,updated,2026-09-17,cve_2026_to_now,2026-09-18T12:02:19+00:00
CVE-2026-69744,updated,2026-09-17,cve_2026_to_now,2026-09-18T12:02:19+00:00
CVE-2026-69757,updated,2026-09-17,cve_2026_to_now,2026-09-18T12:02:19+00:00
CVE-2026-69758,updated,2026-09-17,cve_2026_to_now,2026-09-18T12:02:19+00:00
CVE-2026-69759,updated,2026-09-17,cve_2026_to_now,2026-09-18T12:02:19+00:00
CVE-2026-69760,updated,2026-09-17,cve_2026_to_now,2026-09-18T12:02:19+00:00
CVE-2026-69761,updated,2026-09-17,cve_2026_to_now,2026-09-18T12:02:19+00:00
CVE-2026-69762,updated,2026-09-17,cve_2026_to_now,2026-09-18T12:02:19+00:00
CVE-2026-69764,updated,2026-09-17,cve_2026_to_now,2026-09-18T12:02:19+00:00
CVE-2026-69767,updated,2026-09-17,cve_2026_to_now,2026-09-18T12:02:19+00:00
CVE-2026-69768,updated,2026-09-17,cve_2026_to_now,2026-09-18T12:02:19+00:00
CVE-2026-69769,updated,2026-09-17,cve_2026_to_now,2026-09-18T12:02:19+00:00
CVE-2026-69770,updated,2026-09-17,cve_2026_to_now,2026-09-18T12:02:19+00:00
CVE-2026-69771,updated,2026-09-17,cve_2026_to_now,2026-09-18T12:02:19+00:00
CVE-2026-69772,updated,2026-09-17,cve_2026_to_now,2026-09-18T12:02:19+00:00
CVE-2026-69773,updated,2026-09-17,cve_2026_to_now,2026-09-18T12:02:19+00:00
CVE-2026-69775,updated,2026-09-17,cve_2026_to_now,2026-09-18T12:02:19+00:00
CVE-2026-69777,updated,2026-09-17,cve_2026_to_now,2026-09-18T12:02:19+00:00
CVE-2026-69778,updated,2026-09-17,cve_2026_to_now,2026-09-18T12:02:19+00:00
CVE-2026-69779,updated,2026-09-17,cve_2026_to_now,2026-09-18T12:02:19+00:00
CVE-2026-69781,updated,2026-09-17,cve_2026_to_now,2026-09-18T12:02:19+00:00
CVE-2026-69782,updated,2026-09-17,cve_2026_to_now,2026-09-18T12:02:19+00:00
CVE-2026-69784,updated,2026-09-17,cve_2026_to_now,2026-09-18T12:02:19+00:00
CVE-2026-69785,updated,2026-09-17,cve_2026_to_now,2026-09-18T12:02:19+00:00
CVE-2026-69786,updated,2026-09-17,cve_2026_to_now,2026-09-18T12:02:19+00:00
CVE-2026-69787,updated,2026-09-17,cve_2026_to_now,2026-09-18T12:02:19+00:00
CVE-2026-69790,updated,2026-09-17,cve_2026_to_now,2026-09-18T12:02:19+00:00
CVE-2026-69791,updated,2026-09-17,cve_2026_to_now,2026-09-18T12:02:19+00:00
CVE-2026-69792,updated,2026-09-17,cve_2026_to_now,2026-09-18T12:02:19+00:00
CVE-2026-69793,updated,2026-09-17,cve_2026_to_now,2026-09-18T12:02:19+00:00
CVE-2026-69794,updated,2026-09-17,cve_2026_to_now,2026-09-18T12:02:19+00:00
CVE-2026-69797,updated,2026-09-17,cve_2026_to_now,2026-09-18T12:02:19+00:00
CVE-2026-69799,updated,2026-09-17,cve_2026_to_now,2026-09-18T12:02:19+00:00
CVE-2026-69801,updated,2026-09-17,cve_2026_to_now,2026-09-18T12:02:19+00:00
CVE-2026-69803,updated,2026-09-17,cve_2026_to_now,2026-09-18T12:02:19+00:00
CVE-2026-69804,updated,2026-09-17,cve_2026_to_now,2026-09-18T12:02:19+00:00
CVE-2026-69805,updated,2026-09-17,cve_2026_to_now,2026-09-18T12:02:19+00:00
CVE-2026-69806,updated,2026-09-17,cve_2026_to_now,2026-09-18T12:02:19+00:00
CVE-2026-69807,updated,2026-09-17,cve_2026_to_now,2026-09-18T12:02:19+00:00
CVE-2026-69808,updated,2026-09-17,cve_2026_to_now,2026-09-18T12:02:19+00:00
CVE-2026-69809,updated,2026-09-17,cve_2026_to_now,2026-09-18T12:02:19+00:00
CVE-2026-69813,updated,2026-09-17,cve_2026_to_now,2026-09-18T12:02:19+00:00
CVE-2026-69814,updated,2026-09-17,cve_2026_to_now,2026-09-18T12:02:19+00:00
CVE-2026-69816,updated,2026-09-17,cve_2026_to_now,2026-09-18T12:02:19+00:00
CVE-2026-69817,updated,2026-09-17,cve_2026_to_now,2026-09-18T12:02:19+00:00
CVE-2026-69818,updated,2026-09-17,cve_2026_to_now,2026-09-18T12:02:19+00:00
CVE-2026-69819,updated,2026-09-17,cve_2026_to_now,2026-09-18T12:02:19+00:00
CVE-2026-69820,updated,2026-09-17,cve_2026_to_now,2026-09-18T12:02:19+00:00
CVE-2026-69821,updated,2026-09-17,cve_2026_to_now,2026-09-18T12:02:19+00:00
CVE-2026-69822,updated,2026-09-17,cve_2026_to_now,2026-09-18T12:02:19+00:00
CVE-2026-69824,updated,2026-09-17,cve_2026_to_now,2026-09-18T12:02:19+00:00
CVE-2026-69826,updated,2026-09-17,cve_2026_to_now,2026-09-18T12:02:19+00:00
CVE-2026-69827,updated,2026-09-17,cve_2026_to_now,2026-09-18T12:02:19+00:00
CVE-2026-69829,updated,2026-09-17,cve_2026_to_now,2026-09-18T12:02:19+00:00
CVE-2026-69832,updated,2026-09-17,cve_2026_to_now,2026-09-18T12:02:19+00:00
CVE-2026-69834,updated,2026-09-17,cve_2026_to_now,2026-09-18T12:02:19+00:00
CVE-2026-69838,updated,2026-09-17,cve_2026_to_now,2026-09-18T12:02:19+00:00
CVE-2026-69839,updated,2026-09-17,cve_2026_to_now,2026-09-18T12:02:19+00:00
CVE-2026-69841,updated,2026-09-17,cve_2026_to_now,2026-09-18T12:02:19+00:00
CVE-2026-69843,added,,cve_2026_to_now,2026-09-18T12:02:19+00:00
CVE-2026-69844,updated,2026-09-17,cve_2026_to_now,2026-09-18T12:02:19+00:00
CVE-2026-69845,updated,2026-09-17,cve_2026_to_now,2026-09-18T12:02:19+00:00
CVE-2026-69846,updated,2026-09-17,cve_2026_to_now,2026-09-18T12:02:19+00:00
CVE-2026-69847,updated,2026-09-17,cve_2026_to_now,2026-09-18T12:02:19+00:00
CVE-2026-69852,updated,2026-09-17,cve_2026_to_now,2026-09-18T12:02:19+00:00
CVE-2026-69853,updated,2026-09-17,cve_2026_to_now,2026-09-18T12:02:19+00:00
CVE-2026-69854,updated,2026-09-17,cve_2026_to_now,2026-09-18T12:02:19+00:00
CVE-2026-69857,updated,2026-09-17,cve_2026_to_now,2026-09-18T12:02:19+00:00
CVE-2026-69858,updated,2026-09-17,cve_2026_to_now,2026-09-18T12:02:19+00:00
CVE-2026-69859,updated,2026-09-17,cve_2026_to_now,2026-09-18T12:02:19+00:00
CVE-2026-69860,updated,2026-09-17,cve_2026_to_now,2026-09-18T12:02:19+00:00
CVE-2026-69862,updated,2026-09-17,cve_2026_to_now,2026-09-18T12:02:19+00:00
CVE-2026-69864,updated,2026-09-17,cve_2026_to_now,2026-09-18T12:02:19+00:00
CVE-2026-69865,added,,cve_2026_to_now,2026-09-18T12:02:19+00:00
CVE-2026-69866,updated,2026-09-17,cve_2026_to_now,2026-09-18T12:02:19+00:00
CVE-2026-69874,updated,2026-09-17,cve_2026_to_now,2026-09-18T12:02:19+00:00
CVE-2026-69875,updated,2026-09-17,cve_2026_to_now,2026-09-18T12:02:19+00:00
CVE-2026-69876,updated,2026-09-17,cve_2026_to_now,2026-09-18T12:02:19+00:00
CVE-2026-69878,updated,2026-09-17,cve_2026_to_now,2026-09-18T12:02:19+00:00
CVE-2026-69881,updated,2026-09-17,cve_2026_to_now,2026-09-18T12:02:19+00:00
CVE-2026-69889,updated,2026-09-17,cve_2026_to_now,2026-09-18T12:02:19+00:00
CVE-2026-69890,updated,2026-09-17,cve_2026_to_now,2026-09-18T12:02:19+00:00
CVE-2026-69891,updated,2026-09-17,cve_2026_to_now,2026-09-18T12:02:19+00:00
CVE-2026-69895,updated,2026-09-17,cve_2026_to_now,2026-09-18T12:02:19+00:00
CVE-2026-69896,updated,2026-09-17,cve_2026_to_now,2026-09-18T12:02:19+00:00
CVE-2026-69900,updated,2026-09-17,cve_2026_to_now,2026-09-18T12:02:19+00:00
CVE-2026-69904,updated,2026-09-17,cve_2026_to_now,2026-09-18T12:02:19+00:00
CVE-2026-69906,updated,2026-09-17,cve_2026_to_now,2026-09-18T12:02:19+00:00
CVE-2026-69907,updated,2026-09-17,cve_2026_to_now,2026-09-18T12:02:19+00:00
CVE-2026-69910,updated,2026-09-17,cve_2026_to_now,2026-09-18T12:02:19+00:00
CVE-2026-69911,updated,2026-09-17,cve_2026_to_now,2026-09-18T12:02:19+00:00
CVE-2026-69921,updated,2026-09-17,cve_2026_to_now,2026-09-18T12:02:19+00:00
CVE-2026-69929,updated,2026-09-17,cve_2026_to_now,2026-09-18T12:02:19+00:00
CVE-2026-69930,updated,2026-09-17,cve_2026_to_now,2026-09-18T12:02:19+00:00
CVE-2026-69989,updated,2026-09-17,cve_2026_to_now,2026-09-18T12:02:19+00:00
CVE-2026-70009,added,,cve_2026_to_now,2026-09-18T12:02:19+00:00
CVE-2026-70019,updated,2026-09-17,cve_2026_to_now,2026-09-18T12:02:19+00:00
CVE-2026-70065,updated,2026-09-17,cve_2026_to_now,2026-09-18T12:02:19+00:00
CVE-2026-70091,updated,2026-09-17,cve_2026_to_now,2026-09-18T12:02:19+00:00
CVE-2026-70124,updated,2026-09-17,cve_2026_to_now,2026-09-18T12:02:19+00:00
CVE-2026-70145,updated,2026-09-17,cve_2026_to_now,2026-09-18T12:02:19+00:00
CVE-2026-70178,updated,2026-09-17,cve_2026_to_now,2026-09-18T12:02:19+00:00
CVE-2026-70200,added,,cve_2026_to_now,2026-09-18T12:02:19+00:00
CVE-2026-70203,updated,2026-09-17,cve_2026_to_now,2026-09-18T12:02:19+00:00
CVE-2026-70283,updated,2026-09-17,cve_2026_to_now,2026-09-18T12:02:19+00:00
CVE-2026-70289,updated,2026-09-17,cve_2026_to_now,2026-09-18T12:02:19+00:00
CVE-2026-70290,updated,2026-09-17,cve_2026_to_now,2026-09-18T12:02:19+00:00
CVE-2026-70296,updated,2026-09-17,cve_2026_to_now,2026-09-18T12:02:19+00:00
CVE-2026-70334,updated,2026-09-17,cve_2026_to_now,2026-09-18T12:02:19+00:00
CVE-2026-70342,updated,2026-09-17,cve_2026_to_now,2026-09-18T12:02:19+00:00
CVE-2026-70351,updated,2026-09-17,cve_2026_to_now,2026-09-18T12:02:19+00:00
CVE-2026-70352,updated,2026-09-17,cve_2026_to_now,2026-09-18T12:02:19+00:00
CVE-2026-70469,updated,2026-09-17,cve_2026_to_now,2026-09-18T12:02:19+00:00
CVE-2026-70562,updated,2026-09-17,cve_2026_to_now,2026-09-18T12:02:19+00:00
CVE-2026-70563,updated,2026-09-17,cve_2026_to_now,2026-09-18T12:02:19+00:00
CVE-2026-70564,updated,2026-09-17,cve_2026_to_now,2026-09-18T12:02:19+00:00
CVE-2026-70565,updated,2026-09-17,cve_2026_to_now,2026-09-18T12:02:19+00:00
CVE-2026-70567,updated,2026-09-17,cve_2026_to_now,2026-09-18T12:02:19+00:00
CVE-2026-70568,updated,2026-09-17,cve_2026_to_now,2026-09-18T12:02:19+00:00
CVE-2026-70569,updated,2026-09-17,cve_2026_to_now,2026-09-18T12:02:19+00:00
CVE-2026-70570,updated,2026-09-17,cve_2026_to_now,2026-09-18T12:02:19+00:00
CVE-2026-70572,updated,2026-09-17,cve_2026_to_now,2026-09-18T12:02:19+00:00
CVE-2026-70573,updated,2026-09-17,cve_2026_to_now,2026-09-18T12:02:19+00:00
CVE-2026-70574,updated,2026-09-17,cve_2026_to_now,2026-09-18T12:02:19+00:00
CVE-2026-70575,updated,2026-09-17,cve_2026_to_now,2026-09-18T12:02:19+00:00
CVE-2026-70577,updated,2026-09-17,cve_2026_to_now,2026-09-18T12:02:19+00:00
CVE-2026-70578,updated,2026-09-17,cve_2026_to_now,2026-09-18T12:02:19+00:00
CVE-2026-70579,updated,2026-09-17,cve_2026_to_now,2026-09-18T12:02:19+00:00
CVE-2026-70581,updated,2026-09-17,cve_2026_to_now,2026-09-18T12:02:19+00:00
CVE-2026-70582,updated,2026-09-17,cve_2026_to_now,2026-09-18T12:02:19+00:00
CVE-2026-70583,updated,2026-09-17,cve_2026_to_now,2026-09-18T12:02:19+00:00
CVE-2026-70584,updated,2026-09-17,cve_2026_to_now,2026-09-18T12:02:19+00:00
CVE-2026-70585,updated,2026-09-17,cve_2026_to_now,2026-09-18T12:02:19+00:00
CVE-2026-70586,updated,2026-09-17,cve_2026_to_now,2026-09-18T12:02:19+00:00
CVE-2026-70587,updated,2026-09-17,cve_2026_to_now,2026-09-18T12:02:19+00:00
CVE-2026-71056,updated,2026-09-17,cve_2026_to_now,2026-09-18T12:02:19+00:00
CVE-2026-71059,updated,2026-09-17,cve_2026_to_now,2026-09-18T12:02:19+00:00
CVE-2026-71061,updated,2026-09-17,cve_2026_to_now,2026-09-18T12:02:19+00:00
CVE-2026-71063,updated,2026-09-17,cve_2026_to_now,2026-09-18T12:02:19+00:00
CVE-2026-71094,updated,2026-09-17,cve_2026_to_now,2026-09-18T12:02:19+00:00
CVE-2026-71097,updated,2026-09-17,cve_2026_to_now,2026-09-18T12:02:19+00:00
CVE-2026-71098,updated,2026-09-17,cve_2026_to_now,2026-09-18T12:02:19+00:00
CVE-2026-71099,updated,2026-09-17,cve_2026_to_now,2026-09-18T12:02:19+00:00
CVE-2026-71100,updated,2026-09-17,cve_2026_to_now,2026-09-18T12:02:19+00:00
CVE-2026-71328,updated,2026-09-17,cve_2026_to_now,2026-09-18T12:02:19+00:00
CVE-2026-71329,updated,2026-09-17,cve_2026_to_now,2026-09-18T12:02:19+00:00
CVE-2026-71330,updated,2026-09-17,cve_2026_to_now,2026-09-18T12:02:19+00:00
CVE-2026-71332,updated,2026-09-17,cve_2026_to_now,2026-09-18T12:02:19+00:00
CVE-2026-71333,updated,2026-09-17,cve_2026_to_now,2026-09-18T12:02:19+00:00
CVE-2026-71334,updated,2026-09-17,cve_2026_to_now,2026-09-18T12:02:19+00:00
CVE-2026-71336,updated,2026-09-17,cve_2026_to_now,2026-09-18T12:02:19+00:00
CVE-2026-71337,updated,2026-09-17,cve_2026_to_now,2026-09-18T12:02:19+00:00
CVE-2026-71338,updated,2026-09-17,cve_2026_to_now,2026-09-18T12:02:19+00:00
CVE-2026-71339,updated,2026-09-17,cve_2026_to_now,2026-09-18T12:02:19+00:00
CVE-2026-71340,updated,2026-09-17,cve_2026_to_now,2026-09-18T12:02:19+00:00
CVE-2026-71341,updated,2026-09-17,cve_2026_to_now,2026-09-18T12:02:19+00:00
CVE-2026-71342,updated,2026-09-17,cve_2026_to_now,2026-09-18T12:02:19+00:00
CVE-2026-71343,updated,2026-09-17,cve_2026_to_now,2026-09-18T12:02:19+00:00
CVE-2026-71345,updated,2026-09-17,cve_2026_to_now,2026-09-18T12:02:19+00:00
CVE-2026-71348,updated,2026-09-17,cve_2026_to_now,2026-09-18T12:02:19+00:00
CVE-2026-71349,updated,2026-09-17,cve_2026_to_now,2026-09-18T12:02:19+00:00
CVE-2026-71350,updated,2026-09-17,cve_2026_to_now,2026-09-18T12:02:19+00:00
CVE-2026-71351,updated,2026-09-17,cve_2026_to_now,2026-09-18T12:02:19+00:00
CVE-2026-71352,updated,2026-09-17,cve_2026_to_now,2026-09-18T12:02:19+00:00
CVE-2026-71353,updated,2026-09-17,cve_2026_to_now,2026-09-18T12:02:19+00:00
CVE-2026-71538,added,,cve_2026_to_now,2026-09-18T12:02:19+00:00
CVE-2026-71568,added,,cve_2026_to_now,2026-09-18T12:02:19+00:00
CVE-2026-72926,updated,2026-09-17,cve_2026_to_now,2026-09-18T12:02:19+00:00
CVE-2026-72927,updated,2026-09-17,cve_2026_to_now,2026-09-18T12:02:19+00:00
CVE-2026-72928,updated,2026-09-17,cve_2026_to_now,2026-09-18T12:02:19+00:00
CVE-2026-72929,updated,2026-09-17,cve_2026_to_now,2026-09-18T12:02:19+00:00
CVE-2026-72930,updated,2026-09-17,cve_2026_to_now,2026-09-18T12:02:19+00:00
CVE-2026-72931,updated,2026-09-17,cve_2026_to_now,2026-09-18T12:02:19+00:00
CVE-2026-72932,updated,2026-09-17,cve_2026_to_now,2026-09-18T12:02:19+00:00
CVE-2026-72933,updated,2026-09-17,cve_2026_to_now,2026-09-18T12:02:19+00:00
CVE-2026-72935,updated,2026-09-17,cve_2026_to_now,2026-09-18T12:02:19+00:00
CVE-2026-72936,updated,2026-09-17,cve_2026_to_now,2026-09-18T12:02:19+00:00
CVE-2026-72937,updated,2026-09-17,cve_2026_to_now,2026-09-18T12:02:19+00:00
CVE-2026-72938,updated,2026-09-17,cve_2026_to_now,2026-09-18T12:02:19+00:00
CVE-2026-72939,updated,2026-09-17,cve_2026_to_now,2026-09-18T12:02:19+00:00
CVE-2026-72940,updated,2026-09-17,cve_2026_to_now,2026-09-18T12:02:19+00:00
CVE-2026-72941,updated,2026-09-17,cve_2026_to_now,2026-09-18T12:02:19+00:00
CVE-2026-72942,updated,2026-09-17,cve_2026_to_now,2026-09-18T12:02:19+00:00
CVE-2026-72943,updated,2026-09-17,cve_2026_to_now,2026-09-18T12:02:19+00:00
CVE-2026-72944,updated,2026-09-17,cve_2026_to_now,2026-09-18T12:02:19+00:00
CVE-2026-72945,updated,2026-09-17,cve_2026_to_now,2026-09-18T12:02:19+00:00
CVE-2026-72946,updated,2026-09-17,cve_2026_to_now,2026-09-18T12:02:19+00:00
CVE-2026-72947,updated,2026-09-17,cve_2026_to_now,2026-09-18T12:02:19+00:00
CVE-2026-72948,updated,2026-09-17,cve_2026_to_now,2026-09-18T12:02:19+00:00
CVE-2026-72949,updated,2026-09-17,cve_2026_to_now,2026-09-18T12:02:19+00:00
CVE-2026-72950,updated,2026-09-17,cve_2026_to_now,2026-09-18T12:02:19+00:00
CVE-2026-72952,updated,2026-09-17,cve_2026_to_now,2026-09-18T12:02:19+00:00
CVE-2026-72953,updated,2026-09-17,cve_2026_to_now,2026-09-18T12:02:19+00:00
CVE-2026-72954,updated,2026-09-17,cve_2026_to_now,2026-09-18T12:02:19+00:00
CVE-2026-72956,updated,2026-09-17,cve_2026_to_now,2026-09-18T12:02:19+00:00
CVE-2026-72957,updated,2026-09-17,cve_2026_to_now,2026-09-18T12:02:19+00:00
CVE-2026-72958,updated,2026-09-17,cve_2026_to_now,2026-09-18T12:02:19+00:00
CVE-2026-72959,updated,2026-09-17,cve_2026_to_now,2026-09-18T12:02:19+00:00
CVE-2026-72960,updated,2026-09-17,cve_2026_to_now,2026-09-18T12:02:19+00:00
CVE-2026-72961,updated,2026-09-17,cve_2026_to_now,2026-09-18T12:02:19+00:00
CVE-2026-72962,updated,2026-09-17,cve_2026_to_now,2026-09-18T12:02:19+00:00
CVE-2026-72963,updated,2026-09-17,cve_2026_to_now,2026-09-18T12:02:19+00:00
CVE-2026-72964,updated,2026-09-17,cve_2026_to_now,2026-09-18T12:02:19+00:00
CVE-2026-72965,updated,2026-09-17,cve_2026_to_now,2026-09-18T12:02:19+00:00
CVE-2026-72966,updated,2026-09-17,cve_2026_to_now,2026-09-18T12:02:19+00:00
CVE-2026-72967,updated,2026-09-17,cve_2026_to_now,2026-09-18T12:02:19+00:00
CVE-2026-72972,updated,2026-09-17,cve_2026_to_now,2026-09-18T12:02:19+00:00
CVE-2026-72973,updated,2026-09-17,cve_2026_to_now,2026-09-18T12:02:19+00:00
CVE-2026-72974,updated,2026-09-17,cve_2026_to_now,2026-09-18T12:02:19+00:00
CVE-2026-72975,updated,2026-09-17,cve_2026_to_now,2026-09-18T12:02:19+00:00
CVE-2026-72976,updated,2026-09-17,cve_2026_to_now,2026-09-18T12:02:19+00:00
CVE-2026-72977,updated,2026-09-17,cve_2026_to_now,2026-09-18T12:02:19+00:00
CVE-2026-72978,updated,2026-09-17,cve_2026_to_now,2026-09-18T12:02:19+00:00
CVE-2026-72979,updated,2026-09-17,cve_2026_to_now,2026-09-18T12:02:19+00:00
CVE-2026-72980,updated,2026-09-17,cve_2026_to_now,2026-09-18T12:02:19+00:00
CVE-2026-72981,updated,2026-09-17,cve_2026_to_now,2026-09-18T12:02:19+00:00
CVE-2026-72982,updated,2026-09-17,cve_2026_to_now,2026-09-18T12:02:19+00:00
CVE-2026-72983,updated,2026-09-17,cve_2026_to_now,2026-09-18T12:02:19+00:00
CVE-2026-72985,updated,2026-09-17,cve_2026_to_now,2026-09-18T12:02:19+00:00
CVE-2026-72986,updated,2026-09-17,cve_2026_to_now,2026-09-18T12:02:19+00:00
CVE-2026-72987,updated,2026-09-17,cve_2026_to_now,2026-09-18T12:02:19+00:00
CVE-2026-72988,updated,2026-09-17,cve_2026_to_now,2026-09-18T12:02:19+00:00
CVE-2026-72989,updated,2026-09-17,cve_2026_to_now,2026-09-18T12:02:19+00:00
CVE-2026-72990,updated,2026-09-17,cve_2026_to_now,2026-09-18T12:02:19+00:00
CVE-2026-72991,updated,2026-09-17,cve_2026_to_now,2026-09-18T12:02:19+00:00
CVE-2026-72992,updated,2026-09-17,cve_2026_to_now,2026-09-18T12:02:19+00:00
CVE-2026-72993,updated,2026-09-17,cve_2026_to_now,2026-09-18T12:02:19+00:00
CVE-2026-72994,updated,2026-09-17,cve_2026_to_now,2026-09-18T12:02:19+00:00
CVE-2026-72995,updated,2026-09-17,cve_2026_to_now,2026-09-18T12:02:19+00:00
CVE-2026-72996,updated,2026-09-17,cve_2026_to_now,2026-09-18T12:02:19+00:00
CVE-2026-72997,updated,2026-09-17,cve_2026_to_now,2026-09-18T12:02:19+00:00
CVE-2026-72999,updated,2026-09-17,cve_2026_to_now,2026-09-18T12:02:19+00:00
CVE-2026-73000,updated,2026-09-17,cve_2026_to_now,2026-09-18T12:02:19+00:00
CVE-2026-73001,updated,2026-09-17,cve_2026_to_now,2026-09-18T12:02:19+00:00
CVE-2026-73002,updated,2026-09-17,cve_2026_to_now,2026-09-18T12:02:19+00:00
CVE-2026-73003,updated,2026-09-17,cve_2026_to_now,2026-09-18T12:02:19+00:00
CVE-2026-73004,updated,2026-09-17,cve_2026_to_now,2026-09-18T12:02:19+00:00
CVE-2026-73005,updated,2026-09-17,cve_2026_to_now,2026-09-18T12:02:19+00:00
CVE-2026-73006,updated,2026-09-17,cve_2026_to_now,2026-09-18T12:02:19+00:00
CVE-2026-73007,updated,2026-09-17,cve_2026_to_now,2026-09-18T12:02:19+00:00
CVE-2026-73008,updated,2026-09-17,cve_2026_to_now,2026-09-18T12:02:19+00:00
CVE-2026-73009,updated,2026-09-17,cve_2026_to_now,2026-09-18T12:02:19+00:00
CVE-2026-73010,updated,2026-09-17,cve_2026_to_now,2026-09-18T12:02:19+00:00
CVE-2026-73011,updated,2026-09-17,cve_2026_to_now,2026-09-18T12:02:19+00:00
CVE-2026-73012,updated,2026-09-17,cve_2026_to_now,2026-09-18T12:02:19+00:00
CVE-2026-73013,updated,2026-09-17,cve_2026_to_now,2026-09-18T12:02:19+00:00
CVE-2026-73014,updated,2026-09-17,cve_2026_to_now,2026-09-18T12:02:19+00:00
CVE-2026-73015,updated,2026-09-17,cve_2026_to_now,2026-09-18T12:02:19+00:00
CVE-2026-73016,updated,2026-09-17,cve_2026_to_now,2026-09-18T12:02:19+00:00
CVE-2026-73017,updated,2026-09-17,cve_2026_to_now,2026-09-18T12:02:19+00:00
CVE-2026-73018,updated,2026-09-17,cve_2026_to_now,2026-09-18T12:02:19+00:00
CVE-2026-73019,updated,2026-09-17,cve_2026_to_now,2026-09-18T12:02:19+00:00
CVE-2026-73020,updated,2026-09-17,cve_2026_to_now,2026-09-18T12:02:19+00:00
CVE-2026-73021,updated,2026-09-17,cve_2026_to_now,2026-09-18T12:02:19+00:00
CVE-2026-73022,updated,2026-09-17,cve_2026_to_now,2026-09-18T12:02:19+00:00
CVE-2026-73023,updated,2026-09-17,cve_2026_to_now,2026-09-18T12:02:19+00:00
CVE-2026-73024,updated,2026-09-17,cve_2026_to_now,2026-09-18T12:02:19+00:00
CVE-2026-73025,updated,2026-09-17,cve_2026_to_now,2026-09-18T12:02:19+00:00
CVE-2026-73026,updated,2026-09-17,cve_2026_to_now,2026-09-18T12:02:19+00:00
CVE-2026-73028,updated,2026-09-17,cve_2026_to_now,2026-09-18T12:02:19+00:00
CVE-2026-73029,updated,2026-09-17,cve_2026_to_now,2026-09-18T12:02:19+00:00
CVE-2026-73033,updated,2026-09-17,cve_2026_to_now,2026-09-18T12:02:19+00:00
CVE-2026-73040,updated,2026-09-17,cve_2026_to_now,2026-09-18T12:02:19+00:00
CVE-2026-73072,updated,2026-09-17,cve_2026_to_now,2026-09-18T12:02:19+00:00
CVE-2026-73163,updated,2026-09-17,cve_2026_to_now,2026-09-18T12:02:19+00:00
CVE-2026-73164,updated,2026-09-17,cve_2026_to_now,2026-09-18T12:02:19+00:00
CVE-2026-73165,updated,2026-09-17,cve_2026_to_now,2026-09-18T12:02:19+00:00
CVE-2026-73166,updated,2026-09-17,cve_2026_to_now,2026-09-18T12:02:19+00:00
CVE-2026-73167,updated,2026-09-17,cve_2026_to_now,2026-09-18T12:02:19+00:00
CVE-2026-73169,updated,2026-09-17,cve_2026_to_now,2026-09-18T12:02:19+00:00
CVE-2026-73170,updated,2026-09-17,cve_2026_to_now,2026-09-18T12:02:19+00:00
CVE-2026-73171,updated,2026-09-17,cve_2026_to_now,2026-09-18T12:02:19+00:00
CVE-2026-73172,updated,2026-09-17,cve_2026_to_now,2026-09-18T12:02:19+00:00
CVE-2026-73173,updated,2026-09-17,cve_2026_to_now,2026-09-18T12:02:19+00:00
CVE-2026-73174,updated,2026-09-17,cve_2026_to_now,2026-09-18T12:02:19+00:00
CVE-2026-73175,updated,2026-09-17,cve_2026_to_now,2026-09-18T12:02:19+00:00
CVE-2026-73176,updated,2026-09-17,cve_2026_to_now,2026-09-18T12:02:19+00:00
CVE-2026-73177,updated,2026-09-17,cve_2026_to_now,2026-09-18T12:02:19+00:00
CVE-2026-73433,updated,2026-09-18,cve_2026_to_now,2026-09-18T12:02:19+00:00
CVE-2026-73434,updated,2026-09-18,cve_2026_to_now,2026-09-18T12:02:19+00:00
CVE-2026-73442,updated,2026-09-17,cve_2026_to_now,2026-09-18T12:02:19+00:00
CVE-2026-73443,updated,2026-09-17,cve_2026_to_now,2026-09-18T12:02:19+00:00
CVE-2026-73450,updated,2026-09-17,cve_2026_to_now,2026-09-18T12:02:19+00:00
CVE-2026-73457,updated,2026-09-17,cve_2026_to_now,2026-09-18T12:02:19+00:00
CVE-2026-73462,updated,2026-09-17,cve_2026_to_now,2026-09-18T12:02:19+00:00
CVE-2026-73638,added,,cve_2026_to_now,2026-09-18T12:02:19+00:00
CVE-2026-73639,added,,cve_2026_to_now,2026-09-18T12:02:19+00:00
CVE-2026-73999,added,,cve_2026_to_now,2026-09-18T12:02:19+00:00
CVE-2026-74000,added,,cve_2026_to_now,2026-09-18T12:02:19+00:00
CVE-2026-74002,added,,cve_2026_to_now,2026-09-18T12:02:19+00:00
CVE-2026-74005,added,,cve_2026_to_now,2026-09-18T12:02:19+00:00
CVE-2026-74017,added,,cve_2026_to_now,2026-09-18T12:02:19+00:00
CVE-2026-74926,updated,2026-09-17,cve_2026_to_now,2026-09-18T12:02:19+00:00
CVE-2026-74961,updated,2026-09-17,cve_2026_to_now,2026-09-18T12:02:19+00:00
CVE-2026-74983,updated,2026-09-17,cve_2026_to_now,2026-09-18T12:02:19+00:00
CVE-2026-75016,added,,cve_2026_to_now,2026-09-18T12:02:19+00:00
CVE-2026-75017,added,,cve_2026_to_now,2026-09-18T12:02:19+00:00
CVE-2026-75025,updated,2026-09-17,cve_2026_to_now,2026-09-18T12:02:19+00:00
CVE-2026-75029,updated,2026-09-17,cve_2026_to_now,2026-09-18T12:02:19+00:00
CVE-2026-75057,updated,2026-09-17,cve_2026_to_now,2026-09-18T12:02:19+00:00
CVE-2026-75108,updated,2026-09-17,cve_2026_to_now,2026-09-18T12:02:19+00:00
CVE-2026-75157,added,,cve_2026_to_now,2026-09-18T12:02:19+00:00
CVE-2026-75523,added,,cve_2026_to_now,2026-09-18T12:02:19+00:00
CVE-2026-75588,added,,cve_2026_to_now,2026-09-18T12:02:19+00:00
CVE-2026-75627,updated,2026-09-17,cve_2026_to_now,2026-09-18T12:02:19+00:00
CVE-2026-75961,added,,cve_2026_to_now,2026-09-18T12:02:19+00:00
CVE-2026-76000,updated,2026-09-17,cve_2026_to_now,2026-09-18T12:02:19+00:00
CVE-2026-76154,added,,cve_2026_to_now,2026-09-18T12:02:19+00:00
CVE-2026-76163,updated,2026-09-17,cve_2026_to_now,2026-09-18T12:02:19+00:00
CVE-2026-76186,updated,2026-09-17,cve_2026_to_now,2026-09-18T12:02:19+00:00
CVE-2026-76187,updated,2026-09-17,cve_2026_to_now,2026-09-18T12:02:19+00:00
CVE-2026-76409,updated,2026-09-18,cve_2026_to_now,2026-09-18T12:02:19+00:00
CVE-2026-76413,updated,2026-09-17,cve_2026_to_now,2026-09-18T12:02:19+00:00
CVE-2026-76425,updated,2026-09-17,cve_2026_to_now,2026-09-18T12:02:19+00:00
CVE-2026-76426,updated,2026-09-17,cve_2026_to_now,2026-09-18T12:02:19+00:00
CVE-2026-76433,updated,2026-09-17,cve_2026_to_now,2026-09-18T12:02:19+00:00
CVE-2026-76434,updated,2026-09-17,cve_2026_to_now,2026-09-18T12:02:19+00:00
CVE-2026-76438,updated,2026-09-17,cve_2026_to_now,2026-09-18T12:02:19+00:00
CVE-2026-76446,updated,2026-09-17,cve_2026_to_now,2026-09-18T12:02:19+00:00
CVE-2026-76447,updated,2026-09-17,cve_2026_to_now,2026-09-18T12:02:19+00:00
CVE-2026-76448,updated,2026-09-17,cve_2026_to_now,2026-09-18T12:02:19+00:00
CVE-2026-76449,updated,2026-09-17,cve_2026_to_now,2026-09-18T12:02:19+00:00
CVE-2026-76550,updated,2026-09-17,cve_2026_to_now,2026-09-18T12:02:19+00:00
CVE-2026-76551,updated,2026-09-17,cve_2026_to_now,2026-09-18T12:02:19+00:00
CVE-2026-76552,updated,2026-09-17,cve_2026_to_now,2026-09-18T12:02:19+00:00
CVE-2026-76553,updated,2026-09-17,cve_2026_to_now,2026-09-18T12:02:19+00:00
CVE-2026-76555,updated,2026-09-17,cve_2026_to_now,2026-09-18T12:02:19+00:00
CVE-2026-76556,updated,2026-09-17,cve_2026_to_now,2026-09-18T12:02:19+00:00
CVE-2026-76557,updated,2026-09-17,cve_2026_to_now,2026-09-18T12:02:19+00:00
CVE-2026-76558,updated,2026-09-17,cve_2026_to_now,2026-09-18T12:02:19+00:00
CVE-2026-76559,updated,2026-09-17,cve_2026_to_now,2026-09-18T12:02:19+00:00
CVE-2026-76646,updated,2026-09-17,cve_2026_to_now,2026-09-18T12:02:19+00:00
CVE-2026-76781,added,2026-09-18,cve_2026_to_now,2026-09-18T12:02:19+00:00
CVE-2026-76834,added,,cve_2026_to_now,2026-09-18T12:02:19+00:00
CVE-2026-76852,updated,2026-09-17,cve_2026_to_now,2026-09-18T12:02:19+00:00
CVE-2026-76854,updated,2026-09-17,cve_2026_to_now,2026-09-18T12:02:19+00:00
CVE-2026-76857,updated,2026-09-17,cve_2026_to_now,2026-09-18T12:02:19+00:00
CVE-2026-76859,updated,2026-09-17,cve_2026_to_now,2026-09-18T12:02:19+00:00
CVE-2026-76862,updated,2026-09-17,cve_2026_to_now,2026-09-18T12:02:19+00:00
CVE-2026-76864,updated,2026-09-17,cve_2026_to_now,2026-09-18T12:02:19+00:00
CVE-2026-76867,updated,2026-09-17,cve_2026_to_now,2026-09-18T12:02:19+00:00
CVE-2026-76869,updated,2026-09-17,cve_2026_to_now,2026-09-18T12:02:19+00:00
CVE-2026-76872,updated,2026-09-17,cve_2026_to_now,2026-09-18T12:02:19+00:00
CVE-2026-76879,updated,2026-09-17,cve_2026_to_now,2026-09-18T12:02:19+00:00
CVE-2026-76882,updated,2026-09-17,cve_2026_to_now,2026-09-18T12:02:19+00:00
CVE-2026-76883,updated,2026-09-17,cve_2026_to_now,2026-09-18T12:02:19+00:00
CVE-2026-76884,updated,2026-09-17,cve_2026_to_now,2026-09-18T12:02:19+00:00
CVE-2026-76885,updated,2026-09-17,cve_2026_to_now,2026-09-18T12:02:19+00:00
CVE-2026-76887,updated,2026-09-17,cve_2026_to_now,2026-09-18T12:02:19+00:00
CVE-2026-76888,updated,2026-09-17,cve_2026_to_now,2026-09-18T12:02:19+00:00
CVE-2026-76889,updated,2026-09-17,cve_2026_to_now,2026-09-18T12:02:19+00:00
CVE-2026-76890,updated,2026-09-17,cve_2026_to_now,2026-09-18T12:02:19+00:00
CVE-2026-76891,updated,2026-09-17,cve_2026_to_now,2026-09-18T12:02:19+00:00
CVE-2026-76917,updated,2026-09-17,cve_2026_to_now,2026-09-18T12:02:19+00:00
CVE-2026-76919,updated,2026-09-17,cve_2026_to_now,2026-09-18T12:02:19+00:00
CVE-2026-76922,updated,2026-09-17,cve_2026_to_now,2026-09-18T12:02:19+00:00
CVE-2026-76924,updated,2026-09-17,cve_2026_to_now,2026-09-18T12:02:19+00:00
CVE-2026-76927,updated,2026-09-17,cve_2026_to_now,2026-09-18T12:02:19+00:00
CVE-2026-76949,added,,cve_2026_to_now,2026-09-18T12:02:19+00:00
CVE-2026-77119,updated,2026-09-17,cve_2026_to_now,2026-09-18T12:02:19+00:00
CVE-2026-77164,added,,cve_2026_to_now,2026-09-18T12:02:19+00:00
CVE-2026-77169,added,,cve_2026_to_now,2026-09-18T12:02:19+00:00
CVE-2026-77170,added,,cve_2026_to_now,2026-09-18T12:02:19+00:00
CVE-2026-77281,added,,cve_2026_to_now,2026-09-18T12:02:19+00:00
CVE-2026-77480,updated,2026-09-17,cve_2026_to_now,2026-09-18T12:02:19+00:00
CVE-2026-77481,updated,2026-09-17,cve_2026_to_now,2026-09-18T12:02:19+00:00
CVE-2026-77482,updated,2026-09-17,cve_2026_to_now,2026-09-18T12:02:19+00:00
CVE-2026-77483,updated,2026-09-17,cve_2026_to_now,2026-09-18T12:02:19+00:00
CVE-2026-77484,updated,2026-09-17,cve_2026_to_now,2026-09-18T12:02:19+00:00
CVE-2026-77485,updated,2026-09-17,cve_2026_to_now,2026-09-18T12:02:19+00:00
CVE-2026-77486,updated,2026-09-17,cve_2026_to_now,2026-09-18T12:02:19+00:00
CVE-2026-77487,updated,2026-09-17,cve_2026_to_now,2026-09-18T12:02:19+00:00
CVE-2026-77488,updated,2026-09-17,cve_2026_to_now,2026-09-18T12:02:19+00:00
CVE-2026-77489,updated,2026-09-17,cve_2026_to_now,2026-09-18T12:02:19+00:00
CVE-2026-77490,updated,2026-09-17,cve_2026_to_now,2026-09-18T12:02:19+00:00
CVE-2026-77491,updated,2026-09-17,cve_2026_to_now,2026-09-18T12:02:19+00:00
CVE-2026-77492,updated,2026-09-17,cve_2026_to_now,2026-09-18T12:02:19+00:00
CVE-2026-77493,updated,2026-09-17,cve_2026_to_now,2026-09-18T12:02:19+00:00
CVE-2026-77494,updated,2026-09-17,cve_2026_to_now,2026-09-18T12:02:19+00:00
CVE-2026-77495,updated,2026-09-17,cve_2026_to_now,2026-09-18T12:02:19+00:00
CVE-2026-77498,updated,2026-09-17,cve_2026_to_now,2026-09-18T12:02:19+00:00
CVE-2026-77499,updated,2026-09-17,cve_2026_to_now,2026-09-18T12:02:19+00:00
CVE-2026-77500,updated,2026-09-17,cve_2026_to_now,2026-09-18T12:02:19+00:00
CVE-2026-77501,updated,2026-09-17,cve_2026_to_now,2026-09-18T12:02:19+00:00
CVE-2026-77502,updated,2026-09-17,cve_2026_to_now,2026-09-18T12:02:19+00:00
CVE-2026-77503,updated,2026-09-17,cve_2026_to_now,2026-09-18T12:02:19+00:00
CVE-2026-77504,updated,2026-09-17,cve_2026_to_now,2026-09-18T12:02:19+00:00
CVE-2026-77505,updated,2026-09-17,cve_2026_to_now,2026-09-18T12:02:19+00:00
CVE-2026-77614,added,,cve_2026_to_now,2026-09-18T12:02:19+00:00
CVE-2026-77615,added,,cve_2026_to_now,2026-09-18T12:02:19+00:00
CVE-2026-77692,updated,2026-09-17,cve_2026_to_now,2026-09-18T12:02:19+00:00
CVE-2026-77702,updated,2026-09-17,cve_2026_to_now,2026-09-18T12:02:19+00:00
CVE-2026-77886,updated,2026-09-17,cve_2026_to_now,2026-09-18T12:02:19+00:00
CVE-2026-77887,updated,2026-09-17,cve_2026_to_now,2026-09-18T12:02:19+00:00
CVE-2026-77888,updated,2026-09-17,cve_2026_to_now,2026-09-18T12:02:19+00:00
CVE-2026-77889,updated,2026-09-17,cve_2026_to_now,2026-09-18T12:02:19+00:00
CVE-2026-77890,updated,2026-09-17,cve_2026_to_now,2026-09-18T12:02:19+00:00
CVE-2026-77891,updated,2026-09-17,cve_2026_to_now,2026-09-18T12:02:19+00:00
CVE-2026-77892,updated,2026-09-17,cve_2026_to_now,2026-09-18T12:02:19+00:00
CVE-2026-77893,updated,2026-09-17,cve_2026_to_now,2026-09-18T12:02:19+00:00
CVE-2026-77894,updated,2026-09-17,cve_2026_to_now,2026-09-18T12:02:19+00:00
CVE-2026-77895,updated,2026-09-17,cve_2026_to_now,2026-09-18T12:02:19+00:00
CVE-2026-77896,updated,2026-09-17,cve_2026_to_now,2026-09-18T12:02:19+00:00
CVE-2026-77897,updated,2026-09-17,cve_2026_to_now,2026-09-18T12:02:19+00:00
CVE-2026-77898,updated,2026-09-17,cve_2026_to_now,2026-09-18T12:02:19+00:00
CVE-2026-77899,updated,2026-09-17,cve_2026_to_now,2026-09-18T12:02:19+00:00
CVE-2026-77901,updated,2026-09-17,cve_2026_to_now,2026-09-18T12:02:19+00:00
CVE-2026-77903,added,,cve_2026_to_now,2026-09-18T12:02:19+00:00
CVE-2026-77904,updated,2026-09-17,cve_2026_to_now,2026-09-18T12:02:19+00:00
CVE-2026-77905,updated,2026-09-17,cve_2026_to_now,2026-09-18T12:02:19+00:00
CVE-2026-77906,updated,2026-09-17,cve_2026_to_now,2026-09-18T12:02:19+00:00
CVE-2026-77907,updated,2026-09-17,cve_2026_to_now,2026-09-18T12:02:19+00:00
CVE-2026-77908,updated,2026-09-17,cve_2026_to_now,2026-09-18T12:02:19+00:00
CVE-2026-77909,updated,2026-09-17,cve_2026_to_now,2026-09-18T12:02:19+00:00
CVE-2026-77911,updated,2026-09-17,cve_2026_to_now,2026-09-18T12:02:19+00:00
CVE-2026-78223,added,,cve_2026_to_now,2026-09-18T12:02:19+00:00
CVE-2026-78294,added,,cve_2026_to_now,2026-09-18T12:02:19+00:00
CVE-2026-78295,added,,cve_2026_to_now,2026-09-18T12:02:19+00:00
CVE-2026-78301,updated,2026-09-17,cve_2026_to_now,2026-09-18T12:02:19+00:00
CVE-2026-78425,updated,,cve_2026_to_now,2026-09-18T12:02:19+00:00
CVE-2026-78426,updated,,cve_2026_to_now,2026-09-18T12:02:19+00:00
CVE-2026-78427,updated,,cve_2026_to_now,2026-09-18T12:02:19+00:00
CVE-2026-78428,updated,,cve_2026_to_now,2026-09-18T12:02:19+00:00
CVE-2026-78439,updated,2026-09-17,cve_2026_to_now,2026-09-18T12:02:19+00:00
CVE-2026-78441,updated,2026-09-17,cve_2026_to_now,2026-09-18T12:02:19+00:00
CVE-2026-78442,updated,2026-09-17,cve_2026_to_now,2026-09-18T12:02:19+00:00
CVE-2026-78444,updated,2026-09-17,cve_2026_to_now,2026-09-18T12:02:19+00:00
CVE-2026-78445,updated,2026-09-17,cve_2026_to_now,2026-09-18T12:02:19+00:00
CVE-2026-78446,updated,2026-09-17,cve_2026_to_now,2026-09-18T12:02:19+00:00
CVE-2026-78447,updated,2026-09-17,cve_2026_to_now,2026-09-18T12:02:19+00:00
CVE-2026-78448,updated,2026-09-17,cve_2026_to_now,2026-09-18T12:02:19+00:00
CVE-2026-78449,updated,2026-09-17,cve_2026_to_now,2026-09-18T12:02:19+00:00
CVE-2026-78450,updated,2026-09-17,cve_2026_to_now,2026-09-18T12:02:19+00:00
CVE-2026-78451,updated,2026-09-17,cve_2026_to_now,2026-09-18T12:02:19+00:00
CVE-2026-78452,updated,2026-09-17,cve_2026_to_now,2026-09-18T12:02:19+00:00
CVE-2026-78453,updated,2026-09-17,cve_2026_to_now,2026-09-18T12:02:19+00:00
CVE-2026-78454,updated,2026-09-17,cve_2026_to_now,2026-09-18T12:02:19+00:00
CVE-2026-78455,updated,2026-09-17,cve_2026_to_now,2026-09-18T12:02:19+00:00
CVE-2026-78456,updated,2026-09-17,cve_2026_to_now,2026-09-18T12:02:19+00:00
CVE-2026-78457,updated,2026-09-17,cve_2026_to_now,2026-09-18T12:02:19+00:00
CVE-2026-78461,updated,2026-09-17,cve_2026_to_now,2026-09-18T12:02:19+00:00
CVE-2026-78462,updated,2026-09-17,cve_2026_to_now,2026-09-18T12:02:19+00:00
CVE-2026-78463,updated,2026-09-17,cve_2026_to_now,2026-09-18T12:02:19+00:00
CVE-2026-78464,updated,2026-09-17,cve_2026_to_now,2026-09-18T12:02:19+00:00
CVE-2026-78472,updated,2026-09-17,cve_2026_to_now,2026-09-18T12:02:19+00:00
CVE-2026-78474,updated,2026-09-17,cve_2026_to_now,2026-09-18T12:02:19+00:00
CVE-2026-78501,added,,cve_2026_to_now,2026-09-18T12:02:19+00:00
CVE-2026-78502,updated,2026-09-17,cve_2026_to_now,2026-09-18T12:02:19+00:00
CVE-2026-78503,updated,2026-09-17,cve_2026_to_now,2026-09-18T12:02:19+00:00
CVE-2026-78504,updated,2026-09-17,cve_2026_to_now,2026-09-18T12:02:19+00:00
CVE-2026-78505,updated,2026-09-17,cve_2026_to_now,2026-09-18T12:02:19+00:00
CVE-2026-78506,updated,2026-09-17,cve_2026_to_now,2026-09-18T12:02:19+00:00
CVE-2026-78507,updated,2026-09-17,cve_2026_to_now,2026-09-18T12:02:19+00:00
CVE-2026-78508,updated,2026-09-17,cve_2026_to_now,2026-09-18T12:02:19+00:00
CVE-2026-78509,updated,2026-09-17,cve_2026_to_now,2026-09-18T12:02:19+00:00
CVE-2026-78510,updated,2026-09-17,cve_2026_to_now,2026-09-18T12:02:19+00:00
CVE-2026-78511,updated,2026-09-17,cve_2026_to_now,2026-09-18T12:02:19+00:00
CVE-2026-78512,updated,2026-09-17,cve_2026_to_now,2026-09-18T12:02:19+00:00
CVE-2026-78513,updated,2026-09-17,cve_2026_to_now,2026-09-18T12:02:19+00:00
CVE-2026-78514,updated,2026-09-17,cve_2026_to_now,2026-09-18T12:02:19+00:00
CVE-2026-78515,updated,2026-09-17,cve_2026_to_now,2026-09-18T12:02:19+00:00
CVE-2026-78516,updated,2026-09-17,cve_2026_to_now,2026-09-18T12:02:19+00:00
CVE-2026-78517,updated,2026-09-17,cve_2026_to_now,2026-09-18T12:02:19+00:00
CVE-2026-78518,updated,2026-09-17,cve_2026_to_now,2026-09-18T12:02:19+00:00
CVE-2026-78519,updated,2026-09-17,cve_2026_to_now,2026-09-18T12:02:19+00:00
CVE-2026-78520,updated,2026-09-17,cve_2026_to_now,2026-09-18T12:02:19+00:00
CVE-2026-78521,updated,2026-09-17,cve_2026_to_now,2026-09-18T12:02:19+00:00
CVE-2026-78522,updated,2026-09-17,cve_2026_to_now,2026-09-18T12:02:19+00:00
CVE-2026-78523,updated,2026-09-17,cve_2026_to_now,2026-09-18T12:02:19+00:00
CVE-2026-78524,updated,2026-09-17,cve_2026_to_now,2026-09-18T12:02:19+00:00
CVE-2026-78525,updated,2026-09-17,cve_2026_to_now,2026-09-18T12:02:19+00:00
CVE-2026-78526,updated,2026-09-17,cve_2026_to_now,2026-09-18T12:02:19+00:00
CVE-2026-78528,added,,cve_2026_to_now,2026-09-18T12:02:19+00:00
CVE-2026-78903,updated,2026-09-17,cve_2026_to_now,2026-09-18T12:02:19+00:00
CVE-2026-78912,updated,2026-09-17,cve_2026_to_now,2026-09-18T12:02:19+00:00
CVE-2026-78936,updated,2026-09-17,cve_2026_to_now,2026-09-18T12:02:19+00:00
CVE-2026-78940,updated,2026-09-17,cve_2026_to_now,2026-09-18T12:02:19+00:00
CVE-2026-78942,updated,2026-09-17,cve_2026_to_now,2026-09-18T12:02:19+00:00
CVE-2026-78949,updated,2026-09-17,cve_2026_to_now,2026-09-18T12:02:19+00:00
CVE-2026-78953,updated,2026-09-17,cve_2026_to_now,2026-09-18T12:02:19+00:00
CVE-2026-78967,updated,2026-09-17,cve_2026_to_now,2026-09-18T12:02:19+00:00
CVE-2026-78976,updated,2026-09-17,cve_2026_to_now,2026-09-18T12:02:19+00:00
CVE-2026-78979,updated,2026-09-17,cve_2026_to_now,2026-09-18T12:02:19+00:00
CVE-2026-79000,updated,2026-09-17,cve_2026_to_now,2026-09-18T12:02:19+00:00
CVE-2026-79002,updated,2026-09-17,cve_2026_to_now,2026-09-18T12:02:19+00:00
CVE-2026-79003,updated,2026-09-17,cve_2026_to_now,2026-09-18T12:02:19+00:00
CVE-2026-79006,updated,2026-09-17,cve_2026_to_now,2026-09-18T12:02:19+00:00
CVE-2026-79020,updated,2026-09-17,cve_2026_to_now,2026-09-18T12:02:19+00:00
CVE-2026-79031,updated,2026-09-17,cve_2026_to_now,2026-09-18T12:02:19+00:00
CVE-2026-79042,updated,2026-09-17,cve_2026_to_now,2026-09-18T12:02:19+00:00
CVE-2026-79049,updated,2026-09-17,cve_2026_to_now,2026-09-18T12:02:19+00:00
CVE-2026-79050,updated,2026-09-17,cve_2026_to_now,2026-09-18T12:02:19+00:00
CVE-2026-79053,updated,2026-09-17,cve_2026_to_now,2026-09-18T12:02:19+00:00
CVE-2026-79066,updated,2026-09-17,cve_2026_to_now,2026-09-18T12:02:19+00:00
CVE-2026-79067,updated,2026-09-17,cve_2026_to_now,2026-09-18T12:02:19+00:00
CVE-2026-79070,updated,2026-09-17,cve_2026_to_now,2026-09-18T12:02:19+00:00
CVE-2026-79077,updated,2026-09-17,cve_2026_to_now,2026-09-18T12:02:19+00:00
CVE-2026-79084,updated,2026-09-17,cve_2026_to_now,2026-09-18T12:02:19+00:00
CVE-2026-79087,updated,2026-09-17,cve_2026_to_now,2026-09-18T12:02:19+00:00
CVE-2026-79089,updated,2026-09-17,cve_2026_to_now,2026-09-18T12:02:19+00:00
CVE-2026-79099,updated,2026-09-17,cve_2026_to_now,2026-09-18T12:02:19+00:00
CVE-2026-79103,updated,2026-09-17,cve_2026_to_now,2026-09-18T12:02:19+00:00
CVE-2026-79116,updated,2026-09-17,cve_2026_to_now,2026-09-18T12:02:19+00:00
CVE-2026-79136,updated,2026-09-17,cve_2026_to_now,2026-09-18T12:02:19+00:00
CVE-2026-79137,updated,2026-09-17,cve_2026_to_now,2026-09-18T12:02:19+00:00
CVE-2026-79143,updated,2026-09-17,cve_2026_to_now,2026-09-18T12:02:19+00:00
CVE-2026-79146,updated,2026-09-17,cve_2026_to_now,2026-09-18T12:02:19+00:00
CVE-2026-79151,updated,2026-09-17,cve_2026_to_now,2026-09-18T12:02:19+00:00
CVE-2026-79173,updated,2026-09-17,cve_2026_to_now,2026-09-18T12:02:19+00:00
CVE-2026-79180,updated,2026-09-17,cve_2026_to_now,2026-09-18T12:02:19+00:00
CVE-2026-79190,updated,2026-09-17,cve_2026_to_now,2026-09-18T12:02:19+00:00
CVE-2026-79191,updated,2026-09-17,cve_2026_to_now,2026-09-18T12:02:19+00:00
CVE-2026-79192,updated,2026-09-17,cve_2026_to_now,2026-09-18T12:02:19+00:00
CVE-2026-79199,updated,2026-09-17,cve_2026_to_now,2026-09-18T12:02:19+00:00
CVE-2026-79201,updated,2026-09-17,cve_2026_to_now,2026-09-18T12:02:19+00:00
CVE-2026-79203,updated,2026-09-17,cve_2026_to_now,2026-09-18T12:02:19+00:00
CVE-2026-79204,updated,2026-09-17,cve_2026_to_now,2026-09-18T12:02:19+00:00
CVE-2026-79205,updated,2026-09-17,cve_2026_to_now,2026-09-18T12:02:19+00:00
CVE-2026-79211,updated,2026-09-17,cve_2026_to_now,2026-09-18T12:02:19+00:00
CVE-2026-79213,updated,2026-09-17,cve_2026_to_now,2026-09-18T12:02:19+00:00
CVE-2026-79217,updated,2026-09-17,cve_2026_to_now,2026-09-18T12:02:19+00:00
CVE-2026-79221,updated,2026-09-17,cve_2026_to_now,2026-09-18T12:02:19+00:00
CVE-2026-79229,updated,2026-09-17,cve_2026_to_now,2026-09-18T12:02:19+00:00
CVE-2026-79238,updated,2026-09-17,cve_2026_to_now,2026-09-18T12:02:19+00:00
CVE-2026-79241,updated,2026-09-17,cve_2026_to_now,2026-09-18T12:02:19+00:00
CVE-2026-79248,updated,2026-09-17,cve_2026_to_now,2026-09-18T12:02:19+00:00
CVE-2026-79250,updated,2026-09-17,cve_2026_to_now,2026-09-18T12:02:19+00:00
CVE-2026-79251,updated,2026-09-17,cve_2026_to_now,2026-09-18T12:02:19+00:00
CVE-2026-79255,updated,2026-09-17,cve_2026_to_now,2026-09-18T12:02:19+00:00
CVE-2026-79258,updated,2026-09-17,cve_2026_to_now,2026-09-18T12:02:19+00:00
CVE-2026-79259,updated,2026-09-17,cve_2026_to_now,2026-09-18T12:02:19+00:00
CVE-2026-79264,updated,2026-09-17,cve_2026_to_now,2026-09-18T12:02:19+00:00
CVE-2026-79270,updated,2026-09-17,cve_2026_to_now,2026-09-18T12:02:19+00:00
CVE-2026-79276,updated,2026-09-17,cve_2026_to_now,2026-09-18T12:02:19+00:00
CVE-2026-79283,updated,2026-09-17,cve_2026_to_now,2026-09-18T12:02:19+00:00
CVE-2026-79298,updated,2026-09-17,cve_2026_to_now,2026-09-18T12:02:19+00:00
CVE-2026-79419,updated,2026-09-17,cve_2026_to_now,2026-09-18T12:02:19+00:00
CVE-2026-79699,updated,2026-09-17,cve_2026_to_now,2026-09-18T12:02:19+00:00
CVE-2026-79713,added,,cve_2026_to_now,2026-09-18T12:02:19+00:00
CVE-2026-79752,added,,cve_2026_to_now,2026-09-18T12:02:19+00:00
CVE-2026-79954,added,,cve_2026_to_now,2026-09-18T12:02:19+00:00
CVE-2026-79993,updated,2026-09-17,cve_2026_to_now,2026-09-18T12:02:19+00:00
CVE-2026-80073,updated,2026-09-17,cve_2026_to_now,2026-09-18T12:02:19+00:00
CVE-2026-80074,updated,2026-09-17,cve_2026_to_now,2026-09-18T12:02:19+00:00
CVE-2026-80075,updated,2026-09-17,cve_2026_to_now,2026-09-18T12:02:19+00:00
CVE-2026-80076,updated,2026-09-17,cve_2026_to_now,2026-09-18T12:02:19+00:00
CVE-2026-80077,updated,2026-09-17,cve_2026_to_now,2026-09-18T12:02:19+00:00
CVE-2026-80078,updated,2026-09-17,cve_2026_to_now,2026-09-18T12:02:19+00:00
CVE-2026-80079,updated,2026-09-17,cve_2026_to_now,2026-09-18T12:02:19+00:00
CVE-2026-80080,updated,2026-09-17,cve_2026_to_now,2026-09-18T12:02:19+00:00
CVE-2026-80081,updated,2026-09-17,cve_2026_to_now,2026-09-18T12:02:19+00:00
CVE-2026-80082,updated,2026-09-17,cve_2026_to_now,2026-09-18T12:02:19+00:00
CVE-2026-80083,updated,2026-09-17,cve_2026_to_now,2026-09-18T12:02:19+00:00
CVE-2026-80084,updated,2026-09-17,cve_2026_to_now,2026-09-18T12:02:19+00:00
CVE-2026-80085,updated,2026-09-17,cve_2026_to_now,2026-09-18T12:02:19+00:00
CVE-2026-80086,updated,2026-09-17,cve_2026_to_now,2026-09-18T12:02:19+00:00
CVE-2026-80087,updated,2026-09-17,cve_2026_to_now,2026-09-18T12:02:19+00:00
CVE-2026-80088,updated,2026-09-17,cve_2026_to_now,2026-09-18T12:02:19+00:00
CVE-2026-80089,updated,2026-09-17,cve_2026_to_now,2026-09-18T12:02:19+00:00
CVE-2026-80090,updated,2026-09-17,cve_2026_to_now,2026-09-18T12:02:19+00:00
CVE-2026-80091,updated,2026-09-17,cve_2026_to_now,2026-09-18T12:02:19+00:00
CVE-2026-80093,updated,2026-09-17,cve_2026_to_now,2026-09-18T12:02:19+00:00
CVE-2026-80096,updated,2026-09-17,cve_2026_to_now,2026-09-18T12:02:19+00:00
CVE-2026-80097,updated,2026-09-17,cve_2026_to_now,2026-09-18T12:02:19+00:00
CVE-2026-80098,updated,2026-09-17,cve_2026_to_now,2026-09-18T12:02:19+00:00
CVE-2026-80159,updated,2026-09-17,cve_2026_to_now,2026-09-18T12:02:19+00:00
CVE-2026-80218,added,,cve_2026_to_now,2026-09-18T12:02:19+00:00
CVE-2026-80219,updated,2026-09-17,cve_2026_to_now,2026-09-18T12:02:19+00:00
CVE-2026-80274,updated,2026-09-17,cve_2026_to_now,2026-09-18T12:02:19+00:00
CVE-2026-80355,added,2026-09-18,cve_2026_to_now,2026-09-18T12:02:19+00:00
CVE-2026-80356,added,,cve_2026_to_now,2026-09-18T12:02:19+00:00
CVE-2026-81176,updated,2026-09-17,cve_2026_to_now,2026-09-18T12:02:19+00:00
CVE-2026-81237,updated,2026-09-17,cve_2026_to_now,2026-09-18T12:02:19+00:00
CVE-2026-81320,updated,2026-09-17,cve_2026_to_now,2026-09-18T12:02:19+00:00
CVE-2026-81340,added,,cve_2026_to_now,2026-09-18T12:02:19+00:00
CVE-2026-81349,updated,2026-09-17,cve_2026_to_now,2026-09-18T12:02:19+00:00
CVE-2026-81352,updated,2026-09-17,cve_2026_to_now,2026-09-18T12:02:19+00:00
CVE-2026-81353,updated,2026-09-17,cve_2026_to_now,2026-09-18T12:02:19+00:00
CVE-2026-81354,updated,2026-09-17,cve_2026_to_now,2026-09-18T12:02:19+00:00
CVE-2026-81355,updated,2026-09-17,cve_2026_to_now,2026-09-18T12:02:19+00:00
CVE-2026-81356,updated,2026-09-17,cve_2026_to_now,2026-09-18T12:02:19+00:00
CVE-2026-81357,updated,2026-09-17,cve_2026_to_now,2026-09-18T12:02:19+00:00
CVE-2026-81376,updated,2026-09-17,cve_2026_to_now,2026-09-18T12:02:19+00:00
CVE-2026-81377,updated,2026-09-17,cve_2026_to_now,2026-09-18T12:02:19+00:00
CVE-2026-81378,updated,2026-09-17,cve_2026_to_now,2026-09-18T12:02:19+00:00
CVE-2026-81379,updated,2026-09-17,cve_2026_to_now,2026-09-18T12:02:19+00:00
CVE-2026-81380,updated,2026-09-17,cve_2026_to_now,2026-09-18T12:02:19+00:00
CVE-2026-81381,updated,2026-09-17,cve_2026_to_now,2026-09-18T12:02:19+00:00
CVE-2026-81383,updated,2026-09-17,cve_2026_to_now,2026-09-18T12:02:19+00:00
CVE-2026-81385,updated,2026-09-17,cve_2026_to_now,2026-09-18T12:02:19+00:00
CVE-2026-81386,updated,2026-09-17,cve_2026_to_now,2026-09-18T12:02:19+00:00
CVE-2026-81387,updated,2026-09-17,cve_2026_to_now,2026-09-18T12:02:19+00:00
CVE-2026-81388,updated,2026-09-17,cve_2026_to_now,2026-09-18T12:02:19+00:00
CVE-2026-81389,updated,2026-09-17,cve_2026_to_now,2026-09-18T12:02:19+00:00
CVE-2026-81390,updated,2026-09-17,cve_2026_to_now,2026-09-18T12:02:19+00:00
CVE-2026-81391,updated,2026-09-17,cve_2026_to_now,2026-09-18T12:02:19+00:00
CVE-2026-81392,updated,2026-09-17,cve_2026_to_now,2026-09-18T12:02:19+00:00
CVE-2026-81393,updated,2026-09-17,cve_2026_to_now,2026-09-18T12:02:19+00:00
CVE-2026-81394,updated,2026-09-17,cve_2026_to_now,2026-09-18T12:02:19+00:00
CVE-2026-81395,updated,2026-09-17,cve_2026_to_now,2026-09-18T12:02:19+00:00
CVE-2026-81396,updated,2026-09-17,cve_2026_to_now,2026-09-18T12:02:19+00:00
CVE-2026-81397,updated,2026-09-17,cve_2026_to_now,2026-09-18T12:02:19+00:00
CVE-2026-81398,updated,2026-09-17,cve_2026_to_now,2026-09-18T12:02:19+00:00
CVE-2026-81399,updated,2026-09-17,cve_2026_to_now,2026-09-18T12:02:19+00:00
CVE-2026-81400,updated,2026-09-17,cve_2026_to_now,2026-09-18T12:02:19+00:00
CVE-2026-81401,updated,2026-09-17,cve_2026_to_now,2026-09-18T12:02:19+00:00
CVE-2026-81438,updated,,cve_2026_to_now,2026-09-18T12:02:19+00:00
CVE-2026-81439,updated,,cve_2026_to_now,2026-09-18T12:02:19+00:00
CVE-2026-81441,updated,,cve_2026_to_now,2026-09-18T12:02:19+00:00
CVE-2026-81442,added,,cve_2026_to_now,2026-09-18T12:02:19+00:00
CVE-2026-81443,added,,cve_2026_to_now,2026-09-18T12:02:19+00:00
CVE-2026-81445,added,2026-09-18,cve_2026_to_now,2026-09-18T12:02:19+00:00
CVE-2026-81446,added,,cve_2026_to_now,2026-09-18T12:02:19+00:00
CVE-2026-81447,added,2026-09-18,cve_2026_to_now,2026-09-18T12:02:19+00:00
CVE-2026-81453,added,,cve_2026_to_now,2026-09-18T12:02:19+00:00
CVE-2026-81474,updated,2026-09-18,cve_2026_to_now,2026-09-18T12:02:19+00:00
CVE-2026-81475,updated,2026-09-18,cve_2026_to_now,2026-09-18T12:02:19+00:00
CVE-2026-81476,updated,2026-09-18,cve_2026_to_now,2026-09-18T12:02:19+00:00
CVE-2026-81477,updated,2026-09-18,cve_2026_to_now,2026-09-18T12:02:19+00:00
CVE-2026-81478,updated,2026-09-18,cve_2026_to_now,2026-09-18T12:02:19+00:00
CVE-2026-81480,updated,2026-09-18,cve_2026_to_now,2026-09-18T12:02:19+00:00
CVE-2026-81481,added,,cve_2026_to_now,2026-09-18T12:02:19+00:00
CVE-2026-81515,added,,cve_2026_to_now,2026-09-18T12:02:19+00:00
CVE-2026-81516,added,,cve_2026_to_now,2026-09-18T12:02:19+00:00
CVE-2026-81546,updated,,cve_2026_to_now,2026-09-18T12:02:19+00:00
CVE-2026-81563,updated,2026-09-17,cve_2026_to_now,2026-09-18T12:02:19+00:00
CVE-2026-81627,added,,cve_2026_to_now,2026-09-18T12:02:19+00:00
CVE-2026-81632,added,,cve_2026_to_now,2026-09-18T12:02:19+00:00
CVE-2026-81637,added,,cve_2026_to_now,2026-09-18T12:02:19+00:00
CVE-2026-81665,updated,2026-09-18,cve_2026_to_now,2026-09-18T12:02:19+00:00
CVE-2026-81736,updated,2026-09-17,cve_2026_to_now,2026-09-18T12:02:19+00:00
CVE-2026-81810,added,,cve_2026_to_now,2026-09-18T12:02:19+00:00
CVE-2026-81829,added,,cve_2026_to_now,2026-09-18T12:02:19+00:00
CVE-2026-81866,updated,2026-09-17,cve_2026_to_now,2026-09-18T12:02:19+00:00
CVE-2026-81868,added,,cve_2026_to_now,2026-09-18T12:02:19+00:00
CVE-2026-81869,updated,2026-09-17,cve_2026_to_now,2026-09-18T12:02:19+00:00
CVE-2026-81870,updated,2026-09-17,cve_2026_to_now,2026-09-18T12:02:19+00:00
CVE-2026-81871,updated,2026-09-17,cve_2026_to_now,2026-09-18T12:02:19+00:00
CVE-2026-81872,updated,2026-09-17,cve_2026_to_now,2026-09-18T12:02:19+00:00
CVE-2026-81875,updated,2026-09-17,cve_2026_to_now,2026-09-18T12:02:19+00:00
CVE-2026-81876,updated,2026-09-17,cve_2026_to_now,2026-09-18T12:02:19+00:00
CVE-2026-81947,updated,2026-09-17,cve_2026_to_now,2026-09-18T12:02:19+00:00
CVE-2026-81948,updated,2026-09-17,cve_2026_to_now,2026-09-18T12:02:19+00:00
CVE-2026-81949,updated,2026-09-17,cve_2026_to_now,2026-09-18T12:02:19+00:00
CVE-2026-81950,updated,2026-09-17,cve_2026_to_now,2026-09-18T12:02:19+00:00
CVE-2026-81951,updated,2026-09-17,cve_2026_to_now,2026-09-18T12:02:19+00:00
CVE-2026-81952,updated,2026-09-17,cve_2026_to_now,2026-09-18T12:02:19+00:00
CVE-2026-81953,updated,2026-09-17,cve_2026_to_now,2026-09-18T12:02:19+00:00
CVE-2026-81954,updated,2026-09-17,cve_2026_to_now,2026-09-18T12:02:19+00:00
CVE-2026-81955,updated,2026-09-17,cve_2026_to_now,2026-09-18T12:02:19+00:00
CVE-2026-81956,updated,2026-09-17,cve_2026_to_now,2026-09-18T12:02:19+00:00
CVE-2026-81957,updated,2026-09-17,cve_2026_to_now,2026-09-18T12:02:19+00:00
CVE-2026-81958,updated,2026-09-17,cve_2026_to_now,2026-09-18T12:02:19+00:00
CVE-2026-81959,updated,2026-09-17,cve_2026_to_now,2026-09-18T12:02:19+00:00
CVE-2026-81960,updated,2026-09-17,cve_2026_to_now,2026-09-18T12:02:19+00:00
CVE-2026-81963,updated,2026-09-17,cve_2026_to_now,2026-09-18T12:02:19+00:00
CVE-2026-82124,updated,2026-09-17,cve_2026_to_now,2026-09-18T12:02:19+00:00
CVE-2026-82125,updated,2026-09-17,cve_2026_to_now,2026-09-18T12:02:19+00:00
CVE-2026-82126,updated,2026-09-17,cve_2026_to_now,2026-09-18T12:02:19+00:00
CVE-2026-82310,updated,2026-09-17,cve_2026_to_now,2026-09-18T12:02:19+00:00
CVE-2026-82311,updated,2026-09-17,cve_2026_to_now,2026-09-18T12:02:19+00:00
CVE-2026-82454,updated,2026-09-17,cve_2026_to_now,2026-09-18T12:02:19+00:00
CVE-2026-82472,updated,2026-09-17,cve_2026_to_now,2026-09-18T12:02:19+00:00
CVE-2026-82561,updated,2026-09-17,cve_2026_to_now,2026-09-18T12:02:19+00:00
CVE-2026-82685,added,,cve_2026_to_now,2026-09-18T12:02:19+00:00
CVE-2026-82723,added,,cve_2026_to_now,2026-09-18T12:02:19+00:00
CVE-2026-82759,added,,cve_2026_to_now,2026-09-18T12:02:19+00:00
CVE-2026-82760,added,,cve_2026_to_now,2026-09-18T12:02:19+00:00
CVE-2026-82761,added,,cve_2026_to_now,2026-09-18T12:02:19+00:00
CVE-2026-82870,updated,2026-09-17,cve_2026_to_now,2026-09-18T12:02:19+00:00
CVE-2026-82871,updated,2026-09-17,cve_2026_to_now,2026-09-18T12:02:19+00:00
CVE-2026-82872,updated,2026-09-17,cve_2026_to_now,2026-09-18T12:02:19+00:00
CVE-2026-82874,updated,2026-09-17,cve_2026_to_now,2026-09-18T12:02:19+00:00
CVE-2026-82875,updated,2026-09-17,cve_2026_to_now,2026-09-18T12:02:19+00:00
CVE-2026-82964,updated,2026-09-17,cve_2026_to_now,2026-09-18T12:02:19+00:00
CVE-2026-82980,added,,cve_2026_to_now,2026-09-18T12:02:19+00:00
CVE-2026-82982,added,,cve_2026_to_now,2026-09-18T12:02:19+00:00
CVE-2026-82985,added,,cve_2026_to_now,2026-09-18T12:02:19+00:00
CVE-2026-83053,updated,2026-09-17,cve_2026_to_now,2026-09-18T12:02:19+00:00
CVE-2026-83055,updated,2026-09-17,cve_2026_to_now,2026-09-18T12:02:19+00:00
CVE-2026-83056,updated,2026-09-17,cve_2026_to_now,2026-09-18T12:02:19+00:00
CVE-2026-83057,updated,2026-09-17,cve_2026_to_now,2026-09-18T12:02:19+00:00
CVE-2026-83058,updated,2026-09-17,cve_2026_to_now,2026-09-18T12:02:19+00:00
CVE-2026-83063,updated,2026-09-17,cve_2026_to_now,2026-09-18T12:02:19+00:00
CVE-2026-83064,updated,2026-09-17,cve_2026_to_now,2026-09-18T12:02:19+00:00
CVE-2026-83065,updated,2026-09-17,cve_2026_to_now,2026-09-18T12:02:19+00:00
CVE-2026-83069,updated,2026-09-17,cve_2026_to_now,2026-09-18T12:02:19+00:00
CVE-2026-83071,updated,2026-09-17,cve_2026_to_now,2026-09-18T12:02:19+00:00
CVE-2026-83072,updated,2026-09-17,cve_2026_to_now,2026-09-18T12:02:19+00:00
CVE-2026-83073,updated,2026-09-17,cve_2026_to_now,2026-09-18T12:02:19+00:00
CVE-2026-83079,updated,2026-09-17,cve_2026_to_now,2026-09-18T12:02:19+00:00
CVE-2026-83080,updated,2026-09-17,cve_2026_to_now,2026-09-18T12:02:19+00:00
CVE-2026-83081,updated,2026-09-17,cve_2026_to_now,2026-09-18T12:02:19+00:00
CVE-2026-83082,updated,2026-09-17,cve_2026_to_now,2026-09-18T12:02:19+00:00
CVE-2026-83086,updated,2026-09-17,cve_2026_to_now,2026-09-18T12:02:19+00:00
CVE-2026-83087,updated,2026-09-17,cve_2026_to_now,2026-09-18T12:02:19+00:00
CVE-2026-83089,updated,2026-09-17,cve_2026_to_now,2026-09-18T12:02:19+00:00
CVE-2026-83090,updated,2026-09-17,cve_2026_to_now,2026-09-18T12:02:19+00:00
CVE-2026-83092,updated,2026-09-17,cve_2026_to_now,2026-09-18T12:02:19+00:00
CVE-2026-83096,updated,2026-09-17,cve_2026_to_now,2026-09-18T12:02:19+00:00
CVE-2026-83101,updated,2026-09-17,cve_2026_to_now,2026-09-18T12:02:19+00:00
CVE-2026-83102,updated,2026-09-17,cve_2026_to_now,2026-09-18T12:02:19+00:00
CVE-2026-83103,updated,2026-09-17,cve_2026_to_now,2026-09-18T12:02:19+00:00
CVE-2026-83105,updated,2026-09-17,cve_2026_to_now,2026-09-18T12:02:19+00:00
CVE-2026-83106,updated,2026-09-17,cve_2026_to_now,2026-09-18T12:02:19+00:00
CVE-2026-83107,updated,2026-09-17,cve_2026_to_now,2026-09-18T12:02:19+00:00
CVE-2026-83112,updated,2026-09-17,cve_2026_to_now,2026-09-18T12:02:19+00:00
CVE-2026-83114,updated,2026-09-17,cve_2026_to_now,2026-09-18T12:02:19+00:00
CVE-2026-83117,updated,2026-09-17,cve_2026_to_now,2026-09-18T12:02:19+00:00
CVE-2026-83118,updated,2026-09-17,cve_2026_to_now,2026-09-18T12:02:19+00:00
CVE-2026-83119,updated,2026-09-17,cve_2026_to_now,2026-09-18T12:02:19+00:00
CVE-2026-83120,updated,2026-09-17,cve_2026_to_now,2026-09-18T12:02:19+00:00
CVE-2026-83121,updated,2026-09-17,cve_2026_to_now,2026-09-18T12:02:19+00:00
CVE-2026-83122,updated,2026-09-17,cve_2026_to_now,2026-09-18T12:02:19+00:00
CVE-2026-83124,updated,2026-09-17,cve_2026_to_now,2026-09-18T12:02:19+00:00
CVE-2026-83125,updated,2026-09-17,cve_2026_to_now,2026-09-18T12:02:19+00:00
CVE-2026-83132,updated,2026-09-17,cve_2026_to_now,2026-09-18T12:02:19+00:00
CVE-2026-83134,updated,2026-09-17,cve_2026_to_now,2026-09-18T12:02:19+00:00
CVE-2026-83135,updated,2026-09-17,cve_2026_to_now,2026-09-18T12:02:19+00:00
CVE-2026-83136,updated,2026-09-17,cve_2026_to_now,2026-09-18T12:02:19+00:00
CVE-2026-83137,updated,2026-09-17,cve_2026_to_now,2026-09-18T12:02:19+00:00
CVE-2026-83138,updated,2026-09-17,cve_2026_to_now,2026-09-18T12:02:19+00:00
CVE-2026-83140,updated,2026-09-17,cve_2026_to_now,2026-09-18T12:02:19+00:00
CVE-2026-83141,updated,2026-09-17,cve_2026_to_now,2026-09-18T12:02:19+00:00
CVE-2026-83142,updated,2026-09-17,cve_2026_to_now,2026-09-18T12:02:19+00:00
CVE-2026-83147,updated,2026-09-17,cve_2026_to_now,2026-09-18T12:02:19+00:00
CVE-2026-83148,updated,2026-09-17,cve_2026_to_now,2026-09-18T12:02:19+00:00
CVE-2026-83150,updated,2026-09-17,cve_2026_to_now,2026-09-18T12:02:19+00:00
CVE-2026-83153,updated,2026-09-17,cve_2026_to_now,2026-09-18T12:02:19+00:00
CVE-2026-83155,updated,2026-09-17,cve_2026_to_now,2026-09-18T12:02:19+00:00
CVE-2026-83156,updated,2026-09-17,cve_2026_to_now,2026-09-18T12:02:19+00:00
CVE-2026-83157,updated,2026-09-17,cve_2026_to_now,2026-09-18T12:02:19+00:00
CVE-2026-83158,updated,2026-09-17,cve_2026_to_now,2026-09-18T12:02:19+00:00
CVE-2026-83159,updated,2026-09-17,cve_2026_to_now,2026-09-18T12:02:19+00:00
CVE-2026-83160,updated,2026-09-17,cve_2026_to_now,2026-09-18T12:02:19+00:00
CVE-2026-83161,updated,2026-09-17,cve_2026_to_now,2026-09-18T12:02:19+00:00
CVE-2026-83162,updated,2026-09-17,cve_2026_to_now,2026-09-18T12:02:19+00:00
CVE-2026-83163,updated,2026-09-17,cve_2026_to_now,2026-09-18T12:02:19+00:00
CVE-2026-83164,updated,2026-09-17,cve_2026_to_now,2026-09-18T12:02:19+00:00
CVE-2026-83165,updated,2026-09-17,cve_2026_to_now,2026-09-18T12:02:19+00:00
CVE-2026-83166,updated,2026-09-17,cve_2026_to_now,2026-09-18T12:02:19+00:00
CVE-2026-83168,updated,2026-09-17,cve_2026_to_now,2026-09-18T12:02:19+00:00
CVE-2026-83169,updated,2026-09-17,cve_2026_to_now,2026-09-18T12:02:19+00:00
CVE-2026-83170,updated,2026-09-17,cve_2026_to_now,2026-09-18T12:02:19+00:00
CVE-2026-83176,updated,2026-09-17,cve_2026_to_now,2026-09-18T12:02:19+00:00
CVE-2026-83178,updated,2026-09-17,cve_2026_to_now,2026-09-18T12:02:19+00:00
CVE-2026-83179,updated,2026-09-17,cve_2026_to_now,2026-09-18T12:02:19+00:00
CVE-2026-83180,updated,2026-09-17,cve_2026_to_now,2026-09-18T12:02:19+00:00
CVE-2026-83181,updated,2026-09-17,cve_2026_to_now,2026-09-18T12:02:19+00:00
CVE-2026-83182,updated,2026-09-17,cve_2026_to_now,2026-09-18T12:02:19+00:00
CVE-2026-83184,updated,2026-09-17,cve_2026_to_now,2026-09-18T12:02:19+00:00
CVE-2026-83185,updated,2026-09-17,cve_2026_to_now,2026-09-18T12:02:19+00:00
CVE-2026-83186,updated,2026-09-17,cve_2026_to_now,2026-09-18T12:02:19+00:00
CVE-2026-83187,updated,2026-09-17,cve_2026_to_now,2026-09-18T12:02:19+00:00
CVE-2026-83188,updated,2026-09-17,cve_2026_to_now,2026-09-18T12:02:19+00:00
CVE-2026-83189,updated,2026-09-17,cve_2026_to_now,2026-09-18T12:02:19+00:00
CVE-2026-83190,updated,2026-09-17,cve_2026_to_now,2026-09-18T12:02:19+00:00
CVE-2026-83191,updated,2026-09-17,cve_2026_to_now,2026-09-18T12:02:19+00:00
CVE-2026-83192,updated,2026-09-17,cve_2026_to_now,2026-09-18T12:02:19+00:00
CVE-2026-83193,updated,2026-09-17,cve_2026_to_now,2026-09-18T12:02:19+00:00
CVE-2026-83194,updated,2026-09-17,cve_2026_to_now,2026-09-18T12:02:19+00:00
CVE-2026-83195,updated,2026-09-17,cve_2026_to_now,2026-09-18T12:02:19+00:00
CVE-2026-83196,updated,2026-09-17,cve_2026_to_now,2026-09-18T12:02:19+00:00
CVE-2026-83199,updated,2026-09-17,cve_2026_to_now,2026-09-18T12:02:19+00:00
CVE-2026-83200,updated,2026-09-17,cve_2026_to_now,2026-09-18T12:02:19+00:00
CVE-2026-83203,updated,2026-09-17,cve_2026_to_now,2026-09-18T12:02:19+00:00
CVE-2026-83204,updated,2026-09-17,cve_2026_to_now,2026-09-18T12:02:19+00:00
CVE-2026-83205,updated,2026-09-17,cve_2026_to_now,2026-09-18T12:02:19+00:00
CVE-2026-83206,updated,2026-09-17,cve_2026_to_now,2026-09-18T12:02:19+00:00
CVE-2026-83207,updated,2026-09-17,cve_2026_to_now,2026-09-18T12:02:19+00:00
CVE-2026-83208,updated,2026-09-17,cve_2026_to_now,2026-09-18T12:02:19+00:00
CVE-2026-83209,updated,2026-09-17,cve_2026_to_now,2026-09-18T12:02:19+00:00
CVE-2026-83210,updated,2026-09-17,cve_2026_to_now,2026-09-18T12:02:19+00:00
CVE-2026-83211,updated,2026-09-17,cve_2026_to_now,2026-09-18T12:02:19+00:00
CVE-2026-83212,updated,2026-09-17,cve_2026_to_now,2026-09-18T12:02:19+00:00
CVE-2026-83214,updated,2026-09-17,cve_2026_to_now,2026-09-18T12:02:19+00:00
CVE-2026-83216,updated,2026-09-17,cve_2026_to_now,2026-09-18T12:02:19+00:00
CVE-2026-83223,updated,2026-09-17,cve_2026_to_now,2026-09-18T12:02:19+00:00
CVE-2026-83224,updated,2026-09-17,cve_2026_to_now,2026-09-18T12:02:19+00:00
CVE-2026-83226,updated,2026-09-17,cve_2026_to_now,2026-09-18T12:02:19+00:00
CVE-2026-83227,updated,2026-09-17,cve_2026_to_now,2026-09-18T12:02:19+00:00
CVE-2026-83229,updated,2026-09-17,cve_2026_to_now,2026-09-18T12:02:19+00:00
CVE-2026-83230,updated,2026-09-17,cve_2026_to_now,2026-09-18T12:02:19+00:00
CVE-2026-83231,updated,2026-09-17,cve_2026_to_now,2026-09-18T12:02:19+00:00
CVE-2026-83233,updated,2026-09-17,cve_2026_to_now,2026-09-18T12:02:19+00:00
CVE-2026-83239,updated,2026-09-17,cve_2026_to_now,2026-09-18T12:02:19+00:00
CVE-2026-83241,updated,2026-09-17,cve_2026_to_now,2026-09-18T12:02:19+00:00
CVE-2026-83245,updated,2026-09-17,cve_2026_to_now,2026-09-18T12:02:19+00:00
CVE-2026-83246,updated,2026-09-17,cve_2026_to_now,2026-09-18T12:02:19+00:00
CVE-2026-83247,updated,2026-09-17,cve_2026_to_now,2026-09-18T12:02:19+00:00
CVE-2026-83249,updated,2026-09-17,cve_2026_to_now,2026-09-18T12:02:19+00:00
CVE-2026-83253,updated,2026-09-17,cve_2026_to_now,2026-09-18T12:02:19+00:00
CVE-2026-83254,updated,2026-09-17,cve_2026_to_now,2026-09-18T12:02:19+00:00
CVE-2026-83255,updated,2026-09-17,cve_2026_to_now,2026-09-18T12:02:19+00:00
CVE-2026-83256,updated,2026-09-17,cve_2026_to_now,2026-09-18T12:02:19+00:00
CVE-2026-83257,updated,2026-09-17,cve_2026_to_now,2026-09-18T12:02:19+00:00
CVE-2026-83258,updated,2026-09-17,cve_2026_to_now,2026-09-18T12:02:19+00:00
CVE-2026-83260,updated,2026-09-17,cve_2026_to_now,2026-09-18T12:02:19+00:00
CVE-2026-83262,updated,2026-09-17,cve_2026_to_now,2026-09-18T12:02:19+00:00
CVE-2026-83263,updated,2026-09-17,cve_2026_to_now,2026-09-18T12:02:19+00:00
CVE-2026-83268,updated,2026-09-17,cve_2026_to_now,2026-09-18T12:02:19+00:00
CVE-2026-83271,updated,2026-09-17,cve_2026_to_now,2026-09-18T12:02:19+00:00
CVE-2026-83272,updated,2026-09-17,cve_2026_to_now,2026-09-18T12:02:19+00:00
CVE-2026-83273,updated,2026-09-17,cve_2026_to_now,2026-09-18T12:02:19+00:00
CVE-2026-83282,updated,2026-09-17,cve_2026_to_now,2026-09-18T12:02:19+00:00
CVE-2026-83286,updated,2026-09-17,cve_2026_to_now,2026-09-18T12:02:19+00:00
CVE-2026-83288,updated,2026-09-17,cve_2026_to_now,2026-09-18T12:02:19+00:00
CVE-2026-83289,updated,2026-09-17,cve_2026_to_now,2026-09-18T12:02:19+00:00
CVE-2026-83290,updated,2026-09-17,cve_2026_to_now,2026-09-18T12:02:19+00:00
CVE-2026-83291,updated,2026-09-17,cve_2026_to_now,2026-09-18T12:02:19+00:00
CVE-2026-83292,updated,2026-09-17,cve_2026_to_now,2026-09-18T12:02:19+00:00
CVE-2026-83293,updated,2026-09-17,cve_2026_to_now,2026-09-18T12:02:19+00:00
CVE-2026-83294,updated,2026-09-17,cve_2026_to_now,2026-09-18T12:02:19+00:00
CVE-2026-83295,updated,2026-09-17,cve_2026_to_now,2026-09-18T12:02:19+00:00
CVE-2026-83296,updated,2026-09-17,cve_2026_to_now,2026-09-18T12:02:19+00:00
CVE-2026-83298,updated,2026-09-17,cve_2026_to_now,2026-09-18T12:02:19+00:00
CVE-2026-83299,updated,2026-09-17,cve_2026_to_now,2026-09-18T12:02:19+00:00
CVE-2026-83301,updated,2026-09-17,cve_2026_to_now,2026-09-18T12:02:19+00:00
CVE-2026-83306,updated,2026-09-17,cve_2026_to_now,2026-09-18T12:02:19+00:00
CVE-2026-83315,updated,2026-09-17,cve_2026_to_now,2026-09-18T12:02:19+00:00
CVE-2026-83316,updated,2026-09-17,cve_2026_to_now,2026-09-18T12:02:19+00:00
CVE-2026-83317,updated,2026-09-17,cve_2026_to_now,2026-09-18T12:02:19+00:00
CVE-2026-83318,updated,2026-09-17,cve_2026_to_now,2026-09-18T12:02:19+00:00
CVE-2026-83322,updated,2026-09-17,cve_2026_to_now,2026-09-18T12:02:19+00:00
CVE-2026-83323,updated,2026-09-17,cve_2026_to_now,2026-09-18T12:02:19+00:00
CVE-2026-83325,updated,2026-09-17,cve_2026_to_now,2026-09-18T12:02:19+00:00
CVE-2026-83328,updated,2026-09-17,cve_2026_to_now,2026-09-18T12:02:19+00:00
CVE-2026-83329,updated,2026-09-17,cve_2026_to_now,2026-09-18T12:02:19+00:00
CVE-2026-83331,updated,2026-09-17,cve_2026_to_now,2026-09-18T12:02:19+00:00
CVE-2026-83335,updated,2026-09-17,cve_2026_to_now,2026-09-18T12:02:19+00:00
CVE-2026-83336,updated,2026-09-17,cve_2026_to_now,2026-09-18T12:02:19+00:00
CVE-2026-83337,updated,2026-09-17,cve_2026_to_now,2026-09-18T12:02:19+00:00
CVE-2026-83338,updated,2026-09-17,cve_2026_to_now,2026-09-18T12:02:19+00:00
CVE-2026-83340,updated,2026-09-17,cve_2026_to_now,2026-09-18T12:02:19+00:00
CVE-2026-83342,updated,2026-09-17,cve_2026_to_now,2026-09-18T12:02:19+00:00
CVE-2026-83344,updated,2026-09-17,cve_2026_to_now,2026-09-18T12:02:19+00:00
CVE-2026-83348,updated,2026-09-17,cve_2026_to_now,2026-09-18T12:02:19+00:00
CVE-2026-83351,updated,2026-09-17,cve_2026_to_now,2026-09-18T12:02:19+00:00
CVE-2026-83353,updated,2026-09-17,cve_2026_to_now,2026-09-18T12:02:19+00:00
CVE-2026-83410,updated,2026-09-17,cve_2026_to_now,2026-09-18T12:02:19+00:00
CVE-2026-83411,updated,2026-09-17,cve_2026_to_now,2026-09-18T12:02:19+00:00
CVE-2026-83415,updated,2026-09-17,cve_2026_to_now,2026-09-18T12:02:19+00:00
CVE-2026-83420,updated,2026-09-17,cve_2026_to_now,2026-09-18T12:02:19+00:00
CVE-2026-83423,updated,2026-09-17,cve_2026_to_now,2026-09-18T12:02:19+00:00
CVE-2026-83440,updated,2026-09-17,cve_2026_to_now,2026-09-18T12:02:19+00:00
CVE-2026-83442,updated,2026-09-17,cve_2026_to_now,2026-09-18T12:02:19+00:00
CVE-2026-83444,updated,2026-09-17,cve_2026_to_now,2026-09-18T12:02:19+00:00
CVE-2026-83445,updated,2026-09-17,cve_2026_to_now,2026-09-18T12:02:19+00:00
CVE-2026-83450,updated,2026-09-17,cve_2026_to_now,2026-09-18T12:02:19+00:00
CVE-2026-83451,updated,2026-09-17,cve_2026_to_now,2026-09-18T12:02:19+00:00
CVE-2026-83453,updated,2026-09-17,cve_2026_to_now,2026-09-18T12:02:19+00:00
CVE-2026-83454,updated,2026-09-17,cve_2026_to_now,2026-09-18T12:02:19+00:00
CVE-2026-83456,updated,2026-09-17,cve_2026_to_now,2026-09-18T12:02:19+00:00
CVE-2026-83463,updated,2026-09-17,cve_2026_to_now,2026-09-18T12:02:19+00:00
CVE-2026-83464,updated,2026-09-17,cve_2026_to_now,2026-09-18T12:02:19+00:00
CVE-2026-83479,updated,2026-09-17,cve_2026_to_now,2026-09-18T12:02:19+00:00
CVE-2026-83481,updated,2026-09-17,cve_2026_to_now,2026-09-18T12:02:19+00:00
CVE-2026-83482,updated,2026-09-17,cve_2026_to_now,2026-09-18T12:02:19+00:00
CVE-2026-83483,updated,2026-09-17,cve_2026_to_now,2026-09-18T12:02:19+00:00
CVE-2026-83489,updated,2026-09-17,cve_2026_to_now,2026-09-18T12:02:19+00:00
CVE-2026-83498,updated,2026-09-17,cve_2026_to_now,2026-09-18T12:02:19+00:00
CVE-2026-83501,updated,2026-09-17,cve_2026_to_now,2026-09-18T12:02:19+00:00
CVE-2026-83561,added,,cve_2026_to_now,2026-09-18T12:02:19+00:00
CVE-2026-83711,updated,2026-09-17,cve_2026_to_now,2026-09-18T12:02:19+00:00
CVE-2026-83939,updated,2026-09-17,cve_2026_to_now,2026-09-18T12:02:19+00:00
CVE-2026-83940,updated,2026-09-17,cve_2026_to_now,2026-09-18T12:02:19+00:00
CVE-2026-83941,updated,2026-09-17,cve_2026_to_now,2026-09-18T12:02:19+00:00
CVE-2026-83942,updated,2026-09-17,cve_2026_to_now,2026-09-18T12:02:19+00:00
CVE-2026-83944,added,,cve_2026_to_now,2026-09-18T12:02:19+00:00
CVE-2026-83946,added,,cve_2026_to_now,2026-09-18T12:02:19+00:00
CVE-2026-83948,updated,2026-09-17,cve_2026_to_now,2026-09-18T12:02:19+00:00
CVE-2026-83949,updated,2026-09-17,cve_2026_to_now,2026-09-18T12:02:19+00:00
CVE-2026-83951,updated,2026-09-17,cve_2026_to_now,2026-09-18T12:02:19+00:00
CVE-2026-83952,updated,2026-09-17,cve_2026_to_now,2026-09-18T12:02:19+00:00
CVE-2026-83954,updated,2026-09-17,cve_2026_to_now,2026-09-18T12:02:19+00:00
CVE-2026-83955,updated,2026-09-17,cve_2026_to_now,2026-09-18T12:02:19+00:00
CVE-2026-83967,updated,2026-09-17,cve_2026_to_now,2026-09-18T12:02:19+00:00
CVE-2026-83968,updated,2026-09-17,cve_2026_to_now,2026-09-18T12:02:19+00:00
CVE-2026-83969,updated,2026-09-17,cve_2026_to_now,2026-09-18T12:02:19+00:00
CVE-2026-83970,updated,2026-09-17,cve_2026_to_now,2026-09-18T12:02:19+00:00
CVE-2026-83971,updated,2026-09-17,cve_2026_to_now,2026-09-18T12:02:19+00:00
CVE-2026-83972,updated,2026-09-17,cve_2026_to_now,2026-09-18T12:02:19+00:00
CVE-2026-83973,updated,2026-09-17,cve_2026_to_now,2026-09-18T12:02:19+00:00
CVE-2026-83974,updated,2026-09-17,cve_2026_to_now,2026-09-18T12:02:19+00:00
CVE-2026-83975,updated,2026-09-17,cve_2026_to_now,2026-09-18T12:02:19+00:00
CVE-2026-83976,updated,2026-09-17,cve_2026_to_now,2026-09-18T12:02:19+00:00
CVE-2026-83977,updated,2026-09-17,cve_2026_to_now,2026-09-18T12:02:19+00:00
CVE-2026-83978,updated,2026-09-17,cve_2026_to_now,2026-09-18T12:02:19+00:00
CVE-2026-83979,updated,2026-09-17,cve_2026_to_now,2026-09-18T12:02:19+00:00
CVE-2026-83980,updated,2026-09-17,cve_2026_to_now,2026-09-18T12:02:19+00:00
CVE-2026-83981,updated,2026-09-17,cve_2026_to_now,2026-09-18T12:02:19+00:00
CVE-2026-83982,updated,2026-09-17,cve_2026_to_now,2026-09-18T12:02:19+00:00
CVE-2026-83983,updated,2026-09-17,cve_2026_to_now,2026-09-18T12:02:19+00:00
CVE-2026-83985,updated,2026-09-17,cve_2026_to_now,2026-09-18T12:02:19+00:00
CVE-2026-83986,updated,2026-09-17,cve_2026_to_now,2026-09-18T12:02:19+00:00
CVE-2026-83987,updated,2026-09-17,cve_2026_to_now,2026-09-18T12:02:19+00:00
CVE-2026-83988,updated,2026-09-17,cve_2026_to_now,2026-09-18T12:02:19+00:00
CVE-2026-83989,updated,2026-09-17,cve_2026_to_now,2026-09-18T12:02:19+00:00
CVE-2026-83990,updated,2026-09-17,cve_2026_to_now,2026-09-18T12:02:19+00:00
CVE-2026-83991,updated,2026-09-17,cve_2026_to_now,2026-09-18T12:02:19+00:00
CVE-2026-83992,updated,2026-09-17,cve_2026_to_now,2026-09-18T12:02:19+00:00
CVE-2026-83995,updated,2026-09-17,cve_2026_to_now,2026-09-18T12:02:19+00:00
CVE-2026-83996,updated,2026-09-17,cve_2026_to_now,2026-09-18T12:02:19+00:00
CVE-2026-83997,updated,2026-09-17,cve_2026_to_now,2026-09-18T12:02:19+00:00
CVE-2026-83998,updated,2026-09-17,cve_2026_to_now,2026-09-18T12:02:19+00:00
CVE-2026-83999,updated,2026-09-17,cve_2026_to_now,2026-09-18T12:02:19+00:00
CVE-2026-84000,updated,2026-09-17,cve_2026_to_now,2026-09-18T12:02:19+00:00
CVE-2026-84001,updated,2026-09-17,cve_2026_to_now,2026-09-18T12:02:19+00:00
CVE-2026-84003,updated,2026-09-17,cve_2026_to_now,2026-09-18T12:02:19+00:00
CVE-2026-84088,updated,2026-09-17,cve_2026_to_now,2026-09-18T12:02:19+00:00
CVE-2026-84325,updated,2026-09-17,cve_2026_to_now,2026-09-18T12:02:19+00:00
CVE-2026-84332,updated,2026-09-17,cve_2026_to_now,2026-09-18T12:02:19+00:00
CVE-2026-84356,updated,2026-09-17,cve_2026_to_now,2026-09-18T12:02:19+00:00
CVE-2026-84357,updated,2026-09-17,cve_2026_to_now,2026-09-18T12:02:19+00:00
CVE-2026-84439,updated,2026-09-17,cve_2026_to_now,2026-09-18T12:02:19+00:00
CVE-2026-84507,updated,2026-09-17,cve_2026_to_now,2026-09-18T12:02:19+00:00
CVE-2026-84509,updated,2026-09-17,cve_2026_to_now,2026-09-18T12:02:19+00:00
CVE-2026-84510,updated,2026-09-17,cve_2026_to_now,2026-09-18T12:02:19+00:00
CVE-2026-84513,updated,2026-09-17,cve_2026_to_now,2026-09-18T12:02:19+00:00
CVE-2026-84514,updated,2026-09-17,cve_2026_to_now,2026-09-18T12:02:19+00:00
CVE-2026-84522,updated,2026-09-17,cve_2026_to_now,2026-09-18T12:02:19+00:00
CVE-2026-84524,updated,2026-09-17,cve_2026_to_now,2026-09-18T12:02:19+00:00
CVE-2026-84525,updated,2026-09-17,cve_2026_to_now,2026-09-18T12:02:19+00:00
CVE-2026-84526,updated,2026-09-17,cve_2026_to_now,2026-09-18T12:02:19+00:00
CVE-2026-84527,updated,2026-09-17,cve_2026_to_now,2026-09-18T12:02:19+00:00
CVE-2026-84530,updated,2026-09-17,cve_2026_to_now,2026-09-18T12:02:19+00:00
CVE-2026-84531,updated,2026-09-17,cve_2026_to_now,2026-09-18T12:02:19+00:00
CVE-2026-84532,updated,2026-09-17,cve_2026_to_now,2026-09-18T12:02:19+00:00
CVE-2026-84533,updated,2026-09-17,cve_2026_to_now,2026-09-18T12:02:19+00:00
CVE-2026-84544,updated,2026-09-17,cve_2026_to_now,2026-09-18T12:02:19+00:00
CVE-2026-84548,updated,2026-09-17,cve_2026_to_now,2026-09-18T12:02:19+00:00
CVE-2026-84551,updated,2026-09-17,cve_2026_to_now,2026-09-18T12:02:19+00:00
CVE-2026-84552,updated,2026-09-17,cve_2026_to_now,2026-09-18T12:02:19+00:00
CVE-2026-84556,updated,2026-09-17,cve_2026_to_now,2026-09-18T12:02:19+00:00
CVE-2026-84558,updated,2026-09-17,cve_2026_to_now,2026-09-18T12:02:19+00:00
CVE-2026-84559,updated,2026-09-17,cve_2026_to_now,2026-09-18T12:02:19+00:00
CVE-2026-84564,updated,2026-09-17,cve_2026_to_now,2026-09-18T12:02:19+00:00
CVE-2026-84565,updated,2026-09-17,cve_2026_to_now,2026-09-18T12:02:19+00:00
CVE-2026-84566,updated,2026-09-17,cve_2026_to_now,2026-09-18T12:02:19+00:00
CVE-2026-84567,updated,2026-09-17,cve_2026_to_now,2026-09-18T12:02:19+00:00
CVE-2026-84569,updated,2026-09-17,cve_2026_to_now,2026-09-18T12:02:19+00:00
CVE-2026-84570,updated,2026-09-17,cve_2026_to_now,2026-09-18T12:02:19+00:00
CVE-2026-84571,updated,2026-09-17,cve_2026_to_now,2026-09-18T12:02:19+00:00
CVE-2026-84572,updated,2026-09-17,cve_2026_to_now,2026-09-18T12:02:19+00:00
CVE-2026-84573,updated,2026-09-17,cve_2026_to_now,2026-09-18T12:02:19+00:00
CVE-2026-84574,updated,2026-09-17,cve_2026_to_now,2026-09-18T12:02:19+00:00
CVE-2026-84578,updated,2026-09-18,cve_2026_to_now,2026-09-18T12:02:19+00:00
CVE-2026-84580,updated,2026-09-17,cve_2026_to_now,2026-09-18T12:02:19+00:00
CVE-2026-84584,updated,2026-09-17,cve_2026_to_now,2026-09-18T12:02:19+00:00
CVE-2026-84587,updated,2026-09-17,cve_2026_to_now,2026-09-18T12:02:19+00:00
CVE-2026-84600,updated,2026-09-17,cve_2026_to_now,2026-09-18T12:02:19+00:00
CVE-2026-84601,updated,2026-09-17,cve_2026_to_now,2026-09-18T12:02:19+00:00
CVE-2026-84602,updated,2026-09-17,cve_2026_to_now,2026-09-18T12:02:19+00:00
CVE-2026-84603,updated,2026-09-17,cve_2026_to_now,2026-09-18T12:02:19+00:00
CVE-2026-84615,updated,2026-09-17,cve_2026_to_now,2026-09-18T12:02:19+00:00
CVE-2026-84616,updated,2026-09-17,cve_2026_to_now,2026-09-18T12:02:19+00:00
CVE-2026-84618,updated,2026-09-17,cve_2026_to_now,2026-09-18T12:02:19+00:00
CVE-2026-84621,updated,2026-09-17,cve_2026_to_now,2026-09-18T12:02:19+00:00
CVE-2026-84622,updated,2026-09-17,cve_2026_to_now,2026-09-18T12:02:19+00:00
CVE-2026-84623,updated,2026-09-17,cve_2026_to_now,2026-09-18T12:02:19+00:00
CVE-2026-84626,updated,2026-09-17,cve_2026_to_now,2026-09-18T12:02:19+00:00
CVE-2026-84636,updated,2026-09-17,cve_2026_to_now,2026-09-18T12:02:19+00:00
CVE-2026-84639,updated,2026-09-17,cve_2026_to_now,2026-09-18T12:02:19+00:00
CVE-2026-84647,updated,2026-09-17,cve_2026_to_now,2026-09-18T12:02:19+00:00
CVE-2026-84649,updated,2026-09-17,cve_2026_to_now,2026-09-18T12:02:19+00:00
CVE-2026-84650,updated,2026-09-17,cve_2026_to_now,2026-09-18T12:02:19+00:00
CVE-2026-84738,added,,cve_2026_to_now,2026-09-18T12:02:19+00:00
CVE-2026-84829,updated,2026-09-17,cve_2026_to_now,2026-09-18T12:02:19+00:00
CVE-2026-84858,updated,2026-09-17,cve_2026_to_now,2026-09-18T12:02:19+00:00
CVE-2026-84859,updated,2026-09-17,cve_2026_to_now,2026-09-18T12:02:19+00:00
CVE-2026-84860,updated,2026-09-17,cve_2026_to_now,2026-09-18T12:02:19+00:00
CVE-2026-84902,added,,cve_2026_to_now,2026-09-18T12:02:19+00:00
CVE-2026-84903,added,,cve_2026_to_now,2026-09-18T12:02:19+00:00
CVE-2026-84904,added,,cve_2026_to_now,2026-09-18T12:02:19+00:00
CVE-2026-84905,updated,2026-09-17,cve_2026_to_now,2026-09-18T12:02:19+00:00
CVE-2026-84907,updated,2026-09-17,cve_2026_to_now,2026-09-18T12:02:19+00:00
CVE-2026-84909,added,,cve_2026_to_now,2026-09-18T12:02:19+00:00
CVE-2026-85009,added,,cve_2026_to_now,2026-09-18T12:02:19+00:00
CVE-2026-85077,added,,cve_2026_to_now,2026-09-18T12:02:19+00:00
CVE-2026-85078,added,,cve_2026_to_now,2026-09-18T12:02:19+00:00
CVE-2026-85104,updated,2026-09-17,cve_2026_to_now,2026-09-18T12:02:19+00:00
CVE-2026-85122,added,,cve_2026_to_now,2026-09-18T12:02:19+00:00
CVE-2026-85123,added,,cve_2026_to_now,2026-09-18T12:02:19+00:00
CVE-2026-85127,added,,cve_2026_to_now,2026-09-18T12:02:19+00:00
CVE-2026-85128,updated,,cve_2026_to_now,2026-09-18T12:02:19+00:00
CVE-2026-85130,updated,,cve_2026_to_now,2026-09-18T12:02:19+00:00
CVE-2026-85131,updated,2026-09-17,cve_2026_to_now,2026-09-18T12:02:19+00:00
CVE-2026-85176,updated,2026-09-17,cve_2026_to_now,2026-09-18T12:02:19+00:00
CVE-2026-85178,updated,2026-09-17,cve_2026_to_now,2026-09-18T12:02:19+00:00
CVE-2026-85349,updated,2026-09-17,cve_2026_to_now,2026-09-18T12:02:19+00:00
CVE-2026-85350,added,,cve_2026_to_now,2026-09-18T12:02:19+00:00
CVE-2026-85360,updated,2026-09-17,cve_2026_to_now,2026-09-18T12:02:19+00:00
CVE-2026-85385,updated,2026-09-17,cve_2026_to_now,2026-09-18T12:02:19+00:00
CVE-2026-85386,updated,2026-09-17,cve_2026_to_now,2026-09-18T12:02:19+00:00
CVE-2026-85387,updated,2026-09-17,cve_2026_to_now,2026-09-18T12:02:19+00:00
CVE-2026-85410,added,,cve_2026_to_now,2026-09-18T12:02:19+00:00
CVE-2026-85469,updated,2026-09-17,cve_2026_to_now,2026-09-18T12:02:19+00:00
CVE-2026-85500,added,,cve_2026_to_now,2026-09-18T12:02:19+00:00
CVE-2026-85530,updated,2026-09-17,cve_2026_to_now,2026-09-18T12:02:19+00:00
CVE-2026-85544,updated,2026-09-18,cve_2026_to_now,2026-09-18T12:02:19+00:00
CVE-2026-85569,updated,2026-09-17,cve_2026_to_now,2026-09-18T12:02:19+00:00
CVE-2026-85572,updated,2026-09-17,cve_2026_to_now,2026-09-18T12:02:19+00:00
CVE-2026-85641,updated,2026-09-17,cve_2026_to_now,2026-09-18T12:02:19+00:00
CVE-2026-85652,added,,cve_2026_to_now,2026-09-18T12:02:19+00:00
CVE-2026-85705,added,,cve_2026_to_now,2026-09-18T12:02:19+00:00
CVE-2026-85715,added,,cve_2026_to_now,2026-09-18T12:02:19+00:00
CVE-2026-85716,added,,cve_2026_to_now,2026-09-18T12:02:19+00:00
CVE-2026-85717,added,,cve_2026_to_now,2026-09-18T12:02:19+00:00
CVE-2026-85718,added,,cve_2026_to_now,2026-09-18T12:02:19+00:00
CVE-2026-85719,added,,cve_2026_to_now,2026-09-18T12:02:19+00:00
CVE-2026-85720,added,,cve_2026_to_now,2026-09-18T12:02:19+00:00
CVE-2026-85721,added,,cve_2026_to_now,2026-09-18T12:02:19+00:00
CVE-2026-85875,updated,2026-09-17,cve_2026_to_now,2026-09-18T12:02:19+00:00
CVE-2026-85877,updated,2026-09-17,cve_2026_to_now,2026-09-18T12:02:19+00:00
CVE-2026-85878,added,,cve_2026_to_now,2026-09-18T12:02:19+00:00
CVE-2026-85880,updated,2026-09-17,cve_2026_to_now,2026-09-18T12:02:19+00:00
CVE-2026-85885,added,,cve_2026_to_now,2026-09-18T12:02:19+00:00
CVE-2026-85887,added,,cve_2026_to_now,2026-09-18T12:02:19+00:00
CVE-2026-85889,added,,cve_2026_to_now,2026-09-18T12:02:19+00:00
CVE-2026-85892,updated,2026-09-17,cve_2026_to_now,2026-09-18T12:02:19+00:00
CVE-2026-85893,updated,2026-09-17,cve_2026_to_now,2026-09-18T12:02:19+00:00
CVE-2026-85917,added,,cve_2026_to_now,2026-09-18T12:02:19+00:00
CVE-2026-85921,updated,2026-09-17,cve_2026_to_now,2026-09-18T12:02:19+00:00
CVE-2026-85999,added,,cve_2026_to_now,2026-09-18T12:02:19+00:00
CVE-2026-86000,added,,cve_2026_to_now,2026-09-18T12:02:19+00:00
CVE-2026-86003,updated,2026-09-17,cve_2026_to_now,2026-09-18T12:02:19+00:00
CVE-2026-86038,added,,cve_2026_to_now,2026-09-18T12:02:19+00:00
CVE-2026-86039,added,,cve_2026_to_now,2026-09-18T12:02:19+00:00
CVE-2026-86040,added,,cve_2026_to_now,2026-09-18T12:02:19+00:00
CVE-2026-86049,added,,cve_2026_to_now,2026-09-18T12:02:19+00:00
CVE-2026-86071,updated,2026-09-17,cve_2026_to_now,2026-09-18T12:02:19+00:00
CVE-2026-86089,updated,2026-09-17,cve_2026_to_now,2026-09-18T12:02:19+00:00
CVE-2026-86108,updated,2026-09-17,cve_2026_to_now,2026-09-18T12:02:19+00:00
CVE-2026-86109,updated,2026-09-17,cve_2026_to_now,2026-09-18T12:02:19+00:00
CVE-2026-86311,updated,,cve_2026_to_now,2026-09-18T12:02:19+00:00
CVE-2026-86320,updated,,cve_2026_to_now,2026-09-18T12:02:19+00:00
CVE-2026-86404,updated,2026-09-17,cve_2026_to_now,2026-09-18T12:02:19+00:00
CVE-2026-86444,updated,2026-09-17,cve_2026_to_now,2026-09-18T12:02:19+00:00
CVE-2026-86445,updated,2026-09-17,cve_2026_to_now,2026-09-18T12:02:19+00:00
CVE-2026-86446,updated,,cve_2026_to_now,2026-09-18T12:02:19+00:00
CVE-2026-86447,updated,2026-09-17,cve_2026_to_now,2026-09-18T12:02:19+00:00
CVE-2026-86448,updated,2026-09-17,cve_2026_to_now,2026-09-18T12:02:19+00:00
CVE-2026-86449,updated,2026-09-17,cve_2026_to_now,2026-09-18T12:02:19+00:00
CVE-2026-86462,updated,2026-09-17,cve_2026_to_now,2026-09-18T12:02:19+00:00
CVE-2026-86465,updated,2026-09-17,cve_2026_to_now,2026-09-18T12:02:19+00:00
CVE-2026-86466,updated,2026-09-17,cve_2026_to_now,2026-09-18T12:02:19+00:00
CVE-2026-86522,added,,cve_2026_to_now,2026-09-18T12:02:19+00:00
CVE-2026-86533,added,,cve_2026_to_now,2026-09-18T12:02:19+00:00
CVE-2026-86688,added,,cve_2026_to_now,2026-09-18T12:02:19+00:00
CVE-2026-86707,updated,,cve_2026_to_now,2026-09-18T12:02:19+00:00
CVE-2026-86709,updated,,cve_2026_to_now,2026-09-18T12:02:19+00:00
CVE-2026-86710,updated,,cve_2026_to_now,2026-09-18T12:02:19+00:00
CVE-2026-86784,updated,2026-09-17,cve_2026_to_now,2026-09-18T12:02:19+00:00
CVE-2026-86788,updated,,cve_2026_to_now,2026-09-18T12:02:19+00:00
CVE-2026-86792,updated,2026-09-17,cve_2026_to_now,2026-09-18T12:02:19+00:00
CVE-2026-86796,added,,cve_2026_to_now,2026-09-18T12:02:19+00:00
CVE-2026-86800,added,,cve_2026_to_now,2026-09-18T12:02:19+00:00
CVE-2026-86801,updated,,cve_2026_to_now,2026-09-18T12:02:19+00:00
CVE-2026-86823,updated,2026-09-17,cve_2026_to_now,2026-09-18T12:02:19+00:00
CVE-2026-86824,updated,,cve_2026_to_now,2026-09-18T12:02:19+00:00
CVE-2026-86831,updated,2026-09-17,cve_2026_to_now,2026-09-18T12:02:19+00:00
CVE-2026-86861,added,,cve_2026_to_now,2026-09-18T12:02:19+00:00
CVE-2026-86862,added,,cve_2026_to_now,2026-09-18T12:02:19+00:00
CVE-2026-86863,added,,cve_2026_to_now,2026-09-18T12:02:19+00:00
CVE-2026-86864,added,,cve_2026_to_now,2026-09-18T12:02:19+00:00
CVE-2026-86865,updated,2026-09-17,cve_2026_to_now,2026-09-18T12:02:19+00:00
CVE-2026-86869,updated,2026-09-17,cve_2026_to_now,2026-09-18T12:02:19+00:00
CVE-2026-86870,updated,2026-09-17,cve_2026_to_now,2026-09-18T12:02:19+00:00
CVE-2026-86884,updated,2026-09-17,cve_2026_to_now,2026-09-18T12:02:19+00:00
CVE-2026-86886,updated,2026-09-17,cve_2026_to_now,2026-09-18T12:02:19+00:00
CVE-2026-86887,updated,2026-09-17,cve_2026_to_now,2026-09-18T12:02:19+00:00
CVE-2026-86888,updated,2026-09-17,cve_2026_to_now,2026-09-18T12:02:19+00:00
CVE-2026-86891,updated,2026-09-17,cve_2026_to_now,2026-09-18T12:02:19+00:00
CVE-2026-86892,updated,2026-09-17,cve_2026_to_now,2026-09-18T12:02:19+00:00
CVE-2026-86893,updated,2026-09-17,cve_2026_to_now,2026-09-18T12:02:19+00:00
CVE-2026-86898,updated,2026-09-17,cve_2026_to_now,2026-09-18T12:02:19+00:00
CVE-2026-86900,updated,2026-09-17,cve_2026_to_now,2026-09-18T12:02:19+00:00
CVE-2026-86901,updated,2026-09-17,cve_2026_to_now,2026-09-18T12:02:19+00:00
CVE-2026-86902,updated,2026-09-17,cve_2026_to_now,2026-09-18T12:02:19+00:00
CVE-2026-86909,updated,2026-09-17,cve_2026_to_now,2026-09-18T12:02:19+00:00
CVE-2026-87024,updated,2026-09-17,cve_2026_to_now,2026-09-18T12:02:19+00:00
CVE-2026-87026,updated,2026-09-17,cve_2026_to_now,2026-09-18T12:02:19+00:00
CVE-2026-87028,updated,2026-09-17,cve_2026_to_now,2026-09-18T12:02:19+00:00
CVE-2026-87031,updated,2026-09-17,cve_2026_to_now,2026-09-18T12:02:19+00:00
CVE-2026-87076,updated,2026-09-17,cve_2026_to_now,2026-09-18T12:02:19+00:00
CVE-2026-87105,updated,2026-09-17,cve_2026_to_now,2026-09-18T12:02:19+00:00
CVE-2026-87113,updated,2026-09-17,cve_2026_to_now,2026-09-18T12:02:19+00:00
CVE-2026-87116,updated,2026-09-17,cve_2026_to_now,2026-09-18T12:02:19+00:00
CVE-2026-87139,updated,2026-09-17,cve_2026_to_now,2026-09-18T12:02:19+00:00
CVE-2026-87140,updated,2026-09-17,cve_2026_to_now,2026-09-18T12:02:19+00:00
CVE-2026-87150,updated,2026-09-17,cve_2026_to_now,2026-09-18T12:02:19+00:00
CVE-2026-87155,updated,2026-09-17,cve_2026_to_now,2026-09-18T12:02:19+00:00
CVE-2026-87162,updated,2026-09-17,cve_2026_to_now,2026-09-18T12:02:19+00:00
CVE-2026-87163,updated,2026-09-17,cve_2026_to_now,2026-09-18T12:02:19+00:00
CVE-2026-87164,updated,2026-09-17,cve_2026_to_now,2026-09-18T12:02:19+00:00
CVE-2026-87165,updated,2026-09-17,cve_2026_to_now,2026-09-18T12:02:19+00:00
CVE-2026-87172,updated,2026-09-17,cve_2026_to_now,2026-09-18T12:02:19+00:00
CVE-2026-87179,updated,2026-09-17,cve_2026_to_now,2026-09-18T12:02:19+00:00
CVE-2026-87180,updated,2026-09-17,cve_2026_to_now,2026-09-18T12:02:19+00:00
CVE-2026-87181,updated,2026-09-17,cve_2026_to_now,2026-09-18T12:02:19+00:00
CVE-2026-87182,updated,2026-09-17,cve_2026_to_now,2026-09-18T12:02:19+00:00
CVE-2026-87183,updated,2026-09-17,cve_2026_to_now,2026-09-18T12:02:19+00:00
CVE-2026-87185,updated,2026-09-17,cve_2026_to_now,2026-09-18T12:02:19+00:00
CVE-2026-87186,updated,2026-09-17,cve_2026_to_now,2026-09-18T12:02:19+00:00
CVE-2026-87187,updated,2026-09-17,cve_2026_to_now,2026-09-18T12:02:19+00:00
CVE-2026-87189,updated,2026-09-17,cve_2026_to_now,2026-09-18T12:02:19+00:00
CVE-2026-87190,updated,2026-09-17,cve_2026_to_now,2026-09-18T12:02:19+00:00
CVE-2026-87201,updated,2026-09-17,cve_2026_to_now,2026-09-18T12:02:19+00:00
CVE-2026-87202,updated,2026-09-17,cve_2026_to_now,2026-09-18T12:02:19+00:00
CVE-2026-87203,updated,2026-09-17,cve_2026_to_now,2026-09-18T12:02:19+00:00
CVE-2026-87204,updated,2026-09-17,cve_2026_to_now,2026-09-18T12:02:19+00:00
CVE-2026-87207,updated,2026-09-17,cve_2026_to_now,2026-09-18T12:02:19+00:00
CVE-2026-87213,updated,2026-09-17,cve_2026_to_now,2026-09-18T12:02:19+00:00
CVE-2026-87214,updated,2026-09-17,cve_2026_to_now,2026-09-18T12:02:19+00:00
CVE-2026-87216,updated,2026-09-17,cve_2026_to_now,2026-09-18T12:02:19+00:00
CVE-2026-87218,updated,2026-09-17,cve_2026_to_now,2026-09-18T12:02:19+00:00
CVE-2026-87219,updated,2026-09-17,cve_2026_to_now,2026-09-18T12:02:19+00:00
CVE-2026-87220,updated,2026-09-17,cve_2026_to_now,2026-09-18T12:02:19+00:00
CVE-2026-87221,updated,2026-09-17,cve_2026_to_now,2026-09-18T12:02:19+00:00
CVE-2026-87224,updated,2026-09-17,cve_2026_to_now,2026-09-18T12:02:19+00:00
CVE-2026-87226,updated,2026-09-17,cve_2026_to_now,2026-09-18T12:02:19+00:00
CVE-2026-87227,updated,2026-09-17,cve_2026_to_now,2026-09-18T12:02:19+00:00
CVE-2026-87231,updated,2026-09-17,cve_2026_to_now,2026-09-18T12:02:19+00:00
CVE-2026-87237,updated,2026-09-17,cve_2026_to_now,2026-09-18T12:02:19+00:00
CVE-2026-87238,updated,2026-09-17,cve_2026_to_now,2026-09-18T12:02:19+00:00
CVE-2026-87239,updated,2026-09-17,cve_2026_to_now,2026-09-18T12:02:19+00:00
CVE-2026-87240,updated,2026-09-17,cve_2026_to_now,2026-09-18T12:02:19+00:00
CVE-2026-87244,updated,2026-09-17,cve_2026_to_now,2026-09-18T12:02:19+00:00
CVE-2026-87245,updated,2026-09-17,cve_2026_to_now,2026-09-18T12:02:19+00:00
CVE-2026-87246,updated,2026-09-17,cve_2026_to_now,2026-09-18T12:02:19+00:00
CVE-2026-87247,updated,2026-09-17,cve_2026_to_now,2026-09-18T12:02:19+00:00
CVE-2026-87248,updated,2026-09-17,cve_2026_to_now,2026-09-18T12:02:19+00:00
CVE-2026-87249,updated,2026-09-17,cve_2026_to_now,2026-09-18T12:02:19+00:00
CVE-2026-87250,updated,2026-09-17,cve_2026_to_now,2026-09-18T12:02:19+00:00
CVE-2026-87252,updated,2026-09-17,cve_2026_to_now,2026-09-18T12:02:19+00:00
CVE-2026-87253,updated,2026-09-17,cve_2026_to_now,2026-09-18T12:02:19+00:00
CVE-2026-87254,updated,2026-09-17,cve_2026_to_now,2026-09-18T12:02:19+00:00
CVE-2026-87256,updated,2026-09-17,cve_2026_to_now,2026-09-18T12:02:19+00:00
CVE-2026-87257,updated,2026-09-17,cve_2026_to_now,2026-09-18T12:02:19+00:00
CVE-2026-87258,updated,2026-09-17,cve_2026_to_now,2026-09-18T12:02:19+00:00
CVE-2026-87259,updated,2026-09-17,cve_2026_to_now,2026-09-18T12:02:19+00:00
CVE-2026-87260,updated,2026-09-17,cve_2026_to_now,2026-09-18T12:02:19+00:00
CVE-2026-87261,updated,2026-09-17,cve_2026_to_now,2026-09-18T12:02:19+00:00
CVE-2026-87262,updated,2026-09-17,cve_2026_to_now,2026-09-18T12:02:19+00:00
CVE-2026-87264,updated,2026-09-17,cve_2026_to_now,2026-09-18T12:02:19+00:00
CVE-2026-87268,updated,2026-09-17,cve_2026_to_now,2026-09-18T12:02:19+00:00
CVE-2026-87269,updated,2026-09-17,cve_2026_to_now,2026-09-18T12:02:19+00:00
CVE-2026-87270,updated,2026-09-17,cve_2026_to_now,2026-09-18T12:02:19+00:00
CVE-2026-87271,updated,2026-09-17,cve_2026_to_now,2026-09-18T12:02:19+00:00
CVE-2026-87272,updated,2026-09-17,cve_2026_to_now,2026-09-18T12:02:19+00:00
CVE-2026-87273,updated,2026-09-17,cve_2026_to_now,2026-09-18T12:02:19+00:00
CVE-2026-87274,updated,2026-09-17,cve_2026_to_now,2026-09-18T12:02:19+00:00
CVE-2026-87275,updated,2026-09-17,cve_2026_to_now,2026-09-18T12:02:19+00:00
CVE-2026-87276,updated,2026-09-17,cve_2026_to_now,2026-09-18T12:02:19+00:00
CVE-2026-87278,updated,2026-09-17,cve_2026_to_now,2026-09-18T12:02:19+00:00
CVE-2026-87279,updated,2026-09-17,cve_2026_to_now,2026-09-18T12:02:19+00:00
CVE-2026-87280,updated,2026-09-17,cve_2026_to_now,2026-09-18T12:02:19+00:00
CVE-2026-87281,updated,2026-09-17,cve_2026_to_now,2026-09-18T12:02:19+00:00
CVE-2026-87282,updated,2026-09-17,cve_2026_to_now,2026-09-18T12:02:19+00:00
CVE-2026-87283,updated,2026-09-17,cve_2026_to_now,2026-09-18T12:02:19+00:00
CVE-2026-87284,updated,2026-09-17,cve_2026_to_now,2026-09-18T12:02:19+00:00
CVE-2026-87285,updated,2026-09-17,cve_2026_to_now,2026-09-18T12:02:19+00:00
CVE-2026-87286,updated,2026-09-17,cve_2026_to_now,2026-09-18T12:02:19+00:00
CVE-2026-87435,updated,2026-09-17,cve_2026_to_now,2026-09-18T12:02:19+00:00
CVE-2026-87525,updated,2026-09-17,cve_2026_to_now,2026-09-18T12:02:19+00:00
CVE-2026-87555,updated,2026-09-17,cve_2026_to_now,2026-09-18T12:02:19+00:00
CVE-2026-87564,updated,2026-09-17,cve_2026_to_now,2026-09-18T12:02:19+00:00
CVE-2026-87576,updated,2026-09-17,cve_2026_to_now,2026-09-18T12:02:19+00:00
CVE-2026-87586,updated,2026-09-17,cve_2026_to_now,2026-09-18T12:02:19+00:00
CVE-2026-87592,updated,2026-09-17,cve_2026_to_now,2026-09-18T12:02:19+00:00
CVE-2026-87596,updated,2026-09-17,cve_2026_to_now,2026-09-18T12:02:19+00:00
CVE-2026-87647,updated,2026-09-17,cve_2026_to_now,2026-09-18T12:02:19+00:00
CVE-2026-87657,updated,2026-09-17,cve_2026_to_now,2026-09-18T12:02:19+00:00
CVE-2026-87701,added,,cve_2026_to_now,2026-09-18T12:02:19+00:00
CVE-2026-87742,added,,cve_2026_to_now,2026-09-18T12:02:19+00:00
CVE-2026-87743,added,,cve_2026_to_now,2026-09-18T12:02:19+00:00
CVE-2026-87767,added,,cve_2026_to_now,2026-09-18T12:02:19+00:00
CVE-2026-87770,added,,cve_2026_to_now,2026-09-18T12:02:19+00:00
CVE-2026-87771,added,,cve_2026_to_now,2026-09-18T12:02:19+00:00
CVE-2026-87774,added,,cve_2026_to_now,2026-09-18T12:02:19+00:00
CVE-2026-87775,added,,cve_2026_to_now,2026-09-18T12:02:19+00:00
CVE-2026-87786,updated,,cve_2026_to_now,2026-09-18T12:02:19+00:00
CVE-2026-87828,updated,2026-09-17,cve_2026_to_now,2026-09-18T12:02:19+00:00
CVE-2026-87829,updated,,cve_2026_to_now,2026-09-18T12:02:19+00:00
CVE-2026-87831,updated,,cve_2026_to_now,2026-09-18T12:02:19+00:00
CVE-2026-87836,updated,,cve_2026_to_now,2026-09-18T12:02:19+00:00
CVE-2026-87854,updated,2026-09-17,cve_2026_to_now,2026-09-18T12:02:19+00:00
CVE-2026-87860,updated,2026-09-17,cve_2026_to_now,2026-09-18T12:02:19+00:00
CVE-2026-87886,added,,cve_2026_to_now,2026-09-18T12:02:19+00:00
CVE-2026-87896,updated,2026-09-17,cve_2026_to_now,2026-09-18T12:02:19+00:00
CVE-2026-87907,updated,2026-09-17,cve_2026_to_now,2026-09-18T12:02:19+00:00
CVE-2026-87915,added,,cve_2026_to_now,2026-09-18T12:02:19+00:00
CVE-2026-87959,updated,2026-09-17,cve_2026_to_now,2026-09-18T12:02:19+00:00
CVE-2026-87965,added,,cve_2026_to_now,2026-09-18T12:02:19+00:00
CVE-2026-87966,added,,cve_2026_to_now,2026-09-18T12:02:19+00:00
CVE-2026-87976,updated,2026-09-17,cve_2026_to_now,2026-09-18T12:02:19+00:00
CVE-2026-88592,updated,2026-09-17,cve_2026_to_now,2026-09-18T12:02:19+00:00
CVE-2026-88743,updated,2026-09-17,cve_2026_to_now,2026-09-18T12:02:19+00:00
CVE-2026-88792,updated,,cve_2026_to_now,2026-09-18T12:02:19+00:00
CVE-2026-88795,updated,,cve_2026_to_now,2026-09-18T12:02:19+00:00
CVE-2026-88798,added,,cve_2026_to_now,2026-09-18T12:02:19+00:00
CVE-2026-88825,added,,cve_2026_to_now,2026-09-18T12:02:19+00:00
CVE-2026-88844,added,,cve_2026_to_now,2026-09-18T12:02:19+00:00
CVE-2026-88904,updated,,cve_2026_to_now,2026-09-18T12:02:19+00:00
CVE-2026-88910,updated,2026-09-17,cve_2026_to_now,2026-09-18T12:02:19+00:00
CVE-2026-88952,added,,cve_2026_to_now,2026-09-18T12:02:19+00:00
CVE-2026-88993,added,,cve_2026_to_now,2026-09-18T12:02:19+00:00
CVE-2026-88994,added,,cve_2026_to_now,2026-09-18T12:02:19+00:00
CVE-2026-89007,added,,cve_2026_to_now,2026-09-18T12:02:19+00:00
CVE-2026-89008,added,,cve_2026_to_now,2026-09-18T12:02:19+00:00
CVE-2026-89013,updated,2026-09-17,cve_2026_to_now,2026-09-18T12:02:19+00:00
CVE-2026-89026,updated,2026-09-17,cve_2026_to_now,2026-09-18T12:02:19+00:00
CVE-2026-89027,updated,2026-09-17,cve_2026_to_now,2026-09-18T12:02:19+00:00
CVE-2026-89028,updated,2026-09-17,cve_2026_to_now,2026-09-18T12:02:19+00:00
CVE-2026-89029,updated,2026-09-17,cve_2026_to_now,2026-09-18T12:02:19+00:00
CVE-2026-89036,added,,cve_2026_to_now,2026-09-18T12:02:19+00:00
CVE-2026-89038,added,,cve_2026_to_now,2026-09-18T12:02:19+00:00
CVE-2026-89058,added,,cve_2026_to_now,2026-09-18T12:02:19+00:00
CVE-2026-89059,added,,cve_2026_to_now,2026-09-18T12:02:19+00:00
CVE-2026-89063,updated,2026-09-17,cve_2026_to_now,2026-09-18T12:02:19+00:00
CVE-2026-89082,updated,2026-09-17,cve_2026_to_now,2026-09-18T12:02:19+00:00
CVE-2026-89083,updated,2026-09-17,cve_2026_to_now,2026-09-18T12:02:19+00:00
CVE-2026-89084,updated,2026-09-17,cve_2026_to_now,2026-09-18T12:02:19+00:00
CVE-2026-89138,added,,cve_2026_to_now,2026-09-18T12:02:19+00:00
CVE-2026-89278,added,,cve_2026_to_now,2026-09-18T12:02:19+00:00
CVE-2026-89327,updated,2026-09-17,cve_2026_to_now,2026-09-18T12:02:19+00:00
CVE-2026-89328,updated,2026-09-17,cve_2026_to_now,2026-09-18T12:02:19+00:00
CVE-2026-89330,added,,cve_2026_to_now,2026-09-18T12:02:19+00:00
CVE-2026-89413,added,,cve_2026_to_now,2026-09-18T12:02:19+00:00
CVE-2026-89418,added,,cve_2026_to_now,2026-09-18T12:02:19+00:00
CVE-2026-90050,added,,cve_2026_to_now,2026-09-18T12:02:19+00:00
CVE-2026-90051,added,,cve_2026_to_now,2026-09-18T12:02:19+00:00
CVE-2026-90052,added,,cve_2026_to_now,2026-09-18T12:02:19+00:00
CVE-2026-90053,added,,cve_2026_to_now,2026-09-18T12:02:19+00:00
CVE-2026-90054,added,,cve_2026_to_now,2026-09-18T12:02:19+00:00
CVE-2026-90055,added,,cve_2026_to_now,2026-09-18T12:02:19+00:00
CVE-2026-90056,added,,cve_2026_to_now,2026-09-18T12:02:19+00:00
CVE-2026-90057,added,,cve_2026_to_now,2026-09-18T12:02:19+00:00
CVE-2026-90058,added,,cve_2026_to_now,2026-09-18T12:02:19+00:00
CVE-2026-90059,added,,cve_2026_to_now,2026-09-18T12:02:19+00:00
CVE-2026-90060,added,,cve_2026_to_now,2026-09-18T12:02:19+00:00
CVE-2026-90061,added,,cve_2026_to_now,2026-09-18T12:02:19+00:00
CVE-2026-90062,added,,cve_2026_to_now,2026-09-18T12:02:19+00:00
CVE-2026-90063,added,,cve_2026_to_now,2026-09-18T12:02:19+00:00
CVE-2026-90064,added,,cve_2026_to_now,2026-09-18T12:02:19+00:00
CVE-2026-90065,added,,cve_2026_to_now,2026-09-18T12:02:19+00:00
CVE-2026-90066,added,,cve_2026_to_now,2026-09-18T12:02:19+00:00
CVE-2026-90067,added,,cve_2026_to_now,2026-09-18T12:02:19+00:00
CVE-2026-90068,added,,cve_2026_to_now,2026-09-18T12:02:19+00:00
CVE-2026-90069,added,,cve_2026_to_now,2026-09-18T12:02:19+00:00
CVE-2026-90070,added,,cve_2026_to_now,2026-09-18T12:02:19+00:00
CVE-2026-90071,added,,cve_2026_to_now,2026-09-18T12:02:19+00:00
CVE-2026-90072,added,,cve_2026_to_now,2026-09-18T12:02:19+00:00
CVE-2026-90073,added,,cve_2026_to_now,2026-09-18T12:02:19+00:00
CVE-2026-90074,added,,cve_2026_to_now,2026-09-18T12:02:19+00:00
CVE-2026-90075,added,,cve_2026_to_now,2026-09-18T12:02:19+00:00
CVE-2026-90076,added,,cve_2026_to_now,2026-09-18T12:02:19+00:00
CVE-2026-90077,added,,cve_2026_to_now,2026-09-18T12:02:19+00:00
CVE-2026-90078,added,,cve_2026_to_now,2026-09-18T12:02:19+00:00
CVE-2026-90079,added,,cve_2026_to_now,2026-09-18T12:02:19+00:00
CVE-2026-90080,added,,cve_2026_to_now,2026-09-18T12:02:19+00:00
CVE-2026-90081,added,,cve_2026_to_now,2026-09-18T12:02:19+00:00
CVE-2026-90082,added,,cve_2026_to_now,2026-09-18T12:02:19+00:00
CVE-2026-90083,added,,cve_2026_to_now,2026-09-18T12:02:19+00:00
CVE-2026-90084,added,,cve_2026_to_now,2026-09-18T12:02:19+00:00
CVE-2026-90085,added,,cve_2026_to_now,2026-09-18T12:02:19+00:00
CVE-2026-90086,added,,cve_2026_to_now,2026-09-18T12:02:19+00:00
CVE-2026-90087,added,,cve_2026_to_now,2026-09-18T12:02:19+00:00
CVE-2026-90088,added,,cve_2026_to_now,2026-09-18T12:02:19+00:00
CVE-2026-90089,added,,cve_2026_to_now,2026-09-18T12:02:19+00:00
CVE-2026-90090,added,,cve_2026_to_now,2026-09-18T12:02:19+00:00
CVE-2026-90091,added,,cve_2026_to_now,2026-09-18T12:02:19+00:00
CVE-2026-90092,added,,cve_2026_to_now,2026-09-18T12:02:19+00:00
CVE-2026-90093,added,,cve_2026_to_now,2026-09-18T12:02:19+00:00
CVE-2026-90094,added,,cve_2026_to_now,2026-09-18T12:02:19+00:00
CVE-2026-90095,added,,cve_2026_to_now,2026-09-18T12:02:19+00:00
CVE-2026-90096,added,,cve_2026_to_now,2026-09-18T12:02:19+00:00
CVE-2026-90097,added,,cve_2026_to_now,2026-09-18T12:02:19+00:00
CVE-2026-90098,added,,cve_2026_to_now,2026-09-18T12:02:19+00:00
CVE-2026-90099,added,,cve_2026_to_now,2026-09-18T12:02:19+00:00
CVE-2026-90100,added,,cve_2026_to_now,2026-09-18T12:02:19+00:00
CVE-2026-90101,added,,cve_2026_to_now,2026-09-18T12:02:19+00:00
CVE-2026-90102,added,,cve_2026_to_now,2026-09-18T12:02:19+00:00
CVE-2026-90103,added,,cve_2026_to_now,2026-09-18T12:02:19+00:00
CVE-2026-90104,added,,cve_2026_to_now,2026-09-18T12:02:19+00:00
CVE-2026-90105,added,,cve_2026_to_now,2026-09-18T12:02:19+00:00
CVE-2026-90106,added,,cve_2026_to_now,2026-09-18T12:02:19+00:00
CVE-2026-90107,added,,cve_2026_to_now,2026-09-18T12:02:19+00:00
CVE-2026-90108,added,,cve_2026_to_now,2026-09-18T12:02:19+00:00
CVE-2026-90109,added,,cve_2026_to_now,2026-09-18T12:02:19+00:00
CVE-2026-90110,added,,cve_2026_to_now,2026-09-18T12:02:19+00:00
CVE-2026-90111,added,,cve_2026_to_now,2026-09-18T12:02:19+00:00
CVE-2026-90112,added,,cve_2026_to_now,2026-09-18T12:02:19+00:00
CVE-2026-90113,added,,cve_2026_to_now,2026-09-18T12:02:19+00:00
CVE-2026-90114,added,,cve_2026_to_now,2026-09-18T12:02:19+00:00
CVE-2026-90115,added,,cve_2026_to_now,2026-09-18T12:02:19+00:00
CVE-2026-90116,added,,cve_2026_to_now,2026-09-18T12:02:19+00:00
CVE-2026-90117,added,,cve_2026_to_now,2026-09-18T12:02:19+00:00
CVE-2026-90118,added,,cve_2026_to_now,2026-09-18T12:02:19+00:00
CVE-2026-90119,added,,cve_2026_to_now,2026-09-18T12:02:19+00:00
CVE-2026-90120,added,,cve_2026_to_now,2026-09-18T12:02:19+00:00
CVE-2026-90121,added,,cve_2026_to_now,2026-09-18T12:02:19+00:00
CVE-2026-90122,added,,cve_2026_to_now,2026-09-18T12:02:19+00:00
CVE-2026-90123,added,,cve_2026_to_now,2026-09-18T12:02:19+00:00
CVE-2026-90124,added,,cve_2026_to_now,2026-09-18T12:02:19+00:00
CVE-2026-90125,added,,cve_2026_to_now,2026-09-18T12:02:19+00:00
CVE-2026-90126,added,,cve_2026_to_now,2026-09-18T12:02:19+00:00
CVE-2026-90127,added,,cve_2026_to_now,2026-09-18T12:02:19+00:00
CVE-2026-90128,added,,cve_2026_to_now,2026-09-18T12:02:19+00:00
CVE-2026-90129,added,,cve_2026_to_now,2026-09-18T12:02:19+00:00
CVE-2026-90130,added,,cve_2026_to_now,2026-09-18T12:02:19+00:00
CVE-2026-90131,added,,cve_2026_to_now,2026-09-18T12:02:19+00:00
CVE-2026-90132,added,,cve_2026_to_now,2026-09-18T12:02:19+00:00
CVE-2026-90133,added,,cve_2026_to_now,2026-09-18T12:02:19+00:00
CVE-2026-90134,added,,cve_2026_to_now,2026-09-18T12:02:19+00:00
CVE-2026-90135,added,,cve_2026_to_now,2026-09-18T12:02:19+00:00
CVE-2026-90136,added,,cve_2026_to_now,2026-09-18T12:02:19+00:00
CVE-2026-90137,added,,cve_2026_to_now,2026-09-18T12:02:19+00:00
CVE-2026-90138,added,,cve_2026_to_now,2026-09-18T12:02:19+00:00
CVE-2026-90139,added,,cve_2026_to_now,2026-09-18T12:02:19+00:00
CVE-2026-90140,added,,cve_2026_to_now,2026-09-18T12:02:19+00:00
CVE-2026-90141,added,,cve_2026_to_now,2026-09-18T12:02:19+00:00
CVE-2026-90142,added,,cve_2026_to_now,2026-09-18T12:02:19+00:00
CVE-2026-90143,added,,cve_2026_to_now,2026-09-18T12:02:19+00:00
CVE-2026-90144,added,,cve_2026_to_now,2026-09-18T12:02:19+00:00
CVE-2026-90145,added,,cve_2026_to_now,2026-09-18T12:02:19+00:00
CVE-2026-90146,added,,cve_2026_to_now,2026-09-18T12:02:19+00:00
CVE-2026-90147,added,,cve_2026_to_now,2026-09-18T12:02:19+00:00
CVE-2026-90148,added,,cve_2026_to_now,2026-09-18T12:02:19+00:00
CVE-2026-90149,added,,cve_2026_to_now,2026-09-18T12:02:19+00:00
CVE-2026-90150,added,,cve_2026_to_now,2026-09-18T12:02:19+00:00
CVE-2026-90151,added,,cve_2026_to_now,2026-09-18T12:02:19+00:00
CVE-2026-90152,added,,cve_2026_to_now,2026-09-18T12:02:19+00:00
CVE-2026-90153,added,,cve_2026_to_now,2026-09-18T12:02:19+00:00
CVE-2026-90154,added,,cve_2026_to_now,2026-09-18T12:02:19+00:00
CVE-2026-90155,added,,cve_2026_to_now,2026-09-18T12:02:19+00:00
CVE-2026-90156,added,,cve_2026_to_now,2026-09-18T12:02:19+00:00
CVE-2026-90157,added,,cve_2026_to_now,2026-09-18T12:02:19+00:00
CVE-2026-90158,added,,cve_2026_to_now,2026-09-18T12:02:19+00:00
CVE-2026-90159,added,,cve_2026_to_now,2026-09-18T12:02:19+00:00
CVE-2026-90160,added,,cve_2026_to_now,2026-09-18T12:02:19+00:00
CVE-2026-90161,added,,cve_2026_to_now,2026-09-18T12:02:19+00:00
CVE-2026-90162,added,,cve_2026_to_now,2026-09-18T12:02:19+00:00
CVE-2026-90163,added,,cve_2026_to_now,2026-09-18T12:02:19+00:00
CVE-2026-90164,added,,cve_2026_to_now,2026-09-18T12:02:19+00:00
CVE-2026-90165,added,,cve_2026_to_now,2026-09-18T12:02:19+00:00
CVE-2026-90166,added,,cve_2026_to_now,2026-09-18T12:02:19+00:00
CVE-2026-90167,added,,cve_2026_to_now,2026-09-18T12:02:19+00:00
CVE-2026-90168,added,,cve_2026_to_now,2026-09-18T12:02:19+00:00
CVE-2026-90169,added,,cve_2026_to_now,2026-09-18T12:02:19+00:00
CVE-2026-90170,added,,cve_2026_to_now,2026-09-18T12:02:19+00:00
CVE-2026-90171,added,,cve_2026_to_now,2026-09-18T12:02:19+00:00
CVE-2026-90172,added,,cve_2026_to_now,2026-09-18T12:02:19+00:00
CVE-2026-90173,added,,cve_2026_to_now,2026-09-18T12:02:19+00:00
CVE-2026-90174,added,,cve_2026_to_now,2026-09-18T12:02:19+00:00
CVE-2026-90175,added,,cve_2026_to_now,2026-09-18T12:02:19+00:00
CVE-2026-90176,added,,cve_2026_to_now,2026-09-18T12:02:19+00:00
CVE-2026-90177,added,,cve_2026_to_now,2026-09-18T12:02:19+00:00
CVE-2026-90178,added,,cve_2026_to_now,2026-09-18T12:02:19+00:00
CVE-2026-90179,added,,cve_2026_to_now,2026-09-18T12:02:19+00:00
CVE-2026-90180,added,,cve_2026_to_now,2026-09-18T12:02:19+00:00
CVE-2026-90181,added,,cve_2026_to_now,2026-09-18T12:02:19+00:00
CVE-2026-90182,added,,cve_2026_to_now,2026-09-18T12:02:19+00:00
CVE-2026-90183,added,,cve_2026_to_now,2026-09-18T12:02:19+00:00
CVE-2026-90184,added,,cve_2026_to_now,2026-09-18T12:02:19+00:00
CVE-2026-90185,added,,cve_2026_to_now,2026-09-18T12:02:19+00:00
CVE-2026-90186,added,,cve_2026_to_now,2026-09-18T12:02:19+00:00
CVE-2026-90187,added,,cve_2026_to_now,2026-09-18T12:02:19+00:00
CVE-2026-90188,added,,cve_2026_to_now,2026-09-18T12:02:19+00:00
CVE-2026-90189,added,,cve_2026_to_now,2026-09-18T12:02:19+00:00
CVE-2026-90190,added,,cve_2026_to_now,2026-09-18T12:02:19+00:00
CVE-2026-90191,added,,cve_2026_to_now,2026-09-18T12:02:19+00:00
CVE-2026-90192,added,,cve_2026_to_now,2026-09-18T12:02:19+00:00
CVE-2026-90193,added,,cve_2026_to_now,2026-09-18T12:02:19+00:00
CVE-2026-90194,added,,cve_2026_to_now,2026-09-18T12:02:19+00:00
CVE-2026-90195,added,,cve_2026_to_now,2026-09-18T12:02:19+00:00
CVE-2026-90196,added,,cve_2026_to_now,2026-09-18T12:02:19+00:00
CVE-2026-90197,added,,cve_2026_to_now,2026-09-18T12:02:19+00:00
CVE-2026-90198,added,,cve_2026_to_now,2026-09-18T12:02:19+00:00
CVE-2026-90199,added,,cve_2026_to_now,2026-09-18T12:02:19+00:00
CVE-2026-90200,added,,cve_2026_to_now,2026-09-18T12:02:19+00:00
CVE-2026-90201,added,,cve_2026_to_now,2026-09-18T12:02:19+00:00
CVE-2026-90202,added,,cve_2026_to_now,2026-09-18T12:02:19+00:00
CVE-2026-90203,added,,cve_2026_to_now,2026-09-18T12:02:19+00:00
CVE-2026-90204,added,,cve_2026_to_now,2026-09-18T12:02:19+00:00
CVE-2026-90205,added,,cve_2026_to_now,2026-09-18T12:02:19+00:00
CVE-2026-90206,added,,cve_2026_to_now,2026-09-18T12:02:19+00:00
CVE-2026-90207,added,,cve_2026_to_now,2026-09-18T12:02:19+00:00
CVE-2026-90208,added,,cve_2026_to_now,2026-09-18T12:02:19+00:00
CVE-2026-90209,added,,cve_2026_to_now,2026-09-18T12:02:19+00:00
CVE-2026-90210,added,,cve_2026_to_now,2026-09-18T12:02:19+00:00
CVE-2026-90211,added,,cve_2026_to_now,2026-09-18T12:02:19+00:00
CVE-2026-90212,added,,cve_2026_to_now,2026-09-18T12:02:19+00:00
CVE-2026-90213,added,,cve_2026_to_now,2026-09-18T12:02:19+00:00
CVE-2026-90214,added,,cve_2026_to_now,2026-09-18T12:02:19+00:00
CVE-2026-90215,added,,cve_2026_to_now,2026-09-18T12:02:19+00:00
CVE-2026-90216,added,,cve_2026_to_now,2026-09-18T12:02:19+00:00
CVE-2026-90217,added,,cve_2026_to_now,2026-09-18T12:02:19+00:00
CVE-2026-90218,added,,cve_2026_to_now,2026-09-18T12:02:19+00:00
CVE-2026-90219,added,,cve_2026_to_now,2026-09-18T12:02:19+00:00
CVE-2026-90220,added,,cve_2026_to_now,2026-09-18T12:02:19+00:00
CVE-2026-90221,added,,cve_2026_to_now,2026-09-18T12:02:19+00:00
CVE-2026-90222,added,,cve_2026_to_now,2026-09-18T12:02:19+00:00
CVE-2026-90223,added,,cve_2026_to_now,2026-09-18T12:02:19+00:00
CVE-2026-90224,added,,cve_2026_to_now,2026-09-18T12:02:19+00:00
CVE-2026-90225,added,,cve_2026_to_now,2026-09-18T12:02:19+00:00
CVE-2026-90226,added,,cve_2026_to_now,2026-09-18T12:02:19+00:00
CVE-2026-90227,added,,cve_2026_to_now,2026-09-18T12:02:19+00:00
CVE-2026-90228,added,,cve_2026_to_now,2026-09-18T12:02:19+00:00
CVE-2026-90229,added,,cve_2026_to_now,2026-09-18T12:02:19+00:00
CVE-2026-90230,added,,cve_2026_to_now,2026-09-18T12:02:19+00:00
CVE-2026-90231,added,,cve_2026_to_now,2026-09-18T12:02:19+00:00
CVE-2026-90232,added,,cve_2026_to_now,2026-09-18T12:02:19+00:00
CVE-2026-90233,added,,cve_2026_to_now,2026-09-18T12:02:19+00:00
CVE-2026-90234,added,,cve_2026_to_now,2026-09-18T12:02:19+00:00
CVE-2026-90235,added,,cve_2026_to_now,2026-09-18T12:02:19+00:00
CVE-2026-90236,added,,cve_2026_to_now,2026-09-18T12:02:19+00:00
CVE-2026-90237,added,,cve_2026_to_now,2026-09-18T12:02:19+00:00
CVE-2026-90238,added,,cve_2026_to_now,2026-09-18T12:02:19+00:00
CVE-2026-90239,added,,cve_2026_to_now,2026-09-18T12:02:19+00:00
CVE-2026-90240,added,,cve_2026_to_now,2026-09-18T12:02:19+00:00
CVE-2026-90241,added,,cve_2026_to_now,2026-09-18T12:02:19+00:00
CVE-2026-90242,added,,cve_2026_to_now,2026-09-18T12:02:19+00:00
CVE-2026-90243,added,,cve_2026_to_now,2026-09-18T12:02:19+00:00
CVE-2026-90244,added,,cve_2026_to_now,2026-09-18T12:02:19+00:00
CVE-2026-90245,added,,cve_2026_to_now,2026-09-18T12:02:19+00:00
CVE-2026-90246,added,,cve_2026_to_now,2026-09-18T12:02:19+00:00
CVE-2026-90247,added,,cve_2026_to_now,2026-09-18T12:02:19+00:00
CVE-2026-90248,added,,cve_2026_to_now,2026-09-18T12:02:19+00:00
CVE-2026-90249,added,,cve_2026_to_now,2026-09-18T12:02:19+00:00
CVE-2026-90250,added,,cve_2026_to_now,2026-09-18T12:02:19+00:00
CVE-2026-90251,added,,cve_2026_to_now,2026-09-18T12:02:19+00:00
CVE-2026-90252,added,,cve_2026_to_now,2026-09-18T12:02:19+00:00
CVE-2026-90253,added,,cve_2026_to_now,2026-09-18T12:02:19+00:00
CVE-2026-90254,added,,cve_2026_to_now,2026-09-18T12:02:19+00:00
CVE-2026-90255,added,,cve_2026_to_now,2026-09-18T12:02:19+00:00
CVE-2026-90256,added,,cve_2026_to_now,2026-09-18T12:02:19+00:00
CVE-2026-90257,added,,cve_2026_to_now,2026-09-18T12:02:19+00:00
CVE-2026-90258,added,,cve_2026_to_now,2026-09-18T12:02:19+00:00
CVE-2026-90259,added,,cve_2026_to_now,2026-09-18T12:02:19+00:00
CVE-2026-90260,added,,cve_2026_to_now,2026-09-18T12:02:19+00:00
CVE-2026-90261,added,,cve_2026_to_now,2026-09-18T12:02:19+00:00
CVE-2026-90262,added,,cve_2026_to_now,2026-09-18T12:02:19+00:00
CVE-2026-90263,added,,cve_2026_to_now,2026-09-18T12:02:19+00:00
CVE-2026-90264,added,,cve_2026_to_now,2026-09-18T12:02:19+00:00
CVE-2026-90265,added,,cve_2026_to_now,2026-09-18T12:02:19+00:00
CVE-2026-90266,added,,cve_2026_to_now,2026-09-18T12:02:19+00:00
CVE-2026-90267,added,,cve_2026_to_now,2026-09-18T12:02:19+00:00
CVE-2026-90268,added,,cve_2026_to_now,2026-09-18T12:02:19+00:00
CVE-2026-90269,added,,cve_2026_to_now,2026-09-18T12:02:19+00:00
CVE-2026-90270,added,,cve_2026_to_now,2026-09-18T12:02:19+00:00
CVE-2026-90271,added,,cve_2026_to_now,2026-09-18T12:02:19+00:00
CVE-2026-90272,added,,cve_2026_to_now,2026-09-18T12:02:19+00:00
CVE-2026-90273,added,,cve_2026_to_now,2026-09-18T12:02:19+00:00
CVE-2026-90274,added,,cve_2026_to_now,2026-09-18T12:02:19+00:00
CVE-2026-90275,added,,cve_2026_to_now,2026-09-18T12:02:19+00:00
CVE-2026-90276,added,,cve_2026_to_now,2026-09-18T12:02:19+00:00
CVE-2026-90277,added,,cve_2026_to_now,2026-09-18T12:02:19+00:00
CVE-2026-90278,added,,cve_2026_to_now,2026-09-18T12:02:19+00:00
CVE-2026-90279,added,,cve_2026_to_now,2026-09-18T12:02:19+00:00
CVE-2026-90280,added,,cve_2026_to_now,2026-09-18T12:02:19+00:00
CVE-2026-90281,added,,cve_2026_to_now,2026-09-18T12:02:19+00:00
CVE-2026-90282,added,,cve_2026_to_now,2026-09-18T12:02:19+00:00
CVE-2026-90283,added,,cve_2026_to_now,2026-09-18T12:02:19+00:00
CVE-2026-90284,added,,cve_2026_to_now,2026-09-18T12:02:19+00:00
CVE-2026-90285,added,,cve_2026_to_now,2026-09-18T12:02:19+00:00
CVE-2026-90286,added,,cve_2026_to_now,2026-09-18T12:02:19+00:00
CVE-2026-90287,added,,cve_2026_to_now,2026-09-18T12:02:19+00:00
CVE-2026-90288,added,,cve_2026_to_now,2026-09-18T12:02:19+00:00
CVE-2026-90289,added,,cve_2026_to_now,2026-09-18T12:02:19+00:00
CVE-2026-90290,added,,cve_2026_to_now,2026-09-18T12:02:19+00:00
CVE-2026-90291,added,,cve_2026_to_now,2026-09-18T12:02:19+00:00
CVE-2026-90292,added,,cve_2026_to_now,2026-09-18T12:02:19+00:00
CVE-2026-90293,added,,cve_2026_to_now,2026-09-18T12:02:19+00:00
CVE-2026-90294,added,,cve_2026_to_now,2026-09-18T12:02:19+00:00
CVE-2026-90295,added,,cve_2026_to_now,2026-09-18T12:02:19+00:00
CVE-2026-90296,added,,cve_2026_to_now,2026-09-18T12:02:19+00:00
CVE-2026-90297,added,,cve_2026_to_now,2026-09-18T12:02:19+00:00
CVE-2026-90298,added,,cve_2026_to_now,2026-09-18T12:02:19+00:00
CVE-2026-90299,added,,cve_2026_to_now,2026-09-18T12:02:19+00:00
CVE-2026-90300,added,,cve_2026_to_now,2026-09-18T12:02:19+00:00
CVE-2026-90301,added,,cve_2026_to_now,2026-09-18T12:02:19+00:00
CVE-2026-90302,added,,cve_2026_to_now,2026-09-18T12:02:19+00:00
CVE-2026-90303,added,,cve_2026_to_now,2026-09-18T12:02:19+00:00
CVE-2026-90304,added,,cve_2026_to_now,2026-09-18T12:02:19+00:00
CVE-2026-90305,added,,cve_2026_to_now,2026-09-18T12:02:19+00:00
CVE-2026-90306,added,,cve_2026_to_now,2026-09-18T12:02:19+00:00
CVE-2026-90307,added,,cve_2026_to_now,2026-09-18T12:02:19+00:00
CVE-2026-90308,added,,cve_2026_to_now,2026-09-18T12:02:19+00:00
CVE-2026-90309,added,,cve_2026_to_now,2026-09-18T12:02:19+00:00
CVE-2026-90311,added,,cve_2026_to_now,2026-09-18T12:02:19+00:00
CVE-2026-90312,added,,cve_2026_to_now,2026-09-18T12:02:19+00:00
CVE-2026-90313,added,,cve_2026_to_now,2026-09-18T12:02:19+00:00
CVE-2026-90314,added,,cve_2026_to_now,2026-09-18T12:02:19+00:00
CVE-2026-90315,added,,cve_2026_to_now,2026-09-18T12:02:19+00:00
CVE-2026-90316,added,,cve_2026_to_now,2026-09-18T12:02:19+00:00
CVE-2026-90317,added,,cve_2026_to_now,2026-09-18T12:02:19+00:00
CVE-2026-90318,added,,cve_2026_to_now,2026-09-18T12:02:19+00:00
CVE-2026-90319,added,,cve_2026_to_now,2026-09-18T12:02:19+00:00
CVE-2026-90320,added,,cve_2026_to_now,2026-09-18T12:02:19+00:00
CVE-2026-90321,added,,cve_2026_to_now,2026-09-18T12:02:19+00:00
CVE-2026-90322,added,,cve_2026_to_now,2026-09-18T12:02:19+00:00
CVE-2026-90323,added,,cve_2026_to_now,2026-09-18T12:02:19+00:00
CVE-2026-90324,added,,cve_2026_to_now,2026-09-18T12:02:19+00:00
CVE-2026-90325,added,,cve_2026_to_now,2026-09-18T12:02:19+00:00
CVE-2026-90326,added,,cve_2026_to_now,2026-09-18T12:02:19+00:00
CVE-2026-90327,added,,cve_2026_to_now,2026-09-18T12:02:19+00:00
CVE-2026-90328,added,,cve_2026_to_now,2026-09-18T12:02:19+00:00
CVE-2026-90329,added,,cve_2026_to_now,2026-09-18T12:02:19+00:00
CVE-2026-90330,added,,cve_2026_to_now,2026-09-18T12:02:19+00:00
CVE-2026-90331,added,,cve_2026_to_now,2026-09-18T12:02:19+00:00
CVE-2026-90332,added,,cve_2026_to_now,2026-09-18T12:02:19+00:00
CVE-2026-90333,added,,cve_2026_to_now,2026-09-18T12:02:19+00:00
CVE-2026-90334,added,,cve_2026_to_now,2026-09-18T12:02:19+00:00
CVE-2026-90335,added,,cve_2026_to_now,2026-09-18T12:02:19+00:00
CVE-2026-90336,added,,cve_2026_to_now,2026-09-18T12:02:19+00:00
CVE-2026-90337,added,,cve_2026_to_now,2026-09-18T12:02:19+00:00
CVE-2026-90338,added,,cve_2026_to_now,2026-09-18T12:02:19+00:00
CVE-2026-90339,added,,cve_2026_to_now,2026-09-18T12:02:19+00:00
CVE-2026-90340,added,,cve_2026_to_now,2026-09-18T12:02:19+00:00
CVE-2026-90341,added,,cve_2026_to_now,2026-09-18T12:02:19+00:00
CVE-2026-90342,added,,cve_2026_to_now,2026-09-18T12:02:19+00:00
CVE-2026-90343,added,,cve_2026_to_now,2026-09-18T12:02:19+00:00
CVE-2026-90344,added,,cve_2026_to_now,2026-09-18T12:02:19+00:00
CVE-2026-90345,added,,cve_2026_to_now,2026-09-18T12:02:19+00:00
CVE-2026-90346,added,,cve_2026_to_now,2026-09-18T12:02:19+00:00
CVE-2026-90347,added,,cve_2026_to_now,2026-09-18T12:02:19+00:00
CVE-2026-90348,added,,cve_2026_to_now,2026-09-18T12:02:19+00:00
CVE-2026-90349,added,,cve_2026_to_now,2026-09-18T12:02:19+00:00
CVE-2026-90350,added,,cve_2026_to_now,2026-09-18T12:02:19+00:00
CVE-2026-90351,added,,cve_2026_to_now,2026-09-18T12:02:19+00:00
CVE-2026-90352,added,,cve_2026_to_now,2026-09-18T12:02:19+00:00
CVE-2026-90353,added,,cve_2026_to_now,2026-09-18T12:02:19+00:00
CVE-2026-90354,added,,cve_2026_to_now,2026-09-18T12:02:19+00:00
CVE-2026-90355,added,,cve_2026_to_now,2026-09-18T12:02:19+00:00
CVE-2026-90356,added,,cve_2026_to_now,2026-09-18T12:02:19+00:00
CVE-2026-90357,added,,cve_2026_to_now,2026-09-18T12:02:19+00:00
CVE-2026-90358,added,,cve_2026_to_now,2026-09-18T12:02:19+00:00
CVE-2026-90359,added,,cve_2026_to_now,2026-09-18T12:02:19+00:00
CVE-2026-90360,added,,cve_2026_to_now,2026-09-18T12:02:19+00:00
CVE-2026-90361,added,,cve_2026_to_now,2026-09-18T12:02:19+00:00
CVE-2026-90362,added,,cve_2026_to_now,2026-09-18T12:02:19+00:00
CVE-2026-90363,added,,cve_2026_to_now,2026-09-18T12:02:19+00:00
CVE-2026-90364,added,,cve_2026_to_now,2026-09-18T12:02:19+00:00
CVE-2026-90365,added,,cve_2026_to_now,2026-09-18T12:02:19+00:00
CVE-2026-90366,added,,cve_2026_to_now,2026-09-18T12:02:19+00:00
CVE-2026-90367,added,,cve_2026_to_now,2026-09-18T12:02:19+00:00
CVE-2026-90368,added,,cve_2026_to_now,2026-09-18T12:02:19+00:00
CVE-2026-90369,added,,cve_2026_to_now,2026-09-18T12:02:19+00:00
CVE-2026-90370,added,,cve_2026_to_now,2026-09-18T12:02:19+00:00
CVE-2026-90371,added,,cve_2026_to_now,2026-09-18T12:02:19+00:00
CVE-2026-90372,added,,cve_2026_to_now,2026-09-18T12:02:19+00:00
CVE-2026-90373,added,,cve_2026_to_now,2026-09-18T12:02:19+00:00
CVE-2026-90374,added,,cve_2026_to_now,2026-09-18T12:02:19+00:00
CVE-2026-90375,added,,cve_2026_to_now,2026-09-18T12:02:19+00:00
CVE-2026-90376,added,,cve_2026_to_now,2026-09-18T12:02:19+00:00
CVE-2026-90377,added,,cve_2026_to_now,2026-09-18T12:02:19+00:00
CVE-2026-90378,added,,cve_2026_to_now,2026-09-18T12:02:19+00:00
CVE-2026-90379,added,,cve_2026_to_now,2026-09-18T12:02:19+00:00
CVE-2026-90380,added,,cve_2026_to_now,2026-09-18T12:02:19+00:00
CVE-2026-90381,added,,cve_2026_to_now,2026-09-18T12:02:19+00:00
CVE-2026-90382,added,,cve_2026_to_now,2026-09-18T12:02:19+00:00
CVE-2026-90383,added,,cve_2026_to_now,2026-09-18T12:02:19+00:00
CVE-2026-90384,added,,cve_2026_to_now,2026-09-18T12:02:19+00:00
CVE-2026-90385,added,,cve_2026_to_now,2026-09-18T12:02:19+00:00
CVE-2026-90386,added,,cve_2026_to_now,2026-09-18T12:02:19+00:00
CVE-2026-90387,added,,cve_2026_to_now,2026-09-18T12:02:19+00:00
CVE-2026-90388,added,,cve_2026_to_now,2026-09-18T12:02:19+00:00
CVE-2026-90389,added,,cve_2026_to_now,2026-09-18T12:02:19+00:00
CVE-2026-90390,added,,cve_2026_to_now,2026-09-18T12:02:19+00:00
CVE-2026-90391,added,,cve_2026_to_now,2026-09-18T12:02:19+00:00
CVE-2026-90392,added,,cve_2026_to_now,2026-09-18T12:02:19+00:00
CVE-2026-90393,added,,cve_2026_to_now,2026-09-18T12:02:19+00:00
CVE-2026-90394,added,,cve_2026_to_now,2026-09-18T12:02:19+00:00
CVE-2026-90395,added,,cve_2026_to_now,2026-09-18T12:02:19+00:00
CVE-2026-90396,added,,cve_2026_to_now,2026-09-18T12:02:19+00:00
CVE-2026-90397,added,,cve_2026_to_now,2026-09-18T12:02:19+00:00
CVE-2026-90398,added,,cve_2026_to_now,2026-09-18T12:02:19+00:00
CVE-2026-90399,added,,cve_2026_to_now,2026-09-18T12:02:19+00:00
CVE-2026-90400,added,,cve_2026_to_now,2026-09-18T12:02:19+00:00
CVE-2026-90401,added,,cve_2026_to_now,2026-09-18T12:02:19+00:00
CVE-2026-90402,added,,cve_2026_to_now,2026-09-18T12:02:19+00:00
CVE-2026-90403,added,,cve_2026_to_now,2026-09-18T12:02:19+00:00
CVE-2026-90404,added,,cve_2026_to_now,2026-09-18T12:02:19+00:00
CVE-2026-90405,added,,cve_2026_to_now,2026-09-18T12:02:19+00:00
CVE-2026-90406,added,,cve_2026_to_now,2026-09-18T12:02:19+00:00
CVE-2026-90407,added,,cve_2026_to_now,2026-09-18T12:02:19+00:00
CVE-2026-90408,added,,cve_2026_to_now,2026-09-18T12:02:19+00:00
CVE-2026-90409,added,,cve_2026_to_now,2026-09-18T12:02:19+00:00
CVE-2026-90410,added,,cve_2026_to_now,2026-09-18T12:02:19+00:00
CVE-2026-90411,added,,cve_2026_to_now,2026-09-18T12:02:19+00:00
CVE-2026-90412,added,,cve_2026_to_now,2026-09-18T12:02:19+00:00
CVE-2026-90413,added,,cve_2026_to_now,2026-09-18T12:02:19+00:00
CVE-2026-90414,added,,cve_2026_to_now,2026-09-18T12:02:19+00:00
CVE-2026-90415,added,,cve_2026_to_now,2026-09-18T12:02:19+00:00
CVE-2026-90416,added,,cve_2026_to_now,2026-09-18T12:02:19+00:00
CVE-2026-90417,added,,cve_2026_to_now,2026-09-18T12:02:19+00:00
CVE-2026-90418,added,,cve_2026_to_now,2026-09-18T12:02:19+00:00
CVE-2026-90419,added,,cve_2026_to_now,2026-09-18T12:02:19+00:00
CVE-2026-90420,added,,cve_2026_to_now,2026-09-18T12:02:19+00:00
CVE-2026-90421,added,,cve_2026_to_now,2026-09-18T12:02:19+00:00
CVE-2026-90422,added,,cve_2026_to_now,2026-09-18T12:02:19+00:00
CVE-2026-90423,added,,cve_2026_to_now,2026-09-18T12:02:19+00:00
CVE-2026-90424,added,,cve_2026_to_now,2026-09-18T12:02:19+00:00
CVE-2026-90425,added,,cve_2026_to_now,2026-09-18T12:02:19+00:00
CVE-2026-90426,added,,cve_2026_to_now,2026-09-18T12:02:19+00:00
CVE-2026-90427,added,,cve_2026_to_now,2026-09-18T12:02:19+00:00
CVE-2026-90428,added,,cve_2026_to_now,2026-09-18T12:02:19+00:00
CVE-2026-90429,added,,cve_2026_to_now,2026-09-18T12:02:19+00:00
CVE-2026-90430,added,,cve_2026_to_now,2026-09-18T12:02:19+00:00
CVE-2026-90431,added,,cve_2026_to_now,2026-09-18T12:02:19+00:00
CVE-2026-90432,added,,cve_2026_to_now,2026-09-18T12:02:19+00:00
CVE-2026-90433,added,,cve_2026_to_now,2026-09-18T12:02:19+00:00
CVE-2026-90434,added,,cve_2026_to_now,2026-09-18T12:02:19+00:00
CVE-2026-90435,added,,cve_2026_to_now,2026-09-18T12:02:19+00:00
CVE-2026-90822,updated,,cve_2026_to_now,2026-09-18T12:02:19+00:00
CVE-2026-90823,updated,,cve_2026_to_now,2026-09-18T12:02:19+00:00
CVE-2026-90881,updated,2026-09-17,cve_2026_to_now,2026-09-18T12:02:19+00:00
CVE-2026-90884,added,,cve_2026_to_now,2026-09-18T12:02:19+00:00
CVE-2026-90887,added,,cve_2026_to_now,2026-09-18T12:02:19+00:00
CVE-2026-90922,updated,,cve_2026_to_now,2026-09-18T12:02:19+00:00
CVE-2026-90923,updated,,cve_2026_to_now,2026-09-18T12:02:19+00:00
CVE-2026-90947,updated,2026-09-17,cve_2026_to_now,2026-09-18T12:02:19+00:00
CVE-2026-90976,added,,cve_2026_to_now,2026-09-18T12:02:19+00:00
CVE-2026-90977,added,,cve_2026_to_now,2026-09-18T12:02:19+00:00
CVE-2026-90978,added,,cve_2026_to_now,2026-09-18T12:02:19+00:00
CVE-2026-90981,added,,cve_2026_to_now,2026-09-18T12:02:19+00:00
CVE-2026-90982,updated,,cve_2026_to_now,2026-09-18T12:02:19+00:00
CVE-2026-90984,added,,cve_2026_to_now,2026-09-18T12:02:19+00:00
CVE-2026-90986,added,,cve_2026_to_now,2026-09-18T12:02:19+00:00
CVE-2026-90997,added,,cve_2026_to_now,2026-09-18T12:02:19+00:00
CVE-2026-91005,updated,2026-09-17,cve_2026_to_now,2026-09-18T12:02:19+00:00
CVE-2026-91008,updated,,cve_2026_to_now,2026-09-18T12:02:19+00:00
CVE-2026-91009,updated,,cve_2026_to_now,2026-09-18T12:02:19+00:00
CVE-2026-91010,updated,,cve_2026_to_now,2026-09-18T12:02:19+00:00
CVE-2026-91011,updated,,cve_2026_to_now,2026-09-18T12:02:19+00:00
CVE-2026-91014,updated,,cve_2026_to_now,2026-09-18T12:02:19+00:00
CVE-2026-91015,updated,,cve_2026_to_now,2026-09-18T12:02:19+00:00
CVE-2026-91016,updated,,cve_2026_to_now,2026-09-18T12:02:19+00:00
CVE-2026-91017,updated,,cve_2026_to_now,2026-09-18T12:02:19+00:00
CVE-2026-91019,updated,,cve_2026_to_now,2026-09-18T12:02:19+00:00
CVE-2026-91039,added,,cve_2026_to_now,2026-09-18T12:02:19+00:00
CVE-2026-91090,updated,2026-09-17,cve_2026_to_now,2026-09-18T12:02:19+00:00
CVE-2026-91097,updated,2026-09-17,cve_2026_to_now,2026-09-18T12:02:19+00:00
CVE-2026-91099,updated,2026-09-17,cve_2026_to_now,2026-09-18T12:02:19+00:00
CVE-2026-91100,updated,2026-09-17,cve_2026_to_now,2026-09-18T12:02:19+00:00
CVE-2026-91101,updated,2026-09-17,cve_2026_to_now,2026-09-18T12:02:19+00:00
CVE-2026-91102,updated,2026-09-18,cve_2026_to_now,2026-09-18T12:02:19+00:00
CVE-2026-91103,updated,2026-09-17,cve_2026_to_now,2026-09-18T12:02:19+00:00
CVE-2026-91144,updated,2026-09-17,cve_2026_to_now,2026-09-18T12:02:19+00:00
CVE-2026-91199,updated,2026-09-17,cve_2026_to_now,2026-09-18T12:02:19+00:00
CVE-2026-91707,added,,cve_2026_to_now,2026-09-18T12:02:19+00:00
CVE-2026-91752,updated,2026-09-17,cve_2026_to_now,2026-09-18T12:02:19+00:00
CVE-2026-91774,updated,2026-09-17,cve_2026_to_now,2026-09-18T12:02:19+00:00
CVE-2026-91782,updated,2026-09-17,cve_2026_to_now,2026-09-18T12:02:19+00:00
CVE-2026-91849,updated,2026-09-17,cve_2026_to_now,2026-09-18T12:02:19+00:00
CVE-2026-91924,updated,2026-09-17,cve_2026_to_now,2026-09-18T12:02:19+00:00
CVE-2026-91926,updated,2026-09-17,cve_2026_to_now,2026-09-18T12:02:19+00:00
CVE-2026-91931,updated,2026-09-17,cve_2026_to_now,2026-09-18T12:02:19+00:00
CVE-2026-91933,updated,2026-09-17,cve_2026_to_now,2026-09-18T12:02:19+00:00
CVE-2026-91936,updated,2026-09-17,cve_2026_to_now,2026-09-18T12:02:19+00:00
CVE-2026-91938,updated,2026-09-17,cve_2026_to_now,2026-09-18T12:02:19+00:00
CVE-2026-91942,updated,2026-09-17,cve_2026_to_now,2026-09-18T12:02:19+00:00
CVE-2026-91944,updated,2026-09-17,cve_2026_to_now,2026-09-18T12:02:19+00:00
CVE-2026-91949,updated,2026-09-17,cve_2026_to_now,2026-09-18T12:02:19+00:00
CVE-2026-91952,updated,2026-09-17,cve_2026_to_now,2026-09-18T12:02:19+00:00
CVE-2026-91954,updated,2026-09-17,cve_2026_to_now,2026-09-18T12:02:19+00:00
CVE-2026-91957,updated,2026-09-17,cve_2026_to_now,2026-09-18T12:02:19+00:00
CVE-2026-91962,updated,2026-09-17,cve_2026_to_now,2026-09-18T12:02:19+00:00
CVE-2026-91967,updated,2026-09-17,cve_2026_to_now,2026-09-18T12:02:19+00:00
CVE-2026-91969,updated,2026-09-17,cve_2026_to_now,2026-09-18T12:02:19+00:00
CVE-2026-91972,updated,2026-09-17,cve_2026_to_now,2026-09-18T12:02:19+00:00
CVE-2026-91979,updated,2026-09-17,cve_2026_to_now,2026-09-18T12:02:19+00:00
CVE-2026-91982,updated,2026-09-17,cve_2026_to_now,2026-09-18T12:02:19+00:00
CVE-2026-91984,updated,2026-09-17,cve_2026_to_now,2026-09-18T12:02:19+00:00
CVE-2026-91987,updated,2026-09-17,cve_2026_to_now,2026-09-18T12:02:19+00:00
CVE-2026-91989,updated,2026-09-17,cve_2026_to_now,2026-09-18T12:02:19+00:00
CVE-2026-91992,updated,2026-09-17,cve_2026_to_now,2026-09-18T12:02:19+00:00
CVE-2026-91993,updated,2026-09-17,cve_2026_to_now,2026-09-18T12:02:19+00:00
CVE-2026-91996,updated,2026-09-17,cve_2026_to_now,2026-09-18T12:02:19+00:00
CVE-2026-91998,updated,2026-09-17,cve_2026_to_now,2026-09-18T12:02:19+00:00
CVE-2026-92000,updated,2026-09-17,cve_2026_to_now,2026-09-18T12:02:19+00:00
CVE-2026-92005,updated,2026-09-17,cve_2026_to_now,2026-09-18T12:02:19+00:00
CVE-2026-92087,updated,2026-09-17,cve_2026_to_now,2026-09-18T12:02:19+00:00
CVE-2026-92184,updated,2026-09-17,cve_2026_to_now,2026-09-18T12:02:19+00:00
CVE-2026-92217,updated,2026-09-17,cve_2026_to_now,2026-09-18T12:02:19+00:00
CVE-2026-92230,added,,cve_2026_to_now,2026-09-18T12:02:19+00:00
CVE-2026-92248,updated,2026-09-17,cve_2026_to_now,2026-09-18T12:02:19+00:00
CVE-2026-92249,added,,cve_2026_to_now,2026-09-18T12:02:19+00:00
CVE-2026-92298,updated,2026-09-17,cve_2026_to_now,2026-09-18T12:02:19+00:00
CVE-2026-92358,updated,2026-09-17,cve_2026_to_now,2026-09-18T12:02:19+00:00
CVE-2026-92395,updated,2026-09-17,cve_2026_to_now,2026-09-18T12:02:19+00:00
CVE-2026-92416,updated,2026-09-17,cve_2026_to_now,2026-09-18T12:02:19+00:00
CVE-2026-92455,updated,2026-09-17,cve_2026_to_now,2026-09-18T12:02:19+00:00
CVE-2026-92460,updated,2026-09-17,cve_2026_to_now,2026-09-18T12:02:19+00:00
CVE-2026-92474,updated,2026-09-17,cve_2026_to_now,2026-09-18T12:02:19+00:00
CVE-2026-92476,added,,cve_2026_to_now,2026-09-18T12:02:19+00:00
CVE-2026-92477,added,,cve_2026_to_now,2026-09-18T12:02:19+00:00
CVE-2026-92478,added,,cve_2026_to_now,2026-09-18T12:02:19+00:00
CVE-2026-92479,added,,cve_2026_to_now,2026-09-18T12:02:19+00:00
CVE-2026-92480,added,,cve_2026_to_now,2026-09-18T12:02:19+00:00
CVE-2026-92481,added,,cve_2026_to_now,2026-09-18T12:02:19+00:00
CVE-2026-92482,added,,cve_2026_to_now,2026-09-18T12:02:19+00:00
CVE-2026-92483,added,,cve_2026_to_now,2026-09-18T12:02:19+00:00
CVE-2026-92484,added,,cve_2026_to_now,2026-09-18T12:02:19+00:00
CVE-2026-92485,added,,cve_2026_to_now,2026-09-18T12:02:19+00:00
CVE-2026-92486,added,,cve_2026_to_now,2026-09-18T12:02:19+00:00
CVE-2026-92487,added,,cve_2026_to_now,2026-09-18T12:02:19+00:00
CVE-2026-92488,added,,cve_2026_to_now,2026-09-18T12:02:19+00:00
CVE-2026-92489,added,,cve_2026_to_now,2026-09-18T12:02:19+00:00
CVE-2026-92490,added,,cve_2026_to_now,2026-09-18T12:02:19+00:00
CVE-2026-92491,added,,cve_2026_to_now,2026-09-18T12:02:19+00:00
CVE-2026-92492,added,,cve_2026_to_now,2026-09-18T12:02:19+00:00
CVE-2026-92493,added,,cve_2026_to_now,2026-09-18T12:02:19+00:00
CVE-2026-92494,added,,cve_2026_to_now,2026-09-18T12:02:19+00:00
CVE-2026-92495,added,,cve_2026_to_now,2026-09-18T12:02:19+00:00
CVE-2026-92496,added,,cve_2026_to_now,2026-09-18T12:02:19+00:00
CVE-2026-92497,added,,cve_2026_to_now,2026-09-18T12:02:19+00:00
CVE-2026-92498,added,,cve_2026_to_now,2026-09-18T12:02:19+00:00
CVE-2026-92499,added,,cve_2026_to_now,2026-09-18T12:02:19+00:00
CVE-2026-92500,added,,cve_2026_to_now,2026-09-18T12:02:19+00:00
CVE-2026-92501,added,,cve_2026_to_now,2026-09-18T12:02:19+00:00
CVE-2026-92502,added,,cve_2026_to_now,2026-09-18T12:02:19+00:00
CVE-2026-92503,added,,cve_2026_to_now,2026-09-18T12:02:19+00:00
CVE-2026-92504,added,,cve_2026_to_now,2026-09-18T12:02:19+00:00
CVE-2026-92505,added,,cve_2026_to_now,2026-09-18T12:02:19+00:00
CVE-2026-92506,added,,cve_2026_to_now,2026-09-18T12:02:19+00:00
CVE-2026-92507,added,,cve_2026_to_now,2026-09-18T12:02:19+00:00
CVE-2026-92508,added,,cve_2026_to_now,2026-09-18T12:02:19+00:00
CVE-2026-92509,added,,cve_2026_to_now,2026-09-18T12:02:19+00:00
CVE-2026-92510,added,,cve_2026_to_now,2026-09-18T12:02:19+00:00
CVE-2026-92511,added,,cve_2026_to_now,2026-09-18T12:02:19+00:00
CVE-2026-92512,added,,cve_2026_to_now,2026-09-18T12:02:19+00:00
CVE-2026-92513,added,,cve_2026_to_now,2026-09-18T12:02:19+00:00
CVE-2026-92514,added,,cve_2026_to_now,2026-09-18T12:02:19+00:00
CVE-2026-92515,added,,cve_2026_to_now,2026-09-18T12:02:19+00:00
CVE-2026-92516,added,,cve_2026_to_now,2026-09-18T12:02:19+00:00
CVE-2026-92517,added,,cve_2026_to_now,2026-09-18T12:02:19+00:00
CVE-2026-92518,added,,cve_2026_to_now,2026-09-18T12:02:19+00:00
CVE-2026-92519,added,,cve_2026_to_now,2026-09-18T12:02:19+00:00
CVE-2026-92520,added,,cve_2026_to_now,2026-09-18T12:02:19+00:00
CVE-2026-92521,added,,cve_2026_to_now,2026-09-18T12:02:19+00:00
CVE-2026-92522,added,,cve_2026_to_now,2026-09-18T12:02:19+00:00
CVE-2026-92523,added,,cve_2026_to_now,2026-09-18T12:02:19+00:00
CVE-2026-92524,added,,cve_2026_to_now,2026-09-18T12:02:19+00:00
CVE-2026-92525,added,,cve_2026_to_now,2026-09-18T12:02:19+00:00
CVE-2026-92527,updated,2026-09-17,cve_2026_to_now,2026-09-18T12:02:19+00:00
CVE-2026-92554,added,,cve_2026_to_now,2026-09-18T12:02:19+00:00
CVE-2026-92561,added,,cve_2026_to_now,2026-09-18T12:02:19+00:00
CVE-2026-92567,updated,2026-09-17,cve_2026_to_now,2026-09-18T12:02:19+00:00
CVE-2026-92576,updated,2026-09-17,cve_2026_to_now,2026-09-18T12:02:19+00:00
CVE-2026-92577,updated,2026-09-17,cve_2026_to_now,2026-09-18T12:02:19+00:00
CVE-2026-92578,updated,2026-09-17,cve_2026_to_now,2026-09-18T12:02:19+00:00
CVE-2026-92581,updated,2026-09-17,cve_2026_to_now,2026-09-18T12:02:19+00:00
CVE-2026-92582,updated,2026-09-17,cve_2026_to_now,2026-09-18T12:02:19+00:00
CVE-2026-92583,updated,2026-09-17,cve_2026_to_now,2026-09-18T12:02:19+00:00
CVE-2026-92586,updated,2026-09-17,cve_2026_to_now,2026-09-18T12:02:19+00:00
CVE-2026-92588,updated,2026-09-17,cve_2026_to_now,2026-09-18T12:02:19+00:00
CVE-2026-92591,updated,2026-09-17,cve_2026_to_now,2026-09-18T12:02:19+00:00
CVE-2026-92592,updated,2026-09-17,cve_2026_to_now,2026-09-18T12:02:19+00:00
CVE-2026-92593,updated,2026-09-17,cve_2026_to_now,2026-09-18T12:02:19+00:00
CVE-2026-92596,updated,2026-09-17,cve_2026_to_now,2026-09-18T12:02:19+00:00
CVE-2026-92597,updated,2026-09-17,cve_2026_to_now,2026-09-18T12:02:19+00:00
CVE-2026-92598,updated,2026-09-17,cve_2026_to_now,2026-09-18T12:02:19+00:00
CVE-2026-92600,updated,2026-09-17,cve_2026_to_now,2026-09-18T12:02:19+00:00
CVE-2026-92605,updated,2026-09-17,cve_2026_to_now,2026-09-18T12:02:19+00:00
CVE-2026-92611,updated,,cve_2026_to_now,2026-09-18T12:02:19+00:00
CVE-2026-92615,updated,2026-09-17,cve_2026_to_now,2026-09-18T12:02:19+00:00
CVE-2026-92619,added,,cve_2026_to_now,2026-09-18T12:02:19+00:00
CVE-2026-92622,added,,cve_2026_to_now,2026-09-18T12:02:19+00:00
CVE-2026-92625,updated,2026-09-17,cve_2026_to_now,2026-09-18T12:02:19+00:00
CVE-2026-92626,updated,2026-09-17,cve_2026_to_now,2026-09-18T12:02:19+00:00
CVE-2026-92627,updated,2026-09-17,cve_2026_to_now,2026-09-18T12:02:19+00:00
CVE-2026-92714,added,,cve_2026_to_now,2026-09-18T12:02:19+00:00
CVE-2026-92716,updated,2026-09-17,cve_2026_to_now,2026-09-18T12:02:19+00:00
CVE-2026-92720,updated,2026-09-17,cve_2026_to_now,2026-09-18T12:02:19+00:00
CVE-2026-92749,updated,2026-09-17,cve_2026_to_now,2026-09-18T12:02:19+00:00
CVE-2026-92750,updated,2026-09-17,cve_2026_to_now,2026-09-18T12:02:19+00:00
CVE-2026-92751,updated,2026-09-17,cve_2026_to_now,2026-09-18T12:02:19+00:00
CVE-2026-92754,updated,2026-09-17,cve_2026_to_now,2026-09-18T12:02:19+00:00
CVE-2026-92756,added,,cve_2026_to_now,2026-09-18T12:02:19+00:00
CVE-2026-92757,added,,cve_2026_to_now,2026-09-18T12:02:19+00:00
CVE-2026-92758,added,,cve_2026_to_now,2026-09-18T12:02:19+00:00
CVE-2026-92759,updated,2026-09-17,cve_2026_to_now,2026-09-18T12:02:19+00:00
CVE-2026-92760,updated,2026-09-17,cve_2026_to_now,2026-09-18T12:02:19+00:00
CVE-2026-92763,updated,2026-09-17,cve_2026_to_now,2026-09-18T12:02:19+00:00
CVE-2026-92765,updated,2026-09-17,cve_2026_to_now,2026-09-18T12:02:19+00:00
CVE-2026-92772,updated,2026-09-17,cve_2026_to_now,2026-09-18T12:02:19+00:00
CVE-2026-92773,updated,2026-09-17,cve_2026_to_now,2026-09-18T12:02:19+00:00
CVE-2026-92774,updated,2026-09-17,cve_2026_to_now,2026-09-18T12:02:19+00:00
CVE-2026-92778,updated,2026-09-17,cve_2026_to_now,2026-09-18T12:02:19+00:00
CVE-2026-92779,updated,2026-09-17,cve_2026_to_now,2026-09-18T12:02:19+00:00
CVE-2026-92780,updated,2026-09-17,cve_2026_to_now,2026-09-18T12:02:19+00:00
CVE-2026-92783,updated,2026-09-17,cve_2026_to_now,2026-09-18T12:02:19+00:00
CVE-2026-92784,updated,2026-09-17,cve_2026_to_now,2026-09-18T12:02:19+00:00
CVE-2026-92785,updated,2026-09-17,cve_2026_to_now,2026-09-18T12:02:19+00:00
CVE-2026-92788,updated,2026-09-17,cve_2026_to_now,2026-09-18T12:02:19+00:00
CVE-2026-92789,updated,2026-09-17,cve_2026_to_now,2026-09-18T12:02:19+00:00
CVE-2026-92790,updated,2026-09-17,cve_2026_to_now,2026-09-18T12:02:19+00:00
CVE-2026-92793,updated,2026-09-17,cve_2026_to_now,2026-09-18T12:02:19+00:00
CVE-2026-92794,updated,2026-09-17,cve_2026_to_now,2026-09-18T12:02:19+00:00
CVE-2026-92795,updated,2026-09-17,cve_2026_to_now,2026-09-18T12:02:19+00:00
CVE-2026-92801,updated,2026-09-17,cve_2026_to_now,2026-09-18T12:02:19+00:00
CVE-2026-92802,updated,2026-09-17,cve_2026_to_now,2026-09-18T12:02:19+00:00
CVE-2026-92803,updated,2026-09-17,cve_2026_to_now,2026-09-18T12:02:19+00:00
CVE-2026-92806,updated,2026-09-17,cve_2026_to_now,2026-09-18T12:02:19+00:00
CVE-2026-92808,updated,2026-09-17,cve_2026_to_now,2026-09-18T12:02:19+00:00
CVE-2026-92809,updated,2026-09-17,cve_2026_to_now,2026-09-18T12:02:19+00:00
CVE-2026-92810,updated,2026-09-17,cve_2026_to_now,2026-09-18T12:02:19+00:00
CVE-2026-92813,updated,2026-09-17,cve_2026_to_now,2026-09-18T12:02:19+00:00
CVE-2026-92814,updated,2026-09-17,cve_2026_to_now,2026-09-18T12:02:19+00:00
CVE-2026-92815,updated,2026-09-17,cve_2026_to_now,2026-09-18T12:02:19+00:00
CVE-2026-92838,updated,,cve_2026_to_now,2026-09-18T12:02:19+00:00
CVE-2026-92839,updated,,cve_2026_to_now,2026-09-18T12:02:19+00:00
CVE-2026-92879,added,,cve_2026_to_now,2026-09-18T12:02:19+00:00
CVE-2026-92880,added,,cve_2026_to_now,2026-09-18T12:02:19+00:00
CVE-2026-92881,added,,cve_2026_to_now,2026-09-18T12:02:19+00:00
CVE-2026-92893,updated,,cve_2026_to_now,2026-09-18T12:02:19+00:00
CVE-2026-92894,updated,,cve_2026_to_now,2026-09-18T12:02:19+00:00
CVE-2026-92903,updated,,cve_2026_to_now,2026-09-18T12:02:19+00:00
CVE-2026-92904,added,,cve_2026_to_now,2026-09-18T12:02:19+00:00
CVE-2026-92914,updated,,cve_2026_to_now,2026-09-18T12:02:19+00:00
CVE-2026-92915,updated,,cve_2026_to_now,2026-09-18T12:02:19+00:00
CVE-2026-92918,added,,cve_2026_to_now,2026-09-18T12:02:19+00:00
CVE-2026-92919,added,,cve_2026_to_now,2026-09-18T12:02:19+00:00
CVE-2026-92920,added,,cve_2026_to_now,2026-09-18T12:02:19+00:00
CVE-2026-92921,added,,cve_2026_to_now,2026-09-18T12:02:19+00:00
CVE-2026-92925,updated,2026-09-18,cve_2026_to_now,2026-09-18T12:02:19+00:00
CVE-2026-92926,added,,cve_2026_to_now,2026-09-18T12:02:19+00:00
CVE-2026-92927,added,,cve_2026_to_now,2026-09-18T12:02:19+00:00
CVE-2026-92932,added,,cve_2026_to_now,2026-09-18T12:02:19+00:00
CVE-2026-92933,added,,cve_2026_to_now,2026-09-18T12:02:19+00:00
CVE-2026-92934,added,,cve_2026_to_now,2026-09-18T12:02:19+00:00
CVE-2026-92935,added,,cve_2026_to_now,2026-09-18T12:02:19+00:00
CVE-2026-92936,added,,cve_2026_to_now,2026-09-18T12:02:19+00:00
CVE-2026-92937,added,,cve_2026_to_now,2026-09-18T12:02:19+00:00
CVE-2026-92938,added,,cve_2026_to_now,2026-09-18T12:02:19+00:00
CVE-2026-92939,added,,cve_2026_to_now,2026-09-18T12:02:19+00:00
CVE-2026-92940,added,,cve_2026_to_now,2026-09-18T12:02:19+00:00
CVE-2026-92941,added,,cve_2026_to_now,2026-09-18T12:02:19+00:00
CVE-2026-92942,added,,cve_2026_to_now,2026-09-18T12:02:19+00:00
CVE-2026-92943,added,,cve_2026_to_now,2026-09-18T12:02:19+00:00
CVE-2026-92944,added,,cve_2026_to_now,2026-09-18T12:02:19+00:00
CVE-2026-92945,added,,cve_2026_to_now,2026-09-18T12:02:19+00:00
CVE-2026-92946,added,,cve_2026_to_now,2026-09-18T12:02:19+00:00
CVE-2026-92947,added,,cve_2026_to_now,2026-09-18T12:02:19+00:00
CVE-2026-92948,added,,cve_2026_to_now,2026-09-18T12:02:19+00:00
CVE-2026-92949,added,,cve_2026_to_now,2026-09-18T12:02:19+00:00
CVE-2026-92950,added,,cve_2026_to_now,2026-09-18T12:02:19+00:00
CVE-2026-92951,added,,cve_2026_to_now,2026-09-18T12:02:19+00:00
CVE-2026-92952,added,,cve_2026_to_now,2026-09-18T12:02:19+00:00
CVE-2026-92953,added,,cve_2026_to_now,2026-09-18T12:02:19+00:00
CVE-2026-92954,added,,cve_2026_to_now,2026-09-18T12:02:19+00:00
CVE-2026-92955,added,,cve_2026_to_now,2026-09-18T12:02:19+00:00
CVE-2026-92956,added,,cve_2026_to_now,2026-09-18T12:02:19+00:00
CVE-2026-92957,added,,cve_2026_to_now,2026-09-18T12:02:19+00:00
CVE-2026-92958,added,,cve_2026_to_now,2026-09-18T12:02:19+00:00
CVE-2026-92959,added,,cve_2026_to_now,2026-09-18T12:02:19+00:00
CVE-2026-92960,added,,cve_2026_to_now,2026-09-18T12:02:19+00:00
CVE-2026-92961,added,,cve_2026_to_now,2026-09-18T12:02:19+00:00
CVE-2026-92962,added,,cve_2026_to_now,2026-09-18T12:02:19+00:00
CVE-2026-92963,added,,cve_2026_to_now,2026-09-18T12:02:19+00:00
CVE-2026-92970,added,,cve_2026_to_now,2026-09-18T12:02:19+00:00
CVE-2026-92971,added,,cve_2026_to_now,2026-09-18T12:02:19+00:00
CVE-2026-92972,added,,cve_2026_to_now,2026-09-18T12:02:19+00:00
CVE-2026-92973,added,,cve_2026_to_now,2026-09-18T12:02:19+00:00
CVE-2026-92976,added,,cve_2026_to_now,2026-09-18T12:02:19+00:00
CVE-2026-92980,added,,cve_2026_to_now,2026-09-18T12:02:19+00:00
CVE-2026-92983,added,,cve_2026_to_now,2026-09-18T12:02:19+00:00
CVE-2026-92984,added,,cve_2026_to_now,2026-09-18T12:02:19+00:00
CVE-2026-92985,added,,cve_2026_to_now,2026-09-18T12:02:19+00:00
CVE-2026-92986,added,,cve_2026_to_now,2026-09-18T12:02:19+00:00
CVE-2026-92987,added,,cve_2026_to_now,2026-09-18T12:02:19+00:00
CVE-2026-92991,added,,cve_2026_to_now,2026-09-18T12:02:19+00:00
CVE-2026-92992,added,,cve_2026_to_now,2026-09-18T12:02:19+00:00
CVE-2026-92993,added,,cve_2026_to_now,2026-09-18T12:02:19+00:00
CVE-2026-93013,added,,cve_2026_to_now,2026-09-18T12:02:19+00:00
CVE-2026-93014,added,,cve_2026_to_now,2026-09-18T12:02:19+00:00
CVE-2026-93015,added,,cve_2026_to_now,2026-09-18T12:02:19+00:00
CVE-2026-93037,added,,cve_2026_to_now,2026-09-18T12:02:19+00:00
CVE-2026-93038,added,,cve_2026_to_now,2026-09-18T12:02:19+00:00
CVE-2026-93039,added,,cve_2026_to_now,2026-09-18T12:02:19+00:00
CVE-2026-93040,added,,cve_2026_to_now,2026-09-18T12:02:19+00:00
CVE-2026-93041,added,,cve_2026_to_now,2026-09-18T12:02:19+00:00
CVE-2026-93042,added,,cve_2026_to_now,2026-09-18T12:02:19+00:00
CVE-2026-93043,added,,cve_2026_to_now,2026-09-18T12:02:19+00:00
CVE-2026-93044,added,,cve_2026_to_now,2026-09-18T12:02:19+00:00
CVE-2026-93045,added,,cve_2026_to_now,2026-09-18T12:02:19+00:00
CVE-2026-93046,added,,cve_2026_to_now,2026-09-18T12:02:19+00:00
CVE-2026-93047,added,,cve_2026_to_now,2026-09-18T12:02:19+00:00
CVE-2026-93048,added,,cve_2026_to_now,2026-09-18T12:02:19+00:00
CVE-2026-93049,added,,cve_2026_to_now,2026-09-18T12:02:19+00:00
CVE-2026-93050,added,,cve_2026_to_now,2026-09-18T12:02:19+00:00
CVE-2026-93051,added,,cve_2026_to_now,2026-09-18T12:02:19+00:00
CVE-2026-93052,added,,cve_2026_to_now,2026-09-18T12:02:19+00:00
CVE-2026-93053,added,,cve_2026_to_now,2026-09-18T12:02:19+00:00
CVE-2026-93054,added,,cve_2026_to_now,2026-09-18T12:02:19+00:00
CVE-2026-93055,added,,cve_2026_to_now,2026-09-18T12:02:19+00:00
CVE-2026-93056,added,,cve_2026_to_now,2026-09-18T12:02:19+00:00
CVE-2026-93057,added,,cve_2026_to_now,2026-09-18T12:02:19+00:00
CVE-2026-93058,added,,cve_2026_to_now,2026-09-18T12:02:19+00:00
CVE-2026-93059,added,,cve_2026_to_now,2026-09-18T12:02:19+00:00
CVE-2026-93060,added,,cve_2026_to_now,2026-09-18T12:02:19+00:00
CVE-2026-93061,added,,cve_2026_to_now,2026-09-18T12:02:19+00:00
CVE-2026-93062,added,,cve_2026_to_now,2026-09-18T12:02:19+00:00
CVE-2026-93063,added,,cve_2026_to_now,2026-09-18T12:02:19+00:00
CVE-2026-93064,added,,cve_2026_to_now,2026-09-18T12:02:19+00:00
CVE-2026-93065,added,,cve_2026_to_now,2026-09-18T12:02:19+00:00
CVE-2026-93066,added,,cve_2026_to_now,2026-09-18T12:02:19+00:00
CVE-2026-93067,added,,cve_2026_to_now,2026-09-18T12:02:19+00:00
CVE-2026-93068,added,,cve_2026_to_now,2026-09-18T12:02:19+00:00
CVE-2026-93069,added,,cve_2026_to_now,2026-09-18T12:02:19+00:00
CVE-2026-93070,added,,cve_2026_to_now,2026-09-18T12:02:19+00:00
CVE-2026-93071,added,,cve_2026_to_now,2026-09-18T12:02:19+00:00
CVE-2026-93072,added,,cve_2026_to_now,2026-09-18T12:02:19+00:00
CVE-2026-93073,added,,cve_2026_to_now,2026-09-18T12:02:19+00:00
CVE-2026-93074,added,,cve_2026_to_now,2026-09-18T12:02:19+00:00
CVE-2026-93075,added,,cve_2026_to_now,2026-09-18T12:02:19+00:00
CVE-2026-93076,added,,cve_2026_to_now,2026-09-18T12:02:19+00:00
CVE-2026-93077,added,,cve_2026_to_now,2026-09-18T12:02:19+00:00
CVE-2026-93078,added,,cve_2026_to_now,2026-09-18T12:02:19+00:00
CVE-2026-93079,added,,cve_2026_to_now,2026-09-18T12:02:19+00:00
CVE-2026-93080,added,,cve_2026_to_now,2026-09-18T12:02:19+00:00
CVE-2026-93081,added,,cve_2026_to_now,2026-09-18T12:02:19+00:00
CVE-2026-93082,added,,cve_2026_to_now,2026-09-18T12:02:19+00:00
CVE-2026-93083,added,,cve_2026_to_now,2026-09-18T12:02:19+00:00
CVE-2026-93084,added,,cve_2026_to_now,2026-09-18T12:02:19+00:00
CVE-2026-93085,added,,cve_2026_to_now,2026-09-18T12:02:19+00:00
CVE-2026-93086,added,,cve_2026_to_now,2026-09-18T12:02:19+00:00
CVE-2026-93089,added,,cve_2026_to_now,2026-09-18T12:02:19+00:00
CVE-2026-93090,added,,cve_2026_to_now,2026-09-18T12:02:19+00:00
CVE-2026-93091,added,,cve_2026_to_now,2026-09-18T12:02:19+00:00
CVE-2026-93092,added,,cve_2026_to_now,2026-09-18T12:02:19+00:00
CVE-2026-93093,added,,cve_2026_to_now,2026-09-18T12:02:19+00:00
CVE-2026-93094,added,,cve_2026_to_now,2026-09-18T12:02:19+00:00
CVE-2026-93095,added,,cve_2026_to_now,2026-09-18T12:02:19+00:00
CVE-2026-93096,added,,cve_2026_to_now,2026-09-18T12:02:19+00:00
CVE-2026-93097,added,,cve_2026_to_now,2026-09-18T12:02:19+00:00
CVE-2026-93098,added,,cve_2026_to_now,2026-09-18T12:02:19+00:00
CVE-2026-93099,added,,cve_2026_to_now,2026-09-18T12:02:19+00:00
CVE-2026-93100,added,,cve_2026_to_now,2026-09-18T12:02:19+00:00
CVE-2026-93101,added,,cve_2026_to_now,2026-09-18T12:02:19+00:00
CVE-2026-93102,added,,cve_2026_to_now,2026-09-18T12:02:19+00:00
CVE-2026-93103,added,,cve_2026_to_now,2026-09-18T12:02:19+00:00
CVE-2026-93104,added,,cve_2026_to_now,2026-09-18T12:02:19+00:00
CVE-2026-93105,added,,cve_2026_to_now,2026-09-18T12:02:19+00:00
CVE-2026-93106,added,,cve_2026_to_now,2026-09-18T12:02:19+00:00
CVE-2026-93107,added,,cve_2026_to_now,2026-09-18T12:02:19+00:00
CVE-2026-93108,added,,cve_2026_to_now,2026-09-18T12:02:19+00:00
CVE-2026-93109,added,,cve_2026_to_now,2026-09-18T12:02:19+00:00
CVE-2026-93110,added,,cve_2026_to_now,2026-09-18T12:02:19+00:00
CVE-2026-93111,added,,cve_2026_to_now,2026-09-18T12:02:19+00:00
CVE-2026-93112,added,,cve_2026_to_now,2026-09-18T12:02:19+00:00
CVE-2026-93113,added,,cve_2026_to_now,2026-09-18T12:02:19+00:00
CVE-2026-93114,added,,cve_2026_to_now,2026-09-18T12:02:19+00:00
CVE-2026-93115,added,,cve_2026_to_now,2026-09-18T12:02:19+00:00
CVE-2026-93116,added,,cve_2026_to_now,2026-09-18T12:02:19+00:00
CVE-2026-93117,added,,cve_2026_to_now,2026-09-18T12:02:19+00:00
CVE-2026-93118,added,,cve_2026_to_now,2026-09-18T12:02:19+00:00
CVE-2026-93119,added,,cve_2026_to_now,2026-09-18T12:02:19+00:00
CVE-2026-93120,added,,cve_2026_to_now,2026-09-18T12:02:19+00:00
CVE-2026-93121,added,,cve_2026_to_now,2026-09-18T12:02:19+00:00
CVE-2026-93122,added,,cve_2026_to_now,2026-09-18T12:02:19+00:00
CVE-2026-93123,added,,cve_2026_to_now,2026-09-18T12:02:19+00:00
CVE-2026-93124,added,,cve_2026_to_now,2026-09-18T12:02:19+00:00
CVE-2026-93125,added,,cve_2026_to_now,2026-09-18T12:02:19+00:00
CVE-2026-93126,added,,cve_2026_to_now,2026-09-18T12:02:19+00:00
CVE-2026-93127,added,,cve_2026_to_now,2026-09-18T12:02:19+00:00
CVE-2026-93128,added,,cve_2026_to_now,2026-09-18T12:02:19+00:00
CVE-2026-93129,added,,cve_2026_to_now,2026-09-18T12:02:19+00:00
CVE-2026-93130,added,,cve_2026_to_now,2026-09-18T12:02:19+00:00
CVE-2026-93131,added,,cve_2026_to_now,2026-09-18T12:02:19+00:00
CVE-2026-93132,added,,cve_2026_to_now,2026-09-18T12:02:19+00:00
CVE-2026-93133,added,,cve_2026_to_now,2026-09-18T12:02:19+00:00
CVE-2026-93134,added,,cve_2026_to_now,2026-09-18T12:02:19+00:00
CVE-2026-93135,added,,cve_2026_to_now,2026-09-18T12:02:19+00:00
CVE-2026-93136,added,,cve_2026_to_now,2026-09-18T12:02:19+00:00
CVE-2026-93137,added,,cve_2026_to_now,2026-09-18T12:02:19+00:00
CVE-2026-93138,added,,cve_2026_to_now,2026-09-18T12:02:19+00:00
CVE-2026-93139,added,,cve_2026_to_now,2026-09-18T12:02:19+00:00
CVE-2026-93140,added,,cve_2026_to_now,2026-09-18T12:02:19+00:00
CVE-2026-93141,added,,cve_2026_to_now,2026-09-18T12:02:19+00:00
CVE-2026-93142,added,,cve_2026_to_now,2026-09-18T12:02:19+00:00
CVE-2026-93143,added,,cve_2026_to_now,2026-09-18T12:02:19+00:00
CVE-2026-93144,added,,cve_2026_to_now,2026-09-18T12:02:19+00:00
CVE-2026-93145,added,,cve_2026_to_now,2026-09-18T12:02:19+00:00
CVE-2026-93146,added,,cve_2026_to_now,2026-09-18T12:02:19+00:00
CVE-2026-93147,added,,cve_2026_to_now,2026-09-18T12:02:19+00:00
CVE-2026-93148,added,,cve_2026_to_now,2026-09-18T12:02:19+00:00
CVE-2026-93149,added,,cve_2026_to_now,2026-09-18T12:02:19+00:00
CVE-2026-93150,added,,cve_2026_to_now,2026-09-18T12:02:19+00:00
CVE-2026-93151,added,,cve_2026_to_now,2026-09-18T12:02:19+00:00
CVE-2026-93152,added,,cve_2026_to_now,2026-09-18T12:02:19+00:00
CVE-2026-93153,added,,cve_2026_to_now,2026-09-18T12:02:19+00:00
CVE-2026-93154,added,,cve_2026_to_now,2026-09-18T12:02:19+00:00
CVE-2026-93155,added,,cve_2026_to_now,2026-09-18T12:02:19+00:00
CVE-2026-93156,added,,cve_2026_to_now,2026-09-18T12:02:19+00:00
CVE-2026-93157,added,,cve_2026_to_now,2026-09-18T12:02:19+00:00
CVE-2026-93158,added,,cve_2026_to_now,2026-09-18T12:02:19+00:00
CVE-2026-93159,added,,cve_2026_to_now,2026-09-18T12:02:19+00:00
CVE-2026-93160,added,,cve_2026_to_now,2026-09-18T12:02:19+00:00
CVE-2026-93161,added,,cve_2026_to_now,2026-09-18T12:02:19+00:00
CVE-2026-93162,added,,cve_2026_to_now,2026-09-18T12:02:19+00:00
CVE-2026-93163,added,,cve_2026_to_now,2026-09-18T12:02:19+00:00
CVE-2026-93164,added,,cve_2026_to_now,2026-09-18T12:02:19+00:00
CVE-2026-93165,added,,cve_2026_to_now,2026-09-18T12:02:19+00:00
CVE-2026-93166,added,,cve_2026_to_now,2026-09-18T12:02:19+00:00
CVE-2026-93167,added,,cve_2026_to_now,2026-09-18T12:02:19+00:00
CVE-2026-93168,added,,cve_2026_to_now,2026-09-18T12:02:19+00:00
CVE-2026-93169,added,,cve_2026_to_now,2026-09-18T12:02:19+00:00
CVE-2026-93170,added,,cve_2026_to_now,2026-09-18T12:02:19+00:00
CVE-2026-93171,added,,cve_2026_to_now,2026-09-18T12:02:19+00:00
CVE-2026-93172,added,,cve_2026_to_now,2026-09-18T12:02:19+00:00
CVE-2026-93173,added,,cve_2026_to_now,2026-09-18T12:02:19+00:00
CVE-2026-93174,added,,cve_2026_to_now,2026-09-18T12:02:19+00:00
CVE-2026-93175,added,,cve_2026_to_now,2026-09-18T12:02:19+00:00
CVE-2026-93176,added,,cve_2026_to_now,2026-09-18T12:02:19+00:00
CVE-2026-93177,added,,cve_2026_to_now,2026-09-18T12:02:19+00:00
CVE-2026-93178,added,,cve_2026_to_now,2026-09-18T12:02:19+00:00
CVE-2026-93179,added,,cve_2026_to_now,2026-09-18T12:02:19+00:00
CVE-2026-93180,added,,cve_2026_to_now,2026-09-18T12:02:19+00:00
CVE-2026-93181,added,,cve_2026_to_now,2026-09-18T12:02:19+00:00
CVE-2026-93182,added,,cve_2026_to_now,2026-09-18T12:02:19+00:00
CVE-2026-93183,added,,cve_2026_to_now,2026-09-18T12:02:19+00:00
CVE-2026-93184,added,,cve_2026_to_now,2026-09-18T12:02:19+00:00
CVE-2026-93185,added,,cve_2026_to_now,2026-09-18T12:02:19+00:00
CVE-2026-93186,added,,cve_2026_to_now,2026-09-18T12:02:19+00:00
CVE-2026-93187,added,,cve_2026_to_now,2026-09-18T12:02:19+00:00
CVE-2026-93188,added,,cve_2026_to_now,2026-09-18T12:02:19+00:00
CVE-2026-93189,added,,cve_2026_to_now,2026-09-18T12:02:19+00:00
CVE-2026-93190,added,,cve_2026_to_now,2026-09-18T12:02:19+00:00
CVE-2026-93191,added,,cve_2026_to_now,2026-09-18T12:02:19+00:00
CVE-2026-93192,added,,cve_2026_to_now,2026-09-18T12:02:19+00:00
CVE-2026-93193,added,,cve_2026_to_now,2026-09-18T12:02:19+00:00
CVE-2026-93194,added,,cve_2026_to_now,2026-09-18T12:02:19+00:00
CVE-2026-93195,added,,cve_2026_to_now,2026-09-18T12:02:19+00:00
CVE-2026-93196,added,,cve_2026_to_now,2026-09-18T12:02:19+00:00
CVE-2026-93197,added,,cve_2026_to_now,2026-09-18T12:02:19+00:00
CVE-2026-93198,added,,cve_2026_to_now,2026-09-18T12:02:19+00:00
CVE-2026-93199,added,,cve_2026_to_now,2026-09-18T12:02:19+00:00
CVE-2026-93200,added,,cve_2026_to_now,2026-09-18T12:02:19+00:00
CVE-2026-93201,added,,cve_2026_to_now,2026-09-18T12:02:19+00:00
CVE-2026-93202,added,,cve_2026_to_now,2026-09-18T12:02:19+00:00
CVE-2026-93203,added,,cve_2026_to_now,2026-09-18T12:02:19+00:00
CVE-2026-93204,added,,cve_2026_to_now,2026-09-18T12:02:19+00:00
CVE-2026-93292,added,,cve_2026_to_now,2026-09-18T12:02:19+00:00
CVE-2026-93295,added,,cve_2026_to_now,2026-09-18T12:02:19+00:00
CVE-2026-93296,added,,cve_2026_to_now,2026-09-18T12:02:19+00:00
CVE-2026-93307,added,,cve_2026_to_now,2026-09-18T12:02:19+00:00
CVE-2026-93308,added,,cve_2026_to_now,2026-09-18T12:02:19+00:00
CVE-2026-93309,added,,cve_2026_to_now,2026-09-18T12:02:19+00:00
CVE-2026-93310,added,,cve_2026_to_now,2026-09-18T12:02:19+00:00
CVE-2026-93311,added,,cve_2026_to_now,2026-09-18T12:02:19+00:00
CVE-2026-93312,added,,cve_2026_to_now,2026-09-18T12:02:19+00:00
CVE-2026-93313,added,,cve_2026_to_now,2026-09-18T12:02:19+00:00
CVE-2026-93314,added,,cve_2026_to_now,2026-09-18T12:02:19+00:00
CVE-2026-93331,added,,cve_2026_to_now,2026-09-18T12:02:19+00:00
CVE-2026-93337,added,,cve_2026_to_now,2026-09-18T12:02:19+00:00
CVE-2026-93371,added,,cve_2026_to_now,2026-09-18T12:02:19+00:00
CVE-2026-93372,added,,cve_2026_to_now,2026-09-18T12:02:19+00:00
CVE-2026-93373,added,,cve_2026_to_now,2026-09-18T12:02:19+00:00
CVE-2026-93374,added,,cve_2026_to_now,2026-09-18T12:02:19+00:00
CVE-2026-93375,added,,cve_2026_to_now,2026-09-18T12:02:19+00:00
CVE-2026-93376,added,,cve_2026_to_now,2026-09-18T12:02:19+00:00
CVE-2026-93377,added,,cve_2026_to_now,2026-09-18T12:02:19+00:00
CVE-2026-93378,added,,cve_2026_to_now,2026-09-18T12:02:19+00:00
CVE-2026-93379,added,,cve_2026_to_now,2026-09-18T12:02:19+00:00
CVE-2026-93380,added,,cve_2026_to_now,2026-09-18T12:02:19+00:00
CVE-2026-93381,added,,cve_2026_to_now,2026-09-18T12:02:19+00:00
CVE-2026-93382,added,,cve_2026_to_now,2026-09-18T12:02:19+00:00
CVE-2026-93383,added,,cve_2026_to_now,2026-09-18T12:02:19+00:00
CVE-2026-93384,added,,cve_2026_to_now,2026-09-18T12:02:19+00:00
CVE-2026-93385,added,,cve_2026_to_now,2026-09-18T12:02:19+00:00
CVE-2026-93386,added,,cve_2026_to_now,2026-09-18T12:02:19+00:00
CVE-2026-93387,added,,cve_2026_to_now,2026-09-18T12:02:19+00:00
CVE-2026-93393,added,,cve_2026_to_now,2026-09-18T12:02:19+00:00
CVE-2026-93394,added,,cve_2026_to_now,2026-09-18T12:02:19+00:00
CVE-2026-93395,added,,cve_2026_to_now,2026-09-18T12:02:19+00:00
CVE-2026-93426,added,,cve_2026_to_now,2026-09-18T12:02:19+00:00
CVE-2026-93435,added,,cve_2026_to_now,2026-09-18T12:02:19+00:00
CVE-2026-93436,added,,cve_2026_to_now,2026-09-18T12:02:19+00:00
CVE-2026-93450,added,,cve_2026_to_now,2026-09-18T12:02:19+00:00
CVE-2026-93451,added,,cve_2026_to_now,2026-09-18T12:02:19+00:00
CVE-2026-93452,added,,cve_2026_to_now,2026-09-18T12:02:19+00:00
CVE-2026-93453,added,,cve_2026_to_now,2026-09-18T12:02:19+00:00
CVE-2026-93454,added,,cve_2026_to_now,2026-09-18T12:02:19+00:00
CVE-2026-93455,added,,cve_2026_to_now,2026-09-18T12:02:19+00:00
CVE-2026-93456,added,,cve_2026_to_now,2026-09-18T12:02:19+00:00
CVE-2026-93467,added,,cve_2026_to_now,2026-09-18T12:02:19+00:00
CVE-2026-93468,added,,cve_2026_to_now,2026-09-18T12:02:19+00:00
CVE-2026-93485,added,,cve_2026_to_now,2026-09-18T12:02:19+00:00
CVE-2026-93488,added,,cve_2026_to_now,2026-09-18T12:02:19+00:00
CVE-2026-93493,added,,cve_2026_to_now,2026-09-18T12:02:19+00:00
CVE-2026-93494,added,,cve_2026_to_now,2026-09-18T12:02:19+00:00
CVE-2026-93561,added,,cve_2026_to_now,2026-09-18T12:02:19+00:00
CVE-2026-93563,added,,cve_2026_to_now,2026-09-18T12:02:19+00:00
CVE-2026-93572,added,,cve_2026_to_now,2026-09-18T12:02:19+00:00
CVE-2026-93575,added,,cve_2026_to_now,2026-09-18T12:02:19+00:00
CVE-2026-93578,added,,cve_2026_to_now,2026-09-18T12:02:19+00:00
