cve_id,change_type,date_updated,shard,run_utc
CVE-2017-20284,added,,cve_2022_and_before,2026-09-19T11:45:42+00:00
CVE-2019-25776,added,,cve_2022_and_before,2026-09-19T11:45:42+00:00
CVE-2021-3030,updated,2026-09-18,cve_2022_and_before,2026-09-19T11:45:42+00:00
CVE-2021-48006,updated,2026-09-18,cve_2022_and_before,2026-09-19T11:45:42+00:00
CVE-2021-48008,added,,cve_2022_and_before,2026-09-19T11:45:42+00:00
CVE-2023-1118,updated,2026-09-18,cve_2023_to_2025,2026-09-19T11:45:42+00:00
CVE-2023-1380,updated,2026-09-18,cve_2023_to_2025,2026-09-19T11:45:42+00:00
CVE-2023-1390,updated,2026-09-18,cve_2023_to_2025,2026-09-19T11:45:42+00:00
CVE-2023-5778,added,,cve_2023_to_2025,2026-09-19T11:45:42+00:00
CVE-2023-27534,updated,2026-09-18,cve_2023_to_2025,2026-09-19T11:45:42+00:00
CVE-2023-35788,updated,2026-09-18,cve_2023_to_2025,2026-09-19T11:45:42+00:00
CVE-2023-40283,updated,2026-09-18,cve_2023_to_2025,2026-09-19T11:45:42+00:00
CVE-2023-54392,updated,2026-09-18,cve_2023_to_2025,2026-09-19T11:45:42+00:00
CVE-2023-54399,added,,cve_2023_to_2025,2026-09-19T11:45:42+00:00
CVE-2024-27123,updated,,cve_2023_to_2025,2026-09-19T11:45:42+00:00
CVE-2024-38639,updated,,cve_2023_to_2025,2026-09-19T11:45:42+00:00
CVE-2024-53063,updated,2026-09-18,cve_2023_to_2025,2026-09-19T11:45:42+00:00
CVE-2024-56344,added,,cve_2023_to_2025,2026-09-19T11:45:42+00:00
CVE-2024-58380,updated,2026-09-18,cve_2023_to_2025,2026-09-19T11:45:42+00:00
CVE-2025-1350,added,,cve_2023_to_2025,2026-09-19T11:45:42+00:00
CVE-2025-6021,updated,2026-09-18,cve_2023_to_2025,2026-09-19T11:45:42+00:00
CVE-2025-13533,updated,,cve_2023_to_2025,2026-09-19T11:45:42+00:00
CVE-2025-13882,added,,cve_2023_to_2025,2026-09-19T11:45:42+00:00
CVE-2025-14753,added,,cve_2023_to_2025,2026-09-19T11:45:42+00:00
CVE-2025-14754,added,,cve_2023_to_2025,2026-09-19T11:45:42+00:00
CVE-2025-14813,updated,2026-09-18,cve_2023_to_2025,2026-09-19T11:45:42+00:00
CVE-2025-15399,added,2026-09-19,cve_2023_to_2025,2026-09-19T11:45:42+00:00
CVE-2025-15698,added,,cve_2023_to_2025,2026-09-19T11:45:42+00:00
CVE-2025-33141,added,,cve_2023_to_2025,2026-09-19T11:45:42+00:00
CVE-2025-33147,added,,cve_2023_to_2025,2026-09-19T11:45:42+00:00
CVE-2025-36045,added,,cve_2023_to_2025,2026-09-19T11:45:42+00:00
CVE-2025-36076,added,,cve_2023_to_2025,2026-09-19T11:45:42+00:00
CVE-2025-36147,added,,cve_2023_to_2025,2026-09-19T11:45:42+00:00
CVE-2025-36178,added,,cve_2023_to_2025,2026-09-19T11:45:42+00:00
CVE-2025-36421,added,,cve_2023_to_2025,2026-09-19T11:45:42+00:00
CVE-2025-39682,updated,2026-09-19,cve_2023_to_2025,2026-09-19T11:45:42+00:00
CVE-2025-39964,updated,2026-09-19,cve_2023_to_2025,2026-09-19T11:45:42+00:00
CVE-2025-49794,updated,2026-09-18,cve_2023_to_2025,2026-09-19T11:45:42+00:00
CVE-2025-49795,updated,2026-09-18,cve_2023_to_2025,2026-09-19T11:45:42+00:00
CVE-2025-49796,updated,2026-09-18,cve_2023_to_2025,2026-09-19T11:45:42+00:00
CVE-2025-53837,added,,cve_2023_to_2025,2026-09-19T11:45:42+00:00
CVE-2025-55787,updated,2026-09-18,cve_2023_to_2025,2026-09-19T11:45:42+00:00
CVE-2025-59953,updated,2026-09-18,cve_2023_to_2025,2026-09-19T11:45:42+00:00
CVE-2025-61682,added,,cve_2023_to_2025,2026-09-19T11:45:42+00:00
CVE-2025-61726,updated,2026-09-18,cve_2023_to_2025,2026-09-19T11:45:42+00:00
CVE-2025-66455,added,,cve_2023_to_2025,2026-09-19T11:45:42+00:00
CVE-2025-69223,updated,2026-09-18,cve_2023_to_2025,2026-09-19T11:45:42+00:00
CVE-2026-0631,updated,2026-09-18,cve_2026_to_now,2026-09-19T11:45:42+00:00
CVE-2026-0636,updated,2026-09-18,cve_2026_to_now,2026-09-19T11:45:42+00:00
CVE-2026-1025,added,,cve_2026_to_now,2026-09-19T11:45:42+00:00
CVE-2026-1029,added,,cve_2026_to_now,2026-09-19T11:45:42+00:00
CVE-2026-1030,added,,cve_2026_to_now,2026-09-19T11:45:42+00:00
CVE-2026-1031,added,,cve_2026_to_now,2026-09-19T11:45:42+00:00
CVE-2026-1037,added,,cve_2026_to_now,2026-09-19T11:45:42+00:00
CVE-2026-1242,added,,cve_2026_to_now,2026-09-19T11:45:42+00:00
CVE-2026-1255,added,,cve_2026_to_now,2026-09-19T11:45:42+00:00
CVE-2026-1256,added,,cve_2026_to_now,2026-09-19T11:45:42+00:00
CVE-2026-1641,added,,cve_2026_to_now,2026-09-19T11:45:42+00:00
CVE-2026-1933,updated,2026-09-18,cve_2026_to_now,2026-09-19T11:45:42+00:00
CVE-2026-1984,added,,cve_2026_to_now,2026-09-19T11:45:42+00:00
CVE-2026-2278,added,,cve_2026_to_now,2026-09-19T11:45:42+00:00
CVE-2026-2422,added,,cve_2026_to_now,2026-09-19T11:45:42+00:00
CVE-2026-3012,updated,2026-09-18,cve_2026_to_now,2026-09-19T11:45:42+00:00
CVE-2026-3505,updated,2026-09-18,cve_2026_to_now,2026-09-19T11:45:42+00:00
CVE-2026-4036,updated,,cve_2026_to_now,2026-09-19T11:45:42+00:00
CVE-2026-4327,added,,cve_2026_to_now,2026-09-19T11:45:42+00:00
CVE-2026-4408,updated,2026-09-18,cve_2026_to_now,2026-09-19T11:45:42+00:00
CVE-2026-4792,added,,cve_2026_to_now,2026-09-19T11:45:42+00:00
CVE-2026-5400,added,,cve_2026_to_now,2026-09-19T11:45:42+00:00
CVE-2026-5410,added,,cve_2026_to_now,2026-09-19T11:45:42+00:00
CVE-2026-5588,updated,2026-09-18,cve_2026_to_now,2026-09-19T11:45:42+00:00
CVE-2026-5598,updated,2026-09-18,cve_2026_to_now,2026-09-19T11:45:42+00:00
CVE-2026-6205,updated,,cve_2026_to_now,2026-09-19T11:45:42+00:00
CVE-2026-6295,added,,cve_2026_to_now,2026-09-19T11:45:42+00:00
CVE-2026-6893,updated,2026-09-18,cve_2026_to_now,2026-09-19T11:45:42+00:00
CVE-2026-7006,added,,cve_2026_to_now,2026-09-19T11:45:42+00:00
CVE-2026-7405,updated,2026-09-18,cve_2026_to_now,2026-09-19T11:45:42+00:00
CVE-2026-7406,updated,2026-09-18,cve_2026_to_now,2026-09-19T11:45:42+00:00
CVE-2026-7527,added,,cve_2026_to_now,2026-09-19T11:45:42+00:00
CVE-2026-8177,updated,2026-09-18,cve_2026_to_now,2026-09-19T11:45:42+00:00
CVE-2026-8354,added,,cve_2026_to_now,2026-09-19T11:45:42+00:00
CVE-2026-9232,added,,cve_2026_to_now,2026-09-19T11:45:42+00:00
CVE-2026-9289,added,,cve_2026_to_now,2026-09-19T11:45:42+00:00
CVE-2026-9613,added,,cve_2026_to_now,2026-09-19T11:45:42+00:00
CVE-2026-9615,added,,cve_2026_to_now,2026-09-19T11:45:42+00:00
CVE-2026-9766,added,,cve_2026_to_now,2026-09-19T11:45:42+00:00
CVE-2026-9832,added,,cve_2026_to_now,2026-09-19T11:45:42+00:00
CVE-2026-9855,added,,cve_2026_to_now,2026-09-19T11:45:42+00:00
CVE-2026-9858,added,,cve_2026_to_now,2026-09-19T11:45:42+00:00
CVE-2026-10027,added,2026-09-19,cve_2026_to_now,2026-09-19T11:45:42+00:00
CVE-2026-10030,added,,cve_2026_to_now,2026-09-19T11:45:42+00:00
CVE-2026-10575,added,2026-09-19,cve_2026_to_now,2026-09-19T11:45:42+00:00
CVE-2026-10744,added,2026-09-19,cve_2026_to_now,2026-09-19T11:45:42+00:00
CVE-2026-10747,added,2026-09-19,cve_2026_to_now,2026-09-19T11:45:42+00:00
CVE-2026-10751,added,2026-09-19,cve_2026_to_now,2026-09-19T11:45:42+00:00
CVE-2026-10832,added,,cve_2026_to_now,2026-09-19T11:45:42+00:00
CVE-2026-10841,added,,cve_2026_to_now,2026-09-19T11:45:42+00:00
CVE-2026-10853,added,2026-09-19,cve_2026_to_now,2026-09-19T11:45:42+00:00
CVE-2026-10858,added,2026-09-19,cve_2026_to_now,2026-09-19T11:45:42+00:00
CVE-2026-11375,added,2026-09-19,cve_2026_to_now,2026-09-19T11:45:42+00:00
CVE-2026-11378,added,2026-09-19,cve_2026_to_now,2026-09-19T11:45:42+00:00
CVE-2026-11381,added,2026-09-19,cve_2026_to_now,2026-09-19T11:45:42+00:00
CVE-2026-11537,added,,cve_2026_to_now,2026-09-19T11:45:42+00:00
CVE-2026-11538,added,,cve_2026_to_now,2026-09-19T11:45:42+00:00
CVE-2026-11539,added,,cve_2026_to_now,2026-09-19T11:45:42+00:00
CVE-2026-11540,added,,cve_2026_to_now,2026-09-19T11:45:42+00:00
CVE-2026-11545,added,,cve_2026_to_now,2026-09-19T11:45:42+00:00
CVE-2026-11548,added,,cve_2026_to_now,2026-09-19T11:45:42+00:00
CVE-2026-11549,added,,cve_2026_to_now,2026-09-19T11:45:42+00:00
CVE-2026-11608,added,,cve_2026_to_now,2026-09-19T11:45:42+00:00
CVE-2026-11710,added,,cve_2026_to_now,2026-09-19T11:45:42+00:00
CVE-2026-11711,added,,cve_2026_to_now,2026-09-19T11:45:42+00:00
CVE-2026-11716,added,,cve_2026_to_now,2026-09-19T11:45:42+00:00
CVE-2026-11722,added,,cve_2026_to_now,2026-09-19T11:45:42+00:00
CVE-2026-11725,added,,cve_2026_to_now,2026-09-19T11:45:42+00:00
CVE-2026-11726,added,,cve_2026_to_now,2026-09-19T11:45:42+00:00
CVE-2026-11727,added,,cve_2026_to_now,2026-09-19T11:45:42+00:00
CVE-2026-11757,updated,,cve_2026_to_now,2026-09-19T11:45:42+00:00
CVE-2026-11899,added,,cve_2026_to_now,2026-09-19T11:45:42+00:00
CVE-2026-12042,added,,cve_2026_to_now,2026-09-19T11:45:42+00:00
CVE-2026-12106,updated,,cve_2026_to_now,2026-09-19T11:45:42+00:00
CVE-2026-12384,updated,,cve_2026_to_now,2026-09-19T11:45:42+00:00
CVE-2026-12402,added,,cve_2026_to_now,2026-09-19T11:45:42+00:00
CVE-2026-13191,added,,cve_2026_to_now,2026-09-19T11:45:42+00:00
CVE-2026-13200,added,,cve_2026_to_now,2026-09-19T11:45:42+00:00
CVE-2026-13285,updated,2026-09-18,cve_2026_to_now,2026-09-19T11:45:42+00:00
CVE-2026-13354,added,,cve_2026_to_now,2026-09-19T11:45:42+00:00
CVE-2026-13471,updated,,cve_2026_to_now,2026-09-19T11:45:42+00:00
CVE-2026-13635,updated,,cve_2026_to_now,2026-09-19T11:45:42+00:00
CVE-2026-13639,updated,,cve_2026_to_now,2026-09-19T11:45:42+00:00
CVE-2026-13666,updated,,cve_2026_to_now,2026-09-19T11:45:42+00:00
CVE-2026-13673,updated,,cve_2026_to_now,2026-09-19T11:45:42+00:00
CVE-2026-13684,updated,,cve_2026_to_now,2026-09-19T11:45:42+00:00
CVE-2026-13770,added,,cve_2026_to_now,2026-09-19T11:45:42+00:00
CVE-2026-14311,updated,2026-09-18,cve_2026_to_now,2026-09-19T11:45:42+00:00
CVE-2026-14323,updated,,cve_2026_to_now,2026-09-19T11:45:42+00:00
CVE-2026-14855,updated,,cve_2026_to_now,2026-09-19T11:45:42+00:00
CVE-2026-15028,updated,2026-09-18,cve_2026_to_now,2026-09-19T11:45:42+00:00
CVE-2026-15098,added,,cve_2026_to_now,2026-09-19T11:45:42+00:00
CVE-2026-15463,added,,cve_2026_to_now,2026-09-19T11:45:42+00:00
CVE-2026-15650,updated,,cve_2026_to_now,2026-09-19T11:45:42+00:00
CVE-2026-15660,added,,cve_2026_to_now,2026-09-19T11:45:42+00:00
CVE-2026-15664,added,,cve_2026_to_now,2026-09-19T11:45:42+00:00
CVE-2026-15760,added,,cve_2026_to_now,2026-09-19T11:45:42+00:00
CVE-2026-15815,updated,2026-09-19,cve_2026_to_now,2026-09-19T11:45:42+00:00
CVE-2026-15946,added,,cve_2026_to_now,2026-09-19T11:45:42+00:00
CVE-2026-15947,added,,cve_2026_to_now,2026-09-19T11:45:42+00:00
CVE-2026-16512,added,,cve_2026_to_now,2026-09-19T11:45:42+00:00
CVE-2026-16514,added,,cve_2026_to_now,2026-09-19T11:45:42+00:00
CVE-2026-16515,added,,cve_2026_to_now,2026-09-19T11:45:42+00:00
CVE-2026-16557,added,,cve_2026_to_now,2026-09-19T11:45:42+00:00
CVE-2026-16582,updated,2026-09-18,cve_2026_to_now,2026-09-19T11:45:42+00:00
CVE-2026-16750,updated,2026-09-18,cve_2026_to_now,2026-09-19T11:45:42+00:00
CVE-2026-16777,updated,,cve_2026_to_now,2026-09-19T11:45:42+00:00
CVE-2026-17086,updated,,cve_2026_to_now,2026-09-19T11:45:42+00:00
CVE-2026-17262,added,,cve_2026_to_now,2026-09-19T11:45:42+00:00
CVE-2026-17576,updated,,cve_2026_to_now,2026-09-19T11:45:42+00:00
CVE-2026-17586,updated,,cve_2026_to_now,2026-09-19T11:45:42+00:00
CVE-2026-17619,added,,cve_2026_to_now,2026-09-19T11:45:42+00:00
CVE-2026-18317,updated,,cve_2026_to_now,2026-09-19T11:45:42+00:00
CVE-2026-18346,added,,cve_2026_to_now,2026-09-19T11:45:42+00:00
CVE-2026-18405,updated,,cve_2026_to_now,2026-09-19T11:45:42+00:00
CVE-2026-18555,updated,2026-09-18,cve_2026_to_now,2026-09-19T11:45:42+00:00
CVE-2026-18869,added,,cve_2026_to_now,2026-09-19T11:45:42+00:00
CVE-2026-18911,updated,,cve_2026_to_now,2026-09-19T11:45:42+00:00
CVE-2026-18912,updated,,cve_2026_to_now,2026-09-19T11:45:42+00:00
CVE-2026-19860,added,,cve_2026_to_now,2026-09-19T11:45:42+00:00
CVE-2026-20120,updated,2026-09-18,cve_2026_to_now,2026-09-19T11:45:42+00:00
CVE-2026-20121,updated,2026-09-18,cve_2026_to_now,2026-09-19T11:45:42+00:00
CVE-2026-20130,updated,2026-09-18,cve_2026_to_now,2026-09-19T11:45:42+00:00
CVE-2026-20154,updated,2026-09-18,cve_2026_to_now,2026-09-19T11:45:42+00:00
CVE-2026-20192,updated,2026-09-18,cve_2026_to_now,2026-09-19T11:45:42+00:00
CVE-2026-20222,updated,2026-09-18,cve_2026_to_now,2026-09-19T11:45:42+00:00
CVE-2026-20237,updated,2026-09-18,cve_2026_to_now,2026-09-19T11:45:42+00:00
CVE-2026-20248,updated,2026-09-18,cve_2026_to_now,2026-09-19T11:45:42+00:00
CVE-2026-20249,updated,2026-09-18,cve_2026_to_now,2026-09-19T11:45:42+00:00
CVE-2026-20250,updated,2026-09-18,cve_2026_to_now,2026-09-19T11:45:42+00:00
CVE-2026-20274,updated,2026-09-18,cve_2026_to_now,2026-09-19T11:45:42+00:00
CVE-2026-20275,updated,2026-09-18,cve_2026_to_now,2026-09-19T11:45:42+00:00
CVE-2026-20276,updated,2026-09-18,cve_2026_to_now,2026-09-19T11:45:42+00:00
CVE-2026-20277,updated,2026-09-18,cve_2026_to_now,2026-09-19T11:45:42+00:00
CVE-2026-20278,updated,2026-09-18,cve_2026_to_now,2026-09-19T11:45:42+00:00
CVE-2026-20279,updated,2026-09-18,cve_2026_to_now,2026-09-19T11:45:42+00:00
CVE-2026-20280,updated,2026-09-18,cve_2026_to_now,2026-09-19T11:45:42+00:00
CVE-2026-20285,updated,2026-09-18,cve_2026_to_now,2026-09-19T11:45:42+00:00
CVE-2026-20300,updated,2026-09-18,cve_2026_to_now,2026-09-19T11:45:42+00:00
CVE-2026-20322,updated,2026-09-18,cve_2026_to_now,2026-09-19T11:45:42+00:00
CVE-2026-20325,updated,2026-09-18,cve_2026_to_now,2026-09-19T11:45:42+00:00
CVE-2026-20326,updated,2026-09-18,cve_2026_to_now,2026-09-19T11:45:42+00:00
CVE-2026-20329,updated,2026-09-18,cve_2026_to_now,2026-09-19T11:45:42+00:00
CVE-2026-20330,updated,2026-09-18,cve_2026_to_now,2026-09-19T11:45:42+00:00
CVE-2026-20331,updated,2026-09-18,cve_2026_to_now,2026-09-19T11:45:42+00:00
CVE-2026-20332,updated,2026-09-18,cve_2026_to_now,2026-09-19T11:45:42+00:00
CVE-2026-20333,updated,2026-09-18,cve_2026_to_now,2026-09-19T11:45:42+00:00
CVE-2026-20334,updated,2026-09-18,cve_2026_to_now,2026-09-19T11:45:42+00:00
CVE-2026-20335,updated,2026-09-18,cve_2026_to_now,2026-09-19T11:45:42+00:00
CVE-2026-20336,updated,2026-09-18,cve_2026_to_now,2026-09-19T11:45:42+00:00
CVE-2026-20343,updated,2026-09-18,cve_2026_to_now,2026-09-19T11:45:42+00:00
CVE-2026-20344,updated,2026-09-18,cve_2026_to_now,2026-09-19T11:45:42+00:00
CVE-2026-20350,updated,2026-09-18,cve_2026_to_now,2026-09-19T11:45:42+00:00
CVE-2026-21806,updated,,cve_2026_to_now,2026-09-19T11:45:42+00:00
CVE-2026-21848,updated,,cve_2026_to_now,2026-09-19T11:45:42+00:00
CVE-2026-22016,updated,2026-09-18,cve_2026_to_now,2026-09-19T11:45:42+00:00
CVE-2026-22221,updated,2026-09-18,cve_2026_to_now,2026-09-19T11:45:42+00:00
CVE-2026-22223,updated,2026-09-18,cve_2026_to_now,2026-09-19T11:45:42+00:00
CVE-2026-25679,updated,2026-09-18,cve_2026_to_now,2026-09-19T11:45:42+00:00
CVE-2026-25684,added,,cve_2026_to_now,2026-09-19T11:45:42+00:00
CVE-2026-26947,updated,2026-09-18,cve_2026_to_now,2026-09-19T11:45:42+00:00
CVE-2026-27137,updated,2026-09-18,cve_2026_to_now,2026-09-19T11:45:42+00:00
CVE-2026-27145,updated,2026-09-18,cve_2026_to_now,2026-09-19T11:45:42+00:00
CVE-2026-27446,updated,2026-09-18,cve_2026_to_now,2026-09-19T11:45:42+00:00
CVE-2026-27548,updated,2026-09-18,cve_2026_to_now,2026-09-19T11:45:42+00:00
CVE-2026-27553,updated,2026-09-19,cve_2026_to_now,2026-09-19T11:45:42+00:00
CVE-2026-27558,updated,2026-09-18,cve_2026_to_now,2026-09-19T11:45:42+00:00
CVE-2026-27563,updated,2026-09-18,cve_2026_to_now,2026-09-19T11:45:42+00:00
CVE-2026-28197,updated,,cve_2026_to_now,2026-09-19T11:45:42+00:00
CVE-2026-28198,updated,,cve_2026_to_now,2026-09-19T11:45:42+00:00
CVE-2026-28199,updated,,cve_2026_to_now,2026-09-19T11:45:42+00:00
CVE-2026-28326,updated,2026-09-18,cve_2026_to_now,2026-09-19T11:45:42+00:00
CVE-2026-31663,updated,2026-09-18,cve_2026_to_now,2026-09-19T11:45:42+00:00
CVE-2026-32280,updated,2026-09-18,cve_2026_to_now,2026-09-19T11:45:42+00:00
CVE-2026-32283,updated,2026-09-18,cve_2026_to_now,2026-09-19T11:45:42+00:00
CVE-2026-32641,added,,cve_2026_to_now,2026-09-19T11:45:42+00:00
CVE-2026-33186,updated,2026-09-18,cve_2026_to_now,2026-09-19T11:45:42+00:00
CVE-2026-33625,added,,cve_2026_to_now,2026-09-19T11:45:42+00:00
CVE-2026-33810,updated,2026-09-18,cve_2026_to_now,2026-09-19T11:45:42+00:00
CVE-2026-33811,updated,2026-09-18,cve_2026_to_now,2026-09-19T11:45:42+00:00
CVE-2026-33814,updated,2026-09-18,cve_2026_to_now,2026-09-19T11:45:42+00:00
CVE-2026-33845,updated,2026-09-18,cve_2026_to_now,2026-09-19T11:45:42+00:00
CVE-2026-33846,updated,2026-09-18,cve_2026_to_now,2026-09-19T11:45:42+00:00
CVE-2026-34282,updated,2026-09-18,cve_2026_to_now,2026-09-19T11:45:42+00:00
CVE-2026-34982,updated,2026-09-18,cve_2026_to_now,2026-09-19T11:45:42+00:00
CVE-2026-34986,updated,2026-09-18,cve_2026_to_now,2026-09-19T11:45:42+00:00
CVE-2026-39820,updated,2026-09-18,cve_2026_to_now,2026-09-19T11:45:42+00:00
CVE-2026-39828,updated,2026-09-18,cve_2026_to_now,2026-09-19T11:45:42+00:00
CVE-2026-39829,updated,2026-09-18,cve_2026_to_now,2026-09-19T11:45:42+00:00
CVE-2026-39830,updated,2026-09-18,cve_2026_to_now,2026-09-19T11:45:42+00:00
CVE-2026-39835,updated,2026-09-18,cve_2026_to_now,2026-09-19T11:45:42+00:00
CVE-2026-40531,updated,,cve_2026_to_now,2026-09-19T11:45:42+00:00
CVE-2026-40532,updated,,cve_2026_to_now,2026-09-19T11:45:42+00:00
CVE-2026-42009,updated,2026-09-18,cve_2026_to_now,2026-09-19T11:45:42+00:00
CVE-2026-42010,updated,2026-09-18,cve_2026_to_now,2026-09-19T11:45:42+00:00
CVE-2026-42499,updated,2026-09-18,cve_2026_to_now,2026-09-19T11:45:42+00:00
CVE-2026-42578,updated,2026-09-18,cve_2026_to_now,2026-09-19T11:45:42+00:00
CVE-2026-42579,updated,2026-09-18,cve_2026_to_now,2026-09-19T11:45:42+00:00
CVE-2026-42581,updated,2026-09-18,cve_2026_to_now,2026-09-19T11:45:42+00:00
CVE-2026-42584,updated,2026-09-18,cve_2026_to_now,2026-09-19T11:45:42+00:00
CVE-2026-42587,updated,2026-09-18,cve_2026_to_now,2026-09-19T11:45:42+00:00
CVE-2026-42784,updated,2026-09-18,cve_2026_to_now,2026-09-19T11:45:42+00:00
CVE-2026-42789,updated,2026-09-18,cve_2026_to_now,2026-09-19T11:45:42+00:00
CVE-2026-42790,updated,2026-09-18,cve_2026_to_now,2026-09-19T11:45:42+00:00
CVE-2026-43112,updated,2026-09-18,cve_2026_to_now,2026-09-19T11:45:42+00:00
CVE-2026-44249,updated,2026-09-18,cve_2026_to_now,2026-09-19T11:45:42+00:00
CVE-2026-44250,updated,2026-09-18,cve_2026_to_now,2026-09-19T11:45:42+00:00
CVE-2026-44639,added,,cve_2026_to_now,2026-09-19T11:45:42+00:00
CVE-2026-44890,updated,2026-09-18,cve_2026_to_now,2026-09-19T11:45:42+00:00
CVE-2026-44893,updated,2026-09-18,cve_2026_to_now,2026-09-19T11:45:42+00:00
CVE-2026-45140,updated,2026-09-18,cve_2026_to_now,2026-09-19T11:45:42+00:00
CVE-2026-45416,updated,2026-09-18,cve_2026_to_now,2026-09-19T11:45:42+00:00
CVE-2026-45447,updated,2026-09-18,cve_2026_to_now,2026-09-19T11:45:42+00:00
CVE-2026-45674,updated,2026-09-18,cve_2026_to_now,2026-09-19T11:45:42+00:00
CVE-2026-45723,updated,2026-09-18,cve_2026_to_now,2026-09-19T11:45:42+00:00
CVE-2026-46340,updated,2026-09-18,cve_2026_to_now,2026-09-19T11:45:42+00:00
CVE-2026-46655,added,,cve_2026_to_now,2026-09-19T11:45:42+00:00
CVE-2026-47162,updated,2026-09-18,cve_2026_to_now,2026-09-19T11:45:42+00:00
CVE-2026-47297,updated,2026-09-18,cve_2026_to_now,2026-09-19T11:45:42+00:00
CVE-2026-47691,updated,2026-09-18,cve_2026_to_now,2026-09-19T11:45:42+00:00
CVE-2026-47783,updated,2026-09-18,cve_2026_to_now,2026-09-19T11:45:42+00:00
CVE-2026-48006,updated,2026-09-18,cve_2026_to_now,2026-09-19T11:45:42+00:00
CVE-2026-48043,updated,2026-09-18,cve_2026_to_now,2026-09-19T11:45:42+00:00
CVE-2026-48059,updated,2026-09-18,cve_2026_to_now,2026-09-19T11:45:42+00:00
CVE-2026-48977,updated,2026-09-18,cve_2026_to_now,2026-09-19T11:45:42+00:00
CVE-2026-49329,updated,2026-09-18,cve_2026_to_now,2026-09-19T11:45:42+00:00
CVE-2026-50010,updated,2026-09-18,cve_2026_to_now,2026-09-19T11:45:42+00:00
CVE-2026-50011,updated,2026-09-18,cve_2026_to_now,2026-09-19T11:45:42+00:00
CVE-2026-50158,updated,2026-09-18,cve_2026_to_now,2026-09-19T11:45:42+00:00
CVE-2026-50275,updated,2026-09-18,cve_2026_to_now,2026-09-19T11:45:42+00:00
CVE-2026-50349,updated,2026-09-18,cve_2026_to_now,2026-09-19T11:45:42+00:00
CVE-2026-52483,updated,2026-09-19,cve_2026_to_now,2026-09-19T11:45:42+00:00
CVE-2026-52745,added,,cve_2026_to_now,2026-09-19T11:45:42+00:00
CVE-2026-52836,updated,2026-09-18,cve_2026_to_now,2026-09-19T11:45:42+00:00
CVE-2026-53176,updated,2026-09-18,cve_2026_to_now,2026-09-19T11:45:42+00:00
CVE-2026-53196,updated,2026-09-18,cve_2026_to_now,2026-09-19T11:45:42+00:00
CVE-2026-53266,updated,2026-09-19,cve_2026_to_now,2026-09-19T11:45:42+00:00
CVE-2026-53554,updated,2026-09-18,cve_2026_to_now,2026-09-19T11:45:42+00:00
CVE-2026-53555,updated,2026-09-18,cve_2026_to_now,2026-09-19T11:45:42+00:00
CVE-2026-53556,updated,2026-09-18,cve_2026_to_now,2026-09-19T11:45:42+00:00
CVE-2026-54147,added,,cve_2026_to_now,2026-09-19T11:45:42+00:00
CVE-2026-54148,added,,cve_2026_to_now,2026-09-19T11:45:42+00:00
CVE-2026-54237,updated,2026-09-18,cve_2026_to_now,2026-09-19T11:45:42+00:00
CVE-2026-54239,updated,2026-09-18,cve_2026_to_now,2026-09-19T11:45:42+00:00
CVE-2026-54343,updated,2026-09-18,cve_2026_to_now,2026-09-19T11:45:42+00:00
CVE-2026-54354,updated,2026-09-18,cve_2026_to_now,2026-09-19T11:45:42+00:00
CVE-2026-54495,updated,2026-09-18,cve_2026_to_now,2026-09-19T11:45:42+00:00
CVE-2026-54507,updated,2026-09-18,cve_2026_to_now,2026-09-19T11:45:42+00:00
CVE-2026-54510,updated,2026-09-18,cve_2026_to_now,2026-09-19T11:45:42+00:00
CVE-2026-54520,updated,2026-09-18,cve_2026_to_now,2026-09-19T11:45:42+00:00
CVE-2026-54521,updated,2026-09-18,cve_2026_to_now,2026-09-19T11:45:42+00:00
CVE-2026-54576,updated,2026-09-18,cve_2026_to_now,2026-09-19T11:45:42+00:00
CVE-2026-54578,updated,2026-09-18,cve_2026_to_now,2026-09-19T11:45:42+00:00
CVE-2026-54594,updated,2026-09-18,cve_2026_to_now,2026-09-19T11:45:42+00:00
CVE-2026-54597,updated,2026-09-18,cve_2026_to_now,2026-09-19T11:45:42+00:00
CVE-2026-54604,updated,2026-09-18,cve_2026_to_now,2026-09-19T11:45:42+00:00
CVE-2026-54608,updated,2026-09-18,cve_2026_to_now,2026-09-19T11:45:42+00:00
CVE-2026-54612,updated,2026-09-18,cve_2026_to_now,2026-09-19T11:45:42+00:00
CVE-2026-54617,updated,2026-09-18,cve_2026_to_now,2026-09-19T11:45:42+00:00
CVE-2026-54627,updated,2026-09-18,cve_2026_to_now,2026-09-19T11:45:42+00:00
CVE-2026-54634,updated,2026-09-18,cve_2026_to_now,2026-09-19T11:45:42+00:00
CVE-2026-54643,updated,2026-09-18,cve_2026_to_now,2026-09-19T11:45:42+00:00
CVE-2026-54644,updated,2026-09-18,cve_2026_to_now,2026-09-19T11:45:42+00:00
CVE-2026-54646,updated,2026-09-18,cve_2026_to_now,2026-09-19T11:45:42+00:00
CVE-2026-54648,updated,2026-09-18,cve_2026_to_now,2026-09-19T11:45:42+00:00
CVE-2026-54671,updated,2026-09-18,cve_2026_to_now,2026-09-19T11:45:42+00:00
CVE-2026-54676,updated,2026-09-18,cve_2026_to_now,2026-09-19T11:45:42+00:00
CVE-2026-54716,updated,2026-09-18,cve_2026_to_now,2026-09-19T11:45:42+00:00
CVE-2026-54734,updated,2026-09-18,cve_2026_to_now,2026-09-19T11:45:42+00:00
CVE-2026-54767,updated,2026-09-18,cve_2026_to_now,2026-09-19T11:45:42+00:00
CVE-2026-54907,updated,2026-09-18,cve_2026_to_now,2026-09-19T11:45:42+00:00
CVE-2026-54916,updated,2026-09-18,cve_2026_to_now,2026-09-19T11:45:42+00:00
CVE-2026-55007,updated,2026-09-18,cve_2026_to_now,2026-09-19T11:45:42+00:00
CVE-2026-55061,updated,2026-09-18,cve_2026_to_now,2026-09-19T11:45:42+00:00
CVE-2026-55556,added,,cve_2026_to_now,2026-09-19T11:45:42+00:00
CVE-2026-55946,updated,2026-09-19,cve_2026_to_now,2026-09-19T11:45:42+00:00
CVE-2026-56172,updated,2026-09-18,cve_2026_to_now,2026-09-19T11:45:42+00:00
CVE-2026-56177,updated,2026-09-18,cve_2026_to_now,2026-09-19T11:45:42+00:00
CVE-2026-56198,updated,2026-09-18,cve_2026_to_now,2026-09-19T11:45:42+00:00
CVE-2026-56590,updated,,cve_2026_to_now,2026-09-19T11:45:42+00:00
CVE-2026-56711,updated,2026-09-18,cve_2026_to_now,2026-09-19T11:45:42+00:00
CVE-2026-57098,updated,2026-09-18,cve_2026_to_now,2026-09-19T11:45:42+00:00
CVE-2026-57099,updated,2026-09-18,cve_2026_to_now,2026-09-19T11:45:42+00:00
CVE-2026-57173,updated,2026-09-18,cve_2026_to_now,2026-09-19T11:45:42+00:00
CVE-2026-57222,added,,cve_2026_to_now,2026-09-19T11:45:42+00:00
CVE-2026-57223,added,,cve_2026_to_now,2026-09-19T11:45:42+00:00
CVE-2026-57224,added,,cve_2026_to_now,2026-09-19T11:45:42+00:00
CVE-2026-57225,added,,cve_2026_to_now,2026-09-19T11:45:42+00:00
CVE-2026-57226,added,,cve_2026_to_now,2026-09-19T11:45:42+00:00
CVE-2026-57227,added,,cve_2026_to_now,2026-09-19T11:45:42+00:00
CVE-2026-57228,added,,cve_2026_to_now,2026-09-19T11:45:42+00:00
CVE-2026-57229,added,,cve_2026_to_now,2026-09-19T11:45:42+00:00
CVE-2026-57322,updated,2026-09-18,cve_2026_to_now,2026-09-19T11:45:42+00:00
CVE-2026-57843,updated,2026-09-18,cve_2026_to_now,2026-09-19T11:45:42+00:00
CVE-2026-58197,added,,cve_2026_to_now,2026-09-19T11:45:42+00:00
CVE-2026-58264,added,,cve_2026_to_now,2026-09-19T11:45:42+00:00
CVE-2026-58599,updated,2026-09-18,cve_2026_to_now,2026-09-19T11:45:42+00:00
CVE-2026-58600,updated,2026-09-18,cve_2026_to_now,2026-09-19T11:45:42+00:00
CVE-2026-58611,updated,2026-09-18,cve_2026_to_now,2026-09-19T11:45:42+00:00
CVE-2026-58649,updated,2026-09-18,cve_2026_to_now,2026-09-19T11:45:42+00:00
CVE-2026-59156,added,,cve_2026_to_now,2026-09-19T11:45:42+00:00
CVE-2026-59163,added,,cve_2026_to_now,2026-09-19T11:45:42+00:00
CVE-2026-59181,added,,cve_2026_to_now,2026-09-19T11:45:42+00:00
CVE-2026-59956,added,,cve_2026_to_now,2026-09-19T11:45:42+00:00
CVE-2026-61548,added,,cve_2026_to_now,2026-09-19T11:45:42+00:00
CVE-2026-61550,added,,cve_2026_to_now,2026-09-19T11:45:42+00:00
CVE-2026-61551,added,,cve_2026_to_now,2026-09-19T11:45:42+00:00
CVE-2026-61552,added,,cve_2026_to_now,2026-09-19T11:45:42+00:00
CVE-2026-61588,updated,2026-09-19,cve_2026_to_now,2026-09-19T11:45:42+00:00
CVE-2026-61633,added,,cve_2026_to_now,2026-09-19T11:45:42+00:00
CVE-2026-61670,added,,cve_2026_to_now,2026-09-19T11:45:42+00:00
CVE-2026-61672,added,,cve_2026_to_now,2026-09-19T11:45:42+00:00
CVE-2026-61682,added,,cve_2026_to_now,2026-09-19T11:45:42+00:00
CVE-2026-61709,updated,2026-09-18,cve_2026_to_now,2026-09-19T11:45:42+00:00
CVE-2026-61714,added,,cve_2026_to_now,2026-09-19T11:45:42+00:00
CVE-2026-61720,added,,cve_2026_to_now,2026-09-19T11:45:42+00:00
CVE-2026-61721,added,,cve_2026_to_now,2026-09-19T11:45:42+00:00
CVE-2026-61722,added,,cve_2026_to_now,2026-09-19T11:45:42+00:00
CVE-2026-61723,added,,cve_2026_to_now,2026-09-19T11:45:42+00:00
CVE-2026-61781,added,,cve_2026_to_now,2026-09-19T11:45:42+00:00
CVE-2026-61794,added,,cve_2026_to_now,2026-09-19T11:45:42+00:00
CVE-2026-61795,added,,cve_2026_to_now,2026-09-19T11:45:42+00:00
CVE-2026-61817,added,,cve_2026_to_now,2026-09-19T11:45:42+00:00
CVE-2026-61818,added,,cve_2026_to_now,2026-09-19T11:45:42+00:00
CVE-2026-61819,added,,cve_2026_to_now,2026-09-19T11:45:42+00:00
CVE-2026-61820,added,,cve_2026_to_now,2026-09-19T11:45:42+00:00
CVE-2026-61821,added,,cve_2026_to_now,2026-09-19T11:45:42+00:00
CVE-2026-61822,added,,cve_2026_to_now,2026-09-19T11:45:42+00:00
CVE-2026-61833,added,,cve_2026_to_now,2026-09-19T11:45:42+00:00
CVE-2026-62104,updated,2026-09-19,cve_2026_to_now,2026-09-19T11:45:42+00:00
CVE-2026-62278,added,,cve_2026_to_now,2026-09-19T11:45:42+00:00
CVE-2026-62279,added,,cve_2026_to_now,2026-09-19T11:45:42+00:00
CVE-2026-62282,added,,cve_2026_to_now,2026-09-19T11:45:42+00:00
CVE-2026-62694,updated,2026-09-18,cve_2026_to_now,2026-09-19T11:45:42+00:00
CVE-2026-62697,updated,2026-09-18,cve_2026_to_now,2026-09-19T11:45:42+00:00
CVE-2026-62706,updated,2026-09-18,cve_2026_to_now,2026-09-19T11:45:42+00:00
CVE-2026-62744,updated,2026-09-18,cve_2026_to_now,2026-09-19T11:45:42+00:00
CVE-2026-62759,updated,2026-09-18,cve_2026_to_now,2026-09-19T11:45:42+00:00
CVE-2026-62762,updated,2026-09-18,cve_2026_to_now,2026-09-19T11:45:42+00:00
CVE-2026-62801,updated,2026-09-18,cve_2026_to_now,2026-09-19T11:45:42+00:00
CVE-2026-62804,updated,2026-09-18,cve_2026_to_now,2026-09-19T11:45:42+00:00
CVE-2026-62810,updated,2026-09-18,cve_2026_to_now,2026-09-19T11:45:42+00:00
CVE-2026-62813,updated,2026-09-18,cve_2026_to_now,2026-09-19T11:45:42+00:00
CVE-2026-62874,updated,2026-09-19,cve_2026_to_now,2026-09-19T11:45:42+00:00
CVE-2026-62895,updated,2026-09-18,cve_2026_to_now,2026-09-19T11:45:42+00:00
CVE-2026-62906,updated,2026-09-18,cve_2026_to_now,2026-09-19T11:45:42+00:00
CVE-2026-62916,updated,2026-09-18,cve_2026_to_now,2026-09-19T11:45:42+00:00
CVE-2026-62943,added,,cve_2026_to_now,2026-09-19T11:45:42+00:00
CVE-2026-63199,added,,cve_2026_to_now,2026-09-19T11:45:42+00:00
CVE-2026-63325,updated,2026-09-18,cve_2026_to_now,2026-09-19T11:45:42+00:00
CVE-2026-63349,added,,cve_2026_to_now,2026-09-19T11:45:42+00:00
CVE-2026-63405,added,,cve_2026_to_now,2026-09-19T11:45:42+00:00
CVE-2026-63406,added,,cve_2026_to_now,2026-09-19T11:45:42+00:00
CVE-2026-63419,added,,cve_2026_to_now,2026-09-19T11:45:42+00:00
CVE-2026-63420,added,,cve_2026_to_now,2026-09-19T11:45:42+00:00
CVE-2026-63422,added,,cve_2026_to_now,2026-09-19T11:45:42+00:00
CVE-2026-63445,added,,cve_2026_to_now,2026-09-19T11:45:42+00:00
CVE-2026-63446,added,,cve_2026_to_now,2026-09-19T11:45:42+00:00
CVE-2026-63447,added,,cve_2026_to_now,2026-09-19T11:45:42+00:00
CVE-2026-63448,added,,cve_2026_to_now,2026-09-19T11:45:42+00:00
CVE-2026-63449,added,,cve_2026_to_now,2026-09-19T11:45:42+00:00
CVE-2026-63450,added,,cve_2026_to_now,2026-09-19T11:45:42+00:00
CVE-2026-63451,added,,cve_2026_to_now,2026-09-19T11:45:42+00:00
CVE-2026-63452,added,,cve_2026_to_now,2026-09-19T11:45:42+00:00
CVE-2026-63458,added,,cve_2026_to_now,2026-09-19T11:45:42+00:00
CVE-2026-63523,updated,2026-09-18,cve_2026_to_now,2026-09-19T11:45:42+00:00
CVE-2026-63635,added,,cve_2026_to_now,2026-09-19T11:45:42+00:00
CVE-2026-63638,added,,cve_2026_to_now,2026-09-19T11:45:42+00:00
CVE-2026-63646,added,,cve_2026_to_now,2026-09-19T11:45:42+00:00
CVE-2026-63647,added,,cve_2026_to_now,2026-09-19T11:45:42+00:00
CVE-2026-63671,updated,2026-09-18,cve_2026_to_now,2026-09-19T11:45:42+00:00
CVE-2026-64684,updated,2026-09-19,cve_2026_to_now,2026-09-19T11:45:42+00:00
CVE-2026-64847,added,,cve_2026_to_now,2026-09-19T11:45:42+00:00
CVE-2026-64918,updated,2026-09-18,cve_2026_to_now,2026-09-19T11:45:42+00:00
CVE-2026-65490,updated,2026-09-18,cve_2026_to_now,2026-09-19T11:45:42+00:00
CVE-2026-65669,updated,2026-09-18,cve_2026_to_now,2026-09-19T11:45:42+00:00
CVE-2026-65772,updated,2026-09-18,cve_2026_to_now,2026-09-19T11:45:42+00:00
CVE-2026-65812,updated,2026-09-18,cve_2026_to_now,2026-09-19T11:45:42+00:00
CVE-2026-65818,updated,2026-09-18,cve_2026_to_now,2026-09-19T11:45:42+00:00
CVE-2026-65969,added,,cve_2026_to_now,2026-09-19T11:45:42+00:00
CVE-2026-65970,added,,cve_2026_to_now,2026-09-19T11:45:42+00:00
CVE-2026-66302,updated,2026-09-18,cve_2026_to_now,2026-09-19T11:45:42+00:00
CVE-2026-66303,updated,2026-09-18,cve_2026_to_now,2026-09-19T11:45:42+00:00
CVE-2026-66304,updated,2026-09-18,cve_2026_to_now,2026-09-19T11:45:42+00:00
CVE-2026-66305,updated,2026-09-18,cve_2026_to_now,2026-09-19T11:45:42+00:00
CVE-2026-66306,updated,2026-09-18,cve_2026_to_now,2026-09-19T11:45:42+00:00
CVE-2026-66307,updated,2026-09-18,cve_2026_to_now,2026-09-19T11:45:42+00:00
CVE-2026-66308,updated,2026-09-18,cve_2026_to_now,2026-09-19T11:45:42+00:00
CVE-2026-66574,updated,2026-09-19,cve_2026_to_now,2026-09-19T11:45:42+00:00
CVE-2026-66579,updated,2026-09-19,cve_2026_to_now,2026-09-19T11:45:42+00:00
CVE-2026-66619,updated,2026-09-19,cve_2026_to_now,2026-09-19T11:45:42+00:00
CVE-2026-66630,updated,2026-09-19,cve_2026_to_now,2026-09-19T11:45:42+00:00
CVE-2026-66814,updated,2026-09-18,cve_2026_to_now,2026-09-19T11:45:42+00:00
CVE-2026-66816,updated,2026-09-18,cve_2026_to_now,2026-09-19T11:45:42+00:00
CVE-2026-66818,updated,2026-09-18,cve_2026_to_now,2026-09-19T11:45:42+00:00
CVE-2026-66819,updated,2026-09-18,cve_2026_to_now,2026-09-19T11:45:42+00:00
CVE-2026-66820,updated,2026-09-18,cve_2026_to_now,2026-09-19T11:45:42+00:00
CVE-2026-67071,updated,2026-09-18,cve_2026_to_now,2026-09-19T11:45:42+00:00
CVE-2026-67100,updated,,cve_2026_to_now,2026-09-19T11:45:42+00:00
CVE-2026-67102,updated,,cve_2026_to_now,2026-09-19T11:45:42+00:00
CVE-2026-67103,updated,,cve_2026_to_now,2026-09-19T11:45:42+00:00
CVE-2026-67368,updated,2026-09-18,cve_2026_to_now,2026-09-19T11:45:42+00:00
CVE-2026-67369,updated,2026-09-18,cve_2026_to_now,2026-09-19T11:45:42+00:00
CVE-2026-67370,updated,2026-09-18,cve_2026_to_now,2026-09-19T11:45:42+00:00
CVE-2026-67373,updated,2026-09-18,cve_2026_to_now,2026-09-19T11:45:42+00:00
CVE-2026-67376,updated,2026-09-18,cve_2026_to_now,2026-09-19T11:45:42+00:00
CVE-2026-67378,updated,2026-09-18,cve_2026_to_now,2026-09-19T11:45:42+00:00
CVE-2026-67379,updated,2026-09-18,cve_2026_to_now,2026-09-19T11:45:42+00:00
CVE-2026-67380,updated,2026-09-18,cve_2026_to_now,2026-09-19T11:45:42+00:00
CVE-2026-67381,updated,2026-09-18,cve_2026_to_now,2026-09-19T11:45:42+00:00
CVE-2026-67383,updated,2026-09-18,cve_2026_to_now,2026-09-19T11:45:42+00:00
CVE-2026-67384,updated,2026-09-18,cve_2026_to_now,2026-09-19T11:45:42+00:00
CVE-2026-67385,updated,2026-09-18,cve_2026_to_now,2026-09-19T11:45:42+00:00
CVE-2026-67386,updated,2026-09-18,cve_2026_to_now,2026-09-19T11:45:42+00:00
CVE-2026-67388,updated,2026-09-18,cve_2026_to_now,2026-09-19T11:45:42+00:00
CVE-2026-67389,updated,2026-09-18,cve_2026_to_now,2026-09-19T11:45:42+00:00
CVE-2026-67390,updated,2026-09-18,cve_2026_to_now,2026-09-19T11:45:42+00:00
CVE-2026-67393,updated,2026-09-18,cve_2026_to_now,2026-09-19T11:45:42+00:00
CVE-2026-67549,added,,cve_2026_to_now,2026-09-19T11:45:42+00:00
CVE-2026-67624,updated,2026-09-18,cve_2026_to_now,2026-09-19T11:45:42+00:00
CVE-2026-67629,updated,2026-09-18,cve_2026_to_now,2026-09-19T11:45:42+00:00
CVE-2026-67630,updated,2026-09-18,cve_2026_to_now,2026-09-19T11:45:42+00:00
CVE-2026-67631,updated,2026-09-18,cve_2026_to_now,2026-09-19T11:45:42+00:00
CVE-2026-67633,updated,2026-09-18,cve_2026_to_now,2026-09-19T11:45:42+00:00
CVE-2026-67636,updated,2026-09-18,cve_2026_to_now,2026-09-19T11:45:42+00:00
CVE-2026-67638,updated,2026-09-18,cve_2026_to_now,2026-09-19T11:45:42+00:00
CVE-2026-67639,updated,2026-09-18,cve_2026_to_now,2026-09-19T11:45:42+00:00
CVE-2026-67641,updated,2026-09-18,cve_2026_to_now,2026-09-19T11:45:42+00:00
CVE-2026-67642,updated,2026-09-18,cve_2026_to_now,2026-09-19T11:45:42+00:00
CVE-2026-67643,updated,2026-09-18,cve_2026_to_now,2026-09-19T11:45:42+00:00
CVE-2026-67645,updated,2026-09-18,cve_2026_to_now,2026-09-19T11:45:42+00:00
CVE-2026-67648,updated,2026-09-18,cve_2026_to_now,2026-09-19T11:45:42+00:00
CVE-2026-68493,updated,,cve_2026_to_now,2026-09-19T11:45:42+00:00
CVE-2026-68775,updated,2026-09-18,cve_2026_to_now,2026-09-19T11:45:42+00:00
CVE-2026-68776,updated,2026-09-18,cve_2026_to_now,2026-09-19T11:45:42+00:00
CVE-2026-68777,updated,2026-09-18,cve_2026_to_now,2026-09-19T11:45:42+00:00
CVE-2026-68778,updated,2026-09-18,cve_2026_to_now,2026-09-19T11:45:42+00:00
CVE-2026-68779,updated,2026-09-18,cve_2026_to_now,2026-09-19T11:45:42+00:00
CVE-2026-68780,updated,2026-09-18,cve_2026_to_now,2026-09-19T11:45:42+00:00
CVE-2026-68781,updated,2026-09-18,cve_2026_to_now,2026-09-19T11:45:42+00:00
CVE-2026-68784,updated,2026-09-18,cve_2026_to_now,2026-09-19T11:45:42+00:00
CVE-2026-68785,updated,2026-09-18,cve_2026_to_now,2026-09-19T11:45:42+00:00
CVE-2026-68786,updated,2026-09-18,cve_2026_to_now,2026-09-19T11:45:42+00:00
CVE-2026-68787,updated,2026-09-18,cve_2026_to_now,2026-09-19T11:45:42+00:00
CVE-2026-68791,updated,2026-09-18,cve_2026_to_now,2026-09-19T11:45:42+00:00
CVE-2026-68824,updated,2026-09-18,cve_2026_to_now,2026-09-19T11:45:42+00:00
CVE-2026-68825,updated,2026-09-18,cve_2026_to_now,2026-09-19T11:45:42+00:00
CVE-2026-68827,updated,2026-09-18,cve_2026_to_now,2026-09-19T11:45:42+00:00
CVE-2026-68828,updated,2026-09-18,cve_2026_to_now,2026-09-19T11:45:42+00:00
CVE-2026-68830,updated,2026-09-18,cve_2026_to_now,2026-09-19T11:45:42+00:00
CVE-2026-68831,updated,2026-09-18,cve_2026_to_now,2026-09-19T11:45:42+00:00
CVE-2026-68832,updated,2026-09-18,cve_2026_to_now,2026-09-19T11:45:42+00:00
CVE-2026-68833,updated,2026-09-18,cve_2026_to_now,2026-09-19T11:45:42+00:00
CVE-2026-68834,updated,2026-09-18,cve_2026_to_now,2026-09-19T11:45:42+00:00
CVE-2026-68835,updated,2026-09-18,cve_2026_to_now,2026-09-19T11:45:42+00:00
CVE-2026-68837,updated,2026-09-18,cve_2026_to_now,2026-09-19T11:45:42+00:00
CVE-2026-68838,updated,2026-09-18,cve_2026_to_now,2026-09-19T11:45:42+00:00
CVE-2026-68839,updated,2026-09-18,cve_2026_to_now,2026-09-19T11:45:42+00:00
CVE-2026-68840,updated,2026-09-18,cve_2026_to_now,2026-09-19T11:45:42+00:00
CVE-2026-68841,updated,2026-09-18,cve_2026_to_now,2026-09-19T11:45:42+00:00
CVE-2026-68842,updated,2026-09-18,cve_2026_to_now,2026-09-19T11:45:42+00:00
CVE-2026-68843,updated,2026-09-18,cve_2026_to_now,2026-09-19T11:45:42+00:00
CVE-2026-68844,updated,2026-09-18,cve_2026_to_now,2026-09-19T11:45:42+00:00
CVE-2026-68845,updated,2026-09-18,cve_2026_to_now,2026-09-19T11:45:42+00:00
CVE-2026-68846,updated,2026-09-18,cve_2026_to_now,2026-09-19T11:45:42+00:00
CVE-2026-68847,updated,2026-09-18,cve_2026_to_now,2026-09-19T11:45:42+00:00
CVE-2026-68848,updated,2026-09-18,cve_2026_to_now,2026-09-19T11:45:42+00:00
CVE-2026-68849,updated,2026-09-18,cve_2026_to_now,2026-09-19T11:45:42+00:00
CVE-2026-68850,updated,2026-09-18,cve_2026_to_now,2026-09-19T11:45:42+00:00
CVE-2026-68851,updated,2026-09-18,cve_2026_to_now,2026-09-19T11:45:42+00:00
CVE-2026-68852,updated,2026-09-18,cve_2026_to_now,2026-09-19T11:45:42+00:00
CVE-2026-68873,updated,2026-09-18,cve_2026_to_now,2026-09-19T11:45:42+00:00
CVE-2026-68874,updated,2026-09-18,cve_2026_to_now,2026-09-19T11:45:42+00:00
CVE-2026-68875,updated,2026-09-18,cve_2026_to_now,2026-09-19T11:45:42+00:00
CVE-2026-68876,updated,2026-09-18,cve_2026_to_now,2026-09-19T11:45:42+00:00
CVE-2026-68877,updated,2026-09-18,cve_2026_to_now,2026-09-19T11:45:42+00:00
CVE-2026-68878,updated,2026-09-18,cve_2026_to_now,2026-09-19T11:45:42+00:00
CVE-2026-68880,updated,2026-09-18,cve_2026_to_now,2026-09-19T11:45:42+00:00
CVE-2026-68881,updated,2026-09-18,cve_2026_to_now,2026-09-19T11:45:42+00:00
CVE-2026-68884,updated,2026-09-18,cve_2026_to_now,2026-09-19T11:45:42+00:00
CVE-2026-68885,updated,2026-09-18,cve_2026_to_now,2026-09-19T11:45:42+00:00
CVE-2026-68886,updated,2026-09-18,cve_2026_to_now,2026-09-19T11:45:42+00:00
CVE-2026-68887,updated,2026-09-18,cve_2026_to_now,2026-09-19T11:45:42+00:00
CVE-2026-68888,updated,2026-09-18,cve_2026_to_now,2026-09-19T11:45:42+00:00
CVE-2026-68889,updated,2026-09-18,cve_2026_to_now,2026-09-19T11:45:42+00:00
CVE-2026-68890,updated,2026-09-18,cve_2026_to_now,2026-09-19T11:45:42+00:00
CVE-2026-68891,updated,2026-09-18,cve_2026_to_now,2026-09-19T11:45:42+00:00
CVE-2026-68892,updated,2026-09-18,cve_2026_to_now,2026-09-19T11:45:42+00:00
CVE-2026-68893,updated,2026-09-18,cve_2026_to_now,2026-09-19T11:45:42+00:00
CVE-2026-68894,updated,2026-09-18,cve_2026_to_now,2026-09-19T11:45:42+00:00
CVE-2026-68895,updated,2026-09-18,cve_2026_to_now,2026-09-19T11:45:42+00:00
CVE-2026-68896,updated,2026-09-18,cve_2026_to_now,2026-09-19T11:45:42+00:00
CVE-2026-68897,updated,2026-09-18,cve_2026_to_now,2026-09-19T11:45:42+00:00
CVE-2026-68898,updated,2026-09-18,cve_2026_to_now,2026-09-19T11:45:42+00:00
CVE-2026-68914,added,,cve_2026_to_now,2026-09-19T11:45:42+00:00
CVE-2026-68928,added,,cve_2026_to_now,2026-09-19T11:45:42+00:00
CVE-2026-69184,added,,cve_2026_to_now,2026-09-19T11:45:42+00:00
CVE-2026-69186,added,,cve_2026_to_now,2026-09-19T11:45:42+00:00
CVE-2026-69200,updated,2026-09-18,cve_2026_to_now,2026-09-19T11:45:42+00:00
CVE-2026-69265,updated,2026-09-18,cve_2026_to_now,2026-09-19T11:45:42+00:00
CVE-2026-69266,updated,2026-09-18,cve_2026_to_now,2026-09-19T11:45:42+00:00
CVE-2026-69267,updated,2026-09-18,cve_2026_to_now,2026-09-19T11:45:42+00:00
CVE-2026-69268,updated,2026-09-18,cve_2026_to_now,2026-09-19T11:45:42+00:00
CVE-2026-69269,updated,2026-09-18,cve_2026_to_now,2026-09-19T11:45:42+00:00
CVE-2026-69270,updated,2026-09-18,cve_2026_to_now,2026-09-19T11:45:42+00:00
CVE-2026-69271,updated,2026-09-18,cve_2026_to_now,2026-09-19T11:45:42+00:00
CVE-2026-69272,updated,2026-09-18,cve_2026_to_now,2026-09-19T11:45:42+00:00
CVE-2026-69273,updated,2026-09-18,cve_2026_to_now,2026-09-19T11:45:42+00:00
CVE-2026-69274,updated,2026-09-18,cve_2026_to_now,2026-09-19T11:45:42+00:00
CVE-2026-69275,updated,2026-09-18,cve_2026_to_now,2026-09-19T11:45:42+00:00
CVE-2026-69276,updated,2026-09-18,cve_2026_to_now,2026-09-19T11:45:42+00:00
CVE-2026-69277,updated,2026-09-18,cve_2026_to_now,2026-09-19T11:45:42+00:00
CVE-2026-69279,updated,2026-09-18,cve_2026_to_now,2026-09-19T11:45:42+00:00
CVE-2026-69280,updated,2026-09-18,cve_2026_to_now,2026-09-19T11:45:42+00:00
CVE-2026-69281,updated,2026-09-18,cve_2026_to_now,2026-09-19T11:45:42+00:00
CVE-2026-69282,updated,2026-09-18,cve_2026_to_now,2026-09-19T11:45:42+00:00
CVE-2026-69283,updated,2026-09-18,cve_2026_to_now,2026-09-19T11:45:42+00:00
CVE-2026-69284,updated,2026-09-18,cve_2026_to_now,2026-09-19T11:45:42+00:00
CVE-2026-69285,updated,2026-09-18,cve_2026_to_now,2026-09-19T11:45:42+00:00
CVE-2026-69286,updated,2026-09-18,cve_2026_to_now,2026-09-19T11:45:42+00:00
CVE-2026-69287,updated,2026-09-18,cve_2026_to_now,2026-09-19T11:45:42+00:00
CVE-2026-69288,updated,2026-09-18,cve_2026_to_now,2026-09-19T11:45:42+00:00
CVE-2026-69289,updated,2026-09-18,cve_2026_to_now,2026-09-19T11:45:42+00:00
CVE-2026-69290,updated,2026-09-18,cve_2026_to_now,2026-09-19T11:45:42+00:00
CVE-2026-69291,updated,2026-09-18,cve_2026_to_now,2026-09-19T11:45:42+00:00
CVE-2026-69292,updated,2026-09-18,cve_2026_to_now,2026-09-19T11:45:42+00:00
CVE-2026-69293,updated,2026-09-18,cve_2026_to_now,2026-09-19T11:45:42+00:00
CVE-2026-69294,updated,2026-09-18,cve_2026_to_now,2026-09-19T11:45:42+00:00
CVE-2026-69295,updated,2026-09-18,cve_2026_to_now,2026-09-19T11:45:42+00:00
CVE-2026-69296,updated,2026-09-18,cve_2026_to_now,2026-09-19T11:45:42+00:00
CVE-2026-69297,updated,2026-09-18,cve_2026_to_now,2026-09-19T11:45:42+00:00
CVE-2026-69298,updated,2026-09-18,cve_2026_to_now,2026-09-19T11:45:42+00:00
CVE-2026-69299,updated,2026-09-18,cve_2026_to_now,2026-09-19T11:45:42+00:00
CVE-2026-69300,updated,2026-09-18,cve_2026_to_now,2026-09-19T11:45:42+00:00
CVE-2026-69301,updated,2026-09-18,cve_2026_to_now,2026-09-19T11:45:42+00:00
CVE-2026-69303,updated,2026-09-18,cve_2026_to_now,2026-09-19T11:45:42+00:00
CVE-2026-69304,updated,2026-09-18,cve_2026_to_now,2026-09-19T11:45:42+00:00
CVE-2026-69305,updated,2026-09-18,cve_2026_to_now,2026-09-19T11:45:42+00:00
CVE-2026-69307,updated,2026-09-18,cve_2026_to_now,2026-09-19T11:45:42+00:00
CVE-2026-69308,updated,2026-09-18,cve_2026_to_now,2026-09-19T11:45:42+00:00
CVE-2026-69309,updated,2026-09-18,cve_2026_to_now,2026-09-19T11:45:42+00:00
CVE-2026-69310,updated,2026-09-18,cve_2026_to_now,2026-09-19T11:45:42+00:00
CVE-2026-69311,updated,2026-09-18,cve_2026_to_now,2026-09-19T11:45:42+00:00
CVE-2026-69312,updated,2026-09-18,cve_2026_to_now,2026-09-19T11:45:42+00:00
CVE-2026-69313,updated,2026-09-18,cve_2026_to_now,2026-09-19T11:45:42+00:00
CVE-2026-69314,updated,2026-09-18,cve_2026_to_now,2026-09-19T11:45:42+00:00
CVE-2026-69315,updated,2026-09-18,cve_2026_to_now,2026-09-19T11:45:42+00:00
CVE-2026-69316,updated,2026-09-18,cve_2026_to_now,2026-09-19T11:45:42+00:00
CVE-2026-69317,updated,2026-09-18,cve_2026_to_now,2026-09-19T11:45:42+00:00
CVE-2026-69318,updated,2026-09-18,cve_2026_to_now,2026-09-19T11:45:42+00:00
CVE-2026-69319,updated,2026-09-18,cve_2026_to_now,2026-09-19T11:45:42+00:00
CVE-2026-69321,updated,2026-09-18,cve_2026_to_now,2026-09-19T11:45:42+00:00
CVE-2026-69322,updated,2026-09-18,cve_2026_to_now,2026-09-19T11:45:42+00:00
CVE-2026-69323,updated,2026-09-18,cve_2026_to_now,2026-09-19T11:45:42+00:00
CVE-2026-69324,updated,2026-09-18,cve_2026_to_now,2026-09-19T11:45:42+00:00
CVE-2026-69325,updated,2026-09-18,cve_2026_to_now,2026-09-19T11:45:42+00:00
CVE-2026-69328,updated,2026-09-18,cve_2026_to_now,2026-09-19T11:45:42+00:00
CVE-2026-69329,updated,2026-09-18,cve_2026_to_now,2026-09-19T11:45:42+00:00
CVE-2026-69331,updated,2026-09-18,cve_2026_to_now,2026-09-19T11:45:42+00:00
CVE-2026-69332,updated,2026-09-18,cve_2026_to_now,2026-09-19T11:45:42+00:00
CVE-2026-69333,updated,2026-09-18,cve_2026_to_now,2026-09-19T11:45:42+00:00
CVE-2026-69334,updated,2026-09-18,cve_2026_to_now,2026-09-19T11:45:42+00:00
CVE-2026-69335,updated,2026-09-18,cve_2026_to_now,2026-09-19T11:45:42+00:00
CVE-2026-69336,updated,2026-09-18,cve_2026_to_now,2026-09-19T11:45:42+00:00
CVE-2026-69337,updated,2026-09-18,cve_2026_to_now,2026-09-19T11:45:42+00:00
CVE-2026-69338,updated,2026-09-18,cve_2026_to_now,2026-09-19T11:45:42+00:00
CVE-2026-69339,updated,2026-09-18,cve_2026_to_now,2026-09-19T11:45:42+00:00
CVE-2026-69340,updated,2026-09-18,cve_2026_to_now,2026-09-19T11:45:42+00:00
CVE-2026-69341,updated,2026-09-18,cve_2026_to_now,2026-09-19T11:45:42+00:00
CVE-2026-69342,updated,2026-09-18,cve_2026_to_now,2026-09-19T11:45:42+00:00
CVE-2026-69343,updated,2026-09-18,cve_2026_to_now,2026-09-19T11:45:42+00:00
CVE-2026-69344,updated,2026-09-18,cve_2026_to_now,2026-09-19T11:45:42+00:00
CVE-2026-69345,updated,2026-09-18,cve_2026_to_now,2026-09-19T11:45:42+00:00
CVE-2026-69346,updated,2026-09-18,cve_2026_to_now,2026-09-19T11:45:42+00:00
CVE-2026-69347,updated,2026-09-18,cve_2026_to_now,2026-09-19T11:45:42+00:00
CVE-2026-69348,updated,2026-09-18,cve_2026_to_now,2026-09-19T11:45:42+00:00
CVE-2026-69349,updated,2026-09-18,cve_2026_to_now,2026-09-19T11:45:42+00:00
CVE-2026-69350,updated,2026-09-18,cve_2026_to_now,2026-09-19T11:45:42+00:00
CVE-2026-69351,updated,2026-09-18,cve_2026_to_now,2026-09-19T11:45:42+00:00
CVE-2026-69352,updated,2026-09-18,cve_2026_to_now,2026-09-19T11:45:42+00:00
CVE-2026-69353,updated,2026-09-18,cve_2026_to_now,2026-09-19T11:45:42+00:00
CVE-2026-69355,updated,2026-09-18,cve_2026_to_now,2026-09-19T11:45:42+00:00
CVE-2026-69356,updated,2026-09-18,cve_2026_to_now,2026-09-19T11:45:42+00:00
CVE-2026-69357,updated,2026-09-18,cve_2026_to_now,2026-09-19T11:45:42+00:00
CVE-2026-69358,updated,2026-09-18,cve_2026_to_now,2026-09-19T11:45:42+00:00
CVE-2026-69359,updated,2026-09-18,cve_2026_to_now,2026-09-19T11:45:42+00:00
CVE-2026-69360,updated,2026-09-18,cve_2026_to_now,2026-09-19T11:45:42+00:00
CVE-2026-69361,updated,2026-09-18,cve_2026_to_now,2026-09-19T11:45:42+00:00
CVE-2026-69362,updated,2026-09-18,cve_2026_to_now,2026-09-19T11:45:42+00:00
CVE-2026-69364,updated,2026-09-18,cve_2026_to_now,2026-09-19T11:45:42+00:00
CVE-2026-69365,updated,2026-09-18,cve_2026_to_now,2026-09-19T11:45:42+00:00
CVE-2026-69366,updated,2026-09-18,cve_2026_to_now,2026-09-19T11:45:42+00:00
CVE-2026-69367,updated,2026-09-18,cve_2026_to_now,2026-09-19T11:45:42+00:00
CVE-2026-69368,updated,2026-09-18,cve_2026_to_now,2026-09-19T11:45:42+00:00
CVE-2026-69369,updated,2026-09-18,cve_2026_to_now,2026-09-19T11:45:42+00:00
CVE-2026-69371,updated,2026-09-18,cve_2026_to_now,2026-09-19T11:45:42+00:00
CVE-2026-69372,updated,2026-09-18,cve_2026_to_now,2026-09-19T11:45:42+00:00
CVE-2026-69373,updated,2026-09-18,cve_2026_to_now,2026-09-19T11:45:42+00:00
CVE-2026-69374,updated,2026-09-18,cve_2026_to_now,2026-09-19T11:45:42+00:00
CVE-2026-69375,updated,2026-09-18,cve_2026_to_now,2026-09-19T11:45:42+00:00
CVE-2026-69376,updated,2026-09-18,cve_2026_to_now,2026-09-19T11:45:42+00:00
CVE-2026-69377,updated,2026-09-18,cve_2026_to_now,2026-09-19T11:45:42+00:00
CVE-2026-69378,updated,2026-09-18,cve_2026_to_now,2026-09-19T11:45:42+00:00
CVE-2026-69379,updated,2026-09-18,cve_2026_to_now,2026-09-19T11:45:42+00:00
CVE-2026-69380,updated,2026-09-18,cve_2026_to_now,2026-09-19T11:45:42+00:00
CVE-2026-69381,updated,2026-09-18,cve_2026_to_now,2026-09-19T11:45:42+00:00
CVE-2026-69382,updated,2026-09-18,cve_2026_to_now,2026-09-19T11:45:42+00:00
CVE-2026-69383,updated,2026-09-18,cve_2026_to_now,2026-09-19T11:45:42+00:00
CVE-2026-69384,updated,2026-09-18,cve_2026_to_now,2026-09-19T11:45:42+00:00
CVE-2026-69385,updated,2026-09-18,cve_2026_to_now,2026-09-19T11:45:42+00:00
CVE-2026-69386,updated,2026-09-18,cve_2026_to_now,2026-09-19T11:45:42+00:00
CVE-2026-69388,updated,2026-09-18,cve_2026_to_now,2026-09-19T11:45:42+00:00
CVE-2026-69389,updated,2026-09-18,cve_2026_to_now,2026-09-19T11:45:42+00:00
CVE-2026-69390,updated,2026-09-18,cve_2026_to_now,2026-09-19T11:45:42+00:00
CVE-2026-69391,updated,2026-09-18,cve_2026_to_now,2026-09-19T11:45:42+00:00
CVE-2026-69392,updated,2026-09-18,cve_2026_to_now,2026-09-19T11:45:42+00:00
CVE-2026-69393,updated,2026-09-18,cve_2026_to_now,2026-09-19T11:45:42+00:00
CVE-2026-69394,updated,2026-09-18,cve_2026_to_now,2026-09-19T11:45:42+00:00
CVE-2026-69395,updated,2026-09-18,cve_2026_to_now,2026-09-19T11:45:42+00:00
CVE-2026-69396,updated,2026-09-18,cve_2026_to_now,2026-09-19T11:45:42+00:00
CVE-2026-69397,updated,2026-09-18,cve_2026_to_now,2026-09-19T11:45:42+00:00
CVE-2026-69398,updated,2026-09-18,cve_2026_to_now,2026-09-19T11:45:42+00:00
CVE-2026-69399,updated,2026-09-18,cve_2026_to_now,2026-09-19T11:45:42+00:00
CVE-2026-69401,updated,2026-09-18,cve_2026_to_now,2026-09-19T11:45:42+00:00
CVE-2026-69402,updated,2026-09-18,cve_2026_to_now,2026-09-19T11:45:42+00:00
CVE-2026-69403,updated,2026-09-18,cve_2026_to_now,2026-09-19T11:45:42+00:00
CVE-2026-69404,updated,2026-09-18,cve_2026_to_now,2026-09-19T11:45:42+00:00
CVE-2026-69405,updated,2026-09-18,cve_2026_to_now,2026-09-19T11:45:42+00:00
CVE-2026-69406,updated,2026-09-18,cve_2026_to_now,2026-09-19T11:45:42+00:00
CVE-2026-69407,updated,2026-09-18,cve_2026_to_now,2026-09-19T11:45:42+00:00
CVE-2026-69408,updated,2026-09-18,cve_2026_to_now,2026-09-19T11:45:42+00:00
CVE-2026-69409,updated,2026-09-18,cve_2026_to_now,2026-09-19T11:45:42+00:00
CVE-2026-69410,updated,2026-09-18,cve_2026_to_now,2026-09-19T11:45:42+00:00
CVE-2026-69412,updated,2026-09-18,cve_2026_to_now,2026-09-19T11:45:42+00:00
CVE-2026-69413,updated,2026-09-18,cve_2026_to_now,2026-09-19T11:45:42+00:00
CVE-2026-69415,updated,2026-09-18,cve_2026_to_now,2026-09-19T11:45:42+00:00
CVE-2026-69416,updated,2026-09-18,cve_2026_to_now,2026-09-19T11:45:42+00:00
CVE-2026-69417,updated,2026-09-18,cve_2026_to_now,2026-09-19T11:45:42+00:00
CVE-2026-69418,updated,2026-09-18,cve_2026_to_now,2026-09-19T11:45:42+00:00
CVE-2026-69420,updated,2026-09-18,cve_2026_to_now,2026-09-19T11:45:42+00:00
CVE-2026-69421,updated,2026-09-18,cve_2026_to_now,2026-09-19T11:45:42+00:00
CVE-2026-69422,updated,2026-09-18,cve_2026_to_now,2026-09-19T11:45:42+00:00
CVE-2026-69423,updated,2026-09-18,cve_2026_to_now,2026-09-19T11:45:42+00:00
CVE-2026-69424,updated,2026-09-18,cve_2026_to_now,2026-09-19T11:45:42+00:00
CVE-2026-69425,updated,2026-09-18,cve_2026_to_now,2026-09-19T11:45:42+00:00
CVE-2026-69426,updated,2026-09-18,cve_2026_to_now,2026-09-19T11:45:42+00:00
CVE-2026-69427,updated,2026-09-18,cve_2026_to_now,2026-09-19T11:45:42+00:00
CVE-2026-69428,updated,2026-09-18,cve_2026_to_now,2026-09-19T11:45:42+00:00
CVE-2026-69429,updated,2026-09-18,cve_2026_to_now,2026-09-19T11:45:42+00:00
CVE-2026-69430,updated,2026-09-18,cve_2026_to_now,2026-09-19T11:45:42+00:00
CVE-2026-69431,updated,2026-09-18,cve_2026_to_now,2026-09-19T11:45:42+00:00
CVE-2026-69432,updated,2026-09-18,cve_2026_to_now,2026-09-19T11:45:42+00:00
CVE-2026-69433,updated,2026-09-18,cve_2026_to_now,2026-09-19T11:45:42+00:00
CVE-2026-69434,updated,2026-09-18,cve_2026_to_now,2026-09-19T11:45:42+00:00
CVE-2026-69436,updated,2026-09-18,cve_2026_to_now,2026-09-19T11:45:42+00:00
CVE-2026-69438,updated,2026-09-18,cve_2026_to_now,2026-09-19T11:45:42+00:00
CVE-2026-69439,updated,2026-09-18,cve_2026_to_now,2026-09-19T11:45:42+00:00
CVE-2026-69440,updated,2026-09-18,cve_2026_to_now,2026-09-19T11:45:42+00:00
CVE-2026-69441,updated,2026-09-18,cve_2026_to_now,2026-09-19T11:45:42+00:00
CVE-2026-69442,updated,2026-09-18,cve_2026_to_now,2026-09-19T11:45:42+00:00
CVE-2026-69443,updated,2026-09-18,cve_2026_to_now,2026-09-19T11:45:42+00:00
CVE-2026-69444,updated,2026-09-18,cve_2026_to_now,2026-09-19T11:45:42+00:00
CVE-2026-69445,updated,2026-09-18,cve_2026_to_now,2026-09-19T11:45:42+00:00
CVE-2026-69447,updated,2026-09-18,cve_2026_to_now,2026-09-19T11:45:42+00:00
CVE-2026-69448,updated,2026-09-18,cve_2026_to_now,2026-09-19T11:45:42+00:00
CVE-2026-69449,updated,2026-09-18,cve_2026_to_now,2026-09-19T11:45:42+00:00
CVE-2026-69450,updated,2026-09-18,cve_2026_to_now,2026-09-19T11:45:42+00:00
CVE-2026-69451,updated,2026-09-18,cve_2026_to_now,2026-09-19T11:45:42+00:00
CVE-2026-69453,updated,2026-09-18,cve_2026_to_now,2026-09-19T11:45:42+00:00
CVE-2026-69455,updated,2026-09-18,cve_2026_to_now,2026-09-19T11:45:42+00:00
CVE-2026-69456,updated,2026-09-18,cve_2026_to_now,2026-09-19T11:45:42+00:00
CVE-2026-69457,updated,2026-09-18,cve_2026_to_now,2026-09-19T11:45:42+00:00
CVE-2026-69458,updated,2026-09-18,cve_2026_to_now,2026-09-19T11:45:42+00:00
CVE-2026-69459,updated,2026-09-18,cve_2026_to_now,2026-09-19T11:45:42+00:00
CVE-2026-69460,updated,2026-09-18,cve_2026_to_now,2026-09-19T11:45:42+00:00
CVE-2026-69461,updated,2026-09-18,cve_2026_to_now,2026-09-19T11:45:42+00:00
CVE-2026-69462,updated,2026-09-18,cve_2026_to_now,2026-09-19T11:45:42+00:00
CVE-2026-69463,updated,2026-09-18,cve_2026_to_now,2026-09-19T11:45:42+00:00
CVE-2026-69464,updated,2026-09-18,cve_2026_to_now,2026-09-19T11:45:42+00:00
CVE-2026-69465,updated,2026-09-18,cve_2026_to_now,2026-09-19T11:45:42+00:00
CVE-2026-69466,updated,2026-09-18,cve_2026_to_now,2026-09-19T11:45:42+00:00
CVE-2026-69467,updated,2026-09-18,cve_2026_to_now,2026-09-19T11:45:42+00:00
CVE-2026-69468,updated,2026-09-18,cve_2026_to_now,2026-09-19T11:45:42+00:00
CVE-2026-69469,updated,2026-09-18,cve_2026_to_now,2026-09-19T11:45:42+00:00
CVE-2026-69470,updated,2026-09-18,cve_2026_to_now,2026-09-19T11:45:42+00:00
CVE-2026-69472,updated,2026-09-18,cve_2026_to_now,2026-09-19T11:45:42+00:00
CVE-2026-69473,updated,2026-09-18,cve_2026_to_now,2026-09-19T11:45:42+00:00
CVE-2026-69474,updated,2026-09-18,cve_2026_to_now,2026-09-19T11:45:42+00:00
CVE-2026-69475,updated,2026-09-18,cve_2026_to_now,2026-09-19T11:45:42+00:00
CVE-2026-69476,updated,2026-09-18,cve_2026_to_now,2026-09-19T11:45:42+00:00
CVE-2026-69477,updated,2026-09-18,cve_2026_to_now,2026-09-19T11:45:42+00:00
CVE-2026-69478,updated,2026-09-18,cve_2026_to_now,2026-09-19T11:45:42+00:00
CVE-2026-69479,updated,2026-09-18,cve_2026_to_now,2026-09-19T11:45:42+00:00
CVE-2026-69480,updated,2026-09-18,cve_2026_to_now,2026-09-19T11:45:42+00:00
CVE-2026-69481,updated,2026-09-18,cve_2026_to_now,2026-09-19T11:45:42+00:00
CVE-2026-69482,updated,2026-09-18,cve_2026_to_now,2026-09-19T11:45:42+00:00
CVE-2026-69483,updated,2026-09-18,cve_2026_to_now,2026-09-19T11:45:42+00:00
CVE-2026-69485,updated,2026-09-18,cve_2026_to_now,2026-09-19T11:45:42+00:00
CVE-2026-69486,updated,2026-09-18,cve_2026_to_now,2026-09-19T11:45:42+00:00
CVE-2026-69488,updated,2026-09-18,cve_2026_to_now,2026-09-19T11:45:42+00:00
CVE-2026-69489,updated,2026-09-18,cve_2026_to_now,2026-09-19T11:45:42+00:00
CVE-2026-69490,updated,2026-09-18,cve_2026_to_now,2026-09-19T11:45:42+00:00
CVE-2026-69491,updated,2026-09-18,cve_2026_to_now,2026-09-19T11:45:42+00:00
CVE-2026-69492,updated,2026-09-18,cve_2026_to_now,2026-09-19T11:45:42+00:00
CVE-2026-69493,updated,2026-09-18,cve_2026_to_now,2026-09-19T11:45:42+00:00
CVE-2026-69494,updated,2026-09-18,cve_2026_to_now,2026-09-19T11:45:42+00:00
CVE-2026-69495,updated,2026-09-18,cve_2026_to_now,2026-09-19T11:45:42+00:00
CVE-2026-69496,updated,2026-09-18,cve_2026_to_now,2026-09-19T11:45:42+00:00
CVE-2026-69497,updated,2026-09-18,cve_2026_to_now,2026-09-19T11:45:42+00:00
CVE-2026-69498,updated,2026-09-18,cve_2026_to_now,2026-09-19T11:45:42+00:00
CVE-2026-69499,updated,2026-09-18,cve_2026_to_now,2026-09-19T11:45:42+00:00
CVE-2026-69500,updated,2026-09-18,cve_2026_to_now,2026-09-19T11:45:42+00:00
CVE-2026-69501,updated,2026-09-18,cve_2026_to_now,2026-09-19T11:45:42+00:00
CVE-2026-69503,updated,2026-09-18,cve_2026_to_now,2026-09-19T11:45:42+00:00
CVE-2026-69504,updated,2026-09-18,cve_2026_to_now,2026-09-19T11:45:42+00:00
CVE-2026-69505,updated,2026-09-18,cve_2026_to_now,2026-09-19T11:45:42+00:00
CVE-2026-69507,updated,2026-09-18,cve_2026_to_now,2026-09-19T11:45:42+00:00
CVE-2026-69508,updated,2026-09-18,cve_2026_to_now,2026-09-19T11:45:42+00:00
CVE-2026-69509,updated,2026-09-18,cve_2026_to_now,2026-09-19T11:45:42+00:00
CVE-2026-69510,updated,2026-09-18,cve_2026_to_now,2026-09-19T11:45:42+00:00
CVE-2026-69511,updated,2026-09-18,cve_2026_to_now,2026-09-19T11:45:42+00:00
CVE-2026-69512,updated,2026-09-18,cve_2026_to_now,2026-09-19T11:45:42+00:00
CVE-2026-69513,updated,2026-09-18,cve_2026_to_now,2026-09-19T11:45:42+00:00
CVE-2026-69514,updated,2026-09-18,cve_2026_to_now,2026-09-19T11:45:42+00:00
CVE-2026-69516,updated,2026-09-18,cve_2026_to_now,2026-09-19T11:45:42+00:00
CVE-2026-69517,updated,2026-09-18,cve_2026_to_now,2026-09-19T11:45:42+00:00
CVE-2026-69518,updated,2026-09-18,cve_2026_to_now,2026-09-19T11:45:42+00:00
CVE-2026-69522,updated,2026-09-18,cve_2026_to_now,2026-09-19T11:45:42+00:00
CVE-2026-69524,updated,2026-09-18,cve_2026_to_now,2026-09-19T11:45:42+00:00
CVE-2026-69525,updated,2026-09-18,cve_2026_to_now,2026-09-19T11:45:42+00:00
CVE-2026-69527,updated,2026-09-18,cve_2026_to_now,2026-09-19T11:45:42+00:00
CVE-2026-69528,updated,2026-09-18,cve_2026_to_now,2026-09-19T11:45:42+00:00
CVE-2026-69529,updated,2026-09-18,cve_2026_to_now,2026-09-19T11:45:42+00:00
CVE-2026-69530,updated,2026-09-18,cve_2026_to_now,2026-09-19T11:45:42+00:00
CVE-2026-69531,updated,2026-09-18,cve_2026_to_now,2026-09-19T11:45:42+00:00
CVE-2026-69532,updated,2026-09-18,cve_2026_to_now,2026-09-19T11:45:42+00:00
CVE-2026-69534,updated,2026-09-18,cve_2026_to_now,2026-09-19T11:45:42+00:00
CVE-2026-69535,updated,2026-09-18,cve_2026_to_now,2026-09-19T11:45:42+00:00
CVE-2026-69536,updated,2026-09-18,cve_2026_to_now,2026-09-19T11:45:42+00:00
CVE-2026-69538,updated,2026-09-18,cve_2026_to_now,2026-09-19T11:45:42+00:00
CVE-2026-69539,updated,2026-09-18,cve_2026_to_now,2026-09-19T11:45:42+00:00
CVE-2026-69540,updated,2026-09-18,cve_2026_to_now,2026-09-19T11:45:42+00:00
CVE-2026-69541,updated,2026-09-18,cve_2026_to_now,2026-09-19T11:45:42+00:00
CVE-2026-69542,updated,2026-09-18,cve_2026_to_now,2026-09-19T11:45:42+00:00
CVE-2026-69544,updated,2026-09-18,cve_2026_to_now,2026-09-19T11:45:42+00:00
CVE-2026-69546,updated,2026-09-18,cve_2026_to_now,2026-09-19T11:45:42+00:00
CVE-2026-69547,updated,2026-09-18,cve_2026_to_now,2026-09-19T11:45:42+00:00
CVE-2026-69548,updated,2026-09-18,cve_2026_to_now,2026-09-19T11:45:42+00:00
CVE-2026-69549,updated,2026-09-18,cve_2026_to_now,2026-09-19T11:45:42+00:00
CVE-2026-69551,updated,2026-09-18,cve_2026_to_now,2026-09-19T11:45:42+00:00
CVE-2026-69552,updated,2026-09-18,cve_2026_to_now,2026-09-19T11:45:42+00:00
CVE-2026-69553,updated,2026-09-18,cve_2026_to_now,2026-09-19T11:45:42+00:00
CVE-2026-69554,updated,2026-09-18,cve_2026_to_now,2026-09-19T11:45:42+00:00
CVE-2026-69556,updated,2026-09-18,cve_2026_to_now,2026-09-19T11:45:42+00:00
CVE-2026-69559,updated,2026-09-18,cve_2026_to_now,2026-09-19T11:45:42+00:00
CVE-2026-69560,updated,2026-09-18,cve_2026_to_now,2026-09-19T11:45:42+00:00
CVE-2026-69561,updated,2026-09-18,cve_2026_to_now,2026-09-19T11:45:42+00:00
CVE-2026-69562,updated,2026-09-18,cve_2026_to_now,2026-09-19T11:45:42+00:00
CVE-2026-69563,updated,2026-09-18,cve_2026_to_now,2026-09-19T11:45:42+00:00
CVE-2026-69564,updated,2026-09-18,cve_2026_to_now,2026-09-19T11:45:42+00:00
CVE-2026-69566,updated,2026-09-18,cve_2026_to_now,2026-09-19T11:45:42+00:00
CVE-2026-69567,updated,2026-09-18,cve_2026_to_now,2026-09-19T11:45:42+00:00
CVE-2026-69568,updated,2026-09-18,cve_2026_to_now,2026-09-19T11:45:42+00:00
CVE-2026-69569,updated,2026-09-18,cve_2026_to_now,2026-09-19T11:45:42+00:00
CVE-2026-69571,updated,2026-09-18,cve_2026_to_now,2026-09-19T11:45:42+00:00
CVE-2026-69572,updated,2026-09-18,cve_2026_to_now,2026-09-19T11:45:42+00:00
CVE-2026-69573,updated,2026-09-18,cve_2026_to_now,2026-09-19T11:45:42+00:00
CVE-2026-69574,updated,2026-09-18,cve_2026_to_now,2026-09-19T11:45:42+00:00
CVE-2026-69575,updated,2026-09-18,cve_2026_to_now,2026-09-19T11:45:42+00:00
CVE-2026-69576,updated,2026-09-18,cve_2026_to_now,2026-09-19T11:45:42+00:00
CVE-2026-69578,updated,2026-09-18,cve_2026_to_now,2026-09-19T11:45:42+00:00
CVE-2026-69579,updated,2026-09-18,cve_2026_to_now,2026-09-19T11:45:42+00:00
CVE-2026-69580,updated,2026-09-18,cve_2026_to_now,2026-09-19T11:45:42+00:00
CVE-2026-69581,updated,2026-09-18,cve_2026_to_now,2026-09-19T11:45:42+00:00
CVE-2026-69582,updated,2026-09-18,cve_2026_to_now,2026-09-19T11:45:42+00:00
CVE-2026-69583,updated,2026-09-18,cve_2026_to_now,2026-09-19T11:45:42+00:00
CVE-2026-69584,updated,2026-09-18,cve_2026_to_now,2026-09-19T11:45:42+00:00
CVE-2026-69585,updated,2026-09-18,cve_2026_to_now,2026-09-19T11:45:42+00:00
CVE-2026-69586,updated,2026-09-18,cve_2026_to_now,2026-09-19T11:45:42+00:00
CVE-2026-69587,updated,2026-09-18,cve_2026_to_now,2026-09-19T11:45:42+00:00
CVE-2026-69588,updated,2026-09-18,cve_2026_to_now,2026-09-19T11:45:42+00:00
CVE-2026-69589,updated,2026-09-18,cve_2026_to_now,2026-09-19T11:45:42+00:00
CVE-2026-69590,updated,2026-09-18,cve_2026_to_now,2026-09-19T11:45:42+00:00
CVE-2026-69591,updated,2026-09-18,cve_2026_to_now,2026-09-19T11:45:42+00:00
CVE-2026-69592,updated,2026-09-18,cve_2026_to_now,2026-09-19T11:45:42+00:00
CVE-2026-69593,updated,2026-09-18,cve_2026_to_now,2026-09-19T11:45:42+00:00
CVE-2026-69594,updated,2026-09-18,cve_2026_to_now,2026-09-19T11:45:42+00:00
CVE-2026-69595,updated,2026-09-18,cve_2026_to_now,2026-09-19T11:45:42+00:00
CVE-2026-69597,updated,2026-09-18,cve_2026_to_now,2026-09-19T11:45:42+00:00
CVE-2026-69598,updated,2026-09-18,cve_2026_to_now,2026-09-19T11:45:42+00:00
CVE-2026-69599,updated,2026-09-18,cve_2026_to_now,2026-09-19T11:45:42+00:00
CVE-2026-69600,updated,2026-09-18,cve_2026_to_now,2026-09-19T11:45:42+00:00
CVE-2026-69601,updated,2026-09-18,cve_2026_to_now,2026-09-19T11:45:42+00:00
CVE-2026-69602,updated,2026-09-18,cve_2026_to_now,2026-09-19T11:45:42+00:00
CVE-2026-69603,updated,2026-09-18,cve_2026_to_now,2026-09-19T11:45:42+00:00
CVE-2026-69604,updated,2026-09-18,cve_2026_to_now,2026-09-19T11:45:42+00:00
CVE-2026-69605,updated,2026-09-18,cve_2026_to_now,2026-09-19T11:45:42+00:00
CVE-2026-69606,updated,2026-09-18,cve_2026_to_now,2026-09-19T11:45:42+00:00
CVE-2026-69607,updated,2026-09-18,cve_2026_to_now,2026-09-19T11:45:42+00:00
CVE-2026-69608,updated,2026-09-18,cve_2026_to_now,2026-09-19T11:45:42+00:00
CVE-2026-69609,updated,2026-09-18,cve_2026_to_now,2026-09-19T11:45:42+00:00
CVE-2026-69610,updated,2026-09-18,cve_2026_to_now,2026-09-19T11:45:42+00:00
CVE-2026-69611,updated,2026-09-18,cve_2026_to_now,2026-09-19T11:45:42+00:00
CVE-2026-69612,updated,2026-09-18,cve_2026_to_now,2026-09-19T11:45:42+00:00
CVE-2026-69613,updated,2026-09-18,cve_2026_to_now,2026-09-19T11:45:42+00:00
CVE-2026-69614,updated,2026-09-18,cve_2026_to_now,2026-09-19T11:45:42+00:00
CVE-2026-69615,updated,2026-09-18,cve_2026_to_now,2026-09-19T11:45:42+00:00
CVE-2026-69616,updated,2026-09-18,cve_2026_to_now,2026-09-19T11:45:42+00:00
CVE-2026-69617,updated,2026-09-18,cve_2026_to_now,2026-09-19T11:45:42+00:00
CVE-2026-69618,updated,2026-09-18,cve_2026_to_now,2026-09-19T11:45:42+00:00
CVE-2026-69619,updated,2026-09-18,cve_2026_to_now,2026-09-19T11:45:42+00:00
CVE-2026-69620,updated,2026-09-18,cve_2026_to_now,2026-09-19T11:45:42+00:00
CVE-2026-69621,updated,2026-09-18,cve_2026_to_now,2026-09-19T11:45:42+00:00
CVE-2026-69623,updated,2026-09-18,cve_2026_to_now,2026-09-19T11:45:42+00:00
CVE-2026-69624,updated,2026-09-18,cve_2026_to_now,2026-09-19T11:45:42+00:00
CVE-2026-69625,updated,2026-09-18,cve_2026_to_now,2026-09-19T11:45:42+00:00
CVE-2026-69626,updated,2026-09-18,cve_2026_to_now,2026-09-19T11:45:42+00:00
CVE-2026-69627,updated,2026-09-18,cve_2026_to_now,2026-09-19T11:45:42+00:00
CVE-2026-69628,updated,2026-09-18,cve_2026_to_now,2026-09-19T11:45:42+00:00
CVE-2026-69629,updated,2026-09-18,cve_2026_to_now,2026-09-19T11:45:42+00:00
CVE-2026-69630,updated,2026-09-18,cve_2026_to_now,2026-09-19T11:45:42+00:00
CVE-2026-69631,updated,2026-09-18,cve_2026_to_now,2026-09-19T11:45:42+00:00
CVE-2026-69632,updated,2026-09-18,cve_2026_to_now,2026-09-19T11:45:42+00:00
CVE-2026-69636,updated,2026-09-18,cve_2026_to_now,2026-09-19T11:45:42+00:00
CVE-2026-69637,updated,2026-09-18,cve_2026_to_now,2026-09-19T11:45:42+00:00
CVE-2026-69638,updated,2026-09-18,cve_2026_to_now,2026-09-19T11:45:42+00:00
CVE-2026-69641,updated,2026-09-18,cve_2026_to_now,2026-09-19T11:45:42+00:00
CVE-2026-69642,updated,2026-09-18,cve_2026_to_now,2026-09-19T11:45:42+00:00
CVE-2026-69643,updated,2026-09-18,cve_2026_to_now,2026-09-19T11:45:42+00:00
CVE-2026-69645,updated,2026-09-18,cve_2026_to_now,2026-09-19T11:45:42+00:00
CVE-2026-69646,updated,2026-09-18,cve_2026_to_now,2026-09-19T11:45:42+00:00
CVE-2026-69648,updated,2026-09-18,cve_2026_to_now,2026-09-19T11:45:42+00:00
CVE-2026-69649,updated,2026-09-18,cve_2026_to_now,2026-09-19T11:45:42+00:00
CVE-2026-69652,updated,2026-09-18,cve_2026_to_now,2026-09-19T11:45:42+00:00
CVE-2026-69654,updated,2026-09-18,cve_2026_to_now,2026-09-19T11:45:42+00:00
CVE-2026-69669,updated,2026-09-18,cve_2026_to_now,2026-09-19T11:45:42+00:00
CVE-2026-69671,updated,2026-09-18,cve_2026_to_now,2026-09-19T11:45:42+00:00
CVE-2026-69672,updated,2026-09-18,cve_2026_to_now,2026-09-19T11:45:42+00:00
CVE-2026-69674,updated,2026-09-18,cve_2026_to_now,2026-09-19T11:45:42+00:00
CVE-2026-69676,updated,2026-09-18,cve_2026_to_now,2026-09-19T11:45:42+00:00
CVE-2026-69678,updated,2026-09-18,cve_2026_to_now,2026-09-19T11:45:42+00:00
CVE-2026-69679,updated,2026-09-18,cve_2026_to_now,2026-09-19T11:45:42+00:00
CVE-2026-69680,updated,2026-09-18,cve_2026_to_now,2026-09-19T11:45:42+00:00
CVE-2026-69681,updated,2026-09-18,cve_2026_to_now,2026-09-19T11:45:42+00:00
CVE-2026-69682,updated,2026-09-18,cve_2026_to_now,2026-09-19T11:45:42+00:00
CVE-2026-69683,updated,2026-09-18,cve_2026_to_now,2026-09-19T11:45:42+00:00
CVE-2026-69684,updated,2026-09-18,cve_2026_to_now,2026-09-19T11:45:42+00:00
CVE-2026-69685,updated,2026-09-18,cve_2026_to_now,2026-09-19T11:45:42+00:00
CVE-2026-69686,updated,2026-09-18,cve_2026_to_now,2026-09-19T11:45:42+00:00
CVE-2026-69687,updated,2026-09-18,cve_2026_to_now,2026-09-19T11:45:42+00:00
CVE-2026-69688,updated,2026-09-18,cve_2026_to_now,2026-09-19T11:45:42+00:00
CVE-2026-69689,updated,2026-09-18,cve_2026_to_now,2026-09-19T11:45:42+00:00
CVE-2026-69690,updated,2026-09-18,cve_2026_to_now,2026-09-19T11:45:42+00:00
CVE-2026-69691,updated,2026-09-18,cve_2026_to_now,2026-09-19T11:45:42+00:00
CVE-2026-69692,updated,2026-09-18,cve_2026_to_now,2026-09-19T11:45:42+00:00
CVE-2026-69693,updated,2026-09-18,cve_2026_to_now,2026-09-19T11:45:42+00:00
CVE-2026-69694,updated,2026-09-18,cve_2026_to_now,2026-09-19T11:45:42+00:00
CVE-2026-69706,updated,2026-09-18,cve_2026_to_now,2026-09-19T11:45:42+00:00
CVE-2026-69707,updated,2026-09-18,cve_2026_to_now,2026-09-19T11:45:42+00:00
CVE-2026-69708,updated,2026-09-18,cve_2026_to_now,2026-09-19T11:45:42+00:00
CVE-2026-69709,updated,2026-09-18,cve_2026_to_now,2026-09-19T11:45:42+00:00
CVE-2026-69710,updated,2026-09-18,cve_2026_to_now,2026-09-19T11:45:42+00:00
CVE-2026-69711,updated,2026-09-18,cve_2026_to_now,2026-09-19T11:45:42+00:00
CVE-2026-69712,updated,2026-09-18,cve_2026_to_now,2026-09-19T11:45:42+00:00
CVE-2026-69713,updated,2026-09-18,cve_2026_to_now,2026-09-19T11:45:42+00:00
CVE-2026-69714,updated,2026-09-18,cve_2026_to_now,2026-09-19T11:45:42+00:00
CVE-2026-69715,updated,2026-09-18,cve_2026_to_now,2026-09-19T11:45:42+00:00
CVE-2026-69716,updated,2026-09-18,cve_2026_to_now,2026-09-19T11:45:42+00:00
CVE-2026-69717,updated,2026-09-18,cve_2026_to_now,2026-09-19T11:45:42+00:00
CVE-2026-69719,updated,2026-09-18,cve_2026_to_now,2026-09-19T11:45:42+00:00
CVE-2026-69720,updated,2026-09-18,cve_2026_to_now,2026-09-19T11:45:42+00:00
CVE-2026-69722,updated,2026-09-18,cve_2026_to_now,2026-09-19T11:45:42+00:00
CVE-2026-69723,updated,2026-09-18,cve_2026_to_now,2026-09-19T11:45:42+00:00
CVE-2026-69724,updated,2026-09-18,cve_2026_to_now,2026-09-19T11:45:42+00:00
CVE-2026-69725,updated,2026-09-18,cve_2026_to_now,2026-09-19T11:45:42+00:00
CVE-2026-69727,updated,2026-09-18,cve_2026_to_now,2026-09-19T11:45:42+00:00
CVE-2026-69729,updated,2026-09-18,cve_2026_to_now,2026-09-19T11:45:42+00:00
CVE-2026-69730,updated,2026-09-18,cve_2026_to_now,2026-09-19T11:45:42+00:00
CVE-2026-69731,updated,2026-09-18,cve_2026_to_now,2026-09-19T11:45:42+00:00
CVE-2026-69732,updated,2026-09-18,cve_2026_to_now,2026-09-19T11:45:42+00:00
CVE-2026-69734,updated,2026-09-18,cve_2026_to_now,2026-09-19T11:45:42+00:00
CVE-2026-69735,updated,2026-09-18,cve_2026_to_now,2026-09-19T11:45:42+00:00
CVE-2026-69738,updated,2026-09-18,cve_2026_to_now,2026-09-19T11:45:42+00:00
CVE-2026-69739,updated,2026-09-18,cve_2026_to_now,2026-09-19T11:45:42+00:00
CVE-2026-69740,updated,2026-09-18,cve_2026_to_now,2026-09-19T11:45:42+00:00
CVE-2026-69741,updated,2026-09-18,cve_2026_to_now,2026-09-19T11:45:42+00:00
CVE-2026-69742,updated,2026-09-18,cve_2026_to_now,2026-09-19T11:45:42+00:00
CVE-2026-69744,updated,2026-09-18,cve_2026_to_now,2026-09-19T11:45:42+00:00
CVE-2026-69757,updated,2026-09-18,cve_2026_to_now,2026-09-19T11:45:42+00:00
CVE-2026-69758,updated,2026-09-18,cve_2026_to_now,2026-09-19T11:45:42+00:00
CVE-2026-69759,updated,2026-09-18,cve_2026_to_now,2026-09-19T11:45:42+00:00
CVE-2026-69760,updated,2026-09-18,cve_2026_to_now,2026-09-19T11:45:42+00:00
CVE-2026-69761,updated,2026-09-18,cve_2026_to_now,2026-09-19T11:45:42+00:00
CVE-2026-69762,updated,2026-09-18,cve_2026_to_now,2026-09-19T11:45:42+00:00
CVE-2026-69764,updated,2026-09-18,cve_2026_to_now,2026-09-19T11:45:42+00:00
CVE-2026-69767,updated,2026-09-18,cve_2026_to_now,2026-09-19T11:45:42+00:00
CVE-2026-69768,updated,2026-09-18,cve_2026_to_now,2026-09-19T11:45:42+00:00
CVE-2026-69769,updated,2026-09-18,cve_2026_to_now,2026-09-19T11:45:42+00:00
CVE-2026-69770,updated,2026-09-18,cve_2026_to_now,2026-09-19T11:45:42+00:00
CVE-2026-69771,updated,2026-09-18,cve_2026_to_now,2026-09-19T11:45:42+00:00
CVE-2026-69772,updated,2026-09-18,cve_2026_to_now,2026-09-19T11:45:42+00:00
CVE-2026-69773,updated,2026-09-18,cve_2026_to_now,2026-09-19T11:45:42+00:00
CVE-2026-69775,updated,2026-09-18,cve_2026_to_now,2026-09-19T11:45:42+00:00
CVE-2026-69777,updated,2026-09-18,cve_2026_to_now,2026-09-19T11:45:42+00:00
CVE-2026-69778,updated,2026-09-18,cve_2026_to_now,2026-09-19T11:45:42+00:00
CVE-2026-69779,updated,2026-09-18,cve_2026_to_now,2026-09-19T11:45:42+00:00
CVE-2026-69781,updated,2026-09-18,cve_2026_to_now,2026-09-19T11:45:42+00:00
CVE-2026-69782,updated,2026-09-18,cve_2026_to_now,2026-09-19T11:45:42+00:00
CVE-2026-69784,updated,2026-09-18,cve_2026_to_now,2026-09-19T11:45:42+00:00
CVE-2026-69785,updated,2026-09-18,cve_2026_to_now,2026-09-19T11:45:42+00:00
CVE-2026-69786,updated,2026-09-18,cve_2026_to_now,2026-09-19T11:45:42+00:00
CVE-2026-69787,updated,2026-09-18,cve_2026_to_now,2026-09-19T11:45:42+00:00
CVE-2026-69790,updated,2026-09-18,cve_2026_to_now,2026-09-19T11:45:42+00:00
CVE-2026-69791,updated,2026-09-18,cve_2026_to_now,2026-09-19T11:45:42+00:00
CVE-2026-69792,updated,2026-09-18,cve_2026_to_now,2026-09-19T11:45:42+00:00
CVE-2026-69793,updated,2026-09-18,cve_2026_to_now,2026-09-19T11:45:42+00:00
CVE-2026-69794,updated,2026-09-18,cve_2026_to_now,2026-09-19T11:45:42+00:00
CVE-2026-69797,updated,2026-09-18,cve_2026_to_now,2026-09-19T11:45:42+00:00
CVE-2026-69799,updated,2026-09-18,cve_2026_to_now,2026-09-19T11:45:42+00:00
CVE-2026-69801,updated,2026-09-18,cve_2026_to_now,2026-09-19T11:45:42+00:00
CVE-2026-69803,updated,2026-09-18,cve_2026_to_now,2026-09-19T11:45:42+00:00
CVE-2026-69804,updated,2026-09-18,cve_2026_to_now,2026-09-19T11:45:42+00:00
CVE-2026-69805,updated,2026-09-18,cve_2026_to_now,2026-09-19T11:45:42+00:00
CVE-2026-69806,updated,2026-09-18,cve_2026_to_now,2026-09-19T11:45:42+00:00
CVE-2026-69807,updated,2026-09-18,cve_2026_to_now,2026-09-19T11:45:42+00:00
CVE-2026-69808,updated,2026-09-18,cve_2026_to_now,2026-09-19T11:45:42+00:00
CVE-2026-69809,updated,2026-09-18,cve_2026_to_now,2026-09-19T11:45:42+00:00
CVE-2026-69813,updated,2026-09-18,cve_2026_to_now,2026-09-19T11:45:42+00:00
CVE-2026-69814,updated,2026-09-18,cve_2026_to_now,2026-09-19T11:45:42+00:00
CVE-2026-69816,updated,2026-09-18,cve_2026_to_now,2026-09-19T11:45:42+00:00
CVE-2026-69817,updated,2026-09-18,cve_2026_to_now,2026-09-19T11:45:42+00:00
CVE-2026-69818,updated,2026-09-18,cve_2026_to_now,2026-09-19T11:45:42+00:00
CVE-2026-69819,updated,2026-09-18,cve_2026_to_now,2026-09-19T11:45:42+00:00
CVE-2026-69820,updated,2026-09-18,cve_2026_to_now,2026-09-19T11:45:42+00:00
CVE-2026-69821,updated,2026-09-18,cve_2026_to_now,2026-09-19T11:45:42+00:00
CVE-2026-69822,updated,2026-09-18,cve_2026_to_now,2026-09-19T11:45:42+00:00
CVE-2026-69824,updated,2026-09-18,cve_2026_to_now,2026-09-19T11:45:42+00:00
CVE-2026-69826,updated,2026-09-18,cve_2026_to_now,2026-09-19T11:45:42+00:00
CVE-2026-69827,updated,2026-09-18,cve_2026_to_now,2026-09-19T11:45:42+00:00
CVE-2026-69829,updated,2026-09-18,cve_2026_to_now,2026-09-19T11:45:42+00:00
CVE-2026-69832,updated,2026-09-18,cve_2026_to_now,2026-09-19T11:45:42+00:00
CVE-2026-69834,updated,2026-09-18,cve_2026_to_now,2026-09-19T11:45:42+00:00
CVE-2026-69838,updated,2026-09-18,cve_2026_to_now,2026-09-19T11:45:42+00:00
CVE-2026-69839,updated,2026-09-18,cve_2026_to_now,2026-09-19T11:45:42+00:00
CVE-2026-69841,updated,2026-09-18,cve_2026_to_now,2026-09-19T11:45:42+00:00
CVE-2026-69843,updated,2026-09-19,cve_2026_to_now,2026-09-19T11:45:42+00:00
CVE-2026-69844,updated,2026-09-18,cve_2026_to_now,2026-09-19T11:45:42+00:00
CVE-2026-69845,updated,2026-09-18,cve_2026_to_now,2026-09-19T11:45:42+00:00
CVE-2026-69846,updated,2026-09-18,cve_2026_to_now,2026-09-19T11:45:42+00:00
CVE-2026-69847,updated,2026-09-18,cve_2026_to_now,2026-09-19T11:45:42+00:00
CVE-2026-69852,updated,2026-09-18,cve_2026_to_now,2026-09-19T11:45:42+00:00
CVE-2026-69853,updated,2026-09-18,cve_2026_to_now,2026-09-19T11:45:42+00:00
CVE-2026-69854,updated,2026-09-18,cve_2026_to_now,2026-09-19T11:45:42+00:00
CVE-2026-69857,updated,2026-09-18,cve_2026_to_now,2026-09-19T11:45:42+00:00
CVE-2026-69858,updated,2026-09-18,cve_2026_to_now,2026-09-19T11:45:42+00:00
CVE-2026-69859,updated,2026-09-18,cve_2026_to_now,2026-09-19T11:45:42+00:00
CVE-2026-69860,updated,2026-09-18,cve_2026_to_now,2026-09-19T11:45:42+00:00
CVE-2026-69862,updated,2026-09-18,cve_2026_to_now,2026-09-19T11:45:42+00:00
CVE-2026-69864,updated,2026-09-18,cve_2026_to_now,2026-09-19T11:45:42+00:00
CVE-2026-69865,updated,2026-09-18,cve_2026_to_now,2026-09-19T11:45:42+00:00
CVE-2026-69866,updated,2026-09-18,cve_2026_to_now,2026-09-19T11:45:42+00:00
CVE-2026-69874,updated,2026-09-18,cve_2026_to_now,2026-09-19T11:45:42+00:00
CVE-2026-69875,updated,2026-09-18,cve_2026_to_now,2026-09-19T11:45:42+00:00
CVE-2026-69876,updated,2026-09-18,cve_2026_to_now,2026-09-19T11:45:42+00:00
CVE-2026-69878,updated,2026-09-18,cve_2026_to_now,2026-09-19T11:45:42+00:00
CVE-2026-69881,updated,2026-09-18,cve_2026_to_now,2026-09-19T11:45:42+00:00
CVE-2026-69889,updated,2026-09-18,cve_2026_to_now,2026-09-19T11:45:42+00:00
CVE-2026-69890,updated,2026-09-18,cve_2026_to_now,2026-09-19T11:45:42+00:00
CVE-2026-69891,updated,2026-09-18,cve_2026_to_now,2026-09-19T11:45:42+00:00
CVE-2026-69895,updated,2026-09-18,cve_2026_to_now,2026-09-19T11:45:42+00:00
CVE-2026-69896,updated,2026-09-18,cve_2026_to_now,2026-09-19T11:45:42+00:00
CVE-2026-69900,updated,2026-09-18,cve_2026_to_now,2026-09-19T11:45:42+00:00
CVE-2026-69904,updated,2026-09-18,cve_2026_to_now,2026-09-19T11:45:42+00:00
CVE-2026-69906,updated,2026-09-18,cve_2026_to_now,2026-09-19T11:45:42+00:00
CVE-2026-69907,updated,2026-09-18,cve_2026_to_now,2026-09-19T11:45:42+00:00
CVE-2026-69910,updated,2026-09-18,cve_2026_to_now,2026-09-19T11:45:42+00:00
CVE-2026-69911,updated,2026-09-18,cve_2026_to_now,2026-09-19T11:45:42+00:00
CVE-2026-69921,updated,2026-09-18,cve_2026_to_now,2026-09-19T11:45:42+00:00
CVE-2026-69929,updated,2026-09-18,cve_2026_to_now,2026-09-19T11:45:42+00:00
CVE-2026-69930,updated,2026-09-18,cve_2026_to_now,2026-09-19T11:45:42+00:00
CVE-2026-69989,updated,2026-09-18,cve_2026_to_now,2026-09-19T11:45:42+00:00
CVE-2026-70009,updated,2026-09-19,cve_2026_to_now,2026-09-19T11:45:42+00:00
CVE-2026-70019,updated,2026-09-18,cve_2026_to_now,2026-09-19T11:45:42+00:00
CVE-2026-70065,updated,2026-09-18,cve_2026_to_now,2026-09-19T11:45:42+00:00
CVE-2026-70091,updated,2026-09-18,cve_2026_to_now,2026-09-19T11:45:42+00:00
CVE-2026-70124,updated,2026-09-18,cve_2026_to_now,2026-09-19T11:45:42+00:00
CVE-2026-70145,updated,2026-09-18,cve_2026_to_now,2026-09-19T11:45:42+00:00
CVE-2026-70178,updated,2026-09-18,cve_2026_to_now,2026-09-19T11:45:42+00:00
CVE-2026-70200,updated,2026-09-19,cve_2026_to_now,2026-09-19T11:45:42+00:00
CVE-2026-70203,updated,2026-09-18,cve_2026_to_now,2026-09-19T11:45:42+00:00
CVE-2026-70283,updated,2026-09-18,cve_2026_to_now,2026-09-19T11:45:42+00:00
CVE-2026-70289,updated,2026-09-18,cve_2026_to_now,2026-09-19T11:45:42+00:00
CVE-2026-70290,updated,2026-09-18,cve_2026_to_now,2026-09-19T11:45:42+00:00
CVE-2026-70296,updated,2026-09-18,cve_2026_to_now,2026-09-19T11:45:42+00:00
CVE-2026-70334,updated,2026-09-18,cve_2026_to_now,2026-09-19T11:45:42+00:00
CVE-2026-70342,updated,2026-09-18,cve_2026_to_now,2026-09-19T11:45:42+00:00
CVE-2026-70351,updated,2026-09-18,cve_2026_to_now,2026-09-19T11:45:42+00:00
CVE-2026-70352,updated,2026-09-18,cve_2026_to_now,2026-09-19T11:45:42+00:00
CVE-2026-70562,updated,2026-09-18,cve_2026_to_now,2026-09-19T11:45:42+00:00
CVE-2026-70563,updated,2026-09-18,cve_2026_to_now,2026-09-19T11:45:42+00:00
CVE-2026-70564,updated,2026-09-18,cve_2026_to_now,2026-09-19T11:45:42+00:00
CVE-2026-70565,updated,2026-09-18,cve_2026_to_now,2026-09-19T11:45:42+00:00
CVE-2026-70567,updated,2026-09-18,cve_2026_to_now,2026-09-19T11:45:42+00:00
CVE-2026-70568,updated,2026-09-18,cve_2026_to_now,2026-09-19T11:45:42+00:00
CVE-2026-70569,updated,2026-09-18,cve_2026_to_now,2026-09-19T11:45:42+00:00
CVE-2026-70570,updated,2026-09-18,cve_2026_to_now,2026-09-19T11:45:42+00:00
CVE-2026-70572,updated,2026-09-18,cve_2026_to_now,2026-09-19T11:45:42+00:00
CVE-2026-70573,updated,2026-09-18,cve_2026_to_now,2026-09-19T11:45:42+00:00
CVE-2026-70574,updated,2026-09-18,cve_2026_to_now,2026-09-19T11:45:42+00:00
CVE-2026-70575,updated,2026-09-18,cve_2026_to_now,2026-09-19T11:45:42+00:00
CVE-2026-70577,updated,2026-09-18,cve_2026_to_now,2026-09-19T11:45:42+00:00
CVE-2026-70578,updated,2026-09-18,cve_2026_to_now,2026-09-19T11:45:42+00:00
CVE-2026-70579,updated,2026-09-18,cve_2026_to_now,2026-09-19T11:45:42+00:00
CVE-2026-70581,updated,2026-09-18,cve_2026_to_now,2026-09-19T11:45:42+00:00
CVE-2026-70582,updated,2026-09-18,cve_2026_to_now,2026-09-19T11:45:42+00:00
CVE-2026-70583,updated,2026-09-18,cve_2026_to_now,2026-09-19T11:45:42+00:00
CVE-2026-70584,updated,2026-09-18,cve_2026_to_now,2026-09-19T11:45:42+00:00
CVE-2026-70585,updated,2026-09-18,cve_2026_to_now,2026-09-19T11:45:42+00:00
CVE-2026-70586,updated,2026-09-18,cve_2026_to_now,2026-09-19T11:45:42+00:00
CVE-2026-70587,updated,2026-09-18,cve_2026_to_now,2026-09-19T11:45:42+00:00
CVE-2026-71328,updated,2026-09-18,cve_2026_to_now,2026-09-19T11:45:42+00:00
CVE-2026-71329,updated,2026-09-18,cve_2026_to_now,2026-09-19T11:45:42+00:00
CVE-2026-71330,updated,2026-09-18,cve_2026_to_now,2026-09-19T11:45:42+00:00
CVE-2026-71332,updated,2026-09-18,cve_2026_to_now,2026-09-19T11:45:42+00:00
CVE-2026-71333,updated,2026-09-18,cve_2026_to_now,2026-09-19T11:45:42+00:00
CVE-2026-71334,updated,2026-09-18,cve_2026_to_now,2026-09-19T11:45:42+00:00
CVE-2026-71336,updated,2026-09-18,cve_2026_to_now,2026-09-19T11:45:42+00:00
CVE-2026-71337,updated,2026-09-18,cve_2026_to_now,2026-09-19T11:45:42+00:00
CVE-2026-71338,updated,2026-09-18,cve_2026_to_now,2026-09-19T11:45:42+00:00
CVE-2026-71339,updated,2026-09-18,cve_2026_to_now,2026-09-19T11:45:42+00:00
CVE-2026-71340,updated,2026-09-18,cve_2026_to_now,2026-09-19T11:45:42+00:00
CVE-2026-71341,updated,2026-09-18,cve_2026_to_now,2026-09-19T11:45:42+00:00
CVE-2026-71342,updated,2026-09-18,cve_2026_to_now,2026-09-19T11:45:42+00:00
CVE-2026-71343,updated,2026-09-18,cve_2026_to_now,2026-09-19T11:45:42+00:00
CVE-2026-71345,updated,2026-09-18,cve_2026_to_now,2026-09-19T11:45:42+00:00
CVE-2026-71348,updated,2026-09-18,cve_2026_to_now,2026-09-19T11:45:42+00:00
CVE-2026-71349,updated,2026-09-18,cve_2026_to_now,2026-09-19T11:45:42+00:00
CVE-2026-71350,updated,2026-09-18,cve_2026_to_now,2026-09-19T11:45:42+00:00
CVE-2026-71351,updated,2026-09-18,cve_2026_to_now,2026-09-19T11:45:42+00:00
CVE-2026-71352,updated,2026-09-18,cve_2026_to_now,2026-09-19T11:45:42+00:00
CVE-2026-71353,updated,2026-09-18,cve_2026_to_now,2026-09-19T11:45:42+00:00
CVE-2026-71418,added,,cve_2026_to_now,2026-09-19T11:45:42+00:00
CVE-2026-71537,added,,cve_2026_to_now,2026-09-19T11:45:42+00:00
CVE-2026-71855,added,,cve_2026_to_now,2026-09-19T11:45:42+00:00
CVE-2026-72926,updated,2026-09-18,cve_2026_to_now,2026-09-19T11:45:42+00:00
CVE-2026-72927,updated,2026-09-18,cve_2026_to_now,2026-09-19T11:45:42+00:00
CVE-2026-72928,updated,2026-09-18,cve_2026_to_now,2026-09-19T11:45:42+00:00
CVE-2026-72929,updated,2026-09-18,cve_2026_to_now,2026-09-19T11:45:42+00:00
CVE-2026-72930,updated,2026-09-18,cve_2026_to_now,2026-09-19T11:45:42+00:00
CVE-2026-72931,updated,2026-09-18,cve_2026_to_now,2026-09-19T11:45:42+00:00
CVE-2026-72932,updated,2026-09-18,cve_2026_to_now,2026-09-19T11:45:42+00:00
CVE-2026-72933,updated,2026-09-18,cve_2026_to_now,2026-09-19T11:45:42+00:00
CVE-2026-72935,updated,2026-09-18,cve_2026_to_now,2026-09-19T11:45:42+00:00
CVE-2026-72936,updated,2026-09-18,cve_2026_to_now,2026-09-19T11:45:42+00:00
CVE-2026-72937,updated,2026-09-18,cve_2026_to_now,2026-09-19T11:45:42+00:00
CVE-2026-72938,updated,2026-09-18,cve_2026_to_now,2026-09-19T11:45:42+00:00
CVE-2026-72939,updated,2026-09-18,cve_2026_to_now,2026-09-19T11:45:42+00:00
CVE-2026-72940,updated,2026-09-18,cve_2026_to_now,2026-09-19T11:45:42+00:00
CVE-2026-72941,updated,2026-09-18,cve_2026_to_now,2026-09-19T11:45:42+00:00
CVE-2026-72942,updated,2026-09-18,cve_2026_to_now,2026-09-19T11:45:42+00:00
CVE-2026-72943,updated,2026-09-18,cve_2026_to_now,2026-09-19T11:45:42+00:00
CVE-2026-72944,updated,2026-09-18,cve_2026_to_now,2026-09-19T11:45:42+00:00
CVE-2026-72945,updated,2026-09-18,cve_2026_to_now,2026-09-19T11:45:42+00:00
CVE-2026-72946,updated,2026-09-18,cve_2026_to_now,2026-09-19T11:45:42+00:00
CVE-2026-72947,updated,2026-09-18,cve_2026_to_now,2026-09-19T11:45:42+00:00
CVE-2026-72948,updated,2026-09-18,cve_2026_to_now,2026-09-19T11:45:42+00:00
CVE-2026-72949,updated,2026-09-18,cve_2026_to_now,2026-09-19T11:45:42+00:00
CVE-2026-72950,updated,2026-09-18,cve_2026_to_now,2026-09-19T11:45:42+00:00
CVE-2026-72952,updated,2026-09-18,cve_2026_to_now,2026-09-19T11:45:42+00:00
CVE-2026-72953,updated,2026-09-18,cve_2026_to_now,2026-09-19T11:45:42+00:00
CVE-2026-72954,updated,2026-09-18,cve_2026_to_now,2026-09-19T11:45:42+00:00
CVE-2026-72956,updated,2026-09-18,cve_2026_to_now,2026-09-19T11:45:42+00:00
CVE-2026-72957,updated,2026-09-18,cve_2026_to_now,2026-09-19T11:45:42+00:00
CVE-2026-72958,updated,2026-09-18,cve_2026_to_now,2026-09-19T11:45:42+00:00
CVE-2026-72959,updated,2026-09-18,cve_2026_to_now,2026-09-19T11:45:42+00:00
CVE-2026-72960,updated,2026-09-18,cve_2026_to_now,2026-09-19T11:45:42+00:00
CVE-2026-72961,updated,2026-09-18,cve_2026_to_now,2026-09-19T11:45:42+00:00
CVE-2026-72962,updated,2026-09-18,cve_2026_to_now,2026-09-19T11:45:42+00:00
CVE-2026-72963,updated,2026-09-18,cve_2026_to_now,2026-09-19T11:45:42+00:00
CVE-2026-72964,updated,2026-09-18,cve_2026_to_now,2026-09-19T11:45:42+00:00
CVE-2026-72965,updated,2026-09-18,cve_2026_to_now,2026-09-19T11:45:42+00:00
CVE-2026-72966,updated,2026-09-18,cve_2026_to_now,2026-09-19T11:45:42+00:00
CVE-2026-72967,updated,2026-09-18,cve_2026_to_now,2026-09-19T11:45:42+00:00
CVE-2026-72972,updated,2026-09-18,cve_2026_to_now,2026-09-19T11:45:42+00:00
CVE-2026-72973,updated,2026-09-18,cve_2026_to_now,2026-09-19T11:45:42+00:00
CVE-2026-72974,updated,2026-09-18,cve_2026_to_now,2026-09-19T11:45:42+00:00
CVE-2026-72975,updated,2026-09-18,cve_2026_to_now,2026-09-19T11:45:42+00:00
CVE-2026-72976,updated,2026-09-18,cve_2026_to_now,2026-09-19T11:45:42+00:00
CVE-2026-72977,updated,2026-09-18,cve_2026_to_now,2026-09-19T11:45:42+00:00
CVE-2026-72978,updated,2026-09-18,cve_2026_to_now,2026-09-19T11:45:42+00:00
CVE-2026-72979,updated,2026-09-18,cve_2026_to_now,2026-09-19T11:45:42+00:00
CVE-2026-72980,updated,2026-09-18,cve_2026_to_now,2026-09-19T11:45:42+00:00
CVE-2026-72981,updated,2026-09-18,cve_2026_to_now,2026-09-19T11:45:42+00:00
CVE-2026-72982,updated,2026-09-18,cve_2026_to_now,2026-09-19T11:45:42+00:00
CVE-2026-72983,updated,2026-09-18,cve_2026_to_now,2026-09-19T11:45:42+00:00
CVE-2026-72985,updated,2026-09-18,cve_2026_to_now,2026-09-19T11:45:42+00:00
CVE-2026-72986,updated,2026-09-18,cve_2026_to_now,2026-09-19T11:45:42+00:00
CVE-2026-72987,updated,2026-09-18,cve_2026_to_now,2026-09-19T11:45:42+00:00
CVE-2026-72988,updated,2026-09-18,cve_2026_to_now,2026-09-19T11:45:42+00:00
CVE-2026-72989,updated,2026-09-18,cve_2026_to_now,2026-09-19T11:45:42+00:00
CVE-2026-72990,updated,2026-09-18,cve_2026_to_now,2026-09-19T11:45:42+00:00
CVE-2026-72991,updated,2026-09-18,cve_2026_to_now,2026-09-19T11:45:42+00:00
CVE-2026-72992,updated,2026-09-18,cve_2026_to_now,2026-09-19T11:45:42+00:00
CVE-2026-72993,updated,2026-09-18,cve_2026_to_now,2026-09-19T11:45:42+00:00
CVE-2026-72994,updated,2026-09-18,cve_2026_to_now,2026-09-19T11:45:42+00:00
CVE-2026-72995,updated,2026-09-18,cve_2026_to_now,2026-09-19T11:45:42+00:00
CVE-2026-72996,updated,2026-09-18,cve_2026_to_now,2026-09-19T11:45:42+00:00
CVE-2026-72997,updated,2026-09-18,cve_2026_to_now,2026-09-19T11:45:42+00:00
CVE-2026-72999,updated,2026-09-18,cve_2026_to_now,2026-09-19T11:45:42+00:00
CVE-2026-73000,updated,2026-09-18,cve_2026_to_now,2026-09-19T11:45:42+00:00
CVE-2026-73001,updated,2026-09-18,cve_2026_to_now,2026-09-19T11:45:42+00:00
CVE-2026-73002,updated,2026-09-18,cve_2026_to_now,2026-09-19T11:45:42+00:00
CVE-2026-73003,updated,2026-09-18,cve_2026_to_now,2026-09-19T11:45:42+00:00
CVE-2026-73004,updated,2026-09-18,cve_2026_to_now,2026-09-19T11:45:42+00:00
CVE-2026-73005,updated,2026-09-18,cve_2026_to_now,2026-09-19T11:45:42+00:00
CVE-2026-73006,updated,2026-09-18,cve_2026_to_now,2026-09-19T11:45:42+00:00
CVE-2026-73007,updated,2026-09-18,cve_2026_to_now,2026-09-19T11:45:42+00:00
CVE-2026-73008,updated,2026-09-18,cve_2026_to_now,2026-09-19T11:45:42+00:00
CVE-2026-73009,updated,2026-09-18,cve_2026_to_now,2026-09-19T11:45:42+00:00
CVE-2026-73010,updated,2026-09-18,cve_2026_to_now,2026-09-19T11:45:42+00:00
CVE-2026-73011,updated,2026-09-18,cve_2026_to_now,2026-09-19T11:45:42+00:00
CVE-2026-73012,updated,2026-09-18,cve_2026_to_now,2026-09-19T11:45:42+00:00
CVE-2026-73013,updated,2026-09-18,cve_2026_to_now,2026-09-19T11:45:42+00:00
CVE-2026-73014,updated,2026-09-18,cve_2026_to_now,2026-09-19T11:45:42+00:00
CVE-2026-73015,updated,2026-09-18,cve_2026_to_now,2026-09-19T11:45:42+00:00
CVE-2026-73016,updated,2026-09-18,cve_2026_to_now,2026-09-19T11:45:42+00:00
CVE-2026-73017,updated,2026-09-18,cve_2026_to_now,2026-09-19T11:45:42+00:00
CVE-2026-73018,updated,2026-09-18,cve_2026_to_now,2026-09-19T11:45:42+00:00
CVE-2026-73019,updated,2026-09-18,cve_2026_to_now,2026-09-19T11:45:42+00:00
CVE-2026-73020,updated,2026-09-18,cve_2026_to_now,2026-09-19T11:45:42+00:00
CVE-2026-73021,updated,2026-09-18,cve_2026_to_now,2026-09-19T11:45:42+00:00
CVE-2026-73022,updated,2026-09-18,cve_2026_to_now,2026-09-19T11:45:42+00:00
CVE-2026-73023,updated,2026-09-18,cve_2026_to_now,2026-09-19T11:45:42+00:00
CVE-2026-73024,updated,2026-09-18,cve_2026_to_now,2026-09-19T11:45:42+00:00
CVE-2026-73025,updated,2026-09-18,cve_2026_to_now,2026-09-19T11:45:42+00:00
CVE-2026-73026,updated,2026-09-18,cve_2026_to_now,2026-09-19T11:45:42+00:00
CVE-2026-73028,updated,2026-09-18,cve_2026_to_now,2026-09-19T11:45:42+00:00
CVE-2026-73029,updated,2026-09-18,cve_2026_to_now,2026-09-19T11:45:42+00:00
CVE-2026-73863,added,,cve_2026_to_now,2026-09-19T11:45:42+00:00
CVE-2026-74002,updated,2026-09-19,cve_2026_to_now,2026-09-19T11:45:42+00:00
CVE-2026-74909,updated,2026-09-18,cve_2026_to_now,2026-09-19T11:45:42+00:00
CVE-2026-75016,updated,,cve_2026_to_now,2026-09-19T11:45:42+00:00
CVE-2026-75017,updated,,cve_2026_to_now,2026-09-19T11:45:42+00:00
CVE-2026-75031,added,,cve_2026_to_now,2026-09-19T11:45:42+00:00
CVE-2026-75513,updated,2026-09-19,cve_2026_to_now,2026-09-19T11:45:42+00:00
CVE-2026-75516,updated,2026-09-18,cve_2026_to_now,2026-09-19T11:45:42+00:00
CVE-2026-75584,updated,2026-09-18,cve_2026_to_now,2026-09-19T11:45:42+00:00
CVE-2026-75878,added,,cve_2026_to_now,2026-09-19T11:45:42+00:00
CVE-2026-75880,updated,2026-09-18,cve_2026_to_now,2026-09-19T11:45:42+00:00
CVE-2026-75883,added,,cve_2026_to_now,2026-09-19T11:45:42+00:00
CVE-2026-75885,added,,cve_2026_to_now,2026-09-19T11:45:42+00:00
CVE-2026-75892,added,,cve_2026_to_now,2026-09-19T11:45:42+00:00
CVE-2026-75893,added,,cve_2026_to_now,2026-09-19T11:45:42+00:00
CVE-2026-75894,added,,cve_2026_to_now,2026-09-19T11:45:42+00:00
CVE-2026-75895,added,,cve_2026_to_now,2026-09-19T11:45:42+00:00
CVE-2026-75959,added,,cve_2026_to_now,2026-09-19T11:45:42+00:00
CVE-2026-76154,updated,2026-09-18,cve_2026_to_now,2026-09-19T11:45:42+00:00
CVE-2026-76409,updated,2026-09-18,cve_2026_to_now,2026-09-19T11:45:42+00:00
CVE-2026-76427,updated,2026-09-18,cve_2026_to_now,2026-09-19T11:45:42+00:00
CVE-2026-76428,updated,2026-09-18,cve_2026_to_now,2026-09-19T11:45:42+00:00
CVE-2026-76439,updated,2026-09-18,cve_2026_to_now,2026-09-19T11:45:42+00:00
CVE-2026-76450,updated,2026-09-18,cve_2026_to_now,2026-09-19T11:45:42+00:00
CVE-2026-76461,updated,2026-09-18,cve_2026_to_now,2026-09-19T11:45:42+00:00
CVE-2026-76554,added,,cve_2026_to_now,2026-09-19T11:45:42+00:00
CVE-2026-76579,added,,cve_2026_to_now,2026-09-19T11:45:42+00:00
CVE-2026-76790,added,,cve_2026_to_now,2026-09-19T11:45:42+00:00
CVE-2026-76834,updated,2026-09-18,cve_2026_to_now,2026-09-19T11:45:42+00:00
CVE-2026-76899,added,,cve_2026_to_now,2026-09-19T11:45:42+00:00
CVE-2026-76900,added,,cve_2026_to_now,2026-09-19T11:45:42+00:00
CVE-2026-76901,added,,cve_2026_to_now,2026-09-19T11:45:42+00:00
CVE-2026-76902,added,,cve_2026_to_now,2026-09-19T11:45:42+00:00
CVE-2026-76949,updated,2026-09-18,cve_2026_to_now,2026-09-19T11:45:42+00:00
CVE-2026-77164,updated,,cve_2026_to_now,2026-09-19T11:45:42+00:00
CVE-2026-77169,updated,,cve_2026_to_now,2026-09-19T11:45:42+00:00
CVE-2026-77170,updated,,cve_2026_to_now,2026-09-19T11:45:42+00:00
CVE-2026-77239,added,,cve_2026_to_now,2026-09-19T11:45:42+00:00
CVE-2026-77240,added,,cve_2026_to_now,2026-09-19T11:45:42+00:00
CVE-2026-77281,updated,2026-09-18,cve_2026_to_now,2026-09-19T11:45:42+00:00
CVE-2026-77301,added,,cve_2026_to_now,2026-09-19T11:45:42+00:00
CVE-2026-77339,added,,cve_2026_to_now,2026-09-19T11:45:42+00:00
CVE-2026-77385,added,,cve_2026_to_now,2026-09-19T11:45:42+00:00
CVE-2026-77386,added,,cve_2026_to_now,2026-09-19T11:45:42+00:00
CVE-2026-77396,added,,cve_2026_to_now,2026-09-19T11:45:42+00:00
CVE-2026-77405,updated,2026-09-18,cve_2026_to_now,2026-09-19T11:45:42+00:00
CVE-2026-77409,updated,2026-09-18,cve_2026_to_now,2026-09-19T11:45:42+00:00
CVE-2026-77480,updated,2026-09-18,cve_2026_to_now,2026-09-19T11:45:42+00:00
CVE-2026-77481,updated,2026-09-18,cve_2026_to_now,2026-09-19T11:45:42+00:00
CVE-2026-77482,updated,2026-09-18,cve_2026_to_now,2026-09-19T11:45:42+00:00
CVE-2026-77483,updated,2026-09-18,cve_2026_to_now,2026-09-19T11:45:42+00:00
CVE-2026-77484,updated,2026-09-18,cve_2026_to_now,2026-09-19T11:45:42+00:00
CVE-2026-77485,updated,2026-09-18,cve_2026_to_now,2026-09-19T11:45:42+00:00
CVE-2026-77486,updated,2026-09-18,cve_2026_to_now,2026-09-19T11:45:42+00:00
CVE-2026-77487,updated,2026-09-18,cve_2026_to_now,2026-09-19T11:45:42+00:00
CVE-2026-77488,updated,2026-09-18,cve_2026_to_now,2026-09-19T11:45:42+00:00
CVE-2026-77489,updated,2026-09-18,cve_2026_to_now,2026-09-19T11:45:42+00:00
CVE-2026-77490,updated,2026-09-18,cve_2026_to_now,2026-09-19T11:45:42+00:00
CVE-2026-77491,updated,2026-09-18,cve_2026_to_now,2026-09-19T11:45:42+00:00
CVE-2026-77492,updated,2026-09-18,cve_2026_to_now,2026-09-19T11:45:42+00:00
CVE-2026-77493,updated,2026-09-18,cve_2026_to_now,2026-09-19T11:45:42+00:00
CVE-2026-77494,updated,2026-09-18,cve_2026_to_now,2026-09-19T11:45:42+00:00
CVE-2026-77495,updated,2026-09-18,cve_2026_to_now,2026-09-19T11:45:42+00:00
CVE-2026-77498,updated,2026-09-18,cve_2026_to_now,2026-09-19T11:45:42+00:00
CVE-2026-77499,updated,2026-09-18,cve_2026_to_now,2026-09-19T11:45:42+00:00
CVE-2026-77500,updated,2026-09-18,cve_2026_to_now,2026-09-19T11:45:42+00:00
CVE-2026-77501,updated,2026-09-18,cve_2026_to_now,2026-09-19T11:45:42+00:00
CVE-2026-77502,updated,2026-09-18,cve_2026_to_now,2026-09-19T11:45:42+00:00
CVE-2026-77503,updated,2026-09-18,cve_2026_to_now,2026-09-19T11:45:42+00:00
CVE-2026-77504,updated,2026-09-18,cve_2026_to_now,2026-09-19T11:45:42+00:00
CVE-2026-77505,updated,2026-09-18,cve_2026_to_now,2026-09-19T11:45:42+00:00
CVE-2026-77528,added,,cve_2026_to_now,2026-09-19T11:45:42+00:00
CVE-2026-77568,added,,cve_2026_to_now,2026-09-19T11:45:42+00:00
CVE-2026-77606,added,,cve_2026_to_now,2026-09-19T11:45:42+00:00
CVE-2026-77607,added,,cve_2026_to_now,2026-09-19T11:45:42+00:00
CVE-2026-77608,added,,cve_2026_to_now,2026-09-19T11:45:42+00:00
CVE-2026-77609,added,,cve_2026_to_now,2026-09-19T11:45:42+00:00
CVE-2026-77610,added,,cve_2026_to_now,2026-09-19T11:45:42+00:00
CVE-2026-77615,updated,2026-09-18,cve_2026_to_now,2026-09-19T11:45:42+00:00
CVE-2026-77616,added,,cve_2026_to_now,2026-09-19T11:45:42+00:00
CVE-2026-77820,added,,cve_2026_to_now,2026-09-19T11:45:42+00:00
CVE-2026-77875,added,,cve_2026_to_now,2026-09-19T11:45:42+00:00
CVE-2026-77886,updated,2026-09-18,cve_2026_to_now,2026-09-19T11:45:42+00:00
CVE-2026-77887,updated,2026-09-18,cve_2026_to_now,2026-09-19T11:45:42+00:00
CVE-2026-77888,updated,2026-09-18,cve_2026_to_now,2026-09-19T11:45:42+00:00
CVE-2026-77889,updated,2026-09-18,cve_2026_to_now,2026-09-19T11:45:42+00:00
CVE-2026-77890,updated,2026-09-18,cve_2026_to_now,2026-09-19T11:45:42+00:00
CVE-2026-77891,updated,2026-09-18,cve_2026_to_now,2026-09-19T11:45:42+00:00
CVE-2026-77892,updated,2026-09-18,cve_2026_to_now,2026-09-19T11:45:42+00:00
CVE-2026-77893,updated,2026-09-18,cve_2026_to_now,2026-09-19T11:45:42+00:00
CVE-2026-77894,updated,2026-09-18,cve_2026_to_now,2026-09-19T11:45:42+00:00
CVE-2026-77895,updated,2026-09-18,cve_2026_to_now,2026-09-19T11:45:42+00:00
CVE-2026-77896,updated,2026-09-18,cve_2026_to_now,2026-09-19T11:45:42+00:00
CVE-2026-77897,updated,2026-09-18,cve_2026_to_now,2026-09-19T11:45:42+00:00
CVE-2026-77898,updated,2026-09-18,cve_2026_to_now,2026-09-19T11:45:42+00:00
CVE-2026-77899,updated,2026-09-18,cve_2026_to_now,2026-09-19T11:45:42+00:00
CVE-2026-77901,updated,2026-09-18,cve_2026_to_now,2026-09-19T11:45:42+00:00
CVE-2026-77903,updated,2026-09-19,cve_2026_to_now,2026-09-19T11:45:42+00:00
CVE-2026-77904,updated,2026-09-18,cve_2026_to_now,2026-09-19T11:45:42+00:00
CVE-2026-77905,updated,2026-09-18,cve_2026_to_now,2026-09-19T11:45:42+00:00
CVE-2026-77906,updated,2026-09-18,cve_2026_to_now,2026-09-19T11:45:42+00:00
CVE-2026-77907,updated,2026-09-18,cve_2026_to_now,2026-09-19T11:45:42+00:00
CVE-2026-77908,updated,2026-09-18,cve_2026_to_now,2026-09-19T11:45:42+00:00
CVE-2026-77909,updated,2026-09-18,cve_2026_to_now,2026-09-19T11:45:42+00:00
CVE-2026-77911,updated,2026-09-18,cve_2026_to_now,2026-09-19T11:45:42+00:00
CVE-2026-77927,added,,cve_2026_to_now,2026-09-19T11:45:42+00:00
CVE-2026-77928,added,,cve_2026_to_now,2026-09-19T11:45:42+00:00
CVE-2026-77929,added,,cve_2026_to_now,2026-09-19T11:45:42+00:00
CVE-2026-77960,added,,cve_2026_to_now,2026-09-19T11:45:42+00:00
CVE-2026-78030,added,,cve_2026_to_now,2026-09-19T11:45:42+00:00
CVE-2026-78439,updated,2026-09-18,cve_2026_to_now,2026-09-19T11:45:42+00:00
CVE-2026-78441,updated,2026-09-18,cve_2026_to_now,2026-09-19T11:45:42+00:00
CVE-2026-78442,updated,2026-09-18,cve_2026_to_now,2026-09-19T11:45:42+00:00
CVE-2026-78444,updated,2026-09-18,cve_2026_to_now,2026-09-19T11:45:42+00:00
CVE-2026-78445,updated,2026-09-18,cve_2026_to_now,2026-09-19T11:45:42+00:00
CVE-2026-78446,updated,2026-09-18,cve_2026_to_now,2026-09-19T11:45:42+00:00
CVE-2026-78447,updated,2026-09-18,cve_2026_to_now,2026-09-19T11:45:42+00:00
CVE-2026-78448,updated,2026-09-18,cve_2026_to_now,2026-09-19T11:45:42+00:00
CVE-2026-78449,updated,2026-09-18,cve_2026_to_now,2026-09-19T11:45:42+00:00
CVE-2026-78450,updated,2026-09-18,cve_2026_to_now,2026-09-19T11:45:42+00:00
CVE-2026-78451,updated,2026-09-18,cve_2026_to_now,2026-09-19T11:45:42+00:00
CVE-2026-78452,updated,2026-09-18,cve_2026_to_now,2026-09-19T11:45:42+00:00
CVE-2026-78453,updated,2026-09-18,cve_2026_to_now,2026-09-19T11:45:42+00:00
CVE-2026-78454,updated,2026-09-18,cve_2026_to_now,2026-09-19T11:45:42+00:00
CVE-2026-78455,updated,2026-09-18,cve_2026_to_now,2026-09-19T11:45:42+00:00
CVE-2026-78456,updated,2026-09-18,cve_2026_to_now,2026-09-19T11:45:42+00:00
CVE-2026-78457,updated,2026-09-18,cve_2026_to_now,2026-09-19T11:45:42+00:00
CVE-2026-78461,updated,2026-09-18,cve_2026_to_now,2026-09-19T11:45:42+00:00
CVE-2026-78462,updated,2026-09-18,cve_2026_to_now,2026-09-19T11:45:42+00:00
CVE-2026-78463,updated,2026-09-18,cve_2026_to_now,2026-09-19T11:45:42+00:00
CVE-2026-78464,updated,2026-09-18,cve_2026_to_now,2026-09-19T11:45:42+00:00
CVE-2026-78501,updated,2026-09-18,cve_2026_to_now,2026-09-19T11:45:42+00:00
CVE-2026-78502,updated,2026-09-18,cve_2026_to_now,2026-09-19T11:45:42+00:00
CVE-2026-78503,updated,2026-09-18,cve_2026_to_now,2026-09-19T11:45:42+00:00
CVE-2026-78504,updated,2026-09-18,cve_2026_to_now,2026-09-19T11:45:42+00:00
CVE-2026-78505,updated,2026-09-18,cve_2026_to_now,2026-09-19T11:45:42+00:00
CVE-2026-78506,updated,2026-09-18,cve_2026_to_now,2026-09-19T11:45:42+00:00
CVE-2026-78507,updated,2026-09-18,cve_2026_to_now,2026-09-19T11:45:42+00:00
CVE-2026-78508,updated,2026-09-18,cve_2026_to_now,2026-09-19T11:45:42+00:00
CVE-2026-78509,updated,2026-09-18,cve_2026_to_now,2026-09-19T11:45:42+00:00
CVE-2026-78510,updated,2026-09-18,cve_2026_to_now,2026-09-19T11:45:42+00:00
CVE-2026-78511,updated,2026-09-18,cve_2026_to_now,2026-09-19T11:45:42+00:00
CVE-2026-78512,updated,2026-09-18,cve_2026_to_now,2026-09-19T11:45:42+00:00
CVE-2026-78513,updated,2026-09-18,cve_2026_to_now,2026-09-19T11:45:42+00:00
CVE-2026-78514,updated,2026-09-18,cve_2026_to_now,2026-09-19T11:45:42+00:00
CVE-2026-78515,updated,2026-09-18,cve_2026_to_now,2026-09-19T11:45:42+00:00
CVE-2026-78516,updated,2026-09-18,cve_2026_to_now,2026-09-19T11:45:42+00:00
CVE-2026-78517,updated,2026-09-18,cve_2026_to_now,2026-09-19T11:45:42+00:00
CVE-2026-78518,updated,2026-09-18,cve_2026_to_now,2026-09-19T11:45:42+00:00
CVE-2026-78519,updated,2026-09-18,cve_2026_to_now,2026-09-19T11:45:42+00:00
CVE-2026-78520,updated,2026-09-18,cve_2026_to_now,2026-09-19T11:45:42+00:00
CVE-2026-78521,updated,2026-09-18,cve_2026_to_now,2026-09-19T11:45:42+00:00
CVE-2026-78522,updated,2026-09-18,cve_2026_to_now,2026-09-19T11:45:42+00:00
CVE-2026-78523,updated,2026-09-18,cve_2026_to_now,2026-09-19T11:45:42+00:00
CVE-2026-78524,updated,2026-09-18,cve_2026_to_now,2026-09-19T11:45:42+00:00
CVE-2026-78525,updated,2026-09-18,cve_2026_to_now,2026-09-19T11:45:42+00:00
CVE-2026-78526,updated,2026-09-18,cve_2026_to_now,2026-09-19T11:45:42+00:00
CVE-2026-78528,updated,2026-09-19,cve_2026_to_now,2026-09-19T11:45:42+00:00
CVE-2026-79294,added,,cve_2026_to_now,2026-09-19T11:45:42+00:00
CVE-2026-79954,updated,,cve_2026_to_now,2026-09-19T11:45:42+00:00
CVE-2026-80073,updated,2026-09-18,cve_2026_to_now,2026-09-19T11:45:42+00:00
CVE-2026-80074,updated,2026-09-18,cve_2026_to_now,2026-09-19T11:45:42+00:00
CVE-2026-80075,updated,2026-09-18,cve_2026_to_now,2026-09-19T11:45:42+00:00
CVE-2026-80076,updated,2026-09-18,cve_2026_to_now,2026-09-19T11:45:42+00:00
CVE-2026-80077,updated,2026-09-18,cve_2026_to_now,2026-09-19T11:45:42+00:00
CVE-2026-80078,updated,2026-09-18,cve_2026_to_now,2026-09-19T11:45:42+00:00
CVE-2026-80079,updated,2026-09-18,cve_2026_to_now,2026-09-19T11:45:42+00:00
CVE-2026-80080,updated,2026-09-18,cve_2026_to_now,2026-09-19T11:45:42+00:00
CVE-2026-80081,updated,2026-09-18,cve_2026_to_now,2026-09-19T11:45:42+00:00
CVE-2026-80082,updated,2026-09-18,cve_2026_to_now,2026-09-19T11:45:42+00:00
CVE-2026-80083,updated,2026-09-18,cve_2026_to_now,2026-09-19T11:45:42+00:00
CVE-2026-80084,updated,2026-09-18,cve_2026_to_now,2026-09-19T11:45:42+00:00
CVE-2026-80085,updated,2026-09-18,cve_2026_to_now,2026-09-19T11:45:42+00:00
CVE-2026-80086,updated,2026-09-18,cve_2026_to_now,2026-09-19T11:45:42+00:00
CVE-2026-80087,updated,2026-09-18,cve_2026_to_now,2026-09-19T11:45:42+00:00
CVE-2026-80088,updated,2026-09-18,cve_2026_to_now,2026-09-19T11:45:42+00:00
CVE-2026-80089,updated,2026-09-18,cve_2026_to_now,2026-09-19T11:45:42+00:00
CVE-2026-80090,updated,2026-09-18,cve_2026_to_now,2026-09-19T11:45:42+00:00
CVE-2026-80091,updated,2026-09-18,cve_2026_to_now,2026-09-19T11:45:42+00:00
CVE-2026-80093,updated,2026-09-18,cve_2026_to_now,2026-09-19T11:45:42+00:00
CVE-2026-80096,updated,2026-09-18,cve_2026_to_now,2026-09-19T11:45:42+00:00
CVE-2026-80097,updated,2026-09-18,cve_2026_to_now,2026-09-19T11:45:42+00:00
CVE-2026-80098,updated,2026-09-18,cve_2026_to_now,2026-09-19T11:45:42+00:00
CVE-2026-80355,updated,2026-09-18,cve_2026_to_now,2026-09-19T11:45:42+00:00
CVE-2026-80441,added,,cve_2026_to_now,2026-09-19T11:45:42+00:00
CVE-2026-80442,added,,cve_2026_to_now,2026-09-19T11:45:42+00:00
CVE-2026-80462,updated,2026-09-18,cve_2026_to_now,2026-09-19T11:45:42+00:00
CVE-2026-81178,added,,cve_2026_to_now,2026-09-19T11:45:42+00:00
CVE-2026-81179,added,,cve_2026_to_now,2026-09-19T11:45:42+00:00
CVE-2026-81180,added,,cve_2026_to_now,2026-09-19T11:45:42+00:00
CVE-2026-81181,added,,cve_2026_to_now,2026-09-19T11:45:42+00:00
CVE-2026-81182,added,,cve_2026_to_now,2026-09-19T11:45:42+00:00
CVE-2026-81305,added,,cve_2026_to_now,2026-09-19T11:45:42+00:00
CVE-2026-81321,added,,cve_2026_to_now,2026-09-19T11:45:42+00:00
CVE-2026-81349,updated,2026-09-18,cve_2026_to_now,2026-09-19T11:45:42+00:00
CVE-2026-81352,updated,2026-09-18,cve_2026_to_now,2026-09-19T11:45:42+00:00
CVE-2026-81353,updated,2026-09-18,cve_2026_to_now,2026-09-19T11:45:42+00:00
CVE-2026-81354,updated,2026-09-18,cve_2026_to_now,2026-09-19T11:45:42+00:00
CVE-2026-81355,updated,2026-09-18,cve_2026_to_now,2026-09-19T11:45:42+00:00
CVE-2026-81356,updated,2026-09-18,cve_2026_to_now,2026-09-19T11:45:42+00:00
CVE-2026-81357,updated,2026-09-18,cve_2026_to_now,2026-09-19T11:45:42+00:00
CVE-2026-81376,updated,2026-09-18,cve_2026_to_now,2026-09-19T11:45:42+00:00
CVE-2026-81377,updated,2026-09-18,cve_2026_to_now,2026-09-19T11:45:42+00:00
CVE-2026-81378,updated,2026-09-18,cve_2026_to_now,2026-09-19T11:45:42+00:00
CVE-2026-81379,updated,2026-09-18,cve_2026_to_now,2026-09-19T11:45:42+00:00
CVE-2026-81380,updated,2026-09-18,cve_2026_to_now,2026-09-19T11:45:42+00:00
CVE-2026-81381,updated,2026-09-18,cve_2026_to_now,2026-09-19T11:45:42+00:00
CVE-2026-81383,updated,2026-09-18,cve_2026_to_now,2026-09-19T11:45:42+00:00
CVE-2026-81385,updated,2026-09-18,cve_2026_to_now,2026-09-19T11:45:42+00:00
CVE-2026-81386,updated,2026-09-18,cve_2026_to_now,2026-09-19T11:45:42+00:00
CVE-2026-81387,updated,2026-09-18,cve_2026_to_now,2026-09-19T11:45:42+00:00
CVE-2026-81388,updated,2026-09-18,cve_2026_to_now,2026-09-19T11:45:42+00:00
CVE-2026-81389,updated,2026-09-18,cve_2026_to_now,2026-09-19T11:45:42+00:00
CVE-2026-81390,updated,2026-09-18,cve_2026_to_now,2026-09-19T11:45:42+00:00
CVE-2026-81391,updated,2026-09-18,cve_2026_to_now,2026-09-19T11:45:42+00:00
CVE-2026-81392,updated,2026-09-18,cve_2026_to_now,2026-09-19T11:45:42+00:00
CVE-2026-81393,updated,2026-09-18,cve_2026_to_now,2026-09-19T11:45:42+00:00
CVE-2026-81394,updated,2026-09-18,cve_2026_to_now,2026-09-19T11:45:42+00:00
CVE-2026-81395,updated,2026-09-18,cve_2026_to_now,2026-09-19T11:45:42+00:00
CVE-2026-81396,updated,2026-09-18,cve_2026_to_now,2026-09-19T11:45:42+00:00
CVE-2026-81397,updated,2026-09-18,cve_2026_to_now,2026-09-19T11:45:42+00:00
CVE-2026-81398,updated,2026-09-18,cve_2026_to_now,2026-09-19T11:45:42+00:00
CVE-2026-81399,updated,2026-09-18,cve_2026_to_now,2026-09-19T11:45:42+00:00
CVE-2026-81400,updated,2026-09-18,cve_2026_to_now,2026-09-19T11:45:42+00:00
CVE-2026-81401,updated,2026-09-18,cve_2026_to_now,2026-09-19T11:45:42+00:00
CVE-2026-81505,added,,cve_2026_to_now,2026-09-19T11:45:42+00:00
CVE-2026-81623,added,,cve_2026_to_now,2026-09-19T11:45:42+00:00
CVE-2026-81626,added,,cve_2026_to_now,2026-09-19T11:45:42+00:00
CVE-2026-81627,updated,,cve_2026_to_now,2026-09-19T11:45:42+00:00
CVE-2026-81656,added,,cve_2026_to_now,2026-09-19T11:45:42+00:00
CVE-2026-81657,added,,cve_2026_to_now,2026-09-19T11:45:42+00:00
CVE-2026-81669,added,,cve_2026_to_now,2026-09-19T11:45:42+00:00
CVE-2026-81933,added,,cve_2026_to_now,2026-09-19T11:45:42+00:00
CVE-2026-81937,added,,cve_2026_to_now,2026-09-19T11:45:42+00:00
CVE-2026-81942,added,,cve_2026_to_now,2026-09-19T11:45:42+00:00
CVE-2026-81943,added,,cve_2026_to_now,2026-09-19T11:45:42+00:00
CVE-2026-81944,added,,cve_2026_to_now,2026-09-19T11:45:42+00:00
CVE-2026-81945,added,,cve_2026_to_now,2026-09-19T11:45:42+00:00
CVE-2026-81946,added,,cve_2026_to_now,2026-09-19T11:45:42+00:00
CVE-2026-81947,updated,2026-09-18,cve_2026_to_now,2026-09-19T11:45:42+00:00
CVE-2026-81948,updated,2026-09-18,cve_2026_to_now,2026-09-19T11:45:42+00:00
CVE-2026-81949,updated,2026-09-18,cve_2026_to_now,2026-09-19T11:45:42+00:00
CVE-2026-81950,updated,2026-09-18,cve_2026_to_now,2026-09-19T11:45:42+00:00
CVE-2026-81951,updated,2026-09-18,cve_2026_to_now,2026-09-19T11:45:42+00:00
CVE-2026-81952,updated,2026-09-18,cve_2026_to_now,2026-09-19T11:45:42+00:00
CVE-2026-81953,updated,2026-09-18,cve_2026_to_now,2026-09-19T11:45:42+00:00
CVE-2026-81954,updated,2026-09-18,cve_2026_to_now,2026-09-19T11:45:42+00:00
CVE-2026-81955,updated,2026-09-18,cve_2026_to_now,2026-09-19T11:45:42+00:00
CVE-2026-81956,updated,2026-09-18,cve_2026_to_now,2026-09-19T11:45:42+00:00
CVE-2026-81957,updated,2026-09-18,cve_2026_to_now,2026-09-19T11:45:42+00:00
CVE-2026-81958,updated,2026-09-18,cve_2026_to_now,2026-09-19T11:45:42+00:00
CVE-2026-81959,updated,2026-09-18,cve_2026_to_now,2026-09-19T11:45:42+00:00
CVE-2026-81960,updated,2026-09-18,cve_2026_to_now,2026-09-19T11:45:42+00:00
CVE-2026-81963,updated,2026-09-18,cve_2026_to_now,2026-09-19T11:45:42+00:00
CVE-2026-82340,added,,cve_2026_to_now,2026-09-19T11:45:42+00:00
CVE-2026-82399,updated,2026-09-18,cve_2026_to_now,2026-09-19T11:45:42+00:00
CVE-2026-82832,added,,cve_2026_to_now,2026-09-19T11:45:42+00:00
CVE-2026-82885,added,,cve_2026_to_now,2026-09-19T11:45:42+00:00
CVE-2026-82887,added,,cve_2026_to_now,2026-09-19T11:45:42+00:00
CVE-2026-82890,added,,cve_2026_to_now,2026-09-19T11:45:42+00:00
CVE-2026-82892,added,,cve_2026_to_now,2026-09-19T11:45:42+00:00
CVE-2026-82893,added,,cve_2026_to_now,2026-09-19T11:45:42+00:00
CVE-2026-82896,added,,cve_2026_to_now,2026-09-19T11:45:42+00:00
CVE-2026-82967,added,,cve_2026_to_now,2026-09-19T11:45:42+00:00
CVE-2026-82980,updated,,cve_2026_to_now,2026-09-19T11:45:42+00:00
CVE-2026-82982,updated,,cve_2026_to_now,2026-09-19T11:45:42+00:00
CVE-2026-82985,updated,,cve_2026_to_now,2026-09-19T11:45:42+00:00
CVE-2026-83143,updated,2026-09-18,cve_2026_to_now,2026-09-19T11:45:42+00:00
CVE-2026-83144,updated,2026-09-18,cve_2026_to_now,2026-09-19T11:45:42+00:00
CVE-2026-83145,updated,2026-09-18,cve_2026_to_now,2026-09-19T11:45:42+00:00
CVE-2026-83146,updated,2026-09-18,cve_2026_to_now,2026-09-19T11:45:42+00:00
CVE-2026-83152,updated,2026-09-18,cve_2026_to_now,2026-09-19T11:45:42+00:00
CVE-2026-83174,updated,2026-09-18,cve_2026_to_now,2026-09-19T11:45:42+00:00
CVE-2026-83177,updated,2026-09-18,cve_2026_to_now,2026-09-19T11:45:42+00:00
CVE-2026-83218,updated,2026-09-18,cve_2026_to_now,2026-09-19T11:45:42+00:00
CVE-2026-83219,updated,2026-09-18,cve_2026_to_now,2026-09-19T11:45:42+00:00
CVE-2026-83220,updated,2026-09-18,cve_2026_to_now,2026-09-19T11:45:42+00:00
CVE-2026-83264,updated,2026-09-18,cve_2026_to_now,2026-09-19T11:45:42+00:00
CVE-2026-83278,updated,2026-09-18,cve_2026_to_now,2026-09-19T11:45:42+00:00
CVE-2026-83285,updated,2026-09-18,cve_2026_to_now,2026-09-19T11:45:42+00:00
CVE-2026-83297,updated,2026-09-18,cve_2026_to_now,2026-09-19T11:45:42+00:00
CVE-2026-83304,updated,2026-09-18,cve_2026_to_now,2026-09-19T11:45:42+00:00
CVE-2026-83307,updated,2026-09-18,cve_2026_to_now,2026-09-19T11:45:42+00:00
CVE-2026-83310,updated,2026-09-18,cve_2026_to_now,2026-09-19T11:45:42+00:00
CVE-2026-83312,updated,2026-09-18,cve_2026_to_now,2026-09-19T11:45:42+00:00
CVE-2026-83313,updated,2026-09-18,cve_2026_to_now,2026-09-19T11:45:42+00:00
CVE-2026-83314,updated,2026-09-18,cve_2026_to_now,2026-09-19T11:45:42+00:00
CVE-2026-83315,updated,2026-09-19,cve_2026_to_now,2026-09-19T11:45:42+00:00
CVE-2026-83318,updated,2026-09-19,cve_2026_to_now,2026-09-19T11:45:42+00:00
CVE-2026-83319,updated,2026-09-18,cve_2026_to_now,2026-09-19T11:45:42+00:00
CVE-2026-83320,updated,2026-09-18,cve_2026_to_now,2026-09-19T11:45:42+00:00
CVE-2026-83347,updated,2026-09-18,cve_2026_to_now,2026-09-19T11:45:42+00:00
CVE-2026-83369,updated,2026-09-18,cve_2026_to_now,2026-09-19T11:45:42+00:00
CVE-2026-83412,updated,2026-09-18,cve_2026_to_now,2026-09-19T11:45:42+00:00
CVE-2026-83416,updated,2026-09-18,cve_2026_to_now,2026-09-19T11:45:42+00:00
CVE-2026-83418,updated,2026-09-18,cve_2026_to_now,2026-09-19T11:45:42+00:00
CVE-2026-83422,updated,2026-09-18,cve_2026_to_now,2026-09-19T11:45:42+00:00
CVE-2026-83428,updated,2026-09-18,cve_2026_to_now,2026-09-19T11:45:42+00:00
CVE-2026-83429,updated,2026-09-18,cve_2026_to_now,2026-09-19T11:45:42+00:00
CVE-2026-83430,updated,2026-09-18,cve_2026_to_now,2026-09-19T11:45:42+00:00
CVE-2026-83432,updated,2026-09-18,cve_2026_to_now,2026-09-19T11:45:42+00:00
CVE-2026-83433,updated,2026-09-18,cve_2026_to_now,2026-09-19T11:45:42+00:00
CVE-2026-83434,updated,2026-09-18,cve_2026_to_now,2026-09-19T11:45:42+00:00
CVE-2026-83435,updated,2026-09-18,cve_2026_to_now,2026-09-19T11:45:42+00:00
CVE-2026-83438,updated,2026-09-18,cve_2026_to_now,2026-09-19T11:45:42+00:00
CVE-2026-83439,updated,2026-09-18,cve_2026_to_now,2026-09-19T11:45:42+00:00
CVE-2026-83441,updated,2026-09-18,cve_2026_to_now,2026-09-19T11:45:42+00:00
CVE-2026-83446,updated,2026-09-18,cve_2026_to_now,2026-09-19T11:45:42+00:00
CVE-2026-83447,updated,2026-09-18,cve_2026_to_now,2026-09-19T11:45:42+00:00
CVE-2026-83448,updated,2026-09-18,cve_2026_to_now,2026-09-19T11:45:42+00:00
CVE-2026-83455,updated,2026-09-18,cve_2026_to_now,2026-09-19T11:45:42+00:00
CVE-2026-83458,updated,2026-09-18,cve_2026_to_now,2026-09-19T11:45:42+00:00
CVE-2026-83477,updated,2026-09-18,cve_2026_to_now,2026-09-19T11:45:42+00:00
CVE-2026-83480,updated,2026-09-18,cve_2026_to_now,2026-09-19T11:45:42+00:00
CVE-2026-83491,updated,2026-09-18,cve_2026_to_now,2026-09-19T11:45:42+00:00
CVE-2026-83498,updated,2026-09-18,cve_2026_to_now,2026-09-19T11:45:42+00:00
CVE-2026-83501,updated,2026-09-18,cve_2026_to_now,2026-09-19T11:45:42+00:00
CVE-2026-83711,updated,2026-09-18,cve_2026_to_now,2026-09-19T11:45:42+00:00
CVE-2026-83939,updated,2026-09-18,cve_2026_to_now,2026-09-19T11:45:42+00:00
CVE-2026-83940,updated,2026-09-18,cve_2026_to_now,2026-09-19T11:45:42+00:00
CVE-2026-83941,updated,2026-09-18,cve_2026_to_now,2026-09-19T11:45:42+00:00
CVE-2026-83942,updated,2026-09-18,cve_2026_to_now,2026-09-19T11:45:42+00:00
CVE-2026-83944,updated,2026-09-19,cve_2026_to_now,2026-09-19T11:45:42+00:00
CVE-2026-83946,updated,2026-09-18,cve_2026_to_now,2026-09-19T11:45:42+00:00
CVE-2026-83948,updated,2026-09-18,cve_2026_to_now,2026-09-19T11:45:42+00:00
CVE-2026-83949,updated,2026-09-18,cve_2026_to_now,2026-09-19T11:45:42+00:00
CVE-2026-83951,updated,2026-09-18,cve_2026_to_now,2026-09-19T11:45:42+00:00
CVE-2026-83952,updated,2026-09-18,cve_2026_to_now,2026-09-19T11:45:42+00:00
CVE-2026-83954,updated,2026-09-18,cve_2026_to_now,2026-09-19T11:45:42+00:00
CVE-2026-83955,updated,2026-09-18,cve_2026_to_now,2026-09-19T11:45:42+00:00
CVE-2026-83967,updated,2026-09-18,cve_2026_to_now,2026-09-19T11:45:42+00:00
CVE-2026-83968,updated,2026-09-18,cve_2026_to_now,2026-09-19T11:45:42+00:00
CVE-2026-83969,updated,2026-09-18,cve_2026_to_now,2026-09-19T11:45:42+00:00
CVE-2026-83970,updated,2026-09-18,cve_2026_to_now,2026-09-19T11:45:42+00:00
CVE-2026-83971,updated,2026-09-18,cve_2026_to_now,2026-09-19T11:45:42+00:00
CVE-2026-83972,updated,2026-09-18,cve_2026_to_now,2026-09-19T11:45:42+00:00
CVE-2026-83973,updated,2026-09-18,cve_2026_to_now,2026-09-19T11:45:42+00:00
CVE-2026-83974,updated,2026-09-18,cve_2026_to_now,2026-09-19T11:45:42+00:00
CVE-2026-83975,updated,2026-09-18,cve_2026_to_now,2026-09-19T11:45:42+00:00
CVE-2026-83976,updated,2026-09-18,cve_2026_to_now,2026-09-19T11:45:42+00:00
CVE-2026-83977,updated,2026-09-18,cve_2026_to_now,2026-09-19T11:45:42+00:00
CVE-2026-83978,updated,2026-09-18,cve_2026_to_now,2026-09-19T11:45:42+00:00
CVE-2026-83979,updated,2026-09-18,cve_2026_to_now,2026-09-19T11:45:42+00:00
CVE-2026-83980,updated,2026-09-18,cve_2026_to_now,2026-09-19T11:45:42+00:00
CVE-2026-83981,updated,2026-09-18,cve_2026_to_now,2026-09-19T11:45:42+00:00
CVE-2026-83982,updated,2026-09-18,cve_2026_to_now,2026-09-19T11:45:42+00:00
CVE-2026-83983,updated,2026-09-18,cve_2026_to_now,2026-09-19T11:45:42+00:00
CVE-2026-83985,updated,2026-09-18,cve_2026_to_now,2026-09-19T11:45:42+00:00
CVE-2026-83986,updated,2026-09-18,cve_2026_to_now,2026-09-19T11:45:42+00:00
CVE-2026-83987,updated,2026-09-18,cve_2026_to_now,2026-09-19T11:45:42+00:00
CVE-2026-83988,updated,2026-09-18,cve_2026_to_now,2026-09-19T11:45:42+00:00
CVE-2026-83989,updated,2026-09-18,cve_2026_to_now,2026-09-19T11:45:42+00:00
CVE-2026-83990,updated,2026-09-18,cve_2026_to_now,2026-09-19T11:45:42+00:00
CVE-2026-83991,updated,2026-09-18,cve_2026_to_now,2026-09-19T11:45:42+00:00
CVE-2026-83992,updated,2026-09-18,cve_2026_to_now,2026-09-19T11:45:42+00:00
CVE-2026-83995,updated,2026-09-18,cve_2026_to_now,2026-09-19T11:45:42+00:00
CVE-2026-83996,updated,2026-09-18,cve_2026_to_now,2026-09-19T11:45:42+00:00
CVE-2026-83997,updated,2026-09-18,cve_2026_to_now,2026-09-19T11:45:42+00:00
CVE-2026-83998,updated,2026-09-18,cve_2026_to_now,2026-09-19T11:45:42+00:00
CVE-2026-83999,updated,2026-09-18,cve_2026_to_now,2026-09-19T11:45:42+00:00
CVE-2026-84000,updated,2026-09-18,cve_2026_to_now,2026-09-19T11:45:42+00:00
CVE-2026-84001,updated,2026-09-18,cve_2026_to_now,2026-09-19T11:45:42+00:00
CVE-2026-84003,updated,2026-09-18,cve_2026_to_now,2026-09-19T11:45:42+00:00
CVE-2026-84031,added,,cve_2026_to_now,2026-09-19T11:45:42+00:00
CVE-2026-84034,added,,cve_2026_to_now,2026-09-19T11:45:42+00:00
CVE-2026-84036,added,,cve_2026_to_now,2026-09-19T11:45:42+00:00
CVE-2026-84064,added,,cve_2026_to_now,2026-09-19T11:45:42+00:00
CVE-2026-84070,added,,cve_2026_to_now,2026-09-19T11:45:42+00:00
CVE-2026-84071,added,,cve_2026_to_now,2026-09-19T11:45:42+00:00
CVE-2026-84073,added,,cve_2026_to_now,2026-09-19T11:45:42+00:00
CVE-2026-84074,added,,cve_2026_to_now,2026-09-19T11:45:42+00:00
CVE-2026-84075,added,,cve_2026_to_now,2026-09-19T11:45:42+00:00
CVE-2026-84076,added,,cve_2026_to_now,2026-09-19T11:45:42+00:00
CVE-2026-84077,added,,cve_2026_to_now,2026-09-19T11:45:42+00:00
CVE-2026-84078,added,,cve_2026_to_now,2026-09-19T11:45:42+00:00
CVE-2026-84081,added,,cve_2026_to_now,2026-09-19T11:45:42+00:00
CVE-2026-84082,added,,cve_2026_to_now,2026-09-19T11:45:42+00:00
CVE-2026-84083,added,,cve_2026_to_now,2026-09-19T11:45:42+00:00
CVE-2026-84084,added,,cve_2026_to_now,2026-09-19T11:45:42+00:00
CVE-2026-84085,added,,cve_2026_to_now,2026-09-19T11:45:42+00:00
CVE-2026-84086,added,,cve_2026_to_now,2026-09-19T11:45:42+00:00
CVE-2026-84089,added,,cve_2026_to_now,2026-09-19T11:45:42+00:00
CVE-2026-84105,added,,cve_2026_to_now,2026-09-19T11:45:42+00:00
CVE-2026-84106,added,,cve_2026_to_now,2026-09-19T11:45:42+00:00
CVE-2026-84108,added,,cve_2026_to_now,2026-09-19T11:45:42+00:00
CVE-2026-84239,added,,cve_2026_to_now,2026-09-19T11:45:42+00:00
CVE-2026-84241,added,,cve_2026_to_now,2026-09-19T11:45:42+00:00
CVE-2026-84383,added,,cve_2026_to_now,2026-09-19T11:45:42+00:00
CVE-2026-84384,added,,cve_2026_to_now,2026-09-19T11:45:42+00:00
CVE-2026-84398,added,,cve_2026_to_now,2026-09-19T11:45:42+00:00
CVE-2026-84400,added,,cve_2026_to_now,2026-09-19T11:45:42+00:00
CVE-2026-84434,added,,cve_2026_to_now,2026-09-19T11:45:42+00:00
CVE-2026-84444,added,,cve_2026_to_now,2026-09-19T11:45:42+00:00
CVE-2026-84446,added,,cve_2026_to_now,2026-09-19T11:45:42+00:00
CVE-2026-84447,added,,cve_2026_to_now,2026-09-19T11:45:42+00:00
CVE-2026-84448,added,,cve_2026_to_now,2026-09-19T11:45:42+00:00
CVE-2026-84449,added,,cve_2026_to_now,2026-09-19T11:45:42+00:00
CVE-2026-84450,added,,cve_2026_to_now,2026-09-19T11:45:42+00:00
CVE-2026-84451,added,,cve_2026_to_now,2026-09-19T11:45:42+00:00
CVE-2026-84750,added,,cve_2026_to_now,2026-09-19T11:45:42+00:00
CVE-2026-84909,updated,,cve_2026_to_now,2026-09-19T11:45:42+00:00
CVE-2026-84975,added,,cve_2026_to_now,2026-09-19T11:45:42+00:00
CVE-2026-84992,added,,cve_2026_to_now,2026-09-19T11:45:42+00:00
CVE-2026-85058,added,,cve_2026_to_now,2026-09-19T11:45:42+00:00
CVE-2026-85271,added,,cve_2026_to_now,2026-09-19T11:45:42+00:00
CVE-2026-85272,added,,cve_2026_to_now,2026-09-19T11:45:42+00:00
CVE-2026-85360,updated,2026-09-18,cve_2026_to_now,2026-09-19T11:45:42+00:00
CVE-2026-85478,added,,cve_2026_to_now,2026-09-19T11:45:42+00:00
CVE-2026-85497,added,,cve_2026_to_now,2026-09-19T11:45:42+00:00
CVE-2026-85511,added,,cve_2026_to_now,2026-09-19T11:45:42+00:00
CVE-2026-85574,added,,cve_2026_to_now,2026-09-19T11:45:42+00:00
CVE-2026-85652,updated,,cve_2026_to_now,2026-09-19T11:45:42+00:00
CVE-2026-85658,added,,cve_2026_to_now,2026-09-19T11:45:42+00:00
CVE-2026-85680,added,,cve_2026_to_now,2026-09-19T11:45:42+00:00
CVE-2026-85705,updated,,cve_2026_to_now,2026-09-19T11:45:42+00:00
CVE-2026-85716,updated,2026-09-18,cve_2026_to_now,2026-09-19T11:45:42+00:00
CVE-2026-85719,updated,2026-09-18,cve_2026_to_now,2026-09-19T11:45:42+00:00
CVE-2026-85875,updated,2026-09-18,cve_2026_to_now,2026-09-19T11:45:42+00:00
CVE-2026-85877,updated,2026-09-18,cve_2026_to_now,2026-09-19T11:45:42+00:00
CVE-2026-85878,updated,2026-09-19,cve_2026_to_now,2026-09-19T11:45:42+00:00
CVE-2026-85880,updated,2026-09-18,cve_2026_to_now,2026-09-19T11:45:42+00:00
CVE-2026-85885,updated,2026-09-19,cve_2026_to_now,2026-09-19T11:45:42+00:00
CVE-2026-85887,updated,2026-09-18,cve_2026_to_now,2026-09-19T11:45:42+00:00
CVE-2026-85889,updated,2026-09-19,cve_2026_to_now,2026-09-19T11:45:42+00:00
CVE-2026-85892,updated,2026-09-18,cve_2026_to_now,2026-09-19T11:45:42+00:00
CVE-2026-85893,updated,2026-09-18,cve_2026_to_now,2026-09-19T11:45:42+00:00
CVE-2026-85917,updated,2026-09-19,cve_2026_to_now,2026-09-19T11:45:42+00:00
CVE-2026-85921,updated,2026-09-18,cve_2026_to_now,2026-09-19T11:45:42+00:00
CVE-2026-86049,updated,2026-09-18,cve_2026_to_now,2026-09-19T11:45:42+00:00
CVE-2026-86119,updated,2026-09-18,cve_2026_to_now,2026-09-19T11:45:42+00:00
CVE-2026-86124,updated,2026-09-18,cve_2026_to_now,2026-09-19T11:45:42+00:00
CVE-2026-86176,updated,2026-09-18,cve_2026_to_now,2026-09-19T11:45:42+00:00
CVE-2026-86184,updated,2026-09-18,cve_2026_to_now,2026-09-19T11:45:42+00:00
CVE-2026-86189,updated,2026-09-18,cve_2026_to_now,2026-09-19T11:45:42+00:00
CVE-2026-86194,updated,2026-09-18,cve_2026_to_now,2026-09-19T11:45:42+00:00
CVE-2026-86200,updated,2026-09-18,cve_2026_to_now,2026-09-19T11:45:42+00:00
CVE-2026-86250,updated,2026-09-18,cve_2026_to_now,2026-09-19T11:45:42+00:00
CVE-2026-86255,updated,2026-09-18,cve_2026_to_now,2026-09-19T11:45:42+00:00
CVE-2026-86416,updated,2026-09-18,cve_2026_to_now,2026-09-19T11:45:42+00:00
CVE-2026-86520,added,,cve_2026_to_now,2026-09-19T11:45:42+00:00
CVE-2026-86591,added,,cve_2026_to_now,2026-09-19T11:45:42+00:00
CVE-2026-86688,updated,2026-09-18,cve_2026_to_now,2026-09-19T11:45:42+00:00
CVE-2026-86689,added,,cve_2026_to_now,2026-09-19T11:45:42+00:00
CVE-2026-86739,updated,2026-09-18,cve_2026_to_now,2026-09-19T11:45:42+00:00
CVE-2026-86744,updated,2026-09-18,cve_2026_to_now,2026-09-19T11:45:42+00:00
CVE-2026-86814,added,,cve_2026_to_now,2026-09-19T11:45:42+00:00
CVE-2026-87125,updated,2026-09-18,cve_2026_to_now,2026-09-19T11:45:42+00:00
CVE-2026-87130,updated,2026-09-18,cve_2026_to_now,2026-09-19T11:45:42+00:00
CVE-2026-87151,updated,2026-09-18,cve_2026_to_now,2026-09-19T11:45:42+00:00
CVE-2026-87152,updated,2026-09-18,cve_2026_to_now,2026-09-19T11:45:42+00:00
CVE-2026-87153,updated,2026-09-18,cve_2026_to_now,2026-09-19T11:45:42+00:00
CVE-2026-87154,updated,2026-09-18,cve_2026_to_now,2026-09-19T11:45:42+00:00
CVE-2026-87156,updated,2026-09-18,cve_2026_to_now,2026-09-19T11:45:42+00:00
CVE-2026-87157,updated,2026-09-18,cve_2026_to_now,2026-09-19T11:45:42+00:00
CVE-2026-87158,updated,2026-09-18,cve_2026_to_now,2026-09-19T11:45:42+00:00
CVE-2026-87169,updated,2026-09-18,cve_2026_to_now,2026-09-19T11:45:42+00:00
CVE-2026-87171,updated,2026-09-18,cve_2026_to_now,2026-09-19T11:45:42+00:00
CVE-2026-87174,updated,2026-09-18,cve_2026_to_now,2026-09-19T11:45:42+00:00
CVE-2026-87177,updated,2026-09-18,cve_2026_to_now,2026-09-19T11:45:42+00:00
CVE-2026-87178,updated,2026-09-18,cve_2026_to_now,2026-09-19T11:45:42+00:00
CVE-2026-87191,updated,2026-09-18,cve_2026_to_now,2026-09-19T11:45:42+00:00
CVE-2026-87192,updated,2026-09-18,cve_2026_to_now,2026-09-19T11:45:42+00:00
CVE-2026-87193,updated,2026-09-18,cve_2026_to_now,2026-09-19T11:45:42+00:00
CVE-2026-87194,updated,2026-09-18,cve_2026_to_now,2026-09-19T11:45:42+00:00
CVE-2026-87195,updated,2026-09-18,cve_2026_to_now,2026-09-19T11:45:42+00:00
CVE-2026-87206,updated,2026-09-18,cve_2026_to_now,2026-09-19T11:45:42+00:00
CVE-2026-87208,updated,2026-09-18,cve_2026_to_now,2026-09-19T11:45:42+00:00
CVE-2026-87209,updated,2026-09-18,cve_2026_to_now,2026-09-19T11:45:42+00:00
CVE-2026-87210,updated,2026-09-18,cve_2026_to_now,2026-09-19T11:45:42+00:00
CVE-2026-87211,updated,2026-09-18,cve_2026_to_now,2026-09-19T11:45:42+00:00
CVE-2026-87212,updated,2026-09-18,cve_2026_to_now,2026-09-19T11:45:42+00:00
CVE-2026-87223,updated,2026-09-18,cve_2026_to_now,2026-09-19T11:45:42+00:00
CVE-2026-87225,updated,2026-09-18,cve_2026_to_now,2026-09-19T11:45:42+00:00
CVE-2026-87228,updated,2026-09-18,cve_2026_to_now,2026-09-19T11:45:42+00:00
CVE-2026-87229,updated,2026-09-18,cve_2026_to_now,2026-09-19T11:45:42+00:00
CVE-2026-87230,updated,2026-09-18,cve_2026_to_now,2026-09-19T11:45:42+00:00
CVE-2026-87232,updated,2026-09-18,cve_2026_to_now,2026-09-19T11:45:42+00:00
CVE-2026-87233,updated,2026-09-18,cve_2026_to_now,2026-09-19T11:45:42+00:00
CVE-2026-87234,updated,2026-09-18,cve_2026_to_now,2026-09-19T11:45:42+00:00
CVE-2026-87235,updated,2026-09-18,cve_2026_to_now,2026-09-19T11:45:42+00:00
CVE-2026-87236,updated,2026-09-18,cve_2026_to_now,2026-09-19T11:45:42+00:00
CVE-2026-87241,updated,2026-09-18,cve_2026_to_now,2026-09-19T11:45:42+00:00
CVE-2026-87242,updated,2026-09-18,cve_2026_to_now,2026-09-19T11:45:42+00:00
CVE-2026-87243,updated,2026-09-18,cve_2026_to_now,2026-09-19T11:45:42+00:00
CVE-2026-87265,updated,2026-09-18,cve_2026_to_now,2026-09-19T11:45:42+00:00
CVE-2026-87266,updated,2026-09-18,cve_2026_to_now,2026-09-19T11:45:42+00:00
CVE-2026-87267,updated,2026-09-18,cve_2026_to_now,2026-09-19T11:45:42+00:00
CVE-2026-87544,updated,2026-09-18,cve_2026_to_now,2026-09-19T11:45:42+00:00
CVE-2026-87701,updated,2026-09-19,cve_2026_to_now,2026-09-19T11:45:42+00:00
CVE-2026-87794,updated,2026-09-18,cve_2026_to_now,2026-09-19T11:45:42+00:00
CVE-2026-87796,updated,2026-09-19,cve_2026_to_now,2026-09-19T11:45:42+00:00
CVE-2026-87809,updated,2026-09-18,cve_2026_to_now,2026-09-19T11:45:42+00:00
CVE-2026-87814,updated,2026-09-18,cve_2026_to_now,2026-09-19T11:45:42+00:00
CVE-2026-87819,updated,2026-09-18,cve_2026_to_now,2026-09-19T11:45:42+00:00
CVE-2026-87886,updated,2026-09-18,cve_2026_to_now,2026-09-19T11:45:42+00:00
CVE-2026-87909,added,,cve_2026_to_now,2026-09-19T11:45:42+00:00
CVE-2026-87915,updated,,cve_2026_to_now,2026-09-19T11:45:42+00:00
CVE-2026-87917,added,,cve_2026_to_now,2026-09-19T11:45:42+00:00
CVE-2026-87928,updated,2026-09-18,cve_2026_to_now,2026-09-19T11:45:42+00:00
CVE-2026-88097,added,,cve_2026_to_now,2026-09-19T11:45:42+00:00
CVE-2026-88259,added,,cve_2026_to_now,2026-09-19T11:45:42+00:00
CVE-2026-88622,added,,cve_2026_to_now,2026-09-19T11:45:42+00:00
CVE-2026-88623,added,,cve_2026_to_now,2026-09-19T11:45:42+00:00
CVE-2026-88824,added,,cve_2026_to_now,2026-09-19T11:45:42+00:00
CVE-2026-88860,updated,2026-09-18,cve_2026_to_now,2026-09-19T11:45:42+00:00
CVE-2026-88865,updated,2026-09-18,cve_2026_to_now,2026-09-19T11:45:42+00:00
CVE-2026-88870,updated,2026-09-18,cve_2026_to_now,2026-09-19T11:45:42+00:00
CVE-2026-88875,updated,2026-09-18,cve_2026_to_now,2026-09-19T11:45:42+00:00
CVE-2026-88880,updated,2026-09-18,cve_2026_to_now,2026-09-19T11:45:42+00:00
CVE-2026-88885,updated,2026-09-18,cve_2026_to_now,2026-09-19T11:45:42+00:00
CVE-2026-88926,added,,cve_2026_to_now,2026-09-19T11:45:42+00:00
CVE-2026-88944,added,,cve_2026_to_now,2026-09-19T11:45:42+00:00
CVE-2026-89034,updated,2026-09-19,cve_2026_to_now,2026-09-19T11:45:42+00:00
CVE-2026-89044,updated,2026-09-18,cve_2026_to_now,2026-09-19T11:45:42+00:00
CVE-2026-89058,updated,,cve_2026_to_now,2026-09-19T11:45:42+00:00
CVE-2026-89059,updated,,cve_2026_to_now,2026-09-19T11:45:42+00:00
CVE-2026-89064,updated,2026-09-18,cve_2026_to_now,2026-09-19T11:45:42+00:00
CVE-2026-89081,added,,cve_2026_to_now,2026-09-19T11:45:42+00:00
CVE-2026-89093,added,,cve_2026_to_now,2026-09-19T11:45:42+00:00
CVE-2026-89138,updated,,cve_2026_to_now,2026-09-19T11:45:42+00:00
CVE-2026-89274,added,,cve_2026_to_now,2026-09-19T11:45:42+00:00
CVE-2026-89278,updated,,cve_2026_to_now,2026-09-19T11:45:42+00:00
CVE-2026-89333,added,,cve_2026_to_now,2026-09-19T11:45:42+00:00
CVE-2026-89334,added,,cve_2026_to_now,2026-09-19T11:45:42+00:00
CVE-2026-89413,updated,,cve_2026_to_now,2026-09-19T11:45:42+00:00
CVE-2026-90051,updated,2026-09-18,cve_2026_to_now,2026-09-19T11:45:42+00:00
CVE-2026-90052,updated,2026-09-18,cve_2026_to_now,2026-09-19T11:45:42+00:00
CVE-2026-90057,updated,2026-09-18,cve_2026_to_now,2026-09-19T11:45:42+00:00
CVE-2026-90059,updated,2026-09-18,cve_2026_to_now,2026-09-19T11:45:42+00:00
CVE-2026-90062,updated,2026-09-18,cve_2026_to_now,2026-09-19T11:45:42+00:00
CVE-2026-90067,updated,2026-09-18,cve_2026_to_now,2026-09-19T11:45:42+00:00
CVE-2026-90069,updated,2026-09-18,cve_2026_to_now,2026-09-19T11:45:42+00:00
CVE-2026-90071,updated,2026-09-18,cve_2026_to_now,2026-09-19T11:45:42+00:00
CVE-2026-90089,updated,2026-09-18,cve_2026_to_now,2026-09-19T11:45:42+00:00
CVE-2026-90091,updated,2026-09-18,cve_2026_to_now,2026-09-19T11:45:42+00:00
CVE-2026-90092,updated,2026-09-18,cve_2026_to_now,2026-09-19T11:45:42+00:00
CVE-2026-90093,updated,2026-09-18,cve_2026_to_now,2026-09-19T11:45:42+00:00
CVE-2026-90102,updated,2026-09-18,cve_2026_to_now,2026-09-19T11:45:42+00:00
CVE-2026-90103,updated,2026-09-18,cve_2026_to_now,2026-09-19T11:45:42+00:00
CVE-2026-90104,updated,2026-09-18,cve_2026_to_now,2026-09-19T11:45:42+00:00
CVE-2026-90110,updated,2026-09-18,cve_2026_to_now,2026-09-19T11:45:42+00:00
CVE-2026-90111,updated,2026-09-18,cve_2026_to_now,2026-09-19T11:45:42+00:00
CVE-2026-90118,updated,2026-09-18,cve_2026_to_now,2026-09-19T11:45:42+00:00
CVE-2026-90120,updated,2026-09-18,cve_2026_to_now,2026-09-19T11:45:42+00:00
CVE-2026-90131,updated,2026-09-18,cve_2026_to_now,2026-09-19T11:45:42+00:00
CVE-2026-90132,updated,2026-09-18,cve_2026_to_now,2026-09-19T11:45:42+00:00
CVE-2026-90133,updated,2026-09-18,cve_2026_to_now,2026-09-19T11:45:42+00:00
CVE-2026-90137,updated,2026-09-18,cve_2026_to_now,2026-09-19T11:45:42+00:00
CVE-2026-90141,updated,2026-09-18,cve_2026_to_now,2026-09-19T11:45:42+00:00
CVE-2026-90142,updated,2026-09-18,cve_2026_to_now,2026-09-19T11:45:42+00:00
CVE-2026-90143,updated,2026-09-18,cve_2026_to_now,2026-09-19T11:45:42+00:00
CVE-2026-90145,updated,2026-09-18,cve_2026_to_now,2026-09-19T11:45:42+00:00
CVE-2026-90146,updated,2026-09-18,cve_2026_to_now,2026-09-19T11:45:42+00:00
CVE-2026-90149,updated,2026-09-18,cve_2026_to_now,2026-09-19T11:45:42+00:00
CVE-2026-90151,updated,2026-09-18,cve_2026_to_now,2026-09-19T11:45:42+00:00
CVE-2026-90153,updated,2026-09-18,cve_2026_to_now,2026-09-19T11:45:42+00:00
CVE-2026-90156,updated,2026-09-18,cve_2026_to_now,2026-09-19T11:45:42+00:00
CVE-2026-90161,updated,2026-09-18,cve_2026_to_now,2026-09-19T11:45:42+00:00
CVE-2026-90162,updated,2026-09-18,cve_2026_to_now,2026-09-19T11:45:42+00:00
CVE-2026-90168,removed,,cve_2026_to_now,2026-09-19T11:45:42+00:00
CVE-2026-90172,updated,2026-09-18,cve_2026_to_now,2026-09-19T11:45:42+00:00
CVE-2026-90173,updated,2026-09-18,cve_2026_to_now,2026-09-19T11:45:42+00:00
CVE-2026-90174,updated,2026-09-18,cve_2026_to_now,2026-09-19T11:45:42+00:00
CVE-2026-90176,updated,2026-09-18,cve_2026_to_now,2026-09-19T11:45:42+00:00
CVE-2026-90177,updated,2026-09-18,cve_2026_to_now,2026-09-19T11:45:42+00:00
CVE-2026-90191,updated,2026-09-18,cve_2026_to_now,2026-09-19T11:45:42+00:00
CVE-2026-90199,updated,2026-09-18,cve_2026_to_now,2026-09-19T11:45:42+00:00
CVE-2026-90203,updated,2026-09-18,cve_2026_to_now,2026-09-19T11:45:42+00:00
CVE-2026-90204,updated,2026-09-18,cve_2026_to_now,2026-09-19T11:45:42+00:00
CVE-2026-90205,updated,2026-09-18,cve_2026_to_now,2026-09-19T11:45:42+00:00
CVE-2026-90207,updated,2026-09-18,cve_2026_to_now,2026-09-19T11:45:42+00:00
CVE-2026-90210,updated,2026-09-18,cve_2026_to_now,2026-09-19T11:45:42+00:00
CVE-2026-90217,updated,2026-09-18,cve_2026_to_now,2026-09-19T11:45:42+00:00
CVE-2026-90223,updated,2026-09-18,cve_2026_to_now,2026-09-19T11:45:42+00:00
CVE-2026-90224,updated,2026-09-18,cve_2026_to_now,2026-09-19T11:45:42+00:00
CVE-2026-90225,updated,2026-09-18,cve_2026_to_now,2026-09-19T11:45:42+00:00
CVE-2026-90227,updated,2026-09-18,cve_2026_to_now,2026-09-19T11:45:42+00:00
CVE-2026-90228,updated,2026-09-18,cve_2026_to_now,2026-09-19T11:45:42+00:00
CVE-2026-90229,updated,2026-09-18,cve_2026_to_now,2026-09-19T11:45:42+00:00
CVE-2026-90230,updated,2026-09-18,cve_2026_to_now,2026-09-19T11:45:42+00:00
CVE-2026-90231,updated,2026-09-18,cve_2026_to_now,2026-09-19T11:45:42+00:00
CVE-2026-90234,updated,2026-09-18,cve_2026_to_now,2026-09-19T11:45:42+00:00
CVE-2026-90235,updated,2026-09-18,cve_2026_to_now,2026-09-19T11:45:42+00:00
CVE-2026-90237,updated,2026-09-18,cve_2026_to_now,2026-09-19T11:45:42+00:00
CVE-2026-90240,updated,2026-09-18,cve_2026_to_now,2026-09-19T11:45:42+00:00
CVE-2026-90241,updated,2026-09-18,cve_2026_to_now,2026-09-19T11:45:42+00:00
CVE-2026-90243,updated,2026-09-18,cve_2026_to_now,2026-09-19T11:45:42+00:00
CVE-2026-90244,updated,2026-09-18,cve_2026_to_now,2026-09-19T11:45:42+00:00
CVE-2026-90246,updated,2026-09-18,cve_2026_to_now,2026-09-19T11:45:42+00:00
CVE-2026-90255,updated,2026-09-18,cve_2026_to_now,2026-09-19T11:45:42+00:00
CVE-2026-90256,updated,2026-09-18,cve_2026_to_now,2026-09-19T11:45:42+00:00
CVE-2026-90260,updated,2026-09-18,cve_2026_to_now,2026-09-19T11:45:42+00:00
CVE-2026-90268,updated,2026-09-18,cve_2026_to_now,2026-09-19T11:45:42+00:00
CVE-2026-90286,updated,2026-09-18,cve_2026_to_now,2026-09-19T11:45:42+00:00
CVE-2026-90288,updated,2026-09-18,cve_2026_to_now,2026-09-19T11:45:42+00:00
CVE-2026-90289,updated,2026-09-18,cve_2026_to_now,2026-09-19T11:45:42+00:00
CVE-2026-90291,updated,2026-09-18,cve_2026_to_now,2026-09-19T11:45:42+00:00
CVE-2026-90292,updated,2026-09-18,cve_2026_to_now,2026-09-19T11:45:42+00:00
CVE-2026-90293,updated,2026-09-18,cve_2026_to_now,2026-09-19T11:45:42+00:00
CVE-2026-90294,updated,2026-09-18,cve_2026_to_now,2026-09-19T11:45:42+00:00
CVE-2026-90301,updated,2026-09-18,cve_2026_to_now,2026-09-19T11:45:42+00:00
CVE-2026-90308,updated,2026-09-18,cve_2026_to_now,2026-09-19T11:45:42+00:00
CVE-2026-90309,updated,2026-09-18,cve_2026_to_now,2026-09-19T11:45:42+00:00
CVE-2026-90312,updated,2026-09-18,cve_2026_to_now,2026-09-19T11:45:42+00:00
CVE-2026-90316,updated,2026-09-18,cve_2026_to_now,2026-09-19T11:45:42+00:00
CVE-2026-90317,updated,2026-09-18,cve_2026_to_now,2026-09-19T11:45:42+00:00
CVE-2026-90320,updated,2026-09-18,cve_2026_to_now,2026-09-19T11:45:42+00:00
CVE-2026-90321,updated,2026-09-18,cve_2026_to_now,2026-09-19T11:45:42+00:00
CVE-2026-90324,updated,2026-09-18,cve_2026_to_now,2026-09-19T11:45:42+00:00
CVE-2026-90325,updated,2026-09-18,cve_2026_to_now,2026-09-19T11:45:42+00:00
CVE-2026-90326,updated,2026-09-18,cve_2026_to_now,2026-09-19T11:45:42+00:00
CVE-2026-90329,updated,2026-09-18,cve_2026_to_now,2026-09-19T11:45:42+00:00
CVE-2026-90332,updated,2026-09-18,cve_2026_to_now,2026-09-19T11:45:42+00:00
CVE-2026-90341,updated,2026-09-18,cve_2026_to_now,2026-09-19T11:45:42+00:00
CVE-2026-90343,updated,2026-09-18,cve_2026_to_now,2026-09-19T11:45:42+00:00
CVE-2026-90347,updated,2026-09-18,cve_2026_to_now,2026-09-19T11:45:42+00:00
CVE-2026-90353,updated,2026-09-18,cve_2026_to_now,2026-09-19T11:45:42+00:00
CVE-2026-90357,updated,2026-09-18,cve_2026_to_now,2026-09-19T11:45:42+00:00
CVE-2026-90358,updated,2026-09-18,cve_2026_to_now,2026-09-19T11:45:42+00:00
CVE-2026-90367,updated,2026-09-18,cve_2026_to_now,2026-09-19T11:45:42+00:00
CVE-2026-90371,updated,2026-09-18,cve_2026_to_now,2026-09-19T11:45:42+00:00
CVE-2026-90372,updated,2026-09-18,cve_2026_to_now,2026-09-19T11:45:42+00:00
CVE-2026-90379,updated,2026-09-18,cve_2026_to_now,2026-09-19T11:45:42+00:00
CVE-2026-90380,updated,2026-09-18,cve_2026_to_now,2026-09-19T11:45:42+00:00
CVE-2026-90381,updated,2026-09-18,cve_2026_to_now,2026-09-19T11:45:42+00:00
CVE-2026-90383,updated,2026-09-18,cve_2026_to_now,2026-09-19T11:45:42+00:00
CVE-2026-90387,updated,2026-09-18,cve_2026_to_now,2026-09-19T11:45:42+00:00
CVE-2026-90388,updated,2026-09-18,cve_2026_to_now,2026-09-19T11:45:42+00:00
CVE-2026-90392,updated,2026-09-18,cve_2026_to_now,2026-09-19T11:45:42+00:00
CVE-2026-90398,updated,2026-09-18,cve_2026_to_now,2026-09-19T11:45:42+00:00
CVE-2026-90399,updated,2026-09-18,cve_2026_to_now,2026-09-19T11:45:42+00:00
CVE-2026-90401,updated,2026-09-18,cve_2026_to_now,2026-09-19T11:45:42+00:00
CVE-2026-90402,updated,2026-09-18,cve_2026_to_now,2026-09-19T11:45:42+00:00
CVE-2026-90403,updated,2026-09-18,cve_2026_to_now,2026-09-19T11:45:42+00:00
CVE-2026-90407,updated,2026-09-18,cve_2026_to_now,2026-09-19T11:45:42+00:00
CVE-2026-90408,updated,2026-09-18,cve_2026_to_now,2026-09-19T11:45:42+00:00
CVE-2026-90413,updated,2026-09-18,cve_2026_to_now,2026-09-19T11:45:42+00:00
CVE-2026-90414,updated,2026-09-18,cve_2026_to_now,2026-09-19T11:45:42+00:00
CVE-2026-90419,updated,2026-09-18,cve_2026_to_now,2026-09-19T11:45:42+00:00
CVE-2026-90423,updated,2026-09-18,cve_2026_to_now,2026-09-19T11:45:42+00:00
CVE-2026-90425,updated,2026-09-18,cve_2026_to_now,2026-09-19T11:45:42+00:00
CVE-2026-90427,updated,2026-09-18,cve_2026_to_now,2026-09-19T11:45:42+00:00
CVE-2026-90429,updated,2026-09-18,cve_2026_to_now,2026-09-19T11:45:42+00:00
CVE-2026-90435,updated,2026-09-18,cve_2026_to_now,2026-09-19T11:45:42+00:00
CVE-2026-90489,updated,2026-09-18,cve_2026_to_now,2026-09-19T11:45:42+00:00
CVE-2026-90556,updated,2026-09-18,cve_2026_to_now,2026-09-19T11:45:42+00:00
CVE-2026-90561,updated,2026-09-18,cve_2026_to_now,2026-09-19T11:45:42+00:00
CVE-2026-90770,updated,2026-09-18,cve_2026_to_now,2026-09-19T11:45:42+00:00
CVE-2026-90775,updated,2026-09-18,cve_2026_to_now,2026-09-19T11:45:42+00:00
CVE-2026-90999,updated,2026-09-18,cve_2026_to_now,2026-09-19T11:45:42+00:00
CVE-2026-91127,added,,cve_2026_to_now,2026-09-19T11:45:42+00:00
CVE-2026-91142,added,,cve_2026_to_now,2026-09-19T11:45:42+00:00
CVE-2026-91146,updated,2026-09-18,cve_2026_to_now,2026-09-19T11:45:42+00:00
CVE-2026-91147,added,,cve_2026_to_now,2026-09-19T11:45:42+00:00
CVE-2026-91149,added,,cve_2026_to_now,2026-09-19T11:45:42+00:00
CVE-2026-91201,updated,2026-09-18,cve_2026_to_now,2026-09-19T11:45:42+00:00
CVE-2026-91202,added,,cve_2026_to_now,2026-09-19T11:45:42+00:00
CVE-2026-91203,added,,cve_2026_to_now,2026-09-19T11:45:42+00:00
CVE-2026-91205,added,,cve_2026_to_now,2026-09-19T11:45:42+00:00
CVE-2026-91707,updated,,cve_2026_to_now,2026-09-19T11:45:42+00:00
CVE-2026-91719,updated,2026-09-18,cve_2026_to_now,2026-09-19T11:45:42+00:00
CVE-2026-91723,updated,2026-09-18,cve_2026_to_now,2026-09-19T11:45:42+00:00
CVE-2026-91732,updated,2026-09-18,cve_2026_to_now,2026-09-19T11:45:42+00:00
CVE-2026-91742,updated,2026-09-18,cve_2026_to_now,2026-09-19T11:45:42+00:00
CVE-2026-91771,updated,2026-09-18,cve_2026_to_now,2026-09-19T11:45:42+00:00
CVE-2026-91847,added,,cve_2026_to_now,2026-09-19T11:45:42+00:00
CVE-2026-91923,updated,2026-09-18,cve_2026_to_now,2026-09-19T11:45:42+00:00
CVE-2026-91956,updated,2026-09-18,cve_2026_to_now,2026-09-19T11:45:42+00:00
CVE-2026-91961,updated,2026-09-18,cve_2026_to_now,2026-09-19T11:45:42+00:00
CVE-2026-91995,updated,2026-09-18,cve_2026_to_now,2026-09-19T11:45:42+00:00
CVE-2026-92025,updated,2026-09-18,cve_2026_to_now,2026-09-19T11:45:42+00:00
CVE-2026-92026,updated,2026-09-18,cve_2026_to_now,2026-09-19T11:45:42+00:00
CVE-2026-92027,updated,2026-09-18,cve_2026_to_now,2026-09-19T11:45:42+00:00
CVE-2026-92099,added,,cve_2026_to_now,2026-09-19T11:45:42+00:00
CVE-2026-92229,added,,cve_2026_to_now,2026-09-19T11:45:42+00:00
CVE-2026-92230,updated,2026-09-18,cve_2026_to_now,2026-09-19T11:45:42+00:00
CVE-2026-92357,updated,2026-09-18,cve_2026_to_now,2026-09-19T11:45:42+00:00
CVE-2026-92363,updated,2026-09-18,cve_2026_to_now,2026-09-19T11:45:42+00:00
CVE-2026-92381,updated,2026-09-18,cve_2026_to_now,2026-09-19T11:45:42+00:00
CVE-2026-92399,updated,2026-09-18,cve_2026_to_now,2026-09-19T11:45:42+00:00
CVE-2026-92403,added,,cve_2026_to_now,2026-09-19T11:45:42+00:00
CVE-2026-92404,added,,cve_2026_to_now,2026-09-19T11:45:42+00:00
CVE-2026-92413,updated,2026-09-18,cve_2026_to_now,2026-09-19T11:45:42+00:00
CVE-2026-92420,added,,cve_2026_to_now,2026-09-19T11:45:42+00:00
CVE-2026-92421,added,,cve_2026_to_now,2026-09-19T11:45:42+00:00
CVE-2026-92425,added,,cve_2026_to_now,2026-09-19T11:45:42+00:00
CVE-2026-92430,added,,cve_2026_to_now,2026-09-19T11:45:42+00:00
CVE-2026-92435,added,,cve_2026_to_now,2026-09-19T11:45:42+00:00
CVE-2026-92458,updated,2026-09-18,cve_2026_to_now,2026-09-19T11:45:42+00:00
CVE-2026-92463,updated,2026-09-18,cve_2026_to_now,2026-09-19T11:45:42+00:00
CVE-2026-92468,updated,2026-09-18,cve_2026_to_now,2026-09-19T11:45:42+00:00
CVE-2026-92473,updated,2026-09-18,cve_2026_to_now,2026-09-19T11:45:42+00:00
CVE-2026-92485,updated,2026-09-18,cve_2026_to_now,2026-09-19T11:45:42+00:00
CVE-2026-92488,updated,2026-09-18,cve_2026_to_now,2026-09-19T11:45:42+00:00
CVE-2026-92489,updated,2026-09-18,cve_2026_to_now,2026-09-19T11:45:42+00:00
CVE-2026-92504,updated,2026-09-18,cve_2026_to_now,2026-09-19T11:45:42+00:00
CVE-2026-92507,updated,2026-09-18,cve_2026_to_now,2026-09-19T11:45:42+00:00
CVE-2026-92508,updated,2026-09-18,cve_2026_to_now,2026-09-19T11:45:42+00:00
CVE-2026-92510,updated,2026-09-18,cve_2026_to_now,2026-09-19T11:45:42+00:00
CVE-2026-92511,updated,2026-09-18,cve_2026_to_now,2026-09-19T11:45:42+00:00
CVE-2026-92518,updated,2026-09-18,cve_2026_to_now,2026-09-19T11:45:42+00:00
CVE-2026-92522,updated,2026-09-18,cve_2026_to_now,2026-09-19T11:45:42+00:00
CVE-2026-92525,updated,2026-09-18,cve_2026_to_now,2026-09-19T11:45:42+00:00
CVE-2026-92561,updated,,cve_2026_to_now,2026-09-19T11:45:42+00:00
CVE-2026-92565,updated,2026-09-18,cve_2026_to_now,2026-09-19T11:45:42+00:00
CVE-2026-92570,updated,2026-09-18,cve_2026_to_now,2026-09-19T11:45:42+00:00
CVE-2026-92579,updated,2026-09-18,cve_2026_to_now,2026-09-19T11:45:42+00:00
CVE-2026-92580,updated,2026-09-19,cve_2026_to_now,2026-09-19T11:45:42+00:00
CVE-2026-92585,updated,2026-09-19,cve_2026_to_now,2026-09-19T11:45:42+00:00
CVE-2026-92589,updated,2026-09-18,cve_2026_to_now,2026-09-19T11:45:42+00:00
CVE-2026-92590,updated,2026-09-19,cve_2026_to_now,2026-09-19T11:45:42+00:00
CVE-2026-92594,updated,2026-09-18,cve_2026_to_now,2026-09-19T11:45:42+00:00
CVE-2026-92595,updated,2026-09-19,cve_2026_to_now,2026-09-19T11:45:42+00:00
CVE-2026-92599,updated,2026-09-18,cve_2026_to_now,2026-09-19T11:45:42+00:00
CVE-2026-92603,updated,2026-09-18,cve_2026_to_now,2026-09-19T11:45:42+00:00
CVE-2026-92619,updated,,cve_2026_to_now,2026-09-19T11:45:42+00:00
CVE-2026-92622,updated,,cve_2026_to_now,2026-09-19T11:45:42+00:00
CVE-2026-92701,added,,cve_2026_to_now,2026-09-19T11:45:42+00:00
CVE-2026-92702,added,,cve_2026_to_now,2026-09-19T11:45:42+00:00
CVE-2026-92708,added,,cve_2026_to_now,2026-09-19T11:45:42+00:00
CVE-2026-92718,updated,2026-09-18,cve_2026_to_now,2026-09-19T11:45:42+00:00
CVE-2026-92745,added,,cve_2026_to_now,2026-09-19T11:45:42+00:00
CVE-2026-92747,added,,cve_2026_to_now,2026-09-19T11:45:42+00:00
CVE-2026-92748,updated,2026-09-18,cve_2026_to_now,2026-09-19T11:45:42+00:00
CVE-2026-92753,updated,2026-09-18,cve_2026_to_now,2026-09-19T11:45:42+00:00
CVE-2026-92762,updated,2026-09-18,cve_2026_to_now,2026-09-19T11:45:42+00:00
CVE-2026-92768,added,,cve_2026_to_now,2026-09-19T11:45:42+00:00
CVE-2026-92771,updated,2026-09-18,cve_2026_to_now,2026-09-19T11:45:42+00:00
CVE-2026-92776,updated,2026-09-18,cve_2026_to_now,2026-09-19T11:45:42+00:00
CVE-2026-92782,updated,2026-09-19,cve_2026_to_now,2026-09-19T11:45:42+00:00
CVE-2026-92787,updated,2026-09-19,cve_2026_to_now,2026-09-19T11:45:42+00:00
CVE-2026-92792,updated,2026-09-19,cve_2026_to_now,2026-09-19T11:45:42+00:00
CVE-2026-92800,updated,2026-09-19,cve_2026_to_now,2026-09-19T11:45:42+00:00
CVE-2026-92805,updated,2026-09-19,cve_2026_to_now,2026-09-19T11:45:42+00:00
CVE-2026-92807,added,,cve_2026_to_now,2026-09-19T11:45:42+00:00
CVE-2026-92812,updated,2026-09-19,cve_2026_to_now,2026-09-19T11:45:42+00:00
CVE-2026-92860,updated,2026-09-19,cve_2026_to_now,2026-09-19T11:45:42+00:00
CVE-2026-92912,updated,2026-09-19,cve_2026_to_now,2026-09-19T11:45:42+00:00
CVE-2026-92916,updated,2026-09-18,cve_2026_to_now,2026-09-19T11:45:42+00:00
CVE-2026-92917,updated,2026-09-19,cve_2026_to_now,2026-09-19T11:45:42+00:00
CVE-2026-92921,updated,2026-09-18,cve_2026_to_now,2026-09-19T11:45:42+00:00
CVE-2026-92926,updated,2026-09-18,cve_2026_to_now,2026-09-19T11:45:42+00:00
CVE-2026-92933,updated,2026-09-19,cve_2026_to_now,2026-09-19T11:45:42+00:00
CVE-2026-92937,updated,2026-09-18,cve_2026_to_now,2026-09-19T11:45:42+00:00
CVE-2026-92938,updated,2026-09-19,cve_2026_to_now,2026-09-19T11:45:42+00:00
CVE-2026-92942,updated,2026-09-18,cve_2026_to_now,2026-09-19T11:45:42+00:00
CVE-2026-92944,updated,2026-09-19,cve_2026_to_now,2026-09-19T11:45:42+00:00
CVE-2026-92948,updated,2026-09-18,cve_2026_to_now,2026-09-19T11:45:42+00:00
CVE-2026-92953,updated,2026-09-18,cve_2026_to_now,2026-09-19T11:45:42+00:00
CVE-2026-92958,updated,2026-09-18,cve_2026_to_now,2026-09-19T11:45:42+00:00
CVE-2026-92963,updated,2026-09-18,cve_2026_to_now,2026-09-19T11:45:42+00:00
CVE-2026-92967,added,,cve_2026_to_now,2026-09-19T11:45:42+00:00
CVE-2026-92970,updated,2026-09-19,cve_2026_to_now,2026-09-19T11:45:42+00:00
CVE-2026-92972,updated,2026-09-18,cve_2026_to_now,2026-09-19T11:45:42+00:00
CVE-2026-92980,updated,2026-09-18,cve_2026_to_now,2026-09-19T11:45:42+00:00
CVE-2026-92983,updated,2026-09-18,cve_2026_to_now,2026-09-19T11:45:42+00:00
CVE-2026-92991,updated,,cve_2026_to_now,2026-09-19T11:45:42+00:00
CVE-2026-93018,added,,cve_2026_to_now,2026-09-19T11:45:42+00:00
CVE-2026-93019,added,,cve_2026_to_now,2026-09-19T11:45:42+00:00
CVE-2026-93031,added,,cve_2026_to_now,2026-09-19T11:45:42+00:00
CVE-2026-93037,updated,2026-09-18,cve_2026_to_now,2026-09-19T11:45:42+00:00
CVE-2026-93039,updated,2026-09-18,cve_2026_to_now,2026-09-19T11:45:42+00:00
CVE-2026-93042,updated,2026-09-18,cve_2026_to_now,2026-09-19T11:45:42+00:00
CVE-2026-93045,updated,2026-09-18,cve_2026_to_now,2026-09-19T11:45:42+00:00
CVE-2026-93046,updated,2026-09-18,cve_2026_to_now,2026-09-19T11:45:42+00:00
CVE-2026-93054,updated,2026-09-18,cve_2026_to_now,2026-09-19T11:45:42+00:00
CVE-2026-93063,updated,2026-09-18,cve_2026_to_now,2026-09-19T11:45:42+00:00
CVE-2026-93070,updated,2026-09-18,cve_2026_to_now,2026-09-19T11:45:42+00:00
CVE-2026-93074,updated,2026-09-18,cve_2026_to_now,2026-09-19T11:45:42+00:00
CVE-2026-93079,updated,2026-09-18,cve_2026_to_now,2026-09-19T11:45:42+00:00
CVE-2026-93095,updated,2026-09-18,cve_2026_to_now,2026-09-19T11:45:42+00:00
CVE-2026-93105,updated,2026-09-18,cve_2026_to_now,2026-09-19T11:45:42+00:00
CVE-2026-93107,updated,2026-09-18,cve_2026_to_now,2026-09-19T11:45:42+00:00
CVE-2026-93111,updated,2026-09-18,cve_2026_to_now,2026-09-19T11:45:42+00:00
CVE-2026-93112,updated,2026-09-18,cve_2026_to_now,2026-09-19T11:45:42+00:00
CVE-2026-93116,updated,2026-09-18,cve_2026_to_now,2026-09-19T11:45:42+00:00
CVE-2026-93121,updated,2026-09-18,cve_2026_to_now,2026-09-19T11:45:42+00:00
CVE-2026-93122,updated,2026-09-18,cve_2026_to_now,2026-09-19T11:45:42+00:00
CVE-2026-93125,updated,2026-09-18,cve_2026_to_now,2026-09-19T11:45:42+00:00
CVE-2026-93127,updated,2026-09-18,cve_2026_to_now,2026-09-19T11:45:42+00:00
CVE-2026-93137,updated,2026-09-18,cve_2026_to_now,2026-09-19T11:45:42+00:00
CVE-2026-93138,updated,2026-09-18,cve_2026_to_now,2026-09-19T11:45:42+00:00
CVE-2026-93144,updated,2026-09-18,cve_2026_to_now,2026-09-19T11:45:42+00:00
CVE-2026-93147,updated,2026-09-18,cve_2026_to_now,2026-09-19T11:45:42+00:00
CVE-2026-93148,updated,2026-09-18,cve_2026_to_now,2026-09-19T11:45:42+00:00
CVE-2026-93151,updated,2026-09-18,cve_2026_to_now,2026-09-19T11:45:42+00:00
CVE-2026-93154,updated,2026-09-18,cve_2026_to_now,2026-09-19T11:45:42+00:00
CVE-2026-93165,updated,2026-09-18,cve_2026_to_now,2026-09-19T11:45:42+00:00
CVE-2026-93170,updated,2026-09-18,cve_2026_to_now,2026-09-19T11:45:42+00:00
CVE-2026-93175,updated,2026-09-18,cve_2026_to_now,2026-09-19T11:45:42+00:00
CVE-2026-93176,updated,2026-09-18,cve_2026_to_now,2026-09-19T11:45:42+00:00
CVE-2026-93177,updated,2026-09-18,cve_2026_to_now,2026-09-19T11:45:42+00:00
CVE-2026-93178,updated,2026-09-18,cve_2026_to_now,2026-09-19T11:45:42+00:00
CVE-2026-93189,updated,2026-09-18,cve_2026_to_now,2026-09-19T11:45:42+00:00
CVE-2026-93190,updated,2026-09-18,cve_2026_to_now,2026-09-19T11:45:42+00:00
CVE-2026-93192,updated,2026-09-18,cve_2026_to_now,2026-09-19T11:45:42+00:00
CVE-2026-93196,updated,2026-09-18,cve_2026_to_now,2026-09-19T11:45:42+00:00
CVE-2026-93201,updated,2026-09-18,cve_2026_to_now,2026-09-19T11:45:42+00:00
CVE-2026-93203,updated,2026-09-18,cve_2026_to_now,2026-09-19T11:45:42+00:00
CVE-2026-93308,updated,2026-09-18,cve_2026_to_now,2026-09-19T11:45:42+00:00
CVE-2026-93310,updated,,cve_2026_to_now,2026-09-19T11:45:42+00:00
CVE-2026-93313,updated,,cve_2026_to_now,2026-09-19T11:45:42+00:00
CVE-2026-93331,updated,,cve_2026_to_now,2026-09-19T11:45:42+00:00
CVE-2026-93338,added,,cve_2026_to_now,2026-09-19T11:45:42+00:00
CVE-2026-93372,updated,2026-09-19,cve_2026_to_now,2026-09-19T11:45:42+00:00
CVE-2026-93373,updated,2026-09-19,cve_2026_to_now,2026-09-19T11:45:42+00:00
CVE-2026-93374,updated,2026-09-19,cve_2026_to_now,2026-09-19T11:45:42+00:00
CVE-2026-93375,updated,2026-09-19,cve_2026_to_now,2026-09-19T11:45:42+00:00
CVE-2026-93376,updated,2026-09-18,cve_2026_to_now,2026-09-19T11:45:42+00:00
CVE-2026-93377,updated,2026-09-19,cve_2026_to_now,2026-09-19T11:45:42+00:00
CVE-2026-93378,updated,2026-09-18,cve_2026_to_now,2026-09-19T11:45:42+00:00
CVE-2026-93379,updated,2026-09-18,cve_2026_to_now,2026-09-19T11:45:42+00:00
CVE-2026-93380,updated,2026-09-18,cve_2026_to_now,2026-09-19T11:45:42+00:00
CVE-2026-93381,updated,2026-09-19,cve_2026_to_now,2026-09-19T11:45:42+00:00
CVE-2026-93382,updated,2026-09-19,cve_2026_to_now,2026-09-19T11:45:42+00:00
CVE-2026-93383,updated,2026-09-18,cve_2026_to_now,2026-09-19T11:45:42+00:00
CVE-2026-93384,updated,2026-09-18,cve_2026_to_now,2026-09-19T11:45:42+00:00
CVE-2026-93385,updated,2026-09-18,cve_2026_to_now,2026-09-19T11:45:42+00:00
CVE-2026-93386,updated,2026-09-18,cve_2026_to_now,2026-09-19T11:45:42+00:00
CVE-2026-93387,updated,2026-09-18,cve_2026_to_now,2026-09-19T11:45:42+00:00
CVE-2026-93393,updated,2026-09-18,cve_2026_to_now,2026-09-19T11:45:42+00:00
CVE-2026-93394,updated,2026-09-18,cve_2026_to_now,2026-09-19T11:45:42+00:00
CVE-2026-93395,updated,2026-09-18,cve_2026_to_now,2026-09-19T11:45:42+00:00
CVE-2026-93426,updated,2026-09-18,cve_2026_to_now,2026-09-19T11:45:42+00:00
CVE-2026-93432,added,,cve_2026_to_now,2026-09-19T11:45:42+00:00
CVE-2026-93450,updated,2026-09-18,cve_2026_to_now,2026-09-19T11:45:42+00:00
CVE-2026-93452,updated,2026-09-18,cve_2026_to_now,2026-09-19T11:45:42+00:00
CVE-2026-93453,updated,2026-09-18,cve_2026_to_now,2026-09-19T11:45:42+00:00
CVE-2026-93455,updated,,cve_2026_to_now,2026-09-19T11:45:42+00:00
CVE-2026-93467,updated,,cve_2026_to_now,2026-09-19T11:45:42+00:00
CVE-2026-93468,updated,,cve_2026_to_now,2026-09-19T11:45:42+00:00
CVE-2026-93488,updated,,cve_2026_to_now,2026-09-19T11:45:42+00:00
CVE-2026-93491,added,,cve_2026_to_now,2026-09-19T11:45:42+00:00
CVE-2026-93492,added,,cve_2026_to_now,2026-09-19T11:45:42+00:00
CVE-2026-93493,updated,,cve_2026_to_now,2026-09-19T11:45:42+00:00
CVE-2026-93494,updated,,cve_2026_to_now,2026-09-19T11:45:42+00:00
CVE-2026-93504,added,,cve_2026_to_now,2026-09-19T11:45:42+00:00
CVE-2026-93505,added,,cve_2026_to_now,2026-09-19T11:45:42+00:00
CVE-2026-93506,added,,cve_2026_to_now,2026-09-19T11:45:42+00:00
CVE-2026-93531,added,,cve_2026_to_now,2026-09-19T11:45:42+00:00
CVE-2026-93532,added,,cve_2026_to_now,2026-09-19T11:45:42+00:00
CVE-2026-93533,added,,cve_2026_to_now,2026-09-19T11:45:42+00:00
CVE-2026-93534,added,,cve_2026_to_now,2026-09-19T11:45:42+00:00
CVE-2026-93558,added,,cve_2026_to_now,2026-09-19T11:45:42+00:00
CVE-2026-93559,added,,cve_2026_to_now,2026-09-19T11:45:42+00:00
CVE-2026-93560,added,,cve_2026_to_now,2026-09-19T11:45:42+00:00
CVE-2026-93561,updated,,cve_2026_to_now,2026-09-19T11:45:42+00:00
CVE-2026-93562,added,,cve_2026_to_now,2026-09-19T11:45:42+00:00
CVE-2026-93563,updated,,cve_2026_to_now,2026-09-19T11:45:42+00:00
CVE-2026-93564,added,,cve_2026_to_now,2026-09-19T11:45:42+00:00
CVE-2026-93565,added,,cve_2026_to_now,2026-09-19T11:45:42+00:00
CVE-2026-93566,added,,cve_2026_to_now,2026-09-19T11:45:42+00:00
CVE-2026-93567,added,,cve_2026_to_now,2026-09-19T11:45:42+00:00
CVE-2026-93568,added,,cve_2026_to_now,2026-09-19T11:45:42+00:00
CVE-2026-93569,added,,cve_2026_to_now,2026-09-19T11:45:42+00:00
CVE-2026-93572,updated,,cve_2026_to_now,2026-09-19T11:45:42+00:00
CVE-2026-93573,added,,cve_2026_to_now,2026-09-19T11:45:42+00:00
CVE-2026-93574,added,,cve_2026_to_now,2026-09-19T11:45:42+00:00
CVE-2026-93575,updated,,cve_2026_to_now,2026-09-19T11:45:42+00:00
CVE-2026-93576,added,,cve_2026_to_now,2026-09-19T11:45:42+00:00
CVE-2026-93578,updated,,cve_2026_to_now,2026-09-19T11:45:42+00:00
CVE-2026-93579,added,,cve_2026_to_now,2026-09-19T11:45:42+00:00
CVE-2026-93586,added,,cve_2026_to_now,2026-09-19T11:45:42+00:00
CVE-2026-93587,added,,cve_2026_to_now,2026-09-19T11:45:42+00:00
CVE-2026-93588,added,,cve_2026_to_now,2026-09-19T11:45:42+00:00
CVE-2026-93589,added,,cve_2026_to_now,2026-09-19T11:45:42+00:00
CVE-2026-93590,added,,cve_2026_to_now,2026-09-19T11:45:42+00:00
CVE-2026-93591,added,,cve_2026_to_now,2026-09-19T11:45:42+00:00
CVE-2026-93592,added,,cve_2026_to_now,2026-09-19T11:45:42+00:00
CVE-2026-93593,added,,cve_2026_to_now,2026-09-19T11:45:42+00:00
CVE-2026-93594,added,,cve_2026_to_now,2026-09-19T11:45:42+00:00
CVE-2026-93595,added,,cve_2026_to_now,2026-09-19T11:45:42+00:00
CVE-2026-93596,added,,cve_2026_to_now,2026-09-19T11:45:42+00:00
CVE-2026-93597,added,,cve_2026_to_now,2026-09-19T11:45:42+00:00
CVE-2026-93598,added,,cve_2026_to_now,2026-09-19T11:45:42+00:00
CVE-2026-93599,added,,cve_2026_to_now,2026-09-19T11:45:42+00:00
CVE-2026-93600,added,,cve_2026_to_now,2026-09-19T11:45:42+00:00
CVE-2026-93601,added,,cve_2026_to_now,2026-09-19T11:45:42+00:00
CVE-2026-93602,added,,cve_2026_to_now,2026-09-19T11:45:42+00:00
CVE-2026-93603,added,,cve_2026_to_now,2026-09-19T11:45:42+00:00
CVE-2026-93604,added,,cve_2026_to_now,2026-09-19T11:45:42+00:00
CVE-2026-93605,added,,cve_2026_to_now,2026-09-19T11:45:42+00:00
CVE-2026-93606,added,,cve_2026_to_now,2026-09-19T11:45:42+00:00
CVE-2026-93650,added,,cve_2026_to_now,2026-09-19T11:45:42+00:00
CVE-2026-93652,added,,cve_2026_to_now,2026-09-19T11:45:42+00:00
CVE-2026-93653,added,,cve_2026_to_now,2026-09-19T11:45:42+00:00
CVE-2026-93657,added,,cve_2026_to_now,2026-09-19T11:45:42+00:00
CVE-2026-93658,added,,cve_2026_to_now,2026-09-19T11:45:42+00:00
CVE-2026-93659,added,,cve_2026_to_now,2026-09-19T11:45:42+00:00
CVE-2026-93660,added,,cve_2026_to_now,2026-09-19T11:45:42+00:00
CVE-2026-93676,added,,cve_2026_to_now,2026-09-19T11:45:42+00:00
CVE-2026-93685,added,,cve_2026_to_now,2026-09-19T11:45:42+00:00
CVE-2026-93687,added,,cve_2026_to_now,2026-09-19T11:45:42+00:00
CVE-2026-93688,added,,cve_2026_to_now,2026-09-19T11:45:42+00:00
CVE-2026-93689,added,,cve_2026_to_now,2026-09-19T11:45:42+00:00
CVE-2026-93690,added,,cve_2026_to_now,2026-09-19T11:45:42+00:00
CVE-2026-93736,added,,cve_2026_to_now,2026-09-19T11:45:42+00:00
CVE-2026-93737,added,,cve_2026_to_now,2026-09-19T11:45:42+00:00
CVE-2026-93738,added,,cve_2026_to_now,2026-09-19T11:45:42+00:00
CVE-2026-93739,added,,cve_2026_to_now,2026-09-19T11:45:42+00:00
CVE-2026-93740,added,,cve_2026_to_now,2026-09-19T11:45:42+00:00
CVE-2026-93741,added,,cve_2026_to_now,2026-09-19T11:45:42+00:00
CVE-2026-93742,added,,cve_2026_to_now,2026-09-19T11:45:42+00:00
CVE-2026-93748,added,,cve_2026_to_now,2026-09-19T11:45:42+00:00
CVE-2026-93749,added,,cve_2026_to_now,2026-09-19T11:45:42+00:00
CVE-2026-93750,added,,cve_2026_to_now,2026-09-19T11:45:42+00:00
CVE-2026-93751,added,,cve_2026_to_now,2026-09-19T11:45:42+00:00
CVE-2026-93752,added,,cve_2026_to_now,2026-09-19T11:45:42+00:00
CVE-2026-93753,added,,cve_2026_to_now,2026-09-19T11:45:42+00:00
CVE-2026-93758,added,,cve_2026_to_now,2026-09-19T11:45:42+00:00
CVE-2026-93759,added,,cve_2026_to_now,2026-09-19T11:45:42+00:00
CVE-2026-93760,added,,cve_2026_to_now,2026-09-19T11:45:42+00:00
CVE-2026-93761,added,,cve_2026_to_now,2026-09-19T11:45:42+00:00
CVE-2026-93762,added,,cve_2026_to_now,2026-09-19T11:45:42+00:00
CVE-2026-93763,added,,cve_2026_to_now,2026-09-19T11:45:42+00:00
CVE-2026-93764,added,,cve_2026_to_now,2026-09-19T11:45:42+00:00
CVE-2026-93765,added,,cve_2026_to_now,2026-09-19T11:45:42+00:00
CVE-2026-93838,added,,cve_2026_to_now,2026-09-19T11:45:42+00:00
CVE-2026-93839,added,,cve_2026_to_now,2026-09-19T11:45:42+00:00
CVE-2026-93840,added,,cve_2026_to_now,2026-09-19T11:45:42+00:00
CVE-2026-93841,added,,cve_2026_to_now,2026-09-19T11:45:42+00:00
CVE-2026-93852,added,,cve_2026_to_now,2026-09-19T11:45:42+00:00
CVE-2026-93854,added,,cve_2026_to_now,2026-09-19T11:45:42+00:00
CVE-2026-93868,added,,cve_2026_to_now,2026-09-19T11:45:42+00:00
CVE-2026-93869,added,,cve_2026_to_now,2026-09-19T11:45:42+00:00
CVE-2026-93870,added,,cve_2026_to_now,2026-09-19T11:45:42+00:00
CVE-2026-93871,added,,cve_2026_to_now,2026-09-19T11:45:42+00:00
CVE-2026-93872,added,,cve_2026_to_now,2026-09-19T11:45:42+00:00
CVE-2026-93873,added,,cve_2026_to_now,2026-09-19T11:45:42+00:00
CVE-2026-93894,added,,cve_2026_to_now,2026-09-19T11:45:42+00:00
CVE-2026-93921,added,,cve_2026_to_now,2026-09-19T11:45:42+00:00
CVE-2026-93922,added,,cve_2026_to_now,2026-09-19T11:45:42+00:00
CVE-2026-93923,added,,cve_2026_to_now,2026-09-19T11:45:42+00:00
