cve_id,change_type,date_updated,shard,run_utc
CVE-2021-47952,updated,2026-07-15,cve_2022_and_before,2026-07-16T09:10:46+00:00
CVE-2023-0567,updated,2026-07-15,cve_2023_to_2025,2026-07-16T09:10:46+00:00
CVE-2023-4346,updated,2026-07-16,cve_2023_to_2025,2026-07-16T09:10:46+00:00
CVE-2023-31313,updated,2026-07-15,cve_2023_to_2025,2026-07-16T09:10:46+00:00
CVE-2025-1022,updated,2026-07-15,cve_2023_to_2025,2026-07-16T09:10:46+00:00
CVE-2025-3194,updated,2026-07-15,cve_2023_to_2025,2026-07-16T09:10:46+00:00
CVE-2025-5278,updated,2026-07-15,cve_2023_to_2025,2026-07-16T09:10:46+00:00
CVE-2025-13968,updated,2026-07-15,cve_2023_to_2025,2026-07-16T09:10:46+00:00
CVE-2025-32781,added,,cve_2023_to_2025,2026-07-16T09:10:46+00:00
CVE-2025-40646,updated,2026-07-15,cve_2023_to_2025,2026-07-16T09:10:46+00:00
CVE-2025-41115,updated,2026-07-16,cve_2023_to_2025,2026-07-16T09:10:46+00:00
CVE-2025-41117,updated,2026-07-16,cve_2023_to_2025,2026-07-16T09:10:46+00:00
CVE-2025-41118,updated,2026-07-16,cve_2023_to_2025,2026-07-16T09:10:46+00:00
CVE-2025-43213,updated,2026-07-15,cve_2023_to_2025,2026-07-16T09:10:46+00:00
CVE-2025-43441,updated,2026-07-15,cve_2023_to_2025,2026-07-16T09:10:46+00:00
CVE-2025-56361,updated,2026-07-15,cve_2023_to_2025,2026-07-16T09:10:46+00:00
CVE-2025-56362,updated,2026-07-15,cve_2023_to_2025,2026-07-16T09:10:46+00:00
CVE-2025-56363,updated,2026-07-15,cve_2023_to_2025,2026-07-16T09:10:46+00:00
CVE-2025-56364,updated,2026-07-15,cve_2023_to_2025,2026-07-16T09:10:46+00:00
CVE-2025-56365,updated,2026-07-15,cve_2023_to_2025,2026-07-16T09:10:46+00:00
CVE-2025-61726,updated,2026-07-15,cve_2023_to_2025,2026-07-16T09:10:46+00:00
CVE-2025-65720,added,,cve_2023_to_2025,2026-07-16T09:10:46+00:00
CVE-2025-69223,updated,2026-07-15,cve_2023_to_2025,2026-07-16T09:10:46+00:00
CVE-2025-70974,updated,2026-07-15,cve_2023_to_2025,2026-07-16T09:10:46+00:00
CVE-2026-0636,updated,2026-07-15,cve_2026_to_now,2026-07-16T09:10:46+00:00
CVE-2026-0877,updated,2026-07-15,cve_2026_to_now,2026-07-16T09:10:46+00:00
CVE-2026-1207,updated,2026-07-15,cve_2026_to_now,2026-07-16T09:10:46+00:00
CVE-2026-1562,added,,cve_2026_to_now,2026-07-16T09:10:46+00:00
CVE-2026-1563,added,,cve_2026_to_now,2026-07-16T09:10:46+00:00
CVE-2026-1609,added,,cve_2026_to_now,2026-07-16T09:10:46+00:00
CVE-2026-3014,updated,2026-07-15,cve_2026_to_now,2026-07-16T09:10:46+00:00
CVE-2026-3842,added,,cve_2026_to_now,2026-07-16T09:10:46+00:00
CVE-2026-4018,updated,2026-07-15,cve_2026_to_now,2026-07-16T09:10:46+00:00
CVE-2026-4878,updated,2026-07-15,cve_2026_to_now,2026-07-16T09:10:46+00:00
CVE-2026-5040,updated,2026-07-15,cve_2026_to_now,2026-07-16T09:10:46+00:00
CVE-2026-5260,updated,2026-07-15,cve_2026_to_now,2026-07-16T09:10:46+00:00
CVE-2026-5269,updated,2026-07-15,cve_2026_to_now,2026-07-16T09:10:46+00:00
CVE-2026-5270,updated,2026-07-15,cve_2026_to_now,2026-07-16T09:10:46+00:00
CVE-2026-5419,updated,2026-07-15,cve_2026_to_now,2026-07-16T09:10:46+00:00
CVE-2026-6423,added,,cve_2026_to_now,2026-07-16T09:10:46+00:00
CVE-2026-6424,added,,cve_2026_to_now,2026-07-16T09:10:46+00:00
CVE-2026-6803,updated,2026-07-15,cve_2026_to_now,2026-07-16T09:10:46+00:00
CVE-2026-7543,added,,cve_2026_to_now,2026-07-16T09:10:46+00:00
CVE-2026-7640,updated,2026-07-15,cve_2026_to_now,2026-07-16T09:10:46+00:00
CVE-2026-7655,updated,2026-07-15,cve_2026_to_now,2026-07-16T09:10:46+00:00
CVE-2026-8177,updated,2026-07-15,cve_2026_to_now,2026-07-16T09:10:46+00:00
CVE-2026-8595,updated,2026-07-16,cve_2026_to_now,2026-07-16T09:10:46+00:00
CVE-2026-8609,updated,2026-07-16,cve_2026_to_now,2026-07-16T09:10:46+00:00
CVE-2026-8919,updated,,cve_2026_to_now,2026-07-16T09:10:46+00:00
CVE-2026-8920,updated,,cve_2026_to_now,2026-07-16T09:10:46+00:00
CVE-2026-8946,updated,2026-07-15,cve_2026_to_now,2026-07-16T09:10:46+00:00
CVE-2026-9007,added,,cve_2026_to_now,2026-07-16T09:10:46+00:00
CVE-2026-9017,updated,2026-07-15,cve_2026_to_now,2026-07-16T09:10:46+00:00
CVE-2026-9029,updated,2026-07-16,cve_2026_to_now,2026-07-16T09:10:46+00:00
CVE-2026-9073,updated,2026-07-15,cve_2026_to_now,2026-07-16T09:10:46+00:00
CVE-2026-9770,updated,,cve_2026_to_now,2026-07-16T09:10:46+00:00
CVE-2026-10601,updated,2026-07-16,cve_2026_to_now,2026-07-16T09:10:46+00:00
CVE-2026-10628,updated,2026-07-15,cve_2026_to_now,2026-07-16T09:10:46+00:00
CVE-2026-10649,updated,2026-07-15,cve_2026_to_now,2026-07-16T09:10:46+00:00
CVE-2026-10673,added,,cve_2026_to_now,2026-07-16T09:10:46+00:00
CVE-2026-11371,added,,cve_2026_to_now,2026-07-16T09:10:46+00:00
CVE-2026-11579,updated,,cve_2026_to_now,2026-07-16T09:10:46+00:00
CVE-2026-11580,updated,,cve_2026_to_now,2026-07-16T09:10:46+00:00
CVE-2026-11607,updated,2026-07-15,cve_2026_to_now,2026-07-16T09:10:46+00:00
CVE-2026-11769,updated,2026-07-16,cve_2026_to_now,2026-07-16T09:10:46+00:00
CVE-2026-11802,updated,2026-07-15,cve_2026_to_now,2026-07-16T09:10:46+00:00
CVE-2026-11807,updated,2026-07-15,cve_2026_to_now,2026-07-16T09:10:46+00:00
CVE-2026-11851,updated,,cve_2026_to_now,2026-07-16T09:10:46+00:00
CVE-2026-11866,added,,cve_2026_to_now,2026-07-16T09:10:46+00:00
CVE-2026-11898,updated,2026-07-15,cve_2026_to_now,2026-07-16T09:10:46+00:00
CVE-2026-12112,updated,2026-07-15,cve_2026_to_now,2026-07-16T09:10:46+00:00
CVE-2026-12143,updated,2026-07-15,cve_2026_to_now,2026-07-16T09:10:46+00:00
CVE-2026-12151,updated,2026-07-15,cve_2026_to_now,2026-07-16T09:10:46+00:00
CVE-2026-12281,updated,,cve_2026_to_now,2026-07-16T09:10:46+00:00
CVE-2026-12289,updated,2026-07-15,cve_2026_to_now,2026-07-16T09:10:46+00:00
CVE-2026-12290,updated,2026-07-15,cve_2026_to_now,2026-07-16T09:10:46+00:00
CVE-2026-12291,updated,2026-07-15,cve_2026_to_now,2026-07-16T09:10:46+00:00
CVE-2026-12292,updated,2026-07-15,cve_2026_to_now,2026-07-16T09:10:46+00:00
CVE-2026-12294,updated,2026-07-15,cve_2026_to_now,2026-07-16T09:10:46+00:00
CVE-2026-12295,updated,2026-07-15,cve_2026_to_now,2026-07-16T09:10:46+00:00
CVE-2026-12296,updated,2026-07-15,cve_2026_to_now,2026-07-16T09:10:46+00:00
CVE-2026-12297,updated,2026-07-15,cve_2026_to_now,2026-07-16T09:10:46+00:00
CVE-2026-12298,updated,2026-07-15,cve_2026_to_now,2026-07-16T09:10:46+00:00
CVE-2026-12299,updated,2026-07-15,cve_2026_to_now,2026-07-16T09:10:46+00:00
CVE-2026-12328,updated,2026-07-15,cve_2026_to_now,2026-07-16T09:10:46+00:00
CVE-2026-12329,updated,2026-07-15,cve_2026_to_now,2026-07-16T09:10:46+00:00
CVE-2026-12382,added,2026-07-16,cve_2026_to_now,2026-07-16T09:10:46+00:00
CVE-2026-12395,added,,cve_2026_to_now,2026-07-16T09:10:46+00:00
CVE-2026-12409,added,,cve_2026_to_now,2026-07-16T09:10:46+00:00
CVE-2026-12434,added,,cve_2026_to_now,2026-07-16T09:10:46+00:00
CVE-2026-12478,updated,2026-07-15,cve_2026_to_now,2026-07-16T09:10:46+00:00
CVE-2026-12492,added,,cve_2026_to_now,2026-07-16T09:10:46+00:00
CVE-2026-12505,updated,2026-07-15,cve_2026_to_now,2026-07-16T09:10:46+00:00
CVE-2026-12510,added,,cve_2026_to_now,2026-07-16T09:10:46+00:00
CVE-2026-12512,updated,,cve_2026_to_now,2026-07-16T09:10:46+00:00
CVE-2026-12523,updated,2026-07-15,cve_2026_to_now,2026-07-16T09:10:46+00:00
CVE-2026-12525,added,,cve_2026_to_now,2026-07-16T09:10:46+00:00
CVE-2026-12585,added,,cve_2026_to_now,2026-07-16T09:10:46+00:00
CVE-2026-12684,added,,cve_2026_to_now,2026-07-16T09:10:46+00:00
CVE-2026-12753,added,,cve_2026_to_now,2026-07-16T09:10:46+00:00
CVE-2026-12789,updated,2026-07-15,cve_2026_to_now,2026-07-16T09:10:46+00:00
CVE-2026-12869,added,,cve_2026_to_now,2026-07-16T09:10:46+00:00
CVE-2026-12906,added,,cve_2026_to_now,2026-07-16T09:10:46+00:00
CVE-2026-12907,added,,cve_2026_to_now,2026-07-16T09:10:46+00:00
CVE-2026-12941,added,,cve_2026_to_now,2026-07-16T09:10:46+00:00
CVE-2026-12978,added,,cve_2026_to_now,2026-07-16T09:10:46+00:00
CVE-2026-12979,added,,cve_2026_to_now,2026-07-16T09:10:46+00:00
CVE-2026-12997,added,,cve_2026_to_now,2026-07-16T09:10:46+00:00
CVE-2026-13005,added,,cve_2026_to_now,2026-07-16T09:10:46+00:00
CVE-2026-13042,added,,cve_2026_to_now,2026-07-16T09:10:46+00:00
CVE-2026-13230,updated,,cve_2026_to_now,2026-07-16T09:10:46+00:00
CVE-2026-13385,updated,2026-07-16,cve_2026_to_now,2026-07-16T09:10:46+00:00
CVE-2026-13585,updated,,cve_2026_to_now,2026-07-16T09:10:46+00:00
CVE-2026-13741,added,,cve_2026_to_now,2026-07-16T09:10:46+00:00
CVE-2026-13754,added,,cve_2026_to_now,2026-07-16T09:10:46+00:00
CVE-2026-13755,added,,cve_2026_to_now,2026-07-16T09:10:46+00:00
CVE-2026-13767,added,,cve_2026_to_now,2026-07-16T09:10:46+00:00
CVE-2026-14504,updated,2026-07-15,cve_2026_to_now,2026-07-16T09:10:46+00:00
CVE-2026-14544,updated,2026-07-15,cve_2026_to_now,2026-07-16T09:10:46+00:00
CVE-2026-14645,updated,2026-07-15,cve_2026_to_now,2026-07-16T09:10:46+00:00
CVE-2026-14646,updated,2026-07-15,cve_2026_to_now,2026-07-16T09:10:46+00:00
CVE-2026-14683,updated,2026-07-16,cve_2026_to_now,2026-07-16T09:10:46+00:00
CVE-2026-14684,updated,2026-07-16,cve_2026_to_now,2026-07-16T09:10:46+00:00
CVE-2026-14685,updated,2026-07-16,cve_2026_to_now,2026-07-16T09:10:46+00:00
CVE-2026-14686,updated,2026-07-16,cve_2026_to_now,2026-07-16T09:10:46+00:00
CVE-2026-14960,added,,cve_2026_to_now,2026-07-16T09:10:46+00:00
CVE-2026-14961,added,,cve_2026_to_now,2026-07-16T09:10:46+00:00
CVE-2026-14987,added,,cve_2026_to_now,2026-07-16T09:10:46+00:00
CVE-2026-15005,added,,cve_2026_to_now,2026-07-16T09:10:46+00:00
CVE-2026-15008,added,,cve_2026_to_now,2026-07-16T09:10:46+00:00
CVE-2026-15013,added,,cve_2026_to_now,2026-07-16T09:10:46+00:00
CVE-2026-15021,added,,cve_2026_to_now,2026-07-16T09:10:46+00:00
CVE-2026-15022,added,,cve_2026_to_now,2026-07-16T09:10:46+00:00
CVE-2026-15028,updated,2026-07-15,cve_2026_to_now,2026-07-16T09:10:46+00:00
CVE-2026-15029,updated,,cve_2026_to_now,2026-07-16T09:10:46+00:00
CVE-2026-15030,updated,,cve_2026_to_now,2026-07-16T09:10:46+00:00
CVE-2026-15058,updated,2026-07-15,cve_2026_to_now,2026-07-16T09:10:46+00:00
CVE-2026-15073,updated,2026-07-15,cve_2026_to_now,2026-07-16T09:10:46+00:00
CVE-2026-15097,updated,2026-07-15,cve_2026_to_now,2026-07-16T09:10:46+00:00
CVE-2026-15099,added,,cve_2026_to_now,2026-07-16T09:10:46+00:00
CVE-2026-15103,added,,cve_2026_to_now,2026-07-16T09:10:46+00:00
CVE-2026-15106,added,,cve_2026_to_now,2026-07-16T09:10:46+00:00
CVE-2026-15146,updated,2026-07-15,cve_2026_to_now,2026-07-16T09:10:46+00:00
CVE-2026-15155,updated,2026-07-15,cve_2026_to_now,2026-07-16T09:10:46+00:00
CVE-2026-15305,updated,2026-07-15,cve_2026_to_now,2026-07-16T09:10:46+00:00
CVE-2026-15306,added,,cve_2026_to_now,2026-07-16T09:10:46+00:00
CVE-2026-15324,added,,cve_2026_to_now,2026-07-16T09:10:46+00:00
CVE-2026-15336,added,,cve_2026_to_now,2026-07-16T09:10:46+00:00
CVE-2026-15350,added,,cve_2026_to_now,2026-07-16T09:10:46+00:00
CVE-2026-15392,updated,2026-07-15,cve_2026_to_now,2026-07-16T09:10:46+00:00
CVE-2026-15407,added,,cve_2026_to_now,2026-07-16T09:10:46+00:00
CVE-2026-15409,updated,2026-07-16,cve_2026_to_now,2026-07-16T09:10:46+00:00
CVE-2026-15410,updated,2026-07-16,cve_2026_to_now,2026-07-16T09:10:46+00:00
CVE-2026-15416,updated,2026-07-15,cve_2026_to_now,2026-07-16T09:10:46+00:00
CVE-2026-15445,added,,cve_2026_to_now,2026-07-16T09:10:46+00:00
CVE-2026-15458,added,,cve_2026_to_now,2026-07-16T09:10:46+00:00
CVE-2026-15483,updated,2026-07-15,cve_2026_to_now,2026-07-16T09:10:46+00:00
CVE-2026-15489,updated,2026-07-15,cve_2026_to_now,2026-07-16T09:10:46+00:00
CVE-2026-15495,updated,2026-07-15,cve_2026_to_now,2026-07-16T09:10:46+00:00
CVE-2026-15501,updated,2026-07-15,cve_2026_to_now,2026-07-16T09:10:46+00:00
CVE-2026-15509,updated,2026-07-15,cve_2026_to_now,2026-07-16T09:10:46+00:00
CVE-2026-15515,updated,2026-07-15,cve_2026_to_now,2026-07-16T09:10:46+00:00
CVE-2026-15521,updated,2026-07-15,cve_2026_to_now,2026-07-16T09:10:46+00:00
CVE-2026-15536,updated,2026-07-15,cve_2026_to_now,2026-07-16T09:10:46+00:00
CVE-2026-15542,updated,2026-07-15,cve_2026_to_now,2026-07-16T09:10:46+00:00
CVE-2026-15548,updated,2026-07-15,cve_2026_to_now,2026-07-16T09:10:46+00:00
CVE-2026-15583,updated,2026-07-16,cve_2026_to_now,2026-07-16T09:10:46+00:00
CVE-2026-15594,updated,2026-07-15,cve_2026_to_now,2026-07-16T09:10:46+00:00
CVE-2026-15596,updated,2026-07-15,cve_2026_to_now,2026-07-16T09:10:46+00:00
CVE-2026-15607,updated,2026-07-15,cve_2026_to_now,2026-07-16T09:10:46+00:00
CVE-2026-15610,added,,cve_2026_to_now,2026-07-16T09:10:46+00:00
CVE-2026-15619,updated,2026-07-15,cve_2026_to_now,2026-07-16T09:10:46+00:00
CVE-2026-15624,updated,2026-07-15,cve_2026_to_now,2026-07-16T09:10:46+00:00
CVE-2026-15626,updated,2026-07-15,cve_2026_to_now,2026-07-16T09:10:46+00:00
CVE-2026-15637,updated,2026-07-15,cve_2026_to_now,2026-07-16T09:10:46+00:00
CVE-2026-15641,updated,2026-07-15,cve_2026_to_now,2026-07-16T09:10:46+00:00
CVE-2026-15642,updated,2026-07-15,cve_2026_to_now,2026-07-16T09:10:46+00:00
CVE-2026-15643,updated,2026-07-15,cve_2026_to_now,2026-07-16T09:10:46+00:00
CVE-2026-15651,added,,cve_2026_to_now,2026-07-16T09:10:46+00:00
CVE-2026-15652,added,,cve_2026_to_now,2026-07-16T09:10:46+00:00
CVE-2026-15668,updated,2026-07-15,cve_2026_to_now,2026-07-16T09:10:46+00:00
CVE-2026-15672,updated,2026-07-15,cve_2026_to_now,2026-07-16T09:10:46+00:00
CVE-2026-15678,updated,2026-07-15,cve_2026_to_now,2026-07-16T09:10:46+00:00
CVE-2026-15691,updated,2026-07-15,cve_2026_to_now,2026-07-16T09:10:46+00:00
CVE-2026-15695,updated,2026-07-15,cve_2026_to_now,2026-07-16T09:10:46+00:00
CVE-2026-15697,updated,2026-07-15,cve_2026_to_now,2026-07-16T09:10:46+00:00
CVE-2026-15700,updated,2026-07-15,cve_2026_to_now,2026-07-16T09:10:46+00:00
CVE-2026-15701,updated,2026-07-15,cve_2026_to_now,2026-07-16T09:10:46+00:00
CVE-2026-15702,updated,2026-07-15,cve_2026_to_now,2026-07-16T09:10:46+00:00
CVE-2026-15703,updated,2026-07-15,cve_2026_to_now,2026-07-16T09:10:46+00:00
CVE-2026-15709,updated,2026-07-15,cve_2026_to_now,2026-07-16T09:10:46+00:00
CVE-2026-15711,updated,2026-07-15,cve_2026_to_now,2026-07-16T09:10:46+00:00
CVE-2026-15713,updated,2026-07-15,cve_2026_to_now,2026-07-16T09:10:46+00:00
CVE-2026-15714,updated,2026-07-15,cve_2026_to_now,2026-07-16T09:10:46+00:00
CVE-2026-15720,updated,2026-07-15,cve_2026_to_now,2026-07-16T09:10:46+00:00
CVE-2026-15727,added,,cve_2026_to_now,2026-07-16T09:10:46+00:00
CVE-2026-15738,updated,2026-07-15,cve_2026_to_now,2026-07-16T09:10:46+00:00
CVE-2026-15746,added,,cve_2026_to_now,2026-07-16T09:10:46+00:00
CVE-2026-15747,updated,2026-07-15,cve_2026_to_now,2026-07-16T09:10:46+00:00
CVE-2026-15749,updated,2026-07-15,cve_2026_to_now,2026-07-16T09:10:46+00:00
CVE-2026-15750,updated,2026-07-15,cve_2026_to_now,2026-07-16T09:10:46+00:00
CVE-2026-15751,updated,2026-07-15,cve_2026_to_now,2026-07-16T09:10:46+00:00
CVE-2026-15752,updated,2026-07-15,cve_2026_to_now,2026-07-16T09:10:46+00:00
CVE-2026-15753,updated,2026-07-15,cve_2026_to_now,2026-07-16T09:10:46+00:00
CVE-2026-15757,updated,2026-07-15,cve_2026_to_now,2026-07-16T09:10:46+00:00
CVE-2026-15768,updated,2026-07-15,cve_2026_to_now,2026-07-16T09:10:46+00:00
CVE-2026-15775,updated,2026-07-15,cve_2026_to_now,2026-07-16T09:10:46+00:00
CVE-2026-15778,updated,2026-07-15,cve_2026_to_now,2026-07-16T09:10:46+00:00
CVE-2026-15779,added,,cve_2026_to_now,2026-07-16T09:10:46+00:00
CVE-2026-15804,updated,,cve_2026_to_now,2026-07-16T09:10:46+00:00
CVE-2026-15809,added,2026-07-16,cve_2026_to_now,2026-07-16T09:10:46+00:00
CVE-2026-15895,added,,cve_2026_to_now,2026-07-16T09:10:46+00:00
CVE-2026-15907,added,,cve_2026_to_now,2026-07-16T09:10:46+00:00
CVE-2026-15909,added,,cve_2026_to_now,2026-07-16T09:10:46+00:00
CVE-2026-15921,added,,cve_2026_to_now,2026-07-16T09:10:46+00:00
CVE-2026-15925,added,,cve_2026_to_now,2026-07-16T09:10:46+00:00
CVE-2026-20146,added,,cve_2026_to_now,2026-07-16T09:10:46+00:00
CVE-2026-20150,added,,cve_2026_to_now,2026-07-16T09:10:46+00:00
CVE-2026-20153,added,,cve_2026_to_now,2026-07-16T09:10:46+00:00
CVE-2026-20156,added,,cve_2026_to_now,2026-07-16T09:10:46+00:00
CVE-2026-20157,added,,cve_2026_to_now,2026-07-16T09:10:46+00:00
CVE-2026-20158,added,,cve_2026_to_now,2026-07-16T09:10:46+00:00
CVE-2026-20187,added,,cve_2026_to_now,2026-07-16T09:10:46+00:00
CVE-2026-20296,added,2026-07-16,cve_2026_to_now,2026-07-16T09:10:46+00:00
CVE-2026-20297,added,2026-07-16,cve_2026_to_now,2026-07-16T09:10:46+00:00
CVE-2026-20298,added,2026-07-16,cve_2026_to_now,2026-07-16T09:10:46+00:00
CVE-2026-21720,updated,2026-07-16,cve_2026_to_now,2026-07-16T09:10:46+00:00
CVE-2026-21721,updated,2026-07-16,cve_2026_to_now,2026-07-16T09:10:46+00:00
CVE-2026-21722,updated,2026-07-16,cve_2026_to_now,2026-07-16T09:10:46+00:00
CVE-2026-21724,updated,2026-07-16,cve_2026_to_now,2026-07-16T09:10:46+00:00
CVE-2026-21725,updated,2026-07-16,cve_2026_to_now,2026-07-16T09:10:46+00:00
CVE-2026-21726,updated,2026-07-16,cve_2026_to_now,2026-07-16T09:10:46+00:00
CVE-2026-21727,updated,2026-07-16,cve_2026_to_now,2026-07-16T09:10:46+00:00
CVE-2026-21728,updated,2026-07-16,cve_2026_to_now,2026-07-16T09:10:46+00:00
CVE-2026-21729,added,,cve_2026_to_now,2026-07-16T09:10:46+00:00
CVE-2026-21840,updated,2026-07-15,cve_2026_to_now,2026-07-16T09:10:46+00:00
CVE-2026-23490,updated,2026-07-15,cve_2026_to_now,2026-07-16T09:10:46+00:00
CVE-2026-23538,added,,cve_2026_to_now,2026-07-16T09:10:46+00:00
CVE-2026-24220,updated,2026-07-15,cve_2026_to_now,2026-07-16T09:10:46+00:00
CVE-2026-24226,updated,2026-07-15,cve_2026_to_now,2026-07-16T09:10:46+00:00
CVE-2026-24227,updated,2026-07-15,cve_2026_to_now,2026-07-16T09:10:46+00:00
CVE-2026-24229,updated,2026-07-15,cve_2026_to_now,2026-07-16T09:10:46+00:00
CVE-2026-24233,updated,2026-07-15,cve_2026_to_now,2026-07-16T09:10:46+00:00
CVE-2026-24234,updated,2026-07-15,cve_2026_to_now,2026-07-16T09:10:46+00:00
CVE-2026-24238,updated,2026-07-15,cve_2026_to_now,2026-07-16T09:10:46+00:00
CVE-2026-24259,updated,2026-07-15,cve_2026_to_now,2026-07-16T09:10:46+00:00
CVE-2026-24268,updated,2026-07-15,cve_2026_to_now,2026-07-16T09:10:46+00:00
CVE-2026-24271,updated,2026-07-15,cve_2026_to_now,2026-07-16T09:10:46+00:00
CVE-2026-24272,updated,2026-07-15,cve_2026_to_now,2026-07-16T09:10:46+00:00
CVE-2026-24734,updated,2026-07-15,cve_2026_to_now,2026-07-16T09:10:46+00:00
CVE-2026-25679,updated,2026-07-15,cve_2026_to_now,2026-07-16T09:10:46+00:00
CVE-2026-26032,added,,cve_2026_to_now,2026-07-16T09:10:46+00:00
CVE-2026-26142,updated,2026-07-15,cve_2026_to_now,2026-07-16T09:10:46+00:00
CVE-2026-26145,updated,2026-07-15,cve_2026_to_now,2026-07-16T09:10:46+00:00
CVE-2026-26718,added,,cve_2026_to_now,2026-07-16T09:10:46+00:00
CVE-2026-26719,added,,cve_2026_to_now,2026-07-16T09:10:46+00:00
CVE-2026-27137,updated,2026-07-15,cve_2026_to_now,2026-07-16T09:10:46+00:00
CVE-2026-27145,updated,2026-07-15,cve_2026_to_now,2026-07-16T09:10:46+00:00
CVE-2026-27876,updated,2026-07-16,cve_2026_to_now,2026-07-16T09:10:46+00:00
CVE-2026-27877,updated,2026-07-16,cve_2026_to_now,2026-07-16T09:10:46+00:00
CVE-2026-27878,updated,2026-07-16,cve_2026_to_now,2026-07-16T09:10:46+00:00
CVE-2026-27879,updated,2026-07-16,cve_2026_to_now,2026-07-16T09:10:46+00:00
CVE-2026-27880,updated,2026-07-16,cve_2026_to_now,2026-07-16T09:10:46+00:00
CVE-2026-28374,updated,2026-07-16,cve_2026_to_now,2026-07-16T09:10:46+00:00
CVE-2026-28375,updated,2026-07-16,cve_2026_to_now,2026-07-16T09:10:46+00:00
CVE-2026-28376,updated,2026-07-16,cve_2026_to_now,2026-07-16T09:10:46+00:00
CVE-2026-28377,updated,2026-07-16,cve_2026_to_now,2026-07-16T09:10:46+00:00
CVE-2026-28378,updated,2026-07-16,cve_2026_to_now,2026-07-16T09:10:46+00:00
CVE-2026-28379,updated,2026-07-16,cve_2026_to_now,2026-07-16T09:10:46+00:00
CVE-2026-28380,updated,2026-07-16,cve_2026_to_now,2026-07-16T09:10:46+00:00
CVE-2026-28383,updated,2026-07-16,cve_2026_to_now,2026-07-16T09:10:46+00:00
CVE-2026-30618,added,,cve_2026_to_now,2026-07-16T09:10:46+00:00
CVE-2026-30623,added,,cve_2026_to_now,2026-07-16T09:10:46+00:00
CVE-2026-32174,updated,2026-07-15,cve_2026_to_now,2026-07-16T09:10:46+00:00
CVE-2026-32193,updated,2026-07-15,cve_2026_to_now,2026-07-16T09:10:46+00:00
CVE-2026-32208,updated,2026-07-15,cve_2026_to_now,2026-07-16T09:10:46+00:00
CVE-2026-32280,updated,2026-07-15,cve_2026_to_now,2026-07-16T09:10:46+00:00
CVE-2026-32283,updated,2026-07-15,cve_2026_to_now,2026-07-16T09:10:46+00:00
CVE-2026-32591,updated,2026-07-15,cve_2026_to_now,2026-07-16T09:10:46+00:00
CVE-2026-33113,updated,2026-07-15,cve_2026_to_now,2026-07-16T09:10:46+00:00
CVE-2026-33186,updated,2026-07-15,cve_2026_to_now,2026-07-16T09:10:46+00:00
CVE-2026-33213,added,,cve_2026_to_now,2026-07-16T09:10:46+00:00
CVE-2026-33375,updated,2026-07-16,cve_2026_to_now,2026-07-16T09:10:46+00:00
CVE-2026-33376,updated,2026-07-16,cve_2026_to_now,2026-07-16T09:10:46+00:00
CVE-2026-33377,updated,2026-07-16,cve_2026_to_now,2026-07-16T09:10:46+00:00
CVE-2026-33378,updated,2026-07-16,cve_2026_to_now,2026-07-16T09:10:46+00:00
CVE-2026-33380,updated,2026-07-16,cve_2026_to_now,2026-07-16T09:10:46+00:00
CVE-2026-33381,updated,2026-07-16,cve_2026_to_now,2026-07-16T09:10:46+00:00
CVE-2026-33382,updated,2026-07-16,cve_2026_to_now,2026-07-16T09:10:46+00:00
CVE-2026-33443,added,,cve_2026_to_now,2026-07-16T09:10:46+00:00
CVE-2026-33444,added,,cve_2026_to_now,2026-07-16T09:10:46+00:00
CVE-2026-33445,added,,cve_2026_to_now,2026-07-16T09:10:46+00:00
CVE-2026-33684,added,,cve_2026_to_now,2026-07-16T09:10:46+00:00
CVE-2026-33810,updated,2026-07-15,cve_2026_to_now,2026-07-16T09:10:46+00:00
CVE-2026-33811,updated,2026-07-15,cve_2026_to_now,2026-07-16T09:10:46+00:00
CVE-2026-33828,updated,2026-07-15,cve_2026_to_now,2026-07-16T09:10:46+00:00
CVE-2026-33842,updated,2026-07-15,cve_2026_to_now,2026-07-16T09:10:46+00:00
CVE-2026-34328,updated,2026-07-15,cve_2026_to_now,2026-07-16T09:10:46+00:00
CVE-2026-34335,updated,2026-07-15,cve_2026_to_now,2026-07-16T09:10:46+00:00
CVE-2026-34346,updated,2026-07-15,cve_2026_to_now,2026-07-16T09:10:46+00:00
CVE-2026-34348,updated,2026-07-15,cve_2026_to_now,2026-07-16T09:10:46+00:00
CVE-2026-34349,updated,2026-07-15,cve_2026_to_now,2026-07-16T09:10:46+00:00
CVE-2026-34881,updated,2026-07-15,cve_2026_to_now,2026-07-16T09:10:46+00:00
CVE-2026-34986,updated,2026-07-15,cve_2026_to_now,2026-07-16T09:10:46+00:00
CVE-2026-35152,added,,cve_2026_to_now,2026-07-16T09:10:46+00:00
CVE-2026-35469,updated,2026-07-15,cve_2026_to_now,2026-07-16T09:10:46+00:00
CVE-2026-36035,updated,2026-07-15,cve_2026_to_now,2026-07-16T09:10:46+00:00
CVE-2026-36214,updated,2026-07-15,cve_2026_to_now,2026-07-16T09:10:46+00:00
CVE-2026-36590,added,,cve_2026_to_now,2026-07-16T09:10:46+00:00
CVE-2026-37106,updated,2026-07-15,cve_2026_to_now,2026-07-16T09:10:46+00:00
CVE-2026-38450,updated,2026-07-15,cve_2026_to_now,2026-07-16T09:10:46+00:00
CVE-2026-38752,added,,cve_2026_to_now,2026-07-16T09:10:46+00:00
CVE-2026-38753,added,,cve_2026_to_now,2026-07-16T09:10:46+00:00
CVE-2026-38754,added,,cve_2026_to_now,2026-07-16T09:10:46+00:00
CVE-2026-38755,added,,cve_2026_to_now,2026-07-16T09:10:46+00:00
CVE-2026-38974,added,,cve_2026_to_now,2026-07-16T09:10:46+00:00
CVE-2026-39820,updated,2026-07-15,cve_2026_to_now,2026-07-16T09:10:46+00:00
CVE-2026-39821,updated,2026-07-15,cve_2026_to_now,2026-07-16T09:10:46+00:00
CVE-2026-39828,updated,2026-07-15,cve_2026_to_now,2026-07-16T09:10:46+00:00
CVE-2026-39829,updated,2026-07-15,cve_2026_to_now,2026-07-16T09:10:46+00:00
CVE-2026-39830,updated,2026-07-15,cve_2026_to_now,2026-07-16T09:10:46+00:00
CVE-2026-39832,updated,2026-07-15,cve_2026_to_now,2026-07-16T09:10:46+00:00
CVE-2026-39835,updated,2026-07-15,cve_2026_to_now,2026-07-16T09:10:46+00:00
CVE-2026-40371,updated,2026-07-15,cve_2026_to_now,2026-07-16T09:10:46+00:00
CVE-2026-40376,updated,2026-07-15,cve_2026_to_now,2026-07-16T09:10:46+00:00
CVE-2026-40378,updated,2026-07-15,cve_2026_to_now,2026-07-16T09:10:46+00:00
CVE-2026-40400,updated,2026-07-15,cve_2026_to_now,2026-07-16T09:10:46+00:00
CVE-2026-40404,updated,2026-07-15,cve_2026_to_now,2026-07-16T09:10:46+00:00
CVE-2026-40409,updated,2026-07-15,cve_2026_to_now,2026-07-16T09:10:46+00:00
CVE-2026-40422,updated,2026-07-15,cve_2026_to_now,2026-07-16T09:10:46+00:00
CVE-2026-40501,added,,cve_2026_to_now,2026-07-16T09:10:46+00:00
CVE-2026-40633,added,,cve_2026_to_now,2026-07-16T09:10:46+00:00
CVE-2026-40952,added,,cve_2026_to_now,2026-07-16T09:10:46+00:00
CVE-2026-40953,added,,cve_2026_to_now,2026-07-16T09:10:46+00:00
CVE-2026-40954,added,,cve_2026_to_now,2026-07-16T09:10:46+00:00
CVE-2026-40955,added,,cve_2026_to_now,2026-07-16T09:10:46+00:00
CVE-2026-40956,added,,cve_2026_to_now,2026-07-16T09:10:46+00:00
CVE-2026-40957,added,,cve_2026_to_now,2026-07-16T09:10:46+00:00
CVE-2026-40958,added,,cve_2026_to_now,2026-07-16T09:10:46+00:00
CVE-2026-41087,updated,2026-07-15,cve_2026_to_now,2026-07-16T09:10:46+00:00
CVE-2026-41092,updated,2026-07-15,cve_2026_to_now,2026-07-16T09:10:46+00:00
CVE-2026-41098,updated,2026-07-15,cve_2026_to_now,2026-07-16T09:10:46+00:00
CVE-2026-41106,updated,2026-07-15,cve_2026_to_now,2026-07-16T09:10:46+00:00
CVE-2026-41108,updated,2026-07-15,cve_2026_to_now,2026-07-16T09:10:46+00:00
CVE-2026-41109,updated,2026-07-15,cve_2026_to_now,2026-07-16T09:10:46+00:00
CVE-2026-41580,added,,cve_2026_to_now,2026-07-16T09:10:46+00:00
CVE-2026-42012,updated,2026-07-15,cve_2026_to_now,2026-07-16T09:10:46+00:00
CVE-2026-42013,updated,2026-07-15,cve_2026_to_now,2026-07-16T09:10:46+00:00
CVE-2026-42014,updated,2026-07-15,cve_2026_to_now,2026-07-16T09:10:46+00:00
CVE-2026-42015,updated,2026-07-15,cve_2026_to_now,2026-07-16T09:10:46+00:00
CVE-2026-42049,updated,2026-07-15,cve_2026_to_now,2026-07-16T09:10:46+00:00
CVE-2026-42127,updated,2026-07-16,cve_2026_to_now,2026-07-16T09:10:46+00:00
CVE-2026-42129,updated,2026-07-16,cve_2026_to_now,2026-07-16T09:10:46+00:00
CVE-2026-42264,updated,2026-07-15,cve_2026_to_now,2026-07-16T09:10:46+00:00
CVE-2026-42447,updated,2026-07-15,cve_2026_to_now,2026-07-16T09:10:46+00:00
CVE-2026-42508,updated,2026-07-15,cve_2026_to_now,2026-07-16T09:10:46+00:00
CVE-2026-42533,added,2026-07-16,cve_2026_to_now,2026-07-16T09:10:46+00:00
CVE-2026-42789,updated,2026-07-16,cve_2026_to_now,2026-07-16T09:10:46+00:00
CVE-2026-42790,updated,2026-07-16,cve_2026_to_now,2026-07-16T09:10:46+00:00
CVE-2026-42824,updated,2026-07-15,cve_2026_to_now,2026-07-16T09:10:46+00:00
CVE-2026-42828,updated,2026-07-15,cve_2026_to_now,2026-07-16T09:10:46+00:00
CVE-2026-42829,updated,2026-07-15,cve_2026_to_now,2026-07-16T09:10:46+00:00
CVE-2026-42835,updated,2026-07-15,cve_2026_to_now,2026-07-16T09:10:46+00:00
CVE-2026-42836,updated,2026-07-15,cve_2026_to_now,2026-07-16T09:10:46+00:00
CVE-2026-42837,updated,2026-07-15,cve_2026_to_now,2026-07-16T09:10:46+00:00
CVE-2026-42895,updated,2026-07-15,cve_2026_to_now,2026-07-16T09:10:46+00:00
CVE-2026-42900,updated,2026-07-15,cve_2026_to_now,2026-07-16T09:10:46+00:00
CVE-2026-42902,updated,2026-07-15,cve_2026_to_now,2026-07-16T09:10:46+00:00
CVE-2026-42903,updated,2026-07-15,cve_2026_to_now,2026-07-16T09:10:46+00:00
CVE-2026-42904,updated,2026-07-15,cve_2026_to_now,2026-07-16T09:10:46+00:00
CVE-2026-42905,updated,2026-07-15,cve_2026_to_now,2026-07-16T09:10:46+00:00
CVE-2026-42906,updated,2026-07-15,cve_2026_to_now,2026-07-16T09:10:46+00:00
CVE-2026-42907,updated,2026-07-15,cve_2026_to_now,2026-07-16T09:10:46+00:00
CVE-2026-42908,updated,2026-07-15,cve_2026_to_now,2026-07-16T09:10:46+00:00
CVE-2026-42909,updated,2026-07-15,cve_2026_to_now,2026-07-16T09:10:46+00:00
CVE-2026-42910,updated,2026-07-15,cve_2026_to_now,2026-07-16T09:10:46+00:00
CVE-2026-42911,updated,2026-07-15,cve_2026_to_now,2026-07-16T09:10:46+00:00
CVE-2026-42912,updated,2026-07-15,cve_2026_to_now,2026-07-16T09:10:46+00:00
CVE-2026-42913,updated,2026-07-15,cve_2026_to_now,2026-07-16T09:10:46+00:00
CVE-2026-42914,updated,2026-07-15,cve_2026_to_now,2026-07-16T09:10:46+00:00
CVE-2026-42915,updated,2026-07-15,cve_2026_to_now,2026-07-16T09:10:46+00:00
CVE-2026-42916,updated,2026-07-15,cve_2026_to_now,2026-07-16T09:10:46+00:00
CVE-2026-42936,updated,,cve_2026_to_now,2026-07-16T09:10:46+00:00
CVE-2026-42968,updated,2026-07-15,cve_2026_to_now,2026-07-16T09:10:46+00:00
CVE-2026-42969,updated,2026-07-15,cve_2026_to_now,2026-07-16T09:10:46+00:00
CVE-2026-42970,updated,2026-07-15,cve_2026_to_now,2026-07-16T09:10:46+00:00
CVE-2026-42971,updated,2026-07-15,cve_2026_to_now,2026-07-16T09:10:46+00:00
CVE-2026-42972,updated,2026-07-15,cve_2026_to_now,2026-07-16T09:10:46+00:00
CVE-2026-42973,updated,2026-07-15,cve_2026_to_now,2026-07-16T09:10:46+00:00
CVE-2026-42974,updated,2026-07-15,cve_2026_to_now,2026-07-16T09:10:46+00:00
CVE-2026-42975,updated,2026-07-15,cve_2026_to_now,2026-07-16T09:10:46+00:00
CVE-2026-42977,updated,2026-07-15,cve_2026_to_now,2026-07-16T09:10:46+00:00
CVE-2026-42978,updated,2026-07-15,cve_2026_to_now,2026-07-16T09:10:46+00:00
CVE-2026-42979,updated,2026-07-15,cve_2026_to_now,2026-07-16T09:10:46+00:00
CVE-2026-42980,updated,2026-07-15,cve_2026_to_now,2026-07-16T09:10:46+00:00
CVE-2026-42981,updated,2026-07-15,cve_2026_to_now,2026-07-16T09:10:46+00:00
CVE-2026-42982,updated,2026-07-15,cve_2026_to_now,2026-07-16T09:10:46+00:00
CVE-2026-42983,updated,2026-07-15,cve_2026_to_now,2026-07-16T09:10:46+00:00
CVE-2026-42984,updated,2026-07-15,cve_2026_to_now,2026-07-16T09:10:46+00:00
CVE-2026-42985,updated,2026-07-15,cve_2026_to_now,2026-07-16T09:10:46+00:00
CVE-2026-42986,updated,2026-07-15,cve_2026_to_now,2026-07-16T09:10:46+00:00
CVE-2026-42987,updated,2026-07-15,cve_2026_to_now,2026-07-16T09:10:46+00:00
CVE-2026-42989,updated,2026-07-15,cve_2026_to_now,2026-07-16T09:10:46+00:00
CVE-2026-42990,updated,2026-07-15,cve_2026_to_now,2026-07-16T09:10:46+00:00
CVE-2026-42991,updated,2026-07-15,cve_2026_to_now,2026-07-16T09:10:46+00:00
CVE-2026-42992,updated,2026-07-15,cve_2026_to_now,2026-07-16T09:10:46+00:00
CVE-2026-42993,updated,2026-07-15,cve_2026_to_now,2026-07-16T09:10:46+00:00
CVE-2026-42997,updated,2026-07-15,cve_2026_to_now,2026-07-16T09:10:46+00:00
CVE-2026-43001,updated,2026-07-15,cve_2026_to_now,2026-07-16T09:10:46+00:00
CVE-2026-43637,added,,cve_2026_to_now,2026-07-16T09:10:46+00:00
CVE-2026-44799,updated,2026-07-15,cve_2026_to_now,2026-07-16T09:10:46+00:00
CVE-2026-44800,updated,2026-07-15,cve_2026_to_now,2026-07-16T09:10:46+00:00
CVE-2026-44801,updated,2026-07-15,cve_2026_to_now,2026-07-16T09:10:46+00:00
CVE-2026-44802,updated,2026-07-15,cve_2026_to_now,2026-07-16T09:10:46+00:00
CVE-2026-44803,updated,2026-07-15,cve_2026_to_now,2026-07-16T09:10:46+00:00
CVE-2026-44804,updated,2026-07-15,cve_2026_to_now,2026-07-16T09:10:46+00:00
CVE-2026-44805,updated,2026-07-15,cve_2026_to_now,2026-07-16T09:10:46+00:00
CVE-2026-44806,updated,2026-07-15,cve_2026_to_now,2026-07-16T09:10:46+00:00
CVE-2026-44807,updated,2026-07-15,cve_2026_to_now,2026-07-16T09:10:46+00:00
CVE-2026-44808,updated,2026-07-15,cve_2026_to_now,2026-07-16T09:10:46+00:00
CVE-2026-44809,updated,2026-07-15,cve_2026_to_now,2026-07-16T09:10:46+00:00
CVE-2026-44810,updated,2026-07-15,cve_2026_to_now,2026-07-16T09:10:46+00:00
CVE-2026-44811,updated,2026-07-15,cve_2026_to_now,2026-07-16T09:10:46+00:00
CVE-2026-44812,updated,2026-07-15,cve_2026_to_now,2026-07-16T09:10:46+00:00
CVE-2026-44813,updated,2026-07-15,cve_2026_to_now,2026-07-16T09:10:46+00:00
CVE-2026-44814,updated,2026-07-15,cve_2026_to_now,2026-07-16T09:10:46+00:00
CVE-2026-44815,updated,2026-07-15,cve_2026_to_now,2026-07-16T09:10:46+00:00
CVE-2026-44817,updated,2026-07-15,cve_2026_to_now,2026-07-16T09:10:46+00:00
CVE-2026-44818,updated,2026-07-15,cve_2026_to_now,2026-07-16T09:10:46+00:00
CVE-2026-44819,updated,2026-07-15,cve_2026_to_now,2026-07-16T09:10:46+00:00
CVE-2026-44820,updated,2026-07-15,cve_2026_to_now,2026-07-16T09:10:46+00:00
CVE-2026-44821,updated,2026-07-15,cve_2026_to_now,2026-07-16T09:10:46+00:00
CVE-2026-44822,updated,2026-07-15,cve_2026_to_now,2026-07-16T09:10:46+00:00
CVE-2026-44823,updated,2026-07-15,cve_2026_to_now,2026-07-16T09:10:46+00:00
CVE-2026-44824,updated,2026-07-15,cve_2026_to_now,2026-07-16T09:10:46+00:00
CVE-2026-44986,added,,cve_2026_to_now,2026-07-16T09:10:46+00:00
CVE-2026-45068,updated,2026-07-15,cve_2026_to_now,2026-07-16T09:10:46+00:00
CVE-2026-45071,updated,2026-07-15,cve_2026_to_now,2026-07-16T09:10:46+00:00
CVE-2026-45072,updated,2026-07-15,cve_2026_to_now,2026-07-16T09:10:46+00:00
CVE-2026-45133,updated,2026-07-15,cve_2026_to_now,2026-07-16T09:10:46+00:00
CVE-2026-45150,added,,cve_2026_to_now,2026-07-16T09:10:46+00:00
CVE-2026-45305,updated,2026-07-15,cve_2026_to_now,2026-07-16T09:10:46+00:00
CVE-2026-45313,added,,cve_2026_to_now,2026-07-16T09:10:46+00:00
CVE-2026-45320,added,,cve_2026_to_now,2026-07-16T09:10:46+00:00
CVE-2026-45337,added,,cve_2026_to_now,2026-07-16T09:10:46+00:00
CVE-2026-45363,updated,2026-07-15,cve_2026_to_now,2026-07-16T09:10:46+00:00
CVE-2026-45417,added,,cve_2026_to_now,2026-07-16T09:10:46+00:00
CVE-2026-45419,added,,cve_2026_to_now,2026-07-16T09:10:46+00:00
CVE-2026-45447,updated,2026-07-15,cve_2026_to_now,2026-07-16T09:10:46+00:00
CVE-2026-45453,updated,2026-07-15,cve_2026_to_now,2026-07-16T09:10:46+00:00
CVE-2026-45454,updated,2026-07-15,cve_2026_to_now,2026-07-16T09:10:46+00:00
CVE-2026-45455,updated,2026-07-15,cve_2026_to_now,2026-07-16T09:10:46+00:00
CVE-2026-45456,updated,2026-07-15,cve_2026_to_now,2026-07-16T09:10:46+00:00
CVE-2026-45457,updated,2026-07-15,cve_2026_to_now,2026-07-16T09:10:46+00:00
CVE-2026-45458,updated,2026-07-15,cve_2026_to_now,2026-07-16T09:10:46+00:00
CVE-2026-45459,updated,2026-07-15,cve_2026_to_now,2026-07-16T09:10:46+00:00
CVE-2026-45460,updated,2026-07-15,cve_2026_to_now,2026-07-16T09:10:46+00:00
CVE-2026-45461,updated,2026-07-15,cve_2026_to_now,2026-07-16T09:10:46+00:00
CVE-2026-45462,updated,2026-07-15,cve_2026_to_now,2026-07-16T09:10:46+00:00
CVE-2026-45463,updated,2026-07-15,cve_2026_to_now,2026-07-16T09:10:46+00:00
CVE-2026-45464,updated,2026-07-15,cve_2026_to_now,2026-07-16T09:10:46+00:00
CVE-2026-45465,updated,2026-07-15,cve_2026_to_now,2026-07-16T09:10:46+00:00
CVE-2026-45466,updated,2026-07-15,cve_2026_to_now,2026-07-16T09:10:46+00:00
CVE-2026-45467,updated,2026-07-15,cve_2026_to_now,2026-07-16T09:10:46+00:00
CVE-2026-45468,updated,2026-07-15,cve_2026_to_now,2026-07-16T09:10:46+00:00
CVE-2026-45469,updated,2026-07-15,cve_2026_to_now,2026-07-16T09:10:46+00:00
CVE-2026-45471,updated,2026-07-15,cve_2026_to_now,2026-07-16T09:10:46+00:00
CVE-2026-45472,updated,2026-07-15,cve_2026_to_now,2026-07-16T09:10:46+00:00
CVE-2026-45474,updated,2026-07-15,cve_2026_to_now,2026-07-16T09:10:46+00:00
CVE-2026-45475,updated,2026-07-15,cve_2026_to_now,2026-07-16T09:10:46+00:00
CVE-2026-45476,updated,2026-07-15,cve_2026_to_now,2026-07-16T09:10:46+00:00
CVE-2026-45479,updated,2026-07-15,cve_2026_to_now,2026-07-16T09:10:46+00:00
CVE-2026-45480,updated,2026-07-15,cve_2026_to_now,2026-07-16T09:10:46+00:00
CVE-2026-45481,updated,2026-07-15,cve_2026_to_now,2026-07-16T09:10:46+00:00
CVE-2026-45482,updated,2026-07-15,cve_2026_to_now,2026-07-16T09:10:46+00:00
CVE-2026-45483,updated,2026-07-15,cve_2026_to_now,2026-07-16T09:10:46+00:00
CVE-2026-45484,updated,2026-07-15,cve_2026_to_now,2026-07-16T09:10:46+00:00
CVE-2026-45485,updated,2026-07-15,cve_2026_to_now,2026-07-16T09:10:46+00:00
CVE-2026-45486,updated,2026-07-15,cve_2026_to_now,2026-07-16T09:10:46+00:00
CVE-2026-45487,updated,2026-07-15,cve_2026_to_now,2026-07-16T09:10:46+00:00
CVE-2026-45488,updated,2026-07-15,cve_2026_to_now,2026-07-16T09:10:46+00:00
CVE-2026-45489,updated,2026-07-15,cve_2026_to_now,2026-07-16T09:10:46+00:00
CVE-2026-45490,updated,2026-07-15,cve_2026_to_now,2026-07-16T09:10:46+00:00
CVE-2026-45491,updated,2026-07-15,cve_2026_to_now,2026-07-16T09:10:46+00:00
CVE-2026-45496,updated,2026-07-15,cve_2026_to_now,2026-07-16T09:10:46+00:00
CVE-2026-45497,updated,2026-07-15,cve_2026_to_now,2026-07-16T09:10:46+00:00
CVE-2026-45499,updated,2026-07-15,cve_2026_to_now,2026-07-16T09:10:46+00:00
CVE-2026-45500,updated,2026-07-15,cve_2026_to_now,2026-07-16T09:10:46+00:00
CVE-2026-45501,updated,2026-07-15,cve_2026_to_now,2026-07-16T09:10:46+00:00
CVE-2026-45502,updated,2026-07-15,cve_2026_to_now,2026-07-16T09:10:46+00:00
CVE-2026-45503,updated,2026-07-15,cve_2026_to_now,2026-07-16T09:10:46+00:00
CVE-2026-45504,updated,2026-07-15,cve_2026_to_now,2026-07-16T09:10:46+00:00
CVE-2026-45533,added,,cve_2026_to_now,2026-07-16T09:10:46+00:00
CVE-2026-45534,added,,cve_2026_to_now,2026-07-16T09:10:46+00:00
CVE-2026-45535,added,,cve_2026_to_now,2026-07-16T09:10:46+00:00
CVE-2026-45583,updated,2026-07-15,cve_2026_to_now,2026-07-16T09:10:46+00:00
CVE-2026-45586,updated,2026-07-15,cve_2026_to_now,2026-07-16T09:10:46+00:00
CVE-2026-45588,updated,2026-07-15,cve_2026_to_now,2026-07-16T09:10:46+00:00
CVE-2026-45591,updated,2026-07-15,cve_2026_to_now,2026-07-16T09:10:46+00:00
CVE-2026-45592,updated,2026-07-15,cve_2026_to_now,2026-07-16T09:10:46+00:00
CVE-2026-45593,updated,2026-07-15,cve_2026_to_now,2026-07-16T09:10:46+00:00
CVE-2026-45594,updated,2026-07-15,cve_2026_to_now,2026-07-16T09:10:46+00:00
CVE-2026-45595,updated,2026-07-15,cve_2026_to_now,2026-07-16T09:10:46+00:00
CVE-2026-45596,updated,2026-07-15,cve_2026_to_now,2026-07-16T09:10:46+00:00
CVE-2026-45597,updated,2026-07-15,cve_2026_to_now,2026-07-16T09:10:46+00:00
CVE-2026-45598,updated,2026-07-15,cve_2026_to_now,2026-07-16T09:10:46+00:00
CVE-2026-45599,updated,2026-07-15,cve_2026_to_now,2026-07-16T09:10:46+00:00
CVE-2026-45600,updated,2026-07-15,cve_2026_to_now,2026-07-16T09:10:46+00:00
CVE-2026-45601,updated,2026-07-15,cve_2026_to_now,2026-07-16T09:10:46+00:00
CVE-2026-45602,updated,2026-07-15,cve_2026_to_now,2026-07-16T09:10:46+00:00
CVE-2026-45603,updated,2026-07-15,cve_2026_to_now,2026-07-16T09:10:46+00:00
CVE-2026-45604,updated,2026-07-15,cve_2026_to_now,2026-07-16T09:10:46+00:00
CVE-2026-45605,updated,2026-07-15,cve_2026_to_now,2026-07-16T09:10:46+00:00
CVE-2026-45606,updated,2026-07-15,cve_2026_to_now,2026-07-16T09:10:46+00:00
CVE-2026-45607,updated,2026-07-15,cve_2026_to_now,2026-07-16T09:10:46+00:00
CVE-2026-45608,updated,2026-07-15,cve_2026_to_now,2026-07-16T09:10:46+00:00
CVE-2026-45634,updated,2026-07-15,cve_2026_to_now,2026-07-16T09:10:46+00:00
CVE-2026-45635,updated,2026-07-15,cve_2026_to_now,2026-07-16T09:10:46+00:00
CVE-2026-45636,updated,2026-07-15,cve_2026_to_now,2026-07-16T09:10:46+00:00
CVE-2026-45637,updated,2026-07-15,cve_2026_to_now,2026-07-16T09:10:46+00:00
CVE-2026-45638,updated,2026-07-15,cve_2026_to_now,2026-07-16T09:10:46+00:00
CVE-2026-45639,updated,2026-07-15,cve_2026_to_now,2026-07-16T09:10:46+00:00
CVE-2026-45640,updated,2026-07-15,cve_2026_to_now,2026-07-16T09:10:46+00:00
CVE-2026-45641,updated,2026-07-15,cve_2026_to_now,2026-07-16T09:10:46+00:00
CVE-2026-45642,updated,2026-07-15,cve_2026_to_now,2026-07-16T09:10:46+00:00
CVE-2026-45643,updated,2026-07-15,cve_2026_to_now,2026-07-16T09:10:46+00:00
CVE-2026-45644,updated,2026-07-15,cve_2026_to_now,2026-07-16T09:10:46+00:00
CVE-2026-45645,updated,2026-07-15,cve_2026_to_now,2026-07-16T09:10:46+00:00
CVE-2026-45646,updated,2026-07-15,cve_2026_to_now,2026-07-16T09:10:46+00:00
CVE-2026-45647,updated,2026-07-15,cve_2026_to_now,2026-07-16T09:10:46+00:00
CVE-2026-45648,updated,2026-07-15,cve_2026_to_now,2026-07-16T09:10:46+00:00
CVE-2026-45649,updated,2026-07-15,cve_2026_to_now,2026-07-16T09:10:46+00:00
CVE-2026-45650,updated,2026-07-15,cve_2026_to_now,2026-07-16T09:10:46+00:00
CVE-2026-45653,updated,2026-07-15,cve_2026_to_now,2026-07-16T09:10:46+00:00
CVE-2026-45654,updated,2026-07-15,cve_2026_to_now,2026-07-16T09:10:46+00:00
CVE-2026-45655,updated,2026-07-15,cve_2026_to_now,2026-07-16T09:10:46+00:00
CVE-2026-45656,updated,2026-07-15,cve_2026_to_now,2026-07-16T09:10:46+00:00
CVE-2026-45657,updated,2026-07-15,cve_2026_to_now,2026-07-16T09:10:46+00:00
CVE-2026-45658,updated,2026-07-15,cve_2026_to_now,2026-07-16T09:10:46+00:00
CVE-2026-45736,updated,2026-07-15,cve_2026_to_now,2026-07-16T09:10:46+00:00
CVE-2026-45737,added,,cve_2026_to_now,2026-07-16T09:10:46+00:00
CVE-2026-45738,added,,cve_2026_to_now,2026-07-16T09:10:46+00:00
CVE-2026-45793,added,,cve_2026_to_now,2026-07-16T09:10:46+00:00
CVE-2026-45804,added,,cve_2026_to_now,2026-07-16T09:10:46+00:00
CVE-2026-45805,added,,cve_2026_to_now,2026-07-16T09:10:46+00:00
CVE-2026-45806,added,,cve_2026_to_now,2026-07-16T09:10:46+00:00
CVE-2026-45829,updated,2026-07-15,cve_2026_to_now,2026-07-16T09:10:46+00:00
CVE-2026-46339,added,,cve_2026_to_now,2026-07-16T09:10:46+00:00
CVE-2026-46421,added,,cve_2026_to_now,2026-07-16T09:10:46+00:00
CVE-2026-46458,added,,cve_2026_to_now,2026-07-16T09:10:46+00:00
CVE-2026-46459,added,,cve_2026_to_now,2026-07-16T09:10:46+00:00
CVE-2026-46485,added,,cve_2026_to_now,2026-07-16T09:10:46+00:00
CVE-2026-46579,updated,2026-07-15,cve_2026_to_now,2026-07-16T09:10:46+00:00
CVE-2026-46595,updated,2026-07-15,cve_2026_to_now,2026-07-16T09:10:46+00:00
CVE-2026-46628,updated,2026-07-15,cve_2026_to_now,2026-07-16T09:10:46+00:00
CVE-2026-46629,updated,2026-07-15,cve_2026_to_now,2026-07-16T09:10:46+00:00
CVE-2026-46633,updated,2026-07-16,cve_2026_to_now,2026-07-16T09:10:46+00:00
CVE-2026-46634,updated,2026-07-16,cve_2026_to_now,2026-07-16T09:10:46+00:00
CVE-2026-46635,updated,2026-07-15,cve_2026_to_now,2026-07-16T09:10:46+00:00
CVE-2026-46638,updated,2026-07-15,cve_2026_to_now,2026-07-16T09:10:46+00:00
CVE-2026-46639,updated,2026-07-15,cve_2026_to_now,2026-07-16T09:10:46+00:00
CVE-2026-46640,updated,2026-07-16,cve_2026_to_now,2026-07-16T09:10:46+00:00
CVE-2026-46644,updated,2026-07-15,cve_2026_to_now,2026-07-16T09:10:46+00:00
CVE-2026-46684,added,,cve_2026_to_now,2026-07-16T09:10:46+00:00
CVE-2026-46709,added,2026-07-16,cve_2026_to_now,2026-07-16T09:10:46+00:00
CVE-2026-46817,updated,2026-07-16,cve_2026_to_now,2026-07-16T09:10:46+00:00
CVE-2026-47158,added,,cve_2026_to_now,2026-07-16T09:10:46+00:00
CVE-2026-47159,added,,cve_2026_to_now,2026-07-16T09:10:46+00:00
CVE-2026-47160,added,,cve_2026_to_now,2026-07-16T09:10:46+00:00
CVE-2026-47164,added,,cve_2026_to_now,2026-07-16T09:10:46+00:00
CVE-2026-47212,updated,2026-07-15,cve_2026_to_now,2026-07-16T09:10:46+00:00
CVE-2026-47281,updated,2026-07-15,cve_2026_to_now,2026-07-16T09:10:46+00:00
CVE-2026-47282,updated,2026-07-15,cve_2026_to_now,2026-07-16T09:10:46+00:00
CVE-2026-47284,updated,2026-07-15,cve_2026_to_now,2026-07-16T09:10:46+00:00
CVE-2026-47287,updated,2026-07-15,cve_2026_to_now,2026-07-16T09:10:46+00:00
CVE-2026-47288,updated,2026-07-15,cve_2026_to_now,2026-07-16T09:10:46+00:00
CVE-2026-47289,updated,2026-07-15,cve_2026_to_now,2026-07-16T09:10:46+00:00
CVE-2026-47290,updated,2026-07-15,cve_2026_to_now,2026-07-16T09:10:46+00:00
CVE-2026-47291,updated,2026-07-15,cve_2026_to_now,2026-07-16T09:10:46+00:00
CVE-2026-47292,updated,2026-07-15,cve_2026_to_now,2026-07-16T09:10:46+00:00
CVE-2026-47293,updated,2026-07-15,cve_2026_to_now,2026-07-16T09:10:46+00:00
CVE-2026-47295,updated,2026-07-15,cve_2026_to_now,2026-07-16T09:10:46+00:00
CVE-2026-47296,updated,2026-07-15,cve_2026_to_now,2026-07-16T09:10:46+00:00
CVE-2026-47298,updated,2026-07-15,cve_2026_to_now,2026-07-16T09:10:46+00:00
CVE-2026-47300,updated,2026-07-15,cve_2026_to_now,2026-07-16T09:10:46+00:00
CVE-2026-47301,updated,2026-07-15,cve_2026_to_now,2026-07-16T09:10:46+00:00
CVE-2026-47302,updated,2026-07-15,cve_2026_to_now,2026-07-16T09:10:46+00:00
CVE-2026-47303,updated,2026-07-15,cve_2026_to_now,2026-07-16T09:10:46+00:00
CVE-2026-47304,updated,2026-07-15,cve_2026_to_now,2026-07-16T09:10:46+00:00
CVE-2026-47305,updated,2026-07-15,cve_2026_to_now,2026-07-16T09:10:46+00:00
CVE-2026-47349,updated,2026-07-15,cve_2026_to_now,2026-07-16T09:10:46+00:00
CVE-2026-47350,updated,2026-07-15,cve_2026_to_now,2026-07-16T09:10:46+00:00
CVE-2026-47352,updated,2026-07-15,cve_2026_to_now,2026-07-16T09:10:46+00:00
CVE-2026-47428,updated,2026-07-15,cve_2026_to_now,2026-07-16T09:10:46+00:00
CVE-2026-47470,updated,2026-07-15,cve_2026_to_now,2026-07-16T09:10:46+00:00
CVE-2026-47471,updated,2026-07-15,cve_2026_to_now,2026-07-16T09:10:46+00:00
CVE-2026-47472,updated,2026-07-15,cve_2026_to_now,2026-07-16T09:10:46+00:00
CVE-2026-47473,updated,2026-07-15,cve_2026_to_now,2026-07-16T09:10:46+00:00
CVE-2026-47475,updated,2026-07-15,cve_2026_to_now,2026-07-16T09:10:46+00:00
CVE-2026-47476,updated,2026-07-15,cve_2026_to_now,2026-07-16T09:10:46+00:00
CVE-2026-47477,updated,2026-07-15,cve_2026_to_now,2026-07-16T09:10:46+00:00
CVE-2026-47478,updated,2026-07-15,cve_2026_to_now,2026-07-16T09:10:46+00:00
CVE-2026-47479,updated,2026-07-15,cve_2026_to_now,2026-07-16T09:10:46+00:00
CVE-2026-47480,updated,2026-07-15,cve_2026_to_now,2026-07-16T09:10:46+00:00
CVE-2026-47481,updated,2026-07-15,cve_2026_to_now,2026-07-16T09:10:46+00:00
CVE-2026-47482,updated,2026-07-15,cve_2026_to_now,2026-07-16T09:10:46+00:00
CVE-2026-47631,updated,2026-07-15,cve_2026_to_now,2026-07-16T09:10:46+00:00
CVE-2026-47632,updated,2026-07-15,cve_2026_to_now,2026-07-16T09:10:46+00:00
CVE-2026-47633,updated,2026-07-15,cve_2026_to_now,2026-07-16T09:10:46+00:00
CVE-2026-47634,updated,2026-07-15,cve_2026_to_now,2026-07-16T09:10:46+00:00
CVE-2026-47635,updated,2026-07-15,cve_2026_to_now,2026-07-16T09:10:46+00:00
CVE-2026-47636,updated,2026-07-15,cve_2026_to_now,2026-07-16T09:10:46+00:00
CVE-2026-47637,updated,2026-07-15,cve_2026_to_now,2026-07-16T09:10:46+00:00
CVE-2026-47638,updated,2026-07-15,cve_2026_to_now,2026-07-16T09:10:46+00:00
CVE-2026-47639,updated,2026-07-15,cve_2026_to_now,2026-07-16T09:10:46+00:00
CVE-2026-47640,updated,2026-07-15,cve_2026_to_now,2026-07-16T09:10:46+00:00
CVE-2026-47641,updated,2026-07-15,cve_2026_to_now,2026-07-16T09:10:46+00:00
CVE-2026-47642,updated,2026-07-15,cve_2026_to_now,2026-07-16T09:10:46+00:00
CVE-2026-47643,updated,2026-07-15,cve_2026_to_now,2026-07-16T09:10:46+00:00
CVE-2026-47644,updated,2026-07-15,cve_2026_to_now,2026-07-16T09:10:46+00:00
CVE-2026-47645,updated,2026-07-15,cve_2026_to_now,2026-07-16T09:10:46+00:00
CVE-2026-47646,updated,2026-07-15,cve_2026_to_now,2026-07-16T09:10:46+00:00
CVE-2026-47647,updated,2026-07-15,cve_2026_to_now,2026-07-16T09:10:46+00:00
CVE-2026-47648,updated,2026-07-15,cve_2026_to_now,2026-07-16T09:10:46+00:00
CVE-2026-47652,updated,2026-07-15,cve_2026_to_now,2026-07-16T09:10:46+00:00
CVE-2026-47653,updated,2026-07-15,cve_2026_to_now,2026-07-16T09:10:46+00:00
CVE-2026-47654,updated,2026-07-15,cve_2026_to_now,2026-07-16T09:10:46+00:00
CVE-2026-47655,updated,2026-07-15,cve_2026_to_now,2026-07-16T09:10:46+00:00
CVE-2026-47656,updated,2026-07-15,cve_2026_to_now,2026-07-16T09:10:46+00:00
CVE-2026-47703,added,,cve_2026_to_now,2026-07-16T09:10:46+00:00
CVE-2026-47732,updated,2026-07-15,cve_2026_to_now,2026-07-16T09:10:46+00:00
CVE-2026-47736,updated,2026-07-15,cve_2026_to_now,2026-07-16T09:10:46+00:00
CVE-2026-47737,updated,2026-07-15,cve_2026_to_now,2026-07-16T09:10:46+00:00
CVE-2026-47971,updated,2026-07-15,cve_2026_to_now,2026-07-16T09:10:46+00:00
CVE-2026-47976,updated,2026-07-15,cve_2026_to_now,2026-07-16T09:10:46+00:00
CVE-2026-47979,updated,2026-07-15,cve_2026_to_now,2026-07-16T09:10:46+00:00
CVE-2026-47984,updated,2026-07-15,cve_2026_to_now,2026-07-16T09:10:46+00:00
CVE-2026-47988,updated,2026-07-15,cve_2026_to_now,2026-07-16T09:10:46+00:00
CVE-2026-47992,updated,2026-07-15,cve_2026_to_now,2026-07-16T09:10:46+00:00
CVE-2026-47995,updated,2026-07-15,cve_2026_to_now,2026-07-16T09:10:46+00:00
CVE-2026-47996,updated,2026-07-15,cve_2026_to_now,2026-07-16T09:10:46+00:00
CVE-2026-47997,updated,2026-07-15,cve_2026_to_now,2026-07-16T09:10:46+00:00
CVE-2026-47998,updated,2026-07-15,cve_2026_to_now,2026-07-16T09:10:46+00:00
CVE-2026-47999,updated,2026-07-15,cve_2026_to_now,2026-07-16T09:10:46+00:00
CVE-2026-48001,updated,2026-07-15,cve_2026_to_now,2026-07-16T09:10:46+00:00
CVE-2026-48038,updated,2026-07-15,cve_2026_to_now,2026-07-16T09:10:46+00:00
CVE-2026-48069,updated,2026-07-15,cve_2026_to_now,2026-07-16T09:10:46+00:00
CVE-2026-48125,updated,2026-07-15,cve_2026_to_now,2026-07-16T09:10:46+00:00
CVE-2026-48252,updated,2026-07-15,cve_2026_to_now,2026-07-16T09:10:46+00:00
CVE-2026-48253,updated,2026-07-15,cve_2026_to_now,2026-07-16T09:10:46+00:00
CVE-2026-48254,updated,2026-07-15,cve_2026_to_now,2026-07-16T09:10:46+00:00
CVE-2026-48255,updated,2026-07-15,cve_2026_to_now,2026-07-16T09:10:46+00:00
CVE-2026-48257,updated,2026-07-15,cve_2026_to_now,2026-07-16T09:10:46+00:00
CVE-2026-48259,updated,2026-07-15,cve_2026_to_now,2026-07-16T09:10:46+00:00
CVE-2026-48260,updated,2026-07-15,cve_2026_to_now,2026-07-16T09:10:46+00:00
CVE-2026-48261,updated,2026-07-15,cve_2026_to_now,2026-07-16T09:10:46+00:00
CVE-2026-48262,updated,2026-07-15,cve_2026_to_now,2026-07-16T09:10:46+00:00
CVE-2026-48263,updated,2026-07-15,cve_2026_to_now,2026-07-16T09:10:46+00:00
CVE-2026-48269,updated,2026-07-15,cve_2026_to_now,2026-07-16T09:10:46+00:00
CVE-2026-48270,updated,2026-07-15,cve_2026_to_now,2026-07-16T09:10:46+00:00
CVE-2026-48272,updated,2026-07-15,cve_2026_to_now,2026-07-16T09:10:46+00:00
CVE-2026-48274,updated,2026-07-15,cve_2026_to_now,2026-07-16T09:10:46+00:00
CVE-2026-48275,updated,2026-07-15,cve_2026_to_now,2026-07-16T09:10:46+00:00
CVE-2026-48284,updated,2026-07-15,cve_2026_to_now,2026-07-16T09:10:46+00:00
CVE-2026-48309,updated,2026-07-15,cve_2026_to_now,2026-07-16T09:10:46+00:00
CVE-2026-48310,updated,2026-07-15,cve_2026_to_now,2026-07-16T09:10:46+00:00
CVE-2026-48311,updated,2026-07-15,cve_2026_to_now,2026-07-16T09:10:46+00:00
CVE-2026-48318,updated,2026-07-15,cve_2026_to_now,2026-07-16T09:10:46+00:00
CVE-2026-48319,updated,2026-07-15,cve_2026_to_now,2026-07-16T09:10:46+00:00
CVE-2026-48320,updated,2026-07-15,cve_2026_to_now,2026-07-16T09:10:46+00:00
CVE-2026-48321,updated,2026-07-16,cve_2026_to_now,2026-07-16T09:10:46+00:00
CVE-2026-48322,updated,2026-07-15,cve_2026_to_now,2026-07-16T09:10:46+00:00
CVE-2026-48324,updated,2026-07-15,cve_2026_to_now,2026-07-16T09:10:46+00:00
CVE-2026-48325,updated,2026-07-15,cve_2026_to_now,2026-07-16T09:10:46+00:00
CVE-2026-48327,updated,2026-07-15,cve_2026_to_now,2026-07-16T09:10:46+00:00
CVE-2026-48328,updated,2026-07-15,cve_2026_to_now,2026-07-16T09:10:46+00:00
CVE-2026-48329,updated,2026-07-15,cve_2026_to_now,2026-07-16T09:10:46+00:00
CVE-2026-48332,updated,2026-07-15,cve_2026_to_now,2026-07-16T09:10:46+00:00
CVE-2026-48334,updated,2026-07-15,cve_2026_to_now,2026-07-16T09:10:46+00:00
CVE-2026-48335,updated,2026-07-16,cve_2026_to_now,2026-07-16T09:10:46+00:00
CVE-2026-48336,updated,2026-07-15,cve_2026_to_now,2026-07-16T09:10:46+00:00
CVE-2026-48337,updated,2026-07-15,cve_2026_to_now,2026-07-16T09:10:46+00:00
CVE-2026-48339,updated,2026-07-15,cve_2026_to_now,2026-07-16T09:10:46+00:00
CVE-2026-48340,updated,2026-07-15,cve_2026_to_now,2026-07-16T09:10:46+00:00
CVE-2026-48341,updated,2026-07-15,cve_2026_to_now,2026-07-16T09:10:46+00:00
CVE-2026-48342,updated,2026-07-15,cve_2026_to_now,2026-07-16T09:10:46+00:00
CVE-2026-48343,updated,2026-07-15,cve_2026_to_now,2026-07-16T09:10:46+00:00
CVE-2026-48344,updated,2026-07-15,cve_2026_to_now,2026-07-16T09:10:46+00:00
CVE-2026-48345,updated,2026-07-15,cve_2026_to_now,2026-07-16T09:10:46+00:00
CVE-2026-48346,updated,2026-07-15,cve_2026_to_now,2026-07-16T09:10:46+00:00
CVE-2026-48347,updated,2026-07-15,cve_2026_to_now,2026-07-16T09:10:46+00:00
CVE-2026-48348,updated,2026-07-15,cve_2026_to_now,2026-07-16T09:10:46+00:00
CVE-2026-48349,updated,2026-07-15,cve_2026_to_now,2026-07-16T09:10:46+00:00
CVE-2026-48350,updated,2026-07-15,cve_2026_to_now,2026-07-16T09:10:46+00:00
CVE-2026-48355,updated,2026-07-15,cve_2026_to_now,2026-07-16T09:10:46+00:00
CVE-2026-48356,updated,2026-07-15,cve_2026_to_now,2026-07-16T09:10:46+00:00
CVE-2026-48358,updated,2026-07-15,cve_2026_to_now,2026-07-16T09:10:46+00:00
CVE-2026-48359,updated,2026-07-15,cve_2026_to_now,2026-07-16T09:10:46+00:00
CVE-2026-48365,updated,2026-07-15,cve_2026_to_now,2026-07-16T09:10:46+00:00
CVE-2026-48366,updated,2026-07-15,cve_2026_to_now,2026-07-16T09:10:46+00:00
CVE-2026-48367,updated,2026-07-15,cve_2026_to_now,2026-07-16T09:10:46+00:00
CVE-2026-48369,updated,2026-07-15,cve_2026_to_now,2026-07-16T09:10:46+00:00
CVE-2026-48370,updated,2026-07-15,cve_2026_to_now,2026-07-16T09:10:46+00:00
CVE-2026-48371,updated,2026-07-15,cve_2026_to_now,2026-07-16T09:10:46+00:00
CVE-2026-48560,updated,2026-07-15,cve_2026_to_now,2026-07-16T09:10:46+00:00
CVE-2026-48561,updated,2026-07-15,cve_2026_to_now,2026-07-16T09:10:46+00:00
CVE-2026-48562,updated,2026-07-15,cve_2026_to_now,2026-07-16T09:10:46+00:00
CVE-2026-48563,updated,2026-07-15,cve_2026_to_now,2026-07-16T09:10:46+00:00
CVE-2026-48564,updated,2026-07-15,cve_2026_to_now,2026-07-16T09:10:46+00:00
CVE-2026-48565,updated,2026-07-15,cve_2026_to_now,2026-07-16T09:10:46+00:00
CVE-2026-48566,updated,2026-07-15,cve_2026_to_now,2026-07-16T09:10:46+00:00
CVE-2026-48567,updated,2026-07-15,cve_2026_to_now,2026-07-16T09:10:46+00:00
CVE-2026-48568,updated,2026-07-15,cve_2026_to_now,2026-07-16T09:10:46+00:00
CVE-2026-48569,updated,2026-07-15,cve_2026_to_now,2026-07-16T09:10:46+00:00
CVE-2026-48570,updated,2026-07-15,cve_2026_to_now,2026-07-16T09:10:46+00:00
CVE-2026-48571,updated,2026-07-16,cve_2026_to_now,2026-07-16T09:10:46+00:00
CVE-2026-48572,updated,2026-07-16,cve_2026_to_now,2026-07-16T09:10:46+00:00
CVE-2026-48573,updated,2026-07-15,cve_2026_to_now,2026-07-16T09:10:46+00:00
CVE-2026-48574,updated,2026-07-15,cve_2026_to_now,2026-07-16T09:10:46+00:00
CVE-2026-48575,updated,2026-07-15,cve_2026_to_now,2026-07-16T09:10:46+00:00
CVE-2026-48576,updated,2026-07-15,cve_2026_to_now,2026-07-16T09:10:46+00:00
CVE-2026-48578,updated,2026-07-15,cve_2026_to_now,2026-07-16T09:10:46+00:00
CVE-2026-48579,updated,2026-07-15,cve_2026_to_now,2026-07-16T09:10:46+00:00
CVE-2026-48580,updated,2026-07-15,cve_2026_to_now,2026-07-16T09:10:46+00:00
CVE-2026-48581,updated,2026-07-15,cve_2026_to_now,2026-07-16T09:10:46+00:00
CVE-2026-48582,updated,2026-07-15,cve_2026_to_now,2026-07-16T09:10:46+00:00
CVE-2026-48583,updated,2026-07-15,cve_2026_to_now,2026-07-16T09:10:46+00:00
CVE-2026-48584,updated,2026-07-15,cve_2026_to_now,2026-07-16T09:10:46+00:00
CVE-2026-48618,updated,2026-07-15,cve_2026_to_now,2026-07-16T09:10:46+00:00
CVE-2026-48736,updated,2026-07-15,cve_2026_to_now,2026-07-16T09:10:46+00:00
CVE-2026-48747,updated,2026-07-15,cve_2026_to_now,2026-07-16T09:10:46+00:00
CVE-2026-48758,updated,2026-07-15,cve_2026_to_now,2026-07-16T09:10:46+00:00
CVE-2026-48760,updated,2026-07-15,cve_2026_to_now,2026-07-16T09:10:46+00:00
CVE-2026-48779,updated,2026-07-15,cve_2026_to_now,2026-07-16T09:10:46+00:00
CVE-2026-48784,updated,2026-07-15,cve_2026_to_now,2026-07-16T09:10:46+00:00
CVE-2026-48795,added,,cve_2026_to_now,2026-07-16T09:10:46+00:00
CVE-2026-48799,added,,cve_2026_to_now,2026-07-16T09:10:46+00:00
CVE-2026-48801,updated,2026-07-15,cve_2026_to_now,2026-07-16T09:10:46+00:00
CVE-2026-48806,updated,2026-07-15,cve_2026_to_now,2026-07-16T09:10:46+00:00
CVE-2026-48807,updated,2026-07-15,cve_2026_to_now,2026-07-16T09:10:46+00:00
CVE-2026-48808,updated,2026-07-15,cve_2026_to_now,2026-07-16T09:10:46+00:00
CVE-2026-48815,updated,2026-07-15,cve_2026_to_now,2026-07-16T09:10:46+00:00
CVE-2026-48816,updated,2026-07-15,cve_2026_to_now,2026-07-16T09:10:46+00:00
CVE-2026-48863,added,,cve_2026_to_now,2026-07-16T09:10:46+00:00
CVE-2026-49160,updated,2026-07-15,cve_2026_to_now,2026-07-16T09:10:46+00:00
CVE-2026-49161,updated,2026-07-15,cve_2026_to_now,2026-07-16T09:10:46+00:00
CVE-2026-49162,updated,2026-07-15,cve_2026_to_now,2026-07-16T09:10:46+00:00
CVE-2026-49164,updated,2026-07-15,cve_2026_to_now,2026-07-16T09:10:46+00:00
CVE-2026-49165,updated,2026-07-15,cve_2026_to_now,2026-07-16T09:10:46+00:00
CVE-2026-49166,updated,2026-07-15,cve_2026_to_now,2026-07-16T09:10:46+00:00
CVE-2026-49167,updated,2026-07-15,cve_2026_to_now,2026-07-16T09:10:46+00:00
CVE-2026-49168,updated,2026-07-15,cve_2026_to_now,2026-07-16T09:10:46+00:00
CVE-2026-49169,updated,2026-07-16,cve_2026_to_now,2026-07-16T09:10:46+00:00
CVE-2026-49170,updated,2026-07-15,cve_2026_to_now,2026-07-16T09:10:46+00:00
CVE-2026-49171,updated,2026-07-15,cve_2026_to_now,2026-07-16T09:10:46+00:00
CVE-2026-49172,updated,2026-07-15,cve_2026_to_now,2026-07-16T09:10:46+00:00
CVE-2026-49173,updated,2026-07-15,cve_2026_to_now,2026-07-16T09:10:46+00:00
CVE-2026-49174,updated,2026-07-15,cve_2026_to_now,2026-07-16T09:10:46+00:00
CVE-2026-49175,updated,2026-07-16,cve_2026_to_now,2026-07-16T09:10:46+00:00
CVE-2026-49176,updated,2026-07-15,cve_2026_to_now,2026-07-16T09:10:46+00:00
CVE-2026-49177,updated,2026-07-15,cve_2026_to_now,2026-07-16T09:10:46+00:00
CVE-2026-49178,updated,2026-07-15,cve_2026_to_now,2026-07-16T09:10:46+00:00
CVE-2026-49180,updated,2026-07-15,cve_2026_to_now,2026-07-16T09:10:46+00:00
CVE-2026-49181,updated,2026-07-16,cve_2026_to_now,2026-07-16T09:10:46+00:00
CVE-2026-49183,updated,2026-07-16,cve_2026_to_now,2026-07-16T09:10:46+00:00
CVE-2026-49184,updated,2026-07-15,cve_2026_to_now,2026-07-16T09:10:46+00:00
CVE-2026-49279,added,,cve_2026_to_now,2026-07-16T09:10:46+00:00
CVE-2026-49352,added,,cve_2026_to_now,2026-07-16T09:10:46+00:00
CVE-2026-49353,added,,cve_2026_to_now,2026-07-16T09:10:46+00:00
CVE-2026-49445,added,,cve_2026_to_now,2026-07-16T09:10:46+00:00
CVE-2026-49458,updated,2026-07-15,cve_2026_to_now,2026-07-16T09:10:46+00:00
CVE-2026-49459,updated,2026-07-15,cve_2026_to_now,2026-07-16T09:10:46+00:00
CVE-2026-49476,updated,2026-07-15,cve_2026_to_now,2026-07-16T09:10:46+00:00
CVE-2026-49488,updated,2026-07-15,cve_2026_to_now,2026-07-16T09:10:46+00:00
CVE-2026-49501,added,2026-07-16,cve_2026_to_now,2026-07-16T09:10:46+00:00
CVE-2026-49738,updated,2026-07-15,cve_2026_to_now,2026-07-16T09:10:46+00:00
CVE-2026-49740,updated,2026-07-15,cve_2026_to_now,2026-07-16T09:10:46+00:00
CVE-2026-49741,updated,2026-07-15,cve_2026_to_now,2026-07-16T09:10:46+00:00
CVE-2026-49783,updated,2026-07-16,cve_2026_to_now,2026-07-16T09:10:46+00:00
CVE-2026-49784,updated,2026-07-15,cve_2026_to_now,2026-07-16T09:10:46+00:00
CVE-2026-49787,updated,2026-07-15,cve_2026_to_now,2026-07-16T09:10:46+00:00
CVE-2026-49788,updated,2026-07-15,cve_2026_to_now,2026-07-16T09:10:46+00:00
CVE-2026-49789,updated,2026-07-15,cve_2026_to_now,2026-07-16T09:10:46+00:00
CVE-2026-49790,updated,2026-07-15,cve_2026_to_now,2026-07-16T09:10:46+00:00
CVE-2026-49791,updated,2026-07-15,cve_2026_to_now,2026-07-16T09:10:46+00:00
CVE-2026-49792,updated,2026-07-15,cve_2026_to_now,2026-07-16T09:10:46+00:00
CVE-2026-49793,updated,2026-07-15,cve_2026_to_now,2026-07-16T09:10:46+00:00
CVE-2026-49794,updated,2026-07-15,cve_2026_to_now,2026-07-16T09:10:46+00:00
CVE-2026-49795,updated,2026-07-15,cve_2026_to_now,2026-07-16T09:10:46+00:00
CVE-2026-49796,updated,2026-07-16,cve_2026_to_now,2026-07-16T09:10:46+00:00
CVE-2026-49797,updated,2026-07-15,cve_2026_to_now,2026-07-16T09:10:46+00:00
CVE-2026-49798,updated,2026-07-15,cve_2026_to_now,2026-07-16T09:10:46+00:00
CVE-2026-49799,updated,2026-07-15,cve_2026_to_now,2026-07-16T09:10:46+00:00
CVE-2026-49800,updated,2026-07-15,cve_2026_to_now,2026-07-16T09:10:46+00:00
CVE-2026-49801,updated,2026-07-15,cve_2026_to_now,2026-07-16T09:10:46+00:00
CVE-2026-49802,updated,2026-07-15,cve_2026_to_now,2026-07-16T09:10:46+00:00
CVE-2026-49803,updated,2026-07-16,cve_2026_to_now,2026-07-16T09:10:46+00:00
CVE-2026-49804,updated,2026-07-15,cve_2026_to_now,2026-07-16T09:10:46+00:00
CVE-2026-49805,updated,2026-07-15,cve_2026_to_now,2026-07-16T09:10:46+00:00
CVE-2026-49806,updated,2026-07-15,cve_2026_to_now,2026-07-16T09:10:46+00:00
CVE-2026-49807,updated,2026-07-15,cve_2026_to_now,2026-07-16T09:10:46+00:00
CVE-2026-49808,updated,2026-07-15,cve_2026_to_now,2026-07-16T09:10:46+00:00
CVE-2026-49854,updated,2026-07-15,cve_2026_to_now,2026-07-16T09:10:46+00:00
CVE-2026-49867,added,,cve_2026_to_now,2026-07-16T09:10:46+00:00
CVE-2026-49969,updated,2026-07-15,cve_2026_to_now,2026-07-16T09:10:46+00:00
CVE-2026-49972,updated,2026-07-15,cve_2026_to_now,2026-07-16T09:10:46+00:00
CVE-2026-49987,added,,cve_2026_to_now,2026-07-16T09:10:46+00:00
CVE-2026-49988,added,,cve_2026_to_now,2026-07-16T09:10:46+00:00
CVE-2026-49997,added,,cve_2026_to_now,2026-07-16T09:10:46+00:00
CVE-2026-50030,added,,cve_2026_to_now,2026-07-16T09:10:46+00:00
CVE-2026-50124,added,,cve_2026_to_now,2026-07-16T09:10:46+00:00
CVE-2026-50130,updated,2026-07-16,cve_2026_to_now,2026-07-16T09:10:46+00:00
CVE-2026-50144,added,,cve_2026_to_now,2026-07-16T09:10:46+00:00
CVE-2026-50147,added,,cve_2026_to_now,2026-07-16T09:10:46+00:00
CVE-2026-50148,added,,cve_2026_to_now,2026-07-16T09:10:46+00:00
CVE-2026-50182,added,,cve_2026_to_now,2026-07-16T09:10:46+00:00
CVE-2026-50183,added,,cve_2026_to_now,2026-07-16T09:10:46+00:00
CVE-2026-50293,updated,2026-07-15,cve_2026_to_now,2026-07-16T09:10:46+00:00
CVE-2026-50294,updated,2026-07-15,cve_2026_to_now,2026-07-16T09:10:46+00:00
CVE-2026-50295,updated,2026-07-15,cve_2026_to_now,2026-07-16T09:10:46+00:00
CVE-2026-50296,updated,2026-07-15,cve_2026_to_now,2026-07-16T09:10:46+00:00
CVE-2026-50297,updated,2026-07-15,cve_2026_to_now,2026-07-16T09:10:46+00:00
CVE-2026-50298,updated,2026-07-15,cve_2026_to_now,2026-07-16T09:10:46+00:00
CVE-2026-50299,updated,2026-07-15,cve_2026_to_now,2026-07-16T09:10:46+00:00
CVE-2026-50300,updated,2026-07-15,cve_2026_to_now,2026-07-16T09:10:46+00:00
CVE-2026-50301,updated,2026-07-15,cve_2026_to_now,2026-07-16T09:10:46+00:00
CVE-2026-50302,updated,2026-07-15,cve_2026_to_now,2026-07-16T09:10:46+00:00
CVE-2026-50303,updated,2026-07-15,cve_2026_to_now,2026-07-16T09:10:46+00:00
CVE-2026-50304,updated,2026-07-15,cve_2026_to_now,2026-07-16T09:10:46+00:00
CVE-2026-50305,updated,2026-07-15,cve_2026_to_now,2026-07-16T09:10:46+00:00
CVE-2026-50306,updated,2026-07-15,cve_2026_to_now,2026-07-16T09:10:46+00:00
CVE-2026-50307,updated,2026-07-15,cve_2026_to_now,2026-07-16T09:10:46+00:00
CVE-2026-50308,updated,2026-07-15,cve_2026_to_now,2026-07-16T09:10:46+00:00
CVE-2026-50309,updated,2026-07-15,cve_2026_to_now,2026-07-16T09:10:46+00:00
CVE-2026-50310,updated,2026-07-15,cve_2026_to_now,2026-07-16T09:10:46+00:00
CVE-2026-50311,updated,2026-07-15,cve_2026_to_now,2026-07-16T09:10:46+00:00
CVE-2026-50312,updated,2026-07-15,cve_2026_to_now,2026-07-16T09:10:46+00:00
CVE-2026-50313,updated,2026-07-15,cve_2026_to_now,2026-07-16T09:10:46+00:00
CVE-2026-50314,updated,2026-07-15,cve_2026_to_now,2026-07-16T09:10:46+00:00
CVE-2026-50315,updated,2026-07-15,cve_2026_to_now,2026-07-16T09:10:46+00:00
CVE-2026-50316,updated,2026-07-15,cve_2026_to_now,2026-07-16T09:10:46+00:00
CVE-2026-50317,updated,2026-07-15,cve_2026_to_now,2026-07-16T09:10:46+00:00
CVE-2026-50318,updated,2026-07-15,cve_2026_to_now,2026-07-16T09:10:46+00:00
CVE-2026-50321,updated,2026-07-15,cve_2026_to_now,2026-07-16T09:10:46+00:00
CVE-2026-50322,updated,2026-07-15,cve_2026_to_now,2026-07-16T09:10:46+00:00
CVE-2026-50323,updated,2026-07-15,cve_2026_to_now,2026-07-16T09:10:46+00:00
CVE-2026-50324,updated,2026-07-15,cve_2026_to_now,2026-07-16T09:10:46+00:00
CVE-2026-50325,updated,2026-07-15,cve_2026_to_now,2026-07-16T09:10:46+00:00
CVE-2026-50326,updated,2026-07-15,cve_2026_to_now,2026-07-16T09:10:46+00:00
CVE-2026-50327,updated,2026-07-15,cve_2026_to_now,2026-07-16T09:10:46+00:00
CVE-2026-50328,updated,2026-07-15,cve_2026_to_now,2026-07-16T09:10:46+00:00
CVE-2026-50329,updated,2026-07-15,cve_2026_to_now,2026-07-16T09:10:46+00:00
CVE-2026-50330,updated,2026-07-15,cve_2026_to_now,2026-07-16T09:10:46+00:00
CVE-2026-50331,updated,2026-07-16,cve_2026_to_now,2026-07-16T09:10:46+00:00
CVE-2026-50332,updated,2026-07-15,cve_2026_to_now,2026-07-16T09:10:46+00:00
CVE-2026-50333,updated,2026-07-15,cve_2026_to_now,2026-07-16T09:10:46+00:00
CVE-2026-50334,updated,2026-07-15,cve_2026_to_now,2026-07-16T09:10:46+00:00
CVE-2026-50335,updated,2026-07-15,cve_2026_to_now,2026-07-16T09:10:46+00:00
CVE-2026-50336,updated,2026-07-15,cve_2026_to_now,2026-07-16T09:10:46+00:00
CVE-2026-50337,updated,2026-07-15,cve_2026_to_now,2026-07-16T09:10:46+00:00
CVE-2026-50338,updated,2026-07-15,cve_2026_to_now,2026-07-16T09:10:46+00:00
CVE-2026-50339,updated,2026-07-15,cve_2026_to_now,2026-07-16T09:10:46+00:00
CVE-2026-50340,updated,2026-07-15,cve_2026_to_now,2026-07-16T09:10:46+00:00
CVE-2026-50341,updated,2026-07-15,cve_2026_to_now,2026-07-16T09:10:46+00:00
CVE-2026-50342,updated,2026-07-15,cve_2026_to_now,2026-07-16T09:10:46+00:00
CVE-2026-50343,updated,2026-07-15,cve_2026_to_now,2026-07-16T09:10:46+00:00
CVE-2026-50344,updated,2026-07-15,cve_2026_to_now,2026-07-16T09:10:46+00:00
CVE-2026-50345,updated,2026-07-15,cve_2026_to_now,2026-07-16T09:10:46+00:00
CVE-2026-50346,updated,2026-07-16,cve_2026_to_now,2026-07-16T09:10:46+00:00
CVE-2026-50347,updated,2026-07-15,cve_2026_to_now,2026-07-16T09:10:46+00:00
CVE-2026-50348,updated,2026-07-15,cve_2026_to_now,2026-07-16T09:10:46+00:00
CVE-2026-50350,updated,2026-07-15,cve_2026_to_now,2026-07-16T09:10:46+00:00
CVE-2026-50351,updated,2026-07-15,cve_2026_to_now,2026-07-16T09:10:46+00:00
CVE-2026-50352,updated,2026-07-15,cve_2026_to_now,2026-07-16T09:10:46+00:00
CVE-2026-50353,updated,2026-07-15,cve_2026_to_now,2026-07-16T09:10:46+00:00
CVE-2026-50354,updated,2026-07-15,cve_2026_to_now,2026-07-16T09:10:46+00:00
CVE-2026-50355,updated,2026-07-15,cve_2026_to_now,2026-07-16T09:10:46+00:00
CVE-2026-50356,updated,2026-07-15,cve_2026_to_now,2026-07-16T09:10:46+00:00
CVE-2026-50357,updated,2026-07-15,cve_2026_to_now,2026-07-16T09:10:46+00:00
CVE-2026-50358,updated,2026-07-15,cve_2026_to_now,2026-07-16T09:10:46+00:00
CVE-2026-50359,updated,2026-07-15,cve_2026_to_now,2026-07-16T09:10:46+00:00
CVE-2026-50360,updated,2026-07-15,cve_2026_to_now,2026-07-16T09:10:46+00:00
CVE-2026-50361,updated,2026-07-15,cve_2026_to_now,2026-07-16T09:10:46+00:00
CVE-2026-50362,updated,2026-07-15,cve_2026_to_now,2026-07-16T09:10:46+00:00
CVE-2026-50363,updated,2026-07-15,cve_2026_to_now,2026-07-16T09:10:46+00:00
CVE-2026-50364,updated,2026-07-16,cve_2026_to_now,2026-07-16T09:10:46+00:00
CVE-2026-50365,updated,2026-07-15,cve_2026_to_now,2026-07-16T09:10:46+00:00
CVE-2026-50366,updated,2026-07-15,cve_2026_to_now,2026-07-16T09:10:46+00:00
CVE-2026-50367,updated,2026-07-15,cve_2026_to_now,2026-07-16T09:10:46+00:00
CVE-2026-50368,updated,2026-07-15,cve_2026_to_now,2026-07-16T09:10:46+00:00
CVE-2026-50369,updated,2026-07-15,cve_2026_to_now,2026-07-16T09:10:46+00:00
CVE-2026-50370,updated,2026-07-15,cve_2026_to_now,2026-07-16T09:10:46+00:00
CVE-2026-50371,updated,2026-07-15,cve_2026_to_now,2026-07-16T09:10:46+00:00
CVE-2026-50372,updated,2026-07-15,cve_2026_to_now,2026-07-16T09:10:46+00:00
CVE-2026-50373,updated,2026-07-15,cve_2026_to_now,2026-07-16T09:10:46+00:00
CVE-2026-50374,updated,2026-07-15,cve_2026_to_now,2026-07-16T09:10:46+00:00
CVE-2026-50375,updated,2026-07-15,cve_2026_to_now,2026-07-16T09:10:46+00:00
CVE-2026-50376,updated,2026-07-15,cve_2026_to_now,2026-07-16T09:10:46+00:00
CVE-2026-50377,updated,2026-07-15,cve_2026_to_now,2026-07-16T09:10:46+00:00
CVE-2026-50378,updated,2026-07-15,cve_2026_to_now,2026-07-16T09:10:46+00:00
CVE-2026-50379,updated,2026-07-15,cve_2026_to_now,2026-07-16T09:10:46+00:00
CVE-2026-50380,updated,2026-07-15,cve_2026_to_now,2026-07-16T09:10:46+00:00
CVE-2026-50381,updated,2026-07-15,cve_2026_to_now,2026-07-16T09:10:46+00:00
CVE-2026-50382,updated,2026-07-15,cve_2026_to_now,2026-07-16T09:10:46+00:00
CVE-2026-50383,updated,2026-07-15,cve_2026_to_now,2026-07-16T09:10:46+00:00
CVE-2026-50384,updated,2026-07-16,cve_2026_to_now,2026-07-16T09:10:46+00:00
CVE-2026-50385,updated,2026-07-15,cve_2026_to_now,2026-07-16T09:10:46+00:00
CVE-2026-50386,updated,2026-07-15,cve_2026_to_now,2026-07-16T09:10:46+00:00
CVE-2026-50387,updated,2026-07-16,cve_2026_to_now,2026-07-16T09:10:46+00:00
CVE-2026-50388,updated,2026-07-15,cve_2026_to_now,2026-07-16T09:10:46+00:00
CVE-2026-50389,updated,2026-07-15,cve_2026_to_now,2026-07-16T09:10:46+00:00
CVE-2026-50390,updated,2026-07-15,cve_2026_to_now,2026-07-16T09:10:46+00:00
CVE-2026-50391,updated,2026-07-16,cve_2026_to_now,2026-07-16T09:10:46+00:00
CVE-2026-50392,updated,2026-07-15,cve_2026_to_now,2026-07-16T09:10:46+00:00
CVE-2026-50393,updated,2026-07-15,cve_2026_to_now,2026-07-16T09:10:46+00:00
CVE-2026-50394,updated,2026-07-15,cve_2026_to_now,2026-07-16T09:10:46+00:00
CVE-2026-50396,updated,2026-07-15,cve_2026_to_now,2026-07-16T09:10:46+00:00
CVE-2026-50397,updated,2026-07-15,cve_2026_to_now,2026-07-16T09:10:46+00:00
CVE-2026-50398,updated,2026-07-15,cve_2026_to_now,2026-07-16T09:10:46+00:00
CVE-2026-50399,updated,2026-07-15,cve_2026_to_now,2026-07-16T09:10:46+00:00
CVE-2026-50400,updated,2026-07-16,cve_2026_to_now,2026-07-16T09:10:46+00:00
CVE-2026-50401,updated,2026-07-15,cve_2026_to_now,2026-07-16T09:10:46+00:00
CVE-2026-50402,updated,2026-07-15,cve_2026_to_now,2026-07-16T09:10:46+00:00
CVE-2026-50403,updated,2026-07-15,cve_2026_to_now,2026-07-16T09:10:46+00:00
CVE-2026-50404,updated,2026-07-15,cve_2026_to_now,2026-07-16T09:10:46+00:00
CVE-2026-50405,updated,2026-07-16,cve_2026_to_now,2026-07-16T09:10:46+00:00
CVE-2026-50406,updated,2026-07-15,cve_2026_to_now,2026-07-16T09:10:46+00:00
CVE-2026-50407,updated,2026-07-15,cve_2026_to_now,2026-07-16T09:10:46+00:00
CVE-2026-50408,updated,2026-07-15,cve_2026_to_now,2026-07-16T09:10:46+00:00
CVE-2026-50409,updated,2026-07-15,cve_2026_to_now,2026-07-16T09:10:46+00:00
CVE-2026-50410,updated,2026-07-15,cve_2026_to_now,2026-07-16T09:10:46+00:00
CVE-2026-50411,updated,2026-07-15,cve_2026_to_now,2026-07-16T09:10:46+00:00
CVE-2026-50412,updated,2026-07-15,cve_2026_to_now,2026-07-16T09:10:46+00:00
CVE-2026-50413,updated,2026-07-15,cve_2026_to_now,2026-07-16T09:10:46+00:00
CVE-2026-50414,updated,2026-07-15,cve_2026_to_now,2026-07-16T09:10:46+00:00
CVE-2026-50415,updated,2026-07-15,cve_2026_to_now,2026-07-16T09:10:46+00:00
CVE-2026-50416,updated,2026-07-15,cve_2026_to_now,2026-07-16T09:10:46+00:00
CVE-2026-50417,updated,2026-07-15,cve_2026_to_now,2026-07-16T09:10:46+00:00
CVE-2026-50418,updated,2026-07-15,cve_2026_to_now,2026-07-16T09:10:46+00:00
CVE-2026-50419,updated,2026-07-15,cve_2026_to_now,2026-07-16T09:10:46+00:00
CVE-2026-50420,updated,2026-07-15,cve_2026_to_now,2026-07-16T09:10:46+00:00
CVE-2026-50421,updated,2026-07-15,cve_2026_to_now,2026-07-16T09:10:46+00:00
CVE-2026-50422,updated,2026-07-15,cve_2026_to_now,2026-07-16T09:10:46+00:00
CVE-2026-50423,updated,2026-07-15,cve_2026_to_now,2026-07-16T09:10:46+00:00
CVE-2026-50424,updated,2026-07-15,cve_2026_to_now,2026-07-16T09:10:46+00:00
CVE-2026-50425,updated,2026-07-15,cve_2026_to_now,2026-07-16T09:10:46+00:00
CVE-2026-50426,updated,2026-07-16,cve_2026_to_now,2026-07-16T09:10:46+00:00
CVE-2026-50427,updated,2026-07-15,cve_2026_to_now,2026-07-16T09:10:46+00:00
CVE-2026-50428,updated,2026-07-15,cve_2026_to_now,2026-07-16T09:10:46+00:00
CVE-2026-50429,updated,2026-07-15,cve_2026_to_now,2026-07-16T09:10:46+00:00
CVE-2026-50430,updated,2026-07-15,cve_2026_to_now,2026-07-16T09:10:46+00:00
CVE-2026-50431,updated,2026-07-15,cve_2026_to_now,2026-07-16T09:10:46+00:00
CVE-2026-50432,updated,2026-07-15,cve_2026_to_now,2026-07-16T09:10:46+00:00
CVE-2026-50433,updated,2026-07-15,cve_2026_to_now,2026-07-16T09:10:46+00:00
CVE-2026-50434,updated,2026-07-15,cve_2026_to_now,2026-07-16T09:10:46+00:00
CVE-2026-50435,updated,2026-07-15,cve_2026_to_now,2026-07-16T09:10:46+00:00
CVE-2026-50436,updated,2026-07-15,cve_2026_to_now,2026-07-16T09:10:46+00:00
CVE-2026-50437,updated,2026-07-15,cve_2026_to_now,2026-07-16T09:10:46+00:00
CVE-2026-50438,updated,2026-07-15,cve_2026_to_now,2026-07-16T09:10:46+00:00
CVE-2026-50439,updated,2026-07-15,cve_2026_to_now,2026-07-16T09:10:46+00:00
CVE-2026-50440,updated,2026-07-15,cve_2026_to_now,2026-07-16T09:10:46+00:00
CVE-2026-50441,updated,2026-07-15,cve_2026_to_now,2026-07-16T09:10:46+00:00
CVE-2026-50442,updated,2026-07-15,cve_2026_to_now,2026-07-16T09:10:46+00:00
CVE-2026-50444,updated,2026-07-15,cve_2026_to_now,2026-07-16T09:10:46+00:00
CVE-2026-50445,updated,2026-07-15,cve_2026_to_now,2026-07-16T09:10:46+00:00
CVE-2026-50447,updated,2026-07-15,cve_2026_to_now,2026-07-16T09:10:46+00:00
CVE-2026-50448,updated,2026-07-15,cve_2026_to_now,2026-07-16T09:10:46+00:00
CVE-2026-50449,updated,2026-07-15,cve_2026_to_now,2026-07-16T09:10:46+00:00
CVE-2026-50450,updated,2026-07-15,cve_2026_to_now,2026-07-16T09:10:46+00:00
CVE-2026-50451,updated,2026-07-15,cve_2026_to_now,2026-07-16T09:10:46+00:00
CVE-2026-50452,updated,2026-07-15,cve_2026_to_now,2026-07-16T09:10:46+00:00
CVE-2026-50453,updated,2026-07-15,cve_2026_to_now,2026-07-16T09:10:46+00:00
CVE-2026-50454,updated,2026-07-15,cve_2026_to_now,2026-07-16T09:10:46+00:00
CVE-2026-50455,updated,2026-07-15,cve_2026_to_now,2026-07-16T09:10:46+00:00
CVE-2026-50456,updated,2026-07-15,cve_2026_to_now,2026-07-16T09:10:46+00:00
CVE-2026-50457,updated,2026-07-15,cve_2026_to_now,2026-07-16T09:10:46+00:00
CVE-2026-50458,updated,2026-07-15,cve_2026_to_now,2026-07-16T09:10:46+00:00
CVE-2026-50459,updated,2026-07-15,cve_2026_to_now,2026-07-16T09:10:46+00:00
CVE-2026-50460,updated,2026-07-15,cve_2026_to_now,2026-07-16T09:10:46+00:00
CVE-2026-50461,updated,2026-07-15,cve_2026_to_now,2026-07-16T09:10:46+00:00
CVE-2026-50462,updated,2026-07-15,cve_2026_to_now,2026-07-16T09:10:46+00:00
CVE-2026-50463,updated,2026-07-15,cve_2026_to_now,2026-07-16T09:10:46+00:00
CVE-2026-50465,updated,2026-07-15,cve_2026_to_now,2026-07-16T09:10:46+00:00
CVE-2026-50466,updated,2026-07-15,cve_2026_to_now,2026-07-16T09:10:46+00:00
CVE-2026-50467,updated,2026-07-15,cve_2026_to_now,2026-07-16T09:10:46+00:00
CVE-2026-50468,updated,2026-07-15,cve_2026_to_now,2026-07-16T09:10:46+00:00
CVE-2026-50469,updated,2026-07-15,cve_2026_to_now,2026-07-16T09:10:46+00:00
CVE-2026-50470,updated,2026-07-15,cve_2026_to_now,2026-07-16T09:10:46+00:00
CVE-2026-50471,updated,2026-07-15,cve_2026_to_now,2026-07-16T09:10:46+00:00
CVE-2026-50473,updated,2026-07-15,cve_2026_to_now,2026-07-16T09:10:46+00:00
CVE-2026-50474,updated,2026-07-15,cve_2026_to_now,2026-07-16T09:10:46+00:00
CVE-2026-50475,updated,2026-07-15,cve_2026_to_now,2026-07-16T09:10:46+00:00
CVE-2026-50476,updated,2026-07-15,cve_2026_to_now,2026-07-16T09:10:46+00:00
CVE-2026-50477,updated,2026-07-15,cve_2026_to_now,2026-07-16T09:10:46+00:00
CVE-2026-50478,updated,2026-07-15,cve_2026_to_now,2026-07-16T09:10:46+00:00
CVE-2026-50479,updated,2026-07-15,cve_2026_to_now,2026-07-16T09:10:46+00:00
CVE-2026-50480,updated,2026-07-15,cve_2026_to_now,2026-07-16T09:10:46+00:00
CVE-2026-50482,updated,2026-07-15,cve_2026_to_now,2026-07-16T09:10:46+00:00
CVE-2026-50483,updated,2026-07-15,cve_2026_to_now,2026-07-16T09:10:46+00:00
CVE-2026-50484,updated,2026-07-15,cve_2026_to_now,2026-07-16T09:10:46+00:00
CVE-2026-50485,updated,2026-07-15,cve_2026_to_now,2026-07-16T09:10:46+00:00
CVE-2026-50486,updated,2026-07-15,cve_2026_to_now,2026-07-16T09:10:46+00:00
CVE-2026-50487,updated,2026-07-16,cve_2026_to_now,2026-07-16T09:10:46+00:00
CVE-2026-50488,updated,2026-07-15,cve_2026_to_now,2026-07-16T09:10:46+00:00
CVE-2026-50489,updated,2026-07-15,cve_2026_to_now,2026-07-16T09:10:46+00:00
CVE-2026-50490,updated,2026-07-15,cve_2026_to_now,2026-07-16T09:10:46+00:00
CVE-2026-50491,updated,2026-07-15,cve_2026_to_now,2026-07-16T09:10:46+00:00
CVE-2026-50492,updated,2026-07-15,cve_2026_to_now,2026-07-16T09:10:46+00:00
CVE-2026-50493,updated,2026-07-15,cve_2026_to_now,2026-07-16T09:10:46+00:00
CVE-2026-50494,updated,2026-07-15,cve_2026_to_now,2026-07-16T09:10:46+00:00
CVE-2026-50495,updated,2026-07-15,cve_2026_to_now,2026-07-16T09:10:46+00:00
CVE-2026-50496,updated,2026-07-15,cve_2026_to_now,2026-07-16T09:10:46+00:00
CVE-2026-50497,updated,2026-07-15,cve_2026_to_now,2026-07-16T09:10:46+00:00
CVE-2026-50498,updated,2026-07-15,cve_2026_to_now,2026-07-16T09:10:46+00:00
CVE-2026-50499,updated,2026-07-15,cve_2026_to_now,2026-07-16T09:10:46+00:00
CVE-2026-50500,updated,2026-07-15,cve_2026_to_now,2026-07-16T09:10:46+00:00
CVE-2026-50501,updated,2026-07-15,cve_2026_to_now,2026-07-16T09:10:46+00:00
CVE-2026-50502,updated,2026-07-16,cve_2026_to_now,2026-07-16T09:10:46+00:00
CVE-2026-50503,updated,2026-07-15,cve_2026_to_now,2026-07-16T09:10:46+00:00
CVE-2026-50504,updated,2026-07-15,cve_2026_to_now,2026-07-16T09:10:46+00:00
CVE-2026-50505,updated,2026-07-15,cve_2026_to_now,2026-07-16T09:10:46+00:00
CVE-2026-50506,updated,2026-07-15,cve_2026_to_now,2026-07-16T09:10:46+00:00
CVE-2026-50507,updated,2026-07-15,cve_2026_to_now,2026-07-16T09:10:46+00:00
CVE-2026-50508,updated,2026-07-15,cve_2026_to_now,2026-07-16T09:10:46+00:00
CVE-2026-50509,updated,2026-07-15,cve_2026_to_now,2026-07-16T09:10:46+00:00
CVE-2026-50510,updated,2026-07-15,cve_2026_to_now,2026-07-16T09:10:46+00:00
CVE-2026-50511,updated,2026-07-15,cve_2026_to_now,2026-07-16T09:10:46+00:00
CVE-2026-50512,updated,2026-07-15,cve_2026_to_now,2026-07-16T09:10:46+00:00
CVE-2026-50518,updated,2026-07-15,cve_2026_to_now,2026-07-16T09:10:46+00:00
CVE-2026-50519,updated,2026-07-15,cve_2026_to_now,2026-07-16T09:10:46+00:00
CVE-2026-50520,updated,2026-07-15,cve_2026_to_now,2026-07-16T09:10:46+00:00
CVE-2026-50521,updated,2026-07-15,cve_2026_to_now,2026-07-16T09:10:46+00:00
CVE-2026-50522,updated,2026-07-15,cve_2026_to_now,2026-07-16T09:10:46+00:00
CVE-2026-50524,updated,2026-07-15,cve_2026_to_now,2026-07-16T09:10:46+00:00
CVE-2026-50525,updated,2026-07-15,cve_2026_to_now,2026-07-16T09:10:46+00:00
CVE-2026-50526,updated,2026-07-15,cve_2026_to_now,2026-07-16T09:10:46+00:00
CVE-2026-50527,updated,2026-07-15,cve_2026_to_now,2026-07-16T09:10:46+00:00
CVE-2026-50528,updated,2026-07-15,cve_2026_to_now,2026-07-16T09:10:46+00:00
CVE-2026-50562,added,,cve_2026_to_now,2026-07-16T09:10:46+00:00
CVE-2026-50646,updated,2026-07-15,cve_2026_to_now,2026-07-16T09:10:46+00:00
CVE-2026-50647,updated,2026-07-15,cve_2026_to_now,2026-07-16T09:10:46+00:00
CVE-2026-50648,updated,2026-07-15,cve_2026_to_now,2026-07-16T09:10:46+00:00
CVE-2026-50649,updated,2026-07-15,cve_2026_to_now,2026-07-16T09:10:46+00:00
CVE-2026-50650,updated,2026-07-15,cve_2026_to_now,2026-07-16T09:10:46+00:00
CVE-2026-50651,updated,2026-07-15,cve_2026_to_now,2026-07-16T09:10:46+00:00
CVE-2026-50652,updated,2026-07-15,cve_2026_to_now,2026-07-16T09:10:46+00:00
CVE-2026-50653,updated,2026-07-15,cve_2026_to_now,2026-07-16T09:10:46+00:00
CVE-2026-50655,updated,2026-07-15,cve_2026_to_now,2026-07-16T09:10:46+00:00
CVE-2026-50656,updated,2026-07-15,cve_2026_to_now,2026-07-16T09:10:46+00:00
CVE-2026-50657,updated,2026-07-15,cve_2026_to_now,2026-07-16T09:10:46+00:00
CVE-2026-50658,updated,2026-07-15,cve_2026_to_now,2026-07-16T09:10:46+00:00
CVE-2026-50659,updated,2026-07-15,cve_2026_to_now,2026-07-16T09:10:46+00:00
CVE-2026-50661,updated,2026-07-15,cve_2026_to_now,2026-07-16T09:10:46+00:00
CVE-2026-50663,updated,2026-07-15,cve_2026_to_now,2026-07-16T09:10:46+00:00
CVE-2026-50665,updated,2026-07-15,cve_2026_to_now,2026-07-16T09:10:46+00:00
CVE-2026-50666,updated,2026-07-15,cve_2026_to_now,2026-07-16T09:10:46+00:00
CVE-2026-50667,updated,2026-07-16,cve_2026_to_now,2026-07-16T09:10:46+00:00
CVE-2026-50668,updated,2026-07-15,cve_2026_to_now,2026-07-16T09:10:46+00:00
CVE-2026-50669,updated,2026-07-15,cve_2026_to_now,2026-07-16T09:10:46+00:00
CVE-2026-50670,updated,2026-07-15,cve_2026_to_now,2026-07-16T09:10:46+00:00
CVE-2026-50672,updated,2026-07-15,cve_2026_to_now,2026-07-16T09:10:46+00:00
CVE-2026-50673,updated,2026-07-15,cve_2026_to_now,2026-07-16T09:10:46+00:00
CVE-2026-50674,updated,2026-07-15,cve_2026_to_now,2026-07-16T09:10:46+00:00
CVE-2026-50675,updated,2026-07-15,cve_2026_to_now,2026-07-16T09:10:46+00:00
CVE-2026-50676,updated,2026-07-15,cve_2026_to_now,2026-07-16T09:10:46+00:00
CVE-2026-50677,updated,2026-07-15,cve_2026_to_now,2026-07-16T09:10:46+00:00
CVE-2026-50678,updated,2026-07-15,cve_2026_to_now,2026-07-16T09:10:46+00:00
CVE-2026-50679,updated,2026-07-15,cve_2026_to_now,2026-07-16T09:10:46+00:00
CVE-2026-50680,updated,2026-07-16,cve_2026_to_now,2026-07-16T09:10:46+00:00
CVE-2026-50681,updated,2026-07-15,cve_2026_to_now,2026-07-16T09:10:46+00:00
CVE-2026-50682,updated,2026-07-15,cve_2026_to_now,2026-07-16T09:10:46+00:00
CVE-2026-50683,updated,2026-07-15,cve_2026_to_now,2026-07-16T09:10:46+00:00
CVE-2026-50684,updated,2026-07-15,cve_2026_to_now,2026-07-16T09:10:46+00:00
CVE-2026-50685,updated,2026-07-15,cve_2026_to_now,2026-07-16T09:10:46+00:00
CVE-2026-50686,updated,2026-07-15,cve_2026_to_now,2026-07-16T09:10:46+00:00
CVE-2026-50687,updated,2026-07-15,cve_2026_to_now,2026-07-16T09:10:46+00:00
CVE-2026-50688,updated,2026-07-15,cve_2026_to_now,2026-07-16T09:10:46+00:00
CVE-2026-50689,updated,2026-07-16,cve_2026_to_now,2026-07-16T09:10:46+00:00
CVE-2026-50690,updated,2026-07-15,cve_2026_to_now,2026-07-16T09:10:46+00:00
CVE-2026-50692,updated,2026-07-15,cve_2026_to_now,2026-07-16T09:10:46+00:00
CVE-2026-50694,updated,2026-07-15,cve_2026_to_now,2026-07-16T09:10:46+00:00
CVE-2026-50695,updated,2026-07-15,cve_2026_to_now,2026-07-16T09:10:46+00:00
CVE-2026-50696,updated,2026-07-15,cve_2026_to_now,2026-07-16T09:10:46+00:00
CVE-2026-50697,updated,2026-07-16,cve_2026_to_now,2026-07-16T09:10:46+00:00
CVE-2026-51380,added,,cve_2026_to_now,2026-07-16T09:10:46+00:00
CVE-2026-51807,updated,2026-07-15,cve_2026_to_now,2026-07-16T09:10:46+00:00
CVE-2026-51808,updated,2026-07-15,cve_2026_to_now,2026-07-16T09:10:46+00:00
CVE-2026-52100,updated,2026-07-15,cve_2026_to_now,2026-07-16T09:10:46+00:00
CVE-2026-52101,updated,2026-07-15,cve_2026_to_now,2026-07-16T09:10:46+00:00
CVE-2026-52839,updated,2026-07-15,cve_2026_to_now,2026-07-16T09:10:46+00:00
CVE-2026-52840,updated,2026-07-15,cve_2026_to_now,2026-07-16T09:10:46+00:00
CVE-2026-52842,added,,cve_2026_to_now,2026-07-16T09:10:46+00:00
CVE-2026-52843,added,,cve_2026_to_now,2026-07-16T09:10:46+00:00
CVE-2026-52865,added,,cve_2026_to_now,2026-07-16T09:10:46+00:00
CVE-2026-52869,added,,cve_2026_to_now,2026-07-16T09:10:46+00:00
CVE-2026-52870,added,,cve_2026_to_now,2026-07-16T09:10:46+00:00
CVE-2026-52887,added,,cve_2026_to_now,2026-07-16T09:10:46+00:00
CVE-2026-52888,added,,cve_2026_to_now,2026-07-16T09:10:46+00:00
CVE-2026-52890,added,,cve_2026_to_now,2026-07-16T09:10:46+00:00
CVE-2026-52891,added,,cve_2026_to_now,2026-07-16T09:10:46+00:00
CVE-2026-52892,added,,cve_2026_to_now,2026-07-16T09:10:46+00:00
CVE-2026-52893,added,,cve_2026_to_now,2026-07-16T09:10:46+00:00
CVE-2026-53366,added,,cve_2026_to_now,2026-07-16T09:10:46+00:00
CVE-2026-53444,added,,cve_2026_to_now,2026-07-16T09:10:46+00:00
CVE-2026-53445,added,,cve_2026_to_now,2026-07-16T09:10:46+00:00
CVE-2026-53446,added,,cve_2026_to_now,2026-07-16T09:10:46+00:00
CVE-2026-53447,added,,cve_2026_to_now,2026-07-16T09:10:46+00:00
CVE-2026-53486,updated,2026-07-15,cve_2026_to_now,2026-07-16T09:10:46+00:00
CVE-2026-53512,added,,cve_2026_to_now,2026-07-16T09:10:46+00:00
CVE-2026-53513,added,,cve_2026_to_now,2026-07-16T09:10:46+00:00
CVE-2026-53514,added,,cve_2026_to_now,2026-07-16T09:10:46+00:00
CVE-2026-53515,added,,cve_2026_to_now,2026-07-16T09:10:46+00:00
CVE-2026-53516,added,,cve_2026_to_now,2026-07-16T09:10:46+00:00
CVE-2026-53517,added,,cve_2026_to_now,2026-07-16T09:10:46+00:00
CVE-2026-53518,added,,cve_2026_to_now,2026-07-16T09:10:46+00:00
CVE-2026-53633,updated,2026-07-16,cve_2026_to_now,2026-07-16T09:10:46+00:00
CVE-2026-54052,added,,cve_2026_to_now,2026-07-16T09:10:46+00:00
CVE-2026-54107,updated,2026-07-15,cve_2026_to_now,2026-07-16T09:10:46+00:00
CVE-2026-54108,updated,2026-07-15,cve_2026_to_now,2026-07-16T09:10:46+00:00
CVE-2026-54109,updated,2026-07-15,cve_2026_to_now,2026-07-16T09:10:46+00:00
CVE-2026-54111,updated,2026-07-15,cve_2026_to_now,2026-07-16T09:10:46+00:00
CVE-2026-54112,updated,2026-07-15,cve_2026_to_now,2026-07-16T09:10:46+00:00
CVE-2026-54114,updated,2026-07-15,cve_2026_to_now,2026-07-16T09:10:46+00:00
CVE-2026-54115,updated,2026-07-15,cve_2026_to_now,2026-07-16T09:10:46+00:00
CVE-2026-54116,updated,2026-07-15,cve_2026_to_now,2026-07-16T09:10:46+00:00
CVE-2026-54117,updated,2026-07-15,cve_2026_to_now,2026-07-16T09:10:46+00:00
CVE-2026-54118,updated,2026-07-15,cve_2026_to_now,2026-07-16T09:10:46+00:00
CVE-2026-54119,updated,2026-07-15,cve_2026_to_now,2026-07-16T09:10:46+00:00
CVE-2026-54121,updated,2026-07-15,cve_2026_to_now,2026-07-16T09:10:46+00:00
CVE-2026-54122,updated,2026-07-16,cve_2026_to_now,2026-07-16T09:10:46+00:00
CVE-2026-54124,updated,2026-07-16,cve_2026_to_now,2026-07-16T09:10:46+00:00
CVE-2026-54125,updated,2026-07-15,cve_2026_to_now,2026-07-16T09:10:46+00:00
CVE-2026-54126,updated,2026-07-15,cve_2026_to_now,2026-07-16T09:10:46+00:00
CVE-2026-54127,updated,2026-07-16,cve_2026_to_now,2026-07-16T09:10:46+00:00
CVE-2026-54128,updated,2026-07-15,cve_2026_to_now,2026-07-16T09:10:46+00:00
CVE-2026-54129,updated,2026-07-15,cve_2026_to_now,2026-07-16T09:10:46+00:00
CVE-2026-54130,updated,2026-07-15,cve_2026_to_now,2026-07-16T09:10:46+00:00
CVE-2026-54131,updated,2026-07-15,cve_2026_to_now,2026-07-16T09:10:46+00:00
CVE-2026-54132,updated,2026-07-15,cve_2026_to_now,2026-07-16T09:10:46+00:00
CVE-2026-54432,updated,2026-07-15,cve_2026_to_now,2026-07-16T09:10:46+00:00
CVE-2026-54433,updated,2026-07-15,cve_2026_to_now,2026-07-16T09:10:46+00:00
CVE-2026-54443,added,,cve_2026_to_now,2026-07-16T09:10:46+00:00
CVE-2026-54458,added,,cve_2026_to_now,2026-07-16T09:10:46+00:00
CVE-2026-54560,added,,cve_2026_to_now,2026-07-16T09:10:46+00:00
CVE-2026-54562,added,,cve_2026_to_now,2026-07-16T09:10:46+00:00
CVE-2026-54563,added,,cve_2026_to_now,2026-07-16T09:10:46+00:00
CVE-2026-54572,updated,2026-07-15,cve_2026_to_now,2026-07-16T09:10:46+00:00
CVE-2026-54684,updated,2026-07-15,cve_2026_to_now,2026-07-16T09:10:46+00:00
CVE-2026-54982,updated,2026-07-15,cve_2026_to_now,2026-07-16T09:10:46+00:00
CVE-2026-54983,updated,2026-07-15,cve_2026_to_now,2026-07-16T09:10:46+00:00
CVE-2026-54986,updated,2026-07-15,cve_2026_to_now,2026-07-16T09:10:46+00:00
CVE-2026-54987,updated,2026-07-15,cve_2026_to_now,2026-07-16T09:10:46+00:00
CVE-2026-54988,updated,2026-07-15,cve_2026_to_now,2026-07-16T09:10:46+00:00
CVE-2026-54989,updated,2026-07-15,cve_2026_to_now,2026-07-16T09:10:46+00:00
CVE-2026-54990,updated,2026-07-15,cve_2026_to_now,2026-07-16T09:10:46+00:00
CVE-2026-54991,updated,2026-07-15,cve_2026_to_now,2026-07-16T09:10:46+00:00
CVE-2026-54992,updated,2026-07-15,cve_2026_to_now,2026-07-16T09:10:46+00:00
CVE-2026-54993,updated,2026-07-15,cve_2026_to_now,2026-07-16T09:10:46+00:00
CVE-2026-54995,updated,2026-07-15,cve_2026_to_now,2026-07-16T09:10:46+00:00
CVE-2026-54996,updated,2026-07-15,cve_2026_to_now,2026-07-16T09:10:46+00:00
CVE-2026-54997,updated,2026-07-15,cve_2026_to_now,2026-07-16T09:10:46+00:00
CVE-2026-54998,updated,2026-07-15,cve_2026_to_now,2026-07-16T09:10:46+00:00
CVE-2026-54999,updated,2026-07-15,cve_2026_to_now,2026-07-16T09:10:46+00:00
CVE-2026-55000,updated,2026-07-15,cve_2026_to_now,2026-07-16T09:10:46+00:00
CVE-2026-55001,updated,2026-07-15,cve_2026_to_now,2026-07-16T09:10:46+00:00
CVE-2026-55002,updated,2026-07-15,cve_2026_to_now,2026-07-16T09:10:46+00:00
CVE-2026-55003,updated,2026-07-15,cve_2026_to_now,2026-07-16T09:10:46+00:00
CVE-2026-55004,updated,2026-07-15,cve_2026_to_now,2026-07-16T09:10:46+00:00
CVE-2026-55005,updated,2026-07-15,cve_2026_to_now,2026-07-16T09:10:46+00:00
CVE-2026-55006,updated,2026-07-15,cve_2026_to_now,2026-07-16T09:10:46+00:00
CVE-2026-55008,updated,2026-07-15,cve_2026_to_now,2026-07-16T09:10:46+00:00
CVE-2026-55009,updated,2026-07-15,cve_2026_to_now,2026-07-16T09:10:46+00:00
CVE-2026-55010,updated,2026-07-15,cve_2026_to_now,2026-07-16T09:10:46+00:00
CVE-2026-55011,updated,2026-07-15,cve_2026_to_now,2026-07-16T09:10:46+00:00
CVE-2026-55012,updated,2026-07-15,cve_2026_to_now,2026-07-16T09:10:46+00:00
CVE-2026-55014,updated,2026-07-15,cve_2026_to_now,2026-07-16T09:10:46+00:00
CVE-2026-55016,updated,2026-07-15,cve_2026_to_now,2026-07-16T09:10:46+00:00
CVE-2026-55017,updated,2026-07-15,cve_2026_to_now,2026-07-16T09:10:46+00:00
CVE-2026-55018,updated,2026-07-15,cve_2026_to_now,2026-07-16T09:10:46+00:00
CVE-2026-55019,updated,2026-07-15,cve_2026_to_now,2026-07-16T09:10:46+00:00
CVE-2026-55020,updated,2026-07-15,cve_2026_to_now,2026-07-16T09:10:46+00:00
CVE-2026-55021,updated,2026-07-15,cve_2026_to_now,2026-07-16T09:10:46+00:00
CVE-2026-55022,updated,2026-07-15,cve_2026_to_now,2026-07-16T09:10:46+00:00
CVE-2026-55023,updated,2026-07-15,cve_2026_to_now,2026-07-16T09:10:46+00:00
CVE-2026-55024,updated,2026-07-15,cve_2026_to_now,2026-07-16T09:10:46+00:00
CVE-2026-55025,updated,2026-07-15,cve_2026_to_now,2026-07-16T09:10:46+00:00
CVE-2026-55026,updated,2026-07-15,cve_2026_to_now,2026-07-16T09:10:46+00:00
CVE-2026-55027,updated,2026-07-15,cve_2026_to_now,2026-07-16T09:10:46+00:00
CVE-2026-55028,updated,2026-07-15,cve_2026_to_now,2026-07-16T09:10:46+00:00
CVE-2026-55029,updated,2026-07-15,cve_2026_to_now,2026-07-16T09:10:46+00:00
CVE-2026-55030,updated,2026-07-15,cve_2026_to_now,2026-07-16T09:10:46+00:00
CVE-2026-55031,updated,2026-07-15,cve_2026_to_now,2026-07-16T09:10:46+00:00
CVE-2026-55032,updated,2026-07-15,cve_2026_to_now,2026-07-16T09:10:46+00:00
CVE-2026-55033,updated,2026-07-15,cve_2026_to_now,2026-07-16T09:10:46+00:00
CVE-2026-55034,updated,2026-07-15,cve_2026_to_now,2026-07-16T09:10:46+00:00
CVE-2026-55035,updated,2026-07-15,cve_2026_to_now,2026-07-16T09:10:46+00:00
CVE-2026-55036,updated,2026-07-15,cve_2026_to_now,2026-07-16T09:10:46+00:00
CVE-2026-55037,updated,2026-07-15,cve_2026_to_now,2026-07-16T09:10:46+00:00
CVE-2026-55038,updated,2026-07-15,cve_2026_to_now,2026-07-16T09:10:46+00:00
CVE-2026-55039,updated,2026-07-15,cve_2026_to_now,2026-07-16T09:10:46+00:00
CVE-2026-55040,updated,2026-07-15,cve_2026_to_now,2026-07-16T09:10:46+00:00
CVE-2026-55041,updated,2026-07-15,cve_2026_to_now,2026-07-16T09:10:46+00:00
CVE-2026-55042,updated,2026-07-15,cve_2026_to_now,2026-07-16T09:10:46+00:00
CVE-2026-55043,updated,2026-07-15,cve_2026_to_now,2026-07-16T09:10:46+00:00
CVE-2026-55044,updated,2026-07-15,cve_2026_to_now,2026-07-16T09:10:46+00:00
CVE-2026-55045,updated,2026-07-15,cve_2026_to_now,2026-07-16T09:10:46+00:00
CVE-2026-55046,updated,2026-07-15,cve_2026_to_now,2026-07-16T09:10:46+00:00
CVE-2026-55047,updated,2026-07-15,cve_2026_to_now,2026-07-16T09:10:46+00:00
CVE-2026-55048,updated,2026-07-15,cve_2026_to_now,2026-07-16T09:10:46+00:00
CVE-2026-55049,updated,2026-07-15,cve_2026_to_now,2026-07-16T09:10:46+00:00
CVE-2026-55050,updated,2026-07-15,cve_2026_to_now,2026-07-16T09:10:46+00:00
CVE-2026-55051,updated,2026-07-15,cve_2026_to_now,2026-07-16T09:10:46+00:00
CVE-2026-55052,updated,2026-07-15,cve_2026_to_now,2026-07-16T09:10:46+00:00
CVE-2026-55053,updated,2026-07-15,cve_2026_to_now,2026-07-16T09:10:46+00:00
CVE-2026-55054,updated,2026-07-15,cve_2026_to_now,2026-07-16T09:10:46+00:00
CVE-2026-55055,updated,2026-07-15,cve_2026_to_now,2026-07-16T09:10:46+00:00
CVE-2026-55056,updated,2026-07-15,cve_2026_to_now,2026-07-16T09:10:46+00:00
CVE-2026-55057,updated,2026-07-15,cve_2026_to_now,2026-07-16T09:10:46+00:00
CVE-2026-55058,updated,2026-07-15,cve_2026_to_now,2026-07-16T09:10:46+00:00
CVE-2026-55120,updated,2026-07-15,cve_2026_to_now,2026-07-16T09:10:46+00:00
CVE-2026-55121,updated,2026-07-15,cve_2026_to_now,2026-07-16T09:10:46+00:00
CVE-2026-55122,updated,2026-07-15,cve_2026_to_now,2026-07-16T09:10:46+00:00
CVE-2026-55123,updated,2026-07-15,cve_2026_to_now,2026-07-16T09:10:46+00:00
CVE-2026-55124,updated,2026-07-15,cve_2026_to_now,2026-07-16T09:10:46+00:00
CVE-2026-55125,updated,2026-07-15,cve_2026_to_now,2026-07-16T09:10:46+00:00
CVE-2026-55126,updated,2026-07-15,cve_2026_to_now,2026-07-16T09:10:46+00:00
CVE-2026-55127,updated,2026-07-15,cve_2026_to_now,2026-07-16T09:10:46+00:00
CVE-2026-55128,updated,2026-07-15,cve_2026_to_now,2026-07-16T09:10:46+00:00
CVE-2026-55129,updated,2026-07-15,cve_2026_to_now,2026-07-16T09:10:46+00:00
CVE-2026-55130,updated,2026-07-15,cve_2026_to_now,2026-07-16T09:10:46+00:00
CVE-2026-55131,updated,2026-07-15,cve_2026_to_now,2026-07-16T09:10:46+00:00
CVE-2026-55132,updated,2026-07-15,cve_2026_to_now,2026-07-16T09:10:46+00:00
CVE-2026-55133,updated,2026-07-15,cve_2026_to_now,2026-07-16T09:10:46+00:00
CVE-2026-55134,updated,2026-07-15,cve_2026_to_now,2026-07-16T09:10:46+00:00
CVE-2026-55135,updated,2026-07-15,cve_2026_to_now,2026-07-16T09:10:46+00:00
CVE-2026-55136,updated,2026-07-15,cve_2026_to_now,2026-07-16T09:10:46+00:00
CVE-2026-55137,updated,2026-07-15,cve_2026_to_now,2026-07-16T09:10:46+00:00
CVE-2026-55138,updated,2026-07-15,cve_2026_to_now,2026-07-16T09:10:46+00:00
CVE-2026-55139,updated,2026-07-15,cve_2026_to_now,2026-07-16T09:10:46+00:00
CVE-2026-55140,updated,2026-07-15,cve_2026_to_now,2026-07-16T09:10:46+00:00
CVE-2026-55141,updated,2026-07-15,cve_2026_to_now,2026-07-16T09:10:46+00:00
CVE-2026-55142,updated,2026-07-15,cve_2026_to_now,2026-07-16T09:10:46+00:00
CVE-2026-55144,updated,2026-07-15,cve_2026_to_now,2026-07-16T09:10:46+00:00
CVE-2026-55145,updated,2026-07-15,cve_2026_to_now,2026-07-16T09:10:46+00:00
CVE-2026-55234,added,,cve_2026_to_now,2026-07-16T09:10:46+00:00
CVE-2026-55242,added,,cve_2026_to_now,2026-07-16T09:10:46+00:00
CVE-2026-55398,added,,cve_2026_to_now,2026-07-16T09:10:46+00:00
CVE-2026-55399,added,,cve_2026_to_now,2026-07-16T09:10:46+00:00
CVE-2026-55410,added,,cve_2026_to_now,2026-07-16T09:10:46+00:00
CVE-2026-55445,added,,cve_2026_to_now,2026-07-16T09:10:46+00:00
CVE-2026-55576,added,,cve_2026_to_now,2026-07-16T09:10:46+00:00
CVE-2026-55608,added,,cve_2026_to_now,2026-07-16T09:10:46+00:00
CVE-2026-55652,added,,cve_2026_to_now,2026-07-16T09:10:46+00:00
CVE-2026-55723,added,2026-07-16,cve_2026_to_now,2026-07-16T09:10:46+00:00
CVE-2026-55773,updated,2026-07-15,cve_2026_to_now,2026-07-16T09:10:46+00:00
CVE-2026-55898,updated,2026-07-15,cve_2026_to_now,2026-07-16T09:10:46+00:00
CVE-2026-55899,updated,2026-07-15,cve_2026_to_now,2026-07-16T09:10:46+00:00
CVE-2026-55944,updated,2026-07-15,cve_2026_to_now,2026-07-16T09:10:46+00:00
CVE-2026-55945,updated,2026-07-15,cve_2026_to_now,2026-07-16T09:10:46+00:00
CVE-2026-55947,updated,2026-07-15,cve_2026_to_now,2026-07-16T09:10:46+00:00
CVE-2026-55948,updated,2026-07-15,cve_2026_to_now,2026-07-16T09:10:46+00:00
CVE-2026-55949,updated,2026-07-15,cve_2026_to_now,2026-07-16T09:10:46+00:00
CVE-2026-56087,added,,cve_2026_to_now,2026-07-16T09:10:46+00:00
CVE-2026-56155,updated,2026-07-15,cve_2026_to_now,2026-07-16T09:10:46+00:00
CVE-2026-56156,updated,2026-07-15,cve_2026_to_now,2026-07-16T09:10:46+00:00
CVE-2026-56157,updated,2026-07-15,cve_2026_to_now,2026-07-16T09:10:46+00:00
CVE-2026-56159,updated,2026-07-15,cve_2026_to_now,2026-07-16T09:10:46+00:00
CVE-2026-56164,updated,2026-07-15,cve_2026_to_now,2026-07-16T09:10:46+00:00
CVE-2026-56168,updated,2026-07-15,cve_2026_to_now,2026-07-16T09:10:46+00:00
CVE-2026-56169,updated,2026-07-15,cve_2026_to_now,2026-07-16T09:10:46+00:00
CVE-2026-56170,updated,2026-07-15,cve_2026_to_now,2026-07-16T09:10:46+00:00
CVE-2026-56173,updated,2026-07-15,cve_2026_to_now,2026-07-16T09:10:46+00:00
CVE-2026-56175,updated,2026-07-15,cve_2026_to_now,2026-07-16T09:10:46+00:00
CVE-2026-56176,updated,2026-07-15,cve_2026_to_now,2026-07-16T09:10:46+00:00
CVE-2026-56178,updated,2026-07-15,cve_2026_to_now,2026-07-16T09:10:46+00:00
CVE-2026-56181,updated,2026-07-15,cve_2026_to_now,2026-07-16T09:10:46+00:00
CVE-2026-56182,updated,2026-07-15,cve_2026_to_now,2026-07-16T09:10:46+00:00
CVE-2026-56183,updated,2026-07-15,cve_2026_to_now,2026-07-16T09:10:46+00:00
CVE-2026-56184,updated,2026-07-15,cve_2026_to_now,2026-07-16T09:10:46+00:00
CVE-2026-56185,updated,2026-07-15,cve_2026_to_now,2026-07-16T09:10:46+00:00
CVE-2026-56186,updated,2026-07-15,cve_2026_to_now,2026-07-16T09:10:46+00:00
CVE-2026-56187,updated,2026-07-15,cve_2026_to_now,2026-07-16T09:10:46+00:00
CVE-2026-56188,updated,2026-07-15,cve_2026_to_now,2026-07-16T09:10:46+00:00
CVE-2026-56189,updated,2026-07-15,cve_2026_to_now,2026-07-16T09:10:46+00:00
CVE-2026-56190,updated,2026-07-15,cve_2026_to_now,2026-07-16T09:10:46+00:00
CVE-2026-56192,updated,2026-07-15,cve_2026_to_now,2026-07-16T09:10:46+00:00
CVE-2026-56193,updated,2026-07-15,cve_2026_to_now,2026-07-16T09:10:46+00:00
CVE-2026-56194,updated,2026-07-15,cve_2026_to_now,2026-07-16T09:10:46+00:00
CVE-2026-56195,updated,2026-07-15,cve_2026_to_now,2026-07-16T09:10:46+00:00
CVE-2026-56196,updated,2026-07-15,cve_2026_to_now,2026-07-16T09:10:46+00:00
CVE-2026-56197,updated,2026-07-15,cve_2026_to_now,2026-07-16T09:10:46+00:00
CVE-2026-56208,updated,2026-07-15,cve_2026_to_now,2026-07-16T09:10:46+00:00
CVE-2026-56287,added,,cve_2026_to_now,2026-07-16T09:10:46+00:00
CVE-2026-56339,added,,cve_2026_to_now,2026-07-16T09:10:46+00:00
CVE-2026-56349,added,,cve_2026_to_now,2026-07-16T09:10:46+00:00
CVE-2026-56352,added,,cve_2026_to_now,2026-07-16T09:10:46+00:00
CVE-2026-56353,added,,cve_2026_to_now,2026-07-16T09:10:46+00:00
CVE-2026-56375,added,,cve_2026_to_now,2026-07-16T09:10:46+00:00
CVE-2026-56398,added,,cve_2026_to_now,2026-07-16T09:10:46+00:00
CVE-2026-56400,added,,cve_2026_to_now,2026-07-16T09:10:46+00:00
CVE-2026-56401,removed,,cve_2026_to_now,2026-07-16T09:10:46+00:00
CVE-2026-56434,added,,cve_2026_to_now,2026-07-16T09:10:46+00:00
CVE-2026-56642,updated,2026-07-15,cve_2026_to_now,2026-07-16T09:10:46+00:00
CVE-2026-56643,updated,2026-07-15,cve_2026_to_now,2026-07-16T09:10:46+00:00
CVE-2026-56644,updated,2026-07-15,cve_2026_to_now,2026-07-16T09:10:46+00:00
CVE-2026-56645,updated,2026-07-15,cve_2026_to_now,2026-07-16T09:10:46+00:00
CVE-2026-56646,updated,2026-07-15,cve_2026_to_now,2026-07-16T09:10:46+00:00
CVE-2026-56647,updated,2026-07-15,cve_2026_to_now,2026-07-16T09:10:46+00:00
CVE-2026-56648,updated,2026-07-15,cve_2026_to_now,2026-07-16T09:10:46+00:00
CVE-2026-56649,updated,2026-07-15,cve_2026_to_now,2026-07-16T09:10:46+00:00
CVE-2026-56650,updated,2026-07-15,cve_2026_to_now,2026-07-16T09:10:46+00:00
CVE-2026-56678,added,,cve_2026_to_now,2026-07-16T09:10:46+00:00
CVE-2026-56679,added,,cve_2026_to_now,2026-07-16T09:10:46+00:00
CVE-2026-56687,added,2026-07-16,cve_2026_to_now,2026-07-16T09:10:46+00:00
CVE-2026-56699,added,,cve_2026_to_now,2026-07-16T09:10:46+00:00
CVE-2026-56742,added,,cve_2026_to_now,2026-07-16T09:10:46+00:00
CVE-2026-56743,added,,cve_2026_to_now,2026-07-16T09:10:46+00:00
CVE-2026-56764,added,,cve_2026_to_now,2026-07-16T09:10:46+00:00
CVE-2026-56877,updated,2026-07-14,cve_2026_to_now,2026-07-16T09:10:46+00:00
CVE-2026-57025,updated,2026-07-16,cve_2026_to_now,2026-07-16T09:10:46+00:00
CVE-2026-57083,updated,2026-07-15,cve_2026_to_now,2026-07-16T09:10:46+00:00
CVE-2026-57084,updated,2026-07-15,cve_2026_to_now,2026-07-16T09:10:46+00:00
CVE-2026-57085,updated,2026-07-15,cve_2026_to_now,2026-07-16T09:10:46+00:00
CVE-2026-57087,updated,2026-07-15,cve_2026_to_now,2026-07-16T09:10:46+00:00
CVE-2026-57088,updated,2026-07-15,cve_2026_to_now,2026-07-16T09:10:46+00:00
CVE-2026-57089,updated,2026-07-15,cve_2026_to_now,2026-07-16T09:10:46+00:00
CVE-2026-57090,updated,2026-07-15,cve_2026_to_now,2026-07-16T09:10:46+00:00
CVE-2026-57091,updated,2026-07-16,cve_2026_to_now,2026-07-16T09:10:46+00:00
CVE-2026-57092,updated,2026-07-16,cve_2026_to_now,2026-07-16T09:10:46+00:00
CVE-2026-57093,updated,2026-07-15,cve_2026_to_now,2026-07-16T09:10:46+00:00
CVE-2026-57094,updated,2026-07-15,cve_2026_to_now,2026-07-16T09:10:46+00:00
CVE-2026-57095,updated,2026-07-15,cve_2026_to_now,2026-07-16T09:10:46+00:00
CVE-2026-57096,updated,2026-07-15,cve_2026_to_now,2026-07-16T09:10:46+00:00
CVE-2026-57097,updated,2026-07-15,cve_2026_to_now,2026-07-16T09:10:46+00:00
CVE-2026-57100,updated,2026-07-15,cve_2026_to_now,2026-07-16T09:10:46+00:00
CVE-2026-57101,updated,2026-07-15,cve_2026_to_now,2026-07-16T09:10:46+00:00
CVE-2026-57102,updated,2026-07-15,cve_2026_to_now,2026-07-16T09:10:46+00:00
CVE-2026-57107,updated,2026-07-15,cve_2026_to_now,2026-07-16T09:10:46+00:00
CVE-2026-57108,updated,2026-07-15,cve_2026_to_now,2026-07-16T09:10:46+00:00
CVE-2026-57219,updated,2026-07-16,cve_2026_to_now,2026-07-16T09:10:46+00:00
CVE-2026-57821,added,,cve_2026_to_now,2026-07-16T09:10:46+00:00
CVE-2026-57831,updated,2026-07-16,cve_2026_to_now,2026-07-16T09:10:46+00:00
CVE-2026-57832,updated,2026-07-16,cve_2026_to_now,2026-07-16T09:10:46+00:00
CVE-2026-57833,added,2026-07-16,cve_2026_to_now,2026-07-16T09:10:46+00:00
CVE-2026-57968,updated,2026-07-15,cve_2026_to_now,2026-07-16T09:10:46+00:00
CVE-2026-57969,updated,2026-07-15,cve_2026_to_now,2026-07-16T09:10:46+00:00
CVE-2026-57973,updated,2026-07-15,cve_2026_to_now,2026-07-16T09:10:46+00:00
CVE-2026-57974,updated,2026-07-15,cve_2026_to_now,2026-07-16T09:10:46+00:00
CVE-2026-57975,updated,2026-07-15,cve_2026_to_now,2026-07-16T09:10:46+00:00
CVE-2026-57976,updated,2026-07-15,cve_2026_to_now,2026-07-16T09:10:46+00:00
CVE-2026-57977,updated,2026-07-15,cve_2026_to_now,2026-07-16T09:10:46+00:00
CVE-2026-57979,updated,2026-07-15,cve_2026_to_now,2026-07-16T09:10:46+00:00
CVE-2026-57981,updated,2026-07-15,cve_2026_to_now,2026-07-16T09:10:46+00:00
CVE-2026-57982,updated,2026-07-15,cve_2026_to_now,2026-07-16T09:10:46+00:00
CVE-2026-57983,updated,2026-07-15,cve_2026_to_now,2026-07-16T09:10:46+00:00
CVE-2026-57984,updated,2026-07-15,cve_2026_to_now,2026-07-16T09:10:46+00:00
CVE-2026-57985,updated,2026-07-15,cve_2026_to_now,2026-07-16T09:10:46+00:00
CVE-2026-57986,updated,2026-07-15,cve_2026_to_now,2026-07-16T09:10:46+00:00
CVE-2026-57987,updated,2026-07-15,cve_2026_to_now,2026-07-16T09:10:46+00:00
CVE-2026-57988,updated,2026-07-15,cve_2026_to_now,2026-07-16T09:10:46+00:00
CVE-2026-57991,updated,2026-07-15,cve_2026_to_now,2026-07-16T09:10:46+00:00
CVE-2026-57992,updated,2026-07-15,cve_2026_to_now,2026-07-16T09:10:46+00:00
CVE-2026-57993,updated,2026-07-15,cve_2026_to_now,2026-07-16T09:10:46+00:00
CVE-2026-57996,added,,cve_2026_to_now,2026-07-16T09:10:46+00:00
CVE-2026-58077,added,2026-07-16,cve_2026_to_now,2026-07-16T09:10:46+00:00
CVE-2026-58078,added,,cve_2026_to_now,2026-07-16T09:10:46+00:00
CVE-2026-58276,updated,2026-07-15,cve_2026_to_now,2026-07-16T09:10:46+00:00
CVE-2026-58277,updated,2026-07-15,cve_2026_to_now,2026-07-16T09:10:46+00:00
CVE-2026-58278,updated,2026-07-15,cve_2026_to_now,2026-07-16T09:10:46+00:00
CVE-2026-58279,updated,2026-07-15,cve_2026_to_now,2026-07-16T09:10:46+00:00
CVE-2026-58281,updated,2026-07-15,cve_2026_to_now,2026-07-16T09:10:46+00:00
CVE-2026-58282,updated,2026-07-15,cve_2026_to_now,2026-07-16T09:10:46+00:00
CVE-2026-58283,updated,2026-07-15,cve_2026_to_now,2026-07-16T09:10:46+00:00
CVE-2026-58284,updated,2026-07-15,cve_2026_to_now,2026-07-16T09:10:46+00:00
CVE-2026-58285,updated,2026-07-15,cve_2026_to_now,2026-07-16T09:10:46+00:00
CVE-2026-58286,updated,2026-07-15,cve_2026_to_now,2026-07-16T09:10:46+00:00
CVE-2026-58287,updated,2026-07-15,cve_2026_to_now,2026-07-16T09:10:46+00:00
CVE-2026-58288,updated,2026-07-15,cve_2026_to_now,2026-07-16T09:10:46+00:00
CVE-2026-58289,updated,2026-07-15,cve_2026_to_now,2026-07-16T09:10:46+00:00
CVE-2026-58290,updated,2026-07-15,cve_2026_to_now,2026-07-16T09:10:46+00:00
CVE-2026-58291,updated,2026-07-15,cve_2026_to_now,2026-07-16T09:10:46+00:00
CVE-2026-58292,updated,2026-07-15,cve_2026_to_now,2026-07-16T09:10:46+00:00
CVE-2026-58293,updated,2026-07-15,cve_2026_to_now,2026-07-16T09:10:46+00:00
CVE-2026-58294,updated,2026-07-15,cve_2026_to_now,2026-07-16T09:10:46+00:00
CVE-2026-58295,updated,2026-07-15,cve_2026_to_now,2026-07-16T09:10:46+00:00
CVE-2026-58296,updated,2026-07-15,cve_2026_to_now,2026-07-16T09:10:46+00:00
CVE-2026-58297,updated,2026-07-15,cve_2026_to_now,2026-07-16T09:10:46+00:00
CVE-2026-58298,updated,2026-07-15,cve_2026_to_now,2026-07-16T09:10:46+00:00
CVE-2026-58299,updated,2026-07-15,cve_2026_to_now,2026-07-16T09:10:46+00:00
CVE-2026-58300,updated,2026-07-15,cve_2026_to_now,2026-07-16T09:10:46+00:00
CVE-2026-58475,updated,2026-07-15,cve_2026_to_now,2026-07-16T09:10:46+00:00
CVE-2026-58478,updated,2026-07-15,cve_2026_to_now,2026-07-16T09:10:46+00:00
CVE-2026-58487,updated,2026-07-15,cve_2026_to_now,2026-07-16T09:10:46+00:00
CVE-2026-58522,updated,2026-07-15,cve_2026_to_now,2026-07-16T09:10:46+00:00
CVE-2026-58523,updated,2026-07-15,cve_2026_to_now,2026-07-16T09:10:46+00:00
CVE-2026-58524,updated,2026-07-15,cve_2026_to_now,2026-07-16T09:10:46+00:00
CVE-2026-58525,updated,2026-07-15,cve_2026_to_now,2026-07-16T09:10:46+00:00
CVE-2026-58526,updated,2026-07-15,cve_2026_to_now,2026-07-16T09:10:46+00:00
CVE-2026-58527,updated,2026-07-15,cve_2026_to_now,2026-07-16T09:10:46+00:00
CVE-2026-58528,updated,2026-07-15,cve_2026_to_now,2026-07-16T09:10:46+00:00
CVE-2026-58529,updated,2026-07-15,cve_2026_to_now,2026-07-16T09:10:46+00:00
CVE-2026-58530,updated,2026-07-15,cve_2026_to_now,2026-07-16T09:10:46+00:00
CVE-2026-58531,updated,2026-07-15,cve_2026_to_now,2026-07-16T09:10:46+00:00
CVE-2026-58532,updated,2026-07-15,cve_2026_to_now,2026-07-16T09:10:46+00:00
CVE-2026-58533,updated,2026-07-15,cve_2026_to_now,2026-07-16T09:10:46+00:00
CVE-2026-58534,updated,2026-07-15,cve_2026_to_now,2026-07-16T09:10:46+00:00
CVE-2026-58535,updated,2026-07-15,cve_2026_to_now,2026-07-16T09:10:46+00:00
CVE-2026-58536,updated,2026-07-15,cve_2026_to_now,2026-07-16T09:10:46+00:00
CVE-2026-58537,updated,2026-07-15,cve_2026_to_now,2026-07-16T09:10:46+00:00
CVE-2026-58538,updated,2026-07-16,cve_2026_to_now,2026-07-16T09:10:46+00:00
CVE-2026-58539,updated,2026-07-15,cve_2026_to_now,2026-07-16T09:10:46+00:00
CVE-2026-58540,updated,2026-07-15,cve_2026_to_now,2026-07-16T09:10:46+00:00
CVE-2026-58541,updated,2026-07-15,cve_2026_to_now,2026-07-16T09:10:46+00:00
CVE-2026-58542,updated,2026-07-15,cve_2026_to_now,2026-07-16T09:10:46+00:00
CVE-2026-58543,updated,2026-07-15,cve_2026_to_now,2026-07-16T09:10:46+00:00
CVE-2026-58544,updated,2026-07-15,cve_2026_to_now,2026-07-16T09:10:46+00:00
CVE-2026-58545,updated,2026-07-15,cve_2026_to_now,2026-07-16T09:10:46+00:00
CVE-2026-58546,updated,2026-07-15,cve_2026_to_now,2026-07-16T09:10:46+00:00
CVE-2026-58547,updated,2026-07-15,cve_2026_to_now,2026-07-16T09:10:46+00:00
CVE-2026-58549,added,,cve_2026_to_now,2026-07-16T09:10:46+00:00
CVE-2026-58550,added,,cve_2026_to_now,2026-07-16T09:10:46+00:00
CVE-2026-58551,added,,cve_2026_to_now,2026-07-16T09:10:46+00:00
CVE-2026-58552,added,,cve_2026_to_now,2026-07-16T09:10:46+00:00
CVE-2026-58553,added,,cve_2026_to_now,2026-07-16T09:10:46+00:00
CVE-2026-58554,added,,cve_2026_to_now,2026-07-16T09:10:46+00:00
CVE-2026-58555,added,,cve_2026_to_now,2026-07-16T09:10:46+00:00
CVE-2026-58556,added,,cve_2026_to_now,2026-07-16T09:10:46+00:00
CVE-2026-58557,added,,cve_2026_to_now,2026-07-16T09:10:46+00:00
CVE-2026-58558,added,,cve_2026_to_now,2026-07-16T09:10:46+00:00
CVE-2026-58559,added,,cve_2026_to_now,2026-07-16T09:10:46+00:00
CVE-2026-58594,updated,2026-07-15,cve_2026_to_now,2026-07-16T09:10:46+00:00
CVE-2026-58595,updated,2026-07-15,cve_2026_to_now,2026-07-16T09:10:46+00:00
CVE-2026-58596,updated,2026-07-15,cve_2026_to_now,2026-07-16T09:10:46+00:00
CVE-2026-58597,updated,2026-07-15,cve_2026_to_now,2026-07-16T09:10:46+00:00
CVE-2026-58601,updated,2026-07-15,cve_2026_to_now,2026-07-16T09:10:46+00:00
CVE-2026-58602,updated,2026-07-15,cve_2026_to_now,2026-07-16T09:10:46+00:00
CVE-2026-58608,updated,2026-07-15,cve_2026_to_now,2026-07-16T09:10:46+00:00
CVE-2026-58609,updated,2026-07-16,cve_2026_to_now,2026-07-16T09:10:46+00:00
CVE-2026-58610,updated,2026-07-15,cve_2026_to_now,2026-07-16T09:10:46+00:00
CVE-2026-58613,updated,2026-07-15,cve_2026_to_now,2026-07-16T09:10:46+00:00
CVE-2026-58614,updated,2026-07-15,cve_2026_to_now,2026-07-16T09:10:46+00:00
CVE-2026-58617,updated,2026-07-15,cve_2026_to_now,2026-07-16T09:10:46+00:00
CVE-2026-58618,updated,2026-07-15,cve_2026_to_now,2026-07-16T09:10:46+00:00
CVE-2026-58619,updated,2026-07-15,cve_2026_to_now,2026-07-16T09:10:46+00:00
CVE-2026-58626,updated,2026-07-15,cve_2026_to_now,2026-07-16T09:10:46+00:00
CVE-2026-58627,updated,2026-07-15,cve_2026_to_now,2026-07-16T09:10:46+00:00
CVE-2026-58628,updated,2026-07-15,cve_2026_to_now,2026-07-16T09:10:46+00:00
CVE-2026-58629,updated,2026-07-16,cve_2026_to_now,2026-07-16T09:10:46+00:00
CVE-2026-58631,updated,2026-07-15,cve_2026_to_now,2026-07-16T09:10:46+00:00
CVE-2026-58632,updated,2026-07-15,cve_2026_to_now,2026-07-16T09:10:46+00:00
CVE-2026-58633,updated,2026-07-15,cve_2026_to_now,2026-07-16T09:10:46+00:00
CVE-2026-58634,updated,2026-07-15,cve_2026_to_now,2026-07-16T09:10:46+00:00
CVE-2026-58635,updated,2026-07-15,cve_2026_to_now,2026-07-16T09:10:46+00:00
CVE-2026-58636,updated,2026-07-15,cve_2026_to_now,2026-07-16T09:10:46+00:00
CVE-2026-58637,updated,2026-07-15,cve_2026_to_now,2026-07-16T09:10:46+00:00
CVE-2026-58638,updated,2026-07-15,cve_2026_to_now,2026-07-16T09:10:46+00:00
CVE-2026-58640,updated,2026-07-15,cve_2026_to_now,2026-07-16T09:10:46+00:00
CVE-2026-58644,updated,2026-07-15,cve_2026_to_now,2026-07-16T09:10:46+00:00
CVE-2026-58647,updated,2026-07-15,cve_2026_to_now,2026-07-16T09:10:46+00:00
CVE-2026-58655,added,,cve_2026_to_now,2026-07-16T09:10:46+00:00
CVE-2026-58658,added,,cve_2026_to_now,2026-07-16T09:10:46+00:00
CVE-2026-58659,added,,cve_2026_to_now,2026-07-16T09:10:46+00:00
CVE-2026-58660,added,,cve_2026_to_now,2026-07-16T09:10:46+00:00
CVE-2026-59199,updated,2026-07-15,cve_2026_to_now,2026-07-16T09:10:46+00:00
CVE-2026-59203,updated,2026-07-15,cve_2026_to_now,2026-07-16T09:10:46+00:00
CVE-2026-59235,added,,cve_2026_to_now,2026-07-16T09:10:46+00:00
CVE-2026-59236,added,,cve_2026_to_now,2026-07-16T09:10:46+00:00
CVE-2026-59254,added,,cve_2026_to_now,2026-07-16T09:10:46+00:00
CVE-2026-59255,added,,cve_2026_to_now,2026-07-16T09:10:46+00:00
CVE-2026-59258,added,,cve_2026_to_now,2026-07-16T09:10:46+00:00
CVE-2026-59259,added,,cve_2026_to_now,2026-07-16T09:10:46+00:00
CVE-2026-59733,updated,2026-07-16,cve_2026_to_now,2026-07-16T09:10:46+00:00
CVE-2026-59762,added,,cve_2026_to_now,2026-07-16T09:10:46+00:00
CVE-2026-59835,updated,2026-07-16,cve_2026_to_now,2026-07-16T09:10:46+00:00
CVE-2026-59838,added,,cve_2026_to_now,2026-07-16T09:10:46+00:00
CVE-2026-59884,updated,2026-07-15,cve_2026_to_now,2026-07-16T09:10:46+00:00
CVE-2026-59886,updated,2026-07-15,cve_2026_to_now,2026-07-16T09:10:46+00:00
CVE-2026-59950,added,,cve_2026_to_now,2026-07-16T09:10:46+00:00
CVE-2026-59954,added,,cve_2026_to_now,2026-07-16T09:10:46+00:00
CVE-2026-59955,added,,cve_2026_to_now,2026-07-16T09:10:46+00:00
CVE-2026-60005,added,,cve_2026_to_now,2026-07-16T09:10:46+00:00
CVE-2026-60062,added,,cve_2026_to_now,2026-07-16T09:10:46+00:00
CVE-2026-60065,added,,cve_2026_to_now,2026-07-16T09:10:46+00:00
CVE-2026-60081,updated,2026-07-15,cve_2026_to_now,2026-07-16T09:10:46+00:00
CVE-2026-60082,updated,2026-07-15,cve_2026_to_now,2026-07-16T09:10:46+00:00
CVE-2026-60085,added,,cve_2026_to_now,2026-07-16T09:10:46+00:00
CVE-2026-60087,added,,cve_2026_to_now,2026-07-16T09:10:46+00:00
CVE-2026-60103,updated,2026-07-15,cve_2026_to_now,2026-07-16T09:10:46+00:00
CVE-2026-60118,updated,2026-07-15,cve_2026_to_now,2026-07-16T09:10:46+00:00
CVE-2026-61371,added,,cve_2026_to_now,2026-07-16T09:10:46+00:00
CVE-2026-61427,added,,cve_2026_to_now,2026-07-16T09:10:46+00:00
CVE-2026-61430,added,,cve_2026_to_now,2026-07-16T09:10:46+00:00
CVE-2026-61433,added,,cve_2026_to_now,2026-07-16T09:10:46+00:00
CVE-2026-61435,added,,cve_2026_to_now,2026-07-16T09:10:46+00:00
CVE-2026-61436,added,,cve_2026_to_now,2026-07-16T09:10:46+00:00
CVE-2026-61438,added,,cve_2026_to_now,2026-07-16T09:10:46+00:00
CVE-2026-61440,added,,cve_2026_to_now,2026-07-16T09:10:46+00:00
CVE-2026-61443,added,,cve_2026_to_now,2026-07-16T09:10:46+00:00
CVE-2026-61446,added,,cve_2026_to_now,2026-07-16T09:10:46+00:00
CVE-2026-61449,added,,cve_2026_to_now,2026-07-16T09:10:46+00:00
CVE-2026-61451,added,,cve_2026_to_now,2026-07-16T09:10:46+00:00
CVE-2026-61452,added,,cve_2026_to_now,2026-07-16T09:10:46+00:00
CVE-2026-61453,added,,cve_2026_to_now,2026-07-16T09:10:46+00:00
CVE-2026-61457,added,,cve_2026_to_now,2026-07-16T09:10:46+00:00
CVE-2026-61464,added,,cve_2026_to_now,2026-07-16T09:10:46+00:00
CVE-2026-61500,updated,2026-07-15,cve_2026_to_now,2026-07-16T09:10:46+00:00
CVE-2026-61503,updated,2026-07-15,cve_2026_to_now,2026-07-16T09:10:46+00:00
CVE-2026-61520,updated,2026-07-15,cve_2026_to_now,2026-07-16T09:10:46+00:00
CVE-2026-61613,added,,cve_2026_to_now,2026-07-16T09:10:46+00:00
CVE-2026-61643,added,,cve_2026_to_now,2026-07-16T09:10:46+00:00
CVE-2026-61644,added,,cve_2026_to_now,2026-07-16T09:10:46+00:00
CVE-2026-61646,added,,cve_2026_to_now,2026-07-16T09:10:46+00:00
CVE-2026-61684,added,,cve_2026_to_now,2026-07-16T09:10:46+00:00
CVE-2026-61736,added,,cve_2026_to_now,2026-07-16T09:10:46+00:00
CVE-2026-61740,added,,cve_2026_to_now,2026-07-16T09:10:46+00:00
CVE-2026-61828,added,,cve_2026_to_now,2026-07-16T09:10:46+00:00
CVE-2026-61835,added,,cve_2026_to_now,2026-07-16T09:10:46+00:00
CVE-2026-61836,added,,cve_2026_to_now,2026-07-16T09:10:46+00:00
CVE-2026-61859,added,,cve_2026_to_now,2026-07-16T09:10:46+00:00
CVE-2026-61860,added,,cve_2026_to_now,2026-07-16T09:10:46+00:00
CVE-2026-61862,added,,cve_2026_to_now,2026-07-16T09:10:46+00:00
CVE-2026-61863,added,,cve_2026_to_now,2026-07-16T09:10:46+00:00
CVE-2026-61864,added,,cve_2026_to_now,2026-07-16T09:10:46+00:00
CVE-2026-61865,added,,cve_2026_to_now,2026-07-16T09:10:46+00:00
CVE-2026-61866,added,,cve_2026_to_now,2026-07-16T09:10:46+00:00
CVE-2026-61867,added,,cve_2026_to_now,2026-07-16T09:10:46+00:00
CVE-2026-61868,added,,cve_2026_to_now,2026-07-16T09:10:46+00:00
CVE-2026-61869,added,,cve_2026_to_now,2026-07-16T09:10:46+00:00
CVE-2026-61871,added,,cve_2026_to_now,2026-07-16T09:10:46+00:00
CVE-2026-61872,added,,cve_2026_to_now,2026-07-16T09:10:46+00:00
CVE-2026-61873,added,,cve_2026_to_now,2026-07-16T09:10:46+00:00
CVE-2026-62184,updated,2026-07-15,cve_2026_to_now,2026-07-16T09:10:46+00:00
CVE-2026-62187,updated,2026-07-15,cve_2026_to_now,2026-07-16T09:10:46+00:00
CVE-2026-62190,updated,2026-07-15,cve_2026_to_now,2026-07-16T09:10:46+00:00
CVE-2026-62193,updated,2026-07-15,cve_2026_to_now,2026-07-16T09:10:46+00:00
CVE-2026-62196,updated,2026-07-15,cve_2026_to_now,2026-07-16T09:10:46+00:00
CVE-2026-62199,updated,2026-07-15,cve_2026_to_now,2026-07-16T09:10:46+00:00
CVE-2026-62242,updated,2026-07-15,cve_2026_to_now,2026-07-16T09:10:46+00:00
CVE-2026-62294,added,,cve_2026_to_now,2026-07-16T09:10:46+00:00
CVE-2026-62312,added,,cve_2026_to_now,2026-07-16T09:10:46+00:00
CVE-2026-62314,added,,cve_2026_to_now,2026-07-16T09:10:46+00:00
CVE-2026-62328,updated,2026-07-15,cve_2026_to_now,2026-07-16T09:10:46+00:00
CVE-2026-62348,added,,cve_2026_to_now,2026-07-16T09:10:46+00:00
CVE-2026-62349,added,,cve_2026_to_now,2026-07-16T09:10:46+00:00
CVE-2026-62350,added,,cve_2026_to_now,2026-07-16T09:10:46+00:00
CVE-2026-62351,added,,cve_2026_to_now,2026-07-16T09:10:46+00:00
CVE-2026-62353,added,,cve_2026_to_now,2026-07-16T09:10:46+00:00
CVE-2026-62355,added,,cve_2026_to_now,2026-07-16T09:10:46+00:00
CVE-2026-62361,added,,cve_2026_to_now,2026-07-16T09:10:46+00:00
CVE-2026-62378,added,,cve_2026_to_now,2026-07-16T09:10:46+00:00
CVE-2026-62389,added,,cve_2026_to_now,2026-07-16T09:10:46+00:00
CVE-2026-62393,updated,2026-07-15,cve_2026_to_now,2026-07-16T09:10:46+00:00
CVE-2026-62655,updated,2026-07-15,cve_2026_to_now,2026-07-16T09:10:46+00:00
CVE-2026-62656,updated,2026-07-15,cve_2026_to_now,2026-07-16T09:10:46+00:00
CVE-2026-62657,updated,2026-07-15,cve_2026_to_now,2026-07-16T09:10:46+00:00
CVE-2026-62658,updated,2026-07-15,cve_2026_to_now,2026-07-16T09:10:46+00:00
CVE-2026-62659,updated,2026-07-15,cve_2026_to_now,2026-07-16T09:10:46+00:00
CVE-2026-62683,added,,cve_2026_to_now,2026-07-16T09:10:46+00:00
CVE-2026-62685,added,,cve_2026_to_now,2026-07-16T09:10:46+00:00
CVE-2026-62843,added,,cve_2026_to_now,2026-07-16T09:10:46+00:00
CVE-2026-62947,added,,cve_2026_to_now,2026-07-16T09:10:46+00:00
CVE-2026-62948,added,,cve_2026_to_now,2026-07-16T09:10:46+00:00
CVE-2026-63175,added,,cve_2026_to_now,2026-07-16T09:10:46+00:00
