cve_id,change_type,date_updated,shard,run_utc
CVE-2016-20097,updated,2026-09-30,cve_2022_and_before,2026-10-01T14:08:02+00:00
CVE-2017-20051,removed,,cve_2022_and_before,2026-10-01T14:08:02+00:00
CVE-2018-25317,updated,2026-09-30,cve_2022_and_before,2026-10-01T14:08:02+00:00
CVE-2020-37167,updated,2026-09-30,cve_2022_and_before,2026-10-01T14:08:02+00:00
CVE-2022-50997,updated,2026-09-30,cve_2022_and_before,2026-10-01T14:08:02+00:00
CVE-2023-1989,updated,2026-10-01,cve_2023_to_2025,2026-10-01T14:08:02+00:00
CVE-2023-39417,updated,2026-03-12,cve_2023_to_2025,2026-10-01T14:08:02+00:00
CVE-2023-52355,updated,2026-09-30,cve_2023_to_2025,2026-10-01T14:08:02+00:00
CVE-2023-53899,updated,2026-09-30,cve_2023_to_2025,2026-10-01T14:08:02+00:00
CVE-2023-54342,updated,2026-09-30,cve_2023_to_2025,2026-10-01T14:08:02+00:00
CVE-2023-54344,updated,2026-09-30,cve_2023_to_2025,2026-10-01T14:08:02+00:00
CVE-2023-54355,updated,2026-09-30,cve_2023_to_2025,2026-10-01T14:08:02+00:00
CVE-2023-54390,updated,2026-09-30,cve_2023_to_2025,2026-10-01T14:08:02+00:00
CVE-2023-54392,updated,2026-09-30,cve_2023_to_2025,2026-10-01T14:08:02+00:00
CVE-2023-54393,updated,2026-09-30,cve_2023_to_2025,2026-10-01T14:08:02+00:00
CVE-2023-54400,updated,2026-09-30,cve_2023_to_2025,2026-10-01T14:08:02+00:00
CVE-2023-54402,added,,cve_2023_to_2025,2026-10-01T14:08:02+00:00
CVE-2023-54403,added,,cve_2023_to_2025,2026-10-01T14:08:02+00:00
CVE-2024-1233,updated,2026-10-01,cve_2023_to_2025,2026-10-01T14:08:02+00:00
CVE-2024-11831,updated,2026-09-30,cve_2023_to_2025,2026-10-01T14:08:02+00:00
CVE-2024-13996,updated,2026-09-30,cve_2023_to_2025,2026-10-01T14:08:02+00:00
CVE-2024-13997,updated,2026-09-30,cve_2023_to_2025,2026-10-01T14:08:02+00:00
CVE-2024-13998,updated,2026-09-30,cve_2023_to_2025,2026-10-01T14:08:02+00:00
CVE-2024-13999,updated,2026-09-30,cve_2023_to_2025,2026-10-01T14:08:02+00:00
CVE-2024-14000,updated,2026-09-30,cve_2023_to_2025,2026-10-01T14:08:02+00:00
CVE-2024-14001,updated,2026-09-30,cve_2023_to_2025,2026-10-01T14:08:02+00:00
CVE-2024-14002,updated,2026-09-30,cve_2023_to_2025,2026-10-01T14:08:02+00:00
CVE-2024-14003,updated,2026-09-30,cve_2023_to_2025,2026-10-01T14:08:02+00:00
CVE-2024-14004,updated,2026-09-30,cve_2023_to_2025,2026-10-01T14:08:02+00:00
CVE-2024-14005,updated,2026-09-30,cve_2023_to_2025,2026-10-01T14:08:02+00:00
CVE-2024-14006,updated,2026-09-30,cve_2023_to_2025,2026-10-01T14:08:02+00:00
CVE-2024-14008,updated,2026-09-30,cve_2023_to_2025,2026-10-01T14:08:02+00:00
CVE-2024-14009,updated,2026-09-30,cve_2023_to_2025,2026-10-01T14:08:02+00:00
CVE-2024-14010,updated,2026-09-30,cve_2023_to_2025,2026-10-01T14:08:02+00:00
CVE-2024-31027,updated,2026-09-30,cve_2023_to_2025,2026-10-01T14:08:02+00:00
CVE-2024-42002,updated,2026-09-30,cve_2023_to_2025,2026-10-01T14:08:02+00:00
CVE-2024-58387,added,,cve_2023_to_2025,2026-10-01T14:08:02+00:00
CVE-2025-6170,updated,2026-10-01,cve_2023_to_2025,2026-10-01T14:08:02+00:00
CVE-2025-6558,updated,2026-09-21,cve_2023_to_2025,2026-10-01T14:08:02+00:00
CVE-2025-12999,updated,2026-09-30,cve_2023_to_2025,2026-10-01T14:08:02+00:00
CVE-2025-14300,updated,2026-09-30,cve_2023_to_2025,2026-10-01T14:08:02+00:00
CVE-2025-14564,updated,,cve_2023_to_2025,2026-10-01T14:08:02+00:00
CVE-2025-34023,updated,2026-09-30,cve_2023_to_2025,2026-10-01T14:08:02+00:00
CVE-2025-34134,updated,2026-09-30,cve_2023_to_2025,2026-10-01T14:08:02+00:00
CVE-2025-34135,updated,2026-09-30,cve_2023_to_2025,2026-10-01T14:08:02+00:00
CVE-2025-34283,updated,2026-09-30,cve_2023_to_2025,2026-10-01T14:08:02+00:00
CVE-2025-34284,updated,2026-09-30,cve_2023_to_2025,2026-10-01T14:08:02+00:00
CVE-2025-41753,added,,cve_2023_to_2025,2026-10-01T14:08:02+00:00
CVE-2025-50343,updated,2026-09-30,cve_2023_to_2025,2026-10-01T14:08:02+00:00
CVE-2025-71422,updated,2026-09-30,cve_2023_to_2025,2026-10-01T14:08:02+00:00
CVE-2025-71425,updated,2026-09-30,cve_2023_to_2025,2026-10-01T14:08:02+00:00
CVE-2025-71426,updated,2026-09-30,cve_2023_to_2025,2026-10-01T14:08:02+00:00
CVE-2026-0016,updated,,cve_2026_to_now,2026-10-01T14:08:02+00:00
CVE-2026-0017,updated,2026-03-06,cve_2026_to_now,2026-10-01T14:08:02+00:00
CVE-2026-0018,updated,,cve_2026_to_now,2026-10-01T14:08:02+00:00
CVE-2026-0019,updated,2026-06-18,cve_2026_to_now,2026-10-01T14:08:02+00:00
CVE-2026-0631,updated,2026-09-30,cve_2026_to_now,2026-10-01T14:08:02+00:00
CVE-2026-6170,updated,,cve_2026_to_now,2026-10-01T14:08:02+00:00
CVE-2026-6171,updated,,cve_2026_to_now,2026-10-01T14:08:02+00:00
CVE-2026-6172,updated,,cve_2026_to_now,2026-10-01T14:08:02+00:00
CVE-2026-6173,updated,,cve_2026_to_now,2026-10-01T14:08:02+00:00
CVE-2026-6223,updated,2026-09-30,cve_2026_to_now,2026-10-01T14:08:02+00:00
CVE-2026-6384,updated,2026-09-30,cve_2026_to_now,2026-10-01T14:08:02+00:00
CVE-2026-6806,updated,,cve_2026_to_now,2026-10-01T14:08:02+00:00
CVE-2026-7170,updated,2026-09-30,cve_2026_to_now,2026-10-01T14:08:02+00:00
CVE-2026-7171,updated,2026-09-30,cve_2026_to_now,2026-10-01T14:08:02+00:00
CVE-2026-7172,updated,2026-09-30,cve_2026_to_now,2026-10-01T14:08:02+00:00
CVE-2026-7173,added,,cve_2026_to_now,2026-10-01T14:08:02+00:00
CVE-2026-7174,added,,cve_2026_to_now,2026-10-01T14:08:02+00:00
CVE-2026-7175,added,,cve_2026_to_now,2026-10-01T14:08:02+00:00
CVE-2026-7176,added,,cve_2026_to_now,2026-10-01T14:08:02+00:00
CVE-2026-10031,updated,2026-10-01,cve_2026_to_now,2026-10-01T14:08:02+00:00
CVE-2026-10726,updated,,cve_2026_to_now,2026-10-01T14:08:02+00:00
CVE-2026-10739,updated,,cve_2026_to_now,2026-10-01T14:08:02+00:00
CVE-2026-10764,updated,,cve_2026_to_now,2026-10-01T14:08:02+00:00
CVE-2026-10841,updated,2026-09-30,cve_2026_to_now,2026-10-01T14:08:02+00:00
CVE-2026-11895,updated,,cve_2026_to_now,2026-10-01T14:08:02+00:00
CVE-2026-12241,added,,cve_2026_to_now,2026-10-01T14:08:02+00:00
CVE-2026-12345,updated,2026-09-30,cve_2026_to_now,2026-10-01T14:08:02+00:00
CVE-2026-12425,updated,2026-09-30,cve_2026_to_now,2026-10-01T14:08:02+00:00
CVE-2026-12912,updated,2026-09-30,cve_2026_to_now,2026-10-01T14:08:02+00:00
CVE-2026-13046,updated,2026-10-01,cve_2026_to_now,2026-10-01T14:08:02+00:00
CVE-2026-13087,removed,,cve_2026_to_now,2026-10-01T14:08:02+00:00
CVE-2026-13224,updated,2026-09-30,cve_2026_to_now,2026-10-01T14:08:02+00:00
CVE-2026-13313,added,,cve_2026_to_now,2026-10-01T14:08:02+00:00
CVE-2026-13719,updated,,cve_2026_to_now,2026-10-01T14:08:02+00:00
CVE-2026-13720,updated,,cve_2026_to_now,2026-10-01T14:08:02+00:00
CVE-2026-14157,added,,cve_2026_to_now,2026-10-01T14:08:02+00:00
CVE-2026-14164,updated,2026-09-30,cve_2026_to_now,2026-10-01T14:08:02+00:00
CVE-2026-14876,updated,,cve_2026_to_now,2026-10-01T14:08:02+00:00
CVE-2026-14995,added,,cve_2026_to_now,2026-10-01T14:08:02+00:00
CVE-2026-15154,updated,2026-09-30,cve_2026_to_now,2026-10-01T14:08:02+00:00
CVE-2026-15310,updated,2026-10-01,cve_2026_to_now,2026-10-01T14:08:02+00:00
CVE-2026-15378,updated,2026-09-30,cve_2026_to_now,2026-10-01T14:08:02+00:00
CVE-2026-15588,updated,2026-09-30,cve_2026_to_now,2026-10-01T14:08:02+00:00
CVE-2026-15806,updated,2026-10-01,cve_2026_to_now,2026-10-01T14:08:02+00:00
CVE-2026-15983,added,,cve_2026_to_now,2026-10-01T14:08:02+00:00
CVE-2026-15989,added,,cve_2026_to_now,2026-10-01T14:08:02+00:00
CVE-2026-16025,updated,2026-10-01,cve_2026_to_now,2026-10-01T14:08:02+00:00
CVE-2026-16037,updated,2026-10-01,cve_2026_to_now,2026-10-01T14:08:02+00:00
CVE-2026-16118,updated,2026-10-01,cve_2026_to_now,2026-10-01T14:08:02+00:00
CVE-2026-16272,updated,2026-10-01,cve_2026_to_now,2026-10-01T14:08:02+00:00
CVE-2026-16513,updated,2026-09-30,cve_2026_to_now,2026-10-01T14:08:02+00:00
CVE-2026-16524,updated,2026-09-30,cve_2026_to_now,2026-10-01T14:08:02+00:00
CVE-2026-16526,updated,2026-09-30,cve_2026_to_now,2026-10-01T14:08:02+00:00
CVE-2026-16527,updated,2026-09-30,cve_2026_to_now,2026-10-01T14:08:02+00:00
CVE-2026-16529,updated,2026-09-30,cve_2026_to_now,2026-10-01T14:08:02+00:00
CVE-2026-16596,updated,,cve_2026_to_now,2026-10-01T14:08:02+00:00
CVE-2026-16745,updated,2026-09-30,cve_2026_to_now,2026-10-01T14:08:02+00:00
CVE-2026-17084,updated,2026-10-01,cve_2026_to_now,2026-10-01T14:08:02+00:00
CVE-2026-18105,updated,2026-09-30,cve_2026_to_now,2026-10-01T14:08:02+00:00
CVE-2026-18145,updated,2026-10-01,cve_2026_to_now,2026-10-01T14:08:02+00:00
CVE-2026-18413,updated,2026-09-30,cve_2026_to_now,2026-10-01T14:08:02+00:00
CVE-2026-18414,updated,2026-09-30,cve_2026_to_now,2026-10-01T14:08:02+00:00
CVE-2026-18415,updated,2026-09-30,cve_2026_to_now,2026-10-01T14:08:02+00:00
CVE-2026-18416,updated,2026-09-30,cve_2026_to_now,2026-10-01T14:08:02+00:00
CVE-2026-18417,updated,2026-09-30,cve_2026_to_now,2026-10-01T14:08:02+00:00
CVE-2026-18746,updated,2026-09-30,cve_2026_to_now,2026-10-01T14:08:02+00:00
CVE-2026-18747,updated,2026-09-30,cve_2026_to_now,2026-10-01T14:08:02+00:00
CVE-2026-18782,added,,cve_2026_to_now,2026-10-01T14:08:02+00:00
CVE-2026-18783,added,,cve_2026_to_now,2026-10-01T14:08:02+00:00
CVE-2026-18825,updated,2026-09-30,cve_2026_to_now,2026-10-01T14:08:02+00:00
CVE-2026-18951,updated,2026-09-30,cve_2026_to_now,2026-10-01T14:08:02+00:00
CVE-2026-19253,added,,cve_2026_to_now,2026-10-01T14:08:02+00:00
CVE-2026-19445,added,2026-10-01,cve_2026_to_now,2026-10-01T14:08:02+00:00
CVE-2026-19553,added,2026-10-01,cve_2026_to_now,2026-10-01T14:08:02+00:00
CVE-2026-19743,updated,2026-09-30,cve_2026_to_now,2026-10-01T14:08:02+00:00
CVE-2026-19807,added,,cve_2026_to_now,2026-10-01T14:08:02+00:00
CVE-2026-19902,added,,cve_2026_to_now,2026-10-01T14:08:02+00:00
CVE-2026-22094,updated,2026-09-30,cve_2026_to_now,2026-10-01T14:08:02+00:00
CVE-2026-22101,updated,2026-09-30,cve_2026_to_now,2026-10-01T14:08:02+00:00
CVE-2026-27085,updated,,cve_2026_to_now,2026-10-01T14:08:02+00:00
CVE-2026-27371,updated,,cve_2026_to_now,2026-10-01T14:08:02+00:00
CVE-2026-34189,added,,cve_2026_to_now,2026-10-01T14:08:02+00:00
CVE-2026-34190,added,,cve_2026_to_now,2026-10-01T14:08:02+00:00
CVE-2026-34967,updated,2026-09-30,cve_2026_to_now,2026-10-01T14:08:02+00:00
CVE-2026-35189,updated,2026-09-30,cve_2026_to_now,2026-10-01T14:08:02+00:00
CVE-2026-35191,updated,2026-09-30,cve_2026_to_now,2026-10-01T14:08:02+00:00
CVE-2026-41940,updated,2026-09-30,cve_2026_to_now,2026-10-01T14:08:02+00:00
CVE-2026-42169,updated,2026-09-30,cve_2026_to_now,2026-10-01T14:08:02+00:00
CVE-2026-42772,updated,2026-09-30,cve_2026_to_now,2026-10-01T14:08:02+00:00
CVE-2026-46711,added,,cve_2026_to_now,2026-10-01T14:08:02+00:00
CVE-2026-47096,added,,cve_2026_to_now,2026-10-01T14:08:02+00:00
CVE-2026-47097,added,,cve_2026_to_now,2026-10-01T14:08:02+00:00
CVE-2026-47297,updated,2026-09-30,cve_2026_to_now,2026-10-01T14:08:02+00:00
CVE-2026-47489,added,,cve_2026_to_now,2026-10-01T14:08:02+00:00
CVE-2026-47491,added,2026-10-01,cve_2026_to_now,2026-10-01T14:08:02+00:00
CVE-2026-47492,added,,cve_2026_to_now,2026-10-01T14:08:02+00:00
CVE-2026-47493,added,2026-10-01,cve_2026_to_now,2026-10-01T14:08:02+00:00
CVE-2026-47494,added,2026-10-01,cve_2026_to_now,2026-10-01T14:08:02+00:00
CVE-2026-47495,added,2026-10-01,cve_2026_to_now,2026-10-01T14:08:02+00:00
CVE-2026-47496,added,2026-10-01,cve_2026_to_now,2026-10-01T14:08:02+00:00
CVE-2026-47497,added,2026-10-01,cve_2026_to_now,2026-10-01T14:08:02+00:00
CVE-2026-47498,added,2026-10-01,cve_2026_to_now,2026-10-01T14:08:02+00:00
CVE-2026-47499,added,2026-10-01,cve_2026_to_now,2026-10-01T14:08:02+00:00
CVE-2026-47500,added,2026-10-01,cve_2026_to_now,2026-10-01T14:08:02+00:00
CVE-2026-47501,added,2026-10-01,cve_2026_to_now,2026-10-01T14:08:02+00:00
CVE-2026-47502,added,2026-10-01,cve_2026_to_now,2026-10-01T14:08:02+00:00
CVE-2026-47503,added,2026-10-01,cve_2026_to_now,2026-10-01T14:08:02+00:00
CVE-2026-47504,added,2026-10-01,cve_2026_to_now,2026-10-01T14:08:02+00:00
CVE-2026-47505,added,2026-10-01,cve_2026_to_now,2026-10-01T14:08:02+00:00
CVE-2026-47506,added,,cve_2026_to_now,2026-10-01T14:08:02+00:00
CVE-2026-47507,added,2026-10-01,cve_2026_to_now,2026-10-01T14:08:02+00:00
CVE-2026-47508,added,2026-10-01,cve_2026_to_now,2026-10-01T14:08:02+00:00
CVE-2026-47509,added,2026-10-01,cve_2026_to_now,2026-10-01T14:08:02+00:00
CVE-2026-47510,added,2026-10-01,cve_2026_to_now,2026-10-01T14:08:02+00:00
CVE-2026-47511,added,2026-10-01,cve_2026_to_now,2026-10-01T14:08:02+00:00
CVE-2026-47512,added,2026-10-01,cve_2026_to_now,2026-10-01T14:08:02+00:00
CVE-2026-47513,added,2026-10-01,cve_2026_to_now,2026-10-01T14:08:02+00:00
CVE-2026-47514,added,2026-10-01,cve_2026_to_now,2026-10-01T14:08:02+00:00
CVE-2026-47515,added,2026-10-01,cve_2026_to_now,2026-10-01T14:08:02+00:00
CVE-2026-47516,added,2026-10-01,cve_2026_to_now,2026-10-01T14:08:02+00:00
CVE-2026-47517,added,,cve_2026_to_now,2026-10-01T14:08:02+00:00
CVE-2026-47518,added,2026-10-01,cve_2026_to_now,2026-10-01T14:08:02+00:00
CVE-2026-47519,added,2026-10-01,cve_2026_to_now,2026-10-01T14:08:02+00:00
CVE-2026-47520,added,2026-10-01,cve_2026_to_now,2026-10-01T14:08:02+00:00
CVE-2026-47521,added,2026-10-01,cve_2026_to_now,2026-10-01T14:08:02+00:00
CVE-2026-47522,added,2026-10-01,cve_2026_to_now,2026-10-01T14:08:02+00:00
CVE-2026-47523,added,2026-10-01,cve_2026_to_now,2026-10-01T14:08:02+00:00
CVE-2026-47524,added,,cve_2026_to_now,2026-10-01T14:08:02+00:00
CVE-2026-47525,added,,cve_2026_to_now,2026-10-01T14:08:02+00:00
CVE-2026-47526,added,,cve_2026_to_now,2026-10-01T14:08:02+00:00
CVE-2026-47527,added,,cve_2026_to_now,2026-10-01T14:08:02+00:00
CVE-2026-47528,added,2026-10-01,cve_2026_to_now,2026-10-01T14:08:02+00:00
CVE-2026-47529,added,,cve_2026_to_now,2026-10-01T14:08:02+00:00
CVE-2026-47530,added,2026-10-01,cve_2026_to_now,2026-10-01T14:08:02+00:00
CVE-2026-47531,added,,cve_2026_to_now,2026-10-01T14:08:02+00:00
CVE-2026-47532,added,2026-10-01,cve_2026_to_now,2026-10-01T14:08:02+00:00
CVE-2026-47533,added,2026-10-01,cve_2026_to_now,2026-10-01T14:08:02+00:00
CVE-2026-47534,added,,cve_2026_to_now,2026-10-01T14:08:02+00:00
CVE-2026-47535,added,2026-10-01,cve_2026_to_now,2026-10-01T14:08:02+00:00
CVE-2026-47536,added,2026-10-01,cve_2026_to_now,2026-10-01T14:08:02+00:00
CVE-2026-47537,added,2026-10-01,cve_2026_to_now,2026-10-01T14:08:02+00:00
CVE-2026-47538,added,2026-10-01,cve_2026_to_now,2026-10-01T14:08:02+00:00
CVE-2026-47539,added,2026-10-01,cve_2026_to_now,2026-10-01T14:08:02+00:00
CVE-2026-47540,added,2026-10-01,cve_2026_to_now,2026-10-01T14:08:02+00:00
CVE-2026-47541,added,2026-10-01,cve_2026_to_now,2026-10-01T14:08:02+00:00
CVE-2026-47542,added,2026-10-01,cve_2026_to_now,2026-10-01T14:08:02+00:00
CVE-2026-47543,added,2026-10-01,cve_2026_to_now,2026-10-01T14:08:02+00:00
CVE-2026-47544,added,2026-10-01,cve_2026_to_now,2026-10-01T14:08:02+00:00
CVE-2026-47545,added,2026-10-01,cve_2026_to_now,2026-10-01T14:08:02+00:00
CVE-2026-47546,added,2026-10-01,cve_2026_to_now,2026-10-01T14:08:02+00:00
CVE-2026-47547,added,2026-10-01,cve_2026_to_now,2026-10-01T14:08:02+00:00
CVE-2026-47548,added,2026-10-01,cve_2026_to_now,2026-10-01T14:08:02+00:00
CVE-2026-47549,added,,cve_2026_to_now,2026-10-01T14:08:02+00:00
CVE-2026-47550,added,2026-10-01,cve_2026_to_now,2026-10-01T14:08:02+00:00
CVE-2026-47551,added,2026-10-01,cve_2026_to_now,2026-10-01T14:08:02+00:00
CVE-2026-47552,added,2026-10-01,cve_2026_to_now,2026-10-01T14:08:02+00:00
CVE-2026-47553,added,2026-10-01,cve_2026_to_now,2026-10-01T14:08:02+00:00
CVE-2026-47554,added,,cve_2026_to_now,2026-10-01T14:08:02+00:00
CVE-2026-47555,added,,cve_2026_to_now,2026-10-01T14:08:02+00:00
CVE-2026-47556,added,2026-10-01,cve_2026_to_now,2026-10-01T14:08:02+00:00
CVE-2026-47557,added,,cve_2026_to_now,2026-10-01T14:08:02+00:00
CVE-2026-47558,added,2026-10-01,cve_2026_to_now,2026-10-01T14:08:02+00:00
CVE-2026-47559,added,2026-10-01,cve_2026_to_now,2026-10-01T14:08:02+00:00
CVE-2026-47560,added,2026-10-01,cve_2026_to_now,2026-10-01T14:08:02+00:00
CVE-2026-47561,added,2026-10-01,cve_2026_to_now,2026-10-01T14:08:02+00:00
CVE-2026-47562,added,,cve_2026_to_now,2026-10-01T14:08:02+00:00
CVE-2026-47563,added,2026-10-01,cve_2026_to_now,2026-10-01T14:08:02+00:00
CVE-2026-47565,added,2026-10-01,cve_2026_to_now,2026-10-01T14:08:02+00:00
CVE-2026-47566,added,,cve_2026_to_now,2026-10-01T14:08:02+00:00
CVE-2026-47567,added,,cve_2026_to_now,2026-10-01T14:08:02+00:00
CVE-2026-47568,added,,cve_2026_to_now,2026-10-01T14:08:02+00:00
CVE-2026-47569,added,2026-10-01,cve_2026_to_now,2026-10-01T14:08:02+00:00
CVE-2026-47570,added,,cve_2026_to_now,2026-10-01T14:08:02+00:00
CVE-2026-47571,added,,cve_2026_to_now,2026-10-01T14:08:02+00:00
CVE-2026-47572,added,,cve_2026_to_now,2026-10-01T14:08:02+00:00
CVE-2026-47573,added,,cve_2026_to_now,2026-10-01T14:08:02+00:00
CVE-2026-47574,added,2026-10-01,cve_2026_to_now,2026-10-01T14:08:02+00:00
CVE-2026-47575,added,,cve_2026_to_now,2026-10-01T14:08:02+00:00
CVE-2026-47576,added,,cve_2026_to_now,2026-10-01T14:08:02+00:00
CVE-2026-47577,added,2026-10-01,cve_2026_to_now,2026-10-01T14:08:02+00:00
CVE-2026-47578,added,2026-10-01,cve_2026_to_now,2026-10-01T14:08:02+00:00
CVE-2026-47579,added,2026-10-01,cve_2026_to_now,2026-10-01T14:08:02+00:00
CVE-2026-47580,added,,cve_2026_to_now,2026-10-01T14:08:02+00:00
CVE-2026-47581,added,,cve_2026_to_now,2026-10-01T14:08:02+00:00
CVE-2026-47582,added,2026-10-01,cve_2026_to_now,2026-10-01T14:08:02+00:00
CVE-2026-47583,added,2026-10-01,cve_2026_to_now,2026-10-01T14:08:02+00:00
CVE-2026-47584,added,,cve_2026_to_now,2026-10-01T14:08:02+00:00
CVE-2026-47585,added,2026-10-01,cve_2026_to_now,2026-10-01T14:08:02+00:00
CVE-2026-47586,added,,cve_2026_to_now,2026-10-01T14:08:02+00:00
CVE-2026-47587,added,2026-10-01,cve_2026_to_now,2026-10-01T14:08:02+00:00
CVE-2026-47588,added,,cve_2026_to_now,2026-10-01T14:08:02+00:00
CVE-2026-47589,added,,cve_2026_to_now,2026-10-01T14:08:02+00:00
CVE-2026-47590,added,,cve_2026_to_now,2026-10-01T14:08:02+00:00
CVE-2026-47591,added,,cve_2026_to_now,2026-10-01T14:08:02+00:00
CVE-2026-47592,added,,cve_2026_to_now,2026-10-01T14:08:02+00:00
CVE-2026-47593,added,,cve_2026_to_now,2026-10-01T14:08:02+00:00
CVE-2026-47594,added,,cve_2026_to_now,2026-10-01T14:08:02+00:00
CVE-2026-47595,added,,cve_2026_to_now,2026-10-01T14:08:02+00:00
CVE-2026-47596,added,,cve_2026_to_now,2026-10-01T14:08:02+00:00
CVE-2026-47597,added,2026-10-01,cve_2026_to_now,2026-10-01T14:08:02+00:00
CVE-2026-47598,added,2026-10-01,cve_2026_to_now,2026-10-01T14:08:02+00:00
CVE-2026-47599,added,2026-10-01,cve_2026_to_now,2026-10-01T14:08:02+00:00
CVE-2026-47600,added,2026-10-01,cve_2026_to_now,2026-10-01T14:08:02+00:00
CVE-2026-47601,added,2026-10-01,cve_2026_to_now,2026-10-01T14:08:02+00:00
CVE-2026-47602,added,,cve_2026_to_now,2026-10-01T14:08:02+00:00
CVE-2026-47603,added,,cve_2026_to_now,2026-10-01T14:08:02+00:00
CVE-2026-47604,added,,cve_2026_to_now,2026-10-01T14:08:02+00:00
CVE-2026-48541,updated,2026-09-30,cve_2026_to_now,2026-10-01T14:08:02+00:00
CVE-2026-48864,updated,2026-09-30,cve_2026_to_now,2026-10-01T14:08:02+00:00
CVE-2026-50349,updated,2026-09-30,cve_2026_to_now,2026-10-01T14:08:02+00:00
CVE-2026-51568,added,,cve_2026_to_now,2026-10-01T14:08:02+00:00
CVE-2026-51570,added,,cve_2026_to_now,2026-10-01T14:08:02+00:00
CVE-2026-51852,added,,cve_2026_to_now,2026-10-01T14:08:02+00:00
CVE-2026-51853,added,,cve_2026_to_now,2026-10-01T14:08:02+00:00
CVE-2026-51856,added,,cve_2026_to_now,2026-10-01T14:08:02+00:00
CVE-2026-51857,added,,cve_2026_to_now,2026-10-01T14:08:02+00:00
CVE-2026-51858,added,,cve_2026_to_now,2026-10-01T14:08:02+00:00
CVE-2026-51859,added,,cve_2026_to_now,2026-10-01T14:08:02+00:00
CVE-2026-51860,added,,cve_2026_to_now,2026-10-01T14:08:02+00:00
CVE-2026-51861,added,,cve_2026_to_now,2026-10-01T14:08:02+00:00
CVE-2026-51862,added,,cve_2026_to_now,2026-10-01T14:08:02+00:00
CVE-2026-51864,added,,cve_2026_to_now,2026-10-01T14:08:02+00:00
CVE-2026-51866,added,,cve_2026_to_now,2026-10-01T14:08:02+00:00
CVE-2026-51867,added,,cve_2026_to_now,2026-10-01T14:08:02+00:00
CVE-2026-51869,added,,cve_2026_to_now,2026-10-01T14:08:02+00:00
CVE-2026-51870,added,,cve_2026_to_now,2026-10-01T14:08:02+00:00
CVE-2026-51871,added,,cve_2026_to_now,2026-10-01T14:08:02+00:00
CVE-2026-51872,added,,cve_2026_to_now,2026-10-01T14:08:02+00:00
CVE-2026-53605,added,,cve_2026_to_now,2026-10-01T14:08:02+00:00
CVE-2026-54873,updated,2026-09-30,cve_2026_to_now,2026-10-01T14:08:02+00:00
CVE-2026-55007,updated,2026-09-30,cve_2026_to_now,2026-10-01T14:08:02+00:00
CVE-2026-55094,added,,cve_2026_to_now,2026-10-01T14:08:02+00:00
CVE-2026-55107,added,,cve_2026_to_now,2026-10-01T14:08:02+00:00
CVE-2026-55174,added,,cve_2026_to_now,2026-10-01T14:08:02+00:00
CVE-2026-55176,added,,cve_2026_to_now,2026-10-01T14:08:02+00:00
CVE-2026-55177,added,,cve_2026_to_now,2026-10-01T14:08:02+00:00
CVE-2026-55181,added,,cve_2026_to_now,2026-10-01T14:08:02+00:00
CVE-2026-55224,added,,cve_2026_to_now,2026-10-01T14:08:02+00:00
CVE-2026-55494,added,,cve_2026_to_now,2026-10-01T14:08:02+00:00
CVE-2026-55946,updated,2026-09-30,cve_2026_to_now,2026-10-01T14:08:02+00:00
CVE-2026-56172,updated,2026-09-30,cve_2026_to_now,2026-10-01T14:08:02+00:00
CVE-2026-56177,updated,2026-09-30,cve_2026_to_now,2026-10-01T14:08:02+00:00
CVE-2026-56198,updated,2026-09-30,cve_2026_to_now,2026-10-01T14:08:02+00:00
CVE-2026-56208,updated,2026-10-01,cve_2026_to_now,2026-10-01T14:08:02+00:00
CVE-2026-57098,updated,2026-09-30,cve_2026_to_now,2026-10-01T14:08:02+00:00
CVE-2026-57099,updated,2026-09-30,cve_2026_to_now,2026-10-01T14:08:02+00:00
CVE-2026-58010,updated,2026-09-30,cve_2026_to_now,2026-10-01T14:08:02+00:00
CVE-2026-58011,updated,2026-09-30,cve_2026_to_now,2026-10-01T14:08:02+00:00
CVE-2026-58012,updated,2026-09-30,cve_2026_to_now,2026-10-01T14:08:02+00:00
CVE-2026-58013,updated,2026-09-30,cve_2026_to_now,2026-10-01T14:08:02+00:00
CVE-2026-58014,updated,2026-09-30,cve_2026_to_now,2026-10-01T14:08:02+00:00
CVE-2026-58015,updated,2026-09-30,cve_2026_to_now,2026-10-01T14:08:02+00:00
CVE-2026-58016,updated,2026-09-30,cve_2026_to_now,2026-10-01T14:08:02+00:00
CVE-2026-58379,updated,2026-09-30,cve_2026_to_now,2026-10-01T14:08:02+00:00
CVE-2026-58380,updated,2026-09-30,cve_2026_to_now,2026-10-01T14:08:02+00:00
CVE-2026-58384,updated,2026-09-30,cve_2026_to_now,2026-10-01T14:08:02+00:00
CVE-2026-58599,updated,2026-09-30,cve_2026_to_now,2026-10-01T14:08:02+00:00
CVE-2026-58600,updated,2026-09-30,cve_2026_to_now,2026-10-01T14:08:02+00:00
CVE-2026-58611,updated,2026-09-30,cve_2026_to_now,2026-10-01T14:08:02+00:00
CVE-2026-58649,updated,2026-09-30,cve_2026_to_now,2026-10-01T14:08:02+00:00
CVE-2026-59090,updated,2026-09-30,cve_2026_to_now,2026-10-01T14:08:02+00:00
CVE-2026-59095,updated,2026-09-30,cve_2026_to_now,2026-10-01T14:08:02+00:00
CVE-2026-59260,updated,2026-09-30,cve_2026_to_now,2026-10-01T14:08:02+00:00
CVE-2026-61519,updated,2026-09-30,cve_2026_to_now,2026-10-01T14:08:02+00:00
CVE-2026-61875,updated,2026-09-30,cve_2026_to_now,2026-10-01T14:08:02+00:00
CVE-2026-62058,added,,cve_2026_to_now,2026-10-01T14:08:02+00:00
CVE-2026-62059,added,,cve_2026_to_now,2026-10-01T14:08:02+00:00
CVE-2026-62060,added,,cve_2026_to_now,2026-10-01T14:08:02+00:00
CVE-2026-62061,added,,cve_2026_to_now,2026-10-01T14:08:02+00:00
CVE-2026-62063,added,,cve_2026_to_now,2026-10-01T14:08:02+00:00
CVE-2026-62078,updated,,cve_2026_to_now,2026-10-01T14:08:02+00:00
CVE-2026-62079,updated,,cve_2026_to_now,2026-10-01T14:08:02+00:00
CVE-2026-62080,updated,,cve_2026_to_now,2026-10-01T14:08:02+00:00
CVE-2026-62081,updated,,cve_2026_to_now,2026-10-01T14:08:02+00:00
CVE-2026-62083,updated,,cve_2026_to_now,2026-10-01T14:08:02+00:00
CVE-2026-62084,added,,cve_2026_to_now,2026-10-01T14:08:02+00:00
CVE-2026-62085,updated,,cve_2026_to_now,2026-10-01T14:08:02+00:00
CVE-2026-62097,added,,cve_2026_to_now,2026-10-01T14:08:02+00:00
CVE-2026-62146,updated,,cve_2026_to_now,2026-10-01T14:08:02+00:00
CVE-2026-62308,added,,cve_2026_to_now,2026-10-01T14:08:02+00:00
CVE-2026-62694,updated,2026-09-30,cve_2026_to_now,2026-10-01T14:08:02+00:00
CVE-2026-62697,updated,2026-09-30,cve_2026_to_now,2026-10-01T14:08:02+00:00
CVE-2026-62706,updated,2026-09-30,cve_2026_to_now,2026-10-01T14:08:02+00:00
CVE-2026-62744,updated,2026-09-30,cve_2026_to_now,2026-10-01T14:08:02+00:00
CVE-2026-62759,updated,2026-09-30,cve_2026_to_now,2026-10-01T14:08:02+00:00
CVE-2026-62762,updated,2026-09-30,cve_2026_to_now,2026-10-01T14:08:02+00:00
CVE-2026-62801,updated,2026-09-30,cve_2026_to_now,2026-10-01T14:08:02+00:00
CVE-2026-62804,updated,2026-09-30,cve_2026_to_now,2026-10-01T14:08:02+00:00
CVE-2026-62810,updated,2026-09-30,cve_2026_to_now,2026-10-01T14:08:02+00:00
CVE-2026-62813,updated,2026-09-30,cve_2026_to_now,2026-10-01T14:08:02+00:00
CVE-2026-62874,updated,2026-09-30,cve_2026_to_now,2026-10-01T14:08:02+00:00
CVE-2026-62895,updated,2026-09-30,cve_2026_to_now,2026-10-01T14:08:02+00:00
CVE-2026-62906,updated,2026-09-30,cve_2026_to_now,2026-10-01T14:08:02+00:00
CVE-2026-62916,updated,2026-09-30,cve_2026_to_now,2026-10-01T14:08:02+00:00
CVE-2026-63523,updated,2026-09-30,cve_2026_to_now,2026-10-01T14:08:02+00:00
CVE-2026-63713,updated,2026-09-30,cve_2026_to_now,2026-10-01T14:08:02+00:00
CVE-2026-64918,updated,2026-09-30,cve_2026_to_now,2026-10-01T14:08:02+00:00
CVE-2026-64946,added,,cve_2026_to_now,2026-10-01T14:08:02+00:00
CVE-2026-64947,added,,cve_2026_to_now,2026-10-01T14:08:02+00:00
CVE-2026-64948,added,,cve_2026_to_now,2026-10-01T14:08:02+00:00
CVE-2026-64949,added,,cve_2026_to_now,2026-10-01T14:08:02+00:00
CVE-2026-64950,added,,cve_2026_to_now,2026-10-01T14:08:02+00:00
CVE-2026-65054,updated,2026-09-30,cve_2026_to_now,2026-10-01T14:08:02+00:00
CVE-2026-65055,updated,2026-09-30,cve_2026_to_now,2026-10-01T14:08:02+00:00
CVE-2026-65102,updated,2026-09-30,cve_2026_to_now,2026-10-01T14:08:02+00:00
CVE-2026-65482,updated,2026-10-01,cve_2026_to_now,2026-10-01T14:08:02+00:00
CVE-2026-65488,updated,2026-09-30,cve_2026_to_now,2026-10-01T14:08:02+00:00
CVE-2026-65489,updated,2026-09-30,cve_2026_to_now,2026-10-01T14:08:02+00:00
CVE-2026-65669,updated,2026-09-30,cve_2026_to_now,2026-10-01T14:08:02+00:00
CVE-2026-65772,updated,2026-09-30,cve_2026_to_now,2026-10-01T14:08:02+00:00
CVE-2026-65812,updated,2026-09-30,cve_2026_to_now,2026-10-01T14:08:02+00:00
CVE-2026-65818,updated,2026-09-30,cve_2026_to_now,2026-10-01T14:08:02+00:00
CVE-2026-66246,added,,cve_2026_to_now,2026-10-01T14:08:02+00:00
CVE-2026-66247,added,,cve_2026_to_now,2026-10-01T14:08:02+00:00
CVE-2026-66248,added,,cve_2026_to_now,2026-10-01T14:08:02+00:00
CVE-2026-66249,added,,cve_2026_to_now,2026-10-01T14:08:02+00:00
CVE-2026-66253,added,,cve_2026_to_now,2026-10-01T14:08:02+00:00
CVE-2026-66302,updated,2026-09-30,cve_2026_to_now,2026-10-01T14:08:02+00:00
CVE-2026-66303,updated,2026-09-30,cve_2026_to_now,2026-10-01T14:08:02+00:00
CVE-2026-66304,updated,2026-09-30,cve_2026_to_now,2026-10-01T14:08:02+00:00
CVE-2026-66305,updated,2026-09-30,cve_2026_to_now,2026-10-01T14:08:02+00:00
CVE-2026-66306,updated,2026-09-30,cve_2026_to_now,2026-10-01T14:08:02+00:00
CVE-2026-66307,updated,2026-09-30,cve_2026_to_now,2026-10-01T14:08:02+00:00
CVE-2026-66308,updated,2026-09-30,cve_2026_to_now,2026-10-01T14:08:02+00:00
CVE-2026-66651,updated,2026-09-30,cve_2026_to_now,2026-10-01T14:08:02+00:00
CVE-2026-66758,updated,2026-09-30,cve_2026_to_now,2026-10-01T14:08:02+00:00
CVE-2026-66814,updated,2026-09-30,cve_2026_to_now,2026-10-01T14:08:02+00:00
CVE-2026-66816,updated,2026-09-30,cve_2026_to_now,2026-10-01T14:08:02+00:00
CVE-2026-66818,updated,2026-09-30,cve_2026_to_now,2026-10-01T14:08:02+00:00
CVE-2026-66819,updated,2026-09-30,cve_2026_to_now,2026-10-01T14:08:02+00:00
CVE-2026-66820,updated,2026-09-30,cve_2026_to_now,2026-10-01T14:08:02+00:00
CVE-2026-67075,added,,cve_2026_to_now,2026-10-01T14:08:02+00:00
CVE-2026-67368,updated,2026-09-30,cve_2026_to_now,2026-10-01T14:08:02+00:00
CVE-2026-67369,updated,2026-09-30,cve_2026_to_now,2026-10-01T14:08:02+00:00
CVE-2026-67370,updated,2026-09-30,cve_2026_to_now,2026-10-01T14:08:02+00:00
CVE-2026-67373,updated,2026-09-30,cve_2026_to_now,2026-10-01T14:08:02+00:00
CVE-2026-67376,updated,2026-09-30,cve_2026_to_now,2026-10-01T14:08:02+00:00
CVE-2026-67378,updated,2026-09-30,cve_2026_to_now,2026-10-01T14:08:02+00:00
CVE-2026-67379,updated,2026-09-30,cve_2026_to_now,2026-10-01T14:08:02+00:00
CVE-2026-67380,updated,2026-09-30,cve_2026_to_now,2026-10-01T14:08:02+00:00
CVE-2026-67381,updated,2026-09-30,cve_2026_to_now,2026-10-01T14:08:02+00:00
CVE-2026-67383,updated,2026-09-30,cve_2026_to_now,2026-10-01T14:08:02+00:00
CVE-2026-67384,updated,2026-09-30,cve_2026_to_now,2026-10-01T14:08:02+00:00
CVE-2026-67385,updated,2026-09-30,cve_2026_to_now,2026-10-01T14:08:02+00:00
CVE-2026-67386,updated,2026-09-30,cve_2026_to_now,2026-10-01T14:08:02+00:00
CVE-2026-67388,updated,2026-09-30,cve_2026_to_now,2026-10-01T14:08:02+00:00
CVE-2026-67389,updated,2026-09-30,cve_2026_to_now,2026-10-01T14:08:02+00:00
CVE-2026-67390,updated,2026-09-30,cve_2026_to_now,2026-10-01T14:08:02+00:00
CVE-2026-67393,updated,2026-09-30,cve_2026_to_now,2026-10-01T14:08:02+00:00
CVE-2026-67624,updated,2026-09-30,cve_2026_to_now,2026-10-01T14:08:02+00:00
CVE-2026-67629,updated,2026-09-30,cve_2026_to_now,2026-10-01T14:08:02+00:00
CVE-2026-67630,updated,2026-09-30,cve_2026_to_now,2026-10-01T14:08:02+00:00
CVE-2026-67631,updated,2026-09-30,cve_2026_to_now,2026-10-01T14:08:02+00:00
CVE-2026-67633,updated,2026-09-30,cve_2026_to_now,2026-10-01T14:08:02+00:00
CVE-2026-67636,updated,2026-09-30,cve_2026_to_now,2026-10-01T14:08:02+00:00
CVE-2026-67638,updated,2026-09-30,cve_2026_to_now,2026-10-01T14:08:02+00:00
CVE-2026-67639,updated,2026-09-30,cve_2026_to_now,2026-10-01T14:08:02+00:00
CVE-2026-67641,updated,2026-09-30,cve_2026_to_now,2026-10-01T14:08:02+00:00
CVE-2026-67642,updated,2026-09-30,cve_2026_to_now,2026-10-01T14:08:02+00:00
CVE-2026-67643,updated,2026-09-30,cve_2026_to_now,2026-10-01T14:08:02+00:00
CVE-2026-67645,updated,2026-09-30,cve_2026_to_now,2026-10-01T14:08:02+00:00
CVE-2026-67648,updated,2026-09-30,cve_2026_to_now,2026-10-01T14:08:02+00:00
CVE-2026-67993,updated,2026-09-30,cve_2026_to_now,2026-10-01T14:08:02+00:00
CVE-2026-68068,updated,2026-09-30,cve_2026_to_now,2026-10-01T14:08:02+00:00
CVE-2026-68775,updated,2026-09-30,cve_2026_to_now,2026-10-01T14:08:02+00:00
CVE-2026-68776,updated,2026-09-30,cve_2026_to_now,2026-10-01T14:08:02+00:00
CVE-2026-68777,updated,2026-09-30,cve_2026_to_now,2026-10-01T14:08:02+00:00
CVE-2026-68778,updated,2026-09-30,cve_2026_to_now,2026-10-01T14:08:02+00:00
CVE-2026-68779,updated,2026-09-30,cve_2026_to_now,2026-10-01T14:08:02+00:00
CVE-2026-68780,updated,2026-09-30,cve_2026_to_now,2026-10-01T14:08:02+00:00
CVE-2026-68781,updated,2026-09-30,cve_2026_to_now,2026-10-01T14:08:02+00:00
CVE-2026-68784,updated,2026-09-30,cve_2026_to_now,2026-10-01T14:08:02+00:00
CVE-2026-68785,updated,2026-09-30,cve_2026_to_now,2026-10-01T14:08:02+00:00
CVE-2026-68786,updated,2026-09-30,cve_2026_to_now,2026-10-01T14:08:02+00:00
CVE-2026-68787,updated,2026-09-30,cve_2026_to_now,2026-10-01T14:08:02+00:00
CVE-2026-68791,updated,2026-09-30,cve_2026_to_now,2026-10-01T14:08:02+00:00
CVE-2026-68824,updated,2026-09-30,cve_2026_to_now,2026-10-01T14:08:02+00:00
CVE-2026-68825,updated,2026-09-30,cve_2026_to_now,2026-10-01T14:08:02+00:00
CVE-2026-68827,updated,2026-09-30,cve_2026_to_now,2026-10-01T14:08:02+00:00
CVE-2026-68828,updated,2026-09-30,cve_2026_to_now,2026-10-01T14:08:02+00:00
CVE-2026-68830,updated,2026-09-30,cve_2026_to_now,2026-10-01T14:08:02+00:00
CVE-2026-68831,updated,2026-09-30,cve_2026_to_now,2026-10-01T14:08:02+00:00
CVE-2026-68832,updated,2026-09-30,cve_2026_to_now,2026-10-01T14:08:02+00:00
CVE-2026-68833,updated,2026-09-30,cve_2026_to_now,2026-10-01T14:08:02+00:00
CVE-2026-68834,updated,2026-09-30,cve_2026_to_now,2026-10-01T14:08:02+00:00
CVE-2026-68835,updated,2026-09-30,cve_2026_to_now,2026-10-01T14:08:02+00:00
CVE-2026-68837,updated,2026-09-30,cve_2026_to_now,2026-10-01T14:08:02+00:00
CVE-2026-68838,updated,2026-09-30,cve_2026_to_now,2026-10-01T14:08:02+00:00
CVE-2026-68839,updated,2026-09-30,cve_2026_to_now,2026-10-01T14:08:02+00:00
CVE-2026-68840,updated,2026-09-30,cve_2026_to_now,2026-10-01T14:08:02+00:00
CVE-2026-68841,updated,2026-09-30,cve_2026_to_now,2026-10-01T14:08:02+00:00
CVE-2026-68842,updated,2026-09-30,cve_2026_to_now,2026-10-01T14:08:02+00:00
CVE-2026-68843,updated,2026-09-30,cve_2026_to_now,2026-10-01T14:08:02+00:00
CVE-2026-68844,updated,2026-09-30,cve_2026_to_now,2026-10-01T14:08:02+00:00
CVE-2026-68845,updated,2026-09-30,cve_2026_to_now,2026-10-01T14:08:02+00:00
CVE-2026-68846,updated,2026-09-30,cve_2026_to_now,2026-10-01T14:08:02+00:00
CVE-2026-68847,updated,2026-09-30,cve_2026_to_now,2026-10-01T14:08:02+00:00
CVE-2026-68848,updated,2026-09-30,cve_2026_to_now,2026-10-01T14:08:02+00:00
CVE-2026-68849,updated,2026-09-30,cve_2026_to_now,2026-10-01T14:08:02+00:00
CVE-2026-68850,updated,2026-09-30,cve_2026_to_now,2026-10-01T14:08:02+00:00
CVE-2026-68851,updated,2026-09-30,cve_2026_to_now,2026-10-01T14:08:02+00:00
CVE-2026-68852,updated,2026-09-30,cve_2026_to_now,2026-10-01T14:08:02+00:00
CVE-2026-68873,updated,2026-09-30,cve_2026_to_now,2026-10-01T14:08:02+00:00
CVE-2026-68874,updated,2026-09-30,cve_2026_to_now,2026-10-01T14:08:02+00:00
CVE-2026-68875,updated,2026-09-30,cve_2026_to_now,2026-10-01T14:08:02+00:00
CVE-2026-68876,updated,2026-09-30,cve_2026_to_now,2026-10-01T14:08:02+00:00
CVE-2026-68877,updated,2026-09-30,cve_2026_to_now,2026-10-01T14:08:02+00:00
CVE-2026-68878,updated,2026-09-30,cve_2026_to_now,2026-10-01T14:08:02+00:00
CVE-2026-68880,updated,2026-09-30,cve_2026_to_now,2026-10-01T14:08:02+00:00
CVE-2026-68881,updated,2026-09-30,cve_2026_to_now,2026-10-01T14:08:02+00:00
CVE-2026-68884,updated,2026-09-30,cve_2026_to_now,2026-10-01T14:08:02+00:00
CVE-2026-68885,updated,2026-09-30,cve_2026_to_now,2026-10-01T14:08:02+00:00
CVE-2026-68886,updated,2026-09-30,cve_2026_to_now,2026-10-01T14:08:02+00:00
CVE-2026-68887,updated,2026-09-30,cve_2026_to_now,2026-10-01T14:08:02+00:00
CVE-2026-68888,updated,2026-09-30,cve_2026_to_now,2026-10-01T14:08:02+00:00
CVE-2026-68889,updated,2026-09-30,cve_2026_to_now,2026-10-01T14:08:02+00:00
CVE-2026-68890,updated,2026-09-30,cve_2026_to_now,2026-10-01T14:08:02+00:00
CVE-2026-68891,updated,2026-09-30,cve_2026_to_now,2026-10-01T14:08:02+00:00
CVE-2026-68892,updated,2026-09-30,cve_2026_to_now,2026-10-01T14:08:02+00:00
CVE-2026-68893,updated,2026-09-30,cve_2026_to_now,2026-10-01T14:08:02+00:00
CVE-2026-68894,updated,2026-09-30,cve_2026_to_now,2026-10-01T14:08:02+00:00
CVE-2026-68895,updated,2026-09-30,cve_2026_to_now,2026-10-01T14:08:02+00:00
CVE-2026-68896,updated,2026-09-30,cve_2026_to_now,2026-10-01T14:08:02+00:00
CVE-2026-68897,updated,2026-09-30,cve_2026_to_now,2026-10-01T14:08:02+00:00
CVE-2026-68898,updated,2026-09-30,cve_2026_to_now,2026-10-01T14:08:02+00:00
CVE-2026-68954,updated,2026-09-30,cve_2026_to_now,2026-10-01T14:08:02+00:00
CVE-2026-69265,updated,2026-09-30,cve_2026_to_now,2026-10-01T14:08:02+00:00
CVE-2026-69266,updated,2026-09-30,cve_2026_to_now,2026-10-01T14:08:02+00:00
CVE-2026-69267,updated,2026-09-30,cve_2026_to_now,2026-10-01T14:08:02+00:00
CVE-2026-69268,updated,2026-09-30,cve_2026_to_now,2026-10-01T14:08:02+00:00
CVE-2026-69269,updated,2026-09-30,cve_2026_to_now,2026-10-01T14:08:02+00:00
CVE-2026-69270,updated,2026-09-30,cve_2026_to_now,2026-10-01T14:08:02+00:00
CVE-2026-69271,updated,2026-09-30,cve_2026_to_now,2026-10-01T14:08:02+00:00
CVE-2026-69272,updated,2026-09-30,cve_2026_to_now,2026-10-01T14:08:02+00:00
CVE-2026-69273,updated,2026-09-30,cve_2026_to_now,2026-10-01T14:08:02+00:00
CVE-2026-69274,updated,2026-09-30,cve_2026_to_now,2026-10-01T14:08:02+00:00
CVE-2026-69275,updated,2026-09-30,cve_2026_to_now,2026-10-01T14:08:02+00:00
CVE-2026-69276,updated,2026-09-30,cve_2026_to_now,2026-10-01T14:08:02+00:00
CVE-2026-69277,updated,2026-09-30,cve_2026_to_now,2026-10-01T14:08:02+00:00
CVE-2026-69279,updated,2026-09-30,cve_2026_to_now,2026-10-01T14:08:02+00:00
CVE-2026-69280,updated,2026-09-30,cve_2026_to_now,2026-10-01T14:08:02+00:00
CVE-2026-69281,updated,2026-09-30,cve_2026_to_now,2026-10-01T14:08:02+00:00
CVE-2026-69282,updated,2026-09-30,cve_2026_to_now,2026-10-01T14:08:02+00:00
CVE-2026-69283,updated,2026-09-30,cve_2026_to_now,2026-10-01T14:08:02+00:00
CVE-2026-69284,updated,2026-09-30,cve_2026_to_now,2026-10-01T14:08:02+00:00
CVE-2026-69285,updated,2026-09-30,cve_2026_to_now,2026-10-01T14:08:02+00:00
CVE-2026-69286,updated,2026-09-30,cve_2026_to_now,2026-10-01T14:08:02+00:00
CVE-2026-69287,updated,2026-09-30,cve_2026_to_now,2026-10-01T14:08:02+00:00
CVE-2026-69288,updated,2026-09-30,cve_2026_to_now,2026-10-01T14:08:02+00:00
CVE-2026-69289,updated,2026-09-30,cve_2026_to_now,2026-10-01T14:08:02+00:00
CVE-2026-69290,updated,2026-09-30,cve_2026_to_now,2026-10-01T14:08:02+00:00
CVE-2026-69291,updated,2026-09-30,cve_2026_to_now,2026-10-01T14:08:02+00:00
CVE-2026-69292,updated,2026-09-30,cve_2026_to_now,2026-10-01T14:08:02+00:00
CVE-2026-69293,updated,2026-09-30,cve_2026_to_now,2026-10-01T14:08:02+00:00
CVE-2026-69294,updated,2026-09-30,cve_2026_to_now,2026-10-01T14:08:02+00:00
CVE-2026-69295,updated,2026-09-30,cve_2026_to_now,2026-10-01T14:08:02+00:00
CVE-2026-69296,updated,2026-09-30,cve_2026_to_now,2026-10-01T14:08:02+00:00
CVE-2026-69297,updated,2026-09-30,cve_2026_to_now,2026-10-01T14:08:02+00:00
CVE-2026-69298,updated,2026-09-30,cve_2026_to_now,2026-10-01T14:08:02+00:00
CVE-2026-69299,updated,2026-09-30,cve_2026_to_now,2026-10-01T14:08:02+00:00
CVE-2026-69300,updated,2026-09-30,cve_2026_to_now,2026-10-01T14:08:02+00:00
CVE-2026-69301,updated,2026-09-30,cve_2026_to_now,2026-10-01T14:08:02+00:00
CVE-2026-69303,updated,2026-09-30,cve_2026_to_now,2026-10-01T14:08:02+00:00
CVE-2026-69304,updated,2026-09-30,cve_2026_to_now,2026-10-01T14:08:02+00:00
CVE-2026-69305,updated,2026-09-30,cve_2026_to_now,2026-10-01T14:08:02+00:00
CVE-2026-69307,updated,2026-09-30,cve_2026_to_now,2026-10-01T14:08:02+00:00
CVE-2026-69308,updated,2026-09-30,cve_2026_to_now,2026-10-01T14:08:02+00:00
CVE-2026-69309,updated,2026-09-30,cve_2026_to_now,2026-10-01T14:08:02+00:00
CVE-2026-69310,updated,2026-09-30,cve_2026_to_now,2026-10-01T14:08:02+00:00
CVE-2026-69311,updated,2026-09-30,cve_2026_to_now,2026-10-01T14:08:02+00:00
CVE-2026-69312,updated,2026-09-30,cve_2026_to_now,2026-10-01T14:08:02+00:00
CVE-2026-69313,updated,2026-09-30,cve_2026_to_now,2026-10-01T14:08:02+00:00
CVE-2026-69314,updated,2026-09-30,cve_2026_to_now,2026-10-01T14:08:02+00:00
CVE-2026-69315,updated,2026-09-30,cve_2026_to_now,2026-10-01T14:08:02+00:00
CVE-2026-69316,updated,2026-09-30,cve_2026_to_now,2026-10-01T14:08:02+00:00
CVE-2026-69317,updated,2026-09-30,cve_2026_to_now,2026-10-01T14:08:02+00:00
CVE-2026-69318,updated,2026-09-30,cve_2026_to_now,2026-10-01T14:08:02+00:00
CVE-2026-69319,updated,2026-09-30,cve_2026_to_now,2026-10-01T14:08:02+00:00
CVE-2026-69321,updated,2026-09-30,cve_2026_to_now,2026-10-01T14:08:02+00:00
CVE-2026-69322,updated,2026-09-30,cve_2026_to_now,2026-10-01T14:08:02+00:00
CVE-2026-69323,updated,2026-09-30,cve_2026_to_now,2026-10-01T14:08:02+00:00
CVE-2026-69324,updated,2026-09-30,cve_2026_to_now,2026-10-01T14:08:02+00:00
CVE-2026-69325,updated,2026-09-30,cve_2026_to_now,2026-10-01T14:08:02+00:00
CVE-2026-69328,updated,2026-09-30,cve_2026_to_now,2026-10-01T14:08:02+00:00
CVE-2026-69329,updated,2026-09-30,cve_2026_to_now,2026-10-01T14:08:02+00:00
CVE-2026-69331,updated,2026-09-30,cve_2026_to_now,2026-10-01T14:08:02+00:00
CVE-2026-69332,updated,2026-09-30,cve_2026_to_now,2026-10-01T14:08:02+00:00
CVE-2026-69333,updated,2026-09-30,cve_2026_to_now,2026-10-01T14:08:02+00:00
CVE-2026-69334,updated,2026-09-30,cve_2026_to_now,2026-10-01T14:08:02+00:00
CVE-2026-69335,updated,2026-09-30,cve_2026_to_now,2026-10-01T14:08:02+00:00
CVE-2026-69336,updated,2026-09-30,cve_2026_to_now,2026-10-01T14:08:02+00:00
CVE-2026-69337,updated,2026-09-30,cve_2026_to_now,2026-10-01T14:08:02+00:00
CVE-2026-69338,updated,2026-09-30,cve_2026_to_now,2026-10-01T14:08:02+00:00
CVE-2026-69339,updated,2026-09-30,cve_2026_to_now,2026-10-01T14:08:02+00:00
CVE-2026-69340,updated,2026-09-30,cve_2026_to_now,2026-10-01T14:08:02+00:00
CVE-2026-69341,updated,2026-09-30,cve_2026_to_now,2026-10-01T14:08:02+00:00
CVE-2026-69342,updated,2026-09-30,cve_2026_to_now,2026-10-01T14:08:02+00:00
CVE-2026-69343,updated,2026-09-30,cve_2026_to_now,2026-10-01T14:08:02+00:00
CVE-2026-69344,updated,2026-09-30,cve_2026_to_now,2026-10-01T14:08:02+00:00
CVE-2026-69345,updated,2026-09-30,cve_2026_to_now,2026-10-01T14:08:02+00:00
CVE-2026-69346,updated,2026-09-30,cve_2026_to_now,2026-10-01T14:08:02+00:00
CVE-2026-69347,updated,2026-09-30,cve_2026_to_now,2026-10-01T14:08:02+00:00
CVE-2026-69348,updated,2026-09-30,cve_2026_to_now,2026-10-01T14:08:02+00:00
CVE-2026-69349,updated,2026-09-30,cve_2026_to_now,2026-10-01T14:08:02+00:00
CVE-2026-69350,updated,2026-09-30,cve_2026_to_now,2026-10-01T14:08:02+00:00
CVE-2026-69351,updated,2026-09-30,cve_2026_to_now,2026-10-01T14:08:02+00:00
CVE-2026-69352,updated,2026-09-30,cve_2026_to_now,2026-10-01T14:08:02+00:00
CVE-2026-69353,updated,2026-09-30,cve_2026_to_now,2026-10-01T14:08:02+00:00
CVE-2026-69355,updated,2026-09-30,cve_2026_to_now,2026-10-01T14:08:02+00:00
CVE-2026-69356,updated,2026-09-30,cve_2026_to_now,2026-10-01T14:08:02+00:00
CVE-2026-69357,updated,2026-09-30,cve_2026_to_now,2026-10-01T14:08:02+00:00
CVE-2026-69358,updated,2026-09-30,cve_2026_to_now,2026-10-01T14:08:02+00:00
CVE-2026-69359,updated,2026-09-30,cve_2026_to_now,2026-10-01T14:08:02+00:00
CVE-2026-69360,updated,2026-09-30,cve_2026_to_now,2026-10-01T14:08:02+00:00
CVE-2026-69361,updated,2026-09-30,cve_2026_to_now,2026-10-01T14:08:02+00:00
CVE-2026-69362,updated,2026-09-30,cve_2026_to_now,2026-10-01T14:08:02+00:00
CVE-2026-69364,updated,2026-09-30,cve_2026_to_now,2026-10-01T14:08:02+00:00
CVE-2026-69365,updated,2026-09-30,cve_2026_to_now,2026-10-01T14:08:02+00:00
CVE-2026-69366,updated,2026-09-30,cve_2026_to_now,2026-10-01T14:08:02+00:00
CVE-2026-69367,updated,2026-09-30,cve_2026_to_now,2026-10-01T14:08:02+00:00
CVE-2026-69368,updated,2026-09-30,cve_2026_to_now,2026-10-01T14:08:02+00:00
CVE-2026-69369,updated,2026-09-30,cve_2026_to_now,2026-10-01T14:08:02+00:00
CVE-2026-69371,updated,2026-09-30,cve_2026_to_now,2026-10-01T14:08:02+00:00
CVE-2026-69372,updated,2026-09-30,cve_2026_to_now,2026-10-01T14:08:02+00:00
CVE-2026-69373,updated,2026-09-30,cve_2026_to_now,2026-10-01T14:08:02+00:00
CVE-2026-69374,updated,2026-09-30,cve_2026_to_now,2026-10-01T14:08:02+00:00
CVE-2026-69375,updated,2026-09-30,cve_2026_to_now,2026-10-01T14:08:02+00:00
CVE-2026-69376,updated,2026-09-30,cve_2026_to_now,2026-10-01T14:08:02+00:00
CVE-2026-69377,updated,2026-09-30,cve_2026_to_now,2026-10-01T14:08:02+00:00
CVE-2026-69378,updated,2026-09-30,cve_2026_to_now,2026-10-01T14:08:02+00:00
CVE-2026-69379,updated,2026-09-30,cve_2026_to_now,2026-10-01T14:08:02+00:00
CVE-2026-69380,updated,2026-09-30,cve_2026_to_now,2026-10-01T14:08:02+00:00
CVE-2026-69381,updated,2026-09-30,cve_2026_to_now,2026-10-01T14:08:02+00:00
CVE-2026-69382,updated,2026-09-30,cve_2026_to_now,2026-10-01T14:08:02+00:00
CVE-2026-69383,updated,2026-09-30,cve_2026_to_now,2026-10-01T14:08:02+00:00
CVE-2026-69384,updated,2026-09-30,cve_2026_to_now,2026-10-01T14:08:02+00:00
CVE-2026-69385,updated,2026-09-30,cve_2026_to_now,2026-10-01T14:08:02+00:00
CVE-2026-69386,updated,2026-09-30,cve_2026_to_now,2026-10-01T14:08:02+00:00
CVE-2026-69388,updated,2026-09-30,cve_2026_to_now,2026-10-01T14:08:02+00:00
CVE-2026-69389,updated,2026-09-30,cve_2026_to_now,2026-10-01T14:08:02+00:00
CVE-2026-69390,updated,2026-09-30,cve_2026_to_now,2026-10-01T14:08:02+00:00
CVE-2026-69391,updated,2026-09-30,cve_2026_to_now,2026-10-01T14:08:02+00:00
CVE-2026-69392,updated,2026-09-30,cve_2026_to_now,2026-10-01T14:08:02+00:00
CVE-2026-69393,updated,2026-09-30,cve_2026_to_now,2026-10-01T14:08:02+00:00
CVE-2026-69394,updated,2026-09-30,cve_2026_to_now,2026-10-01T14:08:02+00:00
CVE-2026-69395,updated,2026-09-30,cve_2026_to_now,2026-10-01T14:08:02+00:00
CVE-2026-69396,updated,2026-09-30,cve_2026_to_now,2026-10-01T14:08:02+00:00
CVE-2026-69397,updated,2026-09-30,cve_2026_to_now,2026-10-01T14:08:02+00:00
CVE-2026-69398,updated,2026-09-30,cve_2026_to_now,2026-10-01T14:08:02+00:00
CVE-2026-69399,updated,2026-09-30,cve_2026_to_now,2026-10-01T14:08:02+00:00
CVE-2026-69401,updated,2026-09-30,cve_2026_to_now,2026-10-01T14:08:02+00:00
CVE-2026-69402,updated,2026-09-30,cve_2026_to_now,2026-10-01T14:08:02+00:00
CVE-2026-69403,updated,2026-09-30,cve_2026_to_now,2026-10-01T14:08:02+00:00
CVE-2026-69404,updated,2026-09-30,cve_2026_to_now,2026-10-01T14:08:02+00:00
CVE-2026-69405,updated,2026-09-30,cve_2026_to_now,2026-10-01T14:08:02+00:00
CVE-2026-69406,updated,2026-09-30,cve_2026_to_now,2026-10-01T14:08:02+00:00
CVE-2026-69407,updated,2026-09-30,cve_2026_to_now,2026-10-01T14:08:02+00:00
CVE-2026-69408,updated,2026-09-30,cve_2026_to_now,2026-10-01T14:08:02+00:00
CVE-2026-69409,updated,2026-09-30,cve_2026_to_now,2026-10-01T14:08:02+00:00
CVE-2026-69410,updated,2026-09-30,cve_2026_to_now,2026-10-01T14:08:02+00:00
CVE-2026-69412,updated,2026-09-30,cve_2026_to_now,2026-10-01T14:08:02+00:00
CVE-2026-69413,updated,2026-09-30,cve_2026_to_now,2026-10-01T14:08:02+00:00
CVE-2026-69415,updated,2026-09-30,cve_2026_to_now,2026-10-01T14:08:02+00:00
CVE-2026-69416,updated,2026-09-30,cve_2026_to_now,2026-10-01T14:08:02+00:00
CVE-2026-69417,updated,2026-09-30,cve_2026_to_now,2026-10-01T14:08:02+00:00
CVE-2026-69418,updated,2026-09-30,cve_2026_to_now,2026-10-01T14:08:02+00:00
CVE-2026-69420,updated,2026-09-30,cve_2026_to_now,2026-10-01T14:08:02+00:00
CVE-2026-69421,updated,2026-09-30,cve_2026_to_now,2026-10-01T14:08:02+00:00
CVE-2026-69422,updated,2026-09-30,cve_2026_to_now,2026-10-01T14:08:02+00:00
CVE-2026-69423,updated,2026-09-30,cve_2026_to_now,2026-10-01T14:08:02+00:00
CVE-2026-69424,updated,2026-09-30,cve_2026_to_now,2026-10-01T14:08:02+00:00
CVE-2026-69425,updated,2026-09-30,cve_2026_to_now,2026-10-01T14:08:02+00:00
CVE-2026-69426,updated,2026-09-30,cve_2026_to_now,2026-10-01T14:08:02+00:00
CVE-2026-69427,updated,2026-09-30,cve_2026_to_now,2026-10-01T14:08:02+00:00
CVE-2026-69428,updated,2026-09-30,cve_2026_to_now,2026-10-01T14:08:02+00:00
CVE-2026-69429,updated,2026-09-30,cve_2026_to_now,2026-10-01T14:08:02+00:00
CVE-2026-69430,updated,2026-09-30,cve_2026_to_now,2026-10-01T14:08:02+00:00
CVE-2026-69431,updated,2026-09-30,cve_2026_to_now,2026-10-01T14:08:02+00:00
CVE-2026-69432,updated,2026-09-30,cve_2026_to_now,2026-10-01T14:08:02+00:00
CVE-2026-69433,updated,2026-09-30,cve_2026_to_now,2026-10-01T14:08:02+00:00
CVE-2026-69434,updated,2026-09-30,cve_2026_to_now,2026-10-01T14:08:02+00:00
CVE-2026-69436,updated,2026-09-30,cve_2026_to_now,2026-10-01T14:08:02+00:00
CVE-2026-69438,updated,2026-09-30,cve_2026_to_now,2026-10-01T14:08:02+00:00
CVE-2026-69439,updated,2026-09-30,cve_2026_to_now,2026-10-01T14:08:02+00:00
CVE-2026-69440,updated,2026-09-30,cve_2026_to_now,2026-10-01T14:08:02+00:00
CVE-2026-69441,updated,2026-09-30,cve_2026_to_now,2026-10-01T14:08:02+00:00
CVE-2026-69442,updated,2026-09-30,cve_2026_to_now,2026-10-01T14:08:02+00:00
CVE-2026-69443,updated,2026-09-30,cve_2026_to_now,2026-10-01T14:08:02+00:00
CVE-2026-69444,updated,2026-09-30,cve_2026_to_now,2026-10-01T14:08:02+00:00
CVE-2026-69445,updated,2026-09-30,cve_2026_to_now,2026-10-01T14:08:02+00:00
CVE-2026-69447,updated,2026-09-30,cve_2026_to_now,2026-10-01T14:08:02+00:00
CVE-2026-69448,updated,2026-09-30,cve_2026_to_now,2026-10-01T14:08:02+00:00
CVE-2026-69449,updated,2026-09-30,cve_2026_to_now,2026-10-01T14:08:02+00:00
CVE-2026-69450,updated,2026-09-30,cve_2026_to_now,2026-10-01T14:08:02+00:00
CVE-2026-69451,updated,2026-09-30,cve_2026_to_now,2026-10-01T14:08:02+00:00
CVE-2026-69453,updated,2026-09-30,cve_2026_to_now,2026-10-01T14:08:02+00:00
CVE-2026-69455,updated,2026-09-30,cve_2026_to_now,2026-10-01T14:08:02+00:00
CVE-2026-69456,updated,2026-09-30,cve_2026_to_now,2026-10-01T14:08:02+00:00
CVE-2026-69457,updated,2026-09-30,cve_2026_to_now,2026-10-01T14:08:02+00:00
CVE-2026-69458,updated,2026-09-30,cve_2026_to_now,2026-10-01T14:08:02+00:00
CVE-2026-69459,updated,2026-09-30,cve_2026_to_now,2026-10-01T14:08:02+00:00
CVE-2026-69460,updated,2026-09-30,cve_2026_to_now,2026-10-01T14:08:02+00:00
CVE-2026-69461,updated,2026-09-30,cve_2026_to_now,2026-10-01T14:08:02+00:00
CVE-2026-69462,updated,2026-09-30,cve_2026_to_now,2026-10-01T14:08:02+00:00
CVE-2026-69463,updated,2026-09-30,cve_2026_to_now,2026-10-01T14:08:02+00:00
CVE-2026-69464,updated,2026-09-30,cve_2026_to_now,2026-10-01T14:08:02+00:00
CVE-2026-69465,updated,2026-09-30,cve_2026_to_now,2026-10-01T14:08:02+00:00
CVE-2026-69466,updated,2026-09-30,cve_2026_to_now,2026-10-01T14:08:02+00:00
CVE-2026-69467,updated,2026-09-30,cve_2026_to_now,2026-10-01T14:08:02+00:00
CVE-2026-69468,updated,2026-09-30,cve_2026_to_now,2026-10-01T14:08:02+00:00
CVE-2026-69469,updated,2026-09-30,cve_2026_to_now,2026-10-01T14:08:02+00:00
CVE-2026-69470,updated,2026-09-30,cve_2026_to_now,2026-10-01T14:08:02+00:00
CVE-2026-69472,updated,2026-09-30,cve_2026_to_now,2026-10-01T14:08:02+00:00
CVE-2026-69473,updated,2026-09-30,cve_2026_to_now,2026-10-01T14:08:02+00:00
CVE-2026-69474,updated,2026-09-30,cve_2026_to_now,2026-10-01T14:08:02+00:00
CVE-2026-69475,updated,2026-09-30,cve_2026_to_now,2026-10-01T14:08:02+00:00
CVE-2026-69476,updated,2026-09-30,cve_2026_to_now,2026-10-01T14:08:02+00:00
CVE-2026-69477,updated,2026-09-30,cve_2026_to_now,2026-10-01T14:08:02+00:00
CVE-2026-69478,updated,2026-09-30,cve_2026_to_now,2026-10-01T14:08:02+00:00
CVE-2026-69479,updated,2026-09-30,cve_2026_to_now,2026-10-01T14:08:02+00:00
CVE-2026-69480,updated,2026-09-30,cve_2026_to_now,2026-10-01T14:08:02+00:00
CVE-2026-69481,updated,2026-09-30,cve_2026_to_now,2026-10-01T14:08:02+00:00
CVE-2026-69482,updated,2026-09-30,cve_2026_to_now,2026-10-01T14:08:02+00:00
CVE-2026-69483,updated,2026-09-30,cve_2026_to_now,2026-10-01T14:08:02+00:00
CVE-2026-69485,updated,2026-09-30,cve_2026_to_now,2026-10-01T14:08:02+00:00
CVE-2026-69486,updated,2026-09-30,cve_2026_to_now,2026-10-01T14:08:02+00:00
CVE-2026-69488,updated,2026-09-30,cve_2026_to_now,2026-10-01T14:08:02+00:00
CVE-2026-69489,updated,2026-09-30,cve_2026_to_now,2026-10-01T14:08:02+00:00
CVE-2026-69490,updated,2026-09-30,cve_2026_to_now,2026-10-01T14:08:02+00:00
CVE-2026-69491,updated,2026-09-30,cve_2026_to_now,2026-10-01T14:08:02+00:00
CVE-2026-69492,updated,2026-09-30,cve_2026_to_now,2026-10-01T14:08:02+00:00
CVE-2026-69493,updated,2026-09-30,cve_2026_to_now,2026-10-01T14:08:02+00:00
CVE-2026-69494,updated,2026-09-30,cve_2026_to_now,2026-10-01T14:08:02+00:00
CVE-2026-69495,updated,2026-09-30,cve_2026_to_now,2026-10-01T14:08:02+00:00
CVE-2026-69496,updated,2026-09-30,cve_2026_to_now,2026-10-01T14:08:02+00:00
CVE-2026-69497,updated,2026-09-30,cve_2026_to_now,2026-10-01T14:08:02+00:00
CVE-2026-69498,updated,2026-09-30,cve_2026_to_now,2026-10-01T14:08:02+00:00
CVE-2026-69499,updated,2026-09-30,cve_2026_to_now,2026-10-01T14:08:02+00:00
CVE-2026-69500,updated,2026-09-30,cve_2026_to_now,2026-10-01T14:08:02+00:00
CVE-2026-69501,updated,2026-09-30,cve_2026_to_now,2026-10-01T14:08:02+00:00
CVE-2026-69503,updated,2026-09-30,cve_2026_to_now,2026-10-01T14:08:02+00:00
CVE-2026-69504,updated,2026-09-30,cve_2026_to_now,2026-10-01T14:08:02+00:00
CVE-2026-69505,updated,2026-09-30,cve_2026_to_now,2026-10-01T14:08:02+00:00
CVE-2026-69507,updated,2026-09-30,cve_2026_to_now,2026-10-01T14:08:02+00:00
CVE-2026-69508,updated,2026-09-30,cve_2026_to_now,2026-10-01T14:08:02+00:00
CVE-2026-69509,updated,2026-09-30,cve_2026_to_now,2026-10-01T14:08:02+00:00
CVE-2026-69510,updated,2026-09-30,cve_2026_to_now,2026-10-01T14:08:02+00:00
CVE-2026-69511,updated,2026-09-30,cve_2026_to_now,2026-10-01T14:08:02+00:00
CVE-2026-69512,updated,2026-09-30,cve_2026_to_now,2026-10-01T14:08:02+00:00
CVE-2026-69513,updated,2026-09-30,cve_2026_to_now,2026-10-01T14:08:02+00:00
CVE-2026-69514,updated,2026-09-30,cve_2026_to_now,2026-10-01T14:08:02+00:00
CVE-2026-69516,updated,2026-09-30,cve_2026_to_now,2026-10-01T14:08:02+00:00
CVE-2026-69517,updated,2026-09-30,cve_2026_to_now,2026-10-01T14:08:02+00:00
CVE-2026-69518,updated,2026-09-30,cve_2026_to_now,2026-10-01T14:08:02+00:00
CVE-2026-69522,updated,2026-09-30,cve_2026_to_now,2026-10-01T14:08:02+00:00
CVE-2026-69524,updated,2026-09-30,cve_2026_to_now,2026-10-01T14:08:02+00:00
CVE-2026-69525,updated,2026-09-30,cve_2026_to_now,2026-10-01T14:08:02+00:00
CVE-2026-69527,updated,2026-09-30,cve_2026_to_now,2026-10-01T14:08:02+00:00
CVE-2026-69528,updated,2026-09-30,cve_2026_to_now,2026-10-01T14:08:02+00:00
CVE-2026-69529,updated,2026-09-30,cve_2026_to_now,2026-10-01T14:08:02+00:00
CVE-2026-69530,updated,2026-09-30,cve_2026_to_now,2026-10-01T14:08:02+00:00
CVE-2026-69531,updated,2026-09-30,cve_2026_to_now,2026-10-01T14:08:02+00:00
CVE-2026-69532,updated,2026-09-30,cve_2026_to_now,2026-10-01T14:08:02+00:00
CVE-2026-69534,updated,2026-09-30,cve_2026_to_now,2026-10-01T14:08:02+00:00
CVE-2026-69535,updated,2026-09-30,cve_2026_to_now,2026-10-01T14:08:02+00:00
CVE-2026-69536,updated,2026-09-30,cve_2026_to_now,2026-10-01T14:08:02+00:00
CVE-2026-69538,updated,2026-09-30,cve_2026_to_now,2026-10-01T14:08:02+00:00
CVE-2026-69539,updated,2026-09-30,cve_2026_to_now,2026-10-01T14:08:02+00:00
CVE-2026-69540,updated,2026-09-30,cve_2026_to_now,2026-10-01T14:08:02+00:00
CVE-2026-69541,updated,2026-09-30,cve_2026_to_now,2026-10-01T14:08:02+00:00
CVE-2026-69542,updated,2026-09-30,cve_2026_to_now,2026-10-01T14:08:02+00:00
CVE-2026-69544,updated,2026-09-30,cve_2026_to_now,2026-10-01T14:08:02+00:00
CVE-2026-69546,updated,2026-09-30,cve_2026_to_now,2026-10-01T14:08:02+00:00
CVE-2026-69547,updated,2026-09-30,cve_2026_to_now,2026-10-01T14:08:02+00:00
CVE-2026-69548,updated,2026-09-30,cve_2026_to_now,2026-10-01T14:08:02+00:00
CVE-2026-69549,updated,2026-09-30,cve_2026_to_now,2026-10-01T14:08:02+00:00
CVE-2026-69551,updated,2026-09-30,cve_2026_to_now,2026-10-01T14:08:02+00:00
CVE-2026-69552,updated,2026-09-30,cve_2026_to_now,2026-10-01T14:08:02+00:00
CVE-2026-69553,updated,2026-09-30,cve_2026_to_now,2026-10-01T14:08:02+00:00
CVE-2026-69554,updated,2026-09-30,cve_2026_to_now,2026-10-01T14:08:02+00:00
CVE-2026-69556,updated,2026-09-30,cve_2026_to_now,2026-10-01T14:08:02+00:00
CVE-2026-69559,updated,2026-09-30,cve_2026_to_now,2026-10-01T14:08:02+00:00
CVE-2026-69560,updated,2026-09-30,cve_2026_to_now,2026-10-01T14:08:02+00:00
CVE-2026-69561,updated,2026-09-30,cve_2026_to_now,2026-10-01T14:08:02+00:00
CVE-2026-69562,updated,2026-09-30,cve_2026_to_now,2026-10-01T14:08:02+00:00
CVE-2026-69563,updated,2026-09-30,cve_2026_to_now,2026-10-01T14:08:02+00:00
CVE-2026-69564,updated,2026-09-30,cve_2026_to_now,2026-10-01T14:08:02+00:00
CVE-2026-69566,updated,2026-09-30,cve_2026_to_now,2026-10-01T14:08:02+00:00
CVE-2026-69567,updated,2026-09-30,cve_2026_to_now,2026-10-01T14:08:02+00:00
CVE-2026-69568,updated,2026-09-30,cve_2026_to_now,2026-10-01T14:08:02+00:00
CVE-2026-69569,updated,2026-09-30,cve_2026_to_now,2026-10-01T14:08:02+00:00
CVE-2026-69571,updated,2026-09-30,cve_2026_to_now,2026-10-01T14:08:02+00:00
CVE-2026-69572,updated,2026-09-30,cve_2026_to_now,2026-10-01T14:08:02+00:00
CVE-2026-69573,updated,2026-09-30,cve_2026_to_now,2026-10-01T14:08:02+00:00
CVE-2026-69574,updated,2026-09-30,cve_2026_to_now,2026-10-01T14:08:02+00:00
CVE-2026-69575,updated,2026-09-30,cve_2026_to_now,2026-10-01T14:08:02+00:00
CVE-2026-69576,updated,2026-09-30,cve_2026_to_now,2026-10-01T14:08:02+00:00
CVE-2026-69578,updated,2026-09-30,cve_2026_to_now,2026-10-01T14:08:02+00:00
CVE-2026-69579,updated,2026-09-30,cve_2026_to_now,2026-10-01T14:08:02+00:00
CVE-2026-69580,updated,2026-09-30,cve_2026_to_now,2026-10-01T14:08:02+00:00
CVE-2026-69581,updated,2026-09-30,cve_2026_to_now,2026-10-01T14:08:02+00:00
CVE-2026-69582,updated,2026-09-30,cve_2026_to_now,2026-10-01T14:08:02+00:00
CVE-2026-69583,updated,2026-09-30,cve_2026_to_now,2026-10-01T14:08:02+00:00
CVE-2026-69584,updated,2026-09-30,cve_2026_to_now,2026-10-01T14:08:02+00:00
CVE-2026-69585,updated,2026-09-30,cve_2026_to_now,2026-10-01T14:08:02+00:00
CVE-2026-69586,updated,2026-09-30,cve_2026_to_now,2026-10-01T14:08:02+00:00
CVE-2026-69587,updated,2026-09-30,cve_2026_to_now,2026-10-01T14:08:02+00:00
CVE-2026-69588,updated,2026-09-30,cve_2026_to_now,2026-10-01T14:08:02+00:00
CVE-2026-69589,updated,2026-09-30,cve_2026_to_now,2026-10-01T14:08:02+00:00
CVE-2026-69590,updated,2026-09-30,cve_2026_to_now,2026-10-01T14:08:02+00:00
CVE-2026-69591,updated,2026-09-30,cve_2026_to_now,2026-10-01T14:08:02+00:00
CVE-2026-69592,updated,2026-09-30,cve_2026_to_now,2026-10-01T14:08:02+00:00
CVE-2026-69593,updated,2026-09-30,cve_2026_to_now,2026-10-01T14:08:02+00:00
CVE-2026-69594,updated,2026-09-30,cve_2026_to_now,2026-10-01T14:08:02+00:00
CVE-2026-69595,updated,2026-09-30,cve_2026_to_now,2026-10-01T14:08:02+00:00
CVE-2026-69597,updated,2026-09-30,cve_2026_to_now,2026-10-01T14:08:02+00:00
CVE-2026-69598,updated,2026-09-30,cve_2026_to_now,2026-10-01T14:08:02+00:00
CVE-2026-69599,updated,2026-09-30,cve_2026_to_now,2026-10-01T14:08:02+00:00
CVE-2026-69600,updated,2026-09-30,cve_2026_to_now,2026-10-01T14:08:02+00:00
CVE-2026-69601,updated,2026-09-30,cve_2026_to_now,2026-10-01T14:08:02+00:00
CVE-2026-69602,updated,2026-09-30,cve_2026_to_now,2026-10-01T14:08:02+00:00
CVE-2026-69603,updated,2026-09-30,cve_2026_to_now,2026-10-01T14:08:02+00:00
CVE-2026-69604,updated,2026-09-30,cve_2026_to_now,2026-10-01T14:08:02+00:00
CVE-2026-69605,updated,2026-09-30,cve_2026_to_now,2026-10-01T14:08:02+00:00
CVE-2026-69606,updated,2026-09-30,cve_2026_to_now,2026-10-01T14:08:02+00:00
CVE-2026-69607,updated,2026-09-30,cve_2026_to_now,2026-10-01T14:08:02+00:00
CVE-2026-69608,updated,2026-09-30,cve_2026_to_now,2026-10-01T14:08:02+00:00
CVE-2026-69609,updated,2026-09-30,cve_2026_to_now,2026-10-01T14:08:02+00:00
CVE-2026-69610,updated,2026-09-30,cve_2026_to_now,2026-10-01T14:08:02+00:00
CVE-2026-69611,updated,2026-09-30,cve_2026_to_now,2026-10-01T14:08:02+00:00
CVE-2026-69612,updated,2026-09-30,cve_2026_to_now,2026-10-01T14:08:02+00:00
CVE-2026-69613,updated,2026-09-30,cve_2026_to_now,2026-10-01T14:08:02+00:00
CVE-2026-69614,updated,2026-09-30,cve_2026_to_now,2026-10-01T14:08:02+00:00
CVE-2026-69615,updated,2026-09-30,cve_2026_to_now,2026-10-01T14:08:02+00:00
CVE-2026-69616,updated,2026-09-30,cve_2026_to_now,2026-10-01T14:08:02+00:00
CVE-2026-69617,updated,2026-09-30,cve_2026_to_now,2026-10-01T14:08:02+00:00
CVE-2026-69618,updated,2026-09-30,cve_2026_to_now,2026-10-01T14:08:02+00:00
CVE-2026-69619,updated,2026-09-30,cve_2026_to_now,2026-10-01T14:08:02+00:00
CVE-2026-69620,updated,2026-09-30,cve_2026_to_now,2026-10-01T14:08:02+00:00
CVE-2026-69621,updated,2026-09-30,cve_2026_to_now,2026-10-01T14:08:02+00:00
CVE-2026-69623,updated,2026-09-30,cve_2026_to_now,2026-10-01T14:08:02+00:00
CVE-2026-69624,updated,2026-09-30,cve_2026_to_now,2026-10-01T14:08:02+00:00
CVE-2026-69625,updated,2026-09-30,cve_2026_to_now,2026-10-01T14:08:02+00:00
CVE-2026-69626,updated,2026-09-30,cve_2026_to_now,2026-10-01T14:08:02+00:00
CVE-2026-69627,updated,2026-09-30,cve_2026_to_now,2026-10-01T14:08:02+00:00
CVE-2026-69628,updated,2026-09-30,cve_2026_to_now,2026-10-01T14:08:02+00:00
CVE-2026-69629,updated,2026-09-30,cve_2026_to_now,2026-10-01T14:08:02+00:00
CVE-2026-69630,updated,2026-09-30,cve_2026_to_now,2026-10-01T14:08:02+00:00
CVE-2026-69631,updated,2026-09-30,cve_2026_to_now,2026-10-01T14:08:02+00:00
CVE-2026-69632,updated,2026-09-30,cve_2026_to_now,2026-10-01T14:08:02+00:00
CVE-2026-69636,updated,2026-09-30,cve_2026_to_now,2026-10-01T14:08:02+00:00
CVE-2026-69637,updated,2026-09-30,cve_2026_to_now,2026-10-01T14:08:02+00:00
CVE-2026-69638,updated,2026-09-30,cve_2026_to_now,2026-10-01T14:08:02+00:00
CVE-2026-69641,updated,2026-09-30,cve_2026_to_now,2026-10-01T14:08:02+00:00
CVE-2026-69642,updated,2026-09-30,cve_2026_to_now,2026-10-01T14:08:02+00:00
CVE-2026-69643,updated,2026-09-30,cve_2026_to_now,2026-10-01T14:08:02+00:00
CVE-2026-69645,updated,2026-09-30,cve_2026_to_now,2026-10-01T14:08:02+00:00
CVE-2026-69646,updated,2026-09-30,cve_2026_to_now,2026-10-01T14:08:02+00:00
CVE-2026-69648,updated,2026-09-30,cve_2026_to_now,2026-10-01T14:08:02+00:00
CVE-2026-69649,updated,2026-09-30,cve_2026_to_now,2026-10-01T14:08:02+00:00
CVE-2026-69652,updated,2026-09-30,cve_2026_to_now,2026-10-01T14:08:02+00:00
CVE-2026-69654,updated,2026-09-30,cve_2026_to_now,2026-10-01T14:08:02+00:00
CVE-2026-69662,updated,2026-09-30,cve_2026_to_now,2026-10-01T14:08:02+00:00
CVE-2026-69669,updated,2026-09-30,cve_2026_to_now,2026-10-01T14:08:02+00:00
CVE-2026-69671,updated,2026-09-30,cve_2026_to_now,2026-10-01T14:08:02+00:00
CVE-2026-69672,updated,2026-09-30,cve_2026_to_now,2026-10-01T14:08:02+00:00
CVE-2026-69674,updated,2026-09-30,cve_2026_to_now,2026-10-01T14:08:02+00:00
CVE-2026-69676,updated,2026-09-30,cve_2026_to_now,2026-10-01T14:08:02+00:00
CVE-2026-69678,updated,2026-09-30,cve_2026_to_now,2026-10-01T14:08:02+00:00
CVE-2026-69679,updated,2026-09-30,cve_2026_to_now,2026-10-01T14:08:02+00:00
CVE-2026-69680,updated,2026-09-30,cve_2026_to_now,2026-10-01T14:08:02+00:00
CVE-2026-69681,updated,2026-09-30,cve_2026_to_now,2026-10-01T14:08:02+00:00
CVE-2026-69682,updated,2026-09-30,cve_2026_to_now,2026-10-01T14:08:02+00:00
CVE-2026-69683,updated,2026-09-30,cve_2026_to_now,2026-10-01T14:08:02+00:00
CVE-2026-69684,updated,2026-09-30,cve_2026_to_now,2026-10-01T14:08:02+00:00
CVE-2026-69685,updated,2026-09-30,cve_2026_to_now,2026-10-01T14:08:02+00:00
CVE-2026-69686,updated,2026-09-30,cve_2026_to_now,2026-10-01T14:08:02+00:00
CVE-2026-69687,updated,2026-09-30,cve_2026_to_now,2026-10-01T14:08:02+00:00
CVE-2026-69688,updated,2026-09-30,cve_2026_to_now,2026-10-01T14:08:02+00:00
CVE-2026-69689,updated,2026-09-30,cve_2026_to_now,2026-10-01T14:08:02+00:00
CVE-2026-69690,updated,2026-09-30,cve_2026_to_now,2026-10-01T14:08:02+00:00
CVE-2026-69691,updated,2026-09-30,cve_2026_to_now,2026-10-01T14:08:02+00:00
CVE-2026-69692,updated,2026-09-30,cve_2026_to_now,2026-10-01T14:08:02+00:00
CVE-2026-69693,updated,2026-09-30,cve_2026_to_now,2026-10-01T14:08:02+00:00
CVE-2026-69694,updated,2026-09-30,cve_2026_to_now,2026-10-01T14:08:02+00:00
CVE-2026-69706,updated,2026-09-30,cve_2026_to_now,2026-10-01T14:08:02+00:00
CVE-2026-69707,updated,2026-09-30,cve_2026_to_now,2026-10-01T14:08:02+00:00
CVE-2026-69708,updated,2026-09-30,cve_2026_to_now,2026-10-01T14:08:02+00:00
CVE-2026-69709,updated,2026-09-30,cve_2026_to_now,2026-10-01T14:08:02+00:00
CVE-2026-69710,updated,2026-09-30,cve_2026_to_now,2026-10-01T14:08:02+00:00
CVE-2026-69711,updated,2026-09-30,cve_2026_to_now,2026-10-01T14:08:02+00:00
CVE-2026-69712,updated,2026-09-30,cve_2026_to_now,2026-10-01T14:08:02+00:00
CVE-2026-69713,updated,2026-09-30,cve_2026_to_now,2026-10-01T14:08:02+00:00
CVE-2026-69714,updated,2026-09-30,cve_2026_to_now,2026-10-01T14:08:02+00:00
CVE-2026-69715,updated,2026-09-30,cve_2026_to_now,2026-10-01T14:08:02+00:00
CVE-2026-69716,updated,2026-09-30,cve_2026_to_now,2026-10-01T14:08:02+00:00
CVE-2026-69717,updated,2026-09-30,cve_2026_to_now,2026-10-01T14:08:02+00:00
CVE-2026-69719,updated,2026-09-30,cve_2026_to_now,2026-10-01T14:08:02+00:00
CVE-2026-69720,updated,2026-09-30,cve_2026_to_now,2026-10-01T14:08:02+00:00
CVE-2026-69722,updated,2026-09-30,cve_2026_to_now,2026-10-01T14:08:02+00:00
CVE-2026-69723,updated,2026-09-30,cve_2026_to_now,2026-10-01T14:08:02+00:00
CVE-2026-69724,updated,2026-09-30,cve_2026_to_now,2026-10-01T14:08:02+00:00
CVE-2026-69725,updated,2026-09-30,cve_2026_to_now,2026-10-01T14:08:02+00:00
CVE-2026-69727,updated,2026-09-30,cve_2026_to_now,2026-10-01T14:08:02+00:00
CVE-2026-69729,updated,2026-09-30,cve_2026_to_now,2026-10-01T14:08:02+00:00
CVE-2026-69730,updated,2026-09-30,cve_2026_to_now,2026-10-01T14:08:02+00:00
CVE-2026-69731,updated,2026-09-30,cve_2026_to_now,2026-10-01T14:08:02+00:00
CVE-2026-69732,updated,2026-09-30,cve_2026_to_now,2026-10-01T14:08:02+00:00
CVE-2026-69734,updated,2026-09-30,cve_2026_to_now,2026-10-01T14:08:02+00:00
CVE-2026-69735,updated,2026-09-30,cve_2026_to_now,2026-10-01T14:08:02+00:00
CVE-2026-69738,updated,2026-09-30,cve_2026_to_now,2026-10-01T14:08:02+00:00
CVE-2026-69739,updated,2026-09-30,cve_2026_to_now,2026-10-01T14:08:02+00:00
CVE-2026-69740,updated,2026-09-30,cve_2026_to_now,2026-10-01T14:08:02+00:00
CVE-2026-69741,updated,2026-09-30,cve_2026_to_now,2026-10-01T14:08:02+00:00
CVE-2026-69742,updated,2026-09-30,cve_2026_to_now,2026-10-01T14:08:02+00:00
CVE-2026-69744,updated,2026-09-30,cve_2026_to_now,2026-10-01T14:08:02+00:00
CVE-2026-69757,updated,2026-09-30,cve_2026_to_now,2026-10-01T14:08:02+00:00
CVE-2026-69758,updated,2026-09-30,cve_2026_to_now,2026-10-01T14:08:02+00:00
CVE-2026-69759,updated,2026-09-30,cve_2026_to_now,2026-10-01T14:08:02+00:00
CVE-2026-69760,updated,2026-09-30,cve_2026_to_now,2026-10-01T14:08:02+00:00
CVE-2026-69761,updated,2026-09-30,cve_2026_to_now,2026-10-01T14:08:02+00:00
CVE-2026-69762,updated,2026-09-30,cve_2026_to_now,2026-10-01T14:08:02+00:00
CVE-2026-69764,updated,2026-09-30,cve_2026_to_now,2026-10-01T14:08:02+00:00
CVE-2026-69767,updated,2026-09-30,cve_2026_to_now,2026-10-01T14:08:02+00:00
CVE-2026-69768,updated,2026-09-30,cve_2026_to_now,2026-10-01T14:08:02+00:00
CVE-2026-69769,updated,2026-09-30,cve_2026_to_now,2026-10-01T14:08:02+00:00
CVE-2026-69770,updated,2026-09-30,cve_2026_to_now,2026-10-01T14:08:02+00:00
CVE-2026-69771,updated,2026-09-30,cve_2026_to_now,2026-10-01T14:08:02+00:00
CVE-2026-69772,updated,2026-09-30,cve_2026_to_now,2026-10-01T14:08:02+00:00
CVE-2026-69773,updated,2026-09-30,cve_2026_to_now,2026-10-01T14:08:02+00:00
CVE-2026-69775,updated,2026-09-30,cve_2026_to_now,2026-10-01T14:08:02+00:00
CVE-2026-69777,updated,2026-09-30,cve_2026_to_now,2026-10-01T14:08:02+00:00
CVE-2026-69778,updated,2026-09-30,cve_2026_to_now,2026-10-01T14:08:02+00:00
CVE-2026-69779,updated,2026-09-30,cve_2026_to_now,2026-10-01T14:08:02+00:00
CVE-2026-69781,updated,2026-09-30,cve_2026_to_now,2026-10-01T14:08:02+00:00
CVE-2026-69782,updated,2026-09-30,cve_2026_to_now,2026-10-01T14:08:02+00:00
CVE-2026-69784,updated,2026-09-30,cve_2026_to_now,2026-10-01T14:08:02+00:00
CVE-2026-69785,updated,2026-09-30,cve_2026_to_now,2026-10-01T14:08:02+00:00
CVE-2026-69786,updated,2026-09-30,cve_2026_to_now,2026-10-01T14:08:02+00:00
CVE-2026-69787,updated,2026-09-30,cve_2026_to_now,2026-10-01T14:08:02+00:00
CVE-2026-69790,updated,2026-09-30,cve_2026_to_now,2026-10-01T14:08:02+00:00
CVE-2026-69791,updated,2026-09-30,cve_2026_to_now,2026-10-01T14:08:02+00:00
CVE-2026-69792,updated,2026-09-30,cve_2026_to_now,2026-10-01T14:08:02+00:00
CVE-2026-69793,updated,2026-09-30,cve_2026_to_now,2026-10-01T14:08:02+00:00
CVE-2026-69794,updated,2026-09-30,cve_2026_to_now,2026-10-01T14:08:02+00:00
CVE-2026-69797,updated,2026-09-30,cve_2026_to_now,2026-10-01T14:08:02+00:00
CVE-2026-69799,updated,2026-09-30,cve_2026_to_now,2026-10-01T14:08:02+00:00
CVE-2026-69801,updated,2026-09-30,cve_2026_to_now,2026-10-01T14:08:02+00:00
CVE-2026-69803,updated,2026-09-30,cve_2026_to_now,2026-10-01T14:08:02+00:00
CVE-2026-69804,updated,2026-09-30,cve_2026_to_now,2026-10-01T14:08:02+00:00
CVE-2026-69805,updated,2026-09-30,cve_2026_to_now,2026-10-01T14:08:02+00:00
CVE-2026-69806,updated,2026-09-30,cve_2026_to_now,2026-10-01T14:08:02+00:00
CVE-2026-69807,updated,2026-09-30,cve_2026_to_now,2026-10-01T14:08:02+00:00
CVE-2026-69808,updated,2026-09-30,cve_2026_to_now,2026-10-01T14:08:02+00:00
CVE-2026-69809,updated,2026-09-30,cve_2026_to_now,2026-10-01T14:08:02+00:00
CVE-2026-69813,updated,2026-09-30,cve_2026_to_now,2026-10-01T14:08:02+00:00
CVE-2026-69814,updated,2026-09-30,cve_2026_to_now,2026-10-01T14:08:02+00:00
CVE-2026-69816,updated,2026-09-30,cve_2026_to_now,2026-10-01T14:08:02+00:00
CVE-2026-69817,updated,2026-09-30,cve_2026_to_now,2026-10-01T14:08:02+00:00
CVE-2026-69818,updated,2026-09-30,cve_2026_to_now,2026-10-01T14:08:02+00:00
CVE-2026-69819,updated,2026-09-30,cve_2026_to_now,2026-10-01T14:08:02+00:00
CVE-2026-69820,updated,2026-09-30,cve_2026_to_now,2026-10-01T14:08:02+00:00
CVE-2026-69821,updated,2026-09-30,cve_2026_to_now,2026-10-01T14:08:02+00:00
CVE-2026-69822,updated,2026-09-30,cve_2026_to_now,2026-10-01T14:08:02+00:00
CVE-2026-69824,updated,2026-09-30,cve_2026_to_now,2026-10-01T14:08:02+00:00
CVE-2026-69826,updated,2026-09-30,cve_2026_to_now,2026-10-01T14:08:02+00:00
CVE-2026-69827,updated,2026-09-30,cve_2026_to_now,2026-10-01T14:08:02+00:00
CVE-2026-69829,updated,2026-09-30,cve_2026_to_now,2026-10-01T14:08:02+00:00
CVE-2026-69832,updated,2026-09-30,cve_2026_to_now,2026-10-01T14:08:02+00:00
CVE-2026-69834,updated,2026-09-30,cve_2026_to_now,2026-10-01T14:08:02+00:00
CVE-2026-69838,updated,2026-09-30,cve_2026_to_now,2026-10-01T14:08:02+00:00
CVE-2026-69839,updated,2026-09-30,cve_2026_to_now,2026-10-01T14:08:02+00:00
CVE-2026-69841,updated,2026-09-30,cve_2026_to_now,2026-10-01T14:08:02+00:00
CVE-2026-69843,updated,2026-09-30,cve_2026_to_now,2026-10-01T14:08:02+00:00
CVE-2026-69844,updated,2026-09-30,cve_2026_to_now,2026-10-01T14:08:02+00:00
CVE-2026-69845,updated,2026-09-30,cve_2026_to_now,2026-10-01T14:08:02+00:00
CVE-2026-69846,updated,2026-09-30,cve_2026_to_now,2026-10-01T14:08:02+00:00
CVE-2026-69847,updated,2026-09-30,cve_2026_to_now,2026-10-01T14:08:02+00:00
CVE-2026-69852,updated,2026-09-30,cve_2026_to_now,2026-10-01T14:08:02+00:00
CVE-2026-69853,updated,2026-09-30,cve_2026_to_now,2026-10-01T14:08:02+00:00
CVE-2026-69854,updated,2026-09-30,cve_2026_to_now,2026-10-01T14:08:02+00:00
CVE-2026-69857,updated,2026-09-30,cve_2026_to_now,2026-10-01T14:08:02+00:00
CVE-2026-69858,updated,2026-09-30,cve_2026_to_now,2026-10-01T14:08:02+00:00
CVE-2026-69859,updated,2026-09-30,cve_2026_to_now,2026-10-01T14:08:02+00:00
CVE-2026-69860,updated,2026-09-30,cve_2026_to_now,2026-10-01T14:08:02+00:00
CVE-2026-69862,updated,2026-09-30,cve_2026_to_now,2026-10-01T14:08:02+00:00
CVE-2026-69864,updated,2026-09-30,cve_2026_to_now,2026-10-01T14:08:02+00:00
CVE-2026-69865,updated,2026-09-30,cve_2026_to_now,2026-10-01T14:08:02+00:00
CVE-2026-69866,updated,2026-09-30,cve_2026_to_now,2026-10-01T14:08:02+00:00
CVE-2026-69874,updated,2026-09-30,cve_2026_to_now,2026-10-01T14:08:02+00:00
CVE-2026-69875,updated,2026-09-30,cve_2026_to_now,2026-10-01T14:08:02+00:00
CVE-2026-69876,updated,2026-09-30,cve_2026_to_now,2026-10-01T14:08:02+00:00
CVE-2026-69878,updated,2026-09-30,cve_2026_to_now,2026-10-01T14:08:02+00:00
CVE-2026-69881,updated,2026-09-30,cve_2026_to_now,2026-10-01T14:08:02+00:00
CVE-2026-69889,updated,2026-09-30,cve_2026_to_now,2026-10-01T14:08:02+00:00
CVE-2026-69890,updated,2026-09-30,cve_2026_to_now,2026-10-01T14:08:02+00:00
CVE-2026-69891,updated,2026-09-30,cve_2026_to_now,2026-10-01T14:08:02+00:00
CVE-2026-69895,updated,2026-09-30,cve_2026_to_now,2026-10-01T14:08:02+00:00
CVE-2026-69896,updated,2026-09-30,cve_2026_to_now,2026-10-01T14:08:02+00:00
CVE-2026-69900,updated,2026-09-30,cve_2026_to_now,2026-10-01T14:08:02+00:00
CVE-2026-69904,updated,2026-09-30,cve_2026_to_now,2026-10-01T14:08:02+00:00
CVE-2026-69906,updated,2026-09-30,cve_2026_to_now,2026-10-01T14:08:02+00:00
CVE-2026-69907,updated,2026-09-30,cve_2026_to_now,2026-10-01T14:08:02+00:00
CVE-2026-69910,updated,2026-09-30,cve_2026_to_now,2026-10-01T14:08:02+00:00
CVE-2026-69911,updated,2026-09-30,cve_2026_to_now,2026-10-01T14:08:02+00:00
CVE-2026-69921,updated,2026-09-30,cve_2026_to_now,2026-10-01T14:08:02+00:00
CVE-2026-69929,updated,2026-09-30,cve_2026_to_now,2026-10-01T14:08:02+00:00
CVE-2026-69930,updated,2026-09-30,cve_2026_to_now,2026-10-01T14:08:02+00:00
CVE-2026-69989,updated,2026-09-30,cve_2026_to_now,2026-10-01T14:08:02+00:00
CVE-2026-70009,updated,2026-09-30,cve_2026_to_now,2026-10-01T14:08:02+00:00
CVE-2026-70019,updated,2026-09-30,cve_2026_to_now,2026-10-01T14:08:02+00:00
CVE-2026-70065,updated,2026-09-30,cve_2026_to_now,2026-10-01T14:08:02+00:00
CVE-2026-70091,updated,2026-09-30,cve_2026_to_now,2026-10-01T14:08:02+00:00
CVE-2026-70124,updated,2026-09-30,cve_2026_to_now,2026-10-01T14:08:02+00:00
CVE-2026-70125,updated,2026-09-30,cve_2026_to_now,2026-10-01T14:08:02+00:00
CVE-2026-70145,updated,2026-09-30,cve_2026_to_now,2026-10-01T14:08:02+00:00
CVE-2026-70178,updated,2026-09-30,cve_2026_to_now,2026-10-01T14:08:02+00:00
CVE-2026-70200,updated,2026-09-30,cve_2026_to_now,2026-10-01T14:08:02+00:00
CVE-2026-70203,updated,2026-09-30,cve_2026_to_now,2026-10-01T14:08:02+00:00
CVE-2026-70283,updated,2026-09-30,cve_2026_to_now,2026-10-01T14:08:02+00:00
CVE-2026-70289,updated,2026-09-30,cve_2026_to_now,2026-10-01T14:08:02+00:00
CVE-2026-70290,updated,2026-09-30,cve_2026_to_now,2026-10-01T14:08:02+00:00
CVE-2026-70296,updated,2026-09-30,cve_2026_to_now,2026-10-01T14:08:02+00:00
CVE-2026-70334,updated,2026-09-30,cve_2026_to_now,2026-10-01T14:08:02+00:00
CVE-2026-70342,updated,2026-09-30,cve_2026_to_now,2026-10-01T14:08:02+00:00
CVE-2026-70351,updated,2026-09-30,cve_2026_to_now,2026-10-01T14:08:02+00:00
CVE-2026-70352,updated,2026-09-30,cve_2026_to_now,2026-10-01T14:08:02+00:00
CVE-2026-70356,updated,2026-09-30,cve_2026_to_now,2026-10-01T14:08:02+00:00
CVE-2026-70562,updated,2026-09-30,cve_2026_to_now,2026-10-01T14:08:02+00:00
CVE-2026-70563,updated,2026-09-30,cve_2026_to_now,2026-10-01T14:08:02+00:00
CVE-2026-70564,updated,2026-09-30,cve_2026_to_now,2026-10-01T14:08:02+00:00
CVE-2026-70565,updated,2026-09-30,cve_2026_to_now,2026-10-01T14:08:02+00:00
CVE-2026-70567,updated,2026-09-30,cve_2026_to_now,2026-10-01T14:08:02+00:00
CVE-2026-70568,updated,2026-09-30,cve_2026_to_now,2026-10-01T14:08:02+00:00
CVE-2026-70569,updated,2026-09-30,cve_2026_to_now,2026-10-01T14:08:02+00:00
CVE-2026-70570,updated,2026-09-30,cve_2026_to_now,2026-10-01T14:08:02+00:00
CVE-2026-70572,updated,2026-09-30,cve_2026_to_now,2026-10-01T14:08:02+00:00
CVE-2026-70573,updated,2026-09-30,cve_2026_to_now,2026-10-01T14:08:02+00:00
CVE-2026-70574,updated,2026-09-30,cve_2026_to_now,2026-10-01T14:08:02+00:00
CVE-2026-70575,updated,2026-09-30,cve_2026_to_now,2026-10-01T14:08:02+00:00
CVE-2026-70577,updated,2026-09-30,cve_2026_to_now,2026-10-01T14:08:02+00:00
CVE-2026-70578,updated,2026-09-30,cve_2026_to_now,2026-10-01T14:08:02+00:00
CVE-2026-70579,updated,2026-09-30,cve_2026_to_now,2026-10-01T14:08:02+00:00
CVE-2026-70581,updated,2026-09-30,cve_2026_to_now,2026-10-01T14:08:02+00:00
CVE-2026-70582,updated,2026-09-30,cve_2026_to_now,2026-10-01T14:08:02+00:00
CVE-2026-70583,updated,2026-09-30,cve_2026_to_now,2026-10-01T14:08:02+00:00
CVE-2026-70584,updated,2026-09-30,cve_2026_to_now,2026-10-01T14:08:02+00:00
CVE-2026-70585,updated,2026-09-30,cve_2026_to_now,2026-10-01T14:08:02+00:00
CVE-2026-70586,updated,2026-09-30,cve_2026_to_now,2026-10-01T14:08:02+00:00
CVE-2026-70587,updated,2026-09-30,cve_2026_to_now,2026-10-01T14:08:02+00:00
CVE-2026-71189,updated,2026-09-30,cve_2026_to_now,2026-10-01T14:08:02+00:00
CVE-2026-71302,updated,2026-09-30,cve_2026_to_now,2026-10-01T14:08:02+00:00
CVE-2026-71328,updated,2026-09-30,cve_2026_to_now,2026-10-01T14:08:02+00:00
CVE-2026-71329,updated,2026-09-30,cve_2026_to_now,2026-10-01T14:08:02+00:00
CVE-2026-71330,updated,2026-09-30,cve_2026_to_now,2026-10-01T14:08:02+00:00
CVE-2026-71332,updated,2026-09-30,cve_2026_to_now,2026-10-01T14:08:02+00:00
CVE-2026-71333,updated,2026-09-30,cve_2026_to_now,2026-10-01T14:08:02+00:00
CVE-2026-71334,updated,2026-09-30,cve_2026_to_now,2026-10-01T14:08:02+00:00
CVE-2026-71336,updated,2026-09-30,cve_2026_to_now,2026-10-01T14:08:02+00:00
CVE-2026-71337,updated,2026-09-30,cve_2026_to_now,2026-10-01T14:08:02+00:00
CVE-2026-71338,updated,2026-09-30,cve_2026_to_now,2026-10-01T14:08:02+00:00
CVE-2026-71339,updated,2026-09-30,cve_2026_to_now,2026-10-01T14:08:02+00:00
CVE-2026-71340,updated,2026-09-30,cve_2026_to_now,2026-10-01T14:08:02+00:00
CVE-2026-71341,updated,2026-09-30,cve_2026_to_now,2026-10-01T14:08:02+00:00
CVE-2026-71342,updated,2026-09-30,cve_2026_to_now,2026-10-01T14:08:02+00:00
CVE-2026-71343,updated,2026-09-30,cve_2026_to_now,2026-10-01T14:08:02+00:00
CVE-2026-71345,updated,2026-09-30,cve_2026_to_now,2026-10-01T14:08:02+00:00
CVE-2026-71348,updated,2026-09-30,cve_2026_to_now,2026-10-01T14:08:02+00:00
CVE-2026-71349,updated,2026-09-30,cve_2026_to_now,2026-10-01T14:08:02+00:00
CVE-2026-71350,updated,2026-09-30,cve_2026_to_now,2026-10-01T14:08:02+00:00
CVE-2026-71351,updated,2026-09-30,cve_2026_to_now,2026-10-01T14:08:02+00:00
CVE-2026-71352,updated,2026-09-30,cve_2026_to_now,2026-10-01T14:08:02+00:00
CVE-2026-71353,updated,2026-09-30,cve_2026_to_now,2026-10-01T14:08:02+00:00
CVE-2026-71379,updated,2026-09-30,cve_2026_to_now,2026-10-01T14:08:02+00:00
CVE-2026-71971,updated,2026-09-30,cve_2026_to_now,2026-10-01T14:08:02+00:00
CVE-2026-71972,updated,2026-09-30,cve_2026_to_now,2026-10-01T14:08:02+00:00
CVE-2026-71974,updated,2026-09-30,cve_2026_to_now,2026-10-01T14:08:02+00:00
CVE-2026-72507,updated,2026-09-30,cve_2026_to_now,2026-10-01T14:08:02+00:00
CVE-2026-72510,updated,2026-09-30,cve_2026_to_now,2026-10-01T14:08:02+00:00
CVE-2026-72832,updated,2026-09-30,cve_2026_to_now,2026-10-01T14:08:02+00:00
CVE-2026-72833,updated,2026-09-30,cve_2026_to_now,2026-10-01T14:08:02+00:00
CVE-2026-72840,updated,2026-09-30,cve_2026_to_now,2026-10-01T14:08:02+00:00
CVE-2026-72841,updated,2026-09-30,cve_2026_to_now,2026-10-01T14:08:02+00:00
CVE-2026-72842,updated,2026-09-30,cve_2026_to_now,2026-10-01T14:08:02+00:00
CVE-2026-72926,updated,2026-09-30,cve_2026_to_now,2026-10-01T14:08:02+00:00
CVE-2026-72927,updated,2026-09-30,cve_2026_to_now,2026-10-01T14:08:02+00:00
CVE-2026-72928,updated,2026-09-30,cve_2026_to_now,2026-10-01T14:08:02+00:00
CVE-2026-72929,updated,2026-09-30,cve_2026_to_now,2026-10-01T14:08:02+00:00
CVE-2026-72930,updated,2026-09-30,cve_2026_to_now,2026-10-01T14:08:02+00:00
CVE-2026-72931,updated,2026-09-30,cve_2026_to_now,2026-10-01T14:08:02+00:00
CVE-2026-72932,updated,2026-09-30,cve_2026_to_now,2026-10-01T14:08:02+00:00
CVE-2026-72933,updated,2026-09-30,cve_2026_to_now,2026-10-01T14:08:02+00:00
CVE-2026-72935,updated,2026-09-30,cve_2026_to_now,2026-10-01T14:08:02+00:00
CVE-2026-72936,updated,2026-09-30,cve_2026_to_now,2026-10-01T14:08:02+00:00
CVE-2026-72937,updated,2026-09-30,cve_2026_to_now,2026-10-01T14:08:02+00:00
CVE-2026-72938,updated,2026-09-30,cve_2026_to_now,2026-10-01T14:08:02+00:00
CVE-2026-72939,updated,2026-09-30,cve_2026_to_now,2026-10-01T14:08:02+00:00
CVE-2026-72940,updated,2026-09-30,cve_2026_to_now,2026-10-01T14:08:02+00:00
CVE-2026-72941,updated,2026-09-30,cve_2026_to_now,2026-10-01T14:08:02+00:00
CVE-2026-72942,updated,2026-09-30,cve_2026_to_now,2026-10-01T14:08:02+00:00
CVE-2026-72943,updated,2026-09-30,cve_2026_to_now,2026-10-01T14:08:02+00:00
CVE-2026-72944,updated,2026-09-30,cve_2026_to_now,2026-10-01T14:08:02+00:00
CVE-2026-72945,updated,2026-09-30,cve_2026_to_now,2026-10-01T14:08:02+00:00
CVE-2026-72946,updated,2026-09-30,cve_2026_to_now,2026-10-01T14:08:02+00:00
CVE-2026-72947,updated,2026-09-30,cve_2026_to_now,2026-10-01T14:08:02+00:00
CVE-2026-72948,updated,2026-09-30,cve_2026_to_now,2026-10-01T14:08:02+00:00
CVE-2026-72949,updated,2026-09-30,cve_2026_to_now,2026-10-01T14:08:02+00:00
CVE-2026-72950,updated,2026-09-30,cve_2026_to_now,2026-10-01T14:08:02+00:00
CVE-2026-72952,updated,2026-09-30,cve_2026_to_now,2026-10-01T14:08:02+00:00
CVE-2026-72953,updated,2026-09-30,cve_2026_to_now,2026-10-01T14:08:02+00:00
CVE-2026-72954,updated,2026-09-30,cve_2026_to_now,2026-10-01T14:08:02+00:00
CVE-2026-72956,updated,2026-09-30,cve_2026_to_now,2026-10-01T14:08:02+00:00
CVE-2026-72957,updated,2026-09-30,cve_2026_to_now,2026-10-01T14:08:02+00:00
CVE-2026-72958,updated,2026-09-30,cve_2026_to_now,2026-10-01T14:08:02+00:00
CVE-2026-72959,updated,2026-09-30,cve_2026_to_now,2026-10-01T14:08:02+00:00
CVE-2026-72960,updated,2026-09-30,cve_2026_to_now,2026-10-01T14:08:02+00:00
CVE-2026-72961,updated,2026-09-30,cve_2026_to_now,2026-10-01T14:08:02+00:00
CVE-2026-72962,updated,2026-09-30,cve_2026_to_now,2026-10-01T14:08:02+00:00
CVE-2026-72963,updated,2026-09-30,cve_2026_to_now,2026-10-01T14:08:02+00:00
CVE-2026-72964,updated,2026-09-30,cve_2026_to_now,2026-10-01T14:08:02+00:00
CVE-2026-72965,updated,2026-09-30,cve_2026_to_now,2026-10-01T14:08:02+00:00
CVE-2026-72966,updated,2026-09-30,cve_2026_to_now,2026-10-01T14:08:02+00:00
CVE-2026-72967,updated,2026-09-30,cve_2026_to_now,2026-10-01T14:08:02+00:00
CVE-2026-72972,updated,2026-09-30,cve_2026_to_now,2026-10-01T14:08:02+00:00
CVE-2026-72973,updated,2026-09-30,cve_2026_to_now,2026-10-01T14:08:02+00:00
CVE-2026-72974,updated,2026-09-30,cve_2026_to_now,2026-10-01T14:08:02+00:00
CVE-2026-72975,updated,2026-09-30,cve_2026_to_now,2026-10-01T14:08:02+00:00
CVE-2026-72976,updated,2026-09-30,cve_2026_to_now,2026-10-01T14:08:02+00:00
CVE-2026-72977,updated,2026-09-30,cve_2026_to_now,2026-10-01T14:08:02+00:00
CVE-2026-72978,updated,2026-09-30,cve_2026_to_now,2026-10-01T14:08:02+00:00
CVE-2026-72979,updated,2026-09-30,cve_2026_to_now,2026-10-01T14:08:02+00:00
CVE-2026-72980,updated,2026-09-30,cve_2026_to_now,2026-10-01T14:08:02+00:00
CVE-2026-72981,updated,2026-09-30,cve_2026_to_now,2026-10-01T14:08:02+00:00
CVE-2026-72982,updated,2026-09-30,cve_2026_to_now,2026-10-01T14:08:02+00:00
CVE-2026-72983,updated,2026-09-30,cve_2026_to_now,2026-10-01T14:08:02+00:00
CVE-2026-72985,updated,2026-09-30,cve_2026_to_now,2026-10-01T14:08:02+00:00
CVE-2026-72986,updated,2026-09-30,cve_2026_to_now,2026-10-01T14:08:02+00:00
CVE-2026-72987,updated,2026-09-30,cve_2026_to_now,2026-10-01T14:08:02+00:00
CVE-2026-72988,updated,2026-09-30,cve_2026_to_now,2026-10-01T14:08:02+00:00
CVE-2026-72989,updated,2026-09-30,cve_2026_to_now,2026-10-01T14:08:02+00:00
CVE-2026-72990,updated,2026-09-30,cve_2026_to_now,2026-10-01T14:08:02+00:00
CVE-2026-72991,updated,2026-09-30,cve_2026_to_now,2026-10-01T14:08:02+00:00
CVE-2026-72992,updated,2026-09-30,cve_2026_to_now,2026-10-01T14:08:02+00:00
CVE-2026-72993,updated,2026-09-30,cve_2026_to_now,2026-10-01T14:08:02+00:00
CVE-2026-72994,updated,2026-09-30,cve_2026_to_now,2026-10-01T14:08:02+00:00
CVE-2026-72995,updated,2026-09-30,cve_2026_to_now,2026-10-01T14:08:02+00:00
CVE-2026-72996,updated,2026-09-30,cve_2026_to_now,2026-10-01T14:08:02+00:00
CVE-2026-72997,updated,2026-09-30,cve_2026_to_now,2026-10-01T14:08:02+00:00
CVE-2026-72999,updated,2026-09-30,cve_2026_to_now,2026-10-01T14:08:02+00:00
CVE-2026-73000,updated,2026-09-30,cve_2026_to_now,2026-10-01T14:08:02+00:00
CVE-2026-73001,updated,2026-09-30,cve_2026_to_now,2026-10-01T14:08:02+00:00
CVE-2026-73002,updated,2026-09-30,cve_2026_to_now,2026-10-01T14:08:02+00:00
CVE-2026-73003,updated,2026-09-30,cve_2026_to_now,2026-10-01T14:08:02+00:00
CVE-2026-73004,updated,2026-09-30,cve_2026_to_now,2026-10-01T14:08:02+00:00
CVE-2026-73005,updated,2026-09-30,cve_2026_to_now,2026-10-01T14:08:02+00:00
CVE-2026-73006,updated,2026-09-30,cve_2026_to_now,2026-10-01T14:08:02+00:00
CVE-2026-73007,updated,2026-09-30,cve_2026_to_now,2026-10-01T14:08:02+00:00
CVE-2026-73008,updated,2026-09-30,cve_2026_to_now,2026-10-01T14:08:02+00:00
CVE-2026-73009,updated,2026-09-30,cve_2026_to_now,2026-10-01T14:08:02+00:00
CVE-2026-73010,updated,2026-09-30,cve_2026_to_now,2026-10-01T14:08:02+00:00
CVE-2026-73011,updated,2026-09-30,cve_2026_to_now,2026-10-01T14:08:02+00:00
CVE-2026-73012,updated,2026-09-30,cve_2026_to_now,2026-10-01T14:08:02+00:00
CVE-2026-73013,updated,2026-09-30,cve_2026_to_now,2026-10-01T14:08:02+00:00
CVE-2026-73014,updated,2026-09-30,cve_2026_to_now,2026-10-01T14:08:02+00:00
CVE-2026-73015,updated,2026-09-30,cve_2026_to_now,2026-10-01T14:08:02+00:00
CVE-2026-73016,updated,2026-09-30,cve_2026_to_now,2026-10-01T14:08:02+00:00
CVE-2026-73017,updated,2026-09-30,cve_2026_to_now,2026-10-01T14:08:02+00:00
CVE-2026-73018,updated,2026-09-30,cve_2026_to_now,2026-10-01T14:08:02+00:00
CVE-2026-73019,updated,2026-09-30,cve_2026_to_now,2026-10-01T14:08:02+00:00
CVE-2026-73020,updated,2026-09-30,cve_2026_to_now,2026-10-01T14:08:02+00:00
CVE-2026-73021,updated,2026-09-30,cve_2026_to_now,2026-10-01T14:08:02+00:00
CVE-2026-73022,updated,2026-09-30,cve_2026_to_now,2026-10-01T14:08:02+00:00
CVE-2026-73023,updated,2026-09-30,cve_2026_to_now,2026-10-01T14:08:02+00:00
CVE-2026-73024,updated,2026-09-30,cve_2026_to_now,2026-10-01T14:08:02+00:00
CVE-2026-73025,updated,2026-09-30,cve_2026_to_now,2026-10-01T14:08:02+00:00
CVE-2026-73026,updated,2026-09-30,cve_2026_to_now,2026-10-01T14:08:02+00:00
CVE-2026-73028,updated,2026-09-30,cve_2026_to_now,2026-10-01T14:08:02+00:00
CVE-2026-73029,updated,2026-09-30,cve_2026_to_now,2026-10-01T14:08:02+00:00
CVE-2026-73060,updated,2026-09-30,cve_2026_to_now,2026-10-01T14:08:02+00:00
CVE-2026-73062,updated,2026-09-30,cve_2026_to_now,2026-10-01T14:08:02+00:00
CVE-2026-73581,updated,2026-09-30,cve_2026_to_now,2026-10-01T14:08:02+00:00
CVE-2026-73611,updated,2026-09-30,cve_2026_to_now,2026-10-01T14:08:02+00:00
CVE-2026-73627,updated,2026-09-30,cve_2026_to_now,2026-10-01T14:08:02+00:00
CVE-2026-73628,updated,2026-09-30,cve_2026_to_now,2026-10-01T14:08:02+00:00
CVE-2026-74220,updated,2026-09-30,cve_2026_to_now,2026-10-01T14:08:02+00:00
CVE-2026-74221,updated,2026-09-30,cve_2026_to_now,2026-10-01T14:08:02+00:00
CVE-2026-74225,updated,2026-09-30,cve_2026_to_now,2026-10-01T14:08:02+00:00
CVE-2026-74783,updated,2026-09-30,cve_2026_to_now,2026-10-01T14:08:02+00:00
CVE-2026-75098,updated,,cve_2026_to_now,2026-10-01T14:08:02+00:00
CVE-2026-75786,added,,cve_2026_to_now,2026-10-01T14:08:02+00:00
CVE-2026-75823,updated,,cve_2026_to_now,2026-10-01T14:08:02+00:00
CVE-2026-75824,updated,,cve_2026_to_now,2026-10-01T14:08:02+00:00
CVE-2026-75873,updated,,cve_2026_to_now,2026-10-01T14:08:02+00:00
CVE-2026-75895,updated,2026-09-21,cve_2026_to_now,2026-10-01T14:08:02+00:00
CVE-2026-75957,added,,cve_2026_to_now,2026-10-01T14:08:02+00:00
CVE-2026-75969,added,,cve_2026_to_now,2026-10-01T14:08:02+00:00
CVE-2026-76142,added,,cve_2026_to_now,2026-10-01T14:08:02+00:00
CVE-2026-76143,added,,cve_2026_to_now,2026-10-01T14:08:02+00:00
CVE-2026-76144,added,,cve_2026_to_now,2026-10-01T14:08:02+00:00
CVE-2026-76145,added,,cve_2026_to_now,2026-10-01T14:08:02+00:00
CVE-2026-76146,added,,cve_2026_to_now,2026-10-01T14:08:02+00:00
CVE-2026-76147,added,,cve_2026_to_now,2026-10-01T14:08:02+00:00
CVE-2026-76183,updated,2026-09-30,cve_2026_to_now,2026-10-01T14:08:02+00:00
CVE-2026-76208,updated,2026-09-30,cve_2026_to_now,2026-10-01T14:08:02+00:00
CVE-2026-76504,updated,2026-10-01,cve_2026_to_now,2026-10-01T14:08:02+00:00
CVE-2026-76561,updated,2026-09-30,cve_2026_to_now,2026-10-01T14:08:02+00:00
CVE-2026-76570,added,,cve_2026_to_now,2026-10-01T14:08:02+00:00
CVE-2026-76721,updated,2026-09-30,cve_2026_to_now,2026-10-01T14:08:02+00:00
CVE-2026-76722,updated,2026-10-01,cve_2026_to_now,2026-10-01T14:08:02+00:00
CVE-2026-76723,updated,2026-10-01,cve_2026_to_now,2026-10-01T14:08:02+00:00
CVE-2026-76724,updated,2026-10-01,cve_2026_to_now,2026-10-01T14:08:02+00:00
CVE-2026-76725,updated,2026-10-01,cve_2026_to_now,2026-10-01T14:08:02+00:00
CVE-2026-76726,updated,2026-10-01,cve_2026_to_now,2026-10-01T14:08:02+00:00
CVE-2026-76727,updated,2026-10-01,cve_2026_to_now,2026-10-01T14:08:02+00:00
CVE-2026-76728,updated,2026-10-01,cve_2026_to_now,2026-10-01T14:08:02+00:00
CVE-2026-76729,updated,2026-10-01,cve_2026_to_now,2026-10-01T14:08:02+00:00
CVE-2026-76730,updated,2026-09-30,cve_2026_to_now,2026-10-01T14:08:02+00:00
CVE-2026-76731,updated,2026-09-30,cve_2026_to_now,2026-10-01T14:08:02+00:00
CVE-2026-76732,updated,2026-10-01,cve_2026_to_now,2026-10-01T14:08:02+00:00
CVE-2026-76733,updated,2026-09-30,cve_2026_to_now,2026-10-01T14:08:02+00:00
CVE-2026-76734,updated,2026-09-30,cve_2026_to_now,2026-10-01T14:08:02+00:00
CVE-2026-76735,updated,2026-09-30,cve_2026_to_now,2026-10-01T14:08:02+00:00
CVE-2026-76736,updated,2026-09-30,cve_2026_to_now,2026-10-01T14:08:02+00:00
CVE-2026-76737,updated,2026-09-30,cve_2026_to_now,2026-10-01T14:08:02+00:00
CVE-2026-76844,updated,2026-10-01,cve_2026_to_now,2026-10-01T14:08:02+00:00
CVE-2026-76992,updated,,cve_2026_to_now,2026-10-01T14:08:02+00:00
CVE-2026-77185,updated,,cve_2026_to_now,2026-10-01T14:08:02+00:00
CVE-2026-77480,updated,2026-09-30,cve_2026_to_now,2026-10-01T14:08:02+00:00
CVE-2026-77481,updated,2026-09-30,cve_2026_to_now,2026-10-01T14:08:02+00:00
CVE-2026-77482,updated,2026-09-30,cve_2026_to_now,2026-10-01T14:08:02+00:00
CVE-2026-77483,updated,2026-09-30,cve_2026_to_now,2026-10-01T14:08:02+00:00
CVE-2026-77484,updated,2026-09-30,cve_2026_to_now,2026-10-01T14:08:02+00:00
CVE-2026-77485,updated,2026-09-30,cve_2026_to_now,2026-10-01T14:08:02+00:00
CVE-2026-77486,updated,2026-09-30,cve_2026_to_now,2026-10-01T14:08:02+00:00
CVE-2026-77487,updated,2026-09-30,cve_2026_to_now,2026-10-01T14:08:02+00:00
CVE-2026-77488,updated,2026-09-30,cve_2026_to_now,2026-10-01T14:08:02+00:00
CVE-2026-77489,updated,2026-09-30,cve_2026_to_now,2026-10-01T14:08:02+00:00
CVE-2026-77490,updated,2026-09-30,cve_2026_to_now,2026-10-01T14:08:02+00:00
CVE-2026-77491,updated,2026-09-30,cve_2026_to_now,2026-10-01T14:08:02+00:00
CVE-2026-77492,updated,2026-09-30,cve_2026_to_now,2026-10-01T14:08:02+00:00
CVE-2026-77493,updated,2026-09-30,cve_2026_to_now,2026-10-01T14:08:02+00:00
CVE-2026-77494,updated,2026-09-30,cve_2026_to_now,2026-10-01T14:08:02+00:00
CVE-2026-77495,updated,2026-09-30,cve_2026_to_now,2026-10-01T14:08:02+00:00
CVE-2026-77498,updated,2026-09-30,cve_2026_to_now,2026-10-01T14:08:02+00:00
CVE-2026-77499,updated,2026-09-30,cve_2026_to_now,2026-10-01T14:08:02+00:00
CVE-2026-77500,updated,2026-09-30,cve_2026_to_now,2026-10-01T14:08:02+00:00
CVE-2026-77501,updated,2026-09-30,cve_2026_to_now,2026-10-01T14:08:02+00:00
CVE-2026-77502,updated,2026-09-30,cve_2026_to_now,2026-10-01T14:08:02+00:00
CVE-2026-77503,updated,2026-09-30,cve_2026_to_now,2026-10-01T14:08:02+00:00
CVE-2026-77504,updated,2026-09-30,cve_2026_to_now,2026-10-01T14:08:02+00:00
CVE-2026-77505,updated,2026-09-30,cve_2026_to_now,2026-10-01T14:08:02+00:00
CVE-2026-77762,updated,2026-09-30,cve_2026_to_now,2026-10-01T14:08:02+00:00
CVE-2026-77886,updated,2026-09-30,cve_2026_to_now,2026-10-01T14:08:02+00:00
CVE-2026-77887,updated,2026-09-30,cve_2026_to_now,2026-10-01T14:08:02+00:00
CVE-2026-77888,updated,2026-09-30,cve_2026_to_now,2026-10-01T14:08:02+00:00
CVE-2026-77889,updated,2026-09-30,cve_2026_to_now,2026-10-01T14:08:02+00:00
CVE-2026-77890,updated,2026-09-30,cve_2026_to_now,2026-10-01T14:08:02+00:00
CVE-2026-77891,updated,2026-09-30,cve_2026_to_now,2026-10-01T14:08:02+00:00
CVE-2026-77892,updated,2026-09-30,cve_2026_to_now,2026-10-01T14:08:02+00:00
CVE-2026-77893,updated,2026-09-30,cve_2026_to_now,2026-10-01T14:08:02+00:00
CVE-2026-77894,updated,2026-09-30,cve_2026_to_now,2026-10-01T14:08:02+00:00
CVE-2026-77895,updated,2026-09-30,cve_2026_to_now,2026-10-01T14:08:02+00:00
CVE-2026-77896,updated,2026-09-30,cve_2026_to_now,2026-10-01T14:08:02+00:00
CVE-2026-77897,updated,2026-09-30,cve_2026_to_now,2026-10-01T14:08:02+00:00
CVE-2026-77898,updated,2026-09-30,cve_2026_to_now,2026-10-01T14:08:02+00:00
CVE-2026-77899,updated,2026-09-30,cve_2026_to_now,2026-10-01T14:08:02+00:00
CVE-2026-77901,updated,2026-09-30,cve_2026_to_now,2026-10-01T14:08:02+00:00
CVE-2026-77903,updated,2026-09-30,cve_2026_to_now,2026-10-01T14:08:02+00:00
CVE-2026-77904,updated,2026-09-30,cve_2026_to_now,2026-10-01T14:08:02+00:00
CVE-2026-77905,updated,2026-09-30,cve_2026_to_now,2026-10-01T14:08:02+00:00
CVE-2026-77906,updated,2026-09-30,cve_2026_to_now,2026-10-01T14:08:02+00:00
CVE-2026-77907,updated,2026-09-30,cve_2026_to_now,2026-10-01T14:08:02+00:00
CVE-2026-77908,updated,2026-09-30,cve_2026_to_now,2026-10-01T14:08:02+00:00
CVE-2026-77909,updated,2026-09-30,cve_2026_to_now,2026-10-01T14:08:02+00:00
CVE-2026-77911,updated,2026-09-30,cve_2026_to_now,2026-10-01T14:08:02+00:00
CVE-2026-78210,added,,cve_2026_to_now,2026-10-01T14:08:02+00:00
CVE-2026-78229,updated,,cve_2026_to_now,2026-10-01T14:08:02+00:00
CVE-2026-78242,added,,cve_2026_to_now,2026-10-01T14:08:02+00:00
CVE-2026-78249,added,,cve_2026_to_now,2026-10-01T14:08:02+00:00
CVE-2026-78376,updated,2026-09-30,cve_2026_to_now,2026-10-01T14:08:02+00:00
CVE-2026-78439,updated,2026-09-30,cve_2026_to_now,2026-10-01T14:08:02+00:00
CVE-2026-78441,updated,2026-09-30,cve_2026_to_now,2026-10-01T14:08:02+00:00
CVE-2026-78442,updated,2026-09-30,cve_2026_to_now,2026-10-01T14:08:02+00:00
CVE-2026-78444,updated,2026-09-30,cve_2026_to_now,2026-10-01T14:08:02+00:00
CVE-2026-78445,updated,2026-09-30,cve_2026_to_now,2026-10-01T14:08:02+00:00
CVE-2026-78446,updated,2026-09-30,cve_2026_to_now,2026-10-01T14:08:02+00:00
CVE-2026-78447,updated,2026-09-30,cve_2026_to_now,2026-10-01T14:08:02+00:00
CVE-2026-78448,updated,2026-09-30,cve_2026_to_now,2026-10-01T14:08:02+00:00
CVE-2026-78449,updated,2026-09-30,cve_2026_to_now,2026-10-01T14:08:02+00:00
CVE-2026-78450,updated,2026-09-30,cve_2026_to_now,2026-10-01T14:08:02+00:00
CVE-2026-78451,updated,2026-09-30,cve_2026_to_now,2026-10-01T14:08:02+00:00
CVE-2026-78452,updated,2026-09-30,cve_2026_to_now,2026-10-01T14:08:02+00:00
CVE-2026-78453,updated,2026-09-30,cve_2026_to_now,2026-10-01T14:08:02+00:00
CVE-2026-78454,updated,2026-09-30,cve_2026_to_now,2026-10-01T14:08:02+00:00
CVE-2026-78455,updated,2026-09-30,cve_2026_to_now,2026-10-01T14:08:02+00:00
CVE-2026-78456,updated,2026-09-30,cve_2026_to_now,2026-10-01T14:08:02+00:00
CVE-2026-78457,updated,2026-09-30,cve_2026_to_now,2026-10-01T14:08:02+00:00
CVE-2026-78461,updated,2026-09-30,cve_2026_to_now,2026-10-01T14:08:02+00:00
CVE-2026-78462,updated,2026-09-30,cve_2026_to_now,2026-10-01T14:08:02+00:00
CVE-2026-78463,updated,2026-09-30,cve_2026_to_now,2026-10-01T14:08:02+00:00
CVE-2026-78464,updated,2026-09-30,cve_2026_to_now,2026-10-01T14:08:02+00:00
CVE-2026-78501,updated,2026-09-30,cve_2026_to_now,2026-10-01T14:08:02+00:00
CVE-2026-78502,updated,2026-09-30,cve_2026_to_now,2026-10-01T14:08:02+00:00
CVE-2026-78503,updated,2026-09-30,cve_2026_to_now,2026-10-01T14:08:02+00:00
CVE-2026-78504,updated,2026-09-30,cve_2026_to_now,2026-10-01T14:08:02+00:00
CVE-2026-78505,updated,2026-09-30,cve_2026_to_now,2026-10-01T14:08:02+00:00
CVE-2026-78506,updated,2026-09-30,cve_2026_to_now,2026-10-01T14:08:02+00:00
CVE-2026-78507,updated,2026-09-30,cve_2026_to_now,2026-10-01T14:08:02+00:00
CVE-2026-78508,updated,2026-09-30,cve_2026_to_now,2026-10-01T14:08:02+00:00
CVE-2026-78509,updated,2026-09-30,cve_2026_to_now,2026-10-01T14:08:02+00:00
CVE-2026-78510,updated,2026-09-30,cve_2026_to_now,2026-10-01T14:08:02+00:00
CVE-2026-78511,updated,2026-09-30,cve_2026_to_now,2026-10-01T14:08:02+00:00
CVE-2026-78512,updated,2026-09-30,cve_2026_to_now,2026-10-01T14:08:02+00:00
CVE-2026-78513,updated,2026-09-30,cve_2026_to_now,2026-10-01T14:08:02+00:00
CVE-2026-78514,updated,2026-09-30,cve_2026_to_now,2026-10-01T14:08:02+00:00
CVE-2026-78515,updated,2026-09-30,cve_2026_to_now,2026-10-01T14:08:02+00:00
CVE-2026-78516,updated,2026-09-30,cve_2026_to_now,2026-10-01T14:08:02+00:00
CVE-2026-78517,updated,2026-09-30,cve_2026_to_now,2026-10-01T14:08:02+00:00
CVE-2026-78518,updated,2026-09-30,cve_2026_to_now,2026-10-01T14:08:02+00:00
CVE-2026-78519,updated,2026-09-30,cve_2026_to_now,2026-10-01T14:08:02+00:00
CVE-2026-78520,updated,2026-09-30,cve_2026_to_now,2026-10-01T14:08:02+00:00
CVE-2026-78521,updated,2026-09-30,cve_2026_to_now,2026-10-01T14:08:02+00:00
CVE-2026-78522,updated,2026-09-30,cve_2026_to_now,2026-10-01T14:08:02+00:00
CVE-2026-78523,updated,2026-09-30,cve_2026_to_now,2026-10-01T14:08:02+00:00
CVE-2026-78524,updated,2026-09-30,cve_2026_to_now,2026-10-01T14:08:02+00:00
CVE-2026-78525,updated,2026-09-30,cve_2026_to_now,2026-10-01T14:08:02+00:00
CVE-2026-78526,updated,2026-09-30,cve_2026_to_now,2026-10-01T14:08:02+00:00
CVE-2026-79348,updated,2026-09-30,cve_2026_to_now,2026-10-01T14:08:02+00:00
CVE-2026-79403,updated,2026-09-30,cve_2026_to_now,2026-10-01T14:08:02+00:00
CVE-2026-79417,updated,2026-09-30,cve_2026_to_now,2026-10-01T14:08:02+00:00
CVE-2026-79534,updated,2026-09-30,cve_2026_to_now,2026-10-01T14:08:02+00:00
CVE-2026-79535,updated,2026-09-30,cve_2026_to_now,2026-10-01T14:08:02+00:00
CVE-2026-79536,updated,2026-09-30,cve_2026_to_now,2026-10-01T14:08:02+00:00
CVE-2026-79537,updated,2026-09-30,cve_2026_to_now,2026-10-01T14:08:02+00:00
CVE-2026-79625,updated,,cve_2026_to_now,2026-10-01T14:08:02+00:00
CVE-2026-79901,added,,cve_2026_to_now,2026-10-01T14:08:02+00:00
CVE-2026-80073,updated,2026-09-30,cve_2026_to_now,2026-10-01T14:08:02+00:00
CVE-2026-80074,updated,2026-09-30,cve_2026_to_now,2026-10-01T14:08:02+00:00
CVE-2026-80075,updated,2026-09-30,cve_2026_to_now,2026-10-01T14:08:02+00:00
CVE-2026-80076,updated,2026-09-30,cve_2026_to_now,2026-10-01T14:08:02+00:00
CVE-2026-80077,updated,2026-09-30,cve_2026_to_now,2026-10-01T14:08:02+00:00
CVE-2026-80078,updated,2026-09-30,cve_2026_to_now,2026-10-01T14:08:02+00:00
CVE-2026-80079,updated,2026-09-30,cve_2026_to_now,2026-10-01T14:08:02+00:00
CVE-2026-80080,updated,2026-09-30,cve_2026_to_now,2026-10-01T14:08:02+00:00
CVE-2026-80081,updated,2026-09-30,cve_2026_to_now,2026-10-01T14:08:02+00:00
CVE-2026-80082,updated,2026-09-30,cve_2026_to_now,2026-10-01T14:08:02+00:00
CVE-2026-80083,updated,2026-09-30,cve_2026_to_now,2026-10-01T14:08:02+00:00
CVE-2026-80084,updated,2026-09-30,cve_2026_to_now,2026-10-01T14:08:02+00:00
CVE-2026-80085,updated,2026-09-30,cve_2026_to_now,2026-10-01T14:08:02+00:00
CVE-2026-80086,updated,2026-09-30,cve_2026_to_now,2026-10-01T14:08:02+00:00
CVE-2026-80087,updated,2026-09-30,cve_2026_to_now,2026-10-01T14:08:02+00:00
CVE-2026-80088,updated,2026-09-30,cve_2026_to_now,2026-10-01T14:08:02+00:00
CVE-2026-80089,updated,2026-09-30,cve_2026_to_now,2026-10-01T14:08:02+00:00
CVE-2026-80090,updated,2026-09-30,cve_2026_to_now,2026-10-01T14:08:02+00:00
CVE-2026-80091,updated,2026-09-30,cve_2026_to_now,2026-10-01T14:08:02+00:00
CVE-2026-80093,updated,2026-09-30,cve_2026_to_now,2026-10-01T14:08:02+00:00
CVE-2026-80096,updated,2026-09-30,cve_2026_to_now,2026-10-01T14:08:02+00:00
CVE-2026-80097,updated,2026-09-30,cve_2026_to_now,2026-10-01T14:08:02+00:00
CVE-2026-80098,updated,2026-09-30,cve_2026_to_now,2026-10-01T14:08:02+00:00
CVE-2026-80110,updated,2026-09-30,cve_2026_to_now,2026-10-01T14:08:02+00:00
CVE-2026-80275,added,,cve_2026_to_now,2026-10-01T14:08:02+00:00
CVE-2026-80276,added,,cve_2026_to_now,2026-10-01T14:08:02+00:00
CVE-2026-80333,updated,,cve_2026_to_now,2026-10-01T14:08:02+00:00
CVE-2026-80428,updated,2026-09-30,cve_2026_to_now,2026-10-01T14:08:02+00:00
CVE-2026-80490,added,,cve_2026_to_now,2026-10-01T14:08:02+00:00
CVE-2026-81310,updated,,cve_2026_to_now,2026-10-01T14:08:02+00:00
CVE-2026-81349,updated,2026-09-30,cve_2026_to_now,2026-10-01T14:08:02+00:00
CVE-2026-81352,updated,2026-09-30,cve_2026_to_now,2026-10-01T14:08:02+00:00
CVE-2026-81353,updated,2026-09-30,cve_2026_to_now,2026-10-01T14:08:02+00:00
CVE-2026-81354,updated,2026-09-30,cve_2026_to_now,2026-10-01T14:08:02+00:00
CVE-2026-81355,updated,2026-09-30,cve_2026_to_now,2026-10-01T14:08:02+00:00
CVE-2026-81356,updated,2026-09-30,cve_2026_to_now,2026-10-01T14:08:02+00:00
CVE-2026-81357,updated,2026-09-30,cve_2026_to_now,2026-10-01T14:08:02+00:00
CVE-2026-81376,updated,2026-09-30,cve_2026_to_now,2026-10-01T14:08:02+00:00
CVE-2026-81377,updated,2026-09-30,cve_2026_to_now,2026-10-01T14:08:02+00:00
CVE-2026-81378,updated,2026-09-30,cve_2026_to_now,2026-10-01T14:08:02+00:00
CVE-2026-81379,updated,2026-09-30,cve_2026_to_now,2026-10-01T14:08:02+00:00
CVE-2026-81380,updated,2026-09-30,cve_2026_to_now,2026-10-01T14:08:02+00:00
CVE-2026-81381,updated,2026-09-30,cve_2026_to_now,2026-10-01T14:08:02+00:00
CVE-2026-81383,updated,2026-09-30,cve_2026_to_now,2026-10-01T14:08:02+00:00
CVE-2026-81385,updated,2026-09-30,cve_2026_to_now,2026-10-01T14:08:02+00:00
CVE-2026-81386,updated,2026-09-30,cve_2026_to_now,2026-10-01T14:08:02+00:00
CVE-2026-81387,updated,2026-09-30,cve_2026_to_now,2026-10-01T14:08:02+00:00
CVE-2026-81388,updated,2026-09-30,cve_2026_to_now,2026-10-01T14:08:02+00:00
CVE-2026-81389,updated,2026-09-30,cve_2026_to_now,2026-10-01T14:08:02+00:00
CVE-2026-81390,updated,2026-09-30,cve_2026_to_now,2026-10-01T14:08:02+00:00
CVE-2026-81391,updated,2026-09-30,cve_2026_to_now,2026-10-01T14:08:02+00:00
CVE-2026-81392,updated,2026-09-30,cve_2026_to_now,2026-10-01T14:08:02+00:00
CVE-2026-81393,updated,2026-09-30,cve_2026_to_now,2026-10-01T14:08:02+00:00
CVE-2026-81394,updated,2026-09-30,cve_2026_to_now,2026-10-01T14:08:02+00:00
CVE-2026-81395,updated,2026-09-30,cve_2026_to_now,2026-10-01T14:08:02+00:00
CVE-2026-81396,updated,2026-09-30,cve_2026_to_now,2026-10-01T14:08:02+00:00
CVE-2026-81397,updated,2026-09-30,cve_2026_to_now,2026-10-01T14:08:02+00:00
CVE-2026-81398,updated,2026-09-30,cve_2026_to_now,2026-10-01T14:08:02+00:00
CVE-2026-81399,updated,2026-09-30,cve_2026_to_now,2026-10-01T14:08:02+00:00
CVE-2026-81400,updated,2026-09-30,cve_2026_to_now,2026-10-01T14:08:02+00:00
CVE-2026-81401,updated,2026-09-30,cve_2026_to_now,2026-10-01T14:08:02+00:00
CVE-2026-81433,updated,2026-10-01,cve_2026_to_now,2026-10-01T14:08:02+00:00
CVE-2026-81739,added,,cve_2026_to_now,2026-10-01T14:08:02+00:00
CVE-2026-81809,added,,cve_2026_to_now,2026-10-01T14:08:02+00:00
CVE-2026-81842,updated,2026-09-30,cve_2026_to_now,2026-10-01T14:08:02+00:00
CVE-2026-81867,updated,2026-09-30,cve_2026_to_now,2026-10-01T14:08:02+00:00
CVE-2026-81947,updated,2026-09-30,cve_2026_to_now,2026-10-01T14:08:02+00:00
CVE-2026-81948,updated,2026-09-30,cve_2026_to_now,2026-10-01T14:08:02+00:00
CVE-2026-81949,updated,2026-09-30,cve_2026_to_now,2026-10-01T14:08:02+00:00
CVE-2026-81950,updated,2026-09-30,cve_2026_to_now,2026-10-01T14:08:02+00:00
CVE-2026-81951,updated,2026-09-30,cve_2026_to_now,2026-10-01T14:08:02+00:00
CVE-2026-81952,updated,2026-09-30,cve_2026_to_now,2026-10-01T14:08:02+00:00
CVE-2026-81953,updated,2026-09-30,cve_2026_to_now,2026-10-01T14:08:02+00:00
CVE-2026-81954,updated,2026-09-30,cve_2026_to_now,2026-10-01T14:08:02+00:00
CVE-2026-81955,updated,2026-09-30,cve_2026_to_now,2026-10-01T14:08:02+00:00
CVE-2026-81956,updated,2026-09-30,cve_2026_to_now,2026-10-01T14:08:02+00:00
CVE-2026-81957,updated,2026-09-30,cve_2026_to_now,2026-10-01T14:08:02+00:00
CVE-2026-81958,updated,2026-09-30,cve_2026_to_now,2026-10-01T14:08:02+00:00
CVE-2026-81959,updated,2026-09-30,cve_2026_to_now,2026-10-01T14:08:02+00:00
CVE-2026-81960,updated,2026-09-30,cve_2026_to_now,2026-10-01T14:08:02+00:00
CVE-2026-81963,updated,2026-09-30,cve_2026_to_now,2026-10-01T14:08:02+00:00
CVE-2026-82049,updated,2026-09-30,cve_2026_to_now,2026-10-01T14:08:02+00:00
CVE-2026-82127,updated,,cve_2026_to_now,2026-10-01T14:08:02+00:00
CVE-2026-82236,updated,2026-09-30,cve_2026_to_now,2026-10-01T14:08:02+00:00
CVE-2026-82238,updated,2026-09-30,cve_2026_to_now,2026-10-01T14:08:02+00:00
CVE-2026-82255,updated,2026-09-30,cve_2026_to_now,2026-10-01T14:08:02+00:00
CVE-2026-82300,updated,2026-10-01,cve_2026_to_now,2026-10-01T14:08:02+00:00
CVE-2026-82307,added,,cve_2026_to_now,2026-10-01T14:08:02+00:00
CVE-2026-82538,updated,2026-09-30,cve_2026_to_now,2026-10-01T14:08:02+00:00
CVE-2026-82806,added,,cve_2026_to_now,2026-10-01T14:08:02+00:00
CVE-2026-82824,added,,cve_2026_to_now,2026-10-01T14:08:02+00:00
CVE-2026-82825,added,,cve_2026_to_now,2026-10-01T14:08:02+00:00
CVE-2026-82826,added,,cve_2026_to_now,2026-10-01T14:08:02+00:00
CVE-2026-82827,added,,cve_2026_to_now,2026-10-01T14:08:02+00:00
CVE-2026-82828,added,,cve_2026_to_now,2026-10-01T14:08:02+00:00
CVE-2026-82829,added,,cve_2026_to_now,2026-10-01T14:08:02+00:00
CVE-2026-82877,updated,2026-09-30,cve_2026_to_now,2026-10-01T14:08:02+00:00
CVE-2026-83115,updated,2026-09-30,cve_2026_to_now,2026-10-01T14:08:02+00:00
CVE-2026-83498,updated,2026-09-30,cve_2026_to_now,2026-10-01T14:08:02+00:00
CVE-2026-83501,updated,2026-09-30,cve_2026_to_now,2026-10-01T14:08:02+00:00
CVE-2026-83560,updated,,cve_2026_to_now,2026-10-01T14:08:02+00:00
CVE-2026-83589,added,,cve_2026_to_now,2026-10-01T14:08:02+00:00
CVE-2026-83596,updated,2026-09-30,cve_2026_to_now,2026-10-01T14:08:02+00:00
CVE-2026-83711,updated,2026-09-30,cve_2026_to_now,2026-10-01T14:08:02+00:00
CVE-2026-83939,updated,2026-09-30,cve_2026_to_now,2026-10-01T14:08:02+00:00
CVE-2026-83940,updated,2026-09-30,cve_2026_to_now,2026-10-01T14:08:02+00:00
CVE-2026-83941,updated,2026-09-30,cve_2026_to_now,2026-10-01T14:08:02+00:00
CVE-2026-83942,updated,2026-09-30,cve_2026_to_now,2026-10-01T14:08:02+00:00
CVE-2026-83944,updated,2026-09-30,cve_2026_to_now,2026-10-01T14:08:02+00:00
CVE-2026-83946,updated,2026-09-30,cve_2026_to_now,2026-10-01T14:08:02+00:00
CVE-2026-83948,updated,2026-09-30,cve_2026_to_now,2026-10-01T14:08:02+00:00
CVE-2026-83949,updated,2026-09-30,cve_2026_to_now,2026-10-01T14:08:02+00:00
CVE-2026-83951,updated,2026-09-30,cve_2026_to_now,2026-10-01T14:08:02+00:00
CVE-2026-83952,updated,2026-09-30,cve_2026_to_now,2026-10-01T14:08:02+00:00
CVE-2026-83954,updated,2026-09-30,cve_2026_to_now,2026-10-01T14:08:02+00:00
CVE-2026-83955,updated,2026-09-30,cve_2026_to_now,2026-10-01T14:08:02+00:00
CVE-2026-83967,updated,2026-09-30,cve_2026_to_now,2026-10-01T14:08:02+00:00
CVE-2026-83968,updated,2026-09-30,cve_2026_to_now,2026-10-01T14:08:02+00:00
CVE-2026-83969,updated,2026-09-30,cve_2026_to_now,2026-10-01T14:08:02+00:00
CVE-2026-83970,updated,2026-09-30,cve_2026_to_now,2026-10-01T14:08:02+00:00
CVE-2026-83971,updated,2026-09-30,cve_2026_to_now,2026-10-01T14:08:02+00:00
CVE-2026-83972,updated,2026-09-30,cve_2026_to_now,2026-10-01T14:08:02+00:00
CVE-2026-83973,updated,2026-09-30,cve_2026_to_now,2026-10-01T14:08:02+00:00
CVE-2026-83974,updated,2026-09-30,cve_2026_to_now,2026-10-01T14:08:02+00:00
CVE-2026-83975,updated,2026-09-30,cve_2026_to_now,2026-10-01T14:08:02+00:00
CVE-2026-83976,updated,2026-09-30,cve_2026_to_now,2026-10-01T14:08:02+00:00
CVE-2026-83977,updated,2026-09-30,cve_2026_to_now,2026-10-01T14:08:02+00:00
CVE-2026-83978,updated,2026-09-30,cve_2026_to_now,2026-10-01T14:08:02+00:00
CVE-2026-83979,updated,2026-09-30,cve_2026_to_now,2026-10-01T14:08:02+00:00
CVE-2026-83980,updated,2026-09-30,cve_2026_to_now,2026-10-01T14:08:02+00:00
CVE-2026-83981,updated,2026-09-30,cve_2026_to_now,2026-10-01T14:08:02+00:00
CVE-2026-83982,updated,2026-09-30,cve_2026_to_now,2026-10-01T14:08:02+00:00
CVE-2026-83983,updated,2026-09-30,cve_2026_to_now,2026-10-01T14:08:02+00:00
CVE-2026-83985,updated,2026-09-30,cve_2026_to_now,2026-10-01T14:08:02+00:00
CVE-2026-83986,updated,2026-09-30,cve_2026_to_now,2026-10-01T14:08:02+00:00
CVE-2026-83987,updated,2026-09-30,cve_2026_to_now,2026-10-01T14:08:02+00:00
CVE-2026-83988,updated,2026-09-30,cve_2026_to_now,2026-10-01T14:08:02+00:00
CVE-2026-83989,updated,2026-09-30,cve_2026_to_now,2026-10-01T14:08:02+00:00
CVE-2026-83990,updated,2026-09-30,cve_2026_to_now,2026-10-01T14:08:02+00:00
CVE-2026-83991,updated,2026-09-30,cve_2026_to_now,2026-10-01T14:08:02+00:00
CVE-2026-83992,updated,2026-09-30,cve_2026_to_now,2026-10-01T14:08:02+00:00
CVE-2026-83995,updated,2026-09-30,cve_2026_to_now,2026-10-01T14:08:02+00:00
CVE-2026-83996,updated,2026-09-30,cve_2026_to_now,2026-10-01T14:08:02+00:00
CVE-2026-83997,updated,2026-09-30,cve_2026_to_now,2026-10-01T14:08:02+00:00
CVE-2026-83998,updated,2026-09-30,cve_2026_to_now,2026-10-01T14:08:02+00:00
CVE-2026-83999,updated,2026-09-30,cve_2026_to_now,2026-10-01T14:08:02+00:00
CVE-2026-84000,updated,2026-09-30,cve_2026_to_now,2026-10-01T14:08:02+00:00
CVE-2026-84001,updated,2026-09-30,cve_2026_to_now,2026-10-01T14:08:02+00:00
CVE-2026-84003,updated,2026-09-30,cve_2026_to_now,2026-10-01T14:08:02+00:00
CVE-2026-84062,updated,2026-10-01,cve_2026_to_now,2026-10-01T14:08:02+00:00
CVE-2026-84063,updated,2026-10-01,cve_2026_to_now,2026-10-01T14:08:02+00:00
CVE-2026-84268,updated,2026-09-30,cve_2026_to_now,2026-10-01T14:08:02+00:00
CVE-2026-84409,updated,2026-09-30,cve_2026_to_now,2026-10-01T14:08:02+00:00
CVE-2026-84894,updated,2026-09-30,cve_2026_to_now,2026-10-01T14:08:02+00:00
CVE-2026-85001,updated,,cve_2026_to_now,2026-10-01T14:08:02+00:00
CVE-2026-85235,added,,cve_2026_to_now,2026-10-01T14:08:02+00:00
CVE-2026-85360,updated,2026-09-30,cve_2026_to_now,2026-10-01T14:08:02+00:00
CVE-2026-85415,updated,,cve_2026_to_now,2026-10-01T14:08:02+00:00
CVE-2026-85532,updated,,cve_2026_to_now,2026-10-01T14:08:02+00:00
CVE-2026-85573,updated,,cve_2026_to_now,2026-10-01T14:08:02+00:00
CVE-2026-85576,updated,,cve_2026_to_now,2026-10-01T14:08:02+00:00
CVE-2026-85644,updated,2026-09-30,cve_2026_to_now,2026-10-01T14:08:02+00:00
CVE-2026-85679,added,,cve_2026_to_now,2026-10-01T14:08:02+00:00
CVE-2026-85875,updated,2026-09-30,cve_2026_to_now,2026-10-01T14:08:02+00:00
CVE-2026-85877,updated,2026-09-30,cve_2026_to_now,2026-10-01T14:08:02+00:00
CVE-2026-85878,updated,2026-09-30,cve_2026_to_now,2026-10-01T14:08:02+00:00
CVE-2026-85880,updated,2026-09-30,cve_2026_to_now,2026-10-01T14:08:02+00:00
CVE-2026-85885,updated,2026-09-30,cve_2026_to_now,2026-10-01T14:08:02+00:00
CVE-2026-85887,updated,2026-09-30,cve_2026_to_now,2026-10-01T14:08:02+00:00
CVE-2026-85889,updated,2026-09-30,cve_2026_to_now,2026-10-01T14:08:02+00:00
CVE-2026-85892,updated,2026-09-30,cve_2026_to_now,2026-10-01T14:08:02+00:00
CVE-2026-85893,updated,2026-09-30,cve_2026_to_now,2026-10-01T14:08:02+00:00
CVE-2026-85917,updated,2026-09-30,cve_2026_to_now,2026-10-01T14:08:02+00:00
CVE-2026-85921,updated,2026-09-30,cve_2026_to_now,2026-10-01T14:08:02+00:00
CVE-2026-86101,updated,2026-09-30,cve_2026_to_now,2026-10-01T14:08:02+00:00
CVE-2026-86104,updated,2026-09-30,cve_2026_to_now,2026-10-01T14:08:02+00:00
CVE-2026-86105,updated,2026-09-30,cve_2026_to_now,2026-10-01T14:08:02+00:00
CVE-2026-86128,updated,2026-09-30,cve_2026_to_now,2026-10-01T14:08:02+00:00
CVE-2026-86131,updated,2026-10-01,cve_2026_to_now,2026-10-01T14:08:02+00:00
CVE-2026-86132,updated,2026-09-30,cve_2026_to_now,2026-10-01T14:08:02+00:00
CVE-2026-86133,updated,2026-09-30,cve_2026_to_now,2026-10-01T14:08:02+00:00
CVE-2026-86134,updated,,cve_2026_to_now,2026-10-01T14:08:02+00:00
CVE-2026-86136,updated,2026-09-30,cve_2026_to_now,2026-10-01T14:08:02+00:00
CVE-2026-86157,updated,2026-09-30,cve_2026_to_now,2026-10-01T14:08:02+00:00
CVE-2026-86158,updated,2026-09-30,cve_2026_to_now,2026-10-01T14:08:02+00:00
CVE-2026-86330,updated,2026-09-30,cve_2026_to_now,2026-10-01T14:08:02+00:00
CVE-2026-86450,updated,2026-09-30,cve_2026_to_now,2026-10-01T14:08:02+00:00
CVE-2026-86556,updated,,cve_2026_to_now,2026-10-01T14:08:02+00:00
CVE-2026-86610,added,,cve_2026_to_now,2026-10-01T14:08:02+00:00
CVE-2026-86778,updated,,cve_2026_to_now,2026-10-01T14:08:02+00:00
CVE-2026-86789,updated,,cve_2026_to_now,2026-10-01T14:08:02+00:00
CVE-2026-87004,added,,cve_2026_to_now,2026-10-01T14:08:02+00:00
CVE-2026-87701,updated,2026-09-30,cve_2026_to_now,2026-10-01T14:08:02+00:00
CVE-2026-87777,updated,,cve_2026_to_now,2026-10-01T14:08:02+00:00
CVE-2026-87830,updated,,cve_2026_to_now,2026-10-01T14:08:02+00:00
CVE-2026-87910,updated,2026-10-01,cve_2026_to_now,2026-10-01T14:08:02+00:00
CVE-2026-87970,added,,cve_2026_to_now,2026-10-01T14:08:02+00:00
CVE-2026-87973,added,,cve_2026_to_now,2026-10-01T14:08:02+00:00
CVE-2026-88037,updated,,cve_2026_to_now,2026-10-01T14:08:02+00:00
CVE-2026-88097,updated,2026-09-30,cve_2026_to_now,2026-10-01T14:08:02+00:00
CVE-2026-88789,added,,cve_2026_to_now,2026-10-01T14:08:02+00:00
CVE-2026-88791,updated,,cve_2026_to_now,2026-10-01T14:08:02+00:00
CVE-2026-88797,updated,,cve_2026_to_now,2026-10-01T14:08:02+00:00
CVE-2026-88815,updated,2026-09-30,cve_2026_to_now,2026-10-01T14:08:02+00:00
CVE-2026-88816,updated,2026-09-30,cve_2026_to_now,2026-10-01T14:08:02+00:00
CVE-2026-88860,updated,2026-09-30,cve_2026_to_now,2026-10-01T14:08:02+00:00
CVE-2026-88861,updated,2026-09-30,cve_2026_to_now,2026-10-01T14:08:02+00:00
CVE-2026-88862,updated,2026-09-30,cve_2026_to_now,2026-10-01T14:08:02+00:00
CVE-2026-88864,updated,2026-09-30,cve_2026_to_now,2026-10-01T14:08:02+00:00
CVE-2026-88920,updated,,cve_2026_to_now,2026-10-01T14:08:02+00:00
CVE-2026-88924,updated,2026-10-01,cve_2026_to_now,2026-10-01T14:08:02+00:00
CVE-2026-88999,added,,cve_2026_to_now,2026-10-01T14:08:02+00:00
CVE-2026-89032,updated,2026-10-01,cve_2026_to_now,2026-10-01T14:08:02+00:00
CVE-2026-89047,added,,cve_2026_to_now,2026-10-01T14:08:02+00:00
CVE-2026-89190,updated,,cve_2026_to_now,2026-10-01T14:08:02+00:00
CVE-2026-89193,updated,,cve_2026_to_now,2026-10-01T14:08:02+00:00
CVE-2026-89238,updated,,cve_2026_to_now,2026-10-01T14:08:02+00:00
CVE-2026-89294,updated,,cve_2026_to_now,2026-10-01T14:08:02+00:00
CVE-2026-89296,added,,cve_2026_to_now,2026-10-01T14:08:02+00:00
CVE-2026-89424,added,,cve_2026_to_now,2026-10-01T14:08:02+00:00
CVE-2026-89427,added,,cve_2026_to_now,2026-10-01T14:08:02+00:00
CVE-2026-90441,updated,2026-09-30,cve_2026_to_now,2026-10-01T14:08:02+00:00
CVE-2026-90783,updated,2026-09-14,cve_2026_to_now,2026-10-01T14:08:02+00:00
CVE-2026-90906,updated,2026-09-30,cve_2026_to_now,2026-10-01T14:08:02+00:00
CVE-2026-90907,updated,2026-09-30,cve_2026_to_now,2026-10-01T14:08:02+00:00
CVE-2026-90913,updated,2026-09-30,cve_2026_to_now,2026-10-01T14:08:02+00:00
CVE-2026-90914,updated,2026-09-30,cve_2026_to_now,2026-10-01T14:08:02+00:00
CVE-2026-90915,updated,2026-09-30,cve_2026_to_now,2026-10-01T14:08:02+00:00
CVE-2026-90916,updated,2026-10-01,cve_2026_to_now,2026-10-01T14:08:02+00:00
CVE-2026-90917,updated,2026-09-30,cve_2026_to_now,2026-10-01T14:08:02+00:00
CVE-2026-90918,updated,2026-09-30,cve_2026_to_now,2026-10-01T14:08:02+00:00
CVE-2026-90949,updated,2026-10-01,cve_2026_to_now,2026-10-01T14:08:02+00:00
CVE-2026-90953,updated,,cve_2026_to_now,2026-10-01T14:08:02+00:00
CVE-2026-90972,added,,cve_2026_to_now,2026-10-01T14:08:02+00:00
CVE-2026-90974,added,,cve_2026_to_now,2026-10-01T14:08:02+00:00
CVE-2026-90979,updated,2026-09-30,cve_2026_to_now,2026-10-01T14:08:02+00:00
CVE-2026-90992,added,,cve_2026_to_now,2026-10-01T14:08:02+00:00
CVE-2026-91051,updated,,cve_2026_to_now,2026-10-01T14:08:02+00:00
CVE-2026-91072,updated,,cve_2026_to_now,2026-10-01T14:08:02+00:00
CVE-2026-91095,updated,2026-09-30,cve_2026_to_now,2026-10-01T14:08:02+00:00
CVE-2026-91096,updated,2026-09-30,cve_2026_to_now,2026-10-01T14:08:02+00:00
CVE-2026-91109,added,,cve_2026_to_now,2026-10-01T14:08:02+00:00
CVE-2026-91149,updated,2026-09-30,cve_2026_to_now,2026-10-01T14:08:02+00:00
CVE-2026-91191,updated,2026-09-30,cve_2026_to_now,2026-10-01T14:08:02+00:00
CVE-2026-91832,updated,,cve_2026_to_now,2026-10-01T14:08:02+00:00
CVE-2026-91860,added,,cve_2026_to_now,2026-10-01T14:08:02+00:00
CVE-2026-92035,updated,2026-09-30,cve_2026_to_now,2026-10-01T14:08:02+00:00
CVE-2026-92103,updated,2026-09-30,cve_2026_to_now,2026-10-01T14:08:02+00:00
CVE-2026-92121,updated,,cve_2026_to_now,2026-10-01T14:08:02+00:00
CVE-2026-92144,added,,cve_2026_to_now,2026-10-01T14:08:02+00:00
CVE-2026-92172,added,,cve_2026_to_now,2026-10-01T14:08:02+00:00
CVE-2026-92173,added,,cve_2026_to_now,2026-10-01T14:08:02+00:00
CVE-2026-92222,updated,2026-09-30,cve_2026_to_now,2026-10-01T14:08:02+00:00
CVE-2026-92223,updated,2026-09-30,cve_2026_to_now,2026-10-01T14:08:02+00:00
CVE-2026-92224,updated,2026-09-30,cve_2026_to_now,2026-10-01T14:08:02+00:00
CVE-2026-92225,updated,2026-09-30,cve_2026_to_now,2026-10-01T14:08:02+00:00
CVE-2026-92226,updated,2026-09-30,cve_2026_to_now,2026-10-01T14:08:02+00:00
CVE-2026-92227,updated,2026-09-30,cve_2026_to_now,2026-10-01T14:08:02+00:00
CVE-2026-92231,updated,2026-09-30,cve_2026_to_now,2026-10-01T14:08:02+00:00
CVE-2026-92232,updated,2026-09-30,cve_2026_to_now,2026-10-01T14:08:02+00:00
CVE-2026-92244,added,,cve_2026_to_now,2026-10-01T14:08:02+00:00
CVE-2026-92245,added,,cve_2026_to_now,2026-10-01T14:08:02+00:00
CVE-2026-92368,updated,2026-09-30,cve_2026_to_now,2026-10-01T14:08:02+00:00
CVE-2026-92369,updated,2026-09-30,cve_2026_to_now,2026-10-01T14:08:02+00:00
CVE-2026-92370,updated,2026-09-30,cve_2026_to_now,2026-10-01T14:08:02+00:00
CVE-2026-92371,updated,2026-09-30,cve_2026_to_now,2026-10-01T14:08:02+00:00
CVE-2026-92412,added,,cve_2026_to_now,2026-10-01T14:08:02+00:00
CVE-2026-92424,updated,,cve_2026_to_now,2026-10-01T14:08:02+00:00
CVE-2026-92537,added,,cve_2026_to_now,2026-10-01T14:08:02+00:00
CVE-2026-92548,added,,cve_2026_to_now,2026-10-01T14:08:02+00:00
CVE-2026-92574,updated,2026-10-01,cve_2026_to_now,2026-10-01T14:08:02+00:00
CVE-2026-92712,updated,,cve_2026_to_now,2026-10-01T14:08:02+00:00
CVE-2026-92867,updated,,cve_2026_to_now,2026-10-01T14:08:02+00:00
CVE-2026-92868,updated,,cve_2026_to_now,2026-10-01T14:08:02+00:00
CVE-2026-92869,updated,,cve_2026_to_now,2026-10-01T14:08:02+00:00
CVE-2026-92870,updated,,cve_2026_to_now,2026-10-01T14:08:02+00:00
CVE-2026-92871,updated,,cve_2026_to_now,2026-10-01T14:08:02+00:00
CVE-2026-92872,updated,,cve_2026_to_now,2026-10-01T14:08:02+00:00
CVE-2026-92873,updated,,cve_2026_to_now,2026-10-01T14:08:02+00:00
CVE-2026-92916,updated,2026-09-30,cve_2026_to_now,2026-10-01T14:08:02+00:00
CVE-2026-92966,added,,cve_2026_to_now,2026-10-01T14:08:02+00:00
CVE-2026-92994,updated,,cve_2026_to_now,2026-10-01T14:08:02+00:00
CVE-2026-93332,updated,2026-09-30,cve_2026_to_now,2026-10-01T14:08:02+00:00
CVE-2026-93348,updated,2026-09-30,cve_2026_to_now,2026-10-01T14:08:02+00:00
CVE-2026-93353,updated,2026-09-30,cve_2026_to_now,2026-10-01T14:08:02+00:00
CVE-2026-93366,updated,2026-09-30,cve_2026_to_now,2026-10-01T14:08:02+00:00
CVE-2026-93379,updated,2026-09-30,cve_2026_to_now,2026-10-01T14:08:02+00:00
CVE-2026-93460,updated,2026-10-01,cve_2026_to_now,2026-10-01T14:08:02+00:00
CVE-2026-93462,updated,2026-10-01,cve_2026_to_now,2026-10-01T14:08:02+00:00
CVE-2026-93463,updated,,cve_2026_to_now,2026-10-01T14:08:02+00:00
CVE-2026-93464,updated,2026-10-01,cve_2026_to_now,2026-10-01T14:08:02+00:00
CVE-2026-93495,added,,cve_2026_to_now,2026-10-01T14:08:02+00:00
CVE-2026-93512,updated,,cve_2026_to_now,2026-10-01T14:08:02+00:00
CVE-2026-93514,updated,,cve_2026_to_now,2026-10-01T14:08:02+00:00
CVE-2026-93547,added,,cve_2026_to_now,2026-10-01T14:08:02+00:00
CVE-2026-93580,updated,,cve_2026_to_now,2026-10-01T14:08:02+00:00
CVE-2026-93621,updated,,cve_2026_to_now,2026-10-01T14:08:02+00:00
CVE-2026-93624,updated,,cve_2026_to_now,2026-10-01T14:08:02+00:00
CVE-2026-93651,updated,,cve_2026_to_now,2026-10-01T14:08:02+00:00
CVE-2026-93770,updated,,cve_2026_to_now,2026-10-01T14:08:02+00:00
CVE-2026-93771,updated,,cve_2026_to_now,2026-10-01T14:08:02+00:00
CVE-2026-93853,updated,2026-09-30,cve_2026_to_now,2026-10-01T14:08:02+00:00
CVE-2026-93882,added,,cve_2026_to_now,2026-10-01T14:08:02+00:00
CVE-2026-93903,added,,cve_2026_to_now,2026-10-01T14:08:02+00:00
CVE-2026-93908,updated,,cve_2026_to_now,2026-10-01T14:08:02+00:00
CVE-2026-93994,updated,,cve_2026_to_now,2026-10-01T14:08:02+00:00
CVE-2026-93995,updated,,cve_2026_to_now,2026-10-01T14:08:02+00:00
CVE-2026-93996,updated,,cve_2026_to_now,2026-10-01T14:08:02+00:00
CVE-2026-94002,updated,,cve_2026_to_now,2026-10-01T14:08:02+00:00
CVE-2026-94029,updated,,cve_2026_to_now,2026-10-01T14:08:02+00:00
CVE-2026-94052,updated,,cve_2026_to_now,2026-10-01T14:08:02+00:00
CVE-2026-94053,updated,,cve_2026_to_now,2026-10-01T14:08:02+00:00
CVE-2026-94074,updated,,cve_2026_to_now,2026-10-01T14:08:02+00:00
CVE-2026-94076,updated,,cve_2026_to_now,2026-10-01T14:08:02+00:00
CVE-2026-94077,updated,,cve_2026_to_now,2026-10-01T14:08:02+00:00
CVE-2026-94078,updated,,cve_2026_to_now,2026-10-01T14:08:02+00:00
CVE-2026-94081,updated,,cve_2026_to_now,2026-10-01T14:08:02+00:00
CVE-2026-94082,updated,,cve_2026_to_now,2026-10-01T14:08:02+00:00
CVE-2026-94115,updated,,cve_2026_to_now,2026-10-01T14:08:02+00:00
CVE-2026-94120,updated,,cve_2026_to_now,2026-10-01T14:08:02+00:00
CVE-2026-94121,updated,,cve_2026_to_now,2026-10-01T14:08:02+00:00
CVE-2026-94122,updated,,cve_2026_to_now,2026-10-01T14:08:02+00:00
CVE-2026-94123,updated,,cve_2026_to_now,2026-10-01T14:08:02+00:00
CVE-2026-94171,added,,cve_2026_to_now,2026-10-01T14:08:02+00:00
CVE-2026-94173,updated,,cve_2026_to_now,2026-10-01T14:08:02+00:00
CVE-2026-94177,updated,,cve_2026_to_now,2026-10-01T14:08:02+00:00
CVE-2026-94178,updated,,cve_2026_to_now,2026-10-01T14:08:02+00:00
CVE-2026-94194,updated,2026-09-30,cve_2026_to_now,2026-10-01T14:08:02+00:00
CVE-2026-94212,added,,cve_2026_to_now,2026-10-01T14:08:02+00:00
CVE-2026-94214,updated,2026-09-30,cve_2026_to_now,2026-10-01T14:08:02+00:00
CVE-2026-94216,updated,2026-09-30,cve_2026_to_now,2026-10-01T14:08:02+00:00
CVE-2026-94220,added,,cve_2026_to_now,2026-10-01T14:08:02+00:00
CVE-2026-94250,added,,cve_2026_to_now,2026-10-01T14:08:02+00:00
CVE-2026-94269,added,,cve_2026_to_now,2026-10-01T14:08:02+00:00
CVE-2026-94274,updated,,cve_2026_to_now,2026-10-01T14:08:02+00:00
CVE-2026-94276,added,,cve_2026_to_now,2026-10-01T14:08:02+00:00
CVE-2026-94297,updated,,cve_2026_to_now,2026-10-01T14:08:02+00:00
CVE-2026-94389,updated,,cve_2026_to_now,2026-10-01T14:08:02+00:00
CVE-2026-94499,updated,,cve_2026_to_now,2026-10-01T14:08:02+00:00
CVE-2026-94545,added,,cve_2026_to_now,2026-10-01T14:08:02+00:00
CVE-2026-94672,updated,,cve_2026_to_now,2026-10-01T14:08:02+00:00
CVE-2026-94673,updated,,cve_2026_to_now,2026-10-01T14:08:02+00:00
CVE-2026-94674,updated,,cve_2026_to_now,2026-10-01T14:08:02+00:00
CVE-2026-94677,updated,,cve_2026_to_now,2026-10-01T14:08:02+00:00
CVE-2026-94678,updated,,cve_2026_to_now,2026-10-01T14:08:02+00:00
CVE-2026-94681,updated,,cve_2026_to_now,2026-10-01T14:08:02+00:00
CVE-2026-94683,updated,,cve_2026_to_now,2026-10-01T14:08:02+00:00
CVE-2026-94684,removed,,cve_2026_to_now,2026-10-01T14:08:02+00:00
CVE-2026-94952,updated,2026-09-30,cve_2026_to_now,2026-10-01T14:08:02+00:00
CVE-2026-94953,updated,2026-09-30,cve_2026_to_now,2026-10-01T14:08:02+00:00
CVE-2026-94954,updated,2026-09-30,cve_2026_to_now,2026-10-01T14:08:02+00:00
CVE-2026-95104,updated,2026-09-30,cve_2026_to_now,2026-10-01T14:08:02+00:00
CVE-2026-95290,updated,2026-09-30,cve_2026_to_now,2026-10-01T14:08:02+00:00
CVE-2026-95297,updated,2026-09-30,cve_2026_to_now,2026-10-01T14:08:02+00:00
CVE-2026-95300,updated,2026-09-30,cve_2026_to_now,2026-10-01T14:08:02+00:00
CVE-2026-95301,updated,2026-09-30,cve_2026_to_now,2026-10-01T14:08:02+00:00
CVE-2026-95327,updated,2026-10-01,cve_2026_to_now,2026-10-01T14:08:02+00:00
CVE-2026-95330,updated,2026-09-30,cve_2026_to_now,2026-10-01T14:08:02+00:00
CVE-2026-95340,updated,2026-09-30,cve_2026_to_now,2026-10-01T14:08:02+00:00
CVE-2026-95342,updated,2026-09-30,cve_2026_to_now,2026-10-01T14:08:02+00:00
CVE-2026-95344,updated,2026-09-30,cve_2026_to_now,2026-10-01T14:08:02+00:00
CVE-2026-95358,updated,2026-09-30,cve_2026_to_now,2026-10-01T14:08:02+00:00
CVE-2026-95361,updated,2026-09-30,cve_2026_to_now,2026-10-01T14:08:02+00:00
CVE-2026-95362,updated,2026-09-30,cve_2026_to_now,2026-10-01T14:08:02+00:00
CVE-2026-95366,updated,2026-09-30,cve_2026_to_now,2026-10-01T14:08:02+00:00
CVE-2026-95370,updated,2026-09-30,cve_2026_to_now,2026-10-01T14:08:02+00:00
CVE-2026-95375,updated,2026-09-30,cve_2026_to_now,2026-10-01T14:08:02+00:00
CVE-2026-95376,updated,2026-09-30,cve_2026_to_now,2026-10-01T14:08:02+00:00
CVE-2026-95531,updated,,cve_2026_to_now,2026-10-01T14:08:02+00:00
CVE-2026-95587,updated,,cve_2026_to_now,2026-10-01T14:08:02+00:00
CVE-2026-95616,updated,,cve_2026_to_now,2026-10-01T14:08:02+00:00
CVE-2026-95687,added,,cve_2026_to_now,2026-10-01T14:08:02+00:00
CVE-2026-96173,added,,cve_2026_to_now,2026-10-01T14:08:02+00:00
CVE-2026-96200,added,,cve_2026_to_now,2026-10-01T14:08:02+00:00
CVE-2026-96255,added,,cve_2026_to_now,2026-10-01T14:08:02+00:00
CVE-2026-96256,added,,cve_2026_to_now,2026-10-01T14:08:02+00:00
CVE-2026-96268,added,,cve_2026_to_now,2026-10-01T14:08:02+00:00
CVE-2026-96281,updated,2026-09-30,cve_2026_to_now,2026-10-01T14:08:02+00:00
CVE-2026-96326,updated,2026-09-30,cve_2026_to_now,2026-10-01T14:08:02+00:00
CVE-2026-96338,updated,,cve_2026_to_now,2026-10-01T14:08:02+00:00
CVE-2026-96342,updated,,cve_2026_to_now,2026-10-01T14:08:02+00:00
CVE-2026-96343,updated,,cve_2026_to_now,2026-10-01T14:08:02+00:00
CVE-2026-96344,updated,,cve_2026_to_now,2026-10-01T14:08:02+00:00
CVE-2026-96345,updated,,cve_2026_to_now,2026-10-01T14:08:02+00:00
CVE-2026-96346,updated,,cve_2026_to_now,2026-10-01T14:08:02+00:00
CVE-2026-96347,updated,,cve_2026_to_now,2026-10-01T14:08:02+00:00
CVE-2026-96348,updated,,cve_2026_to_now,2026-10-01T14:08:02+00:00
CVE-2026-96349,updated,,cve_2026_to_now,2026-10-01T14:08:02+00:00
CVE-2026-96350,updated,,cve_2026_to_now,2026-10-01T14:08:02+00:00
CVE-2026-96351,updated,,cve_2026_to_now,2026-10-01T14:08:02+00:00
CVE-2026-96352,updated,,cve_2026_to_now,2026-10-01T14:08:02+00:00
CVE-2026-96440,updated,2026-09-30,cve_2026_to_now,2026-10-01T14:08:02+00:00
CVE-2026-96450,updated,,cve_2026_to_now,2026-10-01T14:08:02+00:00
CVE-2026-96561,added,,cve_2026_to_now,2026-10-01T14:08:02+00:00
CVE-2026-96573,added,,cve_2026_to_now,2026-10-01T14:08:02+00:00
CVE-2026-96577,added,,cve_2026_to_now,2026-10-01T14:08:02+00:00
CVE-2026-96649,updated,,cve_2026_to_now,2026-10-01T14:08:02+00:00
CVE-2026-96740,updated,2026-09-30,cve_2026_to_now,2026-10-01T14:08:02+00:00
CVE-2026-96760,updated,2026-10-01,cve_2026_to_now,2026-10-01T14:08:02+00:00
CVE-2026-96813,added,,cve_2026_to_now,2026-10-01T14:08:02+00:00
CVE-2026-96814,updated,,cve_2026_to_now,2026-10-01T14:08:02+00:00
CVE-2026-96815,updated,,cve_2026_to_now,2026-10-01T14:08:02+00:00
CVE-2026-96816,updated,,cve_2026_to_now,2026-10-01T14:08:02+00:00
CVE-2026-96817,updated,,cve_2026_to_now,2026-10-01T14:08:02+00:00
CVE-2026-96818,updated,,cve_2026_to_now,2026-10-01T14:08:02+00:00
CVE-2026-96819,updated,,cve_2026_to_now,2026-10-01T14:08:02+00:00
CVE-2026-96820,updated,,cve_2026_to_now,2026-10-01T14:08:02+00:00
CVE-2026-96821,updated,,cve_2026_to_now,2026-10-01T14:08:02+00:00
CVE-2026-96822,updated,,cve_2026_to_now,2026-10-01T14:08:02+00:00
CVE-2026-96823,updated,,cve_2026_to_now,2026-10-01T14:08:02+00:00
CVE-2026-96824,updated,,cve_2026_to_now,2026-10-01T14:08:02+00:00
CVE-2026-96825,updated,,cve_2026_to_now,2026-10-01T14:08:02+00:00
CVE-2026-96827,updated,,cve_2026_to_now,2026-10-01T14:08:02+00:00
CVE-2026-96828,updated,,cve_2026_to_now,2026-10-01T14:08:02+00:00
CVE-2026-96829,updated,,cve_2026_to_now,2026-10-01T14:08:02+00:00
CVE-2026-96830,updated,,cve_2026_to_now,2026-10-01T14:08:02+00:00
CVE-2026-96831,updated,,cve_2026_to_now,2026-10-01T14:08:02+00:00
CVE-2026-96832,updated,,cve_2026_to_now,2026-10-01T14:08:02+00:00
CVE-2026-96833,updated,,cve_2026_to_now,2026-10-01T14:08:02+00:00
CVE-2026-96834,updated,,cve_2026_to_now,2026-10-01T14:08:02+00:00
CVE-2026-96835,updated,,cve_2026_to_now,2026-10-01T14:08:02+00:00
CVE-2026-96836,updated,,cve_2026_to_now,2026-10-01T14:08:02+00:00
CVE-2026-96837,updated,,cve_2026_to_now,2026-10-01T14:08:02+00:00
CVE-2026-96838,updated,,cve_2026_to_now,2026-10-01T14:08:02+00:00
CVE-2026-96869,updated,2026-09-30,cve_2026_to_now,2026-10-01T14:08:02+00:00
CVE-2026-96886,updated,,cve_2026_to_now,2026-10-01T14:08:02+00:00
CVE-2026-97026,updated,2026-09-30,cve_2026_to_now,2026-10-01T14:08:02+00:00
CVE-2026-97059,updated,2026-09-30,cve_2026_to_now,2026-10-01T14:08:02+00:00
CVE-2026-97064,updated,2026-09-30,cve_2026_to_now,2026-10-01T14:08:02+00:00
CVE-2026-97065,updated,,cve_2026_to_now,2026-10-01T14:08:02+00:00
CVE-2026-97066,updated,,cve_2026_to_now,2026-10-01T14:08:02+00:00
CVE-2026-97067,updated,,cve_2026_to_now,2026-10-01T14:08:02+00:00
CVE-2026-97074,updated,,cve_2026_to_now,2026-10-01T14:08:02+00:00
CVE-2026-97077,updated,,cve_2026_to_now,2026-10-01T14:08:02+00:00
CVE-2026-97078,updated,,cve_2026_to_now,2026-10-01T14:08:02+00:00
CVE-2026-97079,updated,,cve_2026_to_now,2026-10-01T14:08:02+00:00
CVE-2026-97150,updated,,cve_2026_to_now,2026-10-01T14:08:02+00:00
CVE-2026-97165,updated,2026-09-30,cve_2026_to_now,2026-10-01T14:08:02+00:00
CVE-2026-97196,updated,,cve_2026_to_now,2026-10-01T14:08:02+00:00
CVE-2026-97197,updated,,cve_2026_to_now,2026-10-01T14:08:02+00:00
CVE-2026-97235,updated,,cve_2026_to_now,2026-10-01T14:08:02+00:00
CVE-2026-97236,updated,,cve_2026_to_now,2026-10-01T14:08:02+00:00
CVE-2026-97237,updated,,cve_2026_to_now,2026-10-01T14:08:02+00:00
CVE-2026-97238,updated,,cve_2026_to_now,2026-10-01T14:08:02+00:00
CVE-2026-97239,updated,,cve_2026_to_now,2026-10-01T14:08:02+00:00
CVE-2026-97240,updated,,cve_2026_to_now,2026-10-01T14:08:02+00:00
CVE-2026-97241,updated,,cve_2026_to_now,2026-10-01T14:08:02+00:00
CVE-2026-97242,updated,,cve_2026_to_now,2026-10-01T14:08:02+00:00
CVE-2026-97243,updated,,cve_2026_to_now,2026-10-01T14:08:02+00:00
CVE-2026-97244,updated,,cve_2026_to_now,2026-10-01T14:08:02+00:00
CVE-2026-97245,updated,,cve_2026_to_now,2026-10-01T14:08:02+00:00
CVE-2026-97246,updated,,cve_2026_to_now,2026-10-01T14:08:02+00:00
CVE-2026-97247,updated,,cve_2026_to_now,2026-10-01T14:08:02+00:00
CVE-2026-97248,updated,,cve_2026_to_now,2026-10-01T14:08:02+00:00
CVE-2026-97249,updated,,cve_2026_to_now,2026-10-01T14:08:02+00:00
CVE-2026-97250,updated,,cve_2026_to_now,2026-10-01T14:08:02+00:00
CVE-2026-97253,updated,,cve_2026_to_now,2026-10-01T14:08:02+00:00
CVE-2026-97256,added,,cve_2026_to_now,2026-10-01T14:08:02+00:00
CVE-2026-97259,added,,cve_2026_to_now,2026-10-01T14:08:02+00:00
CVE-2026-97261,updated,,cve_2026_to_now,2026-10-01T14:08:02+00:00
CVE-2026-97262,updated,,cve_2026_to_now,2026-10-01T14:08:02+00:00
CVE-2026-97265,added,,cve_2026_to_now,2026-10-01T14:08:02+00:00
CVE-2026-97266,updated,,cve_2026_to_now,2026-10-01T14:08:02+00:00
CVE-2026-97267,updated,,cve_2026_to_now,2026-10-01T14:08:02+00:00
CVE-2026-97270,updated,,cve_2026_to_now,2026-10-01T14:08:02+00:00
CVE-2026-97271,updated,,cve_2026_to_now,2026-10-01T14:08:02+00:00
CVE-2026-97272,updated,,cve_2026_to_now,2026-10-01T14:08:02+00:00
CVE-2026-97274,updated,,cve_2026_to_now,2026-10-01T14:08:02+00:00
CVE-2026-97279,updated,,cve_2026_to_now,2026-10-01T14:08:02+00:00
CVE-2026-97282,updated,,cve_2026_to_now,2026-10-01T14:08:02+00:00
CVE-2026-97285,updated,,cve_2026_to_now,2026-10-01T14:08:02+00:00
CVE-2026-97286,updated,,cve_2026_to_now,2026-10-01T14:08:02+00:00
CVE-2026-97287,updated,,cve_2026_to_now,2026-10-01T14:08:02+00:00
CVE-2026-97288,updated,,cve_2026_to_now,2026-10-01T14:08:02+00:00
CVE-2026-97289,updated,,cve_2026_to_now,2026-10-01T14:08:02+00:00
CVE-2026-97290,added,,cve_2026_to_now,2026-10-01T14:08:02+00:00
CVE-2026-97291,added,,cve_2026_to_now,2026-10-01T14:08:02+00:00
CVE-2026-97292,updated,,cve_2026_to_now,2026-10-01T14:08:02+00:00
CVE-2026-97293,updated,,cve_2026_to_now,2026-10-01T14:08:02+00:00
CVE-2026-97298,updated,,cve_2026_to_now,2026-10-01T14:08:02+00:00
CVE-2026-97299,updated,,cve_2026_to_now,2026-10-01T14:08:02+00:00
CVE-2026-97301,updated,,cve_2026_to_now,2026-10-01T14:08:02+00:00
CVE-2026-97302,updated,,cve_2026_to_now,2026-10-01T14:08:02+00:00
CVE-2026-97316,updated,,cve_2026_to_now,2026-10-01T14:08:02+00:00
CVE-2026-97347,updated,,cve_2026_to_now,2026-10-01T14:08:02+00:00
CVE-2026-97661,added,,cve_2026_to_now,2026-10-01T14:08:02+00:00
CVE-2026-97685,updated,2026-09-30,cve_2026_to_now,2026-10-01T14:08:02+00:00
CVE-2026-97687,updated,2026-09-30,cve_2026_to_now,2026-10-01T14:08:02+00:00
CVE-2026-100143,updated,,cve_2026_to_now,2026-10-01T14:08:02+00:00
CVE-2026-100179,added,,cve_2026_to_now,2026-10-01T14:08:02+00:00
CVE-2026-100184,added,,cve_2026_to_now,2026-10-01T14:08:02+00:00
CVE-2026-100238,updated,2026-09-30,cve_2026_to_now,2026-10-01T14:08:02+00:00
CVE-2026-100241,updated,2026-09-30,cve_2026_to_now,2026-10-01T14:08:02+00:00
CVE-2026-100243,updated,2026-09-30,cve_2026_to_now,2026-10-01T14:08:02+00:00
CVE-2026-100244,updated,2026-09-30,cve_2026_to_now,2026-10-01T14:08:02+00:00
CVE-2026-100245,updated,2026-09-30,cve_2026_to_now,2026-10-01T14:08:02+00:00
CVE-2026-100253,added,2026-10-01,cve_2026_to_now,2026-10-01T14:08:02+00:00
CVE-2026-100254,added,2026-10-01,cve_2026_to_now,2026-10-01T14:08:02+00:00
CVE-2026-100255,added,2026-10-01,cve_2026_to_now,2026-10-01T14:08:02+00:00
CVE-2026-100256,added,2026-10-01,cve_2026_to_now,2026-10-01T14:08:02+00:00
CVE-2026-100257,added,,cve_2026_to_now,2026-10-01T14:08:02+00:00
CVE-2026-100258,added,,cve_2026_to_now,2026-10-01T14:08:02+00:00
CVE-2026-100259,added,,cve_2026_to_now,2026-10-01T14:08:02+00:00
CVE-2026-100260,added,,cve_2026_to_now,2026-10-01T14:08:02+00:00
CVE-2026-100261,added,,cve_2026_to_now,2026-10-01T14:08:02+00:00
CVE-2026-100262,added,,cve_2026_to_now,2026-10-01T14:08:02+00:00
CVE-2026-100263,added,,cve_2026_to_now,2026-10-01T14:08:02+00:00
CVE-2026-100264,added,,cve_2026_to_now,2026-10-01T14:08:02+00:00
CVE-2026-100265,added,,cve_2026_to_now,2026-10-01T14:08:02+00:00
CVE-2026-100266,added,,cve_2026_to_now,2026-10-01T14:08:02+00:00
CVE-2026-100267,added,,cve_2026_to_now,2026-10-01T14:08:02+00:00
CVE-2026-100268,added,,cve_2026_to_now,2026-10-01T14:08:02+00:00
CVE-2026-100269,added,,cve_2026_to_now,2026-10-01T14:08:02+00:00
CVE-2026-100270,added,,cve_2026_to_now,2026-10-01T14:08:02+00:00
CVE-2026-100271,added,,cve_2026_to_now,2026-10-01T14:08:02+00:00
CVE-2026-100272,added,,cve_2026_to_now,2026-10-01T14:08:02+00:00
CVE-2026-100273,added,2026-10-01,cve_2026_to_now,2026-10-01T14:08:02+00:00
CVE-2026-100274,added,,cve_2026_to_now,2026-10-01T14:08:02+00:00
CVE-2026-100275,added,,cve_2026_to_now,2026-10-01T14:08:02+00:00
CVE-2026-100276,added,,cve_2026_to_now,2026-10-01T14:08:02+00:00
CVE-2026-100277,added,2026-10-01,cve_2026_to_now,2026-10-01T14:08:02+00:00
CVE-2026-100278,added,,cve_2026_to_now,2026-10-01T14:08:02+00:00
CVE-2026-100279,added,,cve_2026_to_now,2026-10-01T14:08:02+00:00
CVE-2026-100280,added,,cve_2026_to_now,2026-10-01T14:08:02+00:00
CVE-2026-100288,updated,2026-09-30,cve_2026_to_now,2026-10-01T14:08:02+00:00
CVE-2026-100306,updated,2026-09-30,cve_2026_to_now,2026-10-01T14:08:02+00:00
CVE-2026-100308,updated,2026-09-30,cve_2026_to_now,2026-10-01T14:08:02+00:00
CVE-2026-100387,updated,2026-09-30,cve_2026_to_now,2026-10-01T14:08:02+00:00
CVE-2026-100507,updated,,cve_2026_to_now,2026-10-01T14:08:02+00:00
CVE-2026-100508,updated,,cve_2026_to_now,2026-10-01T14:08:02+00:00
CVE-2026-100510,added,,cve_2026_to_now,2026-10-01T14:08:02+00:00
CVE-2026-100512,added,,cve_2026_to_now,2026-10-01T14:08:02+00:00
CVE-2026-100513,updated,,cve_2026_to_now,2026-10-01T14:08:02+00:00
CVE-2026-100611,updated,2026-09-30,cve_2026_to_now,2026-10-01T14:08:02+00:00
CVE-2026-100612,updated,2026-09-30,cve_2026_to_now,2026-10-01T14:08:02+00:00
CVE-2026-100613,updated,2026-09-30,cve_2026_to_now,2026-10-01T14:08:02+00:00
CVE-2026-100616,updated,2026-09-30,cve_2026_to_now,2026-10-01T14:08:02+00:00
CVE-2026-100617,updated,2026-09-30,cve_2026_to_now,2026-10-01T14:08:02+00:00
CVE-2026-100618,updated,2026-09-30,cve_2026_to_now,2026-10-01T14:08:02+00:00
CVE-2026-100619,updated,2026-09-30,cve_2026_to_now,2026-10-01T14:08:02+00:00
CVE-2026-100621,updated,2026-09-30,cve_2026_to_now,2026-10-01T14:08:02+00:00
CVE-2026-100623,updated,2026-09-30,cve_2026_to_now,2026-10-01T14:08:02+00:00
CVE-2026-100625,updated,2026-09-30,cve_2026_to_now,2026-10-01T14:08:02+00:00
CVE-2026-100627,updated,2026-09-30,cve_2026_to_now,2026-10-01T14:08:02+00:00
CVE-2026-100642,updated,2026-09-30,cve_2026_to_now,2026-10-01T14:08:02+00:00
CVE-2026-100646,updated,2026-09-30,cve_2026_to_now,2026-10-01T14:08:02+00:00
CVE-2026-100650,updated,2026-10-01,cve_2026_to_now,2026-10-01T14:08:02+00:00
CVE-2026-100653,updated,2026-10-01,cve_2026_to_now,2026-10-01T14:08:02+00:00
CVE-2026-100654,updated,2026-09-30,cve_2026_to_now,2026-10-01T14:08:02+00:00
CVE-2026-100662,updated,2026-09-30,cve_2026_to_now,2026-10-01T14:08:02+00:00
CVE-2026-100666,updated,2026-09-30,cve_2026_to_now,2026-10-01T14:08:02+00:00
CVE-2026-100669,updated,2026-09-30,cve_2026_to_now,2026-10-01T14:08:02+00:00
CVE-2026-100670,updated,2026-09-30,cve_2026_to_now,2026-10-01T14:08:02+00:00
CVE-2026-100673,updated,2026-09-30,cve_2026_to_now,2026-10-01T14:08:02+00:00
CVE-2026-100674,updated,2026-09-30,cve_2026_to_now,2026-10-01T14:08:02+00:00
CVE-2026-100677,updated,2026-09-30,cve_2026_to_now,2026-10-01T14:08:02+00:00
CVE-2026-100678,updated,2026-09-30,cve_2026_to_now,2026-10-01T14:08:02+00:00
CVE-2026-100681,updated,2026-09-30,cve_2026_to_now,2026-10-01T14:08:02+00:00
CVE-2026-100682,updated,2026-09-30,cve_2026_to_now,2026-10-01T14:08:02+00:00
CVE-2026-100685,updated,2026-09-30,cve_2026_to_now,2026-10-01T14:08:02+00:00
CVE-2026-100686,updated,2026-09-30,cve_2026_to_now,2026-10-01T14:08:02+00:00
CVE-2026-100689,updated,2026-09-30,cve_2026_to_now,2026-10-01T14:08:02+00:00
CVE-2026-100690,updated,2026-09-30,cve_2026_to_now,2026-10-01T14:08:02+00:00
CVE-2026-100693,updated,2026-09-30,cve_2026_to_now,2026-10-01T14:08:02+00:00
CVE-2026-100694,updated,2026-09-30,cve_2026_to_now,2026-10-01T14:08:02+00:00
CVE-2026-100697,updated,2026-09-30,cve_2026_to_now,2026-10-01T14:08:02+00:00
CVE-2026-100698,updated,2026-09-30,cve_2026_to_now,2026-10-01T14:08:02+00:00
CVE-2026-100717,updated,2026-09-30,cve_2026_to_now,2026-10-01T14:08:02+00:00
CVE-2026-100724,updated,2026-09-30,cve_2026_to_now,2026-10-01T14:08:02+00:00
CVE-2026-100744,updated,2026-09-30,cve_2026_to_now,2026-10-01T14:08:02+00:00
CVE-2026-100747,updated,2026-09-30,cve_2026_to_now,2026-10-01T14:08:02+00:00
CVE-2026-100749,updated,2026-09-30,cve_2026_to_now,2026-10-01T14:08:02+00:00
CVE-2026-100750,updated,2026-09-30,cve_2026_to_now,2026-10-01T14:08:02+00:00
CVE-2026-100751,updated,2026-09-30,cve_2026_to_now,2026-10-01T14:08:02+00:00
CVE-2026-100752,updated,2026-09-30,cve_2026_to_now,2026-10-01T14:08:02+00:00
CVE-2026-100753,updated,2026-09-30,cve_2026_to_now,2026-10-01T14:08:02+00:00
CVE-2026-100756,updated,2026-09-30,cve_2026_to_now,2026-10-01T14:08:02+00:00
CVE-2026-100757,updated,2026-09-30,cve_2026_to_now,2026-10-01T14:08:02+00:00
CVE-2026-100758,updated,2026-09-30,cve_2026_to_now,2026-10-01T14:08:02+00:00
CVE-2026-100759,updated,2026-09-30,cve_2026_to_now,2026-10-01T14:08:02+00:00
CVE-2026-100760,updated,2026-09-30,cve_2026_to_now,2026-10-01T14:08:02+00:00
CVE-2026-100761,updated,2026-09-30,cve_2026_to_now,2026-10-01T14:08:02+00:00
CVE-2026-100762,updated,2026-09-30,cve_2026_to_now,2026-10-01T14:08:02+00:00
CVE-2026-100763,updated,2026-09-30,cve_2026_to_now,2026-10-01T14:08:02+00:00
CVE-2026-100764,updated,2026-09-30,cve_2026_to_now,2026-10-01T14:08:02+00:00
CVE-2026-100765,updated,2026-09-30,cve_2026_to_now,2026-10-01T14:08:02+00:00
CVE-2026-100766,updated,2026-09-30,cve_2026_to_now,2026-10-01T14:08:02+00:00
CVE-2026-100767,updated,2026-09-30,cve_2026_to_now,2026-10-01T14:08:02+00:00
CVE-2026-100768,updated,2026-09-30,cve_2026_to_now,2026-10-01T14:08:02+00:00
CVE-2026-100769,updated,2026-09-30,cve_2026_to_now,2026-10-01T14:08:02+00:00
CVE-2026-100770,updated,2026-09-30,cve_2026_to_now,2026-10-01T14:08:02+00:00
CVE-2026-100771,updated,2026-09-30,cve_2026_to_now,2026-10-01T14:08:02+00:00
CVE-2026-100772,updated,2026-09-30,cve_2026_to_now,2026-10-01T14:08:02+00:00
CVE-2026-100773,updated,2026-09-30,cve_2026_to_now,2026-10-01T14:08:02+00:00
CVE-2026-100774,updated,2026-09-30,cve_2026_to_now,2026-10-01T14:08:02+00:00
CVE-2026-100775,updated,2026-09-30,cve_2026_to_now,2026-10-01T14:08:02+00:00
CVE-2026-100776,updated,2026-09-30,cve_2026_to_now,2026-10-01T14:08:02+00:00
CVE-2026-100777,updated,2026-09-30,cve_2026_to_now,2026-10-01T14:08:02+00:00
CVE-2026-100778,updated,2026-09-30,cve_2026_to_now,2026-10-01T14:08:02+00:00
CVE-2026-100779,updated,2026-09-30,cve_2026_to_now,2026-10-01T14:08:02+00:00
CVE-2026-100780,updated,2026-09-30,cve_2026_to_now,2026-10-01T14:08:02+00:00
CVE-2026-100781,updated,2026-09-30,cve_2026_to_now,2026-10-01T14:08:02+00:00
CVE-2026-100782,updated,2026-09-30,cve_2026_to_now,2026-10-01T14:08:02+00:00
CVE-2026-100783,updated,2026-09-30,cve_2026_to_now,2026-10-01T14:08:02+00:00
CVE-2026-100784,updated,2026-09-30,cve_2026_to_now,2026-10-01T14:08:02+00:00
CVE-2026-100785,updated,2026-09-30,cve_2026_to_now,2026-10-01T14:08:02+00:00
CVE-2026-100786,updated,2026-09-30,cve_2026_to_now,2026-10-01T14:08:02+00:00
CVE-2026-100787,updated,2026-09-30,cve_2026_to_now,2026-10-01T14:08:02+00:00
CVE-2026-100788,updated,2026-09-30,cve_2026_to_now,2026-10-01T14:08:02+00:00
CVE-2026-100789,updated,2026-09-30,cve_2026_to_now,2026-10-01T14:08:02+00:00
CVE-2026-100790,updated,2026-09-30,cve_2026_to_now,2026-10-01T14:08:02+00:00
CVE-2026-100791,updated,2026-09-30,cve_2026_to_now,2026-10-01T14:08:02+00:00
CVE-2026-100792,updated,2026-09-30,cve_2026_to_now,2026-10-01T14:08:02+00:00
CVE-2026-100793,updated,2026-09-30,cve_2026_to_now,2026-10-01T14:08:02+00:00
CVE-2026-100794,updated,2026-09-30,cve_2026_to_now,2026-10-01T14:08:02+00:00
CVE-2026-100795,updated,2026-09-30,cve_2026_to_now,2026-10-01T14:08:02+00:00
CVE-2026-100796,updated,2026-09-30,cve_2026_to_now,2026-10-01T14:08:02+00:00
CVE-2026-100797,updated,2026-09-30,cve_2026_to_now,2026-10-01T14:08:02+00:00
CVE-2026-100798,updated,2026-09-30,cve_2026_to_now,2026-10-01T14:08:02+00:00
CVE-2026-100799,updated,2026-09-30,cve_2026_to_now,2026-10-01T14:08:02+00:00
CVE-2026-100800,updated,2026-09-30,cve_2026_to_now,2026-10-01T14:08:02+00:00
CVE-2026-100801,updated,2026-09-30,cve_2026_to_now,2026-10-01T14:08:02+00:00
CVE-2026-100802,updated,2026-09-30,cve_2026_to_now,2026-10-01T14:08:02+00:00
CVE-2026-100803,updated,2026-09-30,cve_2026_to_now,2026-10-01T14:08:02+00:00
CVE-2026-100804,updated,2026-09-30,cve_2026_to_now,2026-10-01T14:08:02+00:00
CVE-2026-100805,updated,2026-09-30,cve_2026_to_now,2026-10-01T14:08:02+00:00
CVE-2026-100806,updated,2026-09-30,cve_2026_to_now,2026-10-01T14:08:02+00:00
CVE-2026-100807,updated,2026-09-30,cve_2026_to_now,2026-10-01T14:08:02+00:00
CVE-2026-100808,updated,2026-09-30,cve_2026_to_now,2026-10-01T14:08:02+00:00
CVE-2026-100809,updated,2026-09-30,cve_2026_to_now,2026-10-01T14:08:02+00:00
CVE-2026-100810,updated,2026-09-30,cve_2026_to_now,2026-10-01T14:08:02+00:00
CVE-2026-100811,updated,2026-09-30,cve_2026_to_now,2026-10-01T14:08:02+00:00
CVE-2026-100812,updated,2026-09-30,cve_2026_to_now,2026-10-01T14:08:02+00:00
CVE-2026-100813,updated,2026-09-30,cve_2026_to_now,2026-10-01T14:08:02+00:00
CVE-2026-100814,updated,2026-09-30,cve_2026_to_now,2026-10-01T14:08:02+00:00
CVE-2026-100815,updated,2026-09-30,cve_2026_to_now,2026-10-01T14:08:02+00:00
CVE-2026-100816,updated,2026-09-30,cve_2026_to_now,2026-10-01T14:08:02+00:00
CVE-2026-100817,updated,2026-09-30,cve_2026_to_now,2026-10-01T14:08:02+00:00
CVE-2026-100818,updated,2026-09-30,cve_2026_to_now,2026-10-01T14:08:02+00:00
CVE-2026-100819,updated,2026-09-30,cve_2026_to_now,2026-10-01T14:08:02+00:00
CVE-2026-100820,updated,2026-09-30,cve_2026_to_now,2026-10-01T14:08:02+00:00
CVE-2026-100821,updated,2026-09-30,cve_2026_to_now,2026-10-01T14:08:02+00:00
CVE-2026-100822,updated,2026-09-30,cve_2026_to_now,2026-10-01T14:08:02+00:00
CVE-2026-100823,updated,2026-10-01,cve_2026_to_now,2026-10-01T14:08:02+00:00
CVE-2026-100824,updated,2026-09-30,cve_2026_to_now,2026-10-01T14:08:02+00:00
CVE-2026-100825,updated,2026-09-30,cve_2026_to_now,2026-10-01T14:08:02+00:00
CVE-2026-100826,updated,2026-09-30,cve_2026_to_now,2026-10-01T14:08:02+00:00
CVE-2026-100828,updated,2026-09-30,cve_2026_to_now,2026-10-01T14:08:02+00:00
CVE-2026-100829,updated,2026-09-30,cve_2026_to_now,2026-10-01T14:08:02+00:00
CVE-2026-100830,updated,2026-09-30,cve_2026_to_now,2026-10-01T14:08:02+00:00
CVE-2026-100831,updated,2026-09-30,cve_2026_to_now,2026-10-01T14:08:02+00:00
CVE-2026-100832,updated,2026-09-30,cve_2026_to_now,2026-10-01T14:08:02+00:00
CVE-2026-100834,updated,2026-09-30,cve_2026_to_now,2026-10-01T14:08:02+00:00
CVE-2026-100835,updated,2026-09-30,cve_2026_to_now,2026-10-01T14:08:02+00:00
CVE-2026-100838,updated,2026-09-30,cve_2026_to_now,2026-10-01T14:08:02+00:00
CVE-2026-100839,updated,2026-09-30,cve_2026_to_now,2026-10-01T14:08:02+00:00
CVE-2026-100842,updated,2026-09-30,cve_2026_to_now,2026-10-01T14:08:02+00:00
CVE-2026-100843,updated,2026-09-30,cve_2026_to_now,2026-10-01T14:08:02+00:00
CVE-2026-100846,updated,2026-09-30,cve_2026_to_now,2026-10-01T14:08:02+00:00
CVE-2026-100847,updated,2026-09-30,cve_2026_to_now,2026-10-01T14:08:02+00:00
CVE-2026-100850,updated,2026-09-30,cve_2026_to_now,2026-10-01T14:08:02+00:00
CVE-2026-100851,updated,2026-09-30,cve_2026_to_now,2026-10-01T14:08:02+00:00
CVE-2026-100854,updated,2026-09-30,cve_2026_to_now,2026-10-01T14:08:02+00:00
CVE-2026-100855,updated,2026-09-30,cve_2026_to_now,2026-10-01T14:08:02+00:00
CVE-2026-100858,updated,2026-09-30,cve_2026_to_now,2026-10-01T14:08:02+00:00
CVE-2026-100859,updated,2026-09-30,cve_2026_to_now,2026-10-01T14:08:02+00:00
CVE-2026-100862,updated,2026-09-30,cve_2026_to_now,2026-10-01T14:08:02+00:00
CVE-2026-100863,updated,2026-09-30,cve_2026_to_now,2026-10-01T14:08:02+00:00
CVE-2026-100866,updated,2026-09-30,cve_2026_to_now,2026-10-01T14:08:02+00:00
CVE-2026-100867,updated,2026-09-30,cve_2026_to_now,2026-10-01T14:08:02+00:00
CVE-2026-100870,updated,2026-09-30,cve_2026_to_now,2026-10-01T14:08:02+00:00
CVE-2026-100871,updated,2026-09-30,cve_2026_to_now,2026-10-01T14:08:02+00:00
CVE-2026-100873,updated,2026-09-30,cve_2026_to_now,2026-10-01T14:08:02+00:00
CVE-2026-100876,updated,2026-09-30,cve_2026_to_now,2026-10-01T14:08:02+00:00
CVE-2026-100879,updated,2026-09-30,cve_2026_to_now,2026-10-01T14:08:02+00:00
CVE-2026-100882,updated,2026-09-30,cve_2026_to_now,2026-10-01T14:08:02+00:00
CVE-2026-100885,updated,2026-09-30,cve_2026_to_now,2026-10-01T14:08:02+00:00
CVE-2026-100888,updated,2026-09-30,cve_2026_to_now,2026-10-01T14:08:02+00:00
CVE-2026-100891,updated,2026-10-01,cve_2026_to_now,2026-10-01T14:08:02+00:00
CVE-2026-100894,updated,2026-10-01,cve_2026_to_now,2026-10-01T14:08:02+00:00
CVE-2026-100897,updated,2026-10-01,cve_2026_to_now,2026-10-01T14:08:02+00:00
CVE-2026-101012,updated,2026-10-01,cve_2026_to_now,2026-10-01T14:08:02+00:00
CVE-2026-101033,updated,2026-09-30,cve_2026_to_now,2026-10-01T14:08:02+00:00
CVE-2026-101042,updated,2026-09-30,cve_2026_to_now,2026-10-01T14:08:02+00:00
CVE-2026-101043,updated,2026-09-30,cve_2026_to_now,2026-10-01T14:08:02+00:00
CVE-2026-101044,updated,2026-09-30,cve_2026_to_now,2026-10-01T14:08:02+00:00
CVE-2026-101045,updated,2026-09-30,cve_2026_to_now,2026-10-01T14:08:02+00:00
CVE-2026-101047,updated,2026-09-30,cve_2026_to_now,2026-10-01T14:08:02+00:00
CVE-2026-101048,updated,2026-09-30,cve_2026_to_now,2026-10-01T14:08:02+00:00
CVE-2026-101057,updated,2026-09-30,cve_2026_to_now,2026-10-01T14:08:02+00:00
CVE-2026-101058,updated,2026-09-30,cve_2026_to_now,2026-10-01T14:08:02+00:00
CVE-2026-101061,updated,2026-09-30,cve_2026_to_now,2026-10-01T14:08:02+00:00
CVE-2026-101062,updated,2026-09-30,cve_2026_to_now,2026-10-01T14:08:02+00:00
CVE-2026-101065,updated,2026-09-30,cve_2026_to_now,2026-10-01T14:08:02+00:00
CVE-2026-101084,updated,2026-09-30,cve_2026_to_now,2026-10-01T14:08:02+00:00
CVE-2026-101087,updated,2026-09-30,cve_2026_to_now,2026-10-01T14:08:02+00:00
CVE-2026-101088,updated,2026-09-30,cve_2026_to_now,2026-10-01T14:08:02+00:00
CVE-2026-101108,updated,2026-09-30,cve_2026_to_now,2026-10-01T14:08:02+00:00
CVE-2026-101109,updated,2026-09-30,cve_2026_to_now,2026-10-01T14:08:02+00:00
CVE-2026-101110,updated,2026-09-30,cve_2026_to_now,2026-10-01T14:08:02+00:00
CVE-2026-101111,updated,2026-09-30,cve_2026_to_now,2026-10-01T14:08:02+00:00
CVE-2026-101112,updated,2026-09-30,cve_2026_to_now,2026-10-01T14:08:02+00:00
CVE-2026-101126,updated,2026-10-01,cve_2026_to_now,2026-10-01T14:08:02+00:00
CVE-2026-101127,updated,2026-10-01,cve_2026_to_now,2026-10-01T14:08:02+00:00
CVE-2026-101147,added,,cve_2026_to_now,2026-10-01T14:08:02+00:00
CVE-2026-101148,added,,cve_2026_to_now,2026-10-01T14:08:02+00:00
CVE-2026-101276,added,,cve_2026_to_now,2026-10-01T14:08:02+00:00
CVE-2026-101283,added,,cve_2026_to_now,2026-10-01T14:08:02+00:00
CVE-2026-101295,added,,cve_2026_to_now,2026-10-01T14:08:02+00:00
CVE-2026-101861,updated,2026-09-30,cve_2026_to_now,2026-10-01T14:08:02+00:00
CVE-2026-101879,added,,cve_2026_to_now,2026-10-01T14:08:02+00:00
CVE-2026-101880,added,,cve_2026_to_now,2026-10-01T14:08:02+00:00
CVE-2026-101881,added,,cve_2026_to_now,2026-10-01T14:08:02+00:00
CVE-2026-101882,added,,cve_2026_to_now,2026-10-01T14:08:02+00:00
CVE-2026-101883,added,,cve_2026_to_now,2026-10-01T14:08:02+00:00
CVE-2026-101884,added,,cve_2026_to_now,2026-10-01T14:08:02+00:00
CVE-2026-101885,added,,cve_2026_to_now,2026-10-01T14:08:02+00:00
CVE-2026-101887,added,,cve_2026_to_now,2026-10-01T14:08:02+00:00
CVE-2026-101925,added,,cve_2026_to_now,2026-10-01T14:08:02+00:00
CVE-2026-102006,updated,2026-09-30,cve_2026_to_now,2026-10-01T14:08:02+00:00
CVE-2026-102010,updated,2026-09-30,cve_2026_to_now,2026-10-01T14:08:02+00:00
CVE-2026-102089,added,2026-10-01,cve_2026_to_now,2026-10-01T14:08:02+00:00
CVE-2026-102090,added,2026-10-01,cve_2026_to_now,2026-10-01T14:08:02+00:00
CVE-2026-102091,added,2026-10-01,cve_2026_to_now,2026-10-01T14:08:02+00:00
CVE-2026-102092,added,,cve_2026_to_now,2026-10-01T14:08:02+00:00
CVE-2026-102093,added,,cve_2026_to_now,2026-10-01T14:08:02+00:00
CVE-2026-102094,added,2026-10-01,cve_2026_to_now,2026-10-01T14:08:02+00:00
CVE-2026-102095,added,2026-10-01,cve_2026_to_now,2026-10-01T14:08:02+00:00
CVE-2026-102096,added,2026-10-01,cve_2026_to_now,2026-10-01T14:08:02+00:00
CVE-2026-102097,added,2026-10-01,cve_2026_to_now,2026-10-01T14:08:02+00:00
CVE-2026-102098,added,2026-10-01,cve_2026_to_now,2026-10-01T14:08:02+00:00
CVE-2026-102099,added,2026-10-01,cve_2026_to_now,2026-10-01T14:08:02+00:00
CVE-2026-102100,added,,cve_2026_to_now,2026-10-01T14:08:02+00:00
CVE-2026-102101,added,2026-10-01,cve_2026_to_now,2026-10-01T14:08:02+00:00
CVE-2026-102102,added,2026-10-01,cve_2026_to_now,2026-10-01T14:08:02+00:00
CVE-2026-102103,added,2026-10-01,cve_2026_to_now,2026-10-01T14:08:02+00:00
CVE-2026-102104,added,2026-10-01,cve_2026_to_now,2026-10-01T14:08:02+00:00
CVE-2026-102105,added,2026-10-01,cve_2026_to_now,2026-10-01T14:08:02+00:00
CVE-2026-102106,added,2026-10-01,cve_2026_to_now,2026-10-01T14:08:02+00:00
CVE-2026-102107,added,2026-10-01,cve_2026_to_now,2026-10-01T14:08:02+00:00
CVE-2026-102108,added,2026-10-01,cve_2026_to_now,2026-10-01T14:08:02+00:00
CVE-2026-102109,added,2026-10-01,cve_2026_to_now,2026-10-01T14:08:02+00:00
CVE-2026-102110,added,2026-10-01,cve_2026_to_now,2026-10-01T14:08:02+00:00
CVE-2026-102111,added,2026-10-01,cve_2026_to_now,2026-10-01T14:08:02+00:00
CVE-2026-102112,added,2026-10-01,cve_2026_to_now,2026-10-01T14:08:02+00:00
CVE-2026-102113,added,2026-10-01,cve_2026_to_now,2026-10-01T14:08:02+00:00
CVE-2026-102114,added,2026-10-01,cve_2026_to_now,2026-10-01T14:08:02+00:00
CVE-2026-102115,added,2026-10-01,cve_2026_to_now,2026-10-01T14:08:02+00:00
CVE-2026-102116,added,2026-10-01,cve_2026_to_now,2026-10-01T14:08:02+00:00
CVE-2026-102117,added,2026-10-01,cve_2026_to_now,2026-10-01T14:08:02+00:00
CVE-2026-102118,added,2026-10-01,cve_2026_to_now,2026-10-01T14:08:02+00:00
CVE-2026-102119,added,2026-10-01,cve_2026_to_now,2026-10-01T14:08:02+00:00
CVE-2026-102120,added,2026-10-01,cve_2026_to_now,2026-10-01T14:08:02+00:00
CVE-2026-102121,added,2026-10-01,cve_2026_to_now,2026-10-01T14:08:02+00:00
CVE-2026-102122,added,2026-10-01,cve_2026_to_now,2026-10-01T14:08:02+00:00
CVE-2026-102123,added,2026-10-01,cve_2026_to_now,2026-10-01T14:08:02+00:00
CVE-2026-102124,added,2026-10-01,cve_2026_to_now,2026-10-01T14:08:02+00:00
CVE-2026-102125,added,2026-10-01,cve_2026_to_now,2026-10-01T14:08:02+00:00
CVE-2026-102126,added,2026-10-01,cve_2026_to_now,2026-10-01T14:08:02+00:00
CVE-2026-102127,added,2026-10-01,cve_2026_to_now,2026-10-01T14:08:02+00:00
CVE-2026-102128,added,2026-10-01,cve_2026_to_now,2026-10-01T14:08:02+00:00
CVE-2026-102129,added,2026-10-01,cve_2026_to_now,2026-10-01T14:08:02+00:00
CVE-2026-102130,added,2026-10-01,cve_2026_to_now,2026-10-01T14:08:02+00:00
CVE-2026-102131,added,2026-10-01,cve_2026_to_now,2026-10-01T14:08:02+00:00
CVE-2026-102132,added,2026-10-01,cve_2026_to_now,2026-10-01T14:08:02+00:00
CVE-2026-102133,added,2026-10-01,cve_2026_to_now,2026-10-01T14:08:02+00:00
CVE-2026-102134,added,2026-10-01,cve_2026_to_now,2026-10-01T14:08:02+00:00
CVE-2026-102135,added,2026-10-01,cve_2026_to_now,2026-10-01T14:08:02+00:00
CVE-2026-102136,added,2026-10-01,cve_2026_to_now,2026-10-01T14:08:02+00:00
CVE-2026-102137,added,2026-10-01,cve_2026_to_now,2026-10-01T14:08:02+00:00
CVE-2026-102138,added,2026-10-01,cve_2026_to_now,2026-10-01T14:08:02+00:00
CVE-2026-102139,added,2026-10-01,cve_2026_to_now,2026-10-01T14:08:02+00:00
CVE-2026-102140,added,2026-10-01,cve_2026_to_now,2026-10-01T14:08:02+00:00
CVE-2026-102141,added,,cve_2026_to_now,2026-10-01T14:08:02+00:00
CVE-2026-102142,added,,cve_2026_to_now,2026-10-01T14:08:02+00:00
CVE-2026-102143,added,,cve_2026_to_now,2026-10-01T14:08:02+00:00
CVE-2026-102144,added,,cve_2026_to_now,2026-10-01T14:08:02+00:00
CVE-2026-102145,added,2026-10-01,cve_2026_to_now,2026-10-01T14:08:02+00:00
CVE-2026-102146,added,2026-10-01,cve_2026_to_now,2026-10-01T14:08:02+00:00
CVE-2026-102147,added,2026-10-01,cve_2026_to_now,2026-10-01T14:08:02+00:00
CVE-2026-102149,added,2026-10-01,cve_2026_to_now,2026-10-01T14:08:02+00:00
CVE-2026-102150,added,2026-10-01,cve_2026_to_now,2026-10-01T14:08:02+00:00
CVE-2026-102252,updated,2026-09-30,cve_2026_to_now,2026-10-01T14:08:02+00:00
CVE-2026-102253,updated,2026-09-30,cve_2026_to_now,2026-10-01T14:08:02+00:00
CVE-2026-102310,updated,2026-09-30,cve_2026_to_now,2026-10-01T14:08:02+00:00
CVE-2026-102312,updated,2026-09-30,cve_2026_to_now,2026-10-01T14:08:02+00:00
CVE-2026-102320,updated,2026-09-30,cve_2026_to_now,2026-10-01T14:08:02+00:00
CVE-2026-102329,updated,2026-09-30,cve_2026_to_now,2026-10-01T14:08:02+00:00
CVE-2026-102330,updated,2026-09-30,cve_2026_to_now,2026-10-01T14:08:02+00:00
CVE-2026-102335,updated,2026-09-30,cve_2026_to_now,2026-10-01T14:08:02+00:00
CVE-2026-102371,updated,2026-09-30,cve_2026_to_now,2026-10-01T14:08:02+00:00
CVE-2026-102375,added,,cve_2026_to_now,2026-10-01T14:08:02+00:00
CVE-2026-102376,added,,cve_2026_to_now,2026-10-01T14:08:02+00:00
CVE-2026-102377,added,,cve_2026_to_now,2026-10-01T14:08:02+00:00
CVE-2026-102379,added,,cve_2026_to_now,2026-10-01T14:08:02+00:00
CVE-2026-102381,added,,cve_2026_to_now,2026-10-01T14:08:02+00:00
CVE-2026-102382,added,,cve_2026_to_now,2026-10-01T14:08:02+00:00
CVE-2026-102384,updated,,cve_2026_to_now,2026-10-01T14:08:02+00:00
CVE-2026-102385,updated,,cve_2026_to_now,2026-10-01T14:08:02+00:00
CVE-2026-102386,updated,,cve_2026_to_now,2026-10-01T14:08:02+00:00
CVE-2026-102390,added,,cve_2026_to_now,2026-10-01T14:08:02+00:00
CVE-2026-102391,added,,cve_2026_to_now,2026-10-01T14:08:02+00:00
CVE-2026-102392,added,,cve_2026_to_now,2026-10-01T14:08:02+00:00
CVE-2026-102394,added,,cve_2026_to_now,2026-10-01T14:08:02+00:00
CVE-2026-102395,updated,,cve_2026_to_now,2026-10-01T14:08:02+00:00
CVE-2026-102396,updated,,cve_2026_to_now,2026-10-01T14:08:02+00:00
CVE-2026-102397,added,,cve_2026_to_now,2026-10-01T14:08:02+00:00
CVE-2026-102398,updated,,cve_2026_to_now,2026-10-01T14:08:02+00:00
CVE-2026-102399,updated,,cve_2026_to_now,2026-10-01T14:08:02+00:00
CVE-2026-102414,updated,2026-09-30,cve_2026_to_now,2026-10-01T14:08:02+00:00
CVE-2026-102422,updated,2026-09-30,cve_2026_to_now,2026-10-01T14:08:02+00:00
CVE-2026-102424,updated,2026-10-01,cve_2026_to_now,2026-10-01T14:08:02+00:00
CVE-2026-102425,updated,2026-10-01,cve_2026_to_now,2026-10-01T14:08:02+00:00
CVE-2026-102427,added,,cve_2026_to_now,2026-10-01T14:08:02+00:00
CVE-2026-102454,updated,,cve_2026_to_now,2026-10-01T14:08:02+00:00
CVE-2026-102455,updated,,cve_2026_to_now,2026-10-01T14:08:02+00:00
CVE-2026-102456,updated,,cve_2026_to_now,2026-10-01T14:08:02+00:00
CVE-2026-102457,updated,,cve_2026_to_now,2026-10-01T14:08:02+00:00
CVE-2026-102458,updated,,cve_2026_to_now,2026-10-01T14:08:02+00:00
CVE-2026-102459,updated,,cve_2026_to_now,2026-10-01T14:08:02+00:00
CVE-2026-102473,updated,2026-09-30,cve_2026_to_now,2026-10-01T14:08:02+00:00
CVE-2026-102489,added,,cve_2026_to_now,2026-10-01T14:08:02+00:00
CVE-2026-102490,added,,cve_2026_to_now,2026-10-01T14:08:02+00:00
CVE-2026-102504,added,,cve_2026_to_now,2026-10-01T14:08:02+00:00
CVE-2026-102505,added,,cve_2026_to_now,2026-10-01T14:08:02+00:00
CVE-2026-102508,updated,,cve_2026_to_now,2026-10-01T14:08:02+00:00
CVE-2026-102509,updated,,cve_2026_to_now,2026-10-01T14:08:02+00:00
CVE-2026-102510,updated,,cve_2026_to_now,2026-10-01T14:08:02+00:00
CVE-2026-102511,updated,,cve_2026_to_now,2026-10-01T14:08:02+00:00
CVE-2026-102521,updated,2026-09-30,cve_2026_to_now,2026-10-01T14:08:02+00:00
CVE-2026-102557,updated,2026-09-30,cve_2026_to_now,2026-10-01T14:08:02+00:00
CVE-2026-102558,updated,2026-09-30,cve_2026_to_now,2026-10-01T14:08:02+00:00
CVE-2026-102559,updated,2026-09-30,cve_2026_to_now,2026-10-01T14:08:02+00:00
CVE-2026-102577,updated,,cve_2026_to_now,2026-10-01T14:08:02+00:00
CVE-2026-102578,updated,,cve_2026_to_now,2026-10-01T14:08:02+00:00
CVE-2026-102579,updated,,cve_2026_to_now,2026-10-01T14:08:02+00:00
CVE-2026-102580,updated,,cve_2026_to_now,2026-10-01T14:08:02+00:00
CVE-2026-102581,updated,,cve_2026_to_now,2026-10-01T14:08:02+00:00
CVE-2026-102582,updated,,cve_2026_to_now,2026-10-01T14:08:02+00:00
CVE-2026-102583,updated,,cve_2026_to_now,2026-10-01T14:08:02+00:00
CVE-2026-102584,updated,,cve_2026_to_now,2026-10-01T14:08:02+00:00
CVE-2026-102585,updated,,cve_2026_to_now,2026-10-01T14:08:02+00:00
CVE-2026-102586,updated,,cve_2026_to_now,2026-10-01T14:08:02+00:00
CVE-2026-102587,updated,,cve_2026_to_now,2026-10-01T14:08:02+00:00
CVE-2026-102588,updated,,cve_2026_to_now,2026-10-01T14:08:02+00:00
CVE-2026-102621,updated,2026-09-30,cve_2026_to_now,2026-10-01T14:08:02+00:00
CVE-2026-102635,updated,2026-09-30,cve_2026_to_now,2026-10-01T14:08:02+00:00
CVE-2026-102673,updated,2026-09-30,cve_2026_to_now,2026-10-01T14:08:02+00:00
CVE-2026-102709,updated,2026-09-30,cve_2026_to_now,2026-10-01T14:08:02+00:00
CVE-2026-102710,updated,2026-09-30,cve_2026_to_now,2026-10-01T14:08:02+00:00
CVE-2026-102717,added,,cve_2026_to_now,2026-10-01T14:08:02+00:00
CVE-2026-102728,updated,2026-09-30,cve_2026_to_now,2026-10-01T14:08:02+00:00
CVE-2026-102758,updated,2026-09-30,cve_2026_to_now,2026-10-01T14:08:02+00:00
CVE-2026-102761,updated,2026-09-30,cve_2026_to_now,2026-10-01T14:08:02+00:00
CVE-2026-102762,updated,2026-09-30,cve_2026_to_now,2026-10-01T14:08:02+00:00
CVE-2026-102771,updated,2026-09-30,cve_2026_to_now,2026-10-01T14:08:02+00:00
CVE-2026-102794,updated,2026-09-30,cve_2026_to_now,2026-10-01T14:08:02+00:00
CVE-2026-102820,updated,2026-09-30,cve_2026_to_now,2026-10-01T14:08:02+00:00
CVE-2026-102821,updated,2026-09-30,cve_2026_to_now,2026-10-01T14:08:02+00:00
CVE-2026-102824,updated,2026-09-30,cve_2026_to_now,2026-10-01T14:08:02+00:00
CVE-2026-102825,updated,2026-09-30,cve_2026_to_now,2026-10-01T14:08:02+00:00
CVE-2026-102828,updated,2026-09-30,cve_2026_to_now,2026-10-01T14:08:02+00:00
CVE-2026-102829,updated,2026-09-30,cve_2026_to_now,2026-10-01T14:08:02+00:00
CVE-2026-102842,updated,,cve_2026_to_now,2026-10-01T14:08:02+00:00
CVE-2026-102844,updated,,cve_2026_to_now,2026-10-01T14:08:02+00:00
CVE-2026-102845,updated,,cve_2026_to_now,2026-10-01T14:08:02+00:00
CVE-2026-102847,updated,,cve_2026_to_now,2026-10-01T14:08:02+00:00
CVE-2026-102874,updated,,cve_2026_to_now,2026-10-01T14:08:02+00:00
CVE-2026-102875,updated,2026-09-30,cve_2026_to_now,2026-10-01T14:08:02+00:00
CVE-2026-102877,updated,2026-09-30,cve_2026_to_now,2026-10-01T14:08:02+00:00
CVE-2026-102879,updated,2026-09-30,cve_2026_to_now,2026-10-01T14:08:02+00:00
CVE-2026-102904,updated,2026-09-30,cve_2026_to_now,2026-10-01T14:08:02+00:00
CVE-2026-102908,updated,,cve_2026_to_now,2026-10-01T14:08:02+00:00
CVE-2026-102909,updated,,cve_2026_to_now,2026-10-01T14:08:02+00:00
CVE-2026-102911,updated,,cve_2026_to_now,2026-10-01T14:08:02+00:00
CVE-2026-102912,updated,,cve_2026_to_now,2026-10-01T14:08:02+00:00
CVE-2026-102925,updated,2026-09-30,cve_2026_to_now,2026-10-01T14:08:02+00:00
CVE-2026-102930,updated,2026-09-30,cve_2026_to_now,2026-10-01T14:08:02+00:00
CVE-2026-102938,updated,2026-09-30,cve_2026_to_now,2026-10-01T14:08:02+00:00
CVE-2026-102983,added,,cve_2026_to_now,2026-10-01T14:08:02+00:00
CVE-2026-102984,added,,cve_2026_to_now,2026-10-01T14:08:02+00:00
CVE-2026-102990,added,,cve_2026_to_now,2026-10-01T14:08:02+00:00
CVE-2026-102991,added,,cve_2026_to_now,2026-10-01T14:08:02+00:00
CVE-2026-102992,added,,cve_2026_to_now,2026-10-01T14:08:02+00:00
CVE-2026-102993,added,,cve_2026_to_now,2026-10-01T14:08:02+00:00
CVE-2026-102994,added,,cve_2026_to_now,2026-10-01T14:08:02+00:00
CVE-2026-102995,added,,cve_2026_to_now,2026-10-01T14:08:02+00:00
CVE-2026-102996,added,,cve_2026_to_now,2026-10-01T14:08:02+00:00
CVE-2026-102997,added,,cve_2026_to_now,2026-10-01T14:08:02+00:00
CVE-2026-102998,added,,cve_2026_to_now,2026-10-01T14:08:02+00:00
CVE-2026-102999,added,,cve_2026_to_now,2026-10-01T14:08:02+00:00
CVE-2026-103000,added,,cve_2026_to_now,2026-10-01T14:08:02+00:00
CVE-2026-103001,added,,cve_2026_to_now,2026-10-01T14:08:02+00:00
CVE-2026-103012,updated,,cve_2026_to_now,2026-10-01T14:08:02+00:00
CVE-2026-103040,updated,2026-09-30,cve_2026_to_now,2026-10-01T14:08:02+00:00
CVE-2026-103041,updated,2026-09-30,cve_2026_to_now,2026-10-01T14:08:02+00:00
CVE-2026-103043,updated,2026-09-30,cve_2026_to_now,2026-10-01T14:08:02+00:00
CVE-2026-103045,updated,2026-09-30,cve_2026_to_now,2026-10-01T14:08:02+00:00
CVE-2026-103046,updated,2026-09-30,cve_2026_to_now,2026-10-01T14:08:02+00:00
CVE-2026-103047,updated,2026-09-30,cve_2026_to_now,2026-10-01T14:08:02+00:00
CVE-2026-103049,updated,2026-09-30,cve_2026_to_now,2026-10-01T14:08:02+00:00
CVE-2026-103050,updated,2026-09-30,cve_2026_to_now,2026-10-01T14:08:02+00:00
CVE-2026-103051,updated,2026-09-30,cve_2026_to_now,2026-10-01T14:08:02+00:00
CVE-2026-103053,updated,,cve_2026_to_now,2026-10-01T14:08:02+00:00
CVE-2026-103054,updated,,cve_2026_to_now,2026-10-01T14:08:02+00:00
CVE-2026-103056,updated,,cve_2026_to_now,2026-10-01T14:08:02+00:00
CVE-2026-103057,updated,,cve_2026_to_now,2026-10-01T14:08:02+00:00
CVE-2026-103063,added,,cve_2026_to_now,2026-10-01T14:08:02+00:00
CVE-2026-103064,added,,cve_2026_to_now,2026-10-01T14:08:02+00:00
CVE-2026-103067,added,,cve_2026_to_now,2026-10-01T14:08:02+00:00
CVE-2026-103082,added,,cve_2026_to_now,2026-10-01T14:08:02+00:00
CVE-2026-103087,updated,,cve_2026_to_now,2026-10-01T14:08:02+00:00
CVE-2026-103088,updated,,cve_2026_to_now,2026-10-01T14:08:02+00:00
CVE-2026-103099,updated,,cve_2026_to_now,2026-10-01T14:08:02+00:00
CVE-2026-103101,updated,,cve_2026_to_now,2026-10-01T14:08:02+00:00
CVE-2026-103102,updated,,cve_2026_to_now,2026-10-01T14:08:02+00:00
CVE-2026-103104,updated,,cve_2026_to_now,2026-10-01T14:08:02+00:00
CVE-2026-103106,updated,,cve_2026_to_now,2026-10-01T14:08:02+00:00
CVE-2026-103108,updated,,cve_2026_to_now,2026-10-01T14:08:02+00:00
CVE-2026-103109,updated,,cve_2026_to_now,2026-10-01T14:08:02+00:00
CVE-2026-103111,updated,,cve_2026_to_now,2026-10-01T14:08:02+00:00
CVE-2026-103113,updated,,cve_2026_to_now,2026-10-01T14:08:02+00:00
CVE-2026-103114,updated,,cve_2026_to_now,2026-10-01T14:08:02+00:00
CVE-2026-103116,updated,,cve_2026_to_now,2026-10-01T14:08:02+00:00
CVE-2026-103117,updated,,cve_2026_to_now,2026-10-01T14:08:02+00:00
CVE-2026-103118,added,,cve_2026_to_now,2026-10-01T14:08:02+00:00
CVE-2026-103222,added,,cve_2026_to_now,2026-10-01T14:08:02+00:00
CVE-2026-103226,added,,cve_2026_to_now,2026-10-01T14:08:02+00:00
CVE-2026-103227,added,,cve_2026_to_now,2026-10-01T14:08:02+00:00
CVE-2026-103229,added,,cve_2026_to_now,2026-10-01T14:08:02+00:00
CVE-2026-103230,added,,cve_2026_to_now,2026-10-01T14:08:02+00:00
CVE-2026-103231,added,,cve_2026_to_now,2026-10-01T14:08:02+00:00
CVE-2026-103232,added,,cve_2026_to_now,2026-10-01T14:08:02+00:00
CVE-2026-103233,added,,cve_2026_to_now,2026-10-01T14:08:02+00:00
CVE-2026-103235,updated,,cve_2026_to_now,2026-10-01T14:08:02+00:00
CVE-2026-103237,updated,,cve_2026_to_now,2026-10-01T14:08:02+00:00
CVE-2026-103239,updated,,cve_2026_to_now,2026-10-01T14:08:02+00:00
CVE-2026-103241,added,,cve_2026_to_now,2026-10-01T14:08:02+00:00
CVE-2026-103242,updated,,cve_2026_to_now,2026-10-01T14:08:02+00:00
CVE-2026-103243,added,,cve_2026_to_now,2026-10-01T14:08:02+00:00
CVE-2026-103244,added,,cve_2026_to_now,2026-10-01T14:08:02+00:00
CVE-2026-103245,added,,cve_2026_to_now,2026-10-01T14:08:02+00:00
CVE-2026-103246,added,,cve_2026_to_now,2026-10-01T14:08:02+00:00
CVE-2026-103247,added,,cve_2026_to_now,2026-10-01T14:08:02+00:00
CVE-2026-103248,added,,cve_2026_to_now,2026-10-01T14:08:02+00:00
CVE-2026-103249,added,,cve_2026_to_now,2026-10-01T14:08:02+00:00
CVE-2026-103250,added,,cve_2026_to_now,2026-10-01T14:08:02+00:00
CVE-2026-103251,added,,cve_2026_to_now,2026-10-01T14:08:02+00:00
CVE-2026-103252,added,,cve_2026_to_now,2026-10-01T14:08:02+00:00
CVE-2026-103253,added,,cve_2026_to_now,2026-10-01T14:08:02+00:00
CVE-2026-103254,added,,cve_2026_to_now,2026-10-01T14:08:02+00:00
CVE-2026-103255,added,,cve_2026_to_now,2026-10-01T14:08:02+00:00
CVE-2026-103256,added,,cve_2026_to_now,2026-10-01T14:08:02+00:00
CVE-2026-103257,added,,cve_2026_to_now,2026-10-01T14:08:02+00:00
CVE-2026-103258,added,,cve_2026_to_now,2026-10-01T14:08:02+00:00
CVE-2026-103259,added,,cve_2026_to_now,2026-10-01T14:08:02+00:00
CVE-2026-103260,added,,cve_2026_to_now,2026-10-01T14:08:02+00:00
CVE-2026-103261,added,,cve_2026_to_now,2026-10-01T14:08:02+00:00
CVE-2026-103262,added,,cve_2026_to_now,2026-10-01T14:08:02+00:00
CVE-2026-103263,added,,cve_2026_to_now,2026-10-01T14:08:02+00:00
CVE-2026-103264,added,,cve_2026_to_now,2026-10-01T14:08:02+00:00
CVE-2026-103265,added,,cve_2026_to_now,2026-10-01T14:08:02+00:00
CVE-2026-103266,added,,cve_2026_to_now,2026-10-01T14:08:02+00:00
CVE-2026-103267,added,,cve_2026_to_now,2026-10-01T14:08:02+00:00
CVE-2026-103268,added,,cve_2026_to_now,2026-10-01T14:08:02+00:00
CVE-2026-103269,added,,cve_2026_to_now,2026-10-01T14:08:02+00:00
CVE-2026-103270,added,,cve_2026_to_now,2026-10-01T14:08:02+00:00
CVE-2026-103271,added,,cve_2026_to_now,2026-10-01T14:08:02+00:00
CVE-2026-103272,added,,cve_2026_to_now,2026-10-01T14:08:02+00:00
CVE-2026-103273,added,,cve_2026_to_now,2026-10-01T14:08:02+00:00
CVE-2026-103274,added,,cve_2026_to_now,2026-10-01T14:08:02+00:00
CVE-2026-103275,added,,cve_2026_to_now,2026-10-01T14:08:02+00:00
CVE-2026-103276,added,,cve_2026_to_now,2026-10-01T14:08:02+00:00
CVE-2026-103277,added,,cve_2026_to_now,2026-10-01T14:08:02+00:00
CVE-2026-103278,added,,cve_2026_to_now,2026-10-01T14:08:02+00:00
CVE-2026-103279,added,,cve_2026_to_now,2026-10-01T14:08:02+00:00
CVE-2026-103280,added,,cve_2026_to_now,2026-10-01T14:08:02+00:00
CVE-2026-103281,added,,cve_2026_to_now,2026-10-01T14:08:02+00:00
CVE-2026-103282,added,,cve_2026_to_now,2026-10-01T14:08:02+00:00
CVE-2026-103283,added,,cve_2026_to_now,2026-10-01T14:08:02+00:00
CVE-2026-103284,added,,cve_2026_to_now,2026-10-01T14:08:02+00:00
CVE-2026-103285,added,,cve_2026_to_now,2026-10-01T14:08:02+00:00
CVE-2026-103286,added,,cve_2026_to_now,2026-10-01T14:08:02+00:00
CVE-2026-103287,added,,cve_2026_to_now,2026-10-01T14:08:02+00:00
CVE-2026-103288,added,,cve_2026_to_now,2026-10-01T14:08:02+00:00
CVE-2026-103289,added,,cve_2026_to_now,2026-10-01T14:08:02+00:00
CVE-2026-103290,added,,cve_2026_to_now,2026-10-01T14:08:02+00:00
CVE-2026-103291,added,,cve_2026_to_now,2026-10-01T14:08:02+00:00
CVE-2026-103292,added,,cve_2026_to_now,2026-10-01T14:08:02+00:00
CVE-2026-103336,added,,cve_2026_to_now,2026-10-01T14:08:02+00:00
CVE-2026-103338,added,,cve_2026_to_now,2026-10-01T14:08:02+00:00
CVE-2026-103339,added,,cve_2026_to_now,2026-10-01T14:08:02+00:00
CVE-2026-103340,added,,cve_2026_to_now,2026-10-01T14:08:02+00:00
CVE-2026-103341,added,,cve_2026_to_now,2026-10-01T14:08:02+00:00
CVE-2026-103343,added,,cve_2026_to_now,2026-10-01T14:08:02+00:00
CVE-2026-103345,added,,cve_2026_to_now,2026-10-01T14:08:02+00:00
CVE-2026-103353,added,,cve_2026_to_now,2026-10-01T14:08:02+00:00
CVE-2026-103387,added,,cve_2026_to_now,2026-10-01T14:08:02+00:00
CVE-2026-103388,added,,cve_2026_to_now,2026-10-01T14:08:02+00:00
CVE-2026-103389,added,,cve_2026_to_now,2026-10-01T14:08:02+00:00
CVE-2026-103395,added,,cve_2026_to_now,2026-10-01T14:08:02+00:00
CVE-2026-103396,added,,cve_2026_to_now,2026-10-01T14:08:02+00:00
CVE-2026-103397,added,,cve_2026_to_now,2026-10-01T14:08:02+00:00
CVE-2026-103398,added,,cve_2026_to_now,2026-10-01T14:08:02+00:00
CVE-2026-103399,added,,cve_2026_to_now,2026-10-01T14:08:02+00:00
CVE-2026-103431,added,,cve_2026_to_now,2026-10-01T14:08:02+00:00
CVE-2026-103432,added,,cve_2026_to_now,2026-10-01T14:08:02+00:00
CVE-2026-103436,added,,cve_2026_to_now,2026-10-01T14:08:02+00:00
CVE-2026-103437,added,,cve_2026_to_now,2026-10-01T14:08:02+00:00
CVE-2026-103438,added,,cve_2026_to_now,2026-10-01T14:08:02+00:00
CVE-2026-103439,added,,cve_2026_to_now,2026-10-01T14:08:02+00:00
CVE-2026-103440,added,,cve_2026_to_now,2026-10-01T14:08:02+00:00
CVE-2026-103441,added,,cve_2026_to_now,2026-10-01T14:08:02+00:00
CVE-2026-103442,added,,cve_2026_to_now,2026-10-01T14:08:02+00:00
CVE-2026-103443,added,,cve_2026_to_now,2026-10-01T14:08:02+00:00
CVE-2026-103444,added,,cve_2026_to_now,2026-10-01T14:08:02+00:00
CVE-2026-103445,added,,cve_2026_to_now,2026-10-01T14:08:02+00:00
CVE-2026-103446,added,,cve_2026_to_now,2026-10-01T14:08:02+00:00
CVE-2026-103470,added,,cve_2026_to_now,2026-10-01T14:08:02+00:00
CVE-2026-103471,added,,cve_2026_to_now,2026-10-01T14:08:02+00:00
CVE-2026-103472,added,,cve_2026_to_now,2026-10-01T14:08:02+00:00
CVE-2026-103473,added,,cve_2026_to_now,2026-10-01T14:08:02+00:00
CVE-2026-103474,added,,cve_2026_to_now,2026-10-01T14:08:02+00:00
CVE-2026-103475,added,,cve_2026_to_now,2026-10-01T14:08:02+00:00
CVE-2026-103476,added,,cve_2026_to_now,2026-10-01T14:08:02+00:00
CVE-2026-103488,added,,cve_2026_to_now,2026-10-01T14:08:02+00:00
CVE-2026-103489,added,,cve_2026_to_now,2026-10-01T14:08:02+00:00
CVE-2026-103490,added,,cve_2026_to_now,2026-10-01T14:08:02+00:00
CVE-2026-103491,added,,cve_2026_to_now,2026-10-01T14:08:02+00:00
CVE-2026-103492,added,,cve_2026_to_now,2026-10-01T14:08:02+00:00
CVE-2026-103493,added,,cve_2026_to_now,2026-10-01T14:08:02+00:00
CVE-2026-103494,added,,cve_2026_to_now,2026-10-01T14:08:02+00:00
CVE-2026-103495,added,,cve_2026_to_now,2026-10-01T14:08:02+00:00
CVE-2026-103496,added,,cve_2026_to_now,2026-10-01T14:08:02+00:00
CVE-2026-103497,added,,cve_2026_to_now,2026-10-01T14:08:02+00:00
CVE-2026-103500,added,,cve_2026_to_now,2026-10-01T14:08:02+00:00
CVE-2026-103530,added,,cve_2026_to_now,2026-10-01T14:08:02+00:00
CVE-2026-103531,added,,cve_2026_to_now,2026-10-01T14:08:02+00:00
CVE-2026-103532,added,,cve_2026_to_now,2026-10-01T14:08:02+00:00
CVE-2026-103533,added,,cve_2026_to_now,2026-10-01T14:08:02+00:00
CVE-2026-103534,added,,cve_2026_to_now,2026-10-01T14:08:02+00:00
CVE-2026-103536,added,,cve_2026_to_now,2026-10-01T14:08:02+00:00
CVE-2026-103538,added,,cve_2026_to_now,2026-10-01T14:08:02+00:00
CVE-2026-103539,added,,cve_2026_to_now,2026-10-01T14:08:02+00:00
CVE-2026-103540,added,,cve_2026_to_now,2026-10-01T14:08:02+00:00
CVE-2026-103541,added,,cve_2026_to_now,2026-10-01T14:08:02+00:00
CVE-2026-103542,added,,cve_2026_to_now,2026-10-01T14:08:02+00:00
CVE-2026-103543,added,,cve_2026_to_now,2026-10-01T14:08:02+00:00
CVE-2026-103544,added,,cve_2026_to_now,2026-10-01T14:08:02+00:00
CVE-2026-103547,added,,cve_2026_to_now,2026-10-01T14:08:02+00:00
CVE-2026-103548,added,,cve_2026_to_now,2026-10-01T14:08:02+00:00
CVE-2026-103584,added,,cve_2026_to_now,2026-10-01T14:08:02+00:00
CVE-2026-103585,added,,cve_2026_to_now,2026-10-01T14:08:02+00:00
CVE-2026-103587,added,,cve_2026_to_now,2026-10-01T14:08:02+00:00
CVE-2026-103588,added,,cve_2026_to_now,2026-10-01T14:08:02+00:00
CVE-2026-103589,added,,cve_2026_to_now,2026-10-01T14:08:02+00:00
CVE-2026-103590,added,,cve_2026_to_now,2026-10-01T14:08:02+00:00
CVE-2026-103591,added,,cve_2026_to_now,2026-10-01T14:08:02+00:00
CVE-2026-103592,added,,cve_2026_to_now,2026-10-01T14:08:02+00:00
CVE-2026-103641,added,,cve_2026_to_now,2026-10-01T14:08:02+00:00
CVE-2026-103651,added,,cve_2026_to_now,2026-10-01T14:08:02+00:00
CVE-2026-103655,added,,cve_2026_to_now,2026-10-01T14:08:02+00:00
CVE-2026-103659,added,,cve_2026_to_now,2026-10-01T14:08:02+00:00
CVE-2026-103662,added,,cve_2026_to_now,2026-10-01T14:08:02+00:00
CVE-2026-103664,added,,cve_2026_to_now,2026-10-01T14:08:02+00:00
CVE-2026-103678,added,,cve_2026_to_now,2026-10-01T14:08:02+00:00
CVE-2026-103679,added,,cve_2026_to_now,2026-10-01T14:08:02+00:00
CVE-2026-103680,added,,cve_2026_to_now,2026-10-01T14:08:02+00:00
CVE-2026-103686,added,,cve_2026_to_now,2026-10-01T14:08:02+00:00
CVE-2026-103754,added,,cve_2026_to_now,2026-10-01T14:08:02+00:00
CVE-2026-103757,added,,cve_2026_to_now,2026-10-01T14:08:02+00:00
CVE-2026-103758,added,,cve_2026_to_now,2026-10-01T14:08:02+00:00
CVE-2026-103858,added,,cve_2026_to_now,2026-10-01T14:08:02+00:00
