cve_id,change_type,date_updated,shard,run_utc
CVE-2023-4692,updated,2026-07-21,cve_2023_to_2025,2026-07-21T09:24:55+00:00
CVE-2023-4693,updated,2026-07-21,cve_2023_to_2025,2026-07-21T09:24:55+00:00
CVE-2023-37507,added,,cve_2023_to_2025,2026-07-21T09:24:55+00:00
CVE-2023-37508,added,,cve_2023_to_2025,2026-07-21T09:24:55+00:00
CVE-2023-54366,updated,2026-07-20,cve_2023_to_2025,2026-07-21T09:24:55+00:00
CVE-2024-1014,updated,2026-07-20,cve_2023_to_2025,2026-07-21T09:24:55+00:00
CVE-2024-1015,updated,2026-07-20,cve_2023_to_2025,2026-07-21T09:24:55+00:00
CVE-2024-12085,updated,2026-07-20,cve_2023_to_2025,2026-07-21T09:24:55+00:00
CVE-2024-21529,updated,2026-07-20,cve_2023_to_2025,2026-07-21T09:24:55+00:00
CVE-2024-21626,updated,2026-07-20,cve_2023_to_2025,2026-07-21T09:24:55+00:00
CVE-2024-29060,updated,2026-07-20,cve_2023_to_2025,2026-07-21T09:24:55+00:00
CVE-2024-30052,updated,2026-07-20,cve_2023_to_2025,2026-07-21T09:24:55+00:00
CVE-2024-30057,updated,2026-07-20,cve_2023_to_2025,2026-07-21T09:24:55+00:00
CVE-2024-30058,updated,2026-07-20,cve_2023_to_2025,2026-07-21T09:24:55+00:00
CVE-2024-30062,updated,2026-07-20,cve_2023_to_2025,2026-07-21T09:24:55+00:00
CVE-2024-30063,updated,2026-07-20,cve_2023_to_2025,2026-07-21T09:24:55+00:00
CVE-2024-30064,updated,2026-07-20,cve_2023_to_2025,2026-07-21T09:24:55+00:00
CVE-2024-30065,updated,2026-07-20,cve_2023_to_2025,2026-07-21T09:24:55+00:00
CVE-2024-30066,updated,2026-07-20,cve_2023_to_2025,2026-07-21T09:24:55+00:00
CVE-2024-30067,updated,2026-07-20,cve_2023_to_2025,2026-07-21T09:24:55+00:00
CVE-2024-30068,updated,2026-07-20,cve_2023_to_2025,2026-07-21T09:24:55+00:00
CVE-2024-30069,updated,2026-07-20,cve_2023_to_2025,2026-07-21T09:24:55+00:00
CVE-2024-30070,updated,2026-07-20,cve_2023_to_2025,2026-07-21T09:24:55+00:00
CVE-2024-30072,updated,2026-07-20,cve_2023_to_2025,2026-07-21T09:24:55+00:00
CVE-2024-30074,updated,2026-07-20,cve_2023_to_2025,2026-07-21T09:24:55+00:00
CVE-2024-30075,updated,2026-07-20,cve_2023_to_2025,2026-07-21T09:24:55+00:00
CVE-2024-30076,updated,2026-07-20,cve_2023_to_2025,2026-07-21T09:24:55+00:00
CVE-2024-30077,updated,2026-07-20,cve_2023_to_2025,2026-07-21T09:24:55+00:00
CVE-2024-30078,updated,2026-07-20,cve_2023_to_2025,2026-07-21T09:24:55+00:00
CVE-2024-30080,updated,2026-07-20,cve_2023_to_2025,2026-07-21T09:24:55+00:00
CVE-2024-30082,updated,2026-07-20,cve_2023_to_2025,2026-07-21T09:24:55+00:00
CVE-2024-30083,updated,2026-07-20,cve_2023_to_2025,2026-07-21T09:24:55+00:00
CVE-2024-30084,updated,2026-07-20,cve_2023_to_2025,2026-07-21T09:24:55+00:00
CVE-2024-30085,updated,2026-07-20,cve_2023_to_2025,2026-07-21T09:24:55+00:00
CVE-2024-30086,updated,2026-07-20,cve_2023_to_2025,2026-07-21T09:24:55+00:00
CVE-2024-30087,updated,2026-07-20,cve_2023_to_2025,2026-07-21T09:24:55+00:00
CVE-2024-30088,updated,2026-07-20,cve_2023_to_2025,2026-07-21T09:24:55+00:00
CVE-2024-30089,updated,2026-07-20,cve_2023_to_2025,2026-07-21T09:24:55+00:00
CVE-2024-30090,updated,2026-07-20,cve_2023_to_2025,2026-07-21T09:24:55+00:00
CVE-2024-30091,updated,2026-07-20,cve_2023_to_2025,2026-07-21T09:24:55+00:00
CVE-2024-30093,updated,2026-07-20,cve_2023_to_2025,2026-07-21T09:24:55+00:00
CVE-2024-30094,updated,2026-07-20,cve_2023_to_2025,2026-07-21T09:24:55+00:00
CVE-2024-30095,updated,2026-07-20,cve_2023_to_2025,2026-07-21T09:24:55+00:00
CVE-2024-30096,updated,2026-07-20,cve_2023_to_2025,2026-07-21T09:24:55+00:00
CVE-2024-30097,updated,2026-07-20,cve_2023_to_2025,2026-07-21T09:24:55+00:00
CVE-2024-30099,updated,2026-07-20,cve_2023_to_2025,2026-07-21T09:24:55+00:00
CVE-2024-30100,updated,2026-07-20,cve_2023_to_2025,2026-07-21T09:24:55+00:00
CVE-2024-30101,updated,2026-07-20,cve_2023_to_2025,2026-07-21T09:24:55+00:00
CVE-2024-30102,updated,2026-07-20,cve_2023_to_2025,2026-07-21T09:24:55+00:00
CVE-2024-30103,updated,2026-07-20,cve_2023_to_2025,2026-07-21T09:24:55+00:00
CVE-2024-30104,updated,2026-07-20,cve_2023_to_2025,2026-07-21T09:24:55+00:00
CVE-2024-35248,updated,2026-07-20,cve_2023_to_2025,2026-07-21T09:24:55+00:00
CVE-2024-35249,updated,2026-07-20,cve_2023_to_2025,2026-07-21T09:24:55+00:00
CVE-2024-35250,updated,2026-07-20,cve_2023_to_2025,2026-07-21T09:24:55+00:00
CVE-2024-35252,updated,2026-07-20,cve_2023_to_2025,2026-07-21T09:24:55+00:00
CVE-2024-35253,updated,2026-07-20,cve_2023_to_2025,2026-07-21T09:24:55+00:00
CVE-2024-35254,updated,2026-07-20,cve_2023_to_2025,2026-07-21T09:24:55+00:00
CVE-2024-35255,updated,2026-07-20,cve_2023_to_2025,2026-07-21T09:24:55+00:00
CVE-2024-35260,updated,2026-07-20,cve_2023_to_2025,2026-07-21T09:24:55+00:00
CVE-2024-35263,updated,2026-07-20,cve_2023_to_2025,2026-07-21T09:24:55+00:00
CVE-2024-35265,updated,2026-07-20,cve_2023_to_2025,2026-07-21T09:24:55+00:00
CVE-2024-37325,updated,2026-07-20,cve_2023_to_2025,2026-07-21T09:24:55+00:00
CVE-2024-38082,updated,2026-07-20,cve_2023_to_2025,2026-07-21T09:24:55+00:00
CVE-2024-38083,updated,2026-07-20,cve_2023_to_2025,2026-07-21T09:24:55+00:00
CVE-2024-38093,updated,2026-07-20,cve_2023_to_2025,2026-07-21T09:24:55+00:00
CVE-2024-51311,added,,cve_2023_to_2025,2026-07-21T09:24:55+00:00
CVE-2024-51312,added,,cve_2023_to_2025,2026-07-21T09:24:55+00:00
CVE-2024-51313,added,,cve_2023_to_2025,2026-07-21T09:24:55+00:00
CVE-2024-51314,added,,cve_2023_to_2025,2026-07-21T09:24:55+00:00
CVE-2024-51315,added,,cve_2023_to_2025,2026-07-21T09:24:55+00:00
CVE-2024-51316,added,,cve_2023_to_2025,2026-07-21T09:24:55+00:00
CVE-2024-58356,updated,2026-07-20,cve_2023_to_2025,2026-07-21T09:24:55+00:00
CVE-2024-58358,updated,2026-07-20,cve_2023_to_2025,2026-07-21T09:24:55+00:00
CVE-2024-58359,updated,2026-07-20,cve_2023_to_2025,2026-07-21T09:24:55+00:00
CVE-2024-58361,updated,2026-07-21,cve_2023_to_2025,2026-07-21T09:24:55+00:00
CVE-2024-58362,updated,2026-07-20,cve_2023_to_2025,2026-07-21T09:24:55+00:00
CVE-2024-58363,updated,2026-07-20,cve_2023_to_2025,2026-07-21T09:24:55+00:00
CVE-2024-58365,updated,2026-07-20,cve_2023_to_2025,2026-07-21T09:24:55+00:00
CVE-2024-58366,updated,2026-07-20,cve_2023_to_2025,2026-07-21T09:24:55+00:00
CVE-2024-58367,updated,2026-07-21,cve_2023_to_2025,2026-07-21T09:24:55+00:00
CVE-2024-58368,updated,2026-07-20,cve_2023_to_2025,2026-07-21T09:24:55+00:00
CVE-2024-58369,updated,2026-07-20,cve_2023_to_2025,2026-07-21T09:24:55+00:00
CVE-2025-3646,updated,2026-07-20,cve_2023_to_2025,2026-07-21T09:24:55+00:00
CVE-2025-3652,updated,2026-07-20,cve_2023_to_2025,2026-07-21T09:24:55+00:00
CVE-2025-3653,updated,2026-07-20,cve_2023_to_2025,2026-07-21T09:24:55+00:00
CVE-2025-3654,updated,2026-07-20,cve_2023_to_2025,2026-07-21T09:24:55+00:00
CVE-2025-3660,updated,2026-07-20,cve_2023_to_2025,2026-07-21T09:24:55+00:00
CVE-2025-5278,updated,2026-07-21,cve_2023_to_2025,2026-07-21T09:24:55+00:00
CVE-2025-5318,updated,2026-07-21,cve_2023_to_2025,2026-07-21T09:24:55+00:00
CVE-2025-5914,updated,2026-07-21,cve_2023_to_2025,2026-07-21T09:24:55+00:00
CVE-2025-6020,updated,2026-07-20,cve_2023_to_2025,2026-07-21T09:24:55+00:00
CVE-2025-7195,updated,2026-07-21,cve_2023_to_2025,2026-07-21T09:24:55+00:00
CVE-2025-7425,updated,2026-07-21,cve_2023_to_2025,2026-07-21T09:24:55+00:00
CVE-2025-12758,updated,2026-07-20,cve_2023_to_2025,2026-07-21T09:24:55+00:00
CVE-2025-13465,updated,2026-07-20,cve_2023_to_2025,2026-07-21T09:24:55+00:00
CVE-2025-15115,updated,2026-07-20,cve_2023_to_2025,2026-07-21T09:24:55+00:00
CVE-2025-15467,updated,2026-07-20,cve_2023_to_2025,2026-07-21T09:24:55+00:00
CVE-2025-15608,updated,2026-07-20,cve_2023_to_2025,2026-07-21T09:24:55+00:00
CVE-2025-41118,updated,2026-07-20,cve_2023_to_2025,2026-07-21T09:24:55+00:00
CVE-2025-45868,updated,2026-07-20,cve_2023_to_2025,2026-07-21T09:24:55+00:00
CVE-2025-45870,updated,2026-07-20,cve_2023_to_2025,2026-07-21T09:24:55+00:00
CVE-2025-48431,updated,2026-07-20,cve_2023_to_2025,2026-07-21T09:24:55+00:00
CVE-2025-51677,updated,2026-07-20,cve_2023_to_2025,2026-07-21T09:24:55+00:00
CVE-2025-51678,updated,2026-07-20,cve_2023_to_2025,2026-07-21T09:24:55+00:00
CVE-2025-56005,updated,2026-07-20,cve_2023_to_2025,2026-07-21T09:24:55+00:00
CVE-2025-57847,updated,2026-07-21,cve_2023_to_2025,2026-07-21T09:24:55+00:00
CVE-2025-61140,updated,2026-07-20,cve_2023_to_2025,2026-07-21T09:24:55+00:00
CVE-2025-61726,updated,2026-07-20,cve_2023_to_2025,2026-07-21T09:24:55+00:00
CVE-2025-61731,updated,2026-07-20,cve_2023_to_2025,2026-07-21T09:24:55+00:00
CVE-2025-61732,updated,2026-07-20,cve_2023_to_2025,2026-07-21T09:24:55+00:00
CVE-2025-62718,updated,2026-07-20,cve_2023_to_2025,2026-07-21T09:24:55+00:00
CVE-2025-68428,updated,2026-07-20,cve_2023_to_2025,2026-07-21T09:24:55+00:00
CVE-2025-69223,updated,2026-07-20,cve_2023_to_2025,2026-07-21T09:24:55+00:00
CVE-2025-69873,updated,2026-07-20,cve_2023_to_2025,2026-07-21T09:24:55+00:00
CVE-2025-71319,updated,2026-07-20,cve_2023_to_2025,2026-07-21T09:24:55+00:00
CVE-2025-71377,updated,2026-07-20,cve_2023_to_2025,2026-07-21T09:24:55+00:00
CVE-2025-71388,updated,2026-07-20,cve_2023_to_2025,2026-07-21T09:24:55+00:00
CVE-2025-71390,updated,2026-07-20,cve_2023_to_2025,2026-07-21T09:24:55+00:00
CVE-2025-71391,updated,2026-07-20,cve_2023_to_2025,2026-07-21T09:24:55+00:00
CVE-2025-71392,updated,2026-07-21,cve_2023_to_2025,2026-07-21T09:24:55+00:00
CVE-2025-71393,updated,2026-07-20,cve_2023_to_2025,2026-07-21T09:24:55+00:00
CVE-2025-71394,updated,2026-07-20,cve_2023_to_2025,2026-07-21T09:24:55+00:00
CVE-2025-71396,updated,2026-07-20,cve_2023_to_2025,2026-07-21T09:24:55+00:00
CVE-2025-71397,updated,2026-07-20,cve_2023_to_2025,2026-07-21T09:24:55+00:00
CVE-2025-71398,updated,2026-07-21,cve_2023_to_2025,2026-07-21T09:24:55+00:00
CVE-2026-0487,updated,,cve_2026_to_now,2026-07-21T09:24:55+00:00
CVE-2026-1372,added,,cve_2026_to_now,2026-07-21T09:24:55+00:00
CVE-2026-1519,updated,2026-07-20,cve_2026_to_now,2026-07-21T09:24:55+00:00
CVE-2026-1771,added,,cve_2026_to_now,2026-07-21T09:24:55+00:00
CVE-2026-1784,updated,2026-07-20,cve_2026_to_now,2026-07-21T09:24:55+00:00
CVE-2026-2291,updated,2026-05-20,cve_2026_to_now,2026-07-21T09:24:55+00:00
CVE-2026-2332,updated,2026-07-20,cve_2026_to_now,2026-07-21T09:24:55+00:00
CVE-2026-2377,updated,2026-07-20,cve_2026_to_now,2026-07-21T09:24:55+00:00
CVE-2026-2445,updated,,cve_2026_to_now,2026-07-21T09:24:55+00:00
CVE-2026-3182,added,,cve_2026_to_now,2026-07-21T09:24:55+00:00
CVE-2026-3183,added,,cve_2026_to_now,2026-07-21T09:24:55+00:00
CVE-2026-3602,updated,,cve_2026_to_now,2026-07-21T09:24:55+00:00
CVE-2026-3833,updated,2026-07-20,cve_2026_to_now,2026-07-21T09:24:55+00:00
CVE-2026-4598,updated,2026-07-20,cve_2026_to_now,2026-07-21T09:24:55+00:00
CVE-2026-4599,updated,2026-07-20,cve_2026_to_now,2026-07-21T09:24:55+00:00
CVE-2026-4600,updated,2026-07-20,cve_2026_to_now,2026-07-21T09:24:55+00:00
CVE-2026-4601,updated,2026-07-20,cve_2026_to_now,2026-07-21T09:24:55+00:00
CVE-2026-4602,updated,2026-07-20,cve_2026_to_now,2026-07-21T09:24:55+00:00
CVE-2026-4800,updated,2026-07-20,cve_2026_to_now,2026-07-21T09:24:55+00:00
CVE-2026-4878,updated,2026-07-21,cve_2026_to_now,2026-07-21T09:24:55+00:00
CVE-2026-4938,updated,2026-07-20,cve_2026_to_now,2026-07-21T09:24:55+00:00
CVE-2026-4942,updated,2026-07-20,cve_2026_to_now,2026-07-21T09:24:55+00:00
CVE-2026-5260,updated,2026-07-20,cve_2026_to_now,2026-07-21T09:24:55+00:00
CVE-2026-5795,updated,2026-07-20,cve_2026_to_now,2026-07-21T09:24:55+00:00
CVE-2026-6321,updated,2026-07-20,cve_2026_to_now,2026-07-21T09:24:55+00:00
CVE-2026-6322,updated,2026-07-20,cve_2026_to_now,2026-07-21T09:24:55+00:00
CVE-2026-6371,updated,2026-07-20,cve_2026_to_now,2026-07-21T09:24:55+00:00
CVE-2026-6656,updated,,cve_2026_to_now,2026-07-21T09:24:55+00:00
CVE-2026-6793,added,,cve_2026_to_now,2026-07-21T09:24:55+00:00
CVE-2026-6952,added,,cve_2026_to_now,2026-07-21T09:24:55+00:00
CVE-2026-7163,updated,2026-07-20,cve_2026_to_now,2026-07-21T09:24:55+00:00
CVE-2026-7364,updated,2026-07-20,cve_2026_to_now,2026-07-21T09:24:55+00:00
CVE-2026-7374,updated,2026-07-20,cve_2026_to_now,2026-07-21T09:24:55+00:00
CVE-2026-7667,updated,2026-07-20,cve_2026_to_now,2026-07-21T09:24:55+00:00
CVE-2026-7771,updated,2026-07-21,cve_2026_to_now,2026-07-21T09:24:55+00:00
CVE-2026-7872,updated,2026-07-20,cve_2026_to_now,2026-07-21T09:24:55+00:00
CVE-2026-8056,updated,2026-07-20,cve_2026_to_now,2026-07-21T09:24:55+00:00
CVE-2026-8082,added,,cve_2026_to_now,2026-07-21T09:24:55+00:00
CVE-2026-8149,updated,2026-07-21,cve_2026_to_now,2026-07-21T09:24:55+00:00
CVE-2026-8169,added,,cve_2026_to_now,2026-07-21T09:24:55+00:00
CVE-2026-8170,added,,cve_2026_to_now,2026-07-21T09:24:55+00:00
CVE-2026-8476,updated,2026-07-20,cve_2026_to_now,2026-07-21T09:24:55+00:00
CVE-2026-8593,added,,cve_2026_to_now,2026-07-21T09:24:55+00:00
CVE-2026-8616,updated,2026-07-21,cve_2026_to_now,2026-07-21T09:24:55+00:00
CVE-2026-8635,updated,2026-07-21,cve_2026_to_now,2026-07-21T09:24:55+00:00
CVE-2026-8643,updated,2026-07-20,cve_2026_to_now,2026-07-21T09:24:55+00:00
CVE-2026-8825,updated,,cve_2026_to_now,2026-07-21T09:24:55+00:00
CVE-2026-8859,updated,2026-07-20,cve_2026_to_now,2026-07-21T09:24:55+00:00
CVE-2026-8861,updated,2026-07-20,cve_2026_to_now,2026-07-21T09:24:55+00:00
CVE-2026-9103,updated,2026-07-20,cve_2026_to_now,2026-07-21T09:24:55+00:00
CVE-2026-9135,updated,2026-07-20,cve_2026_to_now,2026-07-21T09:24:55+00:00
CVE-2026-9147,updated,2026-07-21,cve_2026_to_now,2026-07-21T09:24:55+00:00
CVE-2026-9171,updated,2026-07-21,cve_2026_to_now,2026-07-21T09:24:55+00:00
CVE-2026-9277,updated,2026-07-20,cve_2026_to_now,2026-07-21T09:24:55+00:00
CVE-2026-9323,updated,2026-07-20,cve_2026_to_now,2026-07-21T09:24:55+00:00
CVE-2026-9537,updated,2026-07-20,cve_2026_to_now,2026-07-21T09:24:55+00:00
CVE-2026-9804,updated,2026-07-21,cve_2026_to_now,2026-07-21T09:24:55+00:00
CVE-2026-9833,updated,,cve_2026_to_now,2026-07-21T09:24:55+00:00
CVE-2026-10081,updated,,cve_2026_to_now,2026-07-21T09:24:55+00:00
CVE-2026-10143,updated,2026-07-20,cve_2026_to_now,2026-07-21T09:24:55+00:00
CVE-2026-10649,updated,2026-07-20,cve_2026_to_now,2026-07-21T09:24:55+00:00
CVE-2026-10724,updated,,cve_2026_to_now,2026-07-21T09:24:55+00:00
CVE-2026-10755,updated,,cve_2026_to_now,2026-07-21T09:24:55+00:00
CVE-2026-10840,updated,2026-07-20,cve_2026_to_now,2026-07-21T09:24:55+00:00
CVE-2026-11321,updated,2026-07-20,cve_2026_to_now,2026-07-21T09:24:55+00:00
CVE-2026-11332,updated,2026-07-20,cve_2026_to_now,2026-07-21T09:24:55+00:00
CVE-2026-11349,updated,,cve_2026_to_now,2026-07-21T09:24:55+00:00
CVE-2026-11404,updated,2026-07-20,cve_2026_to_now,2026-07-21T09:24:55+00:00
CVE-2026-11767,added,,cve_2026_to_now,2026-07-21T09:24:55+00:00
CVE-2026-11826,updated,2026-07-20,cve_2026_to_now,2026-07-21T09:24:55+00:00
CVE-2026-11868,updated,,cve_2026_to_now,2026-07-21T09:24:55+00:00
CVE-2026-11998,updated,2026-07-20,cve_2026_to_now,2026-07-21T09:24:55+00:00
CVE-2026-12080,added,,cve_2026_to_now,2026-07-21T09:24:55+00:00
CVE-2026-12143,updated,2026-07-20,cve_2026_to_now,2026-07-21T09:24:55+00:00
CVE-2026-12161,updated,2026-07-20,cve_2026_to_now,2026-07-21T09:24:55+00:00
CVE-2026-12228,updated,2026-07-20,cve_2026_to_now,2026-07-21T09:24:55+00:00
CVE-2026-12341,added,,cve_2026_to_now,2026-07-21T09:24:55+00:00
CVE-2026-12382,updated,2026-07-21,cve_2026_to_now,2026-07-21T09:24:55+00:00
CVE-2026-12484,updated,2026-07-20,cve_2026_to_now,2026-07-21T09:24:55+00:00
CVE-2026-12592,updated,,cve_2026_to_now,2026-07-21T09:24:55+00:00
CVE-2026-12701,added,2026-07-21,cve_2026_to_now,2026-07-21T09:24:55+00:00
CVE-2026-12723,updated,,cve_2026_to_now,2026-07-21T09:24:55+00:00
CVE-2026-12724,updated,,cve_2026_to_now,2026-07-21T09:24:55+00:00
CVE-2026-12898,updated,,cve_2026_to_now,2026-07-21T09:24:55+00:00
CVE-2026-12900,added,,cve_2026_to_now,2026-07-21T09:24:55+00:00
CVE-2026-12912,updated,2026-07-20,cve_2026_to_now,2026-07-21T09:24:55+00:00
CVE-2026-12970,updated,,cve_2026_to_now,2026-07-21T09:24:55+00:00
CVE-2026-12972,updated,,cve_2026_to_now,2026-07-21T09:24:55+00:00
CVE-2026-12973,updated,,cve_2026_to_now,2026-07-21T09:24:55+00:00
CVE-2026-13147,updated,,cve_2026_to_now,2026-07-21T09:24:55+00:00
CVE-2026-13156,updated,,cve_2026_to_now,2026-07-21T09:24:55+00:00
CVE-2026-13325,updated,2026-07-21,cve_2026_to_now,2026-07-21T09:24:55+00:00
CVE-2026-13380,added,,cve_2026_to_now,2026-07-21T09:24:55+00:00
CVE-2026-13381,added,,cve_2026_to_now,2026-07-21T09:24:55+00:00
CVE-2026-13432,updated,,cve_2026_to_now,2026-07-21T09:24:55+00:00
CVE-2026-13439,added,,cve_2026_to_now,2026-07-21T09:24:55+00:00
CVE-2026-13445,updated,2026-07-20,cve_2026_to_now,2026-07-21T09:24:55+00:00
CVE-2026-13446,updated,2026-07-21,cve_2026_to_now,2026-07-21T09:24:55+00:00
CVE-2026-13448,updated,2026-07-20,cve_2026_to_now,2026-07-21T09:24:55+00:00
CVE-2026-13473,updated,2026-07-21,cve_2026_to_now,2026-07-21T09:24:55+00:00
CVE-2026-13577,updated,,cve_2026_to_now,2026-07-21T09:24:55+00:00
CVE-2026-13585,updated,,cve_2026_to_now,2026-07-21T09:24:55+00:00
CVE-2026-13676,updated,2026-07-20,cve_2026_to_now,2026-07-21T09:24:55+00:00
CVE-2026-13693,added,,cve_2026_to_now,2026-07-21T09:24:55+00:00
CVE-2026-13694,added,,cve_2026_to_now,2026-07-21T09:24:55+00:00
CVE-2026-13724,added,,cve_2026_to_now,2026-07-21T09:24:55+00:00
CVE-2026-14183,added,,cve_2026_to_now,2026-07-21T09:24:55+00:00
CVE-2026-14184,added,,cve_2026_to_now,2026-07-21T09:24:55+00:00
CVE-2026-14185,added,,cve_2026_to_now,2026-07-21T09:24:55+00:00
CVE-2026-14439,updated,2026-07-20,cve_2026_to_now,2026-07-21T09:24:55+00:00
CVE-2026-14448,added,,cve_2026_to_now,2026-07-21T09:24:55+00:00
CVE-2026-14474,updated,2026-07-20,cve_2026_to_now,2026-07-21T09:24:55+00:00
CVE-2026-14476,updated,2026-07-21,cve_2026_to_now,2026-07-21T09:24:55+00:00
CVE-2026-14499,updated,2026-07-20,cve_2026_to_now,2026-07-21T09:24:55+00:00
CVE-2026-14501,updated,2026-07-20,cve_2026_to_now,2026-07-21T09:24:55+00:00
CVE-2026-14956,updated,2026-07-21,cve_2026_to_now,2026-07-21T09:24:55+00:00
CVE-2026-14971,updated,2026-07-20,cve_2026_to_now,2026-07-21T09:24:55+00:00
CVE-2026-14979,updated,2026-07-20,cve_2026_to_now,2026-07-21T09:24:55+00:00
CVE-2026-15069,updated,2026-07-20,cve_2026_to_now,2026-07-21T09:24:55+00:00
CVE-2026-15091,updated,2026-07-20,cve_2026_to_now,2026-07-21T09:24:55+00:00
CVE-2026-15145,added,,cve_2026_to_now,2026-07-21T09:24:55+00:00
CVE-2026-15156,added,,cve_2026_to_now,2026-07-21T09:24:55+00:00
CVE-2026-15322,updated,2026-07-21,cve_2026_to_now,2026-07-21T09:24:55+00:00
CVE-2026-15370,added,,cve_2026_to_now,2026-07-21T09:24:55+00:00
CVE-2026-15415,updated,2026-07-20,cve_2026_to_now,2026-07-21T09:24:55+00:00
CVE-2026-15457,updated,2026-07-21,cve_2026_to_now,2026-07-21T09:24:55+00:00
CVE-2026-15588,added,,cve_2026_to_now,2026-07-21T09:24:55+00:00
CVE-2026-15631,updated,2026-07-20,cve_2026_to_now,2026-07-21T09:24:55+00:00
CVE-2026-15782,added,,cve_2026_to_now,2026-07-21T09:24:55+00:00
CVE-2026-15788,added,,cve_2026_to_now,2026-07-21T09:24:55+00:00
CVE-2026-15811,added,,cve_2026_to_now,2026-07-21T09:24:55+00:00
CVE-2026-15812,added,,cve_2026_to_now,2026-07-21T09:24:55+00:00
CVE-2026-15813,added,,cve_2026_to_now,2026-07-21T09:24:55+00:00
CVE-2026-15899,added,,cve_2026_to_now,2026-07-21T09:24:55+00:00
CVE-2026-15900,added,,cve_2026_to_now,2026-07-21T09:24:55+00:00
CVE-2026-15901,added,,cve_2026_to_now,2026-07-21T09:24:55+00:00
CVE-2026-15902,added,,cve_2026_to_now,2026-07-21T09:24:55+00:00
CVE-2026-15903,added,,cve_2026_to_now,2026-07-21T09:24:55+00:00
CVE-2026-15904,added,,cve_2026_to_now,2026-07-21T09:24:55+00:00
CVE-2026-15905,added,,cve_2026_to_now,2026-07-21T09:24:55+00:00
CVE-2026-15927,added,,cve_2026_to_now,2026-07-21T09:24:55+00:00
CVE-2026-15995,updated,2026-07-20,cve_2026_to_now,2026-07-21T09:24:55+00:00
CVE-2026-16014,updated,2026-07-21,cve_2026_to_now,2026-07-21T09:24:55+00:00
CVE-2026-16074,updated,2026-07-20,cve_2026_to_now,2026-07-21T09:24:55+00:00
CVE-2026-16075,updated,2026-07-21,cve_2026_to_now,2026-07-21T09:24:55+00:00
CVE-2026-16076,updated,2026-07-20,cve_2026_to_now,2026-07-21T09:24:55+00:00
CVE-2026-16077,updated,2026-07-20,cve_2026_to_now,2026-07-21T09:24:55+00:00
CVE-2026-16081,updated,2026-07-20,cve_2026_to_now,2026-07-21T09:24:55+00:00
CVE-2026-16083,updated,2026-07-20,cve_2026_to_now,2026-07-21T09:24:55+00:00
CVE-2026-16084,updated,2026-07-21,cve_2026_to_now,2026-07-21T09:24:55+00:00
CVE-2026-16085,updated,2026-07-20,cve_2026_to_now,2026-07-21T09:24:55+00:00
CVE-2026-16088,updated,2026-07-20,cve_2026_to_now,2026-07-21T09:24:55+00:00
CVE-2026-16093,updated,2026-07-21,cve_2026_to_now,2026-07-21T09:24:55+00:00
CVE-2026-16095,updated,2026-07-20,cve_2026_to_now,2026-07-21T09:24:55+00:00
CVE-2026-16097,updated,2026-07-20,cve_2026_to_now,2026-07-21T09:24:55+00:00
CVE-2026-16117,updated,2026-07-20,cve_2026_to_now,2026-07-21T09:24:55+00:00
CVE-2026-16119,updated,2026-07-21,cve_2026_to_now,2026-07-21T09:24:55+00:00
CVE-2026-16120,updated,2026-07-20,cve_2026_to_now,2026-07-21T09:24:55+00:00
CVE-2026-16121,updated,2026-07-20,cve_2026_to_now,2026-07-21T09:24:55+00:00
CVE-2026-16122,updated,2026-07-20,cve_2026_to_now,2026-07-21T09:24:55+00:00
CVE-2026-16124,updated,2026-07-20,cve_2026_to_now,2026-07-21T09:24:55+00:00
CVE-2026-16125,updated,2026-07-21,cve_2026_to_now,2026-07-21T09:24:55+00:00
CVE-2026-16126,updated,2026-07-20,cve_2026_to_now,2026-07-21T09:24:55+00:00
CVE-2026-16127,updated,2026-07-20,cve_2026_to_now,2026-07-21T09:24:55+00:00
CVE-2026-16128,updated,2026-07-20,cve_2026_to_now,2026-07-21T09:24:55+00:00
CVE-2026-16130,updated,2026-07-20,cve_2026_to_now,2026-07-21T09:24:55+00:00
CVE-2026-16131,updated,2026-07-21,cve_2026_to_now,2026-07-21T09:24:55+00:00
CVE-2026-16133,updated,2026-07-20,cve_2026_to_now,2026-07-21T09:24:55+00:00
CVE-2026-16150,updated,2026-07-20,cve_2026_to_now,2026-07-21T09:24:55+00:00
CVE-2026-16151,updated,2026-07-20,cve_2026_to_now,2026-07-21T09:24:55+00:00
CVE-2026-16154,updated,2026-07-20,cve_2026_to_now,2026-07-21T09:24:55+00:00
CVE-2026-16158,updated,2026-07-20,cve_2026_to_now,2026-07-21T09:24:55+00:00
CVE-2026-16194,updated,2026-07-20,cve_2026_to_now,2026-07-21T09:24:55+00:00
CVE-2026-16195,updated,2026-07-20,cve_2026_to_now,2026-07-21T09:24:55+00:00
CVE-2026-16197,updated,2026-07-20,cve_2026_to_now,2026-07-21T09:24:55+00:00
CVE-2026-16199,updated,2026-07-20,cve_2026_to_now,2026-07-21T09:24:55+00:00
CVE-2026-16200,updated,2026-07-20,cve_2026_to_now,2026-07-21T09:24:55+00:00
CVE-2026-16201,updated,2026-07-20,cve_2026_to_now,2026-07-21T09:24:55+00:00
CVE-2026-16203,updated,2026-07-20,cve_2026_to_now,2026-07-21T09:24:55+00:00
CVE-2026-16205,updated,2026-07-20,cve_2026_to_now,2026-07-21T09:24:55+00:00
CVE-2026-16206,updated,2026-07-20,cve_2026_to_now,2026-07-21T09:24:55+00:00
CVE-2026-16207,updated,2026-07-20,cve_2026_to_now,2026-07-21T09:24:55+00:00
CVE-2026-16209,updated,2026-07-20,cve_2026_to_now,2026-07-21T09:24:55+00:00
CVE-2026-16211,updated,2026-07-20,cve_2026_to_now,2026-07-21T09:24:55+00:00
CVE-2026-16212,updated,2026-07-20,cve_2026_to_now,2026-07-21T09:24:55+00:00
CVE-2026-16213,updated,2026-07-20,cve_2026_to_now,2026-07-21T09:24:55+00:00
CVE-2026-16215,updated,2026-07-20,cve_2026_to_now,2026-07-21T09:24:55+00:00
CVE-2026-16217,updated,2026-07-20,cve_2026_to_now,2026-07-21T09:24:55+00:00
CVE-2026-16218,updated,2026-07-20,cve_2026_to_now,2026-07-21T09:24:55+00:00
CVE-2026-16219,updated,2026-07-20,cve_2026_to_now,2026-07-21T09:24:55+00:00
CVE-2026-16221,updated,2026-07-20,cve_2026_to_now,2026-07-21T09:24:55+00:00
CVE-2026-16222,updated,2026-07-20,cve_2026_to_now,2026-07-21T09:24:55+00:00
CVE-2026-16224,updated,2026-07-20,cve_2026_to_now,2026-07-21T09:24:55+00:00
CVE-2026-16225,updated,2026-07-20,cve_2026_to_now,2026-07-21T09:24:55+00:00
CVE-2026-16226,updated,2026-07-20,cve_2026_to_now,2026-07-21T09:24:55+00:00
CVE-2026-16228,updated,2026-07-20,cve_2026_to_now,2026-07-21T09:24:55+00:00
CVE-2026-16235,updated,,cve_2026_to_now,2026-07-21T09:24:55+00:00
CVE-2026-16242,updated,,cve_2026_to_now,2026-07-21T09:24:55+00:00
CVE-2026-16244,added,,cve_2026_to_now,2026-07-21T09:24:55+00:00
CVE-2026-16246,added,,cve_2026_to_now,2026-07-21T09:24:55+00:00
CVE-2026-16247,added,,cve_2026_to_now,2026-07-21T09:24:55+00:00
CVE-2026-16248,added,,cve_2026_to_now,2026-07-21T09:24:55+00:00
CVE-2026-16252,added,,cve_2026_to_now,2026-07-21T09:24:55+00:00
CVE-2026-16254,added,,cve_2026_to_now,2026-07-21T09:24:55+00:00
CVE-2026-16266,added,,cve_2026_to_now,2026-07-21T09:24:55+00:00
CVE-2026-16277,added,,cve_2026_to_now,2026-07-21T09:24:55+00:00
CVE-2026-16324,added,,cve_2026_to_now,2026-07-21T09:24:55+00:00
CVE-2026-16327,added,,cve_2026_to_now,2026-07-21T09:24:55+00:00
CVE-2026-16329,added,,cve_2026_to_now,2026-07-21T09:24:55+00:00
CVE-2026-16330,added,,cve_2026_to_now,2026-07-21T09:24:55+00:00
CVE-2026-16331,added,,cve_2026_to_now,2026-07-21T09:24:55+00:00
CVE-2026-16332,added,,cve_2026_to_now,2026-07-21T09:24:55+00:00
CVE-2026-16334,added,,cve_2026_to_now,2026-07-21T09:24:55+00:00
CVE-2026-16336,added,,cve_2026_to_now,2026-07-21T09:24:55+00:00
CVE-2026-16337,added,,cve_2026_to_now,2026-07-21T09:24:55+00:00
CVE-2026-21441,updated,2026-07-20,cve_2026_to_now,2026-07-21T09:24:55+00:00
CVE-2026-21721,updated,2026-07-20,cve_2026_to_now,2026-07-21T09:24:55+00:00
CVE-2026-21728,updated,2026-07-20,cve_2026_to_now,2026-07-21T09:24:55+00:00
CVE-2026-21824,added,,cve_2026_to_now,2026-07-21T09:24:55+00:00
CVE-2026-22029,updated,2026-07-20,cve_2026_to_now,2026-07-21T09:24:55+00:00
CVE-2026-22797,updated,2026-07-20,cve_2026_to_now,2026-07-21T09:24:55+00:00
CVE-2026-23490,updated,2026-07-20,cve_2026_to_now,2026-07-21T09:24:55+00:00
CVE-2026-23745,updated,2026-07-20,cve_2026_to_now,2026-07-21T09:24:55+00:00
CVE-2026-24049,updated,2026-07-20,cve_2026_to_now,2026-07-21T09:24:55+00:00
CVE-2026-24737,updated,2026-07-20,cve_2026_to_now,2026-07-21T09:24:55+00:00
CVE-2026-24842,updated,2026-07-20,cve_2026_to_now,2026-07-21T09:24:55+00:00
CVE-2026-25039,added,,cve_2026_to_now,2026-07-21T09:24:55+00:00
CVE-2026-25535,updated,2026-07-20,cve_2026_to_now,2026-07-21T09:24:55+00:00
CVE-2026-25639,updated,2026-07-20,cve_2026_to_now,2026-07-21T09:24:55+00:00
CVE-2026-25679,updated,2026-07-20,cve_2026_to_now,2026-07-21T09:24:55+00:00
CVE-2026-25755,updated,2026-07-20,cve_2026_to_now,2026-07-21T09:24:55+00:00
CVE-2026-25896,updated,2026-07-20,cve_2026_to_now,2026-07-21T09:24:55+00:00
CVE-2026-25940,updated,2026-07-20,cve_2026_to_now,2026-07-21T09:24:55+00:00
CVE-2026-25990,updated,2026-07-20,cve_2026_to_now,2026-07-21T09:24:55+00:00
CVE-2026-26007,updated,2026-07-20,cve_2026_to_now,2026-07-21T09:24:55+00:00
CVE-2026-26080,added,,cve_2026_to_now,2026-07-21T09:24:55+00:00
CVE-2026-26081,added,,cve_2026_to_now,2026-07-21T09:24:55+00:00
CVE-2026-26145,updated,2026-07-20,cve_2026_to_now,2026-07-21T09:24:55+00:00
CVE-2026-26197,added,,cve_2026_to_now,2026-07-21T09:24:55+00:00
CVE-2026-26199,added,,cve_2026_to_now,2026-07-21T09:24:55+00:00
CVE-2026-26278,updated,2026-07-20,cve_2026_to_now,2026-07-21T09:24:55+00:00
CVE-2026-26483,added,,cve_2026_to_now,2026-07-21T09:24:55+00:00
CVE-2026-27137,updated,2026-07-20,cve_2026_to_now,2026-07-21T09:24:55+00:00
CVE-2026-27145,updated,2026-07-20,cve_2026_to_now,2026-07-21T09:24:55+00:00
CVE-2026-27459,updated,2026-07-20,cve_2026_to_now,2026-07-21T09:24:55+00:00
CVE-2026-27606,updated,2026-07-20,cve_2026_to_now,2026-07-21T09:24:55+00:00
CVE-2026-27823,added,,cve_2026_to_now,2026-07-21T09:24:55+00:00
CVE-2026-27889,updated,2026-07-20,cve_2026_to_now,2026-07-21T09:24:55+00:00
CVE-2026-27962,updated,2026-07-20,cve_2026_to_now,2026-07-21T09:24:55+00:00
CVE-2026-28220,added,,cve_2026_to_now,2026-07-21T09:24:55+00:00
CVE-2026-28498,updated,2026-07-20,cve_2026_to_now,2026-07-21T09:24:55+00:00
CVE-2026-28802,updated,2026-07-20,cve_2026_to_now,2026-07-21T09:24:55+00:00
CVE-2026-29063,updated,2026-07-20,cve_2026_to_now,2026-07-21T09:24:55+00:00
CVE-2026-29074,updated,2026-07-20,cve_2026_to_now,2026-07-21T09:24:55+00:00
CVE-2026-29146,updated,2026-07-20,cve_2026_to_now,2026-07-21T09:24:55+00:00
CVE-2026-29181,updated,2026-07-20,cve_2026_to_now,2026-07-21T09:24:55+00:00
CVE-2026-29785,updated,2026-07-20,cve_2026_to_now,2026-07-21T09:24:55+00:00
CVE-2026-30922,updated,2026-07-20,cve_2026_to_now,2026-07-21T09:24:55+00:00
CVE-2026-31607,updated,2026-07-20,cve_2026_to_now,2026-07-21T09:24:55+00:00
CVE-2026-31837,updated,2026-07-20,cve_2026_to_now,2026-07-21T09:24:55+00:00
CVE-2026-31898,updated,2026-07-20,cve_2026_to_now,2026-07-21T09:24:55+00:00
CVE-2026-31938,updated,2026-07-20,cve_2026_to_now,2026-07-21T09:24:55+00:00
CVE-2026-32280,updated,2026-07-20,cve_2026_to_now,2026-07-21T09:24:55+00:00
CVE-2026-32283,updated,2026-07-20,cve_2026_to_now,2026-07-21T09:24:55+00:00
CVE-2026-32285,updated,2026-07-20,cve_2026_to_now,2026-07-21T09:24:55+00:00
CVE-2026-32286,updated,2026-07-20,cve_2026_to_now,2026-07-21T09:24:55+00:00
CVE-2026-32589,updated,2026-07-20,cve_2026_to_now,2026-07-21T09:24:55+00:00
CVE-2026-32591,updated,2026-07-21,cve_2026_to_now,2026-07-21T09:24:55+00:00
CVE-2026-32597,updated,2026-07-20,cve_2026_to_now,2026-07-21T09:24:55+00:00
CVE-2026-32806,added,,cve_2026_to_now,2026-07-21T09:24:55+00:00
CVE-2026-32807,added,,cve_2026_to_now,2026-07-21T09:24:55+00:00
CVE-2026-32819,added,,cve_2026_to_now,2026-07-21T09:24:55+00:00
CVE-2026-32820,added,,cve_2026_to_now,2026-07-21T09:24:55+00:00
CVE-2026-32821,added,,cve_2026_to_now,2026-07-21T09:24:55+00:00
CVE-2026-32822,added,,cve_2026_to_now,2026-07-21T09:24:55+00:00
CVE-2026-32823,added,,cve_2026_to_now,2026-07-21T09:24:55+00:00
CVE-2026-32824,added,,cve_2026_to_now,2026-07-21T09:24:55+00:00
CVE-2026-32825,added,,cve_2026_to_now,2026-07-21T09:24:55+00:00
CVE-2026-33186,updated,2026-07-20,cve_2026_to_now,2026-07-21T09:24:55+00:00
CVE-2026-33211,updated,2026-07-20,cve_2026_to_now,2026-07-21T09:24:55+00:00
CVE-2026-33216,updated,2026-07-20,cve_2026_to_now,2026-07-21T09:24:55+00:00
CVE-2026-33217,updated,2026-07-20,cve_2026_to_now,2026-07-21T09:24:55+00:00
CVE-2026-33218,updated,2026-07-20,cve_2026_to_now,2026-07-21T09:24:55+00:00
CVE-2026-33219,updated,2026-07-20,cve_2026_to_now,2026-07-21T09:24:55+00:00
CVE-2026-33247,updated,2026-07-20,cve_2026_to_now,2026-07-21T09:24:55+00:00
CVE-2026-33327,added,,cve_2026_to_now,2026-07-21T09:24:55+00:00
CVE-2026-33328,added,,cve_2026_to_now,2026-07-21T09:24:55+00:00
CVE-2026-33487,updated,2026-07-20,cve_2026_to_now,2026-07-21T09:24:55+00:00
CVE-2026-33800,updated,2026-07-20,cve_2026_to_now,2026-07-21T09:24:55+00:00
CVE-2026-33810,updated,2026-07-20,cve_2026_to_now,2026-07-21T09:24:55+00:00
CVE-2026-33811,updated,2026-07-20,cve_2026_to_now,2026-07-21T09:24:55+00:00
CVE-2026-33814,updated,2026-07-20,cve_2026_to_now,2026-07-21T09:24:55+00:00
CVE-2026-33815,updated,2026-07-20,cve_2026_to_now,2026-07-21T09:24:55+00:00
CVE-2026-33816,updated,2026-07-20,cve_2026_to_now,2026-07-21T09:24:55+00:00
CVE-2026-33842,updated,2026-07-20,cve_2026_to_now,2026-07-21T09:24:55+00:00
CVE-2026-33845,updated,2026-07-20,cve_2026_to_now,2026-07-21T09:24:55+00:00
CVE-2026-33846,updated,2026-07-20,cve_2026_to_now,2026-07-21T09:24:55+00:00
CVE-2026-33894,updated,2026-07-20,cve_2026_to_now,2026-07-21T09:24:55+00:00
CVE-2026-33997,updated,2026-07-20,cve_2026_to_now,2026-07-21T09:24:55+00:00
CVE-2026-34239,added,,cve_2026_to_now,2026-07-21T09:24:55+00:00
CVE-2026-34328,updated,2026-07-20,cve_2026_to_now,2026-07-21T09:24:55+00:00
CVE-2026-34346,updated,2026-07-20,cve_2026_to_now,2026-07-21T09:24:55+00:00
CVE-2026-34348,updated,2026-07-20,cve_2026_to_now,2026-07-21T09:24:55+00:00
CVE-2026-34349,updated,2026-07-20,cve_2026_to_now,2026-07-21T09:24:55+00:00
CVE-2026-34355,updated,2026-07-20,cve_2026_to_now,2026-07-21T09:24:55+00:00
CVE-2026-34486,updated,2026-07-20,cve_2026_to_now,2026-07-21T09:24:55+00:00
CVE-2026-34632,updated,2026-07-20,cve_2026_to_now,2026-07-21T09:24:55+00:00
CVE-2026-34986,updated,2026-07-20,cve_2026_to_now,2026-07-21T09:24:55+00:00
CVE-2026-34993,updated,2026-07-20,cve_2026_to_now,2026-07-21T09:24:55+00:00
CVE-2026-35048,added,,cve_2026_to_now,2026-07-21T09:24:55+00:00
CVE-2026-35198,added,,cve_2026_to_now,2026-07-21T09:24:55+00:00
CVE-2026-35217,added,,cve_2026_to_now,2026-07-21T09:24:55+00:00
CVE-2026-35469,updated,2026-07-20,cve_2026_to_now,2026-07-21T09:24:55+00:00
CVE-2026-35590,added,,cve_2026_to_now,2026-07-21T09:24:55+00:00
CVE-2026-35591,added,,cve_2026_to_now,2026-07-21T09:24:55+00:00
CVE-2026-36669,updated,2026-07-20,cve_2026_to_now,2026-07-21T09:24:55+00:00
CVE-2026-38752,updated,2026-07-20,cve_2026_to_now,2026-07-21T09:24:55+00:00
CVE-2026-38753,updated,2026-07-20,cve_2026_to_now,2026-07-21T09:24:55+00:00
CVE-2026-38754,updated,2026-07-20,cve_2026_to_now,2026-07-21T09:24:55+00:00
CVE-2026-38755,updated,2026-07-20,cve_2026_to_now,2026-07-21T09:24:55+00:00
CVE-2026-39385,added,,cve_2026_to_now,2026-07-21T09:24:55+00:00
CVE-2026-39820,updated,2026-07-20,cve_2026_to_now,2026-07-21T09:24:55+00:00
CVE-2026-39821,updated,2026-07-20,cve_2026_to_now,2026-07-21T09:24:55+00:00
CVE-2026-39828,updated,2026-07-20,cve_2026_to_now,2026-07-21T09:24:55+00:00
CVE-2026-39829,updated,2026-07-20,cve_2026_to_now,2026-07-21T09:24:55+00:00
CVE-2026-39830,updated,2026-07-20,cve_2026_to_now,2026-07-21T09:24:55+00:00
CVE-2026-39832,updated,2026-07-20,cve_2026_to_now,2026-07-21T09:24:55+00:00
CVE-2026-39835,updated,2026-07-20,cve_2026_to_now,2026-07-21T09:24:55+00:00
CVE-2026-39878,added,,cve_2026_to_now,2026-07-21T09:24:55+00:00
CVE-2026-39879,added,,cve_2026_to_now,2026-07-21T09:24:55+00:00
CVE-2026-39892,updated,2026-07-20,cve_2026_to_now,2026-07-21T09:24:55+00:00
CVE-2026-40175,updated,2026-07-20,cve_2026_to_now,2026-07-21T09:24:55+00:00
CVE-2026-40187,added,,cve_2026_to_now,2026-07-21T09:24:55+00:00
CVE-2026-40192,updated,2026-07-20,cve_2026_to_now,2026-07-21T09:24:55+00:00
CVE-2026-40293,updated,2026-07-20,cve_2026_to_now,2026-07-21T09:24:55+00:00
CVE-2026-40378,updated,2026-07-20,cve_2026_to_now,2026-07-21T09:24:55+00:00
CVE-2026-40400,updated,2026-07-20,cve_2026_to_now,2026-07-21T09:24:55+00:00
CVE-2026-40422,updated,2026-07-20,cve_2026_to_now,2026-07-21T09:24:55+00:00
CVE-2026-40895,updated,2026-07-20,cve_2026_to_now,2026-07-21T09:24:55+00:00
CVE-2026-40938,updated,2026-07-20,cve_2026_to_now,2026-07-21T09:24:55+00:00
CVE-2026-41087,updated,2026-07-20,cve_2026_to_now,2026-07-21T09:24:55+00:00
CVE-2026-41106,updated,2026-07-20,cve_2026_to_now,2026-07-21T09:24:55+00:00
CVE-2026-41109,updated,2026-07-20,cve_2026_to_now,2026-07-21T09:24:55+00:00
CVE-2026-41252,added,,cve_2026_to_now,2026-07-21T09:24:55+00:00
CVE-2026-41521,added,,cve_2026_to_now,2026-07-21T09:24:55+00:00
CVE-2026-41567,updated,2026-07-20,cve_2026_to_now,2026-07-21T09:24:55+00:00
CVE-2026-41602,updated,2026-07-20,cve_2026_to_now,2026-07-21T09:24:55+00:00
CVE-2026-41603,updated,2026-07-20,cve_2026_to_now,2026-07-21T09:24:55+00:00
CVE-2026-41604,updated,2026-07-20,cve_2026_to_now,2026-07-21T09:24:55+00:00
CVE-2026-41605,updated,2026-07-20,cve_2026_to_now,2026-07-21T09:24:55+00:00
CVE-2026-41606,updated,2026-07-20,cve_2026_to_now,2026-07-21T09:24:55+00:00
CVE-2026-41607,updated,2026-07-20,cve_2026_to_now,2026-07-21T09:24:55+00:00
CVE-2026-41674,updated,2026-07-20,cve_2026_to_now,2026-07-21T09:24:55+00:00
CVE-2026-42006,updated,2026-07-20,cve_2026_to_now,2026-07-21T09:24:55+00:00
CVE-2026-42009,updated,2026-07-20,cve_2026_to_now,2026-07-21T09:24:55+00:00
CVE-2026-42010,updated,2026-07-20,cve_2026_to_now,2026-07-21T09:24:55+00:00
CVE-2026-42011,updated,2026-07-20,cve_2026_to_now,2026-07-21T09:24:55+00:00
CVE-2026-42012,updated,2026-07-20,cve_2026_to_now,2026-07-21T09:24:55+00:00
CVE-2026-42013,updated,2026-07-20,cve_2026_to_now,2026-07-21T09:24:55+00:00
CVE-2026-42014,updated,2026-07-20,cve_2026_to_now,2026-07-21T09:24:55+00:00
CVE-2026-42015,updated,2026-07-20,cve_2026_to_now,2026-07-21T09:24:55+00:00
CVE-2026-42033,updated,2026-07-20,cve_2026_to_now,2026-07-21T09:24:55+00:00
CVE-2026-42039,updated,2026-07-20,cve_2026_to_now,2026-07-21T09:24:55+00:00
CVE-2026-42041,updated,2026-07-20,cve_2026_to_now,2026-07-21T09:24:55+00:00
CVE-2026-42043,updated,2026-07-20,cve_2026_to_now,2026-07-21T09:24:55+00:00
CVE-2026-42044,updated,2026-07-20,cve_2026_to_now,2026-07-21T09:24:55+00:00
CVE-2026-42151,updated,2026-07-20,cve_2026_to_now,2026-07-21T09:24:55+00:00
CVE-2026-42154,updated,2026-07-20,cve_2026_to_now,2026-07-21T09:24:55+00:00
CVE-2026-42168,updated,2026-07-20,cve_2026_to_now,2026-07-21T09:24:55+00:00
CVE-2026-42210,added,,cve_2026_to_now,2026-07-21T09:24:55+00:00
CVE-2026-42218,added,,cve_2026_to_now,2026-07-21T09:24:55+00:00
CVE-2026-42258,updated,2026-07-20,cve_2026_to_now,2026-07-21T09:24:55+00:00
CVE-2026-42264,updated,2026-07-20,cve_2026_to_now,2026-07-21T09:24:55+00:00
CVE-2026-42338,updated,2026-07-20,cve_2026_to_now,2026-07-21T09:24:55+00:00
CVE-2026-42499,updated,2026-07-20,cve_2026_to_now,2026-07-21T09:24:55+00:00
CVE-2026-42508,updated,2026-07-20,cve_2026_to_now,2026-07-21T09:24:55+00:00
CVE-2026-42536,updated,2026-07-20,cve_2026_to_now,2026-07-21T09:24:55+00:00
CVE-2026-42770,updated,2026-07-20,cve_2026_to_now,2026-07-21T09:24:55+00:00
CVE-2026-42880,updated,2026-07-20,cve_2026_to_now,2026-07-21T09:24:55+00:00
CVE-2026-42900,updated,2026-07-20,cve_2026_to_now,2026-07-21T09:24:55+00:00
CVE-2026-42945,updated,2026-07-20,cve_2026_to_now,2026-07-21T09:24:55+00:00
CVE-2026-42975,updated,2026-07-20,cve_2026_to_now,2026-07-21T09:24:55+00:00
CVE-2026-42982,updated,2026-07-20,cve_2026_to_now,2026-07-21T09:24:55+00:00
CVE-2026-42990,updated,2026-07-20,cve_2026_to_now,2026-07-21T09:24:55+00:00
CVE-2026-43037,updated,2026-07-20,cve_2026_to_now,2026-07-21T09:24:55+00:00
CVE-2026-43125,updated,2026-07-20,cve_2026_to_now,2026-07-21T09:24:55+00:00
CVE-2026-43198,updated,2026-07-20,cve_2026_to_now,2026-07-21T09:24:55+00:00
CVE-2026-43869,updated,2026-07-20,cve_2026_to_now,2026-07-21T09:24:55+00:00
CVE-2026-44178,added,,cve_2026_to_now,2026-07-21T09:24:55+00:00
CVE-2026-44185,updated,2026-07-20,cve_2026_to_now,2026-07-21T09:24:55+00:00
CVE-2026-44227,added,,cve_2026_to_now,2026-07-21T09:24:55+00:00
CVE-2026-44228,added,,cve_2026_to_now,2026-07-21T09:24:55+00:00
CVE-2026-44229,added,,cve_2026_to_now,2026-07-21T09:24:55+00:00
CVE-2026-44230,added,,cve_2026_to_now,2026-07-21T09:24:55+00:00
CVE-2026-44231,added,,cve_2026_to_now,2026-07-21T09:24:55+00:00
CVE-2026-44249,updated,2026-07-20,cve_2026_to_now,2026-07-21T09:24:55+00:00
CVE-2026-44289,updated,2026-07-20,cve_2026_to_now,2026-07-21T09:24:55+00:00
CVE-2026-44293,updated,2026-07-20,cve_2026_to_now,2026-07-21T09:24:55+00:00
CVE-2026-44359,updated,2026-07-20,cve_2026_to_now,2026-07-21T09:24:55+00:00
CVE-2026-44432,updated,2026-07-20,cve_2026_to_now,2026-07-21T09:24:55+00:00
CVE-2026-44486,updated,2026-07-20,cve_2026_to_now,2026-07-21T09:24:55+00:00
CVE-2026-44487,updated,2026-07-20,cve_2026_to_now,2026-07-21T09:24:55+00:00
CVE-2026-44488,updated,2026-07-20,cve_2026_to_now,2026-07-21T09:24:55+00:00
CVE-2026-44492,updated,2026-07-20,cve_2026_to_now,2026-07-21T09:24:55+00:00
CVE-2026-44494,updated,2026-07-20,cve_2026_to_now,2026-07-21T09:24:55+00:00
CVE-2026-44495,updated,2026-07-20,cve_2026_to_now,2026-07-21T09:24:55+00:00
CVE-2026-44496,updated,2026-07-20,cve_2026_to_now,2026-07-21T09:24:55+00:00
CVE-2026-44507,added,,cve_2026_to_now,2026-07-21T09:24:55+00:00
CVE-2026-44508,added,,cve_2026_to_now,2026-07-21T09:24:55+00:00
CVE-2026-44509,added,,cve_2026_to_now,2026-07-21T09:24:55+00:00
CVE-2026-44510,added,,cve_2026_to_now,2026-07-21T09:24:55+00:00
CVE-2026-44583,added,,cve_2026_to_now,2026-07-21T09:24:55+00:00
CVE-2026-44584,added,,cve_2026_to_now,2026-07-21T09:24:55+00:00
CVE-2026-44585,added,,cve_2026_to_now,2026-07-21T09:24:55+00:00
CVE-2026-44800,updated,2026-07-20,cve_2026_to_now,2026-07-21T09:24:55+00:00
CVE-2026-44806,updated,2026-07-20,cve_2026_to_now,2026-07-21T09:24:55+00:00
CVE-2026-44886,updated,2026-07-20,cve_2026_to_now,2026-07-21T09:24:55+00:00
CVE-2026-44891,updated,2026-07-20,cve_2026_to_now,2026-07-21T09:24:55+00:00
CVE-2026-44930,updated,2026-07-20,cve_2026_to_now,2026-07-21T09:24:55+00:00
CVE-2026-44974,updated,2026-07-21,cve_2026_to_now,2026-07-21T09:24:55+00:00
CVE-2026-44978,added,,cve_2026_to_now,2026-07-21T09:24:55+00:00
CVE-2026-44979,updated,2026-07-20,cve_2026_to_now,2026-07-21T09:24:55+00:00
CVE-2026-44990,updated,2026-07-20,cve_2026_to_now,2026-07-21T09:24:55+00:00
CVE-2026-45138,updated,2026-07-20,cve_2026_to_now,2026-07-21T09:24:55+00:00
CVE-2026-45139,added,,cve_2026_to_now,2026-07-21T09:24:55+00:00
CVE-2026-45260,updated,2026-07-21,cve_2026_to_now,2026-07-21T09:24:55+00:00
CVE-2026-45270,added,,cve_2026_to_now,2026-07-21T09:24:55+00:00
CVE-2026-45292,updated,2026-07-20,cve_2026_to_now,2026-07-21T09:24:55+00:00
CVE-2026-45295,added,,cve_2026_to_now,2026-07-21T09:24:55+00:00
CVE-2026-45309,updated,2026-07-21,cve_2026_to_now,2026-07-21T09:24:55+00:00
CVE-2026-45416,updated,2026-07-20,cve_2026_to_now,2026-07-21T09:24:55+00:00
CVE-2026-45447,updated,2026-07-20,cve_2026_to_now,2026-07-21T09:24:55+00:00
CVE-2026-45488,updated,2026-07-20,cve_2026_to_now,2026-07-21T09:24:55+00:00
CVE-2026-45489,updated,2026-07-20,cve_2026_to_now,2026-07-21T09:24:55+00:00
CVE-2026-45496,updated,2026-07-20,cve_2026_to_now,2026-07-21T09:24:55+00:00
CVE-2026-45499,updated,2026-07-20,cve_2026_to_now,2026-07-21T09:24:55+00:00
CVE-2026-45646,updated,2026-07-20,cve_2026_to_now,2026-07-21T09:24:55+00:00
CVE-2026-45704,updated,2026-07-20,cve_2026_to_now,2026-07-21T09:24:55+00:00
CVE-2026-45709,added,,cve_2026_to_now,2026-07-21T09:24:55+00:00
CVE-2026-45711,added,,cve_2026_to_now,2026-07-21T09:24:55+00:00
CVE-2026-45712,added,,cve_2026_to_now,2026-07-21T09:24:55+00:00
CVE-2026-45713,added,,cve_2026_to_now,2026-07-21T09:24:55+00:00
CVE-2026-45736,updated,2026-07-20,cve_2026_to_now,2026-07-21T09:24:55+00:00
CVE-2026-45784,updated,2026-07-20,cve_2026_to_now,2026-07-21T09:24:55+00:00
CVE-2026-45785,updated,2026-07-21,cve_2026_to_now,2026-07-21T09:24:55+00:00
CVE-2026-45797,added,,cve_2026_to_now,2026-07-21T09:24:55+00:00
CVE-2026-45799,updated,2026-07-20,cve_2026_to_now,2026-07-21T09:24:55+00:00
CVE-2026-45806,updated,2026-07-20,cve_2026_to_now,2026-07-21T09:24:55+00:00
CVE-2026-45852,updated,2026-07-20,cve_2026_to_now,2026-07-21T09:24:55+00:00
CVE-2026-46090,updated,2026-07-20,cve_2026_to_now,2026-07-21T09:24:55+00:00
CVE-2026-46116,updated,2026-07-20,cve_2026_to_now,2026-07-21T09:24:55+00:00
CVE-2026-46181,updated,2026-07-20,cve_2026_to_now,2026-07-21T09:24:55+00:00
CVE-2026-46243,updated,2026-07-20,cve_2026_to_now,2026-07-21T09:24:55+00:00
CVE-2026-46384,updated,2026-07-20,cve_2026_to_now,2026-07-21T09:24:55+00:00
CVE-2026-46385,updated,2026-07-20,cve_2026_to_now,2026-07-21T09:24:55+00:00
CVE-2026-46410,added,,cve_2026_to_now,2026-07-21T09:24:55+00:00
CVE-2026-46412,added,,cve_2026_to_now,2026-07-21T09:24:55+00:00
CVE-2026-46415,added,,cve_2026_to_now,2026-07-21T09:24:55+00:00
CVE-2026-46420,updated,2026-07-20,cve_2026_to_now,2026-07-21T09:24:55+00:00
CVE-2026-46428,added,,cve_2026_to_now,2026-07-21T09:24:55+00:00
CVE-2026-46485,updated,2026-07-20,cve_2026_to_now,2026-07-21T09:24:55+00:00
CVE-2026-46516,added,,cve_2026_to_now,2026-07-21T09:24:55+00:00
CVE-2026-46529,updated,2026-07-20,cve_2026_to_now,2026-07-21T09:24:55+00:00
CVE-2026-46555,added,,cve_2026_to_now,2026-07-21T09:24:55+00:00
CVE-2026-46579,updated,2026-07-20,cve_2026_to_now,2026-07-21T09:24:55+00:00
CVE-2026-46595,updated,2026-07-20,cve_2026_to_now,2026-07-21T09:24:55+00:00
CVE-2026-46671,added,,cve_2026_to_now,2026-07-21T09:24:55+00:00
CVE-2026-46701,added,,cve_2026_to_now,2026-07-21T09:24:55+00:00
CVE-2026-46715,added,,cve_2026_to_now,2026-07-21T09:24:55+00:00
CVE-2026-47128,added,,cve_2026_to_now,2026-07-21T09:24:55+00:00
CVE-2026-47129,added,,cve_2026_to_now,2026-07-21T09:24:55+00:00
CVE-2026-47130,added,,cve_2026_to_now,2026-07-21T09:24:55+00:00
CVE-2026-47133,added,,cve_2026_to_now,2026-07-21T09:24:55+00:00
CVE-2026-47134,added,,cve_2026_to_now,2026-07-21T09:24:55+00:00
CVE-2026-47144,added,,cve_2026_to_now,2026-07-21T09:24:55+00:00
CVE-2026-47184,updated,2026-07-21,cve_2026_to_now,2026-07-21T09:24:55+00:00
CVE-2026-47198,added,,cve_2026_to_now,2026-07-21T09:24:55+00:00
CVE-2026-47255,added,,cve_2026_to_now,2026-07-21T09:24:55+00:00
CVE-2026-47275,added,,cve_2026_to_now,2026-07-21T09:24:55+00:00
CVE-2026-47276,added,,cve_2026_to_now,2026-07-21T09:24:55+00:00
CVE-2026-47282,updated,2026-07-20,cve_2026_to_now,2026-07-21T09:24:55+00:00
CVE-2026-47290,updated,2026-07-20,cve_2026_to_now,2026-07-21T09:24:55+00:00
CVE-2026-47295,updated,2026-07-20,cve_2026_to_now,2026-07-21T09:24:55+00:00
CVE-2026-47296,updated,2026-07-20,cve_2026_to_now,2026-07-21T09:24:55+00:00
CVE-2026-47300,updated,2026-07-20,cve_2026_to_now,2026-07-21T09:24:55+00:00
CVE-2026-47301,updated,2026-07-20,cve_2026_to_now,2026-07-21T09:24:55+00:00
CVE-2026-47302,updated,2026-07-20,cve_2026_to_now,2026-07-21T09:24:55+00:00
CVE-2026-47303,updated,2026-07-20,cve_2026_to_now,2026-07-21T09:24:55+00:00
CVE-2026-47304,updated,2026-07-20,cve_2026_to_now,2026-07-21T09:24:55+00:00
CVE-2026-47305,updated,2026-07-20,cve_2026_to_now,2026-07-21T09:24:55+00:00
CVE-2026-47632,updated,2026-07-20,cve_2026_to_now,2026-07-21T09:24:55+00:00
CVE-2026-47642,updated,2026-07-20,cve_2026_to_now,2026-07-21T09:24:55+00:00
CVE-2026-47774,updated,2026-07-20,cve_2026_to_now,2026-07-21T09:24:55+00:00
CVE-2026-47865,updated,2026-07-20,cve_2026_to_now,2026-07-21T09:24:55+00:00
CVE-2026-47866,updated,2026-07-20,cve_2026_to_now,2026-07-21T09:24:55+00:00
CVE-2026-47867,updated,2026-07-20,cve_2026_to_now,2026-07-21T09:24:55+00:00
CVE-2026-47868,updated,2026-07-20,cve_2026_to_now,2026-07-21T09:24:55+00:00
CVE-2026-47869,updated,2026-07-20,cve_2026_to_now,2026-07-21T09:24:55+00:00
CVE-2026-47870,updated,2026-07-20,cve_2026_to_now,2026-07-21T09:24:55+00:00
CVE-2026-47871,updated,2026-07-20,cve_2026_to_now,2026-07-21T09:24:55+00:00
CVE-2026-47964,updated,2026-07-20,cve_2026_to_now,2026-07-21T09:24:55+00:00
CVE-2026-48014,updated,2026-07-21,cve_2026_to_now,2026-07-21T09:24:55+00:00
CVE-2026-48016,updated,2026-07-20,cve_2026_to_now,2026-07-21T09:24:55+00:00
CVE-2026-48022,updated,2026-07-20,cve_2026_to_now,2026-07-21T09:24:55+00:00
CVE-2026-48049,updated,2026-07-21,cve_2026_to_now,2026-07-21T09:24:55+00:00
CVE-2026-48062,updated,2026-07-20,cve_2026_to_now,2026-07-21T09:24:55+00:00
CVE-2026-48373,updated,2026-07-21,cve_2026_to_now,2026-07-21T09:24:55+00:00
CVE-2026-48389,added,,cve_2026_to_now,2026-07-21T09:24:55+00:00
CVE-2026-48487,updated,2026-07-20,cve_2026_to_now,2026-07-21T09:24:55+00:00
CVE-2026-48504,updated,2026-07-20,cve_2026_to_now,2026-07-21T09:24:55+00:00
CVE-2026-48526,updated,2026-07-20,cve_2026_to_now,2026-07-21T09:24:55+00:00
CVE-2026-48561,updated,2026-07-20,cve_2026_to_now,2026-07-21T09:24:55+00:00
CVE-2026-48564,updated,2026-07-20,cve_2026_to_now,2026-07-21T09:24:55+00:00
CVE-2026-48571,updated,2026-07-20,cve_2026_to_now,2026-07-21T09:24:55+00:00
CVE-2026-48572,updated,2026-07-20,cve_2026_to_now,2026-07-21T09:24:55+00:00
CVE-2026-48580,updated,2026-07-20,cve_2026_to_now,2026-07-21T09:24:55+00:00
CVE-2026-48581,updated,2026-07-20,cve_2026_to_now,2026-07-21T09:24:55+00:00
CVE-2026-48710,updated,2026-07-20,cve_2026_to_now,2026-07-21T09:24:55+00:00
CVE-2026-48746,updated,2026-07-20,cve_2026_to_now,2026-07-21T09:24:55+00:00
CVE-2026-48779,updated,2026-07-20,cve_2026_to_now,2026-07-21T09:24:55+00:00
CVE-2026-48812,added,,cve_2026_to_now,2026-07-21T09:24:55+00:00
CVE-2026-48819,updated,2026-07-20,cve_2026_to_now,2026-07-21T09:24:55+00:00
CVE-2026-48824,added,,cve_2026_to_now,2026-07-21T09:24:55+00:00
CVE-2026-48978,updated,2026-07-21,cve_2026_to_now,2026-07-21T09:24:55+00:00
CVE-2026-49162,updated,2026-07-20,cve_2026_to_now,2026-07-21T09:24:55+00:00
CVE-2026-49164,updated,2026-07-20,cve_2026_to_now,2026-07-21T09:24:55+00:00
CVE-2026-49165,updated,2026-07-20,cve_2026_to_now,2026-07-21T09:24:55+00:00
CVE-2026-49166,updated,2026-07-20,cve_2026_to_now,2026-07-21T09:24:55+00:00
CVE-2026-49167,updated,2026-07-20,cve_2026_to_now,2026-07-21T09:24:55+00:00
CVE-2026-49168,updated,2026-07-20,cve_2026_to_now,2026-07-21T09:24:55+00:00
CVE-2026-49169,updated,2026-07-20,cve_2026_to_now,2026-07-21T09:24:55+00:00
CVE-2026-49170,updated,2026-07-20,cve_2026_to_now,2026-07-21T09:24:55+00:00
CVE-2026-49171,updated,2026-07-20,cve_2026_to_now,2026-07-21T09:24:55+00:00
CVE-2026-49172,updated,2026-07-20,cve_2026_to_now,2026-07-21T09:24:55+00:00
CVE-2026-49173,updated,2026-07-20,cve_2026_to_now,2026-07-21T09:24:55+00:00
CVE-2026-49174,updated,2026-07-20,cve_2026_to_now,2026-07-21T09:24:55+00:00
CVE-2026-49175,updated,2026-07-20,cve_2026_to_now,2026-07-21T09:24:55+00:00
CVE-2026-49176,updated,2026-07-20,cve_2026_to_now,2026-07-21T09:24:55+00:00
CVE-2026-49177,updated,2026-07-20,cve_2026_to_now,2026-07-21T09:24:55+00:00
CVE-2026-49178,updated,2026-07-20,cve_2026_to_now,2026-07-21T09:24:55+00:00
CVE-2026-49180,updated,2026-07-20,cve_2026_to_now,2026-07-21T09:24:55+00:00
CVE-2026-49181,updated,2026-07-20,cve_2026_to_now,2026-07-21T09:24:55+00:00
CVE-2026-49183,updated,2026-07-20,cve_2026_to_now,2026-07-21T09:24:55+00:00
CVE-2026-49184,updated,2026-07-20,cve_2026_to_now,2026-07-21T09:24:55+00:00
CVE-2026-49208,updated,2026-07-21,cve_2026_to_now,2026-07-21T09:24:55+00:00
CVE-2026-49216,updated,2026-07-21,cve_2026_to_now,2026-07-21T09:24:55+00:00
CVE-2026-49284,updated,2026-07-20,cve_2026_to_now,2026-07-21T09:24:55+00:00
CVE-2026-49485,updated,2026-07-20,cve_2026_to_now,2026-07-21T09:24:55+00:00
CVE-2026-49783,updated,2026-07-20,cve_2026_to_now,2026-07-21T09:24:55+00:00
CVE-2026-49784,updated,2026-07-20,cve_2026_to_now,2026-07-21T09:24:55+00:00
CVE-2026-49787,updated,2026-07-20,cve_2026_to_now,2026-07-21T09:24:55+00:00
CVE-2026-49788,updated,2026-07-20,cve_2026_to_now,2026-07-21T09:24:55+00:00
CVE-2026-49789,updated,2026-07-20,cve_2026_to_now,2026-07-21T09:24:55+00:00
CVE-2026-49790,updated,2026-07-20,cve_2026_to_now,2026-07-21T09:24:55+00:00
CVE-2026-49791,updated,2026-07-20,cve_2026_to_now,2026-07-21T09:24:55+00:00
CVE-2026-49792,updated,2026-07-20,cve_2026_to_now,2026-07-21T09:24:55+00:00
CVE-2026-49793,updated,2026-07-20,cve_2026_to_now,2026-07-21T09:24:55+00:00
CVE-2026-49794,updated,2026-07-20,cve_2026_to_now,2026-07-21T09:24:55+00:00
CVE-2026-49795,updated,2026-07-20,cve_2026_to_now,2026-07-21T09:24:55+00:00
CVE-2026-49796,updated,2026-07-20,cve_2026_to_now,2026-07-21T09:24:55+00:00
CVE-2026-49797,updated,2026-07-20,cve_2026_to_now,2026-07-21T09:24:55+00:00
CVE-2026-49798,updated,2026-07-20,cve_2026_to_now,2026-07-21T09:24:55+00:00
CVE-2026-49799,updated,2026-07-20,cve_2026_to_now,2026-07-21T09:24:55+00:00
CVE-2026-49800,updated,2026-07-20,cve_2026_to_now,2026-07-21T09:24:55+00:00
CVE-2026-49801,updated,2026-07-20,cve_2026_to_now,2026-07-21T09:24:55+00:00
CVE-2026-49802,updated,2026-07-20,cve_2026_to_now,2026-07-21T09:24:55+00:00
CVE-2026-49803,updated,2026-07-20,cve_2026_to_now,2026-07-21T09:24:55+00:00
CVE-2026-49804,updated,2026-07-20,cve_2026_to_now,2026-07-21T09:24:55+00:00
CVE-2026-49805,updated,2026-07-20,cve_2026_to_now,2026-07-21T09:24:55+00:00
CVE-2026-49806,updated,2026-07-20,cve_2026_to_now,2026-07-21T09:24:55+00:00
CVE-2026-49807,updated,2026-07-20,cve_2026_to_now,2026-07-21T09:24:55+00:00
CVE-2026-49808,updated,2026-07-20,cve_2026_to_now,2026-07-21T09:24:55+00:00
CVE-2026-49852,updated,2026-07-20,cve_2026_to_now,2026-07-21T09:24:55+00:00
CVE-2026-49977,updated,2026-07-20,cve_2026_to_now,2026-07-21T09:24:55+00:00
CVE-2026-49997,updated,2026-07-20,cve_2026_to_now,2026-07-21T09:24:55+00:00
CVE-2026-50010,updated,2026-07-20,cve_2026_to_now,2026-07-21T09:24:55+00:00
CVE-2026-50148,updated,2026-07-20,cve_2026_to_now,2026-07-21T09:24:55+00:00
CVE-2026-50151,updated,2026-07-20,cve_2026_to_now,2026-07-21T09:24:55+00:00
CVE-2026-50162,updated,2026-07-20,cve_2026_to_now,2026-07-21T09:24:55+00:00
CVE-2026-50163,updated,2026-07-20,cve_2026_to_now,2026-07-21T09:24:55+00:00
CVE-2026-50185,updated,2026-07-20,cve_2026_to_now,2026-07-21T09:24:55+00:00
CVE-2026-50197,updated,2026-07-20,cve_2026_to_now,2026-07-21T09:24:55+00:00
CVE-2026-50271,updated,2026-07-20,cve_2026_to_now,2026-07-21T09:24:55+00:00
CVE-2026-50272,updated,2026-07-21,cve_2026_to_now,2026-07-21T09:24:55+00:00
CVE-2026-50274,updated,2026-07-20,cve_2026_to_now,2026-07-21T09:24:55+00:00
CVE-2026-50289,updated,2026-07-20,cve_2026_to_now,2026-07-21T09:24:55+00:00
CVE-2026-50293,updated,2026-07-20,cve_2026_to_now,2026-07-21T09:24:55+00:00
CVE-2026-50294,updated,2026-07-20,cve_2026_to_now,2026-07-21T09:24:55+00:00
CVE-2026-50295,updated,2026-07-20,cve_2026_to_now,2026-07-21T09:24:55+00:00
CVE-2026-50296,updated,2026-07-20,cve_2026_to_now,2026-07-21T09:24:55+00:00
CVE-2026-50297,updated,2026-07-20,cve_2026_to_now,2026-07-21T09:24:55+00:00
CVE-2026-50298,updated,2026-07-20,cve_2026_to_now,2026-07-21T09:24:55+00:00
CVE-2026-50299,updated,2026-07-20,cve_2026_to_now,2026-07-21T09:24:55+00:00
CVE-2026-50300,updated,2026-07-20,cve_2026_to_now,2026-07-21T09:24:55+00:00
CVE-2026-50301,updated,2026-07-20,cve_2026_to_now,2026-07-21T09:24:55+00:00
CVE-2026-50302,updated,2026-07-20,cve_2026_to_now,2026-07-21T09:24:55+00:00
CVE-2026-50303,updated,2026-07-20,cve_2026_to_now,2026-07-21T09:24:55+00:00
CVE-2026-50304,updated,2026-07-20,cve_2026_to_now,2026-07-21T09:24:55+00:00
CVE-2026-50305,updated,2026-07-20,cve_2026_to_now,2026-07-21T09:24:55+00:00
CVE-2026-50306,updated,2026-07-20,cve_2026_to_now,2026-07-21T09:24:55+00:00
CVE-2026-50307,updated,2026-07-20,cve_2026_to_now,2026-07-21T09:24:55+00:00
CVE-2026-50308,updated,2026-07-20,cve_2026_to_now,2026-07-21T09:24:55+00:00
CVE-2026-50309,updated,2026-07-20,cve_2026_to_now,2026-07-21T09:24:55+00:00
CVE-2026-50310,updated,2026-07-20,cve_2026_to_now,2026-07-21T09:24:55+00:00
CVE-2026-50311,updated,2026-07-20,cve_2026_to_now,2026-07-21T09:24:55+00:00
CVE-2026-50312,updated,2026-07-20,cve_2026_to_now,2026-07-21T09:24:55+00:00
CVE-2026-50313,updated,2026-07-20,cve_2026_to_now,2026-07-21T09:24:55+00:00
CVE-2026-50314,updated,2026-07-20,cve_2026_to_now,2026-07-21T09:24:55+00:00
CVE-2026-50315,updated,2026-07-20,cve_2026_to_now,2026-07-21T09:24:55+00:00
CVE-2026-50316,updated,2026-07-20,cve_2026_to_now,2026-07-21T09:24:55+00:00
CVE-2026-50317,updated,2026-07-20,cve_2026_to_now,2026-07-21T09:24:55+00:00
CVE-2026-50318,updated,2026-07-20,cve_2026_to_now,2026-07-21T09:24:55+00:00
CVE-2026-50321,updated,2026-07-20,cve_2026_to_now,2026-07-21T09:24:55+00:00
CVE-2026-50322,updated,2026-07-20,cve_2026_to_now,2026-07-21T09:24:55+00:00
CVE-2026-50323,updated,2026-07-20,cve_2026_to_now,2026-07-21T09:24:55+00:00
CVE-2026-50324,updated,2026-07-20,cve_2026_to_now,2026-07-21T09:24:55+00:00
CVE-2026-50325,updated,2026-07-20,cve_2026_to_now,2026-07-21T09:24:55+00:00
CVE-2026-50326,updated,2026-07-20,cve_2026_to_now,2026-07-21T09:24:55+00:00
CVE-2026-50327,updated,2026-07-20,cve_2026_to_now,2026-07-21T09:24:55+00:00
CVE-2026-50328,updated,2026-07-20,cve_2026_to_now,2026-07-21T09:24:55+00:00
CVE-2026-50329,updated,2026-07-20,cve_2026_to_now,2026-07-21T09:24:55+00:00
CVE-2026-50330,updated,2026-07-20,cve_2026_to_now,2026-07-21T09:24:55+00:00
CVE-2026-50331,updated,2026-07-20,cve_2026_to_now,2026-07-21T09:24:55+00:00
CVE-2026-50332,updated,2026-07-20,cve_2026_to_now,2026-07-21T09:24:55+00:00
CVE-2026-50333,updated,2026-07-20,cve_2026_to_now,2026-07-21T09:24:55+00:00
CVE-2026-50334,updated,2026-07-20,cve_2026_to_now,2026-07-21T09:24:55+00:00
CVE-2026-50335,updated,2026-07-20,cve_2026_to_now,2026-07-21T09:24:55+00:00
CVE-2026-50336,updated,2026-07-20,cve_2026_to_now,2026-07-21T09:24:55+00:00
CVE-2026-50337,updated,2026-07-20,cve_2026_to_now,2026-07-21T09:24:55+00:00
CVE-2026-50338,updated,2026-07-20,cve_2026_to_now,2026-07-21T09:24:55+00:00
CVE-2026-50339,updated,2026-07-20,cve_2026_to_now,2026-07-21T09:24:55+00:00
CVE-2026-50340,updated,2026-07-20,cve_2026_to_now,2026-07-21T09:24:55+00:00
CVE-2026-50341,updated,2026-07-20,cve_2026_to_now,2026-07-21T09:24:55+00:00
CVE-2026-50342,updated,2026-07-20,cve_2026_to_now,2026-07-21T09:24:55+00:00
CVE-2026-50343,updated,2026-07-20,cve_2026_to_now,2026-07-21T09:24:55+00:00
CVE-2026-50344,updated,2026-07-20,cve_2026_to_now,2026-07-21T09:24:55+00:00
CVE-2026-50345,updated,2026-07-20,cve_2026_to_now,2026-07-21T09:24:55+00:00
CVE-2026-50346,updated,2026-07-20,cve_2026_to_now,2026-07-21T09:24:55+00:00
CVE-2026-50347,updated,2026-07-20,cve_2026_to_now,2026-07-21T09:24:55+00:00
CVE-2026-50348,updated,2026-07-20,cve_2026_to_now,2026-07-21T09:24:55+00:00
CVE-2026-50350,updated,2026-07-20,cve_2026_to_now,2026-07-21T09:24:55+00:00
CVE-2026-50351,updated,2026-07-20,cve_2026_to_now,2026-07-21T09:24:55+00:00
CVE-2026-50352,updated,2026-07-20,cve_2026_to_now,2026-07-21T09:24:55+00:00
CVE-2026-50353,updated,2026-07-20,cve_2026_to_now,2026-07-21T09:24:55+00:00
CVE-2026-50354,updated,2026-07-20,cve_2026_to_now,2026-07-21T09:24:55+00:00
CVE-2026-50355,updated,2026-07-20,cve_2026_to_now,2026-07-21T09:24:55+00:00
CVE-2026-50356,updated,2026-07-20,cve_2026_to_now,2026-07-21T09:24:55+00:00
CVE-2026-50357,updated,2026-07-20,cve_2026_to_now,2026-07-21T09:24:55+00:00
CVE-2026-50358,updated,2026-07-20,cve_2026_to_now,2026-07-21T09:24:55+00:00
CVE-2026-50359,updated,2026-07-20,cve_2026_to_now,2026-07-21T09:24:55+00:00
CVE-2026-50360,updated,2026-07-20,cve_2026_to_now,2026-07-21T09:24:55+00:00
CVE-2026-50361,updated,2026-07-20,cve_2026_to_now,2026-07-21T09:24:55+00:00
CVE-2026-50362,updated,2026-07-20,cve_2026_to_now,2026-07-21T09:24:55+00:00
CVE-2026-50363,updated,2026-07-20,cve_2026_to_now,2026-07-21T09:24:55+00:00
CVE-2026-50364,updated,2026-07-20,cve_2026_to_now,2026-07-21T09:24:55+00:00
CVE-2026-50365,updated,2026-07-20,cve_2026_to_now,2026-07-21T09:24:55+00:00
CVE-2026-50366,updated,2026-07-20,cve_2026_to_now,2026-07-21T09:24:55+00:00
CVE-2026-50367,updated,2026-07-20,cve_2026_to_now,2026-07-21T09:24:55+00:00
CVE-2026-50368,updated,2026-07-20,cve_2026_to_now,2026-07-21T09:24:55+00:00
CVE-2026-50369,updated,2026-07-20,cve_2026_to_now,2026-07-21T09:24:55+00:00
CVE-2026-50370,updated,2026-07-20,cve_2026_to_now,2026-07-21T09:24:55+00:00
CVE-2026-50371,updated,2026-07-20,cve_2026_to_now,2026-07-21T09:24:55+00:00
CVE-2026-50372,updated,2026-07-20,cve_2026_to_now,2026-07-21T09:24:55+00:00
CVE-2026-50373,updated,2026-07-20,cve_2026_to_now,2026-07-21T09:24:55+00:00
CVE-2026-50374,updated,2026-07-20,cve_2026_to_now,2026-07-21T09:24:55+00:00
CVE-2026-50375,updated,2026-07-20,cve_2026_to_now,2026-07-21T09:24:55+00:00
CVE-2026-50376,updated,2026-07-20,cve_2026_to_now,2026-07-21T09:24:55+00:00
CVE-2026-50377,updated,2026-07-20,cve_2026_to_now,2026-07-21T09:24:55+00:00
CVE-2026-50378,updated,2026-07-21,cve_2026_to_now,2026-07-21T09:24:55+00:00
CVE-2026-50379,updated,2026-07-20,cve_2026_to_now,2026-07-21T09:24:55+00:00
CVE-2026-50380,updated,2026-07-20,cve_2026_to_now,2026-07-21T09:24:55+00:00
CVE-2026-50381,updated,2026-07-20,cve_2026_to_now,2026-07-21T09:24:55+00:00
CVE-2026-50382,updated,2026-07-20,cve_2026_to_now,2026-07-21T09:24:55+00:00
CVE-2026-50383,updated,2026-07-20,cve_2026_to_now,2026-07-21T09:24:55+00:00
CVE-2026-50384,updated,2026-07-20,cve_2026_to_now,2026-07-21T09:24:55+00:00
CVE-2026-50385,updated,2026-07-20,cve_2026_to_now,2026-07-21T09:24:55+00:00
CVE-2026-50386,updated,2026-07-20,cve_2026_to_now,2026-07-21T09:24:55+00:00
CVE-2026-50387,updated,2026-07-20,cve_2026_to_now,2026-07-21T09:24:55+00:00
CVE-2026-50388,updated,2026-07-20,cve_2026_to_now,2026-07-21T09:24:55+00:00
CVE-2026-50389,updated,2026-07-20,cve_2026_to_now,2026-07-21T09:24:55+00:00
CVE-2026-50390,updated,2026-07-20,cve_2026_to_now,2026-07-21T09:24:55+00:00
CVE-2026-50391,updated,2026-07-20,cve_2026_to_now,2026-07-21T09:24:55+00:00
CVE-2026-50392,updated,2026-07-20,cve_2026_to_now,2026-07-21T09:24:55+00:00
CVE-2026-50393,updated,2026-07-20,cve_2026_to_now,2026-07-21T09:24:55+00:00
CVE-2026-50394,updated,2026-07-20,cve_2026_to_now,2026-07-21T09:24:55+00:00
CVE-2026-50396,updated,2026-07-20,cve_2026_to_now,2026-07-21T09:24:55+00:00
CVE-2026-50397,updated,2026-07-20,cve_2026_to_now,2026-07-21T09:24:55+00:00
CVE-2026-50398,updated,2026-07-20,cve_2026_to_now,2026-07-21T09:24:55+00:00
CVE-2026-50399,updated,2026-07-20,cve_2026_to_now,2026-07-21T09:24:55+00:00
CVE-2026-50400,updated,2026-07-20,cve_2026_to_now,2026-07-21T09:24:55+00:00
CVE-2026-50401,updated,2026-07-20,cve_2026_to_now,2026-07-21T09:24:55+00:00
CVE-2026-50402,updated,2026-07-20,cve_2026_to_now,2026-07-21T09:24:55+00:00
CVE-2026-50403,updated,2026-07-20,cve_2026_to_now,2026-07-21T09:24:55+00:00
CVE-2026-50404,updated,2026-07-20,cve_2026_to_now,2026-07-21T09:24:55+00:00
CVE-2026-50405,updated,2026-07-20,cve_2026_to_now,2026-07-21T09:24:55+00:00
CVE-2026-50406,updated,2026-07-20,cve_2026_to_now,2026-07-21T09:24:55+00:00
CVE-2026-50407,updated,2026-07-20,cve_2026_to_now,2026-07-21T09:24:55+00:00
CVE-2026-50408,updated,2026-07-20,cve_2026_to_now,2026-07-21T09:24:55+00:00
CVE-2026-50409,updated,2026-07-20,cve_2026_to_now,2026-07-21T09:24:55+00:00
CVE-2026-50410,updated,2026-07-20,cve_2026_to_now,2026-07-21T09:24:55+00:00
CVE-2026-50411,updated,2026-07-20,cve_2026_to_now,2026-07-21T09:24:55+00:00
CVE-2026-50412,updated,2026-07-20,cve_2026_to_now,2026-07-21T09:24:55+00:00
CVE-2026-50413,updated,2026-07-20,cve_2026_to_now,2026-07-21T09:24:55+00:00
CVE-2026-50414,updated,2026-07-20,cve_2026_to_now,2026-07-21T09:24:55+00:00
CVE-2026-50415,updated,2026-07-20,cve_2026_to_now,2026-07-21T09:24:55+00:00
CVE-2026-50416,updated,2026-07-20,cve_2026_to_now,2026-07-21T09:24:55+00:00
CVE-2026-50417,updated,2026-07-20,cve_2026_to_now,2026-07-21T09:24:55+00:00
CVE-2026-50418,updated,2026-07-20,cve_2026_to_now,2026-07-21T09:24:55+00:00
CVE-2026-50419,updated,2026-07-20,cve_2026_to_now,2026-07-21T09:24:55+00:00
CVE-2026-50420,updated,2026-07-20,cve_2026_to_now,2026-07-21T09:24:55+00:00
CVE-2026-50421,updated,2026-07-20,cve_2026_to_now,2026-07-21T09:24:55+00:00
CVE-2026-50422,updated,2026-07-20,cve_2026_to_now,2026-07-21T09:24:55+00:00
CVE-2026-50423,updated,2026-07-20,cve_2026_to_now,2026-07-21T09:24:55+00:00
CVE-2026-50424,updated,2026-07-20,cve_2026_to_now,2026-07-21T09:24:55+00:00
CVE-2026-50425,updated,2026-07-20,cve_2026_to_now,2026-07-21T09:24:55+00:00
CVE-2026-50426,updated,2026-07-20,cve_2026_to_now,2026-07-21T09:24:55+00:00
CVE-2026-50427,updated,2026-07-20,cve_2026_to_now,2026-07-21T09:24:55+00:00
CVE-2026-50428,updated,2026-07-20,cve_2026_to_now,2026-07-21T09:24:55+00:00
CVE-2026-50429,updated,2026-07-20,cve_2026_to_now,2026-07-21T09:24:55+00:00
CVE-2026-50430,updated,2026-07-20,cve_2026_to_now,2026-07-21T09:24:55+00:00
CVE-2026-50431,updated,2026-07-20,cve_2026_to_now,2026-07-21T09:24:55+00:00
CVE-2026-50432,updated,2026-07-20,cve_2026_to_now,2026-07-21T09:24:55+00:00
CVE-2026-50433,updated,2026-07-20,cve_2026_to_now,2026-07-21T09:24:55+00:00
CVE-2026-50434,updated,2026-07-20,cve_2026_to_now,2026-07-21T09:24:55+00:00
CVE-2026-50435,updated,2026-07-20,cve_2026_to_now,2026-07-21T09:24:55+00:00
CVE-2026-50436,updated,2026-07-20,cve_2026_to_now,2026-07-21T09:24:55+00:00
CVE-2026-50437,updated,2026-07-20,cve_2026_to_now,2026-07-21T09:24:55+00:00
CVE-2026-50438,updated,2026-07-20,cve_2026_to_now,2026-07-21T09:24:55+00:00
CVE-2026-50439,updated,2026-07-20,cve_2026_to_now,2026-07-21T09:24:55+00:00
CVE-2026-50440,updated,2026-07-20,cve_2026_to_now,2026-07-21T09:24:55+00:00
CVE-2026-50441,updated,2026-07-20,cve_2026_to_now,2026-07-21T09:24:55+00:00
CVE-2026-50442,updated,2026-07-20,cve_2026_to_now,2026-07-21T09:24:55+00:00
CVE-2026-50444,updated,2026-07-20,cve_2026_to_now,2026-07-21T09:24:55+00:00
CVE-2026-50445,updated,2026-07-20,cve_2026_to_now,2026-07-21T09:24:55+00:00
CVE-2026-50447,updated,2026-07-20,cve_2026_to_now,2026-07-21T09:24:55+00:00
CVE-2026-50448,updated,2026-07-20,cve_2026_to_now,2026-07-21T09:24:55+00:00
CVE-2026-50449,updated,2026-07-20,cve_2026_to_now,2026-07-21T09:24:55+00:00
CVE-2026-50450,updated,2026-07-20,cve_2026_to_now,2026-07-21T09:24:55+00:00
CVE-2026-50451,updated,2026-07-20,cve_2026_to_now,2026-07-21T09:24:55+00:00
CVE-2026-50452,updated,2026-07-20,cve_2026_to_now,2026-07-21T09:24:55+00:00
CVE-2026-50453,updated,2026-07-20,cve_2026_to_now,2026-07-21T09:24:55+00:00
CVE-2026-50454,updated,2026-07-20,cve_2026_to_now,2026-07-21T09:24:55+00:00
CVE-2026-50455,updated,2026-07-20,cve_2026_to_now,2026-07-21T09:24:55+00:00
CVE-2026-50456,updated,2026-07-20,cve_2026_to_now,2026-07-21T09:24:55+00:00
CVE-2026-50457,updated,2026-07-20,cve_2026_to_now,2026-07-21T09:24:55+00:00
CVE-2026-50458,updated,2026-07-20,cve_2026_to_now,2026-07-21T09:24:55+00:00
CVE-2026-50459,updated,2026-07-20,cve_2026_to_now,2026-07-21T09:24:55+00:00
CVE-2026-50460,updated,2026-07-20,cve_2026_to_now,2026-07-21T09:24:55+00:00
CVE-2026-50461,updated,2026-07-20,cve_2026_to_now,2026-07-21T09:24:55+00:00
CVE-2026-50462,updated,2026-07-20,cve_2026_to_now,2026-07-21T09:24:55+00:00
CVE-2026-50463,updated,2026-07-20,cve_2026_to_now,2026-07-21T09:24:55+00:00
CVE-2026-50465,updated,2026-07-20,cve_2026_to_now,2026-07-21T09:24:55+00:00
CVE-2026-50466,updated,2026-07-20,cve_2026_to_now,2026-07-21T09:24:55+00:00
CVE-2026-50467,updated,2026-07-20,cve_2026_to_now,2026-07-21T09:24:55+00:00
CVE-2026-50468,updated,2026-07-20,cve_2026_to_now,2026-07-21T09:24:55+00:00
CVE-2026-50469,updated,2026-07-20,cve_2026_to_now,2026-07-21T09:24:55+00:00
CVE-2026-50470,updated,2026-07-20,cve_2026_to_now,2026-07-21T09:24:55+00:00
CVE-2026-50471,updated,2026-07-20,cve_2026_to_now,2026-07-21T09:24:55+00:00
CVE-2026-50473,updated,2026-07-20,cve_2026_to_now,2026-07-21T09:24:55+00:00
CVE-2026-50474,updated,2026-07-20,cve_2026_to_now,2026-07-21T09:24:55+00:00
CVE-2026-50475,updated,2026-07-20,cve_2026_to_now,2026-07-21T09:24:55+00:00
CVE-2026-50476,updated,2026-07-20,cve_2026_to_now,2026-07-21T09:24:55+00:00
CVE-2026-50477,updated,2026-07-20,cve_2026_to_now,2026-07-21T09:24:55+00:00
CVE-2026-50478,updated,2026-07-20,cve_2026_to_now,2026-07-21T09:24:55+00:00
CVE-2026-50479,updated,2026-07-20,cve_2026_to_now,2026-07-21T09:24:55+00:00
CVE-2026-50480,updated,2026-07-20,cve_2026_to_now,2026-07-21T09:24:55+00:00
CVE-2026-50482,updated,2026-07-20,cve_2026_to_now,2026-07-21T09:24:55+00:00
CVE-2026-50483,updated,2026-07-20,cve_2026_to_now,2026-07-21T09:24:55+00:00
CVE-2026-50484,updated,2026-07-20,cve_2026_to_now,2026-07-21T09:24:55+00:00
CVE-2026-50485,updated,2026-07-20,cve_2026_to_now,2026-07-21T09:24:55+00:00
CVE-2026-50486,updated,2026-07-20,cve_2026_to_now,2026-07-21T09:24:55+00:00
CVE-2026-50487,updated,2026-07-20,cve_2026_to_now,2026-07-21T09:24:55+00:00
CVE-2026-50488,updated,2026-07-20,cve_2026_to_now,2026-07-21T09:24:55+00:00
CVE-2026-50489,updated,2026-07-20,cve_2026_to_now,2026-07-21T09:24:55+00:00
CVE-2026-50490,updated,2026-07-20,cve_2026_to_now,2026-07-21T09:24:55+00:00
CVE-2026-50491,updated,2026-07-20,cve_2026_to_now,2026-07-21T09:24:55+00:00
CVE-2026-50492,updated,2026-07-20,cve_2026_to_now,2026-07-21T09:24:55+00:00
CVE-2026-50493,updated,2026-07-20,cve_2026_to_now,2026-07-21T09:24:55+00:00
CVE-2026-50494,updated,2026-07-20,cve_2026_to_now,2026-07-21T09:24:55+00:00
CVE-2026-50495,updated,2026-07-20,cve_2026_to_now,2026-07-21T09:24:55+00:00
CVE-2026-50496,updated,2026-07-20,cve_2026_to_now,2026-07-21T09:24:55+00:00
CVE-2026-50497,updated,2026-07-20,cve_2026_to_now,2026-07-21T09:24:55+00:00
CVE-2026-50498,updated,2026-07-20,cve_2026_to_now,2026-07-21T09:24:55+00:00
CVE-2026-50499,updated,2026-07-20,cve_2026_to_now,2026-07-21T09:24:55+00:00
CVE-2026-50500,updated,2026-07-20,cve_2026_to_now,2026-07-21T09:24:55+00:00
CVE-2026-50501,updated,2026-07-20,cve_2026_to_now,2026-07-21T09:24:55+00:00
CVE-2026-50502,updated,2026-07-20,cve_2026_to_now,2026-07-21T09:24:55+00:00
CVE-2026-50503,updated,2026-07-20,cve_2026_to_now,2026-07-21T09:24:55+00:00
CVE-2026-50504,updated,2026-07-20,cve_2026_to_now,2026-07-21T09:24:55+00:00
CVE-2026-50505,updated,2026-07-20,cve_2026_to_now,2026-07-21T09:24:55+00:00
CVE-2026-50506,updated,2026-07-20,cve_2026_to_now,2026-07-21T09:24:55+00:00
CVE-2026-50509,updated,2026-07-20,cve_2026_to_now,2026-07-21T09:24:55+00:00
CVE-2026-50510,updated,2026-07-20,cve_2026_to_now,2026-07-21T09:24:55+00:00
CVE-2026-50518,updated,2026-07-20,cve_2026_to_now,2026-07-21T09:24:55+00:00
CVE-2026-50520,updated,2026-07-20,cve_2026_to_now,2026-07-21T09:24:55+00:00
CVE-2026-50522,updated,2026-07-20,cve_2026_to_now,2026-07-21T09:24:55+00:00
CVE-2026-50524,updated,2026-07-20,cve_2026_to_now,2026-07-21T09:24:55+00:00
CVE-2026-50525,updated,2026-07-20,cve_2026_to_now,2026-07-21T09:24:55+00:00
CVE-2026-50526,updated,2026-07-20,cve_2026_to_now,2026-07-21T09:24:55+00:00
CVE-2026-50527,updated,2026-07-20,cve_2026_to_now,2026-07-21T09:24:55+00:00
CVE-2026-50528,updated,2026-07-20,cve_2026_to_now,2026-07-21T09:24:55+00:00
CVE-2026-50646,updated,2026-07-20,cve_2026_to_now,2026-07-21T09:24:55+00:00
CVE-2026-50647,updated,2026-07-20,cve_2026_to_now,2026-07-21T09:24:55+00:00
CVE-2026-50648,updated,2026-07-20,cve_2026_to_now,2026-07-21T09:24:55+00:00
CVE-2026-50649,updated,2026-07-20,cve_2026_to_now,2026-07-21T09:24:55+00:00
CVE-2026-50650,updated,2026-07-20,cve_2026_to_now,2026-07-21T09:24:55+00:00
CVE-2026-50651,updated,2026-07-20,cve_2026_to_now,2026-07-21T09:24:55+00:00
CVE-2026-50652,updated,2026-07-20,cve_2026_to_now,2026-07-21T09:24:55+00:00
CVE-2026-50653,updated,2026-07-20,cve_2026_to_now,2026-07-21T09:24:55+00:00
CVE-2026-50655,updated,2026-07-20,cve_2026_to_now,2026-07-21T09:24:55+00:00
CVE-2026-50657,updated,2026-07-20,cve_2026_to_now,2026-07-21T09:24:55+00:00
CVE-2026-50658,updated,2026-07-20,cve_2026_to_now,2026-07-21T09:24:55+00:00
CVE-2026-50659,updated,2026-07-20,cve_2026_to_now,2026-07-21T09:24:55+00:00
CVE-2026-50661,updated,2026-07-20,cve_2026_to_now,2026-07-21T09:24:55+00:00
CVE-2026-50663,updated,2026-07-20,cve_2026_to_now,2026-07-21T09:24:55+00:00
CVE-2026-50665,updated,2026-07-20,cve_2026_to_now,2026-07-21T09:24:55+00:00
CVE-2026-50666,updated,2026-07-20,cve_2026_to_now,2026-07-21T09:24:55+00:00
CVE-2026-50667,updated,2026-07-20,cve_2026_to_now,2026-07-21T09:24:55+00:00
CVE-2026-50668,updated,2026-07-20,cve_2026_to_now,2026-07-21T09:24:55+00:00
CVE-2026-50669,updated,2026-07-20,cve_2026_to_now,2026-07-21T09:24:55+00:00
CVE-2026-50670,updated,2026-07-20,cve_2026_to_now,2026-07-21T09:24:55+00:00
CVE-2026-50672,updated,2026-07-20,cve_2026_to_now,2026-07-21T09:24:55+00:00
CVE-2026-50673,updated,2026-07-20,cve_2026_to_now,2026-07-21T09:24:55+00:00
CVE-2026-50674,updated,2026-07-20,cve_2026_to_now,2026-07-21T09:24:55+00:00
CVE-2026-50675,updated,2026-07-20,cve_2026_to_now,2026-07-21T09:24:55+00:00
CVE-2026-50676,updated,2026-07-20,cve_2026_to_now,2026-07-21T09:24:55+00:00
CVE-2026-50677,updated,2026-07-20,cve_2026_to_now,2026-07-21T09:24:55+00:00
CVE-2026-50678,updated,2026-07-20,cve_2026_to_now,2026-07-21T09:24:55+00:00
CVE-2026-50679,updated,2026-07-20,cve_2026_to_now,2026-07-21T09:24:55+00:00
CVE-2026-50680,updated,2026-07-20,cve_2026_to_now,2026-07-21T09:24:55+00:00
CVE-2026-50681,updated,2026-07-20,cve_2026_to_now,2026-07-21T09:24:55+00:00
CVE-2026-50682,updated,2026-07-20,cve_2026_to_now,2026-07-21T09:24:55+00:00
CVE-2026-50683,updated,2026-07-20,cve_2026_to_now,2026-07-21T09:24:55+00:00
CVE-2026-50684,updated,2026-07-20,cve_2026_to_now,2026-07-21T09:24:55+00:00
CVE-2026-50685,updated,2026-07-20,cve_2026_to_now,2026-07-21T09:24:55+00:00
CVE-2026-50686,updated,2026-07-20,cve_2026_to_now,2026-07-21T09:24:55+00:00
CVE-2026-50687,updated,2026-07-20,cve_2026_to_now,2026-07-21T09:24:55+00:00
CVE-2026-50688,updated,2026-07-20,cve_2026_to_now,2026-07-21T09:24:55+00:00
CVE-2026-50689,updated,2026-07-20,cve_2026_to_now,2026-07-21T09:24:55+00:00
CVE-2026-50690,updated,2026-07-20,cve_2026_to_now,2026-07-21T09:24:55+00:00
CVE-2026-50692,updated,2026-07-20,cve_2026_to_now,2026-07-21T09:24:55+00:00
CVE-2026-50694,updated,2026-07-20,cve_2026_to_now,2026-07-21T09:24:55+00:00
CVE-2026-50695,updated,2026-07-20,cve_2026_to_now,2026-07-21T09:24:55+00:00
CVE-2026-50696,updated,2026-07-20,cve_2026_to_now,2026-07-21T09:24:55+00:00
CVE-2026-50697,updated,2026-07-20,cve_2026_to_now,2026-07-21T09:24:55+00:00
CVE-2026-50743,added,,cve_2026_to_now,2026-07-21T09:24:55+00:00
CVE-2026-51025,added,,cve_2026_to_now,2026-07-21T09:24:55+00:00
CVE-2026-51026,added,,cve_2026_to_now,2026-07-21T09:24:55+00:00
CVE-2026-51027,added,,cve_2026_to_now,2026-07-21T09:24:55+00:00
CVE-2026-51031,added,,cve_2026_to_now,2026-07-21T09:24:55+00:00
CVE-2026-51385,added,,cve_2026_to_now,2026-07-21T09:24:55+00:00
CVE-2026-51833,updated,2026-07-20,cve_2026_to_now,2026-07-21T09:24:55+00:00
CVE-2026-52199,updated,2026-07-20,cve_2026_to_now,2026-07-21T09:24:55+00:00
CVE-2026-52203,updated,2026-07-20,cve_2026_to_now,2026-07-21T09:24:55+00:00
CVE-2026-52348,updated,2026-07-20,cve_2026_to_now,2026-07-21T09:24:55+00:00
CVE-2026-52349,added,,cve_2026_to_now,2026-07-21T09:24:55+00:00
CVE-2026-52584,updated,2026-07-20,cve_2026_to_now,2026-07-21T09:24:55+00:00
CVE-2026-52656,added,,cve_2026_to_now,2026-07-21T09:24:55+00:00
CVE-2026-52887,updated,2026-07-20,cve_2026_to_now,2026-07-21T09:24:55+00:00
CVE-2026-53281,updated,2026-07-20,cve_2026_to_now,2026-07-21T09:24:55+00:00
CVE-2026-53368,updated,2026-07-20,cve_2026_to_now,2026-07-21T09:24:55+00:00
CVE-2026-53369,updated,2026-07-20,cve_2026_to_now,2026-07-21T09:24:55+00:00
CVE-2026-53373,updated,2026-07-20,cve_2026_to_now,2026-07-21T09:24:55+00:00
CVE-2026-53374,updated,2026-07-20,cve_2026_to_now,2026-07-21T09:24:55+00:00
CVE-2026-53375,updated,2026-07-20,cve_2026_to_now,2026-07-21T09:24:55+00:00
CVE-2026-53380,updated,2026-07-20,cve_2026_to_now,2026-07-21T09:24:55+00:00
CVE-2026-53381,updated,2026-07-20,cve_2026_to_now,2026-07-21T09:24:55+00:00
CVE-2026-53383,updated,2026-07-20,cve_2026_to_now,2026-07-21T09:24:55+00:00
CVE-2026-53384,updated,2026-07-20,cve_2026_to_now,2026-07-21T09:24:55+00:00
CVE-2026-53386,updated,2026-07-20,cve_2026_to_now,2026-07-21T09:24:55+00:00
CVE-2026-53387,updated,2026-07-20,cve_2026_to_now,2026-07-21T09:24:55+00:00
CVE-2026-53388,updated,2026-07-20,cve_2026_to_now,2026-07-21T09:24:55+00:00
CVE-2026-53389,updated,2026-07-20,cve_2026_to_now,2026-07-21T09:24:55+00:00
CVE-2026-53390,updated,2026-07-20,cve_2026_to_now,2026-07-21T09:24:55+00:00
CVE-2026-53391,updated,2026-07-20,cve_2026_to_now,2026-07-21T09:24:55+00:00
CVE-2026-53392,updated,2026-07-20,cve_2026_to_now,2026-07-21T09:24:55+00:00
CVE-2026-53394,updated,2026-07-20,cve_2026_to_now,2026-07-21T09:24:55+00:00
CVE-2026-53395,updated,2026-07-20,cve_2026_to_now,2026-07-21T09:24:55+00:00
CVE-2026-53396,updated,2026-07-20,cve_2026_to_now,2026-07-21T09:24:55+00:00
CVE-2026-53397,updated,2026-07-20,cve_2026_to_now,2026-07-21T09:24:55+00:00
CVE-2026-53398,updated,2026-07-20,cve_2026_to_now,2026-07-21T09:24:55+00:00
CVE-2026-53399,updated,2026-07-20,cve_2026_to_now,2026-07-21T09:24:55+00:00
CVE-2026-53400,updated,2026-07-20,cve_2026_to_now,2026-07-21T09:24:55+00:00
CVE-2026-53401,updated,2026-07-20,cve_2026_to_now,2026-07-21T09:24:55+00:00
CVE-2026-53402,updated,2026-07-20,cve_2026_to_now,2026-07-21T09:24:55+00:00
CVE-2026-53405,added,,cve_2026_to_now,2026-07-21T09:24:55+00:00
CVE-2026-53421,added,,cve_2026_to_now,2026-07-21T09:24:55+00:00
CVE-2026-53591,added,,cve_2026_to_now,2026-07-21T09:24:55+00:00
CVE-2026-53592,added,,cve_2026_to_now,2026-07-21T09:24:55+00:00
CVE-2026-53593,added,,cve_2026_to_now,2026-07-21T09:24:55+00:00
CVE-2026-53594,added,,cve_2026_to_now,2026-07-21T09:24:55+00:00
CVE-2026-53595,added,,cve_2026_to_now,2026-07-21T09:24:55+00:00
CVE-2026-53596,added,,cve_2026_to_now,2026-07-21T09:24:55+00:00
CVE-2026-53727,updated,2026-07-20,cve_2026_to_now,2026-07-21T09:24:55+00:00
CVE-2026-53987,updated,2026-07-20,cve_2026_to_now,2026-07-21T09:24:55+00:00
CVE-2026-53994,updated,2026-07-20,cve_2026_to_now,2026-07-21T09:24:55+00:00
CVE-2026-54051,added,,cve_2026_to_now,2026-07-21T09:24:55+00:00
CVE-2026-54107,updated,2026-07-20,cve_2026_to_now,2026-07-21T09:24:55+00:00
CVE-2026-54108,updated,2026-07-20,cve_2026_to_now,2026-07-21T09:24:55+00:00
CVE-2026-54109,updated,2026-07-20,cve_2026_to_now,2026-07-21T09:24:55+00:00
CVE-2026-54111,updated,2026-07-20,cve_2026_to_now,2026-07-21T09:24:55+00:00
CVE-2026-54112,updated,2026-07-20,cve_2026_to_now,2026-07-21T09:24:55+00:00
CVE-2026-54114,updated,2026-07-20,cve_2026_to_now,2026-07-21T09:24:55+00:00
CVE-2026-54115,updated,2026-07-20,cve_2026_to_now,2026-07-21T09:24:55+00:00
CVE-2026-54116,updated,2026-07-20,cve_2026_to_now,2026-07-21T09:24:55+00:00
CVE-2026-54117,updated,2026-07-20,cve_2026_to_now,2026-07-21T09:24:55+00:00
CVE-2026-54118,updated,2026-07-20,cve_2026_to_now,2026-07-21T09:24:55+00:00
CVE-2026-54119,updated,2026-07-20,cve_2026_to_now,2026-07-21T09:24:55+00:00
CVE-2026-54121,updated,2026-07-20,cve_2026_to_now,2026-07-21T09:24:55+00:00
CVE-2026-54122,updated,2026-07-20,cve_2026_to_now,2026-07-21T09:24:55+00:00
CVE-2026-54124,updated,2026-07-20,cve_2026_to_now,2026-07-21T09:24:55+00:00
CVE-2026-54125,updated,2026-07-20,cve_2026_to_now,2026-07-21T09:24:55+00:00
CVE-2026-54126,updated,2026-07-20,cve_2026_to_now,2026-07-21T09:24:55+00:00
CVE-2026-54127,updated,2026-07-20,cve_2026_to_now,2026-07-21T09:24:55+00:00
CVE-2026-54128,updated,2026-07-20,cve_2026_to_now,2026-07-21T09:24:55+00:00
CVE-2026-54129,updated,2026-07-20,cve_2026_to_now,2026-07-21T09:24:55+00:00
CVE-2026-54131,updated,2026-07-20,cve_2026_to_now,2026-07-21T09:24:55+00:00
CVE-2026-54132,updated,2026-07-20,cve_2026_to_now,2026-07-21T09:24:55+00:00
CVE-2026-54159,updated,2026-07-20,cve_2026_to_now,2026-07-21T09:24:55+00:00
CVE-2026-54163,updated,2026-07-20,cve_2026_to_now,2026-07-21T09:24:55+00:00
CVE-2026-54171,updated,2026-07-20,cve_2026_to_now,2026-07-21T09:24:55+00:00
CVE-2026-54242,updated,2026-07-20,cve_2026_to_now,2026-07-21T09:24:55+00:00
CVE-2026-54243,updated,2026-07-20,cve_2026_to_now,2026-07-21T09:24:55+00:00
CVE-2026-54244,updated,2026-07-20,cve_2026_to_now,2026-07-21T09:24:55+00:00
CVE-2026-54335,updated,2026-07-20,cve_2026_to_now,2026-07-21T09:24:55+00:00
CVE-2026-54463,updated,2026-07-20,cve_2026_to_now,2026-07-21T09:24:55+00:00
CVE-2026-54464,updated,2026-07-21,cve_2026_to_now,2026-07-21T09:24:55+00:00
CVE-2026-54465,updated,2026-07-20,cve_2026_to_now,2026-07-21T09:24:55+00:00
CVE-2026-54466,updated,2026-07-20,cve_2026_to_now,2026-07-21T09:24:55+00:00
CVE-2026-54490,updated,2026-07-21,cve_2026_to_now,2026-07-21T09:24:55+00:00
CVE-2026-54497,updated,2026-07-20,cve_2026_to_now,2026-07-21T09:24:55+00:00
CVE-2026-54498,updated,2026-07-20,cve_2026_to_now,2026-07-21T09:24:55+00:00
CVE-2026-54538,added,,cve_2026_to_now,2026-07-21T09:24:55+00:00
CVE-2026-54685,added,,cve_2026_to_now,2026-07-21T09:24:55+00:00
CVE-2026-54910,added,,cve_2026_to_now,2026-07-21T09:24:55+00:00
CVE-2026-54982,updated,2026-07-20,cve_2026_to_now,2026-07-21T09:24:55+00:00
CVE-2026-54983,updated,2026-07-20,cve_2026_to_now,2026-07-21T09:24:55+00:00
CVE-2026-54986,updated,2026-07-20,cve_2026_to_now,2026-07-21T09:24:55+00:00
CVE-2026-54987,updated,2026-07-20,cve_2026_to_now,2026-07-21T09:24:55+00:00
CVE-2026-54988,updated,2026-07-20,cve_2026_to_now,2026-07-21T09:24:55+00:00
CVE-2026-54989,updated,2026-07-20,cve_2026_to_now,2026-07-21T09:24:55+00:00
CVE-2026-54990,updated,2026-07-20,cve_2026_to_now,2026-07-21T09:24:55+00:00
CVE-2026-54991,updated,2026-07-20,cve_2026_to_now,2026-07-21T09:24:55+00:00
CVE-2026-54992,updated,2026-07-20,cve_2026_to_now,2026-07-21T09:24:55+00:00
CVE-2026-54993,updated,2026-07-20,cve_2026_to_now,2026-07-21T09:24:55+00:00
CVE-2026-54995,updated,2026-07-20,cve_2026_to_now,2026-07-21T09:24:55+00:00
CVE-2026-54996,updated,2026-07-20,cve_2026_to_now,2026-07-21T09:24:55+00:00
CVE-2026-54997,updated,2026-07-20,cve_2026_to_now,2026-07-21T09:24:55+00:00
CVE-2026-54998,updated,2026-07-20,cve_2026_to_now,2026-07-21T09:24:55+00:00
CVE-2026-54999,updated,2026-07-20,cve_2026_to_now,2026-07-21T09:24:55+00:00
CVE-2026-55000,updated,2026-07-20,cve_2026_to_now,2026-07-21T09:24:55+00:00
CVE-2026-55001,updated,2026-07-20,cve_2026_to_now,2026-07-21T09:24:55+00:00
CVE-2026-55002,updated,2026-07-20,cve_2026_to_now,2026-07-21T09:24:55+00:00
CVE-2026-55003,updated,2026-07-20,cve_2026_to_now,2026-07-21T09:24:55+00:00
CVE-2026-55004,updated,2026-07-20,cve_2026_to_now,2026-07-21T09:24:55+00:00
CVE-2026-55005,updated,2026-07-20,cve_2026_to_now,2026-07-21T09:24:55+00:00
CVE-2026-55006,updated,2026-07-20,cve_2026_to_now,2026-07-21T09:24:55+00:00
CVE-2026-55008,updated,2026-07-20,cve_2026_to_now,2026-07-21T09:24:55+00:00
CVE-2026-55009,updated,2026-07-20,cve_2026_to_now,2026-07-21T09:24:55+00:00
CVE-2026-55010,updated,2026-07-20,cve_2026_to_now,2026-07-21T09:24:55+00:00
CVE-2026-55011,updated,2026-07-20,cve_2026_to_now,2026-07-21T09:24:55+00:00
CVE-2026-55012,updated,2026-07-20,cve_2026_to_now,2026-07-21T09:24:55+00:00
CVE-2026-55014,updated,2026-07-20,cve_2026_to_now,2026-07-21T09:24:55+00:00
CVE-2026-55016,updated,2026-07-20,cve_2026_to_now,2026-07-21T09:24:55+00:00
CVE-2026-55017,updated,2026-07-20,cve_2026_to_now,2026-07-21T09:24:55+00:00
CVE-2026-55018,updated,2026-07-20,cve_2026_to_now,2026-07-21T09:24:55+00:00
CVE-2026-55019,updated,2026-07-20,cve_2026_to_now,2026-07-21T09:24:55+00:00
CVE-2026-55020,updated,2026-07-20,cve_2026_to_now,2026-07-21T09:24:55+00:00
CVE-2026-55021,updated,2026-07-20,cve_2026_to_now,2026-07-21T09:24:55+00:00
CVE-2026-55022,updated,2026-07-20,cve_2026_to_now,2026-07-21T09:24:55+00:00
CVE-2026-55023,updated,2026-07-20,cve_2026_to_now,2026-07-21T09:24:55+00:00
CVE-2026-55024,updated,2026-07-20,cve_2026_to_now,2026-07-21T09:24:55+00:00
CVE-2026-55025,updated,2026-07-20,cve_2026_to_now,2026-07-21T09:24:55+00:00
CVE-2026-55026,updated,2026-07-20,cve_2026_to_now,2026-07-21T09:24:55+00:00
CVE-2026-55027,updated,2026-07-20,cve_2026_to_now,2026-07-21T09:24:55+00:00
CVE-2026-55028,updated,2026-07-20,cve_2026_to_now,2026-07-21T09:24:55+00:00
CVE-2026-55029,updated,2026-07-20,cve_2026_to_now,2026-07-21T09:24:55+00:00
CVE-2026-55030,updated,2026-07-20,cve_2026_to_now,2026-07-21T09:24:55+00:00
CVE-2026-55031,updated,2026-07-20,cve_2026_to_now,2026-07-21T09:24:55+00:00
CVE-2026-55032,updated,2026-07-20,cve_2026_to_now,2026-07-21T09:24:55+00:00
CVE-2026-55033,updated,2026-07-20,cve_2026_to_now,2026-07-21T09:24:55+00:00
CVE-2026-55034,updated,2026-07-20,cve_2026_to_now,2026-07-21T09:24:55+00:00
CVE-2026-55035,updated,2026-07-20,cve_2026_to_now,2026-07-21T09:24:55+00:00
CVE-2026-55036,updated,2026-07-20,cve_2026_to_now,2026-07-21T09:24:55+00:00
CVE-2026-55037,updated,2026-07-20,cve_2026_to_now,2026-07-21T09:24:55+00:00
CVE-2026-55038,updated,2026-07-20,cve_2026_to_now,2026-07-21T09:24:55+00:00
CVE-2026-55039,updated,2026-07-20,cve_2026_to_now,2026-07-21T09:24:55+00:00
CVE-2026-55040,updated,2026-07-20,cve_2026_to_now,2026-07-21T09:24:55+00:00
CVE-2026-55041,updated,2026-07-20,cve_2026_to_now,2026-07-21T09:24:55+00:00
CVE-2026-55042,updated,2026-07-20,cve_2026_to_now,2026-07-21T09:24:55+00:00
CVE-2026-55043,updated,2026-07-20,cve_2026_to_now,2026-07-21T09:24:55+00:00
CVE-2026-55044,updated,2026-07-20,cve_2026_to_now,2026-07-21T09:24:55+00:00
CVE-2026-55045,updated,2026-07-20,cve_2026_to_now,2026-07-21T09:24:55+00:00
CVE-2026-55046,updated,2026-07-20,cve_2026_to_now,2026-07-21T09:24:55+00:00
CVE-2026-55047,updated,2026-07-20,cve_2026_to_now,2026-07-21T09:24:55+00:00
CVE-2026-55048,updated,2026-07-20,cve_2026_to_now,2026-07-21T09:24:55+00:00
CVE-2026-55049,updated,2026-07-20,cve_2026_to_now,2026-07-21T09:24:55+00:00
CVE-2026-55050,updated,2026-07-20,cve_2026_to_now,2026-07-21T09:24:55+00:00
CVE-2026-55051,updated,2026-07-20,cve_2026_to_now,2026-07-21T09:24:55+00:00
CVE-2026-55052,updated,2026-07-20,cve_2026_to_now,2026-07-21T09:24:55+00:00
CVE-2026-55053,updated,2026-07-20,cve_2026_to_now,2026-07-21T09:24:55+00:00
CVE-2026-55054,updated,2026-07-20,cve_2026_to_now,2026-07-21T09:24:55+00:00
CVE-2026-55055,updated,2026-07-20,cve_2026_to_now,2026-07-21T09:24:55+00:00
CVE-2026-55056,updated,2026-07-20,cve_2026_to_now,2026-07-21T09:24:55+00:00
CVE-2026-55057,updated,2026-07-20,cve_2026_to_now,2026-07-21T09:24:55+00:00
CVE-2026-55058,updated,2026-07-20,cve_2026_to_now,2026-07-21T09:24:55+00:00
CVE-2026-55120,updated,2026-07-20,cve_2026_to_now,2026-07-21T09:24:55+00:00
CVE-2026-55121,updated,2026-07-20,cve_2026_to_now,2026-07-21T09:24:55+00:00
CVE-2026-55122,updated,2026-07-20,cve_2026_to_now,2026-07-21T09:24:55+00:00
CVE-2026-55123,updated,2026-07-20,cve_2026_to_now,2026-07-21T09:24:55+00:00
CVE-2026-55124,updated,2026-07-20,cve_2026_to_now,2026-07-21T09:24:55+00:00
CVE-2026-55125,updated,2026-07-20,cve_2026_to_now,2026-07-21T09:24:55+00:00
CVE-2026-55126,updated,2026-07-20,cve_2026_to_now,2026-07-21T09:24:55+00:00
CVE-2026-55127,updated,2026-07-20,cve_2026_to_now,2026-07-21T09:24:55+00:00
CVE-2026-55128,updated,2026-07-20,cve_2026_to_now,2026-07-21T09:24:55+00:00
CVE-2026-55129,updated,2026-07-20,cve_2026_to_now,2026-07-21T09:24:55+00:00
CVE-2026-55130,updated,2026-07-20,cve_2026_to_now,2026-07-21T09:24:55+00:00
CVE-2026-55131,updated,2026-07-20,cve_2026_to_now,2026-07-21T09:24:55+00:00
CVE-2026-55132,updated,2026-07-20,cve_2026_to_now,2026-07-21T09:24:55+00:00
CVE-2026-55133,updated,2026-07-20,cve_2026_to_now,2026-07-21T09:24:55+00:00
CVE-2026-55134,updated,2026-07-20,cve_2026_to_now,2026-07-21T09:24:55+00:00
CVE-2026-55135,updated,2026-07-20,cve_2026_to_now,2026-07-21T09:24:55+00:00
CVE-2026-55136,updated,2026-07-20,cve_2026_to_now,2026-07-21T09:24:55+00:00
CVE-2026-55137,updated,2026-07-20,cve_2026_to_now,2026-07-21T09:24:55+00:00
CVE-2026-55138,updated,2026-07-20,cve_2026_to_now,2026-07-21T09:24:55+00:00
CVE-2026-55139,updated,2026-07-20,cve_2026_to_now,2026-07-21T09:24:55+00:00
CVE-2026-55140,updated,2026-07-20,cve_2026_to_now,2026-07-21T09:24:55+00:00
CVE-2026-55141,updated,2026-07-20,cve_2026_to_now,2026-07-21T09:24:55+00:00
CVE-2026-55142,updated,2026-07-20,cve_2026_to_now,2026-07-21T09:24:55+00:00
CVE-2026-55144,updated,2026-07-21,cve_2026_to_now,2026-07-21T09:24:55+00:00
CVE-2026-55145,updated,2026-07-20,cve_2026_to_now,2026-07-21T09:24:55+00:00
CVE-2026-55219,added,,cve_2026_to_now,2026-07-21T09:24:55+00:00
CVE-2026-55238,added,,cve_2026_to_now,2026-07-21T09:24:55+00:00
CVE-2026-55254,updated,2026-07-20,cve_2026_to_now,2026-07-21T09:24:55+00:00
CVE-2026-55518,updated,2026-07-20,cve_2026_to_now,2026-07-21T09:24:55+00:00
CVE-2026-55544,added,,cve_2026_to_now,2026-07-21T09:24:55+00:00
CVE-2026-55550,added,,cve_2026_to_now,2026-07-21T09:24:55+00:00
CVE-2026-55626,added,,cve_2026_to_now,2026-07-21T09:24:55+00:00
CVE-2026-55639,added,,cve_2026_to_now,2026-07-21T09:24:55+00:00
CVE-2026-55645,added,,cve_2026_to_now,2026-07-21T09:24:55+00:00
CVE-2026-55831,added,,cve_2026_to_now,2026-07-21T09:24:55+00:00
CVE-2026-55833,added,,cve_2026_to_now,2026-07-21T09:24:55+00:00
CVE-2026-55898,updated,2026-07-20,cve_2026_to_now,2026-07-21T09:24:55+00:00
CVE-2026-55899,updated,2026-07-20,cve_2026_to_now,2026-07-21T09:24:55+00:00
CVE-2026-55944,updated,2026-07-20,cve_2026_to_now,2026-07-21T09:24:55+00:00
CVE-2026-55945,updated,2026-07-20,cve_2026_to_now,2026-07-21T09:24:55+00:00
CVE-2026-55947,updated,2026-07-20,cve_2026_to_now,2026-07-21T09:24:55+00:00
CVE-2026-55948,updated,2026-07-20,cve_2026_to_now,2026-07-21T09:24:55+00:00
CVE-2026-55949,updated,2026-07-20,cve_2026_to_now,2026-07-21T09:24:55+00:00
CVE-2026-56155,updated,2026-07-20,cve_2026_to_now,2026-07-21T09:24:55+00:00
CVE-2026-56156,updated,2026-07-20,cve_2026_to_now,2026-07-21T09:24:55+00:00
CVE-2026-56157,updated,2026-07-20,cve_2026_to_now,2026-07-21T09:24:55+00:00
CVE-2026-56159,updated,2026-07-20,cve_2026_to_now,2026-07-21T09:24:55+00:00
CVE-2026-56164,updated,2026-07-20,cve_2026_to_now,2026-07-21T09:24:55+00:00
CVE-2026-56168,updated,2026-07-20,cve_2026_to_now,2026-07-21T09:24:55+00:00
CVE-2026-56169,updated,2026-07-20,cve_2026_to_now,2026-07-21T09:24:55+00:00
CVE-2026-56170,updated,2026-07-20,cve_2026_to_now,2026-07-21T09:24:55+00:00
CVE-2026-56171,updated,2026-07-20,cve_2026_to_now,2026-07-21T09:24:55+00:00
CVE-2026-56173,updated,2026-07-20,cve_2026_to_now,2026-07-21T09:24:55+00:00
CVE-2026-56175,updated,2026-07-20,cve_2026_to_now,2026-07-21T09:24:55+00:00
CVE-2026-56176,updated,2026-07-20,cve_2026_to_now,2026-07-21T09:24:55+00:00
CVE-2026-56178,updated,2026-07-20,cve_2026_to_now,2026-07-21T09:24:55+00:00
CVE-2026-56181,updated,2026-07-20,cve_2026_to_now,2026-07-21T09:24:55+00:00
CVE-2026-56182,updated,2026-07-20,cve_2026_to_now,2026-07-21T09:24:55+00:00
CVE-2026-56183,updated,2026-07-20,cve_2026_to_now,2026-07-21T09:24:55+00:00
CVE-2026-56184,updated,2026-07-20,cve_2026_to_now,2026-07-21T09:24:55+00:00
CVE-2026-56185,updated,2026-07-20,cve_2026_to_now,2026-07-21T09:24:55+00:00
CVE-2026-56186,updated,2026-07-20,cve_2026_to_now,2026-07-21T09:24:55+00:00
CVE-2026-56187,updated,2026-07-20,cve_2026_to_now,2026-07-21T09:24:55+00:00
CVE-2026-56188,updated,2026-07-20,cve_2026_to_now,2026-07-21T09:24:55+00:00
CVE-2026-56189,updated,2026-07-20,cve_2026_to_now,2026-07-21T09:24:55+00:00
CVE-2026-56190,updated,2026-07-20,cve_2026_to_now,2026-07-21T09:24:55+00:00
CVE-2026-56192,updated,2026-07-20,cve_2026_to_now,2026-07-21T09:24:55+00:00
CVE-2026-56193,updated,2026-07-20,cve_2026_to_now,2026-07-21T09:24:55+00:00
CVE-2026-56194,updated,2026-07-20,cve_2026_to_now,2026-07-21T09:24:55+00:00
CVE-2026-56195,updated,2026-07-20,cve_2026_to_now,2026-07-21T09:24:55+00:00
CVE-2026-56196,updated,2026-07-20,cve_2026_to_now,2026-07-21T09:24:55+00:00
CVE-2026-56197,updated,2026-07-20,cve_2026_to_now,2026-07-21T09:24:55+00:00
CVE-2026-56452,added,,cve_2026_to_now,2026-07-21T09:24:55+00:00
CVE-2026-56623,added,,cve_2026_to_now,2026-07-21T09:24:55+00:00
CVE-2026-56624,added,,cve_2026_to_now,2026-07-21T09:24:55+00:00
CVE-2026-56642,updated,2026-07-20,cve_2026_to_now,2026-07-21T09:24:55+00:00
CVE-2026-56643,updated,2026-07-20,cve_2026_to_now,2026-07-21T09:24:55+00:00
CVE-2026-56644,updated,2026-07-20,cve_2026_to_now,2026-07-21T09:24:55+00:00
CVE-2026-56645,updated,2026-07-20,cve_2026_to_now,2026-07-21T09:24:55+00:00
CVE-2026-56646,updated,2026-07-20,cve_2026_to_now,2026-07-21T09:24:55+00:00
CVE-2026-56647,updated,2026-07-20,cve_2026_to_now,2026-07-21T09:24:55+00:00
CVE-2026-56648,updated,2026-07-20,cve_2026_to_now,2026-07-21T09:24:55+00:00
CVE-2026-56649,updated,2026-07-20,cve_2026_to_now,2026-07-21T09:24:55+00:00
CVE-2026-56650,updated,2026-07-20,cve_2026_to_now,2026-07-21T09:24:55+00:00
CVE-2026-56740,updated,2026-07-20,cve_2026_to_now,2026-07-21T09:24:55+00:00
CVE-2026-56741,updated,2026-07-20,cve_2026_to_now,2026-07-21T09:24:55+00:00
CVE-2026-57083,updated,2026-07-20,cve_2026_to_now,2026-07-21T09:24:55+00:00
CVE-2026-57084,updated,2026-07-20,cve_2026_to_now,2026-07-21T09:24:55+00:00
CVE-2026-57085,updated,2026-07-20,cve_2026_to_now,2026-07-21T09:24:55+00:00
CVE-2026-57087,updated,2026-07-20,cve_2026_to_now,2026-07-21T09:24:55+00:00
CVE-2026-57088,updated,2026-07-20,cve_2026_to_now,2026-07-21T09:24:55+00:00
CVE-2026-57089,updated,2026-07-20,cve_2026_to_now,2026-07-21T09:24:55+00:00
CVE-2026-57090,updated,2026-07-20,cve_2026_to_now,2026-07-21T09:24:55+00:00
CVE-2026-57091,updated,2026-07-20,cve_2026_to_now,2026-07-21T09:24:55+00:00
CVE-2026-57092,updated,2026-07-20,cve_2026_to_now,2026-07-21T09:24:55+00:00
CVE-2026-57093,updated,2026-07-20,cve_2026_to_now,2026-07-21T09:24:55+00:00
CVE-2026-57094,updated,2026-07-20,cve_2026_to_now,2026-07-21T09:24:55+00:00
CVE-2026-57095,updated,2026-07-20,cve_2026_to_now,2026-07-21T09:24:55+00:00
CVE-2026-57096,updated,2026-07-20,cve_2026_to_now,2026-07-21T09:24:55+00:00
CVE-2026-57097,updated,2026-07-20,cve_2026_to_now,2026-07-21T09:24:55+00:00
CVE-2026-57100,updated,2026-07-20,cve_2026_to_now,2026-07-21T09:24:55+00:00
CVE-2026-57101,updated,2026-07-20,cve_2026_to_now,2026-07-21T09:24:55+00:00
CVE-2026-57102,updated,2026-07-20,cve_2026_to_now,2026-07-21T09:24:55+00:00
CVE-2026-57107,updated,2026-07-20,cve_2026_to_now,2026-07-21T09:24:55+00:00
CVE-2026-57108,updated,2026-07-20,cve_2026_to_now,2026-07-21T09:24:55+00:00
CVE-2026-57308,added,,cve_2026_to_now,2026-07-21T09:24:55+00:00
CVE-2026-57309,added,,cve_2026_to_now,2026-07-21T09:24:55+00:00
CVE-2026-57310,added,,cve_2026_to_now,2026-07-21T09:24:55+00:00
CVE-2026-57311,added,,cve_2026_to_now,2026-07-21T09:24:55+00:00
CVE-2026-57494,added,,cve_2026_to_now,2026-07-21T09:24:55+00:00
CVE-2026-57495,added,,cve_2026_to_now,2026-07-21T09:24:55+00:00
CVE-2026-57848,updated,2026-07-20,cve_2026_to_now,2026-07-21T09:24:55+00:00
CVE-2026-57850,updated,2026-07-20,cve_2026_to_now,2026-07-21T09:24:55+00:00
CVE-2026-57851,updated,2026-07-20,cve_2026_to_now,2026-07-21T09:24:55+00:00
CVE-2026-57852,added,,cve_2026_to_now,2026-07-21T09:24:55+00:00
CVE-2026-57857,updated,2026-07-20,cve_2026_to_now,2026-07-21T09:24:55+00:00
CVE-2026-57860,updated,2026-07-20,cve_2026_to_now,2026-07-21T09:24:55+00:00
CVE-2026-57956,updated,2026-07-20,cve_2026_to_now,2026-07-21T09:24:55+00:00
CVE-2026-57968,updated,2026-07-20,cve_2026_to_now,2026-07-21T09:24:55+00:00
CVE-2026-57969,updated,2026-07-20,cve_2026_to_now,2026-07-21T09:24:55+00:00
CVE-2026-57973,updated,2026-07-20,cve_2026_to_now,2026-07-21T09:24:55+00:00
CVE-2026-57974,updated,2026-07-20,cve_2026_to_now,2026-07-21T09:24:55+00:00
CVE-2026-57975,updated,2026-07-20,cve_2026_to_now,2026-07-21T09:24:55+00:00
CVE-2026-57976,updated,2026-07-20,cve_2026_to_now,2026-07-21T09:24:55+00:00
CVE-2026-57977,updated,2026-07-20,cve_2026_to_now,2026-07-21T09:24:55+00:00
CVE-2026-57979,updated,2026-07-20,cve_2026_to_now,2026-07-21T09:24:55+00:00
CVE-2026-57980,updated,2026-07-20,cve_2026_to_now,2026-07-21T09:24:55+00:00
CVE-2026-57981,updated,2026-07-20,cve_2026_to_now,2026-07-21T09:24:55+00:00
CVE-2026-57982,updated,2026-07-20,cve_2026_to_now,2026-07-21T09:24:55+00:00
CVE-2026-57983,updated,2026-07-20,cve_2026_to_now,2026-07-21T09:24:55+00:00
CVE-2026-57984,updated,2026-07-20,cve_2026_to_now,2026-07-21T09:24:55+00:00
CVE-2026-57985,updated,2026-07-20,cve_2026_to_now,2026-07-21T09:24:55+00:00
CVE-2026-57986,updated,2026-07-20,cve_2026_to_now,2026-07-21T09:24:55+00:00
CVE-2026-57987,updated,2026-07-20,cve_2026_to_now,2026-07-21T09:24:55+00:00
CVE-2026-57988,updated,2026-07-20,cve_2026_to_now,2026-07-21T09:24:55+00:00
CVE-2026-57991,updated,2026-07-20,cve_2026_to_now,2026-07-21T09:24:55+00:00
CVE-2026-57992,updated,2026-07-20,cve_2026_to_now,2026-07-21T09:24:55+00:00
CVE-2026-57993,updated,2026-07-20,cve_2026_to_now,2026-07-21T09:24:55+00:00
CVE-2026-58016,updated,2026-07-21,cve_2026_to_now,2026-07-21T09:24:55+00:00
CVE-2026-58149,updated,2026-07-21,cve_2026_to_now,2026-07-21T09:24:55+00:00
CVE-2026-58276,updated,2026-07-20,cve_2026_to_now,2026-07-21T09:24:55+00:00
CVE-2026-58277,updated,2026-07-20,cve_2026_to_now,2026-07-21T09:24:55+00:00
CVE-2026-58278,updated,2026-07-20,cve_2026_to_now,2026-07-21T09:24:55+00:00
CVE-2026-58279,updated,2026-07-20,cve_2026_to_now,2026-07-21T09:24:55+00:00
CVE-2026-58281,updated,2026-07-20,cve_2026_to_now,2026-07-21T09:24:55+00:00
CVE-2026-58282,updated,2026-07-20,cve_2026_to_now,2026-07-21T09:24:55+00:00
CVE-2026-58283,updated,2026-07-20,cve_2026_to_now,2026-07-21T09:24:55+00:00
CVE-2026-58284,updated,2026-07-20,cve_2026_to_now,2026-07-21T09:24:55+00:00
CVE-2026-58285,updated,2026-07-20,cve_2026_to_now,2026-07-21T09:24:55+00:00
CVE-2026-58286,updated,2026-07-20,cve_2026_to_now,2026-07-21T09:24:55+00:00
CVE-2026-58287,updated,2026-07-20,cve_2026_to_now,2026-07-21T09:24:55+00:00
CVE-2026-58288,updated,2026-07-20,cve_2026_to_now,2026-07-21T09:24:55+00:00
CVE-2026-58289,updated,2026-07-20,cve_2026_to_now,2026-07-21T09:24:55+00:00
CVE-2026-58290,updated,2026-07-20,cve_2026_to_now,2026-07-21T09:24:55+00:00
CVE-2026-58291,updated,2026-07-20,cve_2026_to_now,2026-07-21T09:24:55+00:00
CVE-2026-58292,updated,2026-07-20,cve_2026_to_now,2026-07-21T09:24:55+00:00
CVE-2026-58293,updated,2026-07-20,cve_2026_to_now,2026-07-21T09:24:55+00:00
CVE-2026-58294,updated,2026-07-20,cve_2026_to_now,2026-07-21T09:24:55+00:00
CVE-2026-58295,updated,2026-07-20,cve_2026_to_now,2026-07-21T09:24:55+00:00
CVE-2026-58296,updated,2026-07-20,cve_2026_to_now,2026-07-21T09:24:55+00:00
CVE-2026-58297,updated,2026-07-20,cve_2026_to_now,2026-07-21T09:24:55+00:00
CVE-2026-58298,updated,2026-07-20,cve_2026_to_now,2026-07-21T09:24:55+00:00
CVE-2026-58299,updated,2026-07-20,cve_2026_to_now,2026-07-21T09:24:55+00:00
CVE-2026-58300,updated,2026-07-20,cve_2026_to_now,2026-07-21T09:24:55+00:00
CVE-2026-58413,added,,cve_2026_to_now,2026-07-21T09:24:55+00:00
CVE-2026-58414,added,,cve_2026_to_now,2026-07-21T09:24:55+00:00
CVE-2026-58481,added,,cve_2026_to_now,2026-07-21T09:24:55+00:00
CVE-2026-58482,added,,cve_2026_to_now,2026-07-21T09:24:55+00:00
CVE-2026-58484,added,,cve_2026_to_now,2026-07-21T09:24:55+00:00
CVE-2026-58522,updated,2026-07-20,cve_2026_to_now,2026-07-21T09:24:55+00:00
CVE-2026-58523,updated,2026-07-20,cve_2026_to_now,2026-07-21T09:24:55+00:00
CVE-2026-58524,updated,2026-07-20,cve_2026_to_now,2026-07-21T09:24:55+00:00
CVE-2026-58525,updated,2026-07-20,cve_2026_to_now,2026-07-21T09:24:55+00:00
CVE-2026-58526,updated,2026-07-20,cve_2026_to_now,2026-07-21T09:24:55+00:00
CVE-2026-58527,updated,2026-07-20,cve_2026_to_now,2026-07-21T09:24:55+00:00
CVE-2026-58528,updated,2026-07-20,cve_2026_to_now,2026-07-21T09:24:55+00:00
CVE-2026-58529,updated,2026-07-20,cve_2026_to_now,2026-07-21T09:24:55+00:00
CVE-2026-58530,updated,2026-07-20,cve_2026_to_now,2026-07-21T09:24:55+00:00
CVE-2026-58531,updated,2026-07-20,cve_2026_to_now,2026-07-21T09:24:55+00:00
CVE-2026-58532,updated,2026-07-20,cve_2026_to_now,2026-07-21T09:24:55+00:00
CVE-2026-58533,updated,2026-07-20,cve_2026_to_now,2026-07-21T09:24:55+00:00
CVE-2026-58534,updated,2026-07-20,cve_2026_to_now,2026-07-21T09:24:55+00:00
CVE-2026-58535,updated,2026-07-20,cve_2026_to_now,2026-07-21T09:24:55+00:00
CVE-2026-58536,updated,2026-07-20,cve_2026_to_now,2026-07-21T09:24:55+00:00
CVE-2026-58537,updated,2026-07-20,cve_2026_to_now,2026-07-21T09:24:55+00:00
CVE-2026-58538,updated,2026-07-20,cve_2026_to_now,2026-07-21T09:24:55+00:00
CVE-2026-58539,updated,2026-07-20,cve_2026_to_now,2026-07-21T09:24:55+00:00
CVE-2026-58540,updated,2026-07-20,cve_2026_to_now,2026-07-21T09:24:55+00:00
CVE-2026-58541,updated,2026-07-20,cve_2026_to_now,2026-07-21T09:24:55+00:00
CVE-2026-58542,updated,2026-07-20,cve_2026_to_now,2026-07-21T09:24:55+00:00
CVE-2026-58543,updated,2026-07-20,cve_2026_to_now,2026-07-21T09:24:55+00:00
CVE-2026-58544,updated,2026-07-20,cve_2026_to_now,2026-07-21T09:24:55+00:00
CVE-2026-58545,updated,2026-07-20,cve_2026_to_now,2026-07-21T09:24:55+00:00
CVE-2026-58546,updated,2026-07-20,cve_2026_to_now,2026-07-21T09:24:55+00:00
CVE-2026-58547,updated,2026-07-20,cve_2026_to_now,2026-07-21T09:24:55+00:00
CVE-2026-58594,updated,2026-07-20,cve_2026_to_now,2026-07-21T09:24:55+00:00
CVE-2026-58595,updated,2026-07-20,cve_2026_to_now,2026-07-21T09:24:55+00:00
CVE-2026-58596,updated,2026-07-20,cve_2026_to_now,2026-07-21T09:24:55+00:00
CVE-2026-58597,updated,2026-07-20,cve_2026_to_now,2026-07-21T09:24:55+00:00
CVE-2026-58598,updated,2026-07-20,cve_2026_to_now,2026-07-21T09:24:55+00:00
CVE-2026-58601,updated,2026-07-20,cve_2026_to_now,2026-07-21T09:24:55+00:00
CVE-2026-58602,updated,2026-07-20,cve_2026_to_now,2026-07-21T09:24:55+00:00
CVE-2026-58608,updated,2026-07-20,cve_2026_to_now,2026-07-21T09:24:55+00:00
CVE-2026-58609,updated,2026-07-20,cve_2026_to_now,2026-07-21T09:24:55+00:00
CVE-2026-58610,updated,2026-07-20,cve_2026_to_now,2026-07-21T09:24:55+00:00
CVE-2026-58613,updated,2026-07-20,cve_2026_to_now,2026-07-21T09:24:55+00:00
CVE-2026-58614,updated,2026-07-20,cve_2026_to_now,2026-07-21T09:24:55+00:00
CVE-2026-58617,updated,2026-07-20,cve_2026_to_now,2026-07-21T09:24:55+00:00
CVE-2026-58618,updated,2026-07-20,cve_2026_to_now,2026-07-21T09:24:55+00:00
CVE-2026-58619,updated,2026-07-20,cve_2026_to_now,2026-07-21T09:24:55+00:00
CVE-2026-58624,added,,cve_2026_to_now,2026-07-21T09:24:55+00:00
CVE-2026-58626,updated,2026-07-20,cve_2026_to_now,2026-07-21T09:24:55+00:00
CVE-2026-58627,updated,2026-07-20,cve_2026_to_now,2026-07-21T09:24:55+00:00
CVE-2026-58628,updated,2026-07-20,cve_2026_to_now,2026-07-21T09:24:55+00:00
CVE-2026-58629,updated,2026-07-20,cve_2026_to_now,2026-07-21T09:24:55+00:00
CVE-2026-58631,updated,2026-07-20,cve_2026_to_now,2026-07-21T09:24:55+00:00
CVE-2026-58632,updated,2026-07-20,cve_2026_to_now,2026-07-21T09:24:55+00:00
CVE-2026-58633,updated,2026-07-20,cve_2026_to_now,2026-07-21T09:24:55+00:00
CVE-2026-58634,updated,2026-07-20,cve_2026_to_now,2026-07-21T09:24:55+00:00
CVE-2026-58635,updated,2026-07-20,cve_2026_to_now,2026-07-21T09:24:55+00:00
CVE-2026-58636,updated,2026-07-20,cve_2026_to_now,2026-07-21T09:24:55+00:00
CVE-2026-58637,updated,2026-07-20,cve_2026_to_now,2026-07-21T09:24:55+00:00
CVE-2026-58638,updated,2026-07-20,cve_2026_to_now,2026-07-21T09:24:55+00:00
CVE-2026-58640,updated,2026-07-20,cve_2026_to_now,2026-07-21T09:24:55+00:00
CVE-2026-58643,updated,2026-07-20,cve_2026_to_now,2026-07-21T09:24:55+00:00
CVE-2026-58644,updated,2026-07-20,cve_2026_to_now,2026-07-21T09:24:55+00:00
CVE-2026-58647,updated,2026-07-20,cve_2026_to_now,2026-07-21T09:24:55+00:00
CVE-2026-59117,updated,2026-07-20,cve_2026_to_now,2026-07-21T09:24:55+00:00
CVE-2026-59173,updated,2026-07-20,cve_2026_to_now,2026-07-21T09:24:55+00:00
CVE-2026-59238,added,,cve_2026_to_now,2026-07-21T09:24:55+00:00
CVE-2026-59261,updated,2026-07-20,cve_2026_to_now,2026-07-21T09:24:55+00:00
CVE-2026-59262,updated,2026-07-20,cve_2026_to_now,2026-07-21T09:24:55+00:00
CVE-2026-59702,updated,2026-07-20,cve_2026_to_now,2026-07-21T09:24:55+00:00
CVE-2026-59703,updated,2026-07-20,cve_2026_to_now,2026-07-21T09:24:55+00:00
CVE-2026-59704,updated,2026-07-20,cve_2026_to_now,2026-07-21T09:24:55+00:00
CVE-2026-59705,updated,2026-07-20,cve_2026_to_now,2026-07-21T09:24:55+00:00
CVE-2026-59706,updated,2026-07-20,cve_2026_to_now,2026-07-21T09:24:55+00:00
CVE-2026-59707,updated,2026-07-20,cve_2026_to_now,2026-07-21T09:24:55+00:00
CVE-2026-59708,updated,2026-07-20,cve_2026_to_now,2026-07-21T09:24:55+00:00
CVE-2026-59709,updated,2026-07-20,cve_2026_to_now,2026-07-21T09:24:55+00:00
CVE-2026-59712,updated,2026-07-20,cve_2026_to_now,2026-07-21T09:24:55+00:00
CVE-2026-59713,updated,2026-07-20,cve_2026_to_now,2026-07-21T09:24:55+00:00
CVE-2026-59776,added,,cve_2026_to_now,2026-07-21T09:24:55+00:00
CVE-2026-60024,updated,2026-07-21,cve_2026_to_now,2026-07-21T09:24:55+00:00
CVE-2026-60025,updated,2026-07-21,cve_2026_to_now,2026-07-21T09:24:55+00:00
CVE-2026-60026,added,,cve_2026_to_now,2026-07-21T09:24:55+00:00
CVE-2026-60027,added,,cve_2026_to_now,2026-07-21T09:24:55+00:00
CVE-2026-60028,added,2026-07-21,cve_2026_to_now,2026-07-21T09:24:55+00:00
CVE-2026-60029,added,,cve_2026_to_now,2026-07-21T09:24:55+00:00
CVE-2026-60030,added,2026-07-21,cve_2026_to_now,2026-07-21T09:24:55+00:00
CVE-2026-60031,added,,cve_2026_to_now,2026-07-21T09:24:55+00:00
CVE-2026-60032,added,2026-07-21,cve_2026_to_now,2026-07-21T09:24:55+00:00
CVE-2026-60033,added,2026-07-21,cve_2026_to_now,2026-07-21T09:24:55+00:00
CVE-2026-60034,added,2026-07-21,cve_2026_to_now,2026-07-21T09:24:55+00:00
CVE-2026-61424,added,,cve_2026_to_now,2026-07-21T09:24:55+00:00
CVE-2026-61425,added,,cve_2026_to_now,2026-07-21T09:24:55+00:00
CVE-2026-61462,updated,2026-07-20,cve_2026_to_now,2026-07-21T09:24:55+00:00
CVE-2026-61463,updated,2026-07-20,cve_2026_to_now,2026-07-21T09:24:55+00:00
CVE-2026-61643,updated,2026-07-20,cve_2026_to_now,2026-07-21T09:24:55+00:00
CVE-2026-61900,added,,cve_2026_to_now,2026-07-21T09:24:55+00:00
CVE-2026-61901,added,,cve_2026_to_now,2026-07-21T09:24:55+00:00
CVE-2026-62183,added,,cve_2026_to_now,2026-07-21T09:24:55+00:00
CVE-2026-62213,updated,2026-07-20,cve_2026_to_now,2026-07-21T09:24:55+00:00
CVE-2026-62219,updated,2026-07-21,cve_2026_to_now,2026-07-21T09:24:55+00:00
CVE-2026-62225,updated,2026-07-21,cve_2026_to_now,2026-07-21T09:24:55+00:00
CVE-2026-62231,updated,2026-07-21,cve_2026_to_now,2026-07-21T09:24:55+00:00
CVE-2026-62237,updated,2026-07-21,cve_2026_to_now,2026-07-21T09:24:55+00:00
CVE-2026-62414,added,,cve_2026_to_now,2026-07-21T09:24:55+00:00
CVE-2026-62418,added,,cve_2026_to_now,2026-07-21T09:24:55+00:00
CVE-2026-62685,updated,2026-07-20,cve_2026_to_now,2026-07-21T09:24:55+00:00
CVE-2026-62826,updated,2026-07-20,cve_2026_to_now,2026-07-21T09:24:55+00:00
CVE-2026-63071,added,,cve_2026_to_now,2026-07-21T09:24:55+00:00
CVE-2026-63090,added,,cve_2026_to_now,2026-07-21T09:24:55+00:00
CVE-2026-63091,added,,cve_2026_to_now,2026-07-21T09:24:55+00:00
CVE-2026-63094,updated,2026-07-21,cve_2026_to_now,2026-07-21T09:24:55+00:00
CVE-2026-63100,updated,2026-07-21,cve_2026_to_now,2026-07-21T09:24:55+00:00
CVE-2026-63102,added,,cve_2026_to_now,2026-07-21T09:24:55+00:00
CVE-2026-63107,added,,cve_2026_to_now,2026-07-21T09:24:55+00:00
CVE-2026-63108,added,,cve_2026_to_now,2026-07-21T09:24:55+00:00
CVE-2026-63304,updated,2026-07-20,cve_2026_to_now,2026-07-21T09:24:55+00:00
CVE-2026-63305,updated,2026-07-20,cve_2026_to_now,2026-07-21T09:24:55+00:00
CVE-2026-63428,added,,cve_2026_to_now,2026-07-21T09:24:55+00:00
CVE-2026-63429,added,,cve_2026_to_now,2026-07-21T09:24:55+00:00
CVE-2026-63728,added,,cve_2026_to_now,2026-07-21T09:24:55+00:00
CVE-2026-63729,added,,cve_2026_to_now,2026-07-21T09:24:55+00:00
CVE-2026-63730,added,,cve_2026_to_now,2026-07-21T09:24:55+00:00
CVE-2026-63731,added,,cve_2026_to_now,2026-07-21T09:24:55+00:00
CVE-2026-63733,added,,cve_2026_to_now,2026-07-21T09:24:55+00:00
CVE-2026-63734,added,,cve_2026_to_now,2026-07-21T09:24:55+00:00
CVE-2026-63735,added,,cve_2026_to_now,2026-07-21T09:24:55+00:00
CVE-2026-63736,added,,cve_2026_to_now,2026-07-21T09:24:55+00:00
CVE-2026-63737,added,,cve_2026_to_now,2026-07-21T09:24:55+00:00
CVE-2026-63738,added,,cve_2026_to_now,2026-07-21T09:24:55+00:00
CVE-2026-63739,added,,cve_2026_to_now,2026-07-21T09:24:55+00:00
CVE-2026-63740,added,,cve_2026_to_now,2026-07-21T09:24:55+00:00
CVE-2026-63741,added,,cve_2026_to_now,2026-07-21T09:24:55+00:00
CVE-2026-63742,added,,cve_2026_to_now,2026-07-21T09:24:55+00:00
CVE-2026-63743,added,,cve_2026_to_now,2026-07-21T09:24:55+00:00
CVE-2026-63744,added,,cve_2026_to_now,2026-07-21T09:24:55+00:00
CVE-2026-63745,added,,cve_2026_to_now,2026-07-21T09:24:55+00:00
CVE-2026-63746,added,,cve_2026_to_now,2026-07-21T09:24:55+00:00
CVE-2026-63747,added,,cve_2026_to_now,2026-07-21T09:24:55+00:00
CVE-2026-63748,added,,cve_2026_to_now,2026-07-21T09:24:55+00:00
CVE-2026-63749,added,,cve_2026_to_now,2026-07-21T09:24:55+00:00
CVE-2026-63750,added,,cve_2026_to_now,2026-07-21T09:24:55+00:00
CVE-2026-63751,added,,cve_2026_to_now,2026-07-21T09:24:55+00:00
CVE-2026-63752,added,,cve_2026_to_now,2026-07-21T09:24:55+00:00
CVE-2026-63753,added,,cve_2026_to_now,2026-07-21T09:24:55+00:00
CVE-2026-63754,added,,cve_2026_to_now,2026-07-21T09:24:55+00:00
CVE-2026-63755,added,,cve_2026_to_now,2026-07-21T09:24:55+00:00
CVE-2026-63756,added,,cve_2026_to_now,2026-07-21T09:24:55+00:00
CVE-2026-63757,added,,cve_2026_to_now,2026-07-21T09:24:55+00:00
CVE-2026-63758,added,,cve_2026_to_now,2026-07-21T09:24:55+00:00
CVE-2026-63759,added,,cve_2026_to_now,2026-07-21T09:24:55+00:00
CVE-2026-63760,added,,cve_2026_to_now,2026-07-21T09:24:55+00:00
CVE-2026-63761,added,,cve_2026_to_now,2026-07-21T09:24:55+00:00
CVE-2026-63762,added,,cve_2026_to_now,2026-07-21T09:24:55+00:00
CVE-2026-63763,added,,cve_2026_to_now,2026-07-21T09:24:55+00:00
CVE-2026-63766,added,,cve_2026_to_now,2026-07-21T09:24:55+00:00
CVE-2026-63767,added,,cve_2026_to_now,2026-07-21T09:24:55+00:00
CVE-2026-63768,added,,cve_2026_to_now,2026-07-21T09:24:55+00:00
CVE-2026-63769,added,,cve_2026_to_now,2026-07-21T09:24:55+00:00
CVE-2026-63770,added,,cve_2026_to_now,2026-07-21T09:24:55+00:00
CVE-2026-63771,added,,cve_2026_to_now,2026-07-21T09:24:55+00:00
CVE-2026-63793,updated,2026-07-20,cve_2026_to_now,2026-07-21T09:24:55+00:00
CVE-2026-63795,updated,2026-07-20,cve_2026_to_now,2026-07-21T09:24:55+00:00
CVE-2026-63796,updated,2026-07-20,cve_2026_to_now,2026-07-21T09:24:55+00:00
CVE-2026-63797,updated,2026-07-20,cve_2026_to_now,2026-07-21T09:24:55+00:00
CVE-2026-63799,updated,2026-07-20,cve_2026_to_now,2026-07-21T09:24:55+00:00
CVE-2026-63800,updated,2026-07-20,cve_2026_to_now,2026-07-21T09:24:55+00:00
CVE-2026-63801,updated,2026-07-20,cve_2026_to_now,2026-07-21T09:24:55+00:00
CVE-2026-63802,updated,2026-07-20,cve_2026_to_now,2026-07-21T09:24:55+00:00
CVE-2026-63803,updated,2026-07-20,cve_2026_to_now,2026-07-21T09:24:55+00:00
CVE-2026-63805,updated,2026-07-20,cve_2026_to_now,2026-07-21T09:24:55+00:00
CVE-2026-63806,updated,2026-07-20,cve_2026_to_now,2026-07-21T09:24:55+00:00
CVE-2026-63807,updated,2026-07-20,cve_2026_to_now,2026-07-21T09:24:55+00:00
CVE-2026-63808,updated,2026-07-20,cve_2026_to_now,2026-07-21T09:24:55+00:00
CVE-2026-63809,updated,2026-07-20,cve_2026_to_now,2026-07-21T09:24:55+00:00
CVE-2026-63812,updated,2026-07-20,cve_2026_to_now,2026-07-21T09:24:55+00:00
CVE-2026-63813,updated,2026-07-20,cve_2026_to_now,2026-07-21T09:24:55+00:00
CVE-2026-63814,updated,2026-07-20,cve_2026_to_now,2026-07-21T09:24:55+00:00
CVE-2026-63815,updated,2026-07-20,cve_2026_to_now,2026-07-21T09:24:55+00:00
CVE-2026-63816,updated,2026-07-20,cve_2026_to_now,2026-07-21T09:24:55+00:00
CVE-2026-63817,updated,2026-07-20,cve_2026_to_now,2026-07-21T09:24:55+00:00
CVE-2026-63818,updated,2026-07-20,cve_2026_to_now,2026-07-21T09:24:55+00:00
CVE-2026-63819,updated,2026-07-20,cve_2026_to_now,2026-07-21T09:24:55+00:00
CVE-2026-63823,updated,2026-07-20,cve_2026_to_now,2026-07-21T09:24:55+00:00
CVE-2026-63824,updated,2026-07-20,cve_2026_to_now,2026-07-21T09:24:55+00:00
CVE-2026-63825,updated,2026-07-20,cve_2026_to_now,2026-07-21T09:24:55+00:00
CVE-2026-63827,updated,2026-07-20,cve_2026_to_now,2026-07-21T09:24:55+00:00
CVE-2026-63828,updated,2026-07-20,cve_2026_to_now,2026-07-21T09:24:55+00:00
CVE-2026-63829,updated,2026-07-20,cve_2026_to_now,2026-07-21T09:24:55+00:00
CVE-2026-63830,updated,2026-07-20,cve_2026_to_now,2026-07-21T09:24:55+00:00
CVE-2026-63831,updated,2026-07-20,cve_2026_to_now,2026-07-21T09:24:55+00:00
CVE-2026-63832,updated,2026-07-20,cve_2026_to_now,2026-07-21T09:24:55+00:00
CVE-2026-63833,updated,2026-07-20,cve_2026_to_now,2026-07-21T09:24:55+00:00
CVE-2026-63840,updated,2026-07-20,cve_2026_to_now,2026-07-21T09:24:55+00:00
CVE-2026-63841,updated,2026-07-20,cve_2026_to_now,2026-07-21T09:24:55+00:00
CVE-2026-63842,updated,2026-07-20,cve_2026_to_now,2026-07-21T09:24:55+00:00
CVE-2026-63843,updated,2026-07-20,cve_2026_to_now,2026-07-21T09:24:55+00:00
CVE-2026-63844,updated,2026-07-20,cve_2026_to_now,2026-07-21T09:24:55+00:00
CVE-2026-63845,updated,2026-07-20,cve_2026_to_now,2026-07-21T09:24:55+00:00
CVE-2026-63846,updated,2026-07-20,cve_2026_to_now,2026-07-21T09:24:55+00:00
CVE-2026-63847,updated,2026-07-20,cve_2026_to_now,2026-07-21T09:24:55+00:00
CVE-2026-63848,updated,2026-07-20,cve_2026_to_now,2026-07-21T09:24:55+00:00
CVE-2026-63849,updated,2026-07-20,cve_2026_to_now,2026-07-21T09:24:55+00:00
CVE-2026-63850,updated,2026-07-20,cve_2026_to_now,2026-07-21T09:24:55+00:00
CVE-2026-63851,updated,2026-07-20,cve_2026_to_now,2026-07-21T09:24:55+00:00
CVE-2026-63852,updated,2026-07-20,cve_2026_to_now,2026-07-21T09:24:55+00:00
CVE-2026-63853,updated,2026-07-20,cve_2026_to_now,2026-07-21T09:24:55+00:00
CVE-2026-63854,updated,2026-07-20,cve_2026_to_now,2026-07-21T09:24:55+00:00
CVE-2026-63855,updated,2026-07-20,cve_2026_to_now,2026-07-21T09:24:55+00:00
CVE-2026-63856,updated,2026-07-20,cve_2026_to_now,2026-07-21T09:24:55+00:00
CVE-2026-63857,updated,2026-07-20,cve_2026_to_now,2026-07-21T09:24:55+00:00
CVE-2026-63858,updated,2026-07-20,cve_2026_to_now,2026-07-21T09:24:55+00:00
CVE-2026-63860,updated,2026-07-20,cve_2026_to_now,2026-07-21T09:24:55+00:00
CVE-2026-63863,updated,2026-07-20,cve_2026_to_now,2026-07-21T09:24:55+00:00
CVE-2026-63864,updated,2026-07-20,cve_2026_to_now,2026-07-21T09:24:55+00:00
CVE-2026-63865,updated,2026-07-20,cve_2026_to_now,2026-07-21T09:24:55+00:00
CVE-2026-63866,updated,2026-07-20,cve_2026_to_now,2026-07-21T09:24:55+00:00
CVE-2026-63867,updated,2026-07-20,cve_2026_to_now,2026-07-21T09:24:55+00:00
CVE-2026-63869,updated,2026-07-20,cve_2026_to_now,2026-07-21T09:24:55+00:00
CVE-2026-63870,updated,2026-07-20,cve_2026_to_now,2026-07-21T09:24:55+00:00
CVE-2026-63872,updated,2026-07-20,cve_2026_to_now,2026-07-21T09:24:55+00:00
CVE-2026-63874,updated,2026-07-20,cve_2026_to_now,2026-07-21T09:24:55+00:00
CVE-2026-63875,updated,2026-07-20,cve_2026_to_now,2026-07-21T09:24:55+00:00
CVE-2026-63879,updated,2026-07-20,cve_2026_to_now,2026-07-21T09:24:55+00:00
CVE-2026-63881,updated,2026-07-20,cve_2026_to_now,2026-07-21T09:24:55+00:00
CVE-2026-63883,updated,2026-07-20,cve_2026_to_now,2026-07-21T09:24:55+00:00
CVE-2026-63884,updated,2026-07-20,cve_2026_to_now,2026-07-21T09:24:55+00:00
CVE-2026-63885,updated,2026-07-20,cve_2026_to_now,2026-07-21T09:24:55+00:00
CVE-2026-63886,updated,2026-07-20,cve_2026_to_now,2026-07-21T09:24:55+00:00
CVE-2026-63887,updated,2026-07-20,cve_2026_to_now,2026-07-21T09:24:55+00:00
CVE-2026-63888,updated,2026-07-20,cve_2026_to_now,2026-07-21T09:24:55+00:00
CVE-2026-63889,updated,2026-07-20,cve_2026_to_now,2026-07-21T09:24:55+00:00
CVE-2026-63893,updated,2026-07-20,cve_2026_to_now,2026-07-21T09:24:55+00:00
CVE-2026-63894,updated,2026-07-20,cve_2026_to_now,2026-07-21T09:24:55+00:00
CVE-2026-63906,updated,2026-07-20,cve_2026_to_now,2026-07-21T09:24:55+00:00
CVE-2026-63909,updated,2026-07-20,cve_2026_to_now,2026-07-21T09:24:55+00:00
CVE-2026-63910,updated,2026-07-20,cve_2026_to_now,2026-07-21T09:24:55+00:00
CVE-2026-63911,updated,2026-07-20,cve_2026_to_now,2026-07-21T09:24:55+00:00
CVE-2026-63912,updated,2026-07-20,cve_2026_to_now,2026-07-21T09:24:55+00:00
CVE-2026-63913,updated,2026-07-20,cve_2026_to_now,2026-07-21T09:24:55+00:00
CVE-2026-63914,updated,2026-07-20,cve_2026_to_now,2026-07-21T09:24:55+00:00
CVE-2026-63915,updated,2026-07-20,cve_2026_to_now,2026-07-21T09:24:55+00:00
CVE-2026-63916,updated,2026-07-20,cve_2026_to_now,2026-07-21T09:24:55+00:00
CVE-2026-63917,updated,2026-07-20,cve_2026_to_now,2026-07-21T09:24:55+00:00
CVE-2026-63918,updated,2026-07-20,cve_2026_to_now,2026-07-21T09:24:55+00:00
CVE-2026-63919,updated,2026-07-20,cve_2026_to_now,2026-07-21T09:24:55+00:00
CVE-2026-63920,updated,2026-07-20,cve_2026_to_now,2026-07-21T09:24:55+00:00
CVE-2026-63921,updated,2026-07-20,cve_2026_to_now,2026-07-21T09:24:55+00:00
CVE-2026-63922,updated,2026-07-20,cve_2026_to_now,2026-07-21T09:24:55+00:00
CVE-2026-63923,updated,2026-07-20,cve_2026_to_now,2026-07-21T09:24:55+00:00
CVE-2026-63924,updated,2026-07-20,cve_2026_to_now,2026-07-21T09:24:55+00:00
CVE-2026-63925,updated,2026-07-20,cve_2026_to_now,2026-07-21T09:24:55+00:00
CVE-2026-63926,updated,2026-07-20,cve_2026_to_now,2026-07-21T09:24:55+00:00
CVE-2026-63927,updated,2026-07-20,cve_2026_to_now,2026-07-21T09:24:55+00:00
CVE-2026-63930,updated,2026-07-20,cve_2026_to_now,2026-07-21T09:24:55+00:00
CVE-2026-63937,updated,2026-07-20,cve_2026_to_now,2026-07-21T09:24:55+00:00
CVE-2026-63938,updated,2026-07-20,cve_2026_to_now,2026-07-21T09:24:55+00:00
CVE-2026-63939,updated,2026-07-20,cve_2026_to_now,2026-07-21T09:24:55+00:00
CVE-2026-63940,updated,2026-07-20,cve_2026_to_now,2026-07-21T09:24:55+00:00
CVE-2026-63941,updated,2026-07-20,cve_2026_to_now,2026-07-21T09:24:55+00:00
CVE-2026-63942,updated,2026-07-20,cve_2026_to_now,2026-07-21T09:24:55+00:00
CVE-2026-63944,updated,2026-07-20,cve_2026_to_now,2026-07-21T09:24:55+00:00
CVE-2026-63945,updated,2026-07-20,cve_2026_to_now,2026-07-21T09:24:55+00:00
CVE-2026-63946,updated,2026-07-20,cve_2026_to_now,2026-07-21T09:24:55+00:00
CVE-2026-63947,updated,2026-07-20,cve_2026_to_now,2026-07-21T09:24:55+00:00
CVE-2026-63950,updated,2026-07-20,cve_2026_to_now,2026-07-21T09:24:55+00:00
CVE-2026-63951,updated,2026-07-20,cve_2026_to_now,2026-07-21T09:24:55+00:00
CVE-2026-63952,updated,2026-07-20,cve_2026_to_now,2026-07-21T09:24:55+00:00
CVE-2026-63954,updated,2026-07-20,cve_2026_to_now,2026-07-21T09:24:55+00:00
CVE-2026-63955,updated,2026-07-20,cve_2026_to_now,2026-07-21T09:24:55+00:00
CVE-2026-63968,updated,2026-07-20,cve_2026_to_now,2026-07-21T09:24:55+00:00
CVE-2026-63970,updated,2026-07-20,cve_2026_to_now,2026-07-21T09:24:55+00:00
CVE-2026-63971,updated,2026-07-20,cve_2026_to_now,2026-07-21T09:24:55+00:00
CVE-2026-63972,updated,2026-07-20,cve_2026_to_now,2026-07-21T09:24:55+00:00
CVE-2026-63974,updated,2026-07-20,cve_2026_to_now,2026-07-21T09:24:55+00:00
CVE-2026-63975,updated,2026-07-20,cve_2026_to_now,2026-07-21T09:24:55+00:00
CVE-2026-63976,updated,2026-07-20,cve_2026_to_now,2026-07-21T09:24:55+00:00
CVE-2026-63977,updated,2026-07-20,cve_2026_to_now,2026-07-21T09:24:55+00:00
CVE-2026-63978,updated,2026-07-20,cve_2026_to_now,2026-07-21T09:24:55+00:00
CVE-2026-63979,updated,2026-07-20,cve_2026_to_now,2026-07-21T09:24:55+00:00
CVE-2026-63980,updated,2026-07-20,cve_2026_to_now,2026-07-21T09:24:55+00:00
CVE-2026-63984,updated,2026-07-20,cve_2026_to_now,2026-07-21T09:24:55+00:00
CVE-2026-63985,updated,2026-07-20,cve_2026_to_now,2026-07-21T09:24:55+00:00
CVE-2026-63987,updated,2026-07-20,cve_2026_to_now,2026-07-21T09:24:55+00:00
CVE-2026-63992,updated,2026-07-20,cve_2026_to_now,2026-07-21T09:24:55+00:00
CVE-2026-63993,updated,2026-07-20,cve_2026_to_now,2026-07-21T09:24:55+00:00
CVE-2026-63994,updated,2026-07-20,cve_2026_to_now,2026-07-21T09:24:55+00:00
CVE-2026-63995,updated,2026-07-20,cve_2026_to_now,2026-07-21T09:24:55+00:00
CVE-2026-63996,updated,2026-07-20,cve_2026_to_now,2026-07-21T09:24:55+00:00
CVE-2026-64000,updated,2026-07-20,cve_2026_to_now,2026-07-21T09:24:55+00:00
CVE-2026-64002,updated,2026-07-20,cve_2026_to_now,2026-07-21T09:24:55+00:00
CVE-2026-64003,updated,2026-07-20,cve_2026_to_now,2026-07-21T09:24:55+00:00
CVE-2026-64004,updated,2026-07-20,cve_2026_to_now,2026-07-21T09:24:55+00:00
CVE-2026-64005,updated,2026-07-20,cve_2026_to_now,2026-07-21T09:24:55+00:00
CVE-2026-64007,updated,2026-07-20,cve_2026_to_now,2026-07-21T09:24:55+00:00
CVE-2026-64008,updated,2026-07-20,cve_2026_to_now,2026-07-21T09:24:55+00:00
CVE-2026-64009,updated,2026-07-20,cve_2026_to_now,2026-07-21T09:24:55+00:00
CVE-2026-64010,updated,2026-07-20,cve_2026_to_now,2026-07-21T09:24:55+00:00
CVE-2026-64011,updated,2026-07-20,cve_2026_to_now,2026-07-21T09:24:55+00:00
CVE-2026-64015,updated,2026-07-20,cve_2026_to_now,2026-07-21T09:24:55+00:00
CVE-2026-64016,updated,2026-07-20,cve_2026_to_now,2026-07-21T09:24:55+00:00
CVE-2026-64017,updated,2026-07-20,cve_2026_to_now,2026-07-21T09:24:55+00:00
CVE-2026-64018,updated,2026-07-20,cve_2026_to_now,2026-07-21T09:24:55+00:00
CVE-2026-64020,updated,2026-07-20,cve_2026_to_now,2026-07-21T09:24:55+00:00
CVE-2026-64023,updated,2026-07-20,cve_2026_to_now,2026-07-21T09:24:55+00:00
CVE-2026-64024,updated,2026-07-20,cve_2026_to_now,2026-07-21T09:24:55+00:00
CVE-2026-64025,updated,2026-07-20,cve_2026_to_now,2026-07-21T09:24:55+00:00
CVE-2026-64026,updated,2026-07-20,cve_2026_to_now,2026-07-21T09:24:55+00:00
CVE-2026-64027,updated,2026-07-20,cve_2026_to_now,2026-07-21T09:24:55+00:00
CVE-2026-64029,updated,2026-07-20,cve_2026_to_now,2026-07-21T09:24:55+00:00
CVE-2026-64030,updated,2026-07-20,cve_2026_to_now,2026-07-21T09:24:55+00:00
CVE-2026-64031,updated,2026-07-20,cve_2026_to_now,2026-07-21T09:24:55+00:00
CVE-2026-64032,updated,2026-07-20,cve_2026_to_now,2026-07-21T09:24:55+00:00
CVE-2026-64033,updated,2026-07-20,cve_2026_to_now,2026-07-21T09:24:55+00:00
CVE-2026-64034,updated,2026-07-20,cve_2026_to_now,2026-07-21T09:24:55+00:00
CVE-2026-64035,updated,2026-07-20,cve_2026_to_now,2026-07-21T09:24:55+00:00
CVE-2026-64036,updated,2026-07-20,cve_2026_to_now,2026-07-21T09:24:55+00:00
CVE-2026-64037,updated,2026-07-20,cve_2026_to_now,2026-07-21T09:24:55+00:00
CVE-2026-64039,updated,2026-07-20,cve_2026_to_now,2026-07-21T09:24:55+00:00
CVE-2026-64041,updated,2026-07-20,cve_2026_to_now,2026-07-21T09:24:55+00:00
CVE-2026-64042,updated,2026-07-20,cve_2026_to_now,2026-07-21T09:24:55+00:00
CVE-2026-64044,updated,2026-07-20,cve_2026_to_now,2026-07-21T09:24:55+00:00
CVE-2026-64045,updated,2026-07-20,cve_2026_to_now,2026-07-21T09:24:55+00:00
CVE-2026-64046,updated,2026-07-20,cve_2026_to_now,2026-07-21T09:24:55+00:00
CVE-2026-64047,updated,2026-07-20,cve_2026_to_now,2026-07-21T09:24:55+00:00
CVE-2026-64048,updated,2026-07-20,cve_2026_to_now,2026-07-21T09:24:55+00:00
CVE-2026-64050,updated,2026-07-20,cve_2026_to_now,2026-07-21T09:24:55+00:00
CVE-2026-64051,updated,2026-07-20,cve_2026_to_now,2026-07-21T09:24:55+00:00
CVE-2026-64053,updated,2026-07-20,cve_2026_to_now,2026-07-21T09:24:55+00:00
CVE-2026-64055,updated,2026-07-20,cve_2026_to_now,2026-07-21T09:24:55+00:00
CVE-2026-64056,updated,2026-07-20,cve_2026_to_now,2026-07-21T09:24:55+00:00
CVE-2026-64057,updated,2026-07-20,cve_2026_to_now,2026-07-21T09:24:55+00:00
CVE-2026-64058,updated,2026-07-20,cve_2026_to_now,2026-07-21T09:24:55+00:00
CVE-2026-64061,updated,2026-07-20,cve_2026_to_now,2026-07-21T09:24:55+00:00
CVE-2026-64066,updated,2026-07-20,cve_2026_to_now,2026-07-21T09:24:55+00:00
CVE-2026-64067,updated,2026-07-20,cve_2026_to_now,2026-07-21T09:24:55+00:00
CVE-2026-64068,updated,2026-07-20,cve_2026_to_now,2026-07-21T09:24:55+00:00
CVE-2026-64069,updated,2026-07-20,cve_2026_to_now,2026-07-21T09:24:55+00:00
CVE-2026-64073,updated,2026-07-20,cve_2026_to_now,2026-07-21T09:24:55+00:00
CVE-2026-64074,updated,2026-07-20,cve_2026_to_now,2026-07-21T09:24:55+00:00
CVE-2026-64076,updated,2026-07-20,cve_2026_to_now,2026-07-21T09:24:55+00:00
CVE-2026-64077,updated,2026-07-20,cve_2026_to_now,2026-07-21T09:24:55+00:00
CVE-2026-64078,updated,2026-07-20,cve_2026_to_now,2026-07-21T09:24:55+00:00
CVE-2026-64080,updated,2026-07-20,cve_2026_to_now,2026-07-21T09:24:55+00:00
CVE-2026-64081,updated,2026-07-20,cve_2026_to_now,2026-07-21T09:24:55+00:00
CVE-2026-64082,updated,2026-07-20,cve_2026_to_now,2026-07-21T09:24:55+00:00
CVE-2026-64084,updated,2026-07-20,cve_2026_to_now,2026-07-21T09:24:55+00:00
CVE-2026-64086,updated,2026-07-20,cve_2026_to_now,2026-07-21T09:24:55+00:00
CVE-2026-64088,updated,2026-07-20,cve_2026_to_now,2026-07-21T09:24:55+00:00
CVE-2026-64089,updated,2026-07-20,cve_2026_to_now,2026-07-21T09:24:55+00:00
CVE-2026-64091,updated,2026-07-20,cve_2026_to_now,2026-07-21T09:24:55+00:00
CVE-2026-64093,updated,2026-07-20,cve_2026_to_now,2026-07-21T09:24:55+00:00
CVE-2026-64095,updated,2026-07-20,cve_2026_to_now,2026-07-21T09:24:55+00:00
CVE-2026-64096,updated,2026-07-20,cve_2026_to_now,2026-07-21T09:24:55+00:00
CVE-2026-64097,updated,2026-07-20,cve_2026_to_now,2026-07-21T09:24:55+00:00
CVE-2026-64098,updated,2026-07-20,cve_2026_to_now,2026-07-21T09:24:55+00:00
CVE-2026-64099,updated,2026-07-20,cve_2026_to_now,2026-07-21T09:24:55+00:00
CVE-2026-64102,updated,2026-07-20,cve_2026_to_now,2026-07-21T09:24:55+00:00
CVE-2026-64104,updated,2026-07-20,cve_2026_to_now,2026-07-21T09:24:55+00:00
CVE-2026-64106,updated,2026-07-20,cve_2026_to_now,2026-07-21T09:24:55+00:00
CVE-2026-64108,updated,2026-07-20,cve_2026_to_now,2026-07-21T09:24:55+00:00
CVE-2026-64109,updated,2026-07-20,cve_2026_to_now,2026-07-21T09:24:55+00:00
CVE-2026-64111,updated,2026-07-20,cve_2026_to_now,2026-07-21T09:24:55+00:00
CVE-2026-64112,updated,2026-07-20,cve_2026_to_now,2026-07-21T09:24:55+00:00
CVE-2026-64113,updated,2026-07-20,cve_2026_to_now,2026-07-21T09:24:55+00:00
CVE-2026-64114,updated,2026-07-20,cve_2026_to_now,2026-07-21T09:24:55+00:00
CVE-2026-64115,updated,2026-07-20,cve_2026_to_now,2026-07-21T09:24:55+00:00
CVE-2026-64116,updated,2026-07-20,cve_2026_to_now,2026-07-21T09:24:55+00:00
CVE-2026-64117,updated,2026-07-20,cve_2026_to_now,2026-07-21T09:24:55+00:00
CVE-2026-64118,updated,2026-07-20,cve_2026_to_now,2026-07-21T09:24:55+00:00
CVE-2026-64122,updated,2026-07-20,cve_2026_to_now,2026-07-21T09:24:55+00:00
CVE-2026-64123,updated,2026-07-20,cve_2026_to_now,2026-07-21T09:24:55+00:00
CVE-2026-64124,updated,2026-07-20,cve_2026_to_now,2026-07-21T09:24:55+00:00
CVE-2026-64125,updated,2026-07-20,cve_2026_to_now,2026-07-21T09:24:55+00:00
CVE-2026-64126,updated,2026-07-20,cve_2026_to_now,2026-07-21T09:24:55+00:00
CVE-2026-64132,updated,2026-07-20,cve_2026_to_now,2026-07-21T09:24:55+00:00
CVE-2026-64133,updated,2026-07-20,cve_2026_to_now,2026-07-21T09:24:55+00:00
CVE-2026-64134,updated,2026-07-20,cve_2026_to_now,2026-07-21T09:24:55+00:00
CVE-2026-64136,updated,2026-07-20,cve_2026_to_now,2026-07-21T09:24:55+00:00
CVE-2026-64137,updated,2026-07-20,cve_2026_to_now,2026-07-21T09:24:55+00:00
CVE-2026-64138,updated,2026-07-20,cve_2026_to_now,2026-07-21T09:24:55+00:00
CVE-2026-64140,updated,2026-07-20,cve_2026_to_now,2026-07-21T09:24:55+00:00
CVE-2026-64141,updated,2026-07-20,cve_2026_to_now,2026-07-21T09:24:55+00:00
CVE-2026-64142,updated,2026-07-20,cve_2026_to_now,2026-07-21T09:24:55+00:00
CVE-2026-64148,updated,2026-07-20,cve_2026_to_now,2026-07-21T09:24:55+00:00
CVE-2026-64150,updated,2026-07-20,cve_2026_to_now,2026-07-21T09:24:55+00:00
CVE-2026-64151,updated,2026-07-20,cve_2026_to_now,2026-07-21T09:24:55+00:00
CVE-2026-64152,updated,2026-07-20,cve_2026_to_now,2026-07-21T09:24:55+00:00
CVE-2026-64153,updated,2026-07-20,cve_2026_to_now,2026-07-21T09:24:55+00:00
CVE-2026-64158,updated,2026-07-20,cve_2026_to_now,2026-07-21T09:24:55+00:00
CVE-2026-64160,updated,2026-07-20,cve_2026_to_now,2026-07-21T09:24:55+00:00
CVE-2026-64162,updated,2026-07-20,cve_2026_to_now,2026-07-21T09:24:55+00:00
CVE-2026-64172,updated,2026-07-20,cve_2026_to_now,2026-07-21T09:24:55+00:00
CVE-2026-64175,updated,2026-07-20,cve_2026_to_now,2026-07-21T09:24:55+00:00
CVE-2026-64176,updated,2026-07-20,cve_2026_to_now,2026-07-21T09:24:55+00:00
CVE-2026-64178,updated,2026-07-20,cve_2026_to_now,2026-07-21T09:24:55+00:00
CVE-2026-64181,updated,2026-07-20,cve_2026_to_now,2026-07-21T09:24:55+00:00
CVE-2026-64187,added,,cve_2026_to_now,2026-07-21T09:24:55+00:00
CVE-2026-64188,added,,cve_2026_to_now,2026-07-21T09:24:55+00:00
CVE-2026-64189,added,,cve_2026_to_now,2026-07-21T09:24:55+00:00
CVE-2026-64190,added,,cve_2026_to_now,2026-07-21T09:24:55+00:00
CVE-2026-64191,added,,cve_2026_to_now,2026-07-21T09:24:55+00:00
CVE-2026-64192,added,,cve_2026_to_now,2026-07-21T09:24:55+00:00
CVE-2026-64193,added,,cve_2026_to_now,2026-07-21T09:24:55+00:00
CVE-2026-64194,added,,cve_2026_to_now,2026-07-21T09:24:55+00:00
CVE-2026-64205,added,,cve_2026_to_now,2026-07-21T09:24:55+00:00
CVE-2026-64206,added,,cve_2026_to_now,2026-07-21T09:24:55+00:00
CVE-2026-64207,added,,cve_2026_to_now,2026-07-21T09:24:55+00:00
CVE-2026-64612,added,,cve_2026_to_now,2026-07-21T09:24:55+00:00
CVE-2026-64619,added,,cve_2026_to_now,2026-07-21T09:24:55+00:00
CVE-2026-64620,added,,cve_2026_to_now,2026-07-21T09:24:55+00:00
CVE-2026-64621,added,,cve_2026_to_now,2026-07-21T09:24:55+00:00
CVE-2026-64622,added,,cve_2026_to_now,2026-07-21T09:24:55+00:00
CVE-2026-64623,added,,cve_2026_to_now,2026-07-21T09:24:55+00:00
CVE-2026-64624,added,,cve_2026_to_now,2026-07-21T09:24:55+00:00
CVE-2026-64625,added,,cve_2026_to_now,2026-07-21T09:24:55+00:00
CVE-2026-64626,added,,cve_2026_to_now,2026-07-21T09:24:55+00:00
CVE-2026-64650,added,,cve_2026_to_now,2026-07-21T09:24:55+00:00
CVE-2026-64651,added,,cve_2026_to_now,2026-07-21T09:24:55+00:00
