cve_id,change_type,date_updated,shard,run_utc
CVE-2021-29022,updated,2026-07-29,cve_2022_and_before,2026-07-30T09:27:39+00:00
CVE-2021-29023,updated,2026-07-29,cve_2022_and_before,2026-07-30T09:27:39+00:00
CVE-2021-29024,updated,2026-07-29,cve_2022_and_before,2026-07-30T09:27:39+00:00
CVE-2022-1055,updated,2026-07-29,cve_2022_and_before,2026-07-30T09:27:39+00:00
CVE-2022-3566,updated,2026-07-30,cve_2022_and_before,2026-07-30T09:27:39+00:00
CVE-2022-36271,updated,2026-07-29,cve_2022_and_before,2026-07-30T09:27:39+00:00
CVE-2023-1829,updated,2026-07-29,cve_2023_to_2025,2026-07-30T09:27:39+00:00
CVE-2024-4944,updated,2026-07-29,cve_2023_to_2025,2026-07-30T09:27:39+00:00
CVE-2024-21537,updated,2026-07-29,cve_2023_to_2025,2026-07-30T09:27:39+00:00
CVE-2025-1025,updated,2026-07-29,cve_2023_to_2025,2026-07-30T09:27:39+00:00
CVE-2025-4294,updated,2026-07-29,cve_2023_to_2025,2026-07-30T09:27:39+00:00
CVE-2025-4295,updated,2026-07-29,cve_2023_to_2025,2026-07-30T09:27:39+00:00
CVE-2025-4318,updated,2026-07-29,cve_2023_to_2025,2026-07-30T09:27:39+00:00
CVE-2025-5540,updated,2026-07-29,cve_2023_to_2025,2026-07-30T09:27:39+00:00
CVE-2025-5932,updated,2026-07-29,cve_2023_to_2025,2026-07-30T09:27:39+00:00
CVE-2025-6537,updated,2026-07-29,cve_2023_to_2025,2026-07-30T09:27:39+00:00
CVE-2025-8028,updated,2026-07-29,cve_2023_to_2025,2026-07-30T09:27:39+00:00
CVE-2025-8029,updated,2026-07-29,cve_2023_to_2025,2026-07-30T09:27:39+00:00
CVE-2025-8031,updated,2026-07-29,cve_2023_to_2025,2026-07-30T09:27:39+00:00
CVE-2025-8032,updated,2026-07-29,cve_2023_to_2025,2026-07-30T09:27:39+00:00
CVE-2025-8033,updated,2026-07-29,cve_2023_to_2025,2026-07-30T09:27:39+00:00
CVE-2025-8036,updated,2026-07-29,cve_2023_to_2025,2026-07-30T09:27:39+00:00
CVE-2025-8037,updated,2026-07-29,cve_2023_to_2025,2026-07-30T09:27:39+00:00
CVE-2025-8038,updated,2026-07-29,cve_2023_to_2025,2026-07-30T09:27:39+00:00
CVE-2025-8039,updated,2026-07-29,cve_2023_to_2025,2026-07-30T09:27:39+00:00
CVE-2025-10263,updated,2026-07-29,cve_2023_to_2025,2026-07-30T09:27:39+00:00
CVE-2025-10656,updated,,cve_2023_to_2025,2026-07-30T09:27:39+00:00
CVE-2025-12758,updated,2026-07-29,cve_2023_to_2025,2026-07-30T09:27:39+00:00
CVE-2025-12799,updated,2026-07-29,cve_2023_to_2025,2026-07-30T09:27:39+00:00
CVE-2025-14562,added,,cve_2023_to_2025,2026-07-30T09:27:39+00:00
CVE-2025-21629,updated,2026-07-30,cve_2023_to_2025,2026-07-30T09:27:39+00:00
CVE-2025-21631,updated,2026-07-30,cve_2023_to_2025,2026-07-30T09:27:39+00:00
CVE-2025-21637,updated,2026-07-30,cve_2023_to_2025,2026-07-30T09:27:39+00:00
CVE-2025-21638,updated,2026-07-30,cve_2023_to_2025,2026-07-30T09:27:39+00:00
CVE-2025-21640,updated,2026-07-30,cve_2023_to_2025,2026-07-30T09:27:39+00:00
CVE-2025-21646,updated,2026-07-30,cve_2023_to_2025,2026-07-30T09:27:39+00:00
CVE-2025-21647,updated,2026-07-30,cve_2023_to_2025,2026-07-30T09:27:39+00:00
CVE-2025-21650,updated,2026-07-30,cve_2023_to_2025,2026-07-30T09:27:39+00:00
CVE-2025-21652,updated,2026-07-30,cve_2023_to_2025,2026-07-30T09:27:39+00:00
CVE-2025-21655,updated,2026-07-30,cve_2023_to_2025,2026-07-30T09:27:39+00:00
CVE-2025-21659,updated,2026-07-30,cve_2023_to_2025,2026-07-30T09:27:39+00:00
CVE-2025-21661,updated,2026-07-30,cve_2023_to_2025,2026-07-30T09:27:39+00:00
CVE-2025-21663,updated,2026-07-30,cve_2023_to_2025,2026-07-30T09:27:39+00:00
CVE-2025-21664,updated,2026-07-30,cve_2023_to_2025,2026-07-30T09:27:39+00:00
CVE-2025-21669,updated,2026-07-30,cve_2023_to_2025,2026-07-30T09:27:39+00:00
CVE-2025-21673,updated,2026-07-30,cve_2023_to_2025,2026-07-30T09:27:39+00:00
CVE-2025-21676,updated,2026-07-30,cve_2023_to_2025,2026-07-30T09:27:39+00:00
CVE-2025-21677,updated,2026-07-30,cve_2023_to_2025,2026-07-30T09:27:39+00:00
CVE-2025-21678,updated,2026-07-30,cve_2023_to_2025,2026-07-30T09:27:39+00:00
CVE-2025-21680,updated,2026-07-30,cve_2023_to_2025,2026-07-30T09:27:39+00:00
CVE-2025-21682,updated,2026-07-30,cve_2023_to_2025,2026-07-30T09:27:39+00:00
CVE-2025-21687,updated,2026-07-30,cve_2023_to_2025,2026-07-30T09:27:39+00:00
CVE-2025-21692,updated,2026-07-30,cve_2023_to_2025,2026-07-30T09:27:39+00:00
CVE-2025-21693,updated,2026-07-30,cve_2023_to_2025,2026-07-30T09:27:39+00:00
CVE-2025-21697,updated,2026-07-30,cve_2023_to_2025,2026-07-30T09:27:39+00:00
CVE-2025-21699,updated,2026-07-30,cve_2023_to_2025,2026-07-30T09:27:39+00:00
CVE-2025-21701,updated,2026-07-30,cve_2023_to_2025,2026-07-30T09:27:39+00:00
CVE-2025-21707,updated,2026-07-30,cve_2023_to_2025,2026-07-30T09:27:39+00:00
CVE-2025-21709,updated,2026-07-30,cve_2023_to_2025,2026-07-30T09:27:39+00:00
CVE-2025-21710,updated,2026-07-30,cve_2023_to_2025,2026-07-30T09:27:39+00:00
CVE-2025-21712,updated,2026-07-30,cve_2023_to_2025,2026-07-30T09:27:39+00:00
CVE-2025-21714,updated,2026-07-30,cve_2023_to_2025,2026-07-30T09:27:39+00:00
CVE-2025-21717,updated,2026-07-30,cve_2023_to_2025,2026-07-30T09:27:39+00:00
CVE-2025-21718,updated,2026-07-30,cve_2023_to_2025,2026-07-30T09:27:39+00:00
CVE-2025-21719,updated,2026-07-30,cve_2023_to_2025,2026-07-30T09:27:39+00:00
CVE-2025-21720,updated,2026-07-30,cve_2023_to_2025,2026-07-30T09:27:39+00:00
CVE-2025-21722,updated,2026-07-30,cve_2023_to_2025,2026-07-30T09:27:39+00:00
CVE-2025-21725,updated,2026-07-30,cve_2023_to_2025,2026-07-30T09:27:39+00:00
CVE-2025-21726,updated,2026-07-30,cve_2023_to_2025,2026-07-30T09:27:39+00:00
CVE-2025-21727,updated,2026-07-30,cve_2023_to_2025,2026-07-30T09:27:39+00:00
CVE-2025-21729,updated,2026-07-30,cve_2023_to_2025,2026-07-30T09:27:39+00:00
CVE-2025-21730,updated,2026-07-30,cve_2023_to_2025,2026-07-30T09:27:39+00:00
CVE-2025-21734,updated,2026-07-30,cve_2023_to_2025,2026-07-30T09:27:39+00:00
CVE-2025-21735,updated,2026-07-30,cve_2023_to_2025,2026-07-30T09:27:39+00:00
CVE-2025-21738,updated,2026-07-30,cve_2023_to_2025,2026-07-30T09:27:39+00:00
CVE-2025-21748,updated,2026-07-30,cve_2023_to_2025,2026-07-30T09:27:39+00:00
CVE-2025-21751,updated,2026-07-30,cve_2023_to_2025,2026-07-30T09:27:39+00:00
CVE-2025-21753,updated,2026-07-30,cve_2023_to_2025,2026-07-30T09:27:39+00:00
CVE-2025-21758,updated,2026-07-30,cve_2023_to_2025,2026-07-30T09:27:39+00:00
CVE-2025-21759,updated,2026-07-30,cve_2023_to_2025,2026-07-30T09:27:39+00:00
CVE-2025-21760,updated,2026-07-30,cve_2023_to_2025,2026-07-30T09:27:39+00:00
CVE-2025-21761,updated,2026-07-30,cve_2023_to_2025,2026-07-30T09:27:39+00:00
CVE-2025-21762,updated,2026-07-30,cve_2023_to_2025,2026-07-30T09:27:39+00:00
CVE-2025-21763,updated,2026-07-30,cve_2023_to_2025,2026-07-30T09:27:39+00:00
CVE-2025-21764,updated,2026-07-30,cve_2023_to_2025,2026-07-30T09:27:39+00:00
CVE-2025-21765,updated,2026-07-30,cve_2023_to_2025,2026-07-30T09:27:39+00:00
CVE-2025-21766,updated,2026-07-30,cve_2023_to_2025,2026-07-30T09:27:39+00:00
CVE-2025-21772,updated,2026-07-30,cve_2023_to_2025,2026-07-30T09:27:39+00:00
CVE-2025-21778,updated,2026-07-30,cve_2023_to_2025,2026-07-30T09:27:39+00:00
CVE-2025-21780,updated,2026-07-30,cve_2023_to_2025,2026-07-30T09:27:39+00:00
CVE-2025-21785,updated,2026-07-30,cve_2023_to_2025,2026-07-30T09:27:39+00:00
CVE-2025-21786,updated,2026-07-30,cve_2023_to_2025,2026-07-30T09:27:39+00:00
CVE-2025-21788,updated,2026-07-30,cve_2023_to_2025,2026-07-30T09:27:39+00:00
CVE-2025-21789,updated,2026-07-30,cve_2023_to_2025,2026-07-30T09:27:39+00:00
CVE-2025-21791,updated,2026-07-30,cve_2023_to_2025,2026-07-30T09:27:39+00:00
CVE-2025-21792,updated,2026-07-30,cve_2023_to_2025,2026-07-30T09:27:39+00:00
CVE-2025-21795,updated,2026-07-30,cve_2023_to_2025,2026-07-30T09:27:39+00:00
CVE-2025-21796,updated,2026-07-30,cve_2023_to_2025,2026-07-30T09:27:39+00:00
CVE-2025-21801,updated,2026-07-30,cve_2023_to_2025,2026-07-30T09:27:39+00:00
CVE-2025-21804,updated,2026-07-30,cve_2023_to_2025,2026-07-30T09:27:39+00:00
CVE-2025-21805,updated,2026-07-30,cve_2023_to_2025,2026-07-30T09:27:39+00:00
CVE-2025-21808,updated,2026-07-30,cve_2023_to_2025,2026-07-30T09:27:39+00:00
CVE-2025-21809,updated,2026-07-30,cve_2023_to_2025,2026-07-30T09:27:39+00:00
CVE-2025-21810,updated,2026-07-30,cve_2023_to_2025,2026-07-30T09:27:39+00:00
CVE-2025-21811,updated,2026-07-30,cve_2023_to_2025,2026-07-30T09:27:39+00:00
CVE-2025-21812,updated,2026-07-30,cve_2023_to_2025,2026-07-30T09:27:39+00:00
CVE-2025-21823,updated,2026-07-30,cve_2023_to_2025,2026-07-30T09:27:39+00:00
CVE-2025-21825,updated,2026-07-30,cve_2023_to_2025,2026-07-30T09:27:39+00:00
CVE-2025-21826,updated,2026-07-30,cve_2023_to_2025,2026-07-30T09:27:39+00:00
CVE-2025-21827,updated,2026-07-30,cve_2023_to_2025,2026-07-30T09:27:39+00:00
CVE-2025-21828,updated,2026-07-30,cve_2023_to_2025,2026-07-30T09:27:39+00:00
CVE-2025-21829,updated,2026-07-30,cve_2023_to_2025,2026-07-30T09:27:39+00:00
CVE-2025-21830,updated,2026-07-30,cve_2023_to_2025,2026-07-30T09:27:39+00:00
CVE-2025-21832,updated,2026-07-30,cve_2023_to_2025,2026-07-30T09:27:39+00:00
CVE-2025-21836,updated,2026-07-30,cve_2023_to_2025,2026-07-30T09:27:39+00:00
CVE-2025-21839,updated,2026-07-30,cve_2023_to_2025,2026-07-30T09:27:39+00:00
CVE-2025-21842,updated,2026-07-30,cve_2023_to_2025,2026-07-30T09:27:39+00:00
CVE-2025-21844,updated,2026-07-30,cve_2023_to_2025,2026-07-30T09:27:39+00:00
CVE-2025-21850,updated,2026-07-30,cve_2023_to_2025,2026-07-30T09:27:39+00:00
CVE-2025-21851,updated,2026-07-30,cve_2023_to_2025,2026-07-30T09:27:39+00:00
CVE-2025-21855,updated,2026-07-30,cve_2023_to_2025,2026-07-30T09:27:39+00:00
CVE-2025-21858,updated,2026-07-30,cve_2023_to_2025,2026-07-30T09:27:39+00:00
CVE-2025-21864,updated,2026-07-30,cve_2023_to_2025,2026-07-30T09:27:39+00:00
CVE-2025-21867,updated,2026-07-30,cve_2023_to_2025,2026-07-30T09:27:39+00:00
CVE-2025-21868,updated,2026-07-30,cve_2023_to_2025,2026-07-30T09:27:39+00:00
CVE-2025-21870,updated,2026-07-30,cve_2023_to_2025,2026-07-30T09:27:39+00:00
CVE-2025-21875,updated,2026-07-30,cve_2023_to_2025,2026-07-30T09:27:39+00:00
CVE-2025-21876,updated,2026-07-30,cve_2023_to_2025,2026-07-30T09:27:39+00:00
CVE-2025-21879,updated,2026-07-30,cve_2023_to_2025,2026-07-30T09:27:39+00:00
CVE-2025-21882,updated,2026-07-30,cve_2023_to_2025,2026-07-30T09:27:39+00:00
CVE-2025-21884,updated,2026-07-30,cve_2023_to_2025,2026-07-30T09:27:39+00:00
CVE-2025-21885,updated,2026-07-30,cve_2023_to_2025,2026-07-30T09:27:39+00:00
CVE-2025-21887,updated,2026-07-30,cve_2023_to_2025,2026-07-30T09:27:39+00:00
CVE-2025-21889,updated,2026-07-30,cve_2023_to_2025,2026-07-30T09:27:39+00:00
CVE-2025-21890,updated,2026-07-30,cve_2023_to_2025,2026-07-30T09:27:39+00:00
CVE-2025-21893,updated,2026-07-30,cve_2023_to_2025,2026-07-30T09:27:39+00:00
CVE-2025-21896,updated,2026-07-30,cve_2023_to_2025,2026-07-30T09:27:39+00:00
CVE-2025-21899,updated,2026-07-30,cve_2023_to_2025,2026-07-30T09:27:39+00:00
CVE-2025-21900,updated,2026-07-30,cve_2023_to_2025,2026-07-30T09:27:39+00:00
CVE-2025-21901,updated,2026-07-30,cve_2023_to_2025,2026-07-30T09:27:39+00:00
CVE-2025-21906,updated,2026-07-30,cve_2023_to_2025,2026-07-30T09:27:39+00:00
CVE-2025-21914,updated,2026-07-30,cve_2023_to_2025,2026-07-30T09:27:39+00:00
CVE-2025-21915,updated,2026-07-30,cve_2023_to_2025,2026-07-30T09:27:39+00:00
CVE-2025-21919,updated,2026-07-30,cve_2023_to_2025,2026-07-30T09:27:39+00:00
CVE-2025-21923,updated,2026-07-30,cve_2023_to_2025,2026-07-30T09:27:39+00:00
CVE-2025-21924,updated,2026-07-30,cve_2023_to_2025,2026-07-30T09:27:39+00:00
CVE-2025-21926,updated,2026-07-30,cve_2023_to_2025,2026-07-30T09:27:39+00:00
CVE-2025-21927,updated,2026-07-30,cve_2023_to_2025,2026-07-30T09:27:39+00:00
CVE-2025-21932,updated,2026-07-30,cve_2023_to_2025,2026-07-30T09:27:39+00:00
CVE-2025-21934,updated,2026-07-30,cve_2023_to_2025,2026-07-30T09:27:39+00:00
CVE-2025-21938,updated,2026-07-30,cve_2023_to_2025,2026-07-30T09:27:39+00:00
CVE-2025-21939,updated,2026-07-30,cve_2023_to_2025,2026-07-30T09:27:39+00:00
CVE-2025-21945,updated,2026-07-30,cve_2023_to_2025,2026-07-30T09:27:39+00:00
CVE-2025-21946,updated,2026-07-30,cve_2023_to_2025,2026-07-30T09:27:39+00:00
CVE-2025-21949,updated,2026-07-30,cve_2023_to_2025,2026-07-30T09:27:39+00:00
CVE-2025-21954,updated,2026-07-30,cve_2023_to_2025,2026-07-30T09:27:39+00:00
CVE-2025-21955,updated,2026-07-30,cve_2023_to_2025,2026-07-30T09:27:39+00:00
CVE-2025-21958,updated,2026-07-30,cve_2023_to_2025,2026-07-30T09:27:39+00:00
CVE-2025-21959,updated,2026-07-30,cve_2023_to_2025,2026-07-30T09:27:39+00:00
CVE-2025-21960,updated,2026-07-30,cve_2023_to_2025,2026-07-30T09:27:39+00:00
CVE-2025-21961,updated,2026-07-30,cve_2023_to_2025,2026-07-30T09:27:39+00:00
CVE-2025-21965,updated,2026-07-30,cve_2023_to_2025,2026-07-30T09:27:39+00:00
CVE-2025-21966,updated,2026-07-30,cve_2023_to_2025,2026-07-30T09:27:39+00:00
CVE-2025-21967,updated,2026-07-30,cve_2023_to_2025,2026-07-30T09:27:39+00:00
CVE-2025-21969,updated,2026-07-30,cve_2023_to_2025,2026-07-30T09:27:39+00:00
CVE-2025-21970,updated,2026-07-30,cve_2023_to_2025,2026-07-30T09:27:39+00:00
CVE-2025-21971,updated,2026-07-30,cve_2023_to_2025,2026-07-30T09:27:39+00:00
CVE-2025-21972,updated,2026-07-30,cve_2023_to_2025,2026-07-30T09:27:39+00:00
CVE-2025-21976,updated,2026-07-30,cve_2023_to_2025,2026-07-30T09:27:39+00:00
CVE-2025-21979,updated,2026-07-30,cve_2023_to_2025,2026-07-30T09:27:39+00:00
CVE-2025-21984,updated,2026-07-30,cve_2023_to_2025,2026-07-30T09:27:39+00:00
CVE-2025-21985,updated,2026-07-30,cve_2023_to_2025,2026-07-30T09:27:39+00:00
CVE-2025-21988,updated,2026-07-30,cve_2023_to_2025,2026-07-30T09:27:39+00:00
CVE-2025-21994,updated,2026-07-30,cve_2023_to_2025,2026-07-30T09:27:39+00:00
CVE-2025-21999,updated,2026-07-30,cve_2023_to_2025,2026-07-30T09:27:39+00:00
CVE-2025-22001,updated,2026-07-30,cve_2023_to_2025,2026-07-30T09:27:39+00:00
CVE-2025-22004,updated,2026-07-30,cve_2023_to_2025,2026-07-30T09:27:39+00:00
CVE-2025-22012,updated,2026-07-30,cve_2023_to_2025,2026-07-30T09:27:39+00:00
CVE-2025-22013,updated,2026-07-30,cve_2023_to_2025,2026-07-30T09:27:39+00:00
CVE-2025-22015,updated,2026-07-30,cve_2023_to_2025,2026-07-30T09:27:39+00:00
CVE-2025-22019,updated,2026-07-30,cve_2023_to_2025,2026-07-30T09:27:39+00:00
CVE-2025-22020,updated,2026-07-30,cve_2023_to_2025,2026-07-30T09:27:39+00:00
CVE-2025-22021,updated,2026-07-30,cve_2023_to_2025,2026-07-30T09:27:39+00:00
CVE-2025-22022,updated,2026-07-30,cve_2023_to_2025,2026-07-30T09:27:39+00:00
CVE-2025-22025,updated,2026-07-30,cve_2023_to_2025,2026-07-30T09:27:39+00:00
CVE-2025-22034,updated,2026-07-30,cve_2023_to_2025,2026-07-30T09:27:39+00:00
CVE-2025-22035,updated,2026-07-30,cve_2023_to_2025,2026-07-30T09:27:39+00:00
CVE-2025-22036,updated,2026-07-30,cve_2023_to_2025,2026-07-30T09:27:39+00:00
CVE-2025-22037,updated,2026-07-30,cve_2023_to_2025,2026-07-30T09:27:39+00:00
CVE-2025-22038,updated,2026-07-30,cve_2023_to_2025,2026-07-30T09:27:39+00:00
CVE-2025-22039,updated,2026-07-30,cve_2023_to_2025,2026-07-30T09:27:39+00:00
CVE-2025-22042,updated,2026-07-30,cve_2023_to_2025,2026-07-30T09:27:39+00:00
CVE-2025-22043,updated,2026-07-30,cve_2023_to_2025,2026-07-30T09:27:39+00:00
CVE-2025-22044,updated,2026-07-30,cve_2023_to_2025,2026-07-30T09:27:39+00:00
CVE-2025-22045,updated,2026-07-30,cve_2023_to_2025,2026-07-30T09:27:39+00:00
CVE-2025-22047,updated,2026-07-30,cve_2023_to_2025,2026-07-30T09:27:39+00:00
CVE-2025-22048,updated,2026-07-30,cve_2023_to_2025,2026-07-30T09:27:39+00:00
CVE-2025-22049,updated,2026-07-30,cve_2023_to_2025,2026-07-30T09:27:39+00:00
CVE-2025-22055,updated,2026-07-30,cve_2023_to_2025,2026-07-30T09:27:39+00:00
CVE-2025-22056,updated,2026-07-30,cve_2023_to_2025,2026-07-30T09:27:39+00:00
CVE-2025-22057,updated,2026-07-30,cve_2023_to_2025,2026-07-30T09:27:39+00:00
CVE-2025-22059,updated,2026-07-30,cve_2023_to_2025,2026-07-30T09:27:39+00:00
CVE-2025-22061,updated,2026-07-30,cve_2023_to_2025,2026-07-30T09:27:39+00:00
CVE-2025-22062,updated,2026-07-30,cve_2023_to_2025,2026-07-30T09:27:39+00:00
CVE-2025-22068,updated,2026-07-30,cve_2023_to_2025,2026-07-30T09:27:39+00:00
CVE-2025-22069,updated,2026-07-30,cve_2023_to_2025,2026-07-30T09:27:39+00:00
CVE-2025-22072,updated,2026-07-30,cve_2023_to_2025,2026-07-30T09:27:39+00:00
CVE-2025-22074,updated,2026-07-30,cve_2023_to_2025,2026-07-30T09:27:39+00:00
CVE-2025-22077,updated,2026-07-30,cve_2023_to_2025,2026-07-30T09:27:39+00:00
CVE-2025-22079,updated,2026-07-30,cve_2023_to_2025,2026-07-30T09:27:39+00:00
CVE-2025-22080,updated,2026-07-30,cve_2023_to_2025,2026-07-30T09:27:39+00:00
CVE-2025-22081,updated,2026-07-30,cve_2023_to_2025,2026-07-30T09:27:39+00:00
CVE-2025-22083,updated,2026-07-30,cve_2023_to_2025,2026-07-30T09:27:39+00:00
CVE-2025-22085,updated,2026-07-30,cve_2023_to_2025,2026-07-30T09:27:39+00:00
CVE-2025-22086,updated,2026-07-30,cve_2023_to_2025,2026-07-30T09:27:39+00:00
CVE-2025-22087,updated,2026-07-30,cve_2023_to_2025,2026-07-30T09:27:39+00:00
CVE-2025-22088,updated,2026-07-30,cve_2023_to_2025,2026-07-30T09:27:39+00:00
CVE-2025-22089,updated,2026-07-30,cve_2023_to_2025,2026-07-30T09:27:39+00:00
CVE-2025-22090,updated,2026-07-30,cve_2023_to_2025,2026-07-30T09:27:39+00:00
CVE-2025-22094,updated,2026-07-30,cve_2023_to_2025,2026-07-30T09:27:39+00:00
CVE-2025-22100,updated,2026-07-30,cve_2023_to_2025,2026-07-30T09:27:39+00:00
CVE-2025-22102,updated,2026-07-30,cve_2023_to_2025,2026-07-30T09:27:39+00:00
CVE-2025-22108,updated,2026-07-30,cve_2023_to_2025,2026-07-30T09:27:39+00:00
CVE-2025-22109,updated,2026-07-30,cve_2023_to_2025,2026-07-30T09:27:39+00:00
CVE-2025-22110,updated,2026-07-30,cve_2023_to_2025,2026-07-30T09:27:39+00:00
CVE-2025-22114,updated,2026-07-30,cve_2023_to_2025,2026-07-30T09:27:39+00:00
CVE-2025-22115,updated,2026-07-30,cve_2023_to_2025,2026-07-30T09:27:39+00:00
CVE-2025-22117,updated,2026-07-30,cve_2023_to_2025,2026-07-30T09:27:39+00:00
CVE-2025-22118,updated,2026-07-30,cve_2023_to_2025,2026-07-30T09:27:39+00:00
CVE-2025-22121,updated,2026-07-30,cve_2023_to_2025,2026-07-30T09:27:39+00:00
CVE-2025-22124,updated,2026-07-30,cve_2023_to_2025,2026-07-30T09:27:39+00:00
CVE-2025-23132,updated,2026-07-30,cve_2023_to_2025,2026-07-30T09:27:39+00:00
CVE-2025-23133,updated,2026-07-30,cve_2023_to_2025,2026-07-30T09:27:39+00:00
CVE-2025-23141,updated,2026-07-30,cve_2023_to_2025,2026-07-30T09:27:39+00:00
CVE-2025-23142,updated,2026-07-30,cve_2023_to_2025,2026-07-30T09:27:39+00:00
CVE-2025-23145,updated,2026-07-30,cve_2023_to_2025,2026-07-30T09:27:39+00:00
CVE-2025-23150,updated,2026-07-30,cve_2023_to_2025,2026-07-30T09:27:39+00:00
CVE-2025-23151,updated,2026-07-30,cve_2023_to_2025,2026-07-30T09:27:39+00:00
CVE-2025-23155,updated,2026-07-30,cve_2023_to_2025,2026-07-30T09:27:39+00:00
CVE-2025-23156,updated,2026-07-30,cve_2023_to_2025,2026-07-30T09:27:39+00:00
CVE-2025-23157,updated,2026-07-30,cve_2023_to_2025,2026-07-30T09:27:39+00:00
CVE-2025-23158,updated,2026-07-30,cve_2023_to_2025,2026-07-30T09:27:39+00:00
CVE-2025-23159,updated,2026-07-30,cve_2023_to_2025,2026-07-30T09:27:39+00:00
CVE-2025-37738,updated,2026-07-30,cve_2023_to_2025,2026-07-30T09:27:39+00:00
CVE-2025-37741,updated,2026-07-30,cve_2023_to_2025,2026-07-30T09:27:39+00:00
CVE-2025-37749,updated,2026-07-30,cve_2023_to_2025,2026-07-30T09:27:39+00:00
CVE-2025-37750,updated,2026-07-30,cve_2023_to_2025,2026-07-30T09:27:39+00:00
CVE-2025-37751,updated,2026-07-30,cve_2023_to_2025,2026-07-30T09:27:39+00:00
CVE-2025-37752,updated,2026-07-30,cve_2023_to_2025,2026-07-30T09:27:39+00:00
CVE-2025-37756,updated,2026-07-30,cve_2023_to_2025,2026-07-30T09:27:39+00:00
CVE-2025-37757,updated,2026-07-30,cve_2023_to_2025,2026-07-30T09:27:39+00:00
CVE-2025-37763,updated,2026-07-30,cve_2023_to_2025,2026-07-30T09:27:39+00:00
CVE-2025-37765,updated,2026-07-30,cve_2023_to_2025,2026-07-30T09:27:39+00:00
CVE-2025-37776,updated,2026-07-30,cve_2023_to_2025,2026-07-30T09:27:39+00:00
CVE-2025-37777,updated,2026-07-30,cve_2023_to_2025,2026-07-30T09:27:39+00:00
CVE-2025-37779,updated,2026-07-30,cve_2023_to_2025,2026-07-30T09:27:39+00:00
CVE-2025-37789,updated,2026-07-30,cve_2023_to_2025,2026-07-30T09:27:39+00:00
CVE-2025-37791,updated,2026-07-30,cve_2023_to_2025,2026-07-30T09:27:39+00:00
CVE-2025-37797,updated,2026-07-30,cve_2023_to_2025,2026-07-30T09:27:39+00:00
CVE-2025-37798,updated,2026-07-30,cve_2023_to_2025,2026-07-30T09:27:39+00:00
CVE-2025-37799,updated,2026-07-30,cve_2023_to_2025,2026-07-30T09:27:39+00:00
CVE-2025-37800,updated,2026-07-30,cve_2023_to_2025,2026-07-30T09:27:39+00:00
CVE-2025-37801,updated,2026-07-30,cve_2023_to_2025,2026-07-30T09:27:39+00:00
CVE-2025-37802,updated,2026-07-30,cve_2023_to_2025,2026-07-30T09:27:39+00:00
CVE-2025-37813,updated,2026-07-30,cve_2023_to_2025,2026-07-30T09:27:39+00:00
CVE-2025-37814,updated,2026-07-30,cve_2023_to_2025,2026-07-30T09:27:39+00:00
CVE-2025-37820,updated,2026-07-30,cve_2023_to_2025,2026-07-30T09:27:39+00:00
CVE-2025-37822,updated,2026-07-30,cve_2023_to_2025,2026-07-30T09:27:39+00:00
CVE-2025-37823,updated,2026-07-30,cve_2023_to_2025,2026-07-30T09:27:39+00:00
CVE-2025-37838,updated,2026-07-30,cve_2023_to_2025,2026-07-30T09:27:39+00:00
CVE-2025-37845,updated,2026-07-30,cve_2023_to_2025,2026-07-30T09:27:39+00:00
CVE-2025-37849,updated,2026-07-30,cve_2023_to_2025,2026-07-30T09:27:39+00:00
CVE-2025-37854,updated,2026-07-30,cve_2023_to_2025,2026-07-30T09:27:39+00:00
CVE-2025-37856,updated,2026-07-30,cve_2023_to_2025,2026-07-30T09:27:39+00:00
CVE-2025-37861,updated,2026-07-30,cve_2023_to_2025,2026-07-30T09:27:39+00:00
CVE-2025-37869,updated,2026-07-30,cve_2023_to_2025,2026-07-30T09:27:39+00:00
CVE-2025-37871,updated,2026-07-30,cve_2023_to_2025,2026-07-30T09:27:39+00:00
CVE-2025-37873,updated,2026-07-30,cve_2023_to_2025,2026-07-30T09:27:39+00:00
CVE-2025-37876,updated,2026-07-30,cve_2023_to_2025,2026-07-30T09:27:39+00:00
CVE-2025-37879,updated,2026-07-30,cve_2023_to_2025,2026-07-30T09:27:39+00:00
CVE-2025-37882,updated,2026-07-30,cve_2023_to_2025,2026-07-30T09:27:39+00:00
CVE-2025-37885,updated,2026-07-30,cve_2023_to_2025,2026-07-30T09:27:39+00:00
CVE-2025-37886,updated,2026-07-30,cve_2023_to_2025,2026-07-30T09:27:39+00:00
CVE-2025-37887,updated,2026-07-30,cve_2023_to_2025,2026-07-30T09:27:39+00:00
CVE-2025-37890,updated,2026-07-30,cve_2023_to_2025,2026-07-30T09:27:39+00:00
CVE-2025-37891,updated,2026-07-30,cve_2023_to_2025,2026-07-30T09:27:39+00:00
CVE-2025-37893,updated,2026-07-30,cve_2023_to_2025,2026-07-30T09:27:39+00:00
CVE-2025-37894,updated,2026-07-30,cve_2023_to_2025,2026-07-30T09:27:39+00:00
CVE-2025-37899,updated,2026-07-30,cve_2023_to_2025,2026-07-30T09:27:39+00:00
CVE-2025-37901,updated,2026-07-30,cve_2023_to_2025,2026-07-30T09:27:39+00:00
CVE-2025-37903,updated,2026-07-30,cve_2023_to_2025,2026-07-30T09:27:39+00:00
CVE-2025-37906,updated,2026-07-30,cve_2023_to_2025,2026-07-30T09:27:39+00:00
CVE-2025-37908,updated,2026-07-30,cve_2023_to_2025,2026-07-30T09:27:39+00:00
CVE-2025-37911,updated,2026-07-30,cve_2023_to_2025,2026-07-30T09:27:39+00:00
CVE-2025-37913,updated,2026-07-30,cve_2023_to_2025,2026-07-30T09:27:39+00:00
CVE-2025-37914,updated,2026-07-30,cve_2023_to_2025,2026-07-30T09:27:39+00:00
CVE-2025-37915,updated,2026-07-30,cve_2023_to_2025,2026-07-30T09:27:39+00:00
CVE-2025-37917,updated,2026-07-30,cve_2023_to_2025,2026-07-30T09:27:39+00:00
CVE-2025-37918,updated,2026-07-30,cve_2023_to_2025,2026-07-30T09:27:39+00:00
CVE-2025-37920,updated,2026-07-30,cve_2023_to_2025,2026-07-30T09:27:39+00:00
CVE-2025-37921,updated,2026-07-30,cve_2023_to_2025,2026-07-30T09:27:39+00:00
CVE-2025-37923,updated,2026-07-30,cve_2023_to_2025,2026-07-30T09:27:39+00:00
CVE-2025-37926,updated,2026-07-30,cve_2023_to_2025,2026-07-30T09:27:39+00:00
CVE-2025-37931,updated,2026-07-30,cve_2023_to_2025,2026-07-30T09:27:39+00:00
CVE-2025-37935,updated,2026-07-30,cve_2023_to_2025,2026-07-30T09:27:39+00:00
CVE-2025-37936,updated,2026-07-30,cve_2023_to_2025,2026-07-30T09:27:39+00:00
CVE-2025-37938,updated,2026-07-30,cve_2023_to_2025,2026-07-30T09:27:39+00:00
CVE-2025-37943,updated,2026-07-30,cve_2023_to_2025,2026-07-30T09:27:39+00:00
CVE-2025-37944,updated,2026-07-30,cve_2023_to_2025,2026-07-30T09:27:39+00:00
CVE-2025-37947,updated,2026-07-30,cve_2023_to_2025,2026-07-30T09:27:39+00:00
CVE-2025-37949,updated,2026-07-30,cve_2023_to_2025,2026-07-30T09:27:39+00:00
CVE-2025-37952,updated,2026-07-30,cve_2023_to_2025,2026-07-30T09:27:39+00:00
CVE-2025-37954,updated,2026-07-30,cve_2023_to_2025,2026-07-30T09:27:39+00:00
CVE-2025-37956,updated,2026-07-30,cve_2023_to_2025,2026-07-30T09:27:39+00:00
CVE-2025-37957,updated,2026-07-30,cve_2023_to_2025,2026-07-30T09:27:39+00:00
CVE-2025-37959,updated,2026-07-30,cve_2023_to_2025,2026-07-30T09:27:39+00:00
CVE-2025-37964,updated,2026-07-30,cve_2023_to_2025,2026-07-30T09:27:39+00:00
CVE-2025-37973,updated,2026-07-30,cve_2023_to_2025,2026-07-30T09:27:39+00:00
CVE-2025-37977,updated,2026-07-30,cve_2023_to_2025,2026-07-30T09:27:39+00:00
CVE-2025-37979,updated,2026-07-30,cve_2023_to_2025,2026-07-30T09:27:39+00:00
CVE-2025-37984,updated,2026-07-30,cve_2023_to_2025,2026-07-30T09:27:39+00:00
CVE-2025-37988,updated,2026-07-30,cve_2023_to_2025,2026-07-30T09:27:39+00:00
CVE-2025-37996,updated,2026-07-30,cve_2023_to_2025,2026-07-30T09:27:39+00:00
CVE-2025-37997,updated,2026-07-30,cve_2023_to_2025,2026-07-30T09:27:39+00:00
CVE-2025-37998,updated,2026-07-30,cve_2023_to_2025,2026-07-30T09:27:39+00:00
CVE-2025-38000,updated,2026-07-30,cve_2023_to_2025,2026-07-30T09:27:39+00:00
CVE-2025-38001,updated,2026-07-30,cve_2023_to_2025,2026-07-30T09:27:39+00:00
CVE-2025-38002,updated,2026-07-30,cve_2023_to_2025,2026-07-30T09:27:39+00:00
CVE-2025-38003,updated,2026-07-30,cve_2023_to_2025,2026-07-30T09:27:39+00:00
CVE-2025-38004,updated,2026-07-30,cve_2023_to_2025,2026-07-30T09:27:39+00:00
CVE-2025-38005,updated,2026-07-30,cve_2023_to_2025,2026-07-30T09:27:39+00:00
CVE-2025-38012,updated,2026-07-30,cve_2023_to_2025,2026-07-30T09:27:39+00:00
CVE-2025-38016,updated,2026-07-30,cve_2023_to_2025,2026-07-30T09:27:39+00:00
CVE-2025-38018,updated,2026-07-30,cve_2023_to_2025,2026-07-30T09:27:39+00:00
CVE-2025-38022,updated,2026-07-30,cve_2023_to_2025,2026-07-30T09:27:39+00:00
CVE-2025-38024,updated,2026-07-30,cve_2023_to_2025,2026-07-30T09:27:39+00:00
CVE-2025-38028,updated,2026-07-30,cve_2023_to_2025,2026-07-30T09:27:39+00:00
CVE-2025-38035,updated,2026-07-30,cve_2023_to_2025,2026-07-30T09:27:39+00:00
CVE-2025-38051,updated,2026-07-30,cve_2023_to_2025,2026-07-30T09:27:39+00:00
CVE-2025-38052,updated,2026-07-30,cve_2023_to_2025,2026-07-30T09:27:39+00:00
CVE-2025-38057,updated,2026-07-30,cve_2023_to_2025,2026-07-30T09:27:39+00:00
CVE-2025-38058,updated,2026-07-30,cve_2023_to_2025,2026-07-30T09:27:39+00:00
CVE-2025-38060,updated,2026-07-30,cve_2023_to_2025,2026-07-30T09:27:39+00:00
CVE-2025-38062,updated,2026-07-30,cve_2023_to_2025,2026-07-30T09:27:39+00:00
CVE-2025-38064,updated,2026-07-30,cve_2023_to_2025,2026-07-30T09:27:39+00:00
CVE-2025-38065,updated,2026-07-30,cve_2023_to_2025,2026-07-30T09:27:39+00:00
CVE-2025-38068,updated,2026-07-30,cve_2023_to_2025,2026-07-30T09:27:39+00:00
CVE-2025-38074,updated,2026-07-30,cve_2023_to_2025,2026-07-30T09:27:39+00:00
CVE-2025-38075,updated,2026-07-30,cve_2023_to_2025,2026-07-30T09:27:39+00:00
CVE-2025-38078,updated,2026-07-30,cve_2023_to_2025,2026-07-30T09:27:39+00:00
CVE-2025-38079,updated,2026-07-30,cve_2023_to_2025,2026-07-30T09:27:39+00:00
CVE-2025-38080,updated,2026-07-30,cve_2023_to_2025,2026-07-30T09:27:39+00:00
CVE-2025-38082,updated,2026-07-30,cve_2023_to_2025,2026-07-30T09:27:39+00:00
CVE-2025-38083,updated,2026-07-30,cve_2023_to_2025,2026-07-30T09:27:39+00:00
CVE-2025-38084,updated,2026-07-30,cve_2023_to_2025,2026-07-30T09:27:39+00:00
CVE-2025-38085,updated,2026-07-30,cve_2023_to_2025,2026-07-30T09:27:39+00:00
CVE-2025-38087,updated,2026-07-30,cve_2023_to_2025,2026-07-30T09:27:39+00:00
CVE-2025-38089,updated,2026-07-30,cve_2023_to_2025,2026-07-30T09:27:39+00:00
CVE-2025-38090,updated,2026-07-30,cve_2023_to_2025,2026-07-30T09:27:39+00:00
CVE-2025-38092,updated,2026-07-30,cve_2023_to_2025,2026-07-30T09:27:39+00:00
CVE-2025-38095,updated,2026-07-30,cve_2023_to_2025,2026-07-30T09:27:39+00:00
CVE-2025-38097,updated,2026-07-30,cve_2023_to_2025,2026-07-30T09:27:39+00:00
CVE-2025-38098,updated,2026-07-30,cve_2023_to_2025,2026-07-30T09:27:39+00:00
CVE-2025-38101,updated,2026-07-30,cve_2023_to_2025,2026-07-30T09:27:39+00:00
CVE-2025-38102,updated,2026-07-30,cve_2023_to_2025,2026-07-30T09:27:39+00:00
CVE-2025-38106,updated,2026-07-30,cve_2023_to_2025,2026-07-30T09:27:39+00:00
CVE-2025-38107,updated,2026-07-30,cve_2023_to_2025,2026-07-30T09:27:39+00:00
CVE-2025-38108,updated,2026-07-30,cve_2023_to_2025,2026-07-30T09:27:39+00:00
CVE-2025-38110,updated,2026-07-30,cve_2023_to_2025,2026-07-30T09:27:39+00:00
CVE-2025-38111,updated,2026-07-30,cve_2023_to_2025,2026-07-30T09:27:39+00:00
CVE-2025-38115,updated,2026-07-30,cve_2023_to_2025,2026-07-30T09:27:39+00:00
CVE-2025-38116,updated,2026-07-30,cve_2023_to_2025,2026-07-30T09:27:39+00:00
CVE-2025-38117,updated,2026-07-30,cve_2023_to_2025,2026-07-30T09:27:39+00:00
CVE-2025-38118,updated,2026-07-30,cve_2023_to_2025,2026-07-30T09:27:39+00:00
CVE-2025-38120,updated,2026-07-30,cve_2023_to_2025,2026-07-30T09:27:39+00:00
CVE-2025-38123,updated,2026-07-30,cve_2023_to_2025,2026-07-30T09:27:39+00:00
CVE-2025-38124,updated,2026-07-30,cve_2023_to_2025,2026-07-30T09:27:39+00:00
CVE-2025-38127,updated,2026-07-30,cve_2023_to_2025,2026-07-30T09:27:39+00:00
CVE-2025-38129,updated,2026-07-30,cve_2023_to_2025,2026-07-30T09:27:39+00:00
CVE-2025-38133,updated,2026-07-30,cve_2023_to_2025,2026-07-30T09:27:39+00:00
CVE-2025-38139,updated,2026-07-30,cve_2023_to_2025,2026-07-30T09:27:39+00:00
CVE-2025-38141,updated,2026-07-30,cve_2023_to_2025,2026-07-30T09:27:39+00:00
CVE-2025-38146,updated,2026-07-30,cve_2023_to_2025,2026-07-30T09:27:39+00:00
CVE-2025-38150,updated,2026-07-30,cve_2023_to_2025,2026-07-30T09:27:39+00:00
CVE-2025-38154,updated,2026-07-30,cve_2023_to_2025,2026-07-30T09:27:39+00:00
CVE-2025-38161,updated,2026-07-30,cve_2023_to_2025,2026-07-30T09:27:39+00:00
CVE-2025-38162,updated,2026-07-30,cve_2023_to_2025,2026-07-30T09:27:39+00:00
CVE-2025-38164,updated,2026-07-30,cve_2023_to_2025,2026-07-30T09:27:39+00:00
CVE-2025-38165,updated,2026-07-30,cve_2023_to_2025,2026-07-30T09:27:39+00:00
CVE-2025-38166,updated,2026-07-30,cve_2023_to_2025,2026-07-30T09:27:39+00:00
CVE-2025-38168,updated,2026-07-30,cve_2023_to_2025,2026-07-30T09:27:39+00:00
CVE-2025-38169,updated,2026-07-30,cve_2023_to_2025,2026-07-30T09:27:39+00:00
CVE-2025-38172,updated,2026-07-30,cve_2023_to_2025,2026-07-30T09:27:39+00:00
CVE-2025-38173,updated,2026-07-30,cve_2023_to_2025,2026-07-30T09:27:39+00:00
CVE-2025-38174,updated,2026-07-30,cve_2023_to_2025,2026-07-30T09:27:39+00:00
CVE-2025-38175,updated,2026-07-30,cve_2023_to_2025,2026-07-30T09:27:39+00:00
CVE-2025-38176,updated,2026-07-30,cve_2023_to_2025,2026-07-30T09:27:39+00:00
CVE-2025-38177,updated,2026-07-30,cve_2023_to_2025,2026-07-30T09:27:39+00:00
CVE-2025-38179,updated,2026-07-30,cve_2023_to_2025,2026-07-30T09:27:39+00:00
CVE-2025-38180,updated,2026-07-30,cve_2023_to_2025,2026-07-30T09:27:39+00:00
CVE-2025-38181,updated,2026-07-30,cve_2023_to_2025,2026-07-30T09:27:39+00:00
CVE-2025-38184,updated,2026-07-30,cve_2023_to_2025,2026-07-30T09:27:39+00:00
CVE-2025-38187,updated,2026-07-30,cve_2023_to_2025,2026-07-30T09:27:39+00:00
CVE-2025-38189,updated,2026-07-30,cve_2023_to_2025,2026-07-30T09:27:39+00:00
CVE-2025-38191,updated,2026-07-30,cve_2023_to_2025,2026-07-30T09:27:39+00:00
CVE-2025-38192,updated,2026-07-30,cve_2023_to_2025,2026-07-30T09:27:39+00:00
CVE-2025-38193,updated,2026-07-30,cve_2023_to_2025,2026-07-30T09:27:39+00:00
CVE-2025-38197,updated,2026-07-30,cve_2023_to_2025,2026-07-30T09:27:39+00:00
CVE-2025-38204,updated,2026-07-30,cve_2023_to_2025,2026-07-30T09:27:39+00:00
CVE-2025-38206,updated,2026-07-30,cve_2023_to_2025,2026-07-30T09:27:39+00:00
CVE-2025-38209,updated,2026-07-30,cve_2023_to_2025,2026-07-30T09:27:39+00:00
CVE-2025-38211,updated,2026-07-30,cve_2023_to_2025,2026-07-30T09:27:39+00:00
CVE-2025-38212,updated,2026-07-30,cve_2023_to_2025,2026-07-30T09:27:39+00:00
CVE-2025-38216,updated,2026-07-30,cve_2023_to_2025,2026-07-30T09:27:39+00:00
CVE-2025-38218,updated,2026-07-30,cve_2023_to_2025,2026-07-30T09:27:39+00:00
CVE-2025-38224,updated,2026-07-30,cve_2023_to_2025,2026-07-30T09:27:39+00:00
CVE-2025-38226,updated,2026-07-30,cve_2023_to_2025,2026-07-30T09:27:39+00:00
CVE-2025-38227,updated,2026-07-30,cve_2023_to_2025,2026-07-30T09:27:39+00:00
CVE-2025-38230,updated,2026-07-30,cve_2023_to_2025,2026-07-30T09:27:39+00:00
CVE-2025-38232,updated,2026-07-30,cve_2023_to_2025,2026-07-30T09:27:39+00:00
CVE-2025-38233,updated,2026-07-30,cve_2023_to_2025,2026-07-30T09:27:39+00:00
CVE-2025-38234,updated,2026-07-30,cve_2023_to_2025,2026-07-30T09:27:39+00:00
CVE-2025-38236,updated,2026-07-30,cve_2023_to_2025,2026-07-30T09:27:39+00:00
CVE-2025-38238,updated,2026-07-30,cve_2023_to_2025,2026-07-30T09:27:39+00:00
CVE-2025-38239,updated,2026-07-30,cve_2023_to_2025,2026-07-30T09:27:39+00:00
CVE-2025-38242,updated,2026-07-30,cve_2023_to_2025,2026-07-30T09:27:39+00:00
CVE-2025-38244,updated,2026-07-30,cve_2023_to_2025,2026-07-30T09:27:39+00:00
CVE-2025-38246,updated,2026-07-30,cve_2023_to_2025,2026-07-30T09:27:39+00:00
CVE-2025-38248,updated,2026-07-30,cve_2023_to_2025,2026-07-30T09:27:39+00:00
CVE-2025-38250,updated,2026-07-30,cve_2023_to_2025,2026-07-30T09:27:39+00:00
CVE-2025-38252,updated,2026-07-30,cve_2023_to_2025,2026-07-30T09:27:39+00:00
CVE-2025-38253,updated,2026-07-30,cve_2023_to_2025,2026-07-30T09:27:39+00:00
CVE-2025-38257,updated,2026-07-30,cve_2023_to_2025,2026-07-30T09:27:39+00:00
CVE-2025-38261,updated,2026-07-30,cve_2023_to_2025,2026-07-30T09:27:39+00:00
CVE-2025-38262,updated,2026-07-30,cve_2023_to_2025,2026-07-30T09:27:39+00:00
CVE-2025-38264,updated,2026-07-30,cve_2023_to_2025,2026-07-30T09:27:39+00:00
CVE-2025-38270,updated,2026-07-30,cve_2023_to_2025,2026-07-30T09:27:39+00:00
CVE-2025-38273,updated,2026-07-30,cve_2023_to_2025,2026-07-30T09:27:39+00:00
CVE-2025-38276,updated,2026-07-30,cve_2023_to_2025,2026-07-30T09:27:39+00:00
CVE-2025-38278,updated,2026-07-30,cve_2023_to_2025,2026-07-30T09:27:39+00:00
CVE-2025-38283,updated,2026-07-30,cve_2023_to_2025,2026-07-30T09:27:39+00:00
CVE-2025-38287,updated,2026-07-30,cve_2023_to_2025,2026-07-30T09:27:39+00:00
CVE-2025-38290,updated,2026-07-30,cve_2023_to_2025,2026-07-30T09:27:39+00:00
CVE-2025-38291,updated,2026-07-30,cve_2023_to_2025,2026-07-30T09:27:39+00:00
CVE-2025-38292,updated,2026-07-30,cve_2023_to_2025,2026-07-30T09:27:39+00:00
CVE-2025-38293,updated,2026-07-30,cve_2023_to_2025,2026-07-30T09:27:39+00:00
CVE-2025-38303,updated,2026-07-30,cve_2023_to_2025,2026-07-30T09:27:39+00:00
CVE-2025-38306,updated,2026-07-30,cve_2023_to_2025,2026-07-30T09:27:39+00:00
CVE-2025-38314,updated,2026-07-30,cve_2023_to_2025,2026-07-30T09:27:39+00:00
CVE-2025-38317,updated,2026-07-30,cve_2023_to_2025,2026-07-30T09:27:39+00:00
CVE-2025-38321,updated,2026-07-30,cve_2023_to_2025,2026-07-30T09:27:39+00:00
CVE-2025-38325,updated,2026-07-30,cve_2023_to_2025,2026-07-30T09:27:39+00:00
CVE-2025-38331,updated,2026-07-30,cve_2023_to_2025,2026-07-30T09:27:39+00:00
CVE-2025-38333,updated,2026-07-30,cve_2023_to_2025,2026-07-30T09:27:39+00:00
CVE-2025-38339,updated,2026-07-30,cve_2023_to_2025,2026-07-30T09:27:39+00:00
CVE-2025-38341,updated,2026-07-30,cve_2023_to_2025,2026-07-30T09:27:39+00:00
CVE-2025-38342,updated,2026-07-30,cve_2023_to_2025,2026-07-30T09:27:39+00:00
CVE-2025-38343,updated,2026-07-30,cve_2023_to_2025,2026-07-30T09:27:39+00:00
CVE-2025-38346,updated,2026-07-30,cve_2023_to_2025,2026-07-30T09:27:39+00:00
CVE-2025-38349,updated,2026-07-30,cve_2023_to_2025,2026-07-30T09:27:39+00:00
CVE-2025-38350,updated,2026-07-30,cve_2023_to_2025,2026-07-30T09:27:39+00:00
CVE-2025-38352,updated,2026-07-30,cve_2023_to_2025,2026-07-30T09:27:39+00:00
CVE-2025-38357,updated,2026-07-30,cve_2023_to_2025,2026-07-30T09:27:39+00:00
CVE-2025-38365,updated,2026-07-30,cve_2023_to_2025,2026-07-30T09:27:39+00:00
CVE-2025-38366,updated,2026-07-30,cve_2023_to_2025,2026-07-30T09:27:39+00:00
CVE-2025-38367,updated,2026-07-30,cve_2023_to_2025,2026-07-30T09:27:39+00:00
CVE-2025-38372,updated,2026-07-30,cve_2023_to_2025,2026-07-30T09:27:39+00:00
CVE-2025-38375,updated,2026-07-30,cve_2023_to_2025,2026-07-30T09:27:39+00:00
CVE-2025-38377,updated,2026-07-30,cve_2023_to_2025,2026-07-30T09:27:39+00:00
CVE-2025-38379,updated,2026-07-30,cve_2023_to_2025,2026-07-30T09:27:39+00:00
CVE-2025-38382,updated,2026-07-30,cve_2023_to_2025,2026-07-30T09:27:39+00:00
CVE-2025-38386,updated,2026-07-30,cve_2023_to_2025,2026-07-30T09:27:39+00:00
CVE-2025-38393,updated,2026-07-30,cve_2023_to_2025,2026-07-30T09:27:39+00:00
CVE-2025-38395,updated,2026-07-30,cve_2023_to_2025,2026-07-30T09:27:39+00:00
CVE-2025-38396,updated,2026-07-30,cve_2023_to_2025,2026-07-30T09:27:39+00:00
CVE-2025-38398,updated,2026-07-30,cve_2023_to_2025,2026-07-30T09:27:39+00:00
CVE-2025-38399,updated,2026-07-30,cve_2023_to_2025,2026-07-30T09:27:39+00:00
CVE-2025-38401,updated,2026-07-30,cve_2023_to_2025,2026-07-30T09:27:39+00:00
CVE-2025-38405,updated,2026-07-30,cve_2023_to_2025,2026-07-30T09:27:39+00:00
CVE-2025-38408,updated,2026-07-30,cve_2023_to_2025,2026-07-30T09:27:39+00:00
CVE-2025-38411,updated,2026-07-30,cve_2023_to_2025,2026-07-30T09:27:39+00:00
CVE-2025-38412,updated,2026-07-30,cve_2023_to_2025,2026-07-30T09:27:39+00:00
CVE-2025-38413,updated,2026-07-30,cve_2023_to_2025,2026-07-30T09:27:39+00:00
CVE-2025-38416,updated,2026-07-30,cve_2023_to_2025,2026-07-30T09:27:39+00:00
CVE-2025-38421,updated,2026-07-30,cve_2023_to_2025,2026-07-30T09:27:39+00:00
CVE-2025-38422,updated,2026-07-30,cve_2023_to_2025,2026-07-30T09:27:39+00:00
CVE-2025-38424,updated,2026-07-30,cve_2023_to_2025,2026-07-30T09:27:39+00:00
CVE-2025-38425,updated,2026-07-30,cve_2023_to_2025,2026-07-30T09:27:39+00:00
CVE-2025-38429,updated,2026-07-30,cve_2023_to_2025,2026-07-30T09:27:39+00:00
CVE-2025-38430,updated,2026-07-30,cve_2023_to_2025,2026-07-30T09:27:39+00:00
CVE-2025-38434,updated,2026-07-30,cve_2023_to_2025,2026-07-30T09:27:39+00:00
CVE-2025-38435,updated,2026-07-30,cve_2023_to_2025,2026-07-30T09:27:39+00:00
CVE-2025-38437,updated,2026-07-30,cve_2023_to_2025,2026-07-30T09:27:39+00:00
CVE-2025-38439,updated,2026-07-30,cve_2023_to_2025,2026-07-30T09:27:39+00:00
CVE-2025-38440,updated,2026-07-30,cve_2023_to_2025,2026-07-30T09:27:39+00:00
CVE-2025-38446,updated,2026-07-30,cve_2023_to_2025,2026-07-30T09:27:39+00:00
CVE-2025-38447,updated,2026-07-30,cve_2023_to_2025,2026-07-30T09:27:39+00:00
CVE-2025-38449,updated,2026-07-30,cve_2023_to_2025,2026-07-30T09:27:39+00:00
CVE-2025-38453,updated,2026-07-30,cve_2023_to_2025,2026-07-30T09:27:39+00:00
CVE-2025-38455,updated,2026-07-30,cve_2023_to_2025,2026-07-30T09:27:39+00:00
CVE-2025-38456,updated,2026-07-30,cve_2023_to_2025,2026-07-30T09:27:39+00:00
CVE-2025-38460,updated,2026-07-30,cve_2023_to_2025,2026-07-30T09:27:39+00:00
CVE-2025-38461,updated,2026-07-30,cve_2023_to_2025,2026-07-30T09:27:39+00:00
CVE-2025-38463,updated,2026-07-30,cve_2023_to_2025,2026-07-30T09:27:39+00:00
CVE-2025-38464,updated,2026-07-30,cve_2023_to_2025,2026-07-30T09:27:39+00:00
CVE-2025-38466,updated,2026-07-30,cve_2023_to_2025,2026-07-30T09:27:39+00:00
CVE-2025-38470,updated,2026-07-30,cve_2023_to_2025,2026-07-30T09:27:39+00:00
CVE-2025-38471,updated,2026-07-30,cve_2023_to_2025,2026-07-30T09:27:39+00:00
CVE-2025-38472,updated,2026-07-30,cve_2023_to_2025,2026-07-30T09:27:39+00:00
CVE-2025-38475,updated,2026-07-30,cve_2023_to_2025,2026-07-30T09:27:39+00:00
CVE-2025-38476,updated,2026-07-30,cve_2023_to_2025,2026-07-30T09:27:39+00:00
CVE-2025-38477,updated,2026-07-30,cve_2023_to_2025,2026-07-30T09:27:39+00:00
CVE-2025-38478,updated,2026-07-30,cve_2023_to_2025,2026-07-30T09:27:39+00:00
CVE-2025-38484,updated,2026-07-30,cve_2023_to_2025,2026-07-30T09:27:39+00:00
CVE-2025-38485,updated,2026-07-30,cve_2023_to_2025,2026-07-30T09:27:39+00:00
CVE-2025-38486,updated,2026-07-30,cve_2023_to_2025,2026-07-30T09:27:39+00:00
CVE-2025-38488,updated,2026-07-30,cve_2023_to_2025,2026-07-30T09:27:39+00:00
CVE-2025-38490,updated,2026-07-30,cve_2023_to_2025,2026-07-30T09:27:39+00:00
CVE-2025-38491,updated,2026-07-30,cve_2023_to_2025,2026-07-30T09:27:39+00:00
CVE-2025-38494,updated,2026-07-30,cve_2023_to_2025,2026-07-30T09:27:39+00:00
CVE-2025-38495,updated,2026-07-30,cve_2023_to_2025,2026-07-30T09:27:39+00:00
CVE-2025-38498,updated,2026-07-30,cve_2023_to_2025,2026-07-30T09:27:39+00:00
CVE-2025-38499,updated,2026-07-30,cve_2023_to_2025,2026-07-30T09:27:39+00:00
CVE-2025-38500,updated,2026-07-30,cve_2023_to_2025,2026-07-30T09:27:39+00:00
CVE-2025-38501,updated,2026-07-30,cve_2023_to_2025,2026-07-30T09:27:39+00:00
CVE-2025-38502,updated,2026-07-30,cve_2023_to_2025,2026-07-30T09:27:39+00:00
CVE-2025-38505,updated,2026-07-30,cve_2023_to_2025,2026-07-30T09:27:39+00:00
CVE-2025-38508,updated,2026-07-30,cve_2023_to_2025,2026-07-30T09:27:39+00:00
CVE-2025-38511,updated,2026-07-30,cve_2023_to_2025,2026-07-30T09:27:39+00:00
CVE-2025-38512,updated,2026-07-30,cve_2023_to_2025,2026-07-30T09:27:39+00:00
CVE-2025-38514,updated,2026-07-30,cve_2023_to_2025,2026-07-30T09:27:39+00:00
CVE-2025-38523,updated,2026-07-30,cve_2023_to_2025,2026-07-30T09:27:39+00:00
CVE-2025-38524,updated,2026-07-30,cve_2023_to_2025,2026-07-30T09:27:39+00:00
CVE-2025-38525,updated,2026-07-30,cve_2023_to_2025,2026-07-30T09:27:39+00:00
CVE-2025-38526,updated,2026-07-30,cve_2023_to_2025,2026-07-30T09:27:39+00:00
CVE-2025-38527,updated,2026-07-30,cve_2023_to_2025,2026-07-30T09:27:39+00:00
CVE-2025-38528,updated,2026-07-30,cve_2023_to_2025,2026-07-30T09:27:39+00:00
CVE-2025-38532,updated,2026-07-30,cve_2023_to_2025,2026-07-30T09:27:39+00:00
CVE-2025-38533,updated,2026-07-30,cve_2023_to_2025,2026-07-30T09:27:39+00:00
CVE-2025-38536,updated,2026-07-30,cve_2023_to_2025,2026-07-30T09:27:39+00:00
CVE-2025-38539,updated,2026-07-30,cve_2023_to_2025,2026-07-30T09:27:39+00:00
CVE-2025-38542,updated,2026-07-30,cve_2023_to_2025,2026-07-30T09:27:39+00:00
CVE-2025-38545,updated,2026-07-30,cve_2023_to_2025,2026-07-30T09:27:39+00:00
CVE-2025-38547,updated,2026-07-30,cve_2023_to_2025,2026-07-30T09:27:39+00:00
CVE-2025-38550,updated,2026-07-30,cve_2023_to_2025,2026-07-30T09:27:39+00:00
CVE-2025-38552,updated,2026-07-30,cve_2023_to_2025,2026-07-30T09:27:39+00:00
CVE-2025-38554,updated,2026-07-30,cve_2023_to_2025,2026-07-30T09:27:39+00:00
CVE-2025-38555,updated,2026-07-30,cve_2023_to_2025,2026-07-30T09:27:39+00:00
CVE-2025-38560,updated,2026-07-30,cve_2023_to_2025,2026-07-30T09:27:39+00:00
CVE-2025-38561,updated,2026-07-30,cve_2023_to_2025,2026-07-30T09:27:39+00:00
CVE-2025-38566,updated,2026-07-30,cve_2023_to_2025,2026-07-30T09:27:39+00:00
CVE-2025-38568,updated,2026-07-30,cve_2023_to_2025,2026-07-30T09:27:39+00:00
CVE-2025-38570,updated,2026-07-30,cve_2023_to_2025,2026-07-30T09:27:39+00:00
CVE-2025-38571,updated,2026-07-30,cve_2023_to_2025,2026-07-30T09:27:39+00:00
CVE-2025-38572,updated,2026-07-30,cve_2023_to_2025,2026-07-30T09:27:39+00:00
CVE-2025-38573,updated,2026-07-30,cve_2023_to_2025,2026-07-30T09:27:39+00:00
CVE-2025-38574,updated,2026-07-30,cve_2023_to_2025,2026-07-30T09:27:39+00:00
CVE-2025-38577,updated,2026-07-30,cve_2023_to_2025,2026-07-30T09:27:39+00:00
CVE-2025-38578,updated,2026-07-30,cve_2023_to_2025,2026-07-30T09:27:39+00:00
CVE-2025-38579,updated,2026-07-30,cve_2023_to_2025,2026-07-30T09:27:39+00:00
CVE-2025-38580,updated,2026-07-30,cve_2023_to_2025,2026-07-30T09:27:39+00:00
CVE-2025-38582,updated,2026-07-30,cve_2023_to_2025,2026-07-30T09:27:39+00:00
CVE-2025-38584,updated,2026-07-30,cve_2023_to_2025,2026-07-30T09:27:39+00:00
CVE-2025-38586,updated,2026-07-30,cve_2023_to_2025,2026-07-30T09:27:39+00:00
CVE-2025-38590,updated,2026-07-30,cve_2023_to_2025,2026-07-30T09:27:39+00:00
CVE-2025-38592,updated,2026-07-30,cve_2023_to_2025,2026-07-30T09:27:39+00:00
CVE-2025-38593,updated,2026-07-30,cve_2023_to_2025,2026-07-30T09:27:39+00:00
CVE-2025-38594,updated,2026-07-30,cve_2023_to_2025,2026-07-30T09:27:39+00:00
CVE-2025-38595,updated,2026-07-30,cve_2023_to_2025,2026-07-30T09:27:39+00:00
CVE-2025-38596,updated,2026-07-30,cve_2023_to_2025,2026-07-30T09:27:39+00:00
CVE-2025-38598,updated,2026-07-30,cve_2023_to_2025,2026-07-30T09:27:39+00:00
CVE-2025-38599,updated,2026-07-30,cve_2023_to_2025,2026-07-30T09:27:39+00:00
CVE-2025-38600,updated,2026-07-30,cve_2023_to_2025,2026-07-30T09:27:39+00:00
CVE-2025-38601,updated,2026-07-30,cve_2023_to_2025,2026-07-30T09:27:39+00:00
CVE-2025-38604,updated,2026-07-30,cve_2023_to_2025,2026-07-30T09:27:39+00:00
CVE-2025-38607,updated,2026-07-30,cve_2023_to_2025,2026-07-30T09:27:39+00:00
CVE-2025-38608,updated,2026-07-30,cve_2023_to_2025,2026-07-30T09:27:39+00:00
CVE-2025-38614,updated,2026-07-30,cve_2023_to_2025,2026-07-30T09:27:39+00:00
CVE-2025-38615,updated,2026-07-30,cve_2023_to_2025,2026-07-30T09:27:39+00:00
CVE-2025-38616,updated,2026-07-30,cve_2023_to_2025,2026-07-30T09:27:39+00:00
CVE-2025-38617,updated,2026-07-30,cve_2023_to_2025,2026-07-30T09:27:39+00:00
CVE-2025-38618,updated,2026-07-30,cve_2023_to_2025,2026-07-30T09:27:39+00:00
CVE-2025-38619,updated,2026-07-30,cve_2023_to_2025,2026-07-30T09:27:39+00:00
CVE-2025-38627,updated,2026-07-30,cve_2023_to_2025,2026-07-30T09:27:39+00:00
CVE-2025-38639,updated,2026-07-30,cve_2023_to_2025,2026-07-30T09:27:39+00:00
CVE-2025-38640,updated,2026-07-30,cve_2023_to_2025,2026-07-30T09:27:39+00:00
CVE-2025-38643,updated,2026-07-30,cve_2023_to_2025,2026-07-30T09:27:39+00:00
CVE-2025-38652,updated,2026-07-30,cve_2023_to_2025,2026-07-30T09:27:39+00:00
CVE-2025-38653,updated,2026-07-30,cve_2023_to_2025,2026-07-30T09:27:39+00:00
CVE-2025-38656,updated,2026-07-30,cve_2023_to_2025,2026-07-30T09:27:39+00:00
CVE-2025-38657,updated,2026-07-30,cve_2023_to_2025,2026-07-30T09:27:39+00:00
CVE-2025-38658,updated,2026-07-30,cve_2023_to_2025,2026-07-30T09:27:39+00:00
CVE-2025-38659,updated,2026-07-30,cve_2023_to_2025,2026-07-30T09:27:39+00:00
CVE-2025-38660,updated,2026-07-30,cve_2023_to_2025,2026-07-30T09:27:39+00:00
CVE-2025-38661,updated,2026-07-30,cve_2023_to_2025,2026-07-30T09:27:39+00:00
CVE-2025-38662,updated,2026-07-30,cve_2023_to_2025,2026-07-30T09:27:39+00:00
CVE-2025-38667,updated,2026-07-30,cve_2023_to_2025,2026-07-30T09:27:39+00:00
CVE-2025-38670,updated,2026-07-30,cve_2023_to_2025,2026-07-30T09:27:39+00:00
CVE-2025-38675,updated,2026-07-30,cve_2023_to_2025,2026-07-30T09:27:39+00:00
CVE-2025-38677,updated,2026-07-30,cve_2023_to_2025,2026-07-30T09:27:39+00:00
CVE-2025-38678,updated,2026-07-30,cve_2023_to_2025,2026-07-30T09:27:39+00:00
CVE-2025-38679,updated,2026-07-30,cve_2023_to_2025,2026-07-30T09:27:39+00:00
CVE-2025-38685,updated,2026-07-30,cve_2023_to_2025,2026-07-30T09:27:39+00:00
CVE-2025-38687,updated,2026-07-30,cve_2023_to_2025,2026-07-30T09:27:39+00:00
CVE-2025-38688,updated,2026-07-30,cve_2023_to_2025,2026-07-30T09:27:39+00:00
CVE-2025-38697,updated,2026-07-30,cve_2023_to_2025,2026-07-30T09:27:39+00:00
CVE-2025-38703,updated,2026-07-30,cve_2023_to_2025,2026-07-30T09:27:39+00:00
CVE-2025-38707,updated,2026-07-30,cve_2023_to_2025,2026-07-30T09:27:39+00:00
CVE-2025-38708,updated,2026-07-30,cve_2023_to_2025,2026-07-30T09:27:39+00:00
CVE-2025-38710,updated,2026-07-30,cve_2023_to_2025,2026-07-30T09:27:39+00:00
CVE-2025-38713,updated,2026-07-30,cve_2023_to_2025,2026-07-30T09:27:39+00:00
CVE-2025-38714,updated,2026-07-30,cve_2023_to_2025,2026-07-30T09:27:39+00:00
CVE-2025-38715,updated,2026-07-30,cve_2023_to_2025,2026-07-30T09:27:39+00:00
CVE-2025-38717,updated,2026-07-30,cve_2023_to_2025,2026-07-30T09:27:39+00:00
CVE-2025-38718,updated,2026-07-30,cve_2023_to_2025,2026-07-30T09:27:39+00:00
CVE-2025-38722,updated,2026-07-30,cve_2023_to_2025,2026-07-30T09:27:39+00:00
CVE-2025-38724,updated,2026-07-30,cve_2023_to_2025,2026-07-30T09:27:39+00:00
CVE-2025-38728,updated,2026-07-30,cve_2023_to_2025,2026-07-30T09:27:39+00:00
CVE-2025-38730,updated,2026-07-30,cve_2023_to_2025,2026-07-30T09:27:39+00:00
CVE-2025-38731,updated,2026-07-30,cve_2023_to_2025,2026-07-30T09:27:39+00:00
CVE-2025-38733,updated,2026-07-30,cve_2023_to_2025,2026-07-30T09:27:39+00:00
CVE-2025-38734,updated,2026-07-30,cve_2023_to_2025,2026-07-30T09:27:39+00:00
CVE-2025-38735,updated,2026-07-30,cve_2023_to_2025,2026-07-30T09:27:39+00:00
CVE-2025-38737,updated,2026-07-30,cve_2023_to_2025,2026-07-30T09:27:39+00:00
CVE-2025-39673,updated,2026-07-30,cve_2023_to_2025,2026-07-30T09:27:39+00:00
CVE-2025-39677,updated,2026-07-30,cve_2023_to_2025,2026-07-30T09:27:39+00:00
CVE-2025-39680,updated,2026-07-30,cve_2023_to_2025,2026-07-30T09:27:39+00:00
CVE-2025-39682,updated,2026-07-30,cve_2023_to_2025,2026-07-30T09:27:39+00:00
CVE-2025-39683,updated,2026-07-30,cve_2023_to_2025,2026-07-30T09:27:39+00:00
CVE-2025-39688,updated,2026-07-30,cve_2023_to_2025,2026-07-30T09:27:39+00:00
CVE-2025-39689,updated,2026-07-30,cve_2023_to_2025,2026-07-30T09:27:39+00:00
CVE-2025-39691,updated,2026-07-30,cve_2023_to_2025,2026-07-30T09:27:39+00:00
CVE-2025-39694,updated,2026-07-30,cve_2023_to_2025,2026-07-30T09:27:39+00:00
CVE-2025-39696,updated,2026-07-30,cve_2023_to_2025,2026-07-30T09:27:39+00:00
CVE-2025-39697,updated,2026-07-30,cve_2023_to_2025,2026-07-30T09:27:39+00:00
CVE-2025-39698,updated,2026-07-30,cve_2023_to_2025,2026-07-30T09:27:39+00:00
CVE-2025-39702,updated,2026-07-30,cve_2023_to_2025,2026-07-30T09:27:39+00:00
CVE-2025-39703,updated,2026-07-30,cve_2023_to_2025,2026-07-30T09:27:39+00:00
CVE-2025-39704,updated,2026-07-30,cve_2023_to_2025,2026-07-30T09:27:39+00:00
CVE-2025-39709,updated,2026-07-30,cve_2023_to_2025,2026-07-30T09:27:39+00:00
CVE-2025-39710,updated,2026-07-30,cve_2023_to_2025,2026-07-30T09:27:39+00:00
CVE-2025-39711,updated,2026-07-30,cve_2023_to_2025,2026-07-30T09:27:39+00:00
CVE-2025-39714,updated,2026-07-30,cve_2023_to_2025,2026-07-30T09:27:39+00:00
CVE-2025-39717,updated,2026-07-30,cve_2023_to_2025,2026-07-30T09:27:39+00:00
CVE-2025-39718,updated,2026-07-30,cve_2023_to_2025,2026-07-30T09:27:39+00:00
CVE-2025-39720,updated,2026-07-30,cve_2023_to_2025,2026-07-30T09:27:39+00:00
CVE-2025-39723,updated,2026-07-30,cve_2023_to_2025,2026-07-30T09:27:39+00:00
CVE-2025-39726,updated,2026-07-30,cve_2023_to_2025,2026-07-30T09:27:39+00:00
CVE-2025-39732,updated,2026-07-30,cve_2023_to_2025,2026-07-30T09:27:39+00:00
CVE-2025-39735,updated,2026-07-30,cve_2023_to_2025,2026-07-30T09:27:39+00:00
CVE-2025-39738,updated,2026-07-30,cve_2023_to_2025,2026-07-30T09:27:39+00:00
CVE-2025-39740,updated,2026-07-30,cve_2023_to_2025,2026-07-30T09:27:39+00:00
CVE-2025-39750,updated,2026-07-30,cve_2023_to_2025,2026-07-30T09:27:39+00:00
CVE-2025-39758,updated,2026-07-30,cve_2023_to_2025,2026-07-30T09:27:39+00:00
CVE-2025-39761,updated,2026-07-30,cve_2023_to_2025,2026-07-30T09:27:39+00:00
CVE-2025-39770,updated,2026-07-30,cve_2023_to_2025,2026-07-30T09:27:39+00:00
CVE-2025-39776,updated,2026-07-30,cve_2023_to_2025,2026-07-30T09:27:39+00:00
CVE-2025-39779,updated,2026-07-30,cve_2023_to_2025,2026-07-30T09:27:39+00:00
CVE-2025-39780,updated,2026-07-30,cve_2023_to_2025,2026-07-30T09:27:39+00:00
CVE-2025-39785,updated,2026-07-30,cve_2023_to_2025,2026-07-30T09:27:39+00:00
CVE-2025-39786,updated,2026-07-30,cve_2023_to_2025,2026-07-30T09:27:39+00:00
CVE-2025-39787,updated,2026-07-30,cve_2023_to_2025,2026-07-30T09:27:39+00:00
CVE-2025-39789,updated,2026-07-30,cve_2023_to_2025,2026-07-30T09:27:39+00:00
CVE-2025-39790,updated,2026-07-30,cve_2023_to_2025,2026-07-30T09:27:39+00:00
CVE-2025-39791,updated,2026-07-30,cve_2023_to_2025,2026-07-30T09:27:39+00:00
CVE-2025-39792,updated,2026-07-30,cve_2023_to_2025,2026-07-30T09:27:39+00:00
CVE-2025-39793,updated,2026-07-30,cve_2023_to_2025,2026-07-30T09:27:39+00:00
CVE-2025-39798,updated,2026-07-30,cve_2023_to_2025,2026-07-30T09:27:39+00:00
CVE-2025-39800,updated,2026-07-30,cve_2023_to_2025,2026-07-30T09:27:39+00:00
CVE-2025-39802,updated,2026-07-30,cve_2023_to_2025,2026-07-30T09:27:39+00:00
CVE-2025-39804,updated,2026-07-30,cve_2023_to_2025,2026-07-30T09:27:39+00:00
CVE-2025-39806,updated,2026-07-30,cve_2023_to_2025,2026-07-30T09:27:39+00:00
CVE-2025-39809,updated,2026-07-30,cve_2023_to_2025,2026-07-30T09:27:39+00:00
CVE-2025-39810,updated,2026-07-30,cve_2023_to_2025,2026-07-30T09:27:39+00:00
CVE-2025-39815,updated,2026-07-30,cve_2023_to_2025,2026-07-30T09:27:39+00:00
CVE-2025-39817,updated,2026-07-30,cve_2023_to_2025,2026-07-30T09:27:39+00:00
CVE-2025-39818,updated,2026-07-30,cve_2023_to_2025,2026-07-30T09:27:39+00:00
CVE-2025-39821,updated,2026-07-30,cve_2023_to_2025,2026-07-30T09:27:39+00:00
CVE-2025-39825,updated,2026-07-30,cve_2023_to_2025,2026-07-30T09:27:39+00:00
CVE-2025-39826,updated,2026-07-30,cve_2023_to_2025,2026-07-30T09:27:39+00:00
CVE-2025-39827,updated,2026-07-30,cve_2023_to_2025,2026-07-30T09:27:39+00:00
CVE-2025-39836,updated,2026-07-30,cve_2023_to_2025,2026-07-30T09:27:39+00:00
CVE-2025-39837,updated,2026-07-30,cve_2023_to_2025,2026-07-30T09:27:39+00:00
CVE-2025-39839,updated,2026-07-30,cve_2023_to_2025,2026-07-30T09:27:39+00:00
CVE-2025-39840,updated,2026-07-30,cve_2023_to_2025,2026-07-30T09:27:39+00:00
CVE-2025-39841,updated,2026-07-30,cve_2023_to_2025,2026-07-30T09:27:39+00:00
CVE-2025-39848,updated,2026-07-30,cve_2023_to_2025,2026-07-30T09:27:39+00:00
CVE-2025-39849,updated,2026-07-30,cve_2023_to_2025,2026-07-30T09:27:39+00:00
CVE-2025-39851,updated,2026-07-30,cve_2023_to_2025,2026-07-30T09:27:39+00:00
CVE-2025-39854,updated,2026-07-30,cve_2023_to_2025,2026-07-30T09:27:39+00:00
CVE-2025-39857,updated,2026-07-30,cve_2023_to_2025,2026-07-30T09:27:39+00:00
CVE-2025-39860,updated,2026-07-30,cve_2023_to_2025,2026-07-30T09:27:39+00:00
CVE-2025-39862,updated,2026-07-30,cve_2023_to_2025,2026-07-30T09:27:39+00:00
CVE-2025-39863,updated,2026-07-30,cve_2023_to_2025,2026-07-30T09:27:39+00:00
CVE-2025-39864,updated,2026-07-30,cve_2023_to_2025,2026-07-30T09:27:39+00:00
CVE-2025-39866,updated,2026-07-30,cve_2023_to_2025,2026-07-30T09:27:39+00:00
CVE-2025-39868,updated,2026-07-30,cve_2023_to_2025,2026-07-30T09:27:39+00:00
CVE-2025-39869,updated,2026-07-30,cve_2023_to_2025,2026-07-30T09:27:39+00:00
CVE-2025-39872,updated,2026-07-30,cve_2023_to_2025,2026-07-30T09:27:39+00:00
CVE-2025-39873,updated,2026-07-30,cve_2023_to_2025,2026-07-30T09:27:39+00:00
CVE-2025-39880,updated,2026-07-30,cve_2023_to_2025,2026-07-30T09:27:39+00:00
CVE-2025-39881,updated,2026-07-30,cve_2023_to_2025,2026-07-30T09:27:39+00:00
CVE-2025-39882,updated,2026-07-30,cve_2023_to_2025,2026-07-30T09:27:39+00:00
CVE-2025-39888,updated,2026-07-30,cve_2023_to_2025,2026-07-30T09:27:39+00:00
CVE-2025-39894,updated,2026-07-30,cve_2023_to_2025,2026-07-30T09:27:39+00:00
CVE-2025-39896,updated,2026-07-30,cve_2023_to_2025,2026-07-30T09:27:39+00:00
CVE-2025-39897,updated,2026-07-30,cve_2023_to_2025,2026-07-30T09:27:39+00:00
CVE-2025-39902,updated,2026-07-30,cve_2023_to_2025,2026-07-30T09:27:39+00:00
CVE-2025-39906,updated,2026-07-30,cve_2023_to_2025,2026-07-30T09:27:39+00:00
CVE-2025-39908,updated,2026-07-30,cve_2023_to_2025,2026-07-30T09:27:39+00:00
CVE-2025-39918,updated,2026-07-30,cve_2023_to_2025,2026-07-30T09:27:39+00:00
CVE-2025-39919,updated,2026-07-30,cve_2023_to_2025,2026-07-30T09:27:39+00:00
CVE-2025-39924,updated,2026-07-30,cve_2023_to_2025,2026-07-30T09:27:39+00:00
CVE-2025-39927,updated,2026-07-30,cve_2023_to_2025,2026-07-30T09:27:39+00:00
CVE-2025-39928,updated,2026-07-30,cve_2023_to_2025,2026-07-30T09:27:39+00:00
CVE-2025-39929,updated,2026-07-30,cve_2023_to_2025,2026-07-30T09:27:39+00:00
CVE-2025-39930,updated,2026-07-30,cve_2023_to_2025,2026-07-30T09:27:39+00:00
CVE-2025-39931,updated,2026-07-30,cve_2023_to_2025,2026-07-30T09:27:39+00:00
CVE-2025-39932,updated,2026-07-30,cve_2023_to_2025,2026-07-30T09:27:39+00:00
CVE-2025-39933,updated,2026-07-30,cve_2023_to_2025,2026-07-30T09:27:39+00:00
CVE-2025-39935,updated,2026-07-30,cve_2023_to_2025,2026-07-30T09:27:39+00:00
CVE-2025-39939,updated,2026-07-30,cve_2023_to_2025,2026-07-30T09:27:39+00:00
CVE-2025-39941,updated,2026-07-30,cve_2023_to_2025,2026-07-30T09:27:39+00:00
CVE-2025-39942,updated,2026-07-30,cve_2023_to_2025,2026-07-30T09:27:39+00:00
CVE-2025-39943,updated,2026-07-30,cve_2023_to_2025,2026-07-30T09:27:39+00:00
CVE-2025-39944,updated,2026-07-30,cve_2023_to_2025,2026-07-30T09:27:39+00:00
CVE-2025-39945,updated,2026-07-30,cve_2023_to_2025,2026-07-30T09:27:39+00:00
CVE-2025-39948,updated,2026-07-30,cve_2023_to_2025,2026-07-30T09:27:39+00:00
CVE-2025-39949,updated,2026-07-30,cve_2023_to_2025,2026-07-30T09:27:39+00:00
CVE-2025-39951,updated,2026-07-30,cve_2023_to_2025,2026-07-30T09:27:39+00:00
CVE-2025-39952,updated,2026-07-30,cve_2023_to_2025,2026-07-30T09:27:39+00:00
CVE-2025-39956,updated,2026-07-30,cve_2023_to_2025,2026-07-30T09:27:39+00:00
CVE-2025-39957,updated,2026-07-30,cve_2023_to_2025,2026-07-30T09:27:39+00:00
CVE-2025-39960,updated,2026-07-30,cve_2023_to_2025,2026-07-30T09:27:39+00:00
CVE-2025-39961,updated,2026-07-30,cve_2023_to_2025,2026-07-30T09:27:39+00:00
CVE-2025-39962,updated,2026-07-30,cve_2023_to_2025,2026-07-30T09:27:39+00:00
CVE-2025-39963,updated,2026-07-30,cve_2023_to_2025,2026-07-30T09:27:39+00:00
CVE-2025-39964,updated,2026-07-30,cve_2023_to_2025,2026-07-30T09:27:39+00:00
CVE-2025-39965,updated,2026-07-30,cve_2023_to_2025,2026-07-30T09:27:39+00:00
CVE-2025-39966,updated,2026-07-30,cve_2023_to_2025,2026-07-30T09:27:39+00:00
CVE-2025-39967,updated,2026-07-30,cve_2023_to_2025,2026-07-30T09:27:39+00:00
CVE-2025-39968,updated,2026-07-30,cve_2023_to_2025,2026-07-30T09:27:39+00:00
CVE-2025-39969,updated,2026-07-30,cve_2023_to_2025,2026-07-30T09:27:39+00:00
CVE-2025-39970,updated,2026-07-30,cve_2023_to_2025,2026-07-30T09:27:39+00:00
CVE-2025-39971,updated,2026-07-30,cve_2023_to_2025,2026-07-30T09:27:39+00:00
CVE-2025-39972,updated,2026-07-30,cve_2023_to_2025,2026-07-30T09:27:39+00:00
CVE-2025-39973,updated,2026-07-30,cve_2023_to_2025,2026-07-30T09:27:39+00:00
CVE-2025-39975,updated,2026-07-30,cve_2023_to_2025,2026-07-30T09:27:39+00:00
CVE-2025-39976,updated,2026-07-30,cve_2023_to_2025,2026-07-30T09:27:39+00:00
CVE-2025-39977,updated,2026-07-30,cve_2023_to_2025,2026-07-30T09:27:39+00:00
CVE-2025-39978,updated,2026-07-30,cve_2023_to_2025,2026-07-30T09:27:39+00:00
CVE-2025-39979,updated,2026-07-30,cve_2023_to_2025,2026-07-30T09:27:39+00:00
CVE-2025-39981,updated,2026-07-30,cve_2023_to_2025,2026-07-30T09:27:39+00:00
CVE-2025-39982,updated,2026-07-30,cve_2023_to_2025,2026-07-30T09:27:39+00:00
CVE-2025-39983,updated,2026-07-30,cve_2023_to_2025,2026-07-30T09:27:39+00:00
CVE-2025-39985,updated,2026-07-30,cve_2023_to_2025,2026-07-30T09:27:39+00:00
CVE-2025-39986,updated,2026-07-30,cve_2023_to_2025,2026-07-30T09:27:39+00:00
CVE-2025-39987,updated,2026-07-30,cve_2023_to_2025,2026-07-30T09:27:39+00:00
CVE-2025-39988,updated,2026-07-30,cve_2023_to_2025,2026-07-30T09:27:39+00:00
CVE-2025-39990,updated,2026-07-30,cve_2023_to_2025,2026-07-30T09:27:39+00:00
CVE-2025-39993,updated,2026-07-30,cve_2023_to_2025,2026-07-30T09:27:39+00:00
CVE-2025-39994,updated,2026-07-30,cve_2023_to_2025,2026-07-30T09:27:39+00:00
CVE-2025-39998,updated,2026-07-30,cve_2023_to_2025,2026-07-30T09:27:39+00:00
CVE-2025-40000,updated,2026-07-30,cve_2023_to_2025,2026-07-30T09:27:39+00:00
CVE-2025-40006,updated,2026-07-30,cve_2023_to_2025,2026-07-30T09:27:39+00:00
CVE-2025-40012,updated,2026-07-30,cve_2023_to_2025,2026-07-30T09:27:39+00:00
CVE-2025-40018,updated,2026-07-30,cve_2023_to_2025,2026-07-30T09:27:39+00:00
CVE-2025-40024,updated,2026-07-30,cve_2023_to_2025,2026-07-30T09:27:39+00:00
CVE-2025-40025,updated,2026-07-30,cve_2023_to_2025,2026-07-30T09:27:39+00:00
CVE-2025-40026,updated,2026-07-30,cve_2023_to_2025,2026-07-30T09:27:39+00:00
CVE-2025-40027,updated,2026-07-30,cve_2023_to_2025,2026-07-30T09:27:39+00:00
CVE-2025-40028,updated,2026-07-30,cve_2023_to_2025,2026-07-30T09:27:39+00:00
CVE-2025-40038,updated,2026-07-30,cve_2023_to_2025,2026-07-30T09:27:39+00:00
CVE-2025-40039,updated,2026-07-30,cve_2023_to_2025,2026-07-30T09:27:39+00:00
CVE-2025-40040,updated,2026-07-30,cve_2023_to_2025,2026-07-30T09:27:39+00:00
CVE-2025-40041,updated,2026-07-30,cve_2023_to_2025,2026-07-30T09:27:39+00:00
CVE-2025-40043,updated,2026-07-30,cve_2023_to_2025,2026-07-30T09:27:39+00:00
CVE-2025-40044,updated,2026-07-30,cve_2023_to_2025,2026-07-30T09:27:39+00:00
CVE-2025-40045,updated,2026-07-30,cve_2023_to_2025,2026-07-30T09:27:39+00:00
CVE-2025-40046,updated,2026-07-30,cve_2023_to_2025,2026-07-30T09:27:39+00:00
CVE-2025-40047,updated,2026-07-30,cve_2023_to_2025,2026-07-30T09:27:39+00:00
CVE-2025-40048,updated,2026-07-30,cve_2023_to_2025,2026-07-30T09:27:39+00:00
CVE-2025-40051,updated,2026-07-30,cve_2023_to_2025,2026-07-30T09:27:39+00:00
CVE-2025-40053,updated,2026-07-30,cve_2023_to_2025,2026-07-30T09:27:39+00:00
CVE-2025-40054,updated,2026-07-30,cve_2023_to_2025,2026-07-30T09:27:39+00:00
CVE-2025-40058,updated,2026-07-30,cve_2023_to_2025,2026-07-30T09:27:39+00:00
CVE-2025-40061,updated,2026-07-30,cve_2023_to_2025,2026-07-30T09:27:39+00:00
CVE-2025-40063,updated,2026-07-30,cve_2023_to_2025,2026-07-30T09:27:39+00:00
CVE-2025-40064,updated,2026-07-30,cve_2023_to_2025,2026-07-30T09:27:39+00:00
CVE-2025-40067,updated,2026-07-30,cve_2023_to_2025,2026-07-30T09:27:39+00:00
CVE-2025-40068,updated,2026-07-30,cve_2023_to_2025,2026-07-30T09:27:39+00:00
CVE-2025-40069,updated,2026-07-30,cve_2023_to_2025,2026-07-30T09:27:39+00:00
CVE-2025-40074,updated,2026-07-30,cve_2023_to_2025,2026-07-30T09:27:39+00:00
CVE-2025-40075,updated,2026-07-30,cve_2023_to_2025,2026-07-30T09:27:39+00:00
CVE-2025-40079,updated,2026-07-30,cve_2023_to_2025,2026-07-30T09:27:39+00:00
CVE-2025-40081,updated,2026-07-30,cve_2023_to_2025,2026-07-30T09:27:39+00:00
CVE-2025-40082,updated,2026-07-30,cve_2023_to_2025,2026-07-30T09:27:39+00:00
CVE-2025-40084,updated,2026-07-30,cve_2023_to_2025,2026-07-30T09:27:39+00:00
CVE-2025-40087,updated,2026-07-30,cve_2023_to_2025,2026-07-30T09:27:39+00:00
CVE-2025-40088,updated,2026-07-30,cve_2023_to_2025,2026-07-30T09:27:39+00:00
CVE-2025-40090,updated,2026-07-30,cve_2023_to_2025,2026-07-30T09:27:39+00:00
CVE-2025-40092,updated,2026-07-30,cve_2023_to_2025,2026-07-30T09:27:39+00:00
CVE-2025-40093,updated,2026-07-30,cve_2023_to_2025,2026-07-30T09:27:39+00:00
CVE-2025-40094,updated,2026-07-30,cve_2023_to_2025,2026-07-30T09:27:39+00:00
CVE-2025-40095,updated,2026-07-30,cve_2023_to_2025,2026-07-30T09:27:39+00:00
CVE-2025-40096,updated,2026-07-30,cve_2023_to_2025,2026-07-30T09:27:39+00:00
CVE-2025-40099,updated,2026-07-30,cve_2023_to_2025,2026-07-30T09:27:39+00:00
CVE-2025-40104,updated,2026-07-30,cve_2023_to_2025,2026-07-30T09:27:39+00:00
CVE-2025-40105,updated,2026-07-30,cve_2023_to_2025,2026-07-30T09:27:39+00:00
CVE-2025-40111,updated,2026-07-30,cve_2023_to_2025,2026-07-30T09:27:39+00:00
CVE-2025-40112,updated,2026-07-30,cve_2023_to_2025,2026-07-30T09:27:39+00:00
CVE-2025-40117,updated,2026-07-30,cve_2023_to_2025,2026-07-30T09:27:39+00:00
CVE-2025-40118,updated,2026-07-30,cve_2023_to_2025,2026-07-30T09:27:39+00:00
CVE-2025-40123,updated,2026-07-30,cve_2023_to_2025,2026-07-30T09:27:39+00:00
CVE-2025-40124,updated,2026-07-30,cve_2023_to_2025,2026-07-30T09:27:39+00:00
CVE-2025-40129,updated,2026-07-30,cve_2023_to_2025,2026-07-30T09:27:39+00:00
CVE-2025-40133,updated,2026-07-30,cve_2023_to_2025,2026-07-30T09:27:39+00:00
CVE-2025-40135,updated,2026-07-30,cve_2023_to_2025,2026-07-30T09:27:39+00:00
CVE-2025-40139,updated,2026-07-30,cve_2023_to_2025,2026-07-30T09:27:39+00:00
CVE-2025-40140,updated,2026-07-30,cve_2023_to_2025,2026-07-30T09:27:39+00:00
CVE-2025-40141,updated,2026-07-30,cve_2023_to_2025,2026-07-30T09:27:39+00:00
CVE-2025-40149,updated,2026-07-30,cve_2023_to_2025,2026-07-30T09:27:39+00:00
CVE-2025-40151,updated,2026-07-30,cve_2023_to_2025,2026-07-30T09:27:39+00:00
CVE-2025-40155,updated,2026-07-30,cve_2023_to_2025,2026-07-30T09:27:39+00:00
CVE-2025-40158,updated,2026-07-30,cve_2023_to_2025,2026-07-30T09:27:39+00:00
CVE-2025-40159,updated,2026-07-30,cve_2023_to_2025,2026-07-30T09:27:39+00:00
CVE-2025-40165,updated,2026-07-30,cve_2023_to_2025,2026-07-30T09:27:39+00:00
CVE-2025-40166,updated,2026-07-30,cve_2023_to_2025,2026-07-30T09:27:39+00:00
CVE-2025-40167,updated,2026-07-30,cve_2023_to_2025,2026-07-30T09:27:39+00:00
CVE-2025-40168,updated,2026-07-30,cve_2023_to_2025,2026-07-30T09:27:39+00:00
CVE-2025-40169,updated,2026-07-30,cve_2023_to_2025,2026-07-30T09:27:39+00:00
CVE-2025-40170,updated,2026-07-30,cve_2023_to_2025,2026-07-30T09:27:39+00:00
CVE-2025-40171,updated,2026-07-30,cve_2023_to_2025,2026-07-30T09:27:39+00:00
CVE-2025-40172,updated,2026-07-30,cve_2023_to_2025,2026-07-30T09:27:39+00:00
CVE-2025-40173,updated,2026-07-30,cve_2023_to_2025,2026-07-30T09:27:39+00:00
CVE-2025-40174,updated,2026-07-30,cve_2023_to_2025,2026-07-30T09:27:39+00:00
CVE-2025-40176,updated,2026-07-30,cve_2023_to_2025,2026-07-30T09:27:39+00:00
CVE-2025-40182,updated,2026-07-30,cve_2023_to_2025,2026-07-30T09:27:39+00:00
CVE-2025-40183,updated,2026-07-30,cve_2023_to_2025,2026-07-30T09:27:39+00:00
CVE-2025-40186,updated,2026-07-30,cve_2023_to_2025,2026-07-30T09:27:39+00:00
CVE-2025-40187,updated,2026-07-30,cve_2023_to_2025,2026-07-30T09:27:39+00:00
CVE-2025-40190,updated,2026-07-30,cve_2023_to_2025,2026-07-30T09:27:39+00:00
CVE-2025-40198,updated,2026-07-30,cve_2023_to_2025,2026-07-30T09:27:39+00:00
CVE-2025-40199,updated,2026-07-30,cve_2023_to_2025,2026-07-30T09:27:39+00:00
CVE-2025-40201,updated,2026-07-30,cve_2023_to_2025,2026-07-30T09:27:39+00:00
CVE-2025-40202,updated,2026-07-30,cve_2023_to_2025,2026-07-30T09:27:39+00:00
CVE-2025-40203,updated,2026-07-30,cve_2023_to_2025,2026-07-30T09:27:39+00:00
CVE-2025-40204,updated,2026-07-30,cve_2023_to_2025,2026-07-30T09:27:39+00:00
CVE-2025-40205,updated,2026-07-30,cve_2023_to_2025,2026-07-30T09:27:39+00:00
CVE-2025-40206,updated,2026-07-30,cve_2023_to_2025,2026-07-30T09:27:39+00:00
CVE-2025-40210,updated,2026-07-30,cve_2023_to_2025,2026-07-30T09:27:39+00:00
CVE-2025-40212,updated,2026-07-30,cve_2023_to_2025,2026-07-30T09:27:39+00:00
CVE-2025-40213,updated,2026-07-30,cve_2023_to_2025,2026-07-30T09:27:39+00:00
CVE-2025-40214,updated,2026-07-30,cve_2023_to_2025,2026-07-30T09:27:39+00:00
CVE-2025-40215,updated,2026-07-30,cve_2023_to_2025,2026-07-30T09:27:39+00:00
CVE-2025-40216,updated,2026-07-30,cve_2023_to_2025,2026-07-30T09:27:39+00:00
CVE-2025-40233,updated,2026-07-30,cve_2023_to_2025,2026-07-30T09:27:39+00:00
CVE-2025-40240,updated,2026-07-30,cve_2023_to_2025,2026-07-30T09:27:39+00:00
CVE-2025-40241,updated,2026-07-30,cve_2023_to_2025,2026-07-30T09:27:39+00:00
CVE-2025-40242,updated,2026-07-30,cve_2023_to_2025,2026-07-30T09:27:39+00:00
CVE-2025-40243,updated,2026-07-30,cve_2023_to_2025,2026-07-30T09:27:39+00:00
CVE-2025-40244,updated,2026-07-30,cve_2023_to_2025,2026-07-30T09:27:39+00:00
CVE-2025-40245,updated,2026-07-30,cve_2023_to_2025,2026-07-30T09:27:39+00:00
CVE-2025-40248,updated,2026-07-30,cve_2023_to_2025,2026-07-30T09:27:39+00:00
CVE-2025-40249,updated,2026-07-30,cve_2023_to_2025,2026-07-30T09:27:39+00:00
CVE-2025-40250,updated,2026-07-30,cve_2023_to_2025,2026-07-30T09:27:39+00:00
CVE-2025-40251,updated,2026-07-30,cve_2023_to_2025,2026-07-30T09:27:39+00:00
CVE-2025-40252,updated,2026-07-30,cve_2023_to_2025,2026-07-30T09:27:39+00:00
CVE-2025-40253,updated,2026-07-30,cve_2023_to_2025,2026-07-30T09:27:39+00:00
CVE-2025-40257,updated,2026-07-30,cve_2023_to_2025,2026-07-30T09:27:39+00:00
CVE-2025-40258,updated,2026-07-30,cve_2023_to_2025,2026-07-30T09:27:39+00:00
CVE-2025-40261,updated,2026-07-30,cve_2023_to_2025,2026-07-30T09:27:39+00:00
CVE-2025-40262,updated,2026-07-30,cve_2023_to_2025,2026-07-30T09:27:39+00:00
CVE-2025-40266,updated,2026-07-30,cve_2023_to_2025,2026-07-30T09:27:39+00:00
CVE-2025-40269,updated,2026-07-30,cve_2023_to_2025,2026-07-30T09:27:39+00:00
CVE-2025-40270,updated,2026-07-30,cve_2023_to_2025,2026-07-30T09:27:39+00:00
CVE-2025-40271,updated,2026-07-30,cve_2023_to_2025,2026-07-30T09:27:39+00:00
CVE-2025-40272,updated,2026-07-30,cve_2023_to_2025,2026-07-30T09:27:39+00:00
CVE-2025-40273,updated,2026-07-30,cve_2023_to_2025,2026-07-30T09:27:39+00:00
CVE-2025-40274,updated,2026-07-30,cve_2023_to_2025,2026-07-30T09:27:39+00:00
CVE-2025-40276,updated,2026-07-30,cve_2023_to_2025,2026-07-30T09:27:39+00:00
CVE-2025-40277,updated,2026-07-30,cve_2023_to_2025,2026-07-30T09:27:39+00:00
CVE-2025-40280,updated,2026-07-30,cve_2023_to_2025,2026-07-30T09:27:39+00:00
CVE-2025-40282,updated,2026-07-30,cve_2023_to_2025,2026-07-30T09:27:39+00:00
CVE-2025-40283,updated,2026-07-30,cve_2023_to_2025,2026-07-30T09:27:39+00:00
CVE-2025-40284,updated,2026-07-30,cve_2023_to_2025,2026-07-30T09:27:39+00:00
CVE-2025-40285,updated,2026-07-30,cve_2023_to_2025,2026-07-30T09:27:39+00:00
CVE-2025-40290,updated,2026-07-30,cve_2023_to_2025,2026-07-30T09:27:39+00:00
CVE-2025-40291,updated,2026-07-30,cve_2023_to_2025,2026-07-30T09:27:39+00:00
CVE-2025-40292,updated,2026-07-30,cve_2023_to_2025,2026-07-30T09:27:39+00:00
CVE-2025-40297,updated,2026-07-30,cve_2023_to_2025,2026-07-30T09:27:39+00:00
CVE-2025-40301,updated,2026-07-30,cve_2023_to_2025,2026-07-30T09:27:39+00:00
CVE-2025-40302,updated,2026-07-30,cve_2023_to_2025,2026-07-30T09:27:39+00:00
CVE-2025-40303,updated,2026-07-30,cve_2023_to_2025,2026-07-30T09:27:39+00:00
CVE-2025-40304,updated,2026-07-30,cve_2023_to_2025,2026-07-30T09:27:39+00:00
CVE-2025-40306,updated,2026-07-30,cve_2023_to_2025,2026-07-30T09:27:39+00:00
CVE-2025-40307,updated,2026-07-30,cve_2023_to_2025,2026-07-30T09:27:39+00:00
CVE-2025-40309,updated,2026-07-30,cve_2023_to_2025,2026-07-30T09:27:39+00:00
CVE-2025-40317,updated,2026-07-30,cve_2023_to_2025,2026-07-30T09:27:39+00:00
CVE-2025-40318,updated,2026-07-30,cve_2023_to_2025,2026-07-30T09:27:39+00:00
CVE-2025-40319,updated,2026-07-30,cve_2023_to_2025,2026-07-30T09:27:39+00:00
CVE-2025-40320,updated,2026-07-30,cve_2023_to_2025,2026-07-30T09:27:39+00:00
CVE-2025-40322,updated,2026-07-30,cve_2023_to_2025,2026-07-30T09:27:39+00:00
CVE-2025-40323,updated,2026-07-30,cve_2023_to_2025,2026-07-30T09:27:39+00:00
CVE-2025-40324,updated,2026-07-30,cve_2023_to_2025,2026-07-30T09:27:39+00:00
CVE-2025-40326,updated,2026-07-30,cve_2023_to_2025,2026-07-30T09:27:39+00:00
CVE-2025-40328,updated,2026-07-30,cve_2023_to_2025,2026-07-30T09:27:39+00:00
CVE-2025-40331,updated,2026-07-30,cve_2023_to_2025,2026-07-30T09:27:39+00:00
CVE-2025-40334,updated,2026-07-30,cve_2023_to_2025,2026-07-30T09:27:39+00:00
CVE-2025-40336,updated,2026-07-30,cve_2023_to_2025,2026-07-30T09:27:39+00:00
CVE-2025-40337,updated,2026-07-30,cve_2023_to_2025,2026-07-30T09:27:39+00:00
CVE-2025-40342,updated,2026-07-30,cve_2023_to_2025,2026-07-30T09:27:39+00:00
CVE-2025-40343,updated,2026-07-30,cve_2023_to_2025,2026-07-30T09:27:39+00:00
CVE-2025-40344,updated,2026-07-30,cve_2023_to_2025,2026-07-30T09:27:39+00:00
CVE-2025-40347,updated,2026-07-30,cve_2023_to_2025,2026-07-30T09:27:39+00:00
CVE-2025-40349,updated,2026-07-30,cve_2023_to_2025,2026-07-30T09:27:39+00:00
CVE-2025-40350,updated,2026-07-30,cve_2023_to_2025,2026-07-30T09:27:39+00:00
CVE-2025-40354,updated,2026-07-30,cve_2023_to_2025,2026-07-30T09:27:39+00:00
CVE-2025-40356,updated,2026-07-30,cve_2023_to_2025,2026-07-30T09:27:39+00:00
CVE-2025-40358,updated,2026-07-30,cve_2023_to_2025,2026-07-30T09:27:39+00:00
CVE-2025-40362,updated,2026-07-30,cve_2023_to_2025,2026-07-30T09:27:39+00:00
CVE-2025-40364,updated,2026-07-30,cve_2023_to_2025,2026-07-30T09:27:39+00:00
CVE-2025-41115,updated,2026-07-29,cve_2023_to_2025,2026-07-30T09:27:39+00:00
CVE-2025-41117,updated,2026-07-29,cve_2023_to_2025,2026-07-30T09:27:39+00:00
CVE-2025-41118,updated,2026-07-29,cve_2023_to_2025,2026-07-30T09:27:39+00:00
CVE-2025-44649,updated,2026-07-29,cve_2023_to_2025,2026-07-30T09:27:39+00:00
CVE-2025-44654,updated,2026-07-29,cve_2023_to_2025,2026-07-30T09:27:39+00:00
CVE-2025-60931,added,,cve_2023_to_2025,2026-07-30T09:27:39+00:00
CVE-2025-61726,updated,2026-07-29,cve_2023_to_2025,2026-07-30T09:27:39+00:00
CVE-2025-62718,updated,2026-07-29,cve_2023_to_2025,2026-07-30T09:27:39+00:00
CVE-2025-65337,added,,cve_2023_to_2025,2026-07-30T09:27:39+00:00
CVE-2025-65340,added,,cve_2023_to_2025,2026-07-30T09:27:39+00:00
CVE-2025-67403,added,,cve_2023_to_2025,2026-07-30T09:27:39+00:00
CVE-2025-67404,added,,cve_2023_to_2025,2026-07-30T09:27:39+00:00
CVE-2025-67405,added,,cve_2023_to_2025,2026-07-30T09:27:39+00:00
CVE-2025-67406,added,,cve_2023_to_2025,2026-07-30T09:27:39+00:00
CVE-2025-67407,added,,cve_2023_to_2025,2026-07-30T09:27:39+00:00
CVE-2025-67408,added,,cve_2023_to_2025,2026-07-30T09:27:39+00:00
CVE-2025-68167,updated,2026-07-30,cve_2023_to_2025,2026-07-30T09:27:39+00:00
CVE-2025-68168,updated,2026-07-30,cve_2023_to_2025,2026-07-30T09:27:39+00:00
CVE-2025-68170,updated,2026-07-30,cve_2023_to_2025,2026-07-30T09:27:39+00:00
CVE-2025-68171,updated,2026-07-30,cve_2023_to_2025,2026-07-30T09:27:39+00:00
CVE-2025-68174,updated,2026-07-30,cve_2023_to_2025,2026-07-30T09:27:39+00:00
CVE-2025-68175,updated,2026-07-30,cve_2023_to_2025,2026-07-30T09:27:39+00:00
CVE-2025-68179,updated,2026-07-30,cve_2023_to_2025,2026-07-30T09:27:39+00:00
CVE-2025-68181,updated,2026-07-30,cve_2023_to_2025,2026-07-30T09:27:39+00:00
CVE-2025-68182,updated,2026-07-30,cve_2023_to_2025,2026-07-30T09:27:39+00:00
CVE-2025-68183,updated,2026-07-30,cve_2023_to_2025,2026-07-30T09:27:39+00:00
CVE-2025-68184,updated,2026-07-30,cve_2023_to_2025,2026-07-30T09:27:39+00:00
CVE-2025-68189,updated,2026-07-30,cve_2023_to_2025,2026-07-30T09:27:39+00:00
CVE-2025-68192,updated,2026-07-30,cve_2023_to_2025,2026-07-30T09:27:39+00:00
CVE-2025-68195,updated,2026-07-30,cve_2023_to_2025,2026-07-30T09:27:39+00:00
CVE-2025-68206,updated,2026-07-30,cve_2023_to_2025,2026-07-30T09:27:39+00:00
CVE-2025-68207,updated,2026-07-30,cve_2023_to_2025,2026-07-30T09:27:39+00:00
CVE-2025-68208,updated,2026-07-30,cve_2023_to_2025,2026-07-30T09:27:39+00:00
CVE-2025-68212,updated,2026-07-30,cve_2023_to_2025,2026-07-30T09:27:39+00:00
CVE-2025-68215,updated,2026-07-30,cve_2023_to_2025,2026-07-30T09:27:39+00:00
CVE-2025-68218,updated,2026-07-30,cve_2023_to_2025,2026-07-30T09:27:39+00:00
CVE-2025-68226,updated,2026-07-30,cve_2023_to_2025,2026-07-30T09:27:39+00:00
CVE-2025-68232,updated,2026-07-30,cve_2023_to_2025,2026-07-30T09:27:39+00:00
CVE-2025-68234,updated,2026-07-30,cve_2023_to_2025,2026-07-30T09:27:39+00:00
CVE-2025-68241,updated,2026-07-30,cve_2023_to_2025,2026-07-30T09:27:39+00:00
CVE-2025-68243,updated,2026-07-30,cve_2023_to_2025,2026-07-30T09:27:39+00:00
CVE-2025-68246,updated,2026-07-30,cve_2023_to_2025,2026-07-30T09:27:39+00:00
CVE-2025-68250,updated,2026-07-30,cve_2023_to_2025,2026-07-30T09:27:39+00:00
CVE-2025-68254,updated,2026-07-30,cve_2023_to_2025,2026-07-30T09:27:39+00:00
CVE-2025-68255,updated,2026-07-30,cve_2023_to_2025,2026-07-30T09:27:39+00:00
CVE-2025-68256,updated,2026-07-30,cve_2023_to_2025,2026-07-30T09:27:39+00:00
CVE-2025-68260,updated,2026-07-30,cve_2023_to_2025,2026-07-30T09:27:39+00:00
CVE-2025-68261,updated,2026-07-30,cve_2023_to_2025,2026-07-30T09:27:39+00:00
CVE-2025-68265,updated,2026-07-30,cve_2023_to_2025,2026-07-30T09:27:39+00:00
CVE-2025-68283,updated,2026-07-30,cve_2023_to_2025,2026-07-30T09:27:39+00:00
CVE-2025-68284,updated,2026-07-30,cve_2023_to_2025,2026-07-30T09:27:39+00:00
CVE-2025-68285,updated,2026-07-30,cve_2023_to_2025,2026-07-30T09:27:39+00:00
CVE-2025-68286,updated,2026-07-30,cve_2023_to_2025,2026-07-30T09:27:39+00:00
CVE-2025-68294,updated,2026-07-30,cve_2023_to_2025,2026-07-30T09:27:39+00:00
CVE-2025-68301,updated,2026-07-30,cve_2023_to_2025,2026-07-30T09:27:39+00:00
CVE-2025-68302,updated,2026-07-30,cve_2023_to_2025,2026-07-30T09:27:39+00:00
CVE-2025-68303,updated,2026-07-30,cve_2023_to_2025,2026-07-30T09:27:39+00:00
CVE-2025-68304,updated,2026-07-30,cve_2023_to_2025,2026-07-30T09:27:39+00:00
CVE-2025-68313,updated,2026-07-30,cve_2023_to_2025,2026-07-30T09:27:39+00:00
CVE-2025-68314,updated,2026-07-30,cve_2023_to_2025,2026-07-30T09:27:39+00:00
CVE-2025-68315,updated,2026-07-30,cve_2023_to_2025,2026-07-30T09:27:39+00:00
CVE-2025-68317,updated,2026-07-30,cve_2023_to_2025,2026-07-30T09:27:39+00:00
CVE-2025-68320,updated,2026-07-30,cve_2023_to_2025,2026-07-30T09:27:39+00:00
CVE-2025-68321,updated,2026-07-30,cve_2023_to_2025,2026-07-30T09:27:39+00:00
CVE-2025-68336,updated,2026-07-30,cve_2023_to_2025,2026-07-30T09:27:39+00:00
CVE-2025-68337,updated,2026-07-30,cve_2023_to_2025,2026-07-30T09:27:39+00:00
CVE-2025-68340,updated,2026-07-30,cve_2023_to_2025,2026-07-30T09:27:39+00:00
CVE-2025-68341,updated,2026-07-30,cve_2023_to_2025,2026-07-30T09:27:39+00:00
CVE-2025-68347,updated,2026-07-30,cve_2023_to_2025,2026-07-30T09:27:39+00:00
CVE-2025-68349,updated,2026-07-30,cve_2023_to_2025,2026-07-30T09:27:39+00:00
CVE-2025-68352,updated,2026-07-30,cve_2023_to_2025,2026-07-30T09:27:39+00:00
CVE-2025-68359,updated,2026-07-30,cve_2023_to_2025,2026-07-30T09:27:39+00:00
CVE-2025-68360,updated,2026-07-30,cve_2023_to_2025,2026-07-30T09:27:39+00:00
CVE-2025-68365,updated,2026-07-30,cve_2023_to_2025,2026-07-30T09:27:39+00:00
CVE-2025-68369,updated,2026-07-30,cve_2023_to_2025,2026-07-30T09:27:39+00:00
CVE-2025-68370,updated,2026-07-30,cve_2023_to_2025,2026-07-30T09:27:39+00:00
CVE-2025-68379,updated,2026-07-30,cve_2023_to_2025,2026-07-30T09:27:39+00:00
CVE-2025-68724,updated,2026-07-30,cve_2023_to_2025,2026-07-30T09:27:39+00:00
CVE-2025-68726,updated,2026-07-30,cve_2023_to_2025,2026-07-30T09:27:39+00:00
CVE-2025-68730,updated,2026-07-30,cve_2023_to_2025,2026-07-30T09:27:39+00:00
CVE-2025-68735,updated,2026-07-30,cve_2023_to_2025,2026-07-30T09:27:39+00:00
CVE-2025-68736,updated,2026-07-30,cve_2023_to_2025,2026-07-30T09:27:39+00:00
CVE-2025-68741,updated,2026-07-30,cve_2023_to_2025,2026-07-30T09:27:39+00:00
CVE-2025-68745,updated,2026-07-30,cve_2023_to_2025,2026-07-30T09:27:39+00:00
CVE-2025-68746,updated,2026-07-30,cve_2023_to_2025,2026-07-30T09:27:39+00:00
CVE-2025-68747,updated,2026-07-30,cve_2023_to_2025,2026-07-30T09:27:39+00:00
CVE-2025-68748,updated,2026-07-30,cve_2023_to_2025,2026-07-30T09:27:39+00:00
CVE-2025-68749,updated,2026-07-30,cve_2023_to_2025,2026-07-30T09:27:39+00:00
CVE-2025-68753,updated,2026-07-30,cve_2023_to_2025,2026-07-30T09:27:39+00:00
CVE-2025-68761,updated,2026-07-30,cve_2023_to_2025,2026-07-30T09:27:39+00:00
CVE-2025-68764,updated,2026-07-30,cve_2023_to_2025,2026-07-30T09:27:39+00:00
CVE-2025-68770,updated,2026-07-30,cve_2023_to_2025,2026-07-30T09:27:39+00:00
CVE-2025-68774,updated,2026-07-30,cve_2023_to_2025,2026-07-30T09:27:39+00:00
CVE-2025-68775,updated,2026-07-30,cve_2023_to_2025,2026-07-30T09:27:39+00:00
CVE-2025-68782,updated,2026-07-30,cve_2023_to_2025,2026-07-30T09:27:39+00:00
CVE-2025-68785,updated,2026-07-30,cve_2023_to_2025,2026-07-30T09:27:39+00:00
CVE-2025-68792,updated,2026-07-30,cve_2023_to_2025,2026-07-30T09:27:39+00:00
CVE-2025-68793,updated,2026-07-30,cve_2023_to_2025,2026-07-30T09:27:39+00:00
CVE-2025-68794,updated,2026-07-30,cve_2023_to_2025,2026-07-30T09:27:39+00:00
CVE-2025-68795,updated,2026-07-30,cve_2023_to_2025,2026-07-30T09:27:39+00:00
CVE-2025-68799,updated,2026-07-30,cve_2023_to_2025,2026-07-30T09:27:39+00:00
CVE-2025-68800,updated,2026-07-30,cve_2023_to_2025,2026-07-30T09:27:39+00:00
CVE-2025-68801,updated,2026-07-30,cve_2023_to_2025,2026-07-30T09:27:39+00:00
CVE-2025-68803,updated,2026-07-30,cve_2023_to_2025,2026-07-30T09:27:39+00:00
CVE-2025-68805,updated,2026-07-30,cve_2023_to_2025,2026-07-30T09:27:39+00:00
CVE-2025-68806,updated,2026-07-30,cve_2023_to_2025,2026-07-30T09:27:39+00:00
CVE-2025-68808,updated,2026-07-30,cve_2023_to_2025,2026-07-30T09:27:39+00:00
CVE-2025-68809,updated,2026-07-30,cve_2023_to_2025,2026-07-30T09:27:39+00:00
CVE-2025-68810,updated,2026-07-30,cve_2023_to_2025,2026-07-30T09:27:39+00:00
CVE-2025-68811,updated,2026-07-30,cve_2023_to_2025,2026-07-30T09:27:39+00:00
CVE-2025-68815,updated,2026-07-30,cve_2023_to_2025,2026-07-30T09:27:39+00:00
CVE-2025-68817,updated,2026-07-30,cve_2023_to_2025,2026-07-30T09:27:39+00:00
CVE-2025-68818,updated,2026-07-30,cve_2023_to_2025,2026-07-30T09:27:39+00:00
CVE-2025-68819,updated,2026-07-30,cve_2023_to_2025,2026-07-30T09:27:39+00:00
CVE-2025-68822,updated,2026-07-30,cve_2023_to_2025,2026-07-30T09:27:39+00:00
CVE-2025-69223,updated,2026-07-29,cve_2023_to_2025,2026-07-30T09:27:39+00:00
CVE-2025-69942,added,,cve_2023_to_2025,2026-07-30T09:27:39+00:00
CVE-2025-69943,added,,cve_2023_to_2025,2026-07-30T09:27:39+00:00
CVE-2025-69944,added,,cve_2023_to_2025,2026-07-30T09:27:39+00:00
CVE-2025-69945,added,,cve_2023_to_2025,2026-07-30T09:27:39+00:00
CVE-2025-69949,added,,cve_2023_to_2025,2026-07-30T09:27:39+00:00
CVE-2025-71066,updated,2026-07-30,cve_2023_to_2025,2026-07-30T09:27:39+00:00
CVE-2025-71068,updated,2026-07-30,cve_2023_to_2025,2026-07-30T09:27:39+00:00
CVE-2025-71070,updated,2026-07-30,cve_2023_to_2025,2026-07-30T09:27:39+00:00
CVE-2025-71072,updated,2026-07-30,cve_2023_to_2025,2026-07-30T09:27:39+00:00
CVE-2025-71074,updated,2026-07-30,cve_2023_to_2025,2026-07-30T09:27:39+00:00
CVE-2025-71078,updated,2026-07-30,cve_2023_to_2025,2026-07-30T09:27:39+00:00
CVE-2025-71080,updated,2026-07-30,cve_2023_to_2025,2026-07-30T09:27:39+00:00
CVE-2025-71082,updated,2026-07-30,cve_2023_to_2025,2026-07-30T09:27:39+00:00
CVE-2025-71085,updated,2026-07-30,cve_2023_to_2025,2026-07-30T09:27:39+00:00
CVE-2025-71090,updated,2026-07-30,cve_2023_to_2025,2026-07-30T09:27:39+00:00
CVE-2025-71092,updated,2026-07-30,cve_2023_to_2025,2026-07-30T09:27:39+00:00
CVE-2025-71093,updated,2026-07-30,cve_2023_to_2025,2026-07-30T09:27:39+00:00
CVE-2025-71095,updated,2026-07-30,cve_2023_to_2025,2026-07-30T09:27:39+00:00
CVE-2025-71099,updated,2026-07-30,cve_2023_to_2025,2026-07-30T09:27:39+00:00
CVE-2025-71100,updated,2026-07-30,cve_2023_to_2025,2026-07-30T09:27:39+00:00
CVE-2025-71101,updated,2026-07-30,cve_2023_to_2025,2026-07-30T09:27:39+00:00
CVE-2025-71109,updated,2026-07-30,cve_2023_to_2025,2026-07-30T09:27:39+00:00
CVE-2025-71112,updated,2026-07-30,cve_2023_to_2025,2026-07-30T09:27:39+00:00
CVE-2025-71116,updated,2026-07-30,cve_2023_to_2025,2026-07-30T09:27:39+00:00
CVE-2025-71120,updated,2026-07-30,cve_2023_to_2025,2026-07-30T09:27:39+00:00
CVE-2025-71126,updated,2026-07-30,cve_2023_to_2025,2026-07-30T09:27:39+00:00
CVE-2025-71127,updated,2026-07-30,cve_2023_to_2025,2026-07-30T09:27:39+00:00
CVE-2025-71128,updated,2026-07-30,cve_2023_to_2025,2026-07-30T09:27:39+00:00
CVE-2025-71130,updated,2026-07-30,cve_2023_to_2025,2026-07-30T09:27:39+00:00
CVE-2025-71131,updated,2026-07-30,cve_2023_to_2025,2026-07-30T09:27:39+00:00
CVE-2025-71132,updated,2026-07-30,cve_2023_to_2025,2026-07-30T09:27:39+00:00
CVE-2025-71136,updated,2026-07-30,cve_2023_to_2025,2026-07-30T09:27:39+00:00
CVE-2025-71145,updated,2026-07-30,cve_2023_to_2025,2026-07-30T09:27:39+00:00
CVE-2025-71146,updated,2026-07-30,cve_2023_to_2025,2026-07-30T09:27:39+00:00
CVE-2025-71150,updated,2026-07-30,cve_2023_to_2025,2026-07-30T09:27:39+00:00
CVE-2025-71155,updated,2026-07-30,cve_2023_to_2025,2026-07-30T09:27:39+00:00
CVE-2025-71158,updated,2026-07-30,cve_2023_to_2025,2026-07-30T09:27:39+00:00
CVE-2025-71159,updated,2026-07-30,cve_2023_to_2025,2026-07-30T09:27:39+00:00
CVE-2025-71161,updated,2026-07-30,cve_2023_to_2025,2026-07-30T09:27:39+00:00
CVE-2025-71162,updated,2026-07-30,cve_2023_to_2025,2026-07-30T09:27:39+00:00
CVE-2025-71183,updated,2026-07-30,cve_2023_to_2025,2026-07-30T09:27:39+00:00
CVE-2025-71192,updated,2026-07-30,cve_2023_to_2025,2026-07-30T09:27:39+00:00
CVE-2025-71201,updated,2026-07-30,cve_2023_to_2025,2026-07-30T09:27:39+00:00
CVE-2025-71202,updated,2026-07-30,cve_2023_to_2025,2026-07-30T09:27:39+00:00
CVE-2025-71204,updated,2026-07-30,cve_2023_to_2025,2026-07-30T09:27:39+00:00
CVE-2025-71221,updated,2026-07-30,cve_2023_to_2025,2026-07-30T09:27:39+00:00
CVE-2025-71234,updated,2026-07-30,cve_2023_to_2025,2026-07-30T09:27:39+00:00
CVE-2025-71236,updated,2026-07-30,cve_2023_to_2025,2026-07-30T09:27:39+00:00
CVE-2025-71268,updated,2026-07-30,cve_2023_to_2025,2026-07-30T09:27:39+00:00
CVE-2025-71269,updated,2026-07-30,cve_2023_to_2025,2026-07-30T09:27:39+00:00
CVE-2025-71274,updated,2026-07-30,cve_2023_to_2025,2026-07-30T09:27:39+00:00
CVE-2025-71286,updated,2026-07-30,cve_2023_to_2025,2026-07-30T09:27:39+00:00
CVE-2025-71289,updated,2026-07-30,cve_2023_to_2025,2026-07-30T09:27:39+00:00
CVE-2025-71292,updated,2026-07-30,cve_2023_to_2025,2026-07-30T09:27:39+00:00
CVE-2025-71300,updated,2026-07-30,cve_2023_to_2025,2026-07-30T09:27:39+00:00
CVE-2025-71302,updated,2026-07-30,cve_2023_to_2025,2026-07-30T09:27:39+00:00
CVE-2025-71311,updated,2026-07-30,cve_2023_to_2025,2026-07-30T09:27:39+00:00
CVE-2025-71319,updated,2026-07-29,cve_2023_to_2025,2026-07-30T09:27:39+00:00
CVE-2026-0011,updated,2026-03-06,cve_2026_to_now,2026-07-30T09:27:39+00:00
CVE-2026-0667,added,,cve_2026_to_now,2026-07-30T09:27:39+00:00
CVE-2026-1018,removed,,cve_2026_to_now,2026-07-30T09:27:39+00:00
CVE-2026-1019,removed,,cve_2026_to_now,2026-07-30T09:27:39+00:00
CVE-2026-1020,removed,,cve_2026_to_now,2026-07-30T09:27:39+00:00
CVE-2026-1021,removed,,cve_2026_to_now,2026-07-30T09:27:39+00:00
CVE-2026-1360,added,,cve_2026_to_now,2026-07-30T09:27:39+00:00
CVE-2026-1918,updated,2026-07-29,cve_2026_to_now,2026-07-30T09:27:39+00:00
CVE-2026-1982,added,,cve_2026_to_now,2026-07-30T09:27:39+00:00
CVE-2026-2482,added,,cve_2026_to_now,2026-07-30T09:27:39+00:00
CVE-2026-3093,added,,cve_2026_to_now,2026-07-30T09:27:39+00:00
CVE-2026-3157,updated,2026-07-29,cve_2026_to_now,2026-07-30T09:27:39+00:00
CVE-2026-3158,updated,2026-07-29,cve_2026_to_now,2026-07-30T09:27:39+00:00
CVE-2026-4602,updated,2026-07-29,cve_2026_to_now,2026-07-30T09:27:39+00:00
CVE-2026-4604,added,,cve_2026_to_now,2026-07-30T09:27:39+00:00
CVE-2026-4672,added,,cve_2026_to_now,2026-07-30T09:27:39+00:00
CVE-2026-5056,added,2026-07-30,cve_2026_to_now,2026-07-30T09:27:39+00:00
CVE-2026-5057,added,,cve_2026_to_now,2026-07-30T09:27:39+00:00
CVE-2026-5060,added,,cve_2026_to_now,2026-07-30T09:27:39+00:00
CVE-2026-5114,updated,2026-07-29,cve_2026_to_now,2026-07-30T09:27:39+00:00
CVE-2026-5487,added,,cve_2026_to_now,2026-07-30T09:27:39+00:00
CVE-2026-5489,added,,cve_2026_to_now,2026-07-30T09:27:39+00:00
CVE-2026-5490,added,,cve_2026_to_now,2026-07-30T09:27:39+00:00
CVE-2026-5491,added,,cve_2026_to_now,2026-07-30T09:27:39+00:00
CVE-2026-5492,added,,cve_2026_to_now,2026-07-30T09:27:39+00:00
CVE-2026-5626,updated,,cve_2026_to_now,2026-07-30T09:27:39+00:00
CVE-2026-5704,updated,2026-07-29,cve_2026_to_now,2026-07-30T09:27:39+00:00
CVE-2026-6089,added,,cve_2026_to_now,2026-07-30T09:27:39+00:00
CVE-2026-6102,added,,cve_2026_to_now,2026-07-30T09:27:39+00:00
CVE-2026-6267,added,2026-07-30,cve_2026_to_now,2026-07-30T09:27:39+00:00
CVE-2026-6336,added,,cve_2026_to_now,2026-07-30T09:27:39+00:00
CVE-2026-6477,updated,2026-07-29,cve_2026_to_now,2026-07-30T09:27:39+00:00
CVE-2026-6881,updated,2026-07-29,cve_2026_to_now,2026-07-30T09:27:39+00:00
CVE-2026-7163,updated,2026-07-29,cve_2026_to_now,2026-07-30T09:27:39+00:00
CVE-2026-7362,updated,2026-07-29,cve_2026_to_now,2026-07-30T09:27:39+00:00
CVE-2026-7436,added,,cve_2026_to_now,2026-07-30T09:27:39+00:00
CVE-2026-7849,added,,cve_2026_to_now,2026-07-30T09:27:39+00:00
CVE-2026-8090,updated,2026-07-29,cve_2026_to_now,2026-07-30T09:27:39+00:00
CVE-2026-8094,updated,2026-07-29,cve_2026_to_now,2026-07-30T09:27:39+00:00
CVE-2026-8338,added,,cve_2026_to_now,2026-07-30T09:27:39+00:00
CVE-2026-8339,added,,cve_2026_to_now,2026-07-30T09:27:39+00:00
CVE-2026-8497,added,,cve_2026_to_now,2026-07-30T09:27:39+00:00
CVE-2026-8595,updated,2026-07-29,cve_2026_to_now,2026-07-30T09:27:39+00:00
CVE-2026-8609,updated,2026-07-29,cve_2026_to_now,2026-07-30T09:27:39+00:00
CVE-2026-8791,added,,cve_2026_to_now,2026-07-30T09:27:39+00:00
CVE-2026-9029,updated,2026-07-29,cve_2026_to_now,2026-07-30T09:27:39+00:00
CVE-2026-9177,added,,cve_2026_to_now,2026-07-30T09:27:39+00:00
CVE-2026-9277,updated,2026-07-29,cve_2026_to_now,2026-07-30T09:27:39+00:00
CVE-2026-9673,updated,2026-07-29,cve_2026_to_now,2026-07-30T09:27:39+00:00
CVE-2026-9720,updated,,cve_2026_to_now,2026-07-30T09:27:39+00:00
CVE-2026-9800,updated,2026-07-29,cve_2026_to_now,2026-07-30T09:27:39+00:00
CVE-2026-10601,updated,2026-07-29,cve_2026_to_now,2026-07-30T09:27:39+00:00
CVE-2026-10684,added,,cve_2026_to_now,2026-07-30T09:27:39+00:00
CVE-2026-11332,updated,2026-07-29,cve_2026_to_now,2026-07-30T09:27:39+00:00
CVE-2026-11351,updated,,cve_2026_to_now,2026-07-30T09:27:39+00:00
CVE-2026-11541,updated,2026-07-29,cve_2026_to_now,2026-07-30T09:27:39+00:00
CVE-2026-11769,updated,2026-07-29,cve_2026_to_now,2026-07-30T09:27:39+00:00
CVE-2026-11782,added,,cve_2026_to_now,2026-07-30T09:27:39+00:00
CVE-2026-11867,added,,cve_2026_to_now,2026-07-30T09:27:39+00:00
CVE-2026-11870,added,,cve_2026_to_now,2026-07-30T09:27:39+00:00
CVE-2026-11881,added,,cve_2026_to_now,2026-07-30T09:27:39+00:00
CVE-2026-11973,updated,,cve_2026_to_now,2026-07-30T09:27:39+00:00
CVE-2026-11974,updated,,cve_2026_to_now,2026-07-30T09:27:39+00:00
CVE-2026-12143,updated,2026-07-29,cve_2026_to_now,2026-07-30T09:27:39+00:00
CVE-2026-12144,updated,,cve_2026_to_now,2026-07-30T09:27:39+00:00
CVE-2026-12357,added,,cve_2026_to_now,2026-07-30T09:27:39+00:00
CVE-2026-12436,added,2026-07-30,cve_2026_to_now,2026-07-30T09:27:39+00:00
CVE-2026-12476,updated,,cve_2026_to_now,2026-07-30T09:27:39+00:00
CVE-2026-12500,added,,cve_2026_to_now,2026-07-30T09:27:39+00:00
CVE-2026-12505,updated,2026-07-29,cve_2026_to_now,2026-07-30T09:27:39+00:00
CVE-2026-12687,added,,cve_2026_to_now,2026-07-30T09:27:39+00:00
CVE-2026-12703,added,,cve_2026_to_now,2026-07-30T09:27:39+00:00
CVE-2026-12895,added,,cve_2026_to_now,2026-07-30T09:27:39+00:00
CVE-2026-12927,added,,cve_2026_to_now,2026-07-30T09:27:39+00:00
CVE-2026-12935,added,2026-07-30,cve_2026_to_now,2026-07-30T09:27:39+00:00
CVE-2026-12938,updated,,cve_2026_to_now,2026-07-30T09:27:39+00:00
CVE-2026-12939,updated,,cve_2026_to_now,2026-07-30T09:27:39+00:00
CVE-2026-13113,added,,cve_2026_to_now,2026-07-30T09:27:39+00:00
CVE-2026-13143,added,,cve_2026_to_now,2026-07-30T09:27:39+00:00
CVE-2026-13145,added,,cve_2026_to_now,2026-07-30T09:27:39+00:00
CVE-2026-13178,added,,cve_2026_to_now,2026-07-30T09:27:39+00:00
CVE-2026-13268,added,,cve_2026_to_now,2026-07-30T09:27:39+00:00
CVE-2026-13305,added,,cve_2026_to_now,2026-07-30T09:27:39+00:00
CVE-2026-13306,added,,cve_2026_to_now,2026-07-30T09:27:39+00:00
CVE-2026-13307,added,,cve_2026_to_now,2026-07-30T09:27:39+00:00
CVE-2026-13308,added,,cve_2026_to_now,2026-07-30T09:27:39+00:00
CVE-2026-13309,added,,cve_2026_to_now,2026-07-30T09:27:39+00:00
CVE-2026-13330,added,,cve_2026_to_now,2026-07-30T09:27:39+00:00
CVE-2026-13344,added,,cve_2026_to_now,2026-07-30T09:27:39+00:00
CVE-2026-13345,added,,cve_2026_to_now,2026-07-30T09:27:39+00:00
CVE-2026-13346,added,,cve_2026_to_now,2026-07-30T09:27:39+00:00
CVE-2026-13385,updated,2026-07-29,cve_2026_to_now,2026-07-30T09:27:39+00:00
CVE-2026-13395,added,,cve_2026_to_now,2026-07-30T09:27:39+00:00
CVE-2026-13423,updated,,cve_2026_to_now,2026-07-30T09:27:39+00:00
CVE-2026-13425,updated,,cve_2026_to_now,2026-07-30T09:27:39+00:00
CVE-2026-13442,updated,2026-07-29,cve_2026_to_now,2026-07-30T09:27:39+00:00
CVE-2026-13463,updated,2026-07-29,cve_2026_to_now,2026-07-30T09:27:39+00:00
CVE-2026-13584,added,,cve_2026_to_now,2026-07-30T09:27:39+00:00
CVE-2026-13605,updated,,cve_2026_to_now,2026-07-30T09:27:39+00:00
CVE-2026-13676,updated,2026-07-29,cve_2026_to_now,2026-07-30T09:27:39+00:00
CVE-2026-13690,updated,,cve_2026_to_now,2026-07-30T09:27:39+00:00
CVE-2026-13692,updated,,cve_2026_to_now,2026-07-30T09:27:39+00:00
CVE-2026-13697,added,,cve_2026_to_now,2026-07-30T09:27:39+00:00
CVE-2026-13723,added,,cve_2026_to_now,2026-07-30T09:27:39+00:00
CVE-2026-14188,added,,cve_2026_to_now,2026-07-30T09:27:39+00:00
CVE-2026-14207,added,,cve_2026_to_now,2026-07-30T09:27:39+00:00
CVE-2026-14221,added,,cve_2026_to_now,2026-07-30T09:27:39+00:00
CVE-2026-14222,added,,cve_2026_to_now,2026-07-30T09:27:39+00:00
CVE-2026-14223,added,,cve_2026_to_now,2026-07-30T09:27:39+00:00
CVE-2026-14224,updated,,cve_2026_to_now,2026-07-30T09:27:39+00:00
CVE-2026-14226,added,,cve_2026_to_now,2026-07-30T09:27:39+00:00
CVE-2026-14231,added,,cve_2026_to_now,2026-07-30T09:27:39+00:00
CVE-2026-14239,added,,cve_2026_to_now,2026-07-30T09:27:39+00:00
CVE-2026-14266,added,2026-07-30,cve_2026_to_now,2026-07-30T09:27:39+00:00
CVE-2026-14270,added,,cve_2026_to_now,2026-07-30T09:27:39+00:00
CVE-2026-14305,added,,cve_2026_to_now,2026-07-30T09:27:39+00:00
CVE-2026-14310,added,,cve_2026_to_now,2026-07-30T09:27:39+00:00
CVE-2026-14318,added,,cve_2026_to_now,2026-07-30T09:27:39+00:00
CVE-2026-14341,added,,cve_2026_to_now,2026-07-30T09:27:39+00:00
CVE-2026-14351,added,,cve_2026_to_now,2026-07-30T09:27:39+00:00
CVE-2026-14354,added,,cve_2026_to_now,2026-07-30T09:27:39+00:00
CVE-2026-14356,added,,cve_2026_to_now,2026-07-30T09:27:39+00:00
CVE-2026-14446,updated,2026-07-30,cve_2026_to_now,2026-07-30T09:27:39+00:00
CVE-2026-14488,added,,cve_2026_to_now,2026-07-30T09:27:39+00:00
CVE-2026-14512,updated,2026-07-30,cve_2026_to_now,2026-07-30T09:27:39+00:00
CVE-2026-14515,updated,2026-07-29,cve_2026_to_now,2026-07-30T09:27:39+00:00
CVE-2026-14528,updated,2026-07-30,cve_2026_to_now,2026-07-30T09:27:39+00:00
CVE-2026-14529,added,2026-07-30,cve_2026_to_now,2026-07-30T09:27:39+00:00
CVE-2026-14592,added,,cve_2026_to_now,2026-07-30T09:27:39+00:00
CVE-2026-14602,added,,cve_2026_to_now,2026-07-30T09:27:39+00:00
CVE-2026-14643,added,,cve_2026_to_now,2026-07-30T09:27:39+00:00
CVE-2026-14852,updated,2026-07-29,cve_2026_to_now,2026-07-30T09:27:39+00:00
CVE-2026-14893,updated,2026-07-29,cve_2026_to_now,2026-07-30T09:27:39+00:00
CVE-2026-14900,added,,cve_2026_to_now,2026-07-30T09:27:39+00:00
CVE-2026-14923,added,,cve_2026_to_now,2026-07-30T09:27:39+00:00
CVE-2026-14958,updated,2026-07-30,cve_2026_to_now,2026-07-30T09:27:39+00:00
CVE-2026-14959,updated,2026-07-30,cve_2026_to_now,2026-07-30T09:27:39+00:00
CVE-2026-14973,updated,2026-07-29,cve_2026_to_now,2026-07-30T09:27:39+00:00
CVE-2026-14974,updated,2026-07-30,cve_2026_to_now,2026-07-30T09:27:39+00:00
CVE-2026-14976,updated,2026-07-30,cve_2026_to_now,2026-07-30T09:27:39+00:00
CVE-2026-14981,updated,2026-07-29,cve_2026_to_now,2026-07-30T09:27:39+00:00
CVE-2026-14996,updated,2026-07-29,cve_2026_to_now,2026-07-30T09:27:39+00:00
CVE-2026-15054,added,,cve_2026_to_now,2026-07-30T09:27:39+00:00
CVE-2026-15057,updated,2026-07-29,cve_2026_to_now,2026-07-30T09:27:39+00:00
CVE-2026-15064,updated,2026-07-30,cve_2026_to_now,2026-07-30T09:27:39+00:00
CVE-2026-15077,added,,cve_2026_to_now,2026-07-30T09:27:39+00:00
CVE-2026-15144,added,,cve_2026_to_now,2026-07-30T09:27:39+00:00
CVE-2026-15153,added,,cve_2026_to_now,2026-07-30T09:27:39+00:00
CVE-2026-15157,added,,cve_2026_to_now,2026-07-30T09:27:39+00:00
CVE-2026-15228,added,,cve_2026_to_now,2026-07-30T09:27:39+00:00
CVE-2026-15235,added,,cve_2026_to_now,2026-07-30T09:27:39+00:00
CVE-2026-15240,added,,cve_2026_to_now,2026-07-30T09:27:39+00:00
CVE-2026-15250,added,,cve_2026_to_now,2026-07-30T09:27:39+00:00
CVE-2026-15252,added,,cve_2026_to_now,2026-07-30T09:27:39+00:00
CVE-2026-15255,added,,cve_2026_to_now,2026-07-30T09:27:39+00:00
CVE-2026-15257,added,,cve_2026_to_now,2026-07-30T09:27:39+00:00
CVE-2026-15280,updated,2026-07-29,cve_2026_to_now,2026-07-30T09:27:39+00:00
CVE-2026-15325,updated,2026-07-30,cve_2026_to_now,2026-07-30T09:27:39+00:00
CVE-2026-15328,updated,2026-07-30,cve_2026_to_now,2026-07-30T09:27:39+00:00
CVE-2026-15344,updated,,cve_2026_to_now,2026-07-30T09:27:39+00:00
CVE-2026-15370,updated,2026-07-30,cve_2026_to_now,2026-07-30T09:27:39+00:00
CVE-2026-15382,added,,cve_2026_to_now,2026-07-30T09:27:39+00:00
CVE-2026-15583,updated,2026-07-29,cve_2026_to_now,2026-07-30T09:27:39+00:00
CVE-2026-15735,updated,,cve_2026_to_now,2026-07-30T09:27:39+00:00
CVE-2026-15777,updated,2026-07-29,cve_2026_to_now,2026-07-30T09:27:39+00:00
CVE-2026-15831,added,,cve_2026_to_now,2026-07-30T09:27:39+00:00
CVE-2026-15929,added,,cve_2026_to_now,2026-07-30T09:27:39+00:00
CVE-2026-15975,added,,cve_2026_to_now,2026-07-30T09:27:39+00:00
CVE-2026-15992,updated,2026-07-29,cve_2026_to_now,2026-07-30T09:27:39+00:00
CVE-2026-16092,added,,cve_2026_to_now,2026-07-30T09:27:39+00:00
CVE-2026-16107,updated,2026-07-29,cve_2026_to_now,2026-07-30T09:27:39+00:00
CVE-2026-16118,updated,2026-07-29,cve_2026_to_now,2026-07-30T09:27:39+00:00
CVE-2026-16184,updated,2026-07-29,cve_2026_to_now,2026-07-30T09:27:39+00:00
CVE-2026-16192,updated,2026-07-29,cve_2026_to_now,2026-07-30T09:27:39+00:00
CVE-2026-16242,updated,2026-07-30,cve_2026_to_now,2026-07-30T09:27:39+00:00
CVE-2026-16326,added,,cve_2026_to_now,2026-07-30T09:27:39+00:00
CVE-2026-16328,added,,cve_2026_to_now,2026-07-30T09:27:39+00:00
CVE-2026-16347,updated,2026-07-29,cve_2026_to_now,2026-07-30T09:27:39+00:00
CVE-2026-16463,added,2026-07-30,cve_2026_to_now,2026-07-30T09:27:39+00:00
CVE-2026-16465,added,,cve_2026_to_now,2026-07-30T09:27:39+00:00
CVE-2026-16524,added,,cve_2026_to_now,2026-07-30T09:27:39+00:00
CVE-2026-16526,added,,cve_2026_to_now,2026-07-30T09:27:39+00:00
CVE-2026-16527,added,,cve_2026_to_now,2026-07-30T09:27:39+00:00
CVE-2026-16529,added,,cve_2026_to_now,2026-07-30T09:27:39+00:00
CVE-2026-16530,added,,cve_2026_to_now,2026-07-30T09:27:39+00:00
CVE-2026-16531,added,,cve_2026_to_now,2026-07-30T09:27:39+00:00
CVE-2026-16543,added,,cve_2026_to_now,2026-07-30T09:27:39+00:00
CVE-2026-16553,added,,cve_2026_to_now,2026-07-30T09:27:39+00:00
CVE-2026-16581,updated,2026-07-29,cve_2026_to_now,2026-07-30T09:27:39+00:00
CVE-2026-16597,added,,cve_2026_to_now,2026-07-30T09:27:39+00:00
CVE-2026-16610,added,,cve_2026_to_now,2026-07-30T09:27:39+00:00
CVE-2026-16655,added,,cve_2026_to_now,2026-07-30T09:27:39+00:00
CVE-2026-16727,added,,cve_2026_to_now,2026-07-30T09:27:39+00:00
CVE-2026-16728,added,,cve_2026_to_now,2026-07-30T09:27:39+00:00
CVE-2026-16729,added,,cve_2026_to_now,2026-07-30T09:27:39+00:00
CVE-2026-16751,added,,cve_2026_to_now,2026-07-30T09:27:39+00:00
CVE-2026-17107,updated,2026-07-30,cve_2026_to_now,2026-07-30T09:27:39+00:00
CVE-2026-17161,updated,,cve_2026_to_now,2026-07-30T09:27:39+00:00
CVE-2026-17162,updated,,cve_2026_to_now,2026-07-30T09:27:39+00:00
CVE-2026-17166,updated,,cve_2026_to_now,2026-07-30T09:27:39+00:00
CVE-2026-17523,updated,2026-07-29,cve_2026_to_now,2026-07-30T09:27:39+00:00
CVE-2026-17550,added,,cve_2026_to_now,2026-07-30T09:27:39+00:00
CVE-2026-17650,added,,cve_2026_to_now,2026-07-30T09:27:39+00:00
CVE-2026-17651,added,,cve_2026_to_now,2026-07-30T09:27:39+00:00
CVE-2026-17652,added,,cve_2026_to_now,2026-07-30T09:27:39+00:00
CVE-2026-17653,added,,cve_2026_to_now,2026-07-30T09:27:39+00:00
CVE-2026-17654,added,,cve_2026_to_now,2026-07-30T09:27:39+00:00
CVE-2026-17655,added,,cve_2026_to_now,2026-07-30T09:27:39+00:00
CVE-2026-17656,added,,cve_2026_to_now,2026-07-30T09:27:39+00:00
CVE-2026-17657,added,,cve_2026_to_now,2026-07-30T09:27:39+00:00
CVE-2026-17658,added,,cve_2026_to_now,2026-07-30T09:27:39+00:00
CVE-2026-17659,added,,cve_2026_to_now,2026-07-30T09:27:39+00:00
CVE-2026-17660,added,,cve_2026_to_now,2026-07-30T09:27:39+00:00
CVE-2026-17661,added,,cve_2026_to_now,2026-07-30T09:27:39+00:00
CVE-2026-17662,added,,cve_2026_to_now,2026-07-30T09:27:39+00:00
CVE-2026-17663,added,,cve_2026_to_now,2026-07-30T09:27:39+00:00
CVE-2026-17664,added,,cve_2026_to_now,2026-07-30T09:27:39+00:00
CVE-2026-17665,added,,cve_2026_to_now,2026-07-30T09:27:39+00:00
CVE-2026-17666,added,,cve_2026_to_now,2026-07-30T09:27:39+00:00
CVE-2026-17667,added,,cve_2026_to_now,2026-07-30T09:27:39+00:00
CVE-2026-17668,added,,cve_2026_to_now,2026-07-30T09:27:39+00:00
CVE-2026-17669,added,,cve_2026_to_now,2026-07-30T09:27:39+00:00
CVE-2026-17670,added,,cve_2026_to_now,2026-07-30T09:27:39+00:00
CVE-2026-17671,added,,cve_2026_to_now,2026-07-30T09:27:39+00:00
CVE-2026-17672,added,,cve_2026_to_now,2026-07-30T09:27:39+00:00
CVE-2026-17673,added,,cve_2026_to_now,2026-07-30T09:27:39+00:00
CVE-2026-17674,added,,cve_2026_to_now,2026-07-30T09:27:39+00:00
CVE-2026-17675,added,,cve_2026_to_now,2026-07-30T09:27:39+00:00
CVE-2026-17676,added,,cve_2026_to_now,2026-07-30T09:27:39+00:00
CVE-2026-17677,added,,cve_2026_to_now,2026-07-30T09:27:39+00:00
CVE-2026-17678,added,,cve_2026_to_now,2026-07-30T09:27:39+00:00
CVE-2026-17679,added,,cve_2026_to_now,2026-07-30T09:27:39+00:00
CVE-2026-17680,added,,cve_2026_to_now,2026-07-30T09:27:39+00:00
CVE-2026-17681,added,,cve_2026_to_now,2026-07-30T09:27:39+00:00
CVE-2026-17682,added,,cve_2026_to_now,2026-07-30T09:27:39+00:00
CVE-2026-17683,added,,cve_2026_to_now,2026-07-30T09:27:39+00:00
CVE-2026-17684,added,,cve_2026_to_now,2026-07-30T09:27:39+00:00
CVE-2026-17685,added,,cve_2026_to_now,2026-07-30T09:27:39+00:00
CVE-2026-17686,added,,cve_2026_to_now,2026-07-30T09:27:39+00:00
CVE-2026-17687,added,,cve_2026_to_now,2026-07-30T09:27:39+00:00
CVE-2026-17688,added,,cve_2026_to_now,2026-07-30T09:27:39+00:00
CVE-2026-17689,added,,cve_2026_to_now,2026-07-30T09:27:39+00:00
CVE-2026-17690,added,,cve_2026_to_now,2026-07-30T09:27:39+00:00
CVE-2026-17691,added,,cve_2026_to_now,2026-07-30T09:27:39+00:00
CVE-2026-17692,added,,cve_2026_to_now,2026-07-30T09:27:39+00:00
CVE-2026-17693,added,,cve_2026_to_now,2026-07-30T09:27:39+00:00
CVE-2026-17694,added,,cve_2026_to_now,2026-07-30T09:27:39+00:00
CVE-2026-17695,added,,cve_2026_to_now,2026-07-30T09:27:39+00:00
CVE-2026-17696,added,,cve_2026_to_now,2026-07-30T09:27:39+00:00
CVE-2026-17697,added,,cve_2026_to_now,2026-07-30T09:27:39+00:00
CVE-2026-17698,added,,cve_2026_to_now,2026-07-30T09:27:39+00:00
CVE-2026-17699,added,,cve_2026_to_now,2026-07-30T09:27:39+00:00
CVE-2026-17700,added,,cve_2026_to_now,2026-07-30T09:27:39+00:00
CVE-2026-17701,added,,cve_2026_to_now,2026-07-30T09:27:39+00:00
CVE-2026-17702,added,,cve_2026_to_now,2026-07-30T09:27:39+00:00
CVE-2026-17703,added,,cve_2026_to_now,2026-07-30T09:27:39+00:00
CVE-2026-17704,added,,cve_2026_to_now,2026-07-30T09:27:39+00:00
CVE-2026-17705,added,,cve_2026_to_now,2026-07-30T09:27:39+00:00
CVE-2026-17706,added,,cve_2026_to_now,2026-07-30T09:27:39+00:00
CVE-2026-17707,added,,cve_2026_to_now,2026-07-30T09:27:39+00:00
CVE-2026-17708,added,,cve_2026_to_now,2026-07-30T09:27:39+00:00
CVE-2026-17709,added,,cve_2026_to_now,2026-07-30T09:27:39+00:00
CVE-2026-17710,added,,cve_2026_to_now,2026-07-30T09:27:39+00:00
CVE-2026-17711,added,,cve_2026_to_now,2026-07-30T09:27:39+00:00
CVE-2026-17712,added,,cve_2026_to_now,2026-07-30T09:27:39+00:00
CVE-2026-17713,added,,cve_2026_to_now,2026-07-30T09:27:39+00:00
CVE-2026-17714,added,,cve_2026_to_now,2026-07-30T09:27:39+00:00
CVE-2026-17715,added,,cve_2026_to_now,2026-07-30T09:27:39+00:00
CVE-2026-17716,added,,cve_2026_to_now,2026-07-30T09:27:39+00:00
CVE-2026-17717,added,,cve_2026_to_now,2026-07-30T09:27:39+00:00
CVE-2026-17718,added,,cve_2026_to_now,2026-07-30T09:27:39+00:00
CVE-2026-17719,added,,cve_2026_to_now,2026-07-30T09:27:39+00:00
CVE-2026-17720,added,,cve_2026_to_now,2026-07-30T09:27:39+00:00
CVE-2026-17721,added,,cve_2026_to_now,2026-07-30T09:27:39+00:00
CVE-2026-17722,added,,cve_2026_to_now,2026-07-30T09:27:39+00:00
CVE-2026-17723,added,,cve_2026_to_now,2026-07-30T09:27:39+00:00
CVE-2026-17724,added,,cve_2026_to_now,2026-07-30T09:27:39+00:00
CVE-2026-17725,added,,cve_2026_to_now,2026-07-30T09:27:39+00:00
CVE-2026-17726,added,,cve_2026_to_now,2026-07-30T09:27:39+00:00
CVE-2026-17727,added,,cve_2026_to_now,2026-07-30T09:27:39+00:00
CVE-2026-17728,added,,cve_2026_to_now,2026-07-30T09:27:39+00:00
CVE-2026-17729,added,,cve_2026_to_now,2026-07-30T09:27:39+00:00
CVE-2026-17730,added,,cve_2026_to_now,2026-07-30T09:27:39+00:00
CVE-2026-17731,added,,cve_2026_to_now,2026-07-30T09:27:39+00:00
CVE-2026-17732,added,,cve_2026_to_now,2026-07-30T09:27:39+00:00
CVE-2026-17733,added,,cve_2026_to_now,2026-07-30T09:27:39+00:00
CVE-2026-17734,added,,cve_2026_to_now,2026-07-30T09:27:39+00:00
CVE-2026-17735,added,,cve_2026_to_now,2026-07-30T09:27:39+00:00
CVE-2026-17736,added,,cve_2026_to_now,2026-07-30T09:27:39+00:00
CVE-2026-17737,added,,cve_2026_to_now,2026-07-30T09:27:39+00:00
CVE-2026-17738,added,,cve_2026_to_now,2026-07-30T09:27:39+00:00
CVE-2026-17739,added,,cve_2026_to_now,2026-07-30T09:27:39+00:00
CVE-2026-17740,added,,cve_2026_to_now,2026-07-30T09:27:39+00:00
CVE-2026-17741,added,,cve_2026_to_now,2026-07-30T09:27:39+00:00
CVE-2026-17742,added,,cve_2026_to_now,2026-07-30T09:27:39+00:00
CVE-2026-17743,added,,cve_2026_to_now,2026-07-30T09:27:39+00:00
CVE-2026-17744,added,,cve_2026_to_now,2026-07-30T09:27:39+00:00
CVE-2026-17745,added,,cve_2026_to_now,2026-07-30T09:27:39+00:00
CVE-2026-17746,added,,cve_2026_to_now,2026-07-30T09:27:39+00:00
CVE-2026-17747,added,,cve_2026_to_now,2026-07-30T09:27:39+00:00
CVE-2026-17748,added,,cve_2026_to_now,2026-07-30T09:27:39+00:00
CVE-2026-17749,added,,cve_2026_to_now,2026-07-30T09:27:39+00:00
CVE-2026-17750,added,,cve_2026_to_now,2026-07-30T09:27:39+00:00
CVE-2026-17751,added,,cve_2026_to_now,2026-07-30T09:27:39+00:00
CVE-2026-17752,added,,cve_2026_to_now,2026-07-30T09:27:39+00:00
CVE-2026-17753,added,,cve_2026_to_now,2026-07-30T09:27:39+00:00
CVE-2026-17754,added,,cve_2026_to_now,2026-07-30T09:27:39+00:00
CVE-2026-17755,added,,cve_2026_to_now,2026-07-30T09:27:39+00:00
CVE-2026-17756,added,,cve_2026_to_now,2026-07-30T09:27:39+00:00
CVE-2026-17757,added,,cve_2026_to_now,2026-07-30T09:27:39+00:00
CVE-2026-17758,added,,cve_2026_to_now,2026-07-30T09:27:39+00:00
CVE-2026-17759,added,,cve_2026_to_now,2026-07-30T09:27:39+00:00
CVE-2026-17760,added,,cve_2026_to_now,2026-07-30T09:27:39+00:00
CVE-2026-17761,added,,cve_2026_to_now,2026-07-30T09:27:39+00:00
CVE-2026-17762,added,,cve_2026_to_now,2026-07-30T09:27:39+00:00
CVE-2026-17763,added,,cve_2026_to_now,2026-07-30T09:27:39+00:00
CVE-2026-17764,added,,cve_2026_to_now,2026-07-30T09:27:39+00:00
CVE-2026-17765,added,,cve_2026_to_now,2026-07-30T09:27:39+00:00
CVE-2026-17766,added,,cve_2026_to_now,2026-07-30T09:27:39+00:00
CVE-2026-17767,added,,cve_2026_to_now,2026-07-30T09:27:39+00:00
CVE-2026-17768,added,,cve_2026_to_now,2026-07-30T09:27:39+00:00
CVE-2026-17769,added,,cve_2026_to_now,2026-07-30T09:27:39+00:00
CVE-2026-17770,added,,cve_2026_to_now,2026-07-30T09:27:39+00:00
CVE-2026-17771,added,,cve_2026_to_now,2026-07-30T09:27:39+00:00
CVE-2026-17772,added,,cve_2026_to_now,2026-07-30T09:27:39+00:00
CVE-2026-17773,added,,cve_2026_to_now,2026-07-30T09:27:39+00:00
CVE-2026-17774,added,,cve_2026_to_now,2026-07-30T09:27:39+00:00
CVE-2026-17775,added,,cve_2026_to_now,2026-07-30T09:27:39+00:00
CVE-2026-17776,added,,cve_2026_to_now,2026-07-30T09:27:39+00:00
CVE-2026-17777,added,,cve_2026_to_now,2026-07-30T09:27:39+00:00
CVE-2026-17778,added,,cve_2026_to_now,2026-07-30T09:27:39+00:00
CVE-2026-17779,added,,cve_2026_to_now,2026-07-30T09:27:39+00:00
CVE-2026-17780,added,,cve_2026_to_now,2026-07-30T09:27:39+00:00
CVE-2026-17781,added,,cve_2026_to_now,2026-07-30T09:27:39+00:00
CVE-2026-17782,added,,cve_2026_to_now,2026-07-30T09:27:39+00:00
CVE-2026-17783,added,,cve_2026_to_now,2026-07-30T09:27:39+00:00
CVE-2026-17784,added,,cve_2026_to_now,2026-07-30T09:27:39+00:00
CVE-2026-17785,added,,cve_2026_to_now,2026-07-30T09:27:39+00:00
CVE-2026-17786,added,,cve_2026_to_now,2026-07-30T09:27:39+00:00
CVE-2026-17787,added,,cve_2026_to_now,2026-07-30T09:27:39+00:00
CVE-2026-17788,added,,cve_2026_to_now,2026-07-30T09:27:39+00:00
CVE-2026-17789,added,,cve_2026_to_now,2026-07-30T09:27:39+00:00
CVE-2026-17790,added,,cve_2026_to_now,2026-07-30T09:27:39+00:00
CVE-2026-17791,added,,cve_2026_to_now,2026-07-30T09:27:39+00:00
CVE-2026-17792,added,,cve_2026_to_now,2026-07-30T09:27:39+00:00
CVE-2026-17793,added,,cve_2026_to_now,2026-07-30T09:27:39+00:00
CVE-2026-17794,added,,cve_2026_to_now,2026-07-30T09:27:39+00:00
CVE-2026-17795,added,,cve_2026_to_now,2026-07-30T09:27:39+00:00
CVE-2026-17796,added,,cve_2026_to_now,2026-07-30T09:27:39+00:00
CVE-2026-17797,added,,cve_2026_to_now,2026-07-30T09:27:39+00:00
CVE-2026-17798,added,,cve_2026_to_now,2026-07-30T09:27:39+00:00
CVE-2026-17799,added,,cve_2026_to_now,2026-07-30T09:27:39+00:00
CVE-2026-17800,added,,cve_2026_to_now,2026-07-30T09:27:39+00:00
CVE-2026-17801,added,,cve_2026_to_now,2026-07-30T09:27:39+00:00
CVE-2026-17802,added,,cve_2026_to_now,2026-07-30T09:27:39+00:00
CVE-2026-17803,added,,cve_2026_to_now,2026-07-30T09:27:39+00:00
CVE-2026-17804,added,,cve_2026_to_now,2026-07-30T09:27:39+00:00
CVE-2026-17805,added,,cve_2026_to_now,2026-07-30T09:27:39+00:00
CVE-2026-17806,added,,cve_2026_to_now,2026-07-30T09:27:39+00:00
CVE-2026-17807,added,,cve_2026_to_now,2026-07-30T09:27:39+00:00
CVE-2026-17808,added,,cve_2026_to_now,2026-07-30T09:27:39+00:00
CVE-2026-17809,added,,cve_2026_to_now,2026-07-30T09:27:39+00:00
CVE-2026-17810,added,,cve_2026_to_now,2026-07-30T09:27:39+00:00
CVE-2026-17811,added,,cve_2026_to_now,2026-07-30T09:27:39+00:00
CVE-2026-17812,added,,cve_2026_to_now,2026-07-30T09:27:39+00:00
CVE-2026-17813,added,,cve_2026_to_now,2026-07-30T09:27:39+00:00
CVE-2026-17814,added,,cve_2026_to_now,2026-07-30T09:27:39+00:00
CVE-2026-17815,added,,cve_2026_to_now,2026-07-30T09:27:39+00:00
CVE-2026-17816,added,,cve_2026_to_now,2026-07-30T09:27:39+00:00
CVE-2026-17817,added,,cve_2026_to_now,2026-07-30T09:27:39+00:00
CVE-2026-17818,added,,cve_2026_to_now,2026-07-30T09:27:39+00:00
CVE-2026-17819,added,,cve_2026_to_now,2026-07-30T09:27:39+00:00
CVE-2026-17820,added,,cve_2026_to_now,2026-07-30T09:27:39+00:00
CVE-2026-17821,added,,cve_2026_to_now,2026-07-30T09:27:39+00:00
CVE-2026-17822,added,,cve_2026_to_now,2026-07-30T09:27:39+00:00
CVE-2026-17823,added,,cve_2026_to_now,2026-07-30T09:27:39+00:00
CVE-2026-17824,added,,cve_2026_to_now,2026-07-30T09:27:39+00:00
CVE-2026-17825,added,,cve_2026_to_now,2026-07-30T09:27:39+00:00
CVE-2026-17826,added,,cve_2026_to_now,2026-07-30T09:27:39+00:00
CVE-2026-17827,added,,cve_2026_to_now,2026-07-30T09:27:39+00:00
CVE-2026-17828,added,,cve_2026_to_now,2026-07-30T09:27:39+00:00
CVE-2026-17829,added,,cve_2026_to_now,2026-07-30T09:27:39+00:00
CVE-2026-17830,added,,cve_2026_to_now,2026-07-30T09:27:39+00:00
CVE-2026-17831,added,,cve_2026_to_now,2026-07-30T09:27:39+00:00
CVE-2026-17832,added,,cve_2026_to_now,2026-07-30T09:27:39+00:00
CVE-2026-17833,added,,cve_2026_to_now,2026-07-30T09:27:39+00:00
CVE-2026-17834,added,,cve_2026_to_now,2026-07-30T09:27:39+00:00
CVE-2026-17835,added,,cve_2026_to_now,2026-07-30T09:27:39+00:00
CVE-2026-17836,added,,cve_2026_to_now,2026-07-30T09:27:39+00:00
CVE-2026-17837,added,,cve_2026_to_now,2026-07-30T09:27:39+00:00
CVE-2026-17838,added,,cve_2026_to_now,2026-07-30T09:27:39+00:00
CVE-2026-17839,added,,cve_2026_to_now,2026-07-30T09:27:39+00:00
CVE-2026-17840,added,,cve_2026_to_now,2026-07-30T09:27:39+00:00
CVE-2026-17841,added,,cve_2026_to_now,2026-07-30T09:27:39+00:00
CVE-2026-17842,added,,cve_2026_to_now,2026-07-30T09:27:39+00:00
CVE-2026-17843,added,,cve_2026_to_now,2026-07-30T09:27:39+00:00
CVE-2026-17844,added,,cve_2026_to_now,2026-07-30T09:27:39+00:00
CVE-2026-17845,added,,cve_2026_to_now,2026-07-30T09:27:39+00:00
CVE-2026-17846,added,,cve_2026_to_now,2026-07-30T09:27:39+00:00
CVE-2026-17847,added,,cve_2026_to_now,2026-07-30T09:27:39+00:00
CVE-2026-17848,added,,cve_2026_to_now,2026-07-30T09:27:39+00:00
CVE-2026-17849,added,,cve_2026_to_now,2026-07-30T09:27:39+00:00
CVE-2026-17850,added,,cve_2026_to_now,2026-07-30T09:27:39+00:00
CVE-2026-17851,added,,cve_2026_to_now,2026-07-30T09:27:39+00:00
CVE-2026-17852,added,,cve_2026_to_now,2026-07-30T09:27:39+00:00
CVE-2026-17853,added,,cve_2026_to_now,2026-07-30T09:27:39+00:00
CVE-2026-17854,added,,cve_2026_to_now,2026-07-30T09:27:39+00:00
CVE-2026-17855,added,,cve_2026_to_now,2026-07-30T09:27:39+00:00
CVE-2026-17856,added,,cve_2026_to_now,2026-07-30T09:27:39+00:00
CVE-2026-17857,added,,cve_2026_to_now,2026-07-30T09:27:39+00:00
CVE-2026-17858,added,,cve_2026_to_now,2026-07-30T09:27:39+00:00
CVE-2026-17859,added,,cve_2026_to_now,2026-07-30T09:27:39+00:00
CVE-2026-17860,added,,cve_2026_to_now,2026-07-30T09:27:39+00:00
CVE-2026-17861,added,,cve_2026_to_now,2026-07-30T09:27:39+00:00
CVE-2026-17862,added,,cve_2026_to_now,2026-07-30T09:27:39+00:00
CVE-2026-17863,added,,cve_2026_to_now,2026-07-30T09:27:39+00:00
CVE-2026-17864,added,,cve_2026_to_now,2026-07-30T09:27:39+00:00
CVE-2026-17865,added,,cve_2026_to_now,2026-07-30T09:27:39+00:00
CVE-2026-17866,added,,cve_2026_to_now,2026-07-30T09:27:39+00:00
CVE-2026-17867,added,,cve_2026_to_now,2026-07-30T09:27:39+00:00
CVE-2026-17868,added,,cve_2026_to_now,2026-07-30T09:27:39+00:00
CVE-2026-17869,added,,cve_2026_to_now,2026-07-30T09:27:39+00:00
CVE-2026-17870,added,,cve_2026_to_now,2026-07-30T09:27:39+00:00
CVE-2026-17871,added,,cve_2026_to_now,2026-07-30T09:27:39+00:00
CVE-2026-17872,added,,cve_2026_to_now,2026-07-30T09:27:39+00:00
CVE-2026-17873,added,,cve_2026_to_now,2026-07-30T09:27:39+00:00
CVE-2026-17874,added,,cve_2026_to_now,2026-07-30T09:27:39+00:00
CVE-2026-17875,added,,cve_2026_to_now,2026-07-30T09:27:39+00:00
CVE-2026-17876,added,,cve_2026_to_now,2026-07-30T09:27:39+00:00
CVE-2026-17877,added,,cve_2026_to_now,2026-07-30T09:27:39+00:00
CVE-2026-17878,added,,cve_2026_to_now,2026-07-30T09:27:39+00:00
CVE-2026-17879,added,,cve_2026_to_now,2026-07-30T09:27:39+00:00
CVE-2026-17880,added,,cve_2026_to_now,2026-07-30T09:27:39+00:00
CVE-2026-17881,added,,cve_2026_to_now,2026-07-30T09:27:39+00:00
CVE-2026-17882,added,,cve_2026_to_now,2026-07-30T09:27:39+00:00
CVE-2026-17883,added,,cve_2026_to_now,2026-07-30T09:27:39+00:00
CVE-2026-17884,added,,cve_2026_to_now,2026-07-30T09:27:39+00:00
CVE-2026-17885,added,,cve_2026_to_now,2026-07-30T09:27:39+00:00
CVE-2026-17886,added,,cve_2026_to_now,2026-07-30T09:27:39+00:00
CVE-2026-17887,added,,cve_2026_to_now,2026-07-30T09:27:39+00:00
CVE-2026-17888,added,,cve_2026_to_now,2026-07-30T09:27:39+00:00
CVE-2026-17889,added,,cve_2026_to_now,2026-07-30T09:27:39+00:00
CVE-2026-17890,added,,cve_2026_to_now,2026-07-30T09:27:39+00:00
CVE-2026-17891,added,,cve_2026_to_now,2026-07-30T09:27:39+00:00
CVE-2026-17892,added,,cve_2026_to_now,2026-07-30T09:27:39+00:00
CVE-2026-17893,added,,cve_2026_to_now,2026-07-30T09:27:39+00:00
CVE-2026-17894,added,,cve_2026_to_now,2026-07-30T09:27:39+00:00
CVE-2026-17895,added,,cve_2026_to_now,2026-07-30T09:27:39+00:00
CVE-2026-17896,added,,cve_2026_to_now,2026-07-30T09:27:39+00:00
CVE-2026-17897,added,,cve_2026_to_now,2026-07-30T09:27:39+00:00
CVE-2026-17898,added,,cve_2026_to_now,2026-07-30T09:27:39+00:00
CVE-2026-17899,added,,cve_2026_to_now,2026-07-30T09:27:39+00:00
CVE-2026-17900,added,,cve_2026_to_now,2026-07-30T09:27:39+00:00
CVE-2026-17901,added,,cve_2026_to_now,2026-07-30T09:27:39+00:00
CVE-2026-17902,added,,cve_2026_to_now,2026-07-30T09:27:39+00:00
CVE-2026-17903,added,,cve_2026_to_now,2026-07-30T09:27:39+00:00
CVE-2026-17904,added,,cve_2026_to_now,2026-07-30T09:27:39+00:00
CVE-2026-17905,added,,cve_2026_to_now,2026-07-30T09:27:39+00:00
CVE-2026-17906,added,,cve_2026_to_now,2026-07-30T09:27:39+00:00
CVE-2026-17907,added,,cve_2026_to_now,2026-07-30T09:27:39+00:00
CVE-2026-17908,added,,cve_2026_to_now,2026-07-30T09:27:39+00:00
CVE-2026-17909,added,,cve_2026_to_now,2026-07-30T09:27:39+00:00
CVE-2026-17910,added,,cve_2026_to_now,2026-07-30T09:27:39+00:00
CVE-2026-17911,added,,cve_2026_to_now,2026-07-30T09:27:39+00:00
CVE-2026-17912,added,,cve_2026_to_now,2026-07-30T09:27:39+00:00
CVE-2026-17913,added,,cve_2026_to_now,2026-07-30T09:27:39+00:00
CVE-2026-17914,added,,cve_2026_to_now,2026-07-30T09:27:39+00:00
CVE-2026-17915,added,,cve_2026_to_now,2026-07-30T09:27:39+00:00
CVE-2026-17916,added,,cve_2026_to_now,2026-07-30T09:27:39+00:00
CVE-2026-17917,added,,cve_2026_to_now,2026-07-30T09:27:39+00:00
CVE-2026-17918,added,,cve_2026_to_now,2026-07-30T09:27:39+00:00
CVE-2026-17919,added,,cve_2026_to_now,2026-07-30T09:27:39+00:00
CVE-2026-17920,added,,cve_2026_to_now,2026-07-30T09:27:39+00:00
CVE-2026-17921,added,,cve_2026_to_now,2026-07-30T09:27:39+00:00
CVE-2026-17922,added,,cve_2026_to_now,2026-07-30T09:27:39+00:00
CVE-2026-17923,added,,cve_2026_to_now,2026-07-30T09:27:39+00:00
CVE-2026-17924,added,,cve_2026_to_now,2026-07-30T09:27:39+00:00
CVE-2026-17925,added,,cve_2026_to_now,2026-07-30T09:27:39+00:00
CVE-2026-17926,added,,cve_2026_to_now,2026-07-30T09:27:39+00:00
CVE-2026-17927,added,,cve_2026_to_now,2026-07-30T09:27:39+00:00
CVE-2026-17928,added,,cve_2026_to_now,2026-07-30T09:27:39+00:00
CVE-2026-17929,added,,cve_2026_to_now,2026-07-30T09:27:39+00:00
CVE-2026-17930,added,,cve_2026_to_now,2026-07-30T09:27:39+00:00
CVE-2026-17931,added,,cve_2026_to_now,2026-07-30T09:27:39+00:00
CVE-2026-17932,added,,cve_2026_to_now,2026-07-30T09:27:39+00:00
CVE-2026-17933,added,,cve_2026_to_now,2026-07-30T09:27:39+00:00
CVE-2026-17934,added,,cve_2026_to_now,2026-07-30T09:27:39+00:00
CVE-2026-17935,added,,cve_2026_to_now,2026-07-30T09:27:39+00:00
CVE-2026-17936,added,,cve_2026_to_now,2026-07-30T09:27:39+00:00
CVE-2026-17937,added,,cve_2026_to_now,2026-07-30T09:27:39+00:00
CVE-2026-17938,added,,cve_2026_to_now,2026-07-30T09:27:39+00:00
CVE-2026-17939,added,,cve_2026_to_now,2026-07-30T09:27:39+00:00
CVE-2026-17940,added,,cve_2026_to_now,2026-07-30T09:27:39+00:00
CVE-2026-17941,added,,cve_2026_to_now,2026-07-30T09:27:39+00:00
CVE-2026-17942,added,,cve_2026_to_now,2026-07-30T09:27:39+00:00
CVE-2026-17943,added,,cve_2026_to_now,2026-07-30T09:27:39+00:00
CVE-2026-17944,added,,cve_2026_to_now,2026-07-30T09:27:39+00:00
CVE-2026-17945,added,,cve_2026_to_now,2026-07-30T09:27:39+00:00
CVE-2026-17946,added,,cve_2026_to_now,2026-07-30T09:27:39+00:00
CVE-2026-17947,added,,cve_2026_to_now,2026-07-30T09:27:39+00:00
CVE-2026-17948,added,,cve_2026_to_now,2026-07-30T09:27:39+00:00
CVE-2026-17949,added,,cve_2026_to_now,2026-07-30T09:27:39+00:00
CVE-2026-17950,added,,cve_2026_to_now,2026-07-30T09:27:39+00:00
CVE-2026-17951,added,,cve_2026_to_now,2026-07-30T09:27:39+00:00
CVE-2026-17952,added,,cve_2026_to_now,2026-07-30T09:27:39+00:00
CVE-2026-17953,added,,cve_2026_to_now,2026-07-30T09:27:39+00:00
CVE-2026-17954,added,,cve_2026_to_now,2026-07-30T09:27:39+00:00
CVE-2026-17955,added,,cve_2026_to_now,2026-07-30T09:27:39+00:00
CVE-2026-17956,added,,cve_2026_to_now,2026-07-30T09:27:39+00:00
CVE-2026-17957,added,,cve_2026_to_now,2026-07-30T09:27:39+00:00
CVE-2026-17958,added,,cve_2026_to_now,2026-07-30T09:27:39+00:00
CVE-2026-17959,added,,cve_2026_to_now,2026-07-30T09:27:39+00:00
CVE-2026-17960,added,,cve_2026_to_now,2026-07-30T09:27:39+00:00
CVE-2026-17961,added,,cve_2026_to_now,2026-07-30T09:27:39+00:00
CVE-2026-17962,added,,cve_2026_to_now,2026-07-30T09:27:39+00:00
CVE-2026-17963,added,,cve_2026_to_now,2026-07-30T09:27:39+00:00
CVE-2026-17964,added,,cve_2026_to_now,2026-07-30T09:27:39+00:00
CVE-2026-17965,added,,cve_2026_to_now,2026-07-30T09:27:39+00:00
CVE-2026-17966,added,,cve_2026_to_now,2026-07-30T09:27:39+00:00
CVE-2026-17967,added,,cve_2026_to_now,2026-07-30T09:27:39+00:00
CVE-2026-17968,added,,cve_2026_to_now,2026-07-30T09:27:39+00:00
CVE-2026-17969,added,,cve_2026_to_now,2026-07-30T09:27:39+00:00
CVE-2026-17970,added,,cve_2026_to_now,2026-07-30T09:27:39+00:00
CVE-2026-17971,added,,cve_2026_to_now,2026-07-30T09:27:39+00:00
CVE-2026-17972,added,,cve_2026_to_now,2026-07-30T09:27:39+00:00
CVE-2026-17973,added,,cve_2026_to_now,2026-07-30T09:27:39+00:00
CVE-2026-17974,added,,cve_2026_to_now,2026-07-30T09:27:39+00:00
CVE-2026-17975,added,,cve_2026_to_now,2026-07-30T09:27:39+00:00
CVE-2026-17976,added,,cve_2026_to_now,2026-07-30T09:27:39+00:00
CVE-2026-17977,added,,cve_2026_to_now,2026-07-30T09:27:39+00:00
CVE-2026-17978,added,,cve_2026_to_now,2026-07-30T09:27:39+00:00
CVE-2026-17979,added,,cve_2026_to_now,2026-07-30T09:27:39+00:00
CVE-2026-17980,added,,cve_2026_to_now,2026-07-30T09:27:39+00:00
CVE-2026-17981,added,,cve_2026_to_now,2026-07-30T09:27:39+00:00
CVE-2026-17982,added,,cve_2026_to_now,2026-07-30T09:27:39+00:00
CVE-2026-17983,added,,cve_2026_to_now,2026-07-30T09:27:39+00:00
CVE-2026-17984,added,,cve_2026_to_now,2026-07-30T09:27:39+00:00
CVE-2026-17985,added,,cve_2026_to_now,2026-07-30T09:27:39+00:00
CVE-2026-17986,added,,cve_2026_to_now,2026-07-30T09:27:39+00:00
CVE-2026-17987,added,,cve_2026_to_now,2026-07-30T09:27:39+00:00
CVE-2026-17988,added,,cve_2026_to_now,2026-07-30T09:27:39+00:00
CVE-2026-17989,added,,cve_2026_to_now,2026-07-30T09:27:39+00:00
CVE-2026-17990,added,,cve_2026_to_now,2026-07-30T09:27:39+00:00
CVE-2026-17991,added,,cve_2026_to_now,2026-07-30T09:27:39+00:00
CVE-2026-17992,added,,cve_2026_to_now,2026-07-30T09:27:39+00:00
CVE-2026-17993,added,,cve_2026_to_now,2026-07-30T09:27:39+00:00
CVE-2026-17994,added,,cve_2026_to_now,2026-07-30T09:27:39+00:00
CVE-2026-17995,added,,cve_2026_to_now,2026-07-30T09:27:39+00:00
CVE-2026-17996,added,,cve_2026_to_now,2026-07-30T09:27:39+00:00
CVE-2026-17997,added,,cve_2026_to_now,2026-07-30T09:27:39+00:00
CVE-2026-17998,added,,cve_2026_to_now,2026-07-30T09:27:39+00:00
CVE-2026-17999,added,,cve_2026_to_now,2026-07-30T09:27:39+00:00
CVE-2026-18000,added,,cve_2026_to_now,2026-07-30T09:27:39+00:00
CVE-2026-18001,added,,cve_2026_to_now,2026-07-30T09:27:39+00:00
CVE-2026-18002,added,,cve_2026_to_now,2026-07-30T09:27:39+00:00
CVE-2026-18003,added,,cve_2026_to_now,2026-07-30T09:27:39+00:00
CVE-2026-18004,added,,cve_2026_to_now,2026-07-30T09:27:39+00:00
CVE-2026-18005,added,,cve_2026_to_now,2026-07-30T09:27:39+00:00
CVE-2026-18006,added,,cve_2026_to_now,2026-07-30T09:27:39+00:00
CVE-2026-18007,added,,cve_2026_to_now,2026-07-30T09:27:39+00:00
CVE-2026-18008,added,,cve_2026_to_now,2026-07-30T09:27:39+00:00
CVE-2026-18009,added,,cve_2026_to_now,2026-07-30T09:27:39+00:00
CVE-2026-18010,added,,cve_2026_to_now,2026-07-30T09:27:39+00:00
CVE-2026-18011,added,,cve_2026_to_now,2026-07-30T09:27:39+00:00
CVE-2026-18012,added,,cve_2026_to_now,2026-07-30T09:27:39+00:00
CVE-2026-18013,added,,cve_2026_to_now,2026-07-30T09:27:39+00:00
CVE-2026-18014,added,,cve_2026_to_now,2026-07-30T09:27:39+00:00
CVE-2026-18015,added,,cve_2026_to_now,2026-07-30T09:27:39+00:00
CVE-2026-18016,added,,cve_2026_to_now,2026-07-30T09:27:39+00:00
CVE-2026-18017,added,,cve_2026_to_now,2026-07-30T09:27:39+00:00
CVE-2026-18018,added,,cve_2026_to_now,2026-07-30T09:27:39+00:00
CVE-2026-18019,added,,cve_2026_to_now,2026-07-30T09:27:39+00:00
CVE-2026-18022,added,,cve_2026_to_now,2026-07-30T09:27:39+00:00
CVE-2026-18072,updated,,cve_2026_to_now,2026-07-30T09:27:39+00:00
CVE-2026-18107,updated,2026-07-29,cve_2026_to_now,2026-07-30T09:27:39+00:00
CVE-2026-18174,added,,cve_2026_to_now,2026-07-30T09:27:39+00:00
CVE-2026-18186,added,,cve_2026_to_now,2026-07-30T09:27:39+00:00
CVE-2026-18187,added,,cve_2026_to_now,2026-07-30T09:27:39+00:00
CVE-2026-18188,added,,cve_2026_to_now,2026-07-30T09:27:39+00:00
CVE-2026-18191,updated,,cve_2026_to_now,2026-07-30T09:27:39+00:00
CVE-2026-18192,updated,,cve_2026_to_now,2026-07-30T09:27:39+00:00
CVE-2026-18197,updated,,cve_2026_to_now,2026-07-30T09:27:39+00:00
CVE-2026-18201,updated,,cve_2026_to_now,2026-07-30T09:27:39+00:00
CVE-2026-18207,updated,,cve_2026_to_now,2026-07-30T09:27:39+00:00
CVE-2026-18220,added,,cve_2026_to_now,2026-07-30T09:27:39+00:00
CVE-2026-18236,added,,cve_2026_to_now,2026-07-30T09:27:39+00:00
CVE-2026-18255,added,,cve_2026_to_now,2026-07-30T09:27:39+00:00
CVE-2026-18257,added,,cve_2026_to_now,2026-07-30T09:27:39+00:00
CVE-2026-18266,added,,cve_2026_to_now,2026-07-30T09:27:39+00:00
CVE-2026-18353,added,,cve_2026_to_now,2026-07-30T09:27:39+00:00
CVE-2026-20079,updated,2026-07-29,cve_2026_to_now,2026-07-30T09:27:39+00:00
CVE-2026-20316,added,2026-07-30,cve_2026_to_now,2026-07-30T09:27:39+00:00
CVE-2026-21047,updated,2026-07-29,cve_2026_to_now,2026-07-30T09:27:39+00:00
CVE-2026-21639,updated,2026-07-30,cve_2026_to_now,2026-07-30T09:27:39+00:00
CVE-2026-21720,updated,2026-07-29,cve_2026_to_now,2026-07-30T09:27:39+00:00
CVE-2026-21721,updated,2026-07-29,cve_2026_to_now,2026-07-30T09:27:39+00:00
CVE-2026-21722,updated,2026-07-29,cve_2026_to_now,2026-07-30T09:27:39+00:00
CVE-2026-21723,updated,2026-07-29,cve_2026_to_now,2026-07-30T09:27:39+00:00
CVE-2026-21724,updated,2026-07-29,cve_2026_to_now,2026-07-30T09:27:39+00:00
CVE-2026-21725,updated,2026-07-29,cve_2026_to_now,2026-07-30T09:27:39+00:00
CVE-2026-21726,updated,2026-07-29,cve_2026_to_now,2026-07-30T09:27:39+00:00
CVE-2026-21727,updated,2026-07-29,cve_2026_to_now,2026-07-30T09:27:39+00:00
CVE-2026-21728,updated,2026-07-29,cve_2026_to_now,2026-07-30T09:27:39+00:00
CVE-2026-21729,updated,2026-07-29,cve_2026_to_now,2026-07-30T09:27:39+00:00
CVE-2026-22068,updated,,cve_2026_to_now,2026-07-30T09:27:39+00:00
CVE-2026-23904,updated,,cve_2026_to_now,2026-07-30T09:27:39+00:00
CVE-2026-24033,updated,,cve_2026_to_now,2026-07-30T09:27:39+00:00
CVE-2026-24049,updated,2026-07-29,cve_2026_to_now,2026-07-30T09:27:39+00:00
CVE-2026-27145,updated,2026-07-29,cve_2026_to_now,2026-07-30T09:27:39+00:00
CVE-2026-27876,updated,2026-07-29,cve_2026_to_now,2026-07-30T09:27:39+00:00
CVE-2026-27877,updated,2026-07-29,cve_2026_to_now,2026-07-30T09:27:39+00:00
CVE-2026-27878,updated,2026-07-29,cve_2026_to_now,2026-07-30T09:27:39+00:00
CVE-2026-27879,updated,2026-07-29,cve_2026_to_now,2026-07-30T09:27:39+00:00
CVE-2026-27880,updated,2026-07-29,cve_2026_to_now,2026-07-30T09:27:39+00:00
CVE-2026-28374,updated,2026-07-29,cve_2026_to_now,2026-07-30T09:27:39+00:00
CVE-2026-28375,updated,2026-07-29,cve_2026_to_now,2026-07-30T09:27:39+00:00
CVE-2026-28376,updated,2026-07-29,cve_2026_to_now,2026-07-30T09:27:39+00:00
CVE-2026-28377,updated,2026-07-29,cve_2026_to_now,2026-07-30T09:27:39+00:00
CVE-2026-28378,updated,2026-07-29,cve_2026_to_now,2026-07-30T09:27:39+00:00
CVE-2026-28379,updated,2026-07-29,cve_2026_to_now,2026-07-30T09:27:39+00:00
CVE-2026-28380,updated,2026-07-29,cve_2026_to_now,2026-07-30T09:27:39+00:00
CVE-2026-28383,updated,2026-07-29,cve_2026_to_now,2026-07-30T09:27:39+00:00
CVE-2026-29181,updated,2026-07-29,cve_2026_to_now,2026-07-30T09:27:39+00:00
CVE-2026-32280,updated,2026-07-29,cve_2026_to_now,2026-07-30T09:27:39+00:00
CVE-2026-32283,updated,2026-07-29,cve_2026_to_now,2026-07-30T09:27:39+00:00
CVE-2026-32590,updated,2026-07-29,cve_2026_to_now,2026-07-30T09:27:39+00:00
CVE-2026-32591,updated,2026-07-29,cve_2026_to_now,2026-07-30T09:27:39+00:00
CVE-2026-33186,updated,2026-07-29,cve_2026_to_now,2026-07-30T09:27:39+00:00
CVE-2026-33267,updated,2026-07-30,cve_2026_to_now,2026-07-30T09:27:39+00:00
CVE-2026-33375,updated,2026-07-29,cve_2026_to_now,2026-07-30T09:27:39+00:00
CVE-2026-33376,updated,2026-07-29,cve_2026_to_now,2026-07-30T09:27:39+00:00
CVE-2026-33377,updated,2026-07-29,cve_2026_to_now,2026-07-30T09:27:39+00:00
CVE-2026-33378,updated,2026-07-29,cve_2026_to_now,2026-07-30T09:27:39+00:00
CVE-2026-33380,updated,2026-07-29,cve_2026_to_now,2026-07-30T09:27:39+00:00
CVE-2026-33381,updated,2026-07-29,cve_2026_to_now,2026-07-30T09:27:39+00:00
CVE-2026-33382,updated,2026-07-29,cve_2026_to_now,2026-07-30T09:27:39+00:00
CVE-2026-33385,added,,cve_2026_to_now,2026-07-30T09:27:39+00:00
CVE-2026-33810,updated,2026-07-29,cve_2026_to_now,2026-07-30T09:27:39+00:00
CVE-2026-33811,updated,2026-07-29,cve_2026_to_now,2026-07-30T09:27:39+00:00
CVE-2026-33815,updated,2026-07-29,cve_2026_to_now,2026-07-30T09:27:39+00:00
CVE-2026-33816,updated,2026-07-29,cve_2026_to_now,2026-07-30T09:27:39+00:00
CVE-2026-33930,updated,,cve_2026_to_now,2026-07-30T09:27:39+00:00
CVE-2026-34986,updated,2026-07-29,cve_2026_to_now,2026-07-30T09:27:39+00:00
CVE-2026-35226,updated,,cve_2026_to_now,2026-07-30T09:27:39+00:00
CVE-2026-35425,updated,2026-07-29,cve_2026_to_now,2026-07-30T09:27:39+00:00
CVE-2026-35469,updated,2026-07-29,cve_2026_to_now,2026-07-30T09:27:39+00:00
CVE-2026-39820,updated,2026-07-29,cve_2026_to_now,2026-07-30T09:27:39+00:00
CVE-2026-39821,updated,2026-07-29,cve_2026_to_now,2026-07-30T09:27:39+00:00
CVE-2026-39828,updated,2026-07-29,cve_2026_to_now,2026-07-30T09:27:39+00:00
CVE-2026-39829,updated,2026-07-29,cve_2026_to_now,2026-07-30T09:27:39+00:00
CVE-2026-39830,updated,2026-07-29,cve_2026_to_now,2026-07-30T09:27:39+00:00
CVE-2026-39835,updated,2026-07-29,cve_2026_to_now,2026-07-30T09:27:39+00:00
CVE-2026-39892,updated,2026-07-29,cve_2026_to_now,2026-07-30T09:27:39+00:00
CVE-2026-40272,added,,cve_2026_to_now,2026-07-30T09:27:39+00:00
CVE-2026-40895,updated,2026-07-29,cve_2026_to_now,2026-07-30T09:27:39+00:00
CVE-2026-40983,updated,2026-07-29,cve_2026_to_now,2026-07-30T09:27:39+00:00
CVE-2026-41292,updated,2026-07-29,cve_2026_to_now,2026-07-30T09:27:39+00:00
CVE-2026-41606,updated,2026-07-29,cve_2026_to_now,2026-07-30T09:27:39+00:00
CVE-2026-41920,updated,,cve_2026_to_now,2026-07-30T09:27:39+00:00
CVE-2026-41939,added,,cve_2026_to_now,2026-07-30T09:27:39+00:00
CVE-2026-42127,updated,2026-07-29,cve_2026_to_now,2026-07-30T09:27:39+00:00
CVE-2026-42129,updated,2026-07-29,cve_2026_to_now,2026-07-30T09:27:39+00:00
CVE-2026-42151,updated,2026-07-29,cve_2026_to_now,2026-07-30T09:27:39+00:00
CVE-2026-42154,updated,2026-07-29,cve_2026_to_now,2026-07-30T09:27:39+00:00
CVE-2026-42264,updated,2026-07-29,cve_2026_to_now,2026-07-30T09:27:39+00:00
CVE-2026-42338,updated,2026-07-29,cve_2026_to_now,2026-07-30T09:27:39+00:00
CVE-2026-42499,updated,2026-07-29,cve_2026_to_now,2026-07-30T09:27:39+00:00
CVE-2026-42508,updated,2026-07-29,cve_2026_to_now,2026-07-30T09:27:39+00:00
CVE-2026-42534,updated,2026-07-29,cve_2026_to_now,2026-07-30T09:27:39+00:00
CVE-2026-42980,updated,2026-07-29,cve_2026_to_now,2026-07-30T09:27:39+00:00
CVE-2026-43037,updated,2026-07-29,cve_2026_to_now,2026-07-30T09:27:39+00:00
CVE-2026-43329,updated,2026-07-29,cve_2026_to_now,2026-07-30T09:27:39+00:00
CVE-2026-43698,updated,2026-07-29,cve_2026_to_now,2026-07-30T09:27:39+00:00
CVE-2026-43740,updated,2026-07-29,cve_2026_to_now,2026-07-30T09:27:39+00:00
CVE-2026-43750,updated,2026-07-29,cve_2026_to_now,2026-07-30T09:27:39+00:00
CVE-2026-44090,added,,cve_2026_to_now,2026-07-30T09:27:39+00:00
CVE-2026-44091,added,,cve_2026_to_now,2026-07-30T09:27:39+00:00
CVE-2026-44092,added,,cve_2026_to_now,2026-07-30T09:27:39+00:00
CVE-2026-44093,added,,cve_2026_to_now,2026-07-30T09:27:39+00:00
CVE-2026-44094,added,,cve_2026_to_now,2026-07-30T09:27:39+00:00
CVE-2026-44095,added,,cve_2026_to_now,2026-07-30T09:27:39+00:00
CVE-2026-44096,added,,cve_2026_to_now,2026-07-30T09:27:39+00:00
CVE-2026-44097,added,,cve_2026_to_now,2026-07-30T09:27:39+00:00
CVE-2026-44098,added,,cve_2026_to_now,2026-07-30T09:27:39+00:00
CVE-2026-44099,added,,cve_2026_to_now,2026-07-30T09:27:39+00:00
CVE-2026-44100,added,,cve_2026_to_now,2026-07-30T09:27:39+00:00
CVE-2026-44101,added,,cve_2026_to_now,2026-07-30T09:27:39+00:00
CVE-2026-44102,added,,cve_2026_to_now,2026-07-30T09:27:39+00:00
CVE-2026-44103,added,,cve_2026_to_now,2026-07-30T09:27:39+00:00
CVE-2026-44104,added,,cve_2026_to_now,2026-07-30T09:27:39+00:00
CVE-2026-44105,added,,cve_2026_to_now,2026-07-30T09:27:39+00:00
CVE-2026-44106,added,,cve_2026_to_now,2026-07-30T09:27:39+00:00
CVE-2026-44107,added,,cve_2026_to_now,2026-07-30T09:27:39+00:00
CVE-2026-44108,added,,cve_2026_to_now,2026-07-30T09:27:39+00:00
CVE-2026-44390,updated,2026-07-29,cve_2026_to_now,2026-07-30T09:27:39+00:00
CVE-2026-44486,updated,2026-07-29,cve_2026_to_now,2026-07-30T09:27:39+00:00
CVE-2026-44487,updated,2026-07-29,cve_2026_to_now,2026-07-30T09:27:39+00:00
CVE-2026-44488,updated,2026-07-29,cve_2026_to_now,2026-07-30T09:27:39+00:00
CVE-2026-44492,updated,2026-07-29,cve_2026_to_now,2026-07-30T09:27:39+00:00
CVE-2026-44494,updated,2026-07-29,cve_2026_to_now,2026-07-30T09:27:39+00:00
CVE-2026-44495,updated,2026-07-29,cve_2026_to_now,2026-07-30T09:27:39+00:00
CVE-2026-44496,updated,2026-07-29,cve_2026_to_now,2026-07-30T09:27:39+00:00
CVE-2026-44943,added,,cve_2026_to_now,2026-07-30T09:27:39+00:00
CVE-2026-44944,added,,cve_2026_to_now,2026-07-30T09:27:39+00:00
CVE-2026-44990,updated,2026-07-29,cve_2026_to_now,2026-07-30T09:27:39+00:00
CVE-2026-45293,updated,2026-07-29,cve_2026_to_now,2026-07-30T09:27:39+00:00
CVE-2026-45447,updated,2026-07-29,cve_2026_to_now,2026-07-30T09:27:39+00:00
CVE-2026-45700,updated,2026-07-29,cve_2026_to_now,2026-07-30T09:27:39+00:00
CVE-2026-45736,updated,2026-07-29,cve_2026_to_now,2026-07-30T09:27:39+00:00
CVE-2026-46152,updated,2026-07-29,cve_2026_to_now,2026-07-30T09:27:39+00:00
CVE-2026-46323,updated,2026-07-29,cve_2026_to_now,2026-07-30T09:27:39+00:00
CVE-2026-46384,updated,2026-07-29,cve_2026_to_now,2026-07-30T09:27:39+00:00
CVE-2026-46385,updated,2026-07-29,cve_2026_to_now,2026-07-30T09:27:39+00:00
CVE-2026-46595,updated,2026-07-29,cve_2026_to_now,2026-07-30T09:27:39+00:00
CVE-2026-46634,updated,2026-07-29,cve_2026_to_now,2026-07-30T09:27:39+00:00
CVE-2026-46678,added,,cve_2026_to_now,2026-07-30T09:27:39+00:00
CVE-2026-47219,updated,2026-07-29,cve_2026_to_now,2026-07-30T09:27:39+00:00
CVE-2026-47858,added,,cve_2026_to_now,2026-07-30T09:27:39+00:00
CVE-2026-47873,added,,cve_2026_to_now,2026-07-30T09:27:39+00:00
CVE-2026-47882,added,,cve_2026_to_now,2026-07-30T09:27:39+00:00
CVE-2026-48025,updated,2026-07-29,cve_2026_to_now,2026-07-30T09:27:39+00:00
CVE-2026-48390,updated,2026-07-29,cve_2026_to_now,2026-07-30T09:27:39+00:00
CVE-2026-48395,updated,2026-07-29,cve_2026_to_now,2026-07-30T09:27:39+00:00
CVE-2026-48448,added,,cve_2026_to_now,2026-07-30T09:27:39+00:00
CVE-2026-48449,added,,cve_2026_to_now,2026-07-30T09:27:39+00:00
CVE-2026-48710,updated,2026-07-29,cve_2026_to_now,2026-07-30T09:27:39+00:00
CVE-2026-49165,updated,2026-07-29,cve_2026_to_now,2026-07-30T09:27:39+00:00
CVE-2026-49181,updated,2026-07-29,cve_2026_to_now,2026-07-30T09:27:39+00:00
CVE-2026-49447,updated,2026-07-29,cve_2026_to_now,2026-07-30T09:27:39+00:00
CVE-2026-50426,updated,2026-07-29,cve_2026_to_now,2026-07-30T09:27:39+00:00
CVE-2026-50454,updated,2026-07-29,cve_2026_to_now,2026-07-30T09:27:39+00:00
CVE-2026-50558,added,,cve_2026_to_now,2026-07-30T09:27:39+00:00
CVE-2026-50622,updated,2026-07-30,cve_2026_to_now,2026-07-30T09:27:39+00:00
CVE-2026-50641,added,,cve_2026_to_now,2026-07-30T09:27:39+00:00
CVE-2026-50642,added,,cve_2026_to_now,2026-07-30T09:27:39+00:00
CVE-2026-50782,added,,cve_2026_to_now,2026-07-30T09:27:39+00:00
CVE-2026-51992,added,,cve_2026_to_now,2026-07-30T09:27:39+00:00
CVE-2026-52718,updated,2026-07-30,cve_2026_to_now,2026-07-30T09:27:39+00:00
CVE-2026-52719,updated,2026-07-30,cve_2026_to_now,2026-07-30T09:27:39+00:00
CVE-2026-52720,updated,2026-07-30,cve_2026_to_now,2026-07-30T09:27:39+00:00
CVE-2026-52722,updated,2026-07-30,cve_2026_to_now,2026-07-30T09:27:39+00:00
CVE-2026-52791,added,,cve_2026_to_now,2026-07-30T09:27:39+00:00
CVE-2026-52837,updated,2026-07-29,cve_2026_to_now,2026-07-30T09:27:39+00:00
CVE-2026-52839,updated,2026-07-29,cve_2026_to_now,2026-07-30T09:27:39+00:00
CVE-2026-52923,updated,2026-07-29,cve_2026_to_now,2026-07-30T09:27:39+00:00
CVE-2026-52973,updated,2026-07-29,cve_2026_to_now,2026-07-30T09:27:39+00:00
CVE-2026-53059,updated,2026-07-29,cve_2026_to_now,2026-07-30T09:27:39+00:00
CVE-2026-53264,updated,2026-07-29,cve_2026_to_now,2026-07-30T09:27:39+00:00
CVE-2026-53281,updated,2026-07-29,cve_2026_to_now,2026-07-30T09:27:39+00:00
CVE-2026-53359,updated,2026-07-29,cve_2026_to_now,2026-07-30T09:27:39+00:00
CVE-2026-53633,updated,2026-07-29,cve_2026_to_now,2026-07-30T09:27:39+00:00
CVE-2026-53705,updated,2026-07-29,cve_2026_to_now,2026-07-30T09:27:39+00:00
CVE-2026-54078,added,,cve_2026_to_now,2026-07-30T09:27:39+00:00
CVE-2026-54079,added,,cve_2026_to_now,2026-07-30T09:27:39+00:00
CVE-2026-54080,added,,cve_2026_to_now,2026-07-30T09:27:39+00:00
CVE-2026-54081,added,,cve_2026_to_now,2026-07-30T09:27:39+00:00
CVE-2026-54082,added,,cve_2026_to_now,2026-07-30T09:27:39+00:00
CVE-2026-54099,updated,2026-07-29,cve_2026_to_now,2026-07-30T09:27:39+00:00
CVE-2026-54100,updated,2026-07-29,cve_2026_to_now,2026-07-30T09:27:39+00:00
CVE-2026-54249,added,,cve_2026_to_now,2026-07-30T09:27:39+00:00
CVE-2026-54574,added,,cve_2026_to_now,2026-07-30T09:27:39+00:00
CVE-2026-54603,updated,2026-07-29,cve_2026_to_now,2026-07-30T09:27:39+00:00
CVE-2026-54621,updated,2026-07-29,cve_2026_to_now,2026-07-30T09:27:39+00:00
CVE-2026-54638,updated,2026-07-29,cve_2026_to_now,2026-07-30T09:27:39+00:00
CVE-2026-54650,updated,2026-07-29,cve_2026_to_now,2026-07-30T09:27:39+00:00
CVE-2026-54653,updated,2026-07-29,cve_2026_to_now,2026-07-30T09:27:39+00:00
CVE-2026-54654,updated,2026-07-29,cve_2026_to_now,2026-07-30T09:27:39+00:00
CVE-2026-54655,updated,2026-07-29,cve_2026_to_now,2026-07-30T09:27:39+00:00
CVE-2026-54656,updated,2026-07-29,cve_2026_to_now,2026-07-30T09:27:39+00:00
CVE-2026-54658,updated,2026-07-29,cve_2026_to_now,2026-07-30T09:27:39+00:00
CVE-2026-54659,updated,2026-07-29,cve_2026_to_now,2026-07-30T09:27:39+00:00
CVE-2026-54660,added,,cve_2026_to_now,2026-07-30T09:27:39+00:00
CVE-2026-54661,added,,cve_2026_to_now,2026-07-30T09:27:39+00:00
CVE-2026-54662,added,,cve_2026_to_now,2026-07-30T09:27:39+00:00
CVE-2026-54663,added,,cve_2026_to_now,2026-07-30T09:27:39+00:00
CVE-2026-54664,added,,cve_2026_to_now,2026-07-30T09:27:39+00:00
CVE-2026-54666,added,,cve_2026_to_now,2026-07-30T09:27:39+00:00
CVE-2026-54680,added,,cve_2026_to_now,2026-07-30T09:27:39+00:00
CVE-2026-54690,updated,2026-07-29,cve_2026_to_now,2026-07-30T09:27:39+00:00
CVE-2026-54691,updated,2026-07-29,cve_2026_to_now,2026-07-30T09:27:39+00:00
CVE-2026-54693,added,,cve_2026_to_now,2026-07-30T09:27:39+00:00
CVE-2026-54705,added,,cve_2026_to_now,2026-07-30T09:27:39+00:00
CVE-2026-54719,updated,2026-07-29,cve_2026_to_now,2026-07-30T09:27:39+00:00
CVE-2026-54727,added,,cve_2026_to_now,2026-07-30T09:27:39+00:00
CVE-2026-54735,added,,cve_2026_to_now,2026-07-30T09:27:39+00:00
CVE-2026-55389,updated,2026-07-29,cve_2026_to_now,2026-07-30T09:27:39+00:00
CVE-2026-55390,updated,2026-07-29,cve_2026_to_now,2026-07-30T09:27:39+00:00
CVE-2026-55391,updated,2026-07-29,cve_2026_to_now,2026-07-30T09:27:39+00:00
CVE-2026-55403,updated,2026-07-29,cve_2026_to_now,2026-07-30T09:27:39+00:00
CVE-2026-55415,updated,2026-07-29,cve_2026_to_now,2026-07-30T09:27:39+00:00
CVE-2026-55554,updated,2026-07-29,cve_2026_to_now,2026-07-30T09:27:39+00:00
CVE-2026-55628,updated,2026-07-29,cve_2026_to_now,2026-07-30T09:27:39+00:00
CVE-2026-55653,updated,2026-07-30,cve_2026_to_now,2026-07-30T09:27:39+00:00
CVE-2026-55655,updated,2026-07-30,cve_2026_to_now,2026-07-30T09:27:39+00:00
CVE-2026-55884,updated,2026-07-29,cve_2026_to_now,2026-07-30T09:27:39+00:00
CVE-2026-55995,added,,cve_2026_to_now,2026-07-30T09:27:39+00:00
CVE-2026-56208,updated,2026-07-29,cve_2026_to_now,2026-07-30T09:27:39+00:00
CVE-2026-56209,updated,2026-07-29,cve_2026_to_now,2026-07-30T09:27:39+00:00
CVE-2026-56210,updated,2026-07-29,cve_2026_to_now,2026-07-30T09:27:39+00:00
CVE-2026-56211,updated,2026-07-29,cve_2026_to_now,2026-07-30T09:27:39+00:00
CVE-2026-56389,added,,cve_2026_to_now,2026-07-30T09:27:39+00:00
CVE-2026-56390,added,,cve_2026_to_now,2026-07-30T09:27:39+00:00
CVE-2026-56722,updated,2026-07-29,cve_2026_to_now,2026-07-30T09:27:39+00:00
CVE-2026-56821,updated,2026-07-30,cve_2026_to_now,2026-07-30T09:27:39+00:00
CVE-2026-56822,updated,2026-07-30,cve_2026_to_now,2026-07-30T09:27:39+00:00
CVE-2026-56847,added,,cve_2026_to_now,2026-07-30T09:27:39+00:00
CVE-2026-56850,added,,cve_2026_to_now,2026-07-30T09:27:39+00:00
CVE-2026-57219,updated,2026-07-29,cve_2026_to_now,2026-07-30T09:27:39+00:00
CVE-2026-57311,updated,2026-07-29,cve_2026_to_now,2026-07-30T09:27:39+00:00
CVE-2026-57511,updated,2026-07-29,cve_2026_to_now,2026-07-30T09:27:39+00:00
CVE-2026-57834,updated,2026-07-30,cve_2026_to_now,2026-07-30T09:27:39+00:00
CVE-2026-57850,updated,2026-07-29,cve_2026_to_now,2026-07-30T09:27:39+00:00
CVE-2026-58040,added,,cve_2026_to_now,2026-07-30T09:27:39+00:00
CVE-2026-58043,added,,cve_2026_to_now,2026-07-30T09:27:39+00:00
CVE-2026-58046,added,,cve_2026_to_now,2026-07-30T09:27:39+00:00
CVE-2026-58066,added,,cve_2026_to_now,2026-07-30T09:27:39+00:00
CVE-2026-58150,updated,2026-07-30,cve_2026_to_now,2026-07-30T09:27:39+00:00
CVE-2026-58151,updated,,cve_2026_to_now,2026-07-30T09:27:39+00:00
CVE-2026-58152,updated,,cve_2026_to_now,2026-07-30T09:27:39+00:00
CVE-2026-58153,updated,,cve_2026_to_now,2026-07-30T09:27:39+00:00
CVE-2026-58154,updated,,cve_2026_to_now,2026-07-30T09:27:39+00:00
CVE-2026-58155,updated,,cve_2026_to_now,2026-07-30T09:27:39+00:00
CVE-2026-58156,updated,,cve_2026_to_now,2026-07-30T09:27:39+00:00
CVE-2026-58157,updated,2026-07-30,cve_2026_to_now,2026-07-30T09:27:39+00:00
CVE-2026-58158,updated,,cve_2026_to_now,2026-07-30T09:27:39+00:00
CVE-2026-58159,updated,,cve_2026_to_now,2026-07-30T09:27:39+00:00
CVE-2026-58160,updated,,cve_2026_to_now,2026-07-30T09:27:39+00:00
CVE-2026-58161,updated,,cve_2026_to_now,2026-07-30T09:27:39+00:00
CVE-2026-58162,updated,,cve_2026_to_now,2026-07-30T09:27:39+00:00
CVE-2026-58163,updated,,cve_2026_to_now,2026-07-30T09:27:39+00:00
CVE-2026-58164,updated,,cve_2026_to_now,2026-07-30T09:27:39+00:00
CVE-2026-58175,updated,,cve_2026_to_now,2026-07-30T09:27:39+00:00
CVE-2026-58177,updated,,cve_2026_to_now,2026-07-30T09:27:39+00:00
CVE-2026-58178,updated,,cve_2026_to_now,2026-07-30T09:27:39+00:00
CVE-2026-58179,updated,2026-07-30,cve_2026_to_now,2026-07-30T09:27:39+00:00
CVE-2026-58180,updated,,cve_2026_to_now,2026-07-30T09:27:39+00:00
CVE-2026-58181,updated,,cve_2026_to_now,2026-07-30T09:27:39+00:00
CVE-2026-58182,updated,,cve_2026_to_now,2026-07-30T09:27:39+00:00
CVE-2026-58183,updated,,cve_2026_to_now,2026-07-30T09:27:39+00:00
CVE-2026-58184,updated,,cve_2026_to_now,2026-07-30T09:27:39+00:00
CVE-2026-58185,updated,,cve_2026_to_now,2026-07-30T09:27:39+00:00
CVE-2026-58186,updated,,cve_2026_to_now,2026-07-30T09:27:39+00:00
CVE-2026-58187,updated,,cve_2026_to_now,2026-07-30T09:27:39+00:00
CVE-2026-58188,updated,,cve_2026_to_now,2026-07-30T09:27:39+00:00
CVE-2026-58189,updated,,cve_2026_to_now,2026-07-30T09:27:39+00:00
CVE-2026-58629,updated,2026-07-29,cve_2026_to_now,2026-07-30T09:27:39+00:00
CVE-2026-59243,updated,,cve_2026_to_now,2026-07-30T09:27:39+00:00
CVE-2026-59247,added,2026-07-30,cve_2026_to_now,2026-07-30T09:27:39+00:00
CVE-2026-59326,added,,cve_2026_to_now,2026-07-30T09:27:39+00:00
CVE-2026-59327,added,,cve_2026_to_now,2026-07-30T09:27:39+00:00
CVE-2026-59328,added,,cve_2026_to_now,2026-07-30T09:27:39+00:00
CVE-2026-59691,updated,2026-07-30,cve_2026_to_now,2026-07-30T09:27:39+00:00
CVE-2026-59692,updated,2026-07-30,cve_2026_to_now,2026-07-30T09:27:39+00:00
CVE-2026-59733,updated,2026-07-29,cve_2026_to_now,2026-07-30T09:27:39+00:00
CVE-2026-59859,updated,2026-07-29,cve_2026_to_now,2026-07-30T09:27:39+00:00
CVE-2026-59860,updated,2026-07-29,cve_2026_to_now,2026-07-30T09:27:39+00:00
CVE-2026-59861,updated,2026-07-29,cve_2026_to_now,2026-07-30T09:27:39+00:00
CVE-2026-59862,updated,2026-07-29,cve_2026_to_now,2026-07-30T09:27:39+00:00
CVE-2026-59865,updated,2026-07-29,cve_2026_to_now,2026-07-30T09:27:39+00:00
CVE-2026-59866,updated,2026-07-29,cve_2026_to_now,2026-07-30T09:27:39+00:00
CVE-2026-59898,added,,cve_2026_to_now,2026-07-30T09:27:39+00:00
CVE-2026-59899,added,,cve_2026_to_now,2026-07-30T09:27:39+00:00
CVE-2026-59900,added,,cve_2026_to_now,2026-07-30T09:27:39+00:00
CVE-2026-59901,added,,cve_2026_to_now,2026-07-30T09:27:39+00:00
CVE-2026-59919,added,,cve_2026_to_now,2026-07-30T09:27:39+00:00
CVE-2026-59920,added,,cve_2026_to_now,2026-07-30T09:27:39+00:00
CVE-2026-59921,updated,2026-07-29,cve_2026_to_now,2026-07-30T09:27:39+00:00
CVE-2026-59932,updated,2026-07-29,cve_2026_to_now,2026-07-30T09:27:39+00:00
CVE-2026-59941,updated,2026-07-29,cve_2026_to_now,2026-07-30T09:27:39+00:00
CVE-2026-59942,updated,2026-07-29,cve_2026_to_now,2026-07-30T09:27:39+00:00
CVE-2026-59943,updated,2026-07-29,cve_2026_to_now,2026-07-30T09:27:39+00:00
CVE-2026-59952,added,,cve_2026_to_now,2026-07-30T09:27:39+00:00
CVE-2026-60112,added,,cve_2026_to_now,2026-07-30T09:27:39+00:00
CVE-2026-60113,added,,cve_2026_to_now,2026-07-30T09:27:39+00:00
CVE-2026-60137,updated,2026-07-29,cve_2026_to_now,2026-07-30T09:27:39+00:00
CVE-2026-60162,updated,2026-07-29,cve_2026_to_now,2026-07-30T09:27:39+00:00
CVE-2026-60202,updated,2026-07-29,cve_2026_to_now,2026-07-30T09:27:39+00:00
CVE-2026-60327,updated,2026-07-29,cve_2026_to_now,2026-07-30T09:27:39+00:00
CVE-2026-60334,updated,2026-07-29,cve_2026_to_now,2026-07-30T09:27:39+00:00
CVE-2026-60356,updated,2026-07-29,cve_2026_to_now,2026-07-30T09:27:39+00:00
CVE-2026-60359,updated,2026-07-29,cve_2026_to_now,2026-07-30T09:27:39+00:00
CVE-2026-60429,updated,2026-07-30,cve_2026_to_now,2026-07-30T09:27:39+00:00
CVE-2026-60430,updated,2026-07-30,cve_2026_to_now,2026-07-30T09:27:39+00:00
CVE-2026-60444,updated,2026-07-29,cve_2026_to_now,2026-07-30T09:27:39+00:00
CVE-2026-60449,updated,2026-07-29,cve_2026_to_now,2026-07-30T09:27:39+00:00
CVE-2026-60494,updated,2026-07-29,cve_2026_to_now,2026-07-30T09:27:39+00:00
CVE-2026-60519,updated,2026-07-30,cve_2026_to_now,2026-07-30T09:27:39+00:00
CVE-2026-60520,updated,2026-07-30,cve_2026_to_now,2026-07-30T09:27:39+00:00
CVE-2026-60559,updated,2026-07-29,cve_2026_to_now,2026-07-30T09:27:39+00:00
CVE-2026-60569,updated,2026-07-29,cve_2026_to_now,2026-07-30T09:27:39+00:00
CVE-2026-60586,updated,2026-07-29,cve_2026_to_now,2026-07-30T09:27:39+00:00
CVE-2026-60594,updated,2026-07-30,cve_2026_to_now,2026-07-30T09:27:39+00:00
CVE-2026-60598,updated,2026-07-30,cve_2026_to_now,2026-07-30T09:27:39+00:00
CVE-2026-60599,updated,2026-07-30,cve_2026_to_now,2026-07-30T09:27:39+00:00
CVE-2026-60602,updated,2026-07-30,cve_2026_to_now,2026-07-30T09:27:39+00:00
CVE-2026-60604,updated,2026-07-30,cve_2026_to_now,2026-07-30T09:27:39+00:00
CVE-2026-60606,updated,2026-07-30,cve_2026_to_now,2026-07-30T09:27:39+00:00
CVE-2026-60611,updated,2026-07-29,cve_2026_to_now,2026-07-30T09:27:39+00:00
CVE-2026-60612,updated,2026-07-30,cve_2026_to_now,2026-07-30T09:27:39+00:00
CVE-2026-60618,updated,2026-07-29,cve_2026_to_now,2026-07-30T09:27:39+00:00
CVE-2026-60621,updated,2026-07-29,cve_2026_to_now,2026-07-30T09:27:39+00:00
CVE-2026-60623,updated,2026-07-29,cve_2026_to_now,2026-07-30T09:27:39+00:00
CVE-2026-60627,updated,2026-07-29,cve_2026_to_now,2026-07-30T09:27:39+00:00
CVE-2026-60651,updated,2026-07-29,cve_2026_to_now,2026-07-30T09:27:39+00:00
CVE-2026-60652,updated,2026-07-29,cve_2026_to_now,2026-07-30T09:27:39+00:00
CVE-2026-60653,updated,2026-07-29,cve_2026_to_now,2026-07-30T09:27:39+00:00
CVE-2026-60657,updated,2026-07-29,cve_2026_to_now,2026-07-30T09:27:39+00:00
CVE-2026-60690,updated,2026-07-29,cve_2026_to_now,2026-07-30T09:27:39+00:00
CVE-2026-60704,updated,2026-07-29,cve_2026_to_now,2026-07-30T09:27:39+00:00
CVE-2026-60834,updated,2026-07-29,cve_2026_to_now,2026-07-30T09:27:39+00:00
CVE-2026-60868,updated,2026-07-29,cve_2026_to_now,2026-07-30T09:27:39+00:00
CVE-2026-61078,updated,2026-07-30,cve_2026_to_now,2026-07-30T09:27:39+00:00
CVE-2026-61082,updated,2026-07-29,cve_2026_to_now,2026-07-30T09:27:39+00:00
CVE-2026-61172,updated,2026-07-29,cve_2026_to_now,2026-07-30T09:27:39+00:00
CVE-2026-61201,updated,2026-07-30,cve_2026_to_now,2026-07-30T09:27:39+00:00
CVE-2026-61323,updated,2026-07-29,cve_2026_to_now,2026-07-30T09:27:39+00:00
CVE-2026-61511,updated,2026-07-29,cve_2026_to_now,2026-07-30T09:27:39+00:00
CVE-2026-62203,updated,2026-07-29,cve_2026_to_now,2026-07-30T09:27:39+00:00
CVE-2026-62207,updated,2026-07-29,cve_2026_to_now,2026-07-30T09:27:39+00:00
CVE-2026-62211,updated,2026-07-29,cve_2026_to_now,2026-07-30T09:27:39+00:00
CVE-2026-62222,updated,2026-07-29,cve_2026_to_now,2026-07-30T09:27:39+00:00
CVE-2026-62228,updated,2026-07-29,cve_2026_to_now,2026-07-30T09:27:39+00:00
CVE-2026-62325,updated,2026-07-29,cve_2026_to_now,2026-07-30T09:27:39+00:00
CVE-2026-62343,added,,cve_2026_to_now,2026-07-30T09:27:39+00:00
CVE-2026-62363,added,,cve_2026_to_now,2026-07-30T09:27:39+00:00
CVE-2026-62389,removed,,cve_2026_to_now,2026-07-30T09:27:39+00:00
CVE-2026-62515,updated,2026-07-29,cve_2026_to_now,2026-07-30T09:27:39+00:00
CVE-2026-62946,added,,cve_2026_to_now,2026-07-30T09:27:39+00:00
CVE-2026-62995,added,,cve_2026_to_now,2026-07-30T09:27:39+00:00
CVE-2026-63118,added,,cve_2026_to_now,2026-07-30T09:27:39+00:00
CVE-2026-63119,added,,cve_2026_to_now,2026-07-30T09:27:39+00:00
CVE-2026-63227,updated,,cve_2026_to_now,2026-07-30T09:27:39+00:00
CVE-2026-63228,updated,,cve_2026_to_now,2026-07-30T09:27:39+00:00
CVE-2026-63229,updated,,cve_2026_to_now,2026-07-30T09:27:39+00:00
CVE-2026-63230,updated,,cve_2026_to_now,2026-07-30T09:27:39+00:00
CVE-2026-63231,updated,,cve_2026_to_now,2026-07-30T09:27:39+00:00
CVE-2026-63232,updated,,cve_2026_to_now,2026-07-30T09:27:39+00:00
CVE-2026-63233,updated,,cve_2026_to_now,2026-07-30T09:27:39+00:00
CVE-2026-63234,updated,,cve_2026_to_now,2026-07-30T09:27:39+00:00
CVE-2026-63235,updated,,cve_2026_to_now,2026-07-30T09:27:39+00:00
CVE-2026-63236,updated,,cve_2026_to_now,2026-07-30T09:27:39+00:00
CVE-2026-63237,updated,,cve_2026_to_now,2026-07-30T09:27:39+00:00
CVE-2026-63238,updated,,cve_2026_to_now,2026-07-30T09:27:39+00:00
CVE-2026-63239,updated,,cve_2026_to_now,2026-07-30T09:27:39+00:00
CVE-2026-63240,updated,,cve_2026_to_now,2026-07-30T09:27:39+00:00
CVE-2026-63241,updated,,cve_2026_to_now,2026-07-30T09:27:39+00:00
CVE-2026-63242,updated,,cve_2026_to_now,2026-07-30T09:27:39+00:00
CVE-2026-64531,updated,2026-07-30,cve_2026_to_now,2026-07-30T09:27:39+00:00
CVE-2026-64532,updated,2026-07-30,cve_2026_to_now,2026-07-30T09:27:39+00:00
CVE-2026-64533,updated,2026-07-30,cve_2026_to_now,2026-07-30T09:27:39+00:00
CVE-2026-64534,updated,2026-07-30,cve_2026_to_now,2026-07-30T09:27:39+00:00
CVE-2026-64535,updated,2026-07-30,cve_2026_to_now,2026-07-30T09:27:39+00:00
CVE-2026-64536,updated,2026-07-30,cve_2026_to_now,2026-07-30T09:27:39+00:00
CVE-2026-64539,updated,2026-07-30,cve_2026_to_now,2026-07-30T09:27:39+00:00
CVE-2026-64540,updated,2026-07-30,cve_2026_to_now,2026-07-30T09:27:39+00:00
CVE-2026-64541,updated,2026-07-30,cve_2026_to_now,2026-07-30T09:27:39+00:00
CVE-2026-64543,updated,2026-07-30,cve_2026_to_now,2026-07-30T09:27:39+00:00
CVE-2026-64545,updated,2026-07-30,cve_2026_to_now,2026-07-30T09:27:39+00:00
CVE-2026-64546,updated,2026-07-30,cve_2026_to_now,2026-07-30T09:27:39+00:00
CVE-2026-64547,updated,2026-07-30,cve_2026_to_now,2026-07-30T09:27:39+00:00
CVE-2026-64548,updated,2026-07-30,cve_2026_to_now,2026-07-30T09:27:39+00:00
CVE-2026-64550,updated,2026-07-30,cve_2026_to_now,2026-07-30T09:27:39+00:00
CVE-2026-64551,updated,2026-07-30,cve_2026_to_now,2026-07-30T09:27:39+00:00
CVE-2026-64552,updated,2026-07-30,cve_2026_to_now,2026-07-30T09:27:39+00:00
CVE-2026-64554,updated,2026-07-30,cve_2026_to_now,2026-07-30T09:27:39+00:00
CVE-2026-64555,updated,2026-07-30,cve_2026_to_now,2026-07-30T09:27:39+00:00
CVE-2026-64556,updated,2026-07-30,cve_2026_to_now,2026-07-30T09:27:39+00:00
CVE-2026-64557,updated,2026-07-30,cve_2026_to_now,2026-07-30T09:27:39+00:00
CVE-2026-64558,added,2026-07-30,cve_2026_to_now,2026-07-30T09:27:39+00:00
CVE-2026-64559,added,2026-07-30,cve_2026_to_now,2026-07-30T09:27:39+00:00
CVE-2026-64560,added,2026-07-30,cve_2026_to_now,2026-07-30T09:27:39+00:00
CVE-2026-64635,added,,cve_2026_to_now,2026-07-30T09:27:39+00:00
CVE-2026-64685,added,,cve_2026_to_now,2026-07-30T09:27:39+00:00
CVE-2026-64863,updated,2026-07-29,cve_2026_to_now,2026-07-30T09:27:39+00:00
CVE-2026-65100,updated,,cve_2026_to_now,2026-07-30T09:27:39+00:00
CVE-2026-65324,updated,,cve_2026_to_now,2026-07-30T09:27:39+00:00
CVE-2026-65325,updated,,cve_2026_to_now,2026-07-30T09:27:39+00:00
CVE-2026-65883,added,,cve_2026_to_now,2026-07-30T09:27:39+00:00
CVE-2026-65884,added,2026-07-30,cve_2026_to_now,2026-07-30T09:27:39+00:00
CVE-2026-65885,added,2026-07-30,cve_2026_to_now,2026-07-30T09:27:39+00:00
CVE-2026-65886,added,,cve_2026_to_now,2026-07-30T09:27:39+00:00
CVE-2026-65887,added,2026-07-30,cve_2026_to_now,2026-07-30T09:27:39+00:00
CVE-2026-65888,added,2026-07-30,cve_2026_to_now,2026-07-30T09:27:39+00:00
CVE-2026-65889,added,,cve_2026_to_now,2026-07-30T09:27:39+00:00
CVE-2026-65890,added,,cve_2026_to_now,2026-07-30T09:27:39+00:00
CVE-2026-65891,added,,cve_2026_to_now,2026-07-30T09:27:39+00:00
CVE-2026-65943,added,,cve_2026_to_now,2026-07-30T09:27:39+00:00
CVE-2026-65944,added,,cve_2026_to_now,2026-07-30T09:27:39+00:00
CVE-2026-65946,added,,cve_2026_to_now,2026-07-30T09:27:39+00:00
CVE-2026-65947,added,,cve_2026_to_now,2026-07-30T09:27:39+00:00
CVE-2026-65975,added,,cve_2026_to_now,2026-07-30T09:27:39+00:00
CVE-2026-66013,updated,2026-07-29,cve_2026_to_now,2026-07-30T09:27:39+00:00
CVE-2026-66063,updated,2026-07-29,cve_2026_to_now,2026-07-30T09:27:39+00:00
CVE-2026-66064,updated,2026-07-29,cve_2026_to_now,2026-07-30T09:27:39+00:00
CVE-2026-66400,added,,cve_2026_to_now,2026-07-30T09:27:39+00:00
CVE-2026-66488,added,,cve_2026_to_now,2026-07-30T09:27:39+00:00
CVE-2026-66489,added,,cve_2026_to_now,2026-07-30T09:27:39+00:00
CVE-2026-66490,added,,cve_2026_to_now,2026-07-30T09:27:39+00:00
CVE-2026-66723,added,,cve_2026_to_now,2026-07-30T09:27:39+00:00
CVE-2026-66724,added,,cve_2026_to_now,2026-07-30T09:27:39+00:00
CVE-2026-66745,updated,2026-07-29,cve_2026_to_now,2026-07-30T09:27:39+00:00
CVE-2026-66746,updated,2026-07-29,cve_2026_to_now,2026-07-30T09:27:39+00:00
CVE-2026-66748,updated,2026-07-29,cve_2026_to_now,2026-07-30T09:27:39+00:00
CVE-2026-66754,updated,2026-07-29,cve_2026_to_now,2026-07-30T09:27:39+00:00
CVE-2026-66758,updated,2026-07-29,cve_2026_to_now,2026-07-30T09:27:39+00:00
CVE-2026-67191,added,,cve_2026_to_now,2026-07-30T09:27:39+00:00
CVE-2026-67192,added,,cve_2026_to_now,2026-07-30T09:27:39+00:00
CVE-2026-67193,added,,cve_2026_to_now,2026-07-30T09:27:39+00:00
CVE-2026-67194,added,,cve_2026_to_now,2026-07-30T09:27:39+00:00
CVE-2026-67201,added,,cve_2026_to_now,2026-07-30T09:27:39+00:00
CVE-2026-67213,added,,cve_2026_to_now,2026-07-30T09:27:39+00:00
CVE-2026-67214,added,,cve_2026_to_now,2026-07-30T09:27:39+00:00
CVE-2026-67215,added,,cve_2026_to_now,2026-07-30T09:27:39+00:00
CVE-2026-67216,added,,cve_2026_to_now,2026-07-30T09:27:39+00:00
CVE-2026-67217,added,,cve_2026_to_now,2026-07-30T09:27:39+00:00
CVE-2026-67244,added,,cve_2026_to_now,2026-07-30T09:27:39+00:00
CVE-2026-67245,added,,cve_2026_to_now,2026-07-30T09:27:39+00:00
CVE-2026-67246,added,,cve_2026_to_now,2026-07-30T09:27:39+00:00
CVE-2026-67247,added,,cve_2026_to_now,2026-07-30T09:27:39+00:00
CVE-2026-67248,added,,cve_2026_to_now,2026-07-30T09:27:39+00:00
CVE-2026-67424,added,,cve_2026_to_now,2026-07-30T09:27:39+00:00
CVE-2026-67425,added,,cve_2026_to_now,2026-07-30T09:27:39+00:00
CVE-2026-67426,added,,cve_2026_to_now,2026-07-30T09:27:39+00:00
CVE-2026-67427,added,,cve_2026_to_now,2026-07-30T09:27:39+00:00
CVE-2026-67428,added,,cve_2026_to_now,2026-07-30T09:27:39+00:00
CVE-2026-67429,added,,cve_2026_to_now,2026-07-30T09:27:39+00:00
CVE-2026-67430,added,,cve_2026_to_now,2026-07-30T09:27:39+00:00
CVE-2026-67431,added,,cve_2026_to_now,2026-07-30T09:27:39+00:00
CVE-2026-67432,added,,cve_2026_to_now,2026-07-30T09:27:39+00:00
CVE-2026-67433,added,,cve_2026_to_now,2026-07-30T09:27:39+00:00
CVE-2026-67435,added,,cve_2026_to_now,2026-07-30T09:27:39+00:00
CVE-2026-67436,added,,cve_2026_to_now,2026-07-30T09:27:39+00:00
CVE-2026-67437,added,,cve_2026_to_now,2026-07-30T09:27:39+00:00
CVE-2026-67438,added,,cve_2026_to_now,2026-07-30T09:27:39+00:00
CVE-2026-67439,added,,cve_2026_to_now,2026-07-30T09:27:39+00:00
CVE-2026-67595,added,,cve_2026_to_now,2026-07-30T09:27:39+00:00
