cve_id,change_type,date_updated,shard,run_utc
CVE-2021-32084,updated,2026-07-28,cve_2022_and_before,2026-07-29T09:34:47+00:00
CVE-2021-32085,updated,2026-07-28,cve_2022_and_before,2026-07-29T09:34:47+00:00
CVE-2021-32086,updated,2026-07-28,cve_2022_and_before,2026-07-29T09:34:47+00:00
CVE-2021-32087,updated,2026-07-28,cve_2022_and_before,2026-07-29T09:34:47+00:00
CVE-2021-32088,updated,2026-07-28,cve_2022_and_before,2026-07-29T09:34:47+00:00
CVE-2022-3534,updated,2026-07-28,cve_2022_and_before,2026-07-29T09:34:47+00:00
CVE-2022-3636,updated,2026-07-28,cve_2022_and_before,2026-07-29T09:34:47+00:00
CVE-2023-4244,updated,2026-07-28,cve_2023_to_2025,2026-07-29T09:34:47+00:00
CVE-2024-14041,updated,,cve_2023_to_2025,2026-07-29T09:34:47+00:00
CVE-2024-21538,updated,2026-07-28,cve_2023_to_2025,2026-07-29T09:34:47+00:00
CVE-2025-3512,updated,2026-07-29,cve_2023_to_2025,2026-07-29T09:34:47+00:00
CVE-2025-4211,updated,2026-07-29,cve_2023_to_2025,2026-07-29T09:34:47+00:00
CVE-2025-5318,updated,2026-07-28,cve_2023_to_2025,2026-07-29T09:34:47+00:00
CVE-2025-5455,updated,2026-07-29,cve_2023_to_2025,2026-07-29T09:34:47+00:00
CVE-2025-5683,updated,2026-07-29,cve_2023_to_2025,2026-07-29T09:34:47+00:00
CVE-2025-5991,updated,2026-07-29,cve_2023_to_2025,2026-07-29T09:34:47+00:00
CVE-2025-5992,updated,2026-07-29,cve_2023_to_2025,2026-07-29T09:34:47+00:00
CVE-2025-6338,updated,2026-07-29,cve_2023_to_2025,2026-07-29T09:34:47+00:00
CVE-2025-10656,added,,cve_2023_to_2025,2026-07-29T09:34:47+00:00
CVE-2025-10728,updated,2026-07-29,cve_2023_to_2025,2026-07-29T09:34:47+00:00
CVE-2025-10729,updated,2026-07-29,cve_2023_to_2025,2026-07-29T09:34:47+00:00
CVE-2025-12385,updated,2026-07-29,cve_2023_to_2025,2026-07-29T09:34:47+00:00
CVE-2025-12543,updated,2026-07-28,cve_2023_to_2025,2026-07-29T09:34:47+00:00
CVE-2025-13465,updated,2026-07-28,cve_2023_to_2025,2026-07-29T09:34:47+00:00
CVE-2025-14575,updated,2026-07-29,cve_2023_to_2025,2026-07-29T09:34:47+00:00
CVE-2025-14576,updated,2026-07-29,cve_2023_to_2025,2026-07-29T09:34:47+00:00
CVE-2025-15467,updated,2026-07-28,cve_2023_to_2025,2026-07-29T09:34:47+00:00
CVE-2025-48431,updated,2026-07-28,cve_2023_to_2025,2026-07-29T09:34:47+00:00
CVE-2025-61140,updated,2026-07-28,cve_2023_to_2025,2026-07-29T09:34:47+00:00
CVE-2025-61726,updated,2026-07-28,cve_2023_to_2025,2026-07-29T09:34:47+00:00
CVE-2025-63913,updated,2026-07-28,cve_2023_to_2025,2026-07-29T09:34:47+00:00
CVE-2025-69223,updated,2026-07-28,cve_2023_to_2025,2026-07-29T09:34:47+00:00
CVE-2026-0009,updated,2026-06-03,cve_2026_to_now,2026-07-29T09:34:47+00:00
CVE-2026-0603,updated,2026-07-28,cve_2026_to_now,2026-07-29T09:34:47+00:00
CVE-2026-1918,added,,cve_2026_to_now,2026-07-29T09:34:47+00:00
CVE-2026-3157,added,,cve_2026_to_now,2026-07-29T09:34:47+00:00
CVE-2026-3158,added,,cve_2026_to_now,2026-07-29T09:34:47+00:00
CVE-2026-4258,updated,2026-07-28,cve_2026_to_now,2026-07-29T09:34:47+00:00
CVE-2026-4367,updated,2026-07-28,cve_2026_to_now,2026-07-29T09:34:47+00:00
CVE-2026-4648,added,,cve_2026_to_now,2026-07-29T09:34:47+00:00
CVE-2026-4800,updated,2026-07-28,cve_2026_to_now,2026-07-29T09:34:47+00:00
CVE-2026-4878,updated,2026-07-28,cve_2026_to_now,2026-07-29T09:34:47+00:00
CVE-2026-4912,added,,cve_2026_to_now,2026-07-29T09:34:47+00:00
CVE-2026-4932,added,,cve_2026_to_now,2026-07-29T09:34:47+00:00
CVE-2026-4938,updated,2026-07-28,cve_2026_to_now,2026-07-29T09:34:47+00:00
CVE-2026-4948,updated,2026-07-28,cve_2026_to_now,2026-07-29T09:34:47+00:00
CVE-2026-5114,added,,cve_2026_to_now,2026-07-29T09:34:47+00:00
CVE-2026-5626,added,,cve_2026_to_now,2026-07-29T09:34:47+00:00
CVE-2026-5674,updated,2026-07-28,cve_2026_to_now,2026-07-29T09:34:47+00:00
CVE-2026-5704,updated,2026-07-28,cve_2026_to_now,2026-07-29T09:34:47+00:00
CVE-2026-6210,updated,2026-07-29,cve_2026_to_now,2026-07-29T09:34:47+00:00
CVE-2026-6251,updated,,cve_2026_to_now,2026-07-29T09:34:47+00:00
CVE-2026-6322,updated,2026-07-28,cve_2026_to_now,2026-07-29T09:34:47+00:00
CVE-2026-6792,updated,2026-07-28,cve_2026_to_now,2026-07-29T09:34:47+00:00
CVE-2026-6879,added,,cve_2026_to_now,2026-07-29T09:34:47+00:00
CVE-2026-6881,added,,cve_2026_to_now,2026-07-29T09:34:47+00:00
CVE-2026-7163,updated,2026-07-28,cve_2026_to_now,2026-07-29T09:34:47+00:00
CVE-2026-7187,added,,cve_2026_to_now,2026-07-29T09:34:47+00:00
CVE-2026-7362,added,,cve_2026_to_now,2026-07-29T09:34:47+00:00
CVE-2026-7374,updated,2026-07-28,cve_2026_to_now,2026-07-29T09:34:47+00:00
CVE-2026-7521,added,,cve_2026_to_now,2026-07-29T09:34:47+00:00
CVE-2026-7769,added,2026-07-29,cve_2026_to_now,2026-07-29T09:34:47+00:00
CVE-2026-7775,added,,cve_2026_to_now,2026-07-29T09:34:47+00:00
CVE-2026-7868,added,,cve_2026_to_now,2026-07-29T09:34:47+00:00
CVE-2026-8058,added,,cve_2026_to_now,2026-07-29T09:34:47+00:00
CVE-2026-8090,updated,2026-07-28,cve_2026_to_now,2026-07-29T09:34:47+00:00
CVE-2026-8092,updated,2026-07-28,cve_2026_to_now,2026-07-29T09:34:47+00:00
CVE-2026-8094,updated,2026-07-28,cve_2026_to_now,2026-07-29T09:34:47+00:00
CVE-2026-8164,added,,cve_2026_to_now,2026-07-29T09:34:47+00:00
CVE-2026-8167,updated,,cve_2026_to_now,2026-07-29T09:34:47+00:00
CVE-2026-8284,updated,2026-07-28,cve_2026_to_now,2026-07-29T09:34:47+00:00
CVE-2026-8285,updated,2026-07-28,cve_2026_to_now,2026-07-29T09:34:47+00:00
CVE-2026-8357,updated,2026-07-28,cve_2026_to_now,2026-07-29T09:34:47+00:00
CVE-2026-9277,updated,2026-07-28,cve_2026_to_now,2026-07-29T09:34:47+00:00
CVE-2026-9680,updated,,cve_2026_to_now,2026-07-29T09:34:47+00:00
CVE-2026-9720,added,,cve_2026_to_now,2026-07-29T09:34:47+00:00
CVE-2026-9804,updated,2026-07-28,cve_2026_to_now,2026-07-29T09:34:47+00:00
CVE-2026-10207,added,,cve_2026_to_now,2026-07-29T09:34:47+00:00
CVE-2026-11332,updated,2026-07-28,cve_2026_to_now,2026-07-29T09:34:47+00:00
CVE-2026-11351,added,,cve_2026_to_now,2026-07-29T09:34:47+00:00
CVE-2026-11391,added,,cve_2026_to_now,2026-07-29T09:34:47+00:00
CVE-2026-11598,added,,cve_2026_to_now,2026-07-29T09:34:47+00:00
CVE-2026-11756,updated,,cve_2026_to_now,2026-07-29T09:34:47+00:00
CVE-2026-11841,added,,cve_2026_to_now,2026-07-29T09:34:47+00:00
CVE-2026-11973,added,,cve_2026_to_now,2026-07-29T09:34:47+00:00
CVE-2026-11974,added,,cve_2026_to_now,2026-07-29T09:34:47+00:00
CVE-2026-12001,updated,2026-07-28,cve_2026_to_now,2026-07-29T09:34:47+00:00
CVE-2026-12124,updated,,cve_2026_to_now,2026-07-29T09:34:47+00:00
CVE-2026-12143,updated,2026-07-28,cve_2026_to_now,2026-07-29T09:34:47+00:00
CVE-2026-12144,added,,cve_2026_to_now,2026-07-29T09:34:47+00:00
CVE-2026-12476,added,,cve_2026_to_now,2026-07-29T09:34:47+00:00
CVE-2026-12505,updated,2026-07-28,cve_2026_to_now,2026-07-29T09:34:47+00:00
CVE-2026-12741,updated,,cve_2026_to_now,2026-07-29T09:34:47+00:00
CVE-2026-12800,updated,,cve_2026_to_now,2026-07-29T09:34:47+00:00
CVE-2026-12938,added,,cve_2026_to_now,2026-07-29T09:34:47+00:00
CVE-2026-12939,added,,cve_2026_to_now,2026-07-29T09:34:47+00:00
CVE-2026-13110,added,,cve_2026_to_now,2026-07-29T09:34:47+00:00
CVE-2026-13161,updated,,cve_2026_to_now,2026-07-29T09:34:47+00:00
CVE-2026-13423,added,,cve_2026_to_now,2026-07-29T09:34:47+00:00
CVE-2026-13425,added,,cve_2026_to_now,2026-07-29T09:34:47+00:00
CVE-2026-13440,added,,cve_2026_to_now,2026-07-29T09:34:47+00:00
CVE-2026-13442,added,,cve_2026_to_now,2026-07-29T09:34:47+00:00
CVE-2026-13463,added,,cve_2026_to_now,2026-07-29T09:34:47+00:00
CVE-2026-13605,added,,cve_2026_to_now,2026-07-29T09:34:47+00:00
CVE-2026-13676,updated,2026-07-28,cve_2026_to_now,2026-07-29T09:34:47+00:00
CVE-2026-13690,added,,cve_2026_to_now,2026-07-29T09:34:47+00:00
CVE-2026-13692,added,,cve_2026_to_now,2026-07-29T09:34:47+00:00
CVE-2026-14167,updated,,cve_2026_to_now,2026-07-29T09:34:47+00:00
CVE-2026-14168,updated,,cve_2026_to_now,2026-07-29T09:34:47+00:00
CVE-2026-14169,updated,,cve_2026_to_now,2026-07-29T09:34:47+00:00
CVE-2026-14171,updated,,cve_2026_to_now,2026-07-29T09:34:47+00:00
CVE-2026-14224,added,,cve_2026_to_now,2026-07-29T09:34:47+00:00
CVE-2026-14234,added,,cve_2026_to_now,2026-07-29T09:34:47+00:00
CVE-2026-14300,added,,cve_2026_to_now,2026-07-29T09:34:47+00:00
CVE-2026-14328,added,,cve_2026_to_now,2026-07-29T09:34:47+00:00
CVE-2026-14446,added,,cve_2026_to_now,2026-07-29T09:34:47+00:00
CVE-2026-14490,updated,,cve_2026_to_now,2026-07-29T09:34:47+00:00
CVE-2026-14512,added,,cve_2026_to_now,2026-07-29T09:34:47+00:00
CVE-2026-14515,added,,cve_2026_to_now,2026-07-29T09:34:47+00:00
CVE-2026-14516,updated,,cve_2026_to_now,2026-07-29T09:34:47+00:00
CVE-2026-14528,added,,cve_2026_to_now,2026-07-29T09:34:47+00:00
CVE-2026-14545,updated,,cve_2026_to_now,2026-07-29T09:34:47+00:00
CVE-2026-14785,added,,cve_2026_to_now,2026-07-29T09:34:47+00:00
CVE-2026-14819,updated,,cve_2026_to_now,2026-07-29T09:34:47+00:00
CVE-2026-14821,updated,,cve_2026_to_now,2026-07-29T09:34:47+00:00
CVE-2026-14869,added,,cve_2026_to_now,2026-07-29T09:34:47+00:00
CVE-2026-14870,updated,,cve_2026_to_now,2026-07-29T09:34:47+00:00
CVE-2026-14893,added,,cve_2026_to_now,2026-07-29T09:34:47+00:00
CVE-2026-14924,updated,,cve_2026_to_now,2026-07-29T09:34:47+00:00
CVE-2026-14926,updated,,cve_2026_to_now,2026-07-29T09:34:47+00:00
CVE-2026-14958,added,,cve_2026_to_now,2026-07-29T09:34:47+00:00
CVE-2026-14959,added,,cve_2026_to_now,2026-07-29T09:34:47+00:00
CVE-2026-14973,added,,cve_2026_to_now,2026-07-29T09:34:47+00:00
CVE-2026-14974,added,,cve_2026_to_now,2026-07-29T09:34:47+00:00
CVE-2026-14976,added,,cve_2026_to_now,2026-07-29T09:34:47+00:00
CVE-2026-14979,updated,2026-07-28,cve_2026_to_now,2026-07-29T09:34:47+00:00
CVE-2026-14981,added,,cve_2026_to_now,2026-07-29T09:34:47+00:00
CVE-2026-14996,added,,cve_2026_to_now,2026-07-29T09:34:47+00:00
CVE-2026-15003,updated,2026-07-28,cve_2026_to_now,2026-07-29T09:34:47+00:00
CVE-2026-15012,updated,,cve_2026_to_now,2026-07-29T09:34:47+00:00
CVE-2026-15014,updated,,cve_2026_to_now,2026-07-29T09:34:47+00:00
CVE-2026-15016,added,,cve_2026_to_now,2026-07-29T09:34:47+00:00
CVE-2026-15025,added,,cve_2026_to_now,2026-07-29T09:34:47+00:00
CVE-2026-15057,added,,cve_2026_to_now,2026-07-29T09:34:47+00:00
CVE-2026-15064,added,,cve_2026_to_now,2026-07-29T09:34:47+00:00
CVE-2026-15136,updated,,cve_2026_to_now,2026-07-29T09:34:47+00:00
CVE-2026-15267,updated,,cve_2026_to_now,2026-07-29T09:34:47+00:00
CVE-2026-15280,added,,cve_2026_to_now,2026-07-29T09:34:47+00:00
CVE-2026-15304,added,,cve_2026_to_now,2026-07-29T09:34:47+00:00
CVE-2026-15325,added,,cve_2026_to_now,2026-07-29T09:34:47+00:00
CVE-2026-15328,added,,cve_2026_to_now,2026-07-29T09:34:47+00:00
CVE-2026-15344,added,,cve_2026_to_now,2026-07-29T09:34:47+00:00
CVE-2026-15393,added,,cve_2026_to_now,2026-07-29T09:34:47+00:00
CVE-2026-15411,added,,cve_2026_to_now,2026-07-29T09:34:47+00:00
CVE-2026-15444,added,,cve_2026_to_now,2026-07-29T09:34:47+00:00
CVE-2026-15670,updated,,cve_2026_to_now,2026-07-29T09:34:47+00:00
CVE-2026-15671,updated,,cve_2026_to_now,2026-07-29T09:34:47+00:00
CVE-2026-15673,updated,,cve_2026_to_now,2026-07-29T09:34:47+00:00
CVE-2026-15730,updated,,cve_2026_to_now,2026-07-29T09:34:47+00:00
CVE-2026-15735,added,,cve_2026_to_now,2026-07-29T09:34:47+00:00
CVE-2026-15992,added,,cve_2026_to_now,2026-07-29T09:34:47+00:00
CVE-2026-16107,added,,cve_2026_to_now,2026-07-29T09:34:47+00:00
CVE-2026-16184,added,,cve_2026_to_now,2026-07-29T09:34:47+00:00
CVE-2026-16192,added,,cve_2026_to_now,2026-07-29T09:34:47+00:00
CVE-2026-16242,updated,2026-07-29,cve_2026_to_now,2026-07-29T09:34:47+00:00
CVE-2026-16313,added,,cve_2026_to_now,2026-07-29T09:34:47+00:00
CVE-2026-16347,added,,cve_2026_to_now,2026-07-29T09:34:47+00:00
CVE-2026-16392,updated,2026-07-28,cve_2026_to_now,2026-07-29T09:34:47+00:00
CVE-2026-16462,added,,cve_2026_to_now,2026-07-29T09:34:47+00:00
CVE-2026-16496,added,,cve_2026_to_now,2026-07-29T09:34:47+00:00
CVE-2026-16498,added,,cve_2026_to_now,2026-07-29T09:34:47+00:00
CVE-2026-16581,added,,cve_2026_to_now,2026-07-29T09:34:47+00:00
CVE-2026-16585,updated,,cve_2026_to_now,2026-07-29T09:34:47+00:00
CVE-2026-16587,updated,,cve_2026_to_now,2026-07-29T09:34:47+00:00
CVE-2026-16615,updated,2026-07-28,cve_2026_to_now,2026-07-29T09:34:47+00:00
CVE-2026-16629,updated,2026-07-28,cve_2026_to_now,2026-07-29T09:34:47+00:00
CVE-2026-16771,added,,cve_2026_to_now,2026-07-29T09:34:47+00:00
CVE-2026-16773,added,,cve_2026_to_now,2026-07-29T09:34:47+00:00
CVE-2026-16774,added,,cve_2026_to_now,2026-07-29T09:34:47+00:00
CVE-2026-16797,updated,,cve_2026_to_now,2026-07-29T09:34:47+00:00
CVE-2026-16811,updated,,cve_2026_to_now,2026-07-29T09:34:47+00:00
CVE-2026-17072,added,,cve_2026_to_now,2026-07-29T09:34:47+00:00
CVE-2026-17107,updated,2026-07-29,cve_2026_to_now,2026-07-29T09:34:47+00:00
CVE-2026-17161,added,,cve_2026_to_now,2026-07-29T09:34:47+00:00
CVE-2026-17162,added,,cve_2026_to_now,2026-07-29T09:34:47+00:00
CVE-2026-17166,added,,cve_2026_to_now,2026-07-29T09:34:47+00:00
CVE-2026-17501,updated,2026-07-29,cve_2026_to_now,2026-07-29T09:34:47+00:00
CVE-2026-17524,updated,,cve_2026_to_now,2026-07-29T09:34:47+00:00
CVE-2026-17528,updated,,cve_2026_to_now,2026-07-29T09:34:47+00:00
CVE-2026-17531,updated,2026-07-28,cve_2026_to_now,2026-07-29T09:34:47+00:00
CVE-2026-17552,updated,2026-07-28,cve_2026_to_now,2026-07-29T09:34:47+00:00
CVE-2026-17568,updated,2026-07-28,cve_2026_to_now,2026-07-29T09:34:47+00:00
CVE-2026-17569,updated,2026-07-28,cve_2026_to_now,2026-07-29T09:34:47+00:00
CVE-2026-18028,added,,cve_2026_to_now,2026-07-29T09:34:47+00:00
CVE-2026-18029,added,,cve_2026_to_now,2026-07-29T09:34:47+00:00
CVE-2026-18038,added,,cve_2026_to_now,2026-07-29T09:34:47+00:00
CVE-2026-18047,added,,cve_2026_to_now,2026-07-29T09:34:47+00:00
CVE-2026-18072,added,,cve_2026_to_now,2026-07-29T09:34:47+00:00
CVE-2026-18084,added,,cve_2026_to_now,2026-07-29T09:34:47+00:00
CVE-2026-18085,added,,cve_2026_to_now,2026-07-29T09:34:47+00:00
CVE-2026-18107,added,,cve_2026_to_now,2026-07-29T09:34:47+00:00
CVE-2026-18191,added,,cve_2026_to_now,2026-07-29T09:34:47+00:00
CVE-2026-18192,added,,cve_2026_to_now,2026-07-29T09:34:47+00:00
CVE-2026-18197,added,,cve_2026_to_now,2026-07-29T09:34:47+00:00
CVE-2026-18201,added,,cve_2026_to_now,2026-07-29T09:34:47+00:00
CVE-2026-18207,added,,cve_2026_to_now,2026-07-29T09:34:47+00:00
CVE-2026-20672,updated,2026-07-28,cve_2026_to_now,2026-07-29T09:34:47+00:00
CVE-2026-21047,added,2026-07-29,cve_2026_to_now,2026-07-29T09:34:47+00:00
CVE-2026-22029,updated,2026-07-28,cve_2026_to_now,2026-07-29T09:34:47+00:00
CVE-2026-22068,added,,cve_2026_to_now,2026-07-29T09:34:47+00:00
CVE-2026-23904,added,,cve_2026_to_now,2026-07-29T09:34:47+00:00
CVE-2026-24033,added,,cve_2026_to_now,2026-07-29T09:34:47+00:00
CVE-2026-24049,updated,2026-07-28,cve_2026_to_now,2026-07-29T09:34:47+00:00
CVE-2026-25639,updated,2026-07-28,cve_2026_to_now,2026-07-29T09:34:47+00:00
CVE-2026-25679,updated,2026-07-28,cve_2026_to_now,2026-07-29T09:34:47+00:00
CVE-2026-26142,updated,2026-07-28,cve_2026_to_now,2026-07-29T09:34:47+00:00
CVE-2026-26145,updated,2026-07-28,cve_2026_to_now,2026-07-29T09:34:47+00:00
CVE-2026-27145,updated,2026-07-28,cve_2026_to_now,2026-07-29T09:34:47+00:00
CVE-2026-28780,updated,2026-07-28,cve_2026_to_now,2026-07-29T09:34:47+00:00
CVE-2026-28849,updated,2026-07-28,cve_2026_to_now,2026-07-29T09:34:47+00:00
CVE-2026-28896,updated,2026-07-28,cve_2026_to_now,2026-07-29T09:34:47+00:00
CVE-2026-28900,updated,2026-07-28,cve_2026_to_now,2026-07-29T09:34:47+00:00
CVE-2026-28911,updated,2026-07-28,cve_2026_to_now,2026-07-29T09:34:47+00:00
CVE-2026-28912,updated,2026-07-29,cve_2026_to_now,2026-07-29T09:34:47+00:00
CVE-2026-28926,updated,2026-07-29,cve_2026_to_now,2026-07-29T09:34:47+00:00
CVE-2026-28928,updated,2026-07-28,cve_2026_to_now,2026-07-29T09:34:47+00:00
CVE-2026-28931,updated,2026-07-29,cve_2026_to_now,2026-07-29T09:34:47+00:00
CVE-2026-28932,updated,2026-07-28,cve_2026_to_now,2026-07-29T09:34:47+00:00
CVE-2026-28945,updated,2026-07-28,cve_2026_to_now,2026-07-29T09:34:47+00:00
CVE-2026-28973,updated,2026-07-28,cve_2026_to_now,2026-07-29T09:34:47+00:00
CVE-2026-28981,updated,2026-07-29,cve_2026_to_now,2026-07-29T09:34:47+00:00
CVE-2026-28982,updated,2026-07-28,cve_2026_to_now,2026-07-29T09:34:47+00:00
CVE-2026-29063,updated,2026-07-28,cve_2026_to_now,2026-07-29T09:34:47+00:00
CVE-2026-32174,updated,2026-07-28,cve_2026_to_now,2026-07-29T09:34:47+00:00
CVE-2026-32193,updated,2026-07-28,cve_2026_to_now,2026-07-29T09:34:47+00:00
CVE-2026-32208,updated,2026-07-28,cve_2026_to_now,2026-07-29T09:34:47+00:00
CVE-2026-32280,updated,2026-07-28,cve_2026_to_now,2026-07-29T09:34:47+00:00
CVE-2026-33113,updated,2026-07-28,cve_2026_to_now,2026-07-29T09:34:47+00:00
CVE-2026-33186,updated,2026-07-28,cve_2026_to_now,2026-07-29T09:34:47+00:00
CVE-2026-33211,updated,2026-07-28,cve_2026_to_now,2026-07-29T09:34:47+00:00
CVE-2026-33267,added,,cve_2026_to_now,2026-07-29T09:34:47+00:00
CVE-2026-33811,updated,2026-07-28,cve_2026_to_now,2026-07-29T09:34:47+00:00
CVE-2026-33828,updated,2026-07-28,cve_2026_to_now,2026-07-29T09:34:47+00:00
CVE-2026-33842,updated,2026-07-28,cve_2026_to_now,2026-07-29T09:34:47+00:00
CVE-2026-33930,added,,cve_2026_to_now,2026-07-29T09:34:47+00:00
CVE-2026-34328,updated,2026-07-28,cve_2026_to_now,2026-07-29T09:34:47+00:00
CVE-2026-34335,updated,2026-07-28,cve_2026_to_now,2026-07-29T09:34:47+00:00
CVE-2026-34346,updated,2026-07-28,cve_2026_to_now,2026-07-29T09:34:47+00:00
CVE-2026-34348,updated,2026-07-28,cve_2026_to_now,2026-07-29T09:34:47+00:00
CVE-2026-34349,updated,2026-07-28,cve_2026_to_now,2026-07-29T09:34:47+00:00
CVE-2026-34355,updated,2026-07-28,cve_2026_to_now,2026-07-29T09:34:47+00:00
CVE-2026-34986,updated,2026-07-28,cve_2026_to_now,2026-07-29T09:34:47+00:00
CVE-2026-35226,added,,cve_2026_to_now,2026-07-29T09:34:47+00:00
CVE-2026-35425,updated,2026-07-28,cve_2026_to_now,2026-07-29T09:34:47+00:00
CVE-2026-35469,updated,2026-07-28,cve_2026_to_now,2026-07-29T09:34:47+00:00
CVE-2026-39821,updated,2026-07-28,cve_2026_to_now,2026-07-29T09:34:47+00:00
CVE-2026-39828,updated,2026-07-28,cve_2026_to_now,2026-07-29T09:34:47+00:00
CVE-2026-39829,updated,2026-07-28,cve_2026_to_now,2026-07-29T09:34:47+00:00
CVE-2026-39830,updated,2026-07-28,cve_2026_to_now,2026-07-29T09:34:47+00:00
CVE-2026-39835,updated,2026-07-28,cve_2026_to_now,2026-07-29T09:34:47+00:00
CVE-2026-39873,updated,2026-07-28,cve_2026_to_now,2026-07-29T09:34:47+00:00
CVE-2026-39877,updated,2026-07-28,cve_2026_to_now,2026-07-29T09:34:47+00:00
CVE-2026-39892,updated,2026-07-28,cve_2026_to_now,2026-07-29T09:34:47+00:00
CVE-2026-40000,updated,2026-07-28,cve_2026_to_now,2026-07-29T09:34:47+00:00
CVE-2026-40175,updated,2026-07-28,cve_2026_to_now,2026-07-29T09:34:47+00:00
CVE-2026-40371,updated,2026-07-28,cve_2026_to_now,2026-07-29T09:34:47+00:00
CVE-2026-40376,updated,2026-07-28,cve_2026_to_now,2026-07-29T09:34:47+00:00
CVE-2026-40378,updated,2026-07-28,cve_2026_to_now,2026-07-29T09:34:47+00:00
CVE-2026-40400,updated,2026-07-28,cve_2026_to_now,2026-07-29T09:34:47+00:00
CVE-2026-40404,updated,2026-07-28,cve_2026_to_now,2026-07-29T09:34:47+00:00
CVE-2026-40409,updated,2026-07-28,cve_2026_to_now,2026-07-29T09:34:47+00:00
CVE-2026-40422,updated,2026-07-28,cve_2026_to_now,2026-07-29T09:34:47+00:00
CVE-2026-40895,updated,2026-07-28,cve_2026_to_now,2026-07-29T09:34:47+00:00
CVE-2026-40983,updated,2026-07-28,cve_2026_to_now,2026-07-29T09:34:47+00:00
CVE-2026-41087,updated,2026-07-28,cve_2026_to_now,2026-07-29T09:34:47+00:00
CVE-2026-41092,updated,2026-07-28,cve_2026_to_now,2026-07-29T09:34:47+00:00
CVE-2026-41098,updated,2026-07-28,cve_2026_to_now,2026-07-29T09:34:47+00:00
CVE-2026-41106,updated,2026-07-28,cve_2026_to_now,2026-07-29T09:34:47+00:00
CVE-2026-41108,updated,2026-07-28,cve_2026_to_now,2026-07-29T09:34:47+00:00
CVE-2026-41109,updated,2026-07-28,cve_2026_to_now,2026-07-29T09:34:47+00:00
CVE-2026-41602,updated,2026-07-28,cve_2026_to_now,2026-07-29T09:34:47+00:00
CVE-2026-41604,updated,2026-07-28,cve_2026_to_now,2026-07-29T09:34:47+00:00
CVE-2026-41606,updated,2026-07-28,cve_2026_to_now,2026-07-29T09:34:47+00:00
CVE-2026-41607,updated,2026-07-28,cve_2026_to_now,2026-07-29T09:34:47+00:00
CVE-2026-41608,updated,2026-07-28,cve_2026_to_now,2026-07-29T09:34:47+00:00
CVE-2026-41874,added,,cve_2026_to_now,2026-07-29T09:34:47+00:00
CVE-2026-41920,added,,cve_2026_to_now,2026-07-29T09:34:47+00:00
CVE-2026-42006,updated,2026-07-28,cve_2026_to_now,2026-07-29T09:34:47+00:00
CVE-2026-42033,updated,2026-07-28,cve_2026_to_now,2026-07-29T09:34:47+00:00
CVE-2026-42039,updated,2026-07-28,cve_2026_to_now,2026-07-29T09:34:47+00:00
CVE-2026-42041,updated,2026-07-28,cve_2026_to_now,2026-07-29T09:34:47+00:00
CVE-2026-42043,updated,2026-07-28,cve_2026_to_now,2026-07-29T09:34:47+00:00
CVE-2026-42044,updated,2026-07-28,cve_2026_to_now,2026-07-29T09:34:47+00:00
CVE-2026-42055,updated,2026-07-28,cve_2026_to_now,2026-07-29T09:34:47+00:00
CVE-2026-42154,updated,2026-07-28,cve_2026_to_now,2026-07-29T09:34:47+00:00
CVE-2026-42338,updated,2026-07-28,cve_2026_to_now,2026-07-29T09:34:47+00:00
CVE-2026-42492,added,,cve_2026_to_now,2026-07-29T09:34:47+00:00
CVE-2026-42493,added,,cve_2026_to_now,2026-07-29T09:34:47+00:00
CVE-2026-42494,added,,cve_2026_to_now,2026-07-29T09:34:47+00:00
CVE-2026-42495,added,,cve_2026_to_now,2026-07-29T09:34:47+00:00
CVE-2026-42504,updated,2026-07-28,cve_2026_to_now,2026-07-29T09:34:47+00:00
CVE-2026-42508,updated,2026-07-28,cve_2026_to_now,2026-07-29T09:34:47+00:00
CVE-2026-42533,updated,2026-07-29,cve_2026_to_now,2026-07-29T09:34:47+00:00
CVE-2026-42536,updated,2026-07-28,cve_2026_to_now,2026-07-29T09:34:47+00:00
CVE-2026-42792,updated,2026-07-28,cve_2026_to_now,2026-07-29T09:34:47+00:00
CVE-2026-42824,updated,2026-07-28,cve_2026_to_now,2026-07-29T09:34:47+00:00
CVE-2026-42828,updated,2026-07-28,cve_2026_to_now,2026-07-29T09:34:47+00:00
CVE-2026-42829,updated,2026-07-28,cve_2026_to_now,2026-07-29T09:34:47+00:00
CVE-2026-42835,updated,2026-07-28,cve_2026_to_now,2026-07-29T09:34:47+00:00
CVE-2026-42836,updated,2026-07-28,cve_2026_to_now,2026-07-29T09:34:47+00:00
CVE-2026-42837,updated,2026-07-28,cve_2026_to_now,2026-07-29T09:34:47+00:00
CVE-2026-42895,updated,2026-07-28,cve_2026_to_now,2026-07-29T09:34:47+00:00
CVE-2026-42900,updated,2026-07-28,cve_2026_to_now,2026-07-29T09:34:47+00:00
CVE-2026-42902,updated,2026-07-28,cve_2026_to_now,2026-07-29T09:34:47+00:00
CVE-2026-42903,updated,2026-07-28,cve_2026_to_now,2026-07-29T09:34:47+00:00
CVE-2026-42904,updated,2026-07-28,cve_2026_to_now,2026-07-29T09:34:47+00:00
CVE-2026-42905,updated,2026-07-28,cve_2026_to_now,2026-07-29T09:34:47+00:00
CVE-2026-42906,updated,2026-07-28,cve_2026_to_now,2026-07-29T09:34:47+00:00
CVE-2026-42907,updated,2026-07-28,cve_2026_to_now,2026-07-29T09:34:47+00:00
CVE-2026-42908,updated,2026-07-28,cve_2026_to_now,2026-07-29T09:34:47+00:00
CVE-2026-42909,updated,2026-07-28,cve_2026_to_now,2026-07-29T09:34:47+00:00
CVE-2026-42910,updated,2026-07-28,cve_2026_to_now,2026-07-29T09:34:47+00:00
CVE-2026-42911,updated,2026-07-28,cve_2026_to_now,2026-07-29T09:34:47+00:00
CVE-2026-42912,updated,2026-07-28,cve_2026_to_now,2026-07-29T09:34:47+00:00
CVE-2026-42913,updated,2026-07-28,cve_2026_to_now,2026-07-29T09:34:47+00:00
CVE-2026-42914,updated,2026-07-28,cve_2026_to_now,2026-07-29T09:34:47+00:00
CVE-2026-42915,updated,2026-07-28,cve_2026_to_now,2026-07-29T09:34:47+00:00
CVE-2026-42916,updated,2026-07-28,cve_2026_to_now,2026-07-29T09:34:47+00:00
CVE-2026-42968,updated,2026-07-28,cve_2026_to_now,2026-07-29T09:34:47+00:00
CVE-2026-42969,updated,2026-07-28,cve_2026_to_now,2026-07-29T09:34:47+00:00
CVE-2026-42970,updated,2026-07-28,cve_2026_to_now,2026-07-29T09:34:47+00:00
CVE-2026-42971,updated,2026-07-28,cve_2026_to_now,2026-07-29T09:34:47+00:00
CVE-2026-42972,updated,2026-07-28,cve_2026_to_now,2026-07-29T09:34:47+00:00
CVE-2026-42973,updated,2026-07-28,cve_2026_to_now,2026-07-29T09:34:47+00:00
CVE-2026-42974,updated,2026-07-28,cve_2026_to_now,2026-07-29T09:34:47+00:00
CVE-2026-42975,updated,2026-07-28,cve_2026_to_now,2026-07-29T09:34:47+00:00
CVE-2026-42977,updated,2026-07-28,cve_2026_to_now,2026-07-29T09:34:47+00:00
CVE-2026-42978,updated,2026-07-28,cve_2026_to_now,2026-07-29T09:34:47+00:00
CVE-2026-42979,updated,2026-07-28,cve_2026_to_now,2026-07-29T09:34:47+00:00
CVE-2026-42980,updated,2026-07-28,cve_2026_to_now,2026-07-29T09:34:47+00:00
CVE-2026-42981,updated,2026-07-28,cve_2026_to_now,2026-07-29T09:34:47+00:00
CVE-2026-42982,updated,2026-07-28,cve_2026_to_now,2026-07-29T09:34:47+00:00
CVE-2026-42983,updated,2026-07-28,cve_2026_to_now,2026-07-29T09:34:47+00:00
CVE-2026-42984,updated,2026-07-28,cve_2026_to_now,2026-07-29T09:34:47+00:00
CVE-2026-42985,updated,2026-07-28,cve_2026_to_now,2026-07-29T09:34:47+00:00
CVE-2026-42986,updated,2026-07-28,cve_2026_to_now,2026-07-29T09:34:47+00:00
CVE-2026-42987,updated,2026-07-28,cve_2026_to_now,2026-07-29T09:34:47+00:00
CVE-2026-42989,updated,2026-07-28,cve_2026_to_now,2026-07-29T09:34:47+00:00
CVE-2026-42990,updated,2026-07-28,cve_2026_to_now,2026-07-29T09:34:47+00:00
CVE-2026-42991,updated,2026-07-28,cve_2026_to_now,2026-07-29T09:34:47+00:00
CVE-2026-42992,updated,2026-07-28,cve_2026_to_now,2026-07-29T09:34:47+00:00
CVE-2026-42993,updated,2026-07-28,cve_2026_to_now,2026-07-29T09:34:47+00:00
CVE-2026-43665,updated,2026-07-28,cve_2026_to_now,2026-07-29T09:34:47+00:00
CVE-2026-43672,updated,2026-07-28,cve_2026_to_now,2026-07-29T09:34:47+00:00
CVE-2026-43673,updated,2026-07-28,cve_2026_to_now,2026-07-29T09:34:47+00:00
CVE-2026-43681,updated,2026-07-28,cve_2026_to_now,2026-07-29T09:34:47+00:00
CVE-2026-43682,updated,2026-07-28,cve_2026_to_now,2026-07-29T09:34:47+00:00
CVE-2026-43694,updated,2026-07-28,cve_2026_to_now,2026-07-29T09:34:47+00:00
CVE-2026-43710,updated,2026-07-28,cve_2026_to_now,2026-07-29T09:34:47+00:00
CVE-2026-43711,updated,2026-07-28,cve_2026_to_now,2026-07-29T09:34:47+00:00
CVE-2026-43714,updated,2026-07-28,cve_2026_to_now,2026-07-29T09:34:47+00:00
CVE-2026-43728,updated,2026-07-28,cve_2026_to_now,2026-07-29T09:34:47+00:00
CVE-2026-43729,updated,2026-07-28,cve_2026_to_now,2026-07-29T09:34:47+00:00
CVE-2026-43730,updated,2026-07-28,cve_2026_to_now,2026-07-29T09:34:47+00:00
CVE-2026-43733,updated,2026-07-28,cve_2026_to_now,2026-07-29T09:34:47+00:00
CVE-2026-43738,updated,2026-07-28,cve_2026_to_now,2026-07-29T09:34:47+00:00
CVE-2026-43739,updated,2026-07-28,cve_2026_to_now,2026-07-29T09:34:47+00:00
CVE-2026-43744,updated,2026-07-28,cve_2026_to_now,2026-07-29T09:34:47+00:00
CVE-2026-43747,updated,2026-07-28,cve_2026_to_now,2026-07-29T09:34:47+00:00
CVE-2026-43748,updated,2026-07-28,cve_2026_to_now,2026-07-29T09:34:47+00:00
CVE-2026-43750,updated,2026-07-29,cve_2026_to_now,2026-07-29T09:34:47+00:00
CVE-2026-43753,updated,2026-07-28,cve_2026_to_now,2026-07-29T09:34:47+00:00
CVE-2026-43754,updated,2026-07-28,cve_2026_to_now,2026-07-29T09:34:47+00:00
CVE-2026-43756,updated,2026-07-28,cve_2026_to_now,2026-07-29T09:34:47+00:00
CVE-2026-43757,updated,2026-07-28,cve_2026_to_now,2026-07-29T09:34:47+00:00
CVE-2026-43758,updated,2026-07-28,cve_2026_to_now,2026-07-29T09:34:47+00:00
CVE-2026-43759,updated,2026-07-28,cve_2026_to_now,2026-07-29T09:34:47+00:00
CVE-2026-43760,updated,2026-07-28,cve_2026_to_now,2026-07-29T09:34:47+00:00
CVE-2026-43763,updated,2026-07-28,cve_2026_to_now,2026-07-29T09:34:47+00:00
CVE-2026-43764,updated,2026-07-28,cve_2026_to_now,2026-07-29T09:34:47+00:00
CVE-2026-43765,updated,2026-07-28,cve_2026_to_now,2026-07-29T09:34:47+00:00
CVE-2026-43766,updated,2026-07-28,cve_2026_to_now,2026-07-29T09:34:47+00:00
CVE-2026-43767,updated,2026-07-28,cve_2026_to_now,2026-07-29T09:34:47+00:00
CVE-2026-43768,updated,2026-07-28,cve_2026_to_now,2026-07-29T09:34:47+00:00
CVE-2026-43769,updated,2026-07-28,cve_2026_to_now,2026-07-29T09:34:47+00:00
CVE-2026-43770,updated,2026-07-28,cve_2026_to_now,2026-07-29T09:34:47+00:00
CVE-2026-43771,updated,2026-07-28,cve_2026_to_now,2026-07-29T09:34:47+00:00
CVE-2026-43772,updated,2026-07-28,cve_2026_to_now,2026-07-29T09:34:47+00:00
CVE-2026-43773,updated,2026-07-28,cve_2026_to_now,2026-07-29T09:34:47+00:00
CVE-2026-43774,updated,2026-07-28,cve_2026_to_now,2026-07-29T09:34:47+00:00
CVE-2026-43775,updated,2026-07-28,cve_2026_to_now,2026-07-29T09:34:47+00:00
CVE-2026-43777,updated,2026-07-28,cve_2026_to_now,2026-07-29T09:34:47+00:00
CVE-2026-43778,updated,2026-07-28,cve_2026_to_now,2026-07-29T09:34:47+00:00
CVE-2026-43779,updated,2026-07-28,cve_2026_to_now,2026-07-29T09:34:47+00:00
CVE-2026-43780,updated,2026-07-28,cve_2026_to_now,2026-07-29T09:34:47+00:00
CVE-2026-43781,updated,2026-07-28,cve_2026_to_now,2026-07-29T09:34:47+00:00
CVE-2026-43782,updated,2026-07-28,cve_2026_to_now,2026-07-29T09:34:47+00:00
CVE-2026-43792,updated,2026-07-28,cve_2026_to_now,2026-07-29T09:34:47+00:00
CVE-2026-43793,updated,2026-07-28,cve_2026_to_now,2026-07-29T09:34:47+00:00
CVE-2026-43796,updated,2026-07-28,cve_2026_to_now,2026-07-29T09:34:47+00:00
CVE-2026-43797,updated,2026-07-28,cve_2026_to_now,2026-07-29T09:34:47+00:00
CVE-2026-43799,updated,2026-07-28,cve_2026_to_now,2026-07-29T09:34:47+00:00
CVE-2026-43800,updated,2026-07-28,cve_2026_to_now,2026-07-29T09:34:47+00:00
CVE-2026-43801,updated,2026-07-28,cve_2026_to_now,2026-07-29T09:34:47+00:00
CVE-2026-43802,updated,2026-07-28,cve_2026_to_now,2026-07-29T09:34:47+00:00
CVE-2026-43803,updated,2026-07-28,cve_2026_to_now,2026-07-29T09:34:47+00:00
CVE-2026-43804,updated,2026-07-28,cve_2026_to_now,2026-07-29T09:34:47+00:00
CVE-2026-43805,updated,2026-07-28,cve_2026_to_now,2026-07-29T09:34:47+00:00
CVE-2026-43806,updated,2026-07-28,cve_2026_to_now,2026-07-29T09:34:47+00:00
CVE-2026-43807,updated,2026-07-28,cve_2026_to_now,2026-07-29T09:34:47+00:00
CVE-2026-43809,updated,2026-07-28,cve_2026_to_now,2026-07-29T09:34:47+00:00
CVE-2026-43810,updated,2026-07-28,cve_2026_to_now,2026-07-29T09:34:47+00:00
CVE-2026-43811,updated,2026-07-28,cve_2026_to_now,2026-07-29T09:34:47+00:00
CVE-2026-43812,updated,2026-07-28,cve_2026_to_now,2026-07-29T09:34:47+00:00
CVE-2026-43813,updated,2026-07-28,cve_2026_to_now,2026-07-29T09:34:47+00:00
CVE-2026-43814,updated,2026-07-28,cve_2026_to_now,2026-07-29T09:34:47+00:00
CVE-2026-43816,updated,2026-07-28,cve_2026_to_now,2026-07-29T09:34:47+00:00
CVE-2026-43817,updated,2026-07-28,cve_2026_to_now,2026-07-29T09:34:47+00:00
CVE-2026-43818,updated,2026-07-29,cve_2026_to_now,2026-07-29T09:34:47+00:00
CVE-2026-43819,updated,2026-07-28,cve_2026_to_now,2026-07-29T09:34:47+00:00
CVE-2026-43821,updated,2026-07-28,cve_2026_to_now,2026-07-29T09:34:47+00:00
CVE-2026-43822,updated,2026-07-28,cve_2026_to_now,2026-07-29T09:34:47+00:00
CVE-2026-43869,updated,2026-07-28,cve_2026_to_now,2026-07-29T09:34:47+00:00
CVE-2026-43910,added,,cve_2026_to_now,2026-07-29T09:34:47+00:00
CVE-2026-44172,updated,2026-07-28,cve_2026_to_now,2026-07-29T09:34:47+00:00
CVE-2026-44185,updated,2026-07-28,cve_2026_to_now,2026-07-29T09:34:47+00:00
CVE-2026-44216,updated,2026-07-28,cve_2026_to_now,2026-07-29T09:34:47+00:00
CVE-2026-44293,updated,2026-07-28,cve_2026_to_now,2026-07-29T09:34:47+00:00
CVE-2026-44387,updated,,cve_2026_to_now,2026-07-29T09:34:47+00:00
CVE-2026-44432,updated,2026-07-28,cve_2026_to_now,2026-07-29T09:34:47+00:00
CVE-2026-44486,updated,2026-07-28,cve_2026_to_now,2026-07-29T09:34:47+00:00
CVE-2026-44487,updated,2026-07-28,cve_2026_to_now,2026-07-29T09:34:47+00:00
CVE-2026-44488,updated,2026-07-28,cve_2026_to_now,2026-07-29T09:34:47+00:00
CVE-2026-44492,updated,2026-07-28,cve_2026_to_now,2026-07-29T09:34:47+00:00
CVE-2026-44494,updated,2026-07-28,cve_2026_to_now,2026-07-29T09:34:47+00:00
CVE-2026-44495,updated,2026-07-28,cve_2026_to_now,2026-07-29T09:34:47+00:00
CVE-2026-44496,updated,2026-07-28,cve_2026_to_now,2026-07-29T09:34:47+00:00
CVE-2026-44747,updated,2026-07-29,cve_2026_to_now,2026-07-29T09:34:47+00:00
CVE-2026-44799,updated,2026-07-28,cve_2026_to_now,2026-07-29T09:34:47+00:00
CVE-2026-44800,updated,2026-07-28,cve_2026_to_now,2026-07-29T09:34:47+00:00
CVE-2026-44801,updated,2026-07-28,cve_2026_to_now,2026-07-29T09:34:47+00:00
CVE-2026-44802,updated,2026-07-28,cve_2026_to_now,2026-07-29T09:34:47+00:00
CVE-2026-44803,updated,2026-07-28,cve_2026_to_now,2026-07-29T09:34:47+00:00
CVE-2026-44804,updated,2026-07-28,cve_2026_to_now,2026-07-29T09:34:47+00:00
CVE-2026-44805,updated,2026-07-28,cve_2026_to_now,2026-07-29T09:34:47+00:00
CVE-2026-44806,updated,2026-07-28,cve_2026_to_now,2026-07-29T09:34:47+00:00
CVE-2026-44807,updated,2026-07-28,cve_2026_to_now,2026-07-29T09:34:47+00:00
CVE-2026-44808,updated,2026-07-28,cve_2026_to_now,2026-07-29T09:34:47+00:00
CVE-2026-44809,updated,2026-07-28,cve_2026_to_now,2026-07-29T09:34:47+00:00
CVE-2026-44810,updated,2026-07-28,cve_2026_to_now,2026-07-29T09:34:47+00:00
CVE-2026-44811,updated,2026-07-28,cve_2026_to_now,2026-07-29T09:34:47+00:00
CVE-2026-44812,updated,2026-07-28,cve_2026_to_now,2026-07-29T09:34:47+00:00
CVE-2026-44813,updated,2026-07-28,cve_2026_to_now,2026-07-29T09:34:47+00:00
CVE-2026-44814,updated,2026-07-28,cve_2026_to_now,2026-07-29T09:34:47+00:00
CVE-2026-44815,updated,2026-07-28,cve_2026_to_now,2026-07-29T09:34:47+00:00
CVE-2026-44817,updated,2026-07-28,cve_2026_to_now,2026-07-29T09:34:47+00:00
CVE-2026-44818,updated,2026-07-28,cve_2026_to_now,2026-07-29T09:34:47+00:00
CVE-2026-44819,updated,2026-07-28,cve_2026_to_now,2026-07-29T09:34:47+00:00
CVE-2026-44820,updated,2026-07-28,cve_2026_to_now,2026-07-29T09:34:47+00:00
CVE-2026-44821,updated,2026-07-28,cve_2026_to_now,2026-07-29T09:34:47+00:00
CVE-2026-44822,updated,2026-07-28,cve_2026_to_now,2026-07-29T09:34:47+00:00
CVE-2026-44823,updated,2026-07-28,cve_2026_to_now,2026-07-29T09:34:47+00:00
CVE-2026-44824,updated,2026-07-28,cve_2026_to_now,2026-07-29T09:34:47+00:00
CVE-2026-44990,updated,2026-07-28,cve_2026_to_now,2026-07-29T09:34:47+00:00
CVE-2026-45293,added,,cve_2026_to_now,2026-07-29T09:34:47+00:00
CVE-2026-45453,updated,2026-07-28,cve_2026_to_now,2026-07-29T09:34:47+00:00
CVE-2026-45454,updated,2026-07-28,cve_2026_to_now,2026-07-29T09:34:47+00:00
CVE-2026-45455,updated,2026-07-28,cve_2026_to_now,2026-07-29T09:34:47+00:00
CVE-2026-45456,updated,2026-07-28,cve_2026_to_now,2026-07-29T09:34:47+00:00
CVE-2026-45457,updated,2026-07-28,cve_2026_to_now,2026-07-29T09:34:47+00:00
CVE-2026-45458,updated,2026-07-28,cve_2026_to_now,2026-07-29T09:34:47+00:00
CVE-2026-45459,updated,2026-07-28,cve_2026_to_now,2026-07-29T09:34:47+00:00
CVE-2026-45460,updated,2026-07-28,cve_2026_to_now,2026-07-29T09:34:47+00:00
CVE-2026-45461,updated,2026-07-28,cve_2026_to_now,2026-07-29T09:34:47+00:00
CVE-2026-45462,updated,2026-07-28,cve_2026_to_now,2026-07-29T09:34:47+00:00
CVE-2026-45463,updated,2026-07-28,cve_2026_to_now,2026-07-29T09:34:47+00:00
CVE-2026-45464,updated,2026-07-28,cve_2026_to_now,2026-07-29T09:34:47+00:00
CVE-2026-45465,updated,2026-07-28,cve_2026_to_now,2026-07-29T09:34:47+00:00
CVE-2026-45466,updated,2026-07-28,cve_2026_to_now,2026-07-29T09:34:47+00:00
CVE-2026-45467,updated,2026-07-28,cve_2026_to_now,2026-07-29T09:34:47+00:00
CVE-2026-45468,updated,2026-07-28,cve_2026_to_now,2026-07-29T09:34:47+00:00
CVE-2026-45469,updated,2026-07-28,cve_2026_to_now,2026-07-29T09:34:47+00:00
CVE-2026-45471,updated,2026-07-28,cve_2026_to_now,2026-07-29T09:34:47+00:00
CVE-2026-45472,updated,2026-07-28,cve_2026_to_now,2026-07-29T09:34:47+00:00
CVE-2026-45474,updated,2026-07-28,cve_2026_to_now,2026-07-29T09:34:47+00:00
CVE-2026-45475,updated,2026-07-28,cve_2026_to_now,2026-07-29T09:34:47+00:00
CVE-2026-45476,updated,2026-07-28,cve_2026_to_now,2026-07-29T09:34:47+00:00
CVE-2026-45479,updated,2026-07-28,cve_2026_to_now,2026-07-29T09:34:47+00:00
CVE-2026-45480,updated,2026-07-28,cve_2026_to_now,2026-07-29T09:34:47+00:00
CVE-2026-45481,updated,2026-07-28,cve_2026_to_now,2026-07-29T09:34:47+00:00
CVE-2026-45482,updated,2026-07-28,cve_2026_to_now,2026-07-29T09:34:47+00:00
CVE-2026-45483,updated,2026-07-28,cve_2026_to_now,2026-07-29T09:34:47+00:00
CVE-2026-45484,updated,2026-07-28,cve_2026_to_now,2026-07-29T09:34:47+00:00
CVE-2026-45485,updated,2026-07-28,cve_2026_to_now,2026-07-29T09:34:47+00:00
CVE-2026-45486,updated,2026-07-28,cve_2026_to_now,2026-07-29T09:34:47+00:00
CVE-2026-45487,updated,2026-07-28,cve_2026_to_now,2026-07-29T09:34:47+00:00
CVE-2026-45488,updated,2026-07-28,cve_2026_to_now,2026-07-29T09:34:47+00:00
CVE-2026-45489,updated,2026-07-28,cve_2026_to_now,2026-07-29T09:34:47+00:00
CVE-2026-45490,updated,2026-07-28,cve_2026_to_now,2026-07-29T09:34:47+00:00
CVE-2026-45491,updated,2026-07-28,cve_2026_to_now,2026-07-29T09:34:47+00:00
CVE-2026-45496,updated,2026-07-28,cve_2026_to_now,2026-07-29T09:34:47+00:00
CVE-2026-45497,updated,2026-07-28,cve_2026_to_now,2026-07-29T09:34:47+00:00
CVE-2026-45499,updated,2026-07-28,cve_2026_to_now,2026-07-29T09:34:47+00:00
CVE-2026-45500,updated,2026-07-28,cve_2026_to_now,2026-07-29T09:34:47+00:00
CVE-2026-45501,updated,2026-07-28,cve_2026_to_now,2026-07-29T09:34:47+00:00
CVE-2026-45502,updated,2026-07-28,cve_2026_to_now,2026-07-29T09:34:47+00:00
CVE-2026-45503,updated,2026-07-28,cve_2026_to_now,2026-07-29T09:34:47+00:00
CVE-2026-45504,updated,2026-07-28,cve_2026_to_now,2026-07-29T09:34:47+00:00
CVE-2026-45583,updated,2026-07-28,cve_2026_to_now,2026-07-29T09:34:47+00:00
CVE-2026-45586,updated,2026-07-28,cve_2026_to_now,2026-07-29T09:34:47+00:00
CVE-2026-45588,updated,2026-07-28,cve_2026_to_now,2026-07-29T09:34:47+00:00
CVE-2026-45591,updated,2026-07-28,cve_2026_to_now,2026-07-29T09:34:47+00:00
CVE-2026-45592,updated,2026-07-28,cve_2026_to_now,2026-07-29T09:34:47+00:00
CVE-2026-45593,updated,2026-07-28,cve_2026_to_now,2026-07-29T09:34:47+00:00
CVE-2026-45594,updated,2026-07-28,cve_2026_to_now,2026-07-29T09:34:47+00:00
CVE-2026-45595,updated,2026-07-28,cve_2026_to_now,2026-07-29T09:34:47+00:00
CVE-2026-45596,updated,2026-07-28,cve_2026_to_now,2026-07-29T09:34:47+00:00
CVE-2026-45597,updated,2026-07-28,cve_2026_to_now,2026-07-29T09:34:47+00:00
CVE-2026-45598,updated,2026-07-28,cve_2026_to_now,2026-07-29T09:34:47+00:00
CVE-2026-45599,updated,2026-07-28,cve_2026_to_now,2026-07-29T09:34:47+00:00
CVE-2026-45600,updated,2026-07-28,cve_2026_to_now,2026-07-29T09:34:47+00:00
CVE-2026-45601,updated,2026-07-28,cve_2026_to_now,2026-07-29T09:34:47+00:00
CVE-2026-45602,updated,2026-07-28,cve_2026_to_now,2026-07-29T09:34:47+00:00
CVE-2026-45603,updated,2026-07-28,cve_2026_to_now,2026-07-29T09:34:47+00:00
CVE-2026-45604,updated,2026-07-28,cve_2026_to_now,2026-07-29T09:34:47+00:00
CVE-2026-45605,updated,2026-07-28,cve_2026_to_now,2026-07-29T09:34:47+00:00
CVE-2026-45606,updated,2026-07-28,cve_2026_to_now,2026-07-29T09:34:47+00:00
CVE-2026-45607,updated,2026-07-28,cve_2026_to_now,2026-07-29T09:34:47+00:00
CVE-2026-45608,updated,2026-07-28,cve_2026_to_now,2026-07-29T09:34:47+00:00
CVE-2026-45634,updated,2026-07-28,cve_2026_to_now,2026-07-29T09:34:47+00:00
CVE-2026-45635,updated,2026-07-28,cve_2026_to_now,2026-07-29T09:34:47+00:00
CVE-2026-45636,updated,2026-07-28,cve_2026_to_now,2026-07-29T09:34:47+00:00
CVE-2026-45637,updated,2026-07-28,cve_2026_to_now,2026-07-29T09:34:47+00:00
CVE-2026-45638,updated,2026-07-28,cve_2026_to_now,2026-07-29T09:34:47+00:00
CVE-2026-45639,updated,2026-07-28,cve_2026_to_now,2026-07-29T09:34:47+00:00
CVE-2026-45640,updated,2026-07-28,cve_2026_to_now,2026-07-29T09:34:47+00:00
CVE-2026-45641,updated,2026-07-28,cve_2026_to_now,2026-07-29T09:34:47+00:00
CVE-2026-45642,updated,2026-07-28,cve_2026_to_now,2026-07-29T09:34:47+00:00
CVE-2026-45643,updated,2026-07-28,cve_2026_to_now,2026-07-29T09:34:47+00:00
CVE-2026-45644,updated,2026-07-28,cve_2026_to_now,2026-07-29T09:34:47+00:00
CVE-2026-45645,updated,2026-07-28,cve_2026_to_now,2026-07-29T09:34:47+00:00
CVE-2026-45646,updated,2026-07-28,cve_2026_to_now,2026-07-29T09:34:47+00:00
CVE-2026-45647,updated,2026-07-28,cve_2026_to_now,2026-07-29T09:34:47+00:00
CVE-2026-45648,updated,2026-07-28,cve_2026_to_now,2026-07-29T09:34:47+00:00
CVE-2026-45649,updated,2026-07-28,cve_2026_to_now,2026-07-29T09:34:47+00:00
CVE-2026-45650,updated,2026-07-28,cve_2026_to_now,2026-07-29T09:34:47+00:00
CVE-2026-45653,updated,2026-07-28,cve_2026_to_now,2026-07-29T09:34:47+00:00
CVE-2026-45654,updated,2026-07-28,cve_2026_to_now,2026-07-29T09:34:47+00:00
CVE-2026-45655,updated,2026-07-28,cve_2026_to_now,2026-07-29T09:34:47+00:00
CVE-2026-45656,updated,2026-07-28,cve_2026_to_now,2026-07-29T09:34:47+00:00
CVE-2026-45657,updated,2026-07-28,cve_2026_to_now,2026-07-29T09:34:47+00:00
CVE-2026-45658,updated,2026-07-28,cve_2026_to_now,2026-07-29T09:34:47+00:00
CVE-2026-45700,updated,2026-07-28,cve_2026_to_now,2026-07-29T09:34:47+00:00
CVE-2026-45736,updated,2026-07-28,cve_2026_to_now,2026-07-29T09:34:47+00:00
CVE-2026-46529,updated,2026-07-28,cve_2026_to_now,2026-07-29T09:34:47+00:00
CVE-2026-46579,updated,2026-07-28,cve_2026_to_now,2026-07-29T09:34:47+00:00
CVE-2026-47009,updated,2026-07-29,cve_2026_to_now,2026-07-29T09:34:47+00:00
CVE-2026-47078,updated,2026-07-28,cve_2026_to_now,2026-07-29T09:34:47+00:00
CVE-2026-47219,added,,cve_2026_to_now,2026-07-29T09:34:47+00:00
CVE-2026-47281,updated,2026-07-28,cve_2026_to_now,2026-07-29T09:34:47+00:00
CVE-2026-47282,updated,2026-07-28,cve_2026_to_now,2026-07-29T09:34:47+00:00
CVE-2026-47284,updated,2026-07-28,cve_2026_to_now,2026-07-29T09:34:47+00:00
CVE-2026-47287,updated,2026-07-28,cve_2026_to_now,2026-07-29T09:34:47+00:00
CVE-2026-47288,updated,2026-07-28,cve_2026_to_now,2026-07-29T09:34:47+00:00
CVE-2026-47289,updated,2026-07-28,cve_2026_to_now,2026-07-29T09:34:47+00:00
CVE-2026-47290,updated,2026-07-28,cve_2026_to_now,2026-07-29T09:34:47+00:00
CVE-2026-47291,updated,2026-07-28,cve_2026_to_now,2026-07-29T09:34:47+00:00
CVE-2026-47292,updated,2026-07-28,cve_2026_to_now,2026-07-29T09:34:47+00:00
CVE-2026-47293,updated,2026-07-28,cve_2026_to_now,2026-07-29T09:34:47+00:00
CVE-2026-47295,updated,2026-07-28,cve_2026_to_now,2026-07-29T09:34:47+00:00
CVE-2026-47296,updated,2026-07-28,cve_2026_to_now,2026-07-29T09:34:47+00:00
CVE-2026-47298,updated,2026-07-28,cve_2026_to_now,2026-07-29T09:34:47+00:00
CVE-2026-47300,updated,2026-07-28,cve_2026_to_now,2026-07-29T09:34:47+00:00
CVE-2026-47301,updated,2026-07-28,cve_2026_to_now,2026-07-29T09:34:47+00:00
CVE-2026-47302,updated,2026-07-28,cve_2026_to_now,2026-07-29T09:34:47+00:00
CVE-2026-47303,updated,2026-07-28,cve_2026_to_now,2026-07-29T09:34:47+00:00
CVE-2026-47304,updated,2026-07-28,cve_2026_to_now,2026-07-29T09:34:47+00:00
CVE-2026-47305,updated,2026-07-28,cve_2026_to_now,2026-07-29T09:34:47+00:00
CVE-2026-47427,added,,cve_2026_to_now,2026-07-29T09:34:47+00:00
CVE-2026-47483,added,,cve_2026_to_now,2026-07-29T09:34:47+00:00
CVE-2026-47631,updated,2026-07-28,cve_2026_to_now,2026-07-29T09:34:47+00:00
CVE-2026-47632,updated,2026-07-28,cve_2026_to_now,2026-07-29T09:34:47+00:00
CVE-2026-47633,updated,2026-07-28,cve_2026_to_now,2026-07-29T09:34:47+00:00
CVE-2026-47634,updated,2026-07-28,cve_2026_to_now,2026-07-29T09:34:47+00:00
CVE-2026-47635,updated,2026-07-28,cve_2026_to_now,2026-07-29T09:34:47+00:00
CVE-2026-47636,updated,2026-07-28,cve_2026_to_now,2026-07-29T09:34:47+00:00
CVE-2026-47637,updated,2026-07-28,cve_2026_to_now,2026-07-29T09:34:47+00:00
CVE-2026-47638,updated,2026-07-28,cve_2026_to_now,2026-07-29T09:34:47+00:00
CVE-2026-47639,updated,2026-07-28,cve_2026_to_now,2026-07-29T09:34:47+00:00
CVE-2026-47640,updated,2026-07-28,cve_2026_to_now,2026-07-29T09:34:47+00:00
CVE-2026-47641,updated,2026-07-28,cve_2026_to_now,2026-07-29T09:34:47+00:00
CVE-2026-47642,updated,2026-07-28,cve_2026_to_now,2026-07-29T09:34:47+00:00
CVE-2026-47643,updated,2026-07-28,cve_2026_to_now,2026-07-29T09:34:47+00:00
CVE-2026-47644,updated,2026-07-28,cve_2026_to_now,2026-07-29T09:34:47+00:00
CVE-2026-47645,updated,2026-07-28,cve_2026_to_now,2026-07-29T09:34:47+00:00
CVE-2026-47646,updated,2026-07-28,cve_2026_to_now,2026-07-29T09:34:47+00:00
CVE-2026-47647,updated,2026-07-28,cve_2026_to_now,2026-07-29T09:34:47+00:00
CVE-2026-47648,updated,2026-07-28,cve_2026_to_now,2026-07-29T09:34:47+00:00
CVE-2026-47652,updated,2026-07-28,cve_2026_to_now,2026-07-29T09:34:47+00:00
CVE-2026-47653,updated,2026-07-28,cve_2026_to_now,2026-07-29T09:34:47+00:00
CVE-2026-47654,updated,2026-07-28,cve_2026_to_now,2026-07-29T09:34:47+00:00
CVE-2026-47655,updated,2026-07-28,cve_2026_to_now,2026-07-29T09:34:47+00:00
CVE-2026-47656,updated,2026-07-28,cve_2026_to_now,2026-07-29T09:34:47+00:00
CVE-2026-47724,updated,2026-07-28,cve_2026_to_now,2026-07-29T09:34:47+00:00
CVE-2026-47725,added,,cve_2026_to_now,2026-07-29T09:34:47+00:00
CVE-2026-47726,added,,cve_2026_to_now,2026-07-29T09:34:47+00:00
CVE-2026-47755,updated,2026-07-28,cve_2026_to_now,2026-07-29T09:34:47+00:00
CVE-2026-47768,added,,cve_2026_to_now,2026-07-29T09:34:47+00:00
CVE-2026-48025,added,,cve_2026_to_now,2026-07-29T09:34:47+00:00
CVE-2026-48051,updated,2026-07-28,cve_2026_to_now,2026-07-29T09:34:47+00:00
CVE-2026-48058,added,,cve_2026_to_now,2026-07-29T09:34:47+00:00
CVE-2026-48060,added,,cve_2026_to_now,2026-07-29T09:34:47+00:00
CVE-2026-48372,added,,cve_2026_to_now,2026-07-29T09:34:47+00:00
CVE-2026-48374,added,,cve_2026_to_now,2026-07-29T09:34:47+00:00
CVE-2026-48388,added,,cve_2026_to_now,2026-07-29T09:34:47+00:00
CVE-2026-48390,added,2026-07-29,cve_2026_to_now,2026-07-29T09:34:47+00:00
CVE-2026-48391,added,2026-07-29,cve_2026_to_now,2026-07-29T09:34:47+00:00
CVE-2026-48392,added,2026-07-29,cve_2026_to_now,2026-07-29T09:34:47+00:00
CVE-2026-48393,added,2026-07-29,cve_2026_to_now,2026-07-29T09:34:47+00:00
CVE-2026-48394,added,2026-07-29,cve_2026_to_now,2026-07-29T09:34:47+00:00
CVE-2026-48395,added,2026-07-29,cve_2026_to_now,2026-07-29T09:34:47+00:00
CVE-2026-48396,added,2026-07-29,cve_2026_to_now,2026-07-29T09:34:47+00:00
CVE-2026-48526,updated,2026-07-28,cve_2026_to_now,2026-07-29T09:34:47+00:00
CVE-2026-48560,updated,2026-07-28,cve_2026_to_now,2026-07-29T09:34:47+00:00
CVE-2026-48561,updated,2026-07-28,cve_2026_to_now,2026-07-29T09:34:47+00:00
CVE-2026-48562,updated,2026-07-28,cve_2026_to_now,2026-07-29T09:34:47+00:00
CVE-2026-48563,updated,2026-07-28,cve_2026_to_now,2026-07-29T09:34:47+00:00
CVE-2026-48564,updated,2026-07-28,cve_2026_to_now,2026-07-29T09:34:47+00:00
CVE-2026-48565,updated,2026-07-28,cve_2026_to_now,2026-07-29T09:34:47+00:00
CVE-2026-48566,updated,2026-07-28,cve_2026_to_now,2026-07-29T09:34:47+00:00
CVE-2026-48567,updated,2026-07-28,cve_2026_to_now,2026-07-29T09:34:47+00:00
CVE-2026-48568,updated,2026-07-28,cve_2026_to_now,2026-07-29T09:34:47+00:00
CVE-2026-48569,updated,2026-07-28,cve_2026_to_now,2026-07-29T09:34:47+00:00
CVE-2026-48570,updated,2026-07-28,cve_2026_to_now,2026-07-29T09:34:47+00:00
CVE-2026-48571,updated,2026-07-28,cve_2026_to_now,2026-07-29T09:34:47+00:00
CVE-2026-48572,updated,2026-07-28,cve_2026_to_now,2026-07-29T09:34:47+00:00
CVE-2026-48573,updated,2026-07-28,cve_2026_to_now,2026-07-29T09:34:47+00:00
CVE-2026-48574,updated,2026-07-28,cve_2026_to_now,2026-07-29T09:34:47+00:00
CVE-2026-48575,updated,2026-07-28,cve_2026_to_now,2026-07-29T09:34:47+00:00
CVE-2026-48576,updated,2026-07-28,cve_2026_to_now,2026-07-29T09:34:47+00:00
CVE-2026-48578,updated,2026-07-28,cve_2026_to_now,2026-07-29T09:34:47+00:00
CVE-2026-48579,updated,2026-07-28,cve_2026_to_now,2026-07-29T09:34:47+00:00
CVE-2026-48580,updated,2026-07-28,cve_2026_to_now,2026-07-29T09:34:47+00:00
CVE-2026-48581,updated,2026-07-28,cve_2026_to_now,2026-07-29T09:34:47+00:00
CVE-2026-48582,updated,2026-07-28,cve_2026_to_now,2026-07-29T09:34:47+00:00
CVE-2026-48583,updated,2026-07-28,cve_2026_to_now,2026-07-29T09:34:47+00:00
CVE-2026-48584,updated,2026-07-28,cve_2026_to_now,2026-07-29T09:34:47+00:00
CVE-2026-48710,updated,2026-07-28,cve_2026_to_now,2026-07-29T09:34:47+00:00
CVE-2026-49159,updated,2026-07-28,cve_2026_to_now,2026-07-29T09:34:47+00:00
CVE-2026-49160,updated,2026-07-28,cve_2026_to_now,2026-07-29T09:34:47+00:00
CVE-2026-49161,updated,2026-07-28,cve_2026_to_now,2026-07-29T09:34:47+00:00
CVE-2026-49162,updated,2026-07-28,cve_2026_to_now,2026-07-29T09:34:47+00:00
CVE-2026-49164,updated,2026-07-28,cve_2026_to_now,2026-07-29T09:34:47+00:00
CVE-2026-49165,updated,2026-07-28,cve_2026_to_now,2026-07-29T09:34:47+00:00
CVE-2026-49166,updated,2026-07-28,cve_2026_to_now,2026-07-29T09:34:47+00:00
CVE-2026-49167,updated,2026-07-28,cve_2026_to_now,2026-07-29T09:34:47+00:00
CVE-2026-49168,updated,2026-07-28,cve_2026_to_now,2026-07-29T09:34:47+00:00
CVE-2026-49169,updated,2026-07-28,cve_2026_to_now,2026-07-29T09:34:47+00:00
CVE-2026-49170,updated,2026-07-28,cve_2026_to_now,2026-07-29T09:34:47+00:00
CVE-2026-49171,updated,2026-07-28,cve_2026_to_now,2026-07-29T09:34:47+00:00
CVE-2026-49172,updated,2026-07-28,cve_2026_to_now,2026-07-29T09:34:47+00:00
CVE-2026-49173,updated,2026-07-28,cve_2026_to_now,2026-07-29T09:34:47+00:00
CVE-2026-49174,updated,2026-07-28,cve_2026_to_now,2026-07-29T09:34:47+00:00
CVE-2026-49175,updated,2026-07-28,cve_2026_to_now,2026-07-29T09:34:47+00:00
CVE-2026-49176,updated,2026-07-28,cve_2026_to_now,2026-07-29T09:34:47+00:00
CVE-2026-49177,updated,2026-07-28,cve_2026_to_now,2026-07-29T09:34:47+00:00
CVE-2026-49178,updated,2026-07-28,cve_2026_to_now,2026-07-29T09:34:47+00:00
CVE-2026-49180,updated,2026-07-28,cve_2026_to_now,2026-07-29T09:34:47+00:00
CVE-2026-49181,updated,2026-07-28,cve_2026_to_now,2026-07-29T09:34:47+00:00
CVE-2026-49183,updated,2026-07-28,cve_2026_to_now,2026-07-29T09:34:47+00:00
CVE-2026-49184,updated,2026-07-28,cve_2026_to_now,2026-07-29T09:34:47+00:00
CVE-2026-49258,added,,cve_2026_to_now,2026-07-29T09:34:47+00:00
CVE-2026-49332,added,,cve_2026_to_now,2026-07-29T09:34:47+00:00
CVE-2026-49447,added,,cve_2026_to_now,2026-07-29T09:34:47+00:00
CVE-2026-49779,updated,2026-07-28,cve_2026_to_now,2026-07-29T09:34:47+00:00
CVE-2026-49783,updated,2026-07-28,cve_2026_to_now,2026-07-29T09:34:47+00:00
CVE-2026-49784,updated,2026-07-28,cve_2026_to_now,2026-07-29T09:34:47+00:00
CVE-2026-49787,updated,2026-07-28,cve_2026_to_now,2026-07-29T09:34:47+00:00
CVE-2026-49788,updated,2026-07-28,cve_2026_to_now,2026-07-29T09:34:47+00:00
CVE-2026-49789,updated,2026-07-28,cve_2026_to_now,2026-07-29T09:34:47+00:00
CVE-2026-49790,updated,2026-07-28,cve_2026_to_now,2026-07-29T09:34:47+00:00
CVE-2026-49791,updated,2026-07-28,cve_2026_to_now,2026-07-29T09:34:47+00:00
CVE-2026-49792,updated,2026-07-28,cve_2026_to_now,2026-07-29T09:34:47+00:00
CVE-2026-49793,updated,2026-07-28,cve_2026_to_now,2026-07-29T09:34:47+00:00
CVE-2026-49794,updated,2026-07-28,cve_2026_to_now,2026-07-29T09:34:47+00:00
CVE-2026-49795,updated,2026-07-28,cve_2026_to_now,2026-07-29T09:34:47+00:00
CVE-2026-49796,updated,2026-07-28,cve_2026_to_now,2026-07-29T09:34:47+00:00
CVE-2026-49797,updated,2026-07-28,cve_2026_to_now,2026-07-29T09:34:47+00:00
CVE-2026-49798,updated,2026-07-28,cve_2026_to_now,2026-07-29T09:34:47+00:00
CVE-2026-49799,updated,2026-07-28,cve_2026_to_now,2026-07-29T09:34:47+00:00
CVE-2026-49800,updated,2026-07-28,cve_2026_to_now,2026-07-29T09:34:47+00:00
CVE-2026-49801,updated,2026-07-28,cve_2026_to_now,2026-07-29T09:34:47+00:00
CVE-2026-49802,updated,2026-07-28,cve_2026_to_now,2026-07-29T09:34:47+00:00
CVE-2026-49803,updated,2026-07-28,cve_2026_to_now,2026-07-29T09:34:47+00:00
CVE-2026-49804,updated,2026-07-28,cve_2026_to_now,2026-07-29T09:34:47+00:00
CVE-2026-49805,updated,2026-07-28,cve_2026_to_now,2026-07-29T09:34:47+00:00
CVE-2026-49806,updated,2026-07-28,cve_2026_to_now,2026-07-29T09:34:47+00:00
CVE-2026-49807,updated,2026-07-28,cve_2026_to_now,2026-07-29T09:34:47+00:00
CVE-2026-49808,updated,2026-07-28,cve_2026_to_now,2026-07-29T09:34:47+00:00
CVE-2026-49875,updated,2026-07-28,cve_2026_to_now,2026-07-29T09:34:47+00:00
CVE-2026-50259,updated,2026-07-28,cve_2026_to_now,2026-07-29T09:34:47+00:00
CVE-2026-50293,updated,2026-07-28,cve_2026_to_now,2026-07-29T09:34:47+00:00
CVE-2026-50294,updated,2026-07-28,cve_2026_to_now,2026-07-29T09:34:47+00:00
CVE-2026-50295,updated,2026-07-28,cve_2026_to_now,2026-07-29T09:34:47+00:00
CVE-2026-50296,updated,2026-07-28,cve_2026_to_now,2026-07-29T09:34:47+00:00
CVE-2026-50297,updated,2026-07-28,cve_2026_to_now,2026-07-29T09:34:47+00:00
CVE-2026-50298,updated,2026-07-28,cve_2026_to_now,2026-07-29T09:34:47+00:00
CVE-2026-50299,updated,2026-07-28,cve_2026_to_now,2026-07-29T09:34:47+00:00
CVE-2026-50300,updated,2026-07-28,cve_2026_to_now,2026-07-29T09:34:47+00:00
CVE-2026-50301,updated,2026-07-28,cve_2026_to_now,2026-07-29T09:34:47+00:00
CVE-2026-50302,updated,2026-07-28,cve_2026_to_now,2026-07-29T09:34:47+00:00
CVE-2026-50303,updated,2026-07-28,cve_2026_to_now,2026-07-29T09:34:47+00:00
CVE-2026-50304,updated,2026-07-28,cve_2026_to_now,2026-07-29T09:34:47+00:00
CVE-2026-50305,updated,2026-07-28,cve_2026_to_now,2026-07-29T09:34:47+00:00
CVE-2026-50306,updated,2026-07-28,cve_2026_to_now,2026-07-29T09:34:47+00:00
CVE-2026-50307,updated,2026-07-28,cve_2026_to_now,2026-07-29T09:34:47+00:00
CVE-2026-50308,updated,2026-07-28,cve_2026_to_now,2026-07-29T09:34:47+00:00
CVE-2026-50309,updated,2026-07-28,cve_2026_to_now,2026-07-29T09:34:47+00:00
CVE-2026-50310,updated,2026-07-28,cve_2026_to_now,2026-07-29T09:34:47+00:00
CVE-2026-50311,updated,2026-07-28,cve_2026_to_now,2026-07-29T09:34:47+00:00
CVE-2026-50312,updated,2026-07-28,cve_2026_to_now,2026-07-29T09:34:47+00:00
CVE-2026-50313,updated,2026-07-28,cve_2026_to_now,2026-07-29T09:34:47+00:00
CVE-2026-50314,updated,2026-07-28,cve_2026_to_now,2026-07-29T09:34:47+00:00
CVE-2026-50315,updated,2026-07-28,cve_2026_to_now,2026-07-29T09:34:47+00:00
CVE-2026-50316,updated,2026-07-28,cve_2026_to_now,2026-07-29T09:34:47+00:00
CVE-2026-50317,updated,2026-07-28,cve_2026_to_now,2026-07-29T09:34:47+00:00
CVE-2026-50318,updated,2026-07-28,cve_2026_to_now,2026-07-29T09:34:47+00:00
CVE-2026-50321,updated,2026-07-28,cve_2026_to_now,2026-07-29T09:34:47+00:00
CVE-2026-50322,updated,2026-07-28,cve_2026_to_now,2026-07-29T09:34:47+00:00
CVE-2026-50323,updated,2026-07-28,cve_2026_to_now,2026-07-29T09:34:47+00:00
CVE-2026-50324,updated,2026-07-28,cve_2026_to_now,2026-07-29T09:34:47+00:00
CVE-2026-50325,updated,2026-07-28,cve_2026_to_now,2026-07-29T09:34:47+00:00
CVE-2026-50326,updated,2026-07-28,cve_2026_to_now,2026-07-29T09:34:47+00:00
CVE-2026-50327,updated,2026-07-28,cve_2026_to_now,2026-07-29T09:34:47+00:00
CVE-2026-50328,updated,2026-07-28,cve_2026_to_now,2026-07-29T09:34:47+00:00
CVE-2026-50329,updated,2026-07-28,cve_2026_to_now,2026-07-29T09:34:47+00:00
CVE-2026-50330,updated,2026-07-28,cve_2026_to_now,2026-07-29T09:34:47+00:00
CVE-2026-50331,updated,2026-07-28,cve_2026_to_now,2026-07-29T09:34:47+00:00
CVE-2026-50332,updated,2026-07-28,cve_2026_to_now,2026-07-29T09:34:47+00:00
CVE-2026-50333,updated,2026-07-28,cve_2026_to_now,2026-07-29T09:34:47+00:00
CVE-2026-50334,updated,2026-07-28,cve_2026_to_now,2026-07-29T09:34:47+00:00
CVE-2026-50335,updated,2026-07-28,cve_2026_to_now,2026-07-29T09:34:47+00:00
CVE-2026-50336,updated,2026-07-28,cve_2026_to_now,2026-07-29T09:34:47+00:00
CVE-2026-50337,updated,2026-07-28,cve_2026_to_now,2026-07-29T09:34:47+00:00
CVE-2026-50338,updated,2026-07-28,cve_2026_to_now,2026-07-29T09:34:47+00:00
CVE-2026-50339,updated,2026-07-28,cve_2026_to_now,2026-07-29T09:34:47+00:00
CVE-2026-50340,updated,2026-07-28,cve_2026_to_now,2026-07-29T09:34:47+00:00
CVE-2026-50341,updated,2026-07-28,cve_2026_to_now,2026-07-29T09:34:47+00:00
CVE-2026-50342,updated,2026-07-28,cve_2026_to_now,2026-07-29T09:34:47+00:00
CVE-2026-50343,updated,2026-07-28,cve_2026_to_now,2026-07-29T09:34:47+00:00
CVE-2026-50344,updated,2026-07-28,cve_2026_to_now,2026-07-29T09:34:47+00:00
CVE-2026-50345,updated,2026-07-28,cve_2026_to_now,2026-07-29T09:34:47+00:00
CVE-2026-50346,updated,2026-07-28,cve_2026_to_now,2026-07-29T09:34:47+00:00
CVE-2026-50347,updated,2026-07-28,cve_2026_to_now,2026-07-29T09:34:47+00:00
CVE-2026-50348,updated,2026-07-28,cve_2026_to_now,2026-07-29T09:34:47+00:00
CVE-2026-50350,updated,2026-07-28,cve_2026_to_now,2026-07-29T09:34:47+00:00
CVE-2026-50351,updated,2026-07-28,cve_2026_to_now,2026-07-29T09:34:47+00:00
CVE-2026-50352,updated,2026-07-28,cve_2026_to_now,2026-07-29T09:34:47+00:00
CVE-2026-50353,updated,2026-07-28,cve_2026_to_now,2026-07-29T09:34:47+00:00
CVE-2026-50354,updated,2026-07-28,cve_2026_to_now,2026-07-29T09:34:47+00:00
CVE-2026-50355,updated,2026-07-28,cve_2026_to_now,2026-07-29T09:34:47+00:00
CVE-2026-50356,updated,2026-07-28,cve_2026_to_now,2026-07-29T09:34:47+00:00
CVE-2026-50357,updated,2026-07-28,cve_2026_to_now,2026-07-29T09:34:47+00:00
CVE-2026-50358,updated,2026-07-28,cve_2026_to_now,2026-07-29T09:34:47+00:00
CVE-2026-50359,updated,2026-07-28,cve_2026_to_now,2026-07-29T09:34:47+00:00
CVE-2026-50360,updated,2026-07-28,cve_2026_to_now,2026-07-29T09:34:47+00:00
CVE-2026-50361,updated,2026-07-28,cve_2026_to_now,2026-07-29T09:34:47+00:00
CVE-2026-50362,updated,2026-07-28,cve_2026_to_now,2026-07-29T09:34:47+00:00
CVE-2026-50363,updated,2026-07-28,cve_2026_to_now,2026-07-29T09:34:47+00:00
CVE-2026-50364,updated,2026-07-28,cve_2026_to_now,2026-07-29T09:34:47+00:00
CVE-2026-50365,updated,2026-07-28,cve_2026_to_now,2026-07-29T09:34:47+00:00
CVE-2026-50366,updated,2026-07-28,cve_2026_to_now,2026-07-29T09:34:47+00:00
CVE-2026-50367,updated,2026-07-28,cve_2026_to_now,2026-07-29T09:34:47+00:00
CVE-2026-50368,updated,2026-07-28,cve_2026_to_now,2026-07-29T09:34:47+00:00
CVE-2026-50369,updated,2026-07-28,cve_2026_to_now,2026-07-29T09:34:47+00:00
CVE-2026-50370,updated,2026-07-28,cve_2026_to_now,2026-07-29T09:34:47+00:00
CVE-2026-50371,updated,2026-07-28,cve_2026_to_now,2026-07-29T09:34:47+00:00
CVE-2026-50372,updated,2026-07-28,cve_2026_to_now,2026-07-29T09:34:47+00:00
CVE-2026-50373,updated,2026-07-28,cve_2026_to_now,2026-07-29T09:34:47+00:00
CVE-2026-50374,updated,2026-07-28,cve_2026_to_now,2026-07-29T09:34:47+00:00
CVE-2026-50375,updated,2026-07-28,cve_2026_to_now,2026-07-29T09:34:47+00:00
CVE-2026-50376,updated,2026-07-28,cve_2026_to_now,2026-07-29T09:34:47+00:00
CVE-2026-50377,updated,2026-07-28,cve_2026_to_now,2026-07-29T09:34:47+00:00
CVE-2026-50378,updated,2026-07-28,cve_2026_to_now,2026-07-29T09:34:47+00:00
CVE-2026-50379,updated,2026-07-28,cve_2026_to_now,2026-07-29T09:34:47+00:00
CVE-2026-50380,updated,2026-07-28,cve_2026_to_now,2026-07-29T09:34:47+00:00
CVE-2026-50381,updated,2026-07-28,cve_2026_to_now,2026-07-29T09:34:47+00:00
CVE-2026-50382,updated,2026-07-28,cve_2026_to_now,2026-07-29T09:34:47+00:00
CVE-2026-50383,updated,2026-07-28,cve_2026_to_now,2026-07-29T09:34:47+00:00
CVE-2026-50384,updated,2026-07-28,cve_2026_to_now,2026-07-29T09:34:47+00:00
CVE-2026-50385,updated,2026-07-28,cve_2026_to_now,2026-07-29T09:34:47+00:00
CVE-2026-50386,updated,2026-07-28,cve_2026_to_now,2026-07-29T09:34:47+00:00
CVE-2026-50387,updated,2026-07-28,cve_2026_to_now,2026-07-29T09:34:47+00:00
CVE-2026-50388,updated,2026-07-28,cve_2026_to_now,2026-07-29T09:34:47+00:00
CVE-2026-50389,updated,2026-07-28,cve_2026_to_now,2026-07-29T09:34:47+00:00
CVE-2026-50390,updated,2026-07-28,cve_2026_to_now,2026-07-29T09:34:47+00:00
CVE-2026-50391,updated,2026-07-28,cve_2026_to_now,2026-07-29T09:34:47+00:00
CVE-2026-50392,updated,2026-07-28,cve_2026_to_now,2026-07-29T09:34:47+00:00
CVE-2026-50393,updated,2026-07-28,cve_2026_to_now,2026-07-29T09:34:47+00:00
CVE-2026-50394,updated,2026-07-28,cve_2026_to_now,2026-07-29T09:34:47+00:00
CVE-2026-50396,updated,2026-07-28,cve_2026_to_now,2026-07-29T09:34:47+00:00
CVE-2026-50397,updated,2026-07-28,cve_2026_to_now,2026-07-29T09:34:47+00:00
CVE-2026-50398,updated,2026-07-28,cve_2026_to_now,2026-07-29T09:34:47+00:00
CVE-2026-50399,updated,2026-07-28,cve_2026_to_now,2026-07-29T09:34:47+00:00
CVE-2026-50400,updated,2026-07-28,cve_2026_to_now,2026-07-29T09:34:47+00:00
CVE-2026-50401,updated,2026-07-28,cve_2026_to_now,2026-07-29T09:34:47+00:00
CVE-2026-50402,updated,2026-07-28,cve_2026_to_now,2026-07-29T09:34:47+00:00
CVE-2026-50403,updated,2026-07-28,cve_2026_to_now,2026-07-29T09:34:47+00:00
CVE-2026-50404,updated,2026-07-28,cve_2026_to_now,2026-07-29T09:34:47+00:00
CVE-2026-50405,updated,2026-07-28,cve_2026_to_now,2026-07-29T09:34:47+00:00
CVE-2026-50406,updated,2026-07-28,cve_2026_to_now,2026-07-29T09:34:47+00:00
CVE-2026-50407,updated,2026-07-28,cve_2026_to_now,2026-07-29T09:34:47+00:00
CVE-2026-50408,updated,2026-07-28,cve_2026_to_now,2026-07-29T09:34:47+00:00
CVE-2026-50409,updated,2026-07-28,cve_2026_to_now,2026-07-29T09:34:47+00:00
CVE-2026-50410,updated,2026-07-28,cve_2026_to_now,2026-07-29T09:34:47+00:00
CVE-2026-50411,updated,2026-07-28,cve_2026_to_now,2026-07-29T09:34:47+00:00
CVE-2026-50412,updated,2026-07-28,cve_2026_to_now,2026-07-29T09:34:47+00:00
CVE-2026-50413,updated,2026-07-28,cve_2026_to_now,2026-07-29T09:34:47+00:00
CVE-2026-50414,updated,2026-07-28,cve_2026_to_now,2026-07-29T09:34:47+00:00
CVE-2026-50415,updated,2026-07-28,cve_2026_to_now,2026-07-29T09:34:47+00:00
CVE-2026-50416,updated,2026-07-28,cve_2026_to_now,2026-07-29T09:34:47+00:00
CVE-2026-50417,updated,2026-07-28,cve_2026_to_now,2026-07-29T09:34:47+00:00
CVE-2026-50418,updated,2026-07-28,cve_2026_to_now,2026-07-29T09:34:47+00:00
CVE-2026-50419,updated,2026-07-28,cve_2026_to_now,2026-07-29T09:34:47+00:00
CVE-2026-50420,updated,2026-07-28,cve_2026_to_now,2026-07-29T09:34:47+00:00
CVE-2026-50421,updated,2026-07-28,cve_2026_to_now,2026-07-29T09:34:47+00:00
CVE-2026-50422,updated,2026-07-28,cve_2026_to_now,2026-07-29T09:34:47+00:00
CVE-2026-50423,updated,2026-07-28,cve_2026_to_now,2026-07-29T09:34:47+00:00
CVE-2026-50424,updated,2026-07-28,cve_2026_to_now,2026-07-29T09:34:47+00:00
CVE-2026-50425,updated,2026-07-28,cve_2026_to_now,2026-07-29T09:34:47+00:00
CVE-2026-50426,updated,2026-07-28,cve_2026_to_now,2026-07-29T09:34:47+00:00
CVE-2026-50427,updated,2026-07-28,cve_2026_to_now,2026-07-29T09:34:47+00:00
CVE-2026-50428,updated,2026-07-28,cve_2026_to_now,2026-07-29T09:34:47+00:00
CVE-2026-50429,updated,2026-07-28,cve_2026_to_now,2026-07-29T09:34:47+00:00
CVE-2026-50430,updated,2026-07-28,cve_2026_to_now,2026-07-29T09:34:47+00:00
CVE-2026-50431,updated,2026-07-28,cve_2026_to_now,2026-07-29T09:34:47+00:00
CVE-2026-50432,updated,2026-07-28,cve_2026_to_now,2026-07-29T09:34:47+00:00
CVE-2026-50433,updated,2026-07-28,cve_2026_to_now,2026-07-29T09:34:47+00:00
CVE-2026-50434,updated,2026-07-28,cve_2026_to_now,2026-07-29T09:34:47+00:00
CVE-2026-50435,updated,2026-07-28,cve_2026_to_now,2026-07-29T09:34:47+00:00
CVE-2026-50436,updated,2026-07-28,cve_2026_to_now,2026-07-29T09:34:47+00:00
CVE-2026-50437,updated,2026-07-28,cve_2026_to_now,2026-07-29T09:34:47+00:00
CVE-2026-50438,updated,2026-07-28,cve_2026_to_now,2026-07-29T09:34:47+00:00
CVE-2026-50439,updated,2026-07-28,cve_2026_to_now,2026-07-29T09:34:47+00:00
CVE-2026-50440,updated,2026-07-28,cve_2026_to_now,2026-07-29T09:34:47+00:00
CVE-2026-50441,updated,2026-07-28,cve_2026_to_now,2026-07-29T09:34:47+00:00
CVE-2026-50442,updated,2026-07-28,cve_2026_to_now,2026-07-29T09:34:47+00:00
CVE-2026-50444,updated,2026-07-28,cve_2026_to_now,2026-07-29T09:34:47+00:00
CVE-2026-50445,updated,2026-07-28,cve_2026_to_now,2026-07-29T09:34:47+00:00
CVE-2026-50447,updated,2026-07-28,cve_2026_to_now,2026-07-29T09:34:47+00:00
CVE-2026-50448,updated,2026-07-28,cve_2026_to_now,2026-07-29T09:34:47+00:00
CVE-2026-50449,updated,2026-07-28,cve_2026_to_now,2026-07-29T09:34:47+00:00
CVE-2026-50450,updated,2026-07-28,cve_2026_to_now,2026-07-29T09:34:47+00:00
CVE-2026-50451,updated,2026-07-28,cve_2026_to_now,2026-07-29T09:34:47+00:00
CVE-2026-50452,updated,2026-07-28,cve_2026_to_now,2026-07-29T09:34:47+00:00
CVE-2026-50453,updated,2026-07-28,cve_2026_to_now,2026-07-29T09:34:47+00:00
CVE-2026-50454,updated,2026-07-28,cve_2026_to_now,2026-07-29T09:34:47+00:00
CVE-2026-50455,updated,2026-07-28,cve_2026_to_now,2026-07-29T09:34:47+00:00
CVE-2026-50456,updated,2026-07-28,cve_2026_to_now,2026-07-29T09:34:47+00:00
CVE-2026-50457,updated,2026-07-28,cve_2026_to_now,2026-07-29T09:34:47+00:00
CVE-2026-50458,updated,2026-07-28,cve_2026_to_now,2026-07-29T09:34:47+00:00
CVE-2026-50459,updated,2026-07-28,cve_2026_to_now,2026-07-29T09:34:47+00:00
CVE-2026-50460,updated,2026-07-28,cve_2026_to_now,2026-07-29T09:34:47+00:00
CVE-2026-50461,updated,2026-07-28,cve_2026_to_now,2026-07-29T09:34:47+00:00
CVE-2026-50462,updated,2026-07-28,cve_2026_to_now,2026-07-29T09:34:47+00:00
CVE-2026-50463,updated,2026-07-28,cve_2026_to_now,2026-07-29T09:34:47+00:00
CVE-2026-50465,updated,2026-07-28,cve_2026_to_now,2026-07-29T09:34:47+00:00
CVE-2026-50466,updated,2026-07-28,cve_2026_to_now,2026-07-29T09:34:47+00:00
CVE-2026-50467,updated,2026-07-28,cve_2026_to_now,2026-07-29T09:34:47+00:00
CVE-2026-50468,updated,2026-07-28,cve_2026_to_now,2026-07-29T09:34:47+00:00
CVE-2026-50469,updated,2026-07-28,cve_2026_to_now,2026-07-29T09:34:47+00:00
CVE-2026-50470,updated,2026-07-28,cve_2026_to_now,2026-07-29T09:34:47+00:00
CVE-2026-50471,updated,2026-07-28,cve_2026_to_now,2026-07-29T09:34:47+00:00
CVE-2026-50473,updated,2026-07-28,cve_2026_to_now,2026-07-29T09:34:47+00:00
CVE-2026-50474,updated,2026-07-28,cve_2026_to_now,2026-07-29T09:34:47+00:00
CVE-2026-50475,updated,2026-07-28,cve_2026_to_now,2026-07-29T09:34:47+00:00
CVE-2026-50476,updated,2026-07-28,cve_2026_to_now,2026-07-29T09:34:47+00:00
CVE-2026-50477,updated,2026-07-28,cve_2026_to_now,2026-07-29T09:34:47+00:00
CVE-2026-50478,updated,2026-07-28,cve_2026_to_now,2026-07-29T09:34:47+00:00
CVE-2026-50479,updated,2026-07-28,cve_2026_to_now,2026-07-29T09:34:47+00:00
CVE-2026-50480,updated,2026-07-28,cve_2026_to_now,2026-07-29T09:34:47+00:00
CVE-2026-50482,updated,2026-07-28,cve_2026_to_now,2026-07-29T09:34:47+00:00
CVE-2026-50483,updated,2026-07-28,cve_2026_to_now,2026-07-29T09:34:47+00:00
CVE-2026-50484,updated,2026-07-28,cve_2026_to_now,2026-07-29T09:34:47+00:00
CVE-2026-50485,updated,2026-07-28,cve_2026_to_now,2026-07-29T09:34:47+00:00
CVE-2026-50486,updated,2026-07-28,cve_2026_to_now,2026-07-29T09:34:47+00:00
CVE-2026-50487,updated,2026-07-28,cve_2026_to_now,2026-07-29T09:34:47+00:00
CVE-2026-50488,updated,2026-07-28,cve_2026_to_now,2026-07-29T09:34:47+00:00
CVE-2026-50489,updated,2026-07-28,cve_2026_to_now,2026-07-29T09:34:47+00:00
CVE-2026-50490,updated,2026-07-28,cve_2026_to_now,2026-07-29T09:34:47+00:00
CVE-2026-50491,updated,2026-07-28,cve_2026_to_now,2026-07-29T09:34:47+00:00
CVE-2026-50492,updated,2026-07-28,cve_2026_to_now,2026-07-29T09:34:47+00:00
CVE-2026-50493,updated,2026-07-28,cve_2026_to_now,2026-07-29T09:34:47+00:00
CVE-2026-50494,updated,2026-07-28,cve_2026_to_now,2026-07-29T09:34:47+00:00
CVE-2026-50495,updated,2026-07-28,cve_2026_to_now,2026-07-29T09:34:47+00:00
CVE-2026-50496,updated,2026-07-28,cve_2026_to_now,2026-07-29T09:34:47+00:00
CVE-2026-50497,updated,2026-07-28,cve_2026_to_now,2026-07-29T09:34:47+00:00
CVE-2026-50498,updated,2026-07-28,cve_2026_to_now,2026-07-29T09:34:47+00:00
CVE-2026-50499,updated,2026-07-28,cve_2026_to_now,2026-07-29T09:34:47+00:00
CVE-2026-50500,updated,2026-07-28,cve_2026_to_now,2026-07-29T09:34:47+00:00
CVE-2026-50501,updated,2026-07-28,cve_2026_to_now,2026-07-29T09:34:47+00:00
CVE-2026-50502,updated,2026-07-28,cve_2026_to_now,2026-07-29T09:34:47+00:00
CVE-2026-50503,updated,2026-07-28,cve_2026_to_now,2026-07-29T09:34:47+00:00
CVE-2026-50504,updated,2026-07-28,cve_2026_to_now,2026-07-29T09:34:47+00:00
CVE-2026-50505,updated,2026-07-28,cve_2026_to_now,2026-07-29T09:34:47+00:00
CVE-2026-50506,updated,2026-07-28,cve_2026_to_now,2026-07-29T09:34:47+00:00
CVE-2026-50507,updated,2026-07-28,cve_2026_to_now,2026-07-29T09:34:47+00:00
CVE-2026-50508,updated,2026-07-28,cve_2026_to_now,2026-07-29T09:34:47+00:00
CVE-2026-50509,updated,2026-07-28,cve_2026_to_now,2026-07-29T09:34:47+00:00
CVE-2026-50510,updated,2026-07-28,cve_2026_to_now,2026-07-29T09:34:47+00:00
CVE-2026-50511,updated,2026-07-28,cve_2026_to_now,2026-07-29T09:34:47+00:00
CVE-2026-50512,updated,2026-07-28,cve_2026_to_now,2026-07-29T09:34:47+00:00
CVE-2026-50517,updated,2026-07-28,cve_2026_to_now,2026-07-29T09:34:47+00:00
CVE-2026-50518,updated,2026-07-28,cve_2026_to_now,2026-07-29T09:34:47+00:00
CVE-2026-50519,updated,2026-07-28,cve_2026_to_now,2026-07-29T09:34:47+00:00
CVE-2026-50520,updated,2026-07-28,cve_2026_to_now,2026-07-29T09:34:47+00:00
CVE-2026-50521,updated,2026-07-28,cve_2026_to_now,2026-07-29T09:34:47+00:00
CVE-2026-50522,updated,2026-07-28,cve_2026_to_now,2026-07-29T09:34:47+00:00
CVE-2026-50524,updated,2026-07-28,cve_2026_to_now,2026-07-29T09:34:47+00:00
CVE-2026-50525,updated,2026-07-28,cve_2026_to_now,2026-07-29T09:34:47+00:00
CVE-2026-50526,updated,2026-07-28,cve_2026_to_now,2026-07-29T09:34:47+00:00
CVE-2026-50527,updated,2026-07-28,cve_2026_to_now,2026-07-29T09:34:47+00:00
CVE-2026-50528,updated,2026-07-28,cve_2026_to_now,2026-07-29T09:34:47+00:00
CVE-2026-50622,added,,cve_2026_to_now,2026-07-29T09:34:47+00:00
CVE-2026-50646,updated,2026-07-28,cve_2026_to_now,2026-07-29T09:34:47+00:00
CVE-2026-50647,updated,2026-07-28,cve_2026_to_now,2026-07-29T09:34:47+00:00
CVE-2026-50648,updated,2026-07-28,cve_2026_to_now,2026-07-29T09:34:47+00:00
CVE-2026-50649,updated,2026-07-28,cve_2026_to_now,2026-07-29T09:34:47+00:00
CVE-2026-50650,updated,2026-07-28,cve_2026_to_now,2026-07-29T09:34:47+00:00
CVE-2026-50651,updated,2026-07-28,cve_2026_to_now,2026-07-29T09:34:47+00:00
CVE-2026-50652,updated,2026-07-28,cve_2026_to_now,2026-07-29T09:34:47+00:00
CVE-2026-50653,updated,2026-07-28,cve_2026_to_now,2026-07-29T09:34:47+00:00
CVE-2026-50655,updated,2026-07-28,cve_2026_to_now,2026-07-29T09:34:47+00:00
CVE-2026-50656,updated,2026-07-28,cve_2026_to_now,2026-07-29T09:34:47+00:00
CVE-2026-50657,updated,2026-07-28,cve_2026_to_now,2026-07-29T09:34:47+00:00
CVE-2026-50658,updated,2026-07-28,cve_2026_to_now,2026-07-29T09:34:47+00:00
CVE-2026-50659,updated,2026-07-28,cve_2026_to_now,2026-07-29T09:34:47+00:00
CVE-2026-50661,updated,2026-07-28,cve_2026_to_now,2026-07-29T09:34:47+00:00
CVE-2026-50663,updated,2026-07-28,cve_2026_to_now,2026-07-29T09:34:47+00:00
CVE-2026-50665,updated,2026-07-28,cve_2026_to_now,2026-07-29T09:34:47+00:00
CVE-2026-50666,updated,2026-07-28,cve_2026_to_now,2026-07-29T09:34:47+00:00
CVE-2026-50667,updated,2026-07-28,cve_2026_to_now,2026-07-29T09:34:47+00:00
CVE-2026-50668,updated,2026-07-28,cve_2026_to_now,2026-07-29T09:34:47+00:00
CVE-2026-50669,updated,2026-07-28,cve_2026_to_now,2026-07-29T09:34:47+00:00
CVE-2026-50670,updated,2026-07-28,cve_2026_to_now,2026-07-29T09:34:47+00:00
CVE-2026-50672,updated,2026-07-28,cve_2026_to_now,2026-07-29T09:34:47+00:00
CVE-2026-50673,updated,2026-07-28,cve_2026_to_now,2026-07-29T09:34:47+00:00
CVE-2026-50674,updated,2026-07-28,cve_2026_to_now,2026-07-29T09:34:47+00:00
CVE-2026-50675,updated,2026-07-28,cve_2026_to_now,2026-07-29T09:34:47+00:00
CVE-2026-50676,updated,2026-07-28,cve_2026_to_now,2026-07-29T09:34:47+00:00
CVE-2026-50677,updated,2026-07-28,cve_2026_to_now,2026-07-29T09:34:47+00:00
CVE-2026-50678,updated,2026-07-28,cve_2026_to_now,2026-07-29T09:34:47+00:00
CVE-2026-50679,updated,2026-07-28,cve_2026_to_now,2026-07-29T09:34:47+00:00
CVE-2026-50680,updated,2026-07-28,cve_2026_to_now,2026-07-29T09:34:47+00:00
CVE-2026-50681,updated,2026-07-28,cve_2026_to_now,2026-07-29T09:34:47+00:00
CVE-2026-50682,updated,2026-07-28,cve_2026_to_now,2026-07-29T09:34:47+00:00
CVE-2026-50683,updated,2026-07-28,cve_2026_to_now,2026-07-29T09:34:47+00:00
CVE-2026-50684,updated,2026-07-28,cve_2026_to_now,2026-07-29T09:34:47+00:00
CVE-2026-50685,updated,2026-07-28,cve_2026_to_now,2026-07-29T09:34:47+00:00
CVE-2026-50686,updated,2026-07-28,cve_2026_to_now,2026-07-29T09:34:47+00:00
CVE-2026-50687,updated,2026-07-28,cve_2026_to_now,2026-07-29T09:34:47+00:00
CVE-2026-50688,updated,2026-07-28,cve_2026_to_now,2026-07-29T09:34:47+00:00
CVE-2026-50689,updated,2026-07-28,cve_2026_to_now,2026-07-29T09:34:47+00:00
CVE-2026-50690,updated,2026-07-28,cve_2026_to_now,2026-07-29T09:34:47+00:00
CVE-2026-50692,updated,2026-07-28,cve_2026_to_now,2026-07-29T09:34:47+00:00
CVE-2026-50694,updated,2026-07-28,cve_2026_to_now,2026-07-29T09:34:47+00:00
CVE-2026-50695,updated,2026-07-28,cve_2026_to_now,2026-07-29T09:34:47+00:00
CVE-2026-50696,updated,2026-07-28,cve_2026_to_now,2026-07-29T09:34:47+00:00
CVE-2026-50697,updated,2026-07-28,cve_2026_to_now,2026-07-29T09:34:47+00:00
CVE-2026-50735,added,,cve_2026_to_now,2026-07-29T09:34:47+00:00
CVE-2026-50736,added,,cve_2026_to_now,2026-07-29T09:34:47+00:00
CVE-2026-50737,added,,cve_2026_to_now,2026-07-29T09:34:47+00:00
CVE-2026-50738,added,,cve_2026_to_now,2026-07-29T09:34:47+00:00
CVE-2026-51077,updated,2026-07-28,cve_2026_to_now,2026-07-29T09:34:47+00:00
CVE-2026-51078,updated,2026-07-28,cve_2026_to_now,2026-07-29T09:34:47+00:00
CVE-2026-51251,added,,cve_2026_to_now,2026-07-29T09:34:47+00:00
CVE-2026-51252,added,,cve_2026_to_now,2026-07-29T09:34:47+00:00
CVE-2026-51254,added,,cve_2026_to_now,2026-07-29T09:34:47+00:00
CVE-2026-51259,added,,cve_2026_to_now,2026-07-29T09:34:47+00:00
CVE-2026-51260,added,,cve_2026_to_now,2026-07-29T09:34:47+00:00
CVE-2026-51261,added,,cve_2026_to_now,2026-07-29T09:34:47+00:00
CVE-2026-51263,added,,cve_2026_to_now,2026-07-29T09:34:47+00:00
CVE-2026-51266,added,,cve_2026_to_now,2026-07-29T09:34:47+00:00
CVE-2026-51267,added,,cve_2026_to_now,2026-07-29T09:34:47+00:00
CVE-2026-51268,added,,cve_2026_to_now,2026-07-29T09:34:47+00:00
CVE-2026-51269,added,,cve_2026_to_now,2026-07-29T09:34:47+00:00
CVE-2026-51270,added,,cve_2026_to_now,2026-07-29T09:34:47+00:00
CVE-2026-51271,added,,cve_2026_to_now,2026-07-29T09:34:47+00:00
CVE-2026-51273,added,,cve_2026_to_now,2026-07-29T09:34:47+00:00
CVE-2026-51274,added,,cve_2026_to_now,2026-07-29T09:34:47+00:00
CVE-2026-51275,added,,cve_2026_to_now,2026-07-29T09:34:47+00:00
CVE-2026-51296,updated,2026-07-28,cve_2026_to_now,2026-07-29T09:34:47+00:00
CVE-2026-51300,updated,2026-07-28,cve_2026_to_now,2026-07-29T09:34:47+00:00
CVE-2026-51302,updated,2026-07-28,cve_2026_to_now,2026-07-29T09:34:47+00:00
CVE-2026-51564,updated,2026-07-28,cve_2026_to_now,2026-07-29T09:34:47+00:00
CVE-2026-51565,updated,2026-07-28,cve_2026_to_now,2026-07-29T09:34:47+00:00
CVE-2026-52718,updated,2026-07-28,cve_2026_to_now,2026-07-29T09:34:47+00:00
CVE-2026-52719,updated,2026-07-28,cve_2026_to_now,2026-07-29T09:34:47+00:00
CVE-2026-52720,updated,2026-07-28,cve_2026_to_now,2026-07-29T09:34:47+00:00
CVE-2026-52722,updated,2026-07-28,cve_2026_to_now,2026-07-29T09:34:47+00:00
CVE-2026-52993,updated,2026-07-28,cve_2026_to_now,2026-07-29T09:34:47+00:00
CVE-2026-53006,updated,2026-07-28,cve_2026_to_now,2026-07-29T09:34:47+00:00
CVE-2026-53264,updated,2026-07-29,cve_2026_to_now,2026-07-29T09:34:47+00:00
CVE-2026-53281,updated,2026-07-28,cve_2026_to_now,2026-07-29T09:34:47+00:00
CVE-2026-53384,updated,2026-07-28,cve_2026_to_now,2026-07-29T09:34:47+00:00
CVE-2026-53666,updated,2026-07-28,cve_2026_to_now,2026-07-29T09:34:47+00:00
CVE-2026-53667,updated,2026-07-28,cve_2026_to_now,2026-07-29T09:34:47+00:00
CVE-2026-53668,updated,2026-07-28,cve_2026_to_now,2026-07-29T09:34:47+00:00
CVE-2026-53669,updated,2026-07-28,cve_2026_to_now,2026-07-29T09:34:47+00:00
CVE-2026-53705,updated,2026-07-28,cve_2026_to_now,2026-07-29T09:34:47+00:00
CVE-2026-54099,updated,2026-07-28,cve_2026_to_now,2026-07-29T09:34:47+00:00
CVE-2026-54100,updated,2026-07-28,cve_2026_to_now,2026-07-29T09:34:47+00:00
CVE-2026-54107,updated,2026-07-28,cve_2026_to_now,2026-07-29T09:34:47+00:00
CVE-2026-54108,updated,2026-07-28,cve_2026_to_now,2026-07-29T09:34:47+00:00
CVE-2026-54109,updated,2026-07-28,cve_2026_to_now,2026-07-29T09:34:47+00:00
CVE-2026-54111,updated,2026-07-28,cve_2026_to_now,2026-07-29T09:34:47+00:00
CVE-2026-54112,updated,2026-07-28,cve_2026_to_now,2026-07-29T09:34:47+00:00
CVE-2026-54114,updated,2026-07-28,cve_2026_to_now,2026-07-29T09:34:47+00:00
CVE-2026-54115,updated,2026-07-28,cve_2026_to_now,2026-07-29T09:34:47+00:00
CVE-2026-54116,updated,2026-07-28,cve_2026_to_now,2026-07-29T09:34:47+00:00
CVE-2026-54117,updated,2026-07-28,cve_2026_to_now,2026-07-29T09:34:47+00:00
CVE-2026-54118,updated,2026-07-28,cve_2026_to_now,2026-07-29T09:34:47+00:00
CVE-2026-54119,updated,2026-07-28,cve_2026_to_now,2026-07-29T09:34:47+00:00
CVE-2026-54120,updated,2026-07-28,cve_2026_to_now,2026-07-29T09:34:47+00:00
CVE-2026-54121,updated,2026-07-28,cve_2026_to_now,2026-07-29T09:34:47+00:00
CVE-2026-54122,updated,2026-07-28,cve_2026_to_now,2026-07-29T09:34:47+00:00
CVE-2026-54124,updated,2026-07-28,cve_2026_to_now,2026-07-29T09:34:47+00:00
CVE-2026-54125,updated,2026-07-28,cve_2026_to_now,2026-07-29T09:34:47+00:00
CVE-2026-54126,updated,2026-07-28,cve_2026_to_now,2026-07-29T09:34:47+00:00
CVE-2026-54127,updated,2026-07-28,cve_2026_to_now,2026-07-29T09:34:47+00:00
CVE-2026-54128,updated,2026-07-28,cve_2026_to_now,2026-07-29T09:34:47+00:00
CVE-2026-54129,updated,2026-07-28,cve_2026_to_now,2026-07-29T09:34:47+00:00
CVE-2026-54130,updated,2026-07-28,cve_2026_to_now,2026-07-29T09:34:47+00:00
CVE-2026-54131,updated,2026-07-28,cve_2026_to_now,2026-07-29T09:34:47+00:00
CVE-2026-54132,updated,2026-07-28,cve_2026_to_now,2026-07-29T09:34:47+00:00
CVE-2026-54332,added,,cve_2026_to_now,2026-07-29T09:34:47+00:00
CVE-2026-54345,added,,cve_2026_to_now,2026-07-29T09:34:47+00:00
CVE-2026-54369,updated,2026-07-28,cve_2026_to_now,2026-07-29T09:34:47+00:00
CVE-2026-54545,added,,cve_2026_to_now,2026-07-29T09:34:47+00:00
CVE-2026-54593,added,,cve_2026_to_now,2026-07-29T09:34:47+00:00
CVE-2026-54603,added,,cve_2026_to_now,2026-07-29T09:34:47+00:00
CVE-2026-54605,added,,cve_2026_to_now,2026-07-29T09:34:47+00:00
CVE-2026-54609,added,,cve_2026_to_now,2026-07-29T09:34:47+00:00
CVE-2026-54619,added,,cve_2026_to_now,2026-07-29T09:34:47+00:00
CVE-2026-54620,added,,cve_2026_to_now,2026-07-29T09:34:47+00:00
CVE-2026-54621,added,,cve_2026_to_now,2026-07-29T09:34:47+00:00
CVE-2026-54635,added,,cve_2026_to_now,2026-07-29T09:34:47+00:00
CVE-2026-54638,added,,cve_2026_to_now,2026-07-29T09:34:47+00:00
CVE-2026-54650,added,,cve_2026_to_now,2026-07-29T09:34:47+00:00
CVE-2026-54653,added,,cve_2026_to_now,2026-07-29T09:34:47+00:00
CVE-2026-54654,added,,cve_2026_to_now,2026-07-29T09:34:47+00:00
CVE-2026-54655,added,,cve_2026_to_now,2026-07-29T09:34:47+00:00
CVE-2026-54656,added,,cve_2026_to_now,2026-07-29T09:34:47+00:00
CVE-2026-54658,added,,cve_2026_to_now,2026-07-29T09:34:47+00:00
CVE-2026-54659,added,,cve_2026_to_now,2026-07-29T09:34:47+00:00
CVE-2026-54690,added,,cve_2026_to_now,2026-07-29T09:34:47+00:00
CVE-2026-54691,added,,cve_2026_to_now,2026-07-29T09:34:47+00:00
CVE-2026-54719,added,,cve_2026_to_now,2026-07-29T09:34:47+00:00
CVE-2026-54890,updated,2026-07-28,cve_2026_to_now,2026-07-29T09:34:47+00:00
CVE-2026-54982,updated,2026-07-28,cve_2026_to_now,2026-07-29T09:34:47+00:00
CVE-2026-54983,updated,2026-07-28,cve_2026_to_now,2026-07-29T09:34:47+00:00
CVE-2026-54986,updated,2026-07-28,cve_2026_to_now,2026-07-29T09:34:47+00:00
CVE-2026-54987,updated,2026-07-28,cve_2026_to_now,2026-07-29T09:34:47+00:00
CVE-2026-54988,updated,2026-07-28,cve_2026_to_now,2026-07-29T09:34:47+00:00
CVE-2026-54989,updated,2026-07-28,cve_2026_to_now,2026-07-29T09:34:47+00:00
CVE-2026-54990,updated,2026-07-28,cve_2026_to_now,2026-07-29T09:34:47+00:00
CVE-2026-54991,updated,2026-07-28,cve_2026_to_now,2026-07-29T09:34:47+00:00
CVE-2026-54992,updated,2026-07-28,cve_2026_to_now,2026-07-29T09:34:47+00:00
CVE-2026-54993,updated,2026-07-28,cve_2026_to_now,2026-07-29T09:34:47+00:00
CVE-2026-54995,updated,2026-07-28,cve_2026_to_now,2026-07-29T09:34:47+00:00
CVE-2026-54996,updated,2026-07-28,cve_2026_to_now,2026-07-29T09:34:47+00:00
CVE-2026-54997,updated,2026-07-28,cve_2026_to_now,2026-07-29T09:34:47+00:00
CVE-2026-54998,updated,2026-07-28,cve_2026_to_now,2026-07-29T09:34:47+00:00
CVE-2026-54999,updated,2026-07-28,cve_2026_to_now,2026-07-29T09:34:47+00:00
CVE-2026-55000,updated,2026-07-28,cve_2026_to_now,2026-07-29T09:34:47+00:00
CVE-2026-55001,updated,2026-07-28,cve_2026_to_now,2026-07-29T09:34:47+00:00
CVE-2026-55002,updated,2026-07-28,cve_2026_to_now,2026-07-29T09:34:47+00:00
CVE-2026-55003,updated,2026-07-28,cve_2026_to_now,2026-07-29T09:34:47+00:00
CVE-2026-55004,updated,2026-07-28,cve_2026_to_now,2026-07-29T09:34:47+00:00
CVE-2026-55005,updated,2026-07-28,cve_2026_to_now,2026-07-29T09:34:47+00:00
CVE-2026-55006,updated,2026-07-28,cve_2026_to_now,2026-07-29T09:34:47+00:00
CVE-2026-55008,updated,2026-07-28,cve_2026_to_now,2026-07-29T09:34:47+00:00
CVE-2026-55009,updated,2026-07-28,cve_2026_to_now,2026-07-29T09:34:47+00:00
CVE-2026-55010,updated,2026-07-28,cve_2026_to_now,2026-07-29T09:34:47+00:00
CVE-2026-55011,updated,2026-07-28,cve_2026_to_now,2026-07-29T09:34:47+00:00
CVE-2026-55012,updated,2026-07-28,cve_2026_to_now,2026-07-29T09:34:47+00:00
CVE-2026-55014,updated,2026-07-28,cve_2026_to_now,2026-07-29T09:34:47+00:00
CVE-2026-55016,updated,2026-07-28,cve_2026_to_now,2026-07-29T09:34:47+00:00
CVE-2026-55017,updated,2026-07-28,cve_2026_to_now,2026-07-29T09:34:47+00:00
CVE-2026-55018,updated,2026-07-28,cve_2026_to_now,2026-07-29T09:34:47+00:00
CVE-2026-55019,updated,2026-07-28,cve_2026_to_now,2026-07-29T09:34:47+00:00
CVE-2026-55020,updated,2026-07-28,cve_2026_to_now,2026-07-29T09:34:47+00:00
CVE-2026-55021,updated,2026-07-28,cve_2026_to_now,2026-07-29T09:34:47+00:00
CVE-2026-55022,updated,2026-07-28,cve_2026_to_now,2026-07-29T09:34:47+00:00
CVE-2026-55023,updated,2026-07-28,cve_2026_to_now,2026-07-29T09:34:47+00:00
CVE-2026-55024,updated,2026-07-28,cve_2026_to_now,2026-07-29T09:34:47+00:00
CVE-2026-55025,updated,2026-07-28,cve_2026_to_now,2026-07-29T09:34:47+00:00
CVE-2026-55026,updated,2026-07-28,cve_2026_to_now,2026-07-29T09:34:47+00:00
CVE-2026-55027,updated,2026-07-28,cve_2026_to_now,2026-07-29T09:34:47+00:00
CVE-2026-55028,updated,2026-07-28,cve_2026_to_now,2026-07-29T09:34:47+00:00
CVE-2026-55029,updated,2026-07-28,cve_2026_to_now,2026-07-29T09:34:47+00:00
CVE-2026-55030,updated,2026-07-28,cve_2026_to_now,2026-07-29T09:34:47+00:00
CVE-2026-55031,updated,2026-07-28,cve_2026_to_now,2026-07-29T09:34:47+00:00
CVE-2026-55032,updated,2026-07-28,cve_2026_to_now,2026-07-29T09:34:47+00:00
CVE-2026-55033,updated,2026-07-28,cve_2026_to_now,2026-07-29T09:34:47+00:00
CVE-2026-55034,updated,2026-07-28,cve_2026_to_now,2026-07-29T09:34:47+00:00
CVE-2026-55035,updated,2026-07-28,cve_2026_to_now,2026-07-29T09:34:47+00:00
CVE-2026-55036,updated,2026-07-28,cve_2026_to_now,2026-07-29T09:34:47+00:00
CVE-2026-55037,updated,2026-07-28,cve_2026_to_now,2026-07-29T09:34:47+00:00
CVE-2026-55038,updated,2026-07-28,cve_2026_to_now,2026-07-29T09:34:47+00:00
CVE-2026-55039,updated,2026-07-28,cve_2026_to_now,2026-07-29T09:34:47+00:00
CVE-2026-55040,updated,2026-07-28,cve_2026_to_now,2026-07-29T09:34:47+00:00
CVE-2026-55041,updated,2026-07-28,cve_2026_to_now,2026-07-29T09:34:47+00:00
CVE-2026-55042,updated,2026-07-28,cve_2026_to_now,2026-07-29T09:34:47+00:00
CVE-2026-55043,updated,2026-07-28,cve_2026_to_now,2026-07-29T09:34:47+00:00
CVE-2026-55044,updated,2026-07-28,cve_2026_to_now,2026-07-29T09:34:47+00:00
CVE-2026-55045,updated,2026-07-28,cve_2026_to_now,2026-07-29T09:34:47+00:00
CVE-2026-55046,updated,2026-07-28,cve_2026_to_now,2026-07-29T09:34:47+00:00
CVE-2026-55047,updated,2026-07-28,cve_2026_to_now,2026-07-29T09:34:47+00:00
CVE-2026-55048,updated,2026-07-28,cve_2026_to_now,2026-07-29T09:34:47+00:00
CVE-2026-55049,updated,2026-07-28,cve_2026_to_now,2026-07-29T09:34:47+00:00
CVE-2026-55050,updated,2026-07-28,cve_2026_to_now,2026-07-29T09:34:47+00:00
CVE-2026-55051,updated,2026-07-28,cve_2026_to_now,2026-07-29T09:34:47+00:00
CVE-2026-55052,updated,2026-07-28,cve_2026_to_now,2026-07-29T09:34:47+00:00
CVE-2026-55053,updated,2026-07-28,cve_2026_to_now,2026-07-29T09:34:47+00:00
CVE-2026-55054,updated,2026-07-28,cve_2026_to_now,2026-07-29T09:34:47+00:00
CVE-2026-55055,updated,2026-07-28,cve_2026_to_now,2026-07-29T09:34:47+00:00
CVE-2026-55056,updated,2026-07-28,cve_2026_to_now,2026-07-29T09:34:47+00:00
CVE-2026-55057,updated,2026-07-28,cve_2026_to_now,2026-07-29T09:34:47+00:00
CVE-2026-55058,updated,2026-07-28,cve_2026_to_now,2026-07-29T09:34:47+00:00
CVE-2026-55120,updated,2026-07-28,cve_2026_to_now,2026-07-29T09:34:47+00:00
CVE-2026-55121,updated,2026-07-28,cve_2026_to_now,2026-07-29T09:34:47+00:00
CVE-2026-55122,updated,2026-07-28,cve_2026_to_now,2026-07-29T09:34:47+00:00
CVE-2026-55123,updated,2026-07-28,cve_2026_to_now,2026-07-29T09:34:47+00:00
CVE-2026-55124,updated,2026-07-28,cve_2026_to_now,2026-07-29T09:34:47+00:00
CVE-2026-55125,updated,2026-07-28,cve_2026_to_now,2026-07-29T09:34:47+00:00
CVE-2026-55126,updated,2026-07-28,cve_2026_to_now,2026-07-29T09:34:47+00:00
CVE-2026-55127,updated,2026-07-28,cve_2026_to_now,2026-07-29T09:34:47+00:00
CVE-2026-55128,updated,2026-07-28,cve_2026_to_now,2026-07-29T09:34:47+00:00
CVE-2026-55129,updated,2026-07-28,cve_2026_to_now,2026-07-29T09:34:47+00:00
CVE-2026-55130,updated,2026-07-28,cve_2026_to_now,2026-07-29T09:34:47+00:00
CVE-2026-55131,updated,2026-07-28,cve_2026_to_now,2026-07-29T09:34:47+00:00
CVE-2026-55132,updated,2026-07-28,cve_2026_to_now,2026-07-29T09:34:47+00:00
CVE-2026-55133,updated,2026-07-28,cve_2026_to_now,2026-07-29T09:34:47+00:00
CVE-2026-55134,updated,2026-07-28,cve_2026_to_now,2026-07-29T09:34:47+00:00
CVE-2026-55135,updated,2026-07-28,cve_2026_to_now,2026-07-29T09:34:47+00:00
CVE-2026-55136,updated,2026-07-28,cve_2026_to_now,2026-07-29T09:34:47+00:00
CVE-2026-55137,updated,2026-07-28,cve_2026_to_now,2026-07-29T09:34:47+00:00
CVE-2026-55138,updated,2026-07-28,cve_2026_to_now,2026-07-29T09:34:47+00:00
CVE-2026-55139,updated,2026-07-28,cve_2026_to_now,2026-07-29T09:34:47+00:00
CVE-2026-55140,updated,2026-07-28,cve_2026_to_now,2026-07-29T09:34:47+00:00
CVE-2026-55141,updated,2026-07-28,cve_2026_to_now,2026-07-29T09:34:47+00:00
CVE-2026-55142,updated,2026-07-28,cve_2026_to_now,2026-07-29T09:34:47+00:00
CVE-2026-55144,updated,2026-07-28,cve_2026_to_now,2026-07-29T09:34:47+00:00
CVE-2026-55145,updated,2026-07-28,cve_2026_to_now,2026-07-29T09:34:47+00:00
CVE-2026-55389,added,,cve_2026_to_now,2026-07-29T09:34:47+00:00
CVE-2026-55390,added,,cve_2026_to_now,2026-07-29T09:34:47+00:00
CVE-2026-55391,added,,cve_2026_to_now,2026-07-29T09:34:47+00:00
CVE-2026-55403,added,,cve_2026_to_now,2026-07-29T09:34:47+00:00
CVE-2026-55415,added,,cve_2026_to_now,2026-07-29T09:34:47+00:00
CVE-2026-55554,added,,cve_2026_to_now,2026-07-29T09:34:47+00:00
CVE-2026-55555,added,,cve_2026_to_now,2026-07-29T09:34:47+00:00
CVE-2026-55578,updated,2026-07-28,cve_2026_to_now,2026-07-29T09:34:47+00:00
CVE-2026-55685,updated,2026-07-28,cve_2026_to_now,2026-07-29T09:34:47+00:00
CVE-2026-55737,updated,2026-07-28,cve_2026_to_now,2026-07-29T09:34:47+00:00
CVE-2026-55898,updated,2026-07-28,cve_2026_to_now,2026-07-29T09:34:47+00:00
CVE-2026-55899,updated,2026-07-28,cve_2026_to_now,2026-07-29T09:34:47+00:00
CVE-2026-55944,updated,2026-07-28,cve_2026_to_now,2026-07-29T09:34:47+00:00
CVE-2026-55945,updated,2026-07-28,cve_2026_to_now,2026-07-29T09:34:47+00:00
CVE-2026-55947,updated,2026-07-28,cve_2026_to_now,2026-07-29T09:34:47+00:00
CVE-2026-55948,updated,2026-07-28,cve_2026_to_now,2026-07-29T09:34:47+00:00
CVE-2026-55949,updated,2026-07-28,cve_2026_to_now,2026-07-29T09:34:47+00:00
CVE-2026-55953,updated,2026-07-28,cve_2026_to_now,2026-07-29T09:34:47+00:00
CVE-2026-55977,updated,,cve_2026_to_now,2026-07-29T09:34:47+00:00
CVE-2026-56155,updated,2026-07-28,cve_2026_to_now,2026-07-29T09:34:47+00:00
CVE-2026-56156,updated,2026-07-28,cve_2026_to_now,2026-07-29T09:34:47+00:00
CVE-2026-56157,updated,2026-07-28,cve_2026_to_now,2026-07-29T09:34:47+00:00
CVE-2026-56159,updated,2026-07-28,cve_2026_to_now,2026-07-29T09:34:47+00:00
CVE-2026-56160,updated,2026-07-28,cve_2026_to_now,2026-07-29T09:34:47+00:00
CVE-2026-56163,updated,2026-07-28,cve_2026_to_now,2026-07-29T09:34:47+00:00
CVE-2026-56164,updated,2026-07-28,cve_2026_to_now,2026-07-29T09:34:47+00:00
CVE-2026-56165,updated,2026-07-28,cve_2026_to_now,2026-07-29T09:34:47+00:00
CVE-2026-56167,updated,2026-07-28,cve_2026_to_now,2026-07-29T09:34:47+00:00
CVE-2026-56168,updated,2026-07-28,cve_2026_to_now,2026-07-29T09:34:47+00:00
CVE-2026-56169,updated,2026-07-28,cve_2026_to_now,2026-07-29T09:34:47+00:00
CVE-2026-56170,updated,2026-07-28,cve_2026_to_now,2026-07-29T09:34:47+00:00
CVE-2026-56171,updated,2026-07-28,cve_2026_to_now,2026-07-29T09:34:47+00:00
CVE-2026-56173,updated,2026-07-28,cve_2026_to_now,2026-07-29T09:34:47+00:00
CVE-2026-56175,updated,2026-07-28,cve_2026_to_now,2026-07-29T09:34:47+00:00
CVE-2026-56176,updated,2026-07-28,cve_2026_to_now,2026-07-29T09:34:47+00:00
CVE-2026-56178,updated,2026-07-28,cve_2026_to_now,2026-07-29T09:34:47+00:00
CVE-2026-56181,updated,2026-07-28,cve_2026_to_now,2026-07-29T09:34:47+00:00
CVE-2026-56182,updated,2026-07-28,cve_2026_to_now,2026-07-29T09:34:47+00:00
CVE-2026-56183,updated,2026-07-28,cve_2026_to_now,2026-07-29T09:34:47+00:00
CVE-2026-56184,updated,2026-07-28,cve_2026_to_now,2026-07-29T09:34:47+00:00
CVE-2026-56185,updated,2026-07-28,cve_2026_to_now,2026-07-29T09:34:47+00:00
CVE-2026-56186,updated,2026-07-28,cve_2026_to_now,2026-07-29T09:34:47+00:00
CVE-2026-56187,updated,2026-07-28,cve_2026_to_now,2026-07-29T09:34:47+00:00
CVE-2026-56188,updated,2026-07-28,cve_2026_to_now,2026-07-29T09:34:47+00:00
CVE-2026-56189,updated,2026-07-28,cve_2026_to_now,2026-07-29T09:34:47+00:00
CVE-2026-56190,updated,2026-07-28,cve_2026_to_now,2026-07-29T09:34:47+00:00
CVE-2026-56191,updated,2026-07-28,cve_2026_to_now,2026-07-29T09:34:47+00:00
CVE-2026-56192,updated,2026-07-28,cve_2026_to_now,2026-07-29T09:34:47+00:00
CVE-2026-56193,updated,2026-07-28,cve_2026_to_now,2026-07-29T09:34:47+00:00
CVE-2026-56194,updated,2026-07-28,cve_2026_to_now,2026-07-29T09:34:47+00:00
CVE-2026-56195,updated,2026-07-28,cve_2026_to_now,2026-07-29T09:34:47+00:00
CVE-2026-56196,updated,2026-07-28,cve_2026_to_now,2026-07-29T09:34:47+00:00
CVE-2026-56197,updated,2026-07-28,cve_2026_to_now,2026-07-29T09:34:47+00:00
CVE-2026-56208,updated,2026-07-28,cve_2026_to_now,2026-07-29T09:34:47+00:00
CVE-2026-56209,updated,2026-07-28,cve_2026_to_now,2026-07-29T09:34:47+00:00
CVE-2026-56210,updated,2026-07-28,cve_2026_to_now,2026-07-29T09:34:47+00:00
CVE-2026-56211,updated,2026-07-28,cve_2026_to_now,2026-07-29T09:34:47+00:00
CVE-2026-56642,updated,2026-07-28,cve_2026_to_now,2026-07-29T09:34:47+00:00
CVE-2026-56643,updated,2026-07-28,cve_2026_to_now,2026-07-29T09:34:47+00:00
CVE-2026-56644,updated,2026-07-28,cve_2026_to_now,2026-07-29T09:34:47+00:00
CVE-2026-56645,updated,2026-07-28,cve_2026_to_now,2026-07-29T09:34:47+00:00
CVE-2026-56646,updated,2026-07-28,cve_2026_to_now,2026-07-29T09:34:47+00:00
CVE-2026-56647,updated,2026-07-28,cve_2026_to_now,2026-07-29T09:34:47+00:00
CVE-2026-56648,updated,2026-07-28,cve_2026_to_now,2026-07-29T09:34:47+00:00
CVE-2026-56649,updated,2026-07-28,cve_2026_to_now,2026-07-29T09:34:47+00:00
CVE-2026-56650,updated,2026-07-28,cve_2026_to_now,2026-07-29T09:34:47+00:00
CVE-2026-56722,added,,cve_2026_to_now,2026-07-29T09:34:47+00:00
CVE-2026-56821,added,,cve_2026_to_now,2026-07-29T09:34:47+00:00
CVE-2026-56822,added,,cve_2026_to_now,2026-07-29T09:34:47+00:00
CVE-2026-57083,updated,2026-07-28,cve_2026_to_now,2026-07-29T09:34:47+00:00
CVE-2026-57084,updated,2026-07-28,cve_2026_to_now,2026-07-29T09:34:47+00:00
CVE-2026-57085,updated,2026-07-28,cve_2026_to_now,2026-07-29T09:34:47+00:00
CVE-2026-57087,updated,2026-07-28,cve_2026_to_now,2026-07-29T09:34:47+00:00
CVE-2026-57088,updated,2026-07-28,cve_2026_to_now,2026-07-29T09:34:47+00:00
CVE-2026-57089,updated,2026-07-28,cve_2026_to_now,2026-07-29T09:34:47+00:00
CVE-2026-57090,updated,2026-07-28,cve_2026_to_now,2026-07-29T09:34:47+00:00
CVE-2026-57091,updated,2026-07-28,cve_2026_to_now,2026-07-29T09:34:47+00:00
CVE-2026-57092,updated,2026-07-28,cve_2026_to_now,2026-07-29T09:34:47+00:00
CVE-2026-57093,updated,2026-07-28,cve_2026_to_now,2026-07-29T09:34:47+00:00
CVE-2026-57094,updated,2026-07-28,cve_2026_to_now,2026-07-29T09:34:47+00:00
CVE-2026-57095,updated,2026-07-28,cve_2026_to_now,2026-07-29T09:34:47+00:00
CVE-2026-57096,updated,2026-07-28,cve_2026_to_now,2026-07-29T09:34:47+00:00
CVE-2026-57097,updated,2026-07-28,cve_2026_to_now,2026-07-29T09:34:47+00:00
CVE-2026-57100,updated,2026-07-28,cve_2026_to_now,2026-07-29T09:34:47+00:00
CVE-2026-57101,updated,2026-07-28,cve_2026_to_now,2026-07-29T09:34:47+00:00
CVE-2026-57102,updated,2026-07-28,cve_2026_to_now,2026-07-29T09:34:47+00:00
CVE-2026-57106,updated,2026-07-28,cve_2026_to_now,2026-07-29T09:34:47+00:00
CVE-2026-57107,updated,2026-07-28,cve_2026_to_now,2026-07-29T09:34:47+00:00
CVE-2026-57108,updated,2026-07-28,cve_2026_to_now,2026-07-29T09:34:47+00:00
CVE-2026-57510,added,,cve_2026_to_now,2026-07-29T09:34:47+00:00
CVE-2026-57511,added,,cve_2026_to_now,2026-07-29T09:34:47+00:00
CVE-2026-57834,added,,cve_2026_to_now,2026-07-29T09:34:47+00:00
CVE-2026-57968,updated,2026-07-28,cve_2026_to_now,2026-07-29T09:34:47+00:00
CVE-2026-57969,updated,2026-07-28,cve_2026_to_now,2026-07-29T09:34:47+00:00
CVE-2026-57973,updated,2026-07-28,cve_2026_to_now,2026-07-29T09:34:47+00:00
CVE-2026-57974,updated,2026-07-28,cve_2026_to_now,2026-07-29T09:34:47+00:00
CVE-2026-57975,updated,2026-07-28,cve_2026_to_now,2026-07-29T09:34:47+00:00
CVE-2026-57976,updated,2026-07-28,cve_2026_to_now,2026-07-29T09:34:47+00:00
CVE-2026-57977,updated,2026-07-28,cve_2026_to_now,2026-07-29T09:34:47+00:00
CVE-2026-57978,updated,2026-07-28,cve_2026_to_now,2026-07-29T09:34:47+00:00
CVE-2026-57979,updated,2026-07-28,cve_2026_to_now,2026-07-29T09:34:47+00:00
CVE-2026-57980,updated,2026-07-28,cve_2026_to_now,2026-07-29T09:34:47+00:00
CVE-2026-57981,updated,2026-07-28,cve_2026_to_now,2026-07-29T09:34:47+00:00
CVE-2026-57982,updated,2026-07-28,cve_2026_to_now,2026-07-29T09:34:47+00:00
CVE-2026-57983,updated,2026-07-28,cve_2026_to_now,2026-07-29T09:34:47+00:00
CVE-2026-57984,updated,2026-07-28,cve_2026_to_now,2026-07-29T09:34:47+00:00
CVE-2026-57985,updated,2026-07-28,cve_2026_to_now,2026-07-29T09:34:47+00:00
CVE-2026-57986,updated,2026-07-28,cve_2026_to_now,2026-07-29T09:34:47+00:00
CVE-2026-57987,updated,2026-07-28,cve_2026_to_now,2026-07-29T09:34:47+00:00
CVE-2026-57988,updated,2026-07-28,cve_2026_to_now,2026-07-29T09:34:47+00:00
CVE-2026-57989,updated,2026-07-28,cve_2026_to_now,2026-07-29T09:34:47+00:00
CVE-2026-57990,updated,2026-07-28,cve_2026_to_now,2026-07-29T09:34:47+00:00
CVE-2026-57991,updated,2026-07-28,cve_2026_to_now,2026-07-29T09:34:47+00:00
CVE-2026-57992,updated,2026-07-28,cve_2026_to_now,2026-07-29T09:34:47+00:00
CVE-2026-57993,updated,2026-07-28,cve_2026_to_now,2026-07-29T09:34:47+00:00
CVE-2026-58016,updated,2026-07-28,cve_2026_to_now,2026-07-29T09:34:47+00:00
CVE-2026-58150,added,,cve_2026_to_now,2026-07-29T09:34:47+00:00
CVE-2026-58151,added,,cve_2026_to_now,2026-07-29T09:34:47+00:00
CVE-2026-58152,added,,cve_2026_to_now,2026-07-29T09:34:47+00:00
CVE-2026-58153,added,,cve_2026_to_now,2026-07-29T09:34:47+00:00
CVE-2026-58154,added,,cve_2026_to_now,2026-07-29T09:34:47+00:00
CVE-2026-58155,added,,cve_2026_to_now,2026-07-29T09:34:47+00:00
CVE-2026-58156,added,,cve_2026_to_now,2026-07-29T09:34:47+00:00
CVE-2026-58157,added,,cve_2026_to_now,2026-07-29T09:34:47+00:00
CVE-2026-58158,added,,cve_2026_to_now,2026-07-29T09:34:47+00:00
CVE-2026-58159,added,,cve_2026_to_now,2026-07-29T09:34:47+00:00
CVE-2026-58160,added,,cve_2026_to_now,2026-07-29T09:34:47+00:00
CVE-2026-58161,added,,cve_2026_to_now,2026-07-29T09:34:47+00:00
CVE-2026-58162,added,,cve_2026_to_now,2026-07-29T09:34:47+00:00
CVE-2026-58163,added,,cve_2026_to_now,2026-07-29T09:34:47+00:00
CVE-2026-58164,added,,cve_2026_to_now,2026-07-29T09:34:47+00:00
CVE-2026-58175,added,,cve_2026_to_now,2026-07-29T09:34:47+00:00
CVE-2026-58177,added,,cve_2026_to_now,2026-07-29T09:34:47+00:00
CVE-2026-58178,added,,cve_2026_to_now,2026-07-29T09:34:47+00:00
CVE-2026-58179,added,,cve_2026_to_now,2026-07-29T09:34:47+00:00
CVE-2026-58180,added,,cve_2026_to_now,2026-07-29T09:34:47+00:00
CVE-2026-58181,added,,cve_2026_to_now,2026-07-29T09:34:47+00:00
CVE-2026-58182,added,,cve_2026_to_now,2026-07-29T09:34:47+00:00
CVE-2026-58183,added,,cve_2026_to_now,2026-07-29T09:34:47+00:00
CVE-2026-58184,added,,cve_2026_to_now,2026-07-29T09:34:47+00:00
CVE-2026-58185,added,,cve_2026_to_now,2026-07-29T09:34:47+00:00
CVE-2026-58186,added,,cve_2026_to_now,2026-07-29T09:34:47+00:00
CVE-2026-58187,added,,cve_2026_to_now,2026-07-29T09:34:47+00:00
CVE-2026-58188,added,,cve_2026_to_now,2026-07-29T09:34:47+00:00
CVE-2026-58189,added,,cve_2026_to_now,2026-07-29T09:34:47+00:00
CVE-2026-58227,updated,2026-07-28,cve_2026_to_now,2026-07-29T09:34:47+00:00
CVE-2026-58246,added,,cve_2026_to_now,2026-07-29T09:34:47+00:00
CVE-2026-58275,updated,2026-07-28,cve_2026_to_now,2026-07-29T09:34:47+00:00
CVE-2026-58276,updated,2026-07-28,cve_2026_to_now,2026-07-29T09:34:47+00:00
CVE-2026-58277,updated,2026-07-28,cve_2026_to_now,2026-07-29T09:34:47+00:00
CVE-2026-58278,updated,2026-07-28,cve_2026_to_now,2026-07-29T09:34:47+00:00
CVE-2026-58279,updated,2026-07-28,cve_2026_to_now,2026-07-29T09:34:47+00:00
CVE-2026-58281,updated,2026-07-28,cve_2026_to_now,2026-07-29T09:34:47+00:00
CVE-2026-58282,updated,2026-07-28,cve_2026_to_now,2026-07-29T09:34:47+00:00
CVE-2026-58283,updated,2026-07-28,cve_2026_to_now,2026-07-29T09:34:47+00:00
CVE-2026-58284,updated,2026-07-28,cve_2026_to_now,2026-07-29T09:34:47+00:00
CVE-2026-58285,updated,2026-07-28,cve_2026_to_now,2026-07-29T09:34:47+00:00
CVE-2026-58286,updated,2026-07-28,cve_2026_to_now,2026-07-29T09:34:47+00:00
CVE-2026-58287,updated,2026-07-28,cve_2026_to_now,2026-07-29T09:34:47+00:00
CVE-2026-58288,updated,2026-07-28,cve_2026_to_now,2026-07-29T09:34:47+00:00
CVE-2026-58289,updated,2026-07-28,cve_2026_to_now,2026-07-29T09:34:47+00:00
CVE-2026-58290,updated,2026-07-28,cve_2026_to_now,2026-07-29T09:34:47+00:00
CVE-2026-58291,updated,2026-07-28,cve_2026_to_now,2026-07-29T09:34:47+00:00
CVE-2026-58292,updated,2026-07-28,cve_2026_to_now,2026-07-29T09:34:47+00:00
CVE-2026-58293,updated,2026-07-28,cve_2026_to_now,2026-07-29T09:34:47+00:00
CVE-2026-58294,updated,2026-07-28,cve_2026_to_now,2026-07-29T09:34:47+00:00
CVE-2026-58295,updated,2026-07-28,cve_2026_to_now,2026-07-29T09:34:47+00:00
CVE-2026-58296,updated,2026-07-28,cve_2026_to_now,2026-07-29T09:34:47+00:00
CVE-2026-58297,updated,2026-07-28,cve_2026_to_now,2026-07-29T09:34:47+00:00
CVE-2026-58298,updated,2026-07-28,cve_2026_to_now,2026-07-29T09:34:47+00:00
CVE-2026-58299,updated,2026-07-28,cve_2026_to_now,2026-07-29T09:34:47+00:00
CVE-2026-58300,updated,2026-07-28,cve_2026_to_now,2026-07-29T09:34:47+00:00
CVE-2026-58522,updated,2026-07-28,cve_2026_to_now,2026-07-29T09:34:47+00:00
CVE-2026-58523,updated,2026-07-28,cve_2026_to_now,2026-07-29T09:34:47+00:00
CVE-2026-58524,updated,2026-07-28,cve_2026_to_now,2026-07-29T09:34:47+00:00
CVE-2026-58525,updated,2026-07-28,cve_2026_to_now,2026-07-29T09:34:47+00:00
CVE-2026-58526,updated,2026-07-28,cve_2026_to_now,2026-07-29T09:34:47+00:00
CVE-2026-58527,updated,2026-07-28,cve_2026_to_now,2026-07-29T09:34:47+00:00
CVE-2026-58528,updated,2026-07-28,cve_2026_to_now,2026-07-29T09:34:47+00:00
CVE-2026-58529,updated,2026-07-28,cve_2026_to_now,2026-07-29T09:34:47+00:00
CVE-2026-58530,updated,2026-07-28,cve_2026_to_now,2026-07-29T09:34:47+00:00
CVE-2026-58531,updated,2026-07-28,cve_2026_to_now,2026-07-29T09:34:47+00:00
CVE-2026-58532,updated,2026-07-28,cve_2026_to_now,2026-07-29T09:34:47+00:00
CVE-2026-58533,updated,2026-07-28,cve_2026_to_now,2026-07-29T09:34:47+00:00
CVE-2026-58534,updated,2026-07-28,cve_2026_to_now,2026-07-29T09:34:47+00:00
CVE-2026-58535,updated,2026-07-28,cve_2026_to_now,2026-07-29T09:34:47+00:00
CVE-2026-58536,updated,2026-07-28,cve_2026_to_now,2026-07-29T09:34:47+00:00
CVE-2026-58537,updated,2026-07-28,cve_2026_to_now,2026-07-29T09:34:47+00:00
CVE-2026-58538,updated,2026-07-28,cve_2026_to_now,2026-07-29T09:34:47+00:00
CVE-2026-58539,updated,2026-07-28,cve_2026_to_now,2026-07-29T09:34:47+00:00
CVE-2026-58540,updated,2026-07-28,cve_2026_to_now,2026-07-29T09:34:47+00:00
CVE-2026-58541,updated,2026-07-28,cve_2026_to_now,2026-07-29T09:34:47+00:00
CVE-2026-58542,updated,2026-07-28,cve_2026_to_now,2026-07-29T09:34:47+00:00
CVE-2026-58543,updated,2026-07-28,cve_2026_to_now,2026-07-29T09:34:47+00:00
CVE-2026-58544,updated,2026-07-28,cve_2026_to_now,2026-07-29T09:34:47+00:00
CVE-2026-58545,updated,2026-07-28,cve_2026_to_now,2026-07-29T09:34:47+00:00
CVE-2026-58546,updated,2026-07-28,cve_2026_to_now,2026-07-29T09:34:47+00:00
CVE-2026-58547,updated,2026-07-28,cve_2026_to_now,2026-07-29T09:34:47+00:00
CVE-2026-58594,updated,2026-07-28,cve_2026_to_now,2026-07-29T09:34:47+00:00
CVE-2026-58595,updated,2026-07-28,cve_2026_to_now,2026-07-29T09:34:47+00:00
CVE-2026-58596,updated,2026-07-28,cve_2026_to_now,2026-07-29T09:34:47+00:00
CVE-2026-58597,updated,2026-07-28,cve_2026_to_now,2026-07-29T09:34:47+00:00
CVE-2026-58598,updated,2026-07-28,cve_2026_to_now,2026-07-29T09:34:47+00:00
CVE-2026-58601,updated,2026-07-28,cve_2026_to_now,2026-07-29T09:34:47+00:00
CVE-2026-58602,updated,2026-07-28,cve_2026_to_now,2026-07-29T09:34:47+00:00
CVE-2026-58608,updated,2026-07-28,cve_2026_to_now,2026-07-29T09:34:47+00:00
CVE-2026-58609,updated,2026-07-28,cve_2026_to_now,2026-07-29T09:34:47+00:00
CVE-2026-58610,updated,2026-07-28,cve_2026_to_now,2026-07-29T09:34:47+00:00
CVE-2026-58613,updated,2026-07-28,cve_2026_to_now,2026-07-29T09:34:47+00:00
CVE-2026-58614,updated,2026-07-28,cve_2026_to_now,2026-07-29T09:34:47+00:00
CVE-2026-58617,updated,2026-07-28,cve_2026_to_now,2026-07-29T09:34:47+00:00
CVE-2026-58618,updated,2026-07-28,cve_2026_to_now,2026-07-29T09:34:47+00:00
CVE-2026-58619,updated,2026-07-28,cve_2026_to_now,2026-07-29T09:34:47+00:00
CVE-2026-58626,updated,2026-07-28,cve_2026_to_now,2026-07-29T09:34:47+00:00
CVE-2026-58627,updated,2026-07-28,cve_2026_to_now,2026-07-29T09:34:47+00:00
CVE-2026-58628,updated,2026-07-28,cve_2026_to_now,2026-07-29T09:34:47+00:00
CVE-2026-58629,updated,2026-07-28,cve_2026_to_now,2026-07-29T09:34:47+00:00
CVE-2026-58630,updated,2026-07-28,cve_2026_to_now,2026-07-29T09:34:47+00:00
CVE-2026-58631,updated,2026-07-28,cve_2026_to_now,2026-07-29T09:34:47+00:00
CVE-2026-58632,updated,2026-07-28,cve_2026_to_now,2026-07-29T09:34:47+00:00
CVE-2026-58633,updated,2026-07-28,cve_2026_to_now,2026-07-29T09:34:47+00:00
CVE-2026-58634,updated,2026-07-28,cve_2026_to_now,2026-07-29T09:34:47+00:00
CVE-2026-58635,updated,2026-07-28,cve_2026_to_now,2026-07-29T09:34:47+00:00
CVE-2026-58636,updated,2026-07-28,cve_2026_to_now,2026-07-29T09:34:47+00:00
CVE-2026-58637,updated,2026-07-28,cve_2026_to_now,2026-07-29T09:34:47+00:00
CVE-2026-58638,updated,2026-07-28,cve_2026_to_now,2026-07-29T09:34:47+00:00
CVE-2026-58640,updated,2026-07-28,cve_2026_to_now,2026-07-29T09:34:47+00:00
CVE-2026-58643,updated,2026-07-28,cve_2026_to_now,2026-07-29T09:34:47+00:00
CVE-2026-58644,updated,2026-07-28,cve_2026_to_now,2026-07-29T09:34:47+00:00
CVE-2026-58647,updated,2026-07-28,cve_2026_to_now,2026-07-29T09:34:47+00:00
CVE-2026-58655,updated,2026-07-28,cve_2026_to_now,2026-07-29T09:34:47+00:00
CVE-2026-59117,updated,2026-07-28,cve_2026_to_now,2026-07-29T09:34:47+00:00
CVE-2026-59240,updated,2026-07-28,cve_2026_to_now,2026-07-29T09:34:47+00:00
CVE-2026-59243,added,,cve_2026_to_now,2026-07-29T09:34:47+00:00
CVE-2026-59248,added,2026-07-29,cve_2026_to_now,2026-07-29T09:34:47+00:00
CVE-2026-59250,updated,2026-07-28,cve_2026_to_now,2026-07-29T09:34:47+00:00
CVE-2026-59251,updated,2026-07-28,cve_2026_to_now,2026-07-29T09:34:47+00:00
CVE-2026-59691,updated,2026-07-28,cve_2026_to_now,2026-07-29T09:34:47+00:00
CVE-2026-59692,updated,2026-07-28,cve_2026_to_now,2026-07-29T09:34:47+00:00
CVE-2026-59712,updated,2026-07-28,cve_2026_to_now,2026-07-29T09:34:47+00:00
CVE-2026-59727,updated,2026-07-28,cve_2026_to_now,2026-07-29T09:34:47+00:00
CVE-2026-59728,updated,2026-07-28,cve_2026_to_now,2026-07-29T09:34:47+00:00
CVE-2026-59729,updated,2026-07-28,cve_2026_to_now,2026-07-29T09:34:47+00:00
CVE-2026-59730,updated,2026-07-28,cve_2026_to_now,2026-07-29T09:34:47+00:00
CVE-2026-59764,updated,,cve_2026_to_now,2026-07-29T09:34:47+00:00
CVE-2026-59878,added,,cve_2026_to_now,2026-07-29T09:34:47+00:00
CVE-2026-59921,added,,cve_2026_to_now,2026-07-29T09:34:47+00:00
CVE-2026-59931,added,,cve_2026_to_now,2026-07-29T09:34:47+00:00
CVE-2026-59932,added,,cve_2026_to_now,2026-07-29T09:34:47+00:00
CVE-2026-59933,added,,cve_2026_to_now,2026-07-29T09:34:47+00:00
CVE-2026-59941,added,,cve_2026_to_now,2026-07-29T09:34:47+00:00
CVE-2026-59942,added,,cve_2026_to_now,2026-07-29T09:34:47+00:00
CVE-2026-59943,added,,cve_2026_to_now,2026-07-29T09:34:47+00:00
CVE-2026-60359,updated,2026-07-29,cve_2026_to_now,2026-07-29T09:34:47+00:00
CVE-2026-60361,updated,2026-07-29,cve_2026_to_now,2026-07-29T09:34:47+00:00
CVE-2026-60362,updated,2026-07-29,cve_2026_to_now,2026-07-29T09:34:47+00:00
CVE-2026-60417,updated,2026-07-29,cve_2026_to_now,2026-07-29T09:34:47+00:00
CVE-2026-60418,updated,2026-07-29,cve_2026_to_now,2026-07-29T09:34:47+00:00
CVE-2026-60419,updated,2026-07-29,cve_2026_to_now,2026-07-29T09:34:47+00:00
CVE-2026-60421,updated,2026-07-29,cve_2026_to_now,2026-07-29T09:34:47+00:00
CVE-2026-60422,updated,2026-07-29,cve_2026_to_now,2026-07-29T09:34:47+00:00
CVE-2026-60423,updated,2026-07-29,cve_2026_to_now,2026-07-29T09:34:47+00:00
CVE-2026-60424,updated,2026-07-29,cve_2026_to_now,2026-07-29T09:34:47+00:00
CVE-2026-60427,updated,2026-07-29,cve_2026_to_now,2026-07-29T09:34:47+00:00
CVE-2026-60612,updated,2026-07-28,cve_2026_to_now,2026-07-29T09:34:47+00:00
CVE-2026-60616,updated,2026-07-28,cve_2026_to_now,2026-07-29T09:34:47+00:00
CVE-2026-60677,updated,2026-07-28,cve_2026_to_now,2026-07-29T09:34:47+00:00
CVE-2026-60807,updated,2026-07-28,cve_2026_to_now,2026-07-29T09:34:47+00:00
CVE-2026-60810,updated,2026-07-28,cve_2026_to_now,2026-07-29T09:34:47+00:00
CVE-2026-60829,updated,2026-07-29,cve_2026_to_now,2026-07-29T09:34:47+00:00
CVE-2026-60863,updated,2026-07-29,cve_2026_to_now,2026-07-29T09:34:47+00:00
CVE-2026-60867,updated,2026-07-29,cve_2026_to_now,2026-07-29T09:34:47+00:00
CVE-2026-60868,updated,2026-07-29,cve_2026_to_now,2026-07-29T09:34:47+00:00
CVE-2026-60870,updated,2026-07-29,cve_2026_to_now,2026-07-29T09:34:47+00:00
CVE-2026-60989,updated,2026-07-29,cve_2026_to_now,2026-07-29T09:34:47+00:00
CVE-2026-61039,updated,2026-07-29,cve_2026_to_now,2026-07-29T09:34:47+00:00
CVE-2026-61166,updated,2026-07-29,cve_2026_to_now,2026-07-29T09:34:47+00:00
CVE-2026-61167,updated,2026-07-29,cve_2026_to_now,2026-07-29T09:34:47+00:00
CVE-2026-61168,updated,2026-07-29,cve_2026_to_now,2026-07-29T09:34:47+00:00
CVE-2026-61169,updated,2026-07-29,cve_2026_to_now,2026-07-29T09:34:47+00:00
CVE-2026-61170,updated,2026-07-29,cve_2026_to_now,2026-07-29T09:34:47+00:00
CVE-2026-61171,updated,2026-07-29,cve_2026_to_now,2026-07-29T09:34:47+00:00
CVE-2026-61172,updated,2026-07-29,cve_2026_to_now,2026-07-29T09:34:47+00:00
CVE-2026-61173,updated,2026-07-29,cve_2026_to_now,2026-07-29T09:34:47+00:00
CVE-2026-61178,updated,2026-07-29,cve_2026_to_now,2026-07-29T09:34:47+00:00
CVE-2026-61186,updated,2026-07-29,cve_2026_to_now,2026-07-29T09:34:47+00:00
CVE-2026-61189,updated,2026-07-29,cve_2026_to_now,2026-07-29T09:34:47+00:00
CVE-2026-61190,updated,2026-07-29,cve_2026_to_now,2026-07-29T09:34:47+00:00
CVE-2026-61376,updated,,cve_2026_to_now,2026-07-29T09:34:47+00:00
CVE-2026-61451,updated,2026-07-28,cve_2026_to_now,2026-07-29T09:34:47+00:00
CVE-2026-61452,updated,2026-07-28,cve_2026_to_now,2026-07-29T09:34:47+00:00
CVE-2026-61457,updated,2026-07-28,cve_2026_to_now,2026-07-29T09:34:47+00:00
CVE-2026-61487,added,,cve_2026_to_now,2026-07-29T09:34:47+00:00
CVE-2026-61609,added,,cve_2026_to_now,2026-07-29T09:34:47+00:00
CVE-2026-61873,updated,2026-07-28,cve_2026_to_now,2026-07-29T09:34:47+00:00
CVE-2026-61953,updated,2026-07-28,cve_2026_to_now,2026-07-29T09:34:47+00:00
CVE-2026-61957,updated,2026-07-28,cve_2026_to_now,2026-07-29T09:34:47+00:00
CVE-2026-62325,added,,cve_2026_to_now,2026-07-29T09:34:47+00:00
CVE-2026-62423,added,,cve_2026_to_now,2026-07-29T09:34:47+00:00
CVE-2026-62424,added,,cve_2026_to_now,2026-07-29T09:34:47+00:00
CVE-2026-62425,added,,cve_2026_to_now,2026-07-29T09:34:47+00:00
CVE-2026-62426,added,,cve_2026_to_now,2026-07-29T09:34:47+00:00
CVE-2026-62427,added,,cve_2026_to_now,2026-07-29T09:34:47+00:00
CVE-2026-62428,added,,cve_2026_to_now,2026-07-29T09:34:47+00:00
CVE-2026-62429,added,,cve_2026_to_now,2026-07-29T09:34:47+00:00
CVE-2026-62430,added,,cve_2026_to_now,2026-07-29T09:34:47+00:00
CVE-2026-62431,added,,cve_2026_to_now,2026-07-29T09:34:47+00:00
CVE-2026-62432,added,,cve_2026_to_now,2026-07-29T09:34:47+00:00
CVE-2026-62433,added,,cve_2026_to_now,2026-07-29T09:34:47+00:00
CVE-2026-62434,added,,cve_2026_to_now,2026-07-29T09:34:47+00:00
CVE-2026-62435,added,,cve_2026_to_now,2026-07-29T09:34:47+00:00
CVE-2026-62436,added,,cve_2026_to_now,2026-07-29T09:34:47+00:00
CVE-2026-62515,updated,2026-07-29,cve_2026_to_now,2026-07-29T09:34:47+00:00
CVE-2026-62825,updated,2026-07-28,cve_2026_to_now,2026-07-29T09:34:47+00:00
CVE-2026-62826,updated,2026-07-28,cve_2026_to_now,2026-07-29T09:34:47+00:00
CVE-2026-62828,added,,cve_2026_to_now,2026-07-29T09:34:47+00:00
CVE-2026-62835,updated,2026-07-28,cve_2026_to_now,2026-07-29T09:34:47+00:00
CVE-2026-63227,added,,cve_2026_to_now,2026-07-29T09:34:47+00:00
CVE-2026-63228,added,,cve_2026_to_now,2026-07-29T09:34:47+00:00
CVE-2026-63229,added,,cve_2026_to_now,2026-07-29T09:34:47+00:00
CVE-2026-63230,added,,cve_2026_to_now,2026-07-29T09:34:47+00:00
CVE-2026-63231,added,,cve_2026_to_now,2026-07-29T09:34:47+00:00
CVE-2026-63232,added,,cve_2026_to_now,2026-07-29T09:34:47+00:00
CVE-2026-63233,added,,cve_2026_to_now,2026-07-29T09:34:47+00:00
CVE-2026-63234,added,,cve_2026_to_now,2026-07-29T09:34:47+00:00
CVE-2026-63235,added,,cve_2026_to_now,2026-07-29T09:34:47+00:00
CVE-2026-63236,added,,cve_2026_to_now,2026-07-29T09:34:47+00:00
CVE-2026-63237,added,,cve_2026_to_now,2026-07-29T09:34:47+00:00
CVE-2026-63238,added,,cve_2026_to_now,2026-07-29T09:34:47+00:00
CVE-2026-63239,added,,cve_2026_to_now,2026-07-29T09:34:47+00:00
CVE-2026-63240,added,,cve_2026_to_now,2026-07-29T09:34:47+00:00
CVE-2026-63241,added,,cve_2026_to_now,2026-07-29T09:34:47+00:00
CVE-2026-63242,added,,cve_2026_to_now,2026-07-29T09:34:47+00:00
CVE-2026-63301,added,,cve_2026_to_now,2026-07-29T09:34:47+00:00
CVE-2026-63302,added,,cve_2026_to_now,2026-07-29T09:34:47+00:00
CVE-2026-63303,added,,cve_2026_to_now,2026-07-29T09:34:47+00:00
CVE-2026-63727,added,,cve_2026_to_now,2026-07-29T09:34:47+00:00
CVE-2026-63731,updated,2026-07-28,cve_2026_to_now,2026-07-29T09:34:47+00:00
CVE-2026-63922,updated,2026-07-28,cve_2026_to_now,2026-07-29T09:34:47+00:00
CVE-2026-64531,updated,,cve_2026_to_now,2026-07-29T09:34:47+00:00
CVE-2026-64556,added,,cve_2026_to_now,2026-07-29T09:34:47+00:00
CVE-2026-64557,added,,cve_2026_to_now,2026-07-29T09:34:47+00:00
CVE-2026-64642,updated,2026-07-28,cve_2026_to_now,2026-07-29T09:34:47+00:00
CVE-2026-64645,updated,2026-07-28,cve_2026_to_now,2026-07-29T09:34:47+00:00
CVE-2026-64648,updated,2026-07-28,cve_2026_to_now,2026-07-29T09:34:47+00:00
CVE-2026-64649,updated,2026-07-28,cve_2026_to_now,2026-07-29T09:34:47+00:00
CVE-2026-64691,updated,2026-07-28,cve_2026_to_now,2026-07-29T09:34:47+00:00
CVE-2026-64692,updated,2026-07-28,cve_2026_to_now,2026-07-29T09:34:47+00:00
CVE-2026-64693,updated,2026-07-28,cve_2026_to_now,2026-07-29T09:34:47+00:00
CVE-2026-64694,updated,2026-07-28,cve_2026_to_now,2026-07-29T09:34:47+00:00
CVE-2026-64695,updated,2026-07-28,cve_2026_to_now,2026-07-29T09:34:47+00:00
CVE-2026-64696,updated,2026-07-28,cve_2026_to_now,2026-07-29T09:34:47+00:00
CVE-2026-64697,updated,2026-07-28,cve_2026_to_now,2026-07-29T09:34:47+00:00
CVE-2026-64698,updated,2026-07-28,cve_2026_to_now,2026-07-29T09:34:47+00:00
CVE-2026-64699,updated,2026-07-28,cve_2026_to_now,2026-07-29T09:34:47+00:00
CVE-2026-64700,updated,2026-07-28,cve_2026_to_now,2026-07-29T09:34:47+00:00
CVE-2026-64702,updated,2026-07-28,cve_2026_to_now,2026-07-29T09:34:47+00:00
CVE-2026-64703,updated,2026-07-28,cve_2026_to_now,2026-07-29T09:34:47+00:00
CVE-2026-64704,updated,2026-07-28,cve_2026_to_now,2026-07-29T09:34:47+00:00
CVE-2026-64707,updated,2026-07-28,cve_2026_to_now,2026-07-29T09:34:47+00:00
CVE-2026-64708,updated,2026-07-28,cve_2026_to_now,2026-07-29T09:34:47+00:00
CVE-2026-64709,updated,2026-07-28,cve_2026_to_now,2026-07-29T09:34:47+00:00
CVE-2026-64710,updated,2026-07-28,cve_2026_to_now,2026-07-29T09:34:47+00:00
CVE-2026-64711,updated,2026-07-28,cve_2026_to_now,2026-07-29T09:34:47+00:00
CVE-2026-64713,updated,2026-07-28,cve_2026_to_now,2026-07-29T09:34:47+00:00
CVE-2026-64716,updated,2026-07-28,cve_2026_to_now,2026-07-29T09:34:47+00:00
CVE-2026-64718,updated,2026-07-28,cve_2026_to_now,2026-07-29T09:34:47+00:00
CVE-2026-64719,updated,2026-07-28,cve_2026_to_now,2026-07-29T09:34:47+00:00
CVE-2026-64720,updated,2026-07-28,cve_2026_to_now,2026-07-29T09:34:47+00:00
CVE-2026-64721,updated,2026-07-28,cve_2026_to_now,2026-07-29T09:34:47+00:00
CVE-2026-64722,updated,2026-07-28,cve_2026_to_now,2026-07-29T09:34:47+00:00
CVE-2026-64723,updated,2026-07-28,cve_2026_to_now,2026-07-29T09:34:47+00:00
CVE-2026-64724,updated,2026-07-28,cve_2026_to_now,2026-07-29T09:34:47+00:00
CVE-2026-64725,updated,2026-07-28,cve_2026_to_now,2026-07-29T09:34:47+00:00
CVE-2026-64726,updated,2026-07-28,cve_2026_to_now,2026-07-29T09:34:47+00:00
CVE-2026-64727,updated,2026-07-28,cve_2026_to_now,2026-07-29T09:34:47+00:00
CVE-2026-64728,updated,2026-07-28,cve_2026_to_now,2026-07-29T09:34:47+00:00
CVE-2026-64729,updated,2026-07-28,cve_2026_to_now,2026-07-29T09:34:47+00:00
CVE-2026-64730,updated,2026-07-28,cve_2026_to_now,2026-07-29T09:34:47+00:00
CVE-2026-64731,updated,2026-07-28,cve_2026_to_now,2026-07-29T09:34:47+00:00
CVE-2026-64732,updated,2026-07-28,cve_2026_to_now,2026-07-29T09:34:47+00:00
CVE-2026-64733,updated,2026-07-28,cve_2026_to_now,2026-07-29T09:34:47+00:00
CVE-2026-64734,updated,2026-07-28,cve_2026_to_now,2026-07-29T09:34:47+00:00
CVE-2026-64735,updated,2026-07-28,cve_2026_to_now,2026-07-29T09:34:47+00:00
CVE-2026-64737,updated,2026-07-28,cve_2026_to_now,2026-07-29T09:34:47+00:00
CVE-2026-64738,updated,2026-07-28,cve_2026_to_now,2026-07-29T09:34:47+00:00
CVE-2026-64739,updated,2026-07-28,cve_2026_to_now,2026-07-29T09:34:47+00:00
CVE-2026-64740,updated,2026-07-28,cve_2026_to_now,2026-07-29T09:34:47+00:00
CVE-2026-64741,updated,2026-07-28,cve_2026_to_now,2026-07-29T09:34:47+00:00
CVE-2026-64742,updated,2026-07-28,cve_2026_to_now,2026-07-29T09:34:47+00:00
CVE-2026-64743,updated,2026-07-28,cve_2026_to_now,2026-07-29T09:34:47+00:00
CVE-2026-64744,updated,2026-07-28,cve_2026_to_now,2026-07-29T09:34:47+00:00
CVE-2026-64745,updated,2026-07-28,cve_2026_to_now,2026-07-29T09:34:47+00:00
CVE-2026-64746,updated,2026-07-28,cve_2026_to_now,2026-07-29T09:34:47+00:00
CVE-2026-64747,updated,2026-07-29,cve_2026_to_now,2026-07-29T09:34:47+00:00
CVE-2026-64749,updated,2026-07-28,cve_2026_to_now,2026-07-29T09:34:47+00:00
CVE-2026-64751,updated,2026-07-28,cve_2026_to_now,2026-07-29T09:34:47+00:00
CVE-2026-64754,updated,2026-07-28,cve_2026_to_now,2026-07-29T09:34:47+00:00
CVE-2026-64755,updated,2026-07-28,cve_2026_to_now,2026-07-29T09:34:47+00:00
CVE-2026-64757,updated,2026-07-28,cve_2026_to_now,2026-07-29T09:34:47+00:00
CVE-2026-64758,updated,2026-07-28,cve_2026_to_now,2026-07-29T09:34:47+00:00
CVE-2026-64762,updated,2026-07-28,cve_2026_to_now,2026-07-29T09:34:47+00:00
CVE-2026-64763,updated,2026-07-29,cve_2026_to_now,2026-07-29T09:34:47+00:00
CVE-2026-64764,updated,2026-07-29,cve_2026_to_now,2026-07-29T09:34:47+00:00
CVE-2026-64765,updated,2026-07-29,cve_2026_to_now,2026-07-29T09:34:47+00:00
CVE-2026-64766,updated,2026-07-29,cve_2026_to_now,2026-07-29T09:34:47+00:00
CVE-2026-64767,updated,2026-07-28,cve_2026_to_now,2026-07-29T09:34:47+00:00
CVE-2026-64768,updated,2026-07-28,cve_2026_to_now,2026-07-29T09:34:47+00:00
CVE-2026-64769,updated,2026-07-28,cve_2026_to_now,2026-07-29T09:34:47+00:00
CVE-2026-64770,updated,2026-07-28,cve_2026_to_now,2026-07-29T09:34:47+00:00
CVE-2026-64771,updated,2026-07-28,cve_2026_to_now,2026-07-29T09:34:47+00:00
CVE-2026-64772,updated,2026-07-28,cve_2026_to_now,2026-07-29T09:34:47+00:00
CVE-2026-64774,updated,2026-07-28,cve_2026_to_now,2026-07-29T09:34:47+00:00
CVE-2026-64775,updated,2026-07-28,cve_2026_to_now,2026-07-29T09:34:47+00:00
CVE-2026-64776,updated,2026-07-28,cve_2026_to_now,2026-07-29T09:34:47+00:00
CVE-2026-64783,updated,2026-07-28,cve_2026_to_now,2026-07-29T09:34:47+00:00
CVE-2026-64797,updated,2026-07-29,cve_2026_to_now,2026-07-29T09:34:47+00:00
CVE-2026-64863,added,,cve_2026_to_now,2026-07-29T09:34:47+00:00
CVE-2026-64876,updated,2026-07-29,cve_2026_to_now,2026-07-29T09:34:47+00:00
CVE-2026-65100,added,,cve_2026_to_now,2026-07-29T09:34:47+00:00
CVE-2026-65324,added,,cve_2026_to_now,2026-07-29T09:34:47+00:00
CVE-2026-65325,added,,cve_2026_to_now,2026-07-29T09:34:47+00:00
CVE-2026-65437,updated,2026-07-28,cve_2026_to_now,2026-07-29T09:34:47+00:00
CVE-2026-65438,updated,2026-07-28,cve_2026_to_now,2026-07-29T09:34:47+00:00
CVE-2026-65439,updated,2026-07-28,cve_2026_to_now,2026-07-29T09:34:47+00:00
CVE-2026-65440,updated,2026-07-28,cve_2026_to_now,2026-07-29T09:34:47+00:00
CVE-2026-65441,updated,2026-07-28,cve_2026_to_now,2026-07-29T09:34:47+00:00
CVE-2026-65442,updated,2026-07-28,cve_2026_to_now,2026-07-29T09:34:47+00:00
CVE-2026-65443,updated,2026-07-28,cve_2026_to_now,2026-07-29T09:34:47+00:00
CVE-2026-65445,updated,2026-07-28,cve_2026_to_now,2026-07-29T09:34:47+00:00
CVE-2026-65446,updated,2026-07-28,cve_2026_to_now,2026-07-29T09:34:47+00:00
CVE-2026-65447,updated,2026-07-28,cve_2026_to_now,2026-07-29T09:34:47+00:00
CVE-2026-65448,updated,2026-07-28,cve_2026_to_now,2026-07-29T09:34:47+00:00
CVE-2026-65624,added,2026-07-29,cve_2026_to_now,2026-07-29T09:34:47+00:00
CVE-2026-65754,updated,2026-07-29,cve_2026_to_now,2026-07-29T09:34:47+00:00
CVE-2026-65755,updated,2026-07-29,cve_2026_to_now,2026-07-29T09:34:47+00:00
CVE-2026-65879,updated,2026-07-29,cve_2026_to_now,2026-07-29T09:34:47+00:00
CVE-2026-65880,added,,cve_2026_to_now,2026-07-29T09:34:47+00:00
CVE-2026-65881,added,2026-07-29,cve_2026_to_now,2026-07-29T09:34:47+00:00
CVE-2026-65882,added,2026-07-29,cve_2026_to_now,2026-07-29T09:34:47+00:00
CVE-2026-66029,updated,2026-07-28,cve_2026_to_now,2026-07-29T09:34:47+00:00
CVE-2026-66030,updated,2026-07-28,cve_2026_to_now,2026-07-29T09:34:47+00:00
CVE-2026-66031,updated,2026-07-28,cve_2026_to_now,2026-07-29T09:34:47+00:00
CVE-2026-66036,updated,2026-07-29,cve_2026_to_now,2026-07-29T09:34:47+00:00
CVE-2026-66039,updated,2026-07-29,cve_2026_to_now,2026-07-29T09:34:47+00:00
CVE-2026-66040,updated,2026-07-29,cve_2026_to_now,2026-07-29T09:34:47+00:00
CVE-2026-66041,updated,2026-07-29,cve_2026_to_now,2026-07-29T09:34:47+00:00
CVE-2026-66063,added,,cve_2026_to_now,2026-07-29T09:34:47+00:00
CVE-2026-66064,added,,cve_2026_to_now,2026-07-29T09:34:47+00:00
CVE-2026-66299,added,,cve_2026_to_now,2026-07-29T09:34:47+00:00
CVE-2026-66339,updated,2026-07-28,cve_2026_to_now,2026-07-29T09:34:47+00:00
CVE-2026-66390,updated,2026-07-28,cve_2026_to_now,2026-07-29T09:34:47+00:00
CVE-2026-66391,updated,2026-07-28,cve_2026_to_now,2026-07-29T09:34:47+00:00
CVE-2026-66399,updated,2026-07-28,cve_2026_to_now,2026-07-29T09:34:47+00:00
CVE-2026-66473,updated,2026-07-28,cve_2026_to_now,2026-07-29T09:34:47+00:00
CVE-2026-66713,added,2026-07-29,cve_2026_to_now,2026-07-29T09:34:47+00:00
CVE-2026-66745,added,,cve_2026_to_now,2026-07-29T09:34:47+00:00
CVE-2026-66746,added,,cve_2026_to_now,2026-07-29T09:34:47+00:00
CVE-2026-66748,added,,cve_2026_to_now,2026-07-29T09:34:47+00:00
CVE-2026-66749,added,,cve_2026_to_now,2026-07-29T09:34:47+00:00
CVE-2026-66750,added,,cve_2026_to_now,2026-07-29T09:34:47+00:00
CVE-2026-66751,added,,cve_2026_to_now,2026-07-29T09:34:47+00:00
CVE-2026-66752,added,,cve_2026_to_now,2026-07-29T09:34:47+00:00
CVE-2026-66753,added,,cve_2026_to_now,2026-07-29T09:34:47+00:00
CVE-2026-66754,added,,cve_2026_to_now,2026-07-29T09:34:47+00:00
CVE-2026-66824,updated,2026-07-28,cve_2026_to_now,2026-07-29T09:34:47+00:00
CVE-2026-66825,updated,2026-07-28,cve_2026_to_now,2026-07-29T09:34:47+00:00
CVE-2026-66913,added,,cve_2026_to_now,2026-07-29T09:34:47+00:00
CVE-2026-66918,added,,cve_2026_to_now,2026-07-29T09:34:47+00:00
CVE-2026-66919,added,,cve_2026_to_now,2026-07-29T09:34:47+00:00
CVE-2026-66920,added,,cve_2026_to_now,2026-07-29T09:34:47+00:00
CVE-2026-66921,added,,cve_2026_to_now,2026-07-29T09:34:47+00:00
CVE-2026-66922,added,,cve_2026_to_now,2026-07-29T09:34:47+00:00
CVE-2026-67173,added,,cve_2026_to_now,2026-07-29T09:34:47+00:00
CVE-2026-67174,added,,cve_2026_to_now,2026-07-29T09:34:47+00:00
CVE-2026-67178,added,,cve_2026_to_now,2026-07-29T09:34:47+00:00
CVE-2026-67181,added,,cve_2026_to_now,2026-07-29T09:34:47+00:00
CVE-2026-67182,added,,cve_2026_to_now,2026-07-29T09:34:47+00:00
CVE-2026-67183,added,,cve_2026_to_now,2026-07-29T09:34:47+00:00
CVE-2026-67184,added,,cve_2026_to_now,2026-07-29T09:34:47+00:00
CVE-2026-67185,added,,cve_2026_to_now,2026-07-29T09:34:47+00:00
