cve_id,change_type,date_updated,shard,run_utc
CVE-2011-10019,updated,2026-10-08,cve_2022_and_before,2026-10-09T14:05:20+00:00
CVE-2013-3900,updated,2026-10-08,cve_2022_and_before,2026-10-09T14:05:20+00:00
CVE-2013-7285,updated,2026-10-08,cve_2022_and_before,2026-10-09T14:05:20+00:00
CVE-2015-3306,updated,2026-10-09,cve_2022_and_before,2026-10-09T14:05:20+00:00
CVE-2015-5477,updated,2026-10-09,cve_2022_and_before,2026-10-09T14:05:20+00:00
CVE-2015-6748,updated,2026-10-08,cve_2022_and_before,2026-10-09T14:05:20+00:00
CVE-2015-8859,updated,2026-10-08,cve_2022_and_before,2026-10-09T14:05:20+00:00
CVE-2016-0718,updated,2026-10-08,cve_2022_and_before,2026-10-09T14:05:20+00:00
CVE-2016-0762,updated,2026-10-08,cve_2022_and_before,2026-10-09T14:05:20+00:00
CVE-2016-2568,updated,2026-10-08,cve_2022_and_before,2026-10-09T14:05:20+00:00
CVE-2016-3081,updated,2026-10-09,cve_2022_and_before,2026-10-09T14:05:20+00:00
CVE-2016-3674,updated,2026-10-08,cve_2022_and_before,2026-10-09T14:05:20+00:00
CVE-2016-4472,updated,2026-10-08,cve_2022_and_before,2026-10-09T14:05:20+00:00
CVE-2016-5018,updated,2026-10-08,cve_2022_and_before,2026-10-09T14:05:20+00:00
CVE-2016-6796,updated,2026-10-08,cve_2022_and_before,2026-10-09T14:05:20+00:00
CVE-2016-6797,updated,2026-10-08,cve_2022_and_before,2026-10-09T14:05:20+00:00
CVE-2016-9063,updated,2026-10-08,cve_2022_and_before,2026-10-09T14:05:20+00:00
CVE-2016-9840,updated,2026-10-08,cve_2022_and_before,2026-10-09T14:05:20+00:00
CVE-2016-9841,updated,2026-10-08,cve_2022_and_before,2026-10-09T14:05:20+00:00
CVE-2016-20054,updated,2026-10-08,cve_2022_and_before,2026-10-09T14:05:20+00:00
CVE-2017-5645,updated,2026-10-08,cve_2022_and_before,2026-10-09T14:05:20+00:00
CVE-2017-7525,updated,2026-10-08,cve_2022_and_before,2026-10-09T14:05:20+00:00
CVE-2017-7957,updated,2026-10-08,cve_2022_and_before,2026-10-09T14:05:20+00:00
CVE-2017-8529,updated,2026-10-08,cve_2022_and_before,2026-10-09T14:05:20+00:00
CVE-2017-9233,updated,2026-10-08,cve_2022_and_before,2026-10-09T14:05:20+00:00
CVE-2017-15095,updated,2026-10-08,cve_2022_and_before,2026-10-09T14:05:20+00:00
CVE-2017-16119,updated,2026-10-08,cve_2022_and_before,2026-10-09T14:05:20+00:00
CVE-2017-1000158,updated,2026-10-08,cve_2022_and_before,2026-10-09T14:05:20+00:00
CVE-2018-0732,updated,2026-10-08,cve_2022_and_before,2026-10-09T14:05:20+00:00
CVE-2018-0734,updated,2026-10-08,cve_2022_and_before,2026-10-09T14:05:20+00:00
CVE-2018-0735,updated,2026-10-08,cve_2022_and_before,2026-10-09T14:05:20+00:00
CVE-2018-1060,updated,2026-10-08,cve_2022_and_before,2026-10-09T14:05:20+00:00
CVE-2018-1115,updated,2026-10-08,cve_2022_and_before,2026-10-09T14:05:20+00:00
CVE-2018-1257,updated,2026-10-08,cve_2022_and_before,2026-10-09T14:05:20+00:00
CVE-2018-1270,updated,2026-10-08,cve_2022_and_before,2026-10-09T14:05:20+00:00
CVE-2018-5407,updated,2026-10-08,cve_2022_and_before,2026-10-09T14:05:20+00:00
CVE-2018-5968,updated,2026-10-08,cve_2022_and_before,2026-10-09T14:05:20+00:00
CVE-2018-7158,updated,2026-10-08,cve_2022_and_before,2026-10-09T14:05:20+00:00
CVE-2018-7159,updated,2026-10-08,cve_2022_and_before,2026-10-09T14:05:20+00:00
CVE-2018-7160,updated,2026-10-08,cve_2022_and_before,2026-10-09T14:05:20+00:00
CVE-2018-7161,updated,2026-10-08,cve_2022_and_before,2026-10-09T14:05:20+00:00
CVE-2018-7162,updated,2026-10-08,cve_2022_and_before,2026-10-09T14:05:20+00:00
CVE-2018-7164,updated,2026-10-08,cve_2022_and_before,2026-10-09T14:05:20+00:00
CVE-2018-7166,updated,2026-10-08,cve_2022_and_before,2026-10-09T14:05:20+00:00
CVE-2018-7167,updated,2026-10-08,cve_2022_and_before,2026-10-09T14:05:20+00:00
CVE-2018-11039,updated,2026-10-08,cve_2022_and_before,2026-10-09T14:05:20+00:00
CVE-2018-11040,updated,2026-10-08,cve_2022_and_before,2026-10-09T14:05:20+00:00
CVE-2018-11307,updated,2026-10-08,cve_2022_and_before,2026-10-09T14:05:20+00:00
CVE-2018-12022,updated,2026-10-08,cve_2022_and_before,2026-10-09T14:05:20+00:00
CVE-2018-12116,updated,2026-10-08,cve_2022_and_before,2026-10-09T14:05:20+00:00
CVE-2018-12120,updated,2026-10-08,cve_2022_and_before,2026-10-09T14:05:20+00:00
CVE-2018-12121,updated,2026-10-08,cve_2022_and_before,2026-10-09T14:05:20+00:00
CVE-2018-12122,updated,2026-10-08,cve_2022_and_before,2026-10-09T14:05:20+00:00
CVE-2018-12123,updated,2026-10-08,cve_2022_and_before,2026-10-09T14:05:20+00:00
CVE-2018-14718,updated,2026-10-08,cve_2022_and_before,2026-10-09T14:05:20+00:00
CVE-2018-14719,updated,2026-10-08,cve_2022_and_before,2026-10-09T14:05:20+00:00
CVE-2018-15756,updated,2026-10-08,cve_2022_and_before,2026-10-09T14:05:20+00:00
CVE-2018-16156,updated,2026-10-08,cve_2022_and_before,2026-10-09T14:05:20+00:00
CVE-2018-16301,updated,2026-10-08,cve_2022_and_before,2026-10-09T14:05:20+00:00
CVE-2018-25157,updated,2026-10-08,cve_2022_and_before,2026-10-09T14:05:20+00:00
CVE-2018-25357,updated,2026-10-08,cve_2022_and_before,2026-10-09T14:05:20+00:00
CVE-2018-1000030,updated,2026-10-08,cve_2022_and_before,2026-10-09T14:05:20+00:00
CVE-2018-1000802,updated,2026-10-08,cve_2022_and_before,2026-10-09T14:05:20+00:00
CVE-2018-1000879,updated,2026-10-08,cve_2022_and_before,2026-10-09T14:05:20+00:00
CVE-2018-1000880,updated,2026-10-08,cve_2022_and_before,2026-10-09T14:05:20+00:00
CVE-2019-0123,updated,2026-10-08,cve_2022_and_before,2026-10-09T14:05:20+00:00
CVE-2019-0124,updated,2026-10-08,cve_2022_and_before,2026-10-09T14:05:20+00:00
CVE-2019-1551,updated,2026-10-08,cve_2022_and_before,2026-10-09T14:05:20+00:00
CVE-2019-1563,updated,2026-10-08,cve_2022_and_before,2026-10-09T14:05:20+00:00
CVE-2019-3739,updated,2026-10-08,cve_2022_and_before,2026-10-09T14:05:20+00:00
CVE-2019-3740,updated,2026-10-08,cve_2022_and_before,2026-10-09T14:05:20+00:00
CVE-2019-5459,updated,2026-10-08,cve_2022_and_before,2026-10-09T14:05:20+00:00
CVE-2019-5460,updated,2026-10-08,cve_2022_and_before,2026-10-09T14:05:20+00:00
CVE-2019-8906,updated,2026-10-08,cve_2022_and_before,2026-10-09T14:05:20+00:00
CVE-2019-9674,updated,2026-10-08,cve_2022_and_before,2026-10-09T14:05:20+00:00
CVE-2019-10086,updated,2026-10-08,cve_2022_and_before,2026-10-09T14:05:20+00:00
CVE-2019-10219,updated,2026-10-08,cve_2022_and_before,2026-10-09T14:05:20+00:00
CVE-2019-11136,updated,2026-10-08,cve_2022_and_before,2026-10-09T14:05:20+00:00
CVE-2019-11137,updated,2026-10-08,cve_2022_and_before,2026-10-09T14:05:20+00:00
CVE-2019-12086,updated,2026-10-08,cve_2022_and_before,2026-10-09T14:05:20+00:00
CVE-2019-12384,updated,2026-10-08,cve_2022_and_before,2026-10-09T14:05:20+00:00
CVE-2019-12418,updated,2026-10-08,cve_2022_and_before,2026-10-09T14:05:20+00:00
CVE-2019-12972,updated,2026-10-08,cve_2022_and_before,2026-10-09T14:05:20+00:00
CVE-2019-13602,updated,2026-10-08,cve_2022_and_before,2026-10-09T14:05:20+00:00
CVE-2019-13962,updated,2026-10-08,cve_2022_and_before,2026-10-09T14:05:20+00:00
CVE-2019-14250,updated,2026-10-08,cve_2022_and_before,2026-10-09T14:05:20+00:00
CVE-2019-14379,updated,2026-10-08,cve_2022_and_before,2026-10-09T14:05:20+00:00
CVE-2019-14439,updated,2026-10-08,cve_2022_and_before,2026-10-09T14:05:20+00:00
CVE-2019-14540,updated,2026-10-08,cve_2022_and_before,2026-10-09T14:05:20+00:00
CVE-2019-14565,updated,2026-10-08,cve_2022_and_before,2026-10-09T14:05:20+00:00
CVE-2019-14566,updated,2026-10-08,cve_2022_and_before,2026-10-09T14:05:20+00:00
CVE-2019-14892,updated,2026-10-08,cve_2022_and_before,2026-10-09T14:05:20+00:00
CVE-2019-14893,updated,2026-10-08,cve_2022_and_before,2026-10-09T14:05:20+00:00
CVE-2019-15217,updated,2026-10-08,cve_2022_and_before,2026-10-09T14:05:20+00:00
CVE-2019-15218,updated,2026-10-08,cve_2022_and_before,2026-10-09T14:05:20+00:00
CVE-2019-15219,updated,2026-10-08,cve_2022_and_before,2026-10-09T14:05:20+00:00
CVE-2019-15807,updated,2026-10-08,cve_2022_and_before,2026-10-09T14:05:20+00:00
CVE-2019-16089,updated,2026-10-08,cve_2022_and_before,2026-10-09T14:05:20+00:00
CVE-2019-16335,updated,2026-10-08,cve_2022_and_before,2026-10-09T14:05:20+00:00
CVE-2019-16866,updated,2026-10-08,cve_2022_and_before,2026-10-09T14:05:20+00:00
CVE-2019-16869,updated,2026-10-08,cve_2022_and_before,2026-10-09T14:05:20+00:00
CVE-2019-16942,updated,2026-10-08,cve_2022_and_before,2026-10-09T14:05:20+00:00
CVE-2019-17531,updated,2026-10-08,cve_2022_and_before,2026-10-09T14:05:20+00:00
CVE-2019-17543,updated,2026-10-08,cve_2022_and_before,2026-10-09T14:05:20+00:00
CVE-2019-17563,updated,2026-10-08,cve_2022_and_before,2026-10-09T14:05:20+00:00
CVE-2019-18806,updated,2026-10-08,cve_2022_and_before,2026-10-09T14:05:20+00:00
CVE-2019-19054,updated,2026-10-08,cve_2022_and_before,2026-10-09T14:05:20+00:00
CVE-2019-19066,updated,2026-10-08,cve_2022_and_before,2026-10-09T14:05:20+00:00
CVE-2019-19080,updated,2026-10-08,cve_2022_and_before,2026-10-09T14:05:20+00:00
CVE-2019-19081,updated,2026-10-08,cve_2022_and_before,2026-10-09T14:05:20+00:00
CVE-2019-19082,updated,2026-10-08,cve_2022_and_before,2026-10-09T14:05:20+00:00
CVE-2019-19083,updated,2026-10-08,cve_2022_and_before,2026-10-09T14:05:20+00:00
CVE-2019-19244,updated,2026-10-08,cve_2022_and_before,2026-10-09T14:05:20+00:00
CVE-2019-19462,updated,2026-10-08,cve_2022_and_before,2026-10-09T14:05:20+00:00
CVE-2019-19530,updated,2026-10-08,cve_2022_and_before,2026-10-09T14:05:20+00:00
CVE-2019-19721,updated,2026-10-08,cve_2022_and_before,2026-10-09T14:05:20+00:00
CVE-2019-19965,updated,2026-10-08,cve_2022_and_before,2026-10-09T14:05:20+00:00
CVE-2019-20095,updated,2026-10-08,cve_2022_and_before,2026-10-09T14:05:20+00:00
CVE-2019-20330,updated,2026-10-08,cve_2022_and_before,2026-10-09T14:05:20+00:00
CVE-2019-20383,updated,2026-10-08,cve_2022_and_before,2026-10-09T14:05:20+00:00
CVE-2019-20444,updated,2026-10-08,cve_2022_and_before,2026-10-09T14:05:20+00:00
CVE-2019-20445,updated,2026-10-08,cve_2022_and_before,2026-10-09T14:05:20+00:00
CVE-2019-20794,updated,2026-10-08,cve_2022_and_before,2026-10-09T14:05:20+00:00
CVE-2019-20838,updated,2026-10-08,cve_2022_and_before,2026-10-09T14:05:20+00:00
CVE-2019-20920,updated,2026-10-08,cve_2022_and_before,2026-10-09T14:05:20+00:00
CVE-2019-25317,updated,2026-10-08,cve_2022_and_before,2026-10-09T14:05:20+00:00
CVE-2019-25710,updated,2026-10-08,cve_2022_and_before,2026-10-09T14:05:20+00:00
CVE-2020-0570,updated,2026-10-08,cve_2022_and_before,2026-10-09T14:05:20+00:00
CVE-2020-1935,updated,2026-10-08,cve_2022_and_before,2026-10-09T14:05:20+00:00
CVE-2020-1967,updated,2026-10-08,cve_2022_and_before,2026-10-09T14:05:20+00:00
CVE-2020-3702,updated,2026-10-08,cve_2022_and_before,2026-10-09T14:05:20+00:00
CVE-2020-5258,updated,2026-10-08,cve_2022_and_before,2026-10-09T14:05:20+00:00
CVE-2020-5398,updated,2026-10-08,cve_2022_and_before,2026-10-09T14:05:20+00:00
CVE-2020-5421,updated,2026-10-08,cve_2022_and_before,2026-10-09T14:05:20+00:00
CVE-2020-6071,updated,2026-10-08,cve_2022_and_before,2026-10-09T14:05:20+00:00
CVE-2020-6072,updated,2026-10-08,cve_2022_and_before,2026-10-09T14:05:20+00:00
CVE-2020-6073,updated,2026-10-08,cve_2022_and_before,2026-10-09T14:05:20+00:00
CVE-2020-6077,updated,2026-10-08,cve_2022_and_before,2026-10-09T14:05:20+00:00
CVE-2020-6078,updated,2026-10-08,cve_2022_and_before,2026-10-09T14:05:20+00:00
CVE-2020-6079,updated,2026-10-08,cve_2022_and_before,2026-10-09T14:05:20+00:00
CVE-2020-6917,updated,2026-10-08,cve_2022_and_before,2026-10-09T14:05:20+00:00
CVE-2020-6918,updated,2026-10-08,cve_2022_and_before,2026-10-09T14:05:20+00:00
CVE-2020-6919,updated,2026-10-08,cve_2022_and_before,2026-10-09T14:05:20+00:00
CVE-2020-6920,updated,2026-10-08,cve_2022_and_before,2026-10-09T14:05:20+00:00
CVE-2020-6921,updated,2026-10-08,cve_2022_and_before,2026-10-09T14:05:20+00:00
CVE-2020-6922,updated,2026-10-08,cve_2022_and_before,2026-10-09T14:05:20+00:00
CVE-2020-7598,updated,2026-10-08,cve_2022_and_before,2026-10-09T14:05:20+00:00
CVE-2020-7639,updated,2026-10-08,cve_2022_and_before,2026-10-09T14:05:20+00:00
CVE-2020-7712,updated,2026-10-08,cve_2022_and_before,2026-10-09T14:05:20+00:00
CVE-2020-7788,updated,2026-10-08,cve_2022_and_before,2026-10-09T14:05:20+00:00
CVE-2020-8022,updated,2026-10-08,cve_2022_and_before,2026-10-09T14:05:20+00:00
CVE-2020-8670,updated,2026-10-08,cve_2022_and_before,2026-10-09T14:05:20+00:00
CVE-2020-8700,updated,2026-10-08,cve_2022_and_before,2026-10-09T14:05:20+00:00
CVE-2020-8840,updated,2026-10-08,cve_2022_and_before,2026-10-09T14:05:20+00:00
CVE-2020-9484,updated,2026-10-08,cve_2022_and_before,2026-10-09T14:05:20+00:00
CVE-2020-9548,updated,2026-10-08,cve_2022_and_before,2026-10-09T14:05:20+00:00
CVE-2020-10781,updated,2026-10-08,cve_2022_and_before,2026-10-09T14:05:20+00:00
CVE-2020-11494,updated,2026-10-08,cve_2022_and_before,2026-10-09T14:05:20+00:00
CVE-2020-11609,updated,2026-10-08,cve_2022_and_before,2026-10-09T14:05:20+00:00
CVE-2020-11619,updated,2026-10-08,cve_2022_and_before,2026-10-09T14:05:20+00:00
CVE-2020-11620,updated,2026-10-08,cve_2022_and_before,2026-10-09T14:05:20+00:00
CVE-2020-11979,updated,2026-10-08,cve_2022_and_before,2026-10-09T14:05:20+00:00
CVE-2020-11987,updated,2026-10-08,cve_2022_and_before,2026-10-09T14:05:20+00:00
CVE-2020-11996,updated,2026-10-08,cve_2022_and_before,2026-10-09T14:05:20+00:00
CVE-2020-12321,updated,2026-10-08,cve_2022_and_before,2026-10-09T14:05:20+00:00
CVE-2020-12322,updated,2026-10-08,cve_2022_and_before,2026-10-09T14:05:20+00:00
CVE-2020-12357,updated,2026-10-08,cve_2022_and_before,2026-10-09T14:05:20+00:00
CVE-2020-12358,updated,2026-10-08,cve_2022_and_before,2026-10-09T14:05:20+00:00
CVE-2020-12769,updated,2026-10-08,cve_2022_and_before,2026-10-09T14:05:20+00:00
CVE-2020-13934,updated,2026-10-08,cve_2022_and_before,2026-10-09T14:05:20+00:00
CVE-2020-13935,updated,2026-10-08,cve_2022_and_before,2026-10-09T14:05:20+00:00
CVE-2020-13943,updated,2026-10-08,cve_2022_and_before,2026-10-09T14:05:20+00:00
CVE-2020-13956,updated,2026-10-08,cve_2022_and_before,2026-10-09T14:05:20+00:00
CVE-2020-14060,updated,2026-10-08,cve_2022_and_before,2026-10-09T14:05:20+00:00
CVE-2020-14062,updated,2026-10-08,cve_2022_and_before,2026-10-09T14:05:20+00:00
CVE-2020-14155,updated,2026-10-08,cve_2022_and_before,2026-10-09T14:05:20+00:00
CVE-2020-14195,updated,2026-10-08,cve_2022_and_before,2026-10-09T14:05:20+00:00
CVE-2020-14390,updated,2026-10-08,cve_2022_and_before,2026-10-09T14:05:20+00:00
CVE-2020-14416,updated,2026-10-08,cve_2022_and_before,2026-10-09T14:05:20+00:00
CVE-2020-14422,updated,2026-10-08,cve_2022_and_before,2026-10-09T14:05:20+00:00
CVE-2020-15523,updated,2026-10-08,cve_2022_and_before,2026-10-09T14:05:20+00:00
CVE-2020-17521,updated,2026-10-08,cve_2022_and_before,2026-10-09T14:05:20+00:00
CVE-2020-17527,updated,2026-10-08,cve_2022_and_before,2026-10-09T14:05:20+00:00
CVE-2020-19188,updated,2026-10-08,cve_2022_and_before,2026-10-09T14:05:20+00:00
CVE-2020-24486,updated,2026-10-08,cve_2022_and_before,2026-10-09T14:05:20+00:00
CVE-2020-24489,updated,2026-10-08,cve_2022_and_before,2026-10-09T14:05:20+00:00
CVE-2020-24511,updated,2026-10-08,cve_2022_and_before,2026-10-09T14:05:20+00:00
CVE-2020-24512,updated,2026-10-08,cve_2022_and_before,2026-10-09T14:05:20+00:00
CVE-2020-24513,updated,2026-10-08,cve_2022_and_before,2026-10-09T14:05:20+00:00
CVE-2020-24616,updated,2026-10-08,cve_2022_and_before,2026-10-09T14:05:20+00:00
CVE-2020-24742,updated,2026-10-08,cve_2022_and_before,2026-10-09T14:05:20+00:00
CVE-2020-24750,updated,2026-10-08,cve_2022_and_before,2026-10-09T14:05:20+00:00
CVE-2020-25639,updated,2026-10-08,cve_2022_and_before,2026-10-09T14:05:20+00:00
CVE-2020-25649,updated,2026-10-08,cve_2022_and_before,2026-10-09T14:05:20+00:00
CVE-2020-26116,updated,2026-10-08,cve_2022_and_before,2026-10-09T14:05:20+00:00
CVE-2020-26140,updated,2026-10-08,cve_2022_and_before,2026-10-09T14:05:20+00:00
CVE-2020-26144,updated,2026-10-08,cve_2022_and_before,2026-10-09T14:05:20+00:00
CVE-2020-26664,updated,2026-10-08,cve_2022_and_before,2026-10-09T14:05:20+00:00
CVE-2020-27170,updated,2026-10-08,cve_2022_and_before,2026-10-09T14:05:20+00:00
CVE-2020-27171,updated,2026-10-08,cve_2022_and_before,2026-10-09T14:05:20+00:00
CVE-2020-27619,updated,2026-10-08,cve_2022_and_before,2026-10-09T14:05:20+00:00
CVE-2020-28097,updated,2026-10-08,cve_2022_and_before,2026-10-09T14:05:20+00:00
CVE-2020-28500,updated,2026-10-08,cve_2022_and_before,2026-10-09T14:05:20+00:00
CVE-2020-29374,updated,2026-10-08,cve_2022_and_before,2026-10-09T14:05:20+00:00
CVE-2020-35490,updated,2026-10-08,cve_2022_and_before,2026-10-09T14:05:20+00:00
CVE-2020-35491,updated,2026-10-08,cve_2022_and_before,2026-10-09T14:05:20+00:00
CVE-2020-35493,updated,2026-10-08,cve_2022_and_before,2026-10-09T14:05:20+00:00
CVE-2020-35494,updated,2026-10-08,cve_2022_and_before,2026-10-09T14:05:20+00:00
CVE-2020-35495,updated,2026-10-08,cve_2022_and_before,2026-10-09T14:05:20+00:00
CVE-2020-35496,updated,2026-10-08,cve_2022_and_before,2026-10-09T14:05:20+00:00
CVE-2020-35507,updated,2026-10-08,cve_2022_and_before,2026-10-09T14:05:20+00:00
CVE-2020-36183,updated,2026-10-08,cve_2022_and_before,2026-10-09T14:05:20+00:00
CVE-2020-36185,updated,2026-10-08,cve_2022_and_before,2026-10-09T14:05:20+00:00
CVE-2020-36186,updated,2026-10-08,cve_2022_and_before,2026-10-09T14:05:20+00:00
CVE-2020-36187,updated,2026-10-08,cve_2022_and_before,2026-10-09T14:05:20+00:00
CVE-2020-36188,updated,2026-10-08,cve_2022_and_before,2026-10-09T14:05:20+00:00
CVE-2020-36189,updated,2026-10-08,cve_2022_and_before,2026-10-09T14:05:20+00:00
CVE-2020-36311,updated,2026-10-08,cve_2022_and_before,2026-10-09T14:05:20+00:00
CVE-2020-36327,updated,2026-10-08,cve_2022_and_before,2026-10-09T14:05:20+00:00
CVE-2020-36558,updated,2026-10-08,cve_2022_and_before,2026-10-09T14:05:20+00:00
CVE-2020-36851,updated,2026-10-08,cve_2022_and_before,2026-10-09T14:05:20+00:00
CVE-2020-36939,updated,2026-10-08,cve_2022_and_before,2026-10-09T14:05:20+00:00
CVE-2020-36947,updated,2026-10-08,cve_2022_and_before,2026-10-09T14:05:20+00:00
CVE-2020-36962,updated,2026-10-08,cve_2022_and_before,2026-10-09T14:05:20+00:00
CVE-2020-37256,updated,2026-10-08,cve_2022_and_before,2026-10-09T14:05:20+00:00
CVE-2020-37277,updated,2026-10-08,cve_2022_and_before,2026-10-09T14:05:20+00:00
CVE-2021-0095,updated,2026-10-08,cve_2022_and_before,2026-10-09T14:05:20+00:00
CVE-2021-0114,updated,2026-10-08,cve_2022_and_before,2026-10-09T14:05:20+00:00
CVE-2021-0146,updated,2026-10-08,cve_2022_and_before,2026-10-09T14:05:20+00:00
CVE-2021-3199,updated,2026-10-09,cve_2022_and_before,2026-10-09T14:05:20+00:00
CVE-2021-3331,updated,2026-10-08,cve_2022_and_before,2026-10-09T14:05:20+00:00
CVE-2021-3449,updated,2026-10-08,cve_2022_and_before,2026-10-09T14:05:20+00:00
CVE-2021-3450,updated,2026-10-08,cve_2022_and_before,2026-10-09T14:05:20+00:00
CVE-2021-3520,updated,2026-10-08,cve_2022_and_before,2026-10-09T14:05:20+00:00
CVE-2021-3572,updated,2026-10-08,cve_2022_and_before,2026-10-09T14:05:20+00:00
CVE-2021-3655,updated,2026-10-08,cve_2022_and_before,2026-10-09T14:05:20+00:00
CVE-2021-3711,updated,2026-10-08,cve_2022_and_before,2026-10-09T14:05:20+00:00
CVE-2021-3733,updated,2026-10-08,cve_2022_and_before,2026-10-09T14:05:20+00:00
CVE-2021-3807,updated,2026-10-08,cve_2022_and_before,2026-10-09T14:05:20+00:00
CVE-2021-3927,updated,2026-10-08,cve_2022_and_before,2026-10-09T14:05:20+00:00
CVE-2021-3928,updated,2026-10-08,cve_2022_and_before,2026-10-09T14:05:20+00:00
CVE-2021-3968,updated,2026-10-08,cve_2022_and_before,2026-10-09T14:05:20+00:00
CVE-2021-3973,updated,2026-10-08,cve_2022_and_before,2026-10-09T14:05:20+00:00
CVE-2021-3974,updated,2026-10-08,cve_2022_and_before,2026-10-09T14:05:20+00:00
CVE-2021-4001,updated,2026-10-08,cve_2022_and_before,2026-10-09T14:05:20+00:00
CVE-2021-4135,updated,2026-10-08,cve_2022_and_before,2026-10-09T14:05:20+00:00
CVE-2021-4136,updated,2026-10-08,cve_2022_and_before,2026-10-09T14:05:20+00:00
CVE-2021-4166,updated,2026-10-08,cve_2022_and_before,2026-10-09T14:05:20+00:00
CVE-2021-20193,updated,2026-10-08,cve_2022_and_before,2026-10-09T14:05:20+00:00
CVE-2021-20320,updated,2026-10-08,cve_2022_and_before,2026-10-09T14:05:20+00:00
CVE-2021-21290,updated,2026-10-08,cve_2022_and_before,2026-10-09T14:05:20+00:00
CVE-2021-21295,updated,2026-10-08,cve_2022_and_before,2026-10-09T14:05:20+00:00
CVE-2021-21409,updated,2026-10-08,cve_2022_and_before,2026-10-09T14:05:20+00:00
CVE-2021-22901,updated,2026-10-08,cve_2022_and_before,2026-10-09T14:05:20+00:00
CVE-2021-23337,updated,2026-10-08,cve_2022_and_before,2026-10-09T14:05:20+00:00
CVE-2021-23369,updated,2026-10-08,cve_2022_and_before,2026-10-09T14:05:20+00:00
CVE-2021-23383,updated,2026-10-08,cve_2022_and_before,2026-10-09T14:05:20+00:00
CVE-2021-23450,updated,2026-10-08,cve_2022_and_before,2026-10-09T14:05:20+00:00
CVE-2021-24032,updated,2026-10-08,cve_2022_and_before,2026-10-09T14:05:20+00:00
CVE-2021-24122,updated,2026-10-08,cve_2022_and_before,2026-10-09T14:05:20+00:00
CVE-2021-25122,updated,2026-10-08,cve_2022_and_before,2026-10-09T14:05:20+00:00
CVE-2021-25317,updated,2026-10-08,cve_2022_and_before,2026-10-09T14:05:20+00:00
CVE-2021-25329,updated,2026-10-08,cve_2022_and_before,2026-10-09T14:05:20+00:00
CVE-2021-27568,updated,2026-10-08,cve_2022_and_before,2026-10-09T14:05:20+00:00
CVE-2021-28972,updated,2026-10-08,cve_2022_and_before,2026-10-09T14:05:20+00:00
CVE-2021-29428,updated,2026-10-08,cve_2022_and_before,2026-10-09T14:05:20+00:00
CVE-2021-29429,updated,2026-10-08,cve_2022_and_before,2026-10-09T14:05:20+00:00
CVE-2021-29921,updated,2026-10-08,cve_2022_and_before,2026-10-09T14:05:20+00:00
CVE-2021-30640,updated,2026-10-08,cve_2022_and_before,2026-10-09T14:05:20+00:00
CVE-2021-31879,updated,2026-10-08,cve_2022_and_before,2026-10-09T14:05:20+00:00
CVE-2021-32537,updated,2026-10-08,cve_2022_and_before,2026-10-09T14:05:20+00:00
CVE-2021-32751,updated,2026-10-08,cve_2022_and_before,2026-10-09T14:05:20+00:00
CVE-2021-33037,updated,2026-10-08,cve_2022_and_before,2026-10-09T14:05:20+00:00
CVE-2021-33624,updated,2026-10-08,cve_2022_and_before,2026-10-09T14:05:20+00:00
CVE-2021-33656,updated,2026-10-08,cve_2022_and_before,2026-10-09T14:05:20+00:00
CVE-2021-34141,updated,2026-10-08,cve_2022_and_before,2026-10-09T14:05:20+00:00
CVE-2021-34556,updated,2026-10-08,cve_2022_and_before,2026-10-09T14:05:20+00:00
CVE-2021-34693,updated,2026-10-08,cve_2022_and_before,2026-10-09T14:05:20+00:00
CVE-2021-34866,updated,2026-10-08,cve_2022_and_before,2026-10-09T14:05:20+00:00
CVE-2021-35477,updated,2026-10-08,cve_2022_and_before,2026-10-09T14:05:20+00:00
CVE-2021-35517,updated,2026-10-08,cve_2022_and_before,2026-10-09T14:05:20+00:00
CVE-2021-36090,updated,2026-10-08,cve_2022_and_before,2026-10-09T14:05:20+00:00
CVE-2021-36323,updated,2026-10-08,cve_2022_and_before,2026-10-09T14:05:20+00:00
CVE-2021-36324,updated,2026-10-08,cve_2022_and_before,2026-10-09T14:05:20+00:00
CVE-2021-36325,updated,2026-10-08,cve_2022_and_before,2026-10-09T14:05:20+00:00
CVE-2021-37136,updated,2026-10-08,cve_2022_and_before,2026-10-09T14:05:20+00:00
CVE-2021-37137,updated,2026-10-08,cve_2022_and_before,2026-10-09T14:05:20+00:00
CVE-2021-37159,updated,2026-10-08,cve_2022_and_before,2026-10-09T14:05:20+00:00
CVE-2021-37714,updated,2026-10-08,cve_2022_and_before,2026-10-09T14:05:20+00:00
CVE-2021-38166,updated,2026-10-08,cve_2022_and_before,2026-10-09T14:05:20+00:00
CVE-2021-38198,updated,2026-10-08,cve_2022_and_before,2026-10-09T14:05:20+00:00
CVE-2021-38199,updated,2026-10-08,cve_2022_and_before,2026-10-09T14:05:20+00:00
CVE-2021-38206,updated,2026-10-08,cve_2022_and_before,2026-10-09T14:05:20+00:00
CVE-2021-39537,updated,2026-10-08,cve_2022_and_before,2026-10-09T14:05:20+00:00
CVE-2021-40158,updated,2026-10-08,cve_2022_and_before,2026-10-09T14:05:20+00:00
CVE-2021-40159,updated,2026-10-08,cve_2022_and_before,2026-10-09T14:05:20+00:00
CVE-2021-40690,updated,2026-10-08,cve_2022_and_before,2026-10-09T14:05:20+00:00
CVE-2021-41079,updated,2026-10-08,cve_2022_and_before,2026-10-09T14:05:20+00:00
CVE-2021-41617,updated,2026-10-08,cve_2022_and_before,2026-10-09T14:05:20+00:00
CVE-2021-43797,updated,2026-10-08,cve_2022_and_before,2026-10-09T14:05:20+00:00
CVE-2021-43891,updated,2026-10-08,cve_2022_and_before,2026-10-09T14:05:20+00:00
CVE-2021-43908,updated,2026-10-08,cve_2022_and_before,2026-10-09T14:05:20+00:00
CVE-2021-43975,updated,2026-10-08,cve_2022_and_before,2026-10-09T14:05:20+00:00
CVE-2021-44533,updated,2026-10-08,cve_2022_and_before,2026-10-09T14:05:20+00:00
CVE-2021-44906,updated,2026-10-08,cve_2022_and_before,2026-10-09T14:05:20+00:00
CVE-2021-45402,updated,2026-10-08,cve_2022_and_before,2026-10-09T14:05:20+00:00
CVE-2021-46195,updated,2026-10-08,cve_2022_and_before,2026-10-09T14:05:20+00:00
CVE-2021-47763,updated,2026-10-08,cve_2022_and_before,2026-10-09T14:05:20+00:00
CVE-2021-47776,updated,2026-10-08,cve_2022_and_before,2026-10-09T14:05:20+00:00
CVE-2021-47935,updated,2026-10-08,cve_2022_and_before,2026-10-09T14:05:20+00:00
CVE-2021-48006,updated,2026-10-08,cve_2022_and_before,2026-10-09T14:05:20+00:00
CVE-2021-48007,updated,2026-10-08,cve_2022_and_before,2026-10-09T14:05:20+00:00
CVE-2022-0144,updated,2026-10-08,cve_2022_and_before,2026-10-09T14:05:20+00:00
CVE-2022-0213,updated,2026-10-08,cve_2022_and_before,2026-10-09T14:05:20+00:00
CVE-2022-0264,updated,2026-10-08,cve_2022_and_before,2026-10-09T14:05:20+00:00
CVE-2022-0351,updated,2026-10-08,cve_2022_and_before,2026-10-09T14:05:20+00:00
CVE-2022-0500,updated,2026-10-08,cve_2022_and_before,2026-10-09T14:05:20+00:00
CVE-2022-0529,updated,2026-10-08,cve_2022_and_before,2026-10-09T14:05:20+00:00
CVE-2022-0530,updated,2026-10-08,cve_2022_and_before,2026-10-09T14:05:20+00:00
CVE-2022-0987,updated,2026-10-08,cve_2022_and_before,2026-10-09T14:05:20+00:00
CVE-2022-1616,updated,2026-10-08,cve_2022_and_before,2026-10-09T14:05:20+00:00
CVE-2022-1619,updated,2026-10-08,cve_2022_and_before,2026-10-09T14:05:20+00:00
CVE-2022-1620,updated,2026-10-08,cve_2022_and_before,2026-10-09T14:05:20+00:00
CVE-2022-1665,updated,2026-10-08,cve_2022_and_before,2026-10-09T14:05:20+00:00
CVE-2022-1674,updated,2026-10-08,cve_2022_and_before,2026-10-09T14:05:20+00:00
CVE-2022-2042,updated,2026-10-08,cve_2022_and_before,2026-10-09T14:05:20+00:00
CVE-2022-2124,updated,2026-10-08,cve_2022_and_before,2026-10-09T14:05:20+00:00
CVE-2022-2125,updated,2026-10-08,cve_2022_and_before,2026-10-09T14:05:20+00:00
CVE-2022-2126,updated,2026-10-08,cve_2022_and_before,2026-10-09T14:05:20+00:00
CVE-2022-2129,updated,2026-10-08,cve_2022_and_before,2026-10-09T14:05:20+00:00
CVE-2022-2175,updated,2026-10-08,cve_2022_and_before,2026-10-09T14:05:20+00:00
CVE-2022-2182,updated,2026-10-08,cve_2022_and_before,2026-10-09T14:05:20+00:00
CVE-2022-2183,updated,2026-10-08,cve_2022_and_before,2026-10-09T14:05:20+00:00
CVE-2022-2206,updated,2026-10-08,cve_2022_and_before,2026-10-09T14:05:20+00:00
CVE-2022-2207,updated,2026-10-08,cve_2022_and_before,2026-10-09T14:05:20+00:00
CVE-2022-2208,updated,2026-10-08,cve_2022_and_before,2026-10-09T14:05:20+00:00
CVE-2022-2210,updated,2026-10-08,cve_2022_and_before,2026-10-09T14:05:20+00:00
CVE-2022-2257,updated,2026-10-08,cve_2022_and_before,2026-10-09T14:05:20+00:00
CVE-2022-2284,updated,2026-10-08,cve_2022_and_before,2026-10-09T14:05:20+00:00
CVE-2022-2285,updated,2026-10-08,cve_2022_and_before,2026-10-09T14:05:20+00:00
CVE-2022-2286,updated,2026-10-08,cve_2022_and_before,2026-10-09T14:05:20+00:00
CVE-2022-2287,updated,2026-10-08,cve_2022_and_before,2026-10-09T14:05:20+00:00
CVE-2022-2304,updated,2026-10-08,cve_2022_and_before,2026-10-09T14:05:20+00:00
CVE-2022-2343,updated,2026-10-08,cve_2022_and_before,2026-10-09T14:05:20+00:00
CVE-2022-2344,updated,2026-10-08,cve_2022_and_before,2026-10-09T14:05:20+00:00
CVE-2022-2345,updated,2026-10-08,cve_2022_and_before,2026-10-09T14:05:20+00:00
CVE-2022-2522,updated,2026-10-08,cve_2022_and_before,2026-10-09T14:05:20+00:00
CVE-2022-2845,updated,2026-10-09,cve_2022_and_before,2026-10-09T14:05:20+00:00
CVE-2022-2849,updated,2026-10-09,cve_2022_and_before,2026-10-09T14:05:20+00:00
CVE-2022-2946,updated,2026-10-09,cve_2022_and_before,2026-10-09T14:05:20+00:00
CVE-2022-20153,updated,2026-10-08,cve_2022_and_before,2026-10-09T14:05:20+00:00
CVE-2022-20154,updated,2026-10-08,cve_2022_and_before,2026-10-09T14:05:20+00:00
CVE-2022-21986,updated,2026-10-08,cve_2022_and_before,2026-10-09T14:05:20+00:00
CVE-2022-21991,updated,2026-10-08,cve_2022_and_before,2026-10-09T14:05:20+00:00
CVE-2022-22950,updated,2026-10-08,cve_2022_and_before,2026-10-09T14:05:20+00:00
CVE-2022-22968,updated,2026-10-08,cve_2022_and_before,2026-10-09T14:05:20+00:00
CVE-2022-22970,updated,2026-10-08,cve_2022_and_before,2026-10-09T14:05:20+00:00
CVE-2022-22971,updated,2026-10-08,cve_2022_and_before,2026-10-09T14:05:20+00:00
CVE-2022-23437,updated,2026-10-08,cve_2022_and_before,2026-10-09T14:05:20+00:00
CVE-2022-23456,updated,2026-10-08,cve_2022_and_before,2026-10-09T14:05:20+00:00
CVE-2022-23924,updated,2026-10-08,cve_2022_and_before,2026-10-09T14:05:20+00:00
CVE-2022-23925,updated,2026-10-08,cve_2022_and_before,2026-10-09T14:05:20+00:00
CVE-2022-23926,updated,2026-10-08,cve_2022_and_before,2026-10-09T14:05:20+00:00
CVE-2022-23927,updated,2026-10-08,cve_2022_and_before,2026-10-09T14:05:20+00:00
CVE-2022-23928,updated,2026-10-08,cve_2022_and_before,2026-10-09T14:05:20+00:00
CVE-2022-23929,updated,2026-10-08,cve_2022_and_before,2026-10-09T14:05:20+00:00
CVE-2022-23930,updated,2026-10-08,cve_2022_and_before,2026-10-09T14:05:20+00:00
CVE-2022-23931,updated,2026-10-08,cve_2022_and_before,2026-10-09T14:05:20+00:00
CVE-2022-23932,updated,2026-10-08,cve_2022_and_before,2026-10-09T14:05:20+00:00
CVE-2022-23933,updated,2026-10-08,cve_2022_and_before,2026-10-09T14:05:20+00:00
CVE-2022-23934,updated,2026-10-08,cve_2022_and_before,2026-10-09T14:05:20+00:00
CVE-2022-23953,updated,2026-10-08,cve_2022_and_before,2026-10-09T14:05:20+00:00
CVE-2022-23954,updated,2026-10-08,cve_2022_and_before,2026-10-09T14:05:20+00:00
CVE-2022-23955,updated,2026-10-08,cve_2022_and_before,2026-10-09T14:05:20+00:00
CVE-2022-23956,updated,2026-10-08,cve_2022_and_before,2026-10-09T14:05:20+00:00
CVE-2022-23957,updated,2026-10-08,cve_2022_and_before,2026-10-09T14:05:20+00:00
CVE-2022-23958,updated,2026-10-08,cve_2022_and_before,2026-10-09T14:05:20+00:00
CVE-2022-23960,updated,2026-10-08,cve_2022_and_before,2026-10-09T14:05:20+00:00
CVE-2022-24486,updated,2026-10-08,cve_2022_and_before,2026-10-09T14:05:20+00:00
CVE-2022-24545,updated,2026-10-08,cve_2022_and_before,2026-10-09T14:05:20+00:00
CVE-2022-25762,updated,2026-10-08,cve_2022_and_before,2026-10-09T14:05:20+00:00
CVE-2022-25788,updated,2026-10-08,cve_2022_and_before,2026-10-09T14:05:20+00:00
CVE-2022-26488,updated,2026-10-08,cve_2022_and_before,2026-10-09T14:05:20+00:00
CVE-2022-26878,updated,2026-10-08,cve_2022_and_before,2026-10-09T14:05:20+00:00
CVE-2022-26921,updated,2026-10-08,cve_2022_and_before,2026-10-09T14:05:20+00:00
CVE-2022-27544,updated,2026-10-08,cve_2022_and_before,2026-10-09T14:05:20+00:00
CVE-2022-27545,updated,2026-10-08,cve_2022_and_before,2026-10-09T14:05:20+00:00
CVE-2022-27778,updated,2026-10-08,cve_2022_and_before,2026-10-09T14:05:20+00:00
CVE-2022-27867,updated,2026-10-08,cve_2022_and_before,2026-10-09T14:05:20+00:00
CVE-2022-27943,updated,2026-10-08,cve_2022_and_before,2026-10-09T14:05:20+00:00
CVE-2022-29263,updated,2026-10-08,cve_2022_and_before,2026-10-09T14:05:20+00:00
CVE-2022-29577,updated,2026-10-08,cve_2022_and_before,2026-10-09T14:05:20+00:00
CVE-2022-29885,updated,2026-10-08,cve_2022_and_before,2026-10-09T14:05:20+00:00
CVE-2022-30115,updated,2026-10-08,cve_2022_and_before,2026-10-09T14:05:20+00:00
CVE-2022-32189,updated,2026-10-08,cve_2022_and_before,2026-10-09T14:05:20+00:00
CVE-2022-32511,updated,2026-10-08,cve_2022_and_before,2026-10-09T14:05:20+00:00
CVE-2022-33070,updated,2026-10-08,cve_2022_and_before,2026-10-09T14:05:20+00:00
CVE-2022-34305,updated,2026-10-08,cve_2022_and_before,2026-10-09T14:05:20+00:00
CVE-2022-36227,updated,2026-10-08,cve_2022_and_before,2026-10-09T14:05:20+00:00
CVE-2022-41850,updated,2026-10-08,cve_2022_and_before,2026-10-09T14:05:20+00:00
CVE-2022-44729,updated,2026-10-08,cve_2022_and_before,2026-10-09T14:05:20+00:00
CVE-2022-51009,updated,2026-10-08,cve_2022_and_before,2026-10-09T14:05:20+00:00
CVE-2022-51010,updated,2026-10-08,cve_2022_and_before,2026-10-09T14:05:20+00:00
CVE-2022-51011,updated,2026-10-08,cve_2022_and_before,2026-10-09T14:05:20+00:00
CVE-2022-51012,updated,2026-10-08,cve_2022_and_before,2026-10-09T14:05:20+00:00
CVE-2022-51013,updated,2026-10-08,cve_2022_and_before,2026-10-09T14:05:20+00:00
CVE-2022-51014,updated,2026-10-08,cve_2022_and_before,2026-10-09T14:05:20+00:00
CVE-2022-51015,updated,2026-10-08,cve_2022_and_before,2026-10-09T14:05:20+00:00
CVE-2022-51016,updated,2026-10-08,cve_2022_and_before,2026-10-09T14:05:20+00:00
CVE-2022-51017,updated,2026-10-08,cve_2022_and_before,2026-10-09T14:05:20+00:00
CVE-2022-51018,updated,2026-10-08,cve_2022_and_before,2026-10-09T14:05:20+00:00
CVE-2023-1838,updated,2026-10-08,cve_2023_to_2025,2026-10-09T14:05:20+00:00
CVE-2023-2269,updated,2026-10-08,cve_2023_to_2025,2026-10-09T14:05:20+00:00
CVE-2023-4459,updated,2026-10-08,cve_2023_to_2025,2026-10-09T14:05:20+00:00
CVE-2023-5648,updated,,cve_2023_to_2025,2026-10-09T14:05:20+00:00
CVE-2023-5649,updated,,cve_2023_to_2025,2026-10-09T14:05:20+00:00
CVE-2023-7332,updated,2026-10-08,cve_2023_to_2025,2026-10-09T14:05:20+00:00
CVE-2023-20178,updated,2026-10-08,cve_2023_to_2025,2026-10-09T14:05:20+00:00
CVE-2023-20900,updated,2026-10-08,cve_2023_to_2025,2026-10-09T14:05:20+00:00
CVE-2023-22490,updated,2026-10-08,cve_2023_to_2025,2026-10-09T14:05:20+00:00
CVE-2023-22894,updated,2026-10-09,cve_2023_to_2025,2026-10-09T14:05:20+00:00
CVE-2023-23946,updated,2026-10-08,cve_2023_to_2025,2026-10-09T14:05:20+00:00
CVE-2023-26119,updated,2026-10-08,cve_2023_to_2025,2026-10-09T14:05:20+00:00
CVE-2023-30585,updated,2026-10-08,cve_2023_to_2025,2026-10-09T14:05:20+00:00
CVE-2023-30589,updated,2026-10-08,cve_2023_to_2025,2026-10-09T14:05:20+00:00
CVE-2023-30590,updated,2026-10-08,cve_2023_to_2025,2026-10-09T14:05:20+00:00
CVE-2023-32028,updated,2026-10-08,cve_2023_to_2025,2026-10-09T14:05:20+00:00
CVE-2023-35636,updated,2026-10-08,cve_2023_to_2025,2026-10-09T14:05:20+00:00
CVE-2023-35946,updated,2026-10-08,cve_2023_to_2025,2026-10-09T14:05:20+00:00
CVE-2023-41139,updated,2026-10-08,cve_2023_to_2025,2026-10-09T14:05:20+00:00
CVE-2023-42366,updated,2026-10-08,cve_2023_to_2025,2026-10-09T14:05:20+00:00
CVE-2023-42794,updated,2026-10-08,cve_2023_to_2025,2026-10-09T14:05:20+00:00
CVE-2023-44387,updated,2026-10-08,cve_2023_to_2025,2026-10-09T14:05:20+00:00
CVE-2023-48161,updated,2026-10-08,cve_2023_to_2025,2026-10-09T14:05:20+00:00
CVE-2023-51714,updated,2026-10-08,cve_2023_to_2025,2026-10-09T14:05:20+00:00
CVE-2023-51764,updated,2026-10-08,cve_2023_to_2025,2026-10-09T14:05:20+00:00
CVE-2023-53957,updated,2026-10-08,cve_2023_to_2025,2026-10-09T14:05:20+00:00
CVE-2023-54355,updated,2026-10-08,cve_2023_to_2025,2026-10-09T14:05:20+00:00
CVE-2023-54356,updated,2026-10-08,cve_2023_to_2025,2026-10-09T14:05:20+00:00
CVE-2023-54390,updated,2026-10-08,cve_2023_to_2025,2026-10-09T14:05:20+00:00
CVE-2023-54392,updated,2026-10-08,cve_2023_to_2025,2026-10-09T14:05:20+00:00
CVE-2023-54393,updated,2026-10-08,cve_2023_to_2025,2026-10-09T14:05:20+00:00
CVE-2023-54394,updated,2026-10-08,cve_2023_to_2025,2026-10-09T14:05:20+00:00
CVE-2023-54395,updated,2026-10-08,cve_2023_to_2025,2026-10-09T14:05:20+00:00
CVE-2023-54396,updated,2026-10-08,cve_2023_to_2025,2026-10-09T14:05:20+00:00
CVE-2024-1394,updated,2026-10-08,cve_2023_to_2025,2026-10-09T14:05:20+00:00
CVE-2024-3727,updated,2026-10-09,cve_2023_to_2025,2026-10-09T14:05:20+00:00
CVE-2024-7409,updated,2026-10-09,cve_2023_to_2025,2026-10-09T14:05:20+00:00
CVE-2024-8122,updated,,cve_2023_to_2025,2026-10-09T14:05:20+00:00
CVE-2024-9355,updated,2026-10-08,cve_2023_to_2025,2026-10-09T14:05:20+00:00
CVE-2024-11831,updated,2026-10-08,cve_2023_to_2025,2026-10-09T14:05:20+00:00
CVE-2024-58303,updated,2026-10-08,cve_2023_to_2025,2026-10-09T14:05:20+00:00
CVE-2024-58375,updated,2026-10-08,cve_2023_to_2025,2026-10-09T14:05:20+00:00
CVE-2024-58380,updated,2026-10-08,cve_2023_to_2025,2026-10-09T14:05:20+00:00
CVE-2024-58381,updated,2026-10-08,cve_2023_to_2025,2026-10-09T14:05:20+00:00
CVE-2024-58382,updated,2026-10-08,cve_2023_to_2025,2026-10-09T14:05:20+00:00
CVE-2024-58383,updated,2026-10-08,cve_2023_to_2025,2026-10-09T14:05:20+00:00
CVE-2025-0520,updated,2026-10-08,cve_2023_to_2025,2026-10-09T14:05:20+00:00
CVE-2025-1647,updated,,cve_2023_to_2025,2026-10-09T14:05:20+00:00
CVE-2025-3248,updated,2026-10-08,cve_2023_to_2025,2026-10-09T14:05:20+00:00
CVE-2025-5222,updated,2026-10-08,cve_2023_to_2025,2026-10-09T14:05:20+00:00
CVE-2025-6170,updated,2026-10-09,cve_2023_to_2025,2026-10-09T14:05:20+00:00
CVE-2025-9566,updated,2026-10-08,cve_2023_to_2025,2026-10-09T14:05:20+00:00
CVE-2025-9611,updated,2026-10-08,cve_2023_to_2025,2026-10-09T14:05:20+00:00
CVE-2025-14123,added,,cve_2023_to_2025,2026-10-09T14:05:20+00:00
CVE-2025-15599,updated,2026-10-08,cve_2023_to_2025,2026-10-09T14:05:20+00:00
CVE-2025-15602,updated,2026-10-08,cve_2023_to_2025,2026-10-09T14:05:20+00:00
CVE-2025-15700,added,,cve_2023_to_2025,2026-10-09T14:05:20+00:00
CVE-2025-22366,updated,2026-10-08,cve_2023_to_2025,2026-10-09T14:05:20+00:00
CVE-2025-26466,updated,2026-10-08,cve_2023_to_2025,2026-10-09T14:05:20+00:00
CVE-2025-34076,updated,2026-10-08,cve_2023_to_2025,2026-10-09T14:05:20+00:00
CVE-2025-34086,updated,2026-10-08,cve_2023_to_2025,2026-10-09T14:05:20+00:00
CVE-2025-34146,updated,2026-10-08,cve_2023_to_2025,2026-10-09T14:05:20+00:00
CVE-2025-34267,updated,2026-10-08,cve_2023_to_2025,2026-10-09T14:05:20+00:00
CVE-2025-34291,updated,2026-10-08,cve_2023_to_2025,2026-10-09T14:05:20+00:00
CVE-2025-34410,updated,2026-10-08,cve_2023_to_2025,2026-10-09T14:05:20+00:00
CVE-2025-34429,updated,2026-10-08,cve_2023_to_2025,2026-10-09T14:05:20+00:00
CVE-2025-34430,updated,2026-10-08,cve_2023_to_2025,2026-10-09T14:05:20+00:00
CVE-2025-34469,updated,2026-10-08,cve_2023_to_2025,2026-10-09T14:05:20+00:00
CVE-2025-49794,updated,2026-10-08,cve_2023_to_2025,2026-10-09T14:05:20+00:00
CVE-2025-49796,updated,2026-10-08,cve_2023_to_2025,2026-10-09T14:05:20+00:00
CVE-2025-60201,updated,2026-10-09,cve_2023_to_2025,2026-10-09T14:05:20+00:00
CVE-2025-70517,updated,2026-10-09,cve_2023_to_2025,2026-10-09T14:05:20+00:00
CVE-2025-70522,updated,2026-10-09,cve_2023_to_2025,2026-10-09T14:05:20+00:00
CVE-2025-71177,updated,2026-10-08,cve_2023_to_2025,2026-10-09T14:05:20+00:00
CVE-2025-71391,updated,2026-10-08,cve_2023_to_2025,2026-10-09T14:05:20+00:00
CVE-2025-71392,updated,2026-10-08,cve_2023_to_2025,2026-10-09T14:05:20+00:00
CVE-2025-71393,updated,2026-10-08,cve_2023_to_2025,2026-10-09T14:05:20+00:00
CVE-2025-71395,updated,2026-10-08,cve_2023_to_2025,2026-10-09T14:05:20+00:00
CVE-2025-71396,updated,2026-10-08,cve_2023_to_2025,2026-10-09T14:05:20+00:00
CVE-2025-71397,updated,2026-10-08,cve_2023_to_2025,2026-10-09T14:05:20+00:00
CVE-2025-71399,updated,2026-10-08,cve_2023_to_2025,2026-10-09T14:05:20+00:00
CVE-2025-71400,updated,2026-10-08,cve_2023_to_2025,2026-10-09T14:05:20+00:00
CVE-2025-71405,updated,2026-10-08,cve_2023_to_2025,2026-10-09T14:05:20+00:00
CVE-2025-71408,updated,2026-10-08,cve_2023_to_2025,2026-10-09T14:05:20+00:00
CVE-2025-71417,updated,2026-10-08,cve_2023_to_2025,2026-10-09T14:05:20+00:00
CVE-2025-71418,updated,2026-10-08,cve_2023_to_2025,2026-10-09T14:05:20+00:00
CVE-2025-71422,updated,2026-10-08,cve_2023_to_2025,2026-10-09T14:05:20+00:00
CVE-2025-71423,updated,2026-10-08,cve_2023_to_2025,2026-10-09T14:05:20+00:00
CVE-2025-71424,updated,2026-10-08,cve_2023_to_2025,2026-10-09T14:05:20+00:00
CVE-2025-71425,updated,2026-10-08,cve_2023_to_2025,2026-10-09T14:05:20+00:00
CVE-2025-71426,updated,2026-10-08,cve_2023_to_2025,2026-10-09T14:05:20+00:00
CVE-2025-71428,added,,cve_2023_to_2025,2026-10-09T14:05:20+00:00
CVE-2026-0289,updated,2026-10-08,cve_2026_to_now,2026-10-09T14:05:20+00:00
CVE-2026-0290,updated,2026-10-08,cve_2026_to_now,2026-10-09T14:05:20+00:00
CVE-2026-0621,updated,2026-10-08,cve_2026_to_now,2026-10-09T14:05:20+00:00
CVE-2026-0650,updated,2026-10-08,cve_2026_to_now,2026-10-09T14:05:20+00:00
CVE-2026-1776,updated,2026-10-08,cve_2026_to_now,2026-10-09T14:05:20+00:00
CVE-2026-1933,updated,2026-10-08,cve_2026_to_now,2026-10-09T14:05:20+00:00
CVE-2026-2340,updated,2026-10-08,cve_2026_to_now,2026-10-09T14:05:20+00:00
CVE-2026-3012,updated,2026-10-08,cve_2026_to_now,2026-10-09T14:05:20+00:00
CVE-2026-3833,updated,2026-10-08,cve_2026_to_now,2026-10-09T14:05:20+00:00
CVE-2026-4264,added,,cve_2026_to_now,2026-10-09T14:05:20+00:00
CVE-2026-4408,updated,2026-10-08,cve_2026_to_now,2026-10-09T14:05:20+00:00
CVE-2026-4894,updated,,cve_2026_to_now,2026-10-09T14:05:20+00:00
CVE-2026-5047,updated,,cve_2026_to_now,2026-10-09T14:05:20+00:00
CVE-2026-5048,updated,,cve_2026_to_now,2026-10-09T14:05:20+00:00
CVE-2026-5049,updated,,cve_2026_to_now,2026-10-09T14:05:20+00:00
CVE-2026-5759,added,,cve_2026_to_now,2026-10-09T14:05:20+00:00
CVE-2026-5769,updated,,cve_2026_to_now,2026-10-09T14:05:20+00:00
CVE-2026-6893,updated,2026-10-08,cve_2026_to_now,2026-10-09T14:05:20+00:00
CVE-2026-7826,added,,cve_2026_to_now,2026-10-09T14:05:20+00:00
CVE-2026-7827,added,,cve_2026_to_now,2026-10-09T14:05:20+00:00
CVE-2026-8374,added,,cve_2026_to_now,2026-10-09T14:05:20+00:00
CVE-2026-8621,updated,2026-10-08,cve_2026_to_now,2026-10-09T14:05:20+00:00
CVE-2026-8634,updated,2026-10-08,cve_2026_to_now,2026-10-09T14:05:20+00:00
CVE-2026-9209,added,,cve_2026_to_now,2026-10-09T14:05:20+00:00
CVE-2026-9318,updated,2026-10-08,cve_2026_to_now,2026-10-09T14:05:20+00:00
CVE-2026-10105,updated,2026-10-08,cve_2026_to_now,2026-10-09T14:05:20+00:00
CVE-2026-10108,updated,2026-10-08,cve_2026_to_now,2026-10-09T14:05:20+00:00
CVE-2026-10142,updated,2026-10-08,cve_2026_to_now,2026-10-09T14:05:20+00:00
CVE-2026-10143,updated,2026-10-08,cve_2026_to_now,2026-10-09T14:05:20+00:00
CVE-2026-10631,added,,cve_2026_to_now,2026-10-09T14:05:20+00:00
CVE-2026-10832,updated,2026-10-08,cve_2026_to_now,2026-10-09T14:05:20+00:00
CVE-2026-11318,added,2026-10-09,cve_2026_to_now,2026-10-09T14:05:20+00:00
CVE-2026-11332,updated,2026-10-08,cve_2026_to_now,2026-10-09T14:05:20+00:00
CVE-2026-11407,updated,2026-10-08,cve_2026_to_now,2026-10-09T14:05:20+00:00
CVE-2026-11770,updated,2026-10-08,cve_2026_to_now,2026-10-09T14:05:20+00:00
CVE-2026-11788,updated,2026-10-08,cve_2026_to_now,2026-10-09T14:05:20+00:00
CVE-2026-11837,updated,2026-10-08,cve_2026_to_now,2026-10-09T14:05:20+00:00
CVE-2026-11888,added,2026-10-09,cve_2026_to_now,2026-10-09T14:05:20+00:00
CVE-2026-11930,added,,cve_2026_to_now,2026-10-09T14:05:20+00:00
CVE-2026-11936,added,,cve_2026_to_now,2026-10-09T14:05:20+00:00
CVE-2026-11939,added,,cve_2026_to_now,2026-10-09T14:05:20+00:00
CVE-2026-12091,added,,cve_2026_to_now,2026-10-09T14:05:20+00:00
CVE-2026-12109,added,2026-10-09,cve_2026_to_now,2026-10-09T14:05:20+00:00
CVE-2026-12260,updated,,cve_2026_to_now,2026-10-09T14:05:20+00:00
CVE-2026-12701,updated,2026-10-08,cve_2026_to_now,2026-10-09T14:05:20+00:00
CVE-2026-12859,added,,cve_2026_to_now,2026-10-09T14:05:20+00:00
CVE-2026-13257,added,,cve_2026_to_now,2026-10-09T14:05:20+00:00
CVE-2026-13258,added,,cve_2026_to_now,2026-10-09T14:05:20+00:00
CVE-2026-13732,updated,2026-10-09,cve_2026_to_now,2026-10-09T14:05:20+00:00
CVE-2026-14164,updated,2026-10-08,cve_2026_to_now,2026-10-09T14:05:20+00:00
CVE-2026-14269,added,2026-10-09,cve_2026_to_now,2026-10-09T14:05:20+00:00
CVE-2026-14273,added,,cve_2026_to_now,2026-10-09T14:05:20+00:00
CVE-2026-14474,updated,2026-10-08,cve_2026_to_now,2026-10-09T14:05:20+00:00
CVE-2026-14476,updated,2026-10-08,cve_2026_to_now,2026-10-09T14:05:20+00:00
CVE-2026-14496,added,,cve_2026_to_now,2026-10-09T14:05:20+00:00
CVE-2026-14497,added,2026-10-09,cve_2026_to_now,2026-10-09T14:05:20+00:00
CVE-2026-14502,added,2026-10-09,cve_2026_to_now,2026-10-09T14:05:20+00:00
CVE-2026-14507,added,,cve_2026_to_now,2026-10-09T14:05:20+00:00
CVE-2026-14508,added,,cve_2026_to_now,2026-10-09T14:05:20+00:00
CVE-2026-14509,added,,cve_2026_to_now,2026-10-09T14:05:20+00:00
CVE-2026-14888,added,2026-10-09,cve_2026_to_now,2026-10-09T14:05:20+00:00
CVE-2026-14905,added,,cve_2026_to_now,2026-10-09T14:05:20+00:00
CVE-2026-14988,added,,cve_2026_to_now,2026-10-09T14:05:20+00:00
CVE-2026-14990,updated,,cve_2026_to_now,2026-10-09T14:05:20+00:00
CVE-2026-14991,updated,2026-10-09,cve_2026_to_now,2026-10-09T14:05:20+00:00
CVE-2026-14992,added,2026-10-09,cve_2026_to_now,2026-10-09T14:05:20+00:00
CVE-2026-14999,added,2026-10-09,cve_2026_to_now,2026-10-09T14:05:20+00:00
CVE-2026-15028,updated,2026-10-09,cve_2026_to_now,2026-10-09T14:05:20+00:00
CVE-2026-15555,updated,2026-10-09,cve_2026_to_now,2026-10-09T14:05:20+00:00
CVE-2026-15560,updated,2026-10-08,cve_2026_to_now,2026-10-09T14:05:20+00:00
CVE-2026-15563,updated,2026-10-09,cve_2026_to_now,2026-10-09T14:05:20+00:00
CVE-2026-15688,updated,2026-10-09,cve_2026_to_now,2026-10-09T14:05:20+00:00
CVE-2026-15722,updated,2026-10-08,cve_2026_to_now,2026-10-09T14:05:20+00:00
CVE-2026-15762,updated,2026-10-09,cve_2026_to_now,2026-10-09T14:05:20+00:00
CVE-2026-15781,updated,2026-10-09,cve_2026_to_now,2026-10-09T14:05:20+00:00
CVE-2026-15784,updated,2026-10-09,cve_2026_to_now,2026-10-09T14:05:20+00:00
CVE-2026-15816,updated,2026-10-08,cve_2026_to_now,2026-10-09T14:05:20+00:00
CVE-2026-15819,updated,,cve_2026_to_now,2026-10-09T14:05:20+00:00
CVE-2026-15822,updated,,cve_2026_to_now,2026-10-09T14:05:20+00:00
CVE-2026-15824,updated,,cve_2026_to_now,2026-10-09T14:05:20+00:00
CVE-2026-16111,updated,,cve_2026_to_now,2026-10-09T14:05:20+00:00
CVE-2026-16118,updated,2026-10-09,cve_2026_to_now,2026-10-09T14:05:20+00:00
CVE-2026-16159,updated,,cve_2026_to_now,2026-10-09T14:05:20+00:00
CVE-2026-16161,updated,,cve_2026_to_now,2026-10-09T14:05:20+00:00
CVE-2026-16163,updated,,cve_2026_to_now,2026-10-09T14:05:20+00:00
CVE-2026-16164,updated,,cve_2026_to_now,2026-10-09T14:05:20+00:00
CVE-2026-16167,updated,,cve_2026_to_now,2026-10-09T14:05:20+00:00
CVE-2026-16169,updated,,cve_2026_to_now,2026-10-09T14:05:20+00:00
CVE-2026-16170,updated,,cve_2026_to_now,2026-10-09T14:05:20+00:00
CVE-2026-16176,updated,,cve_2026_to_now,2026-10-09T14:05:20+00:00
CVE-2026-16177,updated,,cve_2026_to_now,2026-10-09T14:05:20+00:00
CVE-2026-16179,updated,,cve_2026_to_now,2026-10-09T14:05:20+00:00
CVE-2026-16181,updated,2026-10-09,cve_2026_to_now,2026-10-09T14:05:20+00:00
CVE-2026-16182,updated,,cve_2026_to_now,2026-10-09T14:05:20+00:00
CVE-2026-16313,updated,2026-10-08,cve_2026_to_now,2026-10-09T14:05:20+00:00
CVE-2026-16340,updated,2026-10-09,cve_2026_to_now,2026-10-09T14:05:20+00:00
CVE-2026-16823,added,,cve_2026_to_now,2026-10-09T14:05:20+00:00
CVE-2026-16830,added,,cve_2026_to_now,2026-10-09T14:05:20+00:00
CVE-2026-16916,added,,cve_2026_to_now,2026-10-09T14:05:20+00:00
CVE-2026-17189,added,,cve_2026_to_now,2026-10-09T14:05:20+00:00
CVE-2026-17196,updated,,cve_2026_to_now,2026-10-09T14:05:20+00:00
CVE-2026-18355,updated,2026-10-08,cve_2026_to_now,2026-10-09T14:05:20+00:00
CVE-2026-18453,updated,2026-10-08,cve_2026_to_now,2026-10-09T14:05:20+00:00
CVE-2026-18740,added,2026-10-09,cve_2026_to_now,2026-10-09T14:05:20+00:00
CVE-2026-18839,updated,2026-10-08,cve_2026_to_now,2026-10-09T14:05:20+00:00
CVE-2026-18922,updated,2026-10-08,cve_2026_to_now,2026-10-09T14:05:20+00:00
CVE-2026-19083,updated,,cve_2026_to_now,2026-10-09T14:05:20+00:00
CVE-2026-19218,updated,,cve_2026_to_now,2026-10-09T14:05:20+00:00
CVE-2026-19482,added,,cve_2026_to_now,2026-10-09T14:05:20+00:00
CVE-2026-19491,added,,cve_2026_to_now,2026-10-09T14:05:20+00:00
CVE-2026-19493,added,,cve_2026_to_now,2026-10-09T14:05:20+00:00
CVE-2026-19494,added,,cve_2026_to_now,2026-10-09T14:05:20+00:00
CVE-2026-19498,added,2026-10-09,cve_2026_to_now,2026-10-09T14:05:20+00:00
CVE-2026-19569,added,,cve_2026_to_now,2026-10-09T14:05:20+00:00
CVE-2026-19570,added,,cve_2026_to_now,2026-10-09T14:05:20+00:00
CVE-2026-19571,added,,cve_2026_to_now,2026-10-09T14:05:20+00:00
CVE-2026-19574,added,,cve_2026_to_now,2026-10-09T14:05:20+00:00
CVE-2026-19575,added,,cve_2026_to_now,2026-10-09T14:05:20+00:00
CVE-2026-19585,added,,cve_2026_to_now,2026-10-09T14:05:20+00:00
CVE-2026-19611,updated,2026-10-08,cve_2026_to_now,2026-10-09T14:05:20+00:00
CVE-2026-19843,updated,2026-10-08,cve_2026_to_now,2026-10-09T14:05:20+00:00
CVE-2026-19878,added,,cve_2026_to_now,2026-10-09T14:05:20+00:00
CVE-2026-20321,updated,2026-10-08,cve_2026_to_now,2026-10-09T14:05:20+00:00
CVE-2026-22186,updated,2026-10-08,cve_2026_to_now,2026-10-09T14:05:20+00:00
CVE-2026-22187,updated,2026-10-08,cve_2026_to_now,2026-10-09T14:05:20+00:00
CVE-2026-22219,updated,2026-10-08,cve_2026_to_now,2026-10-09T14:05:20+00:00
CVE-2026-22680,updated,2026-10-08,cve_2026_to_now,2026-10-09T14:05:20+00:00
CVE-2026-23695,updated,2026-10-08,cve_2026_to_now,2026-10-09T14:05:20+00:00
CVE-2026-24301,updated,2026-10-08,cve_2026_to_now,2026-10-09T14:05:20+00:00
CVE-2026-24425,updated,2026-10-08,cve_2026_to_now,2026-10-09T14:05:20+00:00
CVE-2026-26145,updated,2026-10-08,cve_2026_to_now,2026-10-09T14:05:20+00:00
CVE-2026-26216,updated,2026-10-08,cve_2026_to_now,2026-10-09T14:05:20+00:00
CVE-2026-26217,updated,2026-10-08,cve_2026_to_now,2026-10-09T14:05:20+00:00
CVE-2026-26226,updated,2026-10-08,cve_2026_to_now,2026-10-09T14:05:20+00:00
CVE-2026-27420,updated,,cve_2026_to_now,2026-10-09T14:05:20+00:00
CVE-2026-28518,updated,2026-10-08,cve_2026_to_now,2026-10-09T14:05:20+00:00
CVE-2026-29000,updated,2026-10-08,cve_2026_to_now,2026-10-09T14:05:20+00:00
CVE-2026-32064,updated,2026-10-08,cve_2026_to_now,2026-10-09T14:05:20+00:00
CVE-2026-32582,updated,2026-10-08,cve_2026_to_now,2026-10-09T14:05:20+00:00
CVE-2026-32774,updated,2026-10-08,cve_2026_to_now,2026-10-09T14:05:20+00:00
CVE-2026-32846,updated,2026-10-08,cve_2026_to_now,2026-10-09T14:05:20+00:00
CVE-2026-32981,updated,2026-10-08,cve_2026_to_now,2026-10-09T14:05:20+00:00
CVE-2026-33818,updated,2026-10-08,cve_2026_to_now,2026-10-09T14:05:20+00:00
CVE-2026-33842,updated,2026-10-08,cve_2026_to_now,2026-10-09T14:05:20+00:00
CVE-2026-33845,updated,2026-10-08,cve_2026_to_now,2026-10-09T14:05:20+00:00
CVE-2026-33846,updated,2026-10-08,cve_2026_to_now,2026-10-09T14:05:20+00:00
CVE-2026-34328,updated,2026-10-08,cve_2026_to_now,2026-10-09T14:05:20+00:00
CVE-2026-34346,updated,2026-10-08,cve_2026_to_now,2026-10-09T14:05:20+00:00
CVE-2026-34348,updated,2026-10-08,cve_2026_to_now,2026-10-09T14:05:20+00:00
CVE-2026-34349,updated,2026-10-08,cve_2026_to_now,2026-10-09T14:05:20+00:00
CVE-2026-34966,updated,2026-10-08,cve_2026_to_now,2026-10-09T14:05:20+00:00
CVE-2026-35002,updated,2026-10-08,cve_2026_to_now,2026-10-09T14:05:20+00:00
CVE-2026-35425,updated,2026-10-08,cve_2026_to_now,2026-10-09T14:05:20+00:00
CVE-2026-39678,updated,2026-10-08,cve_2026_to_now,2026-10-09T14:05:20+00:00
CVE-2026-39717,updated,2026-10-09,cve_2026_to_now,2026-10-09T14:05:20+00:00
CVE-2026-39723,updated,2026-10-08,cve_2026_to_now,2026-10-09T14:05:20+00:00
CVE-2026-39725,removed,,cve_2026_to_now,2026-10-09T14:05:20+00:00
CVE-2026-39779,added,,cve_2026_to_now,2026-10-09T14:05:20+00:00
CVE-2026-39790,updated,2026-10-08,cve_2026_to_now,2026-10-09T14:05:20+00:00
CVE-2026-39904,updated,2026-10-08,cve_2026_to_now,2026-10-09T14:05:20+00:00
CVE-2026-39922,updated,2026-10-08,cve_2026_to_now,2026-10-09T14:05:20+00:00
CVE-2026-40034,updated,2026-10-08,cve_2026_to_now,2026-10-09T14:05:20+00:00
CVE-2026-40035,updated,2026-10-08,cve_2026_to_now,2026-10-09T14:05:20+00:00
CVE-2026-40036,updated,2026-10-08,cve_2026_to_now,2026-10-09T14:05:20+00:00
CVE-2026-40375,updated,2026-10-08,cve_2026_to_now,2026-10-09T14:05:20+00:00
CVE-2026-40378,updated,2026-10-08,cve_2026_to_now,2026-10-09T14:05:20+00:00
CVE-2026-40400,updated,2026-10-08,cve_2026_to_now,2026-10-09T14:05:20+00:00
CVE-2026-40422,updated,2026-10-08,cve_2026_to_now,2026-10-09T14:05:20+00:00
CVE-2026-40525,updated,2026-10-08,cve_2026_to_now,2026-10-09T14:05:20+00:00
CVE-2026-40804,added,,cve_2026_to_now,2026-10-09T14:05:20+00:00
CVE-2026-41087,updated,2026-10-08,cve_2026_to_now,2026-10-09T14:05:20+00:00
CVE-2026-41106,updated,2026-10-08,cve_2026_to_now,2026-10-09T14:05:20+00:00
CVE-2026-41109,updated,2026-10-08,cve_2026_to_now,2026-10-09T14:05:20+00:00
CVE-2026-42009,updated,2026-10-08,cve_2026_to_now,2026-10-09T14:05:20+00:00
CVE-2026-42010,updated,2026-10-08,cve_2026_to_now,2026-10-09T14:05:20+00:00
CVE-2026-42504,updated,2026-10-08,cve_2026_to_now,2026-10-09T14:05:20+00:00
CVE-2026-42698,updated,,cve_2026_to_now,2026-10-09T14:05:20+00:00
CVE-2026-42784,updated,2026-10-09,cve_2026_to_now,2026-10-09T14:05:20+00:00
CVE-2026-42900,updated,2026-10-08,cve_2026_to_now,2026-10-09T14:05:20+00:00
CVE-2026-42975,updated,2026-10-08,cve_2026_to_now,2026-10-09T14:05:20+00:00
CVE-2026-42976,updated,2026-10-08,cve_2026_to_now,2026-10-09T14:05:20+00:00
CVE-2026-42982,updated,2026-10-08,cve_2026_to_now,2026-10-09T14:05:20+00:00
CVE-2026-42990,updated,2026-10-08,cve_2026_to_now,2026-10-09T14:05:20+00:00
CVE-2026-43644,updated,2026-10-08,cve_2026_to_now,2026-10-09T14:05:20+00:00
CVE-2026-43969,updated,2026-10-09,cve_2026_to_now,2026-10-09T14:05:20+00:00
CVE-2026-44031,updated,,cve_2026_to_now,2026-10-09T14:05:20+00:00
CVE-2026-44033,updated,,cve_2026_to_now,2026-10-09T14:05:20+00:00
CVE-2026-44034,updated,,cve_2026_to_now,2026-10-09T14:05:20+00:00
CVE-2026-44035,updated,,cve_2026_to_now,2026-10-09T14:05:20+00:00
CVE-2026-44036,updated,,cve_2026_to_now,2026-10-09T14:05:20+00:00
CVE-2026-44037,updated,,cve_2026_to_now,2026-10-09T14:05:20+00:00
CVE-2026-44038,updated,,cve_2026_to_now,2026-10-09T14:05:20+00:00
CVE-2026-44800,updated,2026-10-08,cve_2026_to_now,2026-10-09T14:05:20+00:00
CVE-2026-44806,updated,2026-10-08,cve_2026_to_now,2026-10-09T14:05:20+00:00
CVE-2026-45222,updated,2026-10-08,cve_2026_to_now,2026-10-09T14:05:20+00:00
CVE-2026-45224,updated,2026-10-08,cve_2026_to_now,2026-10-09T14:05:20+00:00
CVE-2026-45242,updated,2026-10-08,cve_2026_to_now,2026-10-09T14:05:20+00:00
CVE-2026-45243,updated,2026-10-08,cve_2026_to_now,2026-10-09T14:05:20+00:00
CVE-2026-45244,updated,2026-10-08,cve_2026_to_now,2026-10-09T14:05:20+00:00
CVE-2026-45245,updated,2026-10-08,cve_2026_to_now,2026-10-09T14:05:20+00:00
CVE-2026-45488,updated,2026-10-08,cve_2026_to_now,2026-10-09T14:05:20+00:00
CVE-2026-45489,updated,2026-10-08,cve_2026_to_now,2026-10-09T14:05:20+00:00
CVE-2026-45496,updated,2026-10-08,cve_2026_to_now,2026-10-09T14:05:20+00:00
CVE-2026-45499,updated,2026-10-08,cve_2026_to_now,2026-10-09T14:05:20+00:00
CVE-2026-45646,updated,2026-10-08,cve_2026_to_now,2026-10-09T14:05:20+00:00
CVE-2026-46569,updated,2026-10-09,cve_2026_to_now,2026-10-09T14:05:20+00:00
CVE-2026-47099,updated,2026-10-08,cve_2026_to_now,2026-10-09T14:05:20+00:00
CVE-2026-47101,updated,2026-10-08,cve_2026_to_now,2026-10-09T14:05:20+00:00
CVE-2026-47102,updated,2026-10-08,cve_2026_to_now,2026-10-09T14:05:20+00:00
CVE-2026-47103,updated,2026-10-08,cve_2026_to_now,2026-10-09T14:05:20+00:00
CVE-2026-47117,updated,2026-10-08,cve_2026_to_now,2026-10-09T14:05:20+00:00
CVE-2026-47282,updated,2026-10-08,cve_2026_to_now,2026-10-09T14:05:20+00:00
CVE-2026-47285,updated,2026-10-08,cve_2026_to_now,2026-10-09T14:05:20+00:00
CVE-2026-47290,updated,2026-10-08,cve_2026_to_now,2026-10-09T14:05:20+00:00
CVE-2026-47295,updated,2026-10-08,cve_2026_to_now,2026-10-09T14:05:20+00:00
CVE-2026-47296,updated,2026-10-08,cve_2026_to_now,2026-10-09T14:05:20+00:00
CVE-2026-47297,updated,2026-10-08,cve_2026_to_now,2026-10-09T14:05:20+00:00
CVE-2026-47299,updated,2026-10-08,cve_2026_to_now,2026-10-09T14:05:20+00:00
CVE-2026-47300,updated,2026-10-08,cve_2026_to_now,2026-10-09T14:05:20+00:00
CVE-2026-47301,updated,2026-10-08,cve_2026_to_now,2026-10-09T14:05:20+00:00
CVE-2026-47302,updated,2026-10-08,cve_2026_to_now,2026-10-09T14:05:20+00:00
CVE-2026-47303,updated,2026-10-08,cve_2026_to_now,2026-10-09T14:05:20+00:00
CVE-2026-47304,updated,2026-10-08,cve_2026_to_now,2026-10-09T14:05:20+00:00
CVE-2026-47305,updated,2026-10-08,cve_2026_to_now,2026-10-09T14:05:20+00:00
CVE-2026-47632,updated,2026-10-08,cve_2026_to_now,2026-10-09T14:05:20+00:00
CVE-2026-47642,updated,2026-10-08,cve_2026_to_now,2026-10-09T14:05:20+00:00
CVE-2026-48544,updated,2026-10-08,cve_2026_to_now,2026-10-09T14:05:20+00:00
CVE-2026-48545,updated,2026-10-08,cve_2026_to_now,2026-10-09T14:05:20+00:00
CVE-2026-48555,updated,2026-10-08,cve_2026_to_now,2026-10-09T14:05:20+00:00
CVE-2026-48557,updated,2026-10-08,cve_2026_to_now,2026-10-09T14:05:20+00:00
CVE-2026-48561,updated,2026-10-08,cve_2026_to_now,2026-10-09T14:05:20+00:00
CVE-2026-48564,updated,2026-10-08,cve_2026_to_now,2026-10-09T14:05:20+00:00
CVE-2026-48571,updated,2026-10-08,cve_2026_to_now,2026-10-09T14:05:20+00:00
CVE-2026-48572,updated,2026-10-08,cve_2026_to_now,2026-10-09T14:05:20+00:00
CVE-2026-48580,updated,2026-10-08,cve_2026_to_now,2026-10-09T14:05:20+00:00
CVE-2026-48581,updated,2026-10-08,cve_2026_to_now,2026-10-09T14:05:20+00:00
CVE-2026-48864,updated,2026-10-08,cve_2026_to_now,2026-10-09T14:05:20+00:00
CVE-2026-49138,updated,2026-10-08,cve_2026_to_now,2026-10-09T14:05:20+00:00
CVE-2026-49143,updated,2026-10-08,cve_2026_to_now,2026-10-09T14:05:20+00:00
CVE-2026-49144,updated,2026-10-08,cve_2026_to_now,2026-10-09T14:05:20+00:00
CVE-2026-49159,updated,2026-10-08,cve_2026_to_now,2026-10-09T14:05:20+00:00
CVE-2026-49162,updated,2026-10-08,cve_2026_to_now,2026-10-09T14:05:20+00:00
CVE-2026-49163,updated,2026-10-08,cve_2026_to_now,2026-10-09T14:05:20+00:00
CVE-2026-49164,updated,2026-10-08,cve_2026_to_now,2026-10-09T14:05:20+00:00
CVE-2026-49165,updated,2026-10-08,cve_2026_to_now,2026-10-09T14:05:20+00:00
CVE-2026-49166,updated,2026-10-08,cve_2026_to_now,2026-10-09T14:05:20+00:00
CVE-2026-49167,updated,2026-10-08,cve_2026_to_now,2026-10-09T14:05:20+00:00
CVE-2026-49168,updated,2026-10-08,cve_2026_to_now,2026-10-09T14:05:20+00:00
CVE-2026-49169,updated,2026-10-08,cve_2026_to_now,2026-10-09T14:05:20+00:00
CVE-2026-49170,updated,2026-10-08,cve_2026_to_now,2026-10-09T14:05:20+00:00
CVE-2026-49171,updated,2026-10-08,cve_2026_to_now,2026-10-09T14:05:20+00:00
CVE-2026-49172,updated,2026-10-08,cve_2026_to_now,2026-10-09T14:05:20+00:00
CVE-2026-49173,updated,2026-10-08,cve_2026_to_now,2026-10-09T14:05:20+00:00
CVE-2026-49174,updated,2026-10-08,cve_2026_to_now,2026-10-09T14:05:20+00:00
CVE-2026-49175,updated,2026-10-08,cve_2026_to_now,2026-10-09T14:05:20+00:00
CVE-2026-49176,updated,2026-10-08,cve_2026_to_now,2026-10-09T14:05:20+00:00
CVE-2026-49177,updated,2026-10-08,cve_2026_to_now,2026-10-09T14:05:20+00:00
CVE-2026-49178,updated,2026-10-08,cve_2026_to_now,2026-10-09T14:05:20+00:00
CVE-2026-49179,updated,2026-10-08,cve_2026_to_now,2026-10-09T14:05:20+00:00
CVE-2026-49180,updated,2026-10-08,cve_2026_to_now,2026-10-09T14:05:20+00:00
CVE-2026-49181,updated,2026-10-08,cve_2026_to_now,2026-10-09T14:05:20+00:00
CVE-2026-49183,updated,2026-10-08,cve_2026_to_now,2026-10-09T14:05:20+00:00
CVE-2026-49184,updated,2026-10-08,cve_2026_to_now,2026-10-09T14:05:20+00:00
CVE-2026-49783,updated,2026-10-08,cve_2026_to_now,2026-10-09T14:05:20+00:00
CVE-2026-49784,updated,2026-10-08,cve_2026_to_now,2026-10-09T14:05:20+00:00
CVE-2026-49787,updated,2026-10-08,cve_2026_to_now,2026-10-09T14:05:20+00:00
CVE-2026-49788,updated,2026-10-08,cve_2026_to_now,2026-10-09T14:05:20+00:00
CVE-2026-49789,updated,2026-10-08,cve_2026_to_now,2026-10-09T14:05:20+00:00
CVE-2026-49790,updated,2026-10-08,cve_2026_to_now,2026-10-09T14:05:20+00:00
CVE-2026-49791,updated,2026-10-08,cve_2026_to_now,2026-10-09T14:05:20+00:00
CVE-2026-49792,updated,2026-10-08,cve_2026_to_now,2026-10-09T14:05:20+00:00
CVE-2026-49793,updated,2026-10-08,cve_2026_to_now,2026-10-09T14:05:20+00:00
CVE-2026-49794,updated,2026-10-08,cve_2026_to_now,2026-10-09T14:05:20+00:00
CVE-2026-49795,updated,2026-10-08,cve_2026_to_now,2026-10-09T14:05:20+00:00
CVE-2026-49796,updated,2026-10-08,cve_2026_to_now,2026-10-09T14:05:20+00:00
CVE-2026-49797,updated,2026-10-08,cve_2026_to_now,2026-10-09T14:05:20+00:00
CVE-2026-49798,updated,2026-10-08,cve_2026_to_now,2026-10-09T14:05:20+00:00
CVE-2026-49799,updated,2026-10-08,cve_2026_to_now,2026-10-09T14:05:20+00:00
CVE-2026-49800,updated,2026-10-08,cve_2026_to_now,2026-10-09T14:05:20+00:00
CVE-2026-49801,updated,2026-10-08,cve_2026_to_now,2026-10-09T14:05:20+00:00
CVE-2026-49802,updated,2026-10-08,cve_2026_to_now,2026-10-09T14:05:20+00:00
CVE-2026-49803,updated,2026-10-08,cve_2026_to_now,2026-10-09T14:05:20+00:00
CVE-2026-49804,updated,2026-10-08,cve_2026_to_now,2026-10-09T14:05:20+00:00
CVE-2026-49805,updated,2026-10-08,cve_2026_to_now,2026-10-09T14:05:20+00:00
CVE-2026-49806,updated,2026-10-08,cve_2026_to_now,2026-10-09T14:05:20+00:00
CVE-2026-49807,updated,2026-10-08,cve_2026_to_now,2026-10-09T14:05:20+00:00
CVE-2026-49808,updated,2026-10-08,cve_2026_to_now,2026-10-09T14:05:20+00:00
CVE-2026-49970,updated,2026-10-08,cve_2026_to_now,2026-10-09T14:05:20+00:00
CVE-2026-50054,added,,cve_2026_to_now,2026-10-09T14:05:20+00:00
CVE-2026-50055,added,,cve_2026_to_now,2026-10-09T14:05:20+00:00
CVE-2026-50293,updated,2026-10-08,cve_2026_to_now,2026-10-09T14:05:20+00:00
CVE-2026-50294,updated,2026-10-08,cve_2026_to_now,2026-10-09T14:05:20+00:00
CVE-2026-50295,updated,2026-10-08,cve_2026_to_now,2026-10-09T14:05:20+00:00
CVE-2026-50296,updated,2026-10-08,cve_2026_to_now,2026-10-09T14:05:20+00:00
CVE-2026-50297,updated,2026-10-08,cve_2026_to_now,2026-10-09T14:05:20+00:00
CVE-2026-50298,updated,2026-10-08,cve_2026_to_now,2026-10-09T14:05:20+00:00
CVE-2026-50299,updated,2026-10-08,cve_2026_to_now,2026-10-09T14:05:20+00:00
CVE-2026-50300,updated,2026-10-08,cve_2026_to_now,2026-10-09T14:05:20+00:00
CVE-2026-50301,updated,2026-10-08,cve_2026_to_now,2026-10-09T14:05:20+00:00
CVE-2026-50302,updated,2026-10-08,cve_2026_to_now,2026-10-09T14:05:20+00:00
CVE-2026-50303,updated,2026-10-08,cve_2026_to_now,2026-10-09T14:05:20+00:00
CVE-2026-50304,updated,2026-10-08,cve_2026_to_now,2026-10-09T14:05:20+00:00
CVE-2026-50305,updated,2026-10-08,cve_2026_to_now,2026-10-09T14:05:20+00:00
CVE-2026-50306,updated,2026-10-08,cve_2026_to_now,2026-10-09T14:05:20+00:00
CVE-2026-50307,updated,2026-10-08,cve_2026_to_now,2026-10-09T14:05:20+00:00
CVE-2026-50308,updated,2026-10-08,cve_2026_to_now,2026-10-09T14:05:20+00:00
CVE-2026-50309,updated,2026-10-08,cve_2026_to_now,2026-10-09T14:05:20+00:00
CVE-2026-50310,updated,2026-10-08,cve_2026_to_now,2026-10-09T14:05:20+00:00
CVE-2026-50311,updated,2026-10-08,cve_2026_to_now,2026-10-09T14:05:20+00:00
CVE-2026-50312,updated,2026-10-08,cve_2026_to_now,2026-10-09T14:05:20+00:00
CVE-2026-50313,updated,2026-10-08,cve_2026_to_now,2026-10-09T14:05:20+00:00
CVE-2026-50314,updated,2026-10-08,cve_2026_to_now,2026-10-09T14:05:20+00:00
CVE-2026-50315,updated,2026-10-08,cve_2026_to_now,2026-10-09T14:05:20+00:00
CVE-2026-50316,updated,2026-10-08,cve_2026_to_now,2026-10-09T14:05:20+00:00
CVE-2026-50317,updated,2026-10-08,cve_2026_to_now,2026-10-09T14:05:20+00:00
CVE-2026-50318,updated,2026-10-08,cve_2026_to_now,2026-10-09T14:05:20+00:00
CVE-2026-50321,updated,2026-10-08,cve_2026_to_now,2026-10-09T14:05:20+00:00
CVE-2026-50322,updated,2026-10-08,cve_2026_to_now,2026-10-09T14:05:20+00:00
CVE-2026-50323,updated,2026-10-08,cve_2026_to_now,2026-10-09T14:05:20+00:00
CVE-2026-50324,updated,2026-10-08,cve_2026_to_now,2026-10-09T14:05:20+00:00
CVE-2026-50325,updated,2026-10-08,cve_2026_to_now,2026-10-09T14:05:20+00:00
CVE-2026-50326,updated,2026-10-08,cve_2026_to_now,2026-10-09T14:05:20+00:00
CVE-2026-50327,updated,2026-10-08,cve_2026_to_now,2026-10-09T14:05:20+00:00
CVE-2026-50328,updated,2026-10-08,cve_2026_to_now,2026-10-09T14:05:20+00:00
CVE-2026-50329,updated,2026-10-08,cve_2026_to_now,2026-10-09T14:05:20+00:00
CVE-2026-50330,updated,2026-10-08,cve_2026_to_now,2026-10-09T14:05:20+00:00
CVE-2026-50331,updated,2026-10-08,cve_2026_to_now,2026-10-09T14:05:20+00:00
CVE-2026-50332,updated,2026-10-08,cve_2026_to_now,2026-10-09T14:05:20+00:00
CVE-2026-50333,updated,2026-10-08,cve_2026_to_now,2026-10-09T14:05:20+00:00
CVE-2026-50334,updated,2026-10-08,cve_2026_to_now,2026-10-09T14:05:20+00:00
CVE-2026-50335,updated,2026-10-08,cve_2026_to_now,2026-10-09T14:05:20+00:00
CVE-2026-50336,updated,2026-10-08,cve_2026_to_now,2026-10-09T14:05:20+00:00
CVE-2026-50337,updated,2026-10-08,cve_2026_to_now,2026-10-09T14:05:20+00:00
CVE-2026-50338,updated,2026-10-08,cve_2026_to_now,2026-10-09T14:05:20+00:00
CVE-2026-50339,updated,2026-10-08,cve_2026_to_now,2026-10-09T14:05:20+00:00
CVE-2026-50340,updated,2026-10-08,cve_2026_to_now,2026-10-09T14:05:20+00:00
CVE-2026-50341,updated,2026-10-08,cve_2026_to_now,2026-10-09T14:05:20+00:00
CVE-2026-50342,updated,2026-10-08,cve_2026_to_now,2026-10-09T14:05:20+00:00
CVE-2026-50343,updated,2026-10-08,cve_2026_to_now,2026-10-09T14:05:20+00:00
CVE-2026-50344,updated,2026-10-08,cve_2026_to_now,2026-10-09T14:05:20+00:00
CVE-2026-50345,updated,2026-10-08,cve_2026_to_now,2026-10-09T14:05:20+00:00
CVE-2026-50346,updated,2026-10-08,cve_2026_to_now,2026-10-09T14:05:20+00:00
CVE-2026-50347,updated,2026-10-08,cve_2026_to_now,2026-10-09T14:05:20+00:00
CVE-2026-50348,updated,2026-10-08,cve_2026_to_now,2026-10-09T14:05:20+00:00
CVE-2026-50349,updated,2026-10-08,cve_2026_to_now,2026-10-09T14:05:20+00:00
CVE-2026-50350,updated,2026-10-08,cve_2026_to_now,2026-10-09T14:05:20+00:00
CVE-2026-50351,updated,2026-10-08,cve_2026_to_now,2026-10-09T14:05:20+00:00
CVE-2026-50352,updated,2026-10-08,cve_2026_to_now,2026-10-09T14:05:20+00:00
CVE-2026-50353,updated,2026-10-08,cve_2026_to_now,2026-10-09T14:05:20+00:00
CVE-2026-50354,updated,2026-10-08,cve_2026_to_now,2026-10-09T14:05:20+00:00
CVE-2026-50355,updated,2026-10-08,cve_2026_to_now,2026-10-09T14:05:20+00:00
CVE-2026-50356,updated,2026-10-08,cve_2026_to_now,2026-10-09T14:05:20+00:00
CVE-2026-50357,updated,2026-10-08,cve_2026_to_now,2026-10-09T14:05:20+00:00
CVE-2026-50358,updated,2026-10-08,cve_2026_to_now,2026-10-09T14:05:20+00:00
CVE-2026-50359,updated,2026-10-08,cve_2026_to_now,2026-10-09T14:05:20+00:00
CVE-2026-50360,updated,2026-10-08,cve_2026_to_now,2026-10-09T14:05:20+00:00
CVE-2026-50361,updated,2026-10-08,cve_2026_to_now,2026-10-09T14:05:20+00:00
CVE-2026-50362,updated,2026-10-08,cve_2026_to_now,2026-10-09T14:05:20+00:00
CVE-2026-50363,updated,2026-10-08,cve_2026_to_now,2026-10-09T14:05:20+00:00
CVE-2026-50364,updated,2026-10-08,cve_2026_to_now,2026-10-09T14:05:20+00:00
CVE-2026-50365,updated,2026-10-08,cve_2026_to_now,2026-10-09T14:05:20+00:00
CVE-2026-50366,updated,2026-10-08,cve_2026_to_now,2026-10-09T14:05:20+00:00
CVE-2026-50367,updated,2026-10-08,cve_2026_to_now,2026-10-09T14:05:20+00:00
CVE-2026-50368,updated,2026-10-08,cve_2026_to_now,2026-10-09T14:05:20+00:00
CVE-2026-50369,updated,2026-10-08,cve_2026_to_now,2026-10-09T14:05:20+00:00
CVE-2026-50370,updated,2026-10-08,cve_2026_to_now,2026-10-09T14:05:20+00:00
CVE-2026-50371,updated,2026-10-08,cve_2026_to_now,2026-10-09T14:05:20+00:00
CVE-2026-50372,updated,2026-10-08,cve_2026_to_now,2026-10-09T14:05:20+00:00
CVE-2026-50373,updated,2026-10-08,cve_2026_to_now,2026-10-09T14:05:20+00:00
CVE-2026-50374,updated,2026-10-08,cve_2026_to_now,2026-10-09T14:05:20+00:00
CVE-2026-50375,updated,2026-10-08,cve_2026_to_now,2026-10-09T14:05:20+00:00
CVE-2026-50376,updated,2026-10-08,cve_2026_to_now,2026-10-09T14:05:20+00:00
CVE-2026-50377,updated,2026-10-08,cve_2026_to_now,2026-10-09T14:05:20+00:00
CVE-2026-50378,updated,2026-10-08,cve_2026_to_now,2026-10-09T14:05:20+00:00
CVE-2026-50379,updated,2026-10-08,cve_2026_to_now,2026-10-09T14:05:20+00:00
CVE-2026-50380,updated,2026-10-08,cve_2026_to_now,2026-10-09T14:05:20+00:00
CVE-2026-50381,updated,2026-10-08,cve_2026_to_now,2026-10-09T14:05:20+00:00
CVE-2026-50382,updated,2026-10-08,cve_2026_to_now,2026-10-09T14:05:20+00:00
CVE-2026-50383,updated,2026-10-08,cve_2026_to_now,2026-10-09T14:05:20+00:00
CVE-2026-50384,updated,2026-10-08,cve_2026_to_now,2026-10-09T14:05:20+00:00
CVE-2026-50385,updated,2026-10-08,cve_2026_to_now,2026-10-09T14:05:20+00:00
CVE-2026-50386,updated,2026-10-08,cve_2026_to_now,2026-10-09T14:05:20+00:00
CVE-2026-50387,updated,2026-10-08,cve_2026_to_now,2026-10-09T14:05:20+00:00
CVE-2026-50388,updated,2026-10-08,cve_2026_to_now,2026-10-09T14:05:20+00:00
CVE-2026-50389,updated,2026-10-08,cve_2026_to_now,2026-10-09T14:05:20+00:00
CVE-2026-50390,updated,2026-10-08,cve_2026_to_now,2026-10-09T14:05:20+00:00
CVE-2026-50391,updated,2026-10-08,cve_2026_to_now,2026-10-09T14:05:20+00:00
CVE-2026-50392,updated,2026-10-08,cve_2026_to_now,2026-10-09T14:05:20+00:00
CVE-2026-50393,updated,2026-10-08,cve_2026_to_now,2026-10-09T14:05:20+00:00
CVE-2026-50394,updated,2026-10-08,cve_2026_to_now,2026-10-09T14:05:20+00:00
CVE-2026-50396,updated,2026-10-08,cve_2026_to_now,2026-10-09T14:05:20+00:00
CVE-2026-50397,updated,2026-10-08,cve_2026_to_now,2026-10-09T14:05:20+00:00
CVE-2026-50398,updated,2026-10-08,cve_2026_to_now,2026-10-09T14:05:20+00:00
CVE-2026-50399,updated,2026-10-08,cve_2026_to_now,2026-10-09T14:05:20+00:00
CVE-2026-50400,updated,2026-10-08,cve_2026_to_now,2026-10-09T14:05:20+00:00
CVE-2026-50401,updated,2026-10-08,cve_2026_to_now,2026-10-09T14:05:20+00:00
CVE-2026-50402,updated,2026-10-08,cve_2026_to_now,2026-10-09T14:05:20+00:00
CVE-2026-50403,updated,2026-10-08,cve_2026_to_now,2026-10-09T14:05:20+00:00
CVE-2026-50404,updated,2026-10-08,cve_2026_to_now,2026-10-09T14:05:20+00:00
CVE-2026-50405,updated,2026-10-08,cve_2026_to_now,2026-10-09T14:05:20+00:00
CVE-2026-50406,updated,2026-10-08,cve_2026_to_now,2026-10-09T14:05:20+00:00
CVE-2026-50407,updated,2026-10-08,cve_2026_to_now,2026-10-09T14:05:20+00:00
CVE-2026-50408,updated,2026-10-08,cve_2026_to_now,2026-10-09T14:05:20+00:00
CVE-2026-50409,updated,2026-10-08,cve_2026_to_now,2026-10-09T14:05:20+00:00
CVE-2026-50410,updated,2026-10-08,cve_2026_to_now,2026-10-09T14:05:20+00:00
CVE-2026-50411,updated,2026-10-08,cve_2026_to_now,2026-10-09T14:05:20+00:00
CVE-2026-50412,updated,2026-10-08,cve_2026_to_now,2026-10-09T14:05:20+00:00
CVE-2026-50413,updated,2026-10-08,cve_2026_to_now,2026-10-09T14:05:20+00:00
CVE-2026-50414,updated,2026-10-08,cve_2026_to_now,2026-10-09T14:05:20+00:00
CVE-2026-50415,updated,2026-10-08,cve_2026_to_now,2026-10-09T14:05:20+00:00
CVE-2026-50416,updated,2026-10-08,cve_2026_to_now,2026-10-09T14:05:20+00:00
CVE-2026-50417,updated,2026-10-08,cve_2026_to_now,2026-10-09T14:05:20+00:00
CVE-2026-50418,updated,2026-10-08,cve_2026_to_now,2026-10-09T14:05:20+00:00
CVE-2026-50419,updated,2026-10-08,cve_2026_to_now,2026-10-09T14:05:20+00:00
CVE-2026-50420,updated,2026-10-08,cve_2026_to_now,2026-10-09T14:05:20+00:00
CVE-2026-50421,updated,2026-10-08,cve_2026_to_now,2026-10-09T14:05:20+00:00
CVE-2026-50422,updated,2026-10-08,cve_2026_to_now,2026-10-09T14:05:20+00:00
CVE-2026-50423,updated,2026-10-08,cve_2026_to_now,2026-10-09T14:05:20+00:00
CVE-2026-50424,updated,2026-10-08,cve_2026_to_now,2026-10-09T14:05:20+00:00
CVE-2026-50425,updated,2026-10-08,cve_2026_to_now,2026-10-09T14:05:20+00:00
CVE-2026-50426,updated,2026-10-08,cve_2026_to_now,2026-10-09T14:05:20+00:00
CVE-2026-50427,updated,2026-10-08,cve_2026_to_now,2026-10-09T14:05:20+00:00
CVE-2026-50428,updated,2026-10-08,cve_2026_to_now,2026-10-09T14:05:20+00:00
CVE-2026-50429,updated,2026-10-08,cve_2026_to_now,2026-10-09T14:05:20+00:00
CVE-2026-50430,updated,2026-10-08,cve_2026_to_now,2026-10-09T14:05:20+00:00
CVE-2026-50431,updated,2026-10-08,cve_2026_to_now,2026-10-09T14:05:20+00:00
CVE-2026-50432,updated,2026-10-08,cve_2026_to_now,2026-10-09T14:05:20+00:00
CVE-2026-50433,updated,2026-10-08,cve_2026_to_now,2026-10-09T14:05:20+00:00
CVE-2026-50434,updated,2026-10-08,cve_2026_to_now,2026-10-09T14:05:20+00:00
CVE-2026-50435,updated,2026-10-08,cve_2026_to_now,2026-10-09T14:05:20+00:00
CVE-2026-50436,updated,2026-10-08,cve_2026_to_now,2026-10-09T14:05:20+00:00
CVE-2026-50437,updated,2026-10-08,cve_2026_to_now,2026-10-09T14:05:20+00:00
CVE-2026-50438,updated,2026-10-08,cve_2026_to_now,2026-10-09T14:05:20+00:00
CVE-2026-50439,updated,2026-10-08,cve_2026_to_now,2026-10-09T14:05:20+00:00
CVE-2026-50440,updated,2026-10-08,cve_2026_to_now,2026-10-09T14:05:20+00:00
CVE-2026-50441,updated,2026-10-08,cve_2026_to_now,2026-10-09T14:05:20+00:00
CVE-2026-50442,updated,2026-10-08,cve_2026_to_now,2026-10-09T14:05:20+00:00
CVE-2026-50444,updated,2026-10-08,cve_2026_to_now,2026-10-09T14:05:20+00:00
CVE-2026-50445,updated,2026-10-08,cve_2026_to_now,2026-10-09T14:05:20+00:00
CVE-2026-50447,updated,2026-10-08,cve_2026_to_now,2026-10-09T14:05:20+00:00
CVE-2026-50448,updated,2026-10-08,cve_2026_to_now,2026-10-09T14:05:20+00:00
CVE-2026-50449,updated,2026-10-08,cve_2026_to_now,2026-10-09T14:05:20+00:00
CVE-2026-50450,updated,2026-10-08,cve_2026_to_now,2026-10-09T14:05:20+00:00
CVE-2026-50451,updated,2026-10-08,cve_2026_to_now,2026-10-09T14:05:20+00:00
CVE-2026-50452,updated,2026-10-08,cve_2026_to_now,2026-10-09T14:05:20+00:00
CVE-2026-50453,updated,2026-10-08,cve_2026_to_now,2026-10-09T14:05:20+00:00
CVE-2026-50454,updated,2026-10-08,cve_2026_to_now,2026-10-09T14:05:20+00:00
CVE-2026-50455,updated,2026-10-08,cve_2026_to_now,2026-10-09T14:05:20+00:00
CVE-2026-50456,updated,2026-10-08,cve_2026_to_now,2026-10-09T14:05:20+00:00
CVE-2026-50457,updated,2026-10-08,cve_2026_to_now,2026-10-09T14:05:20+00:00
CVE-2026-50458,updated,2026-10-08,cve_2026_to_now,2026-10-09T14:05:20+00:00
CVE-2026-50459,updated,2026-10-08,cve_2026_to_now,2026-10-09T14:05:20+00:00
CVE-2026-50460,updated,2026-10-08,cve_2026_to_now,2026-10-09T14:05:20+00:00
CVE-2026-50461,updated,2026-10-08,cve_2026_to_now,2026-10-09T14:05:20+00:00
CVE-2026-50462,updated,2026-10-08,cve_2026_to_now,2026-10-09T14:05:20+00:00
CVE-2026-50463,updated,2026-10-08,cve_2026_to_now,2026-10-09T14:05:20+00:00
CVE-2026-50465,updated,2026-10-08,cve_2026_to_now,2026-10-09T14:05:20+00:00
CVE-2026-50466,updated,2026-10-08,cve_2026_to_now,2026-10-09T14:05:20+00:00
CVE-2026-50467,updated,2026-10-08,cve_2026_to_now,2026-10-09T14:05:20+00:00
CVE-2026-50468,updated,2026-10-08,cve_2026_to_now,2026-10-09T14:05:20+00:00
CVE-2026-50469,updated,2026-10-08,cve_2026_to_now,2026-10-09T14:05:20+00:00
CVE-2026-50470,updated,2026-10-08,cve_2026_to_now,2026-10-09T14:05:20+00:00
CVE-2026-50471,updated,2026-10-08,cve_2026_to_now,2026-10-09T14:05:20+00:00
CVE-2026-50472,updated,2026-10-08,cve_2026_to_now,2026-10-09T14:05:20+00:00
CVE-2026-50473,updated,2026-10-08,cve_2026_to_now,2026-10-09T14:05:20+00:00
CVE-2026-50474,updated,2026-10-08,cve_2026_to_now,2026-10-09T14:05:20+00:00
CVE-2026-50475,updated,2026-10-08,cve_2026_to_now,2026-10-09T14:05:20+00:00
CVE-2026-50476,updated,2026-10-08,cve_2026_to_now,2026-10-09T14:05:20+00:00
CVE-2026-50477,updated,2026-10-08,cve_2026_to_now,2026-10-09T14:05:20+00:00
CVE-2026-50478,updated,2026-10-08,cve_2026_to_now,2026-10-09T14:05:20+00:00
CVE-2026-50479,updated,2026-10-08,cve_2026_to_now,2026-10-09T14:05:20+00:00
CVE-2026-50480,updated,2026-10-08,cve_2026_to_now,2026-10-09T14:05:20+00:00
CVE-2026-50481,updated,2026-10-08,cve_2026_to_now,2026-10-09T14:05:20+00:00
CVE-2026-50482,updated,2026-10-08,cve_2026_to_now,2026-10-09T14:05:20+00:00
CVE-2026-50483,updated,2026-10-08,cve_2026_to_now,2026-10-09T14:05:20+00:00
CVE-2026-50484,updated,2026-10-08,cve_2026_to_now,2026-10-09T14:05:20+00:00
CVE-2026-50485,updated,2026-10-08,cve_2026_to_now,2026-10-09T14:05:20+00:00
CVE-2026-50486,updated,2026-10-08,cve_2026_to_now,2026-10-09T14:05:20+00:00
CVE-2026-50487,updated,2026-10-08,cve_2026_to_now,2026-10-09T14:05:20+00:00
CVE-2026-50488,updated,2026-10-08,cve_2026_to_now,2026-10-09T14:05:20+00:00
CVE-2026-50489,updated,2026-10-08,cve_2026_to_now,2026-10-09T14:05:20+00:00
CVE-2026-50490,updated,2026-10-08,cve_2026_to_now,2026-10-09T14:05:20+00:00
CVE-2026-50491,updated,2026-10-08,cve_2026_to_now,2026-10-09T14:05:20+00:00
CVE-2026-50492,updated,2026-10-08,cve_2026_to_now,2026-10-09T14:05:20+00:00
CVE-2026-50493,updated,2026-10-08,cve_2026_to_now,2026-10-09T14:05:20+00:00
CVE-2026-50494,updated,2026-10-08,cve_2026_to_now,2026-10-09T14:05:20+00:00
CVE-2026-50495,updated,2026-10-08,cve_2026_to_now,2026-10-09T14:05:20+00:00
CVE-2026-50496,updated,2026-10-08,cve_2026_to_now,2026-10-09T14:05:20+00:00
CVE-2026-50497,updated,2026-10-08,cve_2026_to_now,2026-10-09T14:05:20+00:00
CVE-2026-50498,updated,2026-10-08,cve_2026_to_now,2026-10-09T14:05:20+00:00
CVE-2026-50499,updated,2026-10-08,cve_2026_to_now,2026-10-09T14:05:20+00:00
CVE-2026-50500,updated,2026-10-08,cve_2026_to_now,2026-10-09T14:05:20+00:00
CVE-2026-50501,updated,2026-10-08,cve_2026_to_now,2026-10-09T14:05:20+00:00
CVE-2026-50502,updated,2026-10-08,cve_2026_to_now,2026-10-09T14:05:20+00:00
CVE-2026-50503,updated,2026-10-08,cve_2026_to_now,2026-10-09T14:05:20+00:00
CVE-2026-50504,updated,2026-10-08,cve_2026_to_now,2026-10-09T14:05:20+00:00
CVE-2026-50505,updated,2026-10-08,cve_2026_to_now,2026-10-09T14:05:20+00:00
CVE-2026-50506,updated,2026-10-08,cve_2026_to_now,2026-10-09T14:05:20+00:00
CVE-2026-50509,updated,2026-10-08,cve_2026_to_now,2026-10-09T14:05:20+00:00
CVE-2026-50510,updated,2026-10-08,cve_2026_to_now,2026-10-09T14:05:20+00:00
CVE-2026-50515,updated,2026-10-08,cve_2026_to_now,2026-10-09T14:05:20+00:00
CVE-2026-50516,updated,2026-10-08,cve_2026_to_now,2026-10-09T14:05:20+00:00
CVE-2026-50517,updated,2026-10-08,cve_2026_to_now,2026-10-09T14:05:20+00:00
CVE-2026-50518,updated,2026-10-08,cve_2026_to_now,2026-10-09T14:05:20+00:00
CVE-2026-50520,updated,2026-10-08,cve_2026_to_now,2026-10-09T14:05:20+00:00
CVE-2026-50522,updated,2026-10-08,cve_2026_to_now,2026-10-09T14:05:20+00:00
CVE-2026-50523,updated,2026-10-08,cve_2026_to_now,2026-10-09T14:05:20+00:00
CVE-2026-50524,updated,2026-10-08,cve_2026_to_now,2026-10-09T14:05:20+00:00
CVE-2026-50525,updated,2026-10-08,cve_2026_to_now,2026-10-09T14:05:20+00:00
CVE-2026-50526,updated,2026-10-08,cve_2026_to_now,2026-10-09T14:05:20+00:00
CVE-2026-50527,updated,2026-10-08,cve_2026_to_now,2026-10-09T14:05:20+00:00
CVE-2026-50528,updated,2026-10-08,cve_2026_to_now,2026-10-09T14:05:20+00:00
CVE-2026-50635,updated,2026-10-08,cve_2026_to_now,2026-10-09T14:05:20+00:00
CVE-2026-50636,updated,2026-10-08,cve_2026_to_now,2026-10-09T14:05:20+00:00
CVE-2026-50646,updated,2026-10-08,cve_2026_to_now,2026-10-09T14:05:20+00:00
CVE-2026-50647,updated,2026-10-08,cve_2026_to_now,2026-10-09T14:05:20+00:00
CVE-2026-50648,updated,2026-10-08,cve_2026_to_now,2026-10-09T14:05:20+00:00
CVE-2026-50649,updated,2026-10-08,cve_2026_to_now,2026-10-09T14:05:20+00:00
CVE-2026-50650,updated,2026-10-08,cve_2026_to_now,2026-10-09T14:05:20+00:00
CVE-2026-50651,updated,2026-10-08,cve_2026_to_now,2026-10-09T14:05:20+00:00
CVE-2026-50652,updated,2026-10-08,cve_2026_to_now,2026-10-09T14:05:20+00:00
CVE-2026-50653,updated,2026-10-08,cve_2026_to_now,2026-10-09T14:05:20+00:00
CVE-2026-50655,updated,2026-10-08,cve_2026_to_now,2026-10-09T14:05:20+00:00
CVE-2026-50657,updated,2026-10-08,cve_2026_to_now,2026-10-09T14:05:20+00:00
CVE-2026-50658,updated,2026-10-08,cve_2026_to_now,2026-10-09T14:05:20+00:00
CVE-2026-50659,updated,2026-10-08,cve_2026_to_now,2026-10-09T14:05:20+00:00
CVE-2026-50661,updated,2026-10-08,cve_2026_to_now,2026-10-09T14:05:20+00:00
CVE-2026-50663,updated,2026-10-08,cve_2026_to_now,2026-10-09T14:05:20+00:00
CVE-2026-50665,updated,2026-10-08,cve_2026_to_now,2026-10-09T14:05:20+00:00
CVE-2026-50666,updated,2026-10-08,cve_2026_to_now,2026-10-09T14:05:20+00:00
CVE-2026-50667,updated,2026-10-08,cve_2026_to_now,2026-10-09T14:05:20+00:00
CVE-2026-50668,updated,2026-10-08,cve_2026_to_now,2026-10-09T14:05:20+00:00
CVE-2026-50669,updated,2026-10-08,cve_2026_to_now,2026-10-09T14:05:20+00:00
CVE-2026-50670,updated,2026-10-08,cve_2026_to_now,2026-10-09T14:05:20+00:00
CVE-2026-50672,updated,2026-10-08,cve_2026_to_now,2026-10-09T14:05:20+00:00
CVE-2026-50673,updated,2026-10-08,cve_2026_to_now,2026-10-09T14:05:20+00:00
CVE-2026-50674,updated,2026-10-08,cve_2026_to_now,2026-10-09T14:05:20+00:00
CVE-2026-50675,updated,2026-10-08,cve_2026_to_now,2026-10-09T14:05:20+00:00
CVE-2026-50676,updated,2026-10-08,cve_2026_to_now,2026-10-09T14:05:20+00:00
CVE-2026-50677,updated,2026-10-08,cve_2026_to_now,2026-10-09T14:05:20+00:00
CVE-2026-50678,updated,2026-10-08,cve_2026_to_now,2026-10-09T14:05:20+00:00
CVE-2026-50679,updated,2026-10-08,cve_2026_to_now,2026-10-09T14:05:20+00:00
CVE-2026-50680,updated,2026-10-08,cve_2026_to_now,2026-10-09T14:05:20+00:00
CVE-2026-50681,updated,2026-10-08,cve_2026_to_now,2026-10-09T14:05:20+00:00
CVE-2026-50682,updated,2026-10-08,cve_2026_to_now,2026-10-09T14:05:20+00:00
CVE-2026-50683,updated,2026-10-08,cve_2026_to_now,2026-10-09T14:05:20+00:00
CVE-2026-50684,updated,2026-10-08,cve_2026_to_now,2026-10-09T14:05:20+00:00
CVE-2026-50685,updated,2026-10-08,cve_2026_to_now,2026-10-09T14:05:20+00:00
CVE-2026-50686,updated,2026-10-08,cve_2026_to_now,2026-10-09T14:05:20+00:00
CVE-2026-50687,updated,2026-10-08,cve_2026_to_now,2026-10-09T14:05:20+00:00
CVE-2026-50688,updated,2026-10-08,cve_2026_to_now,2026-10-09T14:05:20+00:00
CVE-2026-50689,updated,2026-10-08,cve_2026_to_now,2026-10-09T14:05:20+00:00
CVE-2026-50690,updated,2026-10-08,cve_2026_to_now,2026-10-09T14:05:20+00:00
CVE-2026-50692,updated,2026-10-08,cve_2026_to_now,2026-10-09T14:05:20+00:00
CVE-2026-50694,updated,2026-10-08,cve_2026_to_now,2026-10-09T14:05:20+00:00
CVE-2026-50695,updated,2026-10-08,cve_2026_to_now,2026-10-09T14:05:20+00:00
CVE-2026-50696,updated,2026-10-08,cve_2026_to_now,2026-10-09T14:05:20+00:00
CVE-2026-50697,updated,2026-10-08,cve_2026_to_now,2026-10-09T14:05:20+00:00
CVE-2026-53673,updated,2026-10-08,cve_2026_to_now,2026-10-09T14:05:20+00:00
CVE-2026-53675,updated,2026-10-08,cve_2026_to_now,2026-10-09T14:05:20+00:00
CVE-2026-53781,updated,2026-10-08,cve_2026_to_now,2026-10-09T14:05:20+00:00
CVE-2026-53782,updated,2026-10-08,cve_2026_to_now,2026-10-09T14:05:20+00:00
CVE-2026-53833,updated,2026-10-08,cve_2026_to_now,2026-10-09T14:05:20+00:00
CVE-2026-53839,updated,2026-10-08,cve_2026_to_now,2026-10-09T14:05:20+00:00
CVE-2026-53869,updated,2026-10-08,cve_2026_to_now,2026-10-09T14:05:20+00:00
CVE-2026-53870,updated,2026-10-08,cve_2026_to_now,2026-10-09T14:05:20+00:00
CVE-2026-54107,updated,2026-10-08,cve_2026_to_now,2026-10-09T14:05:20+00:00
CVE-2026-54108,updated,2026-10-08,cve_2026_to_now,2026-10-09T14:05:20+00:00
CVE-2026-54109,updated,2026-10-08,cve_2026_to_now,2026-10-09T14:05:20+00:00
CVE-2026-54111,updated,2026-10-08,cve_2026_to_now,2026-10-09T14:05:20+00:00
CVE-2026-54112,updated,2026-10-08,cve_2026_to_now,2026-10-09T14:05:20+00:00
CVE-2026-54113,updated,2026-10-08,cve_2026_to_now,2026-10-09T14:05:20+00:00
CVE-2026-54114,updated,2026-10-08,cve_2026_to_now,2026-10-09T14:05:20+00:00
CVE-2026-54115,updated,2026-10-08,cve_2026_to_now,2026-10-09T14:05:20+00:00
CVE-2026-54116,updated,2026-10-08,cve_2026_to_now,2026-10-09T14:05:20+00:00
CVE-2026-54117,updated,2026-10-08,cve_2026_to_now,2026-10-09T14:05:20+00:00
CVE-2026-54118,updated,2026-10-08,cve_2026_to_now,2026-10-09T14:05:20+00:00
CVE-2026-54119,updated,2026-10-08,cve_2026_to_now,2026-10-09T14:05:20+00:00
CVE-2026-54120,updated,2026-10-08,cve_2026_to_now,2026-10-09T14:05:20+00:00
CVE-2026-54121,updated,2026-10-08,cve_2026_to_now,2026-10-09T14:05:20+00:00
CVE-2026-54122,updated,2026-10-08,cve_2026_to_now,2026-10-09T14:05:20+00:00
CVE-2026-54123,updated,2026-10-08,cve_2026_to_now,2026-10-09T14:05:20+00:00
CVE-2026-54124,updated,2026-10-08,cve_2026_to_now,2026-10-09T14:05:20+00:00
CVE-2026-54125,updated,2026-10-08,cve_2026_to_now,2026-10-09T14:05:20+00:00
CVE-2026-54126,updated,2026-10-08,cve_2026_to_now,2026-10-09T14:05:20+00:00
CVE-2026-54127,updated,2026-10-08,cve_2026_to_now,2026-10-09T14:05:20+00:00
CVE-2026-54128,updated,2026-10-08,cve_2026_to_now,2026-10-09T14:05:20+00:00
CVE-2026-54129,updated,2026-10-08,cve_2026_to_now,2026-10-09T14:05:20+00:00
CVE-2026-54131,updated,2026-10-08,cve_2026_to_now,2026-10-09T14:05:20+00:00
CVE-2026-54132,updated,2026-10-08,cve_2026_to_now,2026-10-09T14:05:20+00:00
CVE-2026-54386,updated,2026-10-08,cve_2026_to_now,2026-10-09T14:05:20+00:00
CVE-2026-54981,updated,2026-10-08,cve_2026_to_now,2026-10-09T14:05:20+00:00
CVE-2026-54982,updated,2026-10-08,cve_2026_to_now,2026-10-09T14:05:20+00:00
CVE-2026-54983,updated,2026-10-08,cve_2026_to_now,2026-10-09T14:05:20+00:00
CVE-2026-54984,updated,2026-10-08,cve_2026_to_now,2026-10-09T14:05:20+00:00
CVE-2026-54986,updated,2026-10-08,cve_2026_to_now,2026-10-09T14:05:20+00:00
CVE-2026-54987,updated,2026-10-08,cve_2026_to_now,2026-10-09T14:05:20+00:00
CVE-2026-54988,updated,2026-10-08,cve_2026_to_now,2026-10-09T14:05:20+00:00
CVE-2026-54989,updated,2026-10-08,cve_2026_to_now,2026-10-09T14:05:20+00:00
CVE-2026-54990,updated,2026-10-08,cve_2026_to_now,2026-10-09T14:05:20+00:00
CVE-2026-54991,updated,2026-10-08,cve_2026_to_now,2026-10-09T14:05:20+00:00
CVE-2026-54992,updated,2026-10-08,cve_2026_to_now,2026-10-09T14:05:20+00:00
CVE-2026-54993,updated,2026-10-08,cve_2026_to_now,2026-10-09T14:05:20+00:00
CVE-2026-54995,updated,2026-10-08,cve_2026_to_now,2026-10-09T14:05:20+00:00
CVE-2026-54996,updated,2026-10-08,cve_2026_to_now,2026-10-09T14:05:20+00:00
CVE-2026-54997,updated,2026-10-08,cve_2026_to_now,2026-10-09T14:05:20+00:00
CVE-2026-54998,updated,2026-10-08,cve_2026_to_now,2026-10-09T14:05:20+00:00
CVE-2026-54999,updated,2026-10-08,cve_2026_to_now,2026-10-09T14:05:20+00:00
CVE-2026-55000,updated,2026-10-08,cve_2026_to_now,2026-10-09T14:05:20+00:00
CVE-2026-55001,updated,2026-10-08,cve_2026_to_now,2026-10-09T14:05:20+00:00
CVE-2026-55002,updated,2026-10-08,cve_2026_to_now,2026-10-09T14:05:20+00:00
CVE-2026-55003,updated,2026-10-08,cve_2026_to_now,2026-10-09T14:05:20+00:00
CVE-2026-55004,updated,2026-10-08,cve_2026_to_now,2026-10-09T14:05:20+00:00
CVE-2026-55005,updated,2026-10-08,cve_2026_to_now,2026-10-09T14:05:20+00:00
CVE-2026-55006,updated,2026-10-08,cve_2026_to_now,2026-10-09T14:05:20+00:00
CVE-2026-55007,updated,2026-10-08,cve_2026_to_now,2026-10-09T14:05:20+00:00
CVE-2026-55008,updated,2026-10-08,cve_2026_to_now,2026-10-09T14:05:20+00:00
CVE-2026-55009,updated,2026-10-08,cve_2026_to_now,2026-10-09T14:05:20+00:00
CVE-2026-55010,updated,2026-10-08,cve_2026_to_now,2026-10-09T14:05:20+00:00
CVE-2026-55011,updated,2026-10-08,cve_2026_to_now,2026-10-09T14:05:20+00:00
CVE-2026-55012,updated,2026-10-08,cve_2026_to_now,2026-10-09T14:05:20+00:00
CVE-2026-55013,updated,2026-10-08,cve_2026_to_now,2026-10-09T14:05:20+00:00
CVE-2026-55014,updated,2026-10-08,cve_2026_to_now,2026-10-09T14:05:20+00:00
CVE-2026-55015,updated,2026-10-08,cve_2026_to_now,2026-10-09T14:05:20+00:00
CVE-2026-55016,updated,2026-10-08,cve_2026_to_now,2026-10-09T14:05:20+00:00
CVE-2026-55017,updated,2026-10-08,cve_2026_to_now,2026-10-09T14:05:20+00:00
CVE-2026-55018,updated,2026-10-08,cve_2026_to_now,2026-10-09T14:05:20+00:00
CVE-2026-55019,updated,2026-10-08,cve_2026_to_now,2026-10-09T14:05:20+00:00
CVE-2026-55020,updated,2026-10-08,cve_2026_to_now,2026-10-09T14:05:20+00:00
CVE-2026-55021,updated,2026-10-08,cve_2026_to_now,2026-10-09T14:05:20+00:00
CVE-2026-55022,updated,2026-10-08,cve_2026_to_now,2026-10-09T14:05:20+00:00
CVE-2026-55023,updated,2026-10-08,cve_2026_to_now,2026-10-09T14:05:20+00:00
CVE-2026-55024,updated,2026-10-08,cve_2026_to_now,2026-10-09T14:05:20+00:00
CVE-2026-55025,updated,2026-10-08,cve_2026_to_now,2026-10-09T14:05:20+00:00
CVE-2026-55026,updated,2026-10-08,cve_2026_to_now,2026-10-09T14:05:20+00:00
CVE-2026-55027,updated,2026-10-08,cve_2026_to_now,2026-10-09T14:05:20+00:00
CVE-2026-55028,updated,2026-10-08,cve_2026_to_now,2026-10-09T14:05:20+00:00
CVE-2026-55029,updated,2026-10-08,cve_2026_to_now,2026-10-09T14:05:20+00:00
CVE-2026-55030,updated,2026-10-08,cve_2026_to_now,2026-10-09T14:05:20+00:00
CVE-2026-55031,updated,2026-10-08,cve_2026_to_now,2026-10-09T14:05:20+00:00
CVE-2026-55032,updated,2026-10-08,cve_2026_to_now,2026-10-09T14:05:20+00:00
CVE-2026-55033,updated,2026-10-08,cve_2026_to_now,2026-10-09T14:05:20+00:00
CVE-2026-55034,updated,2026-10-08,cve_2026_to_now,2026-10-09T14:05:20+00:00
CVE-2026-55035,updated,2026-10-08,cve_2026_to_now,2026-10-09T14:05:20+00:00
CVE-2026-55036,updated,2026-10-08,cve_2026_to_now,2026-10-09T14:05:20+00:00
CVE-2026-55037,updated,2026-10-08,cve_2026_to_now,2026-10-09T14:05:20+00:00
CVE-2026-55038,updated,2026-10-08,cve_2026_to_now,2026-10-09T14:05:20+00:00
CVE-2026-55039,updated,2026-10-08,cve_2026_to_now,2026-10-09T14:05:20+00:00
CVE-2026-55040,updated,2026-10-08,cve_2026_to_now,2026-10-09T14:05:20+00:00
CVE-2026-55041,updated,2026-10-08,cve_2026_to_now,2026-10-09T14:05:20+00:00
CVE-2026-55042,updated,2026-10-08,cve_2026_to_now,2026-10-09T14:05:20+00:00
CVE-2026-55043,updated,2026-10-08,cve_2026_to_now,2026-10-09T14:05:20+00:00
CVE-2026-55044,updated,2026-10-08,cve_2026_to_now,2026-10-09T14:05:20+00:00
CVE-2026-55045,updated,2026-10-08,cve_2026_to_now,2026-10-09T14:05:20+00:00
CVE-2026-55046,updated,2026-10-08,cve_2026_to_now,2026-10-09T14:05:20+00:00
CVE-2026-55047,updated,2026-10-08,cve_2026_to_now,2026-10-09T14:05:20+00:00
CVE-2026-55048,updated,2026-10-08,cve_2026_to_now,2026-10-09T14:05:20+00:00
CVE-2026-55049,updated,2026-10-08,cve_2026_to_now,2026-10-09T14:05:20+00:00
CVE-2026-55050,updated,2026-10-08,cve_2026_to_now,2026-10-09T14:05:20+00:00
CVE-2026-55051,updated,2026-10-08,cve_2026_to_now,2026-10-09T14:05:20+00:00
CVE-2026-55052,updated,2026-10-08,cve_2026_to_now,2026-10-09T14:05:20+00:00
CVE-2026-55053,updated,2026-10-08,cve_2026_to_now,2026-10-09T14:05:20+00:00
CVE-2026-55054,updated,2026-10-08,cve_2026_to_now,2026-10-09T14:05:20+00:00
CVE-2026-55055,updated,2026-10-08,cve_2026_to_now,2026-10-09T14:05:20+00:00
CVE-2026-55056,updated,2026-10-08,cve_2026_to_now,2026-10-09T14:05:20+00:00
CVE-2026-55057,updated,2026-10-08,cve_2026_to_now,2026-10-09T14:05:20+00:00
CVE-2026-55058,updated,2026-10-08,cve_2026_to_now,2026-10-09T14:05:20+00:00
CVE-2026-55120,updated,2026-10-08,cve_2026_to_now,2026-10-09T14:05:20+00:00
CVE-2026-55121,updated,2026-10-08,cve_2026_to_now,2026-10-09T14:05:20+00:00
CVE-2026-55122,updated,2026-10-08,cve_2026_to_now,2026-10-09T14:05:20+00:00
CVE-2026-55123,updated,2026-10-08,cve_2026_to_now,2026-10-09T14:05:20+00:00
CVE-2026-55124,updated,2026-10-08,cve_2026_to_now,2026-10-09T14:05:20+00:00
CVE-2026-55125,updated,2026-10-08,cve_2026_to_now,2026-10-09T14:05:20+00:00
CVE-2026-55126,updated,2026-10-08,cve_2026_to_now,2026-10-09T14:05:20+00:00
CVE-2026-55127,updated,2026-10-08,cve_2026_to_now,2026-10-09T14:05:20+00:00
CVE-2026-55128,updated,2026-10-08,cve_2026_to_now,2026-10-09T14:05:20+00:00
CVE-2026-55129,updated,2026-10-08,cve_2026_to_now,2026-10-09T14:05:20+00:00
CVE-2026-55130,updated,2026-10-08,cve_2026_to_now,2026-10-09T14:05:20+00:00
CVE-2026-55131,updated,2026-10-08,cve_2026_to_now,2026-10-09T14:05:20+00:00
CVE-2026-55132,updated,2026-10-08,cve_2026_to_now,2026-10-09T14:05:20+00:00
CVE-2026-55133,updated,2026-10-08,cve_2026_to_now,2026-10-09T14:05:20+00:00
CVE-2026-55134,updated,2026-10-08,cve_2026_to_now,2026-10-09T14:05:20+00:00
CVE-2026-55135,updated,2026-10-08,cve_2026_to_now,2026-10-09T14:05:20+00:00
CVE-2026-55136,updated,2026-10-08,cve_2026_to_now,2026-10-09T14:05:20+00:00
CVE-2026-55137,updated,2026-10-08,cve_2026_to_now,2026-10-09T14:05:20+00:00
CVE-2026-55138,updated,2026-10-08,cve_2026_to_now,2026-10-09T14:05:20+00:00
CVE-2026-55139,updated,2026-10-08,cve_2026_to_now,2026-10-09T14:05:20+00:00
CVE-2026-55140,updated,2026-10-08,cve_2026_to_now,2026-10-09T14:05:20+00:00
CVE-2026-55141,updated,2026-10-08,cve_2026_to_now,2026-10-09T14:05:20+00:00
CVE-2026-55142,updated,2026-10-08,cve_2026_to_now,2026-10-09T14:05:20+00:00
CVE-2026-55144,updated,2026-10-08,cve_2026_to_now,2026-10-09T14:05:20+00:00
CVE-2026-55145,updated,2026-10-08,cve_2026_to_now,2026-10-09T14:05:20+00:00
CVE-2026-55898,updated,2026-10-08,cve_2026_to_now,2026-10-09T14:05:20+00:00
CVE-2026-55899,updated,2026-10-08,cve_2026_to_now,2026-10-09T14:05:20+00:00
CVE-2026-55944,updated,2026-10-08,cve_2026_to_now,2026-10-09T14:05:20+00:00
CVE-2026-55945,updated,2026-10-08,cve_2026_to_now,2026-10-09T14:05:20+00:00
CVE-2026-55946,updated,2026-10-08,cve_2026_to_now,2026-10-09T14:05:20+00:00
CVE-2026-55947,updated,2026-10-08,cve_2026_to_now,2026-10-09T14:05:20+00:00
CVE-2026-55948,updated,2026-10-08,cve_2026_to_now,2026-10-09T14:05:20+00:00
CVE-2026-55949,updated,2026-10-08,cve_2026_to_now,2026-10-09T14:05:20+00:00
CVE-2026-56074,updated,2026-10-08,cve_2026_to_now,2026-10-09T14:05:20+00:00
CVE-2026-56075,updated,2026-10-08,cve_2026_to_now,2026-10-09T14:05:20+00:00
CVE-2026-56076,updated,2026-10-08,cve_2026_to_now,2026-10-09T14:05:20+00:00
CVE-2026-56104,updated,2026-10-08,cve_2026_to_now,2026-10-09T14:05:20+00:00
CVE-2026-56155,updated,2026-10-08,cve_2026_to_now,2026-10-09T14:05:20+00:00
CVE-2026-56156,updated,2026-10-08,cve_2026_to_now,2026-10-09T14:05:20+00:00
CVE-2026-56157,updated,2026-10-08,cve_2026_to_now,2026-10-09T14:05:20+00:00
CVE-2026-56159,updated,2026-10-08,cve_2026_to_now,2026-10-09T14:05:20+00:00
CVE-2026-56160,updated,2026-10-08,cve_2026_to_now,2026-10-09T14:05:20+00:00
CVE-2026-56161,updated,2026-10-08,cve_2026_to_now,2026-10-09T14:05:20+00:00
CVE-2026-56162,updated,2026-10-08,cve_2026_to_now,2026-10-09T14:05:20+00:00
CVE-2026-56163,updated,2026-10-08,cve_2026_to_now,2026-10-09T14:05:20+00:00
CVE-2026-56164,updated,2026-10-08,cve_2026_to_now,2026-10-09T14:05:20+00:00
CVE-2026-56165,updated,2026-10-08,cve_2026_to_now,2026-10-09T14:05:20+00:00
CVE-2026-56167,updated,2026-10-08,cve_2026_to_now,2026-10-09T14:05:20+00:00
CVE-2026-56168,updated,2026-10-08,cve_2026_to_now,2026-10-09T14:05:20+00:00
CVE-2026-56169,updated,2026-10-08,cve_2026_to_now,2026-10-09T14:05:20+00:00
CVE-2026-56170,updated,2026-10-08,cve_2026_to_now,2026-10-09T14:05:20+00:00
CVE-2026-56171,updated,2026-10-08,cve_2026_to_now,2026-10-09T14:05:20+00:00
CVE-2026-56172,updated,2026-10-08,cve_2026_to_now,2026-10-09T14:05:20+00:00
CVE-2026-56173,updated,2026-10-08,cve_2026_to_now,2026-10-09T14:05:20+00:00
CVE-2026-56174,updated,2026-10-08,cve_2026_to_now,2026-10-09T14:05:20+00:00
CVE-2026-56175,updated,2026-10-08,cve_2026_to_now,2026-10-09T14:05:20+00:00
CVE-2026-56176,updated,2026-10-08,cve_2026_to_now,2026-10-09T14:05:20+00:00
CVE-2026-56177,updated,2026-10-08,cve_2026_to_now,2026-10-09T14:05:20+00:00
CVE-2026-56178,updated,2026-10-08,cve_2026_to_now,2026-10-09T14:05:20+00:00
CVE-2026-56179,updated,2026-10-08,cve_2026_to_now,2026-10-09T14:05:20+00:00
CVE-2026-56181,updated,2026-10-08,cve_2026_to_now,2026-10-09T14:05:20+00:00
CVE-2026-56182,updated,2026-10-08,cve_2026_to_now,2026-10-09T14:05:20+00:00
CVE-2026-56183,updated,2026-10-08,cve_2026_to_now,2026-10-09T14:05:20+00:00
CVE-2026-56184,updated,2026-10-08,cve_2026_to_now,2026-10-09T14:05:20+00:00
CVE-2026-56185,updated,2026-10-08,cve_2026_to_now,2026-10-09T14:05:20+00:00
CVE-2026-56186,updated,2026-10-08,cve_2026_to_now,2026-10-09T14:05:20+00:00
CVE-2026-56187,updated,2026-10-08,cve_2026_to_now,2026-10-09T14:05:20+00:00
CVE-2026-56188,updated,2026-10-08,cve_2026_to_now,2026-10-09T14:05:20+00:00
CVE-2026-56189,updated,2026-10-08,cve_2026_to_now,2026-10-09T14:05:20+00:00
CVE-2026-56190,updated,2026-10-08,cve_2026_to_now,2026-10-09T14:05:20+00:00
CVE-2026-56191,updated,2026-10-08,cve_2026_to_now,2026-10-09T14:05:20+00:00
CVE-2026-56192,updated,2026-10-08,cve_2026_to_now,2026-10-09T14:05:20+00:00
CVE-2026-56193,updated,2026-10-08,cve_2026_to_now,2026-10-09T14:05:20+00:00
CVE-2026-56194,updated,2026-10-08,cve_2026_to_now,2026-10-09T14:05:20+00:00
CVE-2026-56195,updated,2026-10-08,cve_2026_to_now,2026-10-09T14:05:20+00:00
CVE-2026-56196,updated,2026-10-08,cve_2026_to_now,2026-10-09T14:05:20+00:00
CVE-2026-56197,updated,2026-10-08,cve_2026_to_now,2026-10-09T14:05:20+00:00
CVE-2026-56198,updated,2026-10-08,cve_2026_to_now,2026-10-09T14:05:20+00:00
CVE-2026-56228,updated,2026-10-08,cve_2026_to_now,2026-10-09T14:05:20+00:00
CVE-2026-56236,updated,2026-10-08,cve_2026_to_now,2026-10-09T14:05:20+00:00
CVE-2026-56254,updated,2026-10-08,cve_2026_to_now,2026-10-09T14:05:20+00:00
CVE-2026-56294,updated,2026-10-08,cve_2026_to_now,2026-10-09T14:05:20+00:00
CVE-2026-56332,updated,2026-10-08,cve_2026_to_now,2026-10-09T14:05:20+00:00
CVE-2026-56397,updated,2026-10-08,cve_2026_to_now,2026-10-09T14:05:20+00:00
CVE-2026-56642,updated,2026-10-08,cve_2026_to_now,2026-10-09T14:05:20+00:00
CVE-2026-56643,updated,2026-10-08,cve_2026_to_now,2026-10-09T14:05:20+00:00
CVE-2026-56644,updated,2026-10-08,cve_2026_to_now,2026-10-09T14:05:20+00:00
CVE-2026-56645,updated,2026-10-08,cve_2026_to_now,2026-10-09T14:05:20+00:00
CVE-2026-56646,updated,2026-10-08,cve_2026_to_now,2026-10-09T14:05:20+00:00
CVE-2026-56647,updated,2026-10-08,cve_2026_to_now,2026-10-09T14:05:20+00:00
CVE-2026-56648,updated,2026-10-08,cve_2026_to_now,2026-10-09T14:05:20+00:00
CVE-2026-56649,updated,2026-10-08,cve_2026_to_now,2026-10-09T14:05:20+00:00
CVE-2026-56650,updated,2026-10-08,cve_2026_to_now,2026-10-09T14:05:20+00:00
CVE-2026-56700,updated,2026-10-08,cve_2026_to_now,2026-10-09T14:05:20+00:00
CVE-2026-56701,updated,2026-10-08,cve_2026_to_now,2026-10-09T14:05:20+00:00
CVE-2026-56784,updated,2026-10-08,cve_2026_to_now,2026-10-09T14:05:20+00:00
CVE-2026-56857,added,,cve_2026_to_now,2026-10-09T14:05:20+00:00
CVE-2026-56866,added,,cve_2026_to_now,2026-10-09T14:05:20+00:00
CVE-2026-57083,updated,2026-10-08,cve_2026_to_now,2026-10-09T14:05:20+00:00
CVE-2026-57084,updated,2026-10-08,cve_2026_to_now,2026-10-09T14:05:20+00:00
CVE-2026-57085,updated,2026-10-08,cve_2026_to_now,2026-10-09T14:05:20+00:00
CVE-2026-57087,updated,2026-10-08,cve_2026_to_now,2026-10-09T14:05:20+00:00
CVE-2026-57088,updated,2026-10-08,cve_2026_to_now,2026-10-09T14:05:20+00:00
CVE-2026-57089,updated,2026-10-08,cve_2026_to_now,2026-10-09T14:05:20+00:00
CVE-2026-57090,updated,2026-10-08,cve_2026_to_now,2026-10-09T14:05:20+00:00
CVE-2026-57091,updated,2026-10-08,cve_2026_to_now,2026-10-09T14:05:20+00:00
CVE-2026-57092,updated,2026-10-08,cve_2026_to_now,2026-10-09T14:05:20+00:00
CVE-2026-57093,updated,2026-10-08,cve_2026_to_now,2026-10-09T14:05:20+00:00
CVE-2026-57094,updated,2026-10-08,cve_2026_to_now,2026-10-09T14:05:20+00:00
CVE-2026-57095,updated,2026-10-08,cve_2026_to_now,2026-10-09T14:05:20+00:00
CVE-2026-57096,updated,2026-10-08,cve_2026_to_now,2026-10-09T14:05:20+00:00
CVE-2026-57097,updated,2026-10-08,cve_2026_to_now,2026-10-09T14:05:20+00:00
CVE-2026-57098,updated,2026-10-08,cve_2026_to_now,2026-10-09T14:05:20+00:00
CVE-2026-57099,updated,2026-10-08,cve_2026_to_now,2026-10-09T14:05:20+00:00
CVE-2026-57100,updated,2026-10-08,cve_2026_to_now,2026-10-09T14:05:20+00:00
CVE-2026-57101,updated,2026-10-08,cve_2026_to_now,2026-10-09T14:05:20+00:00
CVE-2026-57102,updated,2026-10-08,cve_2026_to_now,2026-10-09T14:05:20+00:00
CVE-2026-57104,updated,2026-10-08,cve_2026_to_now,2026-10-09T14:05:20+00:00
CVE-2026-57105,updated,2026-10-08,cve_2026_to_now,2026-10-09T14:05:20+00:00
CVE-2026-57106,updated,2026-10-08,cve_2026_to_now,2026-10-09T14:05:20+00:00
CVE-2026-57107,updated,2026-10-08,cve_2026_to_now,2026-10-09T14:05:20+00:00
CVE-2026-57108,updated,2026-10-08,cve_2026_to_now,2026-10-09T14:05:20+00:00
CVE-2026-57516,updated,2026-10-08,cve_2026_to_now,2026-10-09T14:05:20+00:00
CVE-2026-57968,updated,2026-10-08,cve_2026_to_now,2026-10-09T14:05:20+00:00
CVE-2026-57969,updated,2026-10-08,cve_2026_to_now,2026-10-09T14:05:20+00:00
CVE-2026-57973,updated,2026-10-08,cve_2026_to_now,2026-10-09T14:05:20+00:00
CVE-2026-57974,updated,2026-10-08,cve_2026_to_now,2026-10-09T14:05:20+00:00
CVE-2026-57975,updated,2026-10-08,cve_2026_to_now,2026-10-09T14:05:20+00:00
CVE-2026-57976,updated,2026-10-08,cve_2026_to_now,2026-10-09T14:05:20+00:00
CVE-2026-57977,updated,2026-10-08,cve_2026_to_now,2026-10-09T14:05:20+00:00
CVE-2026-57978,updated,2026-10-08,cve_2026_to_now,2026-10-09T14:05:20+00:00
CVE-2026-57979,updated,2026-10-08,cve_2026_to_now,2026-10-09T14:05:20+00:00
CVE-2026-57980,updated,2026-10-08,cve_2026_to_now,2026-10-09T14:05:20+00:00
CVE-2026-57981,updated,2026-10-08,cve_2026_to_now,2026-10-09T14:05:20+00:00
CVE-2026-57982,updated,2026-10-08,cve_2026_to_now,2026-10-09T14:05:20+00:00
CVE-2026-57983,updated,2026-10-08,cve_2026_to_now,2026-10-09T14:05:20+00:00
CVE-2026-57984,updated,2026-10-08,cve_2026_to_now,2026-10-09T14:05:20+00:00
CVE-2026-57985,updated,2026-10-08,cve_2026_to_now,2026-10-09T14:05:20+00:00
CVE-2026-57986,updated,2026-10-08,cve_2026_to_now,2026-10-09T14:05:20+00:00
CVE-2026-57987,updated,2026-10-08,cve_2026_to_now,2026-10-09T14:05:20+00:00
CVE-2026-57988,updated,2026-10-08,cve_2026_to_now,2026-10-09T14:05:20+00:00
CVE-2026-57989,updated,2026-10-08,cve_2026_to_now,2026-10-09T14:05:20+00:00
CVE-2026-57990,updated,2026-10-08,cve_2026_to_now,2026-10-09T14:05:20+00:00
CVE-2026-57991,updated,2026-10-08,cve_2026_to_now,2026-10-09T14:05:20+00:00
CVE-2026-57992,updated,2026-10-08,cve_2026_to_now,2026-10-09T14:05:20+00:00
CVE-2026-57993,updated,2026-10-08,cve_2026_to_now,2026-10-09T14:05:20+00:00
CVE-2026-58014,updated,2026-10-09,cve_2026_to_now,2026-10-09T14:05:20+00:00
CVE-2026-58015,updated,2026-10-09,cve_2026_to_now,2026-10-09T14:05:20+00:00
CVE-2026-58275,updated,2026-10-08,cve_2026_to_now,2026-10-09T14:05:20+00:00
CVE-2026-58276,updated,2026-10-08,cve_2026_to_now,2026-10-09T14:05:20+00:00
CVE-2026-58277,updated,2026-10-08,cve_2026_to_now,2026-10-09T14:05:20+00:00
CVE-2026-58278,updated,2026-10-08,cve_2026_to_now,2026-10-09T14:05:20+00:00
CVE-2026-58279,updated,2026-10-08,cve_2026_to_now,2026-10-09T14:05:20+00:00
CVE-2026-58281,updated,2026-10-08,cve_2026_to_now,2026-10-09T14:05:20+00:00
CVE-2026-58282,updated,2026-10-08,cve_2026_to_now,2026-10-09T14:05:20+00:00
CVE-2026-58283,updated,2026-10-08,cve_2026_to_now,2026-10-09T14:05:20+00:00
CVE-2026-58284,updated,2026-10-08,cve_2026_to_now,2026-10-09T14:05:20+00:00
CVE-2026-58285,updated,2026-10-08,cve_2026_to_now,2026-10-09T14:05:20+00:00
CVE-2026-58286,updated,2026-10-08,cve_2026_to_now,2026-10-09T14:05:20+00:00
CVE-2026-58287,updated,2026-10-08,cve_2026_to_now,2026-10-09T14:05:20+00:00
CVE-2026-58288,updated,2026-10-08,cve_2026_to_now,2026-10-09T14:05:20+00:00
CVE-2026-58289,updated,2026-10-08,cve_2026_to_now,2026-10-09T14:05:20+00:00
CVE-2026-58290,updated,2026-10-08,cve_2026_to_now,2026-10-09T14:05:20+00:00
CVE-2026-58291,updated,2026-10-08,cve_2026_to_now,2026-10-09T14:05:20+00:00
CVE-2026-58292,updated,2026-10-08,cve_2026_to_now,2026-10-09T14:05:20+00:00
CVE-2026-58293,updated,2026-10-08,cve_2026_to_now,2026-10-09T14:05:20+00:00
CVE-2026-58294,updated,2026-10-08,cve_2026_to_now,2026-10-09T14:05:20+00:00
CVE-2026-58295,updated,2026-10-08,cve_2026_to_now,2026-10-09T14:05:20+00:00
CVE-2026-58296,updated,2026-10-08,cve_2026_to_now,2026-10-09T14:05:20+00:00
CVE-2026-58297,updated,2026-10-08,cve_2026_to_now,2026-10-09T14:05:20+00:00
CVE-2026-58298,updated,2026-10-08,cve_2026_to_now,2026-10-09T14:05:20+00:00
CVE-2026-58299,updated,2026-10-08,cve_2026_to_now,2026-10-09T14:05:20+00:00
CVE-2026-58300,updated,2026-10-08,cve_2026_to_now,2026-10-09T14:05:20+00:00
CVE-2026-58372,updated,2026-10-08,cve_2026_to_now,2026-10-09T14:05:20+00:00
CVE-2026-58473,updated,2026-10-08,cve_2026_to_now,2026-10-09T14:05:20+00:00
CVE-2026-58522,updated,2026-10-08,cve_2026_to_now,2026-10-09T14:05:20+00:00
CVE-2026-58523,updated,2026-10-08,cve_2026_to_now,2026-10-09T14:05:20+00:00
CVE-2026-58524,updated,2026-10-08,cve_2026_to_now,2026-10-09T14:05:20+00:00
CVE-2026-58525,updated,2026-10-08,cve_2026_to_now,2026-10-09T14:05:20+00:00
CVE-2026-58526,updated,2026-10-08,cve_2026_to_now,2026-10-09T14:05:20+00:00
CVE-2026-58527,updated,2026-10-08,cve_2026_to_now,2026-10-09T14:05:20+00:00
CVE-2026-58528,updated,2026-10-08,cve_2026_to_now,2026-10-09T14:05:20+00:00
CVE-2026-58529,updated,2026-10-08,cve_2026_to_now,2026-10-09T14:05:20+00:00
CVE-2026-58530,updated,2026-10-08,cve_2026_to_now,2026-10-09T14:05:20+00:00
CVE-2026-58531,updated,2026-10-08,cve_2026_to_now,2026-10-09T14:05:20+00:00
CVE-2026-58532,updated,2026-10-08,cve_2026_to_now,2026-10-09T14:05:20+00:00
CVE-2026-58533,updated,2026-10-08,cve_2026_to_now,2026-10-09T14:05:20+00:00
CVE-2026-58534,updated,2026-10-08,cve_2026_to_now,2026-10-09T14:05:20+00:00
CVE-2026-58535,updated,2026-10-08,cve_2026_to_now,2026-10-09T14:05:20+00:00
CVE-2026-58536,updated,2026-10-08,cve_2026_to_now,2026-10-09T14:05:20+00:00
CVE-2026-58537,updated,2026-10-08,cve_2026_to_now,2026-10-09T14:05:20+00:00
CVE-2026-58538,updated,2026-10-08,cve_2026_to_now,2026-10-09T14:05:20+00:00
CVE-2026-58539,updated,2026-10-08,cve_2026_to_now,2026-10-09T14:05:20+00:00
CVE-2026-58540,updated,2026-10-08,cve_2026_to_now,2026-10-09T14:05:20+00:00
CVE-2026-58541,updated,2026-10-08,cve_2026_to_now,2026-10-09T14:05:20+00:00
CVE-2026-58542,updated,2026-10-08,cve_2026_to_now,2026-10-09T14:05:20+00:00
CVE-2026-58543,updated,2026-10-08,cve_2026_to_now,2026-10-09T14:05:20+00:00
CVE-2026-58544,updated,2026-10-08,cve_2026_to_now,2026-10-09T14:05:20+00:00
CVE-2026-58545,updated,2026-10-08,cve_2026_to_now,2026-10-09T14:05:20+00:00
CVE-2026-58546,updated,2026-10-08,cve_2026_to_now,2026-10-09T14:05:20+00:00
CVE-2026-58547,updated,2026-10-08,cve_2026_to_now,2026-10-09T14:05:20+00:00
CVE-2026-58594,updated,2026-10-08,cve_2026_to_now,2026-10-09T14:05:20+00:00
CVE-2026-58595,updated,2026-10-08,cve_2026_to_now,2026-10-09T14:05:20+00:00
CVE-2026-58596,updated,2026-10-08,cve_2026_to_now,2026-10-09T14:05:20+00:00
CVE-2026-58597,updated,2026-10-08,cve_2026_to_now,2026-10-09T14:05:20+00:00
CVE-2026-58598,updated,2026-10-08,cve_2026_to_now,2026-10-09T14:05:20+00:00
CVE-2026-58599,updated,2026-10-08,cve_2026_to_now,2026-10-09T14:05:20+00:00
CVE-2026-58600,updated,2026-10-08,cve_2026_to_now,2026-10-09T14:05:20+00:00
CVE-2026-58601,updated,2026-10-08,cve_2026_to_now,2026-10-09T14:05:20+00:00
CVE-2026-58602,updated,2026-10-08,cve_2026_to_now,2026-10-09T14:05:20+00:00
CVE-2026-58608,updated,2026-10-08,cve_2026_to_now,2026-10-09T14:05:20+00:00
CVE-2026-58609,updated,2026-10-08,cve_2026_to_now,2026-10-09T14:05:20+00:00
CVE-2026-58610,updated,2026-10-08,cve_2026_to_now,2026-10-09T14:05:20+00:00
CVE-2026-58611,updated,2026-10-08,cve_2026_to_now,2026-10-09T14:05:20+00:00
CVE-2026-58612,updated,2026-10-08,cve_2026_to_now,2026-10-09T14:05:20+00:00
CVE-2026-58613,updated,2026-10-08,cve_2026_to_now,2026-10-09T14:05:20+00:00
CVE-2026-58614,updated,2026-10-08,cve_2026_to_now,2026-10-09T14:05:20+00:00
CVE-2026-58616,updated,2026-10-08,cve_2026_to_now,2026-10-09T14:05:20+00:00
CVE-2026-58617,updated,2026-10-08,cve_2026_to_now,2026-10-09T14:05:20+00:00
CVE-2026-58618,updated,2026-10-08,cve_2026_to_now,2026-10-09T14:05:20+00:00
CVE-2026-58619,updated,2026-10-08,cve_2026_to_now,2026-10-09T14:05:20+00:00
CVE-2026-58626,updated,2026-10-08,cve_2026_to_now,2026-10-09T14:05:20+00:00
CVE-2026-58627,updated,2026-10-08,cve_2026_to_now,2026-10-09T14:05:20+00:00
CVE-2026-58628,updated,2026-10-08,cve_2026_to_now,2026-10-09T14:05:20+00:00
CVE-2026-58629,updated,2026-10-08,cve_2026_to_now,2026-10-09T14:05:20+00:00
CVE-2026-58630,updated,2026-10-08,cve_2026_to_now,2026-10-09T14:05:20+00:00
CVE-2026-58631,updated,2026-10-08,cve_2026_to_now,2026-10-09T14:05:20+00:00
CVE-2026-58632,updated,2026-10-08,cve_2026_to_now,2026-10-09T14:05:20+00:00
CVE-2026-58633,updated,2026-10-08,cve_2026_to_now,2026-10-09T14:05:20+00:00
CVE-2026-58634,updated,2026-10-08,cve_2026_to_now,2026-10-09T14:05:20+00:00
CVE-2026-58635,updated,2026-10-08,cve_2026_to_now,2026-10-09T14:05:20+00:00
CVE-2026-58636,updated,2026-10-08,cve_2026_to_now,2026-10-09T14:05:20+00:00
CVE-2026-58637,updated,2026-10-08,cve_2026_to_now,2026-10-09T14:05:20+00:00
CVE-2026-58638,updated,2026-10-08,cve_2026_to_now,2026-10-09T14:05:20+00:00
CVE-2026-58639,updated,2026-10-08,cve_2026_to_now,2026-10-09T14:05:20+00:00
CVE-2026-58640,updated,2026-10-08,cve_2026_to_now,2026-10-09T14:05:20+00:00
CVE-2026-58641,updated,2026-10-08,cve_2026_to_now,2026-10-09T14:05:20+00:00
CVE-2026-58643,updated,2026-10-08,cve_2026_to_now,2026-10-09T14:05:20+00:00
CVE-2026-58644,updated,2026-10-08,cve_2026_to_now,2026-10-09T14:05:20+00:00
CVE-2026-58647,updated,2026-10-08,cve_2026_to_now,2026-10-09T14:05:20+00:00
CVE-2026-58649,updated,2026-10-08,cve_2026_to_now,2026-10-09T14:05:20+00:00
CVE-2026-58650,updated,2026-10-08,cve_2026_to_now,2026-10-09T14:05:20+00:00
CVE-2026-58651,updated,2026-10-08,cve_2026_to_now,2026-10-09T14:05:20+00:00
CVE-2026-58657,updated,2026-10-08,cve_2026_to_now,2026-10-09T14:05:20+00:00
CVE-2026-58659,updated,2026-10-08,cve_2026_to_now,2026-10-09T14:05:20+00:00
CVE-2026-58660,updated,2026-10-08,cve_2026_to_now,2026-10-09T14:05:20+00:00
CVE-2026-59113,updated,2026-10-08,cve_2026_to_now,2026-10-09T14:05:20+00:00
CVE-2026-59115,updated,2026-10-08,cve_2026_to_now,2026-10-09T14:05:20+00:00
CVE-2026-59117,updated,2026-10-08,cve_2026_to_now,2026-10-09T14:05:20+00:00
CVE-2026-59118,updated,2026-10-08,cve_2026_to_now,2026-10-09T14:05:20+00:00
CVE-2026-59119,updated,2026-10-08,cve_2026_to_now,2026-10-09T14:05:20+00:00
CVE-2026-59122,updated,2026-10-08,cve_2026_to_now,2026-10-09T14:05:20+00:00
CVE-2026-59124,updated,2026-10-08,cve_2026_to_now,2026-10-09T14:05:20+00:00
CVE-2026-59125,updated,2026-10-08,cve_2026_to_now,2026-10-09T14:05:20+00:00
CVE-2026-59126,updated,2026-10-08,cve_2026_to_now,2026-10-09T14:05:20+00:00
CVE-2026-59127,updated,2026-10-08,cve_2026_to_now,2026-10-09T14:05:20+00:00
CVE-2026-59128,updated,2026-10-08,cve_2026_to_now,2026-10-09T14:05:20+00:00
CVE-2026-59130,updated,2026-10-08,cve_2026_to_now,2026-10-09T14:05:20+00:00
CVE-2026-59131,updated,2026-10-08,cve_2026_to_now,2026-10-09T14:05:20+00:00
CVE-2026-59132,updated,2026-10-08,cve_2026_to_now,2026-10-09T14:05:20+00:00
CVE-2026-59133,updated,2026-10-08,cve_2026_to_now,2026-10-09T14:05:20+00:00
CVE-2026-59134,updated,2026-10-08,cve_2026_to_now,2026-10-09T14:05:20+00:00
CVE-2026-59135,updated,2026-10-08,cve_2026_to_now,2026-10-09T14:05:20+00:00
CVE-2026-59136,updated,2026-10-08,cve_2026_to_now,2026-10-09T14:05:20+00:00
CVE-2026-59137,updated,2026-10-08,cve_2026_to_now,2026-10-09T14:05:20+00:00
CVE-2026-59138,updated,2026-10-08,cve_2026_to_now,2026-10-09T14:05:20+00:00
CVE-2026-59704,updated,2026-10-08,cve_2026_to_now,2026-10-09T14:05:20+00:00
CVE-2026-59804,updated,2026-10-08,cve_2026_to_now,2026-10-09T14:05:20+00:00
CVE-2026-59805,updated,2026-10-08,cve_2026_to_now,2026-10-09T14:05:20+00:00
CVE-2026-59806,updated,2026-10-08,cve_2026_to_now,2026-10-09T14:05:20+00:00
CVE-2026-59807,updated,2026-10-08,cve_2026_to_now,2026-10-09T14:05:20+00:00
CVE-2026-60092,updated,2026-10-08,cve_2026_to_now,2026-10-09T14:05:20+00:00
CVE-2026-61345,updated,2026-10-08,cve_2026_to_now,2026-10-09T14:05:20+00:00
CVE-2026-61346,updated,2026-10-08,cve_2026_to_now,2026-10-09T14:05:20+00:00
CVE-2026-61347,updated,2026-10-08,cve_2026_to_now,2026-10-09T14:05:20+00:00
CVE-2026-61348,updated,2026-10-08,cve_2026_to_now,2026-10-09T14:05:20+00:00
CVE-2026-61349,updated,2026-10-08,cve_2026_to_now,2026-10-09T14:05:20+00:00
CVE-2026-61350,updated,2026-10-08,cve_2026_to_now,2026-10-09T14:05:20+00:00
CVE-2026-61352,updated,2026-10-08,cve_2026_to_now,2026-10-09T14:05:20+00:00
CVE-2026-61353,updated,2026-10-08,cve_2026_to_now,2026-10-09T14:05:20+00:00
CVE-2026-61355,updated,2026-10-08,cve_2026_to_now,2026-10-09T14:05:20+00:00
CVE-2026-61356,updated,2026-10-08,cve_2026_to_now,2026-10-09T14:05:20+00:00
CVE-2026-61357,updated,2026-10-08,cve_2026_to_now,2026-10-09T14:05:20+00:00
CVE-2026-61358,updated,2026-10-08,cve_2026_to_now,2026-10-09T14:05:20+00:00
CVE-2026-61359,updated,2026-10-08,cve_2026_to_now,2026-10-09T14:05:20+00:00
CVE-2026-61360,updated,2026-10-08,cve_2026_to_now,2026-10-09T14:05:20+00:00
CVE-2026-61361,updated,2026-10-08,cve_2026_to_now,2026-10-09T14:05:20+00:00
CVE-2026-61363,updated,2026-10-08,cve_2026_to_now,2026-10-09T14:05:20+00:00
CVE-2026-61364,updated,2026-10-08,cve_2026_to_now,2026-10-09T14:05:20+00:00
CVE-2026-61365,updated,2026-10-08,cve_2026_to_now,2026-10-09T14:05:20+00:00
CVE-2026-61366,updated,2026-10-08,cve_2026_to_now,2026-10-09T14:05:20+00:00
CVE-2026-61367,updated,2026-10-08,cve_2026_to_now,2026-10-09T14:05:20+00:00
CVE-2026-61368,updated,2026-10-08,cve_2026_to_now,2026-10-09T14:05:20+00:00
CVE-2026-61449,updated,2026-10-08,cve_2026_to_now,2026-10-09T14:05:20+00:00
CVE-2026-61450,updated,2026-10-08,cve_2026_to_now,2026-10-09T14:05:20+00:00
CVE-2026-61453,updated,2026-10-08,cve_2026_to_now,2026-10-09T14:05:20+00:00
CVE-2026-61455,updated,2026-10-08,cve_2026_to_now,2026-10-09T14:05:20+00:00
CVE-2026-61461,updated,2026-10-08,cve_2026_to_now,2026-10-09T14:05:20+00:00
CVE-2026-61462,updated,2026-10-08,cve_2026_to_now,2026-10-09T14:05:20+00:00
CVE-2026-61801,added,,cve_2026_to_now,2026-10-09T14:05:20+00:00
CVE-2026-61918,updated,2026-10-08,cve_2026_to_now,2026-10-09T14:05:20+00:00
CVE-2026-61920,updated,2026-10-08,cve_2026_to_now,2026-10-09T14:05:20+00:00
CVE-2026-61921,updated,2026-10-08,cve_2026_to_now,2026-10-09T14:05:20+00:00
CVE-2026-61923,updated,2026-10-08,cve_2026_to_now,2026-10-09T14:05:20+00:00
CVE-2026-61924,updated,2026-10-08,cve_2026_to_now,2026-10-09T14:05:20+00:00
CVE-2026-61925,updated,2026-10-08,cve_2026_to_now,2026-10-09T14:05:20+00:00
CVE-2026-61926,updated,2026-10-08,cve_2026_to_now,2026-10-09T14:05:20+00:00
CVE-2026-61927,updated,2026-10-08,cve_2026_to_now,2026-10-09T14:05:20+00:00
CVE-2026-61928,updated,2026-10-08,cve_2026_to_now,2026-10-09T14:05:20+00:00
CVE-2026-61929,updated,2026-10-08,cve_2026_to_now,2026-10-09T14:05:20+00:00
CVE-2026-61930,updated,2026-10-08,cve_2026_to_now,2026-10-09T14:05:20+00:00
CVE-2026-61932,updated,2026-10-08,cve_2026_to_now,2026-10-09T14:05:20+00:00
CVE-2026-61933,updated,2026-10-08,cve_2026_to_now,2026-10-09T14:05:20+00:00
CVE-2026-61934,updated,2026-10-08,cve_2026_to_now,2026-10-09T14:05:20+00:00
CVE-2026-61936,updated,2026-10-08,cve_2026_to_now,2026-10-09T14:05:20+00:00
CVE-2026-61937,updated,2026-10-08,cve_2026_to_now,2026-10-09T14:05:20+00:00
CVE-2026-61938,updated,2026-10-08,cve_2026_to_now,2026-10-09T14:05:20+00:00
CVE-2026-61939,updated,2026-10-08,cve_2026_to_now,2026-10-09T14:05:20+00:00
CVE-2026-62026,added,,cve_2026_to_now,2026-10-09T14:05:20+00:00
CVE-2026-62028,added,,cve_2026_to_now,2026-10-09T14:05:20+00:00
CVE-2026-62029,added,,cve_2026_to_now,2026-10-09T14:05:20+00:00
CVE-2026-62036,added,,cve_2026_to_now,2026-10-09T14:05:20+00:00
CVE-2026-62039,added,,cve_2026_to_now,2026-10-09T14:05:20+00:00
CVE-2026-62040,added,,cve_2026_to_now,2026-10-09T14:05:20+00:00
CVE-2026-62041,added,,cve_2026_to_now,2026-10-09T14:05:20+00:00
CVE-2026-62042,added,,cve_2026_to_now,2026-10-09T14:05:20+00:00
CVE-2026-62049,added,,cve_2026_to_now,2026-10-09T14:05:20+00:00
CVE-2026-62127,updated,,cve_2026_to_now,2026-10-09T14:05:20+00:00
CVE-2026-62142,updated,,cve_2026_to_now,2026-10-09T14:05:20+00:00
CVE-2026-62187,updated,2026-10-08,cve_2026_to_now,2026-10-09T14:05:20+00:00
CVE-2026-62188,updated,2026-10-08,cve_2026_to_now,2026-10-09T14:05:20+00:00
CVE-2026-62213,updated,2026-10-08,cve_2026_to_now,2026-10-09T14:05:20+00:00
CVE-2026-62214,updated,2026-10-08,cve_2026_to_now,2026-10-09T14:05:20+00:00
CVE-2026-62224,updated,2026-10-08,cve_2026_to_now,2026-10-09T14:05:20+00:00
CVE-2026-62230,updated,2026-10-08,cve_2026_to_now,2026-10-09T14:05:20+00:00
CVE-2026-62232,updated,2026-10-08,cve_2026_to_now,2026-10-09T14:05:20+00:00
CVE-2026-62237,updated,2026-10-08,cve_2026_to_now,2026-10-09T14:05:20+00:00
CVE-2026-62238,updated,2026-10-08,cve_2026_to_now,2026-10-09T14:05:20+00:00
CVE-2026-62688,updated,2026-10-08,cve_2026_to_now,2026-10-09T14:05:20+00:00
CVE-2026-62690,updated,2026-10-08,cve_2026_to_now,2026-10-09T14:05:20+00:00
CVE-2026-62692,updated,2026-10-08,cve_2026_to_now,2026-10-09T14:05:20+00:00
CVE-2026-62693,updated,2026-10-08,cve_2026_to_now,2026-10-09T14:05:20+00:00
CVE-2026-62694,updated,2026-10-08,cve_2026_to_now,2026-10-09T14:05:20+00:00
CVE-2026-62695,updated,2026-10-08,cve_2026_to_now,2026-10-09T14:05:20+00:00
CVE-2026-62696,updated,2026-10-08,cve_2026_to_now,2026-10-09T14:05:20+00:00
CVE-2026-62697,updated,2026-10-08,cve_2026_to_now,2026-10-09T14:05:20+00:00
CVE-2026-62698,updated,2026-10-08,cve_2026_to_now,2026-10-09T14:05:20+00:00
CVE-2026-62699,updated,2026-10-08,cve_2026_to_now,2026-10-09T14:05:20+00:00
CVE-2026-62700,updated,2026-10-08,cve_2026_to_now,2026-10-09T14:05:20+00:00
CVE-2026-62701,updated,2026-10-08,cve_2026_to_now,2026-10-09T14:05:20+00:00
CVE-2026-62702,updated,2026-10-08,cve_2026_to_now,2026-10-09T14:05:20+00:00
CVE-2026-62703,updated,2026-10-08,cve_2026_to_now,2026-10-09T14:05:20+00:00
CVE-2026-62705,updated,2026-10-08,cve_2026_to_now,2026-10-09T14:05:20+00:00
CVE-2026-62706,updated,2026-10-08,cve_2026_to_now,2026-10-09T14:05:20+00:00
CVE-2026-62707,updated,2026-10-08,cve_2026_to_now,2026-10-09T14:05:20+00:00
CVE-2026-62708,updated,2026-10-08,cve_2026_to_now,2026-10-09T14:05:20+00:00
CVE-2026-62709,updated,2026-10-08,cve_2026_to_now,2026-10-09T14:05:20+00:00
CVE-2026-62710,updated,2026-10-08,cve_2026_to_now,2026-10-09T14:05:20+00:00
CVE-2026-62711,updated,2026-10-08,cve_2026_to_now,2026-10-09T14:05:20+00:00
CVE-2026-62712,updated,2026-10-08,cve_2026_to_now,2026-10-09T14:05:20+00:00
CVE-2026-62713,updated,2026-10-08,cve_2026_to_now,2026-10-09T14:05:20+00:00
CVE-2026-62714,updated,2026-10-08,cve_2026_to_now,2026-10-09T14:05:20+00:00
CVE-2026-62715,updated,2026-10-08,cve_2026_to_now,2026-10-09T14:05:20+00:00
CVE-2026-62716,updated,2026-10-08,cve_2026_to_now,2026-10-09T14:05:20+00:00
CVE-2026-62717,updated,2026-10-08,cve_2026_to_now,2026-10-09T14:05:20+00:00
CVE-2026-62718,updated,2026-10-08,cve_2026_to_now,2026-10-09T14:05:20+00:00
CVE-2026-62719,updated,2026-10-08,cve_2026_to_now,2026-10-09T14:05:20+00:00
CVE-2026-62720,updated,2026-10-08,cve_2026_to_now,2026-10-09T14:05:20+00:00
CVE-2026-62721,updated,2026-10-08,cve_2026_to_now,2026-10-09T14:05:20+00:00
CVE-2026-62722,updated,2026-10-08,cve_2026_to_now,2026-10-09T14:05:20+00:00
CVE-2026-62723,updated,2026-10-08,cve_2026_to_now,2026-10-09T14:05:20+00:00
CVE-2026-62724,updated,2026-10-08,cve_2026_to_now,2026-10-09T14:05:20+00:00
CVE-2026-62725,updated,2026-10-08,cve_2026_to_now,2026-10-09T14:05:20+00:00
CVE-2026-62726,updated,2026-10-08,cve_2026_to_now,2026-10-09T14:05:20+00:00
CVE-2026-62727,updated,2026-10-08,cve_2026_to_now,2026-10-09T14:05:20+00:00
CVE-2026-62728,updated,2026-10-08,cve_2026_to_now,2026-10-09T14:05:20+00:00
CVE-2026-62729,updated,2026-10-08,cve_2026_to_now,2026-10-09T14:05:20+00:00
CVE-2026-62730,updated,2026-10-08,cve_2026_to_now,2026-10-09T14:05:20+00:00
CVE-2026-62732,updated,2026-10-08,cve_2026_to_now,2026-10-09T14:05:20+00:00
CVE-2026-62733,updated,2026-10-08,cve_2026_to_now,2026-10-09T14:05:20+00:00
CVE-2026-62734,updated,2026-10-08,cve_2026_to_now,2026-10-09T14:05:20+00:00
CVE-2026-62735,updated,2026-10-08,cve_2026_to_now,2026-10-09T14:05:20+00:00
CVE-2026-62736,updated,2026-10-08,cve_2026_to_now,2026-10-09T14:05:20+00:00
CVE-2026-62737,updated,2026-10-08,cve_2026_to_now,2026-10-09T14:05:20+00:00
CVE-2026-62738,updated,2026-10-08,cve_2026_to_now,2026-10-09T14:05:20+00:00
CVE-2026-62739,updated,2026-10-08,cve_2026_to_now,2026-10-09T14:05:20+00:00
CVE-2026-62740,updated,2026-10-08,cve_2026_to_now,2026-10-09T14:05:20+00:00
CVE-2026-62741,updated,2026-10-08,cve_2026_to_now,2026-10-09T14:05:20+00:00
CVE-2026-62742,updated,2026-10-08,cve_2026_to_now,2026-10-09T14:05:20+00:00
CVE-2026-62743,updated,2026-10-08,cve_2026_to_now,2026-10-09T14:05:20+00:00
CVE-2026-62744,updated,2026-10-08,cve_2026_to_now,2026-10-09T14:05:20+00:00
CVE-2026-62745,updated,2026-10-08,cve_2026_to_now,2026-10-09T14:05:20+00:00
CVE-2026-62746,updated,2026-10-08,cve_2026_to_now,2026-10-09T14:05:20+00:00
CVE-2026-62747,updated,2026-10-08,cve_2026_to_now,2026-10-09T14:05:20+00:00
CVE-2026-62748,updated,2026-10-08,cve_2026_to_now,2026-10-09T14:05:20+00:00
CVE-2026-62749,updated,2026-10-08,cve_2026_to_now,2026-10-09T14:05:20+00:00
CVE-2026-62750,updated,2026-10-08,cve_2026_to_now,2026-10-09T14:05:20+00:00
CVE-2026-62751,updated,2026-10-08,cve_2026_to_now,2026-10-09T14:05:20+00:00
CVE-2026-62752,updated,2026-10-08,cve_2026_to_now,2026-10-09T14:05:20+00:00
CVE-2026-62753,updated,2026-10-08,cve_2026_to_now,2026-10-09T14:05:20+00:00
CVE-2026-62754,updated,2026-10-08,cve_2026_to_now,2026-10-09T14:05:20+00:00
CVE-2026-62755,updated,2026-10-08,cve_2026_to_now,2026-10-09T14:05:20+00:00
CVE-2026-62757,updated,2026-10-08,cve_2026_to_now,2026-10-09T14:05:20+00:00
CVE-2026-62758,updated,2026-10-08,cve_2026_to_now,2026-10-09T14:05:20+00:00
CVE-2026-62759,updated,2026-10-08,cve_2026_to_now,2026-10-09T14:05:20+00:00
CVE-2026-62761,updated,2026-10-08,cve_2026_to_now,2026-10-09T14:05:20+00:00
CVE-2026-62762,updated,2026-10-08,cve_2026_to_now,2026-10-09T14:05:20+00:00
CVE-2026-62766,updated,2026-10-08,cve_2026_to_now,2026-10-09T14:05:20+00:00
CVE-2026-62768,updated,2026-10-08,cve_2026_to_now,2026-10-09T14:05:20+00:00
CVE-2026-62769,updated,2026-10-08,cve_2026_to_now,2026-10-09T14:05:20+00:00
CVE-2026-62770,updated,2026-10-08,cve_2026_to_now,2026-10-09T14:05:20+00:00
CVE-2026-62771,updated,2026-10-08,cve_2026_to_now,2026-10-09T14:05:20+00:00
CVE-2026-62772,updated,2026-10-08,cve_2026_to_now,2026-10-09T14:05:20+00:00
CVE-2026-62773,updated,2026-10-08,cve_2026_to_now,2026-10-09T14:05:20+00:00
CVE-2026-62774,updated,2026-10-08,cve_2026_to_now,2026-10-09T14:05:20+00:00
CVE-2026-62775,updated,2026-10-08,cve_2026_to_now,2026-10-09T14:05:20+00:00
CVE-2026-62776,updated,2026-10-08,cve_2026_to_now,2026-10-09T14:05:20+00:00
CVE-2026-62777,updated,2026-10-08,cve_2026_to_now,2026-10-09T14:05:20+00:00
CVE-2026-62778,updated,2026-10-08,cve_2026_to_now,2026-10-09T14:05:20+00:00
CVE-2026-62779,updated,2026-10-08,cve_2026_to_now,2026-10-09T14:05:20+00:00
CVE-2026-62780,updated,2026-10-08,cve_2026_to_now,2026-10-09T14:05:20+00:00
CVE-2026-62781,updated,2026-10-08,cve_2026_to_now,2026-10-09T14:05:20+00:00
CVE-2026-62782,updated,2026-10-08,cve_2026_to_now,2026-10-09T14:05:20+00:00
CVE-2026-62783,updated,2026-10-08,cve_2026_to_now,2026-10-09T14:05:20+00:00
CVE-2026-62784,updated,2026-10-08,cve_2026_to_now,2026-10-09T14:05:20+00:00
CVE-2026-62785,updated,2026-10-08,cve_2026_to_now,2026-10-09T14:05:20+00:00
CVE-2026-62786,updated,2026-10-08,cve_2026_to_now,2026-10-09T14:05:20+00:00
CVE-2026-62787,updated,2026-10-08,cve_2026_to_now,2026-10-09T14:05:20+00:00
CVE-2026-62788,updated,2026-10-08,cve_2026_to_now,2026-10-09T14:05:20+00:00
CVE-2026-62790,updated,2026-10-08,cve_2026_to_now,2026-10-09T14:05:20+00:00
CVE-2026-62792,updated,2026-10-08,cve_2026_to_now,2026-10-09T14:05:20+00:00
CVE-2026-62793,updated,2026-10-08,cve_2026_to_now,2026-10-09T14:05:20+00:00
CVE-2026-62795,updated,2026-10-08,cve_2026_to_now,2026-10-09T14:05:20+00:00
CVE-2026-62796,updated,2026-10-08,cve_2026_to_now,2026-10-09T14:05:20+00:00
CVE-2026-62797,updated,2026-10-08,cve_2026_to_now,2026-10-09T14:05:20+00:00
CVE-2026-62798,updated,2026-10-08,cve_2026_to_now,2026-10-09T14:05:20+00:00
CVE-2026-62799,updated,2026-10-08,cve_2026_to_now,2026-10-09T14:05:20+00:00
CVE-2026-62800,updated,2026-10-08,cve_2026_to_now,2026-10-09T14:05:20+00:00
CVE-2026-62801,updated,2026-10-08,cve_2026_to_now,2026-10-09T14:05:20+00:00
CVE-2026-62803,updated,2026-10-08,cve_2026_to_now,2026-10-09T14:05:20+00:00
CVE-2026-62804,updated,2026-10-08,cve_2026_to_now,2026-10-09T14:05:20+00:00
CVE-2026-62807,updated,2026-10-08,cve_2026_to_now,2026-10-09T14:05:20+00:00
CVE-2026-62810,updated,2026-10-08,cve_2026_to_now,2026-10-09T14:05:20+00:00
CVE-2026-62811,updated,2026-10-08,cve_2026_to_now,2026-10-09T14:05:20+00:00
CVE-2026-62812,updated,2026-10-08,cve_2026_to_now,2026-10-09T14:05:20+00:00
CVE-2026-62813,updated,2026-10-08,cve_2026_to_now,2026-10-09T14:05:20+00:00
CVE-2026-62814,updated,2026-10-08,cve_2026_to_now,2026-10-09T14:05:20+00:00
CVE-2026-62815,updated,2026-10-08,cve_2026_to_now,2026-10-09T14:05:20+00:00
CVE-2026-62816,updated,2026-10-08,cve_2026_to_now,2026-10-09T14:05:20+00:00
CVE-2026-62817,updated,2026-10-08,cve_2026_to_now,2026-10-09T14:05:20+00:00
CVE-2026-62818,updated,2026-10-08,cve_2026_to_now,2026-10-09T14:05:20+00:00
CVE-2026-62819,updated,2026-10-08,cve_2026_to_now,2026-10-09T14:05:20+00:00
CVE-2026-62820,updated,2026-10-08,cve_2026_to_now,2026-10-09T14:05:20+00:00
CVE-2026-62822,updated,2026-10-08,cve_2026_to_now,2026-10-09T14:05:20+00:00
CVE-2026-62823,updated,2026-10-08,cve_2026_to_now,2026-10-09T14:05:20+00:00
CVE-2026-62824,updated,2026-10-08,cve_2026_to_now,2026-10-09T14:05:20+00:00
CVE-2026-62825,updated,2026-10-08,cve_2026_to_now,2026-10-09T14:05:20+00:00
CVE-2026-62826,updated,2026-10-08,cve_2026_to_now,2026-10-09T14:05:20+00:00
CVE-2026-62827,updated,2026-10-08,cve_2026_to_now,2026-10-09T14:05:20+00:00
CVE-2026-62828,updated,2026-10-08,cve_2026_to_now,2026-10-09T14:05:20+00:00
CVE-2026-62829,updated,2026-10-08,cve_2026_to_now,2026-10-09T14:05:20+00:00
CVE-2026-62830,updated,2026-10-08,cve_2026_to_now,2026-10-09T14:05:20+00:00
CVE-2026-62832,updated,2026-10-08,cve_2026_to_now,2026-10-09T14:05:20+00:00
CVE-2026-62834,updated,2026-10-08,cve_2026_to_now,2026-10-09T14:05:20+00:00
CVE-2026-62835,updated,2026-10-08,cve_2026_to_now,2026-10-09T14:05:20+00:00
CVE-2026-62836,updated,2026-10-08,cve_2026_to_now,2026-10-09T14:05:20+00:00
CVE-2026-62837,updated,2026-10-08,cve_2026_to_now,2026-10-09T14:05:20+00:00
CVE-2026-62839,updated,2026-10-08,cve_2026_to_now,2026-10-09T14:05:20+00:00
CVE-2026-62842,updated,2026-10-08,cve_2026_to_now,2026-10-09T14:05:20+00:00
CVE-2026-62869,updated,2026-10-08,cve_2026_to_now,2026-10-09T14:05:20+00:00
CVE-2026-62870,updated,2026-10-08,cve_2026_to_now,2026-10-09T14:05:20+00:00
CVE-2026-62871,updated,2026-10-08,cve_2026_to_now,2026-10-09T14:05:20+00:00
CVE-2026-62872,updated,2026-10-08,cve_2026_to_now,2026-10-09T14:05:20+00:00
CVE-2026-62873,updated,2026-10-08,cve_2026_to_now,2026-10-09T14:05:20+00:00
CVE-2026-62874,updated,2026-10-08,cve_2026_to_now,2026-10-09T14:05:20+00:00
CVE-2026-62876,updated,2026-10-08,cve_2026_to_now,2026-10-09T14:05:20+00:00
CVE-2026-62877,updated,2026-10-08,cve_2026_to_now,2026-10-09T14:05:20+00:00
CVE-2026-62878,updated,2026-10-08,cve_2026_to_now,2026-10-09T14:05:20+00:00
CVE-2026-62880,updated,2026-10-08,cve_2026_to_now,2026-10-09T14:05:20+00:00
CVE-2026-62881,updated,2026-10-08,cve_2026_to_now,2026-10-09T14:05:20+00:00
CVE-2026-62882,updated,2026-10-08,cve_2026_to_now,2026-10-09T14:05:20+00:00
CVE-2026-62883,updated,2026-10-08,cve_2026_to_now,2026-10-09T14:05:20+00:00
CVE-2026-62885,updated,2026-10-08,cve_2026_to_now,2026-10-09T14:05:20+00:00
CVE-2026-62886,updated,2026-10-08,cve_2026_to_now,2026-10-09T14:05:20+00:00
CVE-2026-62887,updated,2026-10-08,cve_2026_to_now,2026-10-09T14:05:20+00:00
CVE-2026-62888,updated,2026-10-08,cve_2026_to_now,2026-10-09T14:05:20+00:00
CVE-2026-62889,updated,2026-10-08,cve_2026_to_now,2026-10-09T14:05:20+00:00
CVE-2026-62890,updated,2026-10-08,cve_2026_to_now,2026-10-09T14:05:20+00:00
CVE-2026-62892,updated,2026-10-08,cve_2026_to_now,2026-10-09T14:05:20+00:00
CVE-2026-62893,updated,2026-10-08,cve_2026_to_now,2026-10-09T14:05:20+00:00
CVE-2026-62894,updated,2026-10-08,cve_2026_to_now,2026-10-09T14:05:20+00:00
CVE-2026-62895,updated,2026-10-08,cve_2026_to_now,2026-10-09T14:05:20+00:00
CVE-2026-62896,updated,2026-10-08,cve_2026_to_now,2026-10-09T14:05:20+00:00
CVE-2026-62897,updated,2026-10-08,cve_2026_to_now,2026-10-09T14:05:20+00:00
CVE-2026-62898,updated,2026-10-08,cve_2026_to_now,2026-10-09T14:05:20+00:00
CVE-2026-62899,updated,2026-10-08,cve_2026_to_now,2026-10-09T14:05:20+00:00
CVE-2026-62900,updated,2026-10-08,cve_2026_to_now,2026-10-09T14:05:20+00:00
CVE-2026-62901,updated,2026-10-08,cve_2026_to_now,2026-10-09T14:05:20+00:00
CVE-2026-62902,updated,2026-10-08,cve_2026_to_now,2026-10-09T14:05:20+00:00
CVE-2026-62904,updated,2026-10-08,cve_2026_to_now,2026-10-09T14:05:20+00:00
CVE-2026-62906,updated,2026-10-08,cve_2026_to_now,2026-10-09T14:05:20+00:00
CVE-2026-62908,updated,2026-10-08,cve_2026_to_now,2026-10-09T14:05:20+00:00
CVE-2026-62909,updated,2026-10-08,cve_2026_to_now,2026-10-09T14:05:20+00:00
CVE-2026-62910,updated,2026-10-08,cve_2026_to_now,2026-10-09T14:05:20+00:00
CVE-2026-62911,updated,2026-10-08,cve_2026_to_now,2026-10-09T14:05:20+00:00
CVE-2026-62912,updated,2026-10-08,cve_2026_to_now,2026-10-09T14:05:20+00:00
CVE-2026-62913,updated,2026-10-08,cve_2026_to_now,2026-10-09T14:05:20+00:00
CVE-2026-62914,updated,2026-10-08,cve_2026_to_now,2026-10-09T14:05:20+00:00
CVE-2026-62915,updated,2026-10-08,cve_2026_to_now,2026-10-09T14:05:20+00:00
CVE-2026-62916,updated,2026-10-08,cve_2026_to_now,2026-10-09T14:05:20+00:00
CVE-2026-62917,updated,2026-10-08,cve_2026_to_now,2026-10-09T14:05:20+00:00
CVE-2026-62918,updated,2026-10-08,cve_2026_to_now,2026-10-09T14:05:20+00:00
CVE-2026-63306,updated,2026-10-08,cve_2026_to_now,2026-10-09T14:05:20+00:00
CVE-2026-63508,updated,2026-10-08,cve_2026_to_now,2026-10-09T14:05:20+00:00
CVE-2026-63509,updated,2026-10-08,cve_2026_to_now,2026-10-09T14:05:20+00:00
CVE-2026-63512,updated,2026-10-08,cve_2026_to_now,2026-10-09T14:05:20+00:00
CVE-2026-63513,updated,2026-10-08,cve_2026_to_now,2026-10-09T14:05:20+00:00
CVE-2026-63514,updated,2026-10-08,cve_2026_to_now,2026-10-09T14:05:20+00:00
CVE-2026-63515,updated,2026-10-08,cve_2026_to_now,2026-10-09T14:05:20+00:00
CVE-2026-63516,updated,2026-10-08,cve_2026_to_now,2026-10-09T14:05:20+00:00
CVE-2026-63517,updated,2026-10-08,cve_2026_to_now,2026-10-09T14:05:20+00:00
CVE-2026-63518,updated,2026-10-08,cve_2026_to_now,2026-10-09T14:05:20+00:00
CVE-2026-63519,updated,2026-10-08,cve_2026_to_now,2026-10-09T14:05:20+00:00
CVE-2026-63520,updated,2026-10-08,cve_2026_to_now,2026-10-09T14:05:20+00:00
CVE-2026-63521,updated,2026-10-08,cve_2026_to_now,2026-10-09T14:05:20+00:00
CVE-2026-63522,updated,2026-10-08,cve_2026_to_now,2026-10-09T14:05:20+00:00
CVE-2026-63523,updated,2026-10-08,cve_2026_to_now,2026-10-09T14:05:20+00:00
CVE-2026-63524,updated,2026-10-08,cve_2026_to_now,2026-10-09T14:05:20+00:00
CVE-2026-63525,updated,2026-10-08,cve_2026_to_now,2026-10-09T14:05:20+00:00
CVE-2026-63526,updated,2026-10-08,cve_2026_to_now,2026-10-09T14:05:20+00:00
CVE-2026-63527,updated,2026-10-08,cve_2026_to_now,2026-10-09T14:05:20+00:00
CVE-2026-63528,updated,2026-10-08,cve_2026_to_now,2026-10-09T14:05:20+00:00
CVE-2026-63529,updated,2026-10-08,cve_2026_to_now,2026-10-09T14:05:20+00:00
CVE-2026-63530,updated,2026-10-08,cve_2026_to_now,2026-10-09T14:05:20+00:00
CVE-2026-63531,updated,2026-10-08,cve_2026_to_now,2026-10-09T14:05:20+00:00
CVE-2026-63532,updated,2026-10-08,cve_2026_to_now,2026-10-09T14:05:20+00:00
CVE-2026-63533,updated,2026-10-08,cve_2026_to_now,2026-10-09T14:05:20+00:00
CVE-2026-63691,updated,2026-10-09,cve_2026_to_now,2026-10-09T14:05:20+00:00
CVE-2026-63692,updated,2026-10-09,cve_2026_to_now,2026-10-09T14:05:20+00:00
CVE-2026-63697,updated,2026-10-09,cve_2026_to_now,2026-10-09T14:05:20+00:00
CVE-2026-63745,updated,2026-10-08,cve_2026_to_now,2026-10-09T14:05:20+00:00
CVE-2026-63746,updated,2026-10-08,cve_2026_to_now,2026-10-09T14:05:20+00:00
CVE-2026-63751,updated,2026-10-08,cve_2026_to_now,2026-10-09T14:05:20+00:00
CVE-2026-63752,updated,2026-10-08,cve_2026_to_now,2026-10-09T14:05:20+00:00
CVE-2026-63755,updated,2026-10-08,cve_2026_to_now,2026-10-09T14:05:20+00:00
CVE-2026-63761,updated,2026-10-08,cve_2026_to_now,2026-10-09T14:05:20+00:00
CVE-2026-63762,updated,2026-10-08,cve_2026_to_now,2026-10-09T14:05:20+00:00
CVE-2026-64825,updated,2026-10-08,cve_2026_to_now,2026-10-09T14:05:20+00:00
CVE-2026-64897,updated,2026-10-08,cve_2026_to_now,2026-10-09T14:05:20+00:00
CVE-2026-64898,updated,2026-10-08,cve_2026_to_now,2026-10-09T14:05:20+00:00
CVE-2026-64899,updated,2026-10-08,cve_2026_to_now,2026-10-09T14:05:20+00:00
CVE-2026-64900,updated,2026-10-08,cve_2026_to_now,2026-10-09T14:05:20+00:00
CVE-2026-64901,updated,2026-10-08,cve_2026_to_now,2026-10-09T14:05:20+00:00
CVE-2026-64902,updated,2026-10-08,cve_2026_to_now,2026-10-09T14:05:20+00:00
CVE-2026-64903,updated,2026-10-08,cve_2026_to_now,2026-10-09T14:05:20+00:00
CVE-2026-64904,updated,2026-10-08,cve_2026_to_now,2026-10-09T14:05:20+00:00
CVE-2026-64905,updated,2026-10-08,cve_2026_to_now,2026-10-09T14:05:20+00:00
CVE-2026-64906,updated,2026-10-08,cve_2026_to_now,2026-10-09T14:05:20+00:00
CVE-2026-64907,updated,2026-10-08,cve_2026_to_now,2026-10-09T14:05:20+00:00
CVE-2026-64908,updated,2026-10-08,cve_2026_to_now,2026-10-09T14:05:20+00:00
CVE-2026-64909,updated,2026-10-08,cve_2026_to_now,2026-10-09T14:05:20+00:00
CVE-2026-64910,updated,2026-10-08,cve_2026_to_now,2026-10-09T14:05:20+00:00
CVE-2026-64911,updated,2026-10-08,cve_2026_to_now,2026-10-09T14:05:20+00:00
CVE-2026-64912,updated,2026-10-08,cve_2026_to_now,2026-10-09T14:05:20+00:00
CVE-2026-64914,updated,2026-10-08,cve_2026_to_now,2026-10-09T14:05:20+00:00
CVE-2026-64915,updated,2026-10-08,cve_2026_to_now,2026-10-09T14:05:20+00:00
CVE-2026-64916,updated,2026-10-08,cve_2026_to_now,2026-10-09T14:05:20+00:00
CVE-2026-64917,updated,2026-10-08,cve_2026_to_now,2026-10-09T14:05:20+00:00
CVE-2026-64918,updated,2026-10-08,cve_2026_to_now,2026-10-09T14:05:20+00:00
CVE-2026-64919,updated,2026-10-08,cve_2026_to_now,2026-10-09T14:05:20+00:00
CVE-2026-64920,updated,2026-10-08,cve_2026_to_now,2026-10-09T14:05:20+00:00
CVE-2026-64921,updated,2026-10-08,cve_2026_to_now,2026-10-09T14:05:20+00:00
CVE-2026-64922,updated,2026-10-08,cve_2026_to_now,2026-10-09T14:05:20+00:00
CVE-2026-65008,updated,2026-10-08,cve_2026_to_now,2026-10-09T14:05:20+00:00
CVE-2026-65009,updated,2026-10-08,cve_2026_to_now,2026-10-09T14:05:20+00:00
CVE-2026-65600,updated,2026-10-08,cve_2026_to_now,2026-10-09T14:05:20+00:00
CVE-2026-65601,updated,2026-10-08,cve_2026_to_now,2026-10-09T14:05:20+00:00
CVE-2026-65602,updated,2026-10-08,cve_2026_to_now,2026-10-09T14:05:20+00:00
CVE-2026-65604,updated,2026-10-08,cve_2026_to_now,2026-10-09T14:05:20+00:00
CVE-2026-65607,updated,2026-10-08,cve_2026_to_now,2026-10-09T14:05:20+00:00
CVE-2026-65608,updated,2026-10-08,cve_2026_to_now,2026-10-09T14:05:20+00:00
CVE-2026-65656,updated,2026-10-08,cve_2026_to_now,2026-10-09T14:05:20+00:00
CVE-2026-65657,updated,2026-10-08,cve_2026_to_now,2026-10-09T14:05:20+00:00
CVE-2026-65658,updated,2026-10-08,cve_2026_to_now,2026-10-09T14:05:20+00:00
CVE-2026-65660,updated,2026-10-08,cve_2026_to_now,2026-10-09T14:05:20+00:00
CVE-2026-65661,updated,2026-10-08,cve_2026_to_now,2026-10-09T14:05:20+00:00
CVE-2026-65662,updated,2026-10-08,cve_2026_to_now,2026-10-09T14:05:20+00:00
CVE-2026-65663,updated,2026-10-08,cve_2026_to_now,2026-10-09T14:05:20+00:00
CVE-2026-65664,updated,2026-10-08,cve_2026_to_now,2026-10-09T14:05:20+00:00
CVE-2026-65665,updated,2026-10-08,cve_2026_to_now,2026-10-09T14:05:20+00:00
CVE-2026-65667,updated,2026-10-08,cve_2026_to_now,2026-10-09T14:05:20+00:00
CVE-2026-65668,updated,2026-10-08,cve_2026_to_now,2026-10-09T14:05:20+00:00
CVE-2026-65669,updated,2026-10-08,cve_2026_to_now,2026-10-09T14:05:20+00:00
CVE-2026-65671,updated,2026-10-08,cve_2026_to_now,2026-10-09T14:05:20+00:00
CVE-2026-65672,updated,2026-10-08,cve_2026_to_now,2026-10-09T14:05:20+00:00
CVE-2026-65673,updated,2026-10-08,cve_2026_to_now,2026-10-09T14:05:20+00:00
CVE-2026-65675,updated,2026-10-08,cve_2026_to_now,2026-10-09T14:05:20+00:00
CVE-2026-65678,updated,2026-10-08,cve_2026_to_now,2026-10-09T14:05:20+00:00
CVE-2026-65679,updated,2026-10-08,cve_2026_to_now,2026-10-09T14:05:20+00:00
CVE-2026-65680,updated,2026-10-08,cve_2026_to_now,2026-10-09T14:05:20+00:00
CVE-2026-65681,updated,2026-10-08,cve_2026_to_now,2026-10-09T14:05:20+00:00
CVE-2026-65767,updated,2026-10-08,cve_2026_to_now,2026-10-09T14:05:20+00:00
CVE-2026-65768,updated,2026-10-08,cve_2026_to_now,2026-10-09T14:05:20+00:00
CVE-2026-65769,updated,2026-10-08,cve_2026_to_now,2026-10-09T14:05:20+00:00
CVE-2026-65770,updated,2026-10-08,cve_2026_to_now,2026-10-09T14:05:20+00:00
CVE-2026-65772,updated,2026-10-08,cve_2026_to_now,2026-10-09T14:05:20+00:00
CVE-2026-65773,updated,2026-10-08,cve_2026_to_now,2026-10-09T14:05:20+00:00
CVE-2026-65774,updated,2026-10-08,cve_2026_to_now,2026-10-09T14:05:20+00:00
CVE-2026-65775,updated,2026-10-08,cve_2026_to_now,2026-10-09T14:05:20+00:00
CVE-2026-65776,updated,2026-10-08,cve_2026_to_now,2026-10-09T14:05:20+00:00
CVE-2026-65777,updated,2026-10-08,cve_2026_to_now,2026-10-09T14:05:20+00:00
CVE-2026-65778,updated,2026-10-08,cve_2026_to_now,2026-10-09T14:05:20+00:00
CVE-2026-65779,updated,2026-10-08,cve_2026_to_now,2026-10-09T14:05:20+00:00
CVE-2026-65780,updated,2026-10-08,cve_2026_to_now,2026-10-09T14:05:20+00:00
CVE-2026-65781,updated,2026-10-08,cve_2026_to_now,2026-10-09T14:05:20+00:00
CVE-2026-65782,updated,2026-10-08,cve_2026_to_now,2026-10-09T14:05:20+00:00
CVE-2026-65783,updated,2026-10-08,cve_2026_to_now,2026-10-09T14:05:20+00:00
CVE-2026-65784,updated,2026-10-08,cve_2026_to_now,2026-10-09T14:05:20+00:00
CVE-2026-65785,updated,2026-10-08,cve_2026_to_now,2026-10-09T14:05:20+00:00
CVE-2026-65786,updated,2026-10-08,cve_2026_to_now,2026-10-09T14:05:20+00:00
CVE-2026-65787,updated,2026-10-08,cve_2026_to_now,2026-10-09T14:05:20+00:00
CVE-2026-65788,updated,2026-10-08,cve_2026_to_now,2026-10-09T14:05:20+00:00
CVE-2026-65789,updated,2026-10-08,cve_2026_to_now,2026-10-09T14:05:20+00:00
CVE-2026-65790,updated,2026-10-08,cve_2026_to_now,2026-10-09T14:05:20+00:00
CVE-2026-65791,updated,2026-10-08,cve_2026_to_now,2026-10-09T14:05:20+00:00
CVE-2026-65794,updated,2026-10-08,cve_2026_to_now,2026-10-09T14:05:20+00:00
CVE-2026-65795,updated,2026-10-08,cve_2026_to_now,2026-10-09T14:05:20+00:00
CVE-2026-65796,updated,2026-10-08,cve_2026_to_now,2026-10-09T14:05:20+00:00
CVE-2026-65797,updated,2026-10-08,cve_2026_to_now,2026-10-09T14:05:20+00:00
CVE-2026-65798,updated,2026-10-08,cve_2026_to_now,2026-10-09T14:05:20+00:00
CVE-2026-65799,updated,2026-10-08,cve_2026_to_now,2026-10-09T14:05:20+00:00
CVE-2026-65801,updated,2026-10-08,cve_2026_to_now,2026-10-09T14:05:20+00:00
CVE-2026-65802,updated,2026-10-08,cve_2026_to_now,2026-10-09T14:05:20+00:00
CVE-2026-65804,updated,2026-10-08,cve_2026_to_now,2026-10-09T14:05:20+00:00
CVE-2026-65806,updated,2026-10-08,cve_2026_to_now,2026-10-09T14:05:20+00:00
CVE-2026-65807,updated,2026-10-08,cve_2026_to_now,2026-10-09T14:05:20+00:00
CVE-2026-65810,updated,2026-10-08,cve_2026_to_now,2026-10-09T14:05:20+00:00
CVE-2026-65811,updated,2026-10-08,cve_2026_to_now,2026-10-09T14:05:20+00:00
CVE-2026-65812,updated,2026-10-08,cve_2026_to_now,2026-10-09T14:05:20+00:00
CVE-2026-65813,updated,2026-10-08,cve_2026_to_now,2026-10-09T14:05:20+00:00
CVE-2026-65814,updated,2026-10-08,cve_2026_to_now,2026-10-09T14:05:20+00:00
CVE-2026-65815,updated,2026-10-08,cve_2026_to_now,2026-10-09T14:05:20+00:00
CVE-2026-65816,updated,2026-10-08,cve_2026_to_now,2026-10-09T14:05:20+00:00
CVE-2026-65818,updated,2026-10-08,cve_2026_to_now,2026-10-09T14:05:20+00:00
CVE-2026-65899,updated,2026-10-08,cve_2026_to_now,2026-10-09T14:05:20+00:00
CVE-2026-65913,updated,2026-10-08,cve_2026_to_now,2026-10-09T14:05:20+00:00
CVE-2026-66082,updated,,cve_2026_to_now,2026-10-09T14:05:20+00:00
CVE-2026-66084,updated,,cve_2026_to_now,2026-10-09T14:05:20+00:00
CVE-2026-66087,updated,,cve_2026_to_now,2026-10-09T14:05:20+00:00
CVE-2026-66301,updated,2026-10-08,cve_2026_to_now,2026-10-09T14:05:20+00:00
CVE-2026-66302,updated,2026-10-08,cve_2026_to_now,2026-10-09T14:05:20+00:00
CVE-2026-66303,updated,2026-10-08,cve_2026_to_now,2026-10-09T14:05:20+00:00
CVE-2026-66304,updated,2026-10-08,cve_2026_to_now,2026-10-09T14:05:20+00:00
CVE-2026-66305,updated,2026-10-08,cve_2026_to_now,2026-10-09T14:05:20+00:00
CVE-2026-66306,updated,2026-10-08,cve_2026_to_now,2026-10-09T14:05:20+00:00
CVE-2026-66307,updated,2026-10-08,cve_2026_to_now,2026-10-09T14:05:20+00:00
CVE-2026-66308,updated,2026-10-08,cve_2026_to_now,2026-10-09T14:05:20+00:00
CVE-2026-66309,updated,2026-10-08,cve_2026_to_now,2026-10-09T14:05:20+00:00
CVE-2026-66310,updated,2026-10-08,cve_2026_to_now,2026-10-09T14:05:20+00:00
CVE-2026-66311,updated,2026-10-08,cve_2026_to_now,2026-10-09T14:05:20+00:00
CVE-2026-66312,updated,2026-10-08,cve_2026_to_now,2026-10-09T14:05:20+00:00
CVE-2026-66313,updated,2026-10-08,cve_2026_to_now,2026-10-09T14:05:20+00:00
CVE-2026-66314,updated,2026-10-08,cve_2026_to_now,2026-10-09T14:05:20+00:00
CVE-2026-66315,updated,2026-10-08,cve_2026_to_now,2026-10-09T14:05:20+00:00
CVE-2026-66316,updated,2026-10-08,cve_2026_to_now,2026-10-09T14:05:20+00:00
CVE-2026-66317,updated,2026-10-08,cve_2026_to_now,2026-10-09T14:05:20+00:00
CVE-2026-66318,updated,2026-10-08,cve_2026_to_now,2026-10-09T14:05:20+00:00
CVE-2026-66321,updated,2026-10-08,cve_2026_to_now,2026-10-09T14:05:20+00:00
CVE-2026-66322,updated,2026-10-08,cve_2026_to_now,2026-10-09T14:05:20+00:00
CVE-2026-66323,updated,2026-10-08,cve_2026_to_now,2026-10-09T14:05:20+00:00
CVE-2026-66324,updated,2026-10-08,cve_2026_to_now,2026-10-09T14:05:20+00:00
CVE-2026-66325,updated,2026-10-08,cve_2026_to_now,2026-10-09T14:05:20+00:00
CVE-2026-66326,updated,2026-10-08,cve_2026_to_now,2026-10-09T14:05:20+00:00
CVE-2026-66394,updated,2026-10-08,cve_2026_to_now,2026-10-09T14:05:20+00:00
CVE-2026-66479,updated,,cve_2026_to_now,2026-10-09T14:05:20+00:00
CVE-2026-66798,updated,2026-10-08,cve_2026_to_now,2026-10-09T14:05:20+00:00
CVE-2026-66799,updated,2026-10-08,cve_2026_to_now,2026-10-09T14:05:20+00:00
CVE-2026-66800,updated,2026-10-08,cve_2026_to_now,2026-10-09T14:05:20+00:00
CVE-2026-66802,updated,2026-10-08,cve_2026_to_now,2026-10-09T14:05:20+00:00
CVE-2026-66803,updated,2026-10-08,cve_2026_to_now,2026-10-09T14:05:20+00:00
CVE-2026-66804,updated,2026-10-08,cve_2026_to_now,2026-10-09T14:05:20+00:00
CVE-2026-66805,updated,2026-10-08,cve_2026_to_now,2026-10-09T14:05:20+00:00
CVE-2026-66806,updated,2026-10-08,cve_2026_to_now,2026-10-09T14:05:20+00:00
CVE-2026-66807,updated,2026-10-08,cve_2026_to_now,2026-10-09T14:05:20+00:00
CVE-2026-66808,updated,2026-10-08,cve_2026_to_now,2026-10-09T14:05:20+00:00
CVE-2026-66809,updated,2026-10-08,cve_2026_to_now,2026-10-09T14:05:20+00:00
CVE-2026-66810,updated,2026-10-08,cve_2026_to_now,2026-10-09T14:05:20+00:00
CVE-2026-66814,updated,2026-10-08,cve_2026_to_now,2026-10-09T14:05:20+00:00
CVE-2026-66816,updated,2026-10-08,cve_2026_to_now,2026-10-09T14:05:20+00:00
CVE-2026-66818,updated,2026-10-08,cve_2026_to_now,2026-10-09T14:05:20+00:00
CVE-2026-66819,updated,2026-10-08,cve_2026_to_now,2026-10-09T14:05:20+00:00
CVE-2026-66820,updated,2026-10-08,cve_2026_to_now,2026-10-09T14:05:20+00:00
CVE-2026-67213,updated,2026-10-08,cve_2026_to_now,2026-10-09T14:05:20+00:00
CVE-2026-67214,updated,2026-10-08,cve_2026_to_now,2026-10-09T14:05:20+00:00
CVE-2026-67269,updated,2026-10-08,cve_2026_to_now,2026-10-09T14:05:20+00:00
CVE-2026-67270,updated,2026-10-09,cve_2026_to_now,2026-10-09T14:05:20+00:00
CVE-2026-67273,updated,2026-10-08,cve_2026_to_now,2026-10-09T14:05:20+00:00
CVE-2026-67309,updated,2026-10-08,cve_2026_to_now,2026-10-09T14:05:20+00:00
CVE-2026-67310,updated,2026-10-08,cve_2026_to_now,2026-10-09T14:05:20+00:00
CVE-2026-67323,updated,2026-10-08,cve_2026_to_now,2026-10-09T14:05:20+00:00
CVE-2026-67324,updated,2026-10-08,cve_2026_to_now,2026-10-09T14:05:20+00:00
CVE-2026-67325,updated,2026-10-08,cve_2026_to_now,2026-10-09T14:05:20+00:00
CVE-2026-67328,updated,2026-10-08,cve_2026_to_now,2026-10-09T14:05:20+00:00
CVE-2026-67329,updated,2026-10-08,cve_2026_to_now,2026-10-09T14:05:20+00:00
CVE-2026-67330,updated,2026-10-08,cve_2026_to_now,2026-10-09T14:05:20+00:00
CVE-2026-67331,updated,2026-10-08,cve_2026_to_now,2026-10-09T14:05:20+00:00
CVE-2026-67332,updated,2026-10-08,cve_2026_to_now,2026-10-09T14:05:20+00:00
CVE-2026-67334,updated,2026-10-08,cve_2026_to_now,2026-10-09T14:05:20+00:00
CVE-2026-67338,updated,2026-10-08,cve_2026_to_now,2026-10-09T14:05:20+00:00
CVE-2026-67339,updated,2026-10-08,cve_2026_to_now,2026-10-09T14:05:20+00:00
CVE-2026-67353,updated,2026-10-08,cve_2026_to_now,2026-10-09T14:05:20+00:00
CVE-2026-67354,updated,2026-10-08,cve_2026_to_now,2026-10-09T14:05:20+00:00
CVE-2026-67355,updated,2026-10-08,cve_2026_to_now,2026-10-09T14:05:20+00:00
CVE-2026-67368,updated,2026-10-08,cve_2026_to_now,2026-10-09T14:05:20+00:00
CVE-2026-67369,updated,2026-10-08,cve_2026_to_now,2026-10-09T14:05:20+00:00
CVE-2026-67370,updated,2026-10-08,cve_2026_to_now,2026-10-09T14:05:20+00:00
CVE-2026-67373,updated,2026-10-08,cve_2026_to_now,2026-10-09T14:05:20+00:00
CVE-2026-67376,updated,2026-10-08,cve_2026_to_now,2026-10-09T14:05:20+00:00
CVE-2026-67378,updated,2026-10-08,cve_2026_to_now,2026-10-09T14:05:20+00:00
CVE-2026-67379,updated,2026-10-08,cve_2026_to_now,2026-10-09T14:05:20+00:00
CVE-2026-67380,updated,2026-10-08,cve_2026_to_now,2026-10-09T14:05:20+00:00
CVE-2026-67381,updated,2026-10-08,cve_2026_to_now,2026-10-09T14:05:20+00:00
CVE-2026-67383,updated,2026-10-08,cve_2026_to_now,2026-10-09T14:05:20+00:00
CVE-2026-67384,updated,2026-10-08,cve_2026_to_now,2026-10-09T14:05:20+00:00
CVE-2026-67385,updated,2026-10-08,cve_2026_to_now,2026-10-09T14:05:20+00:00
CVE-2026-67386,updated,2026-10-08,cve_2026_to_now,2026-10-09T14:05:20+00:00
CVE-2026-67388,updated,2026-10-08,cve_2026_to_now,2026-10-09T14:05:20+00:00
CVE-2026-67389,updated,2026-10-08,cve_2026_to_now,2026-10-09T14:05:20+00:00
CVE-2026-67390,updated,2026-10-08,cve_2026_to_now,2026-10-09T14:05:20+00:00
CVE-2026-67393,updated,2026-10-08,cve_2026_to_now,2026-10-09T14:05:20+00:00
CVE-2026-67624,updated,2026-10-08,cve_2026_to_now,2026-10-09T14:05:20+00:00
CVE-2026-67629,updated,2026-10-08,cve_2026_to_now,2026-10-09T14:05:20+00:00
CVE-2026-67630,updated,2026-10-08,cve_2026_to_now,2026-10-09T14:05:20+00:00
CVE-2026-67631,updated,2026-10-08,cve_2026_to_now,2026-10-09T14:05:20+00:00
CVE-2026-67633,updated,2026-10-08,cve_2026_to_now,2026-10-09T14:05:20+00:00
CVE-2026-67636,updated,2026-10-08,cve_2026_to_now,2026-10-09T14:05:20+00:00
CVE-2026-67638,updated,2026-10-08,cve_2026_to_now,2026-10-09T14:05:20+00:00
CVE-2026-67639,updated,2026-10-08,cve_2026_to_now,2026-10-09T14:05:20+00:00
CVE-2026-67641,updated,2026-10-08,cve_2026_to_now,2026-10-09T14:05:20+00:00
CVE-2026-67642,updated,2026-10-08,cve_2026_to_now,2026-10-09T14:05:20+00:00
CVE-2026-67643,updated,2026-10-08,cve_2026_to_now,2026-10-09T14:05:20+00:00
CVE-2026-67645,updated,2026-10-08,cve_2026_to_now,2026-10-09T14:05:20+00:00
CVE-2026-67648,updated,2026-10-08,cve_2026_to_now,2026-10-09T14:05:20+00:00
CVE-2026-67693,added,2026-10-09,cve_2026_to_now,2026-10-09T14:05:20+00:00
CVE-2026-68770,updated,2026-10-08,cve_2026_to_now,2026-10-09T14:05:20+00:00
CVE-2026-68775,updated,2026-10-08,cve_2026_to_now,2026-10-09T14:05:20+00:00
CVE-2026-68776,updated,2026-10-08,cve_2026_to_now,2026-10-09T14:05:20+00:00
CVE-2026-68777,updated,2026-10-08,cve_2026_to_now,2026-10-09T14:05:20+00:00
CVE-2026-68778,updated,2026-10-08,cve_2026_to_now,2026-10-09T14:05:20+00:00
CVE-2026-68779,updated,2026-10-08,cve_2026_to_now,2026-10-09T14:05:20+00:00
CVE-2026-68780,updated,2026-10-08,cve_2026_to_now,2026-10-09T14:05:20+00:00
CVE-2026-68781,updated,2026-10-08,cve_2026_to_now,2026-10-09T14:05:20+00:00
CVE-2026-68782,updated,2026-10-08,cve_2026_to_now,2026-10-09T14:05:20+00:00
CVE-2026-68784,updated,2026-10-08,cve_2026_to_now,2026-10-09T14:05:20+00:00
CVE-2026-68785,updated,2026-10-08,cve_2026_to_now,2026-10-09T14:05:20+00:00
CVE-2026-68786,updated,2026-10-08,cve_2026_to_now,2026-10-09T14:05:20+00:00
CVE-2026-68787,updated,2026-10-08,cve_2026_to_now,2026-10-09T14:05:20+00:00
CVE-2026-68789,updated,2026-10-08,cve_2026_to_now,2026-10-09T14:05:20+00:00
CVE-2026-68791,updated,2026-10-08,cve_2026_to_now,2026-10-09T14:05:20+00:00
CVE-2026-68792,updated,2026-10-08,cve_2026_to_now,2026-10-09T14:05:20+00:00
CVE-2026-68793,updated,2026-10-08,cve_2026_to_now,2026-10-09T14:05:20+00:00
CVE-2026-68794,updated,2026-10-08,cve_2026_to_now,2026-10-09T14:05:20+00:00
CVE-2026-68795,updated,2026-10-08,cve_2026_to_now,2026-10-09T14:05:20+00:00
CVE-2026-68796,updated,2026-10-08,cve_2026_to_now,2026-10-09T14:05:20+00:00
CVE-2026-68797,updated,2026-10-08,cve_2026_to_now,2026-10-09T14:05:20+00:00
CVE-2026-68798,updated,2026-10-08,cve_2026_to_now,2026-10-09T14:05:20+00:00
CVE-2026-68799,updated,2026-10-08,cve_2026_to_now,2026-10-09T14:05:20+00:00
CVE-2026-68800,updated,2026-10-08,cve_2026_to_now,2026-10-09T14:05:20+00:00
CVE-2026-68801,updated,2026-10-08,cve_2026_to_now,2026-10-09T14:05:20+00:00
CVE-2026-68802,updated,2026-10-08,cve_2026_to_now,2026-10-09T14:05:20+00:00
CVE-2026-68803,updated,2026-10-08,cve_2026_to_now,2026-10-09T14:05:20+00:00
CVE-2026-68804,updated,2026-10-08,cve_2026_to_now,2026-10-09T14:05:20+00:00
CVE-2026-68805,updated,2026-10-08,cve_2026_to_now,2026-10-09T14:05:20+00:00
CVE-2026-68806,updated,2026-10-08,cve_2026_to_now,2026-10-09T14:05:20+00:00
CVE-2026-68807,updated,2026-10-08,cve_2026_to_now,2026-10-09T14:05:20+00:00
CVE-2026-68808,updated,2026-10-08,cve_2026_to_now,2026-10-09T14:05:20+00:00
CVE-2026-68809,updated,2026-10-08,cve_2026_to_now,2026-10-09T14:05:20+00:00
CVE-2026-68810,updated,2026-10-08,cve_2026_to_now,2026-10-09T14:05:20+00:00
CVE-2026-68811,updated,2026-10-08,cve_2026_to_now,2026-10-09T14:05:20+00:00
CVE-2026-68812,updated,2026-10-08,cve_2026_to_now,2026-10-09T14:05:20+00:00
CVE-2026-68813,updated,2026-10-08,cve_2026_to_now,2026-10-09T14:05:20+00:00
CVE-2026-68814,updated,2026-10-08,cve_2026_to_now,2026-10-09T14:05:20+00:00
CVE-2026-68815,updated,2026-10-08,cve_2026_to_now,2026-10-09T14:05:20+00:00
CVE-2026-68816,updated,2026-10-08,cve_2026_to_now,2026-10-09T14:05:20+00:00
CVE-2026-68817,updated,2026-10-08,cve_2026_to_now,2026-10-09T14:05:20+00:00
CVE-2026-68819,updated,2026-10-08,cve_2026_to_now,2026-10-09T14:05:20+00:00
CVE-2026-68820,updated,2026-10-08,cve_2026_to_now,2026-10-09T14:05:20+00:00
CVE-2026-68821,updated,2026-10-08,cve_2026_to_now,2026-10-09T14:05:20+00:00
CVE-2026-68823,updated,2026-10-08,cve_2026_to_now,2026-10-09T14:05:20+00:00
CVE-2026-68824,updated,2026-10-08,cve_2026_to_now,2026-10-09T14:05:20+00:00
CVE-2026-68825,updated,2026-10-08,cve_2026_to_now,2026-10-09T14:05:20+00:00
CVE-2026-68827,updated,2026-10-08,cve_2026_to_now,2026-10-09T14:05:20+00:00
CVE-2026-68828,updated,2026-10-08,cve_2026_to_now,2026-10-09T14:05:20+00:00
CVE-2026-68830,updated,2026-10-08,cve_2026_to_now,2026-10-09T14:05:20+00:00
CVE-2026-68831,updated,2026-10-08,cve_2026_to_now,2026-10-09T14:05:20+00:00
CVE-2026-68832,updated,2026-10-08,cve_2026_to_now,2026-10-09T14:05:20+00:00
CVE-2026-68833,updated,2026-10-08,cve_2026_to_now,2026-10-09T14:05:20+00:00
CVE-2026-68834,updated,2026-10-08,cve_2026_to_now,2026-10-09T14:05:20+00:00
CVE-2026-68835,updated,2026-10-08,cve_2026_to_now,2026-10-09T14:05:20+00:00
CVE-2026-68837,updated,2026-10-08,cve_2026_to_now,2026-10-09T14:05:20+00:00
CVE-2026-68838,updated,2026-10-08,cve_2026_to_now,2026-10-09T14:05:20+00:00
CVE-2026-68839,updated,2026-10-08,cve_2026_to_now,2026-10-09T14:05:20+00:00
CVE-2026-68840,updated,2026-10-08,cve_2026_to_now,2026-10-09T14:05:20+00:00
CVE-2026-68841,updated,2026-10-08,cve_2026_to_now,2026-10-09T14:05:20+00:00
CVE-2026-68842,updated,2026-10-08,cve_2026_to_now,2026-10-09T14:05:20+00:00
CVE-2026-68843,updated,2026-10-08,cve_2026_to_now,2026-10-09T14:05:20+00:00
CVE-2026-68844,updated,2026-10-08,cve_2026_to_now,2026-10-09T14:05:20+00:00
CVE-2026-68845,updated,2026-10-08,cve_2026_to_now,2026-10-09T14:05:20+00:00
CVE-2026-68846,updated,2026-10-08,cve_2026_to_now,2026-10-09T14:05:20+00:00
CVE-2026-68847,updated,2026-10-08,cve_2026_to_now,2026-10-09T14:05:20+00:00
CVE-2026-68848,updated,2026-10-08,cve_2026_to_now,2026-10-09T14:05:20+00:00
CVE-2026-68849,updated,2026-10-08,cve_2026_to_now,2026-10-09T14:05:20+00:00
CVE-2026-68850,updated,2026-10-08,cve_2026_to_now,2026-10-09T14:05:20+00:00
CVE-2026-68851,updated,2026-10-08,cve_2026_to_now,2026-10-09T14:05:20+00:00
CVE-2026-68852,updated,2026-10-08,cve_2026_to_now,2026-10-09T14:05:20+00:00
CVE-2026-68873,updated,2026-10-08,cve_2026_to_now,2026-10-09T14:05:20+00:00
CVE-2026-68874,updated,2026-10-08,cve_2026_to_now,2026-10-09T14:05:20+00:00
CVE-2026-68875,updated,2026-10-08,cve_2026_to_now,2026-10-09T14:05:20+00:00
CVE-2026-68876,updated,2026-10-08,cve_2026_to_now,2026-10-09T14:05:20+00:00
CVE-2026-68877,updated,2026-10-08,cve_2026_to_now,2026-10-09T14:05:20+00:00
CVE-2026-68878,updated,2026-10-08,cve_2026_to_now,2026-10-09T14:05:20+00:00
CVE-2026-68880,updated,2026-10-08,cve_2026_to_now,2026-10-09T14:05:20+00:00
CVE-2026-68881,updated,2026-10-08,cve_2026_to_now,2026-10-09T14:05:20+00:00
CVE-2026-68884,updated,2026-10-08,cve_2026_to_now,2026-10-09T14:05:20+00:00
CVE-2026-68885,updated,2026-10-08,cve_2026_to_now,2026-10-09T14:05:20+00:00
CVE-2026-68886,updated,2026-10-08,cve_2026_to_now,2026-10-09T14:05:20+00:00
CVE-2026-68887,updated,2026-10-08,cve_2026_to_now,2026-10-09T14:05:20+00:00
CVE-2026-68888,updated,2026-10-08,cve_2026_to_now,2026-10-09T14:05:20+00:00
CVE-2026-68889,updated,2026-10-08,cve_2026_to_now,2026-10-09T14:05:20+00:00
CVE-2026-68890,updated,2026-10-08,cve_2026_to_now,2026-10-09T14:05:20+00:00
CVE-2026-68891,updated,2026-10-08,cve_2026_to_now,2026-10-09T14:05:20+00:00
CVE-2026-68892,updated,2026-10-08,cve_2026_to_now,2026-10-09T14:05:20+00:00
CVE-2026-68893,updated,2026-10-08,cve_2026_to_now,2026-10-09T14:05:20+00:00
CVE-2026-68894,updated,2026-10-08,cve_2026_to_now,2026-10-09T14:05:20+00:00
CVE-2026-68895,updated,2026-10-08,cve_2026_to_now,2026-10-09T14:05:20+00:00
CVE-2026-68896,updated,2026-10-08,cve_2026_to_now,2026-10-09T14:05:20+00:00
CVE-2026-68897,updated,2026-10-08,cve_2026_to_now,2026-10-09T14:05:20+00:00
CVE-2026-68898,updated,2026-10-08,cve_2026_to_now,2026-10-09T14:05:20+00:00
CVE-2026-69088,updated,2026-10-08,cve_2026_to_now,2026-10-09T14:05:20+00:00
CVE-2026-69089,updated,2026-10-08,cve_2026_to_now,2026-10-09T14:05:20+00:00
CVE-2026-69265,updated,2026-10-08,cve_2026_to_now,2026-10-09T14:05:20+00:00
CVE-2026-69266,updated,2026-10-08,cve_2026_to_now,2026-10-09T14:05:20+00:00
CVE-2026-69267,updated,2026-10-08,cve_2026_to_now,2026-10-09T14:05:20+00:00
CVE-2026-69268,updated,2026-10-08,cve_2026_to_now,2026-10-09T14:05:20+00:00
CVE-2026-69269,updated,2026-10-08,cve_2026_to_now,2026-10-09T14:05:20+00:00
CVE-2026-69270,updated,2026-10-08,cve_2026_to_now,2026-10-09T14:05:20+00:00
CVE-2026-69271,updated,2026-10-08,cve_2026_to_now,2026-10-09T14:05:20+00:00
CVE-2026-69272,updated,2026-10-08,cve_2026_to_now,2026-10-09T14:05:20+00:00
CVE-2026-69273,updated,2026-10-08,cve_2026_to_now,2026-10-09T14:05:20+00:00
CVE-2026-69274,updated,2026-10-08,cve_2026_to_now,2026-10-09T14:05:20+00:00
CVE-2026-69275,updated,2026-10-08,cve_2026_to_now,2026-10-09T14:05:20+00:00
CVE-2026-69276,updated,2026-10-08,cve_2026_to_now,2026-10-09T14:05:20+00:00
CVE-2026-69277,updated,2026-10-08,cve_2026_to_now,2026-10-09T14:05:20+00:00
CVE-2026-69278,updated,2026-10-08,cve_2026_to_now,2026-10-09T14:05:20+00:00
CVE-2026-69279,updated,2026-10-08,cve_2026_to_now,2026-10-09T14:05:20+00:00
CVE-2026-69280,updated,2026-10-08,cve_2026_to_now,2026-10-09T14:05:20+00:00
CVE-2026-69281,updated,2026-10-08,cve_2026_to_now,2026-10-09T14:05:20+00:00
CVE-2026-69282,updated,2026-10-08,cve_2026_to_now,2026-10-09T14:05:20+00:00
CVE-2026-69283,updated,2026-10-08,cve_2026_to_now,2026-10-09T14:05:20+00:00
CVE-2026-69284,updated,2026-10-08,cve_2026_to_now,2026-10-09T14:05:20+00:00
CVE-2026-69285,updated,2026-10-08,cve_2026_to_now,2026-10-09T14:05:20+00:00
CVE-2026-69286,updated,2026-10-08,cve_2026_to_now,2026-10-09T14:05:20+00:00
CVE-2026-69287,updated,2026-10-08,cve_2026_to_now,2026-10-09T14:05:20+00:00
CVE-2026-69288,updated,2026-10-08,cve_2026_to_now,2026-10-09T14:05:20+00:00
CVE-2026-69289,updated,2026-10-08,cve_2026_to_now,2026-10-09T14:05:20+00:00
CVE-2026-69290,updated,2026-10-08,cve_2026_to_now,2026-10-09T14:05:20+00:00
CVE-2026-69291,updated,2026-10-08,cve_2026_to_now,2026-10-09T14:05:20+00:00
CVE-2026-69292,updated,2026-10-08,cve_2026_to_now,2026-10-09T14:05:20+00:00
CVE-2026-69293,updated,2026-10-08,cve_2026_to_now,2026-10-09T14:05:20+00:00
CVE-2026-69294,updated,2026-10-08,cve_2026_to_now,2026-10-09T14:05:20+00:00
CVE-2026-69295,updated,2026-10-08,cve_2026_to_now,2026-10-09T14:05:20+00:00
CVE-2026-69296,updated,2026-10-08,cve_2026_to_now,2026-10-09T14:05:20+00:00
CVE-2026-69297,updated,2026-10-08,cve_2026_to_now,2026-10-09T14:05:20+00:00
CVE-2026-69298,updated,2026-10-08,cve_2026_to_now,2026-10-09T14:05:20+00:00
CVE-2026-69299,updated,2026-10-08,cve_2026_to_now,2026-10-09T14:05:20+00:00
CVE-2026-69300,updated,2026-10-08,cve_2026_to_now,2026-10-09T14:05:20+00:00
CVE-2026-69301,updated,2026-10-08,cve_2026_to_now,2026-10-09T14:05:20+00:00
CVE-2026-69303,updated,2026-10-08,cve_2026_to_now,2026-10-09T14:05:20+00:00
CVE-2026-69304,updated,2026-10-08,cve_2026_to_now,2026-10-09T14:05:20+00:00
CVE-2026-69305,updated,2026-10-08,cve_2026_to_now,2026-10-09T14:05:20+00:00
CVE-2026-69306,updated,2026-10-08,cve_2026_to_now,2026-10-09T14:05:20+00:00
CVE-2026-69307,updated,2026-10-08,cve_2026_to_now,2026-10-09T14:05:20+00:00
CVE-2026-69308,updated,2026-10-08,cve_2026_to_now,2026-10-09T14:05:20+00:00
CVE-2026-69309,updated,2026-10-08,cve_2026_to_now,2026-10-09T14:05:20+00:00
CVE-2026-69310,updated,2026-10-08,cve_2026_to_now,2026-10-09T14:05:20+00:00
CVE-2026-69311,updated,2026-10-08,cve_2026_to_now,2026-10-09T14:05:20+00:00
CVE-2026-69312,updated,2026-10-08,cve_2026_to_now,2026-10-09T14:05:20+00:00
CVE-2026-69313,updated,2026-10-08,cve_2026_to_now,2026-10-09T14:05:20+00:00
CVE-2026-69314,updated,2026-10-08,cve_2026_to_now,2026-10-09T14:05:20+00:00
CVE-2026-69315,updated,2026-10-08,cve_2026_to_now,2026-10-09T14:05:20+00:00
CVE-2026-69316,updated,2026-10-08,cve_2026_to_now,2026-10-09T14:05:20+00:00
CVE-2026-69317,updated,2026-10-08,cve_2026_to_now,2026-10-09T14:05:20+00:00
CVE-2026-69318,updated,2026-10-08,cve_2026_to_now,2026-10-09T14:05:20+00:00
CVE-2026-69319,updated,2026-10-08,cve_2026_to_now,2026-10-09T14:05:20+00:00
CVE-2026-69320,updated,2026-10-08,cve_2026_to_now,2026-10-09T14:05:20+00:00
CVE-2026-69321,updated,2026-10-08,cve_2026_to_now,2026-10-09T14:05:20+00:00
CVE-2026-69322,updated,2026-10-08,cve_2026_to_now,2026-10-09T14:05:20+00:00
CVE-2026-69323,updated,2026-10-08,cve_2026_to_now,2026-10-09T14:05:20+00:00
CVE-2026-69324,updated,2026-10-08,cve_2026_to_now,2026-10-09T14:05:20+00:00
CVE-2026-69325,updated,2026-10-08,cve_2026_to_now,2026-10-09T14:05:20+00:00
CVE-2026-69328,updated,2026-10-08,cve_2026_to_now,2026-10-09T14:05:20+00:00
CVE-2026-69329,updated,2026-10-08,cve_2026_to_now,2026-10-09T14:05:20+00:00
CVE-2026-69331,updated,2026-10-08,cve_2026_to_now,2026-10-09T14:05:20+00:00
CVE-2026-69332,updated,2026-10-08,cve_2026_to_now,2026-10-09T14:05:20+00:00
CVE-2026-69333,updated,2026-10-08,cve_2026_to_now,2026-10-09T14:05:20+00:00
CVE-2026-69334,updated,2026-10-08,cve_2026_to_now,2026-10-09T14:05:20+00:00
CVE-2026-69335,updated,2026-10-08,cve_2026_to_now,2026-10-09T14:05:20+00:00
CVE-2026-69336,updated,2026-10-08,cve_2026_to_now,2026-10-09T14:05:20+00:00
CVE-2026-69337,updated,2026-10-08,cve_2026_to_now,2026-10-09T14:05:20+00:00
CVE-2026-69338,updated,2026-10-08,cve_2026_to_now,2026-10-09T14:05:20+00:00
CVE-2026-69339,updated,2026-10-08,cve_2026_to_now,2026-10-09T14:05:20+00:00
CVE-2026-69340,updated,2026-10-08,cve_2026_to_now,2026-10-09T14:05:20+00:00
CVE-2026-69341,updated,2026-10-08,cve_2026_to_now,2026-10-09T14:05:20+00:00
CVE-2026-69342,updated,2026-10-08,cve_2026_to_now,2026-10-09T14:05:20+00:00
CVE-2026-69343,updated,2026-10-08,cve_2026_to_now,2026-10-09T14:05:20+00:00
CVE-2026-69344,updated,2026-10-08,cve_2026_to_now,2026-10-09T14:05:20+00:00
CVE-2026-69345,updated,2026-10-08,cve_2026_to_now,2026-10-09T14:05:20+00:00
CVE-2026-69346,updated,2026-10-08,cve_2026_to_now,2026-10-09T14:05:20+00:00
CVE-2026-69347,updated,2026-10-08,cve_2026_to_now,2026-10-09T14:05:20+00:00
CVE-2026-69348,updated,2026-10-08,cve_2026_to_now,2026-10-09T14:05:20+00:00
CVE-2026-69349,updated,2026-10-08,cve_2026_to_now,2026-10-09T14:05:20+00:00
CVE-2026-69350,updated,2026-10-08,cve_2026_to_now,2026-10-09T14:05:20+00:00
CVE-2026-69351,updated,2026-10-08,cve_2026_to_now,2026-10-09T14:05:20+00:00
CVE-2026-69352,updated,2026-10-08,cve_2026_to_now,2026-10-09T14:05:20+00:00
CVE-2026-69353,updated,2026-10-08,cve_2026_to_now,2026-10-09T14:05:20+00:00
CVE-2026-69355,updated,2026-10-08,cve_2026_to_now,2026-10-09T14:05:20+00:00
CVE-2026-69356,updated,2026-10-08,cve_2026_to_now,2026-10-09T14:05:20+00:00
CVE-2026-69357,updated,2026-10-08,cve_2026_to_now,2026-10-09T14:05:20+00:00
CVE-2026-69358,updated,2026-10-08,cve_2026_to_now,2026-10-09T14:05:20+00:00
CVE-2026-69359,updated,2026-10-08,cve_2026_to_now,2026-10-09T14:05:20+00:00
CVE-2026-69360,updated,2026-10-08,cve_2026_to_now,2026-10-09T14:05:20+00:00
CVE-2026-69361,updated,2026-10-08,cve_2026_to_now,2026-10-09T14:05:20+00:00
CVE-2026-69362,updated,2026-10-08,cve_2026_to_now,2026-10-09T14:05:20+00:00
CVE-2026-69364,updated,2026-10-08,cve_2026_to_now,2026-10-09T14:05:20+00:00
CVE-2026-69365,updated,2026-10-08,cve_2026_to_now,2026-10-09T14:05:20+00:00
CVE-2026-69366,updated,2026-10-08,cve_2026_to_now,2026-10-09T14:05:20+00:00
CVE-2026-69367,updated,2026-10-08,cve_2026_to_now,2026-10-09T14:05:20+00:00
CVE-2026-69368,updated,2026-10-08,cve_2026_to_now,2026-10-09T14:05:20+00:00
CVE-2026-69369,updated,2026-10-08,cve_2026_to_now,2026-10-09T14:05:20+00:00
CVE-2026-69371,updated,2026-10-08,cve_2026_to_now,2026-10-09T14:05:20+00:00
CVE-2026-69372,updated,2026-10-08,cve_2026_to_now,2026-10-09T14:05:20+00:00
CVE-2026-69373,updated,2026-10-08,cve_2026_to_now,2026-10-09T14:05:20+00:00
CVE-2026-69374,updated,2026-10-08,cve_2026_to_now,2026-10-09T14:05:20+00:00
CVE-2026-69375,updated,2026-10-08,cve_2026_to_now,2026-10-09T14:05:20+00:00
CVE-2026-69376,updated,2026-10-08,cve_2026_to_now,2026-10-09T14:05:20+00:00
CVE-2026-69377,updated,2026-10-08,cve_2026_to_now,2026-10-09T14:05:20+00:00
CVE-2026-69378,updated,2026-10-08,cve_2026_to_now,2026-10-09T14:05:20+00:00
CVE-2026-69379,updated,2026-10-08,cve_2026_to_now,2026-10-09T14:05:20+00:00
CVE-2026-69380,updated,2026-10-08,cve_2026_to_now,2026-10-09T14:05:20+00:00
CVE-2026-69381,updated,2026-10-08,cve_2026_to_now,2026-10-09T14:05:20+00:00
CVE-2026-69382,updated,2026-10-08,cve_2026_to_now,2026-10-09T14:05:20+00:00
CVE-2026-69383,updated,2026-10-08,cve_2026_to_now,2026-10-09T14:05:20+00:00
CVE-2026-69384,updated,2026-10-08,cve_2026_to_now,2026-10-09T14:05:20+00:00
CVE-2026-69385,updated,2026-10-08,cve_2026_to_now,2026-10-09T14:05:20+00:00
CVE-2026-69386,updated,2026-10-08,cve_2026_to_now,2026-10-09T14:05:20+00:00
CVE-2026-69388,updated,2026-10-08,cve_2026_to_now,2026-10-09T14:05:20+00:00
CVE-2026-69389,updated,2026-10-08,cve_2026_to_now,2026-10-09T14:05:20+00:00
CVE-2026-69390,updated,2026-10-08,cve_2026_to_now,2026-10-09T14:05:20+00:00
CVE-2026-69391,updated,2026-10-08,cve_2026_to_now,2026-10-09T14:05:20+00:00
CVE-2026-69392,updated,2026-10-08,cve_2026_to_now,2026-10-09T14:05:20+00:00
CVE-2026-69393,updated,2026-10-08,cve_2026_to_now,2026-10-09T14:05:20+00:00
CVE-2026-69394,updated,2026-10-08,cve_2026_to_now,2026-10-09T14:05:20+00:00
CVE-2026-69395,updated,2026-10-08,cve_2026_to_now,2026-10-09T14:05:20+00:00
CVE-2026-69396,updated,2026-10-08,cve_2026_to_now,2026-10-09T14:05:20+00:00
CVE-2026-69397,updated,2026-10-08,cve_2026_to_now,2026-10-09T14:05:20+00:00
CVE-2026-69398,updated,2026-10-08,cve_2026_to_now,2026-10-09T14:05:20+00:00
CVE-2026-69399,updated,2026-10-08,cve_2026_to_now,2026-10-09T14:05:20+00:00
CVE-2026-69400,updated,2026-10-08,cve_2026_to_now,2026-10-09T14:05:20+00:00
CVE-2026-69401,updated,2026-10-08,cve_2026_to_now,2026-10-09T14:05:20+00:00
CVE-2026-69402,updated,2026-10-08,cve_2026_to_now,2026-10-09T14:05:20+00:00
CVE-2026-69403,updated,2026-10-08,cve_2026_to_now,2026-10-09T14:05:20+00:00
CVE-2026-69404,updated,2026-10-08,cve_2026_to_now,2026-10-09T14:05:20+00:00
CVE-2026-69405,updated,2026-10-08,cve_2026_to_now,2026-10-09T14:05:20+00:00
CVE-2026-69406,updated,2026-10-08,cve_2026_to_now,2026-10-09T14:05:20+00:00
CVE-2026-69407,updated,2026-10-08,cve_2026_to_now,2026-10-09T14:05:20+00:00
CVE-2026-69408,updated,2026-10-08,cve_2026_to_now,2026-10-09T14:05:20+00:00
CVE-2026-69409,updated,2026-10-08,cve_2026_to_now,2026-10-09T14:05:20+00:00
CVE-2026-69410,updated,2026-10-08,cve_2026_to_now,2026-10-09T14:05:20+00:00
CVE-2026-69412,updated,2026-10-08,cve_2026_to_now,2026-10-09T14:05:20+00:00
CVE-2026-69413,updated,2026-10-08,cve_2026_to_now,2026-10-09T14:05:20+00:00
CVE-2026-69414,updated,2026-10-08,cve_2026_to_now,2026-10-09T14:05:20+00:00
CVE-2026-69415,updated,2026-10-08,cve_2026_to_now,2026-10-09T14:05:20+00:00
CVE-2026-69416,updated,2026-10-08,cve_2026_to_now,2026-10-09T14:05:20+00:00
CVE-2026-69417,updated,2026-10-08,cve_2026_to_now,2026-10-09T14:05:20+00:00
CVE-2026-69418,updated,2026-10-08,cve_2026_to_now,2026-10-09T14:05:20+00:00
CVE-2026-69419,updated,2026-10-08,cve_2026_to_now,2026-10-09T14:05:20+00:00
CVE-2026-69420,updated,2026-10-08,cve_2026_to_now,2026-10-09T14:05:20+00:00
CVE-2026-69421,updated,2026-10-08,cve_2026_to_now,2026-10-09T14:05:20+00:00
CVE-2026-69422,updated,2026-10-08,cve_2026_to_now,2026-10-09T14:05:20+00:00
CVE-2026-69423,updated,2026-10-08,cve_2026_to_now,2026-10-09T14:05:20+00:00
CVE-2026-69424,updated,2026-10-08,cve_2026_to_now,2026-10-09T14:05:20+00:00
CVE-2026-69425,updated,2026-10-08,cve_2026_to_now,2026-10-09T14:05:20+00:00
CVE-2026-69426,updated,2026-10-08,cve_2026_to_now,2026-10-09T14:05:20+00:00
CVE-2026-69427,updated,2026-10-08,cve_2026_to_now,2026-10-09T14:05:20+00:00
CVE-2026-69428,updated,2026-10-08,cve_2026_to_now,2026-10-09T14:05:20+00:00
CVE-2026-69429,updated,2026-10-08,cve_2026_to_now,2026-10-09T14:05:20+00:00
CVE-2026-69430,updated,2026-10-08,cve_2026_to_now,2026-10-09T14:05:20+00:00
CVE-2026-69431,updated,2026-10-08,cve_2026_to_now,2026-10-09T14:05:20+00:00
CVE-2026-69432,updated,2026-10-08,cve_2026_to_now,2026-10-09T14:05:20+00:00
CVE-2026-69433,updated,2026-10-08,cve_2026_to_now,2026-10-09T14:05:20+00:00
CVE-2026-69434,updated,2026-10-08,cve_2026_to_now,2026-10-09T14:05:20+00:00
CVE-2026-69435,added,,cve_2026_to_now,2026-10-09T14:05:20+00:00
CVE-2026-69436,updated,2026-10-08,cve_2026_to_now,2026-10-09T14:05:20+00:00
CVE-2026-69438,updated,2026-10-08,cve_2026_to_now,2026-10-09T14:05:20+00:00
CVE-2026-69439,updated,2026-10-08,cve_2026_to_now,2026-10-09T14:05:20+00:00
CVE-2026-69440,updated,2026-10-08,cve_2026_to_now,2026-10-09T14:05:20+00:00
CVE-2026-69441,updated,2026-10-08,cve_2026_to_now,2026-10-09T14:05:20+00:00
CVE-2026-69442,updated,2026-10-08,cve_2026_to_now,2026-10-09T14:05:20+00:00
CVE-2026-69443,updated,2026-10-08,cve_2026_to_now,2026-10-09T14:05:20+00:00
CVE-2026-69444,updated,2026-10-08,cve_2026_to_now,2026-10-09T14:05:20+00:00
CVE-2026-69445,updated,2026-10-08,cve_2026_to_now,2026-10-09T14:05:20+00:00
CVE-2026-69447,updated,2026-10-08,cve_2026_to_now,2026-10-09T14:05:20+00:00
CVE-2026-69448,updated,2026-10-08,cve_2026_to_now,2026-10-09T14:05:20+00:00
CVE-2026-69449,updated,2026-10-08,cve_2026_to_now,2026-10-09T14:05:20+00:00
CVE-2026-69450,updated,2026-10-08,cve_2026_to_now,2026-10-09T14:05:20+00:00
CVE-2026-69451,updated,2026-10-08,cve_2026_to_now,2026-10-09T14:05:20+00:00
CVE-2026-69453,updated,2026-10-08,cve_2026_to_now,2026-10-09T14:05:20+00:00
CVE-2026-69455,updated,2026-10-08,cve_2026_to_now,2026-10-09T14:05:20+00:00
CVE-2026-69456,updated,2026-10-08,cve_2026_to_now,2026-10-09T14:05:20+00:00
CVE-2026-69457,updated,2026-10-08,cve_2026_to_now,2026-10-09T14:05:20+00:00
CVE-2026-69458,updated,2026-10-08,cve_2026_to_now,2026-10-09T14:05:20+00:00
CVE-2026-69459,updated,2026-10-08,cve_2026_to_now,2026-10-09T14:05:20+00:00
CVE-2026-69460,updated,2026-10-08,cve_2026_to_now,2026-10-09T14:05:20+00:00
CVE-2026-69461,updated,2026-10-08,cve_2026_to_now,2026-10-09T14:05:20+00:00
CVE-2026-69462,updated,2026-10-08,cve_2026_to_now,2026-10-09T14:05:20+00:00
CVE-2026-69463,updated,2026-10-08,cve_2026_to_now,2026-10-09T14:05:20+00:00
CVE-2026-69464,updated,2026-10-08,cve_2026_to_now,2026-10-09T14:05:20+00:00
CVE-2026-69465,updated,2026-10-08,cve_2026_to_now,2026-10-09T14:05:20+00:00
CVE-2026-69466,updated,2026-10-08,cve_2026_to_now,2026-10-09T14:05:20+00:00
CVE-2026-69467,updated,2026-10-08,cve_2026_to_now,2026-10-09T14:05:20+00:00
CVE-2026-69468,updated,2026-10-08,cve_2026_to_now,2026-10-09T14:05:20+00:00
CVE-2026-69469,updated,2026-10-08,cve_2026_to_now,2026-10-09T14:05:20+00:00
CVE-2026-69470,updated,2026-10-08,cve_2026_to_now,2026-10-09T14:05:20+00:00
CVE-2026-69472,updated,2026-10-08,cve_2026_to_now,2026-10-09T14:05:20+00:00
CVE-2026-69473,updated,2026-10-08,cve_2026_to_now,2026-10-09T14:05:20+00:00
CVE-2026-69474,updated,2026-10-08,cve_2026_to_now,2026-10-09T14:05:20+00:00
CVE-2026-69475,updated,2026-10-08,cve_2026_to_now,2026-10-09T14:05:20+00:00
CVE-2026-69476,updated,2026-10-08,cve_2026_to_now,2026-10-09T14:05:20+00:00
CVE-2026-69477,updated,2026-10-08,cve_2026_to_now,2026-10-09T14:05:20+00:00
CVE-2026-69478,updated,2026-10-08,cve_2026_to_now,2026-10-09T14:05:20+00:00
CVE-2026-69479,updated,2026-10-08,cve_2026_to_now,2026-10-09T14:05:20+00:00
CVE-2026-69480,updated,2026-10-08,cve_2026_to_now,2026-10-09T14:05:20+00:00
CVE-2026-69481,updated,2026-10-08,cve_2026_to_now,2026-10-09T14:05:20+00:00
CVE-2026-69482,updated,2026-10-08,cve_2026_to_now,2026-10-09T14:05:20+00:00
CVE-2026-69483,updated,2026-10-08,cve_2026_to_now,2026-10-09T14:05:20+00:00
CVE-2026-69485,updated,2026-10-08,cve_2026_to_now,2026-10-09T14:05:20+00:00
CVE-2026-69486,updated,2026-10-08,cve_2026_to_now,2026-10-09T14:05:20+00:00
CVE-2026-69488,updated,2026-10-08,cve_2026_to_now,2026-10-09T14:05:20+00:00
CVE-2026-69489,updated,2026-10-08,cve_2026_to_now,2026-10-09T14:05:20+00:00
CVE-2026-69490,updated,2026-10-08,cve_2026_to_now,2026-10-09T14:05:20+00:00
CVE-2026-69491,updated,2026-10-08,cve_2026_to_now,2026-10-09T14:05:20+00:00
CVE-2026-69492,updated,2026-10-08,cve_2026_to_now,2026-10-09T14:05:20+00:00
CVE-2026-69493,updated,2026-10-08,cve_2026_to_now,2026-10-09T14:05:20+00:00
CVE-2026-69494,updated,2026-10-08,cve_2026_to_now,2026-10-09T14:05:20+00:00
CVE-2026-69495,updated,2026-10-08,cve_2026_to_now,2026-10-09T14:05:20+00:00
CVE-2026-69496,updated,2026-10-08,cve_2026_to_now,2026-10-09T14:05:20+00:00
CVE-2026-69497,updated,2026-10-08,cve_2026_to_now,2026-10-09T14:05:20+00:00
CVE-2026-69498,updated,2026-10-08,cve_2026_to_now,2026-10-09T14:05:20+00:00
CVE-2026-69499,updated,2026-10-08,cve_2026_to_now,2026-10-09T14:05:20+00:00
CVE-2026-69500,updated,2026-10-08,cve_2026_to_now,2026-10-09T14:05:20+00:00
CVE-2026-69501,updated,2026-10-08,cve_2026_to_now,2026-10-09T14:05:20+00:00
CVE-2026-69502,updated,2026-10-08,cve_2026_to_now,2026-10-09T14:05:20+00:00
CVE-2026-69503,updated,2026-10-08,cve_2026_to_now,2026-10-09T14:05:20+00:00
CVE-2026-69504,updated,2026-10-08,cve_2026_to_now,2026-10-09T14:05:20+00:00
CVE-2026-69505,updated,2026-10-08,cve_2026_to_now,2026-10-09T14:05:20+00:00
CVE-2026-69507,updated,2026-10-08,cve_2026_to_now,2026-10-09T14:05:20+00:00
CVE-2026-69508,updated,2026-10-08,cve_2026_to_now,2026-10-09T14:05:20+00:00
CVE-2026-69509,updated,2026-10-08,cve_2026_to_now,2026-10-09T14:05:20+00:00
CVE-2026-69510,updated,2026-10-08,cve_2026_to_now,2026-10-09T14:05:20+00:00
CVE-2026-69511,updated,2026-10-08,cve_2026_to_now,2026-10-09T14:05:20+00:00
CVE-2026-69512,updated,2026-10-08,cve_2026_to_now,2026-10-09T14:05:20+00:00
CVE-2026-69513,updated,2026-10-08,cve_2026_to_now,2026-10-09T14:05:20+00:00
CVE-2026-69514,updated,2026-10-08,cve_2026_to_now,2026-10-09T14:05:20+00:00
CVE-2026-69516,updated,2026-10-08,cve_2026_to_now,2026-10-09T14:05:20+00:00
CVE-2026-69517,updated,2026-10-08,cve_2026_to_now,2026-10-09T14:05:20+00:00
CVE-2026-69518,updated,2026-10-08,cve_2026_to_now,2026-10-09T14:05:20+00:00
CVE-2026-69519,updated,2026-10-08,cve_2026_to_now,2026-10-09T14:05:20+00:00
CVE-2026-69522,updated,2026-10-08,cve_2026_to_now,2026-10-09T14:05:20+00:00
CVE-2026-69524,updated,2026-10-08,cve_2026_to_now,2026-10-09T14:05:20+00:00
CVE-2026-69525,updated,2026-10-08,cve_2026_to_now,2026-10-09T14:05:20+00:00
CVE-2026-69527,updated,2026-10-08,cve_2026_to_now,2026-10-09T14:05:20+00:00
CVE-2026-69528,updated,2026-10-08,cve_2026_to_now,2026-10-09T14:05:20+00:00
CVE-2026-69529,updated,2026-10-08,cve_2026_to_now,2026-10-09T14:05:20+00:00
CVE-2026-69530,updated,2026-10-08,cve_2026_to_now,2026-10-09T14:05:20+00:00
CVE-2026-69531,updated,2026-10-08,cve_2026_to_now,2026-10-09T14:05:20+00:00
CVE-2026-69532,updated,2026-10-08,cve_2026_to_now,2026-10-09T14:05:20+00:00
CVE-2026-69534,updated,2026-10-08,cve_2026_to_now,2026-10-09T14:05:20+00:00
CVE-2026-69535,updated,2026-10-08,cve_2026_to_now,2026-10-09T14:05:20+00:00
CVE-2026-69536,updated,2026-10-08,cve_2026_to_now,2026-10-09T14:05:20+00:00
CVE-2026-69538,updated,2026-10-08,cve_2026_to_now,2026-10-09T14:05:20+00:00
CVE-2026-69539,updated,2026-10-08,cve_2026_to_now,2026-10-09T14:05:20+00:00
CVE-2026-69540,updated,2026-10-08,cve_2026_to_now,2026-10-09T14:05:20+00:00
CVE-2026-69541,updated,2026-10-08,cve_2026_to_now,2026-10-09T14:05:20+00:00
CVE-2026-69542,updated,2026-10-08,cve_2026_to_now,2026-10-09T14:05:20+00:00
CVE-2026-69543,updated,2026-10-08,cve_2026_to_now,2026-10-09T14:05:20+00:00
CVE-2026-69544,updated,2026-10-08,cve_2026_to_now,2026-10-09T14:05:20+00:00
CVE-2026-69546,updated,2026-10-08,cve_2026_to_now,2026-10-09T14:05:20+00:00
CVE-2026-69547,updated,2026-10-08,cve_2026_to_now,2026-10-09T14:05:20+00:00
CVE-2026-69548,updated,2026-10-08,cve_2026_to_now,2026-10-09T14:05:20+00:00
CVE-2026-69549,updated,2026-10-08,cve_2026_to_now,2026-10-09T14:05:20+00:00
CVE-2026-69550,updated,2026-10-08,cve_2026_to_now,2026-10-09T14:05:20+00:00
CVE-2026-69551,updated,2026-10-08,cve_2026_to_now,2026-10-09T14:05:20+00:00
CVE-2026-69552,updated,2026-10-08,cve_2026_to_now,2026-10-09T14:05:20+00:00
CVE-2026-69553,updated,2026-10-08,cve_2026_to_now,2026-10-09T14:05:20+00:00
CVE-2026-69554,updated,2026-10-08,cve_2026_to_now,2026-10-09T14:05:20+00:00
CVE-2026-69555,updated,2026-10-08,cve_2026_to_now,2026-10-09T14:05:20+00:00
CVE-2026-69556,updated,2026-10-08,cve_2026_to_now,2026-10-09T14:05:20+00:00
CVE-2026-69558,updated,2026-10-08,cve_2026_to_now,2026-10-09T14:05:20+00:00
CVE-2026-69559,updated,2026-10-08,cve_2026_to_now,2026-10-09T14:05:20+00:00
CVE-2026-69560,updated,2026-10-08,cve_2026_to_now,2026-10-09T14:05:20+00:00
CVE-2026-69561,updated,2026-10-08,cve_2026_to_now,2026-10-09T14:05:20+00:00
CVE-2026-69562,updated,2026-10-08,cve_2026_to_now,2026-10-09T14:05:20+00:00
CVE-2026-69563,updated,2026-10-08,cve_2026_to_now,2026-10-09T14:05:20+00:00
CVE-2026-69564,updated,2026-10-08,cve_2026_to_now,2026-10-09T14:05:20+00:00
CVE-2026-69566,updated,2026-10-08,cve_2026_to_now,2026-10-09T14:05:20+00:00
CVE-2026-69567,updated,2026-10-08,cve_2026_to_now,2026-10-09T14:05:20+00:00
CVE-2026-69568,updated,2026-10-08,cve_2026_to_now,2026-10-09T14:05:20+00:00
CVE-2026-69569,updated,2026-10-08,cve_2026_to_now,2026-10-09T14:05:20+00:00
CVE-2026-69571,updated,2026-10-08,cve_2026_to_now,2026-10-09T14:05:20+00:00
CVE-2026-69572,updated,2026-10-08,cve_2026_to_now,2026-10-09T14:05:20+00:00
CVE-2026-69573,updated,2026-10-08,cve_2026_to_now,2026-10-09T14:05:20+00:00
CVE-2026-69574,updated,2026-10-08,cve_2026_to_now,2026-10-09T14:05:20+00:00
CVE-2026-69575,updated,2026-10-08,cve_2026_to_now,2026-10-09T14:05:20+00:00
CVE-2026-69576,updated,2026-10-08,cve_2026_to_now,2026-10-09T14:05:20+00:00
CVE-2026-69578,updated,2026-10-08,cve_2026_to_now,2026-10-09T14:05:20+00:00
CVE-2026-69579,updated,2026-10-08,cve_2026_to_now,2026-10-09T14:05:20+00:00
CVE-2026-69580,updated,2026-10-08,cve_2026_to_now,2026-10-09T14:05:20+00:00
CVE-2026-69581,updated,2026-10-08,cve_2026_to_now,2026-10-09T14:05:20+00:00
CVE-2026-69582,updated,2026-10-08,cve_2026_to_now,2026-10-09T14:05:20+00:00
CVE-2026-69583,updated,2026-10-08,cve_2026_to_now,2026-10-09T14:05:20+00:00
CVE-2026-69584,updated,2026-10-08,cve_2026_to_now,2026-10-09T14:05:20+00:00
CVE-2026-69585,updated,2026-10-08,cve_2026_to_now,2026-10-09T14:05:20+00:00
CVE-2026-69586,updated,2026-10-08,cve_2026_to_now,2026-10-09T14:05:20+00:00
CVE-2026-69587,updated,2026-10-08,cve_2026_to_now,2026-10-09T14:05:20+00:00
CVE-2026-69588,updated,2026-10-08,cve_2026_to_now,2026-10-09T14:05:20+00:00
CVE-2026-69589,updated,2026-10-08,cve_2026_to_now,2026-10-09T14:05:20+00:00
CVE-2026-69590,updated,2026-10-08,cve_2026_to_now,2026-10-09T14:05:20+00:00
CVE-2026-69591,updated,2026-10-08,cve_2026_to_now,2026-10-09T14:05:20+00:00
CVE-2026-69592,updated,2026-10-08,cve_2026_to_now,2026-10-09T14:05:20+00:00
CVE-2026-69593,updated,2026-10-08,cve_2026_to_now,2026-10-09T14:05:20+00:00
CVE-2026-69594,updated,2026-10-08,cve_2026_to_now,2026-10-09T14:05:20+00:00
CVE-2026-69595,updated,2026-10-08,cve_2026_to_now,2026-10-09T14:05:20+00:00
CVE-2026-69597,updated,2026-10-08,cve_2026_to_now,2026-10-09T14:05:20+00:00
CVE-2026-69598,updated,2026-10-08,cve_2026_to_now,2026-10-09T14:05:20+00:00
CVE-2026-69599,updated,2026-10-08,cve_2026_to_now,2026-10-09T14:05:20+00:00
CVE-2026-69600,updated,2026-10-08,cve_2026_to_now,2026-10-09T14:05:20+00:00
CVE-2026-69601,updated,2026-10-08,cve_2026_to_now,2026-10-09T14:05:20+00:00
CVE-2026-69602,updated,2026-10-08,cve_2026_to_now,2026-10-09T14:05:20+00:00
CVE-2026-69603,updated,2026-10-08,cve_2026_to_now,2026-10-09T14:05:20+00:00
CVE-2026-69604,updated,2026-10-08,cve_2026_to_now,2026-10-09T14:05:20+00:00
CVE-2026-69605,updated,2026-10-08,cve_2026_to_now,2026-10-09T14:05:20+00:00
CVE-2026-69606,updated,2026-10-08,cve_2026_to_now,2026-10-09T14:05:20+00:00
CVE-2026-69607,updated,2026-10-08,cve_2026_to_now,2026-10-09T14:05:20+00:00
CVE-2026-69608,updated,2026-10-08,cve_2026_to_now,2026-10-09T14:05:20+00:00
CVE-2026-69609,updated,2026-10-08,cve_2026_to_now,2026-10-09T14:05:20+00:00
CVE-2026-69610,updated,2026-10-08,cve_2026_to_now,2026-10-09T14:05:20+00:00
CVE-2026-69611,updated,2026-10-08,cve_2026_to_now,2026-10-09T14:05:20+00:00
CVE-2026-69612,updated,2026-10-08,cve_2026_to_now,2026-10-09T14:05:20+00:00
CVE-2026-69613,updated,2026-10-08,cve_2026_to_now,2026-10-09T14:05:20+00:00
CVE-2026-69614,updated,2026-10-08,cve_2026_to_now,2026-10-09T14:05:20+00:00
CVE-2026-69615,updated,2026-10-08,cve_2026_to_now,2026-10-09T14:05:20+00:00
CVE-2026-69616,updated,2026-10-08,cve_2026_to_now,2026-10-09T14:05:20+00:00
CVE-2026-69617,updated,2026-10-08,cve_2026_to_now,2026-10-09T14:05:20+00:00
CVE-2026-69618,updated,2026-10-08,cve_2026_to_now,2026-10-09T14:05:20+00:00
CVE-2026-69619,updated,2026-10-08,cve_2026_to_now,2026-10-09T14:05:20+00:00
CVE-2026-69620,updated,2026-10-08,cve_2026_to_now,2026-10-09T14:05:20+00:00
CVE-2026-69621,updated,2026-10-08,cve_2026_to_now,2026-10-09T14:05:20+00:00
CVE-2026-69623,updated,2026-10-08,cve_2026_to_now,2026-10-09T14:05:20+00:00
CVE-2026-69624,updated,2026-10-08,cve_2026_to_now,2026-10-09T14:05:20+00:00
CVE-2026-69625,updated,2026-10-08,cve_2026_to_now,2026-10-09T14:05:20+00:00
CVE-2026-69626,updated,2026-10-08,cve_2026_to_now,2026-10-09T14:05:20+00:00
CVE-2026-69627,updated,2026-10-08,cve_2026_to_now,2026-10-09T14:05:20+00:00
CVE-2026-69628,updated,2026-10-08,cve_2026_to_now,2026-10-09T14:05:20+00:00
CVE-2026-69629,updated,2026-10-08,cve_2026_to_now,2026-10-09T14:05:20+00:00
CVE-2026-69630,updated,2026-10-08,cve_2026_to_now,2026-10-09T14:05:20+00:00
CVE-2026-69631,updated,2026-10-08,cve_2026_to_now,2026-10-09T14:05:20+00:00
CVE-2026-69632,updated,2026-10-08,cve_2026_to_now,2026-10-09T14:05:20+00:00
CVE-2026-69636,updated,2026-10-08,cve_2026_to_now,2026-10-09T14:05:20+00:00
CVE-2026-69637,updated,2026-10-08,cve_2026_to_now,2026-10-09T14:05:20+00:00
CVE-2026-69638,updated,2026-10-08,cve_2026_to_now,2026-10-09T14:05:20+00:00
CVE-2026-69641,updated,2026-10-08,cve_2026_to_now,2026-10-09T14:05:20+00:00
CVE-2026-69642,updated,2026-10-08,cve_2026_to_now,2026-10-09T14:05:20+00:00
CVE-2026-69643,updated,2026-10-08,cve_2026_to_now,2026-10-09T14:05:20+00:00
CVE-2026-69645,updated,2026-10-08,cve_2026_to_now,2026-10-09T14:05:20+00:00
CVE-2026-69646,updated,2026-10-08,cve_2026_to_now,2026-10-09T14:05:20+00:00
CVE-2026-69648,updated,2026-10-08,cve_2026_to_now,2026-10-09T14:05:20+00:00
CVE-2026-69649,updated,2026-10-08,cve_2026_to_now,2026-10-09T14:05:20+00:00
CVE-2026-69652,updated,2026-10-08,cve_2026_to_now,2026-10-09T14:05:20+00:00
CVE-2026-69654,updated,2026-10-08,cve_2026_to_now,2026-10-09T14:05:20+00:00
CVE-2026-69669,updated,2026-10-08,cve_2026_to_now,2026-10-09T14:05:20+00:00
CVE-2026-69671,updated,2026-10-08,cve_2026_to_now,2026-10-09T14:05:20+00:00
CVE-2026-69672,updated,2026-10-08,cve_2026_to_now,2026-10-09T14:05:20+00:00
CVE-2026-69674,updated,2026-10-08,cve_2026_to_now,2026-10-09T14:05:20+00:00
CVE-2026-69676,updated,2026-10-08,cve_2026_to_now,2026-10-09T14:05:20+00:00
CVE-2026-69678,updated,2026-10-08,cve_2026_to_now,2026-10-09T14:05:20+00:00
CVE-2026-69679,updated,2026-10-08,cve_2026_to_now,2026-10-09T14:05:20+00:00
CVE-2026-69680,updated,2026-10-08,cve_2026_to_now,2026-10-09T14:05:20+00:00
CVE-2026-69681,updated,2026-10-08,cve_2026_to_now,2026-10-09T14:05:20+00:00
CVE-2026-69682,updated,2026-10-08,cve_2026_to_now,2026-10-09T14:05:20+00:00
CVE-2026-69683,updated,2026-10-08,cve_2026_to_now,2026-10-09T14:05:20+00:00
CVE-2026-69684,updated,2026-10-08,cve_2026_to_now,2026-10-09T14:05:20+00:00
CVE-2026-69685,updated,2026-10-08,cve_2026_to_now,2026-10-09T14:05:20+00:00
CVE-2026-69686,updated,2026-10-08,cve_2026_to_now,2026-10-09T14:05:20+00:00
CVE-2026-69687,updated,2026-10-08,cve_2026_to_now,2026-10-09T14:05:20+00:00
CVE-2026-69688,updated,2026-10-08,cve_2026_to_now,2026-10-09T14:05:20+00:00
CVE-2026-69689,updated,2026-10-08,cve_2026_to_now,2026-10-09T14:05:20+00:00
CVE-2026-69690,updated,2026-10-08,cve_2026_to_now,2026-10-09T14:05:20+00:00
CVE-2026-69691,updated,2026-10-08,cve_2026_to_now,2026-10-09T14:05:20+00:00
CVE-2026-69692,updated,2026-10-08,cve_2026_to_now,2026-10-09T14:05:20+00:00
CVE-2026-69693,updated,2026-10-08,cve_2026_to_now,2026-10-09T14:05:20+00:00
CVE-2026-69694,updated,2026-10-08,cve_2026_to_now,2026-10-09T14:05:20+00:00
CVE-2026-69706,updated,2026-10-08,cve_2026_to_now,2026-10-09T14:05:20+00:00
CVE-2026-69707,updated,2026-10-08,cve_2026_to_now,2026-10-09T14:05:20+00:00
CVE-2026-69708,updated,2026-10-08,cve_2026_to_now,2026-10-09T14:05:20+00:00
CVE-2026-69709,updated,2026-10-08,cve_2026_to_now,2026-10-09T14:05:20+00:00
CVE-2026-69710,updated,2026-10-08,cve_2026_to_now,2026-10-09T14:05:20+00:00
CVE-2026-69711,updated,2026-10-08,cve_2026_to_now,2026-10-09T14:05:20+00:00
CVE-2026-69712,updated,2026-10-08,cve_2026_to_now,2026-10-09T14:05:20+00:00
CVE-2026-69713,updated,2026-10-08,cve_2026_to_now,2026-10-09T14:05:20+00:00
CVE-2026-69714,updated,2026-10-08,cve_2026_to_now,2026-10-09T14:05:20+00:00
CVE-2026-69715,updated,2026-10-08,cve_2026_to_now,2026-10-09T14:05:20+00:00
CVE-2026-69716,updated,2026-10-08,cve_2026_to_now,2026-10-09T14:05:20+00:00
CVE-2026-69717,updated,2026-10-08,cve_2026_to_now,2026-10-09T14:05:20+00:00
CVE-2026-69719,updated,2026-10-08,cve_2026_to_now,2026-10-09T14:05:20+00:00
CVE-2026-69720,updated,2026-10-08,cve_2026_to_now,2026-10-09T14:05:20+00:00
CVE-2026-69722,updated,2026-10-08,cve_2026_to_now,2026-10-09T14:05:20+00:00
CVE-2026-69723,updated,2026-10-08,cve_2026_to_now,2026-10-09T14:05:20+00:00
CVE-2026-69724,updated,2026-10-08,cve_2026_to_now,2026-10-09T14:05:20+00:00
CVE-2026-69725,updated,2026-10-08,cve_2026_to_now,2026-10-09T14:05:20+00:00
CVE-2026-69727,updated,2026-10-08,cve_2026_to_now,2026-10-09T14:05:20+00:00
CVE-2026-69729,updated,2026-10-08,cve_2026_to_now,2026-10-09T14:05:20+00:00
CVE-2026-69730,updated,2026-10-08,cve_2026_to_now,2026-10-09T14:05:20+00:00
CVE-2026-69731,updated,2026-10-08,cve_2026_to_now,2026-10-09T14:05:20+00:00
CVE-2026-69732,updated,2026-10-08,cve_2026_to_now,2026-10-09T14:05:20+00:00
CVE-2026-69734,updated,2026-10-08,cve_2026_to_now,2026-10-09T14:05:20+00:00
CVE-2026-69735,updated,2026-10-08,cve_2026_to_now,2026-10-09T14:05:20+00:00
CVE-2026-69738,updated,2026-10-08,cve_2026_to_now,2026-10-09T14:05:20+00:00
CVE-2026-69739,updated,2026-10-08,cve_2026_to_now,2026-10-09T14:05:20+00:00
CVE-2026-69740,updated,2026-10-08,cve_2026_to_now,2026-10-09T14:05:20+00:00
CVE-2026-69741,updated,2026-10-08,cve_2026_to_now,2026-10-09T14:05:20+00:00
CVE-2026-69742,updated,2026-10-08,cve_2026_to_now,2026-10-09T14:05:20+00:00
CVE-2026-69744,updated,2026-10-08,cve_2026_to_now,2026-10-09T14:05:20+00:00
CVE-2026-69757,updated,2026-10-08,cve_2026_to_now,2026-10-09T14:05:20+00:00
CVE-2026-69758,updated,2026-10-08,cve_2026_to_now,2026-10-09T14:05:20+00:00
CVE-2026-69759,updated,2026-10-08,cve_2026_to_now,2026-10-09T14:05:20+00:00
CVE-2026-69760,updated,2026-10-08,cve_2026_to_now,2026-10-09T14:05:20+00:00
CVE-2026-69761,updated,2026-10-08,cve_2026_to_now,2026-10-09T14:05:20+00:00
CVE-2026-69762,updated,2026-10-08,cve_2026_to_now,2026-10-09T14:05:20+00:00
CVE-2026-69764,updated,2026-10-08,cve_2026_to_now,2026-10-09T14:05:20+00:00
CVE-2026-69767,updated,2026-10-08,cve_2026_to_now,2026-10-09T14:05:20+00:00
CVE-2026-69768,updated,2026-10-08,cve_2026_to_now,2026-10-09T14:05:20+00:00
CVE-2026-69769,updated,2026-10-08,cve_2026_to_now,2026-10-09T14:05:20+00:00
CVE-2026-69770,updated,2026-10-08,cve_2026_to_now,2026-10-09T14:05:20+00:00
CVE-2026-69771,updated,2026-10-08,cve_2026_to_now,2026-10-09T14:05:20+00:00
CVE-2026-69772,updated,2026-10-08,cve_2026_to_now,2026-10-09T14:05:20+00:00
CVE-2026-69773,updated,2026-10-08,cve_2026_to_now,2026-10-09T14:05:20+00:00
CVE-2026-69775,updated,2026-10-08,cve_2026_to_now,2026-10-09T14:05:20+00:00
CVE-2026-69777,updated,2026-10-08,cve_2026_to_now,2026-10-09T14:05:20+00:00
CVE-2026-69778,updated,2026-10-08,cve_2026_to_now,2026-10-09T14:05:20+00:00
CVE-2026-69779,updated,2026-10-08,cve_2026_to_now,2026-10-09T14:05:20+00:00
CVE-2026-69781,updated,2026-10-08,cve_2026_to_now,2026-10-09T14:05:20+00:00
CVE-2026-69782,updated,2026-10-08,cve_2026_to_now,2026-10-09T14:05:20+00:00
CVE-2026-69784,updated,2026-10-08,cve_2026_to_now,2026-10-09T14:05:20+00:00
CVE-2026-69785,updated,2026-10-08,cve_2026_to_now,2026-10-09T14:05:20+00:00
CVE-2026-69786,updated,2026-10-08,cve_2026_to_now,2026-10-09T14:05:20+00:00
CVE-2026-69787,updated,2026-10-08,cve_2026_to_now,2026-10-09T14:05:20+00:00
CVE-2026-69790,updated,2026-10-08,cve_2026_to_now,2026-10-09T14:05:20+00:00
CVE-2026-69791,updated,2026-10-08,cve_2026_to_now,2026-10-09T14:05:20+00:00
CVE-2026-69792,updated,2026-10-08,cve_2026_to_now,2026-10-09T14:05:20+00:00
CVE-2026-69793,updated,2026-10-08,cve_2026_to_now,2026-10-09T14:05:20+00:00
CVE-2026-69794,updated,2026-10-08,cve_2026_to_now,2026-10-09T14:05:20+00:00
CVE-2026-69797,updated,2026-10-08,cve_2026_to_now,2026-10-09T14:05:20+00:00
CVE-2026-69799,updated,2026-10-08,cve_2026_to_now,2026-10-09T14:05:20+00:00
CVE-2026-69801,updated,2026-10-08,cve_2026_to_now,2026-10-09T14:05:20+00:00
CVE-2026-69803,updated,2026-10-08,cve_2026_to_now,2026-10-09T14:05:20+00:00
CVE-2026-69804,updated,2026-10-08,cve_2026_to_now,2026-10-09T14:05:20+00:00
CVE-2026-69805,updated,2026-10-08,cve_2026_to_now,2026-10-09T14:05:20+00:00
CVE-2026-69806,updated,2026-10-08,cve_2026_to_now,2026-10-09T14:05:20+00:00
CVE-2026-69807,updated,2026-10-08,cve_2026_to_now,2026-10-09T14:05:20+00:00
CVE-2026-69808,updated,2026-10-08,cve_2026_to_now,2026-10-09T14:05:20+00:00
CVE-2026-69809,updated,2026-10-08,cve_2026_to_now,2026-10-09T14:05:20+00:00
CVE-2026-69813,updated,2026-10-08,cve_2026_to_now,2026-10-09T14:05:20+00:00
CVE-2026-69814,updated,2026-10-08,cve_2026_to_now,2026-10-09T14:05:20+00:00
CVE-2026-69816,updated,2026-10-08,cve_2026_to_now,2026-10-09T14:05:20+00:00
CVE-2026-69817,updated,2026-10-08,cve_2026_to_now,2026-10-09T14:05:20+00:00
CVE-2026-69818,updated,2026-10-08,cve_2026_to_now,2026-10-09T14:05:20+00:00
CVE-2026-69819,updated,2026-10-08,cve_2026_to_now,2026-10-09T14:05:20+00:00
CVE-2026-69820,updated,2026-10-08,cve_2026_to_now,2026-10-09T14:05:20+00:00
CVE-2026-69821,updated,2026-10-08,cve_2026_to_now,2026-10-09T14:05:20+00:00
CVE-2026-69822,updated,2026-10-08,cve_2026_to_now,2026-10-09T14:05:20+00:00
CVE-2026-69824,updated,2026-10-08,cve_2026_to_now,2026-10-09T14:05:20+00:00
CVE-2026-69826,updated,2026-10-08,cve_2026_to_now,2026-10-09T14:05:20+00:00
CVE-2026-69827,updated,2026-10-08,cve_2026_to_now,2026-10-09T14:05:20+00:00
CVE-2026-69829,updated,2026-10-08,cve_2026_to_now,2026-10-09T14:05:20+00:00
CVE-2026-69832,updated,2026-10-08,cve_2026_to_now,2026-10-09T14:05:20+00:00
CVE-2026-69834,updated,2026-10-08,cve_2026_to_now,2026-10-09T14:05:20+00:00
CVE-2026-69836,updated,2026-10-08,cve_2026_to_now,2026-10-09T14:05:20+00:00
CVE-2026-69838,updated,2026-10-08,cve_2026_to_now,2026-10-09T14:05:20+00:00
CVE-2026-69839,updated,2026-10-08,cve_2026_to_now,2026-10-09T14:05:20+00:00
CVE-2026-69841,updated,2026-10-08,cve_2026_to_now,2026-10-09T14:05:20+00:00
CVE-2026-69843,updated,2026-10-08,cve_2026_to_now,2026-10-09T14:05:20+00:00
CVE-2026-69844,updated,2026-10-08,cve_2026_to_now,2026-10-09T14:05:20+00:00
CVE-2026-69845,updated,2026-10-08,cve_2026_to_now,2026-10-09T14:05:20+00:00
CVE-2026-69846,updated,2026-10-08,cve_2026_to_now,2026-10-09T14:05:20+00:00
CVE-2026-69847,updated,2026-10-08,cve_2026_to_now,2026-10-09T14:05:20+00:00
CVE-2026-69851,updated,2026-10-08,cve_2026_to_now,2026-10-09T14:05:20+00:00
CVE-2026-69852,updated,2026-10-08,cve_2026_to_now,2026-10-09T14:05:20+00:00
CVE-2026-69853,updated,2026-10-08,cve_2026_to_now,2026-10-09T14:05:20+00:00
CVE-2026-69854,updated,2026-10-08,cve_2026_to_now,2026-10-09T14:05:20+00:00
CVE-2026-69855,updated,2026-10-08,cve_2026_to_now,2026-10-09T14:05:20+00:00
CVE-2026-69857,updated,2026-10-08,cve_2026_to_now,2026-10-09T14:05:20+00:00
CVE-2026-69858,updated,2026-10-08,cve_2026_to_now,2026-10-09T14:05:20+00:00
CVE-2026-69859,updated,2026-10-08,cve_2026_to_now,2026-10-09T14:05:20+00:00
CVE-2026-69860,updated,2026-10-08,cve_2026_to_now,2026-10-09T14:05:20+00:00
CVE-2026-69862,updated,2026-10-08,cve_2026_to_now,2026-10-09T14:05:20+00:00
CVE-2026-69864,updated,2026-10-08,cve_2026_to_now,2026-10-09T14:05:20+00:00
CVE-2026-69865,updated,2026-10-08,cve_2026_to_now,2026-10-09T14:05:20+00:00
CVE-2026-69866,updated,2026-10-08,cve_2026_to_now,2026-10-09T14:05:20+00:00
CVE-2026-69874,updated,2026-10-08,cve_2026_to_now,2026-10-09T14:05:20+00:00
CVE-2026-69875,updated,2026-10-08,cve_2026_to_now,2026-10-09T14:05:20+00:00
CVE-2026-69876,updated,2026-10-08,cve_2026_to_now,2026-10-09T14:05:20+00:00
CVE-2026-69878,updated,2026-10-08,cve_2026_to_now,2026-10-09T14:05:20+00:00
CVE-2026-69881,updated,2026-10-08,cve_2026_to_now,2026-10-09T14:05:20+00:00
CVE-2026-69889,updated,2026-10-08,cve_2026_to_now,2026-10-09T14:05:20+00:00
CVE-2026-69890,updated,2026-10-08,cve_2026_to_now,2026-10-09T14:05:20+00:00
CVE-2026-69891,updated,2026-10-08,cve_2026_to_now,2026-10-09T14:05:20+00:00
CVE-2026-69895,updated,2026-10-08,cve_2026_to_now,2026-10-09T14:05:20+00:00
CVE-2026-69896,updated,2026-10-08,cve_2026_to_now,2026-10-09T14:05:20+00:00
CVE-2026-69900,updated,2026-10-08,cve_2026_to_now,2026-10-09T14:05:20+00:00
CVE-2026-69904,updated,2026-10-08,cve_2026_to_now,2026-10-09T14:05:20+00:00
CVE-2026-69906,updated,2026-10-08,cve_2026_to_now,2026-10-09T14:05:20+00:00
CVE-2026-69907,updated,2026-10-08,cve_2026_to_now,2026-10-09T14:05:20+00:00
CVE-2026-69910,updated,2026-10-08,cve_2026_to_now,2026-10-09T14:05:20+00:00
CVE-2026-69911,updated,2026-10-08,cve_2026_to_now,2026-10-09T14:05:20+00:00
CVE-2026-69921,updated,2026-10-08,cve_2026_to_now,2026-10-09T14:05:20+00:00
CVE-2026-69929,updated,2026-10-08,cve_2026_to_now,2026-10-09T14:05:20+00:00
CVE-2026-69930,updated,2026-10-08,cve_2026_to_now,2026-10-09T14:05:20+00:00
CVE-2026-69989,updated,2026-10-08,cve_2026_to_now,2026-10-09T14:05:20+00:00
CVE-2026-70009,updated,2026-10-08,cve_2026_to_now,2026-10-09T14:05:20+00:00
CVE-2026-70019,updated,2026-10-08,cve_2026_to_now,2026-10-09T14:05:20+00:00
CVE-2026-70065,updated,2026-10-08,cve_2026_to_now,2026-10-09T14:05:20+00:00
CVE-2026-70091,updated,2026-10-08,cve_2026_to_now,2026-10-09T14:05:20+00:00
CVE-2026-70105,updated,2026-10-08,cve_2026_to_now,2026-10-09T14:05:20+00:00
CVE-2026-70124,updated,2026-10-08,cve_2026_to_now,2026-10-09T14:05:20+00:00
CVE-2026-70125,updated,2026-10-08,cve_2026_to_now,2026-10-09T14:05:20+00:00
CVE-2026-70130,updated,2026-10-08,cve_2026_to_now,2026-10-09T14:05:20+00:00
CVE-2026-70145,updated,2026-10-08,cve_2026_to_now,2026-10-09T14:05:20+00:00
CVE-2026-70178,updated,2026-10-08,cve_2026_to_now,2026-10-09T14:05:20+00:00
CVE-2026-70200,updated,2026-10-08,cve_2026_to_now,2026-10-09T14:05:20+00:00
CVE-2026-70203,updated,2026-10-08,cve_2026_to_now,2026-10-09T14:05:20+00:00
CVE-2026-70283,updated,2026-10-08,cve_2026_to_now,2026-10-09T14:05:20+00:00
CVE-2026-70289,updated,2026-10-08,cve_2026_to_now,2026-10-09T14:05:20+00:00
CVE-2026-70290,updated,2026-10-08,cve_2026_to_now,2026-10-09T14:05:20+00:00
CVE-2026-70296,updated,2026-10-08,cve_2026_to_now,2026-10-09T14:05:20+00:00
CVE-2026-70304,updated,2026-10-08,cve_2026_to_now,2026-10-09T14:05:20+00:00
CVE-2026-70306,updated,2026-10-08,cve_2026_to_now,2026-10-09T14:05:20+00:00
CVE-2026-70307,updated,2026-10-08,cve_2026_to_now,2026-10-09T14:05:20+00:00
CVE-2026-70309,updated,2026-10-08,cve_2026_to_now,2026-10-09T14:05:20+00:00
CVE-2026-70310,updated,2026-10-08,cve_2026_to_now,2026-10-09T14:05:20+00:00
CVE-2026-70311,updated,2026-10-08,cve_2026_to_now,2026-10-09T14:05:20+00:00
CVE-2026-70312,updated,2026-10-08,cve_2026_to_now,2026-10-09T14:05:20+00:00
CVE-2026-70313,updated,2026-10-08,cve_2026_to_now,2026-10-09T14:05:20+00:00
CVE-2026-70314,updated,2026-10-08,cve_2026_to_now,2026-10-09T14:05:20+00:00
CVE-2026-70315,updated,2026-10-08,cve_2026_to_now,2026-10-09T14:05:20+00:00
CVE-2026-70316,updated,2026-10-08,cve_2026_to_now,2026-10-09T14:05:20+00:00
CVE-2026-70317,updated,2026-10-08,cve_2026_to_now,2026-10-09T14:05:20+00:00
CVE-2026-70318,updated,2026-10-08,cve_2026_to_now,2026-10-09T14:05:20+00:00
CVE-2026-70319,updated,2026-10-08,cve_2026_to_now,2026-10-09T14:05:20+00:00
CVE-2026-70320,updated,2026-10-08,cve_2026_to_now,2026-10-09T14:05:20+00:00
CVE-2026-70321,updated,2026-10-08,cve_2026_to_now,2026-10-09T14:05:20+00:00
CVE-2026-70322,updated,2026-10-08,cve_2026_to_now,2026-10-09T14:05:20+00:00
CVE-2026-70323,updated,2026-10-08,cve_2026_to_now,2026-10-09T14:05:20+00:00
CVE-2026-70324,updated,2026-10-08,cve_2026_to_now,2026-10-09T14:05:20+00:00
CVE-2026-70325,updated,2026-10-08,cve_2026_to_now,2026-10-09T14:05:20+00:00
CVE-2026-70326,updated,2026-10-08,cve_2026_to_now,2026-10-09T14:05:20+00:00
CVE-2026-70327,updated,2026-10-08,cve_2026_to_now,2026-10-09T14:05:20+00:00
CVE-2026-70328,updated,2026-10-08,cve_2026_to_now,2026-10-09T14:05:20+00:00
CVE-2026-70329,updated,2026-10-08,cve_2026_to_now,2026-10-09T14:05:20+00:00
CVE-2026-70330,updated,2026-10-08,cve_2026_to_now,2026-10-09T14:05:20+00:00
CVE-2026-70331,updated,2026-10-08,cve_2026_to_now,2026-10-09T14:05:20+00:00
CVE-2026-70332,updated,2026-10-08,cve_2026_to_now,2026-10-09T14:05:20+00:00
CVE-2026-70334,updated,2026-10-08,cve_2026_to_now,2026-10-09T14:05:20+00:00
CVE-2026-70335,updated,2026-10-08,cve_2026_to_now,2026-10-09T14:05:20+00:00
CVE-2026-70336,updated,2026-10-08,cve_2026_to_now,2026-10-09T14:05:20+00:00
CVE-2026-70337,updated,2026-10-08,cve_2026_to_now,2026-10-09T14:05:20+00:00
CVE-2026-70338,updated,2026-10-08,cve_2026_to_now,2026-10-09T14:05:20+00:00
CVE-2026-70339,updated,2026-10-08,cve_2026_to_now,2026-10-09T14:05:20+00:00
CVE-2026-70340,updated,2026-10-08,cve_2026_to_now,2026-10-09T14:05:20+00:00
CVE-2026-70341,updated,2026-10-08,cve_2026_to_now,2026-10-09T14:05:20+00:00
CVE-2026-70342,updated,2026-10-08,cve_2026_to_now,2026-10-09T14:05:20+00:00
CVE-2026-70344,updated,2026-10-08,cve_2026_to_now,2026-10-09T14:05:20+00:00
CVE-2026-70345,updated,2026-10-08,cve_2026_to_now,2026-10-09T14:05:20+00:00
CVE-2026-70346,updated,2026-10-08,cve_2026_to_now,2026-10-09T14:05:20+00:00
CVE-2026-70347,updated,2026-10-08,cve_2026_to_now,2026-10-09T14:05:20+00:00
CVE-2026-70348,updated,2026-10-08,cve_2026_to_now,2026-10-09T14:05:20+00:00
CVE-2026-70351,updated,2026-10-08,cve_2026_to_now,2026-10-09T14:05:20+00:00
CVE-2026-70352,updated,2026-10-08,cve_2026_to_now,2026-10-09T14:05:20+00:00
CVE-2026-70354,updated,2026-10-08,cve_2026_to_now,2026-10-09T14:05:20+00:00
CVE-2026-70355,updated,2026-10-08,cve_2026_to_now,2026-10-09T14:05:20+00:00
CVE-2026-70411,updated,2026-10-08,cve_2026_to_now,2026-10-09T14:05:20+00:00
CVE-2026-70562,updated,2026-10-08,cve_2026_to_now,2026-10-09T14:05:20+00:00
CVE-2026-70563,updated,2026-10-08,cve_2026_to_now,2026-10-09T14:05:20+00:00
CVE-2026-70564,updated,2026-10-08,cve_2026_to_now,2026-10-09T14:05:20+00:00
CVE-2026-70565,updated,2026-10-08,cve_2026_to_now,2026-10-09T14:05:20+00:00
CVE-2026-70567,updated,2026-10-08,cve_2026_to_now,2026-10-09T14:05:20+00:00
CVE-2026-70568,updated,2026-10-08,cve_2026_to_now,2026-10-09T14:05:20+00:00
CVE-2026-70569,updated,2026-10-08,cve_2026_to_now,2026-10-09T14:05:20+00:00
CVE-2026-70570,updated,2026-10-08,cve_2026_to_now,2026-10-09T14:05:20+00:00
CVE-2026-70572,updated,2026-10-08,cve_2026_to_now,2026-10-09T14:05:20+00:00
CVE-2026-70573,updated,2026-10-08,cve_2026_to_now,2026-10-09T14:05:20+00:00
CVE-2026-70574,updated,2026-10-08,cve_2026_to_now,2026-10-09T14:05:20+00:00
CVE-2026-70575,updated,2026-10-08,cve_2026_to_now,2026-10-09T14:05:20+00:00
CVE-2026-70577,updated,2026-10-08,cve_2026_to_now,2026-10-09T14:05:20+00:00
CVE-2026-70578,updated,2026-10-08,cve_2026_to_now,2026-10-09T14:05:20+00:00
CVE-2026-70579,updated,2026-10-08,cve_2026_to_now,2026-10-09T14:05:20+00:00
CVE-2026-70581,updated,2026-10-08,cve_2026_to_now,2026-10-09T14:05:20+00:00
CVE-2026-70582,updated,2026-10-08,cve_2026_to_now,2026-10-09T14:05:20+00:00
CVE-2026-70583,updated,2026-10-08,cve_2026_to_now,2026-10-09T14:05:20+00:00
CVE-2026-70584,updated,2026-10-08,cve_2026_to_now,2026-10-09T14:05:20+00:00
CVE-2026-70585,updated,2026-10-08,cve_2026_to_now,2026-10-09T14:05:20+00:00
CVE-2026-70586,updated,2026-10-08,cve_2026_to_now,2026-10-09T14:05:20+00:00
CVE-2026-70587,updated,2026-10-08,cve_2026_to_now,2026-10-09T14:05:20+00:00
CVE-2026-71328,updated,2026-10-08,cve_2026_to_now,2026-10-09T14:05:20+00:00
CVE-2026-71329,updated,2026-10-08,cve_2026_to_now,2026-10-09T14:05:20+00:00
CVE-2026-71330,updated,2026-10-08,cve_2026_to_now,2026-10-09T14:05:20+00:00
CVE-2026-71331,updated,2026-10-08,cve_2026_to_now,2026-10-09T14:05:20+00:00
CVE-2026-71332,updated,2026-10-08,cve_2026_to_now,2026-10-09T14:05:20+00:00
CVE-2026-71333,updated,2026-10-08,cve_2026_to_now,2026-10-09T14:05:20+00:00
CVE-2026-71334,updated,2026-10-08,cve_2026_to_now,2026-10-09T14:05:20+00:00
CVE-2026-71336,updated,2026-10-08,cve_2026_to_now,2026-10-09T14:05:20+00:00
CVE-2026-71337,updated,2026-10-08,cve_2026_to_now,2026-10-09T14:05:20+00:00
CVE-2026-71338,updated,2026-10-08,cve_2026_to_now,2026-10-09T14:05:20+00:00
CVE-2026-71339,updated,2026-10-08,cve_2026_to_now,2026-10-09T14:05:20+00:00
CVE-2026-71340,updated,2026-10-08,cve_2026_to_now,2026-10-09T14:05:20+00:00
CVE-2026-71341,updated,2026-10-08,cve_2026_to_now,2026-10-09T14:05:20+00:00
CVE-2026-71342,updated,2026-10-08,cve_2026_to_now,2026-10-09T14:05:20+00:00
CVE-2026-71343,updated,2026-10-08,cve_2026_to_now,2026-10-09T14:05:20+00:00
CVE-2026-71345,updated,2026-10-08,cve_2026_to_now,2026-10-09T14:05:20+00:00
CVE-2026-71348,updated,2026-10-08,cve_2026_to_now,2026-10-09T14:05:20+00:00
CVE-2026-71349,updated,2026-10-08,cve_2026_to_now,2026-10-09T14:05:20+00:00
CVE-2026-71350,updated,2026-10-08,cve_2026_to_now,2026-10-09T14:05:20+00:00
CVE-2026-71351,updated,2026-10-08,cve_2026_to_now,2026-10-09T14:05:20+00:00
CVE-2026-71352,updated,2026-10-08,cve_2026_to_now,2026-10-09T14:05:20+00:00
CVE-2026-71353,updated,2026-10-08,cve_2026_to_now,2026-10-09T14:05:20+00:00
CVE-2026-71458,updated,2026-10-08,cve_2026_to_now,2026-10-09T14:05:20+00:00
CVE-2026-71459,updated,2026-10-08,cve_2026_to_now,2026-10-09T14:05:20+00:00
CVE-2026-71575,added,,cve_2026_to_now,2026-10-09T14:05:20+00:00
CVE-2026-71884,added,,cve_2026_to_now,2026-10-09T14:05:20+00:00
CVE-2026-72693,updated,2026-10-09,cve_2026_to_now,2026-10-09T14:05:20+00:00
CVE-2026-72695,updated,2026-10-08,cve_2026_to_now,2026-10-09T14:05:20+00:00
CVE-2026-72697,updated,2026-10-08,cve_2026_to_now,2026-10-09T14:05:20+00:00
CVE-2026-72698,updated,2026-10-08,cve_2026_to_now,2026-10-09T14:05:20+00:00
CVE-2026-72701,updated,2026-10-08,cve_2026_to_now,2026-10-09T14:05:20+00:00
CVE-2026-72702,updated,2026-10-08,cve_2026_to_now,2026-10-09T14:05:20+00:00
CVE-2026-72778,updated,2026-10-08,cve_2026_to_now,2026-10-09T14:05:20+00:00
CVE-2026-72779,updated,2026-10-08,cve_2026_to_now,2026-10-09T14:05:20+00:00
CVE-2026-72780,updated,2026-10-08,cve_2026_to_now,2026-10-09T14:05:20+00:00
CVE-2026-72781,updated,2026-10-08,cve_2026_to_now,2026-10-09T14:05:20+00:00
CVE-2026-72782,updated,2026-10-08,cve_2026_to_now,2026-10-09T14:05:20+00:00
CVE-2026-72783,updated,2026-10-08,cve_2026_to_now,2026-10-09T14:05:20+00:00
CVE-2026-72785,updated,2026-10-08,cve_2026_to_now,2026-10-09T14:05:20+00:00
CVE-2026-72786,updated,2026-10-08,cve_2026_to_now,2026-10-09T14:05:20+00:00
CVE-2026-72787,updated,2026-10-08,cve_2026_to_now,2026-10-09T14:05:20+00:00
CVE-2026-72815,updated,2026-10-08,cve_2026_to_now,2026-10-09T14:05:20+00:00
CVE-2026-72816,updated,2026-10-08,cve_2026_to_now,2026-10-09T14:05:20+00:00
CVE-2026-72817,updated,2026-10-08,cve_2026_to_now,2026-10-09T14:05:20+00:00
CVE-2026-72819,updated,2026-10-08,cve_2026_to_now,2026-10-09T14:05:20+00:00
CVE-2026-72832,updated,2026-10-08,cve_2026_to_now,2026-10-09T14:05:20+00:00
CVE-2026-72846,updated,2026-10-08,cve_2026_to_now,2026-10-09T14:05:20+00:00
CVE-2026-72849,updated,2026-10-08,cve_2026_to_now,2026-10-09T14:05:20+00:00
CVE-2026-72850,updated,2026-10-08,cve_2026_to_now,2026-10-09T14:05:20+00:00
CVE-2026-72851,updated,2026-10-08,cve_2026_to_now,2026-10-09T14:05:20+00:00
CVE-2026-72855,updated,2026-10-08,cve_2026_to_now,2026-10-09T14:05:20+00:00
CVE-2026-72859,updated,2026-10-08,cve_2026_to_now,2026-10-09T14:05:20+00:00
CVE-2026-72926,updated,2026-10-08,cve_2026_to_now,2026-10-09T14:05:20+00:00
CVE-2026-72927,updated,2026-10-08,cve_2026_to_now,2026-10-09T14:05:20+00:00
CVE-2026-72928,updated,2026-10-08,cve_2026_to_now,2026-10-09T14:05:20+00:00
CVE-2026-72929,updated,2026-10-08,cve_2026_to_now,2026-10-09T14:05:20+00:00
CVE-2026-72930,updated,2026-10-08,cve_2026_to_now,2026-10-09T14:05:20+00:00
CVE-2026-72931,updated,2026-10-08,cve_2026_to_now,2026-10-09T14:05:20+00:00
CVE-2026-72932,updated,2026-10-08,cve_2026_to_now,2026-10-09T14:05:20+00:00
CVE-2026-72933,updated,2026-10-08,cve_2026_to_now,2026-10-09T14:05:20+00:00
CVE-2026-72935,updated,2026-10-08,cve_2026_to_now,2026-10-09T14:05:20+00:00
CVE-2026-72936,updated,2026-10-08,cve_2026_to_now,2026-10-09T14:05:20+00:00
CVE-2026-72937,updated,2026-10-08,cve_2026_to_now,2026-10-09T14:05:20+00:00
CVE-2026-72938,updated,2026-10-08,cve_2026_to_now,2026-10-09T14:05:20+00:00
CVE-2026-72939,updated,2026-10-08,cve_2026_to_now,2026-10-09T14:05:20+00:00
CVE-2026-72940,updated,2026-10-08,cve_2026_to_now,2026-10-09T14:05:20+00:00
CVE-2026-72941,updated,2026-10-08,cve_2026_to_now,2026-10-09T14:05:20+00:00
CVE-2026-72942,updated,2026-10-08,cve_2026_to_now,2026-10-09T14:05:20+00:00
CVE-2026-72943,updated,2026-10-08,cve_2026_to_now,2026-10-09T14:05:20+00:00
CVE-2026-72944,updated,2026-10-08,cve_2026_to_now,2026-10-09T14:05:20+00:00
CVE-2026-72945,updated,2026-10-08,cve_2026_to_now,2026-10-09T14:05:20+00:00
CVE-2026-72946,updated,2026-10-08,cve_2026_to_now,2026-10-09T14:05:20+00:00
CVE-2026-72947,updated,2026-10-08,cve_2026_to_now,2026-10-09T14:05:20+00:00
CVE-2026-72948,updated,2026-10-08,cve_2026_to_now,2026-10-09T14:05:20+00:00
CVE-2026-72949,updated,2026-10-08,cve_2026_to_now,2026-10-09T14:05:20+00:00
CVE-2026-72950,updated,2026-10-08,cve_2026_to_now,2026-10-09T14:05:20+00:00
CVE-2026-72952,updated,2026-10-08,cve_2026_to_now,2026-10-09T14:05:20+00:00
CVE-2026-72953,updated,2026-10-08,cve_2026_to_now,2026-10-09T14:05:20+00:00
CVE-2026-72954,updated,2026-10-08,cve_2026_to_now,2026-10-09T14:05:20+00:00
CVE-2026-72956,updated,2026-10-08,cve_2026_to_now,2026-10-09T14:05:20+00:00
CVE-2026-72957,updated,2026-10-08,cve_2026_to_now,2026-10-09T14:05:20+00:00
CVE-2026-72958,updated,2026-10-08,cve_2026_to_now,2026-10-09T14:05:20+00:00
CVE-2026-72959,updated,2026-10-08,cve_2026_to_now,2026-10-09T14:05:20+00:00
CVE-2026-72960,updated,2026-10-08,cve_2026_to_now,2026-10-09T14:05:20+00:00
CVE-2026-72961,updated,2026-10-08,cve_2026_to_now,2026-10-09T14:05:20+00:00
CVE-2026-72962,updated,2026-10-08,cve_2026_to_now,2026-10-09T14:05:20+00:00
CVE-2026-72963,updated,2026-10-08,cve_2026_to_now,2026-10-09T14:05:20+00:00
CVE-2026-72964,updated,2026-10-08,cve_2026_to_now,2026-10-09T14:05:20+00:00
CVE-2026-72965,updated,2026-10-08,cve_2026_to_now,2026-10-09T14:05:20+00:00
CVE-2026-72966,updated,2026-10-08,cve_2026_to_now,2026-10-09T14:05:20+00:00
CVE-2026-72967,updated,2026-10-08,cve_2026_to_now,2026-10-09T14:05:20+00:00
CVE-2026-72970,updated,2026-10-08,cve_2026_to_now,2026-10-09T14:05:20+00:00
CVE-2026-72971,updated,2026-10-08,cve_2026_to_now,2026-10-09T14:05:20+00:00
CVE-2026-72972,updated,2026-10-08,cve_2026_to_now,2026-10-09T14:05:20+00:00
CVE-2026-72973,updated,2026-10-08,cve_2026_to_now,2026-10-09T14:05:20+00:00
CVE-2026-72974,updated,2026-10-08,cve_2026_to_now,2026-10-09T14:05:20+00:00
CVE-2026-72975,updated,2026-10-08,cve_2026_to_now,2026-10-09T14:05:20+00:00
CVE-2026-72976,updated,2026-10-08,cve_2026_to_now,2026-10-09T14:05:20+00:00
CVE-2026-72977,updated,2026-10-08,cve_2026_to_now,2026-10-09T14:05:20+00:00
CVE-2026-72978,updated,2026-10-08,cve_2026_to_now,2026-10-09T14:05:20+00:00
CVE-2026-72979,updated,2026-10-08,cve_2026_to_now,2026-10-09T14:05:20+00:00
CVE-2026-72980,updated,2026-10-08,cve_2026_to_now,2026-10-09T14:05:20+00:00
CVE-2026-72981,updated,2026-10-08,cve_2026_to_now,2026-10-09T14:05:20+00:00
CVE-2026-72982,updated,2026-10-08,cve_2026_to_now,2026-10-09T14:05:20+00:00
CVE-2026-72983,updated,2026-10-08,cve_2026_to_now,2026-10-09T14:05:20+00:00
CVE-2026-72984,updated,2026-10-08,cve_2026_to_now,2026-10-09T14:05:20+00:00
CVE-2026-72985,updated,2026-10-08,cve_2026_to_now,2026-10-09T14:05:20+00:00
CVE-2026-72986,updated,2026-10-08,cve_2026_to_now,2026-10-09T14:05:20+00:00
CVE-2026-72987,updated,2026-10-08,cve_2026_to_now,2026-10-09T14:05:20+00:00
CVE-2026-72988,updated,2026-10-08,cve_2026_to_now,2026-10-09T14:05:20+00:00
CVE-2026-72989,updated,2026-10-08,cve_2026_to_now,2026-10-09T14:05:20+00:00
CVE-2026-72990,updated,2026-10-08,cve_2026_to_now,2026-10-09T14:05:20+00:00
CVE-2026-72991,updated,2026-10-08,cve_2026_to_now,2026-10-09T14:05:20+00:00
CVE-2026-72992,updated,2026-10-08,cve_2026_to_now,2026-10-09T14:05:20+00:00
CVE-2026-72993,updated,2026-10-08,cve_2026_to_now,2026-10-09T14:05:20+00:00
CVE-2026-72994,updated,2026-10-08,cve_2026_to_now,2026-10-09T14:05:20+00:00
CVE-2026-72995,updated,2026-10-08,cve_2026_to_now,2026-10-09T14:05:20+00:00
CVE-2026-72996,updated,2026-10-08,cve_2026_to_now,2026-10-09T14:05:20+00:00
CVE-2026-72997,updated,2026-10-08,cve_2026_to_now,2026-10-09T14:05:20+00:00
CVE-2026-72999,updated,2026-10-08,cve_2026_to_now,2026-10-09T14:05:20+00:00
CVE-2026-73000,updated,2026-10-08,cve_2026_to_now,2026-10-09T14:05:20+00:00
CVE-2026-73001,updated,2026-10-08,cve_2026_to_now,2026-10-09T14:05:20+00:00
CVE-2026-73002,updated,2026-10-08,cve_2026_to_now,2026-10-09T14:05:20+00:00
CVE-2026-73003,updated,2026-10-08,cve_2026_to_now,2026-10-09T14:05:20+00:00
CVE-2026-73004,updated,2026-10-08,cve_2026_to_now,2026-10-09T14:05:20+00:00
CVE-2026-73005,updated,2026-10-08,cve_2026_to_now,2026-10-09T14:05:20+00:00
CVE-2026-73006,updated,2026-10-08,cve_2026_to_now,2026-10-09T14:05:20+00:00
CVE-2026-73007,updated,2026-10-08,cve_2026_to_now,2026-10-09T14:05:20+00:00
CVE-2026-73008,updated,2026-10-08,cve_2026_to_now,2026-10-09T14:05:20+00:00
CVE-2026-73009,updated,2026-10-08,cve_2026_to_now,2026-10-09T14:05:20+00:00
CVE-2026-73010,updated,2026-10-08,cve_2026_to_now,2026-10-09T14:05:20+00:00
CVE-2026-73011,updated,2026-10-08,cve_2026_to_now,2026-10-09T14:05:20+00:00
CVE-2026-73012,updated,2026-10-08,cve_2026_to_now,2026-10-09T14:05:20+00:00
CVE-2026-73013,updated,2026-10-08,cve_2026_to_now,2026-10-09T14:05:20+00:00
CVE-2026-73014,updated,2026-10-08,cve_2026_to_now,2026-10-09T14:05:20+00:00
CVE-2026-73015,updated,2026-10-08,cve_2026_to_now,2026-10-09T14:05:20+00:00
CVE-2026-73016,updated,2026-10-08,cve_2026_to_now,2026-10-09T14:05:20+00:00
CVE-2026-73017,updated,2026-10-08,cve_2026_to_now,2026-10-09T14:05:20+00:00
CVE-2026-73018,updated,2026-10-08,cve_2026_to_now,2026-10-09T14:05:20+00:00
CVE-2026-73019,updated,2026-10-08,cve_2026_to_now,2026-10-09T14:05:20+00:00
CVE-2026-73020,updated,2026-10-08,cve_2026_to_now,2026-10-09T14:05:20+00:00
CVE-2026-73021,updated,2026-10-08,cve_2026_to_now,2026-10-09T14:05:20+00:00
CVE-2026-73022,updated,2026-10-08,cve_2026_to_now,2026-10-09T14:05:20+00:00
CVE-2026-73023,updated,2026-10-08,cve_2026_to_now,2026-10-09T14:05:20+00:00
CVE-2026-73024,updated,2026-10-08,cve_2026_to_now,2026-10-09T14:05:20+00:00
CVE-2026-73025,updated,2026-10-08,cve_2026_to_now,2026-10-09T14:05:20+00:00
CVE-2026-73026,updated,2026-10-08,cve_2026_to_now,2026-10-09T14:05:20+00:00
CVE-2026-73028,updated,2026-10-08,cve_2026_to_now,2026-10-09T14:05:20+00:00
CVE-2026-73029,updated,2026-10-08,cve_2026_to_now,2026-10-09T14:05:20+00:00
CVE-2026-73061,updated,2026-10-08,cve_2026_to_now,2026-10-09T14:05:20+00:00
CVE-2026-73062,updated,2026-10-08,cve_2026_to_now,2026-10-09T14:05:20+00:00
CVE-2026-73179,added,,cve_2026_to_now,2026-10-09T14:05:20+00:00
CVE-2026-73336,updated,2026-10-09,cve_2026_to_now,2026-10-09T14:05:20+00:00
CVE-2026-73617,updated,2026-10-08,cve_2026_to_now,2026-10-09T14:05:20+00:00
CVE-2026-73618,updated,2026-10-08,cve_2026_to_now,2026-10-09T14:05:20+00:00
CVE-2026-73619,updated,2026-10-08,cve_2026_to_now,2026-10-09T14:05:20+00:00
CVE-2026-73620,updated,2026-10-08,cve_2026_to_now,2026-10-09T14:05:20+00:00
CVE-2026-73621,updated,2026-10-08,cve_2026_to_now,2026-10-09T14:05:20+00:00
CVE-2026-73622,updated,2026-10-08,cve_2026_to_now,2026-10-09T14:05:20+00:00
CVE-2026-73623,updated,2026-10-08,cve_2026_to_now,2026-10-09T14:05:20+00:00
CVE-2026-73624,updated,2026-10-08,cve_2026_to_now,2026-10-09T14:05:20+00:00
CVE-2026-73625,updated,2026-10-08,cve_2026_to_now,2026-10-09T14:05:20+00:00
CVE-2026-74796,updated,2026-10-08,cve_2026_to_now,2026-10-09T14:05:20+00:00
CVE-2026-74797,updated,2026-10-08,cve_2026_to_now,2026-10-09T14:05:20+00:00
CVE-2026-74860,updated,2026-10-09,cve_2026_to_now,2026-10-09T14:05:20+00:00
CVE-2026-74872,updated,2026-10-08,cve_2026_to_now,2026-10-09T14:05:20+00:00
CVE-2026-74873,updated,2026-10-08,cve_2026_to_now,2026-10-09T14:05:20+00:00
CVE-2026-74874,updated,2026-10-08,cve_2026_to_now,2026-10-09T14:05:20+00:00
CVE-2026-74875,updated,2026-10-08,cve_2026_to_now,2026-10-09T14:05:20+00:00
CVE-2026-74876,updated,2026-10-08,cve_2026_to_now,2026-10-09T14:05:20+00:00
CVE-2026-74877,updated,2026-10-08,cve_2026_to_now,2026-10-09T14:05:20+00:00
CVE-2026-74878,updated,2026-10-08,cve_2026_to_now,2026-10-09T14:05:20+00:00
CVE-2026-74879,updated,2026-10-08,cve_2026_to_now,2026-10-09T14:05:20+00:00
CVE-2026-74880,updated,2026-10-08,cve_2026_to_now,2026-10-09T14:05:20+00:00
CVE-2026-74881,updated,2026-10-08,cve_2026_to_now,2026-10-09T14:05:20+00:00
CVE-2026-74902,updated,2026-10-08,cve_2026_to_now,2026-10-09T14:05:20+00:00
CVE-2026-74907,updated,2026-10-08,cve_2026_to_now,2026-10-09T14:05:20+00:00
CVE-2026-75827,updated,2026-10-08,cve_2026_to_now,2026-10-09T14:05:20+00:00
CVE-2026-75828,updated,2026-10-08,cve_2026_to_now,2026-10-09T14:05:20+00:00
CVE-2026-75831,updated,2026-10-08,cve_2026_to_now,2026-10-09T14:05:20+00:00
CVE-2026-75834,updated,2026-10-08,cve_2026_to_now,2026-10-09T14:05:20+00:00
CVE-2026-75837,updated,2026-10-08,cve_2026_to_now,2026-10-09T14:05:20+00:00
CVE-2026-75854,updated,2026-10-08,cve_2026_to_now,2026-10-09T14:05:20+00:00
CVE-2026-75875,added,,cve_2026_to_now,2026-10-09T14:05:20+00:00
CVE-2026-75885,updated,2026-10-09,cve_2026_to_now,2026-10-09T14:05:20+00:00
CVE-2026-75887,updated,2026-10-08,cve_2026_to_now,2026-10-09T14:05:20+00:00
CVE-2026-75916,updated,2026-10-08,cve_2026_to_now,2026-10-09T14:05:20+00:00
CVE-2026-75917,updated,2026-10-08,cve_2026_to_now,2026-10-09T14:05:20+00:00
CVE-2026-75962,updated,2026-10-09,cve_2026_to_now,2026-10-09T14:05:20+00:00
CVE-2026-76061,updated,2026-10-09,cve_2026_to_now,2026-10-09T14:05:20+00:00
CVE-2026-76217,updated,2026-10-08,cve_2026_to_now,2026-10-09T14:05:20+00:00
CVE-2026-76218,updated,2026-10-08,cve_2026_to_now,2026-10-09T14:05:20+00:00
CVE-2026-76219,updated,2026-10-08,cve_2026_to_now,2026-10-09T14:05:20+00:00
CVE-2026-76220,updated,2026-10-08,cve_2026_to_now,2026-10-09T14:05:20+00:00
CVE-2026-76221,updated,2026-10-08,cve_2026_to_now,2026-10-09T14:05:20+00:00
CVE-2026-76222,updated,2026-10-08,cve_2026_to_now,2026-10-09T14:05:20+00:00
CVE-2026-76226,updated,2026-10-08,cve_2026_to_now,2026-10-09T14:05:20+00:00
CVE-2026-76227,updated,2026-10-08,cve_2026_to_now,2026-10-09T14:05:20+00:00
CVE-2026-76228,updated,2026-10-08,cve_2026_to_now,2026-10-09T14:05:20+00:00
CVE-2026-76266,updated,2026-10-09,cve_2026_to_now,2026-10-09T14:05:20+00:00
CVE-2026-76267,updated,2026-10-08,cve_2026_to_now,2026-10-09T14:05:20+00:00
CVE-2026-76268,updated,2026-10-09,cve_2026_to_now,2026-10-09T14:05:20+00:00
CVE-2026-76271,updated,2026-10-08,cve_2026_to_now,2026-10-09T14:05:20+00:00
CVE-2026-76272,updated,2026-10-08,cve_2026_to_now,2026-10-09T14:05:20+00:00
CVE-2026-76276,updated,2026-10-08,cve_2026_to_now,2026-10-09T14:05:20+00:00
CVE-2026-76277,updated,2026-10-08,cve_2026_to_now,2026-10-09T14:05:20+00:00
CVE-2026-76281,updated,2026-10-08,cve_2026_to_now,2026-10-09T14:05:20+00:00
CVE-2026-76282,updated,2026-10-08,cve_2026_to_now,2026-10-09T14:05:20+00:00
CVE-2026-76286,updated,2026-10-08,cve_2026_to_now,2026-10-09T14:05:20+00:00
CVE-2026-76458,updated,2026-10-08,cve_2026_to_now,2026-10-09T14:05:20+00:00
CVE-2026-76459,updated,2026-10-09,cve_2026_to_now,2026-10-09T14:05:20+00:00
CVE-2026-76467,updated,2026-10-08,cve_2026_to_now,2026-10-09T14:05:20+00:00
CVE-2026-76472,updated,2026-10-08,cve_2026_to_now,2026-10-09T14:05:20+00:00
CVE-2026-76500,updated,2026-10-08,cve_2026_to_now,2026-10-09T14:05:20+00:00
CVE-2026-76560,updated,2026-10-08,cve_2026_to_now,2026-10-09T14:05:20+00:00
CVE-2026-76769,added,,cve_2026_to_now,2026-10-09T14:05:20+00:00
CVE-2026-76779,added,,cve_2026_to_now,2026-10-09T14:05:20+00:00
CVE-2026-76835,updated,2026-10-08,cve_2026_to_now,2026-10-09T14:05:20+00:00
CVE-2026-76839,updated,2026-10-08,cve_2026_to_now,2026-10-09T14:05:20+00:00
CVE-2026-76846,updated,2026-10-08,cve_2026_to_now,2026-10-09T14:05:20+00:00
CVE-2026-77480,updated,2026-10-08,cve_2026_to_now,2026-10-09T14:05:20+00:00
CVE-2026-77481,updated,2026-10-08,cve_2026_to_now,2026-10-09T14:05:20+00:00
CVE-2026-77482,updated,2026-10-08,cve_2026_to_now,2026-10-09T14:05:20+00:00
CVE-2026-77483,updated,2026-10-08,cve_2026_to_now,2026-10-09T14:05:20+00:00
CVE-2026-77484,updated,2026-10-08,cve_2026_to_now,2026-10-09T14:05:20+00:00
CVE-2026-77485,updated,2026-10-08,cve_2026_to_now,2026-10-09T14:05:20+00:00
CVE-2026-77486,updated,2026-10-08,cve_2026_to_now,2026-10-09T14:05:20+00:00
CVE-2026-77487,updated,2026-10-08,cve_2026_to_now,2026-10-09T14:05:20+00:00
CVE-2026-77488,updated,2026-10-08,cve_2026_to_now,2026-10-09T14:05:20+00:00
CVE-2026-77489,updated,2026-10-08,cve_2026_to_now,2026-10-09T14:05:20+00:00
CVE-2026-77490,updated,2026-10-08,cve_2026_to_now,2026-10-09T14:05:20+00:00
CVE-2026-77491,updated,2026-10-08,cve_2026_to_now,2026-10-09T14:05:20+00:00
CVE-2026-77492,updated,2026-10-08,cve_2026_to_now,2026-10-09T14:05:20+00:00
CVE-2026-77493,updated,2026-10-08,cve_2026_to_now,2026-10-09T14:05:20+00:00
CVE-2026-77494,updated,2026-10-08,cve_2026_to_now,2026-10-09T14:05:20+00:00
CVE-2026-77495,updated,2026-10-08,cve_2026_to_now,2026-10-09T14:05:20+00:00
CVE-2026-77498,updated,2026-10-08,cve_2026_to_now,2026-10-09T14:05:20+00:00
CVE-2026-77499,updated,2026-10-08,cve_2026_to_now,2026-10-09T14:05:20+00:00
CVE-2026-77500,updated,2026-10-08,cve_2026_to_now,2026-10-09T14:05:20+00:00
CVE-2026-77501,updated,2026-10-08,cve_2026_to_now,2026-10-09T14:05:20+00:00
CVE-2026-77502,updated,2026-10-08,cve_2026_to_now,2026-10-09T14:05:20+00:00
CVE-2026-77503,updated,2026-10-08,cve_2026_to_now,2026-10-09T14:05:20+00:00
CVE-2026-77504,updated,2026-10-08,cve_2026_to_now,2026-10-09T14:05:20+00:00
CVE-2026-77505,updated,2026-10-08,cve_2026_to_now,2026-10-09T14:05:20+00:00
CVE-2026-77886,updated,2026-10-08,cve_2026_to_now,2026-10-09T14:05:20+00:00
CVE-2026-77887,updated,2026-10-08,cve_2026_to_now,2026-10-09T14:05:20+00:00
CVE-2026-77888,updated,2026-10-08,cve_2026_to_now,2026-10-09T14:05:20+00:00
CVE-2026-77889,updated,2026-10-08,cve_2026_to_now,2026-10-09T14:05:20+00:00
CVE-2026-77890,updated,2026-10-08,cve_2026_to_now,2026-10-09T14:05:20+00:00
CVE-2026-77891,updated,2026-10-08,cve_2026_to_now,2026-10-09T14:05:20+00:00
CVE-2026-77892,updated,2026-10-08,cve_2026_to_now,2026-10-09T14:05:20+00:00
CVE-2026-77893,updated,2026-10-08,cve_2026_to_now,2026-10-09T14:05:20+00:00
CVE-2026-77894,updated,2026-10-08,cve_2026_to_now,2026-10-09T14:05:20+00:00
CVE-2026-77895,updated,2026-10-08,cve_2026_to_now,2026-10-09T14:05:20+00:00
CVE-2026-77896,updated,2026-10-08,cve_2026_to_now,2026-10-09T14:05:20+00:00
CVE-2026-77897,updated,2026-10-08,cve_2026_to_now,2026-10-09T14:05:20+00:00
CVE-2026-77898,updated,2026-10-08,cve_2026_to_now,2026-10-09T14:05:20+00:00
CVE-2026-77899,updated,2026-10-08,cve_2026_to_now,2026-10-09T14:05:20+00:00
CVE-2026-77900,added,,cve_2026_to_now,2026-10-09T14:05:20+00:00
CVE-2026-77901,updated,2026-10-08,cve_2026_to_now,2026-10-09T14:05:20+00:00
CVE-2026-77903,updated,2026-10-08,cve_2026_to_now,2026-10-09T14:05:20+00:00
CVE-2026-77904,updated,2026-10-08,cve_2026_to_now,2026-10-09T14:05:20+00:00
CVE-2026-77905,updated,2026-10-08,cve_2026_to_now,2026-10-09T14:05:20+00:00
CVE-2026-77906,updated,2026-10-08,cve_2026_to_now,2026-10-09T14:05:20+00:00
CVE-2026-77907,updated,2026-10-08,cve_2026_to_now,2026-10-09T14:05:20+00:00
CVE-2026-77908,updated,2026-10-08,cve_2026_to_now,2026-10-09T14:05:20+00:00
CVE-2026-77909,updated,2026-10-08,cve_2026_to_now,2026-10-09T14:05:20+00:00
CVE-2026-77911,updated,2026-10-08,cve_2026_to_now,2026-10-09T14:05:20+00:00
CVE-2026-78013,added,,cve_2026_to_now,2026-10-09T14:05:20+00:00
CVE-2026-78015,added,,cve_2026_to_now,2026-10-09T14:05:20+00:00
CVE-2026-78016,added,,cve_2026_to_now,2026-10-09T14:05:20+00:00
CVE-2026-78017,added,,cve_2026_to_now,2026-10-09T14:05:20+00:00
CVE-2026-78018,added,,cve_2026_to_now,2026-10-09T14:05:20+00:00
CVE-2026-78019,added,,cve_2026_to_now,2026-10-09T14:05:20+00:00
CVE-2026-78020,added,,cve_2026_to_now,2026-10-09T14:05:20+00:00
CVE-2026-78021,added,,cve_2026_to_now,2026-10-09T14:05:20+00:00
CVE-2026-78022,added,,cve_2026_to_now,2026-10-09T14:05:20+00:00
CVE-2026-78023,added,,cve_2026_to_now,2026-10-09T14:05:20+00:00
CVE-2026-78024,added,,cve_2026_to_now,2026-10-09T14:05:20+00:00
CVE-2026-78025,added,,cve_2026_to_now,2026-10-09T14:05:20+00:00
CVE-2026-78026,added,,cve_2026_to_now,2026-10-09T14:05:20+00:00
CVE-2026-78027,added,,cve_2026_to_now,2026-10-09T14:05:20+00:00
CVE-2026-78339,added,,cve_2026_to_now,2026-10-09T14:05:20+00:00
CVE-2026-78340,added,,cve_2026_to_now,2026-10-09T14:05:20+00:00
CVE-2026-78341,added,,cve_2026_to_now,2026-10-09T14:05:20+00:00
CVE-2026-78384,added,,cve_2026_to_now,2026-10-09T14:05:20+00:00
CVE-2026-78388,added,,cve_2026_to_now,2026-10-09T14:05:20+00:00
CVE-2026-78399,added,,cve_2026_to_now,2026-10-09T14:05:20+00:00
CVE-2026-78401,added,,cve_2026_to_now,2026-10-09T14:05:20+00:00
CVE-2026-78406,added,2026-10-09,cve_2026_to_now,2026-10-09T14:05:20+00:00
CVE-2026-78407,added,,cve_2026_to_now,2026-10-09T14:05:20+00:00
CVE-2026-78439,updated,2026-10-08,cve_2026_to_now,2026-10-09T14:05:20+00:00
CVE-2026-78441,updated,2026-10-08,cve_2026_to_now,2026-10-09T14:05:20+00:00
CVE-2026-78442,updated,2026-10-08,cve_2026_to_now,2026-10-09T14:05:20+00:00
CVE-2026-78444,updated,2026-10-08,cve_2026_to_now,2026-10-09T14:05:20+00:00
CVE-2026-78445,updated,2026-10-08,cve_2026_to_now,2026-10-09T14:05:20+00:00
CVE-2026-78446,updated,2026-10-08,cve_2026_to_now,2026-10-09T14:05:20+00:00
CVE-2026-78447,updated,2026-10-08,cve_2026_to_now,2026-10-09T14:05:20+00:00
CVE-2026-78448,updated,2026-10-08,cve_2026_to_now,2026-10-09T14:05:20+00:00
CVE-2026-78449,updated,2026-10-08,cve_2026_to_now,2026-10-09T14:05:20+00:00
CVE-2026-78450,updated,2026-10-08,cve_2026_to_now,2026-10-09T14:05:20+00:00
CVE-2026-78451,updated,2026-10-08,cve_2026_to_now,2026-10-09T14:05:20+00:00
CVE-2026-78452,updated,2026-10-08,cve_2026_to_now,2026-10-09T14:05:20+00:00
CVE-2026-78453,updated,2026-10-08,cve_2026_to_now,2026-10-09T14:05:20+00:00
CVE-2026-78454,updated,2026-10-08,cve_2026_to_now,2026-10-09T14:05:20+00:00
CVE-2026-78455,updated,2026-10-08,cve_2026_to_now,2026-10-09T14:05:20+00:00
CVE-2026-78456,updated,2026-10-08,cve_2026_to_now,2026-10-09T14:05:20+00:00
CVE-2026-78457,updated,2026-10-08,cve_2026_to_now,2026-10-09T14:05:20+00:00
CVE-2026-78461,updated,2026-10-08,cve_2026_to_now,2026-10-09T14:05:20+00:00
CVE-2026-78462,updated,2026-10-08,cve_2026_to_now,2026-10-09T14:05:20+00:00
CVE-2026-78463,updated,2026-10-08,cve_2026_to_now,2026-10-09T14:05:20+00:00
CVE-2026-78464,updated,2026-10-08,cve_2026_to_now,2026-10-09T14:05:20+00:00
CVE-2026-78501,updated,2026-10-08,cve_2026_to_now,2026-10-09T14:05:20+00:00
CVE-2026-78502,updated,2026-10-08,cve_2026_to_now,2026-10-09T14:05:20+00:00
CVE-2026-78503,updated,2026-10-08,cve_2026_to_now,2026-10-09T14:05:20+00:00
CVE-2026-78504,updated,2026-10-08,cve_2026_to_now,2026-10-09T14:05:20+00:00
CVE-2026-78505,updated,2026-10-08,cve_2026_to_now,2026-10-09T14:05:20+00:00
CVE-2026-78506,updated,2026-10-08,cve_2026_to_now,2026-10-09T14:05:20+00:00
CVE-2026-78507,updated,2026-10-08,cve_2026_to_now,2026-10-09T14:05:20+00:00
CVE-2026-78508,updated,2026-10-08,cve_2026_to_now,2026-10-09T14:05:20+00:00
CVE-2026-78509,updated,2026-10-08,cve_2026_to_now,2026-10-09T14:05:20+00:00
CVE-2026-78510,updated,2026-10-08,cve_2026_to_now,2026-10-09T14:05:20+00:00
CVE-2026-78511,updated,2026-10-08,cve_2026_to_now,2026-10-09T14:05:20+00:00
CVE-2026-78512,updated,2026-10-08,cve_2026_to_now,2026-10-09T14:05:20+00:00
CVE-2026-78513,updated,2026-10-08,cve_2026_to_now,2026-10-09T14:05:20+00:00
CVE-2026-78514,updated,2026-10-08,cve_2026_to_now,2026-10-09T14:05:20+00:00
CVE-2026-78515,updated,2026-10-08,cve_2026_to_now,2026-10-09T14:05:20+00:00
CVE-2026-78516,updated,2026-10-08,cve_2026_to_now,2026-10-09T14:05:20+00:00
CVE-2026-78517,updated,2026-10-08,cve_2026_to_now,2026-10-09T14:05:20+00:00
CVE-2026-78518,updated,2026-10-08,cve_2026_to_now,2026-10-09T14:05:20+00:00
CVE-2026-78519,updated,2026-10-08,cve_2026_to_now,2026-10-09T14:05:20+00:00
CVE-2026-78520,updated,2026-10-08,cve_2026_to_now,2026-10-09T14:05:20+00:00
CVE-2026-78521,updated,2026-10-08,cve_2026_to_now,2026-10-09T14:05:20+00:00
CVE-2026-78522,updated,2026-10-08,cve_2026_to_now,2026-10-09T14:05:20+00:00
CVE-2026-78523,updated,2026-10-08,cve_2026_to_now,2026-10-09T14:05:20+00:00
CVE-2026-78524,updated,2026-10-08,cve_2026_to_now,2026-10-09T14:05:20+00:00
CVE-2026-78525,updated,2026-10-08,cve_2026_to_now,2026-10-09T14:05:20+00:00
CVE-2026-78526,updated,2026-10-08,cve_2026_to_now,2026-10-09T14:05:20+00:00
CVE-2026-78659,added,,cve_2026_to_now,2026-10-09T14:05:20+00:00
CVE-2026-78660,added,,cve_2026_to_now,2026-10-09T14:05:20+00:00
CVE-2026-78663,added,,cve_2026_to_now,2026-10-09T14:05:20+00:00
CVE-2026-78667,added,,cve_2026_to_now,2026-10-09T14:05:20+00:00
CVE-2026-78669,added,,cve_2026_to_now,2026-10-09T14:05:20+00:00
CVE-2026-78675,updated,2026-10-08,cve_2026_to_now,2026-10-09T14:05:20+00:00
CVE-2026-78676,updated,2026-10-08,cve_2026_to_now,2026-10-09T14:05:20+00:00
CVE-2026-78677,updated,2026-10-08,cve_2026_to_now,2026-10-09T14:05:20+00:00
CVE-2026-78678,updated,2026-10-08,cve_2026_to_now,2026-10-09T14:05:20+00:00
CVE-2026-78679,updated,2026-10-08,cve_2026_to_now,2026-10-09T14:05:20+00:00
CVE-2026-78682,updated,2026-10-08,cve_2026_to_now,2026-10-09T14:05:20+00:00
CVE-2026-78701,updated,2026-10-08,cve_2026_to_now,2026-10-09T14:05:20+00:00
CVE-2026-79363,added,,cve_2026_to_now,2026-10-09T14:05:20+00:00
CVE-2026-79650,added,,cve_2026_to_now,2026-10-09T14:05:20+00:00
CVE-2026-79657,updated,2026-10-08,cve_2026_to_now,2026-10-09T14:05:20+00:00
CVE-2026-79658,updated,2026-10-08,cve_2026_to_now,2026-10-09T14:05:20+00:00
CVE-2026-79659,updated,2026-10-08,cve_2026_to_now,2026-10-09T14:05:20+00:00
CVE-2026-79664,updated,2026-10-08,cve_2026_to_now,2026-10-09T14:05:20+00:00
CVE-2026-79773,updated,2026-10-08,cve_2026_to_now,2026-10-09T14:05:20+00:00
CVE-2026-79774,updated,2026-10-08,cve_2026_to_now,2026-10-09T14:05:20+00:00
CVE-2026-79842,added,2026-10-09,cve_2026_to_now,2026-10-09T14:05:20+00:00
CVE-2026-80073,updated,2026-10-08,cve_2026_to_now,2026-10-09T14:05:20+00:00
CVE-2026-80074,updated,2026-10-08,cve_2026_to_now,2026-10-09T14:05:20+00:00
CVE-2026-80075,updated,2026-10-08,cve_2026_to_now,2026-10-09T14:05:20+00:00
CVE-2026-80076,updated,2026-10-08,cve_2026_to_now,2026-10-09T14:05:20+00:00
CVE-2026-80077,updated,2026-10-08,cve_2026_to_now,2026-10-09T14:05:20+00:00
CVE-2026-80078,updated,2026-10-08,cve_2026_to_now,2026-10-09T14:05:20+00:00
CVE-2026-80079,updated,2026-10-08,cve_2026_to_now,2026-10-09T14:05:20+00:00
CVE-2026-80080,updated,2026-10-08,cve_2026_to_now,2026-10-09T14:05:20+00:00
CVE-2026-80081,updated,2026-10-08,cve_2026_to_now,2026-10-09T14:05:20+00:00
CVE-2026-80082,updated,2026-10-08,cve_2026_to_now,2026-10-09T14:05:20+00:00
CVE-2026-80083,updated,2026-10-08,cve_2026_to_now,2026-10-09T14:05:20+00:00
CVE-2026-80084,updated,2026-10-08,cve_2026_to_now,2026-10-09T14:05:20+00:00
CVE-2026-80085,updated,2026-10-08,cve_2026_to_now,2026-10-09T14:05:20+00:00
CVE-2026-80086,updated,2026-10-08,cve_2026_to_now,2026-10-09T14:05:20+00:00
CVE-2026-80087,updated,2026-10-08,cve_2026_to_now,2026-10-09T14:05:20+00:00
CVE-2026-80088,updated,2026-10-08,cve_2026_to_now,2026-10-09T14:05:20+00:00
CVE-2026-80089,updated,2026-10-08,cve_2026_to_now,2026-10-09T14:05:20+00:00
CVE-2026-80090,updated,2026-10-08,cve_2026_to_now,2026-10-09T14:05:20+00:00
CVE-2026-80091,updated,2026-10-08,cve_2026_to_now,2026-10-09T14:05:20+00:00
CVE-2026-80093,updated,2026-10-08,cve_2026_to_now,2026-10-09T14:05:20+00:00
CVE-2026-80096,updated,2026-10-08,cve_2026_to_now,2026-10-09T14:05:20+00:00
CVE-2026-80097,updated,2026-10-08,cve_2026_to_now,2026-10-09T14:05:20+00:00
CVE-2026-80098,updated,2026-10-08,cve_2026_to_now,2026-10-09T14:05:20+00:00
CVE-2026-80192,updated,2026-10-08,cve_2026_to_now,2026-10-09T14:05:20+00:00
CVE-2026-80196,updated,2026-10-08,cve_2026_to_now,2026-10-09T14:05:20+00:00
CVE-2026-80197,updated,2026-10-08,cve_2026_to_now,2026-10-09T14:05:20+00:00
CVE-2026-80198,updated,2026-10-08,cve_2026_to_now,2026-10-09T14:05:20+00:00
CVE-2026-80199,updated,2026-10-08,cve_2026_to_now,2026-10-09T14:05:20+00:00
CVE-2026-80200,updated,2026-10-08,cve_2026_to_now,2026-10-09T14:05:20+00:00
CVE-2026-80201,updated,2026-10-08,cve_2026_to_now,2026-10-09T14:05:20+00:00
CVE-2026-80202,updated,2026-10-08,cve_2026_to_now,2026-10-09T14:05:20+00:00
CVE-2026-80381,added,,cve_2026_to_now,2026-10-09T14:05:20+00:00
CVE-2026-81349,updated,2026-10-08,cve_2026_to_now,2026-10-09T14:05:20+00:00
CVE-2026-81352,updated,2026-10-08,cve_2026_to_now,2026-10-09T14:05:20+00:00
CVE-2026-81353,updated,2026-10-08,cve_2026_to_now,2026-10-09T14:05:20+00:00
CVE-2026-81354,updated,2026-10-08,cve_2026_to_now,2026-10-09T14:05:20+00:00
CVE-2026-81355,updated,2026-10-08,cve_2026_to_now,2026-10-09T14:05:20+00:00
CVE-2026-81356,updated,2026-10-08,cve_2026_to_now,2026-10-09T14:05:20+00:00
CVE-2026-81357,updated,2026-10-08,cve_2026_to_now,2026-10-09T14:05:20+00:00
CVE-2026-81376,updated,2026-10-08,cve_2026_to_now,2026-10-09T14:05:20+00:00
CVE-2026-81377,updated,2026-10-08,cve_2026_to_now,2026-10-09T14:05:20+00:00
CVE-2026-81378,updated,2026-10-08,cve_2026_to_now,2026-10-09T14:05:20+00:00
CVE-2026-81379,updated,2026-10-08,cve_2026_to_now,2026-10-09T14:05:20+00:00
CVE-2026-81380,updated,2026-10-08,cve_2026_to_now,2026-10-09T14:05:20+00:00
CVE-2026-81381,updated,2026-10-08,cve_2026_to_now,2026-10-09T14:05:20+00:00
CVE-2026-81383,updated,2026-10-08,cve_2026_to_now,2026-10-09T14:05:20+00:00
CVE-2026-81385,updated,2026-10-08,cve_2026_to_now,2026-10-09T14:05:20+00:00
CVE-2026-81386,updated,2026-10-08,cve_2026_to_now,2026-10-09T14:05:20+00:00
CVE-2026-81387,updated,2026-10-08,cve_2026_to_now,2026-10-09T14:05:20+00:00
CVE-2026-81388,updated,2026-10-08,cve_2026_to_now,2026-10-09T14:05:20+00:00
CVE-2026-81389,updated,2026-10-08,cve_2026_to_now,2026-10-09T14:05:20+00:00
CVE-2026-81390,updated,2026-10-08,cve_2026_to_now,2026-10-09T14:05:20+00:00
CVE-2026-81391,updated,2026-10-08,cve_2026_to_now,2026-10-09T14:05:20+00:00
CVE-2026-81392,updated,2026-10-08,cve_2026_to_now,2026-10-09T14:05:20+00:00
CVE-2026-81393,updated,2026-10-08,cve_2026_to_now,2026-10-09T14:05:20+00:00
CVE-2026-81394,updated,2026-10-08,cve_2026_to_now,2026-10-09T14:05:20+00:00
CVE-2026-81395,updated,2026-10-08,cve_2026_to_now,2026-10-09T14:05:20+00:00
CVE-2026-81396,updated,2026-10-08,cve_2026_to_now,2026-10-09T14:05:20+00:00
CVE-2026-81397,updated,2026-10-08,cve_2026_to_now,2026-10-09T14:05:20+00:00
CVE-2026-81398,updated,2026-10-08,cve_2026_to_now,2026-10-09T14:05:20+00:00
CVE-2026-81399,updated,2026-10-08,cve_2026_to_now,2026-10-09T14:05:20+00:00
CVE-2026-81400,updated,2026-10-08,cve_2026_to_now,2026-10-09T14:05:20+00:00
CVE-2026-81401,updated,2026-10-08,cve_2026_to_now,2026-10-09T14:05:20+00:00
CVE-2026-81679,updated,2026-10-08,cve_2026_to_now,2026-10-09T14:05:20+00:00
CVE-2026-81929,added,,cve_2026_to_now,2026-10-09T14:05:20+00:00
CVE-2026-81932,added,,cve_2026_to_now,2026-10-09T14:05:20+00:00
CVE-2026-81947,updated,2026-10-08,cve_2026_to_now,2026-10-09T14:05:20+00:00
CVE-2026-81948,updated,2026-10-08,cve_2026_to_now,2026-10-09T14:05:20+00:00
CVE-2026-81949,updated,2026-10-08,cve_2026_to_now,2026-10-09T14:05:20+00:00
CVE-2026-81950,updated,2026-10-08,cve_2026_to_now,2026-10-09T14:05:20+00:00
CVE-2026-81951,updated,2026-10-08,cve_2026_to_now,2026-10-09T14:05:20+00:00
CVE-2026-81952,updated,2026-10-08,cve_2026_to_now,2026-10-09T14:05:20+00:00
CVE-2026-81953,updated,2026-10-08,cve_2026_to_now,2026-10-09T14:05:20+00:00
CVE-2026-81954,updated,2026-10-08,cve_2026_to_now,2026-10-09T14:05:20+00:00
CVE-2026-81955,updated,2026-10-08,cve_2026_to_now,2026-10-09T14:05:20+00:00
CVE-2026-81956,updated,2026-10-08,cve_2026_to_now,2026-10-09T14:05:20+00:00
CVE-2026-81957,updated,2026-10-08,cve_2026_to_now,2026-10-09T14:05:20+00:00
CVE-2026-81958,updated,2026-10-08,cve_2026_to_now,2026-10-09T14:05:20+00:00
CVE-2026-81959,updated,2026-10-08,cve_2026_to_now,2026-10-09T14:05:20+00:00
CVE-2026-81960,updated,2026-10-08,cve_2026_to_now,2026-10-09T14:05:20+00:00
CVE-2026-81963,updated,2026-10-08,cve_2026_to_now,2026-10-09T14:05:20+00:00
CVE-2026-82239,updated,2026-10-08,cve_2026_to_now,2026-10-09T14:05:20+00:00
CVE-2026-82240,updated,2026-10-08,cve_2026_to_now,2026-10-09T14:05:20+00:00
CVE-2026-82241,updated,2026-10-08,cve_2026_to_now,2026-10-09T14:05:20+00:00
CVE-2026-82242,updated,2026-10-08,cve_2026_to_now,2026-10-09T14:05:20+00:00
CVE-2026-82243,updated,2026-10-08,cve_2026_to_now,2026-10-09T14:05:20+00:00
CVE-2026-82244,updated,2026-10-08,cve_2026_to_now,2026-10-09T14:05:20+00:00
CVE-2026-82245,updated,2026-10-08,cve_2026_to_now,2026-10-09T14:05:20+00:00
CVE-2026-82246,updated,2026-10-08,cve_2026_to_now,2026-10-09T14:05:20+00:00
CVE-2026-82256,updated,2026-10-08,cve_2026_to_now,2026-10-09T14:05:20+00:00
CVE-2026-82257,updated,2026-10-08,cve_2026_to_now,2026-10-09T14:05:20+00:00
CVE-2026-82258,updated,2026-10-08,cve_2026_to_now,2026-10-09T14:05:20+00:00
CVE-2026-82259,updated,2026-10-08,cve_2026_to_now,2026-10-09T14:05:20+00:00
CVE-2026-82260,updated,2026-10-08,cve_2026_to_now,2026-10-09T14:05:20+00:00
CVE-2026-82261,updated,2026-10-08,cve_2026_to_now,2026-10-09T14:05:20+00:00
CVE-2026-82334,added,2026-10-09,cve_2026_to_now,2026-10-09T14:05:20+00:00
CVE-2026-82335,added,,cve_2026_to_now,2026-10-09T14:05:20+00:00
CVE-2026-82344,added,,cve_2026_to_now,2026-10-09T14:05:20+00:00
CVE-2026-82450,updated,2026-10-08,cve_2026_to_now,2026-10-09T14:05:20+00:00
CVE-2026-82627,updated,,cve_2026_to_now,2026-10-09T14:05:20+00:00
CVE-2026-82854,updated,2026-10-08,cve_2026_to_now,2026-10-09T14:05:20+00:00
CVE-2026-82855,updated,2026-10-08,cve_2026_to_now,2026-10-09T14:05:20+00:00
CVE-2026-82856,updated,2026-10-08,cve_2026_to_now,2026-10-09T14:05:20+00:00
CVE-2026-82858,updated,2026-10-08,cve_2026_to_now,2026-10-09T14:05:20+00:00
CVE-2026-82860,updated,2026-10-08,cve_2026_to_now,2026-10-09T14:05:20+00:00
CVE-2026-82861,updated,2026-10-08,cve_2026_to_now,2026-10-09T14:05:20+00:00
CVE-2026-82863,updated,2026-10-08,cve_2026_to_now,2026-10-09T14:05:20+00:00
CVE-2026-82864,updated,2026-10-08,cve_2026_to_now,2026-10-09T14:05:20+00:00
CVE-2026-82865,updated,2026-10-08,cve_2026_to_now,2026-10-09T14:05:20+00:00
CVE-2026-82866,updated,2026-10-08,cve_2026_to_now,2026-10-09T14:05:20+00:00
CVE-2026-82867,updated,2026-10-08,cve_2026_to_now,2026-10-09T14:05:20+00:00
CVE-2026-82868,updated,2026-10-08,cve_2026_to_now,2026-10-09T14:05:20+00:00
CVE-2026-82895,added,,cve_2026_to_now,2026-10-09T14:05:20+00:00
CVE-2026-82900,added,,cve_2026_to_now,2026-10-09T14:05:20+00:00
CVE-2026-83498,updated,2026-10-08,cve_2026_to_now,2026-10-09T14:05:20+00:00
CVE-2026-83501,updated,2026-10-08,cve_2026_to_now,2026-10-09T14:05:20+00:00
CVE-2026-83711,updated,2026-10-08,cve_2026_to_now,2026-10-09T14:05:20+00:00
CVE-2026-83939,updated,2026-10-08,cve_2026_to_now,2026-10-09T14:05:20+00:00
CVE-2026-83940,updated,2026-10-08,cve_2026_to_now,2026-10-09T14:05:20+00:00
CVE-2026-83941,updated,2026-10-08,cve_2026_to_now,2026-10-09T14:05:20+00:00
CVE-2026-83942,updated,2026-10-08,cve_2026_to_now,2026-10-09T14:05:20+00:00
CVE-2026-83943,added,,cve_2026_to_now,2026-10-09T14:05:20+00:00
CVE-2026-83944,updated,2026-10-08,cve_2026_to_now,2026-10-09T14:05:20+00:00
CVE-2026-83946,updated,2026-10-08,cve_2026_to_now,2026-10-09T14:05:20+00:00
CVE-2026-83947,added,,cve_2026_to_now,2026-10-09T14:05:20+00:00
CVE-2026-83948,updated,2026-10-08,cve_2026_to_now,2026-10-09T14:05:20+00:00
CVE-2026-83949,updated,2026-10-08,cve_2026_to_now,2026-10-09T14:05:20+00:00
CVE-2026-83951,updated,2026-10-08,cve_2026_to_now,2026-10-09T14:05:20+00:00
CVE-2026-83952,updated,2026-10-08,cve_2026_to_now,2026-10-09T14:05:20+00:00
CVE-2026-83954,updated,2026-10-08,cve_2026_to_now,2026-10-09T14:05:20+00:00
CVE-2026-83955,updated,2026-10-08,cve_2026_to_now,2026-10-09T14:05:20+00:00
CVE-2026-83967,updated,2026-10-08,cve_2026_to_now,2026-10-09T14:05:20+00:00
CVE-2026-83968,updated,2026-10-08,cve_2026_to_now,2026-10-09T14:05:20+00:00
CVE-2026-83969,updated,2026-10-08,cve_2026_to_now,2026-10-09T14:05:20+00:00
CVE-2026-83970,updated,2026-10-08,cve_2026_to_now,2026-10-09T14:05:20+00:00
CVE-2026-83971,updated,2026-10-08,cve_2026_to_now,2026-10-09T14:05:20+00:00
CVE-2026-83972,updated,2026-10-08,cve_2026_to_now,2026-10-09T14:05:20+00:00
CVE-2026-83973,updated,2026-10-08,cve_2026_to_now,2026-10-09T14:05:20+00:00
CVE-2026-83974,updated,2026-10-08,cve_2026_to_now,2026-10-09T14:05:20+00:00
CVE-2026-83975,updated,2026-10-08,cve_2026_to_now,2026-10-09T14:05:20+00:00
CVE-2026-83976,updated,2026-10-08,cve_2026_to_now,2026-10-09T14:05:20+00:00
CVE-2026-83977,updated,2026-10-08,cve_2026_to_now,2026-10-09T14:05:20+00:00
CVE-2026-83978,updated,2026-10-08,cve_2026_to_now,2026-10-09T14:05:20+00:00
CVE-2026-83979,updated,2026-10-08,cve_2026_to_now,2026-10-09T14:05:20+00:00
CVE-2026-83980,updated,2026-10-08,cve_2026_to_now,2026-10-09T14:05:20+00:00
CVE-2026-83981,updated,2026-10-08,cve_2026_to_now,2026-10-09T14:05:20+00:00
CVE-2026-83982,updated,2026-10-08,cve_2026_to_now,2026-10-09T14:05:20+00:00
CVE-2026-83983,updated,2026-10-08,cve_2026_to_now,2026-10-09T14:05:20+00:00
CVE-2026-83985,updated,2026-10-08,cve_2026_to_now,2026-10-09T14:05:20+00:00
CVE-2026-83986,updated,2026-10-08,cve_2026_to_now,2026-10-09T14:05:20+00:00
CVE-2026-83987,updated,2026-10-08,cve_2026_to_now,2026-10-09T14:05:20+00:00
CVE-2026-83988,updated,2026-10-08,cve_2026_to_now,2026-10-09T14:05:20+00:00
CVE-2026-83989,updated,2026-10-08,cve_2026_to_now,2026-10-09T14:05:20+00:00
CVE-2026-83990,updated,2026-10-08,cve_2026_to_now,2026-10-09T14:05:20+00:00
CVE-2026-83991,updated,2026-10-08,cve_2026_to_now,2026-10-09T14:05:20+00:00
CVE-2026-83992,updated,2026-10-08,cve_2026_to_now,2026-10-09T14:05:20+00:00
CVE-2026-83995,updated,2026-10-08,cve_2026_to_now,2026-10-09T14:05:20+00:00
CVE-2026-83996,updated,2026-10-08,cve_2026_to_now,2026-10-09T14:05:20+00:00
CVE-2026-83997,updated,2026-10-08,cve_2026_to_now,2026-10-09T14:05:20+00:00
CVE-2026-83998,updated,2026-10-08,cve_2026_to_now,2026-10-09T14:05:20+00:00
CVE-2026-83999,updated,2026-10-08,cve_2026_to_now,2026-10-09T14:05:20+00:00
CVE-2026-84000,updated,2026-10-08,cve_2026_to_now,2026-10-09T14:05:20+00:00
CVE-2026-84001,updated,2026-10-08,cve_2026_to_now,2026-10-09T14:05:20+00:00
CVE-2026-84003,updated,2026-10-08,cve_2026_to_now,2026-10-09T14:05:20+00:00
CVE-2026-84032,added,,cve_2026_to_now,2026-10-09T14:05:20+00:00
CVE-2026-84035,added,,cve_2026_to_now,2026-10-09T14:05:20+00:00
CVE-2026-84057,added,,cve_2026_to_now,2026-10-09T14:05:20+00:00
CVE-2026-84058,added,,cve_2026_to_now,2026-10-09T14:05:20+00:00
CVE-2026-84188,updated,2026-10-08,cve_2026_to_now,2026-10-09T14:05:20+00:00
CVE-2026-84189,updated,2026-10-08,cve_2026_to_now,2026-10-09T14:05:20+00:00
CVE-2026-84190,updated,2026-10-08,cve_2026_to_now,2026-10-09T14:05:20+00:00
CVE-2026-84192,updated,2026-10-08,cve_2026_to_now,2026-10-09T14:05:20+00:00
CVE-2026-84198,added,,cve_2026_to_now,2026-10-09T14:05:20+00:00
CVE-2026-84199,updated,2026-10-08,cve_2026_to_now,2026-10-09T14:05:20+00:00
CVE-2026-84209,added,2026-10-09,cve_2026_to_now,2026-10-09T14:05:20+00:00
CVE-2026-84220,added,,cve_2026_to_now,2026-10-09T14:05:20+00:00
CVE-2026-84224,added,,cve_2026_to_now,2026-10-09T14:05:20+00:00
CVE-2026-84230,added,,cve_2026_to_now,2026-10-09T14:05:20+00:00
CVE-2026-84244,added,,cve_2026_to_now,2026-10-09T14:05:20+00:00
CVE-2026-84245,added,,cve_2026_to_now,2026-10-09T14:05:20+00:00
CVE-2026-84246,added,,cve_2026_to_now,2026-10-09T14:05:20+00:00
CVE-2026-84247,added,,cve_2026_to_now,2026-10-09T14:05:20+00:00
CVE-2026-84249,added,,cve_2026_to_now,2026-10-09T14:05:20+00:00
CVE-2026-84250,added,2026-10-09,cve_2026_to_now,2026-10-09T14:05:20+00:00
CVE-2026-84271,added,,cve_2026_to_now,2026-10-09T14:05:20+00:00
CVE-2026-84272,added,,cve_2026_to_now,2026-10-09T14:05:20+00:00
CVE-2026-84274,added,,cve_2026_to_now,2026-10-09T14:05:20+00:00
CVE-2026-84275,added,,cve_2026_to_now,2026-10-09T14:05:20+00:00
CVE-2026-84276,added,,cve_2026_to_now,2026-10-09T14:05:20+00:00
CVE-2026-84278,added,,cve_2026_to_now,2026-10-09T14:05:20+00:00
CVE-2026-84290,added,,cve_2026_to_now,2026-10-09T14:05:20+00:00
CVE-2026-84875,added,,cve_2026_to_now,2026-10-09T14:05:20+00:00
CVE-2026-84891,added,,cve_2026_to_now,2026-10-09T14:05:20+00:00
CVE-2026-85097,updated,,cve_2026_to_now,2026-10-09T14:05:20+00:00
CVE-2026-85210,updated,2026-10-08,cve_2026_to_now,2026-10-09T14:05:20+00:00
CVE-2026-85348,added,,cve_2026_to_now,2026-10-09T14:05:20+00:00
CVE-2026-85360,updated,2026-10-08,cve_2026_to_now,2026-10-09T14:05:20+00:00
CVE-2026-85421,updated,,cve_2026_to_now,2026-10-09T14:05:20+00:00
CVE-2026-85422,updated,,cve_2026_to_now,2026-10-09T14:05:20+00:00
CVE-2026-85423,updated,,cve_2026_to_now,2026-10-09T14:05:20+00:00
CVE-2026-85479,added,,cve_2026_to_now,2026-10-09T14:05:20+00:00
CVE-2026-85486,updated,,cve_2026_to_now,2026-10-09T14:05:20+00:00
CVE-2026-85487,updated,,cve_2026_to_now,2026-10-09T14:05:20+00:00
CVE-2026-85488,updated,,cve_2026_to_now,2026-10-09T14:05:20+00:00
CVE-2026-85489,updated,,cve_2026_to_now,2026-10-09T14:05:20+00:00
CVE-2026-85490,updated,,cve_2026_to_now,2026-10-09T14:05:20+00:00
CVE-2026-85531,added,,cve_2026_to_now,2026-10-09T14:05:20+00:00
CVE-2026-85578,updated,2026-10-08,cve_2026_to_now,2026-10-09T14:05:20+00:00
CVE-2026-85594,updated,2026-10-08,cve_2026_to_now,2026-10-09T14:05:20+00:00
CVE-2026-85595,updated,2026-10-08,cve_2026_to_now,2026-10-09T14:05:20+00:00
CVE-2026-85596,updated,2026-10-08,cve_2026_to_now,2026-10-09T14:05:20+00:00
CVE-2026-85597,updated,2026-10-08,cve_2026_to_now,2026-10-09T14:05:20+00:00
CVE-2026-85875,updated,2026-10-08,cve_2026_to_now,2026-10-09T14:05:20+00:00
CVE-2026-85877,updated,2026-10-08,cve_2026_to_now,2026-10-09T14:05:20+00:00
CVE-2026-85878,updated,2026-10-08,cve_2026_to_now,2026-10-09T14:05:20+00:00
CVE-2026-85880,updated,2026-10-08,cve_2026_to_now,2026-10-09T14:05:20+00:00
CVE-2026-85885,updated,2026-10-08,cve_2026_to_now,2026-10-09T14:05:20+00:00
CVE-2026-85887,updated,2026-10-08,cve_2026_to_now,2026-10-09T14:05:20+00:00
CVE-2026-85889,updated,2026-10-08,cve_2026_to_now,2026-10-09T14:05:20+00:00
CVE-2026-85892,updated,2026-10-08,cve_2026_to_now,2026-10-09T14:05:20+00:00
CVE-2026-85893,updated,2026-10-08,cve_2026_to_now,2026-10-09T14:05:20+00:00
CVE-2026-85917,updated,2026-10-08,cve_2026_to_now,2026-10-09T14:05:20+00:00
CVE-2026-85921,updated,2026-10-08,cve_2026_to_now,2026-10-09T14:05:20+00:00
CVE-2026-86197,updated,2026-10-08,cve_2026_to_now,2026-10-09T14:05:20+00:00
CVE-2026-86200,updated,2026-10-08,cve_2026_to_now,2026-10-09T14:05:20+00:00
CVE-2026-86201,updated,2026-10-08,cve_2026_to_now,2026-10-09T14:05:20+00:00
CVE-2026-86202,updated,2026-10-08,cve_2026_to_now,2026-10-09T14:05:20+00:00
CVE-2026-86203,updated,2026-10-08,cve_2026_to_now,2026-10-09T14:05:20+00:00
CVE-2026-86204,updated,2026-10-08,cve_2026_to_now,2026-10-09T14:05:20+00:00
CVE-2026-86361,updated,2026-10-08,cve_2026_to_now,2026-10-09T14:05:20+00:00
CVE-2026-86404,updated,2026-10-08,cve_2026_to_now,2026-10-09T14:05:20+00:00
CVE-2026-86405,added,,cve_2026_to_now,2026-10-09T14:05:20+00:00
CVE-2026-86428,updated,2026-10-08,cve_2026_to_now,2026-10-09T14:05:20+00:00
CVE-2026-86429,updated,2026-10-08,cve_2026_to_now,2026-10-09T14:05:20+00:00
CVE-2026-86430,updated,2026-10-08,cve_2026_to_now,2026-10-09T14:05:20+00:00
CVE-2026-86431,updated,2026-10-08,cve_2026_to_now,2026-10-09T14:05:20+00:00
CVE-2026-86432,updated,2026-10-08,cve_2026_to_now,2026-10-09T14:05:20+00:00
CVE-2026-86433,updated,2026-10-08,cve_2026_to_now,2026-10-09T14:05:20+00:00
CVE-2026-86434,updated,2026-10-08,cve_2026_to_now,2026-10-09T14:05:20+00:00
CVE-2026-86435,updated,2026-10-08,cve_2026_to_now,2026-10-09T14:05:20+00:00
CVE-2026-86463,added,,cve_2026_to_now,2026-10-09T14:05:20+00:00
CVE-2026-86850,added,,cve_2026_to_now,2026-10-09T14:05:20+00:00
CVE-2026-86851,added,,cve_2026_to_now,2026-10-09T14:05:20+00:00
CVE-2026-87108,added,,cve_2026_to_now,2026-10-09T14:05:20+00:00
CVE-2026-87109,added,,cve_2026_to_now,2026-10-09T14:05:20+00:00
CVE-2026-87110,added,,cve_2026_to_now,2026-10-09T14:05:20+00:00
CVE-2026-87424,updated,,cve_2026_to_now,2026-10-09T14:05:20+00:00
CVE-2026-87425,updated,,cve_2026_to_now,2026-10-09T14:05:20+00:00
CVE-2026-87426,updated,,cve_2026_to_now,2026-10-09T14:05:20+00:00
CVE-2026-87428,updated,,cve_2026_to_now,2026-10-09T14:05:20+00:00
CVE-2026-87659,updated,,cve_2026_to_now,2026-10-09T14:05:20+00:00
CVE-2026-87660,updated,,cve_2026_to_now,2026-10-09T14:05:20+00:00
CVE-2026-87661,updated,,cve_2026_to_now,2026-10-09T14:05:20+00:00
CVE-2026-87662,updated,2026-10-09,cve_2026_to_now,2026-10-09T14:05:20+00:00
CVE-2026-87663,updated,2026-10-09,cve_2026_to_now,2026-10-09T14:05:20+00:00
CVE-2026-87664,updated,2026-10-09,cve_2026_to_now,2026-10-09T14:05:20+00:00
CVE-2026-87666,updated,2026-10-09,cve_2026_to_now,2026-10-09T14:05:20+00:00
CVE-2026-87667,updated,,cve_2026_to_now,2026-10-09T14:05:20+00:00
CVE-2026-87671,updated,,cve_2026_to_now,2026-10-09T14:05:20+00:00
CVE-2026-87673,updated,2026-10-09,cve_2026_to_now,2026-10-09T14:05:20+00:00
CVE-2026-87674,updated,2026-10-09,cve_2026_to_now,2026-10-09T14:05:20+00:00
CVE-2026-87675,updated,2026-10-09,cve_2026_to_now,2026-10-09T14:05:20+00:00
CVE-2026-87677,updated,,cve_2026_to_now,2026-10-09T14:05:20+00:00
CVE-2026-87684,updated,,cve_2026_to_now,2026-10-09T14:05:20+00:00
CVE-2026-87685,updated,2026-10-09,cve_2026_to_now,2026-10-09T14:05:20+00:00
CVE-2026-87687,updated,2026-10-09,cve_2026_to_now,2026-10-09T14:05:20+00:00
CVE-2026-87688,updated,,cve_2026_to_now,2026-10-09T14:05:20+00:00
CVE-2026-87701,updated,2026-10-08,cve_2026_to_now,2026-10-09T14:05:20+00:00
CVE-2026-87807,updated,2026-10-08,cve_2026_to_now,2026-10-09T14:05:20+00:00
CVE-2026-87817,updated,2026-10-08,cve_2026_to_now,2026-10-09T14:05:20+00:00
CVE-2026-87818,updated,2026-10-08,cve_2026_to_now,2026-10-09T14:05:20+00:00
CVE-2026-87819,updated,2026-10-08,cve_2026_to_now,2026-10-09T14:05:20+00:00
CVE-2026-87841,added,,cve_2026_to_now,2026-10-09T14:05:20+00:00
CVE-2026-87846,added,,cve_2026_to_now,2026-10-09T14:05:20+00:00
CVE-2026-87853,updated,2026-10-08,cve_2026_to_now,2026-10-09T14:05:20+00:00
CVE-2026-87980,added,,cve_2026_to_now,2026-10-09T14:05:20+00:00
CVE-2026-88097,updated,2026-10-08,cve_2026_to_now,2026-10-09T14:05:20+00:00
CVE-2026-88131,added,,cve_2026_to_now,2026-10-09T14:05:20+00:00
CVE-2026-88257,updated,,cve_2026_to_now,2026-10-09T14:05:20+00:00
CVE-2026-88647,added,,cve_2026_to_now,2026-10-09T14:05:20+00:00
CVE-2026-88648,added,,cve_2026_to_now,2026-10-09T14:05:20+00:00
CVE-2026-88877,updated,2026-10-08,cve_2026_to_now,2026-10-09T14:05:20+00:00
CVE-2026-88878,updated,2026-10-08,cve_2026_to_now,2026-10-09T14:05:20+00:00
CVE-2026-88879,updated,2026-10-08,cve_2026_to_now,2026-10-09T14:05:20+00:00
CVE-2026-88931,added,,cve_2026_to_now,2026-10-09T14:05:20+00:00
CVE-2026-89058,updated,2026-10-09,cve_2026_to_now,2026-10-09T14:05:20+00:00
CVE-2026-89059,updated,2026-10-09,cve_2026_to_now,2026-10-09T14:05:20+00:00
CVE-2026-89091,added,,cve_2026_to_now,2026-10-09T14:05:20+00:00
CVE-2026-89191,updated,2026-10-09,cve_2026_to_now,2026-10-09T14:05:20+00:00
CVE-2026-89235,added,,cve_2026_to_now,2026-10-09T14:05:20+00:00
CVE-2026-89322,updated,2026-10-09,cve_2026_to_now,2026-10-09T14:05:20+00:00
CVE-2026-90461,updated,2026-09-14,cve_2026_to_now,2026-10-09T14:05:20+00:00
CVE-2026-90559,updated,2026-10-08,cve_2026_to_now,2026-10-09T14:05:20+00:00
CVE-2026-90935,updated,2026-10-08,cve_2026_to_now,2026-10-09T14:05:20+00:00
CVE-2026-90936,updated,2026-10-08,cve_2026_to_now,2026-10-09T14:05:20+00:00
CVE-2026-91991,updated,2026-10-08,cve_2026_to_now,2026-10-09T14:05:20+00:00
CVE-2026-92085,added,,cve_2026_to_now,2026-10-09T14:05:20+00:00
CVE-2026-92298,updated,2026-10-08,cve_2026_to_now,2026-10-09T14:05:20+00:00
CVE-2026-92555,updated,,cve_2026_to_now,2026-10-09T14:05:20+00:00
CVE-2026-92925,updated,2026-10-08,cve_2026_to_now,2026-10-09T14:05:20+00:00
CVE-2026-92989,added,,cve_2026_to_now,2026-10-09T14:05:20+00:00
CVE-2026-92990,added,,cve_2026_to_now,2026-10-09T14:05:20+00:00
CVE-2026-93017,added,,cve_2026_to_now,2026-10-09T14:05:20+00:00
CVE-2026-93034,added,,cve_2026_to_now,2026-10-09T14:05:20+00:00
CVE-2026-93448,updated,2026-10-09,cve_2026_to_now,2026-10-09T14:05:20+00:00
CVE-2026-93451,updated,2026-10-08,cve_2026_to_now,2026-10-09T14:05:20+00:00
CVE-2026-93452,updated,2026-10-08,cve_2026_to_now,2026-10-09T14:05:20+00:00
CVE-2026-93548,added,,cve_2026_to_now,2026-10-09T14:05:20+00:00
CVE-2026-93678,updated,2026-10-09,cve_2026_to_now,2026-10-09T14:05:20+00:00
CVE-2026-93699,updated,,cve_2026_to_now,2026-10-09T14:05:20+00:00
CVE-2026-93858,added,,cve_2026_to_now,2026-10-09T14:05:20+00:00
CVE-2026-93860,added,2026-10-09,cve_2026_to_now,2026-10-09T14:05:20+00:00
CVE-2026-93861,added,,cve_2026_to_now,2026-10-09T14:05:20+00:00
CVE-2026-93947,added,,cve_2026_to_now,2026-10-09T14:05:20+00:00
CVE-2026-93988,updated,2026-10-08,cve_2026_to_now,2026-10-09T14:05:20+00:00
CVE-2026-94058,added,,cve_2026_to_now,2026-10-09T14:05:20+00:00
CVE-2026-94059,added,,cve_2026_to_now,2026-10-09T14:05:20+00:00
CVE-2026-94060,added,,cve_2026_to_now,2026-10-09T14:05:20+00:00
CVE-2026-94061,added,,cve_2026_to_now,2026-10-09T14:05:20+00:00
CVE-2026-94062,added,,cve_2026_to_now,2026-10-09T14:05:20+00:00
CVE-2026-94063,added,,cve_2026_to_now,2026-10-09T14:05:20+00:00
CVE-2026-94064,added,,cve_2026_to_now,2026-10-09T14:05:20+00:00
CVE-2026-94065,added,,cve_2026_to_now,2026-10-09T14:05:20+00:00
CVE-2026-94066,added,,cve_2026_to_now,2026-10-09T14:05:20+00:00
CVE-2026-94067,added,,cve_2026_to_now,2026-10-09T14:05:20+00:00
CVE-2026-94154,updated,2026-10-08,cve_2026_to_now,2026-10-09T14:05:20+00:00
CVE-2026-94158,added,,cve_2026_to_now,2026-10-09T14:05:20+00:00
CVE-2026-94159,added,,cve_2026_to_now,2026-10-09T14:05:20+00:00
CVE-2026-94161,added,,cve_2026_to_now,2026-10-09T14:05:20+00:00
CVE-2026-94166,added,,cve_2026_to_now,2026-10-09T14:05:20+00:00
CVE-2026-94167,added,,cve_2026_to_now,2026-10-09T14:05:20+00:00
CVE-2026-94170,added,,cve_2026_to_now,2026-10-09T14:05:20+00:00
CVE-2026-94415,added,,cve_2026_to_now,2026-10-09T14:05:20+00:00
CVE-2026-94439,added,,cve_2026_to_now,2026-10-09T14:05:20+00:00
CVE-2026-94440,added,,cve_2026_to_now,2026-10-09T14:05:20+00:00
CVE-2026-94444,added,,cve_2026_to_now,2026-10-09T14:05:20+00:00
CVE-2026-94447,added,,cve_2026_to_now,2026-10-09T14:05:20+00:00
CVE-2026-94448,added,,cve_2026_to_now,2026-10-09T14:05:20+00:00
CVE-2026-94503,added,,cve_2026_to_now,2026-10-09T14:05:20+00:00
CVE-2026-94510,added,,cve_2026_to_now,2026-10-09T14:05:20+00:00
CVE-2026-94568,added,,cve_2026_to_now,2026-10-09T14:05:20+00:00
CVE-2026-94575,updated,,cve_2026_to_now,2026-10-09T14:05:20+00:00
CVE-2026-94576,updated,,cve_2026_to_now,2026-10-09T14:05:20+00:00
CVE-2026-94577,updated,2026-10-09,cve_2026_to_now,2026-10-09T14:05:20+00:00
CVE-2026-94578,updated,,cve_2026_to_now,2026-10-09T14:05:20+00:00
CVE-2026-94579,updated,,cve_2026_to_now,2026-10-09T14:05:20+00:00
CVE-2026-94580,updated,,cve_2026_to_now,2026-10-09T14:05:20+00:00
CVE-2026-94581,updated,2026-10-09,cve_2026_to_now,2026-10-09T14:05:20+00:00
CVE-2026-94582,updated,,cve_2026_to_now,2026-10-09T14:05:20+00:00
CVE-2026-94583,updated,,cve_2026_to_now,2026-10-09T14:05:20+00:00
CVE-2026-94584,updated,,cve_2026_to_now,2026-10-09T14:05:20+00:00
CVE-2026-94585,updated,,cve_2026_to_now,2026-10-09T14:05:20+00:00
CVE-2026-94586,updated,2026-10-09,cve_2026_to_now,2026-10-09T14:05:20+00:00
CVE-2026-94587,updated,,cve_2026_to_now,2026-10-09T14:05:20+00:00
CVE-2026-94632,added,,cve_2026_to_now,2026-10-09T14:05:20+00:00
CVE-2026-94641,added,,cve_2026_to_now,2026-10-09T14:05:20+00:00
CVE-2026-94661,added,,cve_2026_to_now,2026-10-09T14:05:20+00:00
CVE-2026-94663,added,,cve_2026_to_now,2026-10-09T14:05:20+00:00
CVE-2026-94664,added,,cve_2026_to_now,2026-10-09T14:05:20+00:00
CVE-2026-94665,added,,cve_2026_to_now,2026-10-09T14:05:20+00:00
CVE-2026-94666,added,,cve_2026_to_now,2026-10-09T14:05:20+00:00
CVE-2026-94667,added,,cve_2026_to_now,2026-10-09T14:05:20+00:00
CVE-2026-94668,added,,cve_2026_to_now,2026-10-09T14:05:20+00:00
CVE-2026-95116,added,,cve_2026_to_now,2026-10-09T14:05:20+00:00
CVE-2026-95125,added,,cve_2026_to_now,2026-10-09T14:05:20+00:00
CVE-2026-95184,added,,cve_2026_to_now,2026-10-09T14:05:20+00:00
CVE-2026-95208,added,,cve_2026_to_now,2026-10-09T14:05:20+00:00
CVE-2026-95209,added,,cve_2026_to_now,2026-10-09T14:05:20+00:00
CVE-2026-95210,added,,cve_2026_to_now,2026-10-09T14:05:20+00:00
CVE-2026-95589,added,,cve_2026_to_now,2026-10-09T14:05:20+00:00
CVE-2026-95591,added,,cve_2026_to_now,2026-10-09T14:05:20+00:00
CVE-2026-95596,added,,cve_2026_to_now,2026-10-09T14:05:20+00:00
CVE-2026-95597,added,,cve_2026_to_now,2026-10-09T14:05:20+00:00
CVE-2026-95598,added,,cve_2026_to_now,2026-10-09T14:05:20+00:00
CVE-2026-95599,added,,cve_2026_to_now,2026-10-09T14:05:20+00:00
CVE-2026-95607,added,,cve_2026_to_now,2026-10-09T14:05:20+00:00
CVE-2026-95608,added,,cve_2026_to_now,2026-10-09T14:05:20+00:00
CVE-2026-95609,added,,cve_2026_to_now,2026-10-09T14:05:20+00:00
CVE-2026-95610,added,,cve_2026_to_now,2026-10-09T14:05:20+00:00
CVE-2026-96207,added,,cve_2026_to_now,2026-10-09T14:05:20+00:00
CVE-2026-96327,added,,cve_2026_to_now,2026-10-09T14:05:20+00:00
CVE-2026-96328,added,,cve_2026_to_now,2026-10-09T14:05:20+00:00
CVE-2026-96329,added,,cve_2026_to_now,2026-10-09T14:05:20+00:00
CVE-2026-96330,added,,cve_2026_to_now,2026-10-09T14:05:20+00:00
CVE-2026-96331,added,,cve_2026_to_now,2026-10-09T14:05:20+00:00
CVE-2026-96332,added,,cve_2026_to_now,2026-10-09T14:05:20+00:00
CVE-2026-96333,added,,cve_2026_to_now,2026-10-09T14:05:20+00:00
CVE-2026-96334,added,,cve_2026_to_now,2026-10-09T14:05:20+00:00
CVE-2026-96336,added,,cve_2026_to_now,2026-10-09T14:05:20+00:00
CVE-2026-96337,added,,cve_2026_to_now,2026-10-09T14:05:20+00:00
CVE-2026-96393,added,,cve_2026_to_now,2026-10-09T14:05:20+00:00
CVE-2026-96394,added,,cve_2026_to_now,2026-10-09T14:05:20+00:00
CVE-2026-96395,added,,cve_2026_to_now,2026-10-09T14:05:20+00:00
CVE-2026-96396,added,,cve_2026_to_now,2026-10-09T14:05:20+00:00
CVE-2026-96461,added,,cve_2026_to_now,2026-10-09T14:05:20+00:00
CVE-2026-96518,added,,cve_2026_to_now,2026-10-09T14:05:20+00:00
CVE-2026-96539,added,,cve_2026_to_now,2026-10-09T14:05:20+00:00
CVE-2026-96553,added,,cve_2026_to_now,2026-10-09T14:05:20+00:00
CVE-2026-96607,added,,cve_2026_to_now,2026-10-09T14:05:20+00:00
CVE-2026-96671,added,,cve_2026_to_now,2026-10-09T14:05:20+00:00
CVE-2026-96761,added,,cve_2026_to_now,2026-10-09T14:05:20+00:00
CVE-2026-96809,added,,cve_2026_to_now,2026-10-09T14:05:20+00:00
CVE-2026-96940,updated,2026-10-08,cve_2026_to_now,2026-10-09T14:05:20+00:00
CVE-2026-97030,added,,cve_2026_to_now,2026-10-09T14:05:20+00:00
CVE-2026-97031,added,,cve_2026_to_now,2026-10-09T14:05:20+00:00
CVE-2026-97032,added,,cve_2026_to_now,2026-10-09T14:05:20+00:00
CVE-2026-97075,added,,cve_2026_to_now,2026-10-09T14:05:20+00:00
CVE-2026-97076,added,,cve_2026_to_now,2026-10-09T14:05:20+00:00
CVE-2026-97147,added,,cve_2026_to_now,2026-10-09T14:05:20+00:00
CVE-2026-97468,added,,cve_2026_to_now,2026-10-09T14:05:20+00:00
CVE-2026-97791,added,,cve_2026_to_now,2026-10-09T14:05:20+00:00
CVE-2026-98375,added,,cve_2026_to_now,2026-10-09T14:05:20+00:00
CVE-2026-98376,added,,cve_2026_to_now,2026-10-09T14:05:20+00:00
CVE-2026-98377,added,,cve_2026_to_now,2026-10-09T14:05:20+00:00
CVE-2026-98378,added,,cve_2026_to_now,2026-10-09T14:05:20+00:00
CVE-2026-98379,added,,cve_2026_to_now,2026-10-09T14:05:20+00:00
CVE-2026-98380,added,,cve_2026_to_now,2026-10-09T14:05:20+00:00
CVE-2026-98381,added,,cve_2026_to_now,2026-10-09T14:05:20+00:00
CVE-2026-98382,added,,cve_2026_to_now,2026-10-09T14:05:20+00:00
CVE-2026-98383,added,,cve_2026_to_now,2026-10-09T14:05:20+00:00
CVE-2026-98384,added,,cve_2026_to_now,2026-10-09T14:05:20+00:00
CVE-2026-100208,updated,2026-10-08,cve_2026_to_now,2026-10-09T14:05:20+00:00
CVE-2026-100227,added,,cve_2026_to_now,2026-10-09T14:05:20+00:00
CVE-2026-100525,updated,2026-10-08,cve_2026_to_now,2026-10-09T14:05:20+00:00
CVE-2026-100526,updated,2026-10-08,cve_2026_to_now,2026-10-09T14:05:20+00:00
CVE-2026-100531,updated,2026-10-08,cve_2026_to_now,2026-10-09T14:05:20+00:00
CVE-2026-100532,updated,2026-10-08,cve_2026_to_now,2026-10-09T14:05:20+00:00
CVE-2026-100540,updated,2026-10-08,cve_2026_to_now,2026-10-09T14:05:20+00:00
CVE-2026-100541,updated,2026-10-08,cve_2026_to_now,2026-10-09T14:05:20+00:00
CVE-2026-100544,updated,2026-10-08,cve_2026_to_now,2026-10-09T14:05:20+00:00
CVE-2026-100566,updated,2026-10-08,cve_2026_to_now,2026-10-09T14:05:20+00:00
CVE-2026-100575,updated,2026-10-08,cve_2026_to_now,2026-10-09T14:05:20+00:00
CVE-2026-100582,updated,2026-10-08,cve_2026_to_now,2026-10-09T14:05:20+00:00
CVE-2026-100583,updated,2026-10-08,cve_2026_to_now,2026-10-09T14:05:20+00:00
CVE-2026-100634,updated,2026-10-08,cve_2026_to_now,2026-10-09T14:05:20+00:00
CVE-2026-100635,updated,2026-10-08,cve_2026_to_now,2026-10-09T14:05:20+00:00
CVE-2026-100640,updated,2026-10-08,cve_2026_to_now,2026-10-09T14:05:20+00:00
CVE-2026-100644,updated,2026-10-08,cve_2026_to_now,2026-10-09T14:05:20+00:00
CVE-2026-100645,updated,2026-10-08,cve_2026_to_now,2026-10-09T14:05:20+00:00
CVE-2026-100680,updated,2026-10-08,cve_2026_to_now,2026-10-09T14:05:20+00:00
CVE-2026-100681,updated,2026-10-08,cve_2026_to_now,2026-10-09T14:05:20+00:00
CVE-2026-100682,updated,2026-10-08,cve_2026_to_now,2026-10-09T14:05:20+00:00
CVE-2026-100683,updated,2026-10-08,cve_2026_to_now,2026-10-09T14:05:20+00:00
CVE-2026-100684,updated,2026-10-08,cve_2026_to_now,2026-10-09T14:05:20+00:00
CVE-2026-100685,updated,2026-10-08,cve_2026_to_now,2026-10-09T14:05:20+00:00
CVE-2026-100686,updated,2026-10-08,cve_2026_to_now,2026-10-09T14:05:20+00:00
CVE-2026-100687,updated,2026-10-08,cve_2026_to_now,2026-10-09T14:05:20+00:00
CVE-2026-100688,updated,2026-10-08,cve_2026_to_now,2026-10-09T14:05:20+00:00
CVE-2026-100689,updated,2026-10-08,cve_2026_to_now,2026-10-09T14:05:20+00:00
CVE-2026-100730,added,,cve_2026_to_now,2026-10-09T14:05:20+00:00
CVE-2026-100833,updated,2026-10-09,cve_2026_to_now,2026-10-09T14:05:20+00:00
CVE-2026-100838,updated,2026-10-08,cve_2026_to_now,2026-10-09T14:05:20+00:00
CVE-2026-100839,updated,2026-10-08,cve_2026_to_now,2026-10-09T14:05:20+00:00
CVE-2026-100844,updated,2026-10-08,cve_2026_to_now,2026-10-09T14:05:20+00:00
CVE-2026-100846,updated,2026-10-08,cve_2026_to_now,2026-10-09T14:05:20+00:00
CVE-2026-100854,updated,2026-10-08,cve_2026_to_now,2026-10-09T14:05:20+00:00
CVE-2026-100855,updated,2026-10-08,cve_2026_to_now,2026-10-09T14:05:20+00:00
CVE-2026-100856,updated,2026-10-08,cve_2026_to_now,2026-10-09T14:05:20+00:00
CVE-2026-100857,updated,2026-10-08,cve_2026_to_now,2026-10-09T14:05:20+00:00
CVE-2026-100868,updated,2026-10-08,cve_2026_to_now,2026-10-09T14:05:20+00:00
CVE-2026-101022,added,,cve_2026_to_now,2026-10-09T14:05:20+00:00
CVE-2026-101024,added,2026-10-09,cve_2026_to_now,2026-10-09T14:05:20+00:00
CVE-2026-101028,added,,cve_2026_to_now,2026-10-09T14:05:20+00:00
CVE-2026-101048,updated,2026-10-08,cve_2026_to_now,2026-10-09T14:05:20+00:00
CVE-2026-101056,updated,2026-10-08,cve_2026_to_now,2026-10-09T14:05:20+00:00
CVE-2026-101094,added,,cve_2026_to_now,2026-10-09T14:05:20+00:00
CVE-2026-101130,added,,cve_2026_to_now,2026-10-09T14:05:20+00:00
CVE-2026-101329,updated,2026-10-08,cve_2026_to_now,2026-10-09T14:05:20+00:00
CVE-2026-101998,added,,cve_2026_to_now,2026-10-09T14:05:20+00:00
CVE-2026-102368,added,2026-10-09,cve_2026_to_now,2026-10-09T14:05:20+00:00
CVE-2026-102489,updated,2026-10-08,cve_2026_to_now,2026-10-09T14:05:20+00:00
CVE-2026-102490,updated,2026-10-08,cve_2026_to_now,2026-10-09T14:05:20+00:00
CVE-2026-102783,updated,2026-10-09,cve_2026_to_now,2026-10-09T14:05:20+00:00
CVE-2026-102784,updated,2026-10-09,cve_2026_to_now,2026-10-09T14:05:20+00:00
CVE-2026-103010,updated,,cve_2026_to_now,2026-10-09T14:05:20+00:00
CVE-2026-103011,updated,,cve_2026_to_now,2026-10-09T14:05:20+00:00
CVE-2026-103070,updated,,cve_2026_to_now,2026-10-09T14:05:20+00:00
CVE-2026-103072,updated,,cve_2026_to_now,2026-10-09T14:05:20+00:00
CVE-2026-103220,added,,cve_2026_to_now,2026-10-09T14:05:20+00:00
CVE-2026-103329,added,,cve_2026_to_now,2026-10-09T14:05:20+00:00
CVE-2026-103371,updated,2026-10-08,cve_2026_to_now,2026-10-09T14:05:20+00:00
CVE-2026-103412,added,,cve_2026_to_now,2026-10-09T14:05:20+00:00
CVE-2026-103413,added,,cve_2026_to_now,2026-10-09T14:05:20+00:00
CVE-2026-103647,updated,,cve_2026_to_now,2026-10-09T14:05:20+00:00
CVE-2026-103649,updated,,cve_2026_to_now,2026-10-09T14:05:20+00:00
CVE-2026-103663,updated,,cve_2026_to_now,2026-10-09T14:05:20+00:00
CVE-2026-103778,updated,2026-10-09,cve_2026_to_now,2026-10-09T14:05:20+00:00
CVE-2026-104046,updated,2026-10-09,cve_2026_to_now,2026-10-09T14:05:20+00:00
CVE-2026-104070,updated,2026-10-09,cve_2026_to_now,2026-10-09T14:05:20+00:00
CVE-2026-104075,added,,cve_2026_to_now,2026-10-09T14:05:20+00:00
CVE-2026-104076,added,2026-10-09,cve_2026_to_now,2026-10-09T14:05:20+00:00
CVE-2026-104077,added,,cve_2026_to_now,2026-10-09T14:05:20+00:00
CVE-2026-104078,added,,cve_2026_to_now,2026-10-09T14:05:20+00:00
CVE-2026-104079,added,,cve_2026_to_now,2026-10-09T14:05:20+00:00
CVE-2026-104392,added,,cve_2026_to_now,2026-10-09T14:05:20+00:00
CVE-2026-104473,updated,2026-10-08,cve_2026_to_now,2026-10-09T14:05:20+00:00
CVE-2026-104628,added,2026-10-09,cve_2026_to_now,2026-10-09T14:05:20+00:00
CVE-2026-104629,added,,cve_2026_to_now,2026-10-09T14:05:20+00:00
CVE-2026-104635,added,,cve_2026_to_now,2026-10-09T14:05:20+00:00
CVE-2026-104658,updated,,cve_2026_to_now,2026-10-09T14:05:20+00:00
CVE-2026-104659,updated,,cve_2026_to_now,2026-10-09T14:05:20+00:00
CVE-2026-104660,updated,,cve_2026_to_now,2026-10-09T14:05:20+00:00
CVE-2026-104704,updated,,cve_2026_to_now,2026-10-09T14:05:20+00:00
CVE-2026-105076,updated,,cve_2026_to_now,2026-10-09T14:05:20+00:00
CVE-2026-105078,updated,,cve_2026_to_now,2026-10-09T14:05:20+00:00
CVE-2026-105110,updated,,cve_2026_to_now,2026-10-09T14:05:20+00:00
CVE-2026-105269,added,,cve_2026_to_now,2026-10-09T14:05:20+00:00
CVE-2026-105275,added,2026-10-09,cve_2026_to_now,2026-10-09T14:05:20+00:00
CVE-2026-105281,added,,cve_2026_to_now,2026-10-09T14:05:20+00:00
CVE-2026-105318,added,,cve_2026_to_now,2026-10-09T14:05:20+00:00
CVE-2026-105331,added,2026-10-09,cve_2026_to_now,2026-10-09T14:05:20+00:00
CVE-2026-105436,added,,cve_2026_to_now,2026-10-09T14:05:20+00:00
CVE-2026-105452,added,,cve_2026_to_now,2026-10-09T14:05:20+00:00
CVE-2026-105570,added,,cve_2026_to_now,2026-10-09T14:05:20+00:00
CVE-2026-105672,added,,cve_2026_to_now,2026-10-09T14:05:20+00:00
CVE-2026-105673,added,,cve_2026_to_now,2026-10-09T14:05:20+00:00
CVE-2026-105674,added,,cve_2026_to_now,2026-10-09T14:05:20+00:00
CVE-2026-105775,updated,2026-10-09,cve_2026_to_now,2026-10-09T14:05:20+00:00
CVE-2026-105791,updated,2026-10-09,cve_2026_to_now,2026-10-09T14:05:20+00:00
CVE-2026-105796,updated,2026-10-09,cve_2026_to_now,2026-10-09T14:05:20+00:00
CVE-2026-105801,updated,2026-10-09,cve_2026_to_now,2026-10-09T14:05:20+00:00
CVE-2026-105808,updated,2026-10-09,cve_2026_to_now,2026-10-09T14:05:20+00:00
CVE-2026-105816,updated,2026-10-09,cve_2026_to_now,2026-10-09T14:05:20+00:00
CVE-2026-105818,updated,2026-10-08,cve_2026_to_now,2026-10-09T14:05:20+00:00
CVE-2026-105820,updated,2026-10-08,cve_2026_to_now,2026-10-09T14:05:20+00:00
CVE-2026-105828,added,,cve_2026_to_now,2026-10-09T14:05:20+00:00
CVE-2026-105829,added,,cve_2026_to_now,2026-10-09T14:05:20+00:00
CVE-2026-105830,added,,cve_2026_to_now,2026-10-09T14:05:20+00:00
CVE-2026-105831,added,,cve_2026_to_now,2026-10-09T14:05:20+00:00
CVE-2026-105832,added,,cve_2026_to_now,2026-10-09T14:05:20+00:00
CVE-2026-105833,added,,cve_2026_to_now,2026-10-09T14:05:20+00:00
CVE-2026-105835,updated,2026-10-09,cve_2026_to_now,2026-10-09T14:05:20+00:00
CVE-2026-105840,updated,2026-10-09,cve_2026_to_now,2026-10-09T14:05:20+00:00
CVE-2026-105844,updated,2026-10-09,cve_2026_to_now,2026-10-09T14:05:20+00:00
CVE-2026-105848,updated,2026-10-09,cve_2026_to_now,2026-10-09T14:05:20+00:00
CVE-2026-105853,updated,2026-10-09,cve_2026_to_now,2026-10-09T14:05:20+00:00
CVE-2026-105858,updated,2026-10-09,cve_2026_to_now,2026-10-09T14:05:20+00:00
CVE-2026-105863,updated,2026-10-09,cve_2026_to_now,2026-10-09T14:05:20+00:00
CVE-2026-105868,updated,2026-10-09,cve_2026_to_now,2026-10-09T14:05:20+00:00
CVE-2026-105870,added,,cve_2026_to_now,2026-10-09T14:05:20+00:00
CVE-2026-105872,added,,cve_2026_to_now,2026-10-09T14:05:20+00:00
CVE-2026-105877,added,,cve_2026_to_now,2026-10-09T14:05:20+00:00
CVE-2026-105878,updated,,cve_2026_to_now,2026-10-09T14:05:20+00:00
CVE-2026-105883,added,,cve_2026_to_now,2026-10-09T14:05:20+00:00
CVE-2026-105886,updated,,cve_2026_to_now,2026-10-09T14:05:20+00:00
CVE-2026-105887,updated,,cve_2026_to_now,2026-10-09T14:05:20+00:00
CVE-2026-105888,updated,,cve_2026_to_now,2026-10-09T14:05:20+00:00
CVE-2026-105890,updated,,cve_2026_to_now,2026-10-09T14:05:20+00:00
CVE-2026-105893,updated,,cve_2026_to_now,2026-10-09T14:05:20+00:00
CVE-2026-105920,updated,2026-10-09,cve_2026_to_now,2026-10-09T14:05:20+00:00
CVE-2026-105957,updated,2026-10-09,cve_2026_to_now,2026-10-09T14:05:20+00:00
CVE-2026-106038,updated,2026-10-09,cve_2026_to_now,2026-10-09T14:05:20+00:00
CVE-2026-106061,updated,2026-10-09,cve_2026_to_now,2026-10-09T14:05:20+00:00
CVE-2026-106095,added,,cve_2026_to_now,2026-10-09T14:05:20+00:00
CVE-2026-106097,added,,cve_2026_to_now,2026-10-09T14:05:20+00:00
CVE-2026-106104,updated,2026-10-09,cve_2026_to_now,2026-10-09T14:05:20+00:00
CVE-2026-106110,updated,2026-10-09,cve_2026_to_now,2026-10-09T14:05:20+00:00
CVE-2026-106115,updated,2026-10-09,cve_2026_to_now,2026-10-09T14:05:20+00:00
CVE-2026-106120,updated,2026-10-09,cve_2026_to_now,2026-10-09T14:05:20+00:00
CVE-2026-106126,added,,cve_2026_to_now,2026-10-09T14:05:20+00:00
CVE-2026-106145,added,,cve_2026_to_now,2026-10-09T14:05:20+00:00
CVE-2026-106155,added,,cve_2026_to_now,2026-10-09T14:05:20+00:00
CVE-2026-106177,added,2026-10-09,cve_2026_to_now,2026-10-09T14:05:20+00:00
CVE-2026-106188,updated,2026-10-08,cve_2026_to_now,2026-10-09T14:05:20+00:00
CVE-2026-106196,updated,2026-10-08,cve_2026_to_now,2026-10-09T14:05:20+00:00
CVE-2026-106198,updated,2026-10-08,cve_2026_to_now,2026-10-09T14:05:20+00:00
CVE-2026-106199,updated,2026-10-09,cve_2026_to_now,2026-10-09T14:05:20+00:00
CVE-2026-106216,updated,2026-10-09,cve_2026_to_now,2026-10-09T14:05:20+00:00
CVE-2026-106221,updated,2026-10-09,cve_2026_to_now,2026-10-09T14:05:20+00:00
CVE-2026-106261,updated,2026-10-09,cve_2026_to_now,2026-10-09T14:05:20+00:00
CVE-2026-106280,updated,2026-10-08,cve_2026_to_now,2026-10-09T14:05:20+00:00
CVE-2026-106289,updated,2026-10-09,cve_2026_to_now,2026-10-09T14:05:20+00:00
CVE-2026-106322,updated,2026-10-08,cve_2026_to_now,2026-10-09T14:05:20+00:00
CVE-2026-106324,updated,2026-10-08,cve_2026_to_now,2026-10-09T14:05:20+00:00
CVE-2026-106326,updated,2026-10-08,cve_2026_to_now,2026-10-09T14:05:20+00:00
CVE-2026-106353,updated,2026-10-09,cve_2026_to_now,2026-10-09T14:05:20+00:00
CVE-2026-106359,updated,2026-10-09,cve_2026_to_now,2026-10-09T14:05:20+00:00
CVE-2026-106361,updated,2026-10-08,cve_2026_to_now,2026-10-09T14:05:20+00:00
CVE-2026-106363,updated,2026-10-08,cve_2026_to_now,2026-10-09T14:05:20+00:00
CVE-2026-106384,updated,2026-10-09,cve_2026_to_now,2026-10-09T14:05:20+00:00
CVE-2026-106389,updated,2026-10-08,cve_2026_to_now,2026-10-09T14:05:20+00:00
CVE-2026-106397,updated,2026-10-08,cve_2026_to_now,2026-10-09T14:05:20+00:00
CVE-2026-106405,updated,2026-10-08,cve_2026_to_now,2026-10-09T14:05:20+00:00
CVE-2026-106408,updated,2026-10-08,cve_2026_to_now,2026-10-09T14:05:20+00:00
CVE-2026-106422,updated,2026-10-09,cve_2026_to_now,2026-10-09T14:05:20+00:00
CVE-2026-106428,added,,cve_2026_to_now,2026-10-09T14:05:20+00:00
CVE-2026-106429,added,,cve_2026_to_now,2026-10-09T14:05:20+00:00
CVE-2026-106430,added,,cve_2026_to_now,2026-10-09T14:05:20+00:00
CVE-2026-106431,added,,cve_2026_to_now,2026-10-09T14:05:20+00:00
CVE-2026-106432,added,,cve_2026_to_now,2026-10-09T14:05:20+00:00
CVE-2026-106433,added,,cve_2026_to_now,2026-10-09T14:05:20+00:00
CVE-2026-106434,added,,cve_2026_to_now,2026-10-09T14:05:20+00:00
CVE-2026-106435,added,2026-10-09,cve_2026_to_now,2026-10-09T14:05:20+00:00
CVE-2026-106436,added,,cve_2026_to_now,2026-10-09T14:05:20+00:00
CVE-2026-106437,added,,cve_2026_to_now,2026-10-09T14:05:20+00:00
CVE-2026-106438,added,,cve_2026_to_now,2026-10-09T14:05:20+00:00
CVE-2026-106440,updated,2026-10-09,cve_2026_to_now,2026-10-09T14:05:20+00:00
CVE-2026-106445,updated,2026-10-09,cve_2026_to_now,2026-10-09T14:05:20+00:00
CVE-2026-106450,updated,2026-10-09,cve_2026_to_now,2026-10-09T14:05:20+00:00
CVE-2026-106455,updated,2026-10-09,cve_2026_to_now,2026-10-09T14:05:20+00:00
CVE-2026-106460,updated,2026-10-09,cve_2026_to_now,2026-10-09T14:05:20+00:00
CVE-2026-106487,updated,2026-10-09,cve_2026_to_now,2026-10-09T14:05:20+00:00
CVE-2026-106492,updated,2026-10-09,cve_2026_to_now,2026-10-09T14:05:20+00:00
CVE-2026-106498,updated,2026-10-09,cve_2026_to_now,2026-10-09T14:05:20+00:00
CVE-2026-106503,updated,2026-10-09,cve_2026_to_now,2026-10-09T14:05:20+00:00
CVE-2026-106508,updated,2026-10-09,cve_2026_to_now,2026-10-09T14:05:20+00:00
CVE-2026-106555,updated,2026-10-09,cve_2026_to_now,2026-10-09T14:05:20+00:00
CVE-2026-106581,added,,cve_2026_to_now,2026-10-09T14:05:20+00:00
CVE-2026-106587,updated,2026-10-09,cve_2026_to_now,2026-10-09T14:05:20+00:00
CVE-2026-106596,updated,,cve_2026_to_now,2026-10-09T14:05:20+00:00
CVE-2026-106600,updated,,cve_2026_to_now,2026-10-09T14:05:20+00:00
CVE-2026-106601,added,,cve_2026_to_now,2026-10-09T14:05:20+00:00
CVE-2026-106602,added,,cve_2026_to_now,2026-10-09T14:05:20+00:00
CVE-2026-106603,updated,2026-10-09,cve_2026_to_now,2026-10-09T14:05:20+00:00
CVE-2026-106611,updated,,cve_2026_to_now,2026-10-09T14:05:20+00:00
CVE-2026-107161,updated,2026-10-09,cve_2026_to_now,2026-10-09T14:05:20+00:00
CVE-2026-107217,updated,2026-10-08,cve_2026_to_now,2026-10-09T14:05:20+00:00
CVE-2026-107222,updated,2026-10-08,cve_2026_to_now,2026-10-09T14:05:20+00:00
CVE-2026-107227,updated,2026-10-08,cve_2026_to_now,2026-10-09T14:05:20+00:00
CVE-2026-107228,updated,2026-10-08,cve_2026_to_now,2026-10-09T14:05:20+00:00
CVE-2026-107229,updated,2026-10-08,cve_2026_to_now,2026-10-09T14:05:20+00:00
CVE-2026-107230,updated,2026-10-08,cve_2026_to_now,2026-10-09T14:05:20+00:00
CVE-2026-107232,updated,2026-10-08,cve_2026_to_now,2026-10-09T14:05:20+00:00
CVE-2026-107275,updated,,cve_2026_to_now,2026-10-09T14:05:20+00:00
CVE-2026-107279,updated,2026-10-08,cve_2026_to_now,2026-10-09T14:05:20+00:00
CVE-2026-107280,updated,2026-10-08,cve_2026_to_now,2026-10-09T14:05:20+00:00
CVE-2026-107281,updated,2026-10-08,cve_2026_to_now,2026-10-09T14:05:20+00:00
CVE-2026-107283,updated,2026-10-08,cve_2026_to_now,2026-10-09T14:05:20+00:00
CVE-2026-107284,updated,2026-10-08,cve_2026_to_now,2026-10-09T14:05:20+00:00
CVE-2026-107285,updated,2026-10-08,cve_2026_to_now,2026-10-09T14:05:20+00:00
CVE-2026-107286,added,,cve_2026_to_now,2026-10-09T14:05:20+00:00
CVE-2026-107287,added,,cve_2026_to_now,2026-10-09T14:05:20+00:00
CVE-2026-107288,added,,cve_2026_to_now,2026-10-09T14:05:20+00:00
CVE-2026-107289,added,,cve_2026_to_now,2026-10-09T14:05:20+00:00
CVE-2026-107290,added,,cve_2026_to_now,2026-10-09T14:05:20+00:00
CVE-2026-107291,added,,cve_2026_to_now,2026-10-09T14:05:20+00:00
CVE-2026-107292,added,,cve_2026_to_now,2026-10-09T14:05:20+00:00
CVE-2026-107293,added,,cve_2026_to_now,2026-10-09T14:05:20+00:00
CVE-2026-107294,added,,cve_2026_to_now,2026-10-09T14:05:20+00:00
CVE-2026-107295,added,,cve_2026_to_now,2026-10-09T14:05:20+00:00
CVE-2026-107296,added,,cve_2026_to_now,2026-10-09T14:05:20+00:00
CVE-2026-107297,added,,cve_2026_to_now,2026-10-09T14:05:20+00:00
CVE-2026-107298,added,2026-10-09,cve_2026_to_now,2026-10-09T14:05:20+00:00
CVE-2026-107299,added,,cve_2026_to_now,2026-10-09T14:05:20+00:00
CVE-2026-107300,added,,cve_2026_to_now,2026-10-09T14:05:20+00:00
CVE-2026-107301,added,,cve_2026_to_now,2026-10-09T14:05:20+00:00
CVE-2026-107302,added,,cve_2026_to_now,2026-10-09T14:05:20+00:00
CVE-2026-107303,added,2026-10-09,cve_2026_to_now,2026-10-09T14:05:20+00:00
CVE-2026-107314,updated,2026-10-08,cve_2026_to_now,2026-10-09T14:05:20+00:00
CVE-2026-107315,updated,2026-10-08,cve_2026_to_now,2026-10-09T14:05:20+00:00
CVE-2026-107318,added,2026-10-09,cve_2026_to_now,2026-10-09T14:05:20+00:00
CVE-2026-107322,added,,cve_2026_to_now,2026-10-09T14:05:20+00:00
CVE-2026-107324,added,,cve_2026_to_now,2026-10-09T14:05:20+00:00
CVE-2026-107325,added,,cve_2026_to_now,2026-10-09T14:05:20+00:00
CVE-2026-107332,added,,cve_2026_to_now,2026-10-09T14:05:20+00:00
CVE-2026-107333,added,,cve_2026_to_now,2026-10-09T14:05:20+00:00
CVE-2026-107334,added,,cve_2026_to_now,2026-10-09T14:05:20+00:00
CVE-2026-107335,added,,cve_2026_to_now,2026-10-09T14:05:20+00:00
CVE-2026-107336,added,,cve_2026_to_now,2026-10-09T14:05:20+00:00
CVE-2026-107337,added,,cve_2026_to_now,2026-10-09T14:05:20+00:00
CVE-2026-107361,added,,cve_2026_to_now,2026-10-09T14:05:20+00:00
CVE-2026-107362,added,,cve_2026_to_now,2026-10-09T14:05:20+00:00
CVE-2026-107375,added,,cve_2026_to_now,2026-10-09T14:05:20+00:00
CVE-2026-107376,added,,cve_2026_to_now,2026-10-09T14:05:20+00:00
CVE-2026-107377,added,,cve_2026_to_now,2026-10-09T14:05:20+00:00
CVE-2026-107378,added,,cve_2026_to_now,2026-10-09T14:05:20+00:00
CVE-2026-107379,added,2026-10-09,cve_2026_to_now,2026-10-09T14:05:20+00:00
CVE-2026-107380,added,,cve_2026_to_now,2026-10-09T14:05:20+00:00
CVE-2026-107382,added,,cve_2026_to_now,2026-10-09T14:05:20+00:00
CVE-2026-107383,added,,cve_2026_to_now,2026-10-09T14:05:20+00:00
CVE-2026-107384,added,,cve_2026_to_now,2026-10-09T14:05:20+00:00
CVE-2026-107385,added,2026-10-09,cve_2026_to_now,2026-10-09T14:05:20+00:00
CVE-2026-107386,added,,cve_2026_to_now,2026-10-09T14:05:20+00:00
CVE-2026-107387,added,,cve_2026_to_now,2026-10-09T14:05:20+00:00
CVE-2026-107388,added,,cve_2026_to_now,2026-10-09T14:05:20+00:00
CVE-2026-107389,added,,cve_2026_to_now,2026-10-09T14:05:20+00:00
CVE-2026-107390,added,2026-10-09,cve_2026_to_now,2026-10-09T14:05:20+00:00
CVE-2026-107391,added,,cve_2026_to_now,2026-10-09T14:05:20+00:00
CVE-2026-107392,added,,cve_2026_to_now,2026-10-09T14:05:20+00:00
CVE-2026-107393,added,,cve_2026_to_now,2026-10-09T14:05:20+00:00
CVE-2026-107394,added,,cve_2026_to_now,2026-10-09T14:05:20+00:00
CVE-2026-107395,added,2026-10-09,cve_2026_to_now,2026-10-09T14:05:20+00:00
CVE-2026-107396,added,,cve_2026_to_now,2026-10-09T14:05:20+00:00
CVE-2026-107397,added,,cve_2026_to_now,2026-10-09T14:05:20+00:00
CVE-2026-107399,added,,cve_2026_to_now,2026-10-09T14:05:20+00:00
CVE-2026-107406,added,2026-10-09,cve_2026_to_now,2026-10-09T14:05:20+00:00
CVE-2026-107419,added,,cve_2026_to_now,2026-10-09T14:05:20+00:00
CVE-2026-107444,updated,,cve_2026_to_now,2026-10-09T14:05:20+00:00
CVE-2026-107445,updated,,cve_2026_to_now,2026-10-09T14:05:20+00:00
CVE-2026-107446,updated,,cve_2026_to_now,2026-10-09T14:05:20+00:00
CVE-2026-107449,updated,,cve_2026_to_now,2026-10-09T14:05:20+00:00
CVE-2026-107450,updated,,cve_2026_to_now,2026-10-09T14:05:20+00:00
CVE-2026-107466,updated,,cve_2026_to_now,2026-10-09T14:05:20+00:00
CVE-2026-107503,updated,,cve_2026_to_now,2026-10-09T14:05:20+00:00
CVE-2026-107510,updated,2026-10-09,cve_2026_to_now,2026-10-09T14:05:20+00:00
CVE-2026-107565,added,,cve_2026_to_now,2026-10-09T14:05:20+00:00
CVE-2026-107572,updated,,cve_2026_to_now,2026-10-09T14:05:20+00:00
CVE-2026-107573,updated,,cve_2026_to_now,2026-10-09T14:05:20+00:00
CVE-2026-107574,updated,,cve_2026_to_now,2026-10-09T14:05:20+00:00
CVE-2026-107575,updated,,cve_2026_to_now,2026-10-09T14:05:20+00:00
CVE-2026-107576,updated,,cve_2026_to_now,2026-10-09T14:05:20+00:00
CVE-2026-107577,updated,,cve_2026_to_now,2026-10-09T14:05:20+00:00
CVE-2026-107578,updated,,cve_2026_to_now,2026-10-09T14:05:20+00:00
CVE-2026-107579,updated,,cve_2026_to_now,2026-10-09T14:05:20+00:00
CVE-2026-107580,updated,,cve_2026_to_now,2026-10-09T14:05:20+00:00
CVE-2026-107581,updated,,cve_2026_to_now,2026-10-09T14:05:20+00:00
CVE-2026-107582,updated,,cve_2026_to_now,2026-10-09T14:05:20+00:00
CVE-2026-107583,updated,,cve_2026_to_now,2026-10-09T14:05:20+00:00
CVE-2026-107584,updated,,cve_2026_to_now,2026-10-09T14:05:20+00:00
CVE-2026-107585,added,,cve_2026_to_now,2026-10-09T14:05:20+00:00
CVE-2026-107586,added,,cve_2026_to_now,2026-10-09T14:05:20+00:00
CVE-2026-107587,updated,,cve_2026_to_now,2026-10-09T14:05:20+00:00
CVE-2026-107589,added,,cve_2026_to_now,2026-10-09T14:05:20+00:00
CVE-2026-107604,added,,cve_2026_to_now,2026-10-09T14:05:20+00:00
CVE-2026-107608,added,,cve_2026_to_now,2026-10-09T14:05:20+00:00
CVE-2026-107611,updated,,cve_2026_to_now,2026-10-09T14:05:20+00:00
CVE-2026-107612,updated,,cve_2026_to_now,2026-10-09T14:05:20+00:00
CVE-2026-107613,updated,,cve_2026_to_now,2026-10-09T14:05:20+00:00
CVE-2026-107614,updated,,cve_2026_to_now,2026-10-09T14:05:20+00:00
CVE-2026-107615,updated,,cve_2026_to_now,2026-10-09T14:05:20+00:00
CVE-2026-107623,added,,cve_2026_to_now,2026-10-09T14:05:20+00:00
CVE-2026-107634,added,,cve_2026_to_now,2026-10-09T14:05:20+00:00
CVE-2026-107635,added,,cve_2026_to_now,2026-10-09T14:05:20+00:00
CVE-2026-107636,added,,cve_2026_to_now,2026-10-09T14:05:20+00:00
CVE-2026-107637,added,,cve_2026_to_now,2026-10-09T14:05:20+00:00
CVE-2026-107638,added,,cve_2026_to_now,2026-10-09T14:05:20+00:00
CVE-2026-107639,added,,cve_2026_to_now,2026-10-09T14:05:20+00:00
CVE-2026-107640,added,,cve_2026_to_now,2026-10-09T14:05:20+00:00
CVE-2026-107651,added,,cve_2026_to_now,2026-10-09T14:05:20+00:00
CVE-2026-107655,added,,cve_2026_to_now,2026-10-09T14:05:20+00:00
CVE-2026-107660,added,,cve_2026_to_now,2026-10-09T14:05:20+00:00
CVE-2026-107675,added,,cve_2026_to_now,2026-10-09T14:05:20+00:00
CVE-2026-107676,added,,cve_2026_to_now,2026-10-09T14:05:20+00:00
CVE-2026-107677,added,,cve_2026_to_now,2026-10-09T14:05:20+00:00
CVE-2026-107678,added,,cve_2026_to_now,2026-10-09T14:05:20+00:00
CVE-2026-107695,added,,cve_2026_to_now,2026-10-09T14:05:20+00:00
CVE-2026-107696,added,2026-10-09,cve_2026_to_now,2026-10-09T14:05:20+00:00
CVE-2026-107697,added,,cve_2026_to_now,2026-10-09T14:05:20+00:00
CVE-2026-107698,added,,cve_2026_to_now,2026-10-09T14:05:20+00:00
CVE-2026-107699,added,,cve_2026_to_now,2026-10-09T14:05:20+00:00
CVE-2026-107700,added,2026-10-09,cve_2026_to_now,2026-10-09T14:05:20+00:00
CVE-2026-107701,added,,cve_2026_to_now,2026-10-09T14:05:20+00:00
CVE-2026-107702,added,,cve_2026_to_now,2026-10-09T14:05:20+00:00
CVE-2026-107703,added,,cve_2026_to_now,2026-10-09T14:05:20+00:00
CVE-2026-107704,added,,cve_2026_to_now,2026-10-09T14:05:20+00:00
CVE-2026-107705,added,,cve_2026_to_now,2026-10-09T14:05:20+00:00
CVE-2026-107706,added,,cve_2026_to_now,2026-10-09T14:05:20+00:00
CVE-2026-107707,added,,cve_2026_to_now,2026-10-09T14:05:20+00:00
CVE-2026-107708,added,,cve_2026_to_now,2026-10-09T14:05:20+00:00
CVE-2026-107709,added,,cve_2026_to_now,2026-10-09T14:05:20+00:00
CVE-2026-107714,added,,cve_2026_to_now,2026-10-09T14:05:20+00:00
CVE-2026-107715,added,2026-10-09,cve_2026_to_now,2026-10-09T14:05:20+00:00
CVE-2026-107716,added,,cve_2026_to_now,2026-10-09T14:05:20+00:00
CVE-2026-107717,added,,cve_2026_to_now,2026-10-09T14:05:20+00:00
CVE-2026-107718,added,,cve_2026_to_now,2026-10-09T14:05:20+00:00
CVE-2026-107719,added,,cve_2026_to_now,2026-10-09T14:05:20+00:00
CVE-2026-107720,added,,cve_2026_to_now,2026-10-09T14:05:20+00:00
CVE-2026-107721,added,,cve_2026_to_now,2026-10-09T14:05:20+00:00
CVE-2026-107722,added,,cve_2026_to_now,2026-10-09T14:05:20+00:00
CVE-2026-107723,added,,cve_2026_to_now,2026-10-09T14:05:20+00:00
CVE-2026-107724,added,,cve_2026_to_now,2026-10-09T14:05:20+00:00
CVE-2026-107725,added,,cve_2026_to_now,2026-10-09T14:05:20+00:00
CVE-2026-107726,added,,cve_2026_to_now,2026-10-09T14:05:20+00:00
CVE-2026-107727,added,,cve_2026_to_now,2026-10-09T14:05:20+00:00
CVE-2026-107728,added,,cve_2026_to_now,2026-10-09T14:05:20+00:00
CVE-2026-107729,added,,cve_2026_to_now,2026-10-09T14:05:20+00:00
CVE-2026-107730,added,,cve_2026_to_now,2026-10-09T14:05:20+00:00
CVE-2026-107731,added,,cve_2026_to_now,2026-10-09T14:05:20+00:00
CVE-2026-107732,added,,cve_2026_to_now,2026-10-09T14:05:20+00:00
CVE-2026-107733,added,,cve_2026_to_now,2026-10-09T14:05:20+00:00
CVE-2026-107734,added,,cve_2026_to_now,2026-10-09T14:05:20+00:00
CVE-2026-107735,added,,cve_2026_to_now,2026-10-09T14:05:20+00:00
CVE-2026-107736,added,,cve_2026_to_now,2026-10-09T14:05:20+00:00
CVE-2026-107737,added,,cve_2026_to_now,2026-10-09T14:05:20+00:00
CVE-2026-107738,added,,cve_2026_to_now,2026-10-09T14:05:20+00:00
CVE-2026-107778,added,2026-10-09,cve_2026_to_now,2026-10-09T14:05:20+00:00
CVE-2026-107779,added,,cve_2026_to_now,2026-10-09T14:05:20+00:00
CVE-2026-107780,added,,cve_2026_to_now,2026-10-09T14:05:20+00:00
CVE-2026-107781,added,,cve_2026_to_now,2026-10-09T14:05:20+00:00
CVE-2026-107782,added,,cve_2026_to_now,2026-10-09T14:05:20+00:00
CVE-2026-107785,added,,cve_2026_to_now,2026-10-09T14:05:20+00:00
CVE-2026-107792,added,,cve_2026_to_now,2026-10-09T14:05:20+00:00
CVE-2026-107793,added,,cve_2026_to_now,2026-10-09T14:05:20+00:00
CVE-2026-107796,added,,cve_2026_to_now,2026-10-09T14:05:20+00:00
CVE-2026-107797,added,,cve_2026_to_now,2026-10-09T14:05:20+00:00
CVE-2026-107798,added,,cve_2026_to_now,2026-10-09T14:05:20+00:00
CVE-2026-107799,added,,cve_2026_to_now,2026-10-09T14:05:20+00:00
CVE-2026-107800,added,,cve_2026_to_now,2026-10-09T14:05:20+00:00
CVE-2026-107801,added,,cve_2026_to_now,2026-10-09T14:05:20+00:00
CVE-2026-107802,added,,cve_2026_to_now,2026-10-09T14:05:20+00:00
CVE-2026-107803,added,,cve_2026_to_now,2026-10-09T14:05:20+00:00
CVE-2026-107828,added,,cve_2026_to_now,2026-10-09T14:05:20+00:00
CVE-2026-107829,added,,cve_2026_to_now,2026-10-09T14:05:20+00:00
CVE-2026-107830,added,,cve_2026_to_now,2026-10-09T14:05:20+00:00
CVE-2026-107831,added,,cve_2026_to_now,2026-10-09T14:05:20+00:00
CVE-2026-107885,added,,cve_2026_to_now,2026-10-09T14:05:20+00:00
CVE-2026-107886,added,,cve_2026_to_now,2026-10-09T14:05:20+00:00
CVE-2026-107888,added,,cve_2026_to_now,2026-10-09T14:05:20+00:00
CVE-2026-107889,added,,cve_2026_to_now,2026-10-09T14:05:20+00:00
CVE-2026-107890,added,,cve_2026_to_now,2026-10-09T14:05:20+00:00
CVE-2026-107908,added,,cve_2026_to_now,2026-10-09T14:05:20+00:00
CVE-2026-107909,added,,cve_2026_to_now,2026-10-09T14:05:20+00:00
CVE-2026-107910,added,,cve_2026_to_now,2026-10-09T14:05:20+00:00
CVE-2026-107911,added,,cve_2026_to_now,2026-10-09T14:05:20+00:00
CVE-2026-107914,added,,cve_2026_to_now,2026-10-09T14:05:20+00:00
CVE-2026-107935,added,,cve_2026_to_now,2026-10-09T14:05:20+00:00
CVE-2026-107937,added,,cve_2026_to_now,2026-10-09T14:05:20+00:00
CVE-2026-107938,added,,cve_2026_to_now,2026-10-09T14:05:20+00:00
CVE-2026-108039,added,,cve_2026_to_now,2026-10-09T14:05:20+00:00
CVE-2026-108063,added,,cve_2026_to_now,2026-10-09T14:05:20+00:00
