cve_id,change_type,date_updated,shard,run_utc
CVE-2015-20122,added,,cve_2022_and_before,2026-09-30T13:18:08+00:00
CVE-2022-51019,added,,cve_2022_and_before,2026-09-30T13:18:08+00:00
CVE-2023-54400,added,,cve_2023_to_2025,2026-09-30T13:18:08+00:00
CVE-2024-31026,added,,cve_2023_to_2025,2026-09-30T13:18:08+00:00
CVE-2024-31027,added,,cve_2023_to_2025,2026-09-30T13:18:08+00:00
CVE-2024-58376,updated,2026-09-29,cve_2023_to_2025,2026-09-30T13:18:08+00:00
CVE-2024-58386,updated,2026-09-29,cve_2023_to_2025,2026-09-30T13:18:08+00:00
CVE-2025-6170,updated,2026-09-30,cve_2023_to_2025,2026-09-30T13:18:08+00:00
CVE-2025-14564,added,,cve_2023_to_2025,2026-09-30T13:18:08+00:00
CVE-2025-33207,added,,cve_2023_to_2025,2026-09-30T13:18:08+00:00
CVE-2025-68195,removed,,cve_2023_to_2025,2026-09-30T13:18:08+00:00
CVE-2026-2092,updated,2026-09-29,cve_2026_to_now,2026-09-30T13:18:08+00:00
CVE-2026-2575,updated,2026-09-29,cve_2026_to_now,2026-09-30T13:18:08+00:00
CVE-2026-4034,updated,,cve_2026_to_now,2026-09-30T13:18:08+00:00
CVE-2026-4523,updated,,cve_2026_to_now,2026-09-30T13:18:08+00:00
CVE-2026-4634,updated,2026-09-29,cve_2026_to_now,2026-09-30T13:18:08+00:00
CVE-2026-6170,added,,cve_2026_to_now,2026-09-30T13:18:08+00:00
CVE-2026-6171,added,,cve_2026_to_now,2026-09-30T13:18:08+00:00
CVE-2026-6172,added,,cve_2026_to_now,2026-09-30T13:18:08+00:00
CVE-2026-6173,added,,cve_2026_to_now,2026-09-30T13:18:08+00:00
CVE-2026-6806,added,,cve_2026_to_now,2026-09-30T13:18:08+00:00
CVE-2026-7192,updated,,cve_2026_to_now,2026-09-30T13:18:08+00:00
CVE-2026-7193,updated,,cve_2026_to_now,2026-09-30T13:18:08+00:00
CVE-2026-7307,updated,2026-09-29,cve_2026_to_now,2026-09-30T13:18:08+00:00
CVE-2026-7395,updated,,cve_2026_to_now,2026-09-30T13:18:08+00:00
CVE-2026-7507,updated,2026-09-29,cve_2026_to_now,2026-09-30T13:18:08+00:00
CVE-2026-8065,updated,,cve_2026_to_now,2026-09-30T13:18:08+00:00
CVE-2026-8066,updated,,cve_2026_to_now,2026-09-30T13:18:08+00:00
CVE-2026-8067,updated,,cve_2026_to_now,2026-09-30T13:18:08+00:00
CVE-2026-8937,updated,,cve_2026_to_now,2026-09-30T13:18:08+00:00
CVE-2026-10518,updated,,cve_2026_to_now,2026-09-30T13:18:08+00:00
CVE-2026-10726,added,,cve_2026_to_now,2026-09-30T13:18:08+00:00
CVE-2026-10739,added,,cve_2026_to_now,2026-09-30T13:18:08+00:00
CVE-2026-10764,added,,cve_2026_to_now,2026-09-30T13:18:08+00:00
CVE-2026-11796,updated,,cve_2026_to_now,2026-09-30T13:18:08+00:00
CVE-2026-11895,added,,cve_2026_to_now,2026-09-30T13:18:08+00:00
CVE-2026-12345,added,,cve_2026_to_now,2026-09-30T13:18:08+00:00
CVE-2026-13019,updated,2026-09-29,cve_2026_to_now,2026-09-30T13:18:08+00:00
CVE-2026-13046,added,,cve_2026_to_now,2026-09-30T13:18:08+00:00
CVE-2026-13224,added,,cve_2026_to_now,2026-09-30T13:18:08+00:00
CVE-2026-13719,added,,cve_2026_to_now,2026-09-30T13:18:08+00:00
CVE-2026-13720,added,,cve_2026_to_now,2026-09-30T13:18:08+00:00
CVE-2026-13732,updated,2026-09-29,cve_2026_to_now,2026-09-30T13:18:08+00:00
CVE-2026-14876,added,,cve_2026_to_now,2026-09-30T13:18:08+00:00
CVE-2026-15310,updated,2026-09-30,cve_2026_to_now,2026-09-30T13:18:08+00:00
CVE-2026-15442,updated,2026-09-30,cve_2026_to_now,2026-09-30T13:18:08+00:00
CVE-2026-15588,updated,2026-09-30,cve_2026_to_now,2026-09-30T13:18:08+00:00
CVE-2026-16118,updated,2026-09-30,cve_2026_to_now,2026-09-30T13:18:08+00:00
CVE-2026-16596,added,,cve_2026_to_now,2026-09-30T13:18:08+00:00
CVE-2026-17107,updated,2026-09-29,cve_2026_to_now,2026-09-30T13:18:08+00:00
CVE-2026-18105,added,,cve_2026_to_now,2026-09-30T13:18:08+00:00
CVE-2026-18145,added,,cve_2026_to_now,2026-09-30T13:18:08+00:00
CVE-2026-19130,updated,2026-09-29,cve_2026_to_now,2026-09-30T13:18:08+00:00
CVE-2026-19743,added,,cve_2026_to_now,2026-09-30T13:18:08+00:00
CVE-2026-19915,updated,2026-09-29,cve_2026_to_now,2026-09-30T13:18:08+00:00
CVE-2026-22094,added,,cve_2026_to_now,2026-09-30T13:18:08+00:00
CVE-2026-22101,added,,cve_2026_to_now,2026-09-30T13:18:08+00:00
CVE-2026-24061,updated,2026-09-29,cve_2026_to_now,2026-09-30T13:18:08+00:00
CVE-2026-24301,updated,2026-09-29,cve_2026_to_now,2026-09-30T13:18:08+00:00
CVE-2026-27085,added,,cve_2026_to_now,2026-09-30T13:18:08+00:00
CVE-2026-27371,added,,cve_2026_to_now,2026-09-30T13:18:08+00:00
CVE-2026-33639,updated,2026-09-29,cve_2026_to_now,2026-09-30T13:18:08+00:00
CVE-2026-35189,added,,cve_2026_to_now,2026-09-30T13:18:08+00:00
CVE-2026-35191,added,,cve_2026_to_now,2026-09-30T13:18:08+00:00
CVE-2026-39117,added,,cve_2026_to_now,2026-09-30T13:18:08+00:00
CVE-2026-39372,updated,2026-09-29,cve_2026_to_now,2026-09-30T13:18:08+00:00
CVE-2026-40375,updated,2026-09-29,cve_2026_to_now,2026-09-30T13:18:08+00:00
CVE-2026-40550,updated,2026-09-30,cve_2026_to_now,2026-09-30T13:18:08+00:00
CVE-2026-40551,updated,2026-09-30,cve_2026_to_now,2026-09-30T13:18:08+00:00
CVE-2026-40552,updated,2026-09-30,cve_2026_to_now,2026-09-30T13:18:08+00:00
CVE-2026-41875,updated,,cve_2026_to_now,2026-09-30T13:18:08+00:00
CVE-2026-42772,added,,cve_2026_to_now,2026-09-30T13:18:08+00:00
CVE-2026-42976,updated,2026-09-29,cve_2026_to_now,2026-09-30T13:18:08+00:00
CVE-2026-44940,updated,2026-09-29,cve_2026_to_now,2026-09-30T13:18:08+00:00
CVE-2026-45381,updated,2026-09-29,cve_2026_to_now,2026-09-30T13:18:08+00:00
CVE-2026-46650,updated,2026-09-29,cve_2026_to_now,2026-09-30T13:18:08+00:00
CVE-2026-47285,updated,2026-09-29,cve_2026_to_now,2026-09-30T13:18:08+00:00
CVE-2026-47297,updated,2026-09-29,cve_2026_to_now,2026-09-30T13:18:08+00:00
CVE-2026-47299,updated,2026-09-29,cve_2026_to_now,2026-09-30T13:18:08+00:00
CVE-2026-48482,updated,2026-09-30,cve_2026_to_now,2026-09-30T13:18:08+00:00
CVE-2026-48974,updated,2026-09-29,cve_2026_to_now,2026-09-30T13:18:08+00:00
CVE-2026-49163,updated,2026-09-29,cve_2026_to_now,2026-09-30T13:18:08+00:00
CVE-2026-49179,updated,2026-09-29,cve_2026_to_now,2026-09-30T13:18:08+00:00
CVE-2026-49243,added,,cve_2026_to_now,2026-09-30T13:18:08+00:00
CVE-2026-49469,updated,2026-09-29,cve_2026_to_now,2026-09-30T13:18:08+00:00
CVE-2026-50349,updated,2026-09-29,cve_2026_to_now,2026-09-30T13:18:08+00:00
CVE-2026-50472,updated,2026-09-29,cve_2026_to_now,2026-09-30T13:18:08+00:00
CVE-2026-50481,updated,2026-09-29,cve_2026_to_now,2026-09-30T13:18:08+00:00
CVE-2026-50515,updated,2026-09-29,cve_2026_to_now,2026-09-30T13:18:08+00:00
CVE-2026-50516,updated,2026-09-29,cve_2026_to_now,2026-09-30T13:18:08+00:00
CVE-2026-50523,updated,2026-09-29,cve_2026_to_now,2026-09-30T13:18:08+00:00
CVE-2026-51772,updated,2026-09-29,cve_2026_to_now,2026-09-30T13:18:08+00:00
CVE-2026-51936,added,,cve_2026_to_now,2026-09-30T13:18:08+00:00
CVE-2026-51996,updated,2026-09-29,cve_2026_to_now,2026-09-30T13:18:08+00:00
CVE-2026-53610,updated,2026-09-29,cve_2026_to_now,2026-09-30T13:18:08+00:00
CVE-2026-53626,updated,2026-09-30,cve_2026_to_now,2026-09-30T13:18:08+00:00
CVE-2026-53628,updated,2026-09-30,cve_2026_to_now,2026-09-30T13:18:08+00:00
CVE-2026-53988,added,,cve_2026_to_now,2026-09-30T13:18:08+00:00
CVE-2026-53989,added,,cve_2026_to_now,2026-09-30T13:18:08+00:00
CVE-2026-54113,updated,2026-09-29,cve_2026_to_now,2026-09-30T13:18:08+00:00
CVE-2026-54123,updated,2026-09-29,cve_2026_to_now,2026-09-30T13:18:08+00:00
CVE-2026-54708,updated,2026-09-29,cve_2026_to_now,2026-09-30T13:18:08+00:00
CVE-2026-54710,updated,2026-09-29,cve_2026_to_now,2026-09-30T13:18:08+00:00
CVE-2026-54812,updated,2026-09-30,cve_2026_to_now,2026-09-30T13:18:08+00:00
CVE-2026-54872,added,,cve_2026_to_now,2026-09-30T13:18:08+00:00
CVE-2026-54873,added,,cve_2026_to_now,2026-09-30T13:18:08+00:00
CVE-2026-54875,added,,cve_2026_to_now,2026-09-30T13:18:08+00:00
CVE-2026-54981,updated,2026-09-29,cve_2026_to_now,2026-09-30T13:18:08+00:00
CVE-2026-54984,updated,2026-09-29,cve_2026_to_now,2026-09-30T13:18:08+00:00
CVE-2026-55007,updated,2026-09-29,cve_2026_to_now,2026-09-30T13:18:08+00:00
CVE-2026-55013,updated,2026-09-29,cve_2026_to_now,2026-09-30T13:18:08+00:00
CVE-2026-55015,updated,2026-09-29,cve_2026_to_now,2026-09-30T13:18:08+00:00
CVE-2026-55159,updated,2026-09-29,cve_2026_to_now,2026-09-30T13:18:08+00:00
CVE-2026-55214,updated,2026-09-29,cve_2026_to_now,2026-09-30T13:18:08+00:00
CVE-2026-55473,updated,2026-09-29,cve_2026_to_now,2026-09-30T13:18:08+00:00
CVE-2026-55946,updated,2026-09-29,cve_2026_to_now,2026-09-30T13:18:08+00:00
CVE-2026-56161,updated,2026-09-29,cve_2026_to_now,2026-09-30T13:18:08+00:00
CVE-2026-56162,updated,2026-09-29,cve_2026_to_now,2026-09-30T13:18:08+00:00
CVE-2026-56172,updated,2026-09-29,cve_2026_to_now,2026-09-30T13:18:08+00:00
CVE-2026-56174,updated,2026-09-29,cve_2026_to_now,2026-09-30T13:18:08+00:00
CVE-2026-56177,updated,2026-09-29,cve_2026_to_now,2026-09-30T13:18:08+00:00
CVE-2026-56179,updated,2026-09-29,cve_2026_to_now,2026-09-30T13:18:08+00:00
CVE-2026-56198,updated,2026-09-29,cve_2026_to_now,2026-09-30T13:18:08+00:00
CVE-2026-56725,updated,2026-09-29,cve_2026_to_now,2026-09-30T13:18:08+00:00
CVE-2026-56730,updated,2026-09-29,cve_2026_to_now,2026-09-30T13:18:08+00:00
CVE-2026-56734,updated,2026-09-29,cve_2026_to_now,2026-09-30T13:18:08+00:00
CVE-2026-57098,updated,2026-09-29,cve_2026_to_now,2026-09-30T13:18:08+00:00
CVE-2026-57099,updated,2026-09-29,cve_2026_to_now,2026-09-30T13:18:08+00:00
CVE-2026-57104,updated,2026-09-29,cve_2026_to_now,2026-09-30T13:18:08+00:00
CVE-2026-57105,updated,2026-09-29,cve_2026_to_now,2026-09-30T13:18:08+00:00
CVE-2026-57443,updated,2026-09-29,cve_2026_to_now,2026-09-30T13:18:08+00:00
CVE-2026-57759,updated,2026-09-30,cve_2026_to_now,2026-09-30T13:18:08+00:00
CVE-2026-58010,updated,2026-09-30,cve_2026_to_now,2026-09-30T13:18:08+00:00
CVE-2026-58011,updated,2026-09-30,cve_2026_to_now,2026-09-30T13:18:08+00:00
CVE-2026-58012,updated,2026-09-30,cve_2026_to_now,2026-09-30T13:18:08+00:00
CVE-2026-58013,updated,2026-09-30,cve_2026_to_now,2026-09-30T13:18:08+00:00
CVE-2026-58014,updated,2026-09-30,cve_2026_to_now,2026-09-30T13:18:08+00:00
CVE-2026-58015,updated,2026-09-30,cve_2026_to_now,2026-09-30T13:18:08+00:00
CVE-2026-58504,updated,2026-09-29,cve_2026_to_now,2026-09-30T13:18:08+00:00
CVE-2026-58599,updated,2026-09-29,cve_2026_to_now,2026-09-30T13:18:08+00:00
CVE-2026-58600,updated,2026-09-29,cve_2026_to_now,2026-09-30T13:18:08+00:00
CVE-2026-58611,updated,2026-09-29,cve_2026_to_now,2026-09-30T13:18:08+00:00
CVE-2026-58612,updated,2026-09-29,cve_2026_to_now,2026-09-30T13:18:08+00:00
CVE-2026-58616,updated,2026-09-29,cve_2026_to_now,2026-09-30T13:18:08+00:00
CVE-2026-58639,updated,2026-09-29,cve_2026_to_now,2026-09-30T13:18:08+00:00
CVE-2026-58641,updated,2026-09-29,cve_2026_to_now,2026-09-30T13:18:08+00:00
CVE-2026-58649,updated,2026-09-29,cve_2026_to_now,2026-09-30T13:18:08+00:00
CVE-2026-58650,updated,2026-09-29,cve_2026_to_now,2026-09-30T13:18:08+00:00
CVE-2026-58651,updated,2026-09-29,cve_2026_to_now,2026-09-30T13:18:08+00:00
CVE-2026-59113,updated,2026-09-29,cve_2026_to_now,2026-09-30T13:18:08+00:00
CVE-2026-59115,updated,2026-09-29,cve_2026_to_now,2026-09-30T13:18:08+00:00
CVE-2026-59118,updated,2026-09-29,cve_2026_to_now,2026-09-30T13:18:08+00:00
CVE-2026-59119,updated,2026-09-29,cve_2026_to_now,2026-09-30T13:18:08+00:00
CVE-2026-59122,updated,2026-09-29,cve_2026_to_now,2026-09-30T13:18:08+00:00
CVE-2026-59124,updated,2026-09-29,cve_2026_to_now,2026-09-30T13:18:08+00:00
CVE-2026-59125,updated,2026-09-29,cve_2026_to_now,2026-09-30T13:18:08+00:00
CVE-2026-59126,updated,2026-09-29,cve_2026_to_now,2026-09-30T13:18:08+00:00
CVE-2026-59127,updated,2026-09-29,cve_2026_to_now,2026-09-30T13:18:08+00:00
CVE-2026-59128,updated,2026-09-29,cve_2026_to_now,2026-09-30T13:18:08+00:00
CVE-2026-59130,updated,2026-09-29,cve_2026_to_now,2026-09-30T13:18:08+00:00
CVE-2026-59131,updated,2026-09-29,cve_2026_to_now,2026-09-30T13:18:08+00:00
CVE-2026-59132,updated,2026-09-29,cve_2026_to_now,2026-09-30T13:18:08+00:00
CVE-2026-59133,updated,2026-09-29,cve_2026_to_now,2026-09-30T13:18:08+00:00
CVE-2026-59134,updated,2026-09-29,cve_2026_to_now,2026-09-30T13:18:08+00:00
CVE-2026-59135,updated,2026-09-29,cve_2026_to_now,2026-09-30T13:18:08+00:00
CVE-2026-59136,updated,2026-09-29,cve_2026_to_now,2026-09-30T13:18:08+00:00
CVE-2026-59137,updated,2026-09-29,cve_2026_to_now,2026-09-30T13:18:08+00:00
CVE-2026-59138,updated,2026-09-29,cve_2026_to_now,2026-09-30T13:18:08+00:00
CVE-2026-61345,updated,2026-09-29,cve_2026_to_now,2026-09-30T13:18:08+00:00
CVE-2026-61346,updated,2026-09-29,cve_2026_to_now,2026-09-30T13:18:08+00:00
CVE-2026-61347,updated,2026-09-29,cve_2026_to_now,2026-09-30T13:18:08+00:00
CVE-2026-61348,updated,2026-09-29,cve_2026_to_now,2026-09-30T13:18:08+00:00
CVE-2026-61349,updated,2026-09-29,cve_2026_to_now,2026-09-30T13:18:08+00:00
CVE-2026-61350,updated,2026-09-29,cve_2026_to_now,2026-09-30T13:18:08+00:00
CVE-2026-61352,updated,2026-09-29,cve_2026_to_now,2026-09-30T13:18:08+00:00
CVE-2026-61353,updated,2026-09-29,cve_2026_to_now,2026-09-30T13:18:08+00:00
CVE-2026-61355,updated,2026-09-29,cve_2026_to_now,2026-09-30T13:18:08+00:00
CVE-2026-61356,updated,2026-09-29,cve_2026_to_now,2026-09-30T13:18:08+00:00
CVE-2026-61357,updated,2026-09-29,cve_2026_to_now,2026-09-30T13:18:08+00:00
CVE-2026-61358,updated,2026-09-29,cve_2026_to_now,2026-09-30T13:18:08+00:00
CVE-2026-61359,updated,2026-09-29,cve_2026_to_now,2026-09-30T13:18:08+00:00
CVE-2026-61360,updated,2026-09-29,cve_2026_to_now,2026-09-30T13:18:08+00:00
CVE-2026-61361,updated,2026-09-29,cve_2026_to_now,2026-09-30T13:18:08+00:00
CVE-2026-61363,updated,2026-09-29,cve_2026_to_now,2026-09-30T13:18:08+00:00
CVE-2026-61364,updated,2026-09-29,cve_2026_to_now,2026-09-30T13:18:08+00:00
CVE-2026-61365,updated,2026-09-29,cve_2026_to_now,2026-09-30T13:18:08+00:00
CVE-2026-61366,updated,2026-09-29,cve_2026_to_now,2026-09-30T13:18:08+00:00
CVE-2026-61367,updated,2026-09-29,cve_2026_to_now,2026-09-30T13:18:08+00:00
CVE-2026-61368,updated,2026-09-29,cve_2026_to_now,2026-09-30T13:18:08+00:00
CVE-2026-61519,added,,cve_2026_to_now,2026-09-30T13:18:08+00:00
CVE-2026-61744,updated,2026-09-29,cve_2026_to_now,2026-09-30T13:18:08+00:00
CVE-2026-61837,updated,2026-09-29,cve_2026_to_now,2026-09-30T13:18:08+00:00
CVE-2026-61918,updated,2026-09-29,cve_2026_to_now,2026-09-30T13:18:08+00:00
CVE-2026-61920,updated,2026-09-29,cve_2026_to_now,2026-09-30T13:18:08+00:00
CVE-2026-61921,updated,2026-09-29,cve_2026_to_now,2026-09-30T13:18:08+00:00
CVE-2026-61923,updated,2026-09-29,cve_2026_to_now,2026-09-30T13:18:08+00:00
CVE-2026-61924,updated,2026-09-29,cve_2026_to_now,2026-09-30T13:18:08+00:00
CVE-2026-61925,updated,2026-09-29,cve_2026_to_now,2026-09-30T13:18:08+00:00
CVE-2026-61926,updated,2026-09-29,cve_2026_to_now,2026-09-30T13:18:08+00:00
CVE-2026-61927,updated,2026-09-29,cve_2026_to_now,2026-09-30T13:18:08+00:00
CVE-2026-61928,updated,2026-09-29,cve_2026_to_now,2026-09-30T13:18:08+00:00
CVE-2026-61929,updated,2026-09-29,cve_2026_to_now,2026-09-30T13:18:08+00:00
CVE-2026-61930,updated,2026-09-29,cve_2026_to_now,2026-09-30T13:18:08+00:00
CVE-2026-61932,updated,2026-09-29,cve_2026_to_now,2026-09-30T13:18:08+00:00
CVE-2026-61933,updated,2026-09-29,cve_2026_to_now,2026-09-30T13:18:08+00:00
CVE-2026-61934,updated,2026-09-29,cve_2026_to_now,2026-09-30T13:18:08+00:00
CVE-2026-61936,updated,2026-09-29,cve_2026_to_now,2026-09-30T13:18:08+00:00
CVE-2026-61937,updated,2026-09-29,cve_2026_to_now,2026-09-30T13:18:08+00:00
CVE-2026-61938,updated,2026-09-29,cve_2026_to_now,2026-09-30T13:18:08+00:00
CVE-2026-61939,updated,2026-09-29,cve_2026_to_now,2026-09-30T13:18:08+00:00
CVE-2026-62078,added,,cve_2026_to_now,2026-09-30T13:18:08+00:00
CVE-2026-62079,added,,cve_2026_to_now,2026-09-30T13:18:08+00:00
CVE-2026-62080,added,,cve_2026_to_now,2026-09-30T13:18:08+00:00
CVE-2026-62081,added,,cve_2026_to_now,2026-09-30T13:18:08+00:00
CVE-2026-62083,added,,cve_2026_to_now,2026-09-30T13:18:08+00:00
CVE-2026-62085,added,,cve_2026_to_now,2026-09-30T13:18:08+00:00
CVE-2026-62146,added,,cve_2026_to_now,2026-09-30T13:18:08+00:00
CVE-2026-62262,updated,2026-09-29,cve_2026_to_now,2026-09-30T13:18:08+00:00
CVE-2026-62370,updated,2026-09-29,cve_2026_to_now,2026-09-30T13:18:08+00:00
CVE-2026-62688,updated,2026-09-29,cve_2026_to_now,2026-09-30T13:18:08+00:00
CVE-2026-62690,updated,2026-09-29,cve_2026_to_now,2026-09-30T13:18:08+00:00
CVE-2026-62692,updated,2026-09-29,cve_2026_to_now,2026-09-30T13:18:08+00:00
CVE-2026-62693,updated,2026-09-29,cve_2026_to_now,2026-09-30T13:18:08+00:00
CVE-2026-62694,updated,2026-09-29,cve_2026_to_now,2026-09-30T13:18:08+00:00
CVE-2026-62695,updated,2026-09-29,cve_2026_to_now,2026-09-30T13:18:08+00:00
CVE-2026-62696,updated,2026-09-29,cve_2026_to_now,2026-09-30T13:18:08+00:00
CVE-2026-62697,updated,2026-09-29,cve_2026_to_now,2026-09-30T13:18:08+00:00
CVE-2026-62698,updated,2026-09-29,cve_2026_to_now,2026-09-30T13:18:08+00:00
CVE-2026-62699,updated,2026-09-29,cve_2026_to_now,2026-09-30T13:18:08+00:00
CVE-2026-62700,updated,2026-09-29,cve_2026_to_now,2026-09-30T13:18:08+00:00
CVE-2026-62701,updated,2026-09-29,cve_2026_to_now,2026-09-30T13:18:08+00:00
CVE-2026-62702,updated,2026-09-29,cve_2026_to_now,2026-09-30T13:18:08+00:00
CVE-2026-62703,updated,2026-09-29,cve_2026_to_now,2026-09-30T13:18:08+00:00
CVE-2026-62705,updated,2026-09-29,cve_2026_to_now,2026-09-30T13:18:08+00:00
CVE-2026-62706,updated,2026-09-29,cve_2026_to_now,2026-09-30T13:18:08+00:00
CVE-2026-62707,updated,2026-09-29,cve_2026_to_now,2026-09-30T13:18:08+00:00
CVE-2026-62708,updated,2026-09-29,cve_2026_to_now,2026-09-30T13:18:08+00:00
CVE-2026-62709,updated,2026-09-29,cve_2026_to_now,2026-09-30T13:18:08+00:00
CVE-2026-62710,updated,2026-09-29,cve_2026_to_now,2026-09-30T13:18:08+00:00
CVE-2026-62711,updated,2026-09-29,cve_2026_to_now,2026-09-30T13:18:08+00:00
CVE-2026-62712,updated,2026-09-29,cve_2026_to_now,2026-09-30T13:18:08+00:00
CVE-2026-62713,updated,2026-09-29,cve_2026_to_now,2026-09-30T13:18:08+00:00
CVE-2026-62714,updated,2026-09-29,cve_2026_to_now,2026-09-30T13:18:08+00:00
CVE-2026-62715,updated,2026-09-29,cve_2026_to_now,2026-09-30T13:18:08+00:00
CVE-2026-62716,updated,2026-09-29,cve_2026_to_now,2026-09-30T13:18:08+00:00
CVE-2026-62717,updated,2026-09-29,cve_2026_to_now,2026-09-30T13:18:08+00:00
CVE-2026-62718,updated,2026-09-29,cve_2026_to_now,2026-09-30T13:18:08+00:00
CVE-2026-62719,updated,2026-09-29,cve_2026_to_now,2026-09-30T13:18:08+00:00
CVE-2026-62720,updated,2026-09-29,cve_2026_to_now,2026-09-30T13:18:08+00:00
CVE-2026-62721,updated,2026-09-29,cve_2026_to_now,2026-09-30T13:18:08+00:00
CVE-2026-62722,updated,2026-09-29,cve_2026_to_now,2026-09-30T13:18:08+00:00
CVE-2026-62723,updated,2026-09-29,cve_2026_to_now,2026-09-30T13:18:08+00:00
CVE-2026-62724,updated,2026-09-29,cve_2026_to_now,2026-09-30T13:18:08+00:00
CVE-2026-62725,updated,2026-09-29,cve_2026_to_now,2026-09-30T13:18:08+00:00
CVE-2026-62726,updated,2026-09-29,cve_2026_to_now,2026-09-30T13:18:08+00:00
CVE-2026-62727,updated,2026-09-29,cve_2026_to_now,2026-09-30T13:18:08+00:00
CVE-2026-62728,updated,2026-09-29,cve_2026_to_now,2026-09-30T13:18:08+00:00
CVE-2026-62729,updated,2026-09-29,cve_2026_to_now,2026-09-30T13:18:08+00:00
CVE-2026-62730,updated,2026-09-29,cve_2026_to_now,2026-09-30T13:18:08+00:00
CVE-2026-62732,updated,2026-09-29,cve_2026_to_now,2026-09-30T13:18:08+00:00
CVE-2026-62733,updated,2026-09-29,cve_2026_to_now,2026-09-30T13:18:08+00:00
CVE-2026-62734,updated,2026-09-29,cve_2026_to_now,2026-09-30T13:18:08+00:00
CVE-2026-62735,updated,2026-09-29,cve_2026_to_now,2026-09-30T13:18:08+00:00
CVE-2026-62736,updated,2026-09-29,cve_2026_to_now,2026-09-30T13:18:08+00:00
CVE-2026-62737,updated,2026-09-29,cve_2026_to_now,2026-09-30T13:18:08+00:00
CVE-2026-62738,updated,2026-09-29,cve_2026_to_now,2026-09-30T13:18:08+00:00
CVE-2026-62739,updated,2026-09-29,cve_2026_to_now,2026-09-30T13:18:08+00:00
CVE-2026-62740,updated,2026-09-29,cve_2026_to_now,2026-09-30T13:18:08+00:00
CVE-2026-62741,updated,2026-09-29,cve_2026_to_now,2026-09-30T13:18:08+00:00
CVE-2026-62742,updated,2026-09-29,cve_2026_to_now,2026-09-30T13:18:08+00:00
CVE-2026-62743,updated,2026-09-29,cve_2026_to_now,2026-09-30T13:18:08+00:00
CVE-2026-62744,updated,2026-09-29,cve_2026_to_now,2026-09-30T13:18:08+00:00
CVE-2026-62745,updated,2026-09-29,cve_2026_to_now,2026-09-30T13:18:08+00:00
CVE-2026-62746,updated,2026-09-29,cve_2026_to_now,2026-09-30T13:18:08+00:00
CVE-2026-62747,updated,2026-09-29,cve_2026_to_now,2026-09-30T13:18:08+00:00
CVE-2026-62748,updated,2026-09-29,cve_2026_to_now,2026-09-30T13:18:08+00:00
CVE-2026-62749,updated,2026-09-29,cve_2026_to_now,2026-09-30T13:18:08+00:00
CVE-2026-62750,updated,2026-09-29,cve_2026_to_now,2026-09-30T13:18:08+00:00
CVE-2026-62751,updated,2026-09-29,cve_2026_to_now,2026-09-30T13:18:08+00:00
CVE-2026-62752,updated,2026-09-29,cve_2026_to_now,2026-09-30T13:18:08+00:00
CVE-2026-62753,updated,2026-09-29,cve_2026_to_now,2026-09-30T13:18:08+00:00
CVE-2026-62754,updated,2026-09-29,cve_2026_to_now,2026-09-30T13:18:08+00:00
CVE-2026-62755,updated,2026-09-29,cve_2026_to_now,2026-09-30T13:18:08+00:00
CVE-2026-62757,updated,2026-09-29,cve_2026_to_now,2026-09-30T13:18:08+00:00
CVE-2026-62758,updated,2026-09-29,cve_2026_to_now,2026-09-30T13:18:08+00:00
CVE-2026-62759,updated,2026-09-29,cve_2026_to_now,2026-09-30T13:18:08+00:00
CVE-2026-62761,updated,2026-09-29,cve_2026_to_now,2026-09-30T13:18:08+00:00
CVE-2026-62762,updated,2026-09-29,cve_2026_to_now,2026-09-30T13:18:08+00:00
CVE-2026-62766,updated,2026-09-29,cve_2026_to_now,2026-09-30T13:18:08+00:00
CVE-2026-62768,updated,2026-09-29,cve_2026_to_now,2026-09-30T13:18:08+00:00
CVE-2026-62769,updated,2026-09-29,cve_2026_to_now,2026-09-30T13:18:08+00:00
CVE-2026-62770,updated,2026-09-29,cve_2026_to_now,2026-09-30T13:18:08+00:00
CVE-2026-62771,updated,2026-09-29,cve_2026_to_now,2026-09-30T13:18:08+00:00
CVE-2026-62772,updated,2026-09-29,cve_2026_to_now,2026-09-30T13:18:08+00:00
CVE-2026-62773,updated,2026-09-29,cve_2026_to_now,2026-09-30T13:18:08+00:00
CVE-2026-62774,updated,2026-09-29,cve_2026_to_now,2026-09-30T13:18:08+00:00
CVE-2026-62775,updated,2026-09-29,cve_2026_to_now,2026-09-30T13:18:08+00:00
CVE-2026-62776,updated,2026-09-29,cve_2026_to_now,2026-09-30T13:18:08+00:00
CVE-2026-62777,updated,2026-09-29,cve_2026_to_now,2026-09-30T13:18:08+00:00
CVE-2026-62778,updated,2026-09-29,cve_2026_to_now,2026-09-30T13:18:08+00:00
CVE-2026-62779,updated,2026-09-29,cve_2026_to_now,2026-09-30T13:18:08+00:00
CVE-2026-62780,updated,2026-09-29,cve_2026_to_now,2026-09-30T13:18:08+00:00
CVE-2026-62781,updated,2026-09-29,cve_2026_to_now,2026-09-30T13:18:08+00:00
CVE-2026-62782,updated,2026-09-29,cve_2026_to_now,2026-09-30T13:18:08+00:00
CVE-2026-62783,updated,2026-09-29,cve_2026_to_now,2026-09-30T13:18:08+00:00
CVE-2026-62784,updated,2026-09-29,cve_2026_to_now,2026-09-30T13:18:08+00:00
CVE-2026-62785,updated,2026-09-29,cve_2026_to_now,2026-09-30T13:18:08+00:00
CVE-2026-62786,updated,2026-09-29,cve_2026_to_now,2026-09-30T13:18:08+00:00
CVE-2026-62787,updated,2026-09-29,cve_2026_to_now,2026-09-30T13:18:08+00:00
CVE-2026-62788,updated,2026-09-29,cve_2026_to_now,2026-09-30T13:18:08+00:00
CVE-2026-62790,updated,2026-09-29,cve_2026_to_now,2026-09-30T13:18:08+00:00
CVE-2026-62792,updated,2026-09-29,cve_2026_to_now,2026-09-30T13:18:08+00:00
CVE-2026-62793,updated,2026-09-29,cve_2026_to_now,2026-09-30T13:18:08+00:00
CVE-2026-62795,updated,2026-09-29,cve_2026_to_now,2026-09-30T13:18:08+00:00
CVE-2026-62796,updated,2026-09-29,cve_2026_to_now,2026-09-30T13:18:08+00:00
CVE-2026-62797,updated,2026-09-29,cve_2026_to_now,2026-09-30T13:18:08+00:00
CVE-2026-62798,updated,2026-09-29,cve_2026_to_now,2026-09-30T13:18:08+00:00
CVE-2026-62799,updated,2026-09-29,cve_2026_to_now,2026-09-30T13:18:08+00:00
CVE-2026-62800,updated,2026-09-29,cve_2026_to_now,2026-09-30T13:18:08+00:00
CVE-2026-62801,updated,2026-09-29,cve_2026_to_now,2026-09-30T13:18:08+00:00
CVE-2026-62803,updated,2026-09-29,cve_2026_to_now,2026-09-30T13:18:08+00:00
CVE-2026-62804,updated,2026-09-29,cve_2026_to_now,2026-09-30T13:18:08+00:00
CVE-2026-62807,updated,2026-09-29,cve_2026_to_now,2026-09-30T13:18:08+00:00
CVE-2026-62810,updated,2026-09-29,cve_2026_to_now,2026-09-30T13:18:08+00:00
CVE-2026-62811,updated,2026-09-29,cve_2026_to_now,2026-09-30T13:18:08+00:00
CVE-2026-62812,updated,2026-09-29,cve_2026_to_now,2026-09-30T13:18:08+00:00
CVE-2026-62813,updated,2026-09-29,cve_2026_to_now,2026-09-30T13:18:08+00:00
CVE-2026-62814,updated,2026-09-29,cve_2026_to_now,2026-09-30T13:18:08+00:00
CVE-2026-62815,updated,2026-09-29,cve_2026_to_now,2026-09-30T13:18:08+00:00
CVE-2026-62816,updated,2026-09-29,cve_2026_to_now,2026-09-30T13:18:08+00:00
CVE-2026-62817,updated,2026-09-29,cve_2026_to_now,2026-09-30T13:18:08+00:00
CVE-2026-62818,updated,2026-09-29,cve_2026_to_now,2026-09-30T13:18:08+00:00
CVE-2026-62819,updated,2026-09-29,cve_2026_to_now,2026-09-30T13:18:08+00:00
CVE-2026-62820,updated,2026-09-29,cve_2026_to_now,2026-09-30T13:18:08+00:00
CVE-2026-62822,updated,2026-09-29,cve_2026_to_now,2026-09-30T13:18:08+00:00
CVE-2026-62823,updated,2026-09-29,cve_2026_to_now,2026-09-30T13:18:08+00:00
CVE-2026-62824,updated,2026-09-29,cve_2026_to_now,2026-09-30T13:18:08+00:00
CVE-2026-62827,updated,2026-09-29,cve_2026_to_now,2026-09-30T13:18:08+00:00
CVE-2026-62829,updated,2026-09-29,cve_2026_to_now,2026-09-30T13:18:08+00:00
CVE-2026-62830,updated,2026-09-29,cve_2026_to_now,2026-09-30T13:18:08+00:00
CVE-2026-62832,updated,2026-09-29,cve_2026_to_now,2026-09-30T13:18:08+00:00
CVE-2026-62834,updated,2026-09-29,cve_2026_to_now,2026-09-30T13:18:08+00:00
CVE-2026-62836,updated,2026-09-29,cve_2026_to_now,2026-09-30T13:18:08+00:00
CVE-2026-62837,updated,2026-09-29,cve_2026_to_now,2026-09-30T13:18:08+00:00
CVE-2026-62839,updated,2026-09-29,cve_2026_to_now,2026-09-30T13:18:08+00:00
CVE-2026-62842,updated,2026-09-29,cve_2026_to_now,2026-09-30T13:18:08+00:00
CVE-2026-62869,updated,2026-09-29,cve_2026_to_now,2026-09-30T13:18:08+00:00
CVE-2026-62871,updated,2026-09-29,cve_2026_to_now,2026-09-30T13:18:08+00:00
CVE-2026-62872,updated,2026-09-29,cve_2026_to_now,2026-09-30T13:18:08+00:00
CVE-2026-62873,updated,2026-09-29,cve_2026_to_now,2026-09-30T13:18:08+00:00
CVE-2026-62874,updated,2026-09-29,cve_2026_to_now,2026-09-30T13:18:08+00:00
CVE-2026-62876,updated,2026-09-29,cve_2026_to_now,2026-09-30T13:18:08+00:00
CVE-2026-62877,updated,2026-09-29,cve_2026_to_now,2026-09-30T13:18:08+00:00
CVE-2026-62878,updated,2026-09-29,cve_2026_to_now,2026-09-30T13:18:08+00:00
CVE-2026-62880,updated,2026-09-29,cve_2026_to_now,2026-09-30T13:18:08+00:00
CVE-2026-62881,updated,2026-09-29,cve_2026_to_now,2026-09-30T13:18:08+00:00
CVE-2026-62882,updated,2026-09-29,cve_2026_to_now,2026-09-30T13:18:08+00:00
CVE-2026-62883,updated,2026-09-29,cve_2026_to_now,2026-09-30T13:18:08+00:00
CVE-2026-62885,updated,2026-09-29,cve_2026_to_now,2026-09-30T13:18:08+00:00
CVE-2026-62886,updated,2026-09-29,cve_2026_to_now,2026-09-30T13:18:08+00:00
CVE-2026-62887,updated,2026-09-29,cve_2026_to_now,2026-09-30T13:18:08+00:00
CVE-2026-62888,updated,2026-09-29,cve_2026_to_now,2026-09-30T13:18:08+00:00
CVE-2026-62889,updated,2026-09-29,cve_2026_to_now,2026-09-30T13:18:08+00:00
CVE-2026-62890,updated,2026-09-29,cve_2026_to_now,2026-09-30T13:18:08+00:00
CVE-2026-62892,updated,2026-09-29,cve_2026_to_now,2026-09-30T13:18:08+00:00
CVE-2026-62893,updated,2026-09-29,cve_2026_to_now,2026-09-30T13:18:08+00:00
CVE-2026-62894,updated,2026-09-29,cve_2026_to_now,2026-09-30T13:18:08+00:00
CVE-2026-62895,updated,2026-09-29,cve_2026_to_now,2026-09-30T13:18:08+00:00
CVE-2026-62896,updated,2026-09-29,cve_2026_to_now,2026-09-30T13:18:08+00:00
CVE-2026-62897,updated,2026-09-29,cve_2026_to_now,2026-09-30T13:18:08+00:00
CVE-2026-62898,updated,2026-09-29,cve_2026_to_now,2026-09-30T13:18:08+00:00
CVE-2026-62899,updated,2026-09-29,cve_2026_to_now,2026-09-30T13:18:08+00:00
CVE-2026-62900,updated,2026-09-29,cve_2026_to_now,2026-09-30T13:18:08+00:00
CVE-2026-62901,updated,2026-09-29,cve_2026_to_now,2026-09-30T13:18:08+00:00
CVE-2026-62902,updated,2026-09-29,cve_2026_to_now,2026-09-30T13:18:08+00:00
CVE-2026-62904,updated,2026-09-29,cve_2026_to_now,2026-09-30T13:18:08+00:00
CVE-2026-62906,updated,2026-09-29,cve_2026_to_now,2026-09-30T13:18:08+00:00
CVE-2026-62908,updated,2026-09-29,cve_2026_to_now,2026-09-30T13:18:08+00:00
CVE-2026-62909,updated,2026-09-29,cve_2026_to_now,2026-09-30T13:18:08+00:00
CVE-2026-62910,updated,2026-09-29,cve_2026_to_now,2026-09-30T13:18:08+00:00
CVE-2026-62911,updated,2026-09-29,cve_2026_to_now,2026-09-30T13:18:08+00:00
CVE-2026-62912,updated,2026-09-29,cve_2026_to_now,2026-09-30T13:18:08+00:00
CVE-2026-62913,updated,2026-09-29,cve_2026_to_now,2026-09-30T13:18:08+00:00
CVE-2026-62914,updated,2026-09-29,cve_2026_to_now,2026-09-30T13:18:08+00:00
CVE-2026-62915,updated,2026-09-29,cve_2026_to_now,2026-09-30T13:18:08+00:00
CVE-2026-62916,updated,2026-09-29,cve_2026_to_now,2026-09-30T13:18:08+00:00
CVE-2026-62917,updated,2026-09-29,cve_2026_to_now,2026-09-30T13:18:08+00:00
CVE-2026-62918,updated,2026-09-29,cve_2026_to_now,2026-09-30T13:18:08+00:00
CVE-2026-63006,updated,2026-09-29,cve_2026_to_now,2026-09-30T13:18:08+00:00
CVE-2026-63205,updated,2026-09-29,cve_2026_to_now,2026-09-30T13:18:08+00:00
CVE-2026-63207,updated,2026-09-29,cve_2026_to_now,2026-09-30T13:18:08+00:00
CVE-2026-63209,added,,cve_2026_to_now,2026-09-30T13:18:08+00:00
CVE-2026-63216,updated,2026-09-29,cve_2026_to_now,2026-09-30T13:18:08+00:00
CVE-2026-63342,updated,2026-09-29,cve_2026_to_now,2026-09-30T13:18:08+00:00
CVE-2026-63431,updated,2026-09-30,cve_2026_to_now,2026-09-30T13:18:08+00:00
CVE-2026-63508,updated,2026-09-29,cve_2026_to_now,2026-09-30T13:18:08+00:00
CVE-2026-63509,updated,2026-09-29,cve_2026_to_now,2026-09-30T13:18:08+00:00
CVE-2026-63512,updated,2026-09-29,cve_2026_to_now,2026-09-30T13:18:08+00:00
CVE-2026-63513,updated,2026-09-29,cve_2026_to_now,2026-09-30T13:18:08+00:00
CVE-2026-63514,updated,2026-09-29,cve_2026_to_now,2026-09-30T13:18:08+00:00
CVE-2026-63515,updated,2026-09-29,cve_2026_to_now,2026-09-30T13:18:08+00:00
CVE-2026-63516,updated,2026-09-29,cve_2026_to_now,2026-09-30T13:18:08+00:00
CVE-2026-63517,updated,2026-09-29,cve_2026_to_now,2026-09-30T13:18:08+00:00
CVE-2026-63518,updated,2026-09-29,cve_2026_to_now,2026-09-30T13:18:08+00:00
CVE-2026-63519,updated,2026-09-29,cve_2026_to_now,2026-09-30T13:18:08+00:00
CVE-2026-63520,updated,2026-09-29,cve_2026_to_now,2026-09-30T13:18:08+00:00
CVE-2026-63521,updated,2026-09-29,cve_2026_to_now,2026-09-30T13:18:08+00:00
CVE-2026-63522,updated,2026-09-29,cve_2026_to_now,2026-09-30T13:18:08+00:00
CVE-2026-63523,updated,2026-09-29,cve_2026_to_now,2026-09-30T13:18:08+00:00
CVE-2026-63524,updated,2026-09-29,cve_2026_to_now,2026-09-30T13:18:08+00:00
CVE-2026-63525,updated,2026-09-29,cve_2026_to_now,2026-09-30T13:18:08+00:00
CVE-2026-63526,updated,2026-09-29,cve_2026_to_now,2026-09-30T13:18:08+00:00
CVE-2026-63527,updated,2026-09-29,cve_2026_to_now,2026-09-30T13:18:08+00:00
CVE-2026-63528,updated,2026-09-29,cve_2026_to_now,2026-09-30T13:18:08+00:00
CVE-2026-63529,updated,2026-09-29,cve_2026_to_now,2026-09-30T13:18:08+00:00
CVE-2026-63530,updated,2026-09-29,cve_2026_to_now,2026-09-30T13:18:08+00:00
CVE-2026-63531,updated,2026-09-29,cve_2026_to_now,2026-09-30T13:18:08+00:00
CVE-2026-63532,updated,2026-09-29,cve_2026_to_now,2026-09-30T13:18:08+00:00
CVE-2026-63533,updated,2026-09-29,cve_2026_to_now,2026-09-30T13:18:08+00:00
CVE-2026-63713,added,,cve_2026_to_now,2026-09-30T13:18:08+00:00
CVE-2026-64897,updated,2026-09-29,cve_2026_to_now,2026-09-30T13:18:08+00:00
CVE-2026-64898,updated,2026-09-29,cve_2026_to_now,2026-09-30T13:18:08+00:00
CVE-2026-64899,updated,2026-09-29,cve_2026_to_now,2026-09-30T13:18:08+00:00
CVE-2026-64900,updated,2026-09-29,cve_2026_to_now,2026-09-30T13:18:08+00:00
CVE-2026-64901,updated,2026-09-29,cve_2026_to_now,2026-09-30T13:18:08+00:00
CVE-2026-64902,updated,2026-09-29,cve_2026_to_now,2026-09-30T13:18:08+00:00
CVE-2026-64903,updated,2026-09-29,cve_2026_to_now,2026-09-30T13:18:08+00:00
CVE-2026-64904,updated,2026-09-29,cve_2026_to_now,2026-09-30T13:18:08+00:00
CVE-2026-64905,updated,2026-09-29,cve_2026_to_now,2026-09-30T13:18:08+00:00
CVE-2026-64906,updated,2026-09-29,cve_2026_to_now,2026-09-30T13:18:08+00:00
CVE-2026-64907,updated,2026-09-29,cve_2026_to_now,2026-09-30T13:18:08+00:00
CVE-2026-64908,updated,2026-09-29,cve_2026_to_now,2026-09-30T13:18:08+00:00
CVE-2026-64909,updated,2026-09-29,cve_2026_to_now,2026-09-30T13:18:08+00:00
CVE-2026-64910,updated,2026-09-29,cve_2026_to_now,2026-09-30T13:18:08+00:00
CVE-2026-64911,updated,2026-09-29,cve_2026_to_now,2026-09-30T13:18:08+00:00
CVE-2026-64912,updated,2026-09-29,cve_2026_to_now,2026-09-30T13:18:08+00:00
CVE-2026-64914,updated,2026-09-29,cve_2026_to_now,2026-09-30T13:18:08+00:00
CVE-2026-64915,updated,2026-09-29,cve_2026_to_now,2026-09-30T13:18:08+00:00
CVE-2026-64916,updated,2026-09-29,cve_2026_to_now,2026-09-30T13:18:08+00:00
CVE-2026-64917,updated,2026-09-29,cve_2026_to_now,2026-09-30T13:18:08+00:00
CVE-2026-64918,updated,2026-09-29,cve_2026_to_now,2026-09-30T13:18:08+00:00
CVE-2026-64919,updated,2026-09-29,cve_2026_to_now,2026-09-30T13:18:08+00:00
CVE-2026-64920,updated,2026-09-29,cve_2026_to_now,2026-09-30T13:18:08+00:00
CVE-2026-64921,updated,2026-09-29,cve_2026_to_now,2026-09-30T13:18:08+00:00
CVE-2026-64922,updated,2026-09-29,cve_2026_to_now,2026-09-30T13:18:08+00:00
CVE-2026-65102,added,,cve_2026_to_now,2026-09-30T13:18:08+00:00
CVE-2026-65656,updated,2026-09-29,cve_2026_to_now,2026-09-30T13:18:08+00:00
CVE-2026-65657,updated,2026-09-29,cve_2026_to_now,2026-09-30T13:18:08+00:00
CVE-2026-65658,updated,2026-09-29,cve_2026_to_now,2026-09-30T13:18:08+00:00
CVE-2026-65660,updated,2026-09-29,cve_2026_to_now,2026-09-30T13:18:08+00:00
CVE-2026-65661,updated,2026-09-29,cve_2026_to_now,2026-09-30T13:18:08+00:00
CVE-2026-65662,updated,2026-09-29,cve_2026_to_now,2026-09-30T13:18:08+00:00
CVE-2026-65663,updated,2026-09-29,cve_2026_to_now,2026-09-30T13:18:08+00:00
CVE-2026-65664,updated,2026-09-29,cve_2026_to_now,2026-09-30T13:18:08+00:00
CVE-2026-65665,updated,2026-09-29,cve_2026_to_now,2026-09-30T13:18:08+00:00
CVE-2026-65667,updated,2026-09-29,cve_2026_to_now,2026-09-30T13:18:08+00:00
CVE-2026-65668,updated,2026-09-29,cve_2026_to_now,2026-09-30T13:18:08+00:00
CVE-2026-65669,updated,2026-09-29,cve_2026_to_now,2026-09-30T13:18:08+00:00
CVE-2026-65671,updated,2026-09-29,cve_2026_to_now,2026-09-30T13:18:08+00:00
CVE-2026-65672,updated,2026-09-29,cve_2026_to_now,2026-09-30T13:18:08+00:00
CVE-2026-65673,updated,2026-09-29,cve_2026_to_now,2026-09-30T13:18:08+00:00
CVE-2026-65675,updated,2026-09-29,cve_2026_to_now,2026-09-30T13:18:08+00:00
CVE-2026-65678,updated,2026-09-29,cve_2026_to_now,2026-09-30T13:18:08+00:00
CVE-2026-65679,updated,2026-09-29,cve_2026_to_now,2026-09-30T13:18:08+00:00
CVE-2026-65680,updated,2026-09-29,cve_2026_to_now,2026-09-30T13:18:08+00:00
CVE-2026-65681,updated,2026-09-29,cve_2026_to_now,2026-09-30T13:18:08+00:00
CVE-2026-65767,updated,2026-09-29,cve_2026_to_now,2026-09-30T13:18:08+00:00
CVE-2026-65768,updated,2026-09-29,cve_2026_to_now,2026-09-30T13:18:08+00:00
CVE-2026-65769,updated,2026-09-29,cve_2026_to_now,2026-09-30T13:18:08+00:00
CVE-2026-65770,updated,2026-09-29,cve_2026_to_now,2026-09-30T13:18:08+00:00
CVE-2026-65772,updated,2026-09-29,cve_2026_to_now,2026-09-30T13:18:08+00:00
CVE-2026-65773,updated,2026-09-29,cve_2026_to_now,2026-09-30T13:18:08+00:00
CVE-2026-65774,updated,2026-09-29,cve_2026_to_now,2026-09-30T13:18:08+00:00
CVE-2026-65775,updated,2026-09-29,cve_2026_to_now,2026-09-30T13:18:08+00:00
CVE-2026-65776,updated,2026-09-29,cve_2026_to_now,2026-09-30T13:18:08+00:00
CVE-2026-65777,updated,2026-09-29,cve_2026_to_now,2026-09-30T13:18:08+00:00
CVE-2026-65778,updated,2026-09-29,cve_2026_to_now,2026-09-30T13:18:08+00:00
CVE-2026-65779,updated,2026-09-29,cve_2026_to_now,2026-09-30T13:18:08+00:00
CVE-2026-65780,updated,2026-09-29,cve_2026_to_now,2026-09-30T13:18:08+00:00
CVE-2026-65781,updated,2026-09-29,cve_2026_to_now,2026-09-30T13:18:08+00:00
CVE-2026-65782,updated,2026-09-29,cve_2026_to_now,2026-09-30T13:18:08+00:00
CVE-2026-65783,updated,2026-09-29,cve_2026_to_now,2026-09-30T13:18:08+00:00
CVE-2026-65784,updated,2026-09-29,cve_2026_to_now,2026-09-30T13:18:08+00:00
CVE-2026-65785,updated,2026-09-29,cve_2026_to_now,2026-09-30T13:18:08+00:00
CVE-2026-65786,updated,2026-09-29,cve_2026_to_now,2026-09-30T13:18:08+00:00
CVE-2026-65787,updated,2026-09-29,cve_2026_to_now,2026-09-30T13:18:08+00:00
CVE-2026-65788,updated,2026-09-29,cve_2026_to_now,2026-09-30T13:18:08+00:00
CVE-2026-65789,updated,2026-09-29,cve_2026_to_now,2026-09-30T13:18:08+00:00
CVE-2026-65790,updated,2026-09-29,cve_2026_to_now,2026-09-30T13:18:08+00:00
CVE-2026-65791,updated,2026-09-29,cve_2026_to_now,2026-09-30T13:18:08+00:00
CVE-2026-65794,updated,2026-09-29,cve_2026_to_now,2026-09-30T13:18:08+00:00
CVE-2026-65795,updated,2026-09-29,cve_2026_to_now,2026-09-30T13:18:08+00:00
CVE-2026-65796,updated,2026-09-29,cve_2026_to_now,2026-09-30T13:18:08+00:00
CVE-2026-65797,updated,2026-09-29,cve_2026_to_now,2026-09-30T13:18:08+00:00
CVE-2026-65798,updated,2026-09-29,cve_2026_to_now,2026-09-30T13:18:08+00:00
CVE-2026-65799,updated,2026-09-29,cve_2026_to_now,2026-09-30T13:18:08+00:00
CVE-2026-65801,updated,2026-09-29,cve_2026_to_now,2026-09-30T13:18:08+00:00
CVE-2026-65806,updated,2026-09-29,cve_2026_to_now,2026-09-30T13:18:08+00:00
CVE-2026-65807,updated,2026-09-29,cve_2026_to_now,2026-09-30T13:18:08+00:00
CVE-2026-65810,updated,2026-09-29,cve_2026_to_now,2026-09-30T13:18:08+00:00
CVE-2026-65811,updated,2026-09-29,cve_2026_to_now,2026-09-30T13:18:08+00:00
CVE-2026-65812,updated,2026-09-29,cve_2026_to_now,2026-09-30T13:18:08+00:00
CVE-2026-65813,updated,2026-09-29,cve_2026_to_now,2026-09-30T13:18:08+00:00
CVE-2026-65814,updated,2026-09-29,cve_2026_to_now,2026-09-30T13:18:08+00:00
CVE-2026-65815,updated,2026-09-29,cve_2026_to_now,2026-09-30T13:18:08+00:00
CVE-2026-65816,updated,2026-09-29,cve_2026_to_now,2026-09-30T13:18:08+00:00
CVE-2026-65818,updated,2026-09-29,cve_2026_to_now,2026-09-30T13:18:08+00:00
CVE-2026-66078,updated,2026-09-29,cve_2026_to_now,2026-09-30T13:18:08+00:00
CVE-2026-66083,updated,,cve_2026_to_now,2026-09-30T13:18:08+00:00
CVE-2026-66301,updated,2026-09-29,cve_2026_to_now,2026-09-30T13:18:08+00:00
CVE-2026-66302,updated,2026-09-29,cve_2026_to_now,2026-09-30T13:18:08+00:00
CVE-2026-66303,updated,2026-09-29,cve_2026_to_now,2026-09-30T13:18:08+00:00
CVE-2026-66304,updated,2026-09-29,cve_2026_to_now,2026-09-30T13:18:08+00:00
CVE-2026-66305,updated,2026-09-29,cve_2026_to_now,2026-09-30T13:18:08+00:00
CVE-2026-66306,updated,2026-09-29,cve_2026_to_now,2026-09-30T13:18:08+00:00
CVE-2026-66307,updated,2026-09-29,cve_2026_to_now,2026-09-30T13:18:08+00:00
CVE-2026-66308,updated,2026-09-29,cve_2026_to_now,2026-09-30T13:18:08+00:00
CVE-2026-66309,updated,2026-09-29,cve_2026_to_now,2026-09-30T13:18:08+00:00
CVE-2026-66323,updated,2026-09-29,cve_2026_to_now,2026-09-30T13:18:08+00:00
CVE-2026-66324,updated,2026-09-29,cve_2026_to_now,2026-09-30T13:18:08+00:00
CVE-2026-66651,updated,2026-09-30,cve_2026_to_now,2026-09-30T13:18:08+00:00
CVE-2026-66792,updated,2026-09-29,cve_2026_to_now,2026-09-30T13:18:08+00:00
CVE-2026-66794,updated,2026-09-29,cve_2026_to_now,2026-09-30T13:18:08+00:00
CVE-2026-66795,updated,2026-09-29,cve_2026_to_now,2026-09-30T13:18:08+00:00
CVE-2026-66798,updated,2026-09-29,cve_2026_to_now,2026-09-30T13:18:08+00:00
CVE-2026-66799,updated,2026-09-29,cve_2026_to_now,2026-09-30T13:18:08+00:00
CVE-2026-66800,updated,2026-09-29,cve_2026_to_now,2026-09-30T13:18:08+00:00
CVE-2026-66802,updated,2026-09-29,cve_2026_to_now,2026-09-30T13:18:08+00:00
CVE-2026-66804,updated,2026-09-29,cve_2026_to_now,2026-09-30T13:18:08+00:00
CVE-2026-66805,updated,2026-09-29,cve_2026_to_now,2026-09-30T13:18:08+00:00
CVE-2026-66806,updated,2026-09-29,cve_2026_to_now,2026-09-30T13:18:08+00:00
CVE-2026-66807,updated,2026-09-29,cve_2026_to_now,2026-09-30T13:18:08+00:00
CVE-2026-66808,updated,2026-09-29,cve_2026_to_now,2026-09-30T13:18:08+00:00
CVE-2026-66809,updated,2026-09-29,cve_2026_to_now,2026-09-30T13:18:08+00:00
CVE-2026-66810,updated,2026-09-29,cve_2026_to_now,2026-09-30T13:18:08+00:00
CVE-2026-66814,updated,2026-09-29,cve_2026_to_now,2026-09-30T13:18:08+00:00
CVE-2026-66816,updated,2026-09-29,cve_2026_to_now,2026-09-30T13:18:08+00:00
CVE-2026-66818,updated,2026-09-29,cve_2026_to_now,2026-09-30T13:18:08+00:00
CVE-2026-66819,updated,2026-09-29,cve_2026_to_now,2026-09-30T13:18:08+00:00
CVE-2026-66820,updated,2026-09-29,cve_2026_to_now,2026-09-30T13:18:08+00:00
CVE-2026-67230,updated,2026-09-29,cve_2026_to_now,2026-09-30T13:18:08+00:00
CVE-2026-67241,updated,2026-09-29,cve_2026_to_now,2026-09-30T13:18:08+00:00
CVE-2026-67364,updated,2026-09-29,cve_2026_to_now,2026-09-30T13:18:08+00:00
CVE-2026-67368,updated,2026-09-29,cve_2026_to_now,2026-09-30T13:18:08+00:00
CVE-2026-67369,updated,2026-09-29,cve_2026_to_now,2026-09-30T13:18:08+00:00
CVE-2026-67370,updated,2026-09-29,cve_2026_to_now,2026-09-30T13:18:08+00:00
CVE-2026-67373,updated,2026-09-29,cve_2026_to_now,2026-09-30T13:18:08+00:00
CVE-2026-67376,updated,2026-09-29,cve_2026_to_now,2026-09-30T13:18:08+00:00
CVE-2026-67378,updated,2026-09-29,cve_2026_to_now,2026-09-30T13:18:08+00:00
CVE-2026-67379,updated,2026-09-29,cve_2026_to_now,2026-09-30T13:18:08+00:00
CVE-2026-67380,updated,2026-09-29,cve_2026_to_now,2026-09-30T13:18:08+00:00
CVE-2026-67381,updated,2026-09-29,cve_2026_to_now,2026-09-30T13:18:08+00:00
CVE-2026-67383,updated,2026-09-29,cve_2026_to_now,2026-09-30T13:18:08+00:00
CVE-2026-67384,updated,2026-09-29,cve_2026_to_now,2026-09-30T13:18:08+00:00
CVE-2026-67385,updated,2026-09-29,cve_2026_to_now,2026-09-30T13:18:08+00:00
CVE-2026-67386,updated,2026-09-29,cve_2026_to_now,2026-09-30T13:18:08+00:00
CVE-2026-67388,updated,2026-09-29,cve_2026_to_now,2026-09-30T13:18:08+00:00
CVE-2026-67389,updated,2026-09-29,cve_2026_to_now,2026-09-30T13:18:08+00:00
CVE-2026-67390,updated,2026-09-29,cve_2026_to_now,2026-09-30T13:18:08+00:00
CVE-2026-67393,updated,2026-09-29,cve_2026_to_now,2026-09-30T13:18:08+00:00
CVE-2026-67413,updated,2026-09-29,cve_2026_to_now,2026-09-30T13:18:08+00:00
CVE-2026-67420,updated,2026-09-29,cve_2026_to_now,2026-09-30T13:18:08+00:00
CVE-2026-67624,updated,2026-09-29,cve_2026_to_now,2026-09-30T13:18:08+00:00
CVE-2026-67629,updated,2026-09-29,cve_2026_to_now,2026-09-30T13:18:08+00:00
CVE-2026-67630,updated,2026-09-29,cve_2026_to_now,2026-09-30T13:18:08+00:00
CVE-2026-67631,updated,2026-09-29,cve_2026_to_now,2026-09-30T13:18:08+00:00
CVE-2026-67633,updated,2026-09-29,cve_2026_to_now,2026-09-30T13:18:08+00:00
CVE-2026-67636,updated,2026-09-29,cve_2026_to_now,2026-09-30T13:18:08+00:00
CVE-2026-67638,updated,2026-09-29,cve_2026_to_now,2026-09-30T13:18:08+00:00
CVE-2026-67639,updated,2026-09-29,cve_2026_to_now,2026-09-30T13:18:08+00:00
CVE-2026-67641,updated,2026-09-29,cve_2026_to_now,2026-09-30T13:18:08+00:00
CVE-2026-67642,updated,2026-09-29,cve_2026_to_now,2026-09-30T13:18:08+00:00
CVE-2026-67643,updated,2026-09-29,cve_2026_to_now,2026-09-30T13:18:08+00:00
CVE-2026-67645,updated,2026-09-29,cve_2026_to_now,2026-09-30T13:18:08+00:00
CVE-2026-67648,updated,2026-09-29,cve_2026_to_now,2026-09-30T13:18:08+00:00
CVE-2026-67987,added,,cve_2026_to_now,2026-09-30T13:18:08+00:00
CVE-2026-67993,added,,cve_2026_to_now,2026-09-30T13:18:08+00:00
CVE-2026-68068,added,,cve_2026_to_now,2026-09-30T13:18:08+00:00
CVE-2026-68775,updated,2026-09-29,cve_2026_to_now,2026-09-30T13:18:08+00:00
CVE-2026-68776,updated,2026-09-29,cve_2026_to_now,2026-09-30T13:18:08+00:00
CVE-2026-68777,updated,2026-09-29,cve_2026_to_now,2026-09-30T13:18:08+00:00
CVE-2026-68778,updated,2026-09-29,cve_2026_to_now,2026-09-30T13:18:08+00:00
CVE-2026-68779,updated,2026-09-29,cve_2026_to_now,2026-09-30T13:18:08+00:00
CVE-2026-68780,updated,2026-09-29,cve_2026_to_now,2026-09-30T13:18:08+00:00
CVE-2026-68781,updated,2026-09-29,cve_2026_to_now,2026-09-30T13:18:08+00:00
CVE-2026-68782,updated,2026-09-29,cve_2026_to_now,2026-09-30T13:18:08+00:00
CVE-2026-68784,updated,2026-09-29,cve_2026_to_now,2026-09-30T13:18:08+00:00
CVE-2026-68785,updated,2026-09-29,cve_2026_to_now,2026-09-30T13:18:08+00:00
CVE-2026-68786,updated,2026-09-29,cve_2026_to_now,2026-09-30T13:18:08+00:00
CVE-2026-68787,updated,2026-09-29,cve_2026_to_now,2026-09-30T13:18:08+00:00
CVE-2026-68789,updated,2026-09-29,cve_2026_to_now,2026-09-30T13:18:08+00:00
CVE-2026-68791,updated,2026-09-29,cve_2026_to_now,2026-09-30T13:18:08+00:00
CVE-2026-68792,updated,2026-09-29,cve_2026_to_now,2026-09-30T13:18:08+00:00
CVE-2026-68793,updated,2026-09-29,cve_2026_to_now,2026-09-30T13:18:08+00:00
CVE-2026-68794,updated,2026-09-29,cve_2026_to_now,2026-09-30T13:18:08+00:00
CVE-2026-68795,updated,2026-09-29,cve_2026_to_now,2026-09-30T13:18:08+00:00
CVE-2026-68796,updated,2026-09-29,cve_2026_to_now,2026-09-30T13:18:08+00:00
CVE-2026-68797,updated,2026-09-29,cve_2026_to_now,2026-09-30T13:18:08+00:00
CVE-2026-68798,updated,2026-09-29,cve_2026_to_now,2026-09-30T13:18:08+00:00
CVE-2026-68799,updated,2026-09-29,cve_2026_to_now,2026-09-30T13:18:08+00:00
CVE-2026-68800,updated,2026-09-29,cve_2026_to_now,2026-09-30T13:18:08+00:00
CVE-2026-68801,updated,2026-09-29,cve_2026_to_now,2026-09-30T13:18:08+00:00
CVE-2026-68802,updated,2026-09-29,cve_2026_to_now,2026-09-30T13:18:08+00:00
CVE-2026-68803,updated,2026-09-29,cve_2026_to_now,2026-09-30T13:18:08+00:00
CVE-2026-68804,updated,2026-09-29,cve_2026_to_now,2026-09-30T13:18:08+00:00
CVE-2026-68805,updated,2026-09-29,cve_2026_to_now,2026-09-30T13:18:08+00:00
CVE-2026-68806,updated,2026-09-29,cve_2026_to_now,2026-09-30T13:18:08+00:00
CVE-2026-68807,updated,2026-09-29,cve_2026_to_now,2026-09-30T13:18:08+00:00
CVE-2026-68808,updated,2026-09-29,cve_2026_to_now,2026-09-30T13:18:08+00:00
CVE-2026-68809,updated,2026-09-29,cve_2026_to_now,2026-09-30T13:18:08+00:00
CVE-2026-68810,updated,2026-09-29,cve_2026_to_now,2026-09-30T13:18:08+00:00
CVE-2026-68811,updated,2026-09-29,cve_2026_to_now,2026-09-30T13:18:08+00:00
CVE-2026-68812,updated,2026-09-29,cve_2026_to_now,2026-09-30T13:18:08+00:00
CVE-2026-68813,updated,2026-09-29,cve_2026_to_now,2026-09-30T13:18:08+00:00
CVE-2026-68814,updated,2026-09-29,cve_2026_to_now,2026-09-30T13:18:08+00:00
CVE-2026-68815,updated,2026-09-29,cve_2026_to_now,2026-09-30T13:18:08+00:00
CVE-2026-68816,updated,2026-09-29,cve_2026_to_now,2026-09-30T13:18:08+00:00
CVE-2026-68817,updated,2026-09-29,cve_2026_to_now,2026-09-30T13:18:08+00:00
CVE-2026-68819,updated,2026-09-29,cve_2026_to_now,2026-09-30T13:18:08+00:00
CVE-2026-68820,updated,2026-09-29,cve_2026_to_now,2026-09-30T13:18:08+00:00
CVE-2026-68821,updated,2026-09-29,cve_2026_to_now,2026-09-30T13:18:08+00:00
CVE-2026-68823,updated,2026-09-29,cve_2026_to_now,2026-09-30T13:18:08+00:00
CVE-2026-68824,updated,2026-09-29,cve_2026_to_now,2026-09-30T13:18:08+00:00
CVE-2026-68825,updated,2026-09-29,cve_2026_to_now,2026-09-30T13:18:08+00:00
CVE-2026-68827,updated,2026-09-29,cve_2026_to_now,2026-09-30T13:18:08+00:00
CVE-2026-68828,updated,2026-09-29,cve_2026_to_now,2026-09-30T13:18:08+00:00
CVE-2026-68830,updated,2026-09-29,cve_2026_to_now,2026-09-30T13:18:08+00:00
CVE-2026-68831,updated,2026-09-29,cve_2026_to_now,2026-09-30T13:18:08+00:00
CVE-2026-68832,updated,2026-09-29,cve_2026_to_now,2026-09-30T13:18:08+00:00
CVE-2026-68833,updated,2026-09-29,cve_2026_to_now,2026-09-30T13:18:08+00:00
CVE-2026-68834,updated,2026-09-29,cve_2026_to_now,2026-09-30T13:18:08+00:00
CVE-2026-68835,updated,2026-09-29,cve_2026_to_now,2026-09-30T13:18:08+00:00
CVE-2026-68837,updated,2026-09-29,cve_2026_to_now,2026-09-30T13:18:08+00:00
CVE-2026-68838,updated,2026-09-29,cve_2026_to_now,2026-09-30T13:18:08+00:00
CVE-2026-68839,updated,2026-09-29,cve_2026_to_now,2026-09-30T13:18:08+00:00
CVE-2026-68840,updated,2026-09-29,cve_2026_to_now,2026-09-30T13:18:08+00:00
CVE-2026-68841,updated,2026-09-29,cve_2026_to_now,2026-09-30T13:18:08+00:00
CVE-2026-68842,updated,2026-09-29,cve_2026_to_now,2026-09-30T13:18:08+00:00
CVE-2026-68843,updated,2026-09-29,cve_2026_to_now,2026-09-30T13:18:08+00:00
CVE-2026-68844,updated,2026-09-29,cve_2026_to_now,2026-09-30T13:18:08+00:00
CVE-2026-68845,updated,2026-09-29,cve_2026_to_now,2026-09-30T13:18:08+00:00
CVE-2026-68846,updated,2026-09-29,cve_2026_to_now,2026-09-30T13:18:08+00:00
CVE-2026-68847,updated,2026-09-29,cve_2026_to_now,2026-09-30T13:18:08+00:00
CVE-2026-68848,updated,2026-09-29,cve_2026_to_now,2026-09-30T13:18:08+00:00
CVE-2026-68849,updated,2026-09-29,cve_2026_to_now,2026-09-30T13:18:08+00:00
CVE-2026-68850,updated,2026-09-29,cve_2026_to_now,2026-09-30T13:18:08+00:00
CVE-2026-68851,updated,2026-09-29,cve_2026_to_now,2026-09-30T13:18:08+00:00
CVE-2026-68852,updated,2026-09-29,cve_2026_to_now,2026-09-30T13:18:08+00:00
CVE-2026-68873,updated,2026-09-29,cve_2026_to_now,2026-09-30T13:18:08+00:00
CVE-2026-68874,updated,2026-09-29,cve_2026_to_now,2026-09-30T13:18:08+00:00
CVE-2026-68875,updated,2026-09-29,cve_2026_to_now,2026-09-30T13:18:08+00:00
CVE-2026-68876,updated,2026-09-29,cve_2026_to_now,2026-09-30T13:18:08+00:00
CVE-2026-68877,updated,2026-09-29,cve_2026_to_now,2026-09-30T13:18:08+00:00
CVE-2026-68878,updated,2026-09-29,cve_2026_to_now,2026-09-30T13:18:08+00:00
CVE-2026-68880,updated,2026-09-29,cve_2026_to_now,2026-09-30T13:18:08+00:00
CVE-2026-68881,updated,2026-09-29,cve_2026_to_now,2026-09-30T13:18:08+00:00
CVE-2026-68884,updated,2026-09-29,cve_2026_to_now,2026-09-30T13:18:08+00:00
CVE-2026-68885,updated,2026-09-29,cve_2026_to_now,2026-09-30T13:18:08+00:00
CVE-2026-68886,updated,2026-09-29,cve_2026_to_now,2026-09-30T13:18:08+00:00
CVE-2026-68887,updated,2026-09-29,cve_2026_to_now,2026-09-30T13:18:08+00:00
CVE-2026-68888,updated,2026-09-29,cve_2026_to_now,2026-09-30T13:18:08+00:00
CVE-2026-68889,updated,2026-09-29,cve_2026_to_now,2026-09-30T13:18:08+00:00
CVE-2026-68890,updated,2026-09-29,cve_2026_to_now,2026-09-30T13:18:08+00:00
CVE-2026-68891,updated,2026-09-29,cve_2026_to_now,2026-09-30T13:18:08+00:00
CVE-2026-68892,updated,2026-09-29,cve_2026_to_now,2026-09-30T13:18:08+00:00
CVE-2026-68893,updated,2026-09-29,cve_2026_to_now,2026-09-30T13:18:08+00:00
CVE-2026-68894,updated,2026-09-29,cve_2026_to_now,2026-09-30T13:18:08+00:00
CVE-2026-68895,updated,2026-09-29,cve_2026_to_now,2026-09-30T13:18:08+00:00
CVE-2026-68896,updated,2026-09-29,cve_2026_to_now,2026-09-30T13:18:08+00:00
CVE-2026-68897,updated,2026-09-29,cve_2026_to_now,2026-09-30T13:18:08+00:00
CVE-2026-68898,updated,2026-09-29,cve_2026_to_now,2026-09-30T13:18:08+00:00
CVE-2026-68911,added,,cve_2026_to_now,2026-09-30T13:18:08+00:00
CVE-2026-68954,added,,cve_2026_to_now,2026-09-30T13:18:08+00:00
CVE-2026-69265,updated,2026-09-29,cve_2026_to_now,2026-09-30T13:18:08+00:00
CVE-2026-69266,updated,2026-09-29,cve_2026_to_now,2026-09-30T13:18:08+00:00
CVE-2026-69267,updated,2026-09-29,cve_2026_to_now,2026-09-30T13:18:08+00:00
CVE-2026-69268,updated,2026-09-29,cve_2026_to_now,2026-09-30T13:18:08+00:00
CVE-2026-69269,updated,2026-09-29,cve_2026_to_now,2026-09-30T13:18:08+00:00
CVE-2026-69270,updated,2026-09-29,cve_2026_to_now,2026-09-30T13:18:08+00:00
CVE-2026-69271,updated,2026-09-29,cve_2026_to_now,2026-09-30T13:18:08+00:00
CVE-2026-69272,updated,2026-09-29,cve_2026_to_now,2026-09-30T13:18:08+00:00
CVE-2026-69273,updated,2026-09-29,cve_2026_to_now,2026-09-30T13:18:08+00:00
CVE-2026-69274,updated,2026-09-29,cve_2026_to_now,2026-09-30T13:18:08+00:00
CVE-2026-69275,updated,2026-09-29,cve_2026_to_now,2026-09-30T13:18:08+00:00
CVE-2026-69276,updated,2026-09-29,cve_2026_to_now,2026-09-30T13:18:08+00:00
CVE-2026-69277,updated,2026-09-29,cve_2026_to_now,2026-09-30T13:18:08+00:00
CVE-2026-69278,updated,2026-09-29,cve_2026_to_now,2026-09-30T13:18:08+00:00
CVE-2026-69279,updated,2026-09-29,cve_2026_to_now,2026-09-30T13:18:08+00:00
CVE-2026-69280,updated,2026-09-29,cve_2026_to_now,2026-09-30T13:18:08+00:00
CVE-2026-69281,updated,2026-09-29,cve_2026_to_now,2026-09-30T13:18:08+00:00
CVE-2026-69282,updated,2026-09-29,cve_2026_to_now,2026-09-30T13:18:08+00:00
CVE-2026-69283,updated,2026-09-29,cve_2026_to_now,2026-09-30T13:18:08+00:00
CVE-2026-69284,updated,2026-09-29,cve_2026_to_now,2026-09-30T13:18:08+00:00
CVE-2026-69285,updated,2026-09-29,cve_2026_to_now,2026-09-30T13:18:08+00:00
CVE-2026-69286,updated,2026-09-29,cve_2026_to_now,2026-09-30T13:18:08+00:00
CVE-2026-69287,updated,2026-09-29,cve_2026_to_now,2026-09-30T13:18:08+00:00
CVE-2026-69288,updated,2026-09-29,cve_2026_to_now,2026-09-30T13:18:08+00:00
CVE-2026-69289,updated,2026-09-29,cve_2026_to_now,2026-09-30T13:18:08+00:00
CVE-2026-69290,updated,2026-09-29,cve_2026_to_now,2026-09-30T13:18:08+00:00
CVE-2026-69291,updated,2026-09-29,cve_2026_to_now,2026-09-30T13:18:08+00:00
CVE-2026-69292,updated,2026-09-29,cve_2026_to_now,2026-09-30T13:18:08+00:00
CVE-2026-69293,updated,2026-09-29,cve_2026_to_now,2026-09-30T13:18:08+00:00
CVE-2026-69294,updated,2026-09-29,cve_2026_to_now,2026-09-30T13:18:08+00:00
CVE-2026-69295,updated,2026-09-29,cve_2026_to_now,2026-09-30T13:18:08+00:00
CVE-2026-69296,updated,2026-09-29,cve_2026_to_now,2026-09-30T13:18:08+00:00
CVE-2026-69297,updated,2026-09-29,cve_2026_to_now,2026-09-30T13:18:08+00:00
CVE-2026-69298,updated,2026-09-29,cve_2026_to_now,2026-09-30T13:18:08+00:00
CVE-2026-69299,updated,2026-09-29,cve_2026_to_now,2026-09-30T13:18:08+00:00
CVE-2026-69300,updated,2026-09-29,cve_2026_to_now,2026-09-30T13:18:08+00:00
CVE-2026-69301,updated,2026-09-29,cve_2026_to_now,2026-09-30T13:18:08+00:00
CVE-2026-69303,updated,2026-09-29,cve_2026_to_now,2026-09-30T13:18:08+00:00
CVE-2026-69304,updated,2026-09-29,cve_2026_to_now,2026-09-30T13:18:08+00:00
CVE-2026-69305,updated,2026-09-29,cve_2026_to_now,2026-09-30T13:18:08+00:00
CVE-2026-69306,updated,2026-09-29,cve_2026_to_now,2026-09-30T13:18:08+00:00
CVE-2026-69307,updated,2026-09-29,cve_2026_to_now,2026-09-30T13:18:08+00:00
CVE-2026-69308,updated,2026-09-29,cve_2026_to_now,2026-09-30T13:18:08+00:00
CVE-2026-69309,updated,2026-09-29,cve_2026_to_now,2026-09-30T13:18:08+00:00
CVE-2026-69310,updated,2026-09-29,cve_2026_to_now,2026-09-30T13:18:08+00:00
CVE-2026-69311,updated,2026-09-29,cve_2026_to_now,2026-09-30T13:18:08+00:00
CVE-2026-69312,updated,2026-09-29,cve_2026_to_now,2026-09-30T13:18:08+00:00
CVE-2026-69313,updated,2026-09-29,cve_2026_to_now,2026-09-30T13:18:08+00:00
CVE-2026-69314,updated,2026-09-29,cve_2026_to_now,2026-09-30T13:18:08+00:00
CVE-2026-69315,updated,2026-09-29,cve_2026_to_now,2026-09-30T13:18:08+00:00
CVE-2026-69316,updated,2026-09-29,cve_2026_to_now,2026-09-30T13:18:08+00:00
CVE-2026-69317,updated,2026-09-29,cve_2026_to_now,2026-09-30T13:18:08+00:00
CVE-2026-69318,updated,2026-09-29,cve_2026_to_now,2026-09-30T13:18:08+00:00
CVE-2026-69319,updated,2026-09-29,cve_2026_to_now,2026-09-30T13:18:08+00:00
CVE-2026-69320,updated,2026-09-29,cve_2026_to_now,2026-09-30T13:18:08+00:00
CVE-2026-69321,updated,2026-09-29,cve_2026_to_now,2026-09-30T13:18:08+00:00
CVE-2026-69322,updated,2026-09-29,cve_2026_to_now,2026-09-30T13:18:08+00:00
CVE-2026-69323,updated,2026-09-29,cve_2026_to_now,2026-09-30T13:18:08+00:00
CVE-2026-69324,updated,2026-09-29,cve_2026_to_now,2026-09-30T13:18:08+00:00
CVE-2026-69325,updated,2026-09-29,cve_2026_to_now,2026-09-30T13:18:08+00:00
CVE-2026-69328,updated,2026-09-29,cve_2026_to_now,2026-09-30T13:18:08+00:00
CVE-2026-69329,updated,2026-09-29,cve_2026_to_now,2026-09-30T13:18:08+00:00
CVE-2026-69331,updated,2026-09-29,cve_2026_to_now,2026-09-30T13:18:08+00:00
CVE-2026-69332,updated,2026-09-29,cve_2026_to_now,2026-09-30T13:18:08+00:00
CVE-2026-69333,updated,2026-09-29,cve_2026_to_now,2026-09-30T13:18:08+00:00
CVE-2026-69334,updated,2026-09-29,cve_2026_to_now,2026-09-30T13:18:08+00:00
CVE-2026-69335,updated,2026-09-29,cve_2026_to_now,2026-09-30T13:18:08+00:00
CVE-2026-69336,updated,2026-09-29,cve_2026_to_now,2026-09-30T13:18:08+00:00
CVE-2026-69337,updated,2026-09-29,cve_2026_to_now,2026-09-30T13:18:08+00:00
CVE-2026-69338,updated,2026-09-29,cve_2026_to_now,2026-09-30T13:18:08+00:00
CVE-2026-69339,updated,2026-09-29,cve_2026_to_now,2026-09-30T13:18:08+00:00
CVE-2026-69340,updated,2026-09-29,cve_2026_to_now,2026-09-30T13:18:08+00:00
CVE-2026-69341,updated,2026-09-29,cve_2026_to_now,2026-09-30T13:18:08+00:00
CVE-2026-69342,updated,2026-09-29,cve_2026_to_now,2026-09-30T13:18:08+00:00
CVE-2026-69343,updated,2026-09-29,cve_2026_to_now,2026-09-30T13:18:08+00:00
CVE-2026-69344,updated,2026-09-29,cve_2026_to_now,2026-09-30T13:18:08+00:00
CVE-2026-69345,updated,2026-09-29,cve_2026_to_now,2026-09-30T13:18:08+00:00
CVE-2026-69346,updated,2026-09-29,cve_2026_to_now,2026-09-30T13:18:08+00:00
CVE-2026-69347,updated,2026-09-29,cve_2026_to_now,2026-09-30T13:18:08+00:00
CVE-2026-69348,updated,2026-09-29,cve_2026_to_now,2026-09-30T13:18:08+00:00
CVE-2026-69349,updated,2026-09-29,cve_2026_to_now,2026-09-30T13:18:08+00:00
CVE-2026-69350,updated,2026-09-29,cve_2026_to_now,2026-09-30T13:18:08+00:00
CVE-2026-69351,updated,2026-09-29,cve_2026_to_now,2026-09-30T13:18:08+00:00
CVE-2026-69352,updated,2026-09-29,cve_2026_to_now,2026-09-30T13:18:08+00:00
CVE-2026-69353,updated,2026-09-29,cve_2026_to_now,2026-09-30T13:18:08+00:00
CVE-2026-69355,updated,2026-09-29,cve_2026_to_now,2026-09-30T13:18:08+00:00
CVE-2026-69356,updated,2026-09-29,cve_2026_to_now,2026-09-30T13:18:08+00:00
CVE-2026-69357,updated,2026-09-29,cve_2026_to_now,2026-09-30T13:18:08+00:00
CVE-2026-69358,updated,2026-09-29,cve_2026_to_now,2026-09-30T13:18:08+00:00
CVE-2026-69359,updated,2026-09-29,cve_2026_to_now,2026-09-30T13:18:08+00:00
CVE-2026-69360,updated,2026-09-29,cve_2026_to_now,2026-09-30T13:18:08+00:00
CVE-2026-69361,updated,2026-09-29,cve_2026_to_now,2026-09-30T13:18:08+00:00
CVE-2026-69362,updated,2026-09-29,cve_2026_to_now,2026-09-30T13:18:08+00:00
CVE-2026-69364,updated,2026-09-29,cve_2026_to_now,2026-09-30T13:18:08+00:00
CVE-2026-69365,updated,2026-09-29,cve_2026_to_now,2026-09-30T13:18:08+00:00
CVE-2026-69366,updated,2026-09-29,cve_2026_to_now,2026-09-30T13:18:08+00:00
CVE-2026-69367,updated,2026-09-29,cve_2026_to_now,2026-09-30T13:18:08+00:00
CVE-2026-69368,updated,2026-09-29,cve_2026_to_now,2026-09-30T13:18:08+00:00
CVE-2026-69369,updated,2026-09-29,cve_2026_to_now,2026-09-30T13:18:08+00:00
CVE-2026-69371,updated,2026-09-29,cve_2026_to_now,2026-09-30T13:18:08+00:00
CVE-2026-69372,updated,2026-09-29,cve_2026_to_now,2026-09-30T13:18:08+00:00
CVE-2026-69373,updated,2026-09-29,cve_2026_to_now,2026-09-30T13:18:08+00:00
CVE-2026-69374,updated,2026-09-29,cve_2026_to_now,2026-09-30T13:18:08+00:00
CVE-2026-69375,updated,2026-09-29,cve_2026_to_now,2026-09-30T13:18:08+00:00
CVE-2026-69376,updated,2026-09-29,cve_2026_to_now,2026-09-30T13:18:08+00:00
CVE-2026-69377,updated,2026-09-29,cve_2026_to_now,2026-09-30T13:18:08+00:00
CVE-2026-69378,updated,2026-09-29,cve_2026_to_now,2026-09-30T13:18:08+00:00
CVE-2026-69379,updated,2026-09-29,cve_2026_to_now,2026-09-30T13:18:08+00:00
CVE-2026-69380,updated,2026-09-29,cve_2026_to_now,2026-09-30T13:18:08+00:00
CVE-2026-69381,updated,2026-09-29,cve_2026_to_now,2026-09-30T13:18:08+00:00
CVE-2026-69382,updated,2026-09-29,cve_2026_to_now,2026-09-30T13:18:08+00:00
CVE-2026-69383,updated,2026-09-29,cve_2026_to_now,2026-09-30T13:18:08+00:00
CVE-2026-69384,updated,2026-09-29,cve_2026_to_now,2026-09-30T13:18:08+00:00
CVE-2026-69385,updated,2026-09-29,cve_2026_to_now,2026-09-30T13:18:08+00:00
CVE-2026-69386,updated,2026-09-29,cve_2026_to_now,2026-09-30T13:18:08+00:00
CVE-2026-69388,updated,2026-09-29,cve_2026_to_now,2026-09-30T13:18:08+00:00
CVE-2026-69389,updated,2026-09-29,cve_2026_to_now,2026-09-30T13:18:08+00:00
CVE-2026-69390,updated,2026-09-29,cve_2026_to_now,2026-09-30T13:18:08+00:00
CVE-2026-69391,updated,2026-09-29,cve_2026_to_now,2026-09-30T13:18:08+00:00
CVE-2026-69392,updated,2026-09-29,cve_2026_to_now,2026-09-30T13:18:08+00:00
CVE-2026-69393,updated,2026-09-29,cve_2026_to_now,2026-09-30T13:18:08+00:00
CVE-2026-69394,updated,2026-09-29,cve_2026_to_now,2026-09-30T13:18:08+00:00
CVE-2026-69395,updated,2026-09-29,cve_2026_to_now,2026-09-30T13:18:08+00:00
CVE-2026-69396,updated,2026-09-29,cve_2026_to_now,2026-09-30T13:18:08+00:00
CVE-2026-69397,updated,2026-09-29,cve_2026_to_now,2026-09-30T13:18:08+00:00
CVE-2026-69398,updated,2026-09-29,cve_2026_to_now,2026-09-30T13:18:08+00:00
CVE-2026-69399,updated,2026-09-29,cve_2026_to_now,2026-09-30T13:18:08+00:00
CVE-2026-69400,updated,2026-09-29,cve_2026_to_now,2026-09-30T13:18:08+00:00
CVE-2026-69401,updated,2026-09-29,cve_2026_to_now,2026-09-30T13:18:08+00:00
CVE-2026-69402,updated,2026-09-29,cve_2026_to_now,2026-09-30T13:18:08+00:00
CVE-2026-69403,updated,2026-09-29,cve_2026_to_now,2026-09-30T13:18:08+00:00
CVE-2026-69404,updated,2026-09-29,cve_2026_to_now,2026-09-30T13:18:08+00:00
CVE-2026-69405,updated,2026-09-29,cve_2026_to_now,2026-09-30T13:18:08+00:00
CVE-2026-69406,updated,2026-09-29,cve_2026_to_now,2026-09-30T13:18:08+00:00
CVE-2026-69407,updated,2026-09-29,cve_2026_to_now,2026-09-30T13:18:08+00:00
CVE-2026-69408,updated,2026-09-29,cve_2026_to_now,2026-09-30T13:18:08+00:00
CVE-2026-69409,updated,2026-09-29,cve_2026_to_now,2026-09-30T13:18:08+00:00
CVE-2026-69410,updated,2026-09-29,cve_2026_to_now,2026-09-30T13:18:08+00:00
CVE-2026-69412,updated,2026-09-29,cve_2026_to_now,2026-09-30T13:18:08+00:00
CVE-2026-69413,updated,2026-09-29,cve_2026_to_now,2026-09-30T13:18:08+00:00
CVE-2026-69414,updated,2026-09-29,cve_2026_to_now,2026-09-30T13:18:08+00:00
CVE-2026-69415,updated,2026-09-29,cve_2026_to_now,2026-09-30T13:18:08+00:00
CVE-2026-69416,updated,2026-09-29,cve_2026_to_now,2026-09-30T13:18:08+00:00
CVE-2026-69417,updated,2026-09-29,cve_2026_to_now,2026-09-30T13:18:08+00:00
CVE-2026-69418,updated,2026-09-29,cve_2026_to_now,2026-09-30T13:18:08+00:00
CVE-2026-69419,updated,2026-09-29,cve_2026_to_now,2026-09-30T13:18:08+00:00
CVE-2026-69420,updated,2026-09-29,cve_2026_to_now,2026-09-30T13:18:08+00:00
CVE-2026-69421,updated,2026-09-29,cve_2026_to_now,2026-09-30T13:18:08+00:00
CVE-2026-69422,updated,2026-09-29,cve_2026_to_now,2026-09-30T13:18:08+00:00
CVE-2026-69423,updated,2026-09-29,cve_2026_to_now,2026-09-30T13:18:08+00:00
CVE-2026-69424,updated,2026-09-29,cve_2026_to_now,2026-09-30T13:18:08+00:00
CVE-2026-69425,updated,2026-09-29,cve_2026_to_now,2026-09-30T13:18:08+00:00
CVE-2026-69426,updated,2026-09-29,cve_2026_to_now,2026-09-30T13:18:08+00:00
CVE-2026-69427,updated,2026-09-29,cve_2026_to_now,2026-09-30T13:18:08+00:00
CVE-2026-69428,updated,2026-09-29,cve_2026_to_now,2026-09-30T13:18:08+00:00
CVE-2026-69429,updated,2026-09-29,cve_2026_to_now,2026-09-30T13:18:08+00:00
CVE-2026-69430,updated,2026-09-29,cve_2026_to_now,2026-09-30T13:18:08+00:00
CVE-2026-69431,updated,2026-09-29,cve_2026_to_now,2026-09-30T13:18:08+00:00
CVE-2026-69432,updated,2026-09-29,cve_2026_to_now,2026-09-30T13:18:08+00:00
CVE-2026-69433,updated,2026-09-29,cve_2026_to_now,2026-09-30T13:18:08+00:00
CVE-2026-69434,updated,2026-09-29,cve_2026_to_now,2026-09-30T13:18:08+00:00
CVE-2026-69436,updated,2026-09-29,cve_2026_to_now,2026-09-30T13:18:08+00:00
CVE-2026-69438,updated,2026-09-29,cve_2026_to_now,2026-09-30T13:18:08+00:00
CVE-2026-69439,updated,2026-09-29,cve_2026_to_now,2026-09-30T13:18:08+00:00
CVE-2026-69440,updated,2026-09-29,cve_2026_to_now,2026-09-30T13:18:08+00:00
CVE-2026-69441,updated,2026-09-29,cve_2026_to_now,2026-09-30T13:18:08+00:00
CVE-2026-69442,updated,2026-09-29,cve_2026_to_now,2026-09-30T13:18:08+00:00
CVE-2026-69443,updated,2026-09-29,cve_2026_to_now,2026-09-30T13:18:08+00:00
CVE-2026-69444,updated,2026-09-29,cve_2026_to_now,2026-09-30T13:18:08+00:00
CVE-2026-69445,updated,2026-09-29,cve_2026_to_now,2026-09-30T13:18:08+00:00
CVE-2026-69447,updated,2026-09-29,cve_2026_to_now,2026-09-30T13:18:08+00:00
CVE-2026-69448,updated,2026-09-29,cve_2026_to_now,2026-09-30T13:18:08+00:00
CVE-2026-69449,updated,2026-09-29,cve_2026_to_now,2026-09-30T13:18:08+00:00
CVE-2026-69450,updated,2026-09-29,cve_2026_to_now,2026-09-30T13:18:08+00:00
CVE-2026-69451,updated,2026-09-29,cve_2026_to_now,2026-09-30T13:18:08+00:00
CVE-2026-69453,updated,2026-09-29,cve_2026_to_now,2026-09-30T13:18:08+00:00
CVE-2026-69455,updated,2026-09-29,cve_2026_to_now,2026-09-30T13:18:08+00:00
CVE-2026-69456,updated,2026-09-29,cve_2026_to_now,2026-09-30T13:18:08+00:00
CVE-2026-69457,updated,2026-09-29,cve_2026_to_now,2026-09-30T13:18:08+00:00
CVE-2026-69458,updated,2026-09-29,cve_2026_to_now,2026-09-30T13:18:08+00:00
CVE-2026-69459,updated,2026-09-29,cve_2026_to_now,2026-09-30T13:18:08+00:00
CVE-2026-69460,updated,2026-09-29,cve_2026_to_now,2026-09-30T13:18:08+00:00
CVE-2026-69461,updated,2026-09-29,cve_2026_to_now,2026-09-30T13:18:08+00:00
CVE-2026-69462,updated,2026-09-29,cve_2026_to_now,2026-09-30T13:18:08+00:00
CVE-2026-69463,updated,2026-09-29,cve_2026_to_now,2026-09-30T13:18:08+00:00
CVE-2026-69464,updated,2026-09-29,cve_2026_to_now,2026-09-30T13:18:08+00:00
CVE-2026-69465,updated,2026-09-29,cve_2026_to_now,2026-09-30T13:18:08+00:00
CVE-2026-69466,updated,2026-09-29,cve_2026_to_now,2026-09-30T13:18:08+00:00
CVE-2026-69467,updated,2026-09-29,cve_2026_to_now,2026-09-30T13:18:08+00:00
CVE-2026-69468,updated,2026-09-29,cve_2026_to_now,2026-09-30T13:18:08+00:00
CVE-2026-69469,updated,2026-09-29,cve_2026_to_now,2026-09-30T13:18:08+00:00
CVE-2026-69470,updated,2026-09-29,cve_2026_to_now,2026-09-30T13:18:08+00:00
CVE-2026-69472,updated,2026-09-29,cve_2026_to_now,2026-09-30T13:18:08+00:00
CVE-2026-69473,updated,2026-09-29,cve_2026_to_now,2026-09-30T13:18:08+00:00
CVE-2026-69474,updated,2026-09-29,cve_2026_to_now,2026-09-30T13:18:08+00:00
CVE-2026-69475,updated,2026-09-29,cve_2026_to_now,2026-09-30T13:18:08+00:00
CVE-2026-69476,updated,2026-09-29,cve_2026_to_now,2026-09-30T13:18:08+00:00
CVE-2026-69477,updated,2026-09-29,cve_2026_to_now,2026-09-30T13:18:08+00:00
CVE-2026-69478,updated,2026-09-29,cve_2026_to_now,2026-09-30T13:18:08+00:00
CVE-2026-69479,updated,2026-09-29,cve_2026_to_now,2026-09-30T13:18:08+00:00
CVE-2026-69480,updated,2026-09-29,cve_2026_to_now,2026-09-30T13:18:08+00:00
CVE-2026-69481,updated,2026-09-29,cve_2026_to_now,2026-09-30T13:18:08+00:00
CVE-2026-69482,updated,2026-09-29,cve_2026_to_now,2026-09-30T13:18:08+00:00
CVE-2026-69483,updated,2026-09-29,cve_2026_to_now,2026-09-30T13:18:08+00:00
CVE-2026-69485,updated,2026-09-29,cve_2026_to_now,2026-09-30T13:18:08+00:00
CVE-2026-69486,updated,2026-09-29,cve_2026_to_now,2026-09-30T13:18:08+00:00
CVE-2026-69488,updated,2026-09-29,cve_2026_to_now,2026-09-30T13:18:08+00:00
CVE-2026-69489,updated,2026-09-29,cve_2026_to_now,2026-09-30T13:18:08+00:00
CVE-2026-69490,updated,2026-09-29,cve_2026_to_now,2026-09-30T13:18:08+00:00
CVE-2026-69491,updated,2026-09-29,cve_2026_to_now,2026-09-30T13:18:08+00:00
CVE-2026-69492,updated,2026-09-29,cve_2026_to_now,2026-09-30T13:18:08+00:00
CVE-2026-69493,updated,2026-09-29,cve_2026_to_now,2026-09-30T13:18:08+00:00
CVE-2026-69494,updated,2026-09-29,cve_2026_to_now,2026-09-30T13:18:08+00:00
CVE-2026-69495,updated,2026-09-29,cve_2026_to_now,2026-09-30T13:18:08+00:00
CVE-2026-69496,updated,2026-09-29,cve_2026_to_now,2026-09-30T13:18:08+00:00
CVE-2026-69497,updated,2026-09-29,cve_2026_to_now,2026-09-30T13:18:08+00:00
CVE-2026-69498,updated,2026-09-29,cve_2026_to_now,2026-09-30T13:18:08+00:00
CVE-2026-69499,updated,2026-09-29,cve_2026_to_now,2026-09-30T13:18:08+00:00
CVE-2026-69500,updated,2026-09-29,cve_2026_to_now,2026-09-30T13:18:08+00:00
CVE-2026-69501,updated,2026-09-29,cve_2026_to_now,2026-09-30T13:18:08+00:00
CVE-2026-69502,updated,2026-09-29,cve_2026_to_now,2026-09-30T13:18:08+00:00
CVE-2026-69503,updated,2026-09-29,cve_2026_to_now,2026-09-30T13:18:08+00:00
CVE-2026-69504,updated,2026-09-29,cve_2026_to_now,2026-09-30T13:18:08+00:00
CVE-2026-69505,updated,2026-09-29,cve_2026_to_now,2026-09-30T13:18:08+00:00
CVE-2026-69507,updated,2026-09-29,cve_2026_to_now,2026-09-30T13:18:08+00:00
CVE-2026-69508,updated,2026-09-29,cve_2026_to_now,2026-09-30T13:18:08+00:00
CVE-2026-69509,updated,2026-09-29,cve_2026_to_now,2026-09-30T13:18:08+00:00
CVE-2026-69510,updated,2026-09-29,cve_2026_to_now,2026-09-30T13:18:08+00:00
CVE-2026-69511,updated,2026-09-29,cve_2026_to_now,2026-09-30T13:18:08+00:00
CVE-2026-69512,updated,2026-09-29,cve_2026_to_now,2026-09-30T13:18:08+00:00
CVE-2026-69513,updated,2026-09-29,cve_2026_to_now,2026-09-30T13:18:08+00:00
CVE-2026-69514,updated,2026-09-29,cve_2026_to_now,2026-09-30T13:18:08+00:00
CVE-2026-69516,updated,2026-09-29,cve_2026_to_now,2026-09-30T13:18:08+00:00
CVE-2026-69517,updated,2026-09-29,cve_2026_to_now,2026-09-30T13:18:08+00:00
CVE-2026-69518,updated,2026-09-29,cve_2026_to_now,2026-09-30T13:18:08+00:00
CVE-2026-69519,updated,2026-09-29,cve_2026_to_now,2026-09-30T13:18:08+00:00
CVE-2026-69522,updated,2026-09-29,cve_2026_to_now,2026-09-30T13:18:08+00:00
CVE-2026-69524,updated,2026-09-29,cve_2026_to_now,2026-09-30T13:18:08+00:00
CVE-2026-69525,updated,2026-09-29,cve_2026_to_now,2026-09-30T13:18:08+00:00
CVE-2026-69527,updated,2026-09-29,cve_2026_to_now,2026-09-30T13:18:08+00:00
CVE-2026-69528,updated,2026-09-29,cve_2026_to_now,2026-09-30T13:18:08+00:00
CVE-2026-69529,updated,2026-09-29,cve_2026_to_now,2026-09-30T13:18:08+00:00
CVE-2026-69530,updated,2026-09-29,cve_2026_to_now,2026-09-30T13:18:08+00:00
CVE-2026-69531,updated,2026-09-29,cve_2026_to_now,2026-09-30T13:18:08+00:00
CVE-2026-69532,updated,2026-09-29,cve_2026_to_now,2026-09-30T13:18:08+00:00
CVE-2026-69534,updated,2026-09-29,cve_2026_to_now,2026-09-30T13:18:08+00:00
CVE-2026-69535,updated,2026-09-29,cve_2026_to_now,2026-09-30T13:18:08+00:00
CVE-2026-69536,updated,2026-09-29,cve_2026_to_now,2026-09-30T13:18:08+00:00
CVE-2026-69538,updated,2026-09-29,cve_2026_to_now,2026-09-30T13:18:08+00:00
CVE-2026-69539,updated,2026-09-29,cve_2026_to_now,2026-09-30T13:18:08+00:00
CVE-2026-69540,updated,2026-09-29,cve_2026_to_now,2026-09-30T13:18:08+00:00
CVE-2026-69541,updated,2026-09-29,cve_2026_to_now,2026-09-30T13:18:08+00:00
CVE-2026-69542,updated,2026-09-29,cve_2026_to_now,2026-09-30T13:18:08+00:00
CVE-2026-69543,updated,2026-09-29,cve_2026_to_now,2026-09-30T13:18:08+00:00
CVE-2026-69544,updated,2026-09-29,cve_2026_to_now,2026-09-30T13:18:08+00:00
CVE-2026-69546,updated,2026-09-29,cve_2026_to_now,2026-09-30T13:18:08+00:00
CVE-2026-69547,updated,2026-09-29,cve_2026_to_now,2026-09-30T13:18:08+00:00
CVE-2026-69548,updated,2026-09-29,cve_2026_to_now,2026-09-30T13:18:08+00:00
CVE-2026-69549,updated,2026-09-29,cve_2026_to_now,2026-09-30T13:18:08+00:00
CVE-2026-69550,updated,2026-09-29,cve_2026_to_now,2026-09-30T13:18:08+00:00
CVE-2026-69551,updated,2026-09-29,cve_2026_to_now,2026-09-30T13:18:08+00:00
CVE-2026-69552,updated,2026-09-29,cve_2026_to_now,2026-09-30T13:18:08+00:00
CVE-2026-69553,updated,2026-09-29,cve_2026_to_now,2026-09-30T13:18:08+00:00
CVE-2026-69554,updated,2026-09-29,cve_2026_to_now,2026-09-30T13:18:08+00:00
CVE-2026-69555,updated,2026-09-29,cve_2026_to_now,2026-09-30T13:18:08+00:00
CVE-2026-69556,updated,2026-09-29,cve_2026_to_now,2026-09-30T13:18:08+00:00
CVE-2026-69558,updated,2026-09-29,cve_2026_to_now,2026-09-30T13:18:08+00:00
CVE-2026-69559,updated,2026-09-29,cve_2026_to_now,2026-09-30T13:18:08+00:00
CVE-2026-69560,updated,2026-09-29,cve_2026_to_now,2026-09-30T13:18:08+00:00
CVE-2026-69561,updated,2026-09-29,cve_2026_to_now,2026-09-30T13:18:08+00:00
CVE-2026-69562,updated,2026-09-29,cve_2026_to_now,2026-09-30T13:18:08+00:00
CVE-2026-69563,updated,2026-09-29,cve_2026_to_now,2026-09-30T13:18:08+00:00
CVE-2026-69564,updated,2026-09-29,cve_2026_to_now,2026-09-30T13:18:08+00:00
CVE-2026-69566,updated,2026-09-29,cve_2026_to_now,2026-09-30T13:18:08+00:00
CVE-2026-69567,updated,2026-09-29,cve_2026_to_now,2026-09-30T13:18:08+00:00
CVE-2026-69568,updated,2026-09-29,cve_2026_to_now,2026-09-30T13:18:08+00:00
CVE-2026-69569,updated,2026-09-29,cve_2026_to_now,2026-09-30T13:18:08+00:00
CVE-2026-69571,updated,2026-09-29,cve_2026_to_now,2026-09-30T13:18:08+00:00
CVE-2026-69572,updated,2026-09-29,cve_2026_to_now,2026-09-30T13:18:08+00:00
CVE-2026-69573,updated,2026-09-29,cve_2026_to_now,2026-09-30T13:18:08+00:00
CVE-2026-69574,updated,2026-09-29,cve_2026_to_now,2026-09-30T13:18:08+00:00
CVE-2026-69575,updated,2026-09-29,cve_2026_to_now,2026-09-30T13:18:08+00:00
CVE-2026-69576,updated,2026-09-29,cve_2026_to_now,2026-09-30T13:18:08+00:00
CVE-2026-69578,updated,2026-09-29,cve_2026_to_now,2026-09-30T13:18:08+00:00
CVE-2026-69579,updated,2026-09-29,cve_2026_to_now,2026-09-30T13:18:08+00:00
CVE-2026-69580,updated,2026-09-29,cve_2026_to_now,2026-09-30T13:18:08+00:00
CVE-2026-69581,updated,2026-09-29,cve_2026_to_now,2026-09-30T13:18:08+00:00
CVE-2026-69582,updated,2026-09-29,cve_2026_to_now,2026-09-30T13:18:08+00:00
CVE-2026-69583,updated,2026-09-29,cve_2026_to_now,2026-09-30T13:18:08+00:00
CVE-2026-69584,updated,2026-09-29,cve_2026_to_now,2026-09-30T13:18:08+00:00
CVE-2026-69585,updated,2026-09-29,cve_2026_to_now,2026-09-30T13:18:08+00:00
CVE-2026-69586,updated,2026-09-29,cve_2026_to_now,2026-09-30T13:18:08+00:00
CVE-2026-69587,updated,2026-09-29,cve_2026_to_now,2026-09-30T13:18:08+00:00
CVE-2026-69588,updated,2026-09-29,cve_2026_to_now,2026-09-30T13:18:08+00:00
CVE-2026-69589,updated,2026-09-29,cve_2026_to_now,2026-09-30T13:18:08+00:00
CVE-2026-69590,updated,2026-09-29,cve_2026_to_now,2026-09-30T13:18:08+00:00
CVE-2026-69591,updated,2026-09-29,cve_2026_to_now,2026-09-30T13:18:08+00:00
CVE-2026-69592,updated,2026-09-29,cve_2026_to_now,2026-09-30T13:18:08+00:00
CVE-2026-69593,updated,2026-09-29,cve_2026_to_now,2026-09-30T13:18:08+00:00
CVE-2026-69594,updated,2026-09-29,cve_2026_to_now,2026-09-30T13:18:08+00:00
CVE-2026-69595,updated,2026-09-29,cve_2026_to_now,2026-09-30T13:18:08+00:00
CVE-2026-69597,updated,2026-09-29,cve_2026_to_now,2026-09-30T13:18:08+00:00
CVE-2026-69598,updated,2026-09-29,cve_2026_to_now,2026-09-30T13:18:08+00:00
CVE-2026-69599,updated,2026-09-29,cve_2026_to_now,2026-09-30T13:18:08+00:00
CVE-2026-69600,updated,2026-09-29,cve_2026_to_now,2026-09-30T13:18:08+00:00
CVE-2026-69601,updated,2026-09-29,cve_2026_to_now,2026-09-30T13:18:08+00:00
CVE-2026-69602,updated,2026-09-29,cve_2026_to_now,2026-09-30T13:18:08+00:00
CVE-2026-69603,updated,2026-09-29,cve_2026_to_now,2026-09-30T13:18:08+00:00
CVE-2026-69604,updated,2026-09-29,cve_2026_to_now,2026-09-30T13:18:08+00:00
CVE-2026-69605,updated,2026-09-29,cve_2026_to_now,2026-09-30T13:18:08+00:00
CVE-2026-69606,updated,2026-09-29,cve_2026_to_now,2026-09-30T13:18:08+00:00
CVE-2026-69607,updated,2026-09-29,cve_2026_to_now,2026-09-30T13:18:08+00:00
CVE-2026-69608,updated,2026-09-29,cve_2026_to_now,2026-09-30T13:18:08+00:00
CVE-2026-69609,updated,2026-09-29,cve_2026_to_now,2026-09-30T13:18:08+00:00
CVE-2026-69610,updated,2026-09-29,cve_2026_to_now,2026-09-30T13:18:08+00:00
CVE-2026-69611,updated,2026-09-29,cve_2026_to_now,2026-09-30T13:18:08+00:00
CVE-2026-69612,updated,2026-09-29,cve_2026_to_now,2026-09-30T13:18:08+00:00
CVE-2026-69613,updated,2026-09-29,cve_2026_to_now,2026-09-30T13:18:08+00:00
CVE-2026-69614,updated,2026-09-29,cve_2026_to_now,2026-09-30T13:18:08+00:00
CVE-2026-69615,updated,2026-09-29,cve_2026_to_now,2026-09-30T13:18:08+00:00
CVE-2026-69616,updated,2026-09-29,cve_2026_to_now,2026-09-30T13:18:08+00:00
CVE-2026-69617,updated,2026-09-29,cve_2026_to_now,2026-09-30T13:18:08+00:00
CVE-2026-69618,updated,2026-09-29,cve_2026_to_now,2026-09-30T13:18:08+00:00
CVE-2026-69619,updated,2026-09-29,cve_2026_to_now,2026-09-30T13:18:08+00:00
CVE-2026-69620,updated,2026-09-29,cve_2026_to_now,2026-09-30T13:18:08+00:00
CVE-2026-69621,updated,2026-09-29,cve_2026_to_now,2026-09-30T13:18:08+00:00
CVE-2026-69623,updated,2026-09-29,cve_2026_to_now,2026-09-30T13:18:08+00:00
CVE-2026-69624,updated,2026-09-29,cve_2026_to_now,2026-09-30T13:18:08+00:00
CVE-2026-69625,updated,2026-09-29,cve_2026_to_now,2026-09-30T13:18:08+00:00
CVE-2026-69626,updated,2026-09-29,cve_2026_to_now,2026-09-30T13:18:08+00:00
CVE-2026-69627,updated,2026-09-29,cve_2026_to_now,2026-09-30T13:18:08+00:00
CVE-2026-69628,updated,2026-09-29,cve_2026_to_now,2026-09-30T13:18:08+00:00
CVE-2026-69629,updated,2026-09-29,cve_2026_to_now,2026-09-30T13:18:08+00:00
CVE-2026-69630,updated,2026-09-29,cve_2026_to_now,2026-09-30T13:18:08+00:00
CVE-2026-69631,updated,2026-09-29,cve_2026_to_now,2026-09-30T13:18:08+00:00
CVE-2026-69632,updated,2026-09-29,cve_2026_to_now,2026-09-30T13:18:08+00:00
CVE-2026-69636,updated,2026-09-29,cve_2026_to_now,2026-09-30T13:18:08+00:00
CVE-2026-69637,updated,2026-09-29,cve_2026_to_now,2026-09-30T13:18:08+00:00
CVE-2026-69638,updated,2026-09-29,cve_2026_to_now,2026-09-30T13:18:08+00:00
CVE-2026-69641,updated,2026-09-29,cve_2026_to_now,2026-09-30T13:18:08+00:00
CVE-2026-69642,updated,2026-09-29,cve_2026_to_now,2026-09-30T13:18:08+00:00
CVE-2026-69643,updated,2026-09-29,cve_2026_to_now,2026-09-30T13:18:08+00:00
CVE-2026-69645,updated,2026-09-29,cve_2026_to_now,2026-09-30T13:18:08+00:00
CVE-2026-69646,updated,2026-09-29,cve_2026_to_now,2026-09-30T13:18:08+00:00
CVE-2026-69648,updated,2026-09-29,cve_2026_to_now,2026-09-30T13:18:08+00:00
CVE-2026-69649,updated,2026-09-29,cve_2026_to_now,2026-09-30T13:18:08+00:00
CVE-2026-69652,updated,2026-09-29,cve_2026_to_now,2026-09-30T13:18:08+00:00
CVE-2026-69654,updated,2026-09-29,cve_2026_to_now,2026-09-30T13:18:08+00:00
CVE-2026-69662,added,,cve_2026_to_now,2026-09-30T13:18:08+00:00
CVE-2026-69669,updated,2026-09-29,cve_2026_to_now,2026-09-30T13:18:08+00:00
CVE-2026-69671,updated,2026-09-29,cve_2026_to_now,2026-09-30T13:18:08+00:00
CVE-2026-69672,updated,2026-09-29,cve_2026_to_now,2026-09-30T13:18:08+00:00
CVE-2026-69674,updated,2026-09-29,cve_2026_to_now,2026-09-30T13:18:08+00:00
CVE-2026-69676,updated,2026-09-29,cve_2026_to_now,2026-09-30T13:18:08+00:00
CVE-2026-69678,updated,2026-09-29,cve_2026_to_now,2026-09-30T13:18:08+00:00
CVE-2026-69679,updated,2026-09-29,cve_2026_to_now,2026-09-30T13:18:08+00:00
CVE-2026-69680,updated,2026-09-29,cve_2026_to_now,2026-09-30T13:18:08+00:00
CVE-2026-69681,updated,2026-09-29,cve_2026_to_now,2026-09-30T13:18:08+00:00
CVE-2026-69682,updated,2026-09-29,cve_2026_to_now,2026-09-30T13:18:08+00:00
CVE-2026-69683,updated,2026-09-29,cve_2026_to_now,2026-09-30T13:18:08+00:00
CVE-2026-69684,updated,2026-09-29,cve_2026_to_now,2026-09-30T13:18:08+00:00
CVE-2026-69685,updated,2026-09-29,cve_2026_to_now,2026-09-30T13:18:08+00:00
CVE-2026-69686,updated,2026-09-29,cve_2026_to_now,2026-09-30T13:18:08+00:00
CVE-2026-69687,updated,2026-09-29,cve_2026_to_now,2026-09-30T13:18:08+00:00
CVE-2026-69688,updated,2026-09-29,cve_2026_to_now,2026-09-30T13:18:08+00:00
CVE-2026-69689,updated,2026-09-29,cve_2026_to_now,2026-09-30T13:18:08+00:00
CVE-2026-69690,updated,2026-09-29,cve_2026_to_now,2026-09-30T13:18:08+00:00
CVE-2026-69691,updated,2026-09-29,cve_2026_to_now,2026-09-30T13:18:08+00:00
CVE-2026-69692,updated,2026-09-29,cve_2026_to_now,2026-09-30T13:18:08+00:00
CVE-2026-69693,updated,2026-09-29,cve_2026_to_now,2026-09-30T13:18:08+00:00
CVE-2026-69694,updated,2026-09-29,cve_2026_to_now,2026-09-30T13:18:08+00:00
CVE-2026-69706,updated,2026-09-29,cve_2026_to_now,2026-09-30T13:18:08+00:00
CVE-2026-69707,updated,2026-09-29,cve_2026_to_now,2026-09-30T13:18:08+00:00
CVE-2026-69708,updated,2026-09-29,cve_2026_to_now,2026-09-30T13:18:08+00:00
CVE-2026-69709,updated,2026-09-29,cve_2026_to_now,2026-09-30T13:18:08+00:00
CVE-2026-69710,updated,2026-09-29,cve_2026_to_now,2026-09-30T13:18:08+00:00
CVE-2026-69711,updated,2026-09-29,cve_2026_to_now,2026-09-30T13:18:08+00:00
CVE-2026-69712,updated,2026-09-29,cve_2026_to_now,2026-09-30T13:18:08+00:00
CVE-2026-69713,updated,2026-09-29,cve_2026_to_now,2026-09-30T13:18:08+00:00
CVE-2026-69714,updated,2026-09-29,cve_2026_to_now,2026-09-30T13:18:08+00:00
CVE-2026-69715,updated,2026-09-29,cve_2026_to_now,2026-09-30T13:18:08+00:00
CVE-2026-69716,updated,2026-09-29,cve_2026_to_now,2026-09-30T13:18:08+00:00
CVE-2026-69717,updated,2026-09-29,cve_2026_to_now,2026-09-30T13:18:08+00:00
CVE-2026-69719,updated,2026-09-29,cve_2026_to_now,2026-09-30T13:18:08+00:00
CVE-2026-69720,updated,2026-09-29,cve_2026_to_now,2026-09-30T13:18:08+00:00
CVE-2026-69722,updated,2026-09-29,cve_2026_to_now,2026-09-30T13:18:08+00:00
CVE-2026-69723,updated,2026-09-29,cve_2026_to_now,2026-09-30T13:18:08+00:00
CVE-2026-69724,updated,2026-09-29,cve_2026_to_now,2026-09-30T13:18:08+00:00
CVE-2026-69725,updated,2026-09-29,cve_2026_to_now,2026-09-30T13:18:08+00:00
CVE-2026-69727,updated,2026-09-29,cve_2026_to_now,2026-09-30T13:18:08+00:00
CVE-2026-69729,updated,2026-09-29,cve_2026_to_now,2026-09-30T13:18:08+00:00
CVE-2026-69730,updated,2026-09-29,cve_2026_to_now,2026-09-30T13:18:08+00:00
CVE-2026-69731,updated,2026-09-29,cve_2026_to_now,2026-09-30T13:18:08+00:00
CVE-2026-69732,updated,2026-09-29,cve_2026_to_now,2026-09-30T13:18:08+00:00
CVE-2026-69734,updated,2026-09-29,cve_2026_to_now,2026-09-30T13:18:08+00:00
CVE-2026-69735,updated,2026-09-29,cve_2026_to_now,2026-09-30T13:18:08+00:00
CVE-2026-69738,updated,2026-09-29,cve_2026_to_now,2026-09-30T13:18:08+00:00
CVE-2026-69739,updated,2026-09-29,cve_2026_to_now,2026-09-30T13:18:08+00:00
CVE-2026-69740,updated,2026-09-29,cve_2026_to_now,2026-09-30T13:18:08+00:00
CVE-2026-69741,updated,2026-09-29,cve_2026_to_now,2026-09-30T13:18:08+00:00
CVE-2026-69742,updated,2026-09-29,cve_2026_to_now,2026-09-30T13:18:08+00:00
CVE-2026-69744,updated,2026-09-29,cve_2026_to_now,2026-09-30T13:18:08+00:00
CVE-2026-69757,updated,2026-09-29,cve_2026_to_now,2026-09-30T13:18:08+00:00
CVE-2026-69758,updated,2026-09-29,cve_2026_to_now,2026-09-30T13:18:08+00:00
CVE-2026-69759,updated,2026-09-29,cve_2026_to_now,2026-09-30T13:18:08+00:00
CVE-2026-69760,updated,2026-09-29,cve_2026_to_now,2026-09-30T13:18:08+00:00
CVE-2026-69761,updated,2026-09-29,cve_2026_to_now,2026-09-30T13:18:08+00:00
CVE-2026-69762,updated,2026-09-29,cve_2026_to_now,2026-09-30T13:18:08+00:00
CVE-2026-69764,updated,2026-09-29,cve_2026_to_now,2026-09-30T13:18:08+00:00
CVE-2026-69767,updated,2026-09-29,cve_2026_to_now,2026-09-30T13:18:08+00:00
CVE-2026-69768,updated,2026-09-29,cve_2026_to_now,2026-09-30T13:18:08+00:00
CVE-2026-69769,updated,2026-09-29,cve_2026_to_now,2026-09-30T13:18:08+00:00
CVE-2026-69770,updated,2026-09-29,cve_2026_to_now,2026-09-30T13:18:08+00:00
CVE-2026-69771,updated,2026-09-29,cve_2026_to_now,2026-09-30T13:18:08+00:00
CVE-2026-69772,updated,2026-09-29,cve_2026_to_now,2026-09-30T13:18:08+00:00
CVE-2026-69773,updated,2026-09-29,cve_2026_to_now,2026-09-30T13:18:08+00:00
CVE-2026-69775,updated,2026-09-29,cve_2026_to_now,2026-09-30T13:18:08+00:00
CVE-2026-69777,updated,2026-09-29,cve_2026_to_now,2026-09-30T13:18:08+00:00
CVE-2026-69778,updated,2026-09-29,cve_2026_to_now,2026-09-30T13:18:08+00:00
CVE-2026-69779,updated,2026-09-29,cve_2026_to_now,2026-09-30T13:18:08+00:00
CVE-2026-69781,updated,2026-09-29,cve_2026_to_now,2026-09-30T13:18:08+00:00
CVE-2026-69782,updated,2026-09-29,cve_2026_to_now,2026-09-30T13:18:08+00:00
CVE-2026-69784,updated,2026-09-29,cve_2026_to_now,2026-09-30T13:18:08+00:00
CVE-2026-69785,updated,2026-09-29,cve_2026_to_now,2026-09-30T13:18:08+00:00
CVE-2026-69786,updated,2026-09-29,cve_2026_to_now,2026-09-30T13:18:08+00:00
CVE-2026-69787,updated,2026-09-29,cve_2026_to_now,2026-09-30T13:18:08+00:00
CVE-2026-69790,updated,2026-09-29,cve_2026_to_now,2026-09-30T13:18:08+00:00
CVE-2026-69791,updated,2026-09-29,cve_2026_to_now,2026-09-30T13:18:08+00:00
CVE-2026-69792,updated,2026-09-29,cve_2026_to_now,2026-09-30T13:18:08+00:00
CVE-2026-69793,updated,2026-09-29,cve_2026_to_now,2026-09-30T13:18:08+00:00
CVE-2026-69794,updated,2026-09-29,cve_2026_to_now,2026-09-30T13:18:08+00:00
CVE-2026-69797,updated,2026-09-29,cve_2026_to_now,2026-09-30T13:18:08+00:00
CVE-2026-69799,updated,2026-09-29,cve_2026_to_now,2026-09-30T13:18:08+00:00
CVE-2026-69801,updated,2026-09-29,cve_2026_to_now,2026-09-30T13:18:08+00:00
CVE-2026-69803,updated,2026-09-29,cve_2026_to_now,2026-09-30T13:18:08+00:00
CVE-2026-69804,updated,2026-09-29,cve_2026_to_now,2026-09-30T13:18:08+00:00
CVE-2026-69805,updated,2026-09-29,cve_2026_to_now,2026-09-30T13:18:08+00:00
CVE-2026-69806,updated,2026-09-29,cve_2026_to_now,2026-09-30T13:18:08+00:00
CVE-2026-69807,updated,2026-09-29,cve_2026_to_now,2026-09-30T13:18:08+00:00
CVE-2026-69808,updated,2026-09-29,cve_2026_to_now,2026-09-30T13:18:08+00:00
CVE-2026-69809,updated,2026-09-29,cve_2026_to_now,2026-09-30T13:18:08+00:00
CVE-2026-69813,updated,2026-09-29,cve_2026_to_now,2026-09-30T13:18:08+00:00
CVE-2026-69814,updated,2026-09-29,cve_2026_to_now,2026-09-30T13:18:08+00:00
CVE-2026-69816,updated,2026-09-29,cve_2026_to_now,2026-09-30T13:18:08+00:00
CVE-2026-69817,updated,2026-09-29,cve_2026_to_now,2026-09-30T13:18:08+00:00
CVE-2026-69818,updated,2026-09-29,cve_2026_to_now,2026-09-30T13:18:08+00:00
CVE-2026-69819,updated,2026-09-29,cve_2026_to_now,2026-09-30T13:18:08+00:00
CVE-2026-69820,updated,2026-09-29,cve_2026_to_now,2026-09-30T13:18:08+00:00
CVE-2026-69821,updated,2026-09-29,cve_2026_to_now,2026-09-30T13:18:08+00:00
CVE-2026-69822,updated,2026-09-29,cve_2026_to_now,2026-09-30T13:18:08+00:00
CVE-2026-69824,updated,2026-09-29,cve_2026_to_now,2026-09-30T13:18:08+00:00
CVE-2026-69826,updated,2026-09-29,cve_2026_to_now,2026-09-30T13:18:08+00:00
CVE-2026-69827,updated,2026-09-29,cve_2026_to_now,2026-09-30T13:18:08+00:00
CVE-2026-69829,updated,2026-09-29,cve_2026_to_now,2026-09-30T13:18:08+00:00
CVE-2026-69832,updated,2026-09-29,cve_2026_to_now,2026-09-30T13:18:08+00:00
CVE-2026-69834,updated,2026-09-29,cve_2026_to_now,2026-09-30T13:18:08+00:00
CVE-2026-69836,updated,2026-09-29,cve_2026_to_now,2026-09-30T13:18:08+00:00
CVE-2026-69838,updated,2026-09-29,cve_2026_to_now,2026-09-30T13:18:08+00:00
CVE-2026-69839,updated,2026-09-29,cve_2026_to_now,2026-09-30T13:18:08+00:00
CVE-2026-69841,updated,2026-09-29,cve_2026_to_now,2026-09-30T13:18:08+00:00
CVE-2026-69843,updated,2026-09-29,cve_2026_to_now,2026-09-30T13:18:08+00:00
CVE-2026-69844,updated,2026-09-29,cve_2026_to_now,2026-09-30T13:18:08+00:00
CVE-2026-69845,updated,2026-09-29,cve_2026_to_now,2026-09-30T13:18:08+00:00
CVE-2026-69846,updated,2026-09-29,cve_2026_to_now,2026-09-30T13:18:08+00:00
CVE-2026-69847,updated,2026-09-29,cve_2026_to_now,2026-09-30T13:18:08+00:00
CVE-2026-69851,updated,2026-09-29,cve_2026_to_now,2026-09-30T13:18:08+00:00
CVE-2026-69852,updated,2026-09-29,cve_2026_to_now,2026-09-30T13:18:08+00:00
CVE-2026-69853,updated,2026-09-29,cve_2026_to_now,2026-09-30T13:18:08+00:00
CVE-2026-69854,updated,2026-09-29,cve_2026_to_now,2026-09-30T13:18:08+00:00
CVE-2026-69855,updated,2026-09-29,cve_2026_to_now,2026-09-30T13:18:08+00:00
CVE-2026-69857,updated,2026-09-29,cve_2026_to_now,2026-09-30T13:18:08+00:00
CVE-2026-69858,updated,2026-09-29,cve_2026_to_now,2026-09-30T13:18:08+00:00
CVE-2026-69859,updated,2026-09-29,cve_2026_to_now,2026-09-30T13:18:08+00:00
CVE-2026-69860,updated,2026-09-29,cve_2026_to_now,2026-09-30T13:18:08+00:00
CVE-2026-69862,updated,2026-09-29,cve_2026_to_now,2026-09-30T13:18:08+00:00
CVE-2026-69864,updated,2026-09-29,cve_2026_to_now,2026-09-30T13:18:08+00:00
CVE-2026-69865,updated,2026-09-29,cve_2026_to_now,2026-09-30T13:18:08+00:00
CVE-2026-69866,updated,2026-09-29,cve_2026_to_now,2026-09-30T13:18:08+00:00
CVE-2026-69874,updated,2026-09-29,cve_2026_to_now,2026-09-30T13:18:08+00:00
CVE-2026-69875,updated,2026-09-29,cve_2026_to_now,2026-09-30T13:18:08+00:00
CVE-2026-69876,updated,2026-09-29,cve_2026_to_now,2026-09-30T13:18:08+00:00
CVE-2026-69878,updated,2026-09-29,cve_2026_to_now,2026-09-30T13:18:08+00:00
CVE-2026-69881,updated,2026-09-29,cve_2026_to_now,2026-09-30T13:18:08+00:00
CVE-2026-69889,updated,2026-09-29,cve_2026_to_now,2026-09-30T13:18:08+00:00
CVE-2026-69890,updated,2026-09-29,cve_2026_to_now,2026-09-30T13:18:08+00:00
CVE-2026-69891,updated,2026-09-29,cve_2026_to_now,2026-09-30T13:18:08+00:00
CVE-2026-69895,updated,2026-09-29,cve_2026_to_now,2026-09-30T13:18:08+00:00
CVE-2026-69896,updated,2026-09-29,cve_2026_to_now,2026-09-30T13:18:08+00:00
CVE-2026-69900,updated,2026-09-29,cve_2026_to_now,2026-09-30T13:18:08+00:00
CVE-2026-69904,updated,2026-09-29,cve_2026_to_now,2026-09-30T13:18:08+00:00
CVE-2026-69906,updated,2026-09-29,cve_2026_to_now,2026-09-30T13:18:08+00:00
CVE-2026-69907,updated,2026-09-29,cve_2026_to_now,2026-09-30T13:18:08+00:00
CVE-2026-69910,updated,2026-09-29,cve_2026_to_now,2026-09-30T13:18:08+00:00
CVE-2026-69911,updated,2026-09-29,cve_2026_to_now,2026-09-30T13:18:08+00:00
CVE-2026-69921,updated,2026-09-29,cve_2026_to_now,2026-09-30T13:18:08+00:00
CVE-2026-69929,updated,2026-09-29,cve_2026_to_now,2026-09-30T13:18:08+00:00
CVE-2026-69930,updated,2026-09-29,cve_2026_to_now,2026-09-30T13:18:08+00:00
CVE-2026-69989,updated,2026-09-29,cve_2026_to_now,2026-09-30T13:18:08+00:00
CVE-2026-70009,updated,2026-09-29,cve_2026_to_now,2026-09-30T13:18:08+00:00
CVE-2026-70019,updated,2026-09-29,cve_2026_to_now,2026-09-30T13:18:08+00:00
CVE-2026-70065,updated,2026-09-29,cve_2026_to_now,2026-09-30T13:18:08+00:00
CVE-2026-70091,updated,2026-09-29,cve_2026_to_now,2026-09-30T13:18:08+00:00
CVE-2026-70105,updated,2026-09-29,cve_2026_to_now,2026-09-30T13:18:08+00:00
CVE-2026-70124,updated,2026-09-29,cve_2026_to_now,2026-09-30T13:18:08+00:00
CVE-2026-70125,updated,2026-09-29,cve_2026_to_now,2026-09-30T13:18:08+00:00
CVE-2026-70130,updated,2026-09-29,cve_2026_to_now,2026-09-30T13:18:08+00:00
CVE-2026-70145,updated,2026-09-29,cve_2026_to_now,2026-09-30T13:18:08+00:00
CVE-2026-70178,updated,2026-09-29,cve_2026_to_now,2026-09-30T13:18:08+00:00
CVE-2026-70200,updated,2026-09-29,cve_2026_to_now,2026-09-30T13:18:08+00:00
CVE-2026-70203,updated,2026-09-29,cve_2026_to_now,2026-09-30T13:18:08+00:00
CVE-2026-70283,updated,2026-09-29,cve_2026_to_now,2026-09-30T13:18:08+00:00
CVE-2026-70289,updated,2026-09-29,cve_2026_to_now,2026-09-30T13:18:08+00:00
CVE-2026-70290,updated,2026-09-29,cve_2026_to_now,2026-09-30T13:18:08+00:00
CVE-2026-70296,updated,2026-09-29,cve_2026_to_now,2026-09-30T13:18:08+00:00
CVE-2026-70304,updated,2026-09-29,cve_2026_to_now,2026-09-30T13:18:08+00:00
CVE-2026-70306,updated,2026-09-29,cve_2026_to_now,2026-09-30T13:18:08+00:00
CVE-2026-70307,updated,2026-09-29,cve_2026_to_now,2026-09-30T13:18:08+00:00
CVE-2026-70309,updated,2026-09-29,cve_2026_to_now,2026-09-30T13:18:08+00:00
CVE-2026-70310,updated,2026-09-29,cve_2026_to_now,2026-09-30T13:18:08+00:00
CVE-2026-70311,updated,2026-09-29,cve_2026_to_now,2026-09-30T13:18:08+00:00
CVE-2026-70312,updated,2026-09-29,cve_2026_to_now,2026-09-30T13:18:08+00:00
CVE-2026-70313,updated,2026-09-29,cve_2026_to_now,2026-09-30T13:18:08+00:00
CVE-2026-70314,updated,2026-09-29,cve_2026_to_now,2026-09-30T13:18:08+00:00
CVE-2026-70315,updated,2026-09-29,cve_2026_to_now,2026-09-30T13:18:08+00:00
CVE-2026-70316,updated,2026-09-29,cve_2026_to_now,2026-09-30T13:18:08+00:00
CVE-2026-70317,updated,2026-09-29,cve_2026_to_now,2026-09-30T13:18:08+00:00
CVE-2026-70318,updated,2026-09-29,cve_2026_to_now,2026-09-30T13:18:08+00:00
CVE-2026-70319,updated,2026-09-29,cve_2026_to_now,2026-09-30T13:18:08+00:00
CVE-2026-70320,updated,2026-09-29,cve_2026_to_now,2026-09-30T13:18:08+00:00
CVE-2026-70321,updated,2026-09-29,cve_2026_to_now,2026-09-30T13:18:08+00:00
CVE-2026-70322,updated,2026-09-29,cve_2026_to_now,2026-09-30T13:18:08+00:00
CVE-2026-70323,updated,2026-09-29,cve_2026_to_now,2026-09-30T13:18:08+00:00
CVE-2026-70324,updated,2026-09-29,cve_2026_to_now,2026-09-30T13:18:08+00:00
CVE-2026-70325,updated,2026-09-29,cve_2026_to_now,2026-09-30T13:18:08+00:00
CVE-2026-70326,updated,2026-09-29,cve_2026_to_now,2026-09-30T13:18:08+00:00
CVE-2026-70327,updated,2026-09-29,cve_2026_to_now,2026-09-30T13:18:08+00:00
CVE-2026-70328,updated,2026-09-29,cve_2026_to_now,2026-09-30T13:18:08+00:00
CVE-2026-70329,updated,2026-09-29,cve_2026_to_now,2026-09-30T13:18:08+00:00
CVE-2026-70330,updated,2026-09-29,cve_2026_to_now,2026-09-30T13:18:08+00:00
CVE-2026-70331,updated,2026-09-29,cve_2026_to_now,2026-09-30T13:18:08+00:00
CVE-2026-70332,updated,2026-09-29,cve_2026_to_now,2026-09-30T13:18:08+00:00
CVE-2026-70334,updated,2026-09-29,cve_2026_to_now,2026-09-30T13:18:08+00:00
CVE-2026-70335,updated,2026-09-29,cve_2026_to_now,2026-09-30T13:18:08+00:00
CVE-2026-70336,updated,2026-09-29,cve_2026_to_now,2026-09-30T13:18:08+00:00
CVE-2026-70337,updated,2026-09-29,cve_2026_to_now,2026-09-30T13:18:08+00:00
CVE-2026-70338,updated,2026-09-29,cve_2026_to_now,2026-09-30T13:18:08+00:00
CVE-2026-70339,updated,2026-09-29,cve_2026_to_now,2026-09-30T13:18:08+00:00
CVE-2026-70340,updated,2026-09-29,cve_2026_to_now,2026-09-30T13:18:08+00:00
CVE-2026-70341,updated,2026-09-29,cve_2026_to_now,2026-09-30T13:18:08+00:00
CVE-2026-70342,updated,2026-09-29,cve_2026_to_now,2026-09-30T13:18:08+00:00
CVE-2026-70344,updated,2026-09-29,cve_2026_to_now,2026-09-30T13:18:08+00:00
CVE-2026-70345,updated,2026-09-29,cve_2026_to_now,2026-09-30T13:18:08+00:00
CVE-2026-70346,updated,2026-09-29,cve_2026_to_now,2026-09-30T13:18:08+00:00
CVE-2026-70347,updated,2026-09-29,cve_2026_to_now,2026-09-30T13:18:08+00:00
CVE-2026-70348,updated,2026-09-29,cve_2026_to_now,2026-09-30T13:18:08+00:00
CVE-2026-70351,updated,2026-09-29,cve_2026_to_now,2026-09-30T13:18:08+00:00
CVE-2026-70352,updated,2026-09-29,cve_2026_to_now,2026-09-30T13:18:08+00:00
CVE-2026-70354,updated,2026-09-29,cve_2026_to_now,2026-09-30T13:18:08+00:00
CVE-2026-70355,updated,2026-09-29,cve_2026_to_now,2026-09-30T13:18:08+00:00
CVE-2026-70356,added,,cve_2026_to_now,2026-09-30T13:18:08+00:00
CVE-2026-70562,updated,2026-09-29,cve_2026_to_now,2026-09-30T13:18:08+00:00
CVE-2026-70563,updated,2026-09-29,cve_2026_to_now,2026-09-30T13:18:08+00:00
CVE-2026-70564,updated,2026-09-29,cve_2026_to_now,2026-09-30T13:18:08+00:00
CVE-2026-70565,updated,2026-09-29,cve_2026_to_now,2026-09-30T13:18:08+00:00
CVE-2026-70567,updated,2026-09-29,cve_2026_to_now,2026-09-30T13:18:08+00:00
CVE-2026-70568,updated,2026-09-29,cve_2026_to_now,2026-09-30T13:18:08+00:00
CVE-2026-70569,updated,2026-09-29,cve_2026_to_now,2026-09-30T13:18:08+00:00
CVE-2026-70570,updated,2026-09-29,cve_2026_to_now,2026-09-30T13:18:08+00:00
CVE-2026-70572,updated,2026-09-29,cve_2026_to_now,2026-09-30T13:18:08+00:00
CVE-2026-70573,updated,2026-09-29,cve_2026_to_now,2026-09-30T13:18:08+00:00
CVE-2026-70574,updated,2026-09-29,cve_2026_to_now,2026-09-30T13:18:08+00:00
CVE-2026-70575,updated,2026-09-29,cve_2026_to_now,2026-09-30T13:18:08+00:00
CVE-2026-70577,updated,2026-09-29,cve_2026_to_now,2026-09-30T13:18:08+00:00
CVE-2026-70578,updated,2026-09-29,cve_2026_to_now,2026-09-30T13:18:08+00:00
CVE-2026-70579,updated,2026-09-29,cve_2026_to_now,2026-09-30T13:18:08+00:00
CVE-2026-70581,updated,2026-09-29,cve_2026_to_now,2026-09-30T13:18:08+00:00
CVE-2026-70582,updated,2026-09-29,cve_2026_to_now,2026-09-30T13:18:08+00:00
CVE-2026-70583,updated,2026-09-29,cve_2026_to_now,2026-09-30T13:18:08+00:00
CVE-2026-70584,updated,2026-09-29,cve_2026_to_now,2026-09-30T13:18:08+00:00
CVE-2026-70585,updated,2026-09-29,cve_2026_to_now,2026-09-30T13:18:08+00:00
CVE-2026-70586,updated,2026-09-29,cve_2026_to_now,2026-09-30T13:18:08+00:00
CVE-2026-70587,updated,2026-09-29,cve_2026_to_now,2026-09-30T13:18:08+00:00
CVE-2026-71189,added,,cve_2026_to_now,2026-09-30T13:18:08+00:00
CVE-2026-71302,added,,cve_2026_to_now,2026-09-30T13:18:08+00:00
CVE-2026-71328,updated,2026-09-29,cve_2026_to_now,2026-09-30T13:18:08+00:00
CVE-2026-71329,updated,2026-09-29,cve_2026_to_now,2026-09-30T13:18:08+00:00
CVE-2026-71330,updated,2026-09-29,cve_2026_to_now,2026-09-30T13:18:08+00:00
CVE-2026-71331,updated,2026-09-29,cve_2026_to_now,2026-09-30T13:18:08+00:00
CVE-2026-71332,updated,2026-09-29,cve_2026_to_now,2026-09-30T13:18:08+00:00
CVE-2026-71333,updated,2026-09-29,cve_2026_to_now,2026-09-30T13:18:08+00:00
CVE-2026-71334,updated,2026-09-29,cve_2026_to_now,2026-09-30T13:18:08+00:00
CVE-2026-71336,updated,2026-09-29,cve_2026_to_now,2026-09-30T13:18:08+00:00
CVE-2026-71337,updated,2026-09-29,cve_2026_to_now,2026-09-30T13:18:08+00:00
CVE-2026-71338,updated,2026-09-29,cve_2026_to_now,2026-09-30T13:18:08+00:00
CVE-2026-71339,updated,2026-09-29,cve_2026_to_now,2026-09-30T13:18:08+00:00
CVE-2026-71340,updated,2026-09-29,cve_2026_to_now,2026-09-30T13:18:08+00:00
CVE-2026-71341,updated,2026-09-29,cve_2026_to_now,2026-09-30T13:18:08+00:00
CVE-2026-71342,updated,2026-09-29,cve_2026_to_now,2026-09-30T13:18:08+00:00
CVE-2026-71343,updated,2026-09-29,cve_2026_to_now,2026-09-30T13:18:08+00:00
CVE-2026-71345,updated,2026-09-29,cve_2026_to_now,2026-09-30T13:18:08+00:00
CVE-2026-71348,updated,2026-09-29,cve_2026_to_now,2026-09-30T13:18:08+00:00
CVE-2026-71349,updated,2026-09-29,cve_2026_to_now,2026-09-30T13:18:08+00:00
CVE-2026-71350,updated,2026-09-29,cve_2026_to_now,2026-09-30T13:18:08+00:00
CVE-2026-71351,updated,2026-09-29,cve_2026_to_now,2026-09-30T13:18:08+00:00
CVE-2026-71352,updated,2026-09-29,cve_2026_to_now,2026-09-30T13:18:08+00:00
CVE-2026-71353,updated,2026-09-29,cve_2026_to_now,2026-09-30T13:18:08+00:00
CVE-2026-71379,added,,cve_2026_to_now,2026-09-30T13:18:08+00:00
CVE-2026-71483,updated,2026-09-29,cve_2026_to_now,2026-09-30T13:18:08+00:00
CVE-2026-71576,updated,2026-09-29,cve_2026_to_now,2026-09-30T13:18:08+00:00
CVE-2026-71577,updated,2026-09-29,cve_2026_to_now,2026-09-30T13:18:08+00:00
CVE-2026-71897,updated,,cve_2026_to_now,2026-09-30T13:18:08+00:00
CVE-2026-71898,updated,,cve_2026_to_now,2026-09-30T13:18:08+00:00
CVE-2026-71899,updated,,cve_2026_to_now,2026-09-30T13:18:08+00:00
CVE-2026-71971,added,,cve_2026_to_now,2026-09-30T13:18:08+00:00
CVE-2026-71972,added,,cve_2026_to_now,2026-09-30T13:18:08+00:00
CVE-2026-71973,added,,cve_2026_to_now,2026-09-30T13:18:08+00:00
CVE-2026-71974,added,,cve_2026_to_now,2026-09-30T13:18:08+00:00
CVE-2026-72507,added,,cve_2026_to_now,2026-09-30T13:18:08+00:00
CVE-2026-72510,added,,cve_2026_to_now,2026-09-30T13:18:08+00:00
CVE-2026-72897,added,,cve_2026_to_now,2026-09-30T13:18:08+00:00
CVE-2026-72926,updated,2026-09-29,cve_2026_to_now,2026-09-30T13:18:08+00:00
CVE-2026-72927,updated,2026-09-29,cve_2026_to_now,2026-09-30T13:18:08+00:00
CVE-2026-72928,updated,2026-09-29,cve_2026_to_now,2026-09-30T13:18:08+00:00
CVE-2026-72929,updated,2026-09-29,cve_2026_to_now,2026-09-30T13:18:08+00:00
CVE-2026-72930,updated,2026-09-29,cve_2026_to_now,2026-09-30T13:18:08+00:00
CVE-2026-72931,updated,2026-09-29,cve_2026_to_now,2026-09-30T13:18:08+00:00
CVE-2026-72932,updated,2026-09-29,cve_2026_to_now,2026-09-30T13:18:08+00:00
CVE-2026-72933,updated,2026-09-29,cve_2026_to_now,2026-09-30T13:18:08+00:00
CVE-2026-72935,updated,2026-09-29,cve_2026_to_now,2026-09-30T13:18:08+00:00
CVE-2026-72936,updated,2026-09-29,cve_2026_to_now,2026-09-30T13:18:08+00:00
CVE-2026-72937,updated,2026-09-29,cve_2026_to_now,2026-09-30T13:18:08+00:00
CVE-2026-72938,updated,2026-09-29,cve_2026_to_now,2026-09-30T13:18:08+00:00
CVE-2026-72939,updated,2026-09-29,cve_2026_to_now,2026-09-30T13:18:08+00:00
CVE-2026-72940,updated,2026-09-29,cve_2026_to_now,2026-09-30T13:18:08+00:00
CVE-2026-72941,updated,2026-09-29,cve_2026_to_now,2026-09-30T13:18:08+00:00
CVE-2026-72942,updated,2026-09-29,cve_2026_to_now,2026-09-30T13:18:08+00:00
CVE-2026-72943,updated,2026-09-29,cve_2026_to_now,2026-09-30T13:18:08+00:00
CVE-2026-72944,updated,2026-09-29,cve_2026_to_now,2026-09-30T13:18:08+00:00
CVE-2026-72945,updated,2026-09-29,cve_2026_to_now,2026-09-30T13:18:08+00:00
CVE-2026-72946,updated,2026-09-29,cve_2026_to_now,2026-09-30T13:18:08+00:00
CVE-2026-72947,updated,2026-09-29,cve_2026_to_now,2026-09-30T13:18:08+00:00
CVE-2026-72948,updated,2026-09-29,cve_2026_to_now,2026-09-30T13:18:08+00:00
CVE-2026-72949,updated,2026-09-29,cve_2026_to_now,2026-09-30T13:18:08+00:00
CVE-2026-72950,updated,2026-09-29,cve_2026_to_now,2026-09-30T13:18:08+00:00
CVE-2026-72952,updated,2026-09-29,cve_2026_to_now,2026-09-30T13:18:08+00:00
CVE-2026-72953,updated,2026-09-29,cve_2026_to_now,2026-09-30T13:18:08+00:00
CVE-2026-72954,updated,2026-09-29,cve_2026_to_now,2026-09-30T13:18:08+00:00
CVE-2026-72956,updated,2026-09-29,cve_2026_to_now,2026-09-30T13:18:08+00:00
CVE-2026-72957,updated,2026-09-29,cve_2026_to_now,2026-09-30T13:18:08+00:00
CVE-2026-72958,updated,2026-09-29,cve_2026_to_now,2026-09-30T13:18:08+00:00
CVE-2026-72959,updated,2026-09-29,cve_2026_to_now,2026-09-30T13:18:08+00:00
CVE-2026-72960,updated,2026-09-29,cve_2026_to_now,2026-09-30T13:18:08+00:00
CVE-2026-72961,updated,2026-09-29,cve_2026_to_now,2026-09-30T13:18:08+00:00
CVE-2026-72962,updated,2026-09-29,cve_2026_to_now,2026-09-30T13:18:08+00:00
CVE-2026-72963,updated,2026-09-29,cve_2026_to_now,2026-09-30T13:18:08+00:00
CVE-2026-72964,updated,2026-09-29,cve_2026_to_now,2026-09-30T13:18:08+00:00
CVE-2026-72965,updated,2026-09-29,cve_2026_to_now,2026-09-30T13:18:08+00:00
CVE-2026-72966,updated,2026-09-29,cve_2026_to_now,2026-09-30T13:18:08+00:00
CVE-2026-72967,updated,2026-09-29,cve_2026_to_now,2026-09-30T13:18:08+00:00
CVE-2026-72970,updated,2026-09-29,cve_2026_to_now,2026-09-30T13:18:08+00:00
CVE-2026-72971,updated,2026-09-29,cve_2026_to_now,2026-09-30T13:18:08+00:00
CVE-2026-72972,updated,2026-09-29,cve_2026_to_now,2026-09-30T13:18:08+00:00
CVE-2026-72973,updated,2026-09-29,cve_2026_to_now,2026-09-30T13:18:08+00:00
CVE-2026-72974,updated,2026-09-29,cve_2026_to_now,2026-09-30T13:18:08+00:00
CVE-2026-72975,updated,2026-09-29,cve_2026_to_now,2026-09-30T13:18:08+00:00
CVE-2026-72976,updated,2026-09-29,cve_2026_to_now,2026-09-30T13:18:08+00:00
CVE-2026-72977,updated,2026-09-29,cve_2026_to_now,2026-09-30T13:18:08+00:00
CVE-2026-72978,updated,2026-09-29,cve_2026_to_now,2026-09-30T13:18:08+00:00
CVE-2026-72979,updated,2026-09-29,cve_2026_to_now,2026-09-30T13:18:08+00:00
CVE-2026-72980,updated,2026-09-29,cve_2026_to_now,2026-09-30T13:18:08+00:00
CVE-2026-72981,updated,2026-09-29,cve_2026_to_now,2026-09-30T13:18:08+00:00
CVE-2026-72982,updated,2026-09-29,cve_2026_to_now,2026-09-30T13:18:08+00:00
CVE-2026-72983,updated,2026-09-29,cve_2026_to_now,2026-09-30T13:18:08+00:00
CVE-2026-72984,updated,2026-09-29,cve_2026_to_now,2026-09-30T13:18:08+00:00
CVE-2026-72985,updated,2026-09-29,cve_2026_to_now,2026-09-30T13:18:08+00:00
CVE-2026-72986,updated,2026-09-29,cve_2026_to_now,2026-09-30T13:18:08+00:00
CVE-2026-72987,updated,2026-09-29,cve_2026_to_now,2026-09-30T13:18:08+00:00
CVE-2026-72988,updated,2026-09-29,cve_2026_to_now,2026-09-30T13:18:08+00:00
CVE-2026-72989,updated,2026-09-29,cve_2026_to_now,2026-09-30T13:18:08+00:00
CVE-2026-72990,updated,2026-09-29,cve_2026_to_now,2026-09-30T13:18:08+00:00
CVE-2026-72991,updated,2026-09-29,cve_2026_to_now,2026-09-30T13:18:08+00:00
CVE-2026-72992,updated,2026-09-29,cve_2026_to_now,2026-09-30T13:18:08+00:00
CVE-2026-72993,updated,2026-09-29,cve_2026_to_now,2026-09-30T13:18:08+00:00
CVE-2026-72994,updated,2026-09-29,cve_2026_to_now,2026-09-30T13:18:08+00:00
CVE-2026-72995,updated,2026-09-29,cve_2026_to_now,2026-09-30T13:18:08+00:00
CVE-2026-72996,updated,2026-09-29,cve_2026_to_now,2026-09-30T13:18:08+00:00
CVE-2026-72997,updated,2026-09-29,cve_2026_to_now,2026-09-30T13:18:08+00:00
CVE-2026-72999,updated,2026-09-29,cve_2026_to_now,2026-09-30T13:18:08+00:00
CVE-2026-73000,updated,2026-09-29,cve_2026_to_now,2026-09-30T13:18:08+00:00
CVE-2026-73001,updated,2026-09-29,cve_2026_to_now,2026-09-30T13:18:08+00:00
CVE-2026-73002,updated,2026-09-29,cve_2026_to_now,2026-09-30T13:18:08+00:00
CVE-2026-73003,updated,2026-09-29,cve_2026_to_now,2026-09-30T13:18:08+00:00
CVE-2026-73004,updated,2026-09-29,cve_2026_to_now,2026-09-30T13:18:08+00:00
CVE-2026-73005,updated,2026-09-29,cve_2026_to_now,2026-09-30T13:18:08+00:00
CVE-2026-73006,updated,2026-09-29,cve_2026_to_now,2026-09-30T13:18:08+00:00
CVE-2026-73007,updated,2026-09-29,cve_2026_to_now,2026-09-30T13:18:08+00:00
CVE-2026-73008,updated,2026-09-29,cve_2026_to_now,2026-09-30T13:18:08+00:00
CVE-2026-73009,updated,2026-09-29,cve_2026_to_now,2026-09-30T13:18:08+00:00
CVE-2026-73010,updated,2026-09-29,cve_2026_to_now,2026-09-30T13:18:08+00:00
CVE-2026-73011,updated,2026-09-29,cve_2026_to_now,2026-09-30T13:18:08+00:00
CVE-2026-73012,updated,2026-09-29,cve_2026_to_now,2026-09-30T13:18:08+00:00
CVE-2026-73013,updated,2026-09-29,cve_2026_to_now,2026-09-30T13:18:08+00:00
CVE-2026-73014,updated,2026-09-29,cve_2026_to_now,2026-09-30T13:18:08+00:00
CVE-2026-73015,updated,2026-09-29,cve_2026_to_now,2026-09-30T13:18:08+00:00
CVE-2026-73016,updated,2026-09-29,cve_2026_to_now,2026-09-30T13:18:08+00:00
CVE-2026-73017,updated,2026-09-29,cve_2026_to_now,2026-09-30T13:18:08+00:00
CVE-2026-73018,updated,2026-09-29,cve_2026_to_now,2026-09-30T13:18:08+00:00
CVE-2026-73019,updated,2026-09-29,cve_2026_to_now,2026-09-30T13:18:08+00:00
CVE-2026-73020,updated,2026-09-29,cve_2026_to_now,2026-09-30T13:18:08+00:00
CVE-2026-73021,updated,2026-09-29,cve_2026_to_now,2026-09-30T13:18:08+00:00
CVE-2026-73022,updated,2026-09-29,cve_2026_to_now,2026-09-30T13:18:08+00:00
CVE-2026-73023,updated,2026-09-29,cve_2026_to_now,2026-09-30T13:18:08+00:00
CVE-2026-73024,updated,2026-09-29,cve_2026_to_now,2026-09-30T13:18:08+00:00
CVE-2026-73025,updated,2026-09-29,cve_2026_to_now,2026-09-30T13:18:08+00:00
CVE-2026-73026,updated,2026-09-29,cve_2026_to_now,2026-09-30T13:18:08+00:00
CVE-2026-73028,updated,2026-09-29,cve_2026_to_now,2026-09-30T13:18:08+00:00
CVE-2026-73029,updated,2026-09-29,cve_2026_to_now,2026-09-30T13:18:08+00:00
CVE-2026-73266,updated,2026-09-29,cve_2026_to_now,2026-09-30T13:18:08+00:00
CVE-2026-73267,updated,2026-09-29,cve_2026_to_now,2026-09-30T13:18:08+00:00
CVE-2026-73268,updated,2026-09-29,cve_2026_to_now,2026-09-30T13:18:08+00:00
CVE-2026-73269,updated,2026-09-29,cve_2026_to_now,2026-09-30T13:18:08+00:00
CVE-2026-73593,updated,,cve_2026_to_now,2026-09-30T13:18:08+00:00
CVE-2026-73594,updated,2026-09-30,cve_2026_to_now,2026-09-30T13:18:08+00:00
CVE-2026-73595,updated,2026-09-30,cve_2026_to_now,2026-09-30T13:18:08+00:00
CVE-2026-73596,updated,2026-09-30,cve_2026_to_now,2026-09-30T13:18:08+00:00
CVE-2026-73597,updated,,cve_2026_to_now,2026-09-30T13:18:08+00:00
CVE-2026-73598,updated,2026-09-30,cve_2026_to_now,2026-09-30T13:18:08+00:00
CVE-2026-73599,updated,,cve_2026_to_now,2026-09-30T13:18:08+00:00
CVE-2026-74220,added,,cve_2026_to_now,2026-09-30T13:18:08+00:00
CVE-2026-74221,added,,cve_2026_to_now,2026-09-30T13:18:08+00:00
CVE-2026-74222,added,,cve_2026_to_now,2026-09-30T13:18:08+00:00
CVE-2026-74225,added,,cve_2026_to_now,2026-09-30T13:18:08+00:00
CVE-2026-74864,added,,cve_2026_to_now,2026-09-30T13:18:08+00:00
CVE-2026-74865,added,,cve_2026_to_now,2026-09-30T13:18:08+00:00
CVE-2026-75098,added,,cve_2026_to_now,2026-09-30T13:18:08+00:00
CVE-2026-75569,updated,2026-09-29,cve_2026_to_now,2026-09-30T13:18:08+00:00
CVE-2026-75600,updated,2026-09-29,cve_2026_to_now,2026-09-30T13:18:08+00:00
CVE-2026-75804,added,,cve_2026_to_now,2026-09-30T13:18:08+00:00
CVE-2026-75805,added,,cve_2026_to_now,2026-09-30T13:18:08+00:00
CVE-2026-75806,added,,cve_2026_to_now,2026-09-30T13:18:08+00:00
CVE-2026-75823,added,,cve_2026_to_now,2026-09-30T13:18:08+00:00
CVE-2026-75824,added,,cve_2026_to_now,2026-09-30T13:18:08+00:00
CVE-2026-75873,added,,cve_2026_to_now,2026-09-30T13:18:08+00:00
CVE-2026-75885,updated,2026-09-30,cve_2026_to_now,2026-09-30T13:18:08+00:00
CVE-2026-75886,updated,2026-09-30,cve_2026_to_now,2026-09-30T13:18:08+00:00
CVE-2026-75887,updated,2026-09-30,cve_2026_to_now,2026-09-30T13:18:08+00:00
CVE-2026-76226,updated,2026-09-29,cve_2026_to_now,2026-09-30T13:18:08+00:00
CVE-2026-76227,updated,2026-09-29,cve_2026_to_now,2026-09-30T13:18:08+00:00
CVE-2026-76228,updated,2026-09-29,cve_2026_to_now,2026-09-30T13:18:08+00:00
CVE-2026-76504,added,,cve_2026_to_now,2026-09-30T13:18:08+00:00
CVE-2026-76718,updated,,cve_2026_to_now,2026-09-30T13:18:08+00:00
CVE-2026-76721,added,,cve_2026_to_now,2026-09-30T13:18:08+00:00
CVE-2026-76722,added,,cve_2026_to_now,2026-09-30T13:18:08+00:00
CVE-2026-76723,added,,cve_2026_to_now,2026-09-30T13:18:08+00:00
CVE-2026-76724,added,,cve_2026_to_now,2026-09-30T13:18:08+00:00
CVE-2026-76725,added,,cve_2026_to_now,2026-09-30T13:18:08+00:00
CVE-2026-76726,added,,cve_2026_to_now,2026-09-30T13:18:08+00:00
CVE-2026-76727,added,,cve_2026_to_now,2026-09-30T13:18:08+00:00
CVE-2026-76728,added,,cve_2026_to_now,2026-09-30T13:18:08+00:00
CVE-2026-76729,added,,cve_2026_to_now,2026-09-30T13:18:08+00:00
CVE-2026-76730,added,,cve_2026_to_now,2026-09-30T13:18:08+00:00
CVE-2026-76731,added,,cve_2026_to_now,2026-09-30T13:18:08+00:00
CVE-2026-76732,added,,cve_2026_to_now,2026-09-30T13:18:08+00:00
CVE-2026-76733,added,,cve_2026_to_now,2026-09-30T13:18:08+00:00
CVE-2026-76734,added,,cve_2026_to_now,2026-09-30T13:18:08+00:00
CVE-2026-76735,added,,cve_2026_to_now,2026-09-30T13:18:08+00:00
CVE-2026-76736,added,,cve_2026_to_now,2026-09-30T13:18:08+00:00
CVE-2026-76737,added,,cve_2026_to_now,2026-09-30T13:18:08+00:00
CVE-2026-76738,added,2026-09-30,cve_2026_to_now,2026-09-30T13:18:08+00:00
CVE-2026-76992,added,,cve_2026_to_now,2026-09-30T13:18:08+00:00
CVE-2026-77177,added,,cve_2026_to_now,2026-09-30T13:18:08+00:00
CVE-2026-77185,added,,cve_2026_to_now,2026-09-30T13:18:08+00:00
CVE-2026-77480,updated,2026-09-29,cve_2026_to_now,2026-09-30T13:18:08+00:00
CVE-2026-77481,updated,2026-09-29,cve_2026_to_now,2026-09-30T13:18:08+00:00
CVE-2026-77482,updated,2026-09-29,cve_2026_to_now,2026-09-30T13:18:08+00:00
CVE-2026-77483,updated,2026-09-29,cve_2026_to_now,2026-09-30T13:18:08+00:00
CVE-2026-77484,updated,2026-09-29,cve_2026_to_now,2026-09-30T13:18:08+00:00
CVE-2026-77485,updated,2026-09-29,cve_2026_to_now,2026-09-30T13:18:08+00:00
CVE-2026-77486,updated,2026-09-29,cve_2026_to_now,2026-09-30T13:18:08+00:00
CVE-2026-77487,updated,2026-09-29,cve_2026_to_now,2026-09-30T13:18:08+00:00
CVE-2026-77488,updated,2026-09-29,cve_2026_to_now,2026-09-30T13:18:08+00:00
CVE-2026-77489,updated,2026-09-29,cve_2026_to_now,2026-09-30T13:18:08+00:00
CVE-2026-77490,updated,2026-09-29,cve_2026_to_now,2026-09-30T13:18:08+00:00
CVE-2026-77491,updated,2026-09-29,cve_2026_to_now,2026-09-30T13:18:08+00:00
CVE-2026-77492,updated,2026-09-29,cve_2026_to_now,2026-09-30T13:18:08+00:00
CVE-2026-77493,updated,2026-09-29,cve_2026_to_now,2026-09-30T13:18:08+00:00
CVE-2026-77494,updated,2026-09-29,cve_2026_to_now,2026-09-30T13:18:08+00:00
CVE-2026-77495,updated,2026-09-29,cve_2026_to_now,2026-09-30T13:18:08+00:00
CVE-2026-77498,updated,2026-09-29,cve_2026_to_now,2026-09-30T13:18:08+00:00
CVE-2026-77499,updated,2026-09-29,cve_2026_to_now,2026-09-30T13:18:08+00:00
CVE-2026-77500,updated,2026-09-29,cve_2026_to_now,2026-09-30T13:18:08+00:00
CVE-2026-77501,updated,2026-09-29,cve_2026_to_now,2026-09-30T13:18:08+00:00
CVE-2026-77502,updated,2026-09-29,cve_2026_to_now,2026-09-30T13:18:08+00:00
CVE-2026-77503,updated,2026-09-29,cve_2026_to_now,2026-09-30T13:18:08+00:00
CVE-2026-77504,updated,2026-09-29,cve_2026_to_now,2026-09-30T13:18:08+00:00
CVE-2026-77505,updated,2026-09-29,cve_2026_to_now,2026-09-30T13:18:08+00:00
CVE-2026-77696,added,,cve_2026_to_now,2026-09-30T13:18:08+00:00
CVE-2026-77886,updated,2026-09-29,cve_2026_to_now,2026-09-30T13:18:08+00:00
CVE-2026-77887,updated,2026-09-29,cve_2026_to_now,2026-09-30T13:18:08+00:00
CVE-2026-77888,updated,2026-09-29,cve_2026_to_now,2026-09-30T13:18:08+00:00
CVE-2026-77889,updated,2026-09-29,cve_2026_to_now,2026-09-30T13:18:08+00:00
CVE-2026-77890,updated,2026-09-29,cve_2026_to_now,2026-09-30T13:18:08+00:00
CVE-2026-77891,updated,2026-09-29,cve_2026_to_now,2026-09-30T13:18:08+00:00
CVE-2026-77892,updated,2026-09-29,cve_2026_to_now,2026-09-30T13:18:08+00:00
CVE-2026-77893,updated,2026-09-29,cve_2026_to_now,2026-09-30T13:18:08+00:00
CVE-2026-77894,updated,2026-09-29,cve_2026_to_now,2026-09-30T13:18:08+00:00
CVE-2026-77895,updated,2026-09-29,cve_2026_to_now,2026-09-30T13:18:08+00:00
CVE-2026-77896,updated,2026-09-29,cve_2026_to_now,2026-09-30T13:18:08+00:00
CVE-2026-77897,updated,2026-09-29,cve_2026_to_now,2026-09-30T13:18:08+00:00
CVE-2026-77898,updated,2026-09-29,cve_2026_to_now,2026-09-30T13:18:08+00:00
CVE-2026-77899,updated,2026-09-29,cve_2026_to_now,2026-09-30T13:18:08+00:00
CVE-2026-77901,updated,2026-09-29,cve_2026_to_now,2026-09-30T13:18:08+00:00
CVE-2026-77903,updated,2026-09-29,cve_2026_to_now,2026-09-30T13:18:08+00:00
CVE-2026-77904,updated,2026-09-29,cve_2026_to_now,2026-09-30T13:18:08+00:00
CVE-2026-77905,updated,2026-09-29,cve_2026_to_now,2026-09-30T13:18:08+00:00
CVE-2026-77906,updated,2026-09-29,cve_2026_to_now,2026-09-30T13:18:08+00:00
CVE-2026-77907,updated,2026-09-29,cve_2026_to_now,2026-09-30T13:18:08+00:00
CVE-2026-77908,updated,2026-09-29,cve_2026_to_now,2026-09-30T13:18:08+00:00
CVE-2026-77909,updated,2026-09-29,cve_2026_to_now,2026-09-30T13:18:08+00:00
CVE-2026-77911,updated,2026-09-29,cve_2026_to_now,2026-09-30T13:18:08+00:00
CVE-2026-78214,updated,,cve_2026_to_now,2026-09-30T13:18:08+00:00
CVE-2026-78229,added,,cve_2026_to_now,2026-09-30T13:18:08+00:00
CVE-2026-78439,updated,2026-09-29,cve_2026_to_now,2026-09-30T13:18:08+00:00
CVE-2026-78441,updated,2026-09-29,cve_2026_to_now,2026-09-30T13:18:08+00:00
CVE-2026-78442,updated,2026-09-29,cve_2026_to_now,2026-09-30T13:18:08+00:00
CVE-2026-78444,updated,2026-09-29,cve_2026_to_now,2026-09-30T13:18:08+00:00
CVE-2026-78445,updated,2026-09-29,cve_2026_to_now,2026-09-30T13:18:08+00:00
CVE-2026-78446,updated,2026-09-29,cve_2026_to_now,2026-09-30T13:18:08+00:00
CVE-2026-78447,updated,2026-09-29,cve_2026_to_now,2026-09-30T13:18:08+00:00
CVE-2026-78448,updated,2026-09-29,cve_2026_to_now,2026-09-30T13:18:08+00:00
CVE-2026-78449,updated,2026-09-29,cve_2026_to_now,2026-09-30T13:18:08+00:00
CVE-2026-78450,updated,2026-09-29,cve_2026_to_now,2026-09-30T13:18:08+00:00
CVE-2026-78451,updated,2026-09-29,cve_2026_to_now,2026-09-30T13:18:08+00:00
CVE-2026-78452,updated,2026-09-29,cve_2026_to_now,2026-09-30T13:18:08+00:00
CVE-2026-78453,updated,2026-09-29,cve_2026_to_now,2026-09-30T13:18:08+00:00
CVE-2026-78454,updated,2026-09-29,cve_2026_to_now,2026-09-30T13:18:08+00:00
CVE-2026-78455,updated,2026-09-29,cve_2026_to_now,2026-09-30T13:18:08+00:00
CVE-2026-78456,updated,2026-09-29,cve_2026_to_now,2026-09-30T13:18:08+00:00
CVE-2026-78457,updated,2026-09-29,cve_2026_to_now,2026-09-30T13:18:08+00:00
CVE-2026-78461,updated,2026-09-29,cve_2026_to_now,2026-09-30T13:18:08+00:00
CVE-2026-78462,updated,2026-09-29,cve_2026_to_now,2026-09-30T13:18:08+00:00
CVE-2026-78463,updated,2026-09-29,cve_2026_to_now,2026-09-30T13:18:08+00:00
CVE-2026-78464,updated,2026-09-29,cve_2026_to_now,2026-09-30T13:18:08+00:00
CVE-2026-78501,updated,2026-09-29,cve_2026_to_now,2026-09-30T13:18:08+00:00
CVE-2026-78502,updated,2026-09-29,cve_2026_to_now,2026-09-30T13:18:08+00:00
CVE-2026-78503,updated,2026-09-29,cve_2026_to_now,2026-09-30T13:18:08+00:00
CVE-2026-78504,updated,2026-09-29,cve_2026_to_now,2026-09-30T13:18:08+00:00
CVE-2026-78505,updated,2026-09-29,cve_2026_to_now,2026-09-30T13:18:08+00:00
CVE-2026-78506,updated,2026-09-29,cve_2026_to_now,2026-09-30T13:18:08+00:00
CVE-2026-78507,updated,2026-09-29,cve_2026_to_now,2026-09-30T13:18:08+00:00
CVE-2026-78508,updated,2026-09-29,cve_2026_to_now,2026-09-30T13:18:08+00:00
CVE-2026-78509,updated,2026-09-29,cve_2026_to_now,2026-09-30T13:18:08+00:00
CVE-2026-78510,updated,2026-09-29,cve_2026_to_now,2026-09-30T13:18:08+00:00
CVE-2026-78511,updated,2026-09-29,cve_2026_to_now,2026-09-30T13:18:08+00:00
CVE-2026-78512,updated,2026-09-29,cve_2026_to_now,2026-09-30T13:18:08+00:00
CVE-2026-78513,updated,2026-09-29,cve_2026_to_now,2026-09-30T13:18:08+00:00
CVE-2026-78514,updated,2026-09-29,cve_2026_to_now,2026-09-30T13:18:08+00:00
CVE-2026-78515,updated,2026-09-29,cve_2026_to_now,2026-09-30T13:18:08+00:00
CVE-2026-78516,updated,2026-09-29,cve_2026_to_now,2026-09-30T13:18:08+00:00
CVE-2026-78517,updated,2026-09-29,cve_2026_to_now,2026-09-30T13:18:08+00:00
CVE-2026-78518,updated,2026-09-29,cve_2026_to_now,2026-09-30T13:18:08+00:00
CVE-2026-78519,updated,2026-09-29,cve_2026_to_now,2026-09-30T13:18:08+00:00
CVE-2026-78520,updated,2026-09-29,cve_2026_to_now,2026-09-30T13:18:08+00:00
CVE-2026-78521,updated,2026-09-29,cve_2026_to_now,2026-09-30T13:18:08+00:00
CVE-2026-78522,updated,2026-09-29,cve_2026_to_now,2026-09-30T13:18:08+00:00
CVE-2026-78523,updated,2026-09-29,cve_2026_to_now,2026-09-30T13:18:08+00:00
CVE-2026-78524,updated,2026-09-29,cve_2026_to_now,2026-09-30T13:18:08+00:00
CVE-2026-78525,updated,2026-09-29,cve_2026_to_now,2026-09-30T13:18:08+00:00
CVE-2026-78526,updated,2026-09-29,cve_2026_to_now,2026-09-30T13:18:08+00:00
CVE-2026-79348,added,,cve_2026_to_now,2026-09-30T13:18:08+00:00
CVE-2026-79403,added,,cve_2026_to_now,2026-09-30T13:18:08+00:00
CVE-2026-79417,added,,cve_2026_to_now,2026-09-30T13:18:08+00:00
CVE-2026-79534,added,,cve_2026_to_now,2026-09-30T13:18:08+00:00
CVE-2026-79535,added,,cve_2026_to_now,2026-09-30T13:18:08+00:00
CVE-2026-79536,added,,cve_2026_to_now,2026-09-30T13:18:08+00:00
CVE-2026-79537,added,,cve_2026_to_now,2026-09-30T13:18:08+00:00
CVE-2026-79538,added,,cve_2026_to_now,2026-09-30T13:18:08+00:00
CVE-2026-79625,added,,cve_2026_to_now,2026-09-30T13:18:08+00:00
CVE-2026-80073,updated,2026-09-29,cve_2026_to_now,2026-09-30T13:18:08+00:00
CVE-2026-80074,updated,2026-09-29,cve_2026_to_now,2026-09-30T13:18:08+00:00
CVE-2026-80075,updated,2026-09-29,cve_2026_to_now,2026-09-30T13:18:08+00:00
CVE-2026-80076,updated,2026-09-29,cve_2026_to_now,2026-09-30T13:18:08+00:00
CVE-2026-80077,updated,2026-09-29,cve_2026_to_now,2026-09-30T13:18:08+00:00
CVE-2026-80078,updated,2026-09-29,cve_2026_to_now,2026-09-30T13:18:08+00:00
CVE-2026-80079,updated,2026-09-29,cve_2026_to_now,2026-09-30T13:18:08+00:00
CVE-2026-80080,updated,2026-09-29,cve_2026_to_now,2026-09-30T13:18:08+00:00
CVE-2026-80081,updated,2026-09-29,cve_2026_to_now,2026-09-30T13:18:08+00:00
CVE-2026-80082,updated,2026-09-29,cve_2026_to_now,2026-09-30T13:18:08+00:00
CVE-2026-80083,updated,2026-09-29,cve_2026_to_now,2026-09-30T13:18:08+00:00
CVE-2026-80084,updated,2026-09-29,cve_2026_to_now,2026-09-30T13:18:08+00:00
CVE-2026-80085,updated,2026-09-29,cve_2026_to_now,2026-09-30T13:18:08+00:00
CVE-2026-80086,updated,2026-09-29,cve_2026_to_now,2026-09-30T13:18:08+00:00
CVE-2026-80087,updated,2026-09-29,cve_2026_to_now,2026-09-30T13:18:08+00:00
CVE-2026-80088,updated,2026-09-29,cve_2026_to_now,2026-09-30T13:18:08+00:00
CVE-2026-80089,updated,2026-09-29,cve_2026_to_now,2026-09-30T13:18:08+00:00
CVE-2026-80090,updated,2026-09-29,cve_2026_to_now,2026-09-30T13:18:08+00:00
CVE-2026-80091,updated,2026-09-29,cve_2026_to_now,2026-09-30T13:18:08+00:00
CVE-2026-80093,updated,2026-09-29,cve_2026_to_now,2026-09-30T13:18:08+00:00
CVE-2026-80096,updated,2026-09-29,cve_2026_to_now,2026-09-30T13:18:08+00:00
CVE-2026-80097,updated,2026-09-29,cve_2026_to_now,2026-09-30T13:18:08+00:00
CVE-2026-80098,updated,2026-09-29,cve_2026_to_now,2026-09-30T13:18:08+00:00
CVE-2026-80333,added,,cve_2026_to_now,2026-09-30T13:18:08+00:00
CVE-2026-81310,added,,cve_2026_to_now,2026-09-30T13:18:08+00:00
CVE-2026-81349,updated,2026-09-29,cve_2026_to_now,2026-09-30T13:18:08+00:00
CVE-2026-81352,updated,2026-09-29,cve_2026_to_now,2026-09-30T13:18:08+00:00
CVE-2026-81353,updated,2026-09-29,cve_2026_to_now,2026-09-30T13:18:08+00:00
CVE-2026-81354,updated,2026-09-29,cve_2026_to_now,2026-09-30T13:18:08+00:00
CVE-2026-81355,updated,2026-09-29,cve_2026_to_now,2026-09-30T13:18:08+00:00
CVE-2026-81356,updated,2026-09-29,cve_2026_to_now,2026-09-30T13:18:08+00:00
CVE-2026-81357,updated,2026-09-29,cve_2026_to_now,2026-09-30T13:18:08+00:00
CVE-2026-81376,updated,2026-09-29,cve_2026_to_now,2026-09-30T13:18:08+00:00
CVE-2026-81377,updated,2026-09-29,cve_2026_to_now,2026-09-30T13:18:08+00:00
CVE-2026-81378,updated,2026-09-29,cve_2026_to_now,2026-09-30T13:18:08+00:00
CVE-2026-81379,updated,2026-09-29,cve_2026_to_now,2026-09-30T13:18:08+00:00
CVE-2026-81380,updated,2026-09-29,cve_2026_to_now,2026-09-30T13:18:08+00:00
CVE-2026-81381,updated,2026-09-29,cve_2026_to_now,2026-09-30T13:18:08+00:00
CVE-2026-81383,updated,2026-09-29,cve_2026_to_now,2026-09-30T13:18:08+00:00
CVE-2026-81385,updated,2026-09-29,cve_2026_to_now,2026-09-30T13:18:08+00:00
CVE-2026-81386,updated,2026-09-29,cve_2026_to_now,2026-09-30T13:18:08+00:00
CVE-2026-81387,updated,2026-09-29,cve_2026_to_now,2026-09-30T13:18:08+00:00
CVE-2026-81388,updated,2026-09-29,cve_2026_to_now,2026-09-30T13:18:08+00:00
CVE-2026-81389,updated,2026-09-29,cve_2026_to_now,2026-09-30T13:18:08+00:00
CVE-2026-81390,updated,2026-09-29,cve_2026_to_now,2026-09-30T13:18:08+00:00
CVE-2026-81391,updated,2026-09-29,cve_2026_to_now,2026-09-30T13:18:08+00:00
CVE-2026-81392,updated,2026-09-29,cve_2026_to_now,2026-09-30T13:18:08+00:00
CVE-2026-81393,updated,2026-09-29,cve_2026_to_now,2026-09-30T13:18:08+00:00
CVE-2026-81394,updated,2026-09-29,cve_2026_to_now,2026-09-30T13:18:08+00:00
CVE-2026-81395,updated,2026-09-29,cve_2026_to_now,2026-09-30T13:18:08+00:00
CVE-2026-81396,updated,2026-09-29,cve_2026_to_now,2026-09-30T13:18:08+00:00
CVE-2026-81397,updated,2026-09-29,cve_2026_to_now,2026-09-30T13:18:08+00:00
CVE-2026-81398,updated,2026-09-29,cve_2026_to_now,2026-09-30T13:18:08+00:00
CVE-2026-81399,updated,2026-09-29,cve_2026_to_now,2026-09-30T13:18:08+00:00
CVE-2026-81400,updated,2026-09-29,cve_2026_to_now,2026-09-30T13:18:08+00:00
CVE-2026-81401,updated,2026-09-29,cve_2026_to_now,2026-09-30T13:18:08+00:00
CVE-2026-81433,added,,cve_2026_to_now,2026-09-30T13:18:08+00:00
CVE-2026-81569,updated,,cve_2026_to_now,2026-09-30T13:18:08+00:00
CVE-2026-81665,updated,2026-09-30,cve_2026_to_now,2026-09-30T13:18:08+00:00
CVE-2026-81841,added,2026-09-30,cve_2026_to_now,2026-09-30T13:18:08+00:00
CVE-2026-81842,added,2026-09-30,cve_2026_to_now,2026-09-30T13:18:08+00:00
CVE-2026-81862,updated,,cve_2026_to_now,2026-09-30T13:18:08+00:00
CVE-2026-81914,updated,,cve_2026_to_now,2026-09-30T13:18:08+00:00
CVE-2026-81930,updated,,cve_2026_to_now,2026-09-30T13:18:08+00:00
CVE-2026-81947,updated,2026-09-29,cve_2026_to_now,2026-09-30T13:18:08+00:00
CVE-2026-81948,updated,2026-09-29,cve_2026_to_now,2026-09-30T13:18:08+00:00
CVE-2026-81949,updated,2026-09-29,cve_2026_to_now,2026-09-30T13:18:08+00:00
CVE-2026-81950,updated,2026-09-29,cve_2026_to_now,2026-09-30T13:18:08+00:00
CVE-2026-81951,updated,2026-09-29,cve_2026_to_now,2026-09-30T13:18:08+00:00
CVE-2026-81952,updated,2026-09-29,cve_2026_to_now,2026-09-30T13:18:08+00:00
CVE-2026-81953,updated,2026-09-29,cve_2026_to_now,2026-09-30T13:18:08+00:00
CVE-2026-81954,updated,2026-09-29,cve_2026_to_now,2026-09-30T13:18:08+00:00
CVE-2026-81955,updated,2026-09-29,cve_2026_to_now,2026-09-30T13:18:08+00:00
CVE-2026-81956,updated,2026-09-29,cve_2026_to_now,2026-09-30T13:18:08+00:00
CVE-2026-81957,updated,2026-09-29,cve_2026_to_now,2026-09-30T13:18:08+00:00
CVE-2026-81958,updated,2026-09-29,cve_2026_to_now,2026-09-30T13:18:08+00:00
CVE-2026-81959,updated,2026-09-29,cve_2026_to_now,2026-09-30T13:18:08+00:00
CVE-2026-81960,updated,2026-09-29,cve_2026_to_now,2026-09-30T13:18:08+00:00
CVE-2026-81963,updated,2026-09-29,cve_2026_to_now,2026-09-30T13:18:08+00:00
CVE-2026-82049,updated,2026-09-30,cve_2026_to_now,2026-09-30T13:18:08+00:00
CVE-2026-82127,added,,cve_2026_to_now,2026-09-30T13:18:08+00:00
CVE-2026-82348,updated,2026-09-29,cve_2026_to_now,2026-09-30T13:18:08+00:00
CVE-2026-82376,updated,2026-09-29,cve_2026_to_now,2026-09-30T13:18:08+00:00
CVE-2026-82377,updated,2026-09-29,cve_2026_to_now,2026-09-30T13:18:08+00:00
CVE-2026-82378,updated,2026-09-29,cve_2026_to_now,2026-09-30T13:18:08+00:00
CVE-2026-82379,updated,2026-09-29,cve_2026_to_now,2026-09-30T13:18:08+00:00
CVE-2026-82385,updated,2026-09-29,cve_2026_to_now,2026-09-30T13:18:08+00:00
CVE-2026-82386,updated,2026-09-29,cve_2026_to_now,2026-09-30T13:18:08+00:00
CVE-2026-82387,updated,2026-09-29,cve_2026_to_now,2026-09-30T13:18:08+00:00
CVE-2026-82546,updated,2026-09-30,cve_2026_to_now,2026-09-30T13:18:08+00:00
CVE-2026-82804,updated,,cve_2026_to_now,2026-09-30T13:18:08+00:00
CVE-2026-82973,updated,,cve_2026_to_now,2026-09-30T13:18:08+00:00
CVE-2026-83498,updated,2026-09-29,cve_2026_to_now,2026-09-30T13:18:08+00:00
CVE-2026-83501,updated,2026-09-29,cve_2026_to_now,2026-09-30T13:18:08+00:00
CVE-2026-83560,added,,cve_2026_to_now,2026-09-30T13:18:08+00:00
CVE-2026-83711,updated,2026-09-29,cve_2026_to_now,2026-09-30T13:18:08+00:00
CVE-2026-83939,updated,2026-09-29,cve_2026_to_now,2026-09-30T13:18:08+00:00
CVE-2026-83940,updated,2026-09-29,cve_2026_to_now,2026-09-30T13:18:08+00:00
CVE-2026-83941,updated,2026-09-29,cve_2026_to_now,2026-09-30T13:18:08+00:00
CVE-2026-83942,updated,2026-09-29,cve_2026_to_now,2026-09-30T13:18:08+00:00
CVE-2026-83944,updated,2026-09-29,cve_2026_to_now,2026-09-30T13:18:08+00:00
CVE-2026-83946,updated,2026-09-29,cve_2026_to_now,2026-09-30T13:18:08+00:00
CVE-2026-83948,updated,2026-09-29,cve_2026_to_now,2026-09-30T13:18:08+00:00
CVE-2026-83949,updated,2026-09-29,cve_2026_to_now,2026-09-30T13:18:08+00:00
CVE-2026-83951,updated,2026-09-29,cve_2026_to_now,2026-09-30T13:18:08+00:00
CVE-2026-83952,updated,2026-09-29,cve_2026_to_now,2026-09-30T13:18:08+00:00
CVE-2026-83954,updated,2026-09-29,cve_2026_to_now,2026-09-30T13:18:08+00:00
CVE-2026-83955,updated,2026-09-29,cve_2026_to_now,2026-09-30T13:18:08+00:00
CVE-2026-83967,updated,2026-09-29,cve_2026_to_now,2026-09-30T13:18:08+00:00
CVE-2026-83968,updated,2026-09-29,cve_2026_to_now,2026-09-30T13:18:08+00:00
CVE-2026-83969,updated,2026-09-29,cve_2026_to_now,2026-09-30T13:18:08+00:00
CVE-2026-83970,updated,2026-09-29,cve_2026_to_now,2026-09-30T13:18:08+00:00
CVE-2026-83971,updated,2026-09-29,cve_2026_to_now,2026-09-30T13:18:08+00:00
CVE-2026-83972,updated,2026-09-29,cve_2026_to_now,2026-09-30T13:18:08+00:00
CVE-2026-83973,updated,2026-09-29,cve_2026_to_now,2026-09-30T13:18:08+00:00
CVE-2026-83974,updated,2026-09-29,cve_2026_to_now,2026-09-30T13:18:08+00:00
CVE-2026-83975,updated,2026-09-29,cve_2026_to_now,2026-09-30T13:18:08+00:00
CVE-2026-83976,updated,2026-09-29,cve_2026_to_now,2026-09-30T13:18:08+00:00
CVE-2026-83977,updated,2026-09-29,cve_2026_to_now,2026-09-30T13:18:08+00:00
CVE-2026-83978,updated,2026-09-29,cve_2026_to_now,2026-09-30T13:18:08+00:00
CVE-2026-83979,updated,2026-09-29,cve_2026_to_now,2026-09-30T13:18:08+00:00
CVE-2026-83980,updated,2026-09-29,cve_2026_to_now,2026-09-30T13:18:08+00:00
CVE-2026-83981,updated,2026-09-29,cve_2026_to_now,2026-09-30T13:18:08+00:00
CVE-2026-83982,updated,2026-09-29,cve_2026_to_now,2026-09-30T13:18:08+00:00
CVE-2026-83983,updated,2026-09-29,cve_2026_to_now,2026-09-30T13:18:08+00:00
CVE-2026-83985,updated,2026-09-29,cve_2026_to_now,2026-09-30T13:18:08+00:00
CVE-2026-83986,updated,2026-09-29,cve_2026_to_now,2026-09-30T13:18:08+00:00
CVE-2026-83987,updated,2026-09-29,cve_2026_to_now,2026-09-30T13:18:08+00:00
CVE-2026-83988,updated,2026-09-29,cve_2026_to_now,2026-09-30T13:18:08+00:00
CVE-2026-83989,updated,2026-09-29,cve_2026_to_now,2026-09-30T13:18:08+00:00
CVE-2026-83990,updated,2026-09-29,cve_2026_to_now,2026-09-30T13:18:08+00:00
CVE-2026-83991,updated,2026-09-29,cve_2026_to_now,2026-09-30T13:18:08+00:00
CVE-2026-83992,updated,2026-09-29,cve_2026_to_now,2026-09-30T13:18:08+00:00
CVE-2026-83995,updated,2026-09-29,cve_2026_to_now,2026-09-30T13:18:08+00:00
CVE-2026-83996,updated,2026-09-29,cve_2026_to_now,2026-09-30T13:18:08+00:00
CVE-2026-83997,updated,2026-09-29,cve_2026_to_now,2026-09-30T13:18:08+00:00
CVE-2026-83998,updated,2026-09-29,cve_2026_to_now,2026-09-30T13:18:08+00:00
CVE-2026-83999,updated,2026-09-29,cve_2026_to_now,2026-09-30T13:18:08+00:00
CVE-2026-84000,updated,2026-09-29,cve_2026_to_now,2026-09-30T13:18:08+00:00
CVE-2026-84001,updated,2026-09-29,cve_2026_to_now,2026-09-30T13:18:08+00:00
CVE-2026-84003,updated,2026-09-29,cve_2026_to_now,2026-09-30T13:18:08+00:00
CVE-2026-84154,updated,,cve_2026_to_now,2026-09-30T13:18:08+00:00
CVE-2026-84409,added,,cve_2026_to_now,2026-09-30T13:18:08+00:00
CVE-2026-84414,added,2026-09-30,cve_2026_to_now,2026-09-30T13:18:08+00:00
CVE-2026-84421,added,,cve_2026_to_now,2026-09-30T13:18:08+00:00
CVE-2026-84422,added,2026-09-30,cve_2026_to_now,2026-09-30T13:18:08+00:00
CVE-2026-84436,added,2026-09-30,cve_2026_to_now,2026-09-30T13:18:08+00:00
CVE-2026-84440,added,2026-09-30,cve_2026_to_now,2026-09-30T13:18:08+00:00
CVE-2026-84460,updated,2026-09-29,cve_2026_to_now,2026-09-30T13:18:08+00:00
CVE-2026-84463,updated,2026-09-29,cve_2026_to_now,2026-09-30T13:18:08+00:00
CVE-2026-84465,updated,2026-09-29,cve_2026_to_now,2026-09-30T13:18:08+00:00
CVE-2026-84540,updated,2026-09-29,cve_2026_to_now,2026-09-30T13:18:08+00:00
CVE-2026-84739,updated,,cve_2026_to_now,2026-09-30T13:18:08+00:00
CVE-2026-84782,added,,cve_2026_to_now,2026-09-30T13:18:08+00:00
CVE-2026-84783,added,,cve_2026_to_now,2026-09-30T13:18:08+00:00
CVE-2026-84784,added,,cve_2026_to_now,2026-09-30T13:18:08+00:00
CVE-2026-84842,added,,cve_2026_to_now,2026-09-30T13:18:08+00:00
CVE-2026-84990,updated,2026-09-29,cve_2026_to_now,2026-09-30T13:18:08+00:00
CVE-2026-85001,added,,cve_2026_to_now,2026-09-30T13:18:08+00:00
CVE-2026-85290,updated,2026-09-29,cve_2026_to_now,2026-09-30T13:18:08+00:00
CVE-2026-85360,updated,2026-09-29,cve_2026_to_now,2026-09-30T13:18:08+00:00
CVE-2026-85415,added,,cve_2026_to_now,2026-09-30T13:18:08+00:00
CVE-2026-85417,updated,2026-09-29,cve_2026_to_now,2026-09-30T13:18:08+00:00
CVE-2026-85520,updated,,cve_2026_to_now,2026-09-30T13:18:08+00:00
CVE-2026-85532,added,,cve_2026_to_now,2026-09-30T13:18:08+00:00
CVE-2026-85573,added,,cve_2026_to_now,2026-09-30T13:18:08+00:00
CVE-2026-85576,added,,cve_2026_to_now,2026-09-30T13:18:08+00:00
CVE-2026-85875,updated,2026-09-29,cve_2026_to_now,2026-09-30T13:18:08+00:00
CVE-2026-85877,updated,2026-09-29,cve_2026_to_now,2026-09-30T13:18:08+00:00
CVE-2026-85878,updated,2026-09-29,cve_2026_to_now,2026-09-30T13:18:08+00:00
CVE-2026-85880,updated,2026-09-29,cve_2026_to_now,2026-09-30T13:18:08+00:00
CVE-2026-85885,updated,2026-09-29,cve_2026_to_now,2026-09-30T13:18:08+00:00
CVE-2026-85887,updated,2026-09-29,cve_2026_to_now,2026-09-30T13:18:08+00:00
CVE-2026-85889,updated,2026-09-29,cve_2026_to_now,2026-09-30T13:18:08+00:00
CVE-2026-85892,updated,2026-09-29,cve_2026_to_now,2026-09-30T13:18:08+00:00
CVE-2026-85893,updated,2026-09-29,cve_2026_to_now,2026-09-30T13:18:08+00:00
CVE-2026-85917,updated,2026-09-29,cve_2026_to_now,2026-09-30T13:18:08+00:00
CVE-2026-85921,updated,2026-09-29,cve_2026_to_now,2026-09-30T13:18:08+00:00
CVE-2026-86035,added,,cve_2026_to_now,2026-09-30T13:18:08+00:00
CVE-2026-86066,updated,2026-09-30,cve_2026_to_now,2026-09-30T13:18:08+00:00
CVE-2026-86101,added,,cve_2026_to_now,2026-09-30T13:18:08+00:00
CVE-2026-86104,added,,cve_2026_to_now,2026-09-30T13:18:08+00:00
CVE-2026-86105,added,,cve_2026_to_now,2026-09-30T13:18:08+00:00
CVE-2026-86128,added,,cve_2026_to_now,2026-09-30T13:18:08+00:00
CVE-2026-86131,added,,cve_2026_to_now,2026-09-30T13:18:08+00:00
CVE-2026-86132,added,,cve_2026_to_now,2026-09-30T13:18:08+00:00
CVE-2026-86133,added,,cve_2026_to_now,2026-09-30T13:18:08+00:00
CVE-2026-86134,added,,cve_2026_to_now,2026-09-30T13:18:08+00:00
CVE-2026-86136,added,,cve_2026_to_now,2026-09-30T13:18:08+00:00
CVE-2026-86157,updated,2026-09-30,cve_2026_to_now,2026-09-30T13:18:08+00:00
CVE-2026-86158,updated,2026-09-30,cve_2026_to_now,2026-09-30T13:18:08+00:00
CVE-2026-86450,added,,cve_2026_to_now,2026-09-30T13:18:08+00:00
CVE-2026-86530,updated,2026-09-30,cve_2026_to_now,2026-09-30T13:18:08+00:00
CVE-2026-86556,added,,cve_2026_to_now,2026-09-30T13:18:08+00:00
CVE-2026-86778,added,,cve_2026_to_now,2026-09-30T13:18:08+00:00
CVE-2026-86789,added,,cve_2026_to_now,2026-09-30T13:18:08+00:00
CVE-2026-86843,updated,,cve_2026_to_now,2026-09-30T13:18:08+00:00
CVE-2026-86950,updated,2026-09-30,cve_2026_to_now,2026-09-30T13:18:08+00:00
CVE-2026-87114,updated,2026-09-29,cve_2026_to_now,2026-09-30T13:18:08+00:00
CVE-2026-87701,updated,2026-09-29,cve_2026_to_now,2026-09-30T13:18:08+00:00
CVE-2026-87723,updated,2026-09-29,cve_2026_to_now,2026-09-30T13:18:08+00:00
CVE-2026-87741,updated,2026-09-29,cve_2026_to_now,2026-09-30T13:18:08+00:00
CVE-2026-87748,updated,,cve_2026_to_now,2026-09-30T13:18:08+00:00
CVE-2026-87777,added,,cve_2026_to_now,2026-09-30T13:18:08+00:00
CVE-2026-87830,added,,cve_2026_to_now,2026-09-30T13:18:08+00:00
CVE-2026-88037,added,,cve_2026_to_now,2026-09-30T13:18:08+00:00
CVE-2026-88097,updated,2026-09-29,cve_2026_to_now,2026-09-30T13:18:08+00:00
CVE-2026-88420,updated,2026-09-29,cve_2026_to_now,2026-09-30T13:18:08+00:00
CVE-2026-88773,updated,2026-09-29,cve_2026_to_now,2026-09-30T13:18:08+00:00
CVE-2026-88774,updated,2026-09-29,cve_2026_to_now,2026-09-30T13:18:08+00:00
CVE-2026-88775,updated,2026-09-29,cve_2026_to_now,2026-09-30T13:18:08+00:00
CVE-2026-88776,updated,2026-09-29,cve_2026_to_now,2026-09-30T13:18:08+00:00
CVE-2026-88777,updated,2026-09-29,cve_2026_to_now,2026-09-30T13:18:08+00:00
CVE-2026-88778,updated,2026-09-29,cve_2026_to_now,2026-09-30T13:18:08+00:00
CVE-2026-88791,added,,cve_2026_to_now,2026-09-30T13:18:08+00:00
CVE-2026-88797,added,,cve_2026_to_now,2026-09-30T13:18:08+00:00
CVE-2026-88880,updated,2026-09-29,cve_2026_to_now,2026-09-30T13:18:08+00:00
CVE-2026-88881,updated,2026-09-29,cve_2026_to_now,2026-09-30T13:18:08+00:00
CVE-2026-88882,updated,2026-09-29,cve_2026_to_now,2026-09-30T13:18:08+00:00
CVE-2026-88883,updated,2026-09-29,cve_2026_to_now,2026-09-30T13:18:08+00:00
CVE-2026-88884,updated,2026-09-29,cve_2026_to_now,2026-09-30T13:18:08+00:00
CVE-2026-88885,updated,2026-09-29,cve_2026_to_now,2026-09-30T13:18:08+00:00
CVE-2026-88886,updated,2026-09-29,cve_2026_to_now,2026-09-30T13:18:08+00:00
CVE-2026-88887,updated,2026-09-29,cve_2026_to_now,2026-09-30T13:18:08+00:00
CVE-2026-88888,updated,2026-09-29,cve_2026_to_now,2026-09-30T13:18:08+00:00
CVE-2026-88889,updated,2026-09-29,cve_2026_to_now,2026-09-30T13:18:08+00:00
CVE-2026-88920,added,,cve_2026_to_now,2026-09-30T13:18:08+00:00
CVE-2026-89102,updated,2026-09-29,cve_2026_to_now,2026-09-30T13:18:08+00:00
CVE-2026-89133,updated,2026-09-29,cve_2026_to_now,2026-09-30T13:18:08+00:00
CVE-2026-89134,updated,2026-09-29,cve_2026_to_now,2026-09-30T13:18:08+00:00
CVE-2026-89135,updated,2026-09-29,cve_2026_to_now,2026-09-30T13:18:08+00:00
CVE-2026-89136,updated,2026-09-29,cve_2026_to_now,2026-09-30T13:18:08+00:00
CVE-2026-89190,added,,cve_2026_to_now,2026-09-30T13:18:08+00:00
CVE-2026-89193,added,,cve_2026_to_now,2026-09-30T13:18:08+00:00
CVE-2026-89238,added,,cve_2026_to_now,2026-09-30T13:18:08+00:00
CVE-2026-89294,added,,cve_2026_to_now,2026-09-30T13:18:08+00:00
CVE-2026-90441,added,,cve_2026_to_now,2026-09-30T13:18:08+00:00
CVE-2026-90906,added,,cve_2026_to_now,2026-09-30T13:18:08+00:00
CVE-2026-90907,added,,cve_2026_to_now,2026-09-30T13:18:08+00:00
CVE-2026-90913,added,,cve_2026_to_now,2026-09-30T13:18:08+00:00
CVE-2026-90914,added,,cve_2026_to_now,2026-09-30T13:18:08+00:00
CVE-2026-90915,added,,cve_2026_to_now,2026-09-30T13:18:08+00:00
CVE-2026-90916,added,2026-09-30,cve_2026_to_now,2026-09-30T13:18:08+00:00
CVE-2026-90917,added,,cve_2026_to_now,2026-09-30T13:18:08+00:00
CVE-2026-90918,added,,cve_2026_to_now,2026-09-30T13:18:08+00:00
CVE-2026-90953,added,,cve_2026_to_now,2026-09-30T13:18:08+00:00
CVE-2026-90959,updated,2026-09-30,cve_2026_to_now,2026-09-30T13:18:08+00:00
CVE-2026-91006,updated,2026-09-29,cve_2026_to_now,2026-09-30T13:18:08+00:00
CVE-2026-91051,added,,cve_2026_to_now,2026-09-30T13:18:08+00:00
CVE-2026-91072,added,,cve_2026_to_now,2026-09-30T13:18:08+00:00
CVE-2026-91191,added,,cve_2026_to_now,2026-09-30T13:18:08+00:00
CVE-2026-91204,updated,2026-09-30,cve_2026_to_now,2026-09-30T13:18:08+00:00
CVE-2026-91206,updated,2026-09-30,cve_2026_to_now,2026-09-30T13:18:08+00:00
CVE-2026-91832,added,,cve_2026_to_now,2026-09-30T13:18:08+00:00
CVE-2026-92121,added,,cve_2026_to_now,2026-09-30T13:18:08+00:00
CVE-2026-92161,updated,2026-09-29,cve_2026_to_now,2026-09-30T13:18:08+00:00
CVE-2026-92222,added,2026-09-30,cve_2026_to_now,2026-09-30T13:18:08+00:00
CVE-2026-92223,added,,cve_2026_to_now,2026-09-30T13:18:08+00:00
CVE-2026-92224,added,,cve_2026_to_now,2026-09-30T13:18:08+00:00
CVE-2026-92225,added,,cve_2026_to_now,2026-09-30T13:18:08+00:00
CVE-2026-92226,added,,cve_2026_to_now,2026-09-30T13:18:08+00:00
CVE-2026-92227,added,,cve_2026_to_now,2026-09-30T13:18:08+00:00
CVE-2026-92231,added,,cve_2026_to_now,2026-09-30T13:18:08+00:00
CVE-2026-92232,added,,cve_2026_to_now,2026-09-30T13:18:08+00:00
CVE-2026-92368,added,,cve_2026_to_now,2026-09-30T13:18:08+00:00
CVE-2026-92369,added,,cve_2026_to_now,2026-09-30T13:18:08+00:00
CVE-2026-92370,added,,cve_2026_to_now,2026-09-30T13:18:08+00:00
CVE-2026-92371,added,,cve_2026_to_now,2026-09-30T13:18:08+00:00
CVE-2026-92424,added,,cve_2026_to_now,2026-09-30T13:18:08+00:00
CVE-2026-92564,updated,2026-09-29,cve_2026_to_now,2026-09-30T13:18:08+00:00
CVE-2026-92712,added,,cve_2026_to_now,2026-09-30T13:18:08+00:00
CVE-2026-92867,added,,cve_2026_to_now,2026-09-30T13:18:08+00:00
CVE-2026-92868,added,,cve_2026_to_now,2026-09-30T13:18:08+00:00
CVE-2026-92869,added,,cve_2026_to_now,2026-09-30T13:18:08+00:00
CVE-2026-92870,added,,cve_2026_to_now,2026-09-30T13:18:08+00:00
CVE-2026-92871,added,,cve_2026_to_now,2026-09-30T13:18:08+00:00
CVE-2026-92872,added,,cve_2026_to_now,2026-09-30T13:18:08+00:00
CVE-2026-92873,added,,cve_2026_to_now,2026-09-30T13:18:08+00:00
CVE-2026-92899,added,,cve_2026_to_now,2026-09-30T13:18:08+00:00
CVE-2026-92994,added,,cve_2026_to_now,2026-09-30T13:18:08+00:00
CVE-2026-93302,updated,2026-09-29,cve_2026_to_now,2026-09-30T13:18:08+00:00
CVE-2026-93304,updated,2026-09-29,cve_2026_to_now,2026-09-30T13:18:08+00:00
CVE-2026-93330,added,,cve_2026_to_now,2026-09-30T13:18:08+00:00
CVE-2026-93332,added,,cve_2026_to_now,2026-09-30T13:18:08+00:00
CVE-2026-93355,updated,2026-09-29,cve_2026_to_now,2026-09-30T13:18:08+00:00
CVE-2026-93460,added,,cve_2026_to_now,2026-09-30T13:18:08+00:00
CVE-2026-93462,added,,cve_2026_to_now,2026-09-30T13:18:08+00:00
CVE-2026-93463,added,,cve_2026_to_now,2026-09-30T13:18:08+00:00
CVE-2026-93464,added,,cve_2026_to_now,2026-09-30T13:18:08+00:00
CVE-2026-93492,updated,2026-09-29,cve_2026_to_now,2026-09-30T13:18:08+00:00
CVE-2026-93512,added,,cve_2026_to_now,2026-09-30T13:18:08+00:00
CVE-2026-93514,added,,cve_2026_to_now,2026-09-30T13:18:08+00:00
CVE-2026-93579,updated,2026-09-29,cve_2026_to_now,2026-09-30T13:18:08+00:00
CVE-2026-93580,added,,cve_2026_to_now,2026-09-30T13:18:08+00:00
CVE-2026-93621,added,,cve_2026_to_now,2026-09-30T13:18:08+00:00
CVE-2026-93624,added,,cve_2026_to_now,2026-09-30T13:18:08+00:00
CVE-2026-93651,added,,cve_2026_to_now,2026-09-30T13:18:08+00:00
CVE-2026-93770,added,,cve_2026_to_now,2026-09-30T13:18:08+00:00
CVE-2026-93771,added,,cve_2026_to_now,2026-09-30T13:18:08+00:00
CVE-2026-93853,added,,cve_2026_to_now,2026-09-30T13:18:08+00:00
CVE-2026-93908,added,,cve_2026_to_now,2026-09-30T13:18:08+00:00
CVE-2026-93994,added,,cve_2026_to_now,2026-09-30T13:18:08+00:00
CVE-2026-93995,added,,cve_2026_to_now,2026-09-30T13:18:08+00:00
CVE-2026-93996,added,,cve_2026_to_now,2026-09-30T13:18:08+00:00
CVE-2026-94002,added,,cve_2026_to_now,2026-09-30T13:18:08+00:00
CVE-2026-94029,added,,cve_2026_to_now,2026-09-30T13:18:08+00:00
CVE-2026-94052,added,,cve_2026_to_now,2026-09-30T13:18:08+00:00
CVE-2026-94053,added,,cve_2026_to_now,2026-09-30T13:18:08+00:00
CVE-2026-94074,added,,cve_2026_to_now,2026-09-30T13:18:08+00:00
CVE-2026-94076,added,,cve_2026_to_now,2026-09-30T13:18:08+00:00
CVE-2026-94077,added,,cve_2026_to_now,2026-09-30T13:18:08+00:00
CVE-2026-94078,added,,cve_2026_to_now,2026-09-30T13:18:08+00:00
CVE-2026-94081,added,,cve_2026_to_now,2026-09-30T13:18:08+00:00
CVE-2026-94082,added,,cve_2026_to_now,2026-09-30T13:18:08+00:00
CVE-2026-94115,added,,cve_2026_to_now,2026-09-30T13:18:08+00:00
CVE-2026-94120,added,,cve_2026_to_now,2026-09-30T13:18:08+00:00
CVE-2026-94121,added,,cve_2026_to_now,2026-09-30T13:18:08+00:00
CVE-2026-94122,added,,cve_2026_to_now,2026-09-30T13:18:08+00:00
CVE-2026-94123,added,,cve_2026_to_now,2026-09-30T13:18:08+00:00
CVE-2026-94173,added,,cve_2026_to_now,2026-09-30T13:18:08+00:00
CVE-2026-94177,added,,cve_2026_to_now,2026-09-30T13:18:08+00:00
CVE-2026-94178,added,,cve_2026_to_now,2026-09-30T13:18:08+00:00
CVE-2026-94184,updated,2026-09-29,cve_2026_to_now,2026-09-30T13:18:08+00:00
CVE-2026-94204,added,,cve_2026_to_now,2026-09-30T13:18:08+00:00
CVE-2026-94274,added,,cve_2026_to_now,2026-09-30T13:18:08+00:00
CVE-2026-94282,updated,2026-09-30,cve_2026_to_now,2026-09-30T13:18:08+00:00
CVE-2026-94283,updated,2026-09-30,cve_2026_to_now,2026-09-30T13:18:08+00:00
CVE-2026-94284,updated,2026-09-30,cve_2026_to_now,2026-09-30T13:18:08+00:00
CVE-2026-94285,updated,2026-09-30,cve_2026_to_now,2026-09-30T13:18:08+00:00
CVE-2026-94286,updated,2026-09-30,cve_2026_to_now,2026-09-30T13:18:08+00:00
CVE-2026-94297,added,,cve_2026_to_now,2026-09-30T13:18:08+00:00
CVE-2026-94389,added,,cve_2026_to_now,2026-09-30T13:18:08+00:00
CVE-2026-94417,updated,2026-09-29,cve_2026_to_now,2026-09-30T13:18:08+00:00
CVE-2026-94418,updated,2026-09-29,cve_2026_to_now,2026-09-30T13:18:08+00:00
CVE-2026-94419,updated,2026-09-29,cve_2026_to_now,2026-09-30T13:18:08+00:00
CVE-2026-94499,added,,cve_2026_to_now,2026-09-30T13:18:08+00:00
CVE-2026-94672,added,,cve_2026_to_now,2026-09-30T13:18:08+00:00
CVE-2026-94673,added,,cve_2026_to_now,2026-09-30T13:18:08+00:00
CVE-2026-94674,added,,cve_2026_to_now,2026-09-30T13:18:08+00:00
CVE-2026-94677,added,,cve_2026_to_now,2026-09-30T13:18:08+00:00
CVE-2026-94678,added,,cve_2026_to_now,2026-09-30T13:18:08+00:00
CVE-2026-94681,added,,cve_2026_to_now,2026-09-30T13:18:08+00:00
CVE-2026-94683,added,,cve_2026_to_now,2026-09-30T13:18:08+00:00
CVE-2026-94952,added,,cve_2026_to_now,2026-09-30T13:18:08+00:00
CVE-2026-94953,added,,cve_2026_to_now,2026-09-30T13:18:08+00:00
CVE-2026-94954,added,,cve_2026_to_now,2026-09-30T13:18:08+00:00
CVE-2026-95274,added,2026-09-30,cve_2026_to_now,2026-09-30T13:18:08+00:00
CVE-2026-95275,added,,cve_2026_to_now,2026-09-30T13:18:08+00:00
CVE-2026-95276,added,2026-09-30,cve_2026_to_now,2026-09-30T13:18:08+00:00
CVE-2026-95277,added,2026-09-30,cve_2026_to_now,2026-09-30T13:18:08+00:00
CVE-2026-95278,added,,cve_2026_to_now,2026-09-30T13:18:08+00:00
CVE-2026-95279,added,,cve_2026_to_now,2026-09-30T13:18:08+00:00
CVE-2026-95280,added,2026-09-30,cve_2026_to_now,2026-09-30T13:18:08+00:00
CVE-2026-95281,added,2026-09-30,cve_2026_to_now,2026-09-30T13:18:08+00:00
CVE-2026-95282,added,2026-09-30,cve_2026_to_now,2026-09-30T13:18:08+00:00
CVE-2026-95283,added,2026-09-30,cve_2026_to_now,2026-09-30T13:18:08+00:00
CVE-2026-95284,added,2026-09-30,cve_2026_to_now,2026-09-30T13:18:08+00:00
CVE-2026-95285,added,,cve_2026_to_now,2026-09-30T13:18:08+00:00
CVE-2026-95286,added,2026-09-30,cve_2026_to_now,2026-09-30T13:18:08+00:00
CVE-2026-95287,added,2026-09-30,cve_2026_to_now,2026-09-30T13:18:08+00:00
CVE-2026-95288,added,,cve_2026_to_now,2026-09-30T13:18:08+00:00
CVE-2026-95289,added,,cve_2026_to_now,2026-09-30T13:18:08+00:00
CVE-2026-95290,added,,cve_2026_to_now,2026-09-30T13:18:08+00:00
CVE-2026-95291,added,,cve_2026_to_now,2026-09-30T13:18:08+00:00
CVE-2026-95292,added,2026-09-30,cve_2026_to_now,2026-09-30T13:18:08+00:00
CVE-2026-95293,added,2026-09-30,cve_2026_to_now,2026-09-30T13:18:08+00:00
CVE-2026-95294,added,,cve_2026_to_now,2026-09-30T13:18:08+00:00
CVE-2026-95295,added,,cve_2026_to_now,2026-09-30T13:18:08+00:00
CVE-2026-95296,added,,cve_2026_to_now,2026-09-30T13:18:08+00:00
CVE-2026-95297,added,,cve_2026_to_now,2026-09-30T13:18:08+00:00
CVE-2026-95298,added,2026-09-30,cve_2026_to_now,2026-09-30T13:18:08+00:00
CVE-2026-95299,added,2026-09-30,cve_2026_to_now,2026-09-30T13:18:08+00:00
CVE-2026-95300,added,,cve_2026_to_now,2026-09-30T13:18:08+00:00
CVE-2026-95301,added,,cve_2026_to_now,2026-09-30T13:18:08+00:00
CVE-2026-95302,added,,cve_2026_to_now,2026-09-30T13:18:08+00:00
CVE-2026-95303,added,,cve_2026_to_now,2026-09-30T13:18:08+00:00
CVE-2026-95304,added,2026-09-30,cve_2026_to_now,2026-09-30T13:18:08+00:00
CVE-2026-95305,added,,cve_2026_to_now,2026-09-30T13:18:08+00:00
CVE-2026-95306,added,2026-09-30,cve_2026_to_now,2026-09-30T13:18:08+00:00
CVE-2026-95307,added,,cve_2026_to_now,2026-09-30T13:18:08+00:00
CVE-2026-95308,added,2026-09-30,cve_2026_to_now,2026-09-30T13:18:08+00:00
CVE-2026-95309,added,,cve_2026_to_now,2026-09-30T13:18:08+00:00
CVE-2026-95310,added,2026-09-30,cve_2026_to_now,2026-09-30T13:18:08+00:00
CVE-2026-95311,added,2026-09-30,cve_2026_to_now,2026-09-30T13:18:08+00:00
CVE-2026-95312,added,,cve_2026_to_now,2026-09-30T13:18:08+00:00
CVE-2026-95313,added,2026-09-30,cve_2026_to_now,2026-09-30T13:18:08+00:00
CVE-2026-95314,added,,cve_2026_to_now,2026-09-30T13:18:08+00:00
CVE-2026-95315,added,2026-09-30,cve_2026_to_now,2026-09-30T13:18:08+00:00
CVE-2026-95316,added,,cve_2026_to_now,2026-09-30T13:18:08+00:00
CVE-2026-95317,added,,cve_2026_to_now,2026-09-30T13:18:08+00:00
CVE-2026-95318,added,2026-09-30,cve_2026_to_now,2026-09-30T13:18:08+00:00
CVE-2026-95319,added,2026-09-30,cve_2026_to_now,2026-09-30T13:18:08+00:00
CVE-2026-95320,added,,cve_2026_to_now,2026-09-30T13:18:08+00:00
CVE-2026-95321,added,,cve_2026_to_now,2026-09-30T13:18:08+00:00
CVE-2026-95322,added,2026-09-30,cve_2026_to_now,2026-09-30T13:18:08+00:00
CVE-2026-95323,added,,cve_2026_to_now,2026-09-30T13:18:08+00:00
CVE-2026-95324,added,2026-09-30,cve_2026_to_now,2026-09-30T13:18:08+00:00
CVE-2026-95325,added,2026-09-30,cve_2026_to_now,2026-09-30T13:18:08+00:00
CVE-2026-95326,added,,cve_2026_to_now,2026-09-30T13:18:08+00:00
CVE-2026-95327,added,2026-09-30,cve_2026_to_now,2026-09-30T13:18:08+00:00
CVE-2026-95328,added,,cve_2026_to_now,2026-09-30T13:18:08+00:00
CVE-2026-95329,added,2026-09-30,cve_2026_to_now,2026-09-30T13:18:08+00:00
CVE-2026-95330,added,,cve_2026_to_now,2026-09-30T13:18:08+00:00
CVE-2026-95331,added,2026-09-30,cve_2026_to_now,2026-09-30T13:18:08+00:00
CVE-2026-95332,added,,cve_2026_to_now,2026-09-30T13:18:08+00:00
CVE-2026-95333,added,2026-09-30,cve_2026_to_now,2026-09-30T13:18:08+00:00
CVE-2026-95334,added,2026-09-30,cve_2026_to_now,2026-09-30T13:18:08+00:00
CVE-2026-95335,added,2026-09-30,cve_2026_to_now,2026-09-30T13:18:08+00:00
CVE-2026-95336,added,,cve_2026_to_now,2026-09-30T13:18:08+00:00
CVE-2026-95337,added,,cve_2026_to_now,2026-09-30T13:18:08+00:00
CVE-2026-95338,added,2026-09-30,cve_2026_to_now,2026-09-30T13:18:08+00:00
CVE-2026-95339,added,2026-09-30,cve_2026_to_now,2026-09-30T13:18:08+00:00
CVE-2026-95340,added,,cve_2026_to_now,2026-09-30T13:18:08+00:00
CVE-2026-95341,added,2026-09-30,cve_2026_to_now,2026-09-30T13:18:08+00:00
CVE-2026-95342,added,,cve_2026_to_now,2026-09-30T13:18:08+00:00
CVE-2026-95343,added,2026-09-30,cve_2026_to_now,2026-09-30T13:18:08+00:00
CVE-2026-95344,added,,cve_2026_to_now,2026-09-30T13:18:08+00:00
CVE-2026-95345,added,2026-09-30,cve_2026_to_now,2026-09-30T13:18:08+00:00
CVE-2026-95346,added,,cve_2026_to_now,2026-09-30T13:18:08+00:00
CVE-2026-95347,added,2026-09-30,cve_2026_to_now,2026-09-30T13:18:08+00:00
CVE-2026-95348,added,2026-09-30,cve_2026_to_now,2026-09-30T13:18:08+00:00
CVE-2026-95349,added,2026-09-30,cve_2026_to_now,2026-09-30T13:18:08+00:00
CVE-2026-95350,added,2026-09-30,cve_2026_to_now,2026-09-30T13:18:08+00:00
CVE-2026-95351,added,2026-09-30,cve_2026_to_now,2026-09-30T13:18:08+00:00
CVE-2026-95352,added,2026-09-30,cve_2026_to_now,2026-09-30T13:18:08+00:00
CVE-2026-95353,added,2026-09-30,cve_2026_to_now,2026-09-30T13:18:08+00:00
CVE-2026-95354,added,2026-09-30,cve_2026_to_now,2026-09-30T13:18:08+00:00
CVE-2026-95355,added,2026-09-30,cve_2026_to_now,2026-09-30T13:18:08+00:00
CVE-2026-95356,added,2026-09-30,cve_2026_to_now,2026-09-30T13:18:08+00:00
CVE-2026-95357,added,2026-09-30,cve_2026_to_now,2026-09-30T13:18:08+00:00
CVE-2026-95358,added,,cve_2026_to_now,2026-09-30T13:18:08+00:00
CVE-2026-95359,added,,cve_2026_to_now,2026-09-30T13:18:08+00:00
CVE-2026-95360,added,,cve_2026_to_now,2026-09-30T13:18:08+00:00
CVE-2026-95361,added,,cve_2026_to_now,2026-09-30T13:18:08+00:00
CVE-2026-95362,added,,cve_2026_to_now,2026-09-30T13:18:08+00:00
CVE-2026-95363,added,,cve_2026_to_now,2026-09-30T13:18:08+00:00
CVE-2026-95364,added,,cve_2026_to_now,2026-09-30T13:18:08+00:00
CVE-2026-95365,added,2026-09-30,cve_2026_to_now,2026-09-30T13:18:08+00:00
CVE-2026-95366,added,,cve_2026_to_now,2026-09-30T13:18:08+00:00
CVE-2026-95367,added,,cve_2026_to_now,2026-09-30T13:18:08+00:00
CVE-2026-95368,added,,cve_2026_to_now,2026-09-30T13:18:08+00:00
CVE-2026-95369,added,2026-09-30,cve_2026_to_now,2026-09-30T13:18:08+00:00
CVE-2026-95370,added,,cve_2026_to_now,2026-09-30T13:18:08+00:00
CVE-2026-95371,added,,cve_2026_to_now,2026-09-30T13:18:08+00:00
CVE-2026-95372,added,2026-09-30,cve_2026_to_now,2026-09-30T13:18:08+00:00
CVE-2026-95373,added,2026-09-30,cve_2026_to_now,2026-09-30T13:18:08+00:00
CVE-2026-95374,added,,cve_2026_to_now,2026-09-30T13:18:08+00:00
CVE-2026-95375,added,,cve_2026_to_now,2026-09-30T13:18:08+00:00
CVE-2026-95376,added,,cve_2026_to_now,2026-09-30T13:18:08+00:00
CVE-2026-95380,added,2026-09-30,cve_2026_to_now,2026-09-30T13:18:08+00:00
CVE-2026-95381,added,2026-09-30,cve_2026_to_now,2026-09-30T13:18:08+00:00
CVE-2026-95382,added,,cve_2026_to_now,2026-09-30T13:18:08+00:00
CVE-2026-95384,added,,cve_2026_to_now,2026-09-30T13:18:08+00:00
CVE-2026-95385,added,,cve_2026_to_now,2026-09-30T13:18:08+00:00
CVE-2026-95386,updated,,cve_2026_to_now,2026-09-30T13:18:08+00:00
CVE-2026-95387,updated,,cve_2026_to_now,2026-09-30T13:18:08+00:00
CVE-2026-95388,updated,,cve_2026_to_now,2026-09-30T13:18:08+00:00
CVE-2026-95389,updated,,cve_2026_to_now,2026-09-30T13:18:08+00:00
CVE-2026-95390,updated,,cve_2026_to_now,2026-09-30T13:18:08+00:00
CVE-2026-95391,updated,,cve_2026_to_now,2026-09-30T13:18:08+00:00
CVE-2026-95392,updated,,cve_2026_to_now,2026-09-30T13:18:08+00:00
CVE-2026-95393,updated,,cve_2026_to_now,2026-09-30T13:18:08+00:00
CVE-2026-95394,updated,,cve_2026_to_now,2026-09-30T13:18:08+00:00
CVE-2026-95395,updated,,cve_2026_to_now,2026-09-30T13:18:08+00:00
CVE-2026-95509,updated,,cve_2026_to_now,2026-09-30T13:18:08+00:00
CVE-2026-95531,added,,cve_2026_to_now,2026-09-30T13:18:08+00:00
CVE-2026-95587,added,,cve_2026_to_now,2026-09-30T13:18:08+00:00
CVE-2026-95616,added,,cve_2026_to_now,2026-09-30T13:18:08+00:00
CVE-2026-96274,added,,cve_2026_to_now,2026-09-30T13:18:08+00:00
CVE-2026-96280,updated,2026-09-29,cve_2026_to_now,2026-09-30T13:18:08+00:00
CVE-2026-96284,updated,2026-09-29,cve_2026_to_now,2026-09-30T13:18:08+00:00
CVE-2026-96338,added,,cve_2026_to_now,2026-09-30T13:18:08+00:00
CVE-2026-96342,added,,cve_2026_to_now,2026-09-30T13:18:08+00:00
CVE-2026-96343,added,,cve_2026_to_now,2026-09-30T13:18:08+00:00
CVE-2026-96344,added,,cve_2026_to_now,2026-09-30T13:18:08+00:00
CVE-2026-96345,added,,cve_2026_to_now,2026-09-30T13:18:08+00:00
CVE-2026-96346,added,,cve_2026_to_now,2026-09-30T13:18:08+00:00
CVE-2026-96347,added,,cve_2026_to_now,2026-09-30T13:18:08+00:00
CVE-2026-96348,added,,cve_2026_to_now,2026-09-30T13:18:08+00:00
CVE-2026-96349,added,,cve_2026_to_now,2026-09-30T13:18:08+00:00
CVE-2026-96350,added,,cve_2026_to_now,2026-09-30T13:18:08+00:00
CVE-2026-96351,added,,cve_2026_to_now,2026-09-30T13:18:08+00:00
CVE-2026-96352,added,,cve_2026_to_now,2026-09-30T13:18:08+00:00
CVE-2026-96415,updated,,cve_2026_to_now,2026-09-30T13:18:08+00:00
CVE-2026-96416,updated,,cve_2026_to_now,2026-09-30T13:18:08+00:00
CVE-2026-96417,updated,,cve_2026_to_now,2026-09-30T13:18:08+00:00
CVE-2026-96418,updated,,cve_2026_to_now,2026-09-30T13:18:08+00:00
CVE-2026-96419,updated,,cve_2026_to_now,2026-09-30T13:18:08+00:00
CVE-2026-96420,updated,,cve_2026_to_now,2026-09-30T13:18:08+00:00
CVE-2026-96421,updated,,cve_2026_to_now,2026-09-30T13:18:08+00:00
CVE-2026-96422,updated,,cve_2026_to_now,2026-09-30T13:18:08+00:00
CVE-2026-96423,updated,,cve_2026_to_now,2026-09-30T13:18:08+00:00
CVE-2026-96428,updated,,cve_2026_to_now,2026-09-30T13:18:08+00:00
CVE-2026-96429,updated,,cve_2026_to_now,2026-09-30T13:18:08+00:00
CVE-2026-96430,updated,,cve_2026_to_now,2026-09-30T13:18:08+00:00
CVE-2026-96431,updated,,cve_2026_to_now,2026-09-30T13:18:08+00:00
CVE-2026-96450,added,,cve_2026_to_now,2026-09-30T13:18:08+00:00
CVE-2026-96587,added,,cve_2026_to_now,2026-09-30T13:18:08+00:00
CVE-2026-96606,updated,2026-09-29,cve_2026_to_now,2026-09-30T13:18:08+00:00
CVE-2026-96649,added,,cve_2026_to_now,2026-09-30T13:18:08+00:00
CVE-2026-96814,added,,cve_2026_to_now,2026-09-30T13:18:08+00:00
CVE-2026-96815,added,,cve_2026_to_now,2026-09-30T13:18:08+00:00
CVE-2026-96816,added,,cve_2026_to_now,2026-09-30T13:18:08+00:00
CVE-2026-96817,added,,cve_2026_to_now,2026-09-30T13:18:08+00:00
CVE-2026-96818,added,,cve_2026_to_now,2026-09-30T13:18:08+00:00
CVE-2026-96819,added,,cve_2026_to_now,2026-09-30T13:18:08+00:00
CVE-2026-96820,added,,cve_2026_to_now,2026-09-30T13:18:08+00:00
CVE-2026-96821,added,,cve_2026_to_now,2026-09-30T13:18:08+00:00
CVE-2026-96822,added,,cve_2026_to_now,2026-09-30T13:18:08+00:00
CVE-2026-96823,added,,cve_2026_to_now,2026-09-30T13:18:08+00:00
CVE-2026-96824,added,,cve_2026_to_now,2026-09-30T13:18:08+00:00
CVE-2026-96825,added,,cve_2026_to_now,2026-09-30T13:18:08+00:00
CVE-2026-96827,added,,cve_2026_to_now,2026-09-30T13:18:08+00:00
CVE-2026-96828,added,,cve_2026_to_now,2026-09-30T13:18:08+00:00
CVE-2026-96829,added,,cve_2026_to_now,2026-09-30T13:18:08+00:00
CVE-2026-96830,added,,cve_2026_to_now,2026-09-30T13:18:08+00:00
CVE-2026-96831,added,,cve_2026_to_now,2026-09-30T13:18:08+00:00
CVE-2026-96832,added,,cve_2026_to_now,2026-09-30T13:18:08+00:00
CVE-2026-96833,added,,cve_2026_to_now,2026-09-30T13:18:08+00:00
CVE-2026-96834,added,,cve_2026_to_now,2026-09-30T13:18:08+00:00
CVE-2026-96835,added,,cve_2026_to_now,2026-09-30T13:18:08+00:00
CVE-2026-96836,added,,cve_2026_to_now,2026-09-30T13:18:08+00:00
CVE-2026-96837,added,,cve_2026_to_now,2026-09-30T13:18:08+00:00
CVE-2026-96838,added,,cve_2026_to_now,2026-09-30T13:18:08+00:00
CVE-2026-96869,updated,,cve_2026_to_now,2026-09-30T13:18:08+00:00
CVE-2026-96873,updated,2026-09-29,cve_2026_to_now,2026-09-30T13:18:08+00:00
CVE-2026-96874,updated,2026-09-29,cve_2026_to_now,2026-09-30T13:18:08+00:00
CVE-2026-96875,updated,2026-09-29,cve_2026_to_now,2026-09-30T13:18:08+00:00
CVE-2026-96876,updated,2026-09-29,cve_2026_to_now,2026-09-30T13:18:08+00:00
CVE-2026-96877,updated,2026-09-29,cve_2026_to_now,2026-09-30T13:18:08+00:00
CVE-2026-96878,updated,2026-09-29,cve_2026_to_now,2026-09-30T13:18:08+00:00
CVE-2026-96879,updated,2026-09-29,cve_2026_to_now,2026-09-30T13:18:08+00:00
CVE-2026-96886,added,,cve_2026_to_now,2026-09-30T13:18:08+00:00
CVE-2026-97025,updated,2026-09-29,cve_2026_to_now,2026-09-30T13:18:08+00:00
CVE-2026-97027,updated,2026-09-29,cve_2026_to_now,2026-09-30T13:18:08+00:00
CVE-2026-97029,updated,,cve_2026_to_now,2026-09-30T13:18:08+00:00
CVE-2026-97060,updated,2026-09-29,cve_2026_to_now,2026-09-30T13:18:08+00:00
CVE-2026-97065,added,,cve_2026_to_now,2026-09-30T13:18:08+00:00
CVE-2026-97066,added,,cve_2026_to_now,2026-09-30T13:18:08+00:00
CVE-2026-97067,added,,cve_2026_to_now,2026-09-30T13:18:08+00:00
CVE-2026-97074,added,,cve_2026_to_now,2026-09-30T13:18:08+00:00
CVE-2026-97077,added,,cve_2026_to_now,2026-09-30T13:18:08+00:00
CVE-2026-97078,added,,cve_2026_to_now,2026-09-30T13:18:08+00:00
CVE-2026-97079,added,,cve_2026_to_now,2026-09-30T13:18:08+00:00
CVE-2026-97150,added,,cve_2026_to_now,2026-09-30T13:18:08+00:00
CVE-2026-97164,updated,2026-09-29,cve_2026_to_now,2026-09-30T13:18:08+00:00
CVE-2026-97165,updated,2026-09-30,cve_2026_to_now,2026-09-30T13:18:08+00:00
CVE-2026-97196,added,,cve_2026_to_now,2026-09-30T13:18:08+00:00
CVE-2026-97197,added,,cve_2026_to_now,2026-09-30T13:18:08+00:00
CVE-2026-97235,added,,cve_2026_to_now,2026-09-30T13:18:08+00:00
CVE-2026-97236,added,,cve_2026_to_now,2026-09-30T13:18:08+00:00
CVE-2026-97237,added,,cve_2026_to_now,2026-09-30T13:18:08+00:00
CVE-2026-97238,added,,cve_2026_to_now,2026-09-30T13:18:08+00:00
CVE-2026-97239,added,,cve_2026_to_now,2026-09-30T13:18:08+00:00
CVE-2026-97240,added,,cve_2026_to_now,2026-09-30T13:18:08+00:00
CVE-2026-97241,added,,cve_2026_to_now,2026-09-30T13:18:08+00:00
CVE-2026-97242,added,,cve_2026_to_now,2026-09-30T13:18:08+00:00
CVE-2026-97243,added,,cve_2026_to_now,2026-09-30T13:18:08+00:00
CVE-2026-97244,added,,cve_2026_to_now,2026-09-30T13:18:08+00:00
CVE-2026-97245,added,,cve_2026_to_now,2026-09-30T13:18:08+00:00
CVE-2026-97246,added,,cve_2026_to_now,2026-09-30T13:18:08+00:00
CVE-2026-97247,added,,cve_2026_to_now,2026-09-30T13:18:08+00:00
CVE-2026-97248,added,,cve_2026_to_now,2026-09-30T13:18:08+00:00
CVE-2026-97249,added,,cve_2026_to_now,2026-09-30T13:18:08+00:00
CVE-2026-97250,added,,cve_2026_to_now,2026-09-30T13:18:08+00:00
CVE-2026-97253,added,,cve_2026_to_now,2026-09-30T13:18:08+00:00
CVE-2026-97261,added,,cve_2026_to_now,2026-09-30T13:18:08+00:00
CVE-2026-97262,added,,cve_2026_to_now,2026-09-30T13:18:08+00:00
CVE-2026-97266,added,,cve_2026_to_now,2026-09-30T13:18:08+00:00
CVE-2026-97267,added,,cve_2026_to_now,2026-09-30T13:18:08+00:00
CVE-2026-97270,added,,cve_2026_to_now,2026-09-30T13:18:08+00:00
CVE-2026-97271,added,,cve_2026_to_now,2026-09-30T13:18:08+00:00
CVE-2026-97272,added,,cve_2026_to_now,2026-09-30T13:18:08+00:00
CVE-2026-97274,added,,cve_2026_to_now,2026-09-30T13:18:08+00:00
CVE-2026-97279,added,,cve_2026_to_now,2026-09-30T13:18:08+00:00
CVE-2026-97282,added,,cve_2026_to_now,2026-09-30T13:18:08+00:00
CVE-2026-97285,added,,cve_2026_to_now,2026-09-30T13:18:08+00:00
CVE-2026-97286,added,,cve_2026_to_now,2026-09-30T13:18:08+00:00
CVE-2026-97287,added,,cve_2026_to_now,2026-09-30T13:18:08+00:00
CVE-2026-97288,added,,cve_2026_to_now,2026-09-30T13:18:08+00:00
CVE-2026-97289,added,,cve_2026_to_now,2026-09-30T13:18:08+00:00
CVE-2026-97292,added,,cve_2026_to_now,2026-09-30T13:18:08+00:00
CVE-2026-97293,added,,cve_2026_to_now,2026-09-30T13:18:08+00:00
CVE-2026-97298,added,,cve_2026_to_now,2026-09-30T13:18:08+00:00
CVE-2026-97299,added,,cve_2026_to_now,2026-09-30T13:18:08+00:00
CVE-2026-97301,added,,cve_2026_to_now,2026-09-30T13:18:08+00:00
CVE-2026-97302,added,,cve_2026_to_now,2026-09-30T13:18:08+00:00
CVE-2026-97316,added,,cve_2026_to_now,2026-09-30T13:18:08+00:00
CVE-2026-97347,added,,cve_2026_to_now,2026-09-30T13:18:08+00:00
CVE-2026-97395,added,,cve_2026_to_now,2026-09-30T13:18:08+00:00
CVE-2026-97687,added,,cve_2026_to_now,2026-09-30T13:18:08+00:00
CVE-2026-97688,added,,cve_2026_to_now,2026-09-30T13:18:08+00:00
CVE-2026-97689,added,,cve_2026_to_now,2026-09-30T13:18:08+00:00
CVE-2026-97711,added,,cve_2026_to_now,2026-09-30T13:18:08+00:00
CVE-2026-97721,updated,2026-09-29,cve_2026_to_now,2026-09-30T13:18:08+00:00
CVE-2026-97882,updated,2026-09-29,cve_2026_to_now,2026-09-30T13:18:08+00:00
CVE-2026-97886,updated,2026-09-29,cve_2026_to_now,2026-09-30T13:18:08+00:00
CVE-2026-97896,updated,2026-09-30,cve_2026_to_now,2026-09-30T13:18:08+00:00
CVE-2026-97897,updated,2026-09-29,cve_2026_to_now,2026-09-30T13:18:08+00:00
CVE-2026-100143,added,,cve_2026_to_now,2026-09-30T13:18:08+00:00
CVE-2026-100192,updated,2026-09-29,cve_2026_to_now,2026-09-30T13:18:08+00:00
CVE-2026-100208,updated,2026-09-29,cve_2026_to_now,2026-09-30T13:18:08+00:00
CVE-2026-100238,added,,cve_2026_to_now,2026-09-30T13:18:08+00:00
CVE-2026-100240,added,,cve_2026_to_now,2026-09-30T13:18:08+00:00
CVE-2026-100241,added,,cve_2026_to_now,2026-09-30T13:18:08+00:00
CVE-2026-100242,added,,cve_2026_to_now,2026-09-30T13:18:08+00:00
CVE-2026-100243,added,,cve_2026_to_now,2026-09-30T13:18:08+00:00
CVE-2026-100244,added,,cve_2026_to_now,2026-09-30T13:18:08+00:00
CVE-2026-100245,added,,cve_2026_to_now,2026-09-30T13:18:08+00:00
CVE-2026-100286,added,,cve_2026_to_now,2026-09-30T13:18:08+00:00
CVE-2026-100287,added,,cve_2026_to_now,2026-09-30T13:18:08+00:00
CVE-2026-100288,added,,cve_2026_to_now,2026-09-30T13:18:08+00:00
CVE-2026-100289,added,,cve_2026_to_now,2026-09-30T13:18:08+00:00
CVE-2026-100291,added,,cve_2026_to_now,2026-09-30T13:18:08+00:00
CVE-2026-100292,added,,cve_2026_to_now,2026-09-30T13:18:08+00:00
CVE-2026-100293,added,,cve_2026_to_now,2026-09-30T13:18:08+00:00
CVE-2026-100294,added,,cve_2026_to_now,2026-09-30T13:18:08+00:00
CVE-2026-100295,added,,cve_2026_to_now,2026-09-30T13:18:08+00:00
CVE-2026-100296,added,,cve_2026_to_now,2026-09-30T13:18:08+00:00
CVE-2026-100297,added,,cve_2026_to_now,2026-09-30T13:18:08+00:00
CVE-2026-100298,added,,cve_2026_to_now,2026-09-30T13:18:08+00:00
CVE-2026-100299,added,,cve_2026_to_now,2026-09-30T13:18:08+00:00
CVE-2026-100303,updated,2026-09-30,cve_2026_to_now,2026-09-30T13:18:08+00:00
CVE-2026-100304,updated,2026-09-29,cve_2026_to_now,2026-09-30T13:18:08+00:00
CVE-2026-100308,added,,cve_2026_to_now,2026-09-30T13:18:08+00:00
CVE-2026-100310,updated,2026-09-30,cve_2026_to_now,2026-09-30T13:18:08+00:00
CVE-2026-100312,updated,2026-09-30,cve_2026_to_now,2026-09-30T13:18:08+00:00
CVE-2026-100315,updated,2026-09-30,cve_2026_to_now,2026-09-30T13:18:08+00:00
CVE-2026-100368,updated,2026-09-30,cve_2026_to_now,2026-09-30T13:18:08+00:00
CVE-2026-100371,updated,2026-09-29,cve_2026_to_now,2026-09-30T13:18:08+00:00
CVE-2026-100372,updated,2026-09-29,cve_2026_to_now,2026-09-30T13:18:08+00:00
CVE-2026-100388,updated,2026-09-30,cve_2026_to_now,2026-09-30T13:18:08+00:00
CVE-2026-100389,updated,2026-09-30,cve_2026_to_now,2026-09-30T13:18:08+00:00
CVE-2026-100392,updated,2026-09-29,cve_2026_to_now,2026-09-30T13:18:08+00:00
CVE-2026-100417,updated,2026-09-30,cve_2026_to_now,2026-09-30T13:18:08+00:00
CVE-2026-100418,updated,2026-09-29,cve_2026_to_now,2026-09-30T13:18:08+00:00
CVE-2026-100502,updated,2026-09-30,cve_2026_to_now,2026-09-30T13:18:08+00:00
CVE-2026-100503,updated,2026-09-29,cve_2026_to_now,2026-09-30T13:18:08+00:00
CVE-2026-100507,added,,cve_2026_to_now,2026-09-30T13:18:08+00:00
CVE-2026-100508,added,,cve_2026_to_now,2026-09-30T13:18:08+00:00
CVE-2026-100513,added,,cve_2026_to_now,2026-09-30T13:18:08+00:00
CVE-2026-100520,updated,2026-09-30,cve_2026_to_now,2026-09-30T13:18:08+00:00
CVE-2026-100521,updated,2026-09-29,cve_2026_to_now,2026-09-30T13:18:08+00:00
CVE-2026-100524,updated,2026-09-30,cve_2026_to_now,2026-09-30T13:18:08+00:00
CVE-2026-100525,updated,2026-09-29,cve_2026_to_now,2026-09-30T13:18:08+00:00
CVE-2026-100528,updated,2026-09-30,cve_2026_to_now,2026-09-30T13:18:08+00:00
CVE-2026-100529,updated,2026-09-29,cve_2026_to_now,2026-09-30T13:18:08+00:00
CVE-2026-100532,updated,2026-09-30,cve_2026_to_now,2026-09-30T13:18:08+00:00
CVE-2026-100533,updated,2026-09-29,cve_2026_to_now,2026-09-30T13:18:08+00:00
CVE-2026-100536,updated,2026-09-30,cve_2026_to_now,2026-09-30T13:18:08+00:00
CVE-2026-100537,updated,2026-09-29,cve_2026_to_now,2026-09-30T13:18:08+00:00
CVE-2026-100540,updated,2026-09-30,cve_2026_to_now,2026-09-30T13:18:08+00:00
CVE-2026-100541,updated,2026-09-29,cve_2026_to_now,2026-09-30T13:18:08+00:00
CVE-2026-100544,updated,2026-09-30,cve_2026_to_now,2026-09-30T13:18:08+00:00
CVE-2026-100545,updated,2026-09-29,cve_2026_to_now,2026-09-30T13:18:08+00:00
CVE-2026-100548,updated,2026-09-30,cve_2026_to_now,2026-09-30T13:18:08+00:00
CVE-2026-100549,updated,2026-09-29,cve_2026_to_now,2026-09-30T13:18:08+00:00
CVE-2026-100552,updated,2026-09-30,cve_2026_to_now,2026-09-30T13:18:08+00:00
CVE-2026-100553,updated,2026-09-29,cve_2026_to_now,2026-09-30T13:18:08+00:00
CVE-2026-100556,updated,2026-09-30,cve_2026_to_now,2026-09-30T13:18:08+00:00
CVE-2026-100557,updated,2026-09-29,cve_2026_to_now,2026-09-30T13:18:08+00:00
CVE-2026-100560,updated,2026-09-30,cve_2026_to_now,2026-09-30T13:18:08+00:00
CVE-2026-100561,updated,2026-09-29,cve_2026_to_now,2026-09-30T13:18:08+00:00
CVE-2026-100564,updated,2026-09-30,cve_2026_to_now,2026-09-30T13:18:08+00:00
CVE-2026-100566,updated,2026-09-29,cve_2026_to_now,2026-09-30T13:18:08+00:00
CVE-2026-100569,updated,2026-09-30,cve_2026_to_now,2026-09-30T13:18:08+00:00
CVE-2026-100570,updated,2026-09-29,cve_2026_to_now,2026-09-30T13:18:08+00:00
CVE-2026-100573,updated,2026-09-30,cve_2026_to_now,2026-09-30T13:18:08+00:00
CVE-2026-100574,updated,2026-09-29,cve_2026_to_now,2026-09-30T13:18:08+00:00
CVE-2026-100577,updated,2026-09-30,cve_2026_to_now,2026-09-30T13:18:08+00:00
CVE-2026-100581,updated,2026-09-30,cve_2026_to_now,2026-09-30T13:18:08+00:00
CVE-2026-100585,updated,2026-09-30,cve_2026_to_now,2026-09-30T13:18:08+00:00
CVE-2026-100589,updated,2026-09-30,cve_2026_to_now,2026-09-30T13:18:08+00:00
CVE-2026-100593,updated,2026-09-30,cve_2026_to_now,2026-09-30T13:18:08+00:00
CVE-2026-100597,updated,2026-09-30,cve_2026_to_now,2026-09-30T13:18:08+00:00
CVE-2026-100601,updated,2026-09-30,cve_2026_to_now,2026-09-30T13:18:08+00:00
CVE-2026-100605,updated,2026-09-30,cve_2026_to_now,2026-09-30T13:18:08+00:00
CVE-2026-100609,updated,2026-09-30,cve_2026_to_now,2026-09-30T13:18:08+00:00
CVE-2026-100613,updated,2026-09-30,cve_2026_to_now,2026-09-30T13:18:08+00:00
CVE-2026-100617,updated,2026-09-30,cve_2026_to_now,2026-09-30T13:18:08+00:00
CVE-2026-100621,updated,2026-09-30,cve_2026_to_now,2026-09-30T13:18:08+00:00
CVE-2026-100625,updated,2026-09-30,cve_2026_to_now,2026-09-30T13:18:08+00:00
CVE-2026-100630,updated,2026-09-30,cve_2026_to_now,2026-09-30T13:18:08+00:00
CVE-2026-100634,updated,2026-09-30,cve_2026_to_now,2026-09-30T13:18:08+00:00
CVE-2026-100638,updated,2026-09-30,cve_2026_to_now,2026-09-30T13:18:08+00:00
CVE-2026-100747,updated,2026-09-30,cve_2026_to_now,2026-09-30T13:18:08+00:00
CVE-2026-100748,updated,2026-09-29,cve_2026_to_now,2026-09-30T13:18:08+00:00
CVE-2026-100749,updated,2026-09-30,cve_2026_to_now,2026-09-30T13:18:08+00:00
CVE-2026-100750,updated,2026-09-30,cve_2026_to_now,2026-09-30T13:18:08+00:00
CVE-2026-100751,updated,2026-09-30,cve_2026_to_now,2026-09-30T13:18:08+00:00
CVE-2026-100757,updated,2026-09-30,cve_2026_to_now,2026-09-30T13:18:08+00:00
CVE-2026-100761,updated,2026-09-30,cve_2026_to_now,2026-09-30T13:18:08+00:00
CVE-2026-100762,updated,,cve_2026_to_now,2026-09-30T13:18:08+00:00
CVE-2026-100764,updated,2026-09-30,cve_2026_to_now,2026-09-30T13:18:08+00:00
CVE-2026-100765,updated,2026-09-30,cve_2026_to_now,2026-09-30T13:18:08+00:00
CVE-2026-100766,updated,,cve_2026_to_now,2026-09-30T13:18:08+00:00
CVE-2026-100767,updated,2026-09-30,cve_2026_to_now,2026-09-30T13:18:08+00:00
CVE-2026-100768,updated,2026-09-30,cve_2026_to_now,2026-09-30T13:18:08+00:00
CVE-2026-100769,updated,2026-09-30,cve_2026_to_now,2026-09-30T13:18:08+00:00
CVE-2026-100770,updated,,cve_2026_to_now,2026-09-30T13:18:08+00:00
CVE-2026-100772,updated,2026-09-30,cve_2026_to_now,2026-09-30T13:18:08+00:00
CVE-2026-100773,updated,2026-09-30,cve_2026_to_now,2026-09-30T13:18:08+00:00
CVE-2026-100774,updated,2026-09-30,cve_2026_to_now,2026-09-30T13:18:08+00:00
CVE-2026-100776,updated,2026-09-30,cve_2026_to_now,2026-09-30T13:18:08+00:00
CVE-2026-100777,updated,2026-09-30,cve_2026_to_now,2026-09-30T13:18:08+00:00
CVE-2026-100778,updated,,cve_2026_to_now,2026-09-30T13:18:08+00:00
CVE-2026-100779,updated,2026-09-30,cve_2026_to_now,2026-09-30T13:18:08+00:00
CVE-2026-100780,updated,2026-09-30,cve_2026_to_now,2026-09-30T13:18:08+00:00
CVE-2026-100782,updated,2026-09-30,cve_2026_to_now,2026-09-30T13:18:08+00:00
CVE-2026-100783,updated,,cve_2026_to_now,2026-09-30T13:18:08+00:00
CVE-2026-100784,updated,2026-09-30,cve_2026_to_now,2026-09-30T13:18:08+00:00
CVE-2026-100785,updated,2026-09-30,cve_2026_to_now,2026-09-30T13:18:08+00:00
CVE-2026-100786,updated,,cve_2026_to_now,2026-09-30T13:18:08+00:00
CVE-2026-100789,updated,2026-09-30,cve_2026_to_now,2026-09-30T13:18:08+00:00
CVE-2026-100790,updated,2026-09-30,cve_2026_to_now,2026-09-30T13:18:08+00:00
CVE-2026-100791,updated,2026-09-30,cve_2026_to_now,2026-09-30T13:18:08+00:00
CVE-2026-100795,updated,,cve_2026_to_now,2026-09-30T13:18:08+00:00
CVE-2026-100796,updated,2026-09-30,cve_2026_to_now,2026-09-30T13:18:08+00:00
CVE-2026-100797,updated,2026-09-30,cve_2026_to_now,2026-09-30T13:18:08+00:00
CVE-2026-100799,updated,,cve_2026_to_now,2026-09-30T13:18:08+00:00
CVE-2026-100800,updated,2026-09-30,cve_2026_to_now,2026-09-30T13:18:08+00:00
CVE-2026-100801,updated,2026-09-30,cve_2026_to_now,2026-09-30T13:18:08+00:00
CVE-2026-100802,updated,,cve_2026_to_now,2026-09-30T13:18:08+00:00
CVE-2026-100804,updated,2026-09-30,cve_2026_to_now,2026-09-30T13:18:08+00:00
CVE-2026-100805,updated,2026-09-30,cve_2026_to_now,2026-09-30T13:18:08+00:00
CVE-2026-100806,updated,,cve_2026_to_now,2026-09-30T13:18:08+00:00
CVE-2026-100807,updated,2026-09-30,cve_2026_to_now,2026-09-30T13:18:08+00:00
CVE-2026-100811,updated,2026-09-30,cve_2026_to_now,2026-09-30T13:18:08+00:00
CVE-2026-100812,updated,,cve_2026_to_now,2026-09-30T13:18:08+00:00
CVE-2026-100813,updated,,cve_2026_to_now,2026-09-30T13:18:08+00:00
CVE-2026-100814,updated,,cve_2026_to_now,2026-09-30T13:18:08+00:00
CVE-2026-100815,updated,2026-09-30,cve_2026_to_now,2026-09-30T13:18:08+00:00
CVE-2026-100819,updated,2026-09-30,cve_2026_to_now,2026-09-30T13:18:08+00:00
CVE-2026-100820,updated,2026-09-30,cve_2026_to_now,2026-09-30T13:18:08+00:00
CVE-2026-100824,updated,2026-09-30,cve_2026_to_now,2026-09-30T13:18:08+00:00
CVE-2026-100826,updated,,cve_2026_to_now,2026-09-30T13:18:08+00:00
CVE-2026-101041,updated,2026-09-29,cve_2026_to_now,2026-09-30T13:18:08+00:00
CVE-2026-101091,updated,2026-09-29,cve_2026_to_now,2026-09-30T13:18:08+00:00
CVE-2026-101093,updated,2026-09-29,cve_2026_to_now,2026-09-30T13:18:08+00:00
CVE-2026-101112,added,,cve_2026_to_now,2026-09-30T13:18:08+00:00
CVE-2026-101126,added,,cve_2026_to_now,2026-09-30T13:18:08+00:00
CVE-2026-101127,added,,cve_2026_to_now,2026-09-30T13:18:08+00:00
CVE-2026-101139,updated,2026-09-29,cve_2026_to_now,2026-09-30T13:18:08+00:00
CVE-2026-101141,updated,2026-09-29,cve_2026_to_now,2026-09-30T13:18:08+00:00
CVE-2026-101143,updated,2026-09-29,cve_2026_to_now,2026-09-30T13:18:08+00:00
CVE-2026-101144,updated,2026-09-29,cve_2026_to_now,2026-09-30T13:18:08+00:00
CVE-2026-101146,updated,2026-09-29,cve_2026_to_now,2026-09-30T13:18:08+00:00
CVE-2026-101169,updated,,cve_2026_to_now,2026-09-30T13:18:08+00:00
CVE-2026-101187,updated,2026-09-29,cve_2026_to_now,2026-09-30T13:18:08+00:00
CVE-2026-101203,updated,2026-09-29,cve_2026_to_now,2026-09-30T13:18:08+00:00
CVE-2026-101260,updated,2026-09-29,cve_2026_to_now,2026-09-30T13:18:08+00:00
CVE-2026-101263,updated,2026-09-29,cve_2026_to_now,2026-09-30T13:18:08+00:00
CVE-2026-101266,updated,,cve_2026_to_now,2026-09-30T13:18:08+00:00
CVE-2026-101267,updated,,cve_2026_to_now,2026-09-30T13:18:08+00:00
CVE-2026-101268,updated,,cve_2026_to_now,2026-09-30T13:18:08+00:00
CVE-2026-101269,updated,,cve_2026_to_now,2026-09-30T13:18:08+00:00
CVE-2026-101270,updated,,cve_2026_to_now,2026-09-30T13:18:08+00:00
CVE-2026-101271,updated,,cve_2026_to_now,2026-09-30T13:18:08+00:00
CVE-2026-101277,updated,2026-09-29,cve_2026_to_now,2026-09-30T13:18:08+00:00
CVE-2026-101280,updated,,cve_2026_to_now,2026-09-30T13:18:08+00:00
CVE-2026-101292,updated,2026-09-29,cve_2026_to_now,2026-09-30T13:18:08+00:00
CVE-2026-101858,updated,,cve_2026_to_now,2026-09-30T13:18:08+00:00
CVE-2026-101878,updated,,cve_2026_to_now,2026-09-30T13:18:08+00:00
CVE-2026-101914,updated,2026-09-29,cve_2026_to_now,2026-09-30T13:18:08+00:00
CVE-2026-101918,updated,2026-09-29,cve_2026_to_now,2026-09-30T13:18:08+00:00
CVE-2026-102004,updated,2026-09-29,cve_2026_to_now,2026-09-30T13:18:08+00:00
CVE-2026-102010,updated,2026-09-30,cve_2026_to_now,2026-09-30T13:18:08+00:00
CVE-2026-102240,updated,,cve_2026_to_now,2026-09-30T13:18:08+00:00
CVE-2026-102242,added,,cve_2026_to_now,2026-09-30T13:18:08+00:00
CVE-2026-102244,updated,,cve_2026_to_now,2026-09-30T13:18:08+00:00
CVE-2026-102248,updated,,cve_2026_to_now,2026-09-30T13:18:08+00:00
CVE-2026-102252,added,,cve_2026_to_now,2026-09-30T13:18:08+00:00
CVE-2026-102253,added,,cve_2026_to_now,2026-09-30T13:18:08+00:00
CVE-2026-102263,updated,,cve_2026_to_now,2026-09-30T13:18:08+00:00
CVE-2026-102266,updated,2026-09-29,cve_2026_to_now,2026-09-30T13:18:08+00:00
CVE-2026-102268,updated,2026-09-29,cve_2026_to_now,2026-09-30T13:18:08+00:00
CVE-2026-102269,updated,2026-09-29,cve_2026_to_now,2026-09-30T13:18:08+00:00
CVE-2026-102270,updated,2026-09-29,cve_2026_to_now,2026-09-30T13:18:08+00:00
CVE-2026-102272,updated,2026-09-29,cve_2026_to_now,2026-09-30T13:18:08+00:00
CVE-2026-102273,updated,2026-09-29,cve_2026_to_now,2026-09-30T13:18:08+00:00
CVE-2026-102274,updated,2026-09-29,cve_2026_to_now,2026-09-30T13:18:08+00:00
CVE-2026-102275,updated,2026-09-29,cve_2026_to_now,2026-09-30T13:18:08+00:00
CVE-2026-102276,updated,2026-09-29,cve_2026_to_now,2026-09-30T13:18:08+00:00
CVE-2026-102277,updated,2026-09-29,cve_2026_to_now,2026-09-30T13:18:08+00:00
CVE-2026-102279,updated,2026-09-29,cve_2026_to_now,2026-09-30T13:18:08+00:00
CVE-2026-102292,updated,,cve_2026_to_now,2026-09-30T13:18:08+00:00
CVE-2026-102296,updated,2026-09-29,cve_2026_to_now,2026-09-30T13:18:08+00:00
CVE-2026-102297,updated,2026-09-29,cve_2026_to_now,2026-09-30T13:18:08+00:00
CVE-2026-102299,added,2026-09-30,cve_2026_to_now,2026-09-30T13:18:08+00:00
CVE-2026-102300,added,,cve_2026_to_now,2026-09-30T13:18:08+00:00
CVE-2026-102301,added,2026-09-30,cve_2026_to_now,2026-09-30T13:18:08+00:00
CVE-2026-102302,added,2026-09-30,cve_2026_to_now,2026-09-30T13:18:08+00:00
CVE-2026-102303,added,,cve_2026_to_now,2026-09-30T13:18:08+00:00
CVE-2026-102304,added,2026-09-30,cve_2026_to_now,2026-09-30T13:18:08+00:00
CVE-2026-102305,added,,cve_2026_to_now,2026-09-30T13:18:08+00:00
CVE-2026-102306,added,2026-09-30,cve_2026_to_now,2026-09-30T13:18:08+00:00
CVE-2026-102307,added,,cve_2026_to_now,2026-09-30T13:18:08+00:00
CVE-2026-102308,added,2026-09-30,cve_2026_to_now,2026-09-30T13:18:08+00:00
CVE-2026-102309,added,2026-09-30,cve_2026_to_now,2026-09-30T13:18:08+00:00
CVE-2026-102310,added,,cve_2026_to_now,2026-09-30T13:18:08+00:00
CVE-2026-102311,added,,cve_2026_to_now,2026-09-30T13:18:08+00:00
CVE-2026-102312,added,,cve_2026_to_now,2026-09-30T13:18:08+00:00
CVE-2026-102313,added,,cve_2026_to_now,2026-09-30T13:18:08+00:00
CVE-2026-102314,added,,cve_2026_to_now,2026-09-30T13:18:08+00:00
CVE-2026-102315,added,,cve_2026_to_now,2026-09-30T13:18:08+00:00
CVE-2026-102316,added,2026-09-30,cve_2026_to_now,2026-09-30T13:18:08+00:00
CVE-2026-102317,added,2026-09-30,cve_2026_to_now,2026-09-30T13:18:08+00:00
CVE-2026-102318,added,,cve_2026_to_now,2026-09-30T13:18:08+00:00
CVE-2026-102319,added,,cve_2026_to_now,2026-09-30T13:18:08+00:00
CVE-2026-102320,added,,cve_2026_to_now,2026-09-30T13:18:08+00:00
CVE-2026-102321,added,2026-09-30,cve_2026_to_now,2026-09-30T13:18:08+00:00
CVE-2026-102323,added,2026-09-30,cve_2026_to_now,2026-09-30T13:18:08+00:00
CVE-2026-102324,added,2026-09-30,cve_2026_to_now,2026-09-30T13:18:08+00:00
CVE-2026-102325,added,,cve_2026_to_now,2026-09-30T13:18:08+00:00
CVE-2026-102326,added,2026-09-30,cve_2026_to_now,2026-09-30T13:18:08+00:00
CVE-2026-102327,added,2026-09-30,cve_2026_to_now,2026-09-30T13:18:08+00:00
CVE-2026-102328,added,2026-09-30,cve_2026_to_now,2026-09-30T13:18:08+00:00
CVE-2026-102329,added,,cve_2026_to_now,2026-09-30T13:18:08+00:00
CVE-2026-102330,added,,cve_2026_to_now,2026-09-30T13:18:08+00:00
CVE-2026-102331,added,2026-09-30,cve_2026_to_now,2026-09-30T13:18:08+00:00
CVE-2026-102334,updated,2026-09-29,cve_2026_to_now,2026-09-30T13:18:08+00:00
CVE-2026-102360,updated,,cve_2026_to_now,2026-09-30T13:18:08+00:00
CVE-2026-102363,updated,2026-09-29,cve_2026_to_now,2026-09-30T13:18:08+00:00
CVE-2026-102364,updated,2026-09-29,cve_2026_to_now,2026-09-30T13:18:08+00:00
CVE-2026-102367,updated,2026-09-29,cve_2026_to_now,2026-09-30T13:18:08+00:00
CVE-2026-102371,added,,cve_2026_to_now,2026-09-30T13:18:08+00:00
CVE-2026-102372,updated,2026-09-30,cve_2026_to_now,2026-09-30T13:18:08+00:00
CVE-2026-102373,updated,2026-09-30,cve_2026_to_now,2026-09-30T13:18:08+00:00
CVE-2026-102374,updated,2026-09-30,cve_2026_to_now,2026-09-30T13:18:08+00:00
CVE-2026-102384,added,,cve_2026_to_now,2026-09-30T13:18:08+00:00
CVE-2026-102385,added,,cve_2026_to_now,2026-09-30T13:18:08+00:00
CVE-2026-102386,added,,cve_2026_to_now,2026-09-30T13:18:08+00:00
CVE-2026-102395,added,,cve_2026_to_now,2026-09-30T13:18:08+00:00
CVE-2026-102396,added,,cve_2026_to_now,2026-09-30T13:18:08+00:00
CVE-2026-102398,added,,cve_2026_to_now,2026-09-30T13:18:08+00:00
CVE-2026-102399,added,,cve_2026_to_now,2026-09-30T13:18:08+00:00
CVE-2026-102424,added,,cve_2026_to_now,2026-09-30T13:18:08+00:00
CVE-2026-102425,added,,cve_2026_to_now,2026-09-30T13:18:08+00:00
CVE-2026-102437,updated,,cve_2026_to_now,2026-09-30T13:18:08+00:00
CVE-2026-102454,added,,cve_2026_to_now,2026-09-30T13:18:08+00:00
CVE-2026-102455,added,,cve_2026_to_now,2026-09-30T13:18:08+00:00
CVE-2026-102456,added,,cve_2026_to_now,2026-09-30T13:18:08+00:00
CVE-2026-102457,added,,cve_2026_to_now,2026-09-30T13:18:08+00:00
CVE-2026-102458,added,,cve_2026_to_now,2026-09-30T13:18:08+00:00
CVE-2026-102459,added,,cve_2026_to_now,2026-09-30T13:18:08+00:00
CVE-2026-102474,updated,,cve_2026_to_now,2026-09-30T13:18:08+00:00
CVE-2026-102491,added,,cve_2026_to_now,2026-09-30T13:18:08+00:00
CVE-2026-102495,updated,,cve_2026_to_now,2026-09-30T13:18:08+00:00
CVE-2026-102496,updated,,cve_2026_to_now,2026-09-30T13:18:08+00:00
CVE-2026-102497,updated,,cve_2026_to_now,2026-09-30T13:18:08+00:00
CVE-2026-102507,updated,,cve_2026_to_now,2026-09-30T13:18:08+00:00
CVE-2026-102508,added,,cve_2026_to_now,2026-09-30T13:18:08+00:00
CVE-2026-102509,added,,cve_2026_to_now,2026-09-30T13:18:08+00:00
CVE-2026-102510,added,,cve_2026_to_now,2026-09-30T13:18:08+00:00
CVE-2026-102511,added,,cve_2026_to_now,2026-09-30T13:18:08+00:00
CVE-2026-102555,added,,cve_2026_to_now,2026-09-30T13:18:08+00:00
CVE-2026-102556,added,,cve_2026_to_now,2026-09-30T13:18:08+00:00
CVE-2026-102557,added,,cve_2026_to_now,2026-09-30T13:18:08+00:00
CVE-2026-102558,added,,cve_2026_to_now,2026-09-30T13:18:08+00:00
CVE-2026-102559,added,,cve_2026_to_now,2026-09-30T13:18:08+00:00
CVE-2026-102560,added,,cve_2026_to_now,2026-09-30T13:18:08+00:00
CVE-2026-102566,added,,cve_2026_to_now,2026-09-30T13:18:08+00:00
CVE-2026-102567,added,,cve_2026_to_now,2026-09-30T13:18:08+00:00
CVE-2026-102568,added,,cve_2026_to_now,2026-09-30T13:18:08+00:00
CVE-2026-102569,added,,cve_2026_to_now,2026-09-30T13:18:08+00:00
CVE-2026-102570,added,,cve_2026_to_now,2026-09-30T13:18:08+00:00
CVE-2026-102577,added,,cve_2026_to_now,2026-09-30T13:18:08+00:00
CVE-2026-102578,added,,cve_2026_to_now,2026-09-30T13:18:08+00:00
CVE-2026-102579,added,,cve_2026_to_now,2026-09-30T13:18:08+00:00
CVE-2026-102580,added,,cve_2026_to_now,2026-09-30T13:18:08+00:00
CVE-2026-102581,added,,cve_2026_to_now,2026-09-30T13:18:08+00:00
CVE-2026-102582,added,,cve_2026_to_now,2026-09-30T13:18:08+00:00
CVE-2026-102583,added,,cve_2026_to_now,2026-09-30T13:18:08+00:00
CVE-2026-102584,added,,cve_2026_to_now,2026-09-30T13:18:08+00:00
CVE-2026-102585,added,,cve_2026_to_now,2026-09-30T13:18:08+00:00
CVE-2026-102586,added,,cve_2026_to_now,2026-09-30T13:18:08+00:00
CVE-2026-102587,added,,cve_2026_to_now,2026-09-30T13:18:08+00:00
CVE-2026-102588,added,,cve_2026_to_now,2026-09-30T13:18:08+00:00
CVE-2026-102598,added,,cve_2026_to_now,2026-09-30T13:18:08+00:00
CVE-2026-102600,added,,cve_2026_to_now,2026-09-30T13:18:08+00:00
CVE-2026-102601,added,,cve_2026_to_now,2026-09-30T13:18:08+00:00
CVE-2026-102616,added,,cve_2026_to_now,2026-09-30T13:18:08+00:00
CVE-2026-102620,added,,cve_2026_to_now,2026-09-30T13:18:08+00:00
CVE-2026-102621,added,,cve_2026_to_now,2026-09-30T13:18:08+00:00
CVE-2026-102623,added,,cve_2026_to_now,2026-09-30T13:18:08+00:00
CVE-2026-102630,added,,cve_2026_to_now,2026-09-30T13:18:08+00:00
CVE-2026-102633,added,,cve_2026_to_now,2026-09-30T13:18:08+00:00
CVE-2026-102634,added,,cve_2026_to_now,2026-09-30T13:18:08+00:00
CVE-2026-102635,added,,cve_2026_to_now,2026-09-30T13:18:08+00:00
CVE-2026-102639,added,,cve_2026_to_now,2026-09-30T13:18:08+00:00
CVE-2026-102673,added,,cve_2026_to_now,2026-09-30T13:18:08+00:00
CVE-2026-102674,added,,cve_2026_to_now,2026-09-30T13:18:08+00:00
CVE-2026-102675,added,,cve_2026_to_now,2026-09-30T13:18:08+00:00
CVE-2026-102676,added,,cve_2026_to_now,2026-09-30T13:18:08+00:00
CVE-2026-102677,added,,cve_2026_to_now,2026-09-30T13:18:08+00:00
CVE-2026-102697,added,,cve_2026_to_now,2026-09-30T13:18:08+00:00
CVE-2026-102709,added,,cve_2026_to_now,2026-09-30T13:18:08+00:00
CVE-2026-102710,added,,cve_2026_to_now,2026-09-30T13:18:08+00:00
CVE-2026-102711,added,,cve_2026_to_now,2026-09-30T13:18:08+00:00
CVE-2026-102712,added,,cve_2026_to_now,2026-09-30T13:18:08+00:00
CVE-2026-102713,added,,cve_2026_to_now,2026-09-30T13:18:08+00:00
CVE-2026-102714,added,,cve_2026_to_now,2026-09-30T13:18:08+00:00
CVE-2026-102715,added,,cve_2026_to_now,2026-09-30T13:18:08+00:00
CVE-2026-102716,added,,cve_2026_to_now,2026-09-30T13:18:08+00:00
CVE-2026-102718,added,,cve_2026_to_now,2026-09-30T13:18:08+00:00
CVE-2026-102719,added,,cve_2026_to_now,2026-09-30T13:18:08+00:00
CVE-2026-102720,added,,cve_2026_to_now,2026-09-30T13:18:08+00:00
CVE-2026-102721,added,,cve_2026_to_now,2026-09-30T13:18:08+00:00
CVE-2026-102722,added,,cve_2026_to_now,2026-09-30T13:18:08+00:00
CVE-2026-102723,added,,cve_2026_to_now,2026-09-30T13:18:08+00:00
CVE-2026-102724,added,,cve_2026_to_now,2026-09-30T13:18:08+00:00
CVE-2026-102725,added,,cve_2026_to_now,2026-09-30T13:18:08+00:00
CVE-2026-102726,added,,cve_2026_to_now,2026-09-30T13:18:08+00:00
CVE-2026-102727,added,,cve_2026_to_now,2026-09-30T13:18:08+00:00
CVE-2026-102728,added,,cve_2026_to_now,2026-09-30T13:18:08+00:00
CVE-2026-102729,added,,cve_2026_to_now,2026-09-30T13:18:08+00:00
CVE-2026-102730,added,,cve_2026_to_now,2026-09-30T13:18:08+00:00
CVE-2026-102757,added,,cve_2026_to_now,2026-09-30T13:18:08+00:00
CVE-2026-102758,added,,cve_2026_to_now,2026-09-30T13:18:08+00:00
CVE-2026-102759,added,,cve_2026_to_now,2026-09-30T13:18:08+00:00
CVE-2026-102760,added,,cve_2026_to_now,2026-09-30T13:18:08+00:00
CVE-2026-102761,added,,cve_2026_to_now,2026-09-30T13:18:08+00:00
CVE-2026-102762,added,,cve_2026_to_now,2026-09-30T13:18:08+00:00
CVE-2026-102771,added,,cve_2026_to_now,2026-09-30T13:18:08+00:00
CVE-2026-102792,added,,cve_2026_to_now,2026-09-30T13:18:08+00:00
CVE-2026-102793,added,,cve_2026_to_now,2026-09-30T13:18:08+00:00
CVE-2026-102794,added,,cve_2026_to_now,2026-09-30T13:18:08+00:00
CVE-2026-102796,added,,cve_2026_to_now,2026-09-30T13:18:08+00:00
CVE-2026-102804,added,,cve_2026_to_now,2026-09-30T13:18:08+00:00
CVE-2026-102805,added,,cve_2026_to_now,2026-09-30T13:18:08+00:00
CVE-2026-102806,added,,cve_2026_to_now,2026-09-30T13:18:08+00:00
CVE-2026-102807,added,,cve_2026_to_now,2026-09-30T13:18:08+00:00
CVE-2026-102808,added,,cve_2026_to_now,2026-09-30T13:18:08+00:00
CVE-2026-102809,added,,cve_2026_to_now,2026-09-30T13:18:08+00:00
CVE-2026-102810,added,,cve_2026_to_now,2026-09-30T13:18:08+00:00
CVE-2026-102811,added,,cve_2026_to_now,2026-09-30T13:18:08+00:00
CVE-2026-102820,added,,cve_2026_to_now,2026-09-30T13:18:08+00:00
CVE-2026-102821,added,,cve_2026_to_now,2026-09-30T13:18:08+00:00
CVE-2026-102822,added,,cve_2026_to_now,2026-09-30T13:18:08+00:00
CVE-2026-102823,added,,cve_2026_to_now,2026-09-30T13:18:08+00:00
CVE-2026-102824,added,,cve_2026_to_now,2026-09-30T13:18:08+00:00
CVE-2026-102825,added,,cve_2026_to_now,2026-09-30T13:18:08+00:00
CVE-2026-102826,added,,cve_2026_to_now,2026-09-30T13:18:08+00:00
CVE-2026-102827,added,,cve_2026_to_now,2026-09-30T13:18:08+00:00
CVE-2026-102828,added,,cve_2026_to_now,2026-09-30T13:18:08+00:00
CVE-2026-102829,added,,cve_2026_to_now,2026-09-30T13:18:08+00:00
CVE-2026-102830,added,,cve_2026_to_now,2026-09-30T13:18:08+00:00
CVE-2026-102831,added,,cve_2026_to_now,2026-09-30T13:18:08+00:00
CVE-2026-102842,added,,cve_2026_to_now,2026-09-30T13:18:08+00:00
CVE-2026-102843,added,,cve_2026_to_now,2026-09-30T13:18:08+00:00
CVE-2026-102844,added,,cve_2026_to_now,2026-09-30T13:18:08+00:00
CVE-2026-102845,added,,cve_2026_to_now,2026-09-30T13:18:08+00:00
CVE-2026-102846,added,,cve_2026_to_now,2026-09-30T13:18:08+00:00
CVE-2026-102847,added,,cve_2026_to_now,2026-09-30T13:18:08+00:00
CVE-2026-102874,added,,cve_2026_to_now,2026-09-30T13:18:08+00:00
CVE-2026-102875,added,,cve_2026_to_now,2026-09-30T13:18:08+00:00
CVE-2026-102876,added,,cve_2026_to_now,2026-09-30T13:18:08+00:00
CVE-2026-102877,added,,cve_2026_to_now,2026-09-30T13:18:08+00:00
CVE-2026-102878,added,,cve_2026_to_now,2026-09-30T13:18:08+00:00
CVE-2026-102879,added,,cve_2026_to_now,2026-09-30T13:18:08+00:00
CVE-2026-102904,added,,cve_2026_to_now,2026-09-30T13:18:08+00:00
CVE-2026-102906,added,,cve_2026_to_now,2026-09-30T13:18:08+00:00
CVE-2026-102908,added,,cve_2026_to_now,2026-09-30T13:18:08+00:00
CVE-2026-102909,added,,cve_2026_to_now,2026-09-30T13:18:08+00:00
CVE-2026-102910,added,,cve_2026_to_now,2026-09-30T13:18:08+00:00
CVE-2026-102911,added,,cve_2026_to_now,2026-09-30T13:18:08+00:00
CVE-2026-102912,added,,cve_2026_to_now,2026-09-30T13:18:08+00:00
CVE-2026-102913,added,,cve_2026_to_now,2026-09-30T13:18:08+00:00
CVE-2026-102925,added,,cve_2026_to_now,2026-09-30T13:18:08+00:00
CVE-2026-102930,added,,cve_2026_to_now,2026-09-30T13:18:08+00:00
CVE-2026-102937,added,,cve_2026_to_now,2026-09-30T13:18:08+00:00
CVE-2026-102938,added,,cve_2026_to_now,2026-09-30T13:18:08+00:00
CVE-2026-103012,added,,cve_2026_to_now,2026-09-30T13:18:08+00:00
CVE-2026-103040,added,,cve_2026_to_now,2026-09-30T13:18:08+00:00
CVE-2026-103041,added,,cve_2026_to_now,2026-09-30T13:18:08+00:00
CVE-2026-103042,added,,cve_2026_to_now,2026-09-30T13:18:08+00:00
CVE-2026-103043,added,,cve_2026_to_now,2026-09-30T13:18:08+00:00
CVE-2026-103044,added,,cve_2026_to_now,2026-09-30T13:18:08+00:00
CVE-2026-103045,added,,cve_2026_to_now,2026-09-30T13:18:08+00:00
CVE-2026-103046,added,,cve_2026_to_now,2026-09-30T13:18:08+00:00
CVE-2026-103047,added,,cve_2026_to_now,2026-09-30T13:18:08+00:00
CVE-2026-103048,added,,cve_2026_to_now,2026-09-30T13:18:08+00:00
CVE-2026-103049,added,,cve_2026_to_now,2026-09-30T13:18:08+00:00
CVE-2026-103050,added,,cve_2026_to_now,2026-09-30T13:18:08+00:00
CVE-2026-103051,added,,cve_2026_to_now,2026-09-30T13:18:08+00:00
CVE-2026-103053,added,,cve_2026_to_now,2026-09-30T13:18:08+00:00
CVE-2026-103054,added,,cve_2026_to_now,2026-09-30T13:18:08+00:00
CVE-2026-103055,added,,cve_2026_to_now,2026-09-30T13:18:08+00:00
CVE-2026-103056,added,,cve_2026_to_now,2026-09-30T13:18:08+00:00
CVE-2026-103057,added,,cve_2026_to_now,2026-09-30T13:18:08+00:00
CVE-2026-103087,added,,cve_2026_to_now,2026-09-30T13:18:08+00:00
CVE-2026-103088,added,,cve_2026_to_now,2026-09-30T13:18:08+00:00
CVE-2026-103099,added,,cve_2026_to_now,2026-09-30T13:18:08+00:00
CVE-2026-103100,added,,cve_2026_to_now,2026-09-30T13:18:08+00:00
CVE-2026-103101,added,,cve_2026_to_now,2026-09-30T13:18:08+00:00
CVE-2026-103102,added,,cve_2026_to_now,2026-09-30T13:18:08+00:00
CVE-2026-103104,added,,cve_2026_to_now,2026-09-30T13:18:08+00:00
CVE-2026-103105,added,,cve_2026_to_now,2026-09-30T13:18:08+00:00
CVE-2026-103106,added,,cve_2026_to_now,2026-09-30T13:18:08+00:00
CVE-2026-103108,added,,cve_2026_to_now,2026-09-30T13:18:08+00:00
CVE-2026-103109,added,,cve_2026_to_now,2026-09-30T13:18:08+00:00
CVE-2026-103110,added,,cve_2026_to_now,2026-09-30T13:18:08+00:00
CVE-2026-103111,added,,cve_2026_to_now,2026-09-30T13:18:08+00:00
CVE-2026-103113,added,,cve_2026_to_now,2026-09-30T13:18:08+00:00
CVE-2026-103114,added,,cve_2026_to_now,2026-09-30T13:18:08+00:00
CVE-2026-103115,added,,cve_2026_to_now,2026-09-30T13:18:08+00:00
CVE-2026-103116,added,,cve_2026_to_now,2026-09-30T13:18:08+00:00
CVE-2026-103117,added,,cve_2026_to_now,2026-09-30T13:18:08+00:00
CVE-2026-103235,added,,cve_2026_to_now,2026-09-30T13:18:08+00:00
CVE-2026-103237,added,,cve_2026_to_now,2026-09-30T13:18:08+00:00
CVE-2026-103239,added,,cve_2026_to_now,2026-09-30T13:18:08+00:00
CVE-2026-103242,added,,cve_2026_to_now,2026-09-30T13:18:08+00:00
CVE-2026-103321,added,,cve_2026_to_now,2026-09-30T13:18:08+00:00
