cve_id,change_type,date_updated,shard,run_utc
CVE-2018-10624,updated,2026-09-10,cve_2022_and_before,2026-09-11T11:59:49+00:00
CVE-2020-14498,updated,2026-09-10,cve_2022_and_before,2026-09-11T11:59:49+00:00
CVE-2022-26962,added,,cve_2022_and_before,2026-09-11T11:59:49+00:00
CVE-2022-51009,updated,2026-09-10,cve_2022_and_before,2026-09-11T11:59:49+00:00
CVE-2022-51011,updated,2026-09-10,cve_2022_and_before,2026-09-11T11:59:49+00:00
CVE-2022-51016,updated,2026-09-10,cve_2022_and_before,2026-09-11T11:59:49+00:00
CVE-2023-6717,updated,2026-09-11,cve_2023_to_2025,2026-09-11T11:59:49+00:00
CVE-2023-54355,updated,2026-09-10,cve_2023_to_2025,2026-09-11T11:59:49+00:00
CVE-2023-54395,updated,2026-09-10,cve_2023_to_2025,2026-09-11T11:59:49+00:00
CVE-2024-7049,removed,,cve_2023_to_2025,2026-09-11T11:59:49+00:00
CVE-2024-12145,added,,cve_2023_to_2025,2026-09-11T11:59:49+00:00
CVE-2025-13465,updated,2026-09-10,cve_2023_to_2025,2026-09-11T11:59:49+00:00
CVE-2025-15614,updated,2026-09-10,cve_2023_to_2025,2026-09-11T11:59:49+00:00
CVE-2025-15679,added,,cve_2023_to_2025,2026-09-11T11:59:49+00:00
CVE-2025-15695,added,,cve_2023_to_2025,2026-09-11T11:59:49+00:00
CVE-2025-46808,updated,2026-09-10,cve_2023_to_2025,2026-09-11T11:59:49+00:00
CVE-2025-48431,updated,2026-09-10,cve_2023_to_2025,2026-09-11T11:59:49+00:00
CVE-2025-54518,updated,2026-09-10,cve_2023_to_2025,2026-09-11T11:59:49+00:00
CVE-2025-57231,added,,cve_2023_to_2025,2026-09-11T11:59:49+00:00
CVE-2025-57847,updated,2026-09-10,cve_2023_to_2025,2026-09-11T11:59:49+00:00
CVE-2025-61726,updated,2026-09-10,cve_2023_to_2025,2026-09-11T11:59:49+00:00
CVE-2025-61731,updated,2026-09-10,cve_2023_to_2025,2026-09-11T11:59:49+00:00
CVE-2025-61732,updated,2026-09-10,cve_2023_to_2025,2026-09-11T11:59:49+00:00
CVE-2025-62718,updated,2026-09-10,cve_2023_to_2025,2026-09-11T11:59:49+00:00
CVE-2025-64588,updated,2026-09-10,cve_2023_to_2025,2026-09-11T11:59:49+00:00
CVE-2025-64589,updated,2026-09-10,cve_2023_to_2025,2026-09-11T11:59:49+00:00
CVE-2025-64838,updated,2026-09-10,cve_2023_to_2025,2026-09-11T11:59:49+00:00
CVE-2025-64854,updated,2026-09-10,cve_2023_to_2025,2026-09-11T11:59:49+00:00
CVE-2025-69223,updated,2026-09-10,cve_2023_to_2025,2026-09-11T11:59:49+00:00
CVE-2025-69873,updated,2026-09-10,cve_2023_to_2025,2026-09-11T11:59:49+00:00
CVE-2025-71417,updated,2026-09-10,cve_2023_to_2025,2026-09-11T11:59:49+00:00
CVE-2026-0054,updated,2026-09-10,cve_2026_to_now,2026-09-11T11:59:49+00:00
CVE-2026-0065,updated,2026-09-10,cve_2026_to_now,2026-09-11T11:59:49+00:00
CVE-2026-0084,updated,2026-09-10,cve_2026_to_now,2026-09-11T11:59:49+00:00
CVE-2026-0302,updated,,cve_2026_to_now,2026-09-11T11:59:49+00:00
CVE-2026-0303,updated,,cve_2026_to_now,2026-09-11T11:59:49+00:00
CVE-2026-0304,updated,2026-09-11,cve_2026_to_now,2026-09-11T11:59:49+00:00
CVE-2026-0305,updated,,cve_2026_to_now,2026-09-11T11:59:49+00:00
CVE-2026-0306,updated,,cve_2026_to_now,2026-09-11T11:59:49+00:00
CVE-2026-0307,updated,2026-09-11,cve_2026_to_now,2026-09-11T11:59:49+00:00
CVE-2026-0308,updated,,cve_2026_to_now,2026-09-11T11:59:49+00:00
CVE-2026-0309,updated,2026-09-11,cve_2026_to_now,2026-09-11T11:59:49+00:00
CVE-2026-0310,updated,2026-09-11,cve_2026_to_now,2026-09-11T11:59:49+00:00
CVE-2026-0860,updated,2026-09-10,cve_2026_to_now,2026-09-11T11:59:49+00:00
CVE-2026-1519,updated,2026-09-10,cve_2026_to_now,2026-09-11T11:59:49+00:00
CVE-2026-1784,updated,2026-09-10,cve_2026_to_now,2026-09-11T11:59:49+00:00
CVE-2026-2310,added,,cve_2026_to_now,2026-09-11T11:59:49+00:00
CVE-2026-2332,updated,2026-09-10,cve_2026_to_now,2026-09-11T11:59:49+00:00
CVE-2026-2377,updated,2026-09-10,cve_2026_to_now,2026-09-11T11:59:49+00:00
CVE-2026-3012,updated,2026-09-10,cve_2026_to_now,2026-09-11T11:59:49+00:00
CVE-2026-3039,updated,2026-09-10,cve_2026_to_now,2026-09-11T11:59:49+00:00
CVE-2026-3096,added,,cve_2026_to_now,2026-09-11T11:59:49+00:00
CVE-2026-4129,added,,cve_2026_to_now,2026-09-11T11:59:49+00:00
CVE-2026-4130,added,,cve_2026_to_now,2026-09-11T11:59:49+00:00
CVE-2026-4598,updated,2026-09-10,cve_2026_to_now,2026-09-11T11:59:49+00:00
CVE-2026-4599,updated,2026-09-10,cve_2026_to_now,2026-09-11T11:59:49+00:00
CVE-2026-4600,updated,2026-09-10,cve_2026_to_now,2026-09-11T11:59:49+00:00
CVE-2026-4601,updated,2026-09-10,cve_2026_to_now,2026-09-11T11:59:49+00:00
CVE-2026-4602,updated,2026-09-10,cve_2026_to_now,2026-09-11T11:59:49+00:00
CVE-2026-4657,updated,,cve_2026_to_now,2026-09-11T11:59:49+00:00
CVE-2026-4800,updated,2026-09-10,cve_2026_to_now,2026-09-11T11:59:49+00:00
CVE-2026-4897,updated,2026-09-10,cve_2026_to_now,2026-09-11T11:59:49+00:00
CVE-2026-5399,updated,,cve_2026_to_now,2026-09-11T11:59:49+00:00
CVE-2026-5598,updated,2026-09-10,cve_2026_to_now,2026-09-11T11:59:49+00:00
CVE-2026-5704,updated,2026-09-10,cve_2026_to_now,2026-09-11T11:59:49+00:00
CVE-2026-5729,updated,2026-09-10,cve_2026_to_now,2026-09-11T11:59:49+00:00
CVE-2026-5946,updated,2026-09-10,cve_2026_to_now,2026-09-11T11:59:49+00:00
CVE-2026-6285,added,,cve_2026_to_now,2026-09-11T11:59:49+00:00
CVE-2026-6321,updated,2026-09-10,cve_2026_to_now,2026-09-11T11:59:49+00:00
CVE-2026-6322,updated,2026-09-10,cve_2026_to_now,2026-09-11T11:59:49+00:00
CVE-2026-6485,updated,2026-09-10,cve_2026_to_now,2026-09-11T11:59:49+00:00
CVE-2026-6640,added,,cve_2026_to_now,2026-09-11T11:59:49+00:00
CVE-2026-6641,added,,cve_2026_to_now,2026-09-11T11:59:49+00:00
CVE-2026-6642,added,,cve_2026_to_now,2026-09-11T11:59:49+00:00
CVE-2026-6734,updated,2026-09-10,cve_2026_to_now,2026-09-11T11:59:49+00:00
CVE-2026-6893,updated,2026-09-10,cve_2026_to_now,2026-09-11T11:59:49+00:00
CVE-2026-6958,updated,2026-09-10,cve_2026_to_now,2026-09-11T11:59:49+00:00
CVE-2026-7188,updated,,cve_2026_to_now,2026-09-11T11:59:49+00:00
CVE-2026-7374,updated,2026-09-10,cve_2026_to_now,2026-09-11T11:59:49+00:00
CVE-2026-7438,added,,cve_2026_to_now,2026-09-11T11:59:49+00:00
CVE-2026-7476,updated,2026-09-10,cve_2026_to_now,2026-09-11T11:59:49+00:00
CVE-2026-7477,updated,2026-09-10,cve_2026_to_now,2026-09-11T11:59:49+00:00
CVE-2026-8323,updated,,cve_2026_to_now,2026-09-11T11:59:49+00:00
CVE-2026-8778,added,,cve_2026_to_now,2026-09-11T11:59:49+00:00
CVE-2026-9034,updated,2026-09-10,cve_2026_to_now,2026-09-11T11:59:49+00:00
CVE-2026-9036,updated,2026-09-10,cve_2026_to_now,2026-09-11T11:59:49+00:00
CVE-2026-9040,updated,2026-09-10,cve_2026_to_now,2026-09-11T11:59:49+00:00
CVE-2026-9138,updated,2026-09-10,cve_2026_to_now,2026-09-11T11:59:49+00:00
CVE-2026-9161,added,,cve_2026_to_now,2026-09-11T11:59:49+00:00
CVE-2026-9163,added,,cve_2026_to_now,2026-09-11T11:59:49+00:00
CVE-2026-9166,added,,cve_2026_to_now,2026-09-11T11:59:49+00:00
CVE-2026-9176,added,,cve_2026_to_now,2026-09-11T11:59:49+00:00
CVE-2026-9225,added,,cve_2026_to_now,2026-09-11T11:59:49+00:00
CVE-2026-9277,updated,2026-09-10,cve_2026_to_now,2026-09-11T11:59:49+00:00
CVE-2026-9327,added,,cve_2026_to_now,2026-09-11T11:59:49+00:00
CVE-2026-9336,added,,cve_2026_to_now,2026-09-11T11:59:49+00:00
CVE-2026-9338,added,,cve_2026_to_now,2026-09-11T11:59:49+00:00
CVE-2026-9667,added,,cve_2026_to_now,2026-09-11T11:59:49+00:00
CVE-2026-9697,updated,2026-09-10,cve_2026_to_now,2026-09-11T11:59:49+00:00
CVE-2026-9804,updated,2026-09-10,cve_2026_to_now,2026-09-11T11:59:49+00:00
CVE-2026-10143,updated,2026-09-10,cve_2026_to_now,2026-09-11T11:59:49+00:00
CVE-2026-11332,updated,2026-09-10,cve_2026_to_now,2026-09-11T11:59:49+00:00
CVE-2026-11446,added,,cve_2026_to_now,2026-09-11T11:59:49+00:00
CVE-2026-11496,added,,cve_2026_to_now,2026-09-11T11:59:49+00:00
CVE-2026-11573,updated,2026-09-11,cve_2026_to_now,2026-09-11T11:59:49+00:00
CVE-2026-11813,added,,cve_2026_to_now,2026-09-11T11:59:49+00:00
CVE-2026-11891,updated,2026-09-10,cve_2026_to_now,2026-09-11T11:59:49+00:00
CVE-2026-12143,updated,2026-09-10,cve_2026_to_now,2026-09-11T11:59:49+00:00
CVE-2026-12151,updated,2026-09-10,cve_2026_to_now,2026-09-11T11:59:49+00:00
CVE-2026-12215,added,,cve_2026_to_now,2026-09-11T11:59:49+00:00
CVE-2026-12285,updated,2026-09-10,cve_2026_to_now,2026-09-11T11:59:49+00:00
CVE-2026-12387,updated,2026-09-10,cve_2026_to_now,2026-09-11T11:59:49+00:00
CVE-2026-12682,added,,cve_2026_to_now,2026-09-11T11:59:49+00:00
CVE-2026-12683,added,,cve_2026_to_now,2026-09-11T11:59:49+00:00
CVE-2026-12891,updated,2026-09-10,cve_2026_to_now,2026-09-11T11:59:49+00:00
CVE-2026-12892,updated,2026-09-10,cve_2026_to_now,2026-09-11T11:59:49+00:00
CVE-2026-13326,added,,cve_2026_to_now,2026-09-11T11:59:49+00:00
CVE-2026-13676,updated,2026-09-10,cve_2026_to_now,2026-09-11T11:59:49+00:00
CVE-2026-13745,updated,,cve_2026_to_now,2026-09-11T11:59:49+00:00
CVE-2026-14470,updated,2026-09-10,cve_2026_to_now,2026-09-11T11:59:49+00:00
CVE-2026-14559,added,,cve_2026_to_now,2026-09-11T11:59:49+00:00
CVE-2026-14560,added,,cve_2026_to_now,2026-09-11T11:59:49+00:00
CVE-2026-14562,added,,cve_2026_to_now,2026-09-11T11:59:49+00:00
CVE-2026-14563,added,,cve_2026_to_now,2026-09-11T11:59:49+00:00
CVE-2026-14565,added,,cve_2026_to_now,2026-09-11T11:59:49+00:00
CVE-2026-14566,added,,cve_2026_to_now,2026-09-11T11:59:49+00:00
CVE-2026-14873,updated,,cve_2026_to_now,2026-09-11T11:59:49+00:00
CVE-2026-14935,updated,2026-09-10,cve_2026_to_now,2026-09-11T11:59:49+00:00
CVE-2026-15019,updated,,cve_2026_to_now,2026-09-11T11:59:49+00:00
CVE-2026-15310,updated,2026-09-11,cve_2026_to_now,2026-09-11T11:59:49+00:00
CVE-2026-15417,added,,cve_2026_to_now,2026-09-11T11:59:49+00:00
CVE-2026-15418,added,,cve_2026_to_now,2026-09-11T11:59:49+00:00
CVE-2026-15419,added,,cve_2026_to_now,2026-09-11T11:59:49+00:00
CVE-2026-15460,updated,2026-09-10,cve_2026_to_now,2026-09-11T11:59:49+00:00
CVE-2026-15461,added,,cve_2026_to_now,2026-09-11T11:59:49+00:00
CVE-2026-15462,added,,cve_2026_to_now,2026-09-11T11:59:49+00:00
CVE-2026-15588,updated,2026-09-10,cve_2026_to_now,2026-09-11T11:59:49+00:00
CVE-2026-15796,updated,,cve_2026_to_now,2026-09-11T11:59:49+00:00
CVE-2026-15889,updated,,cve_2026_to_now,2026-09-11T11:59:49+00:00
CVE-2026-15913,updated,2026-09-10,cve_2026_to_now,2026-09-11T11:59:49+00:00
CVE-2026-16118,updated,2026-09-11,cve_2026_to_now,2026-09-11T11:59:49+00:00
CVE-2026-16172,added,,cve_2026_to_now,2026-09-11T11:59:49+00:00
CVE-2026-16174,added,,cve_2026_to_now,2026-09-11T11:59:49+00:00
CVE-2026-16481,updated,2026-09-10,cve_2026_to_now,2026-09-11T11:59:49+00:00
CVE-2026-16660,updated,2026-09-10,cve_2026_to_now,2026-09-11T11:59:49+00:00
CVE-2026-16730,updated,2026-09-10,cve_2026_to_now,2026-09-11T11:59:49+00:00
CVE-2026-16826,updated,2026-09-10,cve_2026_to_now,2026-09-11T11:59:49+00:00
CVE-2026-16941,updated,2026-09-10,cve_2026_to_now,2026-09-11T11:59:49+00:00
CVE-2026-17037,added,,cve_2026_to_now,2026-09-11T11:59:49+00:00
CVE-2026-17038,added,,cve_2026_to_now,2026-09-11T11:59:49+00:00
CVE-2026-17176,added,,cve_2026_to_now,2026-09-11T11:59:49+00:00
CVE-2026-17255,updated,2026-09-10,cve_2026_to_now,2026-09-11T11:59:49+00:00
CVE-2026-17270,updated,2026-09-10,cve_2026_to_now,2026-09-11T11:59:49+00:00
CVE-2026-17273,updated,2026-09-10,cve_2026_to_now,2026-09-11T11:59:49+00:00
CVE-2026-17442,updated,2026-09-10,cve_2026_to_now,2026-09-11T11:59:49+00:00
CVE-2026-17444,updated,2026-09-10,cve_2026_to_now,2026-09-11T11:59:49+00:00
CVE-2026-17483,updated,2026-09-10,cve_2026_to_now,2026-09-11T11:59:49+00:00
CVE-2026-17523,updated,2026-09-10,cve_2026_to_now,2026-09-11T11:59:49+00:00
CVE-2026-17621,updated,2026-09-10,cve_2026_to_now,2026-09-11T11:59:49+00:00
CVE-2026-18076,updated,2026-09-10,cve_2026_to_now,2026-09-11T11:59:49+00:00
CVE-2026-18121,added,,cve_2026_to_now,2026-09-11T11:59:49+00:00
CVE-2026-18147,updated,2026-09-10,cve_2026_to_now,2026-09-11T11:59:49+00:00
CVE-2026-18175,updated,2026-09-10,cve_2026_to_now,2026-09-11T11:59:49+00:00
CVE-2026-18255,updated,2026-09-10,cve_2026_to_now,2026-09-11T11:59:49+00:00
CVE-2026-18386,updated,,cve_2026_to_now,2026-09-11T11:59:49+00:00
CVE-2026-18477,updated,2026-09-10,cve_2026_to_now,2026-09-11T11:59:49+00:00
CVE-2026-18486,updated,2026-09-10,cve_2026_to_now,2026-09-11T11:59:49+00:00
CVE-2026-18508,updated,2026-09-10,cve_2026_to_now,2026-09-11T11:59:49+00:00
CVE-2026-18561,added,,cve_2026_to_now,2026-09-11T11:59:49+00:00
CVE-2026-18562,added,,cve_2026_to_now,2026-09-11T11:59:49+00:00
CVE-2026-18579,added,,cve_2026_to_now,2026-09-11T11:59:49+00:00
CVE-2026-18594,updated,,cve_2026_to_now,2026-09-11T11:59:49+00:00
CVE-2026-18649,updated,2026-09-10,cve_2026_to_now,2026-09-11T11:59:49+00:00
CVE-2026-18658,updated,2026-09-11,cve_2026_to_now,2026-09-11T11:59:49+00:00
CVE-2026-18964,added,,cve_2026_to_now,2026-09-11T11:59:49+00:00
CVE-2026-18994,added,,cve_2026_to_now,2026-09-11T11:59:49+00:00
CVE-2026-19136,added,,cve_2026_to_now,2026-09-11T11:59:49+00:00
CVE-2026-19201,updated,2026-09-10,cve_2026_to_now,2026-09-11T11:59:49+00:00
CVE-2026-19283,updated,2026-09-10,cve_2026_to_now,2026-09-11T11:59:49+00:00
CVE-2026-19298,updated,2026-09-10,cve_2026_to_now,2026-09-11T11:59:49+00:00
CVE-2026-19303,updated,2026-09-10,cve_2026_to_now,2026-09-11T11:59:49+00:00
CVE-2026-19387,updated,2026-09-10,cve_2026_to_now,2026-09-11T11:59:49+00:00
CVE-2026-19436,updated,,cve_2026_to_now,2026-09-11T11:59:49+00:00
CVE-2026-19439,updated,,cve_2026_to_now,2026-09-11T11:59:49+00:00
CVE-2026-19479,updated,2026-09-10,cve_2026_to_now,2026-09-11T11:59:49+00:00
CVE-2026-19486,added,,cve_2026_to_now,2026-09-11T11:59:49+00:00
CVE-2026-19583,updated,2026-09-11,cve_2026_to_now,2026-09-11T11:59:49+00:00
CVE-2026-19584,updated,2026-09-11,cve_2026_to_now,2026-09-11T11:59:49+00:00
CVE-2026-19596,added,,cve_2026_to_now,2026-09-11T11:59:49+00:00
CVE-2026-19612,updated,2026-09-10,cve_2026_to_now,2026-09-11T11:59:49+00:00
CVE-2026-19625,updated,2026-09-10,cve_2026_to_now,2026-09-11T11:59:49+00:00
CVE-2026-19645,updated,2026-09-10,cve_2026_to_now,2026-09-11T11:59:49+00:00
CVE-2026-19646,added,,cve_2026_to_now,2026-09-11T11:59:49+00:00
CVE-2026-19654,updated,2026-09-10,cve_2026_to_now,2026-09-11T11:59:49+00:00
CVE-2026-19820,updated,2026-09-10,cve_2026_to_now,2026-09-11T11:59:49+00:00
CVE-2026-19840,updated,,cve_2026_to_now,2026-09-11T11:59:49+00:00
CVE-2026-19872,updated,2026-09-10,cve_2026_to_now,2026-09-11T11:59:49+00:00
CVE-2026-19985,added,,cve_2026_to_now,2026-09-11T11:59:49+00:00
CVE-2026-19991,added,,cve_2026_to_now,2026-09-11T11:59:49+00:00
CVE-2026-20316,updated,2026-09-11,cve_2026_to_now,2026-09-11T11:59:49+00:00
CVE-2026-21085,updated,2026-09-11,cve_2026_to_now,2026-09-11T11:59:49+00:00
CVE-2026-21086,updated,2026-09-10,cve_2026_to_now,2026-09-11T11:59:49+00:00
CVE-2026-21087,updated,2026-09-11,cve_2026_to_now,2026-09-11T11:59:49+00:00
CVE-2026-21088,updated,2026-09-10,cve_2026_to_now,2026-09-11T11:59:49+00:00
CVE-2026-21089,updated,2026-09-10,cve_2026_to_now,2026-09-11T11:59:49+00:00
CVE-2026-21090,updated,2026-09-10,cve_2026_to_now,2026-09-11T11:59:49+00:00
CVE-2026-21091,updated,2026-09-10,cve_2026_to_now,2026-09-11T11:59:49+00:00
CVE-2026-21092,updated,2026-09-10,cve_2026_to_now,2026-09-11T11:59:49+00:00
CVE-2026-21093,updated,2026-09-10,cve_2026_to_now,2026-09-11T11:59:49+00:00
CVE-2026-21094,updated,2026-09-10,cve_2026_to_now,2026-09-11T11:59:49+00:00
CVE-2026-21095,updated,2026-09-11,cve_2026_to_now,2026-09-11T11:59:49+00:00
CVE-2026-21096,updated,2026-09-11,cve_2026_to_now,2026-09-11T11:59:49+00:00
CVE-2026-21097,updated,2026-09-10,cve_2026_to_now,2026-09-11T11:59:49+00:00
CVE-2026-21098,updated,2026-09-10,cve_2026_to_now,2026-09-11T11:59:49+00:00
CVE-2026-21099,updated,2026-09-10,cve_2026_to_now,2026-09-11T11:59:49+00:00
CVE-2026-21100,updated,2026-09-10,cve_2026_to_now,2026-09-11T11:59:49+00:00
CVE-2026-21101,updated,2026-09-11,cve_2026_to_now,2026-09-11T11:59:49+00:00
CVE-2026-21102,updated,2026-09-11,cve_2026_to_now,2026-09-11T11:59:49+00:00
CVE-2026-21103,updated,2026-09-10,cve_2026_to_now,2026-09-11T11:59:49+00:00
CVE-2026-21104,updated,2026-09-11,cve_2026_to_now,2026-09-11T11:59:49+00:00
CVE-2026-21105,updated,2026-09-10,cve_2026_to_now,2026-09-11T11:59:49+00:00
CVE-2026-21106,updated,2026-09-10,cve_2026_to_now,2026-09-11T11:59:49+00:00
CVE-2026-21109,updated,2026-09-10,cve_2026_to_now,2026-09-11T11:59:49+00:00
CVE-2026-21110,updated,2026-09-10,cve_2026_to_now,2026-09-11T11:59:49+00:00
CVE-2026-21111,updated,2026-09-10,cve_2026_to_now,2026-09-11T11:59:49+00:00
CVE-2026-21112,updated,2026-09-10,cve_2026_to_now,2026-09-11T11:59:49+00:00
CVE-2026-21113,updated,2026-09-10,cve_2026_to_now,2026-09-11T11:59:49+00:00
CVE-2026-21441,updated,2026-09-10,cve_2026_to_now,2026-09-11T11:59:49+00:00
CVE-2026-22029,updated,2026-09-10,cve_2026_to_now,2026-09-11T11:59:49+00:00
CVE-2026-22797,updated,2026-09-10,cve_2026_to_now,2026-09-11T11:59:49+00:00
CVE-2026-23855,updated,2026-09-11,cve_2026_to_now,2026-09-11T11:59:49+00:00
CVE-2026-24049,updated,2026-09-10,cve_2026_to_now,2026-09-11T11:59:49+00:00
CVE-2026-24301,updated,2026-09-10,cve_2026_to_now,2026-09-11T11:59:49+00:00
CVE-2026-25639,updated,2026-09-10,cve_2026_to_now,2026-09-11T11:59:49+00:00
CVE-2026-25679,updated,2026-09-10,cve_2026_to_now,2026-09-11T11:59:49+00:00
CVE-2026-25896,updated,2026-09-10,cve_2026_to_now,2026-09-11T11:59:49+00:00
CVE-2026-25990,updated,2026-09-10,cve_2026_to_now,2026-09-11T11:59:49+00:00
CVE-2026-26007,updated,2026-09-10,cve_2026_to_now,2026-09-11T11:59:49+00:00
CVE-2026-26212,updated,2026-09-10,cve_2026_to_now,2026-09-11T11:59:49+00:00
CVE-2026-26278,updated,2026-09-10,cve_2026_to_now,2026-09-11T11:59:49+00:00
CVE-2026-27137,updated,2026-09-10,cve_2026_to_now,2026-09-11T11:59:49+00:00
CVE-2026-27140,updated,2026-09-10,cve_2026_to_now,2026-09-11T11:59:49+00:00
CVE-2026-27145,updated,2026-09-10,cve_2026_to_now,2026-09-11T11:59:49+00:00
CVE-2026-27459,updated,2026-09-10,cve_2026_to_now,2026-09-11T11:59:49+00:00
CVE-2026-27606,updated,2026-09-10,cve_2026_to_now,2026-09-11T11:59:49+00:00
CVE-2026-27962,updated,2026-09-10,cve_2026_to_now,2026-09-11T11:59:49+00:00
CVE-2026-28498,updated,2026-09-10,cve_2026_to_now,2026-09-11T11:59:49+00:00
CVE-2026-28572,updated,2026-09-10,cve_2026_to_now,2026-09-11T11:59:49+00:00
CVE-2026-28582,updated,2026-09-10,cve_2026_to_now,2026-09-11T11:59:49+00:00
CVE-2026-28583,updated,2026-09-10,cve_2026_to_now,2026-09-11T11:59:49+00:00
CVE-2026-28584,updated,2026-09-10,cve_2026_to_now,2026-09-11T11:59:49+00:00
CVE-2026-28590,updated,2026-09-10,cve_2026_to_now,2026-09-11T11:59:49+00:00
CVE-2026-28593,updated,2026-09-10,cve_2026_to_now,2026-09-11T11:59:49+00:00
CVE-2026-28594,updated,2026-09-10,cve_2026_to_now,2026-09-11T11:59:49+00:00
CVE-2026-28596,updated,2026-09-10,cve_2026_to_now,2026-09-11T11:59:49+00:00
CVE-2026-28599,updated,2026-09-10,cve_2026_to_now,2026-09-11T11:59:49+00:00
CVE-2026-28600,updated,2026-09-10,cve_2026_to_now,2026-09-11T11:59:49+00:00
CVE-2026-28602,updated,2026-09-11,cve_2026_to_now,2026-09-11T11:59:49+00:00
CVE-2026-28603,updated,2026-09-10,cve_2026_to_now,2026-09-11T11:59:49+00:00
CVE-2026-28604,updated,2026-09-10,cve_2026_to_now,2026-09-11T11:59:49+00:00
CVE-2026-28606,updated,2026-09-11,cve_2026_to_now,2026-09-11T11:59:49+00:00
CVE-2026-28607,updated,2026-09-10,cve_2026_to_now,2026-09-11T11:59:49+00:00
CVE-2026-28609,updated,2026-09-10,cve_2026_to_now,2026-09-11T11:59:49+00:00
CVE-2026-28611,updated,2026-09-10,cve_2026_to_now,2026-09-11T11:59:49+00:00
CVE-2026-28612,updated,2026-09-10,cve_2026_to_now,2026-09-11T11:59:49+00:00
CVE-2026-28613,updated,2026-09-10,cve_2026_to_now,2026-09-11T11:59:49+00:00
CVE-2026-28614,updated,2026-09-10,cve_2026_to_now,2026-09-11T11:59:49+00:00
CVE-2026-28616,updated,2026-09-11,cve_2026_to_now,2026-09-11T11:59:49+00:00
CVE-2026-28617,updated,2026-09-10,cve_2026_to_now,2026-09-11T11:59:49+00:00
CVE-2026-28618,updated,2026-09-10,cve_2026_to_now,2026-09-11T11:59:49+00:00
CVE-2026-28620,updated,2026-09-10,cve_2026_to_now,2026-09-11T11:59:49+00:00
CVE-2026-28622,updated,2026-09-10,cve_2026_to_now,2026-09-11T11:59:49+00:00
CVE-2026-28623,updated,2026-09-10,cve_2026_to_now,2026-09-11T11:59:49+00:00
CVE-2026-28624,updated,2026-09-10,cve_2026_to_now,2026-09-11T11:59:49+00:00
CVE-2026-28626,updated,2026-09-10,cve_2026_to_now,2026-09-11T11:59:49+00:00
CVE-2026-28627,updated,2026-09-10,cve_2026_to_now,2026-09-11T11:59:49+00:00
CVE-2026-28630,updated,2026-09-10,cve_2026_to_now,2026-09-11T11:59:49+00:00
CVE-2026-28631,updated,2026-09-10,cve_2026_to_now,2026-09-11T11:59:49+00:00
CVE-2026-28633,updated,2026-09-10,cve_2026_to_now,2026-09-11T11:59:49+00:00
CVE-2026-28634,updated,2026-09-10,cve_2026_to_now,2026-09-11T11:59:49+00:00
CVE-2026-28636,updated,2026-09-10,cve_2026_to_now,2026-09-11T11:59:49+00:00
CVE-2026-28638,updated,2026-09-10,cve_2026_to_now,2026-09-11T11:59:49+00:00
CVE-2026-28639,updated,2026-09-10,cve_2026_to_now,2026-09-11T11:59:49+00:00
CVE-2026-28642,updated,2026-09-10,cve_2026_to_now,2026-09-11T11:59:49+00:00
CVE-2026-28644,updated,2026-09-10,cve_2026_to_now,2026-09-11T11:59:49+00:00
CVE-2026-28650,updated,2026-09-10,cve_2026_to_now,2026-09-11T11:59:49+00:00
CVE-2026-28652,updated,2026-09-10,cve_2026_to_now,2026-09-11T11:59:49+00:00
CVE-2026-28653,updated,2026-09-11,cve_2026_to_now,2026-09-11T11:59:49+00:00
CVE-2026-28655,updated,2026-09-10,cve_2026_to_now,2026-09-11T11:59:49+00:00
CVE-2026-28656,updated,2026-09-10,cve_2026_to_now,2026-09-11T11:59:49+00:00
CVE-2026-28657,updated,2026-09-10,cve_2026_to_now,2026-09-11T11:59:49+00:00
CVE-2026-28658,updated,2026-09-10,cve_2026_to_now,2026-09-11T11:59:49+00:00
CVE-2026-28660,updated,2026-09-10,cve_2026_to_now,2026-09-11T11:59:49+00:00
CVE-2026-28662,updated,2026-09-10,cve_2026_to_now,2026-09-11T11:59:49+00:00
CVE-2026-28663,updated,2026-09-10,cve_2026_to_now,2026-09-11T11:59:49+00:00
CVE-2026-28666,updated,2026-09-10,cve_2026_to_now,2026-09-11T11:59:49+00:00
CVE-2026-28668,updated,2026-09-10,cve_2026_to_now,2026-09-11T11:59:49+00:00
CVE-2026-28671,updated,2026-09-10,cve_2026_to_now,2026-09-11T11:59:49+00:00
CVE-2026-28780,updated,2026-09-10,cve_2026_to_now,2026-09-11T11:59:49+00:00
CVE-2026-28802,updated,2026-09-10,cve_2026_to_now,2026-09-11T11:59:49+00:00
CVE-2026-29063,updated,2026-09-10,cve_2026_to_now,2026-09-11T11:59:49+00:00
CVE-2026-29074,updated,2026-09-10,cve_2026_to_now,2026-09-11T11:59:49+00:00
CVE-2026-30922,updated,2026-09-10,cve_2026_to_now,2026-09-11T11:59:49+00:00
CVE-2026-32280,updated,2026-09-10,cve_2026_to_now,2026-09-11T11:59:49+00:00
CVE-2026-32283,updated,2026-09-10,cve_2026_to_now,2026-09-11T11:59:49+00:00
CVE-2026-32286,updated,2026-09-10,cve_2026_to_now,2026-09-11T11:59:49+00:00
CVE-2026-32589,updated,2026-09-10,cve_2026_to_now,2026-09-11T11:59:49+00:00
CVE-2026-32591,updated,2026-09-10,cve_2026_to_now,2026-09-11T11:59:49+00:00
CVE-2026-32597,updated,2026-09-10,cve_2026_to_now,2026-09-11T11:59:49+00:00
CVE-2026-33186,updated,2026-09-10,cve_2026_to_now,2026-09-11T11:59:49+00:00
CVE-2026-33810,updated,2026-09-10,cve_2026_to_now,2026-09-11T11:59:49+00:00
CVE-2026-33811,updated,2026-09-10,cve_2026_to_now,2026-09-11T11:59:49+00:00
CVE-2026-33814,updated,2026-09-10,cve_2026_to_now,2026-09-11T11:59:49+00:00
CVE-2026-33815,updated,2026-09-10,cve_2026_to_now,2026-09-11T11:59:49+00:00
CVE-2026-33816,updated,2026-09-10,cve_2026_to_now,2026-09-11T11:59:49+00:00
CVE-2026-33818,updated,2026-09-10,cve_2026_to_now,2026-09-11T11:59:49+00:00
CVE-2026-33894,updated,2026-09-10,cve_2026_to_now,2026-09-11T11:59:49+00:00
CVE-2026-34355,updated,2026-09-10,cve_2026_to_now,2026-09-11T11:59:49+00:00
CVE-2026-34986,updated,2026-09-10,cve_2026_to_now,2026-09-11T11:59:49+00:00
CVE-2026-36392,added,,cve_2026_to_now,2026-09-11T11:59:49+00:00
CVE-2026-36433,updated,2026-09-10,cve_2026_to_now,2026-09-11T11:59:49+00:00
CVE-2026-38626,added,,cve_2026_to_now,2026-09-11T11:59:49+00:00
CVE-2026-39820,updated,2026-09-10,cve_2026_to_now,2026-09-11T11:59:49+00:00
CVE-2026-39821,updated,2026-09-10,cve_2026_to_now,2026-09-11T11:59:49+00:00
CVE-2026-39828,updated,2026-09-10,cve_2026_to_now,2026-09-11T11:59:49+00:00
CVE-2026-39829,updated,2026-09-10,cve_2026_to_now,2026-09-11T11:59:49+00:00
CVE-2026-39830,updated,2026-09-10,cve_2026_to_now,2026-09-11T11:59:49+00:00
CVE-2026-39832,updated,2026-09-10,cve_2026_to_now,2026-09-11T11:59:49+00:00
CVE-2026-39835,updated,2026-09-10,cve_2026_to_now,2026-09-11T11:59:49+00:00
CVE-2026-39892,updated,2026-09-10,cve_2026_to_now,2026-09-11T11:59:49+00:00
CVE-2026-40192,updated,2026-09-10,cve_2026_to_now,2026-09-11T11:59:49+00:00
CVE-2026-40375,updated,2026-09-10,cve_2026_to_now,2026-09-11T11:59:49+00:00
CVE-2026-40860,updated,2026-09-10,cve_2026_to_now,2026-09-11T11:59:49+00:00
CVE-2026-40895,updated,2026-09-10,cve_2026_to_now,2026-09-11T11:59:49+00:00
CVE-2026-41674,updated,2026-09-10,cve_2026_to_now,2026-09-11T11:59:49+00:00
CVE-2026-41869,updated,2026-09-10,cve_2026_to_now,2026-09-11T11:59:49+00:00
CVE-2026-41870,updated,2026-09-10,cve_2026_to_now,2026-09-11T11:59:49+00:00
CVE-2026-41871,updated,2026-09-10,cve_2026_to_now,2026-09-11T11:59:49+00:00
CVE-2026-42016,updated,2026-09-11,cve_2026_to_now,2026-09-11T11:59:49+00:00
CVE-2026-42033,updated,2026-09-10,cve_2026_to_now,2026-09-11T11:59:49+00:00
CVE-2026-42039,updated,2026-09-10,cve_2026_to_now,2026-09-11T11:59:49+00:00
CVE-2026-42041,updated,2026-09-10,cve_2026_to_now,2026-09-11T11:59:49+00:00
CVE-2026-42043,updated,2026-09-10,cve_2026_to_now,2026-09-11T11:59:49+00:00
CVE-2026-42044,updated,2026-09-10,cve_2026_to_now,2026-09-11T11:59:49+00:00
CVE-2026-42151,updated,2026-09-10,cve_2026_to_now,2026-09-11T11:59:49+00:00
CVE-2026-42154,updated,2026-09-10,cve_2026_to_now,2026-09-11T11:59:49+00:00
CVE-2026-42499,updated,2026-09-10,cve_2026_to_now,2026-09-11T11:59:49+00:00
CVE-2026-42504,updated,2026-09-10,cve_2026_to_now,2026-09-11T11:59:49+00:00
CVE-2026-42508,updated,2026-09-10,cve_2026_to_now,2026-09-11T11:59:49+00:00
CVE-2026-42536,updated,2026-09-10,cve_2026_to_now,2026-09-11T11:59:49+00:00
CVE-2026-42804,updated,,cve_2026_to_now,2026-09-11T11:59:49+00:00
CVE-2026-42805,updated,,cve_2026_to_now,2026-09-11T11:59:49+00:00
CVE-2026-42806,updated,,cve_2026_to_now,2026-09-11T11:59:49+00:00
CVE-2026-42807,updated,,cve_2026_to_now,2026-09-11T11:59:49+00:00
CVE-2026-42808,updated,,cve_2026_to_now,2026-09-11T11:59:49+00:00
CVE-2026-42945,updated,2026-09-10,cve_2026_to_now,2026-09-11T11:59:49+00:00
CVE-2026-42965,updated,2026-09-10,cve_2026_to_now,2026-09-11T11:59:49+00:00
CVE-2026-42976,updated,2026-09-10,cve_2026_to_now,2026-09-11T11:59:49+00:00
CVE-2026-43112,updated,2026-09-10,cve_2026_to_now,2026-09-11T11:59:49+00:00
CVE-2026-43133,updated,2026-09-10,cve_2026_to_now,2026-09-11T11:59:49+00:00
CVE-2026-44185,updated,2026-09-10,cve_2026_to_now,2026-09-11T11:59:49+00:00
CVE-2026-44249,updated,2026-09-10,cve_2026_to_now,2026-09-11T11:59:49+00:00
CVE-2026-44432,updated,2026-09-10,cve_2026_to_now,2026-09-11T11:59:49+00:00
CVE-2026-44486,updated,2026-09-10,cve_2026_to_now,2026-09-11T11:59:49+00:00
CVE-2026-44487,updated,2026-09-10,cve_2026_to_now,2026-09-11T11:59:49+00:00
CVE-2026-44488,updated,2026-09-10,cve_2026_to_now,2026-09-11T11:59:49+00:00
CVE-2026-44492,updated,2026-09-10,cve_2026_to_now,2026-09-11T11:59:49+00:00
CVE-2026-44494,updated,2026-09-10,cve_2026_to_now,2026-09-11T11:59:49+00:00
CVE-2026-44495,updated,2026-09-10,cve_2026_to_now,2026-09-11T11:59:49+00:00
CVE-2026-44496,updated,2026-09-10,cve_2026_to_now,2026-09-11T11:59:49+00:00
CVE-2026-44950,updated,,cve_2026_to_now,2026-09-11T11:59:49+00:00
CVE-2026-44990,updated,2026-09-10,cve_2026_to_now,2026-09-11T11:59:49+00:00
CVE-2026-45292,updated,2026-09-10,cve_2026_to_now,2026-09-11T11:59:49+00:00
CVE-2026-45416,updated,2026-09-10,cve_2026_to_now,2026-09-11T11:59:49+00:00
CVE-2026-45515,updated,2026-09-10,cve_2026_to_now,2026-09-11T11:59:49+00:00
CVE-2026-45519,updated,2026-09-10,cve_2026_to_now,2026-09-11T11:59:49+00:00
CVE-2026-45520,updated,2026-09-10,cve_2026_to_now,2026-09-11T11:59:49+00:00
CVE-2026-45521,updated,2026-09-10,cve_2026_to_now,2026-09-11T11:59:49+00:00
CVE-2026-45525,updated,2026-09-10,cve_2026_to_now,2026-09-11T11:59:49+00:00
CVE-2026-45527,updated,2026-09-10,cve_2026_to_now,2026-09-11T11:59:49+00:00
CVE-2026-45528,updated,2026-09-10,cve_2026_to_now,2026-09-11T11:59:49+00:00
CVE-2026-45531,updated,2026-09-10,cve_2026_to_now,2026-09-11T11:59:49+00:00
CVE-2026-45736,updated,2026-09-10,cve_2026_to_now,2026-09-11T11:59:49+00:00
CVE-2026-45747,added,,cve_2026_to_now,2026-09-11T11:59:49+00:00
CVE-2026-45751,added,,cve_2026_to_now,2026-09-11T11:59:49+00:00
CVE-2026-45752,added,,cve_2026_to_now,2026-09-11T11:59:49+00:00
CVE-2026-45759,added,,cve_2026_to_now,2026-09-11T11:59:49+00:00
CVE-2026-45761,added,,cve_2026_to_now,2026-09-11T11:59:49+00:00
CVE-2026-45762,added,,cve_2026_to_now,2026-09-11T11:59:49+00:00
CVE-2026-45763,added,,cve_2026_to_now,2026-09-11T11:59:49+00:00
CVE-2026-45764,added,,cve_2026_to_now,2026-09-11T11:59:49+00:00
CVE-2026-45765,added,,cve_2026_to_now,2026-09-11T11:59:49+00:00
CVE-2026-45766,added,,cve_2026_to_now,2026-09-11T11:59:49+00:00
CVE-2026-45767,added,,cve_2026_to_now,2026-09-11T11:59:49+00:00
CVE-2026-45768,added,,cve_2026_to_now,2026-09-11T11:59:49+00:00
CVE-2026-45769,added,,cve_2026_to_now,2026-09-11T11:59:49+00:00
CVE-2026-45770,added,,cve_2026_to_now,2026-09-11T11:59:49+00:00
CVE-2026-46387,added,,cve_2026_to_now,2026-09-11T11:59:49+00:00
CVE-2026-46579,updated,2026-09-10,cve_2026_to_now,2026-09-11T11:59:49+00:00
CVE-2026-47156,updated,2026-09-10,cve_2026_to_now,2026-09-11T11:59:49+00:00
CVE-2026-47285,updated,2026-09-10,cve_2026_to_now,2026-09-11T11:59:49+00:00
CVE-2026-47297,updated,2026-09-10,cve_2026_to_now,2026-09-11T11:59:49+00:00
CVE-2026-47299,updated,2026-09-10,cve_2026_to_now,2026-09-11T11:59:49+00:00
CVE-2026-47839,added,,cve_2026_to_now,2026-09-11T11:59:49+00:00
CVE-2026-48526,updated,2026-09-10,cve_2026_to_now,2026-09-11T11:59:49+00:00
CVE-2026-48779,updated,2026-09-10,cve_2026_to_now,2026-09-11T11:59:49+00:00
CVE-2026-49163,updated,2026-09-10,cve_2026_to_now,2026-09-11T11:59:49+00:00
CVE-2026-49179,updated,2026-09-10,cve_2026_to_now,2026-09-11T11:59:49+00:00
CVE-2026-49362,updated,,cve_2026_to_now,2026-09-11T11:59:49+00:00
CVE-2026-49363,updated,,cve_2026_to_now,2026-09-11T11:59:49+00:00
CVE-2026-49364,updated,,cve_2026_to_now,2026-09-11T11:59:49+00:00
CVE-2026-49836,added,,cve_2026_to_now,2026-09-11T11:59:49+00:00
CVE-2026-49837,added,,cve_2026_to_now,2026-09-11T11:59:49+00:00
CVE-2026-49838,added,,cve_2026_to_now,2026-09-11T11:59:49+00:00
CVE-2026-49879,updated,2026-09-10,cve_2026_to_now,2026-09-11T11:59:49+00:00
CVE-2026-49881,updated,2026-09-10,cve_2026_to_now,2026-09-11T11:59:49+00:00
CVE-2026-49882,updated,2026-09-10,cve_2026_to_now,2026-09-11T11:59:49+00:00
CVE-2026-49884,updated,2026-09-10,cve_2026_to_now,2026-09-11T11:59:49+00:00
CVE-2026-49887,updated,2026-09-10,cve_2026_to_now,2026-09-11T11:59:49+00:00
CVE-2026-49895,updated,2026-09-10,cve_2026_to_now,2026-09-11T11:59:49+00:00
CVE-2026-49918,updated,2026-09-10,cve_2026_to_now,2026-09-11T11:59:49+00:00
CVE-2026-49919,updated,2026-09-10,cve_2026_to_now,2026-09-11T11:59:49+00:00
CVE-2026-50010,updated,2026-09-10,cve_2026_to_now,2026-09-11T11:59:49+00:00
CVE-2026-50165,updated,2026-09-10,cve_2026_to_now,2026-09-11T11:59:49+00:00
CVE-2026-50349,updated,2026-09-10,cve_2026_to_now,2026-09-11T11:59:49+00:00
CVE-2026-50472,updated,2026-09-10,cve_2026_to_now,2026-09-11T11:59:49+00:00
CVE-2026-50481,updated,2026-09-10,cve_2026_to_now,2026-09-11T11:59:49+00:00
CVE-2026-50515,updated,2026-09-10,cve_2026_to_now,2026-09-11T11:59:49+00:00
CVE-2026-50516,updated,2026-09-10,cve_2026_to_now,2026-09-11T11:59:49+00:00
CVE-2026-50523,updated,2026-09-10,cve_2026_to_now,2026-09-11T11:59:49+00:00
CVE-2026-52097,added,,cve_2026_to_now,2026-09-11T11:59:49+00:00
CVE-2026-52098,added,,cve_2026_to_now,2026-09-11T11:59:49+00:00
CVE-2026-52924,updated,2026-09-10,cve_2026_to_now,2026-09-11T11:59:49+00:00
CVE-2026-52987,updated,2026-09-10,cve_2026_to_now,2026-09-11T11:59:49+00:00
CVE-2026-53002,updated,2026-09-10,cve_2026_to_now,2026-09-11T11:59:49+00:00
CVE-2026-53091,updated,2026-09-10,cve_2026_to_now,2026-09-11T11:59:49+00:00
CVE-2026-53956,updated,2026-09-10,cve_2026_to_now,2026-09-11T11:59:49+00:00
CVE-2026-54048,updated,2026-09-10,cve_2026_to_now,2026-09-11T11:59:49+00:00
CVE-2026-54054,added,,cve_2026_to_now,2026-09-11T11:59:49+00:00
CVE-2026-54113,updated,2026-09-10,cve_2026_to_now,2026-09-11T11:59:49+00:00
CVE-2026-54123,updated,2026-09-10,cve_2026_to_now,2026-09-11T11:59:49+00:00
CVE-2026-54694,updated,2026-09-10,cve_2026_to_now,2026-09-11T11:59:49+00:00
CVE-2026-54981,updated,2026-09-10,cve_2026_to_now,2026-09-11T11:59:49+00:00
CVE-2026-54984,updated,2026-09-10,cve_2026_to_now,2026-09-11T11:59:49+00:00
CVE-2026-55007,updated,2026-09-10,cve_2026_to_now,2026-09-11T11:59:49+00:00
CVE-2026-55013,updated,2026-09-10,cve_2026_to_now,2026-09-11T11:59:49+00:00
CVE-2026-55015,updated,2026-09-10,cve_2026_to_now,2026-09-11T11:59:49+00:00
CVE-2026-55256,updated,2026-09-10,cve_2026_to_now,2026-09-11T11:59:49+00:00
CVE-2026-55290,updated,2026-09-10,cve_2026_to_now,2026-09-11T11:59:49+00:00
CVE-2026-56101,updated,2026-09-10,cve_2026_to_now,2026-09-11T11:59:49+00:00
CVE-2026-56161,updated,2026-09-10,cve_2026_to_now,2026-09-11T11:59:49+00:00
CVE-2026-56162,updated,2026-09-10,cve_2026_to_now,2026-09-11T11:59:49+00:00
CVE-2026-56172,updated,2026-09-10,cve_2026_to_now,2026-09-11T11:59:49+00:00
CVE-2026-56174,updated,2026-09-10,cve_2026_to_now,2026-09-11T11:59:49+00:00
CVE-2026-56177,updated,2026-09-10,cve_2026_to_now,2026-09-11T11:59:49+00:00
CVE-2026-56179,updated,2026-09-10,cve_2026_to_now,2026-09-11T11:59:49+00:00
CVE-2026-56198,updated,2026-09-10,cve_2026_to_now,2026-09-11T11:59:49+00:00
CVE-2026-56207,updated,2026-09-10,cve_2026_to_now,2026-09-11T11:59:49+00:00
CVE-2026-57098,updated,2026-09-10,cve_2026_to_now,2026-09-11T11:59:49+00:00
CVE-2026-57099,updated,2026-09-10,cve_2026_to_now,2026-09-11T11:59:49+00:00
CVE-2026-57104,updated,2026-09-10,cve_2026_to_now,2026-09-11T11:59:49+00:00
CVE-2026-57105,updated,2026-09-10,cve_2026_to_now,2026-09-11T11:59:49+00:00
CVE-2026-57822,updated,,cve_2026_to_now,2026-09-11T11:59:49+00:00
CVE-2026-57866,updated,2026-09-10,cve_2026_to_now,2026-09-11T11:59:49+00:00
CVE-2026-57967,updated,,cve_2026_to_now,2026-09-11T11:59:49+00:00
CVE-2026-58010,updated,2026-09-10,cve_2026_to_now,2026-09-11T11:59:49+00:00
CVE-2026-58011,updated,2026-09-10,cve_2026_to_now,2026-09-11T11:59:49+00:00
CVE-2026-58012,updated,2026-09-10,cve_2026_to_now,2026-09-11T11:59:49+00:00
CVE-2026-58013,updated,2026-09-10,cve_2026_to_now,2026-09-11T11:59:49+00:00
CVE-2026-58014,updated,2026-09-10,cve_2026_to_now,2026-09-11T11:59:49+00:00
CVE-2026-58015,updated,2026-09-10,cve_2026_to_now,2026-09-11T11:59:49+00:00
CVE-2026-58599,updated,2026-09-10,cve_2026_to_now,2026-09-11T11:59:49+00:00
CVE-2026-58600,updated,2026-09-10,cve_2026_to_now,2026-09-11T11:59:49+00:00
CVE-2026-58611,updated,2026-09-10,cve_2026_to_now,2026-09-11T11:59:49+00:00
CVE-2026-58612,updated,2026-09-10,cve_2026_to_now,2026-09-11T11:59:49+00:00
CVE-2026-58639,updated,2026-09-10,cve_2026_to_now,2026-09-11T11:59:49+00:00
CVE-2026-58641,updated,2026-09-10,cve_2026_to_now,2026-09-11T11:59:49+00:00
CVE-2026-58649,updated,2026-09-10,cve_2026_to_now,2026-09-11T11:59:49+00:00
CVE-2026-58650,updated,2026-09-10,cve_2026_to_now,2026-09-11T11:59:49+00:00
CVE-2026-58651,updated,2026-09-10,cve_2026_to_now,2026-09-11T11:59:49+00:00
CVE-2026-59113,updated,2026-09-10,cve_2026_to_now,2026-09-11T11:59:49+00:00
CVE-2026-59115,updated,2026-09-10,cve_2026_to_now,2026-09-11T11:59:49+00:00
CVE-2026-59118,updated,2026-09-10,cve_2026_to_now,2026-09-11T11:59:49+00:00
CVE-2026-59119,updated,2026-09-10,cve_2026_to_now,2026-09-11T11:59:49+00:00
CVE-2026-59122,updated,2026-09-10,cve_2026_to_now,2026-09-11T11:59:49+00:00
CVE-2026-59124,updated,2026-09-10,cve_2026_to_now,2026-09-11T11:59:49+00:00
CVE-2026-59125,updated,2026-09-10,cve_2026_to_now,2026-09-11T11:59:49+00:00
CVE-2026-59126,updated,2026-09-10,cve_2026_to_now,2026-09-11T11:59:49+00:00
CVE-2026-59127,updated,2026-09-10,cve_2026_to_now,2026-09-11T11:59:49+00:00
CVE-2026-59128,updated,2026-09-10,cve_2026_to_now,2026-09-11T11:59:49+00:00
CVE-2026-59130,updated,2026-09-10,cve_2026_to_now,2026-09-11T11:59:49+00:00
CVE-2026-59131,updated,2026-09-10,cve_2026_to_now,2026-09-11T11:59:49+00:00
CVE-2026-59132,updated,2026-09-10,cve_2026_to_now,2026-09-11T11:59:49+00:00
CVE-2026-59133,updated,2026-09-10,cve_2026_to_now,2026-09-11T11:59:49+00:00
CVE-2026-59134,updated,2026-09-10,cve_2026_to_now,2026-09-11T11:59:49+00:00
CVE-2026-59135,updated,2026-09-10,cve_2026_to_now,2026-09-11T11:59:49+00:00
CVE-2026-59136,updated,2026-09-10,cve_2026_to_now,2026-09-11T11:59:49+00:00
CVE-2026-59137,updated,2026-09-10,cve_2026_to_now,2026-09-11T11:59:49+00:00
CVE-2026-59138,updated,2026-09-10,cve_2026_to_now,2026-09-11T11:59:49+00:00
CVE-2026-59679,updated,,cve_2026_to_now,2026-09-11T11:59:49+00:00
CVE-2026-59691,updated,2026-09-10,cve_2026_to_now,2026-09-11T11:59:49+00:00
CVE-2026-59692,updated,2026-09-10,cve_2026_to_now,2026-09-11T11:59:49+00:00
CVE-2026-61345,updated,2026-09-10,cve_2026_to_now,2026-09-11T11:59:49+00:00
CVE-2026-61346,updated,2026-09-10,cve_2026_to_now,2026-09-11T11:59:49+00:00
CVE-2026-61347,updated,2026-09-10,cve_2026_to_now,2026-09-11T11:59:49+00:00
CVE-2026-61348,updated,2026-09-10,cve_2026_to_now,2026-09-11T11:59:49+00:00
CVE-2026-61349,updated,2026-09-10,cve_2026_to_now,2026-09-11T11:59:49+00:00
CVE-2026-61350,updated,2026-09-10,cve_2026_to_now,2026-09-11T11:59:49+00:00
CVE-2026-61352,updated,2026-09-10,cve_2026_to_now,2026-09-11T11:59:49+00:00
CVE-2026-61353,updated,2026-09-10,cve_2026_to_now,2026-09-11T11:59:49+00:00
CVE-2026-61355,updated,2026-09-10,cve_2026_to_now,2026-09-11T11:59:49+00:00
CVE-2026-61356,updated,2026-09-10,cve_2026_to_now,2026-09-11T11:59:49+00:00
CVE-2026-61357,updated,2026-09-10,cve_2026_to_now,2026-09-11T11:59:49+00:00
CVE-2026-61358,updated,2026-09-10,cve_2026_to_now,2026-09-11T11:59:49+00:00
CVE-2026-61359,updated,2026-09-10,cve_2026_to_now,2026-09-11T11:59:49+00:00
CVE-2026-61360,updated,2026-09-10,cve_2026_to_now,2026-09-11T11:59:49+00:00
CVE-2026-61361,updated,2026-09-10,cve_2026_to_now,2026-09-11T11:59:49+00:00
CVE-2026-61363,updated,2026-09-10,cve_2026_to_now,2026-09-11T11:59:49+00:00
CVE-2026-61364,updated,2026-09-10,cve_2026_to_now,2026-09-11T11:59:49+00:00
CVE-2026-61365,updated,2026-09-10,cve_2026_to_now,2026-09-11T11:59:49+00:00
CVE-2026-61366,updated,2026-09-10,cve_2026_to_now,2026-09-11T11:59:49+00:00
CVE-2026-61367,updated,2026-09-10,cve_2026_to_now,2026-09-11T11:59:49+00:00
CVE-2026-61368,updated,2026-09-10,cve_2026_to_now,2026-09-11T11:59:49+00:00
CVE-2026-61517,updated,2026-09-10,cve_2026_to_now,2026-09-11T11:59:49+00:00
CVE-2026-61908,updated,2026-09-10,cve_2026_to_now,2026-09-11T11:59:49+00:00
CVE-2026-61911,updated,2026-09-10,cve_2026_to_now,2026-09-11T11:59:49+00:00
CVE-2026-61915,updated,2026-09-10,cve_2026_to_now,2026-09-11T11:59:49+00:00
CVE-2026-61918,updated,2026-09-10,cve_2026_to_now,2026-09-11T11:59:49+00:00
CVE-2026-61920,updated,2026-09-10,cve_2026_to_now,2026-09-11T11:59:49+00:00
CVE-2026-61921,updated,2026-09-10,cve_2026_to_now,2026-09-11T11:59:49+00:00
CVE-2026-61923,updated,2026-09-10,cve_2026_to_now,2026-09-11T11:59:49+00:00
CVE-2026-61924,updated,2026-09-10,cve_2026_to_now,2026-09-11T11:59:49+00:00
CVE-2026-61925,updated,2026-09-10,cve_2026_to_now,2026-09-11T11:59:49+00:00
CVE-2026-61926,updated,2026-09-10,cve_2026_to_now,2026-09-11T11:59:49+00:00
CVE-2026-61927,updated,2026-09-10,cve_2026_to_now,2026-09-11T11:59:49+00:00
CVE-2026-61928,updated,2026-09-10,cve_2026_to_now,2026-09-11T11:59:49+00:00
CVE-2026-61929,updated,2026-09-10,cve_2026_to_now,2026-09-11T11:59:49+00:00
CVE-2026-61930,updated,2026-09-10,cve_2026_to_now,2026-09-11T11:59:49+00:00
CVE-2026-61932,updated,2026-09-10,cve_2026_to_now,2026-09-11T11:59:49+00:00
CVE-2026-61933,updated,2026-09-10,cve_2026_to_now,2026-09-11T11:59:49+00:00
CVE-2026-61934,updated,2026-09-10,cve_2026_to_now,2026-09-11T11:59:49+00:00
CVE-2026-61936,updated,2026-09-10,cve_2026_to_now,2026-09-11T11:59:49+00:00
CVE-2026-61937,updated,2026-09-10,cve_2026_to_now,2026-09-11T11:59:49+00:00
CVE-2026-61938,updated,2026-09-10,cve_2026_to_now,2026-09-11T11:59:49+00:00
CVE-2026-61939,updated,2026-09-10,cve_2026_to_now,2026-09-11T11:59:49+00:00
CVE-2026-62437,updated,2026-09-10,cve_2026_to_now,2026-09-11T11:59:49+00:00
CVE-2026-62646,updated,2026-09-10,cve_2026_to_now,2026-09-11T11:59:49+00:00
CVE-2026-62652,updated,2026-09-10,cve_2026_to_now,2026-09-11T11:59:49+00:00
CVE-2026-62688,updated,2026-09-10,cve_2026_to_now,2026-09-11T11:59:49+00:00
CVE-2026-62690,updated,2026-09-10,cve_2026_to_now,2026-09-11T11:59:49+00:00
CVE-2026-62692,updated,2026-09-10,cve_2026_to_now,2026-09-11T11:59:49+00:00
CVE-2026-62693,updated,2026-09-10,cve_2026_to_now,2026-09-11T11:59:49+00:00
CVE-2026-62694,updated,2026-09-10,cve_2026_to_now,2026-09-11T11:59:49+00:00
CVE-2026-62695,updated,2026-09-10,cve_2026_to_now,2026-09-11T11:59:49+00:00
CVE-2026-62696,updated,2026-09-10,cve_2026_to_now,2026-09-11T11:59:49+00:00
CVE-2026-62697,updated,2026-09-10,cve_2026_to_now,2026-09-11T11:59:49+00:00
CVE-2026-62698,updated,2026-09-10,cve_2026_to_now,2026-09-11T11:59:49+00:00
CVE-2026-62699,updated,2026-09-10,cve_2026_to_now,2026-09-11T11:59:49+00:00
CVE-2026-62700,updated,2026-09-10,cve_2026_to_now,2026-09-11T11:59:49+00:00
CVE-2026-62701,updated,2026-09-10,cve_2026_to_now,2026-09-11T11:59:49+00:00
CVE-2026-62702,updated,2026-09-10,cve_2026_to_now,2026-09-11T11:59:49+00:00
CVE-2026-62703,updated,2026-09-10,cve_2026_to_now,2026-09-11T11:59:49+00:00
CVE-2026-62705,updated,2026-09-10,cve_2026_to_now,2026-09-11T11:59:49+00:00
CVE-2026-62706,updated,2026-09-10,cve_2026_to_now,2026-09-11T11:59:49+00:00
CVE-2026-62707,updated,2026-09-10,cve_2026_to_now,2026-09-11T11:59:49+00:00
CVE-2026-62708,updated,2026-09-10,cve_2026_to_now,2026-09-11T11:59:49+00:00
CVE-2026-62709,updated,2026-09-10,cve_2026_to_now,2026-09-11T11:59:49+00:00
CVE-2026-62710,updated,2026-09-10,cve_2026_to_now,2026-09-11T11:59:49+00:00
CVE-2026-62711,updated,2026-09-10,cve_2026_to_now,2026-09-11T11:59:49+00:00
CVE-2026-62712,updated,2026-09-10,cve_2026_to_now,2026-09-11T11:59:49+00:00
CVE-2026-62713,updated,2026-09-10,cve_2026_to_now,2026-09-11T11:59:49+00:00
CVE-2026-62714,updated,2026-09-10,cve_2026_to_now,2026-09-11T11:59:49+00:00
CVE-2026-62715,updated,2026-09-10,cve_2026_to_now,2026-09-11T11:59:49+00:00
CVE-2026-62716,updated,2026-09-10,cve_2026_to_now,2026-09-11T11:59:49+00:00
CVE-2026-62717,updated,2026-09-10,cve_2026_to_now,2026-09-11T11:59:49+00:00
CVE-2026-62718,updated,2026-09-10,cve_2026_to_now,2026-09-11T11:59:49+00:00
CVE-2026-62719,updated,2026-09-10,cve_2026_to_now,2026-09-11T11:59:49+00:00
CVE-2026-62720,updated,2026-09-10,cve_2026_to_now,2026-09-11T11:59:49+00:00
CVE-2026-62721,updated,2026-09-10,cve_2026_to_now,2026-09-11T11:59:49+00:00
CVE-2026-62722,updated,2026-09-10,cve_2026_to_now,2026-09-11T11:59:49+00:00
CVE-2026-62723,updated,2026-09-10,cve_2026_to_now,2026-09-11T11:59:49+00:00
CVE-2026-62724,updated,2026-09-10,cve_2026_to_now,2026-09-11T11:59:49+00:00
CVE-2026-62725,updated,2026-09-10,cve_2026_to_now,2026-09-11T11:59:49+00:00
CVE-2026-62726,updated,2026-09-10,cve_2026_to_now,2026-09-11T11:59:49+00:00
CVE-2026-62727,updated,2026-09-10,cve_2026_to_now,2026-09-11T11:59:49+00:00
CVE-2026-62728,updated,2026-09-10,cve_2026_to_now,2026-09-11T11:59:49+00:00
CVE-2026-62729,updated,2026-09-10,cve_2026_to_now,2026-09-11T11:59:49+00:00
CVE-2026-62730,updated,2026-09-10,cve_2026_to_now,2026-09-11T11:59:49+00:00
CVE-2026-62732,updated,2026-09-10,cve_2026_to_now,2026-09-11T11:59:49+00:00
CVE-2026-62733,updated,2026-09-10,cve_2026_to_now,2026-09-11T11:59:49+00:00
CVE-2026-62734,updated,2026-09-10,cve_2026_to_now,2026-09-11T11:59:49+00:00
CVE-2026-62735,updated,2026-09-10,cve_2026_to_now,2026-09-11T11:59:49+00:00
CVE-2026-62736,updated,2026-09-10,cve_2026_to_now,2026-09-11T11:59:49+00:00
CVE-2026-62737,updated,2026-09-10,cve_2026_to_now,2026-09-11T11:59:49+00:00
CVE-2026-62738,updated,2026-09-10,cve_2026_to_now,2026-09-11T11:59:49+00:00
CVE-2026-62739,updated,2026-09-10,cve_2026_to_now,2026-09-11T11:59:49+00:00
CVE-2026-62740,updated,2026-09-10,cve_2026_to_now,2026-09-11T11:59:49+00:00
CVE-2026-62741,updated,2026-09-10,cve_2026_to_now,2026-09-11T11:59:49+00:00
CVE-2026-62742,updated,2026-09-10,cve_2026_to_now,2026-09-11T11:59:49+00:00
CVE-2026-62743,updated,2026-09-10,cve_2026_to_now,2026-09-11T11:59:49+00:00
CVE-2026-62744,updated,2026-09-10,cve_2026_to_now,2026-09-11T11:59:49+00:00
CVE-2026-62745,updated,2026-09-10,cve_2026_to_now,2026-09-11T11:59:49+00:00
CVE-2026-62746,updated,2026-09-10,cve_2026_to_now,2026-09-11T11:59:49+00:00
CVE-2026-62747,updated,2026-09-10,cve_2026_to_now,2026-09-11T11:59:49+00:00
CVE-2026-62748,updated,2026-09-10,cve_2026_to_now,2026-09-11T11:59:49+00:00
CVE-2026-62749,updated,2026-09-10,cve_2026_to_now,2026-09-11T11:59:49+00:00
CVE-2026-62750,updated,2026-09-10,cve_2026_to_now,2026-09-11T11:59:49+00:00
CVE-2026-62751,updated,2026-09-10,cve_2026_to_now,2026-09-11T11:59:49+00:00
CVE-2026-62752,updated,2026-09-10,cve_2026_to_now,2026-09-11T11:59:49+00:00
CVE-2026-62753,updated,2026-09-10,cve_2026_to_now,2026-09-11T11:59:49+00:00
CVE-2026-62754,updated,2026-09-10,cve_2026_to_now,2026-09-11T11:59:49+00:00
CVE-2026-62755,updated,2026-09-10,cve_2026_to_now,2026-09-11T11:59:49+00:00
CVE-2026-62757,updated,2026-09-10,cve_2026_to_now,2026-09-11T11:59:49+00:00
CVE-2026-62758,updated,2026-09-10,cve_2026_to_now,2026-09-11T11:59:49+00:00
CVE-2026-62759,updated,2026-09-10,cve_2026_to_now,2026-09-11T11:59:49+00:00
CVE-2026-62761,updated,2026-09-10,cve_2026_to_now,2026-09-11T11:59:49+00:00
CVE-2026-62762,updated,2026-09-10,cve_2026_to_now,2026-09-11T11:59:49+00:00
CVE-2026-62766,updated,2026-09-10,cve_2026_to_now,2026-09-11T11:59:49+00:00
CVE-2026-62768,updated,2026-09-10,cve_2026_to_now,2026-09-11T11:59:49+00:00
CVE-2026-62769,updated,2026-09-10,cve_2026_to_now,2026-09-11T11:59:49+00:00
CVE-2026-62770,updated,2026-09-10,cve_2026_to_now,2026-09-11T11:59:49+00:00
CVE-2026-62771,updated,2026-09-10,cve_2026_to_now,2026-09-11T11:59:49+00:00
CVE-2026-62772,updated,2026-09-10,cve_2026_to_now,2026-09-11T11:59:49+00:00
CVE-2026-62773,updated,2026-09-10,cve_2026_to_now,2026-09-11T11:59:49+00:00
CVE-2026-62774,updated,2026-09-10,cve_2026_to_now,2026-09-11T11:59:49+00:00
CVE-2026-62775,updated,2026-09-10,cve_2026_to_now,2026-09-11T11:59:49+00:00
CVE-2026-62776,updated,2026-09-10,cve_2026_to_now,2026-09-11T11:59:49+00:00
CVE-2026-62777,updated,2026-09-10,cve_2026_to_now,2026-09-11T11:59:49+00:00
CVE-2026-62778,updated,2026-09-10,cve_2026_to_now,2026-09-11T11:59:49+00:00
CVE-2026-62779,updated,2026-09-10,cve_2026_to_now,2026-09-11T11:59:49+00:00
CVE-2026-62780,updated,2026-09-10,cve_2026_to_now,2026-09-11T11:59:49+00:00
CVE-2026-62781,updated,2026-09-10,cve_2026_to_now,2026-09-11T11:59:49+00:00
CVE-2026-62782,updated,2026-09-10,cve_2026_to_now,2026-09-11T11:59:49+00:00
CVE-2026-62783,updated,2026-09-10,cve_2026_to_now,2026-09-11T11:59:49+00:00
CVE-2026-62784,updated,2026-09-10,cve_2026_to_now,2026-09-11T11:59:49+00:00
CVE-2026-62785,updated,2026-09-10,cve_2026_to_now,2026-09-11T11:59:49+00:00
CVE-2026-62786,updated,2026-09-10,cve_2026_to_now,2026-09-11T11:59:49+00:00
CVE-2026-62787,updated,2026-09-10,cve_2026_to_now,2026-09-11T11:59:49+00:00
CVE-2026-62788,updated,2026-09-10,cve_2026_to_now,2026-09-11T11:59:49+00:00
CVE-2026-62790,updated,2026-09-10,cve_2026_to_now,2026-09-11T11:59:49+00:00
CVE-2026-62792,updated,2026-09-10,cve_2026_to_now,2026-09-11T11:59:49+00:00
CVE-2026-62793,updated,2026-09-10,cve_2026_to_now,2026-09-11T11:59:49+00:00
CVE-2026-62795,updated,2026-09-10,cve_2026_to_now,2026-09-11T11:59:49+00:00
CVE-2026-62796,updated,2026-09-10,cve_2026_to_now,2026-09-11T11:59:49+00:00
CVE-2026-62797,updated,2026-09-10,cve_2026_to_now,2026-09-11T11:59:49+00:00
CVE-2026-62798,updated,2026-09-10,cve_2026_to_now,2026-09-11T11:59:49+00:00
CVE-2026-62799,updated,2026-09-10,cve_2026_to_now,2026-09-11T11:59:49+00:00
CVE-2026-62800,updated,2026-09-10,cve_2026_to_now,2026-09-11T11:59:49+00:00
CVE-2026-62801,updated,2026-09-10,cve_2026_to_now,2026-09-11T11:59:49+00:00
CVE-2026-62803,updated,2026-09-10,cve_2026_to_now,2026-09-11T11:59:49+00:00
CVE-2026-62804,updated,2026-09-10,cve_2026_to_now,2026-09-11T11:59:49+00:00
CVE-2026-62807,updated,2026-09-10,cve_2026_to_now,2026-09-11T11:59:49+00:00
CVE-2026-62810,updated,2026-09-10,cve_2026_to_now,2026-09-11T11:59:49+00:00
CVE-2026-62811,updated,2026-09-10,cve_2026_to_now,2026-09-11T11:59:49+00:00
CVE-2026-62812,updated,2026-09-10,cve_2026_to_now,2026-09-11T11:59:49+00:00
CVE-2026-62813,updated,2026-09-10,cve_2026_to_now,2026-09-11T11:59:49+00:00
CVE-2026-62814,updated,2026-09-10,cve_2026_to_now,2026-09-11T11:59:49+00:00
CVE-2026-62815,updated,2026-09-10,cve_2026_to_now,2026-09-11T11:59:49+00:00
CVE-2026-62816,updated,2026-09-10,cve_2026_to_now,2026-09-11T11:59:49+00:00
CVE-2026-62817,updated,2026-09-10,cve_2026_to_now,2026-09-11T11:59:49+00:00
CVE-2026-62818,updated,2026-09-10,cve_2026_to_now,2026-09-11T11:59:49+00:00
CVE-2026-62819,updated,2026-09-10,cve_2026_to_now,2026-09-11T11:59:49+00:00
CVE-2026-62820,updated,2026-09-10,cve_2026_to_now,2026-09-11T11:59:49+00:00
CVE-2026-62822,updated,2026-09-10,cve_2026_to_now,2026-09-11T11:59:49+00:00
CVE-2026-62823,updated,2026-09-10,cve_2026_to_now,2026-09-11T11:59:49+00:00
CVE-2026-62824,updated,2026-09-10,cve_2026_to_now,2026-09-11T11:59:49+00:00
CVE-2026-62827,updated,2026-09-10,cve_2026_to_now,2026-09-11T11:59:49+00:00
CVE-2026-62829,updated,2026-09-10,cve_2026_to_now,2026-09-11T11:59:49+00:00
CVE-2026-62830,updated,2026-09-10,cve_2026_to_now,2026-09-11T11:59:49+00:00
CVE-2026-62832,updated,2026-09-10,cve_2026_to_now,2026-09-11T11:59:49+00:00
CVE-2026-62834,updated,2026-09-10,cve_2026_to_now,2026-09-11T11:59:49+00:00
CVE-2026-62836,updated,2026-09-10,cve_2026_to_now,2026-09-11T11:59:49+00:00
CVE-2026-62837,updated,2026-09-10,cve_2026_to_now,2026-09-11T11:59:49+00:00
CVE-2026-62839,updated,2026-09-10,cve_2026_to_now,2026-09-11T11:59:49+00:00
CVE-2026-62842,updated,2026-09-10,cve_2026_to_now,2026-09-11T11:59:49+00:00
CVE-2026-62869,updated,2026-09-10,cve_2026_to_now,2026-09-11T11:59:49+00:00
CVE-2026-62871,updated,2026-09-10,cve_2026_to_now,2026-09-11T11:59:49+00:00
CVE-2026-62872,updated,2026-09-10,cve_2026_to_now,2026-09-11T11:59:49+00:00
CVE-2026-62873,updated,2026-09-10,cve_2026_to_now,2026-09-11T11:59:49+00:00
CVE-2026-62876,updated,2026-09-10,cve_2026_to_now,2026-09-11T11:59:49+00:00
CVE-2026-62877,updated,2026-09-10,cve_2026_to_now,2026-09-11T11:59:49+00:00
CVE-2026-62878,updated,2026-09-10,cve_2026_to_now,2026-09-11T11:59:49+00:00
CVE-2026-62880,updated,2026-09-10,cve_2026_to_now,2026-09-11T11:59:49+00:00
CVE-2026-62881,updated,2026-09-10,cve_2026_to_now,2026-09-11T11:59:49+00:00
CVE-2026-62882,updated,2026-09-10,cve_2026_to_now,2026-09-11T11:59:49+00:00
CVE-2026-62883,updated,2026-09-10,cve_2026_to_now,2026-09-11T11:59:49+00:00
CVE-2026-62885,updated,2026-09-10,cve_2026_to_now,2026-09-11T11:59:49+00:00
CVE-2026-62886,updated,2026-09-10,cve_2026_to_now,2026-09-11T11:59:49+00:00
CVE-2026-62887,updated,2026-09-10,cve_2026_to_now,2026-09-11T11:59:49+00:00
CVE-2026-62888,updated,2026-09-10,cve_2026_to_now,2026-09-11T11:59:49+00:00
CVE-2026-62889,updated,2026-09-10,cve_2026_to_now,2026-09-11T11:59:49+00:00
CVE-2026-62890,updated,2026-09-10,cve_2026_to_now,2026-09-11T11:59:49+00:00
CVE-2026-62892,updated,2026-09-10,cve_2026_to_now,2026-09-11T11:59:49+00:00
CVE-2026-62893,updated,2026-09-10,cve_2026_to_now,2026-09-11T11:59:49+00:00
CVE-2026-62894,updated,2026-09-10,cve_2026_to_now,2026-09-11T11:59:49+00:00
CVE-2026-62895,updated,2026-09-10,cve_2026_to_now,2026-09-11T11:59:49+00:00
CVE-2026-62896,updated,2026-09-10,cve_2026_to_now,2026-09-11T11:59:49+00:00
CVE-2026-62897,updated,2026-09-10,cve_2026_to_now,2026-09-11T11:59:49+00:00
CVE-2026-62898,updated,2026-09-10,cve_2026_to_now,2026-09-11T11:59:49+00:00
CVE-2026-62899,updated,2026-09-10,cve_2026_to_now,2026-09-11T11:59:49+00:00
CVE-2026-62900,updated,2026-09-10,cve_2026_to_now,2026-09-11T11:59:49+00:00
CVE-2026-62901,updated,2026-09-10,cve_2026_to_now,2026-09-11T11:59:49+00:00
CVE-2026-62902,updated,2026-09-10,cve_2026_to_now,2026-09-11T11:59:49+00:00
CVE-2026-62906,updated,2026-09-10,cve_2026_to_now,2026-09-11T11:59:49+00:00
CVE-2026-62908,updated,2026-09-10,cve_2026_to_now,2026-09-11T11:59:49+00:00
CVE-2026-62909,updated,2026-09-10,cve_2026_to_now,2026-09-11T11:59:49+00:00
CVE-2026-62910,updated,2026-09-10,cve_2026_to_now,2026-09-11T11:59:49+00:00
CVE-2026-62911,updated,2026-09-10,cve_2026_to_now,2026-09-11T11:59:49+00:00
CVE-2026-62912,updated,2026-09-10,cve_2026_to_now,2026-09-11T11:59:49+00:00
CVE-2026-62913,updated,2026-09-10,cve_2026_to_now,2026-09-11T11:59:49+00:00
CVE-2026-62914,updated,2026-09-10,cve_2026_to_now,2026-09-11T11:59:49+00:00
CVE-2026-62915,updated,2026-09-10,cve_2026_to_now,2026-09-11T11:59:49+00:00
CVE-2026-62916,updated,2026-09-10,cve_2026_to_now,2026-09-11T11:59:49+00:00
CVE-2026-62917,updated,2026-09-10,cve_2026_to_now,2026-09-11T11:59:49+00:00
CVE-2026-62918,updated,2026-09-10,cve_2026_to_now,2026-09-11T11:59:49+00:00
CVE-2026-63427,added,,cve_2026_to_now,2026-09-11T11:59:49+00:00
CVE-2026-63508,updated,2026-09-10,cve_2026_to_now,2026-09-11T11:59:49+00:00
CVE-2026-63509,updated,2026-09-10,cve_2026_to_now,2026-09-11T11:59:49+00:00
CVE-2026-63512,updated,2026-09-10,cve_2026_to_now,2026-09-11T11:59:49+00:00
CVE-2026-63513,updated,2026-09-10,cve_2026_to_now,2026-09-11T11:59:49+00:00
CVE-2026-63514,updated,2026-09-10,cve_2026_to_now,2026-09-11T11:59:49+00:00
CVE-2026-63515,updated,2026-09-10,cve_2026_to_now,2026-09-11T11:59:49+00:00
CVE-2026-63516,updated,2026-09-10,cve_2026_to_now,2026-09-11T11:59:49+00:00
CVE-2026-63517,updated,2026-09-10,cve_2026_to_now,2026-09-11T11:59:49+00:00
CVE-2026-63518,updated,2026-09-10,cve_2026_to_now,2026-09-11T11:59:49+00:00
CVE-2026-63519,updated,2026-09-10,cve_2026_to_now,2026-09-11T11:59:49+00:00
CVE-2026-63520,updated,2026-09-10,cve_2026_to_now,2026-09-11T11:59:49+00:00
CVE-2026-63521,updated,2026-09-10,cve_2026_to_now,2026-09-11T11:59:49+00:00
CVE-2026-63522,updated,2026-09-10,cve_2026_to_now,2026-09-11T11:59:49+00:00
CVE-2026-63523,updated,2026-09-10,cve_2026_to_now,2026-09-11T11:59:49+00:00
CVE-2026-63524,updated,2026-09-10,cve_2026_to_now,2026-09-11T11:59:49+00:00
CVE-2026-63525,updated,2026-09-10,cve_2026_to_now,2026-09-11T11:59:49+00:00
CVE-2026-63526,updated,2026-09-10,cve_2026_to_now,2026-09-11T11:59:49+00:00
CVE-2026-63527,updated,2026-09-10,cve_2026_to_now,2026-09-11T11:59:49+00:00
CVE-2026-63528,updated,2026-09-10,cve_2026_to_now,2026-09-11T11:59:49+00:00
CVE-2026-63529,updated,2026-09-10,cve_2026_to_now,2026-09-11T11:59:49+00:00
CVE-2026-63530,updated,2026-09-10,cve_2026_to_now,2026-09-11T11:59:49+00:00
CVE-2026-63531,updated,2026-09-10,cve_2026_to_now,2026-09-11T11:59:49+00:00
CVE-2026-63532,updated,2026-09-10,cve_2026_to_now,2026-09-11T11:59:49+00:00
CVE-2026-63533,updated,2026-09-10,cve_2026_to_now,2026-09-11T11:59:49+00:00
CVE-2026-64836,added,,cve_2026_to_now,2026-09-11T11:59:49+00:00
CVE-2026-64837,added,,cve_2026_to_now,2026-09-11T11:59:49+00:00
CVE-2026-64838,added,,cve_2026_to_now,2026-09-11T11:59:49+00:00
CVE-2026-64897,updated,2026-09-10,cve_2026_to_now,2026-09-11T11:59:49+00:00
CVE-2026-64898,updated,2026-09-10,cve_2026_to_now,2026-09-11T11:59:49+00:00
CVE-2026-64899,updated,2026-09-10,cve_2026_to_now,2026-09-11T11:59:49+00:00
CVE-2026-64900,updated,2026-09-10,cve_2026_to_now,2026-09-11T11:59:49+00:00
CVE-2026-64901,updated,2026-09-10,cve_2026_to_now,2026-09-11T11:59:49+00:00
CVE-2026-64902,updated,2026-09-10,cve_2026_to_now,2026-09-11T11:59:49+00:00
CVE-2026-64903,updated,2026-09-10,cve_2026_to_now,2026-09-11T11:59:49+00:00
CVE-2026-64904,updated,2026-09-10,cve_2026_to_now,2026-09-11T11:59:49+00:00
CVE-2026-64905,updated,2026-09-10,cve_2026_to_now,2026-09-11T11:59:49+00:00
CVE-2026-64906,updated,2026-09-10,cve_2026_to_now,2026-09-11T11:59:49+00:00
CVE-2026-64907,updated,2026-09-10,cve_2026_to_now,2026-09-11T11:59:49+00:00
CVE-2026-64908,updated,2026-09-10,cve_2026_to_now,2026-09-11T11:59:49+00:00
CVE-2026-64909,updated,2026-09-10,cve_2026_to_now,2026-09-11T11:59:49+00:00
CVE-2026-64910,updated,2026-09-10,cve_2026_to_now,2026-09-11T11:59:49+00:00
CVE-2026-64911,updated,2026-09-10,cve_2026_to_now,2026-09-11T11:59:49+00:00
CVE-2026-64912,updated,2026-09-10,cve_2026_to_now,2026-09-11T11:59:49+00:00
CVE-2026-64914,updated,2026-09-10,cve_2026_to_now,2026-09-11T11:59:49+00:00
CVE-2026-64915,updated,2026-09-10,cve_2026_to_now,2026-09-11T11:59:49+00:00
CVE-2026-64916,updated,2026-09-10,cve_2026_to_now,2026-09-11T11:59:49+00:00
CVE-2026-64917,updated,2026-09-10,cve_2026_to_now,2026-09-11T11:59:49+00:00
CVE-2026-64918,updated,2026-09-10,cve_2026_to_now,2026-09-11T11:59:49+00:00
CVE-2026-64919,updated,2026-09-10,cve_2026_to_now,2026-09-11T11:59:49+00:00
CVE-2026-64920,updated,2026-09-10,cve_2026_to_now,2026-09-11T11:59:49+00:00
CVE-2026-64921,updated,2026-09-10,cve_2026_to_now,2026-09-11T11:59:49+00:00
CVE-2026-64922,updated,2026-09-10,cve_2026_to_now,2026-09-11T11:59:49+00:00
CVE-2026-65638,added,,cve_2026_to_now,2026-09-11T11:59:49+00:00
CVE-2026-65639,added,,cve_2026_to_now,2026-09-11T11:59:49+00:00
CVE-2026-65656,updated,2026-09-10,cve_2026_to_now,2026-09-11T11:59:49+00:00
CVE-2026-65657,updated,2026-09-10,cve_2026_to_now,2026-09-11T11:59:49+00:00
CVE-2026-65658,updated,2026-09-10,cve_2026_to_now,2026-09-11T11:59:49+00:00
CVE-2026-65660,updated,2026-09-10,cve_2026_to_now,2026-09-11T11:59:49+00:00
CVE-2026-65661,updated,2026-09-10,cve_2026_to_now,2026-09-11T11:59:49+00:00
CVE-2026-65662,updated,2026-09-10,cve_2026_to_now,2026-09-11T11:59:49+00:00
CVE-2026-65663,updated,2026-09-10,cve_2026_to_now,2026-09-11T11:59:49+00:00
CVE-2026-65664,updated,2026-09-10,cve_2026_to_now,2026-09-11T11:59:49+00:00
CVE-2026-65665,updated,2026-09-10,cve_2026_to_now,2026-09-11T11:59:49+00:00
CVE-2026-65667,updated,2026-09-10,cve_2026_to_now,2026-09-11T11:59:49+00:00
CVE-2026-65668,updated,2026-09-10,cve_2026_to_now,2026-09-11T11:59:49+00:00
CVE-2026-65669,updated,2026-09-10,cve_2026_to_now,2026-09-11T11:59:49+00:00
CVE-2026-65671,updated,2026-09-10,cve_2026_to_now,2026-09-11T11:59:49+00:00
CVE-2026-65672,updated,2026-09-10,cve_2026_to_now,2026-09-11T11:59:49+00:00
CVE-2026-65673,updated,2026-09-10,cve_2026_to_now,2026-09-11T11:59:49+00:00
CVE-2026-65675,updated,2026-09-10,cve_2026_to_now,2026-09-11T11:59:49+00:00
CVE-2026-65678,updated,2026-09-10,cve_2026_to_now,2026-09-11T11:59:49+00:00
CVE-2026-65679,updated,2026-09-10,cve_2026_to_now,2026-09-11T11:59:49+00:00
CVE-2026-65680,updated,2026-09-10,cve_2026_to_now,2026-09-11T11:59:49+00:00
CVE-2026-65681,updated,2026-09-10,cve_2026_to_now,2026-09-11T11:59:49+00:00
CVE-2026-65767,updated,2026-09-10,cve_2026_to_now,2026-09-11T11:59:49+00:00
CVE-2026-65768,updated,2026-09-10,cve_2026_to_now,2026-09-11T11:59:49+00:00
CVE-2026-65769,updated,2026-09-10,cve_2026_to_now,2026-09-11T11:59:49+00:00
CVE-2026-65770,updated,2026-09-10,cve_2026_to_now,2026-09-11T11:59:49+00:00
CVE-2026-65772,updated,2026-09-10,cve_2026_to_now,2026-09-11T11:59:49+00:00
CVE-2026-65773,updated,2026-09-10,cve_2026_to_now,2026-09-11T11:59:49+00:00
CVE-2026-65774,updated,2026-09-10,cve_2026_to_now,2026-09-11T11:59:49+00:00
CVE-2026-65775,updated,2026-09-10,cve_2026_to_now,2026-09-11T11:59:49+00:00
CVE-2026-65776,updated,2026-09-10,cve_2026_to_now,2026-09-11T11:59:49+00:00
CVE-2026-65777,updated,2026-09-10,cve_2026_to_now,2026-09-11T11:59:49+00:00
CVE-2026-65778,updated,2026-09-10,cve_2026_to_now,2026-09-11T11:59:49+00:00
CVE-2026-65779,updated,2026-09-10,cve_2026_to_now,2026-09-11T11:59:49+00:00
CVE-2026-65780,updated,2026-09-10,cve_2026_to_now,2026-09-11T11:59:49+00:00
CVE-2026-65781,updated,2026-09-10,cve_2026_to_now,2026-09-11T11:59:49+00:00
CVE-2026-65782,updated,2026-09-10,cve_2026_to_now,2026-09-11T11:59:49+00:00
CVE-2026-65783,updated,2026-09-10,cve_2026_to_now,2026-09-11T11:59:49+00:00
CVE-2026-65784,updated,2026-09-10,cve_2026_to_now,2026-09-11T11:59:49+00:00
CVE-2026-65785,updated,2026-09-10,cve_2026_to_now,2026-09-11T11:59:49+00:00
CVE-2026-65786,updated,2026-09-10,cve_2026_to_now,2026-09-11T11:59:49+00:00
CVE-2026-65787,updated,2026-09-10,cve_2026_to_now,2026-09-11T11:59:49+00:00
CVE-2026-65788,updated,2026-09-10,cve_2026_to_now,2026-09-11T11:59:49+00:00
CVE-2026-65789,updated,2026-09-10,cve_2026_to_now,2026-09-11T11:59:49+00:00
CVE-2026-65790,updated,2026-09-10,cve_2026_to_now,2026-09-11T11:59:49+00:00
CVE-2026-65791,updated,2026-09-10,cve_2026_to_now,2026-09-11T11:59:49+00:00
CVE-2026-65794,updated,2026-09-10,cve_2026_to_now,2026-09-11T11:59:49+00:00
CVE-2026-65795,updated,2026-09-10,cve_2026_to_now,2026-09-11T11:59:49+00:00
CVE-2026-65796,updated,2026-09-10,cve_2026_to_now,2026-09-11T11:59:49+00:00
CVE-2026-65797,updated,2026-09-10,cve_2026_to_now,2026-09-11T11:59:49+00:00
CVE-2026-65798,updated,2026-09-10,cve_2026_to_now,2026-09-11T11:59:49+00:00
CVE-2026-65799,updated,2026-09-10,cve_2026_to_now,2026-09-11T11:59:49+00:00
CVE-2026-65801,updated,2026-09-10,cve_2026_to_now,2026-09-11T11:59:49+00:00
CVE-2026-65806,updated,2026-09-10,cve_2026_to_now,2026-09-11T11:59:49+00:00
CVE-2026-65807,updated,2026-09-10,cve_2026_to_now,2026-09-11T11:59:49+00:00
CVE-2026-65810,updated,2026-09-10,cve_2026_to_now,2026-09-11T11:59:49+00:00
CVE-2026-65811,updated,2026-09-10,cve_2026_to_now,2026-09-11T11:59:49+00:00
CVE-2026-65812,updated,2026-09-10,cve_2026_to_now,2026-09-11T11:59:49+00:00
CVE-2026-65813,updated,2026-09-10,cve_2026_to_now,2026-09-11T11:59:49+00:00
CVE-2026-65814,updated,2026-09-10,cve_2026_to_now,2026-09-11T11:59:49+00:00
CVE-2026-65815,updated,2026-09-10,cve_2026_to_now,2026-09-11T11:59:49+00:00
CVE-2026-65816,updated,2026-09-10,cve_2026_to_now,2026-09-11T11:59:49+00:00
CVE-2026-65818,updated,2026-09-10,cve_2026_to_now,2026-09-11T11:59:49+00:00
CVE-2026-66301,updated,2026-09-10,cve_2026_to_now,2026-09-11T11:59:49+00:00
CVE-2026-66302,updated,2026-09-10,cve_2026_to_now,2026-09-11T11:59:49+00:00
CVE-2026-66303,updated,2026-09-10,cve_2026_to_now,2026-09-11T11:59:49+00:00
CVE-2026-66304,updated,2026-09-10,cve_2026_to_now,2026-09-11T11:59:49+00:00
CVE-2026-66305,updated,2026-09-10,cve_2026_to_now,2026-09-11T11:59:49+00:00
CVE-2026-66306,updated,2026-09-10,cve_2026_to_now,2026-09-11T11:59:49+00:00
CVE-2026-66307,updated,2026-09-10,cve_2026_to_now,2026-09-11T11:59:49+00:00
CVE-2026-66308,updated,2026-09-10,cve_2026_to_now,2026-09-11T11:59:49+00:00
CVE-2026-66309,updated,2026-09-10,cve_2026_to_now,2026-09-11T11:59:49+00:00
CVE-2026-66632,added,,cve_2026_to_now,2026-09-11T11:59:49+00:00
CVE-2026-66674,added,,cve_2026_to_now,2026-09-11T11:59:49+00:00
CVE-2026-66799,updated,2026-09-10,cve_2026_to_now,2026-09-11T11:59:49+00:00
CVE-2026-66800,updated,2026-09-10,cve_2026_to_now,2026-09-11T11:59:49+00:00
CVE-2026-66802,updated,2026-09-10,cve_2026_to_now,2026-09-11T11:59:49+00:00
CVE-2026-66804,updated,2026-09-10,cve_2026_to_now,2026-09-11T11:59:49+00:00
CVE-2026-66805,updated,2026-09-10,cve_2026_to_now,2026-09-11T11:59:49+00:00
CVE-2026-66806,updated,2026-09-10,cve_2026_to_now,2026-09-11T11:59:49+00:00
CVE-2026-66807,updated,2026-09-10,cve_2026_to_now,2026-09-11T11:59:49+00:00
CVE-2026-66808,updated,2026-09-10,cve_2026_to_now,2026-09-11T11:59:49+00:00
CVE-2026-66809,updated,2026-09-10,cve_2026_to_now,2026-09-11T11:59:49+00:00
CVE-2026-66810,updated,2026-09-10,cve_2026_to_now,2026-09-11T11:59:49+00:00
CVE-2026-66814,updated,2026-09-10,cve_2026_to_now,2026-09-11T11:59:49+00:00
CVE-2026-66816,updated,2026-09-10,cve_2026_to_now,2026-09-11T11:59:49+00:00
CVE-2026-66818,updated,2026-09-10,cve_2026_to_now,2026-09-11T11:59:49+00:00
CVE-2026-66819,updated,2026-09-10,cve_2026_to_now,2026-09-11T11:59:49+00:00
CVE-2026-66820,updated,2026-09-10,cve_2026_to_now,2026-09-11T11:59:49+00:00
CVE-2026-67277,updated,2026-09-11,cve_2026_to_now,2026-09-11T11:59:49+00:00
CVE-2026-67368,updated,2026-09-10,cve_2026_to_now,2026-09-11T11:59:49+00:00
CVE-2026-67369,updated,2026-09-10,cve_2026_to_now,2026-09-11T11:59:49+00:00
CVE-2026-67370,updated,2026-09-10,cve_2026_to_now,2026-09-11T11:59:49+00:00
CVE-2026-67373,updated,2026-09-10,cve_2026_to_now,2026-09-11T11:59:49+00:00
CVE-2026-67376,updated,2026-09-10,cve_2026_to_now,2026-09-11T11:59:49+00:00
CVE-2026-67378,updated,2026-09-10,cve_2026_to_now,2026-09-11T11:59:49+00:00
CVE-2026-67379,updated,2026-09-10,cve_2026_to_now,2026-09-11T11:59:49+00:00
CVE-2026-67380,updated,2026-09-10,cve_2026_to_now,2026-09-11T11:59:49+00:00
CVE-2026-67381,updated,2026-09-10,cve_2026_to_now,2026-09-11T11:59:49+00:00
CVE-2026-67383,updated,2026-09-10,cve_2026_to_now,2026-09-11T11:59:49+00:00
CVE-2026-67384,updated,2026-09-10,cve_2026_to_now,2026-09-11T11:59:49+00:00
CVE-2026-67385,updated,2026-09-10,cve_2026_to_now,2026-09-11T11:59:49+00:00
CVE-2026-67386,updated,2026-09-10,cve_2026_to_now,2026-09-11T11:59:49+00:00
CVE-2026-67388,updated,2026-09-10,cve_2026_to_now,2026-09-11T11:59:49+00:00
CVE-2026-67389,updated,2026-09-10,cve_2026_to_now,2026-09-11T11:59:49+00:00
CVE-2026-67390,updated,2026-09-10,cve_2026_to_now,2026-09-11T11:59:49+00:00
CVE-2026-67393,updated,2026-09-10,cve_2026_to_now,2026-09-11T11:59:49+00:00
CVE-2026-67593,updated,,cve_2026_to_now,2026-09-11T11:59:49+00:00
CVE-2026-67624,updated,2026-09-10,cve_2026_to_now,2026-09-11T11:59:49+00:00
CVE-2026-67629,updated,2026-09-10,cve_2026_to_now,2026-09-11T11:59:49+00:00
CVE-2026-67630,updated,2026-09-10,cve_2026_to_now,2026-09-11T11:59:49+00:00
CVE-2026-67631,updated,2026-09-10,cve_2026_to_now,2026-09-11T11:59:49+00:00
CVE-2026-67633,updated,2026-09-10,cve_2026_to_now,2026-09-11T11:59:49+00:00
CVE-2026-67636,updated,2026-09-10,cve_2026_to_now,2026-09-11T11:59:49+00:00
CVE-2026-67638,updated,2026-09-10,cve_2026_to_now,2026-09-11T11:59:49+00:00
CVE-2026-67639,updated,2026-09-10,cve_2026_to_now,2026-09-11T11:59:49+00:00
CVE-2026-67641,updated,2026-09-10,cve_2026_to_now,2026-09-11T11:59:49+00:00
CVE-2026-67642,updated,2026-09-10,cve_2026_to_now,2026-09-11T11:59:49+00:00
CVE-2026-67643,updated,2026-09-10,cve_2026_to_now,2026-09-11T11:59:49+00:00
CVE-2026-67645,updated,2026-09-10,cve_2026_to_now,2026-09-11T11:59:49+00:00
CVE-2026-67648,updated,2026-09-10,cve_2026_to_now,2026-09-11T11:59:49+00:00
CVE-2026-68006,added,,cve_2026_to_now,2026-09-11T11:59:49+00:00
CVE-2026-68487,added,,cve_2026_to_now,2026-09-11T11:59:49+00:00
CVE-2026-68488,added,,cve_2026_to_now,2026-09-11T11:59:49+00:00
CVE-2026-68527,added,,cve_2026_to_now,2026-09-11T11:59:49+00:00
CVE-2026-68775,updated,2026-09-10,cve_2026_to_now,2026-09-11T11:59:49+00:00
CVE-2026-68776,updated,2026-09-10,cve_2026_to_now,2026-09-11T11:59:49+00:00
CVE-2026-68777,updated,2026-09-10,cve_2026_to_now,2026-09-11T11:59:49+00:00
CVE-2026-68778,updated,2026-09-10,cve_2026_to_now,2026-09-11T11:59:49+00:00
CVE-2026-68779,updated,2026-09-10,cve_2026_to_now,2026-09-11T11:59:49+00:00
CVE-2026-68780,updated,2026-09-10,cve_2026_to_now,2026-09-11T11:59:49+00:00
CVE-2026-68781,updated,2026-09-10,cve_2026_to_now,2026-09-11T11:59:49+00:00
CVE-2026-68782,updated,2026-09-10,cve_2026_to_now,2026-09-11T11:59:49+00:00
CVE-2026-68784,updated,2026-09-10,cve_2026_to_now,2026-09-11T11:59:49+00:00
CVE-2026-68785,updated,2026-09-10,cve_2026_to_now,2026-09-11T11:59:49+00:00
CVE-2026-68786,updated,2026-09-10,cve_2026_to_now,2026-09-11T11:59:49+00:00
CVE-2026-68787,updated,2026-09-10,cve_2026_to_now,2026-09-11T11:59:49+00:00
CVE-2026-68789,updated,2026-09-10,cve_2026_to_now,2026-09-11T11:59:49+00:00
CVE-2026-68792,updated,2026-09-10,cve_2026_to_now,2026-09-11T11:59:49+00:00
CVE-2026-68793,updated,2026-09-10,cve_2026_to_now,2026-09-11T11:59:49+00:00
CVE-2026-68794,updated,2026-09-10,cve_2026_to_now,2026-09-11T11:59:49+00:00
CVE-2026-68795,updated,2026-09-10,cve_2026_to_now,2026-09-11T11:59:49+00:00
CVE-2026-68796,updated,2026-09-10,cve_2026_to_now,2026-09-11T11:59:49+00:00
CVE-2026-68797,updated,2026-09-10,cve_2026_to_now,2026-09-11T11:59:49+00:00
CVE-2026-68798,updated,2026-09-10,cve_2026_to_now,2026-09-11T11:59:49+00:00
CVE-2026-68799,updated,2026-09-10,cve_2026_to_now,2026-09-11T11:59:49+00:00
CVE-2026-68800,updated,2026-09-10,cve_2026_to_now,2026-09-11T11:59:49+00:00
CVE-2026-68801,updated,2026-09-10,cve_2026_to_now,2026-09-11T11:59:49+00:00
CVE-2026-68802,updated,2026-09-10,cve_2026_to_now,2026-09-11T11:59:49+00:00
CVE-2026-68803,updated,2026-09-10,cve_2026_to_now,2026-09-11T11:59:49+00:00
CVE-2026-68804,updated,2026-09-10,cve_2026_to_now,2026-09-11T11:59:49+00:00
CVE-2026-68805,updated,2026-09-10,cve_2026_to_now,2026-09-11T11:59:49+00:00
CVE-2026-68806,updated,2026-09-10,cve_2026_to_now,2026-09-11T11:59:49+00:00
CVE-2026-68807,updated,2026-09-10,cve_2026_to_now,2026-09-11T11:59:49+00:00
CVE-2026-68808,updated,2026-09-10,cve_2026_to_now,2026-09-11T11:59:49+00:00
CVE-2026-68809,updated,2026-09-10,cve_2026_to_now,2026-09-11T11:59:49+00:00
CVE-2026-68810,updated,2026-09-10,cve_2026_to_now,2026-09-11T11:59:49+00:00
CVE-2026-68811,updated,2026-09-10,cve_2026_to_now,2026-09-11T11:59:49+00:00
CVE-2026-68812,updated,2026-09-10,cve_2026_to_now,2026-09-11T11:59:49+00:00
CVE-2026-68813,updated,2026-09-10,cve_2026_to_now,2026-09-11T11:59:49+00:00
CVE-2026-68814,updated,2026-09-10,cve_2026_to_now,2026-09-11T11:59:49+00:00
CVE-2026-68815,updated,2026-09-10,cve_2026_to_now,2026-09-11T11:59:49+00:00
CVE-2026-68816,updated,2026-09-10,cve_2026_to_now,2026-09-11T11:59:49+00:00
CVE-2026-68817,updated,2026-09-10,cve_2026_to_now,2026-09-11T11:59:49+00:00
CVE-2026-68819,updated,2026-09-10,cve_2026_to_now,2026-09-11T11:59:49+00:00
CVE-2026-68820,updated,2026-09-10,cve_2026_to_now,2026-09-11T11:59:49+00:00
CVE-2026-68821,updated,2026-09-10,cve_2026_to_now,2026-09-11T11:59:49+00:00
CVE-2026-68823,updated,2026-09-10,cve_2026_to_now,2026-09-11T11:59:49+00:00
CVE-2026-68824,updated,2026-09-10,cve_2026_to_now,2026-09-11T11:59:49+00:00
CVE-2026-68825,updated,2026-09-10,cve_2026_to_now,2026-09-11T11:59:49+00:00
CVE-2026-68827,updated,2026-09-10,cve_2026_to_now,2026-09-11T11:59:49+00:00
CVE-2026-68828,updated,2026-09-10,cve_2026_to_now,2026-09-11T11:59:49+00:00
CVE-2026-68830,updated,2026-09-10,cve_2026_to_now,2026-09-11T11:59:49+00:00
CVE-2026-68831,updated,2026-09-10,cve_2026_to_now,2026-09-11T11:59:49+00:00
CVE-2026-68832,updated,2026-09-10,cve_2026_to_now,2026-09-11T11:59:49+00:00
CVE-2026-68833,updated,2026-09-10,cve_2026_to_now,2026-09-11T11:59:49+00:00
CVE-2026-68834,updated,2026-09-10,cve_2026_to_now,2026-09-11T11:59:49+00:00
CVE-2026-68835,updated,2026-09-10,cve_2026_to_now,2026-09-11T11:59:49+00:00
CVE-2026-68837,updated,2026-09-10,cve_2026_to_now,2026-09-11T11:59:49+00:00
CVE-2026-68838,updated,2026-09-10,cve_2026_to_now,2026-09-11T11:59:49+00:00
CVE-2026-68839,updated,2026-09-10,cve_2026_to_now,2026-09-11T11:59:49+00:00
CVE-2026-68840,updated,2026-09-10,cve_2026_to_now,2026-09-11T11:59:49+00:00
CVE-2026-68841,updated,2026-09-10,cve_2026_to_now,2026-09-11T11:59:49+00:00
CVE-2026-68842,updated,2026-09-10,cve_2026_to_now,2026-09-11T11:59:49+00:00
CVE-2026-68843,updated,2026-09-10,cve_2026_to_now,2026-09-11T11:59:49+00:00
CVE-2026-68844,updated,2026-09-10,cve_2026_to_now,2026-09-11T11:59:49+00:00
CVE-2026-68845,updated,2026-09-10,cve_2026_to_now,2026-09-11T11:59:49+00:00
CVE-2026-68846,updated,2026-09-10,cve_2026_to_now,2026-09-11T11:59:49+00:00
CVE-2026-68847,updated,2026-09-10,cve_2026_to_now,2026-09-11T11:59:49+00:00
CVE-2026-68848,updated,2026-09-10,cve_2026_to_now,2026-09-11T11:59:49+00:00
CVE-2026-68849,updated,2026-09-10,cve_2026_to_now,2026-09-11T11:59:49+00:00
CVE-2026-68850,updated,2026-09-10,cve_2026_to_now,2026-09-11T11:59:49+00:00
CVE-2026-68851,updated,2026-09-10,cve_2026_to_now,2026-09-11T11:59:49+00:00
CVE-2026-68852,updated,2026-09-10,cve_2026_to_now,2026-09-11T11:59:49+00:00
CVE-2026-68873,updated,2026-09-10,cve_2026_to_now,2026-09-11T11:59:49+00:00
CVE-2026-68874,updated,2026-09-10,cve_2026_to_now,2026-09-11T11:59:49+00:00
CVE-2026-68875,updated,2026-09-10,cve_2026_to_now,2026-09-11T11:59:49+00:00
CVE-2026-68876,updated,2026-09-10,cve_2026_to_now,2026-09-11T11:59:49+00:00
CVE-2026-68877,updated,2026-09-10,cve_2026_to_now,2026-09-11T11:59:49+00:00
CVE-2026-68878,updated,2026-09-10,cve_2026_to_now,2026-09-11T11:59:49+00:00
CVE-2026-68880,updated,2026-09-10,cve_2026_to_now,2026-09-11T11:59:49+00:00
CVE-2026-68881,updated,2026-09-10,cve_2026_to_now,2026-09-11T11:59:49+00:00
CVE-2026-68884,updated,2026-09-10,cve_2026_to_now,2026-09-11T11:59:49+00:00
CVE-2026-68885,updated,2026-09-10,cve_2026_to_now,2026-09-11T11:59:49+00:00
CVE-2026-68886,updated,2026-09-10,cve_2026_to_now,2026-09-11T11:59:49+00:00
CVE-2026-68887,updated,2026-09-10,cve_2026_to_now,2026-09-11T11:59:49+00:00
CVE-2026-68888,updated,2026-09-10,cve_2026_to_now,2026-09-11T11:59:49+00:00
CVE-2026-68889,updated,2026-09-10,cve_2026_to_now,2026-09-11T11:59:49+00:00
CVE-2026-68890,updated,2026-09-10,cve_2026_to_now,2026-09-11T11:59:49+00:00
CVE-2026-68891,updated,2026-09-10,cve_2026_to_now,2026-09-11T11:59:49+00:00
CVE-2026-68892,updated,2026-09-10,cve_2026_to_now,2026-09-11T11:59:49+00:00
CVE-2026-68893,updated,2026-09-10,cve_2026_to_now,2026-09-11T11:59:49+00:00
CVE-2026-68894,updated,2026-09-10,cve_2026_to_now,2026-09-11T11:59:49+00:00
CVE-2026-68895,updated,2026-09-10,cve_2026_to_now,2026-09-11T11:59:49+00:00
CVE-2026-68896,updated,2026-09-10,cve_2026_to_now,2026-09-11T11:59:49+00:00
CVE-2026-68897,updated,2026-09-10,cve_2026_to_now,2026-09-11T11:59:49+00:00
CVE-2026-68898,updated,2026-09-10,cve_2026_to_now,2026-09-11T11:59:49+00:00
CVE-2026-69265,updated,2026-09-10,cve_2026_to_now,2026-09-11T11:59:49+00:00
CVE-2026-69266,updated,2026-09-10,cve_2026_to_now,2026-09-11T11:59:49+00:00
CVE-2026-69267,updated,2026-09-10,cve_2026_to_now,2026-09-11T11:59:49+00:00
CVE-2026-69268,updated,2026-09-10,cve_2026_to_now,2026-09-11T11:59:49+00:00
CVE-2026-69269,updated,2026-09-10,cve_2026_to_now,2026-09-11T11:59:49+00:00
CVE-2026-69270,updated,2026-09-10,cve_2026_to_now,2026-09-11T11:59:49+00:00
CVE-2026-69271,updated,2026-09-10,cve_2026_to_now,2026-09-11T11:59:49+00:00
CVE-2026-69272,updated,2026-09-10,cve_2026_to_now,2026-09-11T11:59:49+00:00
CVE-2026-69273,updated,2026-09-10,cve_2026_to_now,2026-09-11T11:59:49+00:00
CVE-2026-69274,updated,2026-09-10,cve_2026_to_now,2026-09-11T11:59:49+00:00
CVE-2026-69275,updated,2026-09-10,cve_2026_to_now,2026-09-11T11:59:49+00:00
CVE-2026-69276,updated,2026-09-10,cve_2026_to_now,2026-09-11T11:59:49+00:00
CVE-2026-69277,updated,2026-09-10,cve_2026_to_now,2026-09-11T11:59:49+00:00
CVE-2026-69278,updated,2026-09-10,cve_2026_to_now,2026-09-11T11:59:49+00:00
CVE-2026-69279,updated,2026-09-10,cve_2026_to_now,2026-09-11T11:59:49+00:00
CVE-2026-69280,updated,2026-09-10,cve_2026_to_now,2026-09-11T11:59:49+00:00
CVE-2026-69281,updated,2026-09-10,cve_2026_to_now,2026-09-11T11:59:49+00:00
CVE-2026-69282,updated,2026-09-10,cve_2026_to_now,2026-09-11T11:59:49+00:00
CVE-2026-69283,updated,2026-09-10,cve_2026_to_now,2026-09-11T11:59:49+00:00
CVE-2026-69284,updated,2026-09-10,cve_2026_to_now,2026-09-11T11:59:49+00:00
CVE-2026-69285,updated,2026-09-10,cve_2026_to_now,2026-09-11T11:59:49+00:00
CVE-2026-69286,updated,2026-09-10,cve_2026_to_now,2026-09-11T11:59:49+00:00
CVE-2026-69287,updated,2026-09-10,cve_2026_to_now,2026-09-11T11:59:49+00:00
CVE-2026-69288,updated,2026-09-10,cve_2026_to_now,2026-09-11T11:59:49+00:00
CVE-2026-69289,updated,2026-09-10,cve_2026_to_now,2026-09-11T11:59:49+00:00
CVE-2026-69290,updated,2026-09-10,cve_2026_to_now,2026-09-11T11:59:49+00:00
CVE-2026-69291,updated,2026-09-10,cve_2026_to_now,2026-09-11T11:59:49+00:00
CVE-2026-69292,updated,2026-09-10,cve_2026_to_now,2026-09-11T11:59:49+00:00
CVE-2026-69293,updated,2026-09-10,cve_2026_to_now,2026-09-11T11:59:49+00:00
CVE-2026-69294,updated,2026-09-10,cve_2026_to_now,2026-09-11T11:59:49+00:00
CVE-2026-69295,updated,2026-09-10,cve_2026_to_now,2026-09-11T11:59:49+00:00
CVE-2026-69296,updated,2026-09-10,cve_2026_to_now,2026-09-11T11:59:49+00:00
CVE-2026-69297,updated,2026-09-10,cve_2026_to_now,2026-09-11T11:59:49+00:00
CVE-2026-69298,updated,2026-09-10,cve_2026_to_now,2026-09-11T11:59:49+00:00
CVE-2026-69299,updated,2026-09-10,cve_2026_to_now,2026-09-11T11:59:49+00:00
CVE-2026-69300,updated,2026-09-10,cve_2026_to_now,2026-09-11T11:59:49+00:00
CVE-2026-69301,updated,2026-09-10,cve_2026_to_now,2026-09-11T11:59:49+00:00
CVE-2026-69303,updated,2026-09-10,cve_2026_to_now,2026-09-11T11:59:49+00:00
CVE-2026-69304,updated,2026-09-10,cve_2026_to_now,2026-09-11T11:59:49+00:00
CVE-2026-69305,updated,2026-09-10,cve_2026_to_now,2026-09-11T11:59:49+00:00
CVE-2026-69306,updated,2026-09-10,cve_2026_to_now,2026-09-11T11:59:49+00:00
CVE-2026-69307,updated,2026-09-10,cve_2026_to_now,2026-09-11T11:59:49+00:00
CVE-2026-69308,updated,2026-09-10,cve_2026_to_now,2026-09-11T11:59:49+00:00
CVE-2026-69309,updated,2026-09-10,cve_2026_to_now,2026-09-11T11:59:49+00:00
CVE-2026-69310,updated,2026-09-10,cve_2026_to_now,2026-09-11T11:59:49+00:00
CVE-2026-69311,updated,2026-09-10,cve_2026_to_now,2026-09-11T11:59:49+00:00
CVE-2026-69312,updated,2026-09-10,cve_2026_to_now,2026-09-11T11:59:49+00:00
CVE-2026-69313,updated,2026-09-10,cve_2026_to_now,2026-09-11T11:59:49+00:00
CVE-2026-69314,updated,2026-09-10,cve_2026_to_now,2026-09-11T11:59:49+00:00
CVE-2026-69315,updated,2026-09-10,cve_2026_to_now,2026-09-11T11:59:49+00:00
CVE-2026-69316,updated,2026-09-10,cve_2026_to_now,2026-09-11T11:59:49+00:00
CVE-2026-69317,updated,2026-09-10,cve_2026_to_now,2026-09-11T11:59:49+00:00
CVE-2026-69318,updated,2026-09-10,cve_2026_to_now,2026-09-11T11:59:49+00:00
CVE-2026-69319,updated,2026-09-10,cve_2026_to_now,2026-09-11T11:59:49+00:00
CVE-2026-69320,updated,2026-09-10,cve_2026_to_now,2026-09-11T11:59:49+00:00
CVE-2026-69321,updated,2026-09-10,cve_2026_to_now,2026-09-11T11:59:49+00:00
CVE-2026-69322,updated,2026-09-10,cve_2026_to_now,2026-09-11T11:59:49+00:00
CVE-2026-69323,updated,2026-09-10,cve_2026_to_now,2026-09-11T11:59:49+00:00
CVE-2026-69324,updated,2026-09-10,cve_2026_to_now,2026-09-11T11:59:49+00:00
CVE-2026-69325,updated,2026-09-10,cve_2026_to_now,2026-09-11T11:59:49+00:00
CVE-2026-69328,updated,2026-09-10,cve_2026_to_now,2026-09-11T11:59:49+00:00
CVE-2026-69329,updated,2026-09-10,cve_2026_to_now,2026-09-11T11:59:49+00:00
CVE-2026-69331,updated,2026-09-10,cve_2026_to_now,2026-09-11T11:59:49+00:00
CVE-2026-69332,updated,2026-09-10,cve_2026_to_now,2026-09-11T11:59:49+00:00
CVE-2026-69333,updated,2026-09-10,cve_2026_to_now,2026-09-11T11:59:49+00:00
CVE-2026-69334,updated,2026-09-10,cve_2026_to_now,2026-09-11T11:59:49+00:00
CVE-2026-69335,updated,2026-09-10,cve_2026_to_now,2026-09-11T11:59:49+00:00
CVE-2026-69336,updated,2026-09-10,cve_2026_to_now,2026-09-11T11:59:49+00:00
CVE-2026-69337,updated,2026-09-10,cve_2026_to_now,2026-09-11T11:59:49+00:00
CVE-2026-69338,updated,2026-09-10,cve_2026_to_now,2026-09-11T11:59:49+00:00
CVE-2026-69339,updated,2026-09-10,cve_2026_to_now,2026-09-11T11:59:49+00:00
CVE-2026-69340,updated,2026-09-10,cve_2026_to_now,2026-09-11T11:59:49+00:00
CVE-2026-69341,updated,2026-09-10,cve_2026_to_now,2026-09-11T11:59:49+00:00
CVE-2026-69342,updated,2026-09-10,cve_2026_to_now,2026-09-11T11:59:49+00:00
CVE-2026-69343,updated,2026-09-10,cve_2026_to_now,2026-09-11T11:59:49+00:00
CVE-2026-69344,updated,2026-09-10,cve_2026_to_now,2026-09-11T11:59:49+00:00
CVE-2026-69345,updated,2026-09-10,cve_2026_to_now,2026-09-11T11:59:49+00:00
CVE-2026-69346,updated,2026-09-10,cve_2026_to_now,2026-09-11T11:59:49+00:00
CVE-2026-69347,updated,2026-09-10,cve_2026_to_now,2026-09-11T11:59:49+00:00
CVE-2026-69348,updated,2026-09-10,cve_2026_to_now,2026-09-11T11:59:49+00:00
CVE-2026-69349,updated,2026-09-10,cve_2026_to_now,2026-09-11T11:59:49+00:00
CVE-2026-69350,updated,2026-09-10,cve_2026_to_now,2026-09-11T11:59:49+00:00
CVE-2026-69351,updated,2026-09-10,cve_2026_to_now,2026-09-11T11:59:49+00:00
CVE-2026-69352,updated,2026-09-10,cve_2026_to_now,2026-09-11T11:59:49+00:00
CVE-2026-69353,updated,2026-09-10,cve_2026_to_now,2026-09-11T11:59:49+00:00
CVE-2026-69355,updated,2026-09-10,cve_2026_to_now,2026-09-11T11:59:49+00:00
CVE-2026-69356,updated,2026-09-10,cve_2026_to_now,2026-09-11T11:59:49+00:00
CVE-2026-69357,updated,2026-09-10,cve_2026_to_now,2026-09-11T11:59:49+00:00
CVE-2026-69358,updated,2026-09-10,cve_2026_to_now,2026-09-11T11:59:49+00:00
CVE-2026-69359,updated,2026-09-10,cve_2026_to_now,2026-09-11T11:59:49+00:00
CVE-2026-69360,updated,2026-09-10,cve_2026_to_now,2026-09-11T11:59:49+00:00
CVE-2026-69361,updated,2026-09-10,cve_2026_to_now,2026-09-11T11:59:49+00:00
CVE-2026-69362,updated,2026-09-10,cve_2026_to_now,2026-09-11T11:59:49+00:00
CVE-2026-69364,updated,2026-09-10,cve_2026_to_now,2026-09-11T11:59:49+00:00
CVE-2026-69365,updated,2026-09-10,cve_2026_to_now,2026-09-11T11:59:49+00:00
CVE-2026-69366,updated,2026-09-10,cve_2026_to_now,2026-09-11T11:59:49+00:00
CVE-2026-69367,updated,2026-09-10,cve_2026_to_now,2026-09-11T11:59:49+00:00
CVE-2026-69368,updated,2026-09-10,cve_2026_to_now,2026-09-11T11:59:49+00:00
CVE-2026-69369,updated,2026-09-10,cve_2026_to_now,2026-09-11T11:59:49+00:00
CVE-2026-69371,updated,2026-09-10,cve_2026_to_now,2026-09-11T11:59:49+00:00
CVE-2026-69372,updated,2026-09-10,cve_2026_to_now,2026-09-11T11:59:49+00:00
CVE-2026-69373,updated,2026-09-10,cve_2026_to_now,2026-09-11T11:59:49+00:00
CVE-2026-69374,updated,2026-09-10,cve_2026_to_now,2026-09-11T11:59:49+00:00
CVE-2026-69375,updated,2026-09-10,cve_2026_to_now,2026-09-11T11:59:49+00:00
CVE-2026-69376,updated,2026-09-10,cve_2026_to_now,2026-09-11T11:59:49+00:00
CVE-2026-69377,updated,2026-09-10,cve_2026_to_now,2026-09-11T11:59:49+00:00
CVE-2026-69378,updated,2026-09-10,cve_2026_to_now,2026-09-11T11:59:49+00:00
CVE-2026-69379,updated,2026-09-10,cve_2026_to_now,2026-09-11T11:59:49+00:00
CVE-2026-69380,updated,2026-09-10,cve_2026_to_now,2026-09-11T11:59:49+00:00
CVE-2026-69381,updated,2026-09-10,cve_2026_to_now,2026-09-11T11:59:49+00:00
CVE-2026-69382,updated,2026-09-10,cve_2026_to_now,2026-09-11T11:59:49+00:00
CVE-2026-69383,updated,2026-09-10,cve_2026_to_now,2026-09-11T11:59:49+00:00
CVE-2026-69384,updated,2026-09-10,cve_2026_to_now,2026-09-11T11:59:49+00:00
CVE-2026-69385,updated,2026-09-10,cve_2026_to_now,2026-09-11T11:59:49+00:00
CVE-2026-69386,updated,2026-09-10,cve_2026_to_now,2026-09-11T11:59:49+00:00
CVE-2026-69388,updated,2026-09-10,cve_2026_to_now,2026-09-11T11:59:49+00:00
CVE-2026-69389,updated,2026-09-10,cve_2026_to_now,2026-09-11T11:59:49+00:00
CVE-2026-69390,updated,2026-09-10,cve_2026_to_now,2026-09-11T11:59:49+00:00
CVE-2026-69391,updated,2026-09-10,cve_2026_to_now,2026-09-11T11:59:49+00:00
CVE-2026-69392,updated,2026-09-10,cve_2026_to_now,2026-09-11T11:59:49+00:00
CVE-2026-69393,updated,2026-09-10,cve_2026_to_now,2026-09-11T11:59:49+00:00
CVE-2026-69394,updated,2026-09-10,cve_2026_to_now,2026-09-11T11:59:49+00:00
CVE-2026-69395,updated,2026-09-10,cve_2026_to_now,2026-09-11T11:59:49+00:00
CVE-2026-69396,updated,2026-09-10,cve_2026_to_now,2026-09-11T11:59:49+00:00
CVE-2026-69397,updated,2026-09-10,cve_2026_to_now,2026-09-11T11:59:49+00:00
CVE-2026-69398,updated,2026-09-10,cve_2026_to_now,2026-09-11T11:59:49+00:00
CVE-2026-69400,updated,2026-09-10,cve_2026_to_now,2026-09-11T11:59:49+00:00
CVE-2026-69401,updated,2026-09-10,cve_2026_to_now,2026-09-11T11:59:49+00:00
CVE-2026-69402,updated,2026-09-10,cve_2026_to_now,2026-09-11T11:59:49+00:00
CVE-2026-69403,updated,2026-09-10,cve_2026_to_now,2026-09-11T11:59:49+00:00
CVE-2026-69404,updated,2026-09-10,cve_2026_to_now,2026-09-11T11:59:49+00:00
CVE-2026-69405,updated,2026-09-10,cve_2026_to_now,2026-09-11T11:59:49+00:00
CVE-2026-69406,updated,2026-09-10,cve_2026_to_now,2026-09-11T11:59:49+00:00
CVE-2026-69407,updated,2026-09-10,cve_2026_to_now,2026-09-11T11:59:49+00:00
CVE-2026-69408,updated,2026-09-10,cve_2026_to_now,2026-09-11T11:59:49+00:00
CVE-2026-69409,updated,2026-09-10,cve_2026_to_now,2026-09-11T11:59:49+00:00
CVE-2026-69410,updated,2026-09-10,cve_2026_to_now,2026-09-11T11:59:49+00:00
CVE-2026-69412,updated,2026-09-10,cve_2026_to_now,2026-09-11T11:59:49+00:00
CVE-2026-69413,updated,2026-09-10,cve_2026_to_now,2026-09-11T11:59:49+00:00
CVE-2026-69414,updated,2026-09-10,cve_2026_to_now,2026-09-11T11:59:49+00:00
CVE-2026-69415,updated,2026-09-10,cve_2026_to_now,2026-09-11T11:59:49+00:00
CVE-2026-69416,updated,2026-09-10,cve_2026_to_now,2026-09-11T11:59:49+00:00
CVE-2026-69417,updated,2026-09-10,cve_2026_to_now,2026-09-11T11:59:49+00:00
CVE-2026-69418,updated,2026-09-10,cve_2026_to_now,2026-09-11T11:59:49+00:00
CVE-2026-69419,updated,2026-09-10,cve_2026_to_now,2026-09-11T11:59:49+00:00
CVE-2026-69420,updated,2026-09-10,cve_2026_to_now,2026-09-11T11:59:49+00:00
CVE-2026-69421,updated,2026-09-10,cve_2026_to_now,2026-09-11T11:59:49+00:00
CVE-2026-69422,updated,2026-09-10,cve_2026_to_now,2026-09-11T11:59:49+00:00
CVE-2026-69423,updated,2026-09-10,cve_2026_to_now,2026-09-11T11:59:49+00:00
CVE-2026-69424,updated,2026-09-10,cve_2026_to_now,2026-09-11T11:59:49+00:00
CVE-2026-69425,updated,2026-09-10,cve_2026_to_now,2026-09-11T11:59:49+00:00
CVE-2026-69426,updated,2026-09-10,cve_2026_to_now,2026-09-11T11:59:49+00:00
CVE-2026-69427,updated,2026-09-10,cve_2026_to_now,2026-09-11T11:59:49+00:00
CVE-2026-69428,updated,2026-09-10,cve_2026_to_now,2026-09-11T11:59:49+00:00
CVE-2026-69429,updated,2026-09-10,cve_2026_to_now,2026-09-11T11:59:49+00:00
CVE-2026-69430,updated,2026-09-10,cve_2026_to_now,2026-09-11T11:59:49+00:00
CVE-2026-69431,updated,2026-09-10,cve_2026_to_now,2026-09-11T11:59:49+00:00
CVE-2026-69432,updated,2026-09-10,cve_2026_to_now,2026-09-11T11:59:49+00:00
CVE-2026-69433,updated,2026-09-10,cve_2026_to_now,2026-09-11T11:59:49+00:00
CVE-2026-69434,updated,2026-09-10,cve_2026_to_now,2026-09-11T11:59:49+00:00
CVE-2026-69436,updated,2026-09-10,cve_2026_to_now,2026-09-11T11:59:49+00:00
CVE-2026-69438,updated,2026-09-10,cve_2026_to_now,2026-09-11T11:59:49+00:00
CVE-2026-69439,updated,2026-09-10,cve_2026_to_now,2026-09-11T11:59:49+00:00
CVE-2026-69440,updated,2026-09-10,cve_2026_to_now,2026-09-11T11:59:49+00:00
CVE-2026-69441,updated,2026-09-10,cve_2026_to_now,2026-09-11T11:59:49+00:00
CVE-2026-69442,updated,2026-09-10,cve_2026_to_now,2026-09-11T11:59:49+00:00
CVE-2026-69443,updated,2026-09-10,cve_2026_to_now,2026-09-11T11:59:49+00:00
CVE-2026-69444,updated,2026-09-10,cve_2026_to_now,2026-09-11T11:59:49+00:00
CVE-2026-69445,updated,2026-09-10,cve_2026_to_now,2026-09-11T11:59:49+00:00
CVE-2026-69447,updated,2026-09-10,cve_2026_to_now,2026-09-11T11:59:49+00:00
CVE-2026-69448,updated,2026-09-10,cve_2026_to_now,2026-09-11T11:59:49+00:00
CVE-2026-69449,updated,2026-09-10,cve_2026_to_now,2026-09-11T11:59:49+00:00
CVE-2026-69450,updated,2026-09-10,cve_2026_to_now,2026-09-11T11:59:49+00:00
CVE-2026-69451,updated,2026-09-10,cve_2026_to_now,2026-09-11T11:59:49+00:00
CVE-2026-69453,updated,2026-09-10,cve_2026_to_now,2026-09-11T11:59:49+00:00
CVE-2026-69455,updated,2026-09-10,cve_2026_to_now,2026-09-11T11:59:49+00:00
CVE-2026-69456,updated,2026-09-10,cve_2026_to_now,2026-09-11T11:59:49+00:00
CVE-2026-69457,updated,2026-09-10,cve_2026_to_now,2026-09-11T11:59:49+00:00
CVE-2026-69458,updated,2026-09-10,cve_2026_to_now,2026-09-11T11:59:49+00:00
CVE-2026-69459,updated,2026-09-10,cve_2026_to_now,2026-09-11T11:59:49+00:00
CVE-2026-69460,updated,2026-09-10,cve_2026_to_now,2026-09-11T11:59:49+00:00
CVE-2026-69461,updated,2026-09-10,cve_2026_to_now,2026-09-11T11:59:49+00:00
CVE-2026-69462,updated,2026-09-10,cve_2026_to_now,2026-09-11T11:59:49+00:00
CVE-2026-69463,updated,2026-09-10,cve_2026_to_now,2026-09-11T11:59:49+00:00
CVE-2026-69464,updated,2026-09-10,cve_2026_to_now,2026-09-11T11:59:49+00:00
CVE-2026-69465,updated,2026-09-10,cve_2026_to_now,2026-09-11T11:59:49+00:00
CVE-2026-69466,updated,2026-09-10,cve_2026_to_now,2026-09-11T11:59:49+00:00
CVE-2026-69467,updated,2026-09-10,cve_2026_to_now,2026-09-11T11:59:49+00:00
CVE-2026-69468,updated,2026-09-10,cve_2026_to_now,2026-09-11T11:59:49+00:00
CVE-2026-69469,updated,2026-09-10,cve_2026_to_now,2026-09-11T11:59:49+00:00
CVE-2026-69470,updated,2026-09-10,cve_2026_to_now,2026-09-11T11:59:49+00:00
CVE-2026-69472,updated,2026-09-10,cve_2026_to_now,2026-09-11T11:59:49+00:00
CVE-2026-69473,updated,2026-09-10,cve_2026_to_now,2026-09-11T11:59:49+00:00
CVE-2026-69474,updated,2026-09-10,cve_2026_to_now,2026-09-11T11:59:49+00:00
CVE-2026-69475,updated,2026-09-10,cve_2026_to_now,2026-09-11T11:59:49+00:00
CVE-2026-69476,updated,2026-09-10,cve_2026_to_now,2026-09-11T11:59:49+00:00
CVE-2026-69477,updated,2026-09-10,cve_2026_to_now,2026-09-11T11:59:49+00:00
CVE-2026-69478,updated,2026-09-10,cve_2026_to_now,2026-09-11T11:59:49+00:00
CVE-2026-69479,updated,2026-09-10,cve_2026_to_now,2026-09-11T11:59:49+00:00
CVE-2026-69480,updated,2026-09-10,cve_2026_to_now,2026-09-11T11:59:49+00:00
CVE-2026-69481,updated,2026-09-10,cve_2026_to_now,2026-09-11T11:59:49+00:00
CVE-2026-69482,updated,2026-09-10,cve_2026_to_now,2026-09-11T11:59:49+00:00
CVE-2026-69483,updated,2026-09-10,cve_2026_to_now,2026-09-11T11:59:49+00:00
CVE-2026-69485,updated,2026-09-10,cve_2026_to_now,2026-09-11T11:59:49+00:00
CVE-2026-69488,updated,2026-09-10,cve_2026_to_now,2026-09-11T11:59:49+00:00
CVE-2026-69489,updated,2026-09-10,cve_2026_to_now,2026-09-11T11:59:49+00:00
CVE-2026-69490,updated,2026-09-10,cve_2026_to_now,2026-09-11T11:59:49+00:00
CVE-2026-69491,updated,2026-09-10,cve_2026_to_now,2026-09-11T11:59:49+00:00
CVE-2026-69492,updated,2026-09-10,cve_2026_to_now,2026-09-11T11:59:49+00:00
CVE-2026-69493,updated,2026-09-10,cve_2026_to_now,2026-09-11T11:59:49+00:00
CVE-2026-69494,updated,2026-09-10,cve_2026_to_now,2026-09-11T11:59:49+00:00
CVE-2026-69495,updated,2026-09-10,cve_2026_to_now,2026-09-11T11:59:49+00:00
CVE-2026-69496,updated,2026-09-10,cve_2026_to_now,2026-09-11T11:59:49+00:00
CVE-2026-69497,updated,2026-09-10,cve_2026_to_now,2026-09-11T11:59:49+00:00
CVE-2026-69498,updated,2026-09-10,cve_2026_to_now,2026-09-11T11:59:49+00:00
CVE-2026-69499,updated,2026-09-10,cve_2026_to_now,2026-09-11T11:59:49+00:00
CVE-2026-69500,updated,2026-09-10,cve_2026_to_now,2026-09-11T11:59:49+00:00
CVE-2026-69501,updated,2026-09-10,cve_2026_to_now,2026-09-11T11:59:49+00:00
CVE-2026-69502,updated,2026-09-10,cve_2026_to_now,2026-09-11T11:59:49+00:00
CVE-2026-69503,updated,2026-09-10,cve_2026_to_now,2026-09-11T11:59:49+00:00
CVE-2026-69504,updated,2026-09-10,cve_2026_to_now,2026-09-11T11:59:49+00:00
CVE-2026-69505,updated,2026-09-10,cve_2026_to_now,2026-09-11T11:59:49+00:00
CVE-2026-69507,updated,2026-09-10,cve_2026_to_now,2026-09-11T11:59:49+00:00
CVE-2026-69508,updated,2026-09-10,cve_2026_to_now,2026-09-11T11:59:49+00:00
CVE-2026-69509,updated,2026-09-10,cve_2026_to_now,2026-09-11T11:59:49+00:00
CVE-2026-69510,updated,2026-09-10,cve_2026_to_now,2026-09-11T11:59:49+00:00
CVE-2026-69511,updated,2026-09-10,cve_2026_to_now,2026-09-11T11:59:49+00:00
CVE-2026-69512,updated,2026-09-10,cve_2026_to_now,2026-09-11T11:59:49+00:00
CVE-2026-69513,updated,2026-09-10,cve_2026_to_now,2026-09-11T11:59:49+00:00
CVE-2026-69514,updated,2026-09-10,cve_2026_to_now,2026-09-11T11:59:49+00:00
CVE-2026-69516,updated,2026-09-10,cve_2026_to_now,2026-09-11T11:59:49+00:00
CVE-2026-69517,updated,2026-09-10,cve_2026_to_now,2026-09-11T11:59:49+00:00
CVE-2026-69518,updated,2026-09-10,cve_2026_to_now,2026-09-11T11:59:49+00:00
CVE-2026-69519,updated,2026-09-10,cve_2026_to_now,2026-09-11T11:59:49+00:00
CVE-2026-69522,updated,2026-09-10,cve_2026_to_now,2026-09-11T11:59:49+00:00
CVE-2026-69524,updated,2026-09-10,cve_2026_to_now,2026-09-11T11:59:49+00:00
CVE-2026-69525,updated,2026-09-10,cve_2026_to_now,2026-09-11T11:59:49+00:00
CVE-2026-69527,updated,2026-09-10,cve_2026_to_now,2026-09-11T11:59:49+00:00
CVE-2026-69528,updated,2026-09-10,cve_2026_to_now,2026-09-11T11:59:49+00:00
CVE-2026-69529,updated,2026-09-10,cve_2026_to_now,2026-09-11T11:59:49+00:00
CVE-2026-69530,updated,2026-09-10,cve_2026_to_now,2026-09-11T11:59:49+00:00
CVE-2026-69531,updated,2026-09-10,cve_2026_to_now,2026-09-11T11:59:49+00:00
CVE-2026-69532,updated,2026-09-10,cve_2026_to_now,2026-09-11T11:59:49+00:00
CVE-2026-69534,updated,2026-09-10,cve_2026_to_now,2026-09-11T11:59:49+00:00
CVE-2026-69535,updated,2026-09-10,cve_2026_to_now,2026-09-11T11:59:49+00:00
CVE-2026-69536,updated,2026-09-10,cve_2026_to_now,2026-09-11T11:59:49+00:00
CVE-2026-69538,updated,2026-09-10,cve_2026_to_now,2026-09-11T11:59:49+00:00
CVE-2026-69539,updated,2026-09-10,cve_2026_to_now,2026-09-11T11:59:49+00:00
CVE-2026-69540,updated,2026-09-10,cve_2026_to_now,2026-09-11T11:59:49+00:00
CVE-2026-69541,updated,2026-09-10,cve_2026_to_now,2026-09-11T11:59:49+00:00
CVE-2026-69542,updated,2026-09-10,cve_2026_to_now,2026-09-11T11:59:49+00:00
CVE-2026-69543,updated,2026-09-10,cve_2026_to_now,2026-09-11T11:59:49+00:00
CVE-2026-69544,updated,2026-09-10,cve_2026_to_now,2026-09-11T11:59:49+00:00
CVE-2026-69546,updated,2026-09-10,cve_2026_to_now,2026-09-11T11:59:49+00:00
CVE-2026-69547,updated,2026-09-10,cve_2026_to_now,2026-09-11T11:59:49+00:00
CVE-2026-69548,updated,2026-09-10,cve_2026_to_now,2026-09-11T11:59:49+00:00
CVE-2026-69549,updated,2026-09-10,cve_2026_to_now,2026-09-11T11:59:49+00:00
CVE-2026-69550,updated,2026-09-10,cve_2026_to_now,2026-09-11T11:59:49+00:00
CVE-2026-69551,updated,2026-09-10,cve_2026_to_now,2026-09-11T11:59:49+00:00
CVE-2026-69552,updated,2026-09-10,cve_2026_to_now,2026-09-11T11:59:49+00:00
CVE-2026-69553,updated,2026-09-10,cve_2026_to_now,2026-09-11T11:59:49+00:00
CVE-2026-69554,updated,2026-09-10,cve_2026_to_now,2026-09-11T11:59:49+00:00
CVE-2026-69555,updated,2026-09-10,cve_2026_to_now,2026-09-11T11:59:49+00:00
CVE-2026-69556,updated,2026-09-10,cve_2026_to_now,2026-09-11T11:59:49+00:00
CVE-2026-69558,updated,2026-09-10,cve_2026_to_now,2026-09-11T11:59:49+00:00
CVE-2026-69559,updated,2026-09-10,cve_2026_to_now,2026-09-11T11:59:49+00:00
CVE-2026-69560,updated,2026-09-10,cve_2026_to_now,2026-09-11T11:59:49+00:00
CVE-2026-69561,updated,2026-09-10,cve_2026_to_now,2026-09-11T11:59:49+00:00
CVE-2026-69562,updated,2026-09-10,cve_2026_to_now,2026-09-11T11:59:49+00:00
CVE-2026-69563,updated,2026-09-10,cve_2026_to_now,2026-09-11T11:59:49+00:00
CVE-2026-69564,updated,2026-09-10,cve_2026_to_now,2026-09-11T11:59:49+00:00
CVE-2026-69566,updated,2026-09-10,cve_2026_to_now,2026-09-11T11:59:49+00:00
CVE-2026-69567,updated,2026-09-10,cve_2026_to_now,2026-09-11T11:59:49+00:00
CVE-2026-69568,updated,2026-09-10,cve_2026_to_now,2026-09-11T11:59:49+00:00
CVE-2026-69569,updated,2026-09-10,cve_2026_to_now,2026-09-11T11:59:49+00:00
CVE-2026-69571,updated,2026-09-10,cve_2026_to_now,2026-09-11T11:59:49+00:00
CVE-2026-69572,updated,2026-09-10,cve_2026_to_now,2026-09-11T11:59:49+00:00
CVE-2026-69573,updated,2026-09-10,cve_2026_to_now,2026-09-11T11:59:49+00:00
CVE-2026-69574,updated,2026-09-10,cve_2026_to_now,2026-09-11T11:59:49+00:00
CVE-2026-69575,updated,2026-09-10,cve_2026_to_now,2026-09-11T11:59:49+00:00
CVE-2026-69576,updated,2026-09-10,cve_2026_to_now,2026-09-11T11:59:49+00:00
CVE-2026-69578,updated,2026-09-10,cve_2026_to_now,2026-09-11T11:59:49+00:00
CVE-2026-69579,updated,2026-09-10,cve_2026_to_now,2026-09-11T11:59:49+00:00
CVE-2026-69580,updated,2026-09-10,cve_2026_to_now,2026-09-11T11:59:49+00:00
CVE-2026-69581,updated,2026-09-10,cve_2026_to_now,2026-09-11T11:59:49+00:00
CVE-2026-69582,updated,2026-09-10,cve_2026_to_now,2026-09-11T11:59:49+00:00
CVE-2026-69583,updated,2026-09-10,cve_2026_to_now,2026-09-11T11:59:49+00:00
CVE-2026-69584,updated,2026-09-10,cve_2026_to_now,2026-09-11T11:59:49+00:00
CVE-2026-69585,updated,2026-09-10,cve_2026_to_now,2026-09-11T11:59:49+00:00
CVE-2026-69586,updated,2026-09-10,cve_2026_to_now,2026-09-11T11:59:49+00:00
CVE-2026-69587,updated,2026-09-10,cve_2026_to_now,2026-09-11T11:59:49+00:00
CVE-2026-69588,updated,2026-09-10,cve_2026_to_now,2026-09-11T11:59:49+00:00
CVE-2026-69589,updated,2026-09-10,cve_2026_to_now,2026-09-11T11:59:49+00:00
CVE-2026-69590,updated,2026-09-10,cve_2026_to_now,2026-09-11T11:59:49+00:00
CVE-2026-69591,updated,2026-09-10,cve_2026_to_now,2026-09-11T11:59:49+00:00
CVE-2026-69592,updated,2026-09-10,cve_2026_to_now,2026-09-11T11:59:49+00:00
CVE-2026-69593,updated,2026-09-10,cve_2026_to_now,2026-09-11T11:59:49+00:00
CVE-2026-69594,updated,2026-09-10,cve_2026_to_now,2026-09-11T11:59:49+00:00
CVE-2026-69595,updated,2026-09-10,cve_2026_to_now,2026-09-11T11:59:49+00:00
CVE-2026-69597,updated,2026-09-10,cve_2026_to_now,2026-09-11T11:59:49+00:00
CVE-2026-69598,updated,2026-09-10,cve_2026_to_now,2026-09-11T11:59:49+00:00
CVE-2026-69599,updated,2026-09-10,cve_2026_to_now,2026-09-11T11:59:49+00:00
CVE-2026-69600,updated,2026-09-11,cve_2026_to_now,2026-09-11T11:59:49+00:00
CVE-2026-69601,updated,2026-09-10,cve_2026_to_now,2026-09-11T11:59:49+00:00
CVE-2026-69602,updated,2026-09-10,cve_2026_to_now,2026-09-11T11:59:49+00:00
CVE-2026-69603,updated,2026-09-10,cve_2026_to_now,2026-09-11T11:59:49+00:00
CVE-2026-69604,updated,2026-09-10,cve_2026_to_now,2026-09-11T11:59:49+00:00
CVE-2026-69605,updated,2026-09-10,cve_2026_to_now,2026-09-11T11:59:49+00:00
CVE-2026-69606,updated,2026-09-10,cve_2026_to_now,2026-09-11T11:59:49+00:00
CVE-2026-69607,updated,2026-09-10,cve_2026_to_now,2026-09-11T11:59:49+00:00
CVE-2026-69608,updated,2026-09-10,cve_2026_to_now,2026-09-11T11:59:49+00:00
CVE-2026-69609,updated,2026-09-10,cve_2026_to_now,2026-09-11T11:59:49+00:00
CVE-2026-69610,updated,2026-09-10,cve_2026_to_now,2026-09-11T11:59:49+00:00
CVE-2026-69611,updated,2026-09-10,cve_2026_to_now,2026-09-11T11:59:49+00:00
CVE-2026-69612,updated,2026-09-10,cve_2026_to_now,2026-09-11T11:59:49+00:00
CVE-2026-69613,updated,2026-09-10,cve_2026_to_now,2026-09-11T11:59:49+00:00
CVE-2026-69614,updated,2026-09-10,cve_2026_to_now,2026-09-11T11:59:49+00:00
CVE-2026-69615,updated,2026-09-10,cve_2026_to_now,2026-09-11T11:59:49+00:00
CVE-2026-69616,updated,2026-09-10,cve_2026_to_now,2026-09-11T11:59:49+00:00
CVE-2026-69617,updated,2026-09-10,cve_2026_to_now,2026-09-11T11:59:49+00:00
CVE-2026-69618,updated,2026-09-10,cve_2026_to_now,2026-09-11T11:59:49+00:00
CVE-2026-69619,updated,2026-09-10,cve_2026_to_now,2026-09-11T11:59:49+00:00
CVE-2026-69620,updated,2026-09-10,cve_2026_to_now,2026-09-11T11:59:49+00:00
CVE-2026-69621,updated,2026-09-10,cve_2026_to_now,2026-09-11T11:59:49+00:00
CVE-2026-69623,updated,2026-09-10,cve_2026_to_now,2026-09-11T11:59:49+00:00
CVE-2026-69624,updated,2026-09-10,cve_2026_to_now,2026-09-11T11:59:49+00:00
CVE-2026-69625,updated,2026-09-10,cve_2026_to_now,2026-09-11T11:59:49+00:00
CVE-2026-69626,updated,2026-09-10,cve_2026_to_now,2026-09-11T11:59:49+00:00
CVE-2026-69627,updated,2026-09-10,cve_2026_to_now,2026-09-11T11:59:49+00:00
CVE-2026-69628,updated,2026-09-10,cve_2026_to_now,2026-09-11T11:59:49+00:00
CVE-2026-69629,updated,2026-09-10,cve_2026_to_now,2026-09-11T11:59:49+00:00
CVE-2026-69630,updated,2026-09-10,cve_2026_to_now,2026-09-11T11:59:49+00:00
CVE-2026-69631,updated,2026-09-10,cve_2026_to_now,2026-09-11T11:59:49+00:00
CVE-2026-69632,updated,2026-09-10,cve_2026_to_now,2026-09-11T11:59:49+00:00
CVE-2026-69636,updated,2026-09-10,cve_2026_to_now,2026-09-11T11:59:49+00:00
CVE-2026-69637,updated,2026-09-10,cve_2026_to_now,2026-09-11T11:59:49+00:00
CVE-2026-69638,updated,2026-09-10,cve_2026_to_now,2026-09-11T11:59:49+00:00
CVE-2026-69641,updated,2026-09-10,cve_2026_to_now,2026-09-11T11:59:49+00:00
CVE-2026-69642,updated,2026-09-10,cve_2026_to_now,2026-09-11T11:59:49+00:00
CVE-2026-69643,updated,2026-09-10,cve_2026_to_now,2026-09-11T11:59:49+00:00
CVE-2026-69645,updated,2026-09-10,cve_2026_to_now,2026-09-11T11:59:49+00:00
CVE-2026-69646,updated,2026-09-10,cve_2026_to_now,2026-09-11T11:59:49+00:00
CVE-2026-69648,updated,2026-09-10,cve_2026_to_now,2026-09-11T11:59:49+00:00
CVE-2026-69649,updated,2026-09-10,cve_2026_to_now,2026-09-11T11:59:49+00:00
CVE-2026-69652,updated,2026-09-10,cve_2026_to_now,2026-09-11T11:59:49+00:00
CVE-2026-69654,updated,2026-09-10,cve_2026_to_now,2026-09-11T11:59:49+00:00
CVE-2026-69669,updated,2026-09-10,cve_2026_to_now,2026-09-11T11:59:49+00:00
CVE-2026-69671,updated,2026-09-10,cve_2026_to_now,2026-09-11T11:59:49+00:00
CVE-2026-69672,updated,2026-09-10,cve_2026_to_now,2026-09-11T11:59:49+00:00
CVE-2026-69674,updated,2026-09-10,cve_2026_to_now,2026-09-11T11:59:49+00:00
CVE-2026-69676,updated,2026-09-10,cve_2026_to_now,2026-09-11T11:59:49+00:00
CVE-2026-69678,updated,2026-09-10,cve_2026_to_now,2026-09-11T11:59:49+00:00
CVE-2026-69679,updated,2026-09-10,cve_2026_to_now,2026-09-11T11:59:49+00:00
CVE-2026-69680,updated,2026-09-10,cve_2026_to_now,2026-09-11T11:59:49+00:00
CVE-2026-69681,updated,2026-09-10,cve_2026_to_now,2026-09-11T11:59:49+00:00
CVE-2026-69682,updated,2026-09-10,cve_2026_to_now,2026-09-11T11:59:49+00:00
CVE-2026-69683,updated,2026-09-10,cve_2026_to_now,2026-09-11T11:59:49+00:00
CVE-2026-69684,updated,2026-09-10,cve_2026_to_now,2026-09-11T11:59:49+00:00
CVE-2026-69685,updated,2026-09-10,cve_2026_to_now,2026-09-11T11:59:49+00:00
CVE-2026-69686,updated,2026-09-10,cve_2026_to_now,2026-09-11T11:59:49+00:00
CVE-2026-69687,updated,2026-09-10,cve_2026_to_now,2026-09-11T11:59:49+00:00
CVE-2026-69688,updated,2026-09-10,cve_2026_to_now,2026-09-11T11:59:49+00:00
CVE-2026-69689,updated,2026-09-10,cve_2026_to_now,2026-09-11T11:59:49+00:00
CVE-2026-69690,updated,2026-09-10,cve_2026_to_now,2026-09-11T11:59:49+00:00
CVE-2026-69691,updated,2026-09-10,cve_2026_to_now,2026-09-11T11:59:49+00:00
CVE-2026-69692,updated,2026-09-10,cve_2026_to_now,2026-09-11T11:59:49+00:00
CVE-2026-69693,updated,2026-09-10,cve_2026_to_now,2026-09-11T11:59:49+00:00
CVE-2026-69694,updated,2026-09-10,cve_2026_to_now,2026-09-11T11:59:49+00:00
CVE-2026-69706,updated,2026-09-10,cve_2026_to_now,2026-09-11T11:59:49+00:00
CVE-2026-69707,updated,2026-09-10,cve_2026_to_now,2026-09-11T11:59:49+00:00
CVE-2026-69708,updated,2026-09-10,cve_2026_to_now,2026-09-11T11:59:49+00:00
CVE-2026-69709,updated,2026-09-10,cve_2026_to_now,2026-09-11T11:59:49+00:00
CVE-2026-69710,updated,2026-09-10,cve_2026_to_now,2026-09-11T11:59:49+00:00
CVE-2026-69711,updated,2026-09-10,cve_2026_to_now,2026-09-11T11:59:49+00:00
CVE-2026-69712,updated,2026-09-10,cve_2026_to_now,2026-09-11T11:59:49+00:00
CVE-2026-69713,updated,2026-09-10,cve_2026_to_now,2026-09-11T11:59:49+00:00
CVE-2026-69714,updated,2026-09-10,cve_2026_to_now,2026-09-11T11:59:49+00:00
CVE-2026-69715,updated,2026-09-10,cve_2026_to_now,2026-09-11T11:59:49+00:00
CVE-2026-69716,updated,2026-09-10,cve_2026_to_now,2026-09-11T11:59:49+00:00
CVE-2026-69717,updated,2026-09-10,cve_2026_to_now,2026-09-11T11:59:49+00:00
CVE-2026-69719,updated,2026-09-10,cve_2026_to_now,2026-09-11T11:59:49+00:00
CVE-2026-69720,updated,2026-09-10,cve_2026_to_now,2026-09-11T11:59:49+00:00
CVE-2026-69722,updated,2026-09-10,cve_2026_to_now,2026-09-11T11:59:49+00:00
CVE-2026-69723,updated,2026-09-10,cve_2026_to_now,2026-09-11T11:59:49+00:00
CVE-2026-69724,updated,2026-09-10,cve_2026_to_now,2026-09-11T11:59:49+00:00
CVE-2026-69725,updated,2026-09-10,cve_2026_to_now,2026-09-11T11:59:49+00:00
CVE-2026-69727,updated,2026-09-10,cve_2026_to_now,2026-09-11T11:59:49+00:00
CVE-2026-69729,updated,2026-09-10,cve_2026_to_now,2026-09-11T11:59:49+00:00
CVE-2026-69730,updated,2026-09-10,cve_2026_to_now,2026-09-11T11:59:49+00:00
CVE-2026-69731,updated,2026-09-10,cve_2026_to_now,2026-09-11T11:59:49+00:00
CVE-2026-69732,updated,2026-09-10,cve_2026_to_now,2026-09-11T11:59:49+00:00
CVE-2026-69734,updated,2026-09-10,cve_2026_to_now,2026-09-11T11:59:49+00:00
CVE-2026-69735,updated,2026-09-10,cve_2026_to_now,2026-09-11T11:59:49+00:00
CVE-2026-69738,updated,2026-09-10,cve_2026_to_now,2026-09-11T11:59:49+00:00
CVE-2026-69739,updated,2026-09-10,cve_2026_to_now,2026-09-11T11:59:49+00:00
CVE-2026-69740,updated,2026-09-10,cve_2026_to_now,2026-09-11T11:59:49+00:00
CVE-2026-69741,updated,2026-09-10,cve_2026_to_now,2026-09-11T11:59:49+00:00
CVE-2026-69742,updated,2026-09-10,cve_2026_to_now,2026-09-11T11:59:49+00:00
CVE-2026-69744,updated,2026-09-10,cve_2026_to_now,2026-09-11T11:59:49+00:00
CVE-2026-69757,updated,2026-09-10,cve_2026_to_now,2026-09-11T11:59:49+00:00
CVE-2026-69758,updated,2026-09-10,cve_2026_to_now,2026-09-11T11:59:49+00:00
CVE-2026-69759,updated,2026-09-10,cve_2026_to_now,2026-09-11T11:59:49+00:00
CVE-2026-69760,updated,2026-09-10,cve_2026_to_now,2026-09-11T11:59:49+00:00
CVE-2026-69761,updated,2026-09-10,cve_2026_to_now,2026-09-11T11:59:49+00:00
CVE-2026-69762,updated,2026-09-10,cve_2026_to_now,2026-09-11T11:59:49+00:00
CVE-2026-69764,updated,2026-09-10,cve_2026_to_now,2026-09-11T11:59:49+00:00
CVE-2026-69767,updated,2026-09-10,cve_2026_to_now,2026-09-11T11:59:49+00:00
CVE-2026-69768,updated,2026-09-10,cve_2026_to_now,2026-09-11T11:59:49+00:00
CVE-2026-69769,updated,2026-09-10,cve_2026_to_now,2026-09-11T11:59:49+00:00
CVE-2026-69770,updated,2026-09-10,cve_2026_to_now,2026-09-11T11:59:49+00:00
CVE-2026-69771,updated,2026-09-10,cve_2026_to_now,2026-09-11T11:59:49+00:00
CVE-2026-69772,updated,2026-09-10,cve_2026_to_now,2026-09-11T11:59:49+00:00
CVE-2026-69773,updated,2026-09-10,cve_2026_to_now,2026-09-11T11:59:49+00:00
CVE-2026-69775,updated,2026-09-10,cve_2026_to_now,2026-09-11T11:59:49+00:00
CVE-2026-69777,updated,2026-09-10,cve_2026_to_now,2026-09-11T11:59:49+00:00
CVE-2026-69778,updated,2026-09-10,cve_2026_to_now,2026-09-11T11:59:49+00:00
CVE-2026-69779,updated,2026-09-10,cve_2026_to_now,2026-09-11T11:59:49+00:00
CVE-2026-69781,updated,2026-09-10,cve_2026_to_now,2026-09-11T11:59:49+00:00
CVE-2026-69782,updated,2026-09-10,cve_2026_to_now,2026-09-11T11:59:49+00:00
CVE-2026-69784,updated,2026-09-10,cve_2026_to_now,2026-09-11T11:59:49+00:00
CVE-2026-69785,updated,2026-09-10,cve_2026_to_now,2026-09-11T11:59:49+00:00
CVE-2026-69786,updated,2026-09-10,cve_2026_to_now,2026-09-11T11:59:49+00:00
CVE-2026-69787,updated,2026-09-10,cve_2026_to_now,2026-09-11T11:59:49+00:00
CVE-2026-69790,updated,2026-09-10,cve_2026_to_now,2026-09-11T11:59:49+00:00
CVE-2026-69791,updated,2026-09-10,cve_2026_to_now,2026-09-11T11:59:49+00:00
CVE-2026-69792,updated,2026-09-10,cve_2026_to_now,2026-09-11T11:59:49+00:00
CVE-2026-69793,updated,2026-09-10,cve_2026_to_now,2026-09-11T11:59:49+00:00
CVE-2026-69794,updated,2026-09-10,cve_2026_to_now,2026-09-11T11:59:49+00:00
CVE-2026-69797,updated,2026-09-10,cve_2026_to_now,2026-09-11T11:59:49+00:00
CVE-2026-69799,updated,2026-09-10,cve_2026_to_now,2026-09-11T11:59:49+00:00
CVE-2026-69801,updated,2026-09-10,cve_2026_to_now,2026-09-11T11:59:49+00:00
CVE-2026-69803,updated,2026-09-10,cve_2026_to_now,2026-09-11T11:59:49+00:00
CVE-2026-69804,updated,2026-09-10,cve_2026_to_now,2026-09-11T11:59:49+00:00
CVE-2026-69805,updated,2026-09-10,cve_2026_to_now,2026-09-11T11:59:49+00:00
CVE-2026-69806,updated,2026-09-10,cve_2026_to_now,2026-09-11T11:59:49+00:00
CVE-2026-69807,updated,2026-09-10,cve_2026_to_now,2026-09-11T11:59:49+00:00
CVE-2026-69808,updated,2026-09-10,cve_2026_to_now,2026-09-11T11:59:49+00:00
CVE-2026-69809,updated,2026-09-10,cve_2026_to_now,2026-09-11T11:59:49+00:00
CVE-2026-69813,updated,2026-09-10,cve_2026_to_now,2026-09-11T11:59:49+00:00
CVE-2026-69814,updated,2026-09-10,cve_2026_to_now,2026-09-11T11:59:49+00:00
CVE-2026-69816,updated,2026-09-10,cve_2026_to_now,2026-09-11T11:59:49+00:00
CVE-2026-69817,updated,2026-09-10,cve_2026_to_now,2026-09-11T11:59:49+00:00
CVE-2026-69818,updated,2026-09-10,cve_2026_to_now,2026-09-11T11:59:49+00:00
CVE-2026-69819,updated,2026-09-10,cve_2026_to_now,2026-09-11T11:59:49+00:00
CVE-2026-69820,updated,2026-09-10,cve_2026_to_now,2026-09-11T11:59:49+00:00
CVE-2026-69821,updated,2026-09-10,cve_2026_to_now,2026-09-11T11:59:49+00:00
CVE-2026-69822,updated,2026-09-10,cve_2026_to_now,2026-09-11T11:59:49+00:00
CVE-2026-69824,updated,2026-09-10,cve_2026_to_now,2026-09-11T11:59:49+00:00
CVE-2026-69826,updated,2026-09-10,cve_2026_to_now,2026-09-11T11:59:49+00:00
CVE-2026-69827,updated,2026-09-10,cve_2026_to_now,2026-09-11T11:59:49+00:00
CVE-2026-69829,updated,2026-09-10,cve_2026_to_now,2026-09-11T11:59:49+00:00
CVE-2026-69832,updated,2026-09-10,cve_2026_to_now,2026-09-11T11:59:49+00:00
CVE-2026-69834,updated,2026-09-10,cve_2026_to_now,2026-09-11T11:59:49+00:00
CVE-2026-69836,updated,2026-09-10,cve_2026_to_now,2026-09-11T11:59:49+00:00
CVE-2026-69838,updated,2026-09-10,cve_2026_to_now,2026-09-11T11:59:49+00:00
CVE-2026-69839,updated,2026-09-10,cve_2026_to_now,2026-09-11T11:59:49+00:00
CVE-2026-69841,updated,2026-09-10,cve_2026_to_now,2026-09-11T11:59:49+00:00
CVE-2026-69844,updated,2026-09-10,cve_2026_to_now,2026-09-11T11:59:49+00:00
CVE-2026-69845,updated,2026-09-10,cve_2026_to_now,2026-09-11T11:59:49+00:00
CVE-2026-69846,updated,2026-09-10,cve_2026_to_now,2026-09-11T11:59:49+00:00
CVE-2026-69847,updated,2026-09-10,cve_2026_to_now,2026-09-11T11:59:49+00:00
CVE-2026-69851,updated,2026-09-10,cve_2026_to_now,2026-09-11T11:59:49+00:00
CVE-2026-69852,updated,2026-09-10,cve_2026_to_now,2026-09-11T11:59:49+00:00
CVE-2026-69853,updated,2026-09-10,cve_2026_to_now,2026-09-11T11:59:49+00:00
CVE-2026-69854,updated,2026-09-10,cve_2026_to_now,2026-09-11T11:59:49+00:00
CVE-2026-69855,updated,2026-09-10,cve_2026_to_now,2026-09-11T11:59:49+00:00
CVE-2026-69857,updated,2026-09-10,cve_2026_to_now,2026-09-11T11:59:49+00:00
CVE-2026-69858,updated,2026-09-10,cve_2026_to_now,2026-09-11T11:59:49+00:00
CVE-2026-69859,updated,2026-09-10,cve_2026_to_now,2026-09-11T11:59:49+00:00
CVE-2026-69860,updated,2026-09-10,cve_2026_to_now,2026-09-11T11:59:49+00:00
CVE-2026-69862,updated,2026-09-10,cve_2026_to_now,2026-09-11T11:59:49+00:00
CVE-2026-69864,updated,2026-09-10,cve_2026_to_now,2026-09-11T11:59:49+00:00
CVE-2026-69866,updated,2026-09-10,cve_2026_to_now,2026-09-11T11:59:49+00:00
CVE-2026-69874,updated,2026-09-10,cve_2026_to_now,2026-09-11T11:59:49+00:00
CVE-2026-69875,updated,2026-09-10,cve_2026_to_now,2026-09-11T11:59:49+00:00
CVE-2026-69876,updated,2026-09-10,cve_2026_to_now,2026-09-11T11:59:49+00:00
CVE-2026-69878,updated,2026-09-10,cve_2026_to_now,2026-09-11T11:59:49+00:00
CVE-2026-69881,updated,2026-09-10,cve_2026_to_now,2026-09-11T11:59:49+00:00
CVE-2026-69889,updated,2026-09-10,cve_2026_to_now,2026-09-11T11:59:49+00:00
CVE-2026-69890,updated,2026-09-10,cve_2026_to_now,2026-09-11T11:59:49+00:00
CVE-2026-69891,updated,2026-09-10,cve_2026_to_now,2026-09-11T11:59:49+00:00
CVE-2026-69895,updated,2026-09-10,cve_2026_to_now,2026-09-11T11:59:49+00:00
CVE-2026-69896,updated,2026-09-10,cve_2026_to_now,2026-09-11T11:59:49+00:00
CVE-2026-69900,updated,2026-09-10,cve_2026_to_now,2026-09-11T11:59:49+00:00
CVE-2026-69904,updated,2026-09-10,cve_2026_to_now,2026-09-11T11:59:49+00:00
CVE-2026-69906,updated,2026-09-10,cve_2026_to_now,2026-09-11T11:59:49+00:00
CVE-2026-69907,updated,2026-09-10,cve_2026_to_now,2026-09-11T11:59:49+00:00
CVE-2026-69910,updated,2026-09-10,cve_2026_to_now,2026-09-11T11:59:49+00:00
CVE-2026-69911,updated,2026-09-11,cve_2026_to_now,2026-09-11T11:59:49+00:00
CVE-2026-69921,updated,2026-09-10,cve_2026_to_now,2026-09-11T11:59:49+00:00
CVE-2026-69929,updated,2026-09-10,cve_2026_to_now,2026-09-11T11:59:49+00:00
CVE-2026-69930,updated,2026-09-10,cve_2026_to_now,2026-09-11T11:59:49+00:00
CVE-2026-69989,updated,2026-09-10,cve_2026_to_now,2026-09-11T11:59:49+00:00
CVE-2026-70019,updated,2026-09-10,cve_2026_to_now,2026-09-11T11:59:49+00:00
CVE-2026-70065,updated,2026-09-10,cve_2026_to_now,2026-09-11T11:59:49+00:00
CVE-2026-70091,updated,2026-09-10,cve_2026_to_now,2026-09-11T11:59:49+00:00
CVE-2026-70105,updated,2026-09-10,cve_2026_to_now,2026-09-11T11:59:49+00:00
CVE-2026-70124,updated,2026-09-10,cve_2026_to_now,2026-09-11T11:59:49+00:00
CVE-2026-70130,updated,2026-09-10,cve_2026_to_now,2026-09-11T11:59:49+00:00
CVE-2026-70145,updated,2026-09-10,cve_2026_to_now,2026-09-11T11:59:49+00:00
CVE-2026-70178,updated,2026-09-10,cve_2026_to_now,2026-09-11T11:59:49+00:00
CVE-2026-70203,updated,2026-09-10,cve_2026_to_now,2026-09-11T11:59:49+00:00
CVE-2026-70283,updated,2026-09-10,cve_2026_to_now,2026-09-11T11:59:49+00:00
CVE-2026-70289,updated,2026-09-10,cve_2026_to_now,2026-09-11T11:59:49+00:00
CVE-2026-70290,updated,2026-09-10,cve_2026_to_now,2026-09-11T11:59:49+00:00
CVE-2026-70296,updated,2026-09-10,cve_2026_to_now,2026-09-11T11:59:49+00:00
CVE-2026-70304,updated,2026-09-10,cve_2026_to_now,2026-09-11T11:59:49+00:00
CVE-2026-70306,updated,2026-09-10,cve_2026_to_now,2026-09-11T11:59:49+00:00
CVE-2026-70307,updated,2026-09-10,cve_2026_to_now,2026-09-11T11:59:49+00:00
CVE-2026-70309,updated,2026-09-10,cve_2026_to_now,2026-09-11T11:59:49+00:00
CVE-2026-70310,updated,2026-09-10,cve_2026_to_now,2026-09-11T11:59:49+00:00
CVE-2026-70311,updated,2026-09-10,cve_2026_to_now,2026-09-11T11:59:49+00:00
CVE-2026-70312,updated,2026-09-10,cve_2026_to_now,2026-09-11T11:59:49+00:00
CVE-2026-70313,updated,2026-09-10,cve_2026_to_now,2026-09-11T11:59:49+00:00
CVE-2026-70314,updated,2026-09-10,cve_2026_to_now,2026-09-11T11:59:49+00:00
CVE-2026-70315,updated,2026-09-10,cve_2026_to_now,2026-09-11T11:59:49+00:00
CVE-2026-70316,updated,2026-09-10,cve_2026_to_now,2026-09-11T11:59:49+00:00
CVE-2026-70317,updated,2026-09-10,cve_2026_to_now,2026-09-11T11:59:49+00:00
CVE-2026-70318,updated,2026-09-10,cve_2026_to_now,2026-09-11T11:59:49+00:00
CVE-2026-70319,updated,2026-09-10,cve_2026_to_now,2026-09-11T11:59:49+00:00
CVE-2026-70320,updated,2026-09-10,cve_2026_to_now,2026-09-11T11:59:49+00:00
CVE-2026-70321,updated,2026-09-10,cve_2026_to_now,2026-09-11T11:59:49+00:00
CVE-2026-70322,updated,2026-09-10,cve_2026_to_now,2026-09-11T11:59:49+00:00
CVE-2026-70323,updated,2026-09-10,cve_2026_to_now,2026-09-11T11:59:49+00:00
CVE-2026-70324,updated,2026-09-10,cve_2026_to_now,2026-09-11T11:59:49+00:00
CVE-2026-70325,updated,2026-09-10,cve_2026_to_now,2026-09-11T11:59:49+00:00
CVE-2026-70326,updated,2026-09-10,cve_2026_to_now,2026-09-11T11:59:49+00:00
CVE-2026-70327,updated,2026-09-10,cve_2026_to_now,2026-09-11T11:59:49+00:00
CVE-2026-70328,updated,2026-09-10,cve_2026_to_now,2026-09-11T11:59:49+00:00
CVE-2026-70329,updated,2026-09-10,cve_2026_to_now,2026-09-11T11:59:49+00:00
CVE-2026-70330,updated,2026-09-10,cve_2026_to_now,2026-09-11T11:59:49+00:00
CVE-2026-70331,updated,2026-09-10,cve_2026_to_now,2026-09-11T11:59:49+00:00
CVE-2026-70332,updated,2026-09-10,cve_2026_to_now,2026-09-11T11:59:49+00:00
CVE-2026-70334,updated,2026-09-10,cve_2026_to_now,2026-09-11T11:59:49+00:00
CVE-2026-70335,updated,2026-09-10,cve_2026_to_now,2026-09-11T11:59:49+00:00
CVE-2026-70336,updated,2026-09-10,cve_2026_to_now,2026-09-11T11:59:49+00:00
CVE-2026-70337,updated,2026-09-10,cve_2026_to_now,2026-09-11T11:59:49+00:00
CVE-2026-70338,updated,2026-09-10,cve_2026_to_now,2026-09-11T11:59:49+00:00
CVE-2026-70339,updated,2026-09-10,cve_2026_to_now,2026-09-11T11:59:49+00:00
CVE-2026-70340,updated,2026-09-10,cve_2026_to_now,2026-09-11T11:59:49+00:00
CVE-2026-70342,updated,2026-09-10,cve_2026_to_now,2026-09-11T11:59:49+00:00
CVE-2026-70344,updated,2026-09-10,cve_2026_to_now,2026-09-11T11:59:49+00:00
CVE-2026-70345,updated,2026-09-10,cve_2026_to_now,2026-09-11T11:59:49+00:00
CVE-2026-70346,updated,2026-09-10,cve_2026_to_now,2026-09-11T11:59:49+00:00
CVE-2026-70347,updated,2026-09-10,cve_2026_to_now,2026-09-11T11:59:49+00:00
CVE-2026-70348,updated,2026-09-10,cve_2026_to_now,2026-09-11T11:59:49+00:00
CVE-2026-70351,updated,2026-09-10,cve_2026_to_now,2026-09-11T11:59:49+00:00
CVE-2026-70352,updated,2026-09-10,cve_2026_to_now,2026-09-11T11:59:49+00:00
CVE-2026-70354,updated,2026-09-10,cve_2026_to_now,2026-09-11T11:59:49+00:00
CVE-2026-70355,updated,2026-09-10,cve_2026_to_now,2026-09-11T11:59:49+00:00
CVE-2026-70425,updated,2026-09-11,cve_2026_to_now,2026-09-11T11:59:49+00:00
CVE-2026-70562,updated,2026-09-10,cve_2026_to_now,2026-09-11T11:59:49+00:00
CVE-2026-70563,updated,2026-09-10,cve_2026_to_now,2026-09-11T11:59:49+00:00
CVE-2026-70564,updated,2026-09-10,cve_2026_to_now,2026-09-11T11:59:49+00:00
CVE-2026-70565,updated,2026-09-10,cve_2026_to_now,2026-09-11T11:59:49+00:00
CVE-2026-70567,updated,2026-09-10,cve_2026_to_now,2026-09-11T11:59:49+00:00
CVE-2026-70568,updated,2026-09-10,cve_2026_to_now,2026-09-11T11:59:49+00:00
CVE-2026-70569,updated,2026-09-10,cve_2026_to_now,2026-09-11T11:59:49+00:00
CVE-2026-70570,updated,2026-09-10,cve_2026_to_now,2026-09-11T11:59:49+00:00
CVE-2026-70572,updated,2026-09-10,cve_2026_to_now,2026-09-11T11:59:49+00:00
CVE-2026-70573,updated,2026-09-10,cve_2026_to_now,2026-09-11T11:59:49+00:00
CVE-2026-70574,updated,2026-09-10,cve_2026_to_now,2026-09-11T11:59:49+00:00
CVE-2026-70575,updated,2026-09-10,cve_2026_to_now,2026-09-11T11:59:49+00:00
CVE-2026-70577,updated,2026-09-10,cve_2026_to_now,2026-09-11T11:59:49+00:00
CVE-2026-70578,updated,2026-09-10,cve_2026_to_now,2026-09-11T11:59:49+00:00
CVE-2026-70579,updated,2026-09-10,cve_2026_to_now,2026-09-11T11:59:49+00:00
CVE-2026-70581,updated,2026-09-10,cve_2026_to_now,2026-09-11T11:59:49+00:00
CVE-2026-70582,updated,2026-09-10,cve_2026_to_now,2026-09-11T11:59:49+00:00
CVE-2026-70583,updated,2026-09-10,cve_2026_to_now,2026-09-11T11:59:49+00:00
CVE-2026-70584,updated,2026-09-10,cve_2026_to_now,2026-09-11T11:59:49+00:00
CVE-2026-70585,updated,2026-09-10,cve_2026_to_now,2026-09-11T11:59:49+00:00
CVE-2026-70586,updated,2026-09-10,cve_2026_to_now,2026-09-11T11:59:49+00:00
CVE-2026-70587,updated,2026-09-10,cve_2026_to_now,2026-09-11T11:59:49+00:00
CVE-2026-71328,updated,2026-09-10,cve_2026_to_now,2026-09-11T11:59:49+00:00
CVE-2026-71329,updated,2026-09-10,cve_2026_to_now,2026-09-11T11:59:49+00:00
CVE-2026-71330,updated,2026-09-10,cve_2026_to_now,2026-09-11T11:59:49+00:00
CVE-2026-71331,updated,2026-09-10,cve_2026_to_now,2026-09-11T11:59:49+00:00
CVE-2026-71332,updated,2026-09-10,cve_2026_to_now,2026-09-11T11:59:49+00:00
CVE-2026-71333,updated,2026-09-10,cve_2026_to_now,2026-09-11T11:59:49+00:00
CVE-2026-71334,updated,2026-09-10,cve_2026_to_now,2026-09-11T11:59:49+00:00
CVE-2026-71336,updated,2026-09-10,cve_2026_to_now,2026-09-11T11:59:49+00:00
CVE-2026-71337,updated,2026-09-10,cve_2026_to_now,2026-09-11T11:59:49+00:00
CVE-2026-71338,updated,2026-09-10,cve_2026_to_now,2026-09-11T11:59:49+00:00
CVE-2026-71339,updated,2026-09-10,cve_2026_to_now,2026-09-11T11:59:49+00:00
CVE-2026-71340,updated,2026-09-10,cve_2026_to_now,2026-09-11T11:59:49+00:00
CVE-2026-71341,updated,2026-09-10,cve_2026_to_now,2026-09-11T11:59:49+00:00
CVE-2026-71342,updated,2026-09-10,cve_2026_to_now,2026-09-11T11:59:49+00:00
CVE-2026-71343,updated,2026-09-10,cve_2026_to_now,2026-09-11T11:59:49+00:00
CVE-2026-71345,updated,2026-09-10,cve_2026_to_now,2026-09-11T11:59:49+00:00
CVE-2026-71348,updated,2026-09-10,cve_2026_to_now,2026-09-11T11:59:49+00:00
CVE-2026-71349,updated,2026-09-10,cve_2026_to_now,2026-09-11T11:59:49+00:00
CVE-2026-71350,updated,2026-09-10,cve_2026_to_now,2026-09-11T11:59:49+00:00
CVE-2026-71351,updated,2026-09-10,cve_2026_to_now,2026-09-11T11:59:49+00:00
CVE-2026-71352,updated,2026-09-10,cve_2026_to_now,2026-09-11T11:59:49+00:00
CVE-2026-71353,updated,2026-09-10,cve_2026_to_now,2026-09-11T11:59:49+00:00
CVE-2026-71356,updated,2026-09-10,cve_2026_to_now,2026-09-11T11:59:49+00:00
CVE-2026-71357,updated,2026-09-10,cve_2026_to_now,2026-09-11T11:59:49+00:00
CVE-2026-71613,updated,2026-09-10,cve_2026_to_now,2026-09-11T11:59:49+00:00
CVE-2026-71640,added,,cve_2026_to_now,2026-09-11T11:59:49+00:00
CVE-2026-71642,added,,cve_2026_to_now,2026-09-11T11:59:49+00:00
CVE-2026-71643,added,,cve_2026_to_now,2026-09-11T11:59:49+00:00
CVE-2026-71645,added,,cve_2026_to_now,2026-09-11T11:59:49+00:00
CVE-2026-71647,added,,cve_2026_to_now,2026-09-11T11:59:49+00:00
CVE-2026-71803,updated,2026-09-10,cve_2026_to_now,2026-09-11T11:59:49+00:00
CVE-2026-71805,updated,2026-09-10,cve_2026_to_now,2026-09-11T11:59:49+00:00
CVE-2026-71808,updated,2026-09-10,cve_2026_to_now,2026-09-11T11:59:49+00:00
CVE-2026-72626,updated,2026-09-10,cve_2026_to_now,2026-09-11T11:59:49+00:00
CVE-2026-72926,updated,2026-09-10,cve_2026_to_now,2026-09-11T11:59:49+00:00
CVE-2026-72927,updated,2026-09-10,cve_2026_to_now,2026-09-11T11:59:49+00:00
CVE-2026-72928,updated,2026-09-10,cve_2026_to_now,2026-09-11T11:59:49+00:00
CVE-2026-72929,updated,2026-09-10,cve_2026_to_now,2026-09-11T11:59:49+00:00
CVE-2026-72930,updated,2026-09-10,cve_2026_to_now,2026-09-11T11:59:49+00:00
CVE-2026-72931,updated,2026-09-10,cve_2026_to_now,2026-09-11T11:59:49+00:00
CVE-2026-72932,updated,2026-09-10,cve_2026_to_now,2026-09-11T11:59:49+00:00
CVE-2026-72933,updated,2026-09-10,cve_2026_to_now,2026-09-11T11:59:49+00:00
CVE-2026-72935,updated,2026-09-10,cve_2026_to_now,2026-09-11T11:59:49+00:00
CVE-2026-72936,updated,2026-09-10,cve_2026_to_now,2026-09-11T11:59:49+00:00
CVE-2026-72937,updated,2026-09-10,cve_2026_to_now,2026-09-11T11:59:49+00:00
CVE-2026-72938,updated,2026-09-10,cve_2026_to_now,2026-09-11T11:59:49+00:00
CVE-2026-72939,updated,2026-09-10,cve_2026_to_now,2026-09-11T11:59:49+00:00
CVE-2026-72940,updated,2026-09-10,cve_2026_to_now,2026-09-11T11:59:49+00:00
CVE-2026-72941,updated,2026-09-10,cve_2026_to_now,2026-09-11T11:59:49+00:00
CVE-2026-72942,updated,2026-09-10,cve_2026_to_now,2026-09-11T11:59:49+00:00
CVE-2026-72943,updated,2026-09-10,cve_2026_to_now,2026-09-11T11:59:49+00:00
CVE-2026-72944,updated,2026-09-10,cve_2026_to_now,2026-09-11T11:59:49+00:00
CVE-2026-72945,updated,2026-09-10,cve_2026_to_now,2026-09-11T11:59:49+00:00
CVE-2026-72946,updated,2026-09-10,cve_2026_to_now,2026-09-11T11:59:49+00:00
CVE-2026-72947,updated,2026-09-10,cve_2026_to_now,2026-09-11T11:59:49+00:00
CVE-2026-72948,updated,2026-09-10,cve_2026_to_now,2026-09-11T11:59:49+00:00
CVE-2026-72949,updated,2026-09-10,cve_2026_to_now,2026-09-11T11:59:49+00:00
CVE-2026-72950,updated,2026-09-10,cve_2026_to_now,2026-09-11T11:59:49+00:00
CVE-2026-72952,updated,2026-09-10,cve_2026_to_now,2026-09-11T11:59:49+00:00
CVE-2026-72953,updated,2026-09-10,cve_2026_to_now,2026-09-11T11:59:49+00:00
CVE-2026-72954,updated,2026-09-10,cve_2026_to_now,2026-09-11T11:59:49+00:00
CVE-2026-72956,updated,2026-09-10,cve_2026_to_now,2026-09-11T11:59:49+00:00
CVE-2026-72957,updated,2026-09-10,cve_2026_to_now,2026-09-11T11:59:49+00:00
CVE-2026-72958,updated,2026-09-10,cve_2026_to_now,2026-09-11T11:59:49+00:00
CVE-2026-72959,updated,2026-09-10,cve_2026_to_now,2026-09-11T11:59:49+00:00
CVE-2026-72960,updated,2026-09-10,cve_2026_to_now,2026-09-11T11:59:49+00:00
CVE-2026-72961,updated,2026-09-10,cve_2026_to_now,2026-09-11T11:59:49+00:00
CVE-2026-72962,updated,2026-09-10,cve_2026_to_now,2026-09-11T11:59:49+00:00
CVE-2026-72963,updated,2026-09-10,cve_2026_to_now,2026-09-11T11:59:49+00:00
CVE-2026-72964,updated,2026-09-10,cve_2026_to_now,2026-09-11T11:59:49+00:00
CVE-2026-72965,updated,2026-09-10,cve_2026_to_now,2026-09-11T11:59:49+00:00
CVE-2026-72966,updated,2026-09-10,cve_2026_to_now,2026-09-11T11:59:49+00:00
CVE-2026-72967,updated,2026-09-10,cve_2026_to_now,2026-09-11T11:59:49+00:00
CVE-2026-72970,updated,2026-09-10,cve_2026_to_now,2026-09-11T11:59:49+00:00
CVE-2026-72971,updated,2026-09-10,cve_2026_to_now,2026-09-11T11:59:49+00:00
CVE-2026-72972,updated,2026-09-10,cve_2026_to_now,2026-09-11T11:59:49+00:00
CVE-2026-72973,updated,2026-09-10,cve_2026_to_now,2026-09-11T11:59:49+00:00
CVE-2026-72974,updated,2026-09-10,cve_2026_to_now,2026-09-11T11:59:49+00:00
CVE-2026-72975,updated,2026-09-10,cve_2026_to_now,2026-09-11T11:59:49+00:00
CVE-2026-72976,updated,2026-09-10,cve_2026_to_now,2026-09-11T11:59:49+00:00
CVE-2026-72977,updated,2026-09-10,cve_2026_to_now,2026-09-11T11:59:49+00:00
CVE-2026-72978,updated,2026-09-10,cve_2026_to_now,2026-09-11T11:59:49+00:00
CVE-2026-72979,updated,2026-09-10,cve_2026_to_now,2026-09-11T11:59:49+00:00
CVE-2026-72980,updated,2026-09-10,cve_2026_to_now,2026-09-11T11:59:49+00:00
CVE-2026-72981,updated,2026-09-10,cve_2026_to_now,2026-09-11T11:59:49+00:00
CVE-2026-72982,updated,2026-09-10,cve_2026_to_now,2026-09-11T11:59:49+00:00
CVE-2026-72983,updated,2026-09-10,cve_2026_to_now,2026-09-11T11:59:49+00:00
CVE-2026-72985,updated,2026-09-10,cve_2026_to_now,2026-09-11T11:59:49+00:00
CVE-2026-72986,updated,2026-09-10,cve_2026_to_now,2026-09-11T11:59:49+00:00
CVE-2026-72987,updated,2026-09-10,cve_2026_to_now,2026-09-11T11:59:49+00:00
CVE-2026-72988,updated,2026-09-10,cve_2026_to_now,2026-09-11T11:59:49+00:00
CVE-2026-72989,updated,2026-09-10,cve_2026_to_now,2026-09-11T11:59:49+00:00
CVE-2026-72990,updated,2026-09-10,cve_2026_to_now,2026-09-11T11:59:49+00:00
CVE-2026-72991,updated,2026-09-10,cve_2026_to_now,2026-09-11T11:59:49+00:00
CVE-2026-72992,updated,2026-09-10,cve_2026_to_now,2026-09-11T11:59:49+00:00
CVE-2026-72993,updated,2026-09-10,cve_2026_to_now,2026-09-11T11:59:49+00:00
CVE-2026-72994,updated,2026-09-10,cve_2026_to_now,2026-09-11T11:59:49+00:00
CVE-2026-72995,updated,2026-09-10,cve_2026_to_now,2026-09-11T11:59:49+00:00
CVE-2026-72996,updated,2026-09-10,cve_2026_to_now,2026-09-11T11:59:49+00:00
CVE-2026-72997,updated,2026-09-10,cve_2026_to_now,2026-09-11T11:59:49+00:00
CVE-2026-72999,updated,2026-09-10,cve_2026_to_now,2026-09-11T11:59:49+00:00
CVE-2026-73000,updated,2026-09-10,cve_2026_to_now,2026-09-11T11:59:49+00:00
CVE-2026-73001,updated,2026-09-10,cve_2026_to_now,2026-09-11T11:59:49+00:00
CVE-2026-73002,updated,2026-09-10,cve_2026_to_now,2026-09-11T11:59:49+00:00
CVE-2026-73003,updated,2026-09-10,cve_2026_to_now,2026-09-11T11:59:49+00:00
CVE-2026-73004,updated,2026-09-10,cve_2026_to_now,2026-09-11T11:59:49+00:00
CVE-2026-73005,updated,2026-09-10,cve_2026_to_now,2026-09-11T11:59:49+00:00
CVE-2026-73006,updated,2026-09-10,cve_2026_to_now,2026-09-11T11:59:49+00:00
CVE-2026-73007,updated,2026-09-10,cve_2026_to_now,2026-09-11T11:59:49+00:00
CVE-2026-73008,updated,2026-09-10,cve_2026_to_now,2026-09-11T11:59:49+00:00
CVE-2026-73009,updated,2026-09-10,cve_2026_to_now,2026-09-11T11:59:49+00:00
CVE-2026-73010,updated,2026-09-10,cve_2026_to_now,2026-09-11T11:59:49+00:00
CVE-2026-73011,updated,2026-09-10,cve_2026_to_now,2026-09-11T11:59:49+00:00
CVE-2026-73012,updated,2026-09-10,cve_2026_to_now,2026-09-11T11:59:49+00:00
CVE-2026-73013,updated,2026-09-10,cve_2026_to_now,2026-09-11T11:59:49+00:00
CVE-2026-73014,updated,2026-09-10,cve_2026_to_now,2026-09-11T11:59:49+00:00
CVE-2026-73015,updated,2026-09-10,cve_2026_to_now,2026-09-11T11:59:49+00:00
CVE-2026-73016,updated,2026-09-10,cve_2026_to_now,2026-09-11T11:59:49+00:00
CVE-2026-73017,updated,2026-09-10,cve_2026_to_now,2026-09-11T11:59:49+00:00
CVE-2026-73018,updated,2026-09-10,cve_2026_to_now,2026-09-11T11:59:49+00:00
CVE-2026-73019,updated,2026-09-10,cve_2026_to_now,2026-09-11T11:59:49+00:00
CVE-2026-73020,updated,2026-09-10,cve_2026_to_now,2026-09-11T11:59:49+00:00
CVE-2026-73021,updated,2026-09-10,cve_2026_to_now,2026-09-11T11:59:49+00:00
CVE-2026-73022,updated,2026-09-10,cve_2026_to_now,2026-09-11T11:59:49+00:00
CVE-2026-73023,updated,2026-09-10,cve_2026_to_now,2026-09-11T11:59:49+00:00
CVE-2026-73024,updated,2026-09-10,cve_2026_to_now,2026-09-11T11:59:49+00:00
CVE-2026-73025,updated,2026-09-10,cve_2026_to_now,2026-09-11T11:59:49+00:00
CVE-2026-73026,updated,2026-09-10,cve_2026_to_now,2026-09-11T11:59:49+00:00
CVE-2026-73028,updated,2026-09-10,cve_2026_to_now,2026-09-11T11:59:49+00:00
CVE-2026-73029,updated,2026-09-10,cve_2026_to_now,2026-09-11T11:59:49+00:00
CVE-2026-73311,updated,2026-09-10,cve_2026_to_now,2026-09-11T11:59:49+00:00
CVE-2026-73314,updated,2026-09-10,cve_2026_to_now,2026-09-11T11:59:49+00:00
CVE-2026-73316,updated,2026-09-10,cve_2026_to_now,2026-09-11T11:59:49+00:00
CVE-2026-73319,updated,2026-09-10,cve_2026_to_now,2026-09-11T11:59:49+00:00
CVE-2026-73321,updated,2026-09-10,cve_2026_to_now,2026-09-11T11:59:49+00:00
CVE-2026-73334,updated,2026-09-10,cve_2026_to_now,2026-09-11T11:59:49+00:00
CVE-2026-73392,removed,,cve_2026_to_now,2026-09-11T11:59:49+00:00
CVE-2026-73693,added,,cve_2026_to_now,2026-09-11T11:59:49+00:00
CVE-2026-73694,added,,cve_2026_to_now,2026-09-11T11:59:49+00:00
CVE-2026-73698,added,,cve_2026_to_now,2026-09-11T11:59:49+00:00
CVE-2026-73699,added,,cve_2026_to_now,2026-09-11T11:59:49+00:00
CVE-2026-73769,updated,2026-09-11,cve_2026_to_now,2026-09-11T11:59:49+00:00
CVE-2026-73784,added,,cve_2026_to_now,2026-09-11T11:59:49+00:00
CVE-2026-73785,added,,cve_2026_to_now,2026-09-11T11:59:49+00:00
CVE-2026-73786,updated,2026-09-10,cve_2026_to_now,2026-09-11T11:59:49+00:00
CVE-2026-73787,updated,2026-09-11,cve_2026_to_now,2026-09-11T11:59:49+00:00
CVE-2026-73788,updated,2026-09-10,cve_2026_to_now,2026-09-11T11:59:49+00:00
CVE-2026-73789,updated,2026-09-10,cve_2026_to_now,2026-09-11T11:59:49+00:00
CVE-2026-74237,updated,2026-09-10,cve_2026_to_now,2026-09-11T11:59:49+00:00
CVE-2026-74761,updated,2026-09-10,cve_2026_to_now,2026-09-11T11:59:49+00:00
CVE-2026-74860,updated,2026-09-10,cve_2026_to_now,2026-09-11T11:59:49+00:00
CVE-2026-74925,added,,cve_2026_to_now,2026-09-11T11:59:49+00:00
CVE-2026-75307,updated,2026-09-10,cve_2026_to_now,2026-09-11T11:59:49+00:00
CVE-2026-75584,added,,cve_2026_to_now,2026-09-11T11:59:49+00:00
CVE-2026-75624,added,,cve_2026_to_now,2026-09-11T11:59:49+00:00
CVE-2026-75637,updated,2026-09-10,cve_2026_to_now,2026-09-11T11:59:49+00:00
CVE-2026-75644,updated,2026-09-10,cve_2026_to_now,2026-09-11T11:59:49+00:00
CVE-2026-75646,updated,2026-09-10,cve_2026_to_now,2026-09-11T11:59:49+00:00
CVE-2026-75657,updated,2026-09-10,cve_2026_to_now,2026-09-11T11:59:49+00:00
CVE-2026-75667,updated,2026-09-10,cve_2026_to_now,2026-09-11T11:59:49+00:00
CVE-2026-75672,updated,2026-09-10,cve_2026_to_now,2026-09-11T11:59:49+00:00
CVE-2026-75679,updated,2026-09-10,cve_2026_to_now,2026-09-11T11:59:49+00:00
CVE-2026-75680,updated,2026-09-10,cve_2026_to_now,2026-09-11T11:59:49+00:00
CVE-2026-75687,updated,2026-09-10,cve_2026_to_now,2026-09-11T11:59:49+00:00
CVE-2026-75690,updated,2026-09-10,cve_2026_to_now,2026-09-11T11:59:49+00:00
CVE-2026-75694,updated,2026-09-10,cve_2026_to_now,2026-09-11T11:59:49+00:00
CVE-2026-75695,updated,2026-09-10,cve_2026_to_now,2026-09-11T11:59:49+00:00
CVE-2026-75702,updated,2026-09-10,cve_2026_to_now,2026-09-11T11:59:49+00:00
CVE-2026-75704,updated,2026-09-10,cve_2026_to_now,2026-09-11T11:59:49+00:00
CVE-2026-75708,updated,2026-09-10,cve_2026_to_now,2026-09-11T11:59:49+00:00
CVE-2026-75713,updated,2026-09-10,cve_2026_to_now,2026-09-11T11:59:49+00:00
CVE-2026-75714,updated,2026-09-10,cve_2026_to_now,2026-09-11T11:59:49+00:00
CVE-2026-75718,updated,2026-09-10,cve_2026_to_now,2026-09-11T11:59:49+00:00
CVE-2026-75719,updated,2026-09-10,cve_2026_to_now,2026-09-11T11:59:49+00:00
CVE-2026-75725,updated,2026-09-10,cve_2026_to_now,2026-09-11T11:59:49+00:00
CVE-2026-75726,updated,2026-09-10,cve_2026_to_now,2026-09-11T11:59:49+00:00
CVE-2026-75731,updated,2026-09-10,cve_2026_to_now,2026-09-11T11:59:49+00:00
CVE-2026-75737,updated,2026-09-10,cve_2026_to_now,2026-09-11T11:59:49+00:00
CVE-2026-75742,updated,2026-09-10,cve_2026_to_now,2026-09-11T11:59:49+00:00
CVE-2026-75777,added,,cve_2026_to_now,2026-09-11T11:59:49+00:00
CVE-2026-75880,updated,,cve_2026_to_now,2026-09-11T11:59:49+00:00
CVE-2026-75940,added,,cve_2026_to_now,2026-09-11T11:59:49+00:00
CVE-2026-75993,updated,2026-09-10,cve_2026_to_now,2026-09-11T11:59:49+00:00
CVE-2026-76000,updated,2026-09-10,cve_2026_to_now,2026-09-11T11:59:49+00:00
CVE-2026-76059,added,,cve_2026_to_now,2026-09-11T11:59:49+00:00
CVE-2026-76190,updated,2026-09-10,cve_2026_to_now,2026-09-11T11:59:49+00:00
CVE-2026-76202,updated,2026-09-10,cve_2026_to_now,2026-09-11T11:59:49+00:00
CVE-2026-76652,added,,cve_2026_to_now,2026-09-11T11:59:49+00:00
CVE-2026-76653,added,,cve_2026_to_now,2026-09-11T11:59:49+00:00
CVE-2026-77110,updated,2026-09-10,cve_2026_to_now,2026-09-11T11:59:49+00:00
CVE-2026-77150,added,,cve_2026_to_now,2026-09-11T11:59:49+00:00
CVE-2026-77159,added,,cve_2026_to_now,2026-09-11T11:59:49+00:00
CVE-2026-77480,updated,2026-09-10,cve_2026_to_now,2026-09-11T11:59:49+00:00
CVE-2026-77481,updated,2026-09-10,cve_2026_to_now,2026-09-11T11:59:49+00:00
CVE-2026-77482,updated,2026-09-10,cve_2026_to_now,2026-09-11T11:59:49+00:00
CVE-2026-77483,updated,2026-09-10,cve_2026_to_now,2026-09-11T11:59:49+00:00
CVE-2026-77484,updated,2026-09-10,cve_2026_to_now,2026-09-11T11:59:49+00:00
CVE-2026-77485,updated,2026-09-10,cve_2026_to_now,2026-09-11T11:59:49+00:00
CVE-2026-77486,updated,2026-09-10,cve_2026_to_now,2026-09-11T11:59:49+00:00
CVE-2026-77487,updated,2026-09-10,cve_2026_to_now,2026-09-11T11:59:49+00:00
CVE-2026-77488,updated,2026-09-10,cve_2026_to_now,2026-09-11T11:59:49+00:00
CVE-2026-77489,updated,2026-09-10,cve_2026_to_now,2026-09-11T11:59:49+00:00
CVE-2026-77491,updated,2026-09-10,cve_2026_to_now,2026-09-11T11:59:49+00:00
CVE-2026-77492,updated,2026-09-10,cve_2026_to_now,2026-09-11T11:59:49+00:00
CVE-2026-77493,updated,2026-09-10,cve_2026_to_now,2026-09-11T11:59:49+00:00
CVE-2026-77494,updated,2026-09-10,cve_2026_to_now,2026-09-11T11:59:49+00:00
CVE-2026-77495,updated,2026-09-10,cve_2026_to_now,2026-09-11T11:59:49+00:00
CVE-2026-77498,updated,2026-09-10,cve_2026_to_now,2026-09-11T11:59:49+00:00
CVE-2026-77499,updated,2026-09-10,cve_2026_to_now,2026-09-11T11:59:49+00:00
CVE-2026-77500,updated,2026-09-10,cve_2026_to_now,2026-09-11T11:59:49+00:00
CVE-2026-77501,updated,2026-09-10,cve_2026_to_now,2026-09-11T11:59:49+00:00
CVE-2026-77502,updated,2026-09-10,cve_2026_to_now,2026-09-11T11:59:49+00:00
CVE-2026-77503,updated,2026-09-10,cve_2026_to_now,2026-09-11T11:59:49+00:00
CVE-2026-77504,updated,2026-09-10,cve_2026_to_now,2026-09-11T11:59:49+00:00
CVE-2026-77505,updated,2026-09-10,cve_2026_to_now,2026-09-11T11:59:49+00:00
CVE-2026-77770,updated,,cve_2026_to_now,2026-09-11T11:59:49+00:00
CVE-2026-77771,updated,,cve_2026_to_now,2026-09-11T11:59:49+00:00
CVE-2026-77807,added,,cve_2026_to_now,2026-09-11T11:59:49+00:00
CVE-2026-77886,updated,2026-09-10,cve_2026_to_now,2026-09-11T11:59:49+00:00
CVE-2026-77887,updated,2026-09-10,cve_2026_to_now,2026-09-11T11:59:49+00:00
CVE-2026-77888,updated,2026-09-10,cve_2026_to_now,2026-09-11T11:59:49+00:00
CVE-2026-77889,updated,2026-09-10,cve_2026_to_now,2026-09-11T11:59:49+00:00
CVE-2026-77890,updated,2026-09-10,cve_2026_to_now,2026-09-11T11:59:49+00:00
CVE-2026-77891,updated,2026-09-10,cve_2026_to_now,2026-09-11T11:59:49+00:00
CVE-2026-77892,updated,2026-09-10,cve_2026_to_now,2026-09-11T11:59:49+00:00
CVE-2026-77893,updated,2026-09-10,cve_2026_to_now,2026-09-11T11:59:49+00:00
CVE-2026-77894,updated,2026-09-10,cve_2026_to_now,2026-09-11T11:59:49+00:00
CVE-2026-77895,updated,2026-09-10,cve_2026_to_now,2026-09-11T11:59:49+00:00
CVE-2026-77896,updated,2026-09-10,cve_2026_to_now,2026-09-11T11:59:49+00:00
CVE-2026-77897,updated,2026-09-10,cve_2026_to_now,2026-09-11T11:59:49+00:00
CVE-2026-77898,updated,2026-09-10,cve_2026_to_now,2026-09-11T11:59:49+00:00
CVE-2026-77899,updated,2026-09-10,cve_2026_to_now,2026-09-11T11:59:49+00:00
CVE-2026-77901,updated,2026-09-10,cve_2026_to_now,2026-09-11T11:59:49+00:00
CVE-2026-77904,updated,2026-09-10,cve_2026_to_now,2026-09-11T11:59:49+00:00
CVE-2026-77905,updated,2026-09-10,cve_2026_to_now,2026-09-11T11:59:49+00:00
CVE-2026-77906,updated,2026-09-10,cve_2026_to_now,2026-09-11T11:59:49+00:00
CVE-2026-77907,updated,2026-09-10,cve_2026_to_now,2026-09-11T11:59:49+00:00
CVE-2026-77908,updated,2026-09-10,cve_2026_to_now,2026-09-11T11:59:49+00:00
CVE-2026-77909,updated,2026-09-10,cve_2026_to_now,2026-09-11T11:59:49+00:00
CVE-2026-77911,updated,2026-09-10,cve_2026_to_now,2026-09-11T11:59:49+00:00
CVE-2026-78082,updated,2026-09-11,cve_2026_to_now,2026-09-11T11:59:49+00:00
CVE-2026-78083,updated,2026-09-11,cve_2026_to_now,2026-09-11T11:59:49+00:00
CVE-2026-78084,updated,2026-09-11,cve_2026_to_now,2026-09-11T11:59:49+00:00
CVE-2026-78085,updated,2026-09-11,cve_2026_to_now,2026-09-11T11:59:49+00:00
CVE-2026-78123,added,,cve_2026_to_now,2026-09-11T11:59:49+00:00
CVE-2026-78124,added,,cve_2026_to_now,2026-09-11T11:59:49+00:00
CVE-2026-78126,added,,cve_2026_to_now,2026-09-11T11:59:49+00:00
CVE-2026-78127,added,,cve_2026_to_now,2026-09-11T11:59:49+00:00
CVE-2026-78129,added,,cve_2026_to_now,2026-09-11T11:59:49+00:00
CVE-2026-78130,added,,cve_2026_to_now,2026-09-11T11:59:49+00:00
CVE-2026-78131,added,,cve_2026_to_now,2026-09-11T11:59:49+00:00
CVE-2026-78132,added,,cve_2026_to_now,2026-09-11T11:59:49+00:00
CVE-2026-78133,added,,cve_2026_to_now,2026-09-11T11:59:49+00:00
CVE-2026-78134,added,,cve_2026_to_now,2026-09-11T11:59:49+00:00
CVE-2026-78135,added,,cve_2026_to_now,2026-09-11T11:59:49+00:00
CVE-2026-78172,added,,cve_2026_to_now,2026-09-11T11:59:49+00:00
CVE-2026-78302,updated,2026-09-11,cve_2026_to_now,2026-09-11T11:59:49+00:00
CVE-2026-78303,updated,2026-09-11,cve_2026_to_now,2026-09-11T11:59:49+00:00
CVE-2026-78361,updated,,cve_2026_to_now,2026-09-11T11:59:49+00:00
CVE-2026-78374,updated,2026-09-11,cve_2026_to_now,2026-09-11T11:59:49+00:00
CVE-2026-78439,updated,2026-09-10,cve_2026_to_now,2026-09-11T11:59:49+00:00
CVE-2026-78441,updated,2026-09-10,cve_2026_to_now,2026-09-11T11:59:49+00:00
CVE-2026-78442,updated,2026-09-10,cve_2026_to_now,2026-09-11T11:59:49+00:00
CVE-2026-78444,updated,2026-09-10,cve_2026_to_now,2026-09-11T11:59:49+00:00
CVE-2026-78445,updated,2026-09-10,cve_2026_to_now,2026-09-11T11:59:49+00:00
CVE-2026-78446,updated,2026-09-10,cve_2026_to_now,2026-09-11T11:59:49+00:00
CVE-2026-78447,updated,2026-09-10,cve_2026_to_now,2026-09-11T11:59:49+00:00
CVE-2026-78448,updated,2026-09-10,cve_2026_to_now,2026-09-11T11:59:49+00:00
CVE-2026-78449,updated,2026-09-10,cve_2026_to_now,2026-09-11T11:59:49+00:00
CVE-2026-78450,updated,2026-09-10,cve_2026_to_now,2026-09-11T11:59:49+00:00
CVE-2026-78451,updated,2026-09-10,cve_2026_to_now,2026-09-11T11:59:49+00:00
CVE-2026-78452,updated,2026-09-10,cve_2026_to_now,2026-09-11T11:59:49+00:00
CVE-2026-78453,updated,2026-09-10,cve_2026_to_now,2026-09-11T11:59:49+00:00
CVE-2026-78454,updated,2026-09-10,cve_2026_to_now,2026-09-11T11:59:49+00:00
CVE-2026-78455,updated,2026-09-10,cve_2026_to_now,2026-09-11T11:59:49+00:00
CVE-2026-78456,updated,2026-09-10,cve_2026_to_now,2026-09-11T11:59:49+00:00
CVE-2026-78457,updated,2026-09-10,cve_2026_to_now,2026-09-11T11:59:49+00:00
CVE-2026-78461,updated,2026-09-10,cve_2026_to_now,2026-09-11T11:59:49+00:00
CVE-2026-78462,updated,2026-09-10,cve_2026_to_now,2026-09-11T11:59:49+00:00
CVE-2026-78463,updated,2026-09-10,cve_2026_to_now,2026-09-11T11:59:49+00:00
CVE-2026-78464,updated,2026-09-10,cve_2026_to_now,2026-09-11T11:59:49+00:00
CVE-2026-78484,updated,2026-09-11,cve_2026_to_now,2026-09-11T11:59:49+00:00
CVE-2026-78492,updated,2026-09-11,cve_2026_to_now,2026-09-11T11:59:49+00:00
CVE-2026-78493,updated,2026-09-11,cve_2026_to_now,2026-09-11T11:59:49+00:00
CVE-2026-78494,updated,2026-09-11,cve_2026_to_now,2026-09-11T11:59:49+00:00
CVE-2026-78502,updated,2026-09-10,cve_2026_to_now,2026-09-11T11:59:49+00:00
CVE-2026-78503,updated,2026-09-10,cve_2026_to_now,2026-09-11T11:59:49+00:00
CVE-2026-78504,updated,2026-09-10,cve_2026_to_now,2026-09-11T11:59:49+00:00
CVE-2026-78505,updated,2026-09-10,cve_2026_to_now,2026-09-11T11:59:49+00:00
CVE-2026-78506,updated,2026-09-10,cve_2026_to_now,2026-09-11T11:59:49+00:00
CVE-2026-78507,updated,2026-09-10,cve_2026_to_now,2026-09-11T11:59:49+00:00
CVE-2026-78508,updated,2026-09-10,cve_2026_to_now,2026-09-11T11:59:49+00:00
CVE-2026-78509,updated,2026-09-10,cve_2026_to_now,2026-09-11T11:59:49+00:00
CVE-2026-78510,updated,2026-09-10,cve_2026_to_now,2026-09-11T11:59:49+00:00
CVE-2026-78511,updated,2026-09-10,cve_2026_to_now,2026-09-11T11:59:49+00:00
CVE-2026-78512,updated,2026-09-10,cve_2026_to_now,2026-09-11T11:59:49+00:00
CVE-2026-78513,updated,2026-09-10,cve_2026_to_now,2026-09-11T11:59:49+00:00
CVE-2026-78514,updated,2026-09-10,cve_2026_to_now,2026-09-11T11:59:49+00:00
CVE-2026-78515,updated,2026-09-10,cve_2026_to_now,2026-09-11T11:59:49+00:00
CVE-2026-78516,updated,2026-09-10,cve_2026_to_now,2026-09-11T11:59:49+00:00
CVE-2026-78517,updated,2026-09-10,cve_2026_to_now,2026-09-11T11:59:49+00:00
CVE-2026-78518,updated,2026-09-10,cve_2026_to_now,2026-09-11T11:59:49+00:00
CVE-2026-78519,updated,2026-09-10,cve_2026_to_now,2026-09-11T11:59:49+00:00
CVE-2026-78520,updated,2026-09-10,cve_2026_to_now,2026-09-11T11:59:49+00:00
CVE-2026-78521,updated,2026-09-10,cve_2026_to_now,2026-09-11T11:59:49+00:00
CVE-2026-78522,updated,2026-09-10,cve_2026_to_now,2026-09-11T11:59:49+00:00
CVE-2026-78523,updated,2026-09-10,cve_2026_to_now,2026-09-11T11:59:49+00:00
CVE-2026-78524,updated,2026-09-10,cve_2026_to_now,2026-09-11T11:59:49+00:00
CVE-2026-78525,updated,2026-09-10,cve_2026_to_now,2026-09-11T11:59:49+00:00
CVE-2026-78526,updated,2026-09-10,cve_2026_to_now,2026-09-11T11:59:49+00:00
CVE-2026-78536,added,,cve_2026_to_now,2026-09-11T11:59:49+00:00
CVE-2026-78545,updated,2026-09-10,cve_2026_to_now,2026-09-11T11:59:49+00:00
CVE-2026-78550,updated,2026-09-10,cve_2026_to_now,2026-09-11T11:59:49+00:00
CVE-2026-78552,updated,2026-09-10,cve_2026_to_now,2026-09-11T11:59:49+00:00
CVE-2026-78560,updated,2026-09-10,cve_2026_to_now,2026-09-11T11:59:49+00:00
CVE-2026-78569,added,,cve_2026_to_now,2026-09-11T11:59:49+00:00
CVE-2026-78571,added,,cve_2026_to_now,2026-09-11T11:59:49+00:00
CVE-2026-78573,added,,cve_2026_to_now,2026-09-11T11:59:49+00:00
CVE-2026-78574,updated,2026-09-10,cve_2026_to_now,2026-09-11T11:59:49+00:00
CVE-2026-78575,added,,cve_2026_to_now,2026-09-11T11:59:49+00:00
CVE-2026-78579,updated,2026-09-10,cve_2026_to_now,2026-09-11T11:59:49+00:00
CVE-2026-78620,updated,2026-09-10,cve_2026_to_now,2026-09-11T11:59:49+00:00
CVE-2026-78622,updated,2026-09-10,cve_2026_to_now,2026-09-11T11:59:49+00:00
CVE-2026-78623,updated,2026-09-10,cve_2026_to_now,2026-09-11T11:59:49+00:00
CVE-2026-78624,updated,2026-09-10,cve_2026_to_now,2026-09-11T11:59:49+00:00
CVE-2026-78625,updated,2026-09-10,cve_2026_to_now,2026-09-11T11:59:49+00:00
CVE-2026-78626,updated,2026-09-10,cve_2026_to_now,2026-09-11T11:59:49+00:00
CVE-2026-78627,updated,2026-09-10,cve_2026_to_now,2026-09-11T11:59:49+00:00
CVE-2026-78629,updated,2026-09-10,cve_2026_to_now,2026-09-11T11:59:49+00:00
CVE-2026-78630,updated,2026-09-10,cve_2026_to_now,2026-09-11T11:59:49+00:00
CVE-2026-78631,updated,2026-09-10,cve_2026_to_now,2026-09-11T11:59:49+00:00
CVE-2026-78635,updated,2026-09-10,cve_2026_to_now,2026-09-11T11:59:49+00:00
CVE-2026-78658,updated,2026-09-10,cve_2026_to_now,2026-09-11T11:59:49+00:00
CVE-2026-79522,updated,2026-09-10,cve_2026_to_now,2026-09-11T11:59:49+00:00
CVE-2026-79590,added,,cve_2026_to_now,2026-09-11T11:59:49+00:00
CVE-2026-79591,added,,cve_2026_to_now,2026-09-11T11:59:49+00:00
CVE-2026-79592,added,,cve_2026_to_now,2026-09-11T11:59:49+00:00
CVE-2026-79602,updated,2026-09-10,cve_2026_to_now,2026-09-11T11:59:49+00:00
CVE-2026-79637,updated,2026-09-11,cve_2026_to_now,2026-09-11T11:59:49+00:00
CVE-2026-79641,updated,2026-09-11,cve_2026_to_now,2026-09-11T11:59:49+00:00
CVE-2026-79689,updated,2026-09-11,cve_2026_to_now,2026-09-11T11:59:49+00:00
CVE-2026-79723,added,,cve_2026_to_now,2026-09-11T11:59:49+00:00
CVE-2026-79724,added,,cve_2026_to_now,2026-09-11T11:59:49+00:00
CVE-2026-79725,added,,cve_2026_to_now,2026-09-11T11:59:49+00:00
CVE-2026-79741,updated,2026-09-11,cve_2026_to_now,2026-09-11T11:59:49+00:00
CVE-2026-79742,added,,cve_2026_to_now,2026-09-11T11:59:49+00:00
CVE-2026-79905,updated,2026-09-10,cve_2026_to_now,2026-09-11T11:59:49+00:00
CVE-2026-79910,updated,2026-09-10,cve_2026_to_now,2026-09-11T11:59:49+00:00
CVE-2026-79941,updated,2026-09-11,cve_2026_to_now,2026-09-11T11:59:49+00:00
CVE-2026-79945,updated,2026-09-11,cve_2026_to_now,2026-09-11T11:59:49+00:00
CVE-2026-79963,updated,2026-09-11,cve_2026_to_now,2026-09-11T11:59:49+00:00
CVE-2026-79972,updated,2026-09-11,cve_2026_to_now,2026-09-11T11:59:49+00:00
CVE-2026-79974,updated,2026-09-11,cve_2026_to_now,2026-09-11T11:59:49+00:00
CVE-2026-79987,added,2026-09-11,cve_2026_to_now,2026-09-11T11:59:49+00:00
CVE-2026-80073,updated,2026-09-10,cve_2026_to_now,2026-09-11T11:59:49+00:00
CVE-2026-80074,updated,2026-09-10,cve_2026_to_now,2026-09-11T11:59:49+00:00
CVE-2026-80075,updated,2026-09-10,cve_2026_to_now,2026-09-11T11:59:49+00:00
CVE-2026-80076,updated,2026-09-10,cve_2026_to_now,2026-09-11T11:59:49+00:00
CVE-2026-80077,updated,2026-09-10,cve_2026_to_now,2026-09-11T11:59:49+00:00
CVE-2026-80078,updated,2026-09-10,cve_2026_to_now,2026-09-11T11:59:49+00:00
CVE-2026-80079,updated,2026-09-10,cve_2026_to_now,2026-09-11T11:59:49+00:00
CVE-2026-80080,updated,2026-09-10,cve_2026_to_now,2026-09-11T11:59:49+00:00
CVE-2026-80081,updated,2026-09-10,cve_2026_to_now,2026-09-11T11:59:49+00:00
CVE-2026-80082,updated,2026-09-10,cve_2026_to_now,2026-09-11T11:59:49+00:00
CVE-2026-80083,updated,2026-09-10,cve_2026_to_now,2026-09-11T11:59:49+00:00
CVE-2026-80084,updated,2026-09-10,cve_2026_to_now,2026-09-11T11:59:49+00:00
CVE-2026-80085,updated,2026-09-10,cve_2026_to_now,2026-09-11T11:59:49+00:00
CVE-2026-80086,updated,2026-09-10,cve_2026_to_now,2026-09-11T11:59:49+00:00
CVE-2026-80087,updated,2026-09-10,cve_2026_to_now,2026-09-11T11:59:49+00:00
CVE-2026-80088,updated,2026-09-10,cve_2026_to_now,2026-09-11T11:59:49+00:00
CVE-2026-80089,updated,2026-09-10,cve_2026_to_now,2026-09-11T11:59:49+00:00
CVE-2026-80090,updated,2026-09-10,cve_2026_to_now,2026-09-11T11:59:49+00:00
CVE-2026-80091,updated,2026-09-10,cve_2026_to_now,2026-09-11T11:59:49+00:00
CVE-2026-80093,updated,2026-09-10,cve_2026_to_now,2026-09-11T11:59:49+00:00
CVE-2026-80096,updated,2026-09-10,cve_2026_to_now,2026-09-11T11:59:49+00:00
CVE-2026-80097,updated,2026-09-10,cve_2026_to_now,2026-09-11T11:59:49+00:00
CVE-2026-80098,updated,2026-09-10,cve_2026_to_now,2026-09-11T11:59:49+00:00
CVE-2026-80113,updated,2026-09-10,cve_2026_to_now,2026-09-11T11:59:49+00:00
CVE-2026-80118,updated,2026-09-10,cve_2026_to_now,2026-09-11T11:59:49+00:00
CVE-2026-80159,updated,2026-09-10,cve_2026_to_now,2026-09-11T11:59:49+00:00
CVE-2026-80161,updated,2026-09-10,cve_2026_to_now,2026-09-11T11:59:49+00:00
CVE-2026-80172,updated,2026-09-11,cve_2026_to_now,2026-09-11T11:59:49+00:00
CVE-2026-80219,updated,2026-09-11,cve_2026_to_now,2026-09-11T11:59:49+00:00
CVE-2026-80351,updated,,cve_2026_to_now,2026-09-11T11:59:49+00:00
CVE-2026-80352,updated,,cve_2026_to_now,2026-09-11T11:59:49+00:00
CVE-2026-80354,updated,,cve_2026_to_now,2026-09-11T11:59:49+00:00
CVE-2026-80378,added,,cve_2026_to_now,2026-09-11T11:59:49+00:00
CVE-2026-80380,added,,cve_2026_to_now,2026-09-11T11:59:49+00:00
CVE-2026-80424,added,,cve_2026_to_now,2026-09-11T11:59:49+00:00
CVE-2026-80434,added,,cve_2026_to_now,2026-09-11T11:59:49+00:00
CVE-2026-80436,added,,cve_2026_to_now,2026-09-11T11:59:49+00:00
CVE-2026-80469,added,,cve_2026_to_now,2026-09-11T11:59:49+00:00
CVE-2026-80841,updated,2026-09-11,cve_2026_to_now,2026-09-11T11:59:49+00:00
CVE-2026-80847,updated,2026-09-11,cve_2026_to_now,2026-09-11T11:59:49+00:00
CVE-2026-80858,updated,2026-09-11,cve_2026_to_now,2026-09-11T11:59:49+00:00
CVE-2026-80859,updated,2026-09-11,cve_2026_to_now,2026-09-11T11:59:49+00:00
CVE-2026-80860,updated,2026-09-11,cve_2026_to_now,2026-09-11T11:59:49+00:00
CVE-2026-80861,updated,2026-09-11,cve_2026_to_now,2026-09-11T11:59:49+00:00
CVE-2026-80878,updated,2026-09-11,cve_2026_to_now,2026-09-11T11:59:49+00:00
CVE-2026-80925,updated,2026-09-11,cve_2026_to_now,2026-09-11T11:59:49+00:00
CVE-2026-81046,added,2026-09-11,cve_2026_to_now,2026-09-11T11:59:49+00:00
CVE-2026-81048,added,2026-09-11,cve_2026_to_now,2026-09-11T11:59:49+00:00
CVE-2026-81049,added,2026-09-11,cve_2026_to_now,2026-09-11T11:59:49+00:00
CVE-2026-81051,added,,cve_2026_to_now,2026-09-11T11:59:49+00:00
CVE-2026-81052,added,,cve_2026_to_now,2026-09-11T11:59:49+00:00
CVE-2026-81204,added,,cve_2026_to_now,2026-09-11T11:59:49+00:00
CVE-2026-81207,added,,cve_2026_to_now,2026-09-11T11:59:49+00:00
CVE-2026-81210,added,,cve_2026_to_now,2026-09-11T11:59:49+00:00
CVE-2026-81211,added,,cve_2026_to_now,2026-09-11T11:59:49+00:00
CVE-2026-81213,added,,cve_2026_to_now,2026-09-11T11:59:49+00:00
CVE-2026-81265,added,,cve_2026_to_now,2026-09-11T11:59:49+00:00
CVE-2026-81268,added,,cve_2026_to_now,2026-09-11T11:59:49+00:00
CVE-2026-81275,added,,cve_2026_to_now,2026-09-11T11:59:49+00:00
CVE-2026-81349,updated,2026-09-10,cve_2026_to_now,2026-09-11T11:59:49+00:00
CVE-2026-81352,updated,2026-09-10,cve_2026_to_now,2026-09-11T11:59:49+00:00
CVE-2026-81353,updated,2026-09-11,cve_2026_to_now,2026-09-11T11:59:49+00:00
CVE-2026-81354,updated,2026-09-10,cve_2026_to_now,2026-09-11T11:59:49+00:00
CVE-2026-81355,updated,2026-09-10,cve_2026_to_now,2026-09-11T11:59:49+00:00
CVE-2026-81356,updated,2026-09-10,cve_2026_to_now,2026-09-11T11:59:49+00:00
CVE-2026-81357,updated,2026-09-10,cve_2026_to_now,2026-09-11T11:59:49+00:00
CVE-2026-81376,updated,2026-09-10,cve_2026_to_now,2026-09-11T11:59:49+00:00
CVE-2026-81377,updated,2026-09-10,cve_2026_to_now,2026-09-11T11:59:49+00:00
CVE-2026-81378,updated,2026-09-10,cve_2026_to_now,2026-09-11T11:59:49+00:00
CVE-2026-81379,updated,2026-09-10,cve_2026_to_now,2026-09-11T11:59:49+00:00
CVE-2026-81380,updated,2026-09-10,cve_2026_to_now,2026-09-11T11:59:49+00:00
CVE-2026-81381,updated,2026-09-10,cve_2026_to_now,2026-09-11T11:59:49+00:00
CVE-2026-81383,updated,2026-09-10,cve_2026_to_now,2026-09-11T11:59:49+00:00
CVE-2026-81385,updated,2026-09-10,cve_2026_to_now,2026-09-11T11:59:49+00:00
CVE-2026-81386,updated,2026-09-10,cve_2026_to_now,2026-09-11T11:59:49+00:00
CVE-2026-81387,updated,2026-09-10,cve_2026_to_now,2026-09-11T11:59:49+00:00
CVE-2026-81388,updated,2026-09-10,cve_2026_to_now,2026-09-11T11:59:49+00:00
CVE-2026-81389,updated,2026-09-10,cve_2026_to_now,2026-09-11T11:59:49+00:00
CVE-2026-81390,updated,2026-09-10,cve_2026_to_now,2026-09-11T11:59:49+00:00
CVE-2026-81391,updated,2026-09-10,cve_2026_to_now,2026-09-11T11:59:49+00:00
CVE-2026-81392,updated,2026-09-10,cve_2026_to_now,2026-09-11T11:59:49+00:00
CVE-2026-81393,updated,2026-09-10,cve_2026_to_now,2026-09-11T11:59:49+00:00
CVE-2026-81394,updated,2026-09-10,cve_2026_to_now,2026-09-11T11:59:49+00:00
CVE-2026-81395,updated,2026-09-10,cve_2026_to_now,2026-09-11T11:59:49+00:00
CVE-2026-81396,updated,2026-09-10,cve_2026_to_now,2026-09-11T11:59:49+00:00
CVE-2026-81397,updated,2026-09-10,cve_2026_to_now,2026-09-11T11:59:49+00:00
CVE-2026-81398,updated,2026-09-10,cve_2026_to_now,2026-09-11T11:59:49+00:00
CVE-2026-81399,updated,2026-09-10,cve_2026_to_now,2026-09-11T11:59:49+00:00
CVE-2026-81400,updated,2026-09-10,cve_2026_to_now,2026-09-11T11:59:49+00:00
CVE-2026-81401,updated,2026-09-10,cve_2026_to_now,2026-09-11T11:59:49+00:00
CVE-2026-81431,updated,,cve_2026_to_now,2026-09-11T11:59:49+00:00
CVE-2026-81467,added,2026-09-11,cve_2026_to_now,2026-09-11T11:59:49+00:00
CVE-2026-81468,added,2026-09-11,cve_2026_to_now,2026-09-11T11:59:49+00:00
CVE-2026-81540,added,,cve_2026_to_now,2026-09-11T11:59:49+00:00
CVE-2026-81550,added,,cve_2026_to_now,2026-09-11T11:59:49+00:00
CVE-2026-81551,added,,cve_2026_to_now,2026-09-11T11:59:49+00:00
CVE-2026-81554,added,,cve_2026_to_now,2026-09-11T11:59:49+00:00
CVE-2026-81635,updated,,cve_2026_to_now,2026-09-11T11:59:49+00:00
CVE-2026-81754,added,,cve_2026_to_now,2026-09-11T11:59:49+00:00
CVE-2026-81782,added,,cve_2026_to_now,2026-09-11T11:59:49+00:00
CVE-2026-81783,added,,cve_2026_to_now,2026-09-11T11:59:49+00:00
CVE-2026-81784,added,,cve_2026_to_now,2026-09-11T11:59:49+00:00
CVE-2026-81785,added,,cve_2026_to_now,2026-09-11T11:59:49+00:00
CVE-2026-81786,added,,cve_2026_to_now,2026-09-11T11:59:49+00:00
CVE-2026-81787,added,,cve_2026_to_now,2026-09-11T11:59:49+00:00
CVE-2026-81788,added,,cve_2026_to_now,2026-09-11T11:59:49+00:00
CVE-2026-81789,added,,cve_2026_to_now,2026-09-11T11:59:49+00:00
CVE-2026-81791,added,,cve_2026_to_now,2026-09-11T11:59:49+00:00
CVE-2026-81793,added,,cve_2026_to_now,2026-09-11T11:59:49+00:00
CVE-2026-81794,added,,cve_2026_to_now,2026-09-11T11:59:49+00:00
CVE-2026-81795,added,,cve_2026_to_now,2026-09-11T11:59:49+00:00
CVE-2026-81796,added,,cve_2026_to_now,2026-09-11T11:59:49+00:00
CVE-2026-81799,added,,cve_2026_to_now,2026-09-11T11:59:49+00:00
CVE-2026-81800,added,,cve_2026_to_now,2026-09-11T11:59:49+00:00
CVE-2026-81801,added,,cve_2026_to_now,2026-09-11T11:59:49+00:00
CVE-2026-81803,added,,cve_2026_to_now,2026-09-11T11:59:49+00:00
CVE-2026-81804,added,,cve_2026_to_now,2026-09-11T11:59:49+00:00
CVE-2026-81805,added,,cve_2026_to_now,2026-09-11T11:59:49+00:00
CVE-2026-81825,added,,cve_2026_to_now,2026-09-11T11:59:49+00:00
CVE-2026-81904,updated,2026-09-10,cve_2026_to_now,2026-09-11T11:59:49+00:00
CVE-2026-81905,added,,cve_2026_to_now,2026-09-11T11:59:49+00:00
CVE-2026-81906,added,,cve_2026_to_now,2026-09-11T11:59:49+00:00
CVE-2026-81940,added,,cve_2026_to_now,2026-09-11T11:59:49+00:00
CVE-2026-81941,added,,cve_2026_to_now,2026-09-11T11:59:49+00:00
CVE-2026-81947,updated,2026-09-10,cve_2026_to_now,2026-09-11T11:59:49+00:00
CVE-2026-81948,updated,2026-09-10,cve_2026_to_now,2026-09-11T11:59:49+00:00
CVE-2026-81949,updated,2026-09-10,cve_2026_to_now,2026-09-11T11:59:49+00:00
CVE-2026-81950,updated,2026-09-10,cve_2026_to_now,2026-09-11T11:59:49+00:00
CVE-2026-81951,updated,2026-09-10,cve_2026_to_now,2026-09-11T11:59:49+00:00
CVE-2026-81952,updated,2026-09-10,cve_2026_to_now,2026-09-11T11:59:49+00:00
CVE-2026-81953,updated,2026-09-10,cve_2026_to_now,2026-09-11T11:59:49+00:00
CVE-2026-81954,updated,2026-09-10,cve_2026_to_now,2026-09-11T11:59:49+00:00
CVE-2026-81955,updated,2026-09-10,cve_2026_to_now,2026-09-11T11:59:49+00:00
CVE-2026-81956,updated,2026-09-10,cve_2026_to_now,2026-09-11T11:59:49+00:00
CVE-2026-81957,updated,2026-09-10,cve_2026_to_now,2026-09-11T11:59:49+00:00
CVE-2026-81958,updated,2026-09-10,cve_2026_to_now,2026-09-11T11:59:49+00:00
CVE-2026-81959,updated,2026-09-10,cve_2026_to_now,2026-09-11T11:59:49+00:00
CVE-2026-81960,updated,2026-09-10,cve_2026_to_now,2026-09-11T11:59:49+00:00
CVE-2026-81963,updated,2026-09-10,cve_2026_to_now,2026-09-11T11:59:49+00:00
CVE-2026-81984,updated,2026-09-10,cve_2026_to_now,2026-09-11T11:59:49+00:00
CVE-2026-81987,updated,2026-09-10,cve_2026_to_now,2026-09-11T11:59:49+00:00
CVE-2026-81992,updated,2026-09-10,cve_2026_to_now,2026-09-11T11:59:49+00:00
CVE-2026-81994,updated,2026-09-10,cve_2026_to_now,2026-09-11T11:59:49+00:00
CVE-2026-82052,updated,2026-09-10,cve_2026_to_now,2026-09-11T11:59:49+00:00
CVE-2026-82079,updated,2026-09-11,cve_2026_to_now,2026-09-11T11:59:49+00:00
CVE-2026-82092,added,,cve_2026_to_now,2026-09-11T11:59:49+00:00
CVE-2026-82095,added,,cve_2026_to_now,2026-09-11T11:59:49+00:00
CVE-2026-82097,added,,cve_2026_to_now,2026-09-11T11:59:49+00:00
CVE-2026-82098,added,,cve_2026_to_now,2026-09-11T11:59:49+00:00
CVE-2026-82099,added,,cve_2026_to_now,2026-09-11T11:59:49+00:00
CVE-2026-82100,added,,cve_2026_to_now,2026-09-11T11:59:49+00:00
CVE-2026-82107,added,,cve_2026_to_now,2026-09-11T11:59:49+00:00
CVE-2026-82213,added,,cve_2026_to_now,2026-09-11T11:59:49+00:00
CVE-2026-82215,added,,cve_2026_to_now,2026-09-11T11:59:49+00:00
CVE-2026-82305,added,,cve_2026_to_now,2026-09-11T11:59:49+00:00
CVE-2026-82455,removed,,cve_2026_to_now,2026-09-11T11:59:49+00:00
CVE-2026-82533,updated,2026-09-10,cve_2026_to_now,2026-09-11T11:59:49+00:00
CVE-2026-82582,updated,,cve_2026_to_now,2026-09-11T11:59:49+00:00
CVE-2026-82925,updated,,cve_2026_to_now,2026-09-11T11:59:49+00:00
CVE-2026-83498,updated,2026-09-10,cve_2026_to_now,2026-09-11T11:59:49+00:00
CVE-2026-83501,updated,2026-09-10,cve_2026_to_now,2026-09-11T11:59:49+00:00
CVE-2026-83545,added,,cve_2026_to_now,2026-09-11T11:59:49+00:00
CVE-2026-83546,added,,cve_2026_to_now,2026-09-11T11:59:49+00:00
CVE-2026-83711,updated,2026-09-10,cve_2026_to_now,2026-09-11T11:59:49+00:00
CVE-2026-83939,updated,2026-09-10,cve_2026_to_now,2026-09-11T11:59:49+00:00
CVE-2026-83940,updated,2026-09-10,cve_2026_to_now,2026-09-11T11:59:49+00:00
CVE-2026-83941,updated,2026-09-10,cve_2026_to_now,2026-09-11T11:59:49+00:00
CVE-2026-83942,updated,2026-09-10,cve_2026_to_now,2026-09-11T11:59:49+00:00
CVE-2026-83948,updated,2026-09-10,cve_2026_to_now,2026-09-11T11:59:49+00:00
CVE-2026-83949,updated,2026-09-10,cve_2026_to_now,2026-09-11T11:59:49+00:00
CVE-2026-83951,updated,2026-09-10,cve_2026_to_now,2026-09-11T11:59:49+00:00
CVE-2026-83952,updated,2026-09-10,cve_2026_to_now,2026-09-11T11:59:49+00:00
CVE-2026-83954,updated,2026-09-10,cve_2026_to_now,2026-09-11T11:59:49+00:00
CVE-2026-83955,updated,2026-09-10,cve_2026_to_now,2026-09-11T11:59:49+00:00
CVE-2026-83967,updated,2026-09-10,cve_2026_to_now,2026-09-11T11:59:49+00:00
CVE-2026-83968,updated,2026-09-10,cve_2026_to_now,2026-09-11T11:59:49+00:00
CVE-2026-83969,updated,2026-09-10,cve_2026_to_now,2026-09-11T11:59:49+00:00
CVE-2026-83970,updated,2026-09-10,cve_2026_to_now,2026-09-11T11:59:49+00:00
CVE-2026-83971,updated,2026-09-10,cve_2026_to_now,2026-09-11T11:59:49+00:00
CVE-2026-83972,updated,2026-09-10,cve_2026_to_now,2026-09-11T11:59:49+00:00
CVE-2026-83973,updated,2026-09-10,cve_2026_to_now,2026-09-11T11:59:49+00:00
CVE-2026-83974,updated,2026-09-10,cve_2026_to_now,2026-09-11T11:59:49+00:00
CVE-2026-83975,updated,2026-09-10,cve_2026_to_now,2026-09-11T11:59:49+00:00
CVE-2026-83976,updated,2026-09-10,cve_2026_to_now,2026-09-11T11:59:49+00:00
CVE-2026-83977,updated,2026-09-10,cve_2026_to_now,2026-09-11T11:59:49+00:00
CVE-2026-83978,updated,2026-09-10,cve_2026_to_now,2026-09-11T11:59:49+00:00
CVE-2026-83979,updated,2026-09-10,cve_2026_to_now,2026-09-11T11:59:49+00:00
CVE-2026-83980,updated,2026-09-10,cve_2026_to_now,2026-09-11T11:59:49+00:00
CVE-2026-83981,updated,2026-09-10,cve_2026_to_now,2026-09-11T11:59:49+00:00
CVE-2026-83982,updated,2026-09-10,cve_2026_to_now,2026-09-11T11:59:49+00:00
CVE-2026-83983,updated,2026-09-10,cve_2026_to_now,2026-09-11T11:59:49+00:00
CVE-2026-83985,updated,2026-09-10,cve_2026_to_now,2026-09-11T11:59:49+00:00
CVE-2026-83986,updated,2026-09-10,cve_2026_to_now,2026-09-11T11:59:49+00:00
CVE-2026-83987,updated,2026-09-10,cve_2026_to_now,2026-09-11T11:59:49+00:00
CVE-2026-83988,updated,2026-09-10,cve_2026_to_now,2026-09-11T11:59:49+00:00
CVE-2026-83989,updated,2026-09-10,cve_2026_to_now,2026-09-11T11:59:49+00:00
CVE-2026-83990,updated,2026-09-10,cve_2026_to_now,2026-09-11T11:59:49+00:00
CVE-2026-83991,updated,2026-09-10,cve_2026_to_now,2026-09-11T11:59:49+00:00
CVE-2026-83992,updated,2026-09-10,cve_2026_to_now,2026-09-11T11:59:49+00:00
CVE-2026-83995,updated,2026-09-10,cve_2026_to_now,2026-09-11T11:59:49+00:00
CVE-2026-83996,updated,2026-09-10,cve_2026_to_now,2026-09-11T11:59:49+00:00
CVE-2026-83997,updated,2026-09-10,cve_2026_to_now,2026-09-11T11:59:49+00:00
CVE-2026-83998,updated,2026-09-10,cve_2026_to_now,2026-09-11T11:59:49+00:00
CVE-2026-83999,updated,2026-09-10,cve_2026_to_now,2026-09-11T11:59:49+00:00
CVE-2026-84000,updated,2026-09-10,cve_2026_to_now,2026-09-11T11:59:49+00:00
CVE-2026-84001,updated,2026-09-10,cve_2026_to_now,2026-09-11T11:59:49+00:00
CVE-2026-84003,updated,2026-09-10,cve_2026_to_now,2026-09-11T11:59:49+00:00
CVE-2026-84042,updated,,cve_2026_to_now,2026-09-11T11:59:49+00:00
CVE-2026-84062,updated,,cve_2026_to_now,2026-09-11T11:59:49+00:00
CVE-2026-84063,updated,,cve_2026_to_now,2026-09-11T11:59:49+00:00
CVE-2026-84282,updated,2026-09-10,cve_2026_to_now,2026-09-11T11:59:49+00:00
CVE-2026-84432,added,,cve_2026_to_now,2026-09-11T11:59:49+00:00
CVE-2026-84685,updated,2026-09-10,cve_2026_to_now,2026-09-11T11:59:49+00:00
CVE-2026-84816,added,,cve_2026_to_now,2026-09-11T11:59:49+00:00
CVE-2026-84819,added,,cve_2026_to_now,2026-09-11T11:59:49+00:00
CVE-2026-84821,added,,cve_2026_to_now,2026-09-11T11:59:49+00:00
CVE-2026-84869,updated,2026-09-11,cve_2026_to_now,2026-09-11T11:59:49+00:00
CVE-2026-84889,added,,cve_2026_to_now,2026-09-11T11:59:49+00:00
CVE-2026-84939,updated,,cve_2026_to_now,2026-09-11T11:59:49+00:00
CVE-2026-84941,added,,cve_2026_to_now,2026-09-11T11:59:49+00:00
CVE-2026-84960,added,,cve_2026_to_now,2026-09-11T11:59:49+00:00
CVE-2026-85025,added,,cve_2026_to_now,2026-09-11T11:59:49+00:00
CVE-2026-85116,added,,cve_2026_to_now,2026-09-11T11:59:49+00:00
CVE-2026-85150,updated,2026-09-11,cve_2026_to_now,2026-09-11T11:59:49+00:00
CVE-2026-85217,added,2026-09-11,cve_2026_to_now,2026-09-11T11:59:49+00:00
CVE-2026-85228,added,,cve_2026_to_now,2026-09-11T11:59:49+00:00
CVE-2026-85310,added,,cve_2026_to_now,2026-09-11T11:59:49+00:00
CVE-2026-85360,updated,2026-09-10,cve_2026_to_now,2026-09-11T11:59:49+00:00
CVE-2026-85484,updated,2026-09-10,cve_2026_to_now,2026-09-11T11:59:49+00:00
CVE-2026-85485,updated,2026-09-10,cve_2026_to_now,2026-09-11T11:59:49+00:00
CVE-2026-85525,updated,2026-09-10,cve_2026_to_now,2026-09-11T11:59:49+00:00
CVE-2026-85528,updated,2026-09-10,cve_2026_to_now,2026-09-11T11:59:49+00:00
CVE-2026-85543,added,,cve_2026_to_now,2026-09-11T11:59:49+00:00
CVE-2026-85544,added,,cve_2026_to_now,2026-09-11T11:59:49+00:00
CVE-2026-85545,added,,cve_2026_to_now,2026-09-11T11:59:49+00:00
CVE-2026-85581,updated,2026-09-10,cve_2026_to_now,2026-09-11T11:59:49+00:00
CVE-2026-85586,updated,2026-09-10,cve_2026_to_now,2026-09-11T11:59:49+00:00
CVE-2026-85591,updated,2026-09-10,cve_2026_to_now,2026-09-11T11:59:49+00:00
CVE-2026-85596,updated,2026-09-10,cve_2026_to_now,2026-09-11T11:59:49+00:00
CVE-2026-85601,updated,2026-09-10,cve_2026_to_now,2026-09-11T11:59:49+00:00
CVE-2026-85610,updated,2026-09-10,cve_2026_to_now,2026-09-11T11:59:49+00:00
CVE-2026-85615,updated,2026-09-10,cve_2026_to_now,2026-09-11T11:59:49+00:00
CVE-2026-85618,updated,2026-09-10,cve_2026_to_now,2026-09-11T11:59:49+00:00
CVE-2026-85623,updated,2026-09-10,cve_2026_to_now,2026-09-11T11:59:49+00:00
CVE-2026-85630,updated,2026-09-10,cve_2026_to_now,2026-09-11T11:59:49+00:00
CVE-2026-85639,updated,2026-09-10,cve_2026_to_now,2026-09-11T11:59:49+00:00
CVE-2026-85651,updated,2026-09-10,cve_2026_to_now,2026-09-11T11:59:49+00:00
CVE-2026-85664,updated,2026-09-10,cve_2026_to_now,2026-09-11T11:59:49+00:00
CVE-2026-85669,updated,2026-09-10,cve_2026_to_now,2026-09-11T11:59:49+00:00
CVE-2026-85674,updated,2026-09-10,cve_2026_to_now,2026-09-11T11:59:49+00:00
CVE-2026-85677,added,,cve_2026_to_now,2026-09-11T11:59:49+00:00
CVE-2026-85678,added,,cve_2026_to_now,2026-09-11T11:59:49+00:00
CVE-2026-85686,updated,2026-09-10,cve_2026_to_now,2026-09-11T11:59:49+00:00
CVE-2026-85691,updated,2026-09-10,cve_2026_to_now,2026-09-11T11:59:49+00:00
CVE-2026-85696,updated,2026-09-10,cve_2026_to_now,2026-09-11T11:59:49+00:00
CVE-2026-85704,updated,2026-09-10,cve_2026_to_now,2026-09-11T11:59:49+00:00
CVE-2026-85875,updated,2026-09-10,cve_2026_to_now,2026-09-11T11:59:49+00:00
CVE-2026-85877,updated,2026-09-10,cve_2026_to_now,2026-09-11T11:59:49+00:00
CVE-2026-85880,updated,2026-09-10,cve_2026_to_now,2026-09-11T11:59:49+00:00
CVE-2026-85981,updated,2026-09-10,cve_2026_to_now,2026-09-11T11:59:49+00:00
CVE-2026-85982,updated,2026-09-10,cve_2026_to_now,2026-09-11T11:59:49+00:00
CVE-2026-85983,updated,2026-09-10,cve_2026_to_now,2026-09-11T11:59:49+00:00
CVE-2026-86060,updated,2026-09-11,cve_2026_to_now,2026-09-11T11:59:49+00:00
CVE-2026-86087,added,,cve_2026_to_now,2026-09-11T11:59:49+00:00
CVE-2026-86093,added,,cve_2026_to_now,2026-09-11T11:59:49+00:00
CVE-2026-86096,updated,2026-09-10,cve_2026_to_now,2026-09-11T11:59:49+00:00
CVE-2026-86112,updated,2026-09-10,cve_2026_to_now,2026-09-11T11:59:49+00:00
CVE-2026-86117,updated,2026-09-10,cve_2026_to_now,2026-09-11T11:59:49+00:00
CVE-2026-86122,updated,2026-09-10,cve_2026_to_now,2026-09-11T11:59:49+00:00
CVE-2026-86152,updated,2026-09-10,cve_2026_to_now,2026-09-11T11:59:49+00:00
CVE-2026-86174,updated,2026-09-10,cve_2026_to_now,2026-09-11T11:59:49+00:00
CVE-2026-86187,updated,2026-09-10,cve_2026_to_now,2026-09-11T11:59:49+00:00
CVE-2026-86192,updated,2026-09-10,cve_2026_to_now,2026-09-11T11:59:49+00:00
CVE-2026-86197,updated,2026-09-10,cve_2026_to_now,2026-09-11T11:59:49+00:00
CVE-2026-86198,updated,2026-09-10,cve_2026_to_now,2026-09-11T11:59:49+00:00
CVE-2026-86203,updated,2026-09-10,cve_2026_to_now,2026-09-11T11:59:49+00:00
CVE-2026-86208,updated,2026-09-10,cve_2026_to_now,2026-09-11T11:59:49+00:00
CVE-2026-86213,updated,2026-09-10,cve_2026_to_now,2026-09-11T11:59:49+00:00
CVE-2026-86253,updated,2026-09-10,cve_2026_to_now,2026-09-11T11:59:49+00:00
CVE-2026-86258,updated,2026-09-10,cve_2026_to_now,2026-09-11T11:59:49+00:00
CVE-2026-86259,updated,2026-09-11,cve_2026_to_now,2026-09-11T11:59:49+00:00
CVE-2026-86422,updated,2026-09-10,cve_2026_to_now,2026-09-11T11:59:49+00:00
CVE-2026-86427,updated,2026-09-10,cve_2026_to_now,2026-09-11T11:59:49+00:00
CVE-2026-86432,updated,2026-09-10,cve_2026_to_now,2026-09-11T11:59:49+00:00
CVE-2026-86438,updated,2026-09-10,cve_2026_to_now,2026-09-11T11:59:49+00:00
CVE-2026-86439,updated,2026-09-11,cve_2026_to_now,2026-09-11T11:59:49+00:00
CVE-2026-86538,updated,2026-09-11,cve_2026_to_now,2026-09-11T11:59:49+00:00
CVE-2026-86539,updated,2026-09-11,cve_2026_to_now,2026-09-11T11:59:49+00:00
CVE-2026-86540,updated,2026-09-11,cve_2026_to_now,2026-09-11T11:59:49+00:00
CVE-2026-86541,updated,2026-09-11,cve_2026_to_now,2026-09-11T11:59:49+00:00
CVE-2026-86542,updated,2026-09-11,cve_2026_to_now,2026-09-11T11:59:49+00:00
CVE-2026-86543,updated,2026-09-11,cve_2026_to_now,2026-09-11T11:59:49+00:00
CVE-2026-86544,updated,2026-09-11,cve_2026_to_now,2026-09-11T11:59:49+00:00
CVE-2026-86597,updated,2026-09-10,cve_2026_to_now,2026-09-11T11:59:49+00:00
CVE-2026-86600,updated,2026-09-10,cve_2026_to_now,2026-09-11T11:59:49+00:00
CVE-2026-86666,updated,2026-09-10,cve_2026_to_now,2026-09-11T11:59:49+00:00
CVE-2026-86675,updated,2026-09-10,cve_2026_to_now,2026-09-11T11:59:49+00:00
CVE-2026-86712,updated,2026-09-10,cve_2026_to_now,2026-09-11T11:59:49+00:00
CVE-2026-86719,updated,2026-09-10,cve_2026_to_now,2026-09-11T11:59:49+00:00
CVE-2026-86722,updated,2026-09-10,cve_2026_to_now,2026-09-11T11:59:49+00:00
CVE-2026-86724,updated,2026-09-10,cve_2026_to_now,2026-09-11T11:59:49+00:00
CVE-2026-86727,updated,2026-09-10,cve_2026_to_now,2026-09-11T11:59:49+00:00
CVE-2026-86729,updated,2026-09-10,cve_2026_to_now,2026-09-11T11:59:49+00:00
CVE-2026-86732,updated,2026-09-10,cve_2026_to_now,2026-09-11T11:59:49+00:00
CVE-2026-86734,updated,2026-09-10,cve_2026_to_now,2026-09-11T11:59:49+00:00
CVE-2026-86737,updated,2026-09-10,cve_2026_to_now,2026-09-11T11:59:49+00:00
CVE-2026-86742,updated,2026-09-10,cve_2026_to_now,2026-09-11T11:59:49+00:00
CVE-2026-86747,updated,2026-09-10,cve_2026_to_now,2026-09-11T11:59:49+00:00
CVE-2026-86752,updated,2026-09-10,cve_2026_to_now,2026-09-11T11:59:49+00:00
CVE-2026-86757,updated,2026-09-10,cve_2026_to_now,2026-09-11T11:59:49+00:00
CVE-2026-86762,updated,2026-09-10,cve_2026_to_now,2026-09-11T11:59:49+00:00
CVE-2026-86767,updated,2026-09-10,cve_2026_to_now,2026-09-11T11:59:49+00:00
CVE-2026-86772,updated,2026-09-10,cve_2026_to_now,2026-09-11T11:59:49+00:00
CVE-2026-86775,updated,2026-09-11,cve_2026_to_now,2026-09-11T11:59:49+00:00
CVE-2026-86776,updated,2026-09-10,cve_2026_to_now,2026-09-11T11:59:49+00:00
CVE-2026-86779,added,,cve_2026_to_now,2026-09-11T11:59:49+00:00
CVE-2026-86780,added,,cve_2026_to_now,2026-09-11T11:59:49+00:00
CVE-2026-86781,added,,cve_2026_to_now,2026-09-11T11:59:49+00:00
CVE-2026-86782,added,,cve_2026_to_now,2026-09-11T11:59:49+00:00
CVE-2026-86793,added,,cve_2026_to_now,2026-09-11T11:59:49+00:00
CVE-2026-86809,added,,cve_2026_to_now,2026-09-11T11:59:49+00:00
CVE-2026-86810,updated,2026-09-10,cve_2026_to_now,2026-09-11T11:59:49+00:00
CVE-2026-86812,added,,cve_2026_to_now,2026-09-11T11:59:49+00:00
CVE-2026-86813,added,,cve_2026_to_now,2026-09-11T11:59:49+00:00
CVE-2026-86815,added,,cve_2026_to_now,2026-09-11T11:59:49+00:00
CVE-2026-86840,updated,2026-09-10,cve_2026_to_now,2026-09-11T11:59:49+00:00
CVE-2026-87012,updated,2026-09-10,cve_2026_to_now,2026-09-11T11:59:49+00:00
CVE-2026-87013,updated,2026-09-10,cve_2026_to_now,2026-09-11T11:59:49+00:00
CVE-2026-87014,updated,2026-09-10,cve_2026_to_now,2026-09-11T11:59:49+00:00
CVE-2026-87015,updated,2026-09-10,cve_2026_to_now,2026-09-11T11:59:49+00:00
CVE-2026-87017,updated,2026-09-10,cve_2026_to_now,2026-09-11T11:59:49+00:00
CVE-2026-87090,added,,cve_2026_to_now,2026-09-11T11:59:49+00:00
CVE-2026-87106,added,,cve_2026_to_now,2026-09-11T11:59:49+00:00
CVE-2026-87107,added,,cve_2026_to_now,2026-09-11T11:59:49+00:00
CVE-2026-87123,added,,cve_2026_to_now,2026-09-11T11:59:49+00:00
CVE-2026-87429,updated,2026-09-10,cve_2026_to_now,2026-09-11T11:59:49+00:00
CVE-2026-87431,updated,2026-09-10,cve_2026_to_now,2026-09-11T11:59:49+00:00
CVE-2026-87433,updated,2026-09-10,cve_2026_to_now,2026-09-11T11:59:49+00:00
CVE-2026-87436,updated,2026-09-10,cve_2026_to_now,2026-09-11T11:59:49+00:00
CVE-2026-87441,updated,2026-09-10,cve_2026_to_now,2026-09-11T11:59:49+00:00
CVE-2026-87446,updated,2026-09-10,cve_2026_to_now,2026-09-11T11:59:49+00:00
CVE-2026-87447,updated,2026-09-10,cve_2026_to_now,2026-09-11T11:59:49+00:00
CVE-2026-87450,updated,2026-09-10,cve_2026_to_now,2026-09-11T11:59:49+00:00
CVE-2026-87464,updated,2026-09-10,cve_2026_to_now,2026-09-11T11:59:49+00:00
CVE-2026-87468,updated,2026-09-10,cve_2026_to_now,2026-09-11T11:59:49+00:00
CVE-2026-87471,updated,2026-09-10,cve_2026_to_now,2026-09-11T11:59:49+00:00
CVE-2026-87475,updated,2026-09-10,cve_2026_to_now,2026-09-11T11:59:49+00:00
CVE-2026-87482,updated,2026-09-10,cve_2026_to_now,2026-09-11T11:59:49+00:00
CVE-2026-87483,updated,2026-09-10,cve_2026_to_now,2026-09-11T11:59:49+00:00
CVE-2026-87493,updated,2026-09-10,cve_2026_to_now,2026-09-11T11:59:49+00:00
CVE-2026-87499,updated,2026-09-10,cve_2026_to_now,2026-09-11T11:59:49+00:00
CVE-2026-87503,updated,2026-09-10,cve_2026_to_now,2026-09-11T11:59:49+00:00
CVE-2026-87505,updated,2026-09-10,cve_2026_to_now,2026-09-11T11:59:49+00:00
CVE-2026-87513,updated,2026-09-10,cve_2026_to_now,2026-09-11T11:59:49+00:00
CVE-2026-87515,updated,2026-09-10,cve_2026_to_now,2026-09-11T11:59:49+00:00
CVE-2026-87519,updated,2026-09-10,cve_2026_to_now,2026-09-11T11:59:49+00:00
CVE-2026-87522,updated,2026-09-10,cve_2026_to_now,2026-09-11T11:59:49+00:00
CVE-2026-87532,updated,2026-09-10,cve_2026_to_now,2026-09-11T11:59:49+00:00
CVE-2026-87534,updated,2026-09-10,cve_2026_to_now,2026-09-11T11:59:49+00:00
CVE-2026-87535,updated,2026-09-10,cve_2026_to_now,2026-09-11T11:59:49+00:00
CVE-2026-87541,updated,2026-09-10,cve_2026_to_now,2026-09-11T11:59:49+00:00
CVE-2026-87543,updated,2026-09-10,cve_2026_to_now,2026-09-11T11:59:49+00:00
CVE-2026-87548,updated,2026-09-10,cve_2026_to_now,2026-09-11T11:59:49+00:00
CVE-2026-87549,updated,2026-09-10,cve_2026_to_now,2026-09-11T11:59:49+00:00
CVE-2026-87552,updated,2026-09-10,cve_2026_to_now,2026-09-11T11:59:49+00:00
CVE-2026-87556,updated,2026-09-10,cve_2026_to_now,2026-09-11T11:59:49+00:00
CVE-2026-87557,updated,2026-09-10,cve_2026_to_now,2026-09-11T11:59:49+00:00
CVE-2026-87560,updated,2026-09-10,cve_2026_to_now,2026-09-11T11:59:49+00:00
CVE-2026-87561,updated,2026-09-10,cve_2026_to_now,2026-09-11T11:59:49+00:00
CVE-2026-87569,updated,2026-09-10,cve_2026_to_now,2026-09-11T11:59:49+00:00
CVE-2026-87570,updated,2026-09-10,cve_2026_to_now,2026-09-11T11:59:49+00:00
CVE-2026-87580,updated,2026-09-10,cve_2026_to_now,2026-09-11T11:59:49+00:00
CVE-2026-87584,updated,2026-09-10,cve_2026_to_now,2026-09-11T11:59:49+00:00
CVE-2026-87589,updated,2026-09-10,cve_2026_to_now,2026-09-11T11:59:49+00:00
CVE-2026-87590,updated,2026-09-10,cve_2026_to_now,2026-09-11T11:59:49+00:00
CVE-2026-87591,updated,2026-09-10,cve_2026_to_now,2026-09-11T11:59:49+00:00
CVE-2026-87600,updated,2026-09-10,cve_2026_to_now,2026-09-11T11:59:49+00:00
CVE-2026-87603,updated,2026-09-10,cve_2026_to_now,2026-09-11T11:59:49+00:00
CVE-2026-87606,updated,2026-09-10,cve_2026_to_now,2026-09-11T11:59:49+00:00
CVE-2026-87610,updated,2026-09-10,cve_2026_to_now,2026-09-11T11:59:49+00:00
CVE-2026-87626,updated,2026-09-10,cve_2026_to_now,2026-09-11T11:59:49+00:00
CVE-2026-87640,updated,2026-09-10,cve_2026_to_now,2026-09-11T11:59:49+00:00
CVE-2026-87641,updated,2026-09-10,cve_2026_to_now,2026-09-11T11:59:49+00:00
CVE-2026-87645,updated,2026-09-10,cve_2026_to_now,2026-09-11T11:59:49+00:00
CVE-2026-87649,updated,2026-09-10,cve_2026_to_now,2026-09-11T11:59:49+00:00
CVE-2026-87727,added,,cve_2026_to_now,2026-09-11T11:59:49+00:00
CVE-2026-87776,added,,cve_2026_to_now,2026-09-11T11:59:49+00:00
CVE-2026-87803,updated,,cve_2026_to_now,2026-09-11T11:59:49+00:00
CVE-2026-87807,updated,2026-09-10,cve_2026_to_now,2026-09-11T11:59:49+00:00
CVE-2026-87812,updated,2026-09-10,cve_2026_to_now,2026-09-11T11:59:49+00:00
CVE-2026-87817,updated,2026-09-10,cve_2026_to_now,2026-09-11T11:59:49+00:00
CVE-2026-87822,updated,2026-09-10,cve_2026_to_now,2026-09-11T11:59:49+00:00
CVE-2026-87853,updated,2026-09-10,cve_2026_to_now,2026-09-11T11:59:49+00:00
CVE-2026-87859,added,,cve_2026_to_now,2026-09-11T11:59:49+00:00
CVE-2026-87872,updated,2026-09-10,cve_2026_to_now,2026-09-11T11:59:49+00:00
CVE-2026-87874,updated,2026-09-10,cve_2026_to_now,2026-09-11T11:59:49+00:00
CVE-2026-87876,updated,2026-09-10,cve_2026_to_now,2026-09-11T11:59:49+00:00
CVE-2026-87908,added,,cve_2026_to_now,2026-09-11T11:59:49+00:00
CVE-2026-87911,updated,2026-09-10,cve_2026_to_now,2026-09-11T11:59:49+00:00
CVE-2026-87912,added,,cve_2026_to_now,2026-09-11T11:59:49+00:00
CVE-2026-87913,added,,cve_2026_to_now,2026-09-11T11:59:49+00:00
CVE-2026-87922,updated,2026-09-10,cve_2026_to_now,2026-09-11T11:59:49+00:00
CVE-2026-87924,updated,2026-09-10,cve_2026_to_now,2026-09-11T11:59:49+00:00
CVE-2026-87925,updated,2026-09-10,cve_2026_to_now,2026-09-11T11:59:49+00:00
CVE-2026-87931,updated,2026-09-10,cve_2026_to_now,2026-09-11T11:59:49+00:00
CVE-2026-87933,updated,,cve_2026_to_now,2026-09-11T11:59:49+00:00
CVE-2026-87958,added,,cve_2026_to_now,2026-09-11T11:59:49+00:00
CVE-2026-87961,updated,,cve_2026_to_now,2026-09-11T11:59:49+00:00
CVE-2026-87962,updated,,cve_2026_to_now,2026-09-11T11:59:49+00:00
CVE-2026-87993,added,,cve_2026_to_now,2026-09-11T11:59:49+00:00
CVE-2026-87994,updated,2026-09-10,cve_2026_to_now,2026-09-11T11:59:49+00:00
CVE-2026-87995,updated,2026-09-10,cve_2026_to_now,2026-09-11T11:59:49+00:00
CVE-2026-87996,updated,2026-09-10,cve_2026_to_now,2026-09-11T11:59:49+00:00
CVE-2026-87998,updated,2026-09-10,cve_2026_to_now,2026-09-11T11:59:49+00:00
CVE-2026-87999,updated,2026-09-10,cve_2026_to_now,2026-09-11T11:59:49+00:00
CVE-2026-88000,updated,2026-09-10,cve_2026_to_now,2026-09-11T11:59:49+00:00
CVE-2026-88001,updated,2026-09-10,cve_2026_to_now,2026-09-11T11:59:49+00:00
CVE-2026-88004,added,,cve_2026_to_now,2026-09-11T11:59:49+00:00
CVE-2026-88005,added,,cve_2026_to_now,2026-09-11T11:59:49+00:00
CVE-2026-88006,added,,cve_2026_to_now,2026-09-11T11:59:49+00:00
CVE-2026-88007,added,,cve_2026_to_now,2026-09-11T11:59:49+00:00
CVE-2026-88008,added,,cve_2026_to_now,2026-09-11T11:59:49+00:00
CVE-2026-88009,added,,cve_2026_to_now,2026-09-11T11:59:49+00:00
CVE-2026-88011,added,,cve_2026_to_now,2026-09-11T11:59:49+00:00
CVE-2026-88012,added,,cve_2026_to_now,2026-09-11T11:59:49+00:00
CVE-2026-88013,added,,cve_2026_to_now,2026-09-11T11:59:49+00:00
CVE-2026-88014,added,,cve_2026_to_now,2026-09-11T11:59:49+00:00
CVE-2026-88015,added,,cve_2026_to_now,2026-09-11T11:59:49+00:00
CVE-2026-88016,added,,cve_2026_to_now,2026-09-11T11:59:49+00:00
CVE-2026-88017,added,,cve_2026_to_now,2026-09-11T11:59:49+00:00
CVE-2026-88018,added,,cve_2026_to_now,2026-09-11T11:59:49+00:00
CVE-2026-88021,added,,cve_2026_to_now,2026-09-11T11:59:49+00:00
CVE-2026-88022,added,,cve_2026_to_now,2026-09-11T11:59:49+00:00
CVE-2026-88023,added,,cve_2026_to_now,2026-09-11T11:59:49+00:00
CVE-2026-88024,added,,cve_2026_to_now,2026-09-11T11:59:49+00:00
CVE-2026-88025,added,,cve_2026_to_now,2026-09-11T11:59:49+00:00
CVE-2026-88026,added,,cve_2026_to_now,2026-09-11T11:59:49+00:00
CVE-2026-88027,added,,cve_2026_to_now,2026-09-11T11:59:49+00:00
CVE-2026-88028,added,,cve_2026_to_now,2026-09-11T11:59:49+00:00
CVE-2026-88029,added,,cve_2026_to_now,2026-09-11T11:59:49+00:00
CVE-2026-88030,added,,cve_2026_to_now,2026-09-11T11:59:49+00:00
CVE-2026-88031,added,,cve_2026_to_now,2026-09-11T11:59:49+00:00
CVE-2026-88032,added,,cve_2026_to_now,2026-09-11T11:59:49+00:00
CVE-2026-88033,added,,cve_2026_to_now,2026-09-11T11:59:49+00:00
CVE-2026-88034,added,,cve_2026_to_now,2026-09-11T11:59:49+00:00
CVE-2026-88035,added,,cve_2026_to_now,2026-09-11T11:59:49+00:00
CVE-2026-88036,added,,cve_2026_to_now,2026-09-11T11:59:49+00:00
CVE-2026-88038,added,,cve_2026_to_now,2026-09-11T11:59:49+00:00
CVE-2026-88044,added,,cve_2026_to_now,2026-09-11T11:59:49+00:00
CVE-2026-88045,added,,cve_2026_to_now,2026-09-11T11:59:49+00:00
CVE-2026-88046,added,,cve_2026_to_now,2026-09-11T11:59:49+00:00
CVE-2026-88047,added,,cve_2026_to_now,2026-09-11T11:59:49+00:00
CVE-2026-88048,added,,cve_2026_to_now,2026-09-11T11:59:49+00:00
CVE-2026-88049,added,,cve_2026_to_now,2026-09-11T11:59:49+00:00
CVE-2026-88050,added,,cve_2026_to_now,2026-09-11T11:59:49+00:00
CVE-2026-88051,added,,cve_2026_to_now,2026-09-11T11:59:49+00:00
CVE-2026-88052,added,,cve_2026_to_now,2026-09-11T11:59:49+00:00
CVE-2026-88053,added,,cve_2026_to_now,2026-09-11T11:59:49+00:00
CVE-2026-88054,added,,cve_2026_to_now,2026-09-11T11:59:49+00:00
CVE-2026-88055,added,,cve_2026_to_now,2026-09-11T11:59:49+00:00
CVE-2026-88056,added,,cve_2026_to_now,2026-09-11T11:59:49+00:00
CVE-2026-88057,added,,cve_2026_to_now,2026-09-11T11:59:49+00:00
CVE-2026-88058,added,,cve_2026_to_now,2026-09-11T11:59:49+00:00
CVE-2026-88059,added,,cve_2026_to_now,2026-09-11T11:59:49+00:00
CVE-2026-88060,added,,cve_2026_to_now,2026-09-11T11:59:49+00:00
CVE-2026-88061,added,,cve_2026_to_now,2026-09-11T11:59:49+00:00
CVE-2026-88062,added,,cve_2026_to_now,2026-09-11T11:59:49+00:00
CVE-2026-88069,updated,2026-09-10,cve_2026_to_now,2026-09-11T11:59:49+00:00
CVE-2026-88260,added,,cve_2026_to_now,2026-09-11T11:59:49+00:00
CVE-2026-88264,updated,,cve_2026_to_now,2026-09-11T11:59:49+00:00
CVE-2026-88265,updated,,cve_2026_to_now,2026-09-11T11:59:49+00:00
CVE-2026-88268,updated,,cve_2026_to_now,2026-09-11T11:59:49+00:00
CVE-2026-88269,updated,,cve_2026_to_now,2026-09-11T11:59:49+00:00
CVE-2026-88270,updated,,cve_2026_to_now,2026-09-11T11:59:49+00:00
CVE-2026-88271,updated,,cve_2026_to_now,2026-09-11T11:59:49+00:00
CVE-2026-88272,updated,,cve_2026_to_now,2026-09-11T11:59:49+00:00
CVE-2026-88273,updated,,cve_2026_to_now,2026-09-11T11:59:49+00:00
CVE-2026-88274,updated,,cve_2026_to_now,2026-09-11T11:59:49+00:00
CVE-2026-88275,updated,,cve_2026_to_now,2026-09-11T11:59:49+00:00
CVE-2026-88276,updated,,cve_2026_to_now,2026-09-11T11:59:49+00:00
CVE-2026-88277,updated,,cve_2026_to_now,2026-09-11T11:59:49+00:00
CVE-2026-88278,updated,,cve_2026_to_now,2026-09-11T11:59:49+00:00
CVE-2026-88279,updated,,cve_2026_to_now,2026-09-11T11:59:49+00:00
CVE-2026-88280,updated,,cve_2026_to_now,2026-09-11T11:59:49+00:00
CVE-2026-88281,updated,,cve_2026_to_now,2026-09-11T11:59:49+00:00
CVE-2026-88282,updated,,cve_2026_to_now,2026-09-11T11:59:49+00:00
CVE-2026-88283,updated,,cve_2026_to_now,2026-09-11T11:59:49+00:00
CVE-2026-88284,updated,,cve_2026_to_now,2026-09-11T11:59:49+00:00
CVE-2026-88285,updated,,cve_2026_to_now,2026-09-11T11:59:49+00:00
CVE-2026-88286,updated,,cve_2026_to_now,2026-09-11T11:59:49+00:00
CVE-2026-88287,updated,,cve_2026_to_now,2026-09-11T11:59:49+00:00
CVE-2026-88288,updated,,cve_2026_to_now,2026-09-11T11:59:49+00:00
CVE-2026-88289,updated,,cve_2026_to_now,2026-09-11T11:59:49+00:00
CVE-2026-88290,updated,,cve_2026_to_now,2026-09-11T11:59:49+00:00
CVE-2026-88790,added,,cve_2026_to_now,2026-09-11T11:59:49+00:00
CVE-2026-88859,updated,,cve_2026_to_now,2026-09-11T11:59:49+00:00
CVE-2026-88860,added,,cve_2026_to_now,2026-09-11T11:59:49+00:00
CVE-2026-88861,added,,cve_2026_to_now,2026-09-11T11:59:49+00:00
CVE-2026-88862,added,,cve_2026_to_now,2026-09-11T11:59:49+00:00
CVE-2026-88863,added,,cve_2026_to_now,2026-09-11T11:59:49+00:00
CVE-2026-88864,added,,cve_2026_to_now,2026-09-11T11:59:49+00:00
CVE-2026-88865,added,,cve_2026_to_now,2026-09-11T11:59:49+00:00
CVE-2026-88866,added,,cve_2026_to_now,2026-09-11T11:59:49+00:00
CVE-2026-88867,added,,cve_2026_to_now,2026-09-11T11:59:49+00:00
CVE-2026-88868,added,,cve_2026_to_now,2026-09-11T11:59:49+00:00
CVE-2026-88869,added,,cve_2026_to_now,2026-09-11T11:59:49+00:00
CVE-2026-88870,added,,cve_2026_to_now,2026-09-11T11:59:49+00:00
CVE-2026-88871,added,,cve_2026_to_now,2026-09-11T11:59:49+00:00
CVE-2026-88872,added,,cve_2026_to_now,2026-09-11T11:59:49+00:00
CVE-2026-88873,added,,cve_2026_to_now,2026-09-11T11:59:49+00:00
CVE-2026-88874,added,,cve_2026_to_now,2026-09-11T11:59:49+00:00
CVE-2026-88875,added,,cve_2026_to_now,2026-09-11T11:59:49+00:00
CVE-2026-88876,added,,cve_2026_to_now,2026-09-11T11:59:49+00:00
CVE-2026-88877,added,,cve_2026_to_now,2026-09-11T11:59:49+00:00
CVE-2026-88878,added,,cve_2026_to_now,2026-09-11T11:59:49+00:00
CVE-2026-88879,added,,cve_2026_to_now,2026-09-11T11:59:49+00:00
CVE-2026-88880,added,,cve_2026_to_now,2026-09-11T11:59:49+00:00
CVE-2026-88881,added,,cve_2026_to_now,2026-09-11T11:59:49+00:00
CVE-2026-88882,added,,cve_2026_to_now,2026-09-11T11:59:49+00:00
CVE-2026-88883,added,,cve_2026_to_now,2026-09-11T11:59:49+00:00
CVE-2026-88884,added,,cve_2026_to_now,2026-09-11T11:59:49+00:00
CVE-2026-88885,added,,cve_2026_to_now,2026-09-11T11:59:49+00:00
CVE-2026-88886,added,,cve_2026_to_now,2026-09-11T11:59:49+00:00
CVE-2026-88887,added,,cve_2026_to_now,2026-09-11T11:59:49+00:00
CVE-2026-88888,added,,cve_2026_to_now,2026-09-11T11:59:49+00:00
CVE-2026-88889,added,,cve_2026_to_now,2026-09-11T11:59:49+00:00
CVE-2026-88890,added,,cve_2026_to_now,2026-09-11T11:59:49+00:00
CVE-2026-88891,added,,cve_2026_to_now,2026-09-11T11:59:49+00:00
CVE-2026-88892,added,,cve_2026_to_now,2026-09-11T11:59:49+00:00
CVE-2026-88893,added,,cve_2026_to_now,2026-09-11T11:59:49+00:00
CVE-2026-88894,added,,cve_2026_to_now,2026-09-11T11:59:49+00:00
CVE-2026-88895,added,,cve_2026_to_now,2026-09-11T11:59:49+00:00
CVE-2026-88896,added,,cve_2026_to_now,2026-09-11T11:59:49+00:00
CVE-2026-88897,added,,cve_2026_to_now,2026-09-11T11:59:49+00:00
CVE-2026-88898,added,,cve_2026_to_now,2026-09-11T11:59:49+00:00
CVE-2026-88899,added,2026-09-11,cve_2026_to_now,2026-09-11T11:59:49+00:00
CVE-2026-88914,added,,cve_2026_to_now,2026-09-11T11:59:49+00:00
CVE-2026-88915,added,,cve_2026_to_now,2026-09-11T11:59:49+00:00
CVE-2026-88921,added,,cve_2026_to_now,2026-09-11T11:59:49+00:00
CVE-2026-88924,added,,cve_2026_to_now,2026-09-11T11:59:49+00:00
CVE-2026-88937,added,2026-09-11,cve_2026_to_now,2026-09-11T11:59:49+00:00
CVE-2026-88938,added,2026-09-11,cve_2026_to_now,2026-09-11T11:59:49+00:00
CVE-2026-88939,added,2026-09-11,cve_2026_to_now,2026-09-11T11:59:49+00:00
CVE-2026-88940,added,2026-09-11,cve_2026_to_now,2026-09-11T11:59:49+00:00
CVE-2026-88959,added,,cve_2026_to_now,2026-09-11T11:59:49+00:00
CVE-2026-89011,added,,cve_2026_to_now,2026-09-11T11:59:49+00:00
CVE-2026-89042,added,,cve_2026_to_now,2026-09-11T11:59:49+00:00
CVE-2026-89043,added,,cve_2026_to_now,2026-09-11T11:59:49+00:00
CVE-2026-89044,added,,cve_2026_to_now,2026-09-11T11:59:49+00:00
CVE-2026-89045,added,,cve_2026_to_now,2026-09-11T11:59:49+00:00
CVE-2026-89046,added,,cve_2026_to_now,2026-09-11T11:59:49+00:00
CVE-2026-89049,added,,cve_2026_to_now,2026-09-11T11:59:49+00:00
CVE-2026-89054,added,,cve_2026_to_now,2026-09-11T11:59:49+00:00
CVE-2026-89060,added,,cve_2026_to_now,2026-09-11T11:59:49+00:00
CVE-2026-89086,added,,cve_2026_to_now,2026-09-11T11:59:49+00:00
CVE-2026-89087,added,,cve_2026_to_now,2026-09-11T11:59:49+00:00
CVE-2026-89089,added,,cve_2026_to_now,2026-09-11T11:59:49+00:00
CVE-2026-89092,added,,cve_2026_to_now,2026-09-11T11:59:49+00:00
CVE-2026-89094,added,,cve_2026_to_now,2026-09-11T11:59:49+00:00
CVE-2026-89145,added,,cve_2026_to_now,2026-09-11T11:59:49+00:00
CVE-2026-89146,added,,cve_2026_to_now,2026-09-11T11:59:49+00:00
CVE-2026-89147,added,,cve_2026_to_now,2026-09-11T11:59:49+00:00
CVE-2026-89148,added,,cve_2026_to_now,2026-09-11T11:59:49+00:00
CVE-2026-89151,added,,cve_2026_to_now,2026-09-11T11:59:49+00:00
CVE-2026-89156,added,,cve_2026_to_now,2026-09-11T11:59:49+00:00
CVE-2026-89157,added,,cve_2026_to_now,2026-09-11T11:59:49+00:00
CVE-2026-89158,added,,cve_2026_to_now,2026-09-11T11:59:49+00:00
CVE-2026-89160,added,,cve_2026_to_now,2026-09-11T11:59:49+00:00
CVE-2026-89161,added,,cve_2026_to_now,2026-09-11T11:59:49+00:00
CVE-2026-89162,added,,cve_2026_to_now,2026-09-11T11:59:49+00:00
CVE-2026-89169,added,,cve_2026_to_now,2026-09-11T11:59:49+00:00
CVE-2026-89173,added,,cve_2026_to_now,2026-09-11T11:59:49+00:00
CVE-2026-89174,added,,cve_2026_to_now,2026-09-11T11:59:49+00:00
CVE-2026-89175,added,,cve_2026_to_now,2026-09-11T11:59:49+00:00
CVE-2026-89176,added,,cve_2026_to_now,2026-09-11T11:59:49+00:00
CVE-2026-89177,added,,cve_2026_to_now,2026-09-11T11:59:49+00:00
CVE-2026-89178,added,,cve_2026_to_now,2026-09-11T11:59:49+00:00
CVE-2026-89179,added,,cve_2026_to_now,2026-09-11T11:59:49+00:00
CVE-2026-89239,added,,cve_2026_to_now,2026-09-11T11:59:49+00:00
CVE-2026-89240,added,,cve_2026_to_now,2026-09-11T11:59:49+00:00
CVE-2026-89241,added,,cve_2026_to_now,2026-09-11T11:59:49+00:00
CVE-2026-89242,added,,cve_2026_to_now,2026-09-11T11:59:49+00:00
CVE-2026-89243,added,,cve_2026_to_now,2026-09-11T11:59:49+00:00
CVE-2026-89244,added,,cve_2026_to_now,2026-09-11T11:59:49+00:00
CVE-2026-89245,added,,cve_2026_to_now,2026-09-11T11:59:49+00:00
CVE-2026-89246,added,,cve_2026_to_now,2026-09-11T11:59:49+00:00
CVE-2026-89247,added,,cve_2026_to_now,2026-09-11T11:59:49+00:00
CVE-2026-89248,added,,cve_2026_to_now,2026-09-11T11:59:49+00:00
CVE-2026-89249,added,,cve_2026_to_now,2026-09-11T11:59:49+00:00
CVE-2026-89250,added,,cve_2026_to_now,2026-09-11T11:59:49+00:00
CVE-2026-89251,added,,cve_2026_to_now,2026-09-11T11:59:49+00:00
CVE-2026-89252,added,,cve_2026_to_now,2026-09-11T11:59:49+00:00
CVE-2026-89253,added,,cve_2026_to_now,2026-09-11T11:59:49+00:00
CVE-2026-89254,added,,cve_2026_to_now,2026-09-11T11:59:49+00:00
CVE-2026-89255,added,,cve_2026_to_now,2026-09-11T11:59:49+00:00
CVE-2026-89256,added,,cve_2026_to_now,2026-09-11T11:59:49+00:00
CVE-2026-89257,added,,cve_2026_to_now,2026-09-11T11:59:49+00:00
CVE-2026-89258,added,,cve_2026_to_now,2026-09-11T11:59:49+00:00
CVE-2026-89259,added,,cve_2026_to_now,2026-09-11T11:59:49+00:00
