cve_id,change_type,date_updated,shard,run_utc
CVE-2021-38489,added,,cve_2022_and_before,2026-09-03T11:54:05+00:00
CVE-2021-43613,added,,cve_2022_and_before,2026-09-03T11:54:05+00:00
CVE-2021-43614,added,,cve_2022_and_before,2026-09-03T11:54:05+00:00
CVE-2023-3360,added,,cve_2023_to_2025,2026-09-03T11:54:05+00:00
CVE-2023-20576,added,2026-09-03,cve_2023_to_2025,2026-09-03T11:54:05+00:00
CVE-2023-20577,added,2026-09-03,cve_2023_to_2025,2026-09-03T11:54:05+00:00
CVE-2023-20579,updated,2026-09-02,cve_2023_to_2025,2026-09-03T11:54:05+00:00
CVE-2023-50224,updated,2026-09-02,cve_2023_to_2025,2026-09-03T11:54:05+00:00
CVE-2023-54141,updated,2026-09-02,cve_2023_to_2025,2026-09-03T11:54:05+00:00
CVE-2023-54263,updated,2026-09-02,cve_2023_to_2025,2026-09-03T11:54:05+00:00
CVE-2023-54391,updated,2026-09-02,cve_2023_to_2025,2026-09-03T11:54:05+00:00
CVE-2024-3773,added,,cve_2023_to_2025,2026-09-03T11:54:05+00:00
CVE-2024-7956,added,,cve_2023_to_2025,2026-09-03T11:54:05+00:00
CVE-2024-27010,updated,2026-09-02,cve_2023_to_2025,2026-09-03T11:54:05+00:00
CVE-2024-35585,updated,,cve_2023_to_2025,2026-09-03T11:54:05+00:00
CVE-2024-39478,updated,2026-09-02,cve_2023_to_2025,2026-09-03T11:54:05+00:00
CVE-2024-46754,updated,2026-09-02,cve_2023_to_2025,2026-09-03T11:54:05+00:00
CVE-2024-58094,updated,2026-09-02,cve_2023_to_2025,2026-09-03T11:54:05+00:00
CVE-2024-58095,updated,2026-09-02,cve_2023_to_2025,2026-09-03T11:54:05+00:00
CVE-2025-8945,added,,cve_2023_to_2025,2026-09-03T11:54:05+00:00
CVE-2025-9314,added,,cve_2023_to_2025,2026-09-03T11:54:05+00:00
CVE-2025-12768,updated,2026-09-02,cve_2023_to_2025,2026-09-03T11:54:05+00:00
CVE-2025-15481,added,,cve_2023_to_2025,2026-09-03T11:54:05+00:00
CVE-2025-15485,added,,cve_2023_to_2025,2026-09-03T11:54:05+00:00
CVE-2025-15489,added,,cve_2023_to_2025,2026-09-03T11:54:05+00:00
CVE-2025-15490,added,,cve_2023_to_2025,2026-09-03T11:54:05+00:00
CVE-2025-15692,added,,cve_2023_to_2025,2026-09-03T11:54:05+00:00
CVE-2025-22104,updated,2026-09-02,cve_2023_to_2025,2026-09-03T11:54:05+00:00
CVE-2025-29923,updated,2026-09-02,cve_2023_to_2025,2026-09-03T11:54:05+00:00
CVE-2025-38203,updated,2026-09-02,cve_2023_to_2025,2026-09-03T11:54:05+00:00
CVE-2025-38206,updated,2026-09-02,cve_2023_to_2025,2026-09-03T11:54:05+00:00
CVE-2025-38237,updated,2026-09-02,cve_2023_to_2025,2026-09-03T11:54:05+00:00
CVE-2025-39833,updated,2026-09-02,cve_2023_to_2025,2026-09-03T11:54:05+00:00
CVE-2025-39925,updated,2026-09-02,cve_2023_to_2025,2026-09-03T11:54:05+00:00
CVE-2025-40064,updated,2026-09-02,cve_2023_to_2025,2026-09-03T11:54:05+00:00
CVE-2025-40102,updated,2026-09-02,cve_2023_to_2025,2026-09-03T11:54:05+00:00
CVE-2025-40139,updated,2026-09-02,cve_2023_to_2025,2026-09-03T11:54:05+00:00
CVE-2025-40168,updated,2026-09-02,cve_2023_to_2025,2026-09-03T11:54:05+00:00
CVE-2025-61726,updated,2026-09-02,cve_2023_to_2025,2026-09-03T11:54:05+00:00
CVE-2025-68313,updated,2026-09-02,cve_2023_to_2025,2026-09-03T11:54:05+00:00
CVE-2025-68781,updated,2026-09-02,cve_2023_to_2025,2026-09-03T11:54:05+00:00
CVE-2025-69223,updated,2026-09-02,cve_2023_to_2025,2026-09-03T11:54:05+00:00
CVE-2026-0765,removed,,cve_2026_to_now,2026-09-03T11:54:05+00:00
CVE-2026-0766,removed,,cve_2026_to_now,2026-09-03T11:54:05+00:00
CVE-2026-0767,removed,,cve_2026_to_now,2026-09-03T11:54:05+00:00
CVE-2026-2573,added,,cve_2026_to_now,2026-09-03T11:54:05+00:00
CVE-2026-2688,added,,cve_2026_to_now,2026-09-03T11:54:05+00:00
CVE-2026-2811,added,,cve_2026_to_now,2026-09-03T11:54:05+00:00
CVE-2026-3852,added,,cve_2026_to_now,2026-09-03T11:54:05+00:00
CVE-2026-4357,added,,cve_2026_to_now,2026-09-03T11:54:05+00:00
CVE-2026-5588,updated,2026-09-02,cve_2026_to_now,2026-09-03T11:54:05+00:00
CVE-2026-6322,updated,2026-09-02,cve_2026_to_now,2026-09-03T11:54:05+00:00
CVE-2026-6893,updated,2026-09-02,cve_2026_to_now,2026-09-03T11:54:05+00:00
CVE-2026-7405,updated,2026-09-02,cve_2026_to_now,2026-09-03T11:54:05+00:00
CVE-2026-7406,updated,2026-09-02,cve_2026_to_now,2026-09-03T11:54:05+00:00
CVE-2026-7680,updated,2026-09-02,cve_2026_to_now,2026-09-03T11:54:05+00:00
CVE-2026-8151,added,,cve_2026_to_now,2026-09-03T11:54:05+00:00
CVE-2026-8712,updated,2026-09-02,cve_2026_to_now,2026-09-03T11:54:05+00:00
CVE-2026-9055,updated,,cve_2026_to_now,2026-09-03T11:54:05+00:00
CVE-2026-9277,updated,2026-09-02,cve_2026_to_now,2026-09-03T11:54:05+00:00
CVE-2026-9586,updated,2026-09-03,cve_2026_to_now,2026-09-03T11:54:05+00:00
CVE-2026-9852,added,,cve_2026_to_now,2026-09-03T11:54:05+00:00
CVE-2026-9853,added,,cve_2026_to_now,2026-09-03T11:54:05+00:00
CVE-2026-9854,added,,cve_2026_to_now,2026-09-03T11:54:05+00:00
CVE-2026-10821,added,,cve_2026_to_now,2026-09-03T11:54:05+00:00
CVE-2026-12143,updated,2026-09-02,cve_2026_to_now,2026-09-03T11:54:05+00:00
CVE-2026-12151,updated,2026-09-02,cve_2026_to_now,2026-09-03T11:54:05+00:00
CVE-2026-12661,updated,2026-09-02,cve_2026_to_now,2026-09-03T11:54:05+00:00
CVE-2026-12704,added,2026-09-03,cve_2026_to_now,2026-09-03T11:54:05+00:00
CVE-2026-13676,updated,2026-09-02,cve_2026_to_now,2026-09-03T11:54:05+00:00
CVE-2026-14199,added,2026-09-03,cve_2026_to_now,2026-09-03T11:54:05+00:00
CVE-2026-14255,added,,cve_2026_to_now,2026-09-03T11:54:05+00:00
CVE-2026-14326,added,,cve_2026_to_now,2026-09-03T11:54:05+00:00
CVE-2026-14357,updated,,cve_2026_to_now,2026-09-03T11:54:05+00:00
CVE-2026-14828,updated,2026-09-03,cve_2026_to_now,2026-09-03T11:54:05+00:00
CVE-2026-14957,updated,,cve_2026_to_now,2026-09-03T11:54:05+00:00
CVE-2026-15809,updated,2026-09-02,cve_2026_to_now,2026-09-03T11:54:05+00:00
CVE-2026-15933,added,,cve_2026_to_now,2026-09-03T11:54:05+00:00
CVE-2026-16118,updated,2026-09-03,cve_2026_to_now,2026-09-03T11:54:05+00:00
CVE-2026-16253,updated,2026-09-03,cve_2026_to_now,2026-09-03T11:54:05+00:00
CVE-2026-16463,updated,2026-09-02,cve_2026_to_now,2026-09-03T11:54:05+00:00
CVE-2026-16465,updated,2026-09-02,cve_2026_to_now,2026-09-03T11:54:05+00:00
CVE-2026-16647,added,,cve_2026_to_now,2026-09-03T11:54:05+00:00
CVE-2026-16787,updated,2026-09-02,cve_2026_to_now,2026-09-03T11:54:05+00:00
CVE-2026-17107,updated,2026-09-02,cve_2026_to_now,2026-09-03T11:54:05+00:00
CVE-2026-17539,added,,cve_2026_to_now,2026-09-03T11:54:05+00:00
CVE-2026-17550,updated,2026-09-02,cve_2026_to_now,2026-09-03T11:54:05+00:00
CVE-2026-17563,added,,cve_2026_to_now,2026-09-03T11:54:05+00:00
CVE-2026-18058,added,,cve_2026_to_now,2026-09-03T11:54:05+00:00
CVE-2026-18260,updated,2026-09-02,cve_2026_to_now,2026-09-03T11:54:05+00:00
CVE-2026-18329,added,,cve_2026_to_now,2026-09-03T11:54:05+00:00
CVE-2026-18550,updated,2026-09-02,cve_2026_to_now,2026-09-03T11:54:05+00:00
CVE-2026-18730,updated,2026-09-02,cve_2026_to_now,2026-09-03T11:54:05+00:00
CVE-2026-18886,updated,2026-09-02,cve_2026_to_now,2026-09-03T11:54:05+00:00
CVE-2026-18986,added,,cve_2026_to_now,2026-09-03T11:54:05+00:00
CVE-2026-19117,added,,cve_2026_to_now,2026-09-03T11:54:05+00:00
CVE-2026-19118,updated,2026-09-02,cve_2026_to_now,2026-09-03T11:54:05+00:00
CVE-2026-19219,updated,2026-09-03,cve_2026_to_now,2026-09-03T11:54:05+00:00
CVE-2026-19475,added,2026-09-03,cve_2026_to_now,2026-09-03T11:54:05+00:00
CVE-2026-19582,updated,2026-09-03,cve_2026_to_now,2026-09-03T11:54:05+00:00
CVE-2026-19591,updated,2026-09-02,cve_2026_to_now,2026-09-03T11:54:05+00:00
CVE-2026-19592,updated,2026-09-02,cve_2026_to_now,2026-09-03T11:54:05+00:00
CVE-2026-19593,updated,2026-09-02,cve_2026_to_now,2026-09-03T11:54:05+00:00
CVE-2026-19698,added,,cve_2026_to_now,2026-09-03T11:54:05+00:00
CVE-2026-19754,updated,,cve_2026_to_now,2026-09-03T11:54:05+00:00
CVE-2026-19766,updated,2026-09-02,cve_2026_to_now,2026-09-03T11:54:05+00:00
CVE-2026-19806,updated,2026-09-02,cve_2026_to_now,2026-09-03T11:54:05+00:00
CVE-2026-20212,added,2026-09-03,cve_2026_to_now,2026-09-03T11:54:05+00:00
CVE-2026-20274,added,2026-09-03,cve_2026_to_now,2026-09-03T11:54:05+00:00
CVE-2026-20275,added,2026-09-03,cve_2026_to_now,2026-09-03T11:54:05+00:00
CVE-2026-20276,added,,cve_2026_to_now,2026-09-03T11:54:05+00:00
CVE-2026-20277,added,,cve_2026_to_now,2026-09-03T11:54:05+00:00
CVE-2026-20278,added,2026-09-03,cve_2026_to_now,2026-09-03T11:54:05+00:00
CVE-2026-20279,added,2026-09-03,cve_2026_to_now,2026-09-03T11:54:05+00:00
CVE-2026-20280,added,2026-09-03,cve_2026_to_now,2026-09-03T11:54:05+00:00
CVE-2026-20281,added,,cve_2026_to_now,2026-09-03T11:54:05+00:00
CVE-2026-20354,added,,cve_2026_to_now,2026-09-03T11:54:05+00:00
CVE-2026-20355,added,,cve_2026_to_now,2026-09-03T11:54:05+00:00
CVE-2026-21441,updated,2026-09-02,cve_2026_to_now,2026-09-03T11:54:05+00:00
CVE-2026-24049,updated,2026-09-02,cve_2026_to_now,2026-09-03T11:54:05+00:00
CVE-2026-24301,updated,2026-09-02,cve_2026_to_now,2026-09-03T11:54:05+00:00
CVE-2026-25550,updated,2026-09-02,cve_2026_to_now,2026-09-03T11:54:05+00:00
CVE-2026-25551,updated,2026-09-02,cve_2026_to_now,2026-09-03T11:54:05+00:00
CVE-2026-25896,updated,2026-09-02,cve_2026_to_now,2026-09-03T11:54:05+00:00
CVE-2026-26145,updated,2026-09-02,cve_2026_to_now,2026-09-03T11:54:05+00:00
CVE-2026-26445,updated,2026-09-02,cve_2026_to_now,2026-09-03T11:54:05+00:00
CVE-2026-28780,updated,2026-09-02,cve_2026_to_now,2026-09-03T11:54:05+00:00
CVE-2026-29113,updated,2026-09-02,cve_2026_to_now,2026-09-03T11:54:05+00:00
CVE-2026-30922,updated,2026-09-02,cve_2026_to_now,2026-09-03T11:54:05+00:00
CVE-2026-32280,updated,2026-09-02,cve_2026_to_now,2026-09-03T11:54:05+00:00
CVE-2026-32283,updated,2026-09-02,cve_2026_to_now,2026-09-03T11:54:05+00:00
CVE-2026-32773,updated,,cve_2026_to_now,2026-09-03T11:54:05+00:00
CVE-2026-32981,updated,2026-09-02,cve_2026_to_now,2026-09-03T11:54:05+00:00
CVE-2026-33186,updated,2026-09-02,cve_2026_to_now,2026-09-03T11:54:05+00:00
CVE-2026-33814,updated,2026-09-02,cve_2026_to_now,2026-09-03T11:54:05+00:00
CVE-2026-33816,updated,2026-09-02,cve_2026_to_now,2026-09-03T11:54:05+00:00
CVE-2026-33818,updated,2026-09-02,cve_2026_to_now,2026-09-03T11:54:05+00:00
CVE-2026-33842,updated,2026-09-02,cve_2026_to_now,2026-09-03T11:54:05+00:00
CVE-2026-34328,updated,2026-09-02,cve_2026_to_now,2026-09-03T11:54:05+00:00
CVE-2026-34346,updated,2026-09-02,cve_2026_to_now,2026-09-03T11:54:05+00:00
CVE-2026-34348,updated,2026-09-02,cve_2026_to_now,2026-09-03T11:54:05+00:00
CVE-2026-34349,updated,2026-09-02,cve_2026_to_now,2026-09-03T11:54:05+00:00
CVE-2026-34355,updated,2026-09-02,cve_2026_to_now,2026-09-03T11:54:05+00:00
CVE-2026-34986,updated,2026-09-02,cve_2026_to_now,2026-09-03T11:54:05+00:00
CVE-2026-34993,updated,2026-09-02,cve_2026_to_now,2026-09-03T11:54:05+00:00
CVE-2026-35425,updated,2026-09-02,cve_2026_to_now,2026-09-03T11:54:05+00:00
CVE-2026-37065,updated,2026-09-02,cve_2026_to_now,2026-09-03T11:54:05+00:00
CVE-2026-37066,updated,2026-09-02,cve_2026_to_now,2026-09-03T11:54:05+00:00
CVE-2026-37068,updated,2026-09-02,cve_2026_to_now,2026-09-03T11:54:05+00:00
CVE-2026-37069,updated,2026-09-02,cve_2026_to_now,2026-09-03T11:54:05+00:00
CVE-2026-37070,updated,2026-09-02,cve_2026_to_now,2026-09-03T11:54:05+00:00
CVE-2026-37071,updated,2026-09-02,cve_2026_to_now,2026-09-03T11:54:05+00:00
CVE-2026-37072,updated,2026-09-02,cve_2026_to_now,2026-09-03T11:54:05+00:00
CVE-2026-37236,updated,2026-09-02,cve_2026_to_now,2026-09-03T11:54:05+00:00
CVE-2026-38345,updated,2026-09-02,cve_2026_to_now,2026-09-03T11:54:05+00:00
CVE-2026-39820,updated,2026-09-02,cve_2026_to_now,2026-09-03T11:54:05+00:00
CVE-2026-39828,updated,2026-09-02,cve_2026_to_now,2026-09-03T11:54:05+00:00
CVE-2026-39829,updated,2026-09-02,cve_2026_to_now,2026-09-03T11:54:05+00:00
CVE-2026-39830,updated,2026-09-02,cve_2026_to_now,2026-09-03T11:54:05+00:00
CVE-2026-39832,updated,2026-09-02,cve_2026_to_now,2026-09-03T11:54:05+00:00
CVE-2026-39835,updated,2026-09-02,cve_2026_to_now,2026-09-03T11:54:05+00:00
CVE-2026-39909,removed,,cve_2026_to_now,2026-09-03T11:54:05+00:00
CVE-2026-40375,updated,2026-09-02,cve_2026_to_now,2026-09-03T11:54:05+00:00
CVE-2026-40378,updated,2026-09-02,cve_2026_to_now,2026-09-03T11:54:05+00:00
CVE-2026-40400,updated,2026-09-02,cve_2026_to_now,2026-09-03T11:54:05+00:00
CVE-2026-40422,updated,2026-09-02,cve_2026_to_now,2026-09-03T11:54:05+00:00
CVE-2026-40682,updated,2026-09-02,cve_2026_to_now,2026-09-03T11:54:05+00:00
CVE-2026-40983,updated,2026-09-02,cve_2026_to_now,2026-09-03T11:54:05+00:00
CVE-2026-40984,updated,2026-09-02,cve_2026_to_now,2026-09-03T11:54:05+00:00
CVE-2026-41087,updated,2026-09-02,cve_2026_to_now,2026-09-03T11:54:05+00:00
CVE-2026-41106,updated,2026-09-02,cve_2026_to_now,2026-09-03T11:54:05+00:00
CVE-2026-41109,updated,2026-09-02,cve_2026_to_now,2026-09-03T11:54:05+00:00
CVE-2026-41242,updated,2026-09-02,cve_2026_to_now,2026-09-03T11:54:05+00:00
CVE-2026-41523,updated,2026-09-02,cve_2026_to_now,2026-09-03T11:54:05+00:00
CVE-2026-42151,updated,2026-09-02,cve_2026_to_now,2026-09-03T11:54:05+00:00
CVE-2026-42264,updated,2026-09-02,cve_2026_to_now,2026-09-03T11:54:05+00:00
CVE-2026-42338,updated,2026-09-02,cve_2026_to_now,2026-09-03T11:54:05+00:00
CVE-2026-42499,updated,2026-09-02,cve_2026_to_now,2026-09-03T11:54:05+00:00
CVE-2026-42504,updated,2026-09-02,cve_2026_to_now,2026-09-03T11:54:05+00:00
CVE-2026-42508,updated,2026-09-02,cve_2026_to_now,2026-09-03T11:54:05+00:00
CVE-2026-42536,updated,2026-09-02,cve_2026_to_now,2026-09-03T11:54:05+00:00
CVE-2026-42579,updated,2026-09-02,cve_2026_to_now,2026-09-03T11:54:05+00:00
CVE-2026-42900,updated,2026-09-02,cve_2026_to_now,2026-09-03T11:54:05+00:00
CVE-2026-42975,updated,2026-09-02,cve_2026_to_now,2026-09-03T11:54:05+00:00
CVE-2026-42976,updated,2026-09-02,cve_2026_to_now,2026-09-03T11:54:05+00:00
CVE-2026-42982,updated,2026-09-02,cve_2026_to_now,2026-09-03T11:54:05+00:00
CVE-2026-42990,updated,2026-09-02,cve_2026_to_now,2026-09-03T11:54:05+00:00
CVE-2026-43003,updated,2026-09-02,cve_2026_to_now,2026-09-03T11:54:05+00:00
CVE-2026-43112,updated,2026-09-02,cve_2026_to_now,2026-09-03T11:54:05+00:00
CVE-2026-43114,updated,2026-09-02,cve_2026_to_now,2026-09-03T11:54:05+00:00
CVE-2026-43133,updated,2026-09-02,cve_2026_to_now,2026-09-03T11:54:05+00:00
CVE-2026-43437,updated,2026-09-02,cve_2026_to_now,2026-09-03T11:54:05+00:00
CVE-2026-44185,updated,2026-09-02,cve_2026_to_now,2026-09-03T11:54:05+00:00
CVE-2026-44249,updated,2026-09-02,cve_2026_to_now,2026-09-03T11:54:05+00:00
CVE-2026-44800,updated,2026-09-02,cve_2026_to_now,2026-09-03T11:54:05+00:00
CVE-2026-44806,updated,2026-09-02,cve_2026_to_now,2026-09-03T11:54:05+00:00
CVE-2026-45221,updated,2026-09-02,cve_2026_to_now,2026-09-03T11:54:05+00:00
CVE-2026-45292,updated,2026-09-02,cve_2026_to_now,2026-09-03T11:54:05+00:00
CVE-2026-45416,updated,2026-09-02,cve_2026_to_now,2026-09-03T11:54:05+00:00
CVE-2026-45447,updated,2026-09-02,cve_2026_to_now,2026-09-03T11:54:05+00:00
CVE-2026-45488,updated,2026-09-02,cve_2026_to_now,2026-09-03T11:54:05+00:00
CVE-2026-45489,updated,2026-09-02,cve_2026_to_now,2026-09-03T11:54:05+00:00
CVE-2026-45496,updated,2026-09-02,cve_2026_to_now,2026-09-03T11:54:05+00:00
CVE-2026-45499,updated,2026-09-02,cve_2026_to_now,2026-09-03T11:54:05+00:00
CVE-2026-45646,updated,2026-09-02,cve_2026_to_now,2026-09-03T11:54:05+00:00
CVE-2026-45674,updated,2026-09-02,cve_2026_to_now,2026-09-03T11:54:05+00:00
CVE-2026-45730,added,,cve_2026_to_now,2026-09-03T11:54:05+00:00
CVE-2026-45963,updated,2026-09-02,cve_2026_to_now,2026-09-03T11:54:05+00:00
CVE-2026-46266,updated,2026-09-02,cve_2026_to_now,2026-09-03T11:54:05+00:00
CVE-2026-46331,updated,2026-09-02,cve_2026_to_now,2026-09-03T11:54:05+00:00
CVE-2026-46340,updated,2026-09-02,cve_2026_to_now,2026-09-03T11:54:05+00:00
CVE-2026-46595,updated,2026-09-02,cve_2026_to_now,2026-09-03T11:54:05+00:00
CVE-2026-47282,updated,2026-09-02,cve_2026_to_now,2026-09-03T11:54:05+00:00
CVE-2026-47285,updated,2026-09-02,cve_2026_to_now,2026-09-03T11:54:05+00:00
CVE-2026-47290,updated,2026-09-02,cve_2026_to_now,2026-09-03T11:54:05+00:00
CVE-2026-47295,updated,2026-09-02,cve_2026_to_now,2026-09-03T11:54:05+00:00
CVE-2026-47296,updated,2026-09-02,cve_2026_to_now,2026-09-03T11:54:05+00:00
CVE-2026-47299,updated,2026-09-02,cve_2026_to_now,2026-09-03T11:54:05+00:00
CVE-2026-47300,updated,2026-09-02,cve_2026_to_now,2026-09-03T11:54:05+00:00
CVE-2026-47301,updated,2026-09-02,cve_2026_to_now,2026-09-03T11:54:05+00:00
CVE-2026-47302,updated,2026-09-02,cve_2026_to_now,2026-09-03T11:54:05+00:00
CVE-2026-47303,updated,2026-09-02,cve_2026_to_now,2026-09-03T11:54:05+00:00
CVE-2026-47304,updated,2026-09-02,cve_2026_to_now,2026-09-03T11:54:05+00:00
CVE-2026-47305,updated,2026-09-02,cve_2026_to_now,2026-09-03T11:54:05+00:00
CVE-2026-47632,updated,2026-09-02,cve_2026_to_now,2026-09-03T11:54:05+00:00
CVE-2026-47642,updated,2026-09-02,cve_2026_to_now,2026-09-03T11:54:05+00:00
CVE-2026-47691,updated,2026-09-02,cve_2026_to_now,2026-09-03T11:54:05+00:00
CVE-2026-48006,updated,2026-09-02,cve_2026_to_now,2026-09-03T11:54:05+00:00
CVE-2026-48020,updated,2026-09-02,cve_2026_to_now,2026-09-03T11:54:05+00:00
CVE-2026-48043,updated,2026-09-02,cve_2026_to_now,2026-09-03T11:54:05+00:00
CVE-2026-48059,updated,2026-09-02,cve_2026_to_now,2026-09-03T11:54:05+00:00
CVE-2026-48491,updated,2026-09-02,cve_2026_to_now,2026-09-03T11:54:05+00:00
CVE-2026-48561,updated,2026-09-02,cve_2026_to_now,2026-09-03T11:54:05+00:00
CVE-2026-48564,updated,2026-09-02,cve_2026_to_now,2026-09-03T11:54:05+00:00
CVE-2026-48571,updated,2026-09-02,cve_2026_to_now,2026-09-03T11:54:05+00:00
CVE-2026-48572,updated,2026-09-02,cve_2026_to_now,2026-09-03T11:54:05+00:00
CVE-2026-48580,updated,2026-09-02,cve_2026_to_now,2026-09-03T11:54:05+00:00
CVE-2026-48581,updated,2026-09-02,cve_2026_to_now,2026-09-03T11:54:05+00:00
CVE-2026-48710,updated,2026-09-03,cve_2026_to_now,2026-09-03T11:54:05+00:00
CVE-2026-49159,updated,2026-09-02,cve_2026_to_now,2026-09-03T11:54:05+00:00
CVE-2026-49162,updated,2026-09-02,cve_2026_to_now,2026-09-03T11:54:05+00:00
CVE-2026-49163,updated,2026-09-02,cve_2026_to_now,2026-09-03T11:54:05+00:00
CVE-2026-49164,updated,2026-09-02,cve_2026_to_now,2026-09-03T11:54:05+00:00
CVE-2026-49165,updated,2026-09-02,cve_2026_to_now,2026-09-03T11:54:05+00:00
CVE-2026-49166,updated,2026-09-02,cve_2026_to_now,2026-09-03T11:54:05+00:00
CVE-2026-49167,updated,2026-09-02,cve_2026_to_now,2026-09-03T11:54:05+00:00
CVE-2026-49168,updated,2026-09-02,cve_2026_to_now,2026-09-03T11:54:05+00:00
CVE-2026-49169,updated,2026-09-02,cve_2026_to_now,2026-09-03T11:54:05+00:00
CVE-2026-49170,updated,2026-09-02,cve_2026_to_now,2026-09-03T11:54:05+00:00
CVE-2026-49171,updated,2026-09-02,cve_2026_to_now,2026-09-03T11:54:05+00:00
CVE-2026-49172,updated,2026-09-02,cve_2026_to_now,2026-09-03T11:54:05+00:00
CVE-2026-49173,updated,2026-09-02,cve_2026_to_now,2026-09-03T11:54:05+00:00
CVE-2026-49174,updated,2026-09-02,cve_2026_to_now,2026-09-03T11:54:05+00:00
CVE-2026-49175,updated,2026-09-02,cve_2026_to_now,2026-09-03T11:54:05+00:00
CVE-2026-49176,updated,2026-09-02,cve_2026_to_now,2026-09-03T11:54:05+00:00
CVE-2026-49177,updated,2026-09-02,cve_2026_to_now,2026-09-03T11:54:05+00:00
CVE-2026-49178,updated,2026-09-02,cve_2026_to_now,2026-09-03T11:54:05+00:00
CVE-2026-49179,updated,2026-09-02,cve_2026_to_now,2026-09-03T11:54:05+00:00
CVE-2026-49180,updated,2026-09-02,cve_2026_to_now,2026-09-03T11:54:05+00:00
CVE-2026-49181,updated,2026-09-02,cve_2026_to_now,2026-09-03T11:54:05+00:00
CVE-2026-49183,updated,2026-09-02,cve_2026_to_now,2026-09-03T11:54:05+00:00
CVE-2026-49184,updated,2026-09-02,cve_2026_to_now,2026-09-03T11:54:05+00:00
CVE-2026-49249,added,,cve_2026_to_now,2026-09-03T11:54:05+00:00
CVE-2026-49783,updated,2026-09-02,cve_2026_to_now,2026-09-03T11:54:05+00:00
CVE-2026-49784,updated,2026-09-02,cve_2026_to_now,2026-09-03T11:54:05+00:00
CVE-2026-49787,updated,2026-09-02,cve_2026_to_now,2026-09-03T11:54:05+00:00
CVE-2026-49788,updated,2026-09-02,cve_2026_to_now,2026-09-03T11:54:05+00:00
CVE-2026-49789,updated,2026-09-02,cve_2026_to_now,2026-09-03T11:54:05+00:00
CVE-2026-49790,updated,2026-09-02,cve_2026_to_now,2026-09-03T11:54:05+00:00
CVE-2026-49791,updated,2026-09-02,cve_2026_to_now,2026-09-03T11:54:05+00:00
CVE-2026-49792,updated,2026-09-02,cve_2026_to_now,2026-09-03T11:54:05+00:00
CVE-2026-49793,updated,2026-09-02,cve_2026_to_now,2026-09-03T11:54:05+00:00
CVE-2026-49794,updated,2026-09-02,cve_2026_to_now,2026-09-03T11:54:05+00:00
CVE-2026-49795,updated,2026-09-02,cve_2026_to_now,2026-09-03T11:54:05+00:00
CVE-2026-49796,updated,2026-09-02,cve_2026_to_now,2026-09-03T11:54:05+00:00
CVE-2026-49797,updated,2026-09-02,cve_2026_to_now,2026-09-03T11:54:05+00:00
CVE-2026-49798,updated,2026-09-02,cve_2026_to_now,2026-09-03T11:54:05+00:00
CVE-2026-49799,updated,2026-09-02,cve_2026_to_now,2026-09-03T11:54:05+00:00
CVE-2026-49800,updated,2026-09-02,cve_2026_to_now,2026-09-03T11:54:05+00:00
CVE-2026-49801,updated,2026-09-02,cve_2026_to_now,2026-09-03T11:54:05+00:00
CVE-2026-49802,updated,2026-09-02,cve_2026_to_now,2026-09-03T11:54:05+00:00
CVE-2026-49803,updated,2026-09-02,cve_2026_to_now,2026-09-03T11:54:05+00:00
CVE-2026-49804,updated,2026-09-02,cve_2026_to_now,2026-09-03T11:54:05+00:00
CVE-2026-49805,updated,2026-09-02,cve_2026_to_now,2026-09-03T11:54:05+00:00
CVE-2026-49806,updated,2026-09-02,cve_2026_to_now,2026-09-03T11:54:05+00:00
CVE-2026-49807,updated,2026-09-02,cve_2026_to_now,2026-09-03T11:54:05+00:00
CVE-2026-49808,updated,2026-09-02,cve_2026_to_now,2026-09-03T11:54:05+00:00
CVE-2026-49830,added,,cve_2026_to_now,2026-09-03T11:54:05+00:00
CVE-2026-49831,added,,cve_2026_to_now,2026-09-03T11:54:05+00:00
CVE-2026-49832,added,,cve_2026_to_now,2026-09-03T11:54:05+00:00
CVE-2026-49833,added,,cve_2026_to_now,2026-09-03T11:54:05+00:00
CVE-2026-49869,updated,2026-09-03,cve_2026_to_now,2026-09-03T11:54:05+00:00
CVE-2026-50010,updated,2026-09-02,cve_2026_to_now,2026-09-03T11:54:05+00:00
CVE-2026-50011,updated,2026-09-02,cve_2026_to_now,2026-09-03T11:54:05+00:00
CVE-2026-50293,updated,2026-09-02,cve_2026_to_now,2026-09-03T11:54:05+00:00
CVE-2026-50294,updated,2026-09-02,cve_2026_to_now,2026-09-03T11:54:05+00:00
CVE-2026-50295,updated,2026-09-02,cve_2026_to_now,2026-09-03T11:54:05+00:00
CVE-2026-50296,updated,2026-09-02,cve_2026_to_now,2026-09-03T11:54:05+00:00
CVE-2026-50297,updated,2026-09-02,cve_2026_to_now,2026-09-03T11:54:05+00:00
CVE-2026-50298,updated,2026-09-02,cve_2026_to_now,2026-09-03T11:54:05+00:00
CVE-2026-50299,updated,2026-09-02,cve_2026_to_now,2026-09-03T11:54:05+00:00
CVE-2026-50300,updated,2026-09-02,cve_2026_to_now,2026-09-03T11:54:05+00:00
CVE-2026-50301,updated,2026-09-02,cve_2026_to_now,2026-09-03T11:54:05+00:00
CVE-2026-50302,updated,2026-09-02,cve_2026_to_now,2026-09-03T11:54:05+00:00
CVE-2026-50303,updated,2026-09-02,cve_2026_to_now,2026-09-03T11:54:05+00:00
CVE-2026-50304,updated,2026-09-02,cve_2026_to_now,2026-09-03T11:54:05+00:00
CVE-2026-50305,updated,2026-09-02,cve_2026_to_now,2026-09-03T11:54:05+00:00
CVE-2026-50306,updated,2026-09-02,cve_2026_to_now,2026-09-03T11:54:05+00:00
CVE-2026-50307,updated,2026-09-02,cve_2026_to_now,2026-09-03T11:54:05+00:00
CVE-2026-50308,updated,2026-09-02,cve_2026_to_now,2026-09-03T11:54:05+00:00
CVE-2026-50309,updated,2026-09-02,cve_2026_to_now,2026-09-03T11:54:05+00:00
CVE-2026-50310,updated,2026-09-02,cve_2026_to_now,2026-09-03T11:54:05+00:00
CVE-2026-50311,updated,2026-09-02,cve_2026_to_now,2026-09-03T11:54:05+00:00
CVE-2026-50312,updated,2026-09-02,cve_2026_to_now,2026-09-03T11:54:05+00:00
CVE-2026-50313,updated,2026-09-02,cve_2026_to_now,2026-09-03T11:54:05+00:00
CVE-2026-50314,updated,2026-09-02,cve_2026_to_now,2026-09-03T11:54:05+00:00
CVE-2026-50315,updated,2026-09-02,cve_2026_to_now,2026-09-03T11:54:05+00:00
CVE-2026-50316,updated,2026-09-02,cve_2026_to_now,2026-09-03T11:54:05+00:00
CVE-2026-50317,updated,2026-09-02,cve_2026_to_now,2026-09-03T11:54:05+00:00
CVE-2026-50318,updated,2026-09-02,cve_2026_to_now,2026-09-03T11:54:05+00:00
CVE-2026-50321,updated,2026-09-02,cve_2026_to_now,2026-09-03T11:54:05+00:00
CVE-2026-50322,updated,2026-09-02,cve_2026_to_now,2026-09-03T11:54:05+00:00
CVE-2026-50323,updated,2026-09-02,cve_2026_to_now,2026-09-03T11:54:05+00:00
CVE-2026-50324,updated,2026-09-02,cve_2026_to_now,2026-09-03T11:54:05+00:00
CVE-2026-50325,updated,2026-09-02,cve_2026_to_now,2026-09-03T11:54:05+00:00
CVE-2026-50326,updated,2026-09-02,cve_2026_to_now,2026-09-03T11:54:05+00:00
CVE-2026-50327,updated,2026-09-02,cve_2026_to_now,2026-09-03T11:54:05+00:00
CVE-2026-50328,updated,2026-09-02,cve_2026_to_now,2026-09-03T11:54:05+00:00
CVE-2026-50329,updated,2026-09-02,cve_2026_to_now,2026-09-03T11:54:05+00:00
CVE-2026-50330,updated,2026-09-02,cve_2026_to_now,2026-09-03T11:54:05+00:00
CVE-2026-50331,updated,2026-09-02,cve_2026_to_now,2026-09-03T11:54:05+00:00
CVE-2026-50332,updated,2026-09-02,cve_2026_to_now,2026-09-03T11:54:05+00:00
CVE-2026-50333,updated,2026-09-02,cve_2026_to_now,2026-09-03T11:54:05+00:00
CVE-2026-50334,updated,2026-09-02,cve_2026_to_now,2026-09-03T11:54:05+00:00
CVE-2026-50335,updated,2026-09-02,cve_2026_to_now,2026-09-03T11:54:05+00:00
CVE-2026-50336,updated,2026-09-02,cve_2026_to_now,2026-09-03T11:54:05+00:00
CVE-2026-50337,updated,2026-09-02,cve_2026_to_now,2026-09-03T11:54:05+00:00
CVE-2026-50338,updated,2026-09-02,cve_2026_to_now,2026-09-03T11:54:05+00:00
CVE-2026-50339,updated,2026-09-02,cve_2026_to_now,2026-09-03T11:54:05+00:00
CVE-2026-50340,updated,2026-09-02,cve_2026_to_now,2026-09-03T11:54:05+00:00
CVE-2026-50341,updated,2026-09-02,cve_2026_to_now,2026-09-03T11:54:05+00:00
CVE-2026-50342,updated,2026-09-02,cve_2026_to_now,2026-09-03T11:54:05+00:00
CVE-2026-50343,updated,2026-09-02,cve_2026_to_now,2026-09-03T11:54:05+00:00
CVE-2026-50344,updated,2026-09-02,cve_2026_to_now,2026-09-03T11:54:05+00:00
CVE-2026-50345,updated,2026-09-02,cve_2026_to_now,2026-09-03T11:54:05+00:00
CVE-2026-50346,updated,2026-09-02,cve_2026_to_now,2026-09-03T11:54:05+00:00
CVE-2026-50347,updated,2026-09-02,cve_2026_to_now,2026-09-03T11:54:05+00:00
CVE-2026-50348,updated,2026-09-02,cve_2026_to_now,2026-09-03T11:54:05+00:00
CVE-2026-50350,updated,2026-09-02,cve_2026_to_now,2026-09-03T11:54:05+00:00
CVE-2026-50351,updated,2026-09-02,cve_2026_to_now,2026-09-03T11:54:05+00:00
CVE-2026-50352,updated,2026-09-02,cve_2026_to_now,2026-09-03T11:54:05+00:00
CVE-2026-50353,updated,2026-09-02,cve_2026_to_now,2026-09-03T11:54:05+00:00
CVE-2026-50354,updated,2026-09-02,cve_2026_to_now,2026-09-03T11:54:05+00:00
CVE-2026-50355,updated,2026-09-02,cve_2026_to_now,2026-09-03T11:54:05+00:00
CVE-2026-50356,updated,2026-09-02,cve_2026_to_now,2026-09-03T11:54:05+00:00
CVE-2026-50357,updated,2026-09-02,cve_2026_to_now,2026-09-03T11:54:05+00:00
CVE-2026-50358,updated,2026-09-02,cve_2026_to_now,2026-09-03T11:54:05+00:00
CVE-2026-50359,updated,2026-09-02,cve_2026_to_now,2026-09-03T11:54:05+00:00
CVE-2026-50360,updated,2026-09-02,cve_2026_to_now,2026-09-03T11:54:05+00:00
CVE-2026-50361,updated,2026-09-02,cve_2026_to_now,2026-09-03T11:54:05+00:00
CVE-2026-50362,updated,2026-09-02,cve_2026_to_now,2026-09-03T11:54:05+00:00
CVE-2026-50363,updated,2026-09-02,cve_2026_to_now,2026-09-03T11:54:05+00:00
CVE-2026-50364,updated,2026-09-02,cve_2026_to_now,2026-09-03T11:54:05+00:00
CVE-2026-50365,updated,2026-09-02,cve_2026_to_now,2026-09-03T11:54:05+00:00
CVE-2026-50366,updated,2026-09-02,cve_2026_to_now,2026-09-03T11:54:05+00:00
CVE-2026-50367,updated,2026-09-02,cve_2026_to_now,2026-09-03T11:54:05+00:00
CVE-2026-50368,updated,2026-09-02,cve_2026_to_now,2026-09-03T11:54:05+00:00
CVE-2026-50369,updated,2026-09-02,cve_2026_to_now,2026-09-03T11:54:05+00:00
CVE-2026-50370,updated,2026-09-02,cve_2026_to_now,2026-09-03T11:54:05+00:00
CVE-2026-50371,updated,2026-09-02,cve_2026_to_now,2026-09-03T11:54:05+00:00
CVE-2026-50372,updated,2026-09-02,cve_2026_to_now,2026-09-03T11:54:05+00:00
CVE-2026-50373,updated,2026-09-02,cve_2026_to_now,2026-09-03T11:54:05+00:00
CVE-2026-50374,updated,2026-09-02,cve_2026_to_now,2026-09-03T11:54:05+00:00
CVE-2026-50375,updated,2026-09-02,cve_2026_to_now,2026-09-03T11:54:05+00:00
CVE-2026-50376,updated,2026-09-02,cve_2026_to_now,2026-09-03T11:54:05+00:00
CVE-2026-50377,updated,2026-09-02,cve_2026_to_now,2026-09-03T11:54:05+00:00
CVE-2026-50378,updated,2026-09-02,cve_2026_to_now,2026-09-03T11:54:05+00:00
CVE-2026-50379,updated,2026-09-02,cve_2026_to_now,2026-09-03T11:54:05+00:00
CVE-2026-50380,updated,2026-09-02,cve_2026_to_now,2026-09-03T11:54:05+00:00
CVE-2026-50381,updated,2026-09-02,cve_2026_to_now,2026-09-03T11:54:05+00:00
CVE-2026-50382,updated,2026-09-02,cve_2026_to_now,2026-09-03T11:54:05+00:00
CVE-2026-50383,updated,2026-09-02,cve_2026_to_now,2026-09-03T11:54:05+00:00
CVE-2026-50384,updated,2026-09-02,cve_2026_to_now,2026-09-03T11:54:05+00:00
CVE-2026-50385,updated,2026-09-02,cve_2026_to_now,2026-09-03T11:54:05+00:00
CVE-2026-50386,updated,2026-09-02,cve_2026_to_now,2026-09-03T11:54:05+00:00
CVE-2026-50387,updated,2026-09-02,cve_2026_to_now,2026-09-03T11:54:05+00:00
CVE-2026-50388,updated,2026-09-02,cve_2026_to_now,2026-09-03T11:54:05+00:00
CVE-2026-50389,updated,2026-09-02,cve_2026_to_now,2026-09-03T11:54:05+00:00
CVE-2026-50390,updated,2026-09-02,cve_2026_to_now,2026-09-03T11:54:05+00:00
CVE-2026-50391,updated,2026-09-02,cve_2026_to_now,2026-09-03T11:54:05+00:00
CVE-2026-50392,updated,2026-09-02,cve_2026_to_now,2026-09-03T11:54:05+00:00
CVE-2026-50393,updated,2026-09-02,cve_2026_to_now,2026-09-03T11:54:05+00:00
CVE-2026-50394,updated,2026-09-02,cve_2026_to_now,2026-09-03T11:54:05+00:00
CVE-2026-50396,updated,2026-09-02,cve_2026_to_now,2026-09-03T11:54:05+00:00
CVE-2026-50397,updated,2026-09-02,cve_2026_to_now,2026-09-03T11:54:05+00:00
CVE-2026-50398,updated,2026-09-02,cve_2026_to_now,2026-09-03T11:54:05+00:00
CVE-2026-50399,updated,2026-09-02,cve_2026_to_now,2026-09-03T11:54:05+00:00
CVE-2026-50400,updated,2026-09-02,cve_2026_to_now,2026-09-03T11:54:05+00:00
CVE-2026-50401,updated,2026-09-02,cve_2026_to_now,2026-09-03T11:54:05+00:00
CVE-2026-50402,updated,2026-09-02,cve_2026_to_now,2026-09-03T11:54:05+00:00
CVE-2026-50403,updated,2026-09-02,cve_2026_to_now,2026-09-03T11:54:05+00:00
CVE-2026-50404,updated,2026-09-02,cve_2026_to_now,2026-09-03T11:54:05+00:00
CVE-2026-50405,updated,2026-09-02,cve_2026_to_now,2026-09-03T11:54:05+00:00
CVE-2026-50406,updated,2026-09-02,cve_2026_to_now,2026-09-03T11:54:05+00:00
CVE-2026-50407,updated,2026-09-02,cve_2026_to_now,2026-09-03T11:54:05+00:00
CVE-2026-50408,updated,2026-09-02,cve_2026_to_now,2026-09-03T11:54:05+00:00
CVE-2026-50409,updated,2026-09-02,cve_2026_to_now,2026-09-03T11:54:05+00:00
CVE-2026-50410,updated,2026-09-02,cve_2026_to_now,2026-09-03T11:54:05+00:00
CVE-2026-50411,updated,2026-09-02,cve_2026_to_now,2026-09-03T11:54:05+00:00
CVE-2026-50412,updated,2026-09-02,cve_2026_to_now,2026-09-03T11:54:05+00:00
CVE-2026-50413,updated,2026-09-02,cve_2026_to_now,2026-09-03T11:54:05+00:00
CVE-2026-50414,updated,2026-09-02,cve_2026_to_now,2026-09-03T11:54:05+00:00
CVE-2026-50415,updated,2026-09-02,cve_2026_to_now,2026-09-03T11:54:05+00:00
CVE-2026-50416,updated,2026-09-02,cve_2026_to_now,2026-09-03T11:54:05+00:00
CVE-2026-50417,updated,2026-09-02,cve_2026_to_now,2026-09-03T11:54:05+00:00
CVE-2026-50418,updated,2026-09-02,cve_2026_to_now,2026-09-03T11:54:05+00:00
CVE-2026-50419,updated,2026-09-02,cve_2026_to_now,2026-09-03T11:54:05+00:00
CVE-2026-50420,updated,2026-09-02,cve_2026_to_now,2026-09-03T11:54:05+00:00
CVE-2026-50421,updated,2026-09-02,cve_2026_to_now,2026-09-03T11:54:05+00:00
CVE-2026-50422,updated,2026-09-02,cve_2026_to_now,2026-09-03T11:54:05+00:00
CVE-2026-50423,updated,2026-09-02,cve_2026_to_now,2026-09-03T11:54:05+00:00
CVE-2026-50424,updated,2026-09-02,cve_2026_to_now,2026-09-03T11:54:05+00:00
CVE-2026-50425,updated,2026-09-02,cve_2026_to_now,2026-09-03T11:54:05+00:00
CVE-2026-50426,updated,2026-09-02,cve_2026_to_now,2026-09-03T11:54:05+00:00
CVE-2026-50427,updated,2026-09-02,cve_2026_to_now,2026-09-03T11:54:05+00:00
CVE-2026-50428,updated,2026-09-02,cve_2026_to_now,2026-09-03T11:54:05+00:00
CVE-2026-50429,updated,2026-09-02,cve_2026_to_now,2026-09-03T11:54:05+00:00
CVE-2026-50430,updated,2026-09-02,cve_2026_to_now,2026-09-03T11:54:05+00:00
CVE-2026-50431,updated,2026-09-02,cve_2026_to_now,2026-09-03T11:54:05+00:00
CVE-2026-50432,updated,2026-09-02,cve_2026_to_now,2026-09-03T11:54:05+00:00
CVE-2026-50433,updated,2026-09-02,cve_2026_to_now,2026-09-03T11:54:05+00:00
CVE-2026-50434,updated,2026-09-02,cve_2026_to_now,2026-09-03T11:54:05+00:00
CVE-2026-50435,updated,2026-09-02,cve_2026_to_now,2026-09-03T11:54:05+00:00
CVE-2026-50436,updated,2026-09-02,cve_2026_to_now,2026-09-03T11:54:05+00:00
CVE-2026-50437,updated,2026-09-02,cve_2026_to_now,2026-09-03T11:54:05+00:00
CVE-2026-50438,updated,2026-09-02,cve_2026_to_now,2026-09-03T11:54:05+00:00
CVE-2026-50439,updated,2026-09-02,cve_2026_to_now,2026-09-03T11:54:05+00:00
CVE-2026-50440,updated,2026-09-02,cve_2026_to_now,2026-09-03T11:54:05+00:00
CVE-2026-50441,updated,2026-09-02,cve_2026_to_now,2026-09-03T11:54:05+00:00
CVE-2026-50442,updated,2026-09-02,cve_2026_to_now,2026-09-03T11:54:05+00:00
CVE-2026-50444,updated,2026-09-02,cve_2026_to_now,2026-09-03T11:54:05+00:00
CVE-2026-50445,updated,2026-09-02,cve_2026_to_now,2026-09-03T11:54:05+00:00
CVE-2026-50447,updated,2026-09-02,cve_2026_to_now,2026-09-03T11:54:05+00:00
CVE-2026-50448,updated,2026-09-02,cve_2026_to_now,2026-09-03T11:54:05+00:00
CVE-2026-50449,updated,2026-09-02,cve_2026_to_now,2026-09-03T11:54:05+00:00
CVE-2026-50450,updated,2026-09-02,cve_2026_to_now,2026-09-03T11:54:05+00:00
CVE-2026-50451,updated,2026-09-02,cve_2026_to_now,2026-09-03T11:54:05+00:00
CVE-2026-50452,updated,2026-09-02,cve_2026_to_now,2026-09-03T11:54:05+00:00
CVE-2026-50453,updated,2026-09-02,cve_2026_to_now,2026-09-03T11:54:05+00:00
CVE-2026-50454,updated,2026-09-02,cve_2026_to_now,2026-09-03T11:54:05+00:00
CVE-2026-50455,updated,2026-09-02,cve_2026_to_now,2026-09-03T11:54:05+00:00
CVE-2026-50456,updated,2026-09-02,cve_2026_to_now,2026-09-03T11:54:05+00:00
CVE-2026-50457,updated,2026-09-02,cve_2026_to_now,2026-09-03T11:54:05+00:00
CVE-2026-50458,updated,2026-09-02,cve_2026_to_now,2026-09-03T11:54:05+00:00
CVE-2026-50459,updated,2026-09-02,cve_2026_to_now,2026-09-03T11:54:05+00:00
CVE-2026-50460,updated,2026-09-02,cve_2026_to_now,2026-09-03T11:54:05+00:00
CVE-2026-50461,updated,2026-09-02,cve_2026_to_now,2026-09-03T11:54:05+00:00
CVE-2026-50462,updated,2026-09-02,cve_2026_to_now,2026-09-03T11:54:05+00:00
CVE-2026-50463,updated,2026-09-02,cve_2026_to_now,2026-09-03T11:54:05+00:00
CVE-2026-50465,updated,2026-09-02,cve_2026_to_now,2026-09-03T11:54:05+00:00
CVE-2026-50466,updated,2026-09-02,cve_2026_to_now,2026-09-03T11:54:05+00:00
CVE-2026-50467,updated,2026-09-02,cve_2026_to_now,2026-09-03T11:54:05+00:00
CVE-2026-50468,updated,2026-09-02,cve_2026_to_now,2026-09-03T11:54:05+00:00
CVE-2026-50469,updated,2026-09-02,cve_2026_to_now,2026-09-03T11:54:05+00:00
CVE-2026-50470,updated,2026-09-02,cve_2026_to_now,2026-09-03T11:54:05+00:00
CVE-2026-50471,updated,2026-09-02,cve_2026_to_now,2026-09-03T11:54:05+00:00
CVE-2026-50472,updated,2026-09-02,cve_2026_to_now,2026-09-03T11:54:05+00:00
CVE-2026-50473,updated,2026-09-02,cve_2026_to_now,2026-09-03T11:54:05+00:00
CVE-2026-50474,updated,2026-09-02,cve_2026_to_now,2026-09-03T11:54:05+00:00
CVE-2026-50475,updated,2026-09-02,cve_2026_to_now,2026-09-03T11:54:05+00:00
CVE-2026-50476,updated,2026-09-02,cve_2026_to_now,2026-09-03T11:54:05+00:00
CVE-2026-50477,updated,2026-09-02,cve_2026_to_now,2026-09-03T11:54:05+00:00
CVE-2026-50478,updated,2026-09-02,cve_2026_to_now,2026-09-03T11:54:05+00:00
CVE-2026-50479,updated,2026-09-02,cve_2026_to_now,2026-09-03T11:54:05+00:00
CVE-2026-50480,updated,2026-09-02,cve_2026_to_now,2026-09-03T11:54:05+00:00
CVE-2026-50481,updated,2026-09-02,cve_2026_to_now,2026-09-03T11:54:05+00:00
CVE-2026-50482,updated,2026-09-02,cve_2026_to_now,2026-09-03T11:54:05+00:00
CVE-2026-50483,updated,2026-09-02,cve_2026_to_now,2026-09-03T11:54:05+00:00
CVE-2026-50484,updated,2026-09-02,cve_2026_to_now,2026-09-03T11:54:05+00:00
CVE-2026-50485,updated,2026-09-02,cve_2026_to_now,2026-09-03T11:54:05+00:00
CVE-2026-50486,updated,2026-09-02,cve_2026_to_now,2026-09-03T11:54:05+00:00
CVE-2026-50487,updated,2026-09-02,cve_2026_to_now,2026-09-03T11:54:05+00:00
CVE-2026-50488,updated,2026-09-02,cve_2026_to_now,2026-09-03T11:54:05+00:00
CVE-2026-50489,updated,2026-09-02,cve_2026_to_now,2026-09-03T11:54:05+00:00
CVE-2026-50490,updated,2026-09-02,cve_2026_to_now,2026-09-03T11:54:05+00:00
CVE-2026-50491,updated,2026-09-02,cve_2026_to_now,2026-09-03T11:54:05+00:00
CVE-2026-50492,updated,2026-09-02,cve_2026_to_now,2026-09-03T11:54:05+00:00
CVE-2026-50493,updated,2026-09-02,cve_2026_to_now,2026-09-03T11:54:05+00:00
CVE-2026-50494,updated,2026-09-02,cve_2026_to_now,2026-09-03T11:54:05+00:00
CVE-2026-50495,updated,2026-09-02,cve_2026_to_now,2026-09-03T11:54:05+00:00
CVE-2026-50496,updated,2026-09-02,cve_2026_to_now,2026-09-03T11:54:05+00:00
CVE-2026-50497,updated,2026-09-02,cve_2026_to_now,2026-09-03T11:54:05+00:00
CVE-2026-50498,updated,2026-09-02,cve_2026_to_now,2026-09-03T11:54:05+00:00
CVE-2026-50499,updated,2026-09-02,cve_2026_to_now,2026-09-03T11:54:05+00:00
CVE-2026-50500,updated,2026-09-02,cve_2026_to_now,2026-09-03T11:54:05+00:00
CVE-2026-50501,updated,2026-09-02,cve_2026_to_now,2026-09-03T11:54:05+00:00
CVE-2026-50502,updated,2026-09-02,cve_2026_to_now,2026-09-03T11:54:05+00:00
CVE-2026-50503,updated,2026-09-02,cve_2026_to_now,2026-09-03T11:54:05+00:00
CVE-2026-50504,updated,2026-09-02,cve_2026_to_now,2026-09-03T11:54:05+00:00
CVE-2026-50505,updated,2026-09-02,cve_2026_to_now,2026-09-03T11:54:05+00:00
CVE-2026-50506,updated,2026-09-02,cve_2026_to_now,2026-09-03T11:54:05+00:00
CVE-2026-50509,updated,2026-09-02,cve_2026_to_now,2026-09-03T11:54:05+00:00
CVE-2026-50510,updated,2026-09-02,cve_2026_to_now,2026-09-03T11:54:05+00:00
CVE-2026-50515,updated,2026-09-02,cve_2026_to_now,2026-09-03T11:54:05+00:00
CVE-2026-50516,updated,2026-09-02,cve_2026_to_now,2026-09-03T11:54:05+00:00
CVE-2026-50517,updated,2026-09-02,cve_2026_to_now,2026-09-03T11:54:05+00:00
CVE-2026-50518,updated,2026-09-02,cve_2026_to_now,2026-09-03T11:54:05+00:00
CVE-2026-50520,updated,2026-09-02,cve_2026_to_now,2026-09-03T11:54:05+00:00
CVE-2026-50522,updated,2026-09-02,cve_2026_to_now,2026-09-03T11:54:05+00:00
CVE-2026-50523,updated,2026-09-02,cve_2026_to_now,2026-09-03T11:54:05+00:00
CVE-2026-50524,updated,2026-09-02,cve_2026_to_now,2026-09-03T11:54:05+00:00
CVE-2026-50525,updated,2026-09-02,cve_2026_to_now,2026-09-03T11:54:05+00:00
CVE-2026-50526,updated,2026-09-02,cve_2026_to_now,2026-09-03T11:54:05+00:00
CVE-2026-50527,updated,2026-09-02,cve_2026_to_now,2026-09-03T11:54:05+00:00
CVE-2026-50528,updated,2026-09-02,cve_2026_to_now,2026-09-03T11:54:05+00:00
CVE-2026-50646,updated,2026-09-02,cve_2026_to_now,2026-09-03T11:54:05+00:00
CVE-2026-50647,updated,2026-09-02,cve_2026_to_now,2026-09-03T11:54:05+00:00
CVE-2026-50648,updated,2026-09-02,cve_2026_to_now,2026-09-03T11:54:05+00:00
CVE-2026-50649,updated,2026-09-02,cve_2026_to_now,2026-09-03T11:54:05+00:00
CVE-2026-50650,updated,2026-09-02,cve_2026_to_now,2026-09-03T11:54:05+00:00
CVE-2026-50651,updated,2026-09-02,cve_2026_to_now,2026-09-03T11:54:05+00:00
CVE-2026-50652,updated,2026-09-02,cve_2026_to_now,2026-09-03T11:54:05+00:00
CVE-2026-50653,updated,2026-09-02,cve_2026_to_now,2026-09-03T11:54:05+00:00
CVE-2026-50655,updated,2026-09-02,cve_2026_to_now,2026-09-03T11:54:05+00:00
CVE-2026-50657,updated,2026-09-02,cve_2026_to_now,2026-09-03T11:54:05+00:00
CVE-2026-50658,updated,2026-09-02,cve_2026_to_now,2026-09-03T11:54:05+00:00
CVE-2026-50659,updated,2026-09-02,cve_2026_to_now,2026-09-03T11:54:05+00:00
CVE-2026-50661,updated,2026-09-02,cve_2026_to_now,2026-09-03T11:54:05+00:00
CVE-2026-50663,updated,2026-09-02,cve_2026_to_now,2026-09-03T11:54:05+00:00
CVE-2026-50665,updated,2026-09-02,cve_2026_to_now,2026-09-03T11:54:05+00:00
CVE-2026-50666,updated,2026-09-02,cve_2026_to_now,2026-09-03T11:54:05+00:00
CVE-2026-50667,updated,2026-09-02,cve_2026_to_now,2026-09-03T11:54:05+00:00
CVE-2026-50668,updated,2026-09-02,cve_2026_to_now,2026-09-03T11:54:05+00:00
CVE-2026-50669,updated,2026-09-02,cve_2026_to_now,2026-09-03T11:54:05+00:00
CVE-2026-50670,updated,2026-09-02,cve_2026_to_now,2026-09-03T11:54:05+00:00
CVE-2026-50672,updated,2026-09-02,cve_2026_to_now,2026-09-03T11:54:05+00:00
CVE-2026-50673,updated,2026-09-02,cve_2026_to_now,2026-09-03T11:54:05+00:00
CVE-2026-50674,updated,2026-09-02,cve_2026_to_now,2026-09-03T11:54:05+00:00
CVE-2026-50675,updated,2026-09-02,cve_2026_to_now,2026-09-03T11:54:05+00:00
CVE-2026-50676,updated,2026-09-02,cve_2026_to_now,2026-09-03T11:54:05+00:00
CVE-2026-50677,updated,2026-09-02,cve_2026_to_now,2026-09-03T11:54:05+00:00
CVE-2026-50678,updated,2026-09-02,cve_2026_to_now,2026-09-03T11:54:05+00:00
CVE-2026-50679,updated,2026-09-02,cve_2026_to_now,2026-09-03T11:54:05+00:00
CVE-2026-50680,updated,2026-09-02,cve_2026_to_now,2026-09-03T11:54:05+00:00
CVE-2026-50681,updated,2026-09-02,cve_2026_to_now,2026-09-03T11:54:05+00:00
CVE-2026-50682,updated,2026-09-02,cve_2026_to_now,2026-09-03T11:54:05+00:00
CVE-2026-50683,updated,2026-09-02,cve_2026_to_now,2026-09-03T11:54:05+00:00
CVE-2026-50684,updated,2026-09-02,cve_2026_to_now,2026-09-03T11:54:05+00:00
CVE-2026-50685,updated,2026-09-02,cve_2026_to_now,2026-09-03T11:54:05+00:00
CVE-2026-50686,updated,2026-09-02,cve_2026_to_now,2026-09-03T11:54:05+00:00
CVE-2026-50687,updated,2026-09-02,cve_2026_to_now,2026-09-03T11:54:05+00:00
CVE-2026-50688,updated,2026-09-02,cve_2026_to_now,2026-09-03T11:54:05+00:00
CVE-2026-50689,updated,2026-09-02,cve_2026_to_now,2026-09-03T11:54:05+00:00
CVE-2026-50690,updated,2026-09-02,cve_2026_to_now,2026-09-03T11:54:05+00:00
CVE-2026-50692,updated,2026-09-02,cve_2026_to_now,2026-09-03T11:54:05+00:00
CVE-2026-50694,updated,2026-09-02,cve_2026_to_now,2026-09-03T11:54:05+00:00
CVE-2026-50695,updated,2026-09-02,cve_2026_to_now,2026-09-03T11:54:05+00:00
CVE-2026-50696,updated,2026-09-02,cve_2026_to_now,2026-09-03T11:54:05+00:00
CVE-2026-50697,updated,2026-09-02,cve_2026_to_now,2026-09-03T11:54:05+00:00
CVE-2026-51611,updated,2026-09-02,cve_2026_to_now,2026-09-03T11:54:05+00:00
CVE-2026-51684,updated,2026-09-02,cve_2026_to_now,2026-09-03T11:54:05+00:00
CVE-2026-51687,updated,2026-09-02,cve_2026_to_now,2026-09-03T11:54:05+00:00
CVE-2026-51688,updated,2026-09-02,cve_2026_to_now,2026-09-03T11:54:05+00:00
CVE-2026-51689,updated,2026-09-02,cve_2026_to_now,2026-09-03T11:54:05+00:00
CVE-2026-51690,updated,2026-09-02,cve_2026_to_now,2026-09-03T11:54:05+00:00
CVE-2026-51691,updated,2026-09-02,cve_2026_to_now,2026-09-03T11:54:05+00:00
CVE-2026-51692,updated,2026-09-02,cve_2026_to_now,2026-09-03T11:54:05+00:00
CVE-2026-51705,updated,2026-09-02,cve_2026_to_now,2026-09-03T11:54:05+00:00
CVE-2026-51723,updated,2026-09-02,cve_2026_to_now,2026-09-03T11:54:05+00:00
CVE-2026-51728,updated,2026-09-02,cve_2026_to_now,2026-09-03T11:54:05+00:00
CVE-2026-51733,updated,2026-09-02,cve_2026_to_now,2026-09-03T11:54:05+00:00
CVE-2026-51738,updated,2026-09-02,cve_2026_to_now,2026-09-03T11:54:05+00:00
CVE-2026-51744,updated,2026-09-02,cve_2026_to_now,2026-09-03T11:54:05+00:00
CVE-2026-51750,updated,2026-09-02,cve_2026_to_now,2026-09-03T11:54:05+00:00
CVE-2026-51751,updated,2026-09-02,cve_2026_to_now,2026-09-03T11:54:05+00:00
CVE-2026-51757,updated,2026-09-02,cve_2026_to_now,2026-09-03T11:54:05+00:00
CVE-2026-51760,updated,2026-09-02,cve_2026_to_now,2026-09-03T11:54:05+00:00
CVE-2026-51763,updated,2026-09-02,cve_2026_to_now,2026-09-03T11:54:05+00:00
CVE-2026-51764,updated,2026-09-02,cve_2026_to_now,2026-09-03T11:54:05+00:00
CVE-2026-51765,updated,2026-09-02,cve_2026_to_now,2026-09-03T11:54:05+00:00
CVE-2026-51768,updated,2026-09-02,cve_2026_to_now,2026-09-03T11:54:05+00:00
CVE-2026-51769,updated,2026-09-02,cve_2026_to_now,2026-09-03T11:54:05+00:00
CVE-2026-51770,updated,2026-09-02,cve_2026_to_now,2026-09-03T11:54:05+00:00
CVE-2026-51934,updated,2026-09-02,cve_2026_to_now,2026-09-03T11:54:05+00:00
CVE-2026-51956,updated,2026-09-02,cve_2026_to_now,2026-09-03T11:54:05+00:00
CVE-2026-51974,updated,2026-09-02,cve_2026_to_now,2026-09-03T11:54:05+00:00
CVE-2026-52022,updated,2026-09-02,cve_2026_to_now,2026-09-03T11:54:05+00:00
CVE-2026-52111,updated,2026-09-02,cve_2026_to_now,2026-09-03T11:54:05+00:00
CVE-2026-52131,updated,2026-09-02,cve_2026_to_now,2026-09-03T11:54:05+00:00
CVE-2026-52132,updated,2026-09-02,cve_2026_to_now,2026-09-03T11:54:05+00:00
CVE-2026-52730,updated,2026-09-02,cve_2026_to_now,2026-09-03T11:54:05+00:00
CVE-2026-52831,added,,cve_2026_to_now,2026-09-03T11:54:05+00:00
CVE-2026-52832,added,,cve_2026_to_now,2026-09-03T11:54:05+00:00
CVE-2026-52833,added,,cve_2026_to_now,2026-09-03T11:54:05+00:00
CVE-2026-53089,updated,2026-09-02,cve_2026_to_now,2026-09-03T11:54:05+00:00
CVE-2026-53153,updated,2026-09-02,cve_2026_to_now,2026-09-03T11:54:05+00:00
CVE-2026-53185,updated,2026-09-02,cve_2026_to_now,2026-09-03T11:54:05+00:00
CVE-2026-53196,updated,2026-09-02,cve_2026_to_now,2026-09-03T11:54:05+00:00
CVE-2026-53242,updated,2026-09-02,cve_2026_to_now,2026-09-03T11:54:05+00:00
CVE-2026-53275,updated,2026-09-02,cve_2026_to_now,2026-09-03T11:54:05+00:00
CVE-2026-53600,added,,cve_2026_to_now,2026-09-03T11:54:05+00:00
CVE-2026-53611,added,,cve_2026_to_now,2026-09-03T11:54:05+00:00
CVE-2026-53622,updated,2026-09-02,cve_2026_to_now,2026-09-03T11:54:05+00:00
CVE-2026-53635,added,,cve_2026_to_now,2026-09-03T11:54:05+00:00
CVE-2026-53636,added,,cve_2026_to_now,2026-09-03T11:54:05+00:00
CVE-2026-53649,added,,cve_2026_to_now,2026-09-03T11:54:05+00:00
CVE-2026-53670,added,,cve_2026_to_now,2026-09-03T11:54:05+00:00
CVE-2026-53671,added,,cve_2026_to_now,2026-09-03T11:54:05+00:00
CVE-2026-53683,updated,,cve_2026_to_now,2026-09-03T11:54:05+00:00
CVE-2026-53706,added,,cve_2026_to_now,2026-09-03T11:54:05+00:00
CVE-2026-54107,updated,2026-09-02,cve_2026_to_now,2026-09-03T11:54:05+00:00
CVE-2026-54108,updated,2026-09-02,cve_2026_to_now,2026-09-03T11:54:05+00:00
CVE-2026-54109,updated,2026-09-02,cve_2026_to_now,2026-09-03T11:54:05+00:00
CVE-2026-54111,updated,2026-09-02,cve_2026_to_now,2026-09-03T11:54:05+00:00
CVE-2026-54112,updated,2026-09-02,cve_2026_to_now,2026-09-03T11:54:05+00:00
CVE-2026-54113,updated,2026-09-02,cve_2026_to_now,2026-09-03T11:54:05+00:00
CVE-2026-54114,updated,2026-09-02,cve_2026_to_now,2026-09-03T11:54:05+00:00
CVE-2026-54115,updated,2026-09-02,cve_2026_to_now,2026-09-03T11:54:05+00:00
CVE-2026-54116,updated,2026-09-02,cve_2026_to_now,2026-09-03T11:54:05+00:00
CVE-2026-54117,updated,2026-09-02,cve_2026_to_now,2026-09-03T11:54:05+00:00
CVE-2026-54118,updated,2026-09-02,cve_2026_to_now,2026-09-03T11:54:05+00:00
CVE-2026-54119,updated,2026-09-02,cve_2026_to_now,2026-09-03T11:54:05+00:00
CVE-2026-54120,updated,2026-09-02,cve_2026_to_now,2026-09-03T11:54:05+00:00
CVE-2026-54121,updated,2026-09-02,cve_2026_to_now,2026-09-03T11:54:05+00:00
CVE-2026-54122,updated,2026-09-02,cve_2026_to_now,2026-09-03T11:54:05+00:00
CVE-2026-54123,updated,2026-09-02,cve_2026_to_now,2026-09-03T11:54:05+00:00
CVE-2026-54124,updated,2026-09-02,cve_2026_to_now,2026-09-03T11:54:05+00:00
CVE-2026-54125,updated,2026-09-02,cve_2026_to_now,2026-09-03T11:54:05+00:00
CVE-2026-54126,updated,2026-09-02,cve_2026_to_now,2026-09-03T11:54:05+00:00
CVE-2026-54127,updated,2026-09-02,cve_2026_to_now,2026-09-03T11:54:05+00:00
CVE-2026-54128,updated,2026-09-02,cve_2026_to_now,2026-09-03T11:54:05+00:00
CVE-2026-54129,updated,2026-09-02,cve_2026_to_now,2026-09-03T11:54:05+00:00
CVE-2026-54131,updated,2026-09-02,cve_2026_to_now,2026-09-03T11:54:05+00:00
CVE-2026-54132,updated,2026-09-02,cve_2026_to_now,2026-09-03T11:54:05+00:00
CVE-2026-54371,updated,2026-09-02,cve_2026_to_now,2026-09-03T11:54:05+00:00
CVE-2026-54513,updated,2026-09-02,cve_2026_to_now,2026-09-03T11:54:05+00:00
CVE-2026-54598,updated,2026-09-02,cve_2026_to_now,2026-09-03T11:54:05+00:00
CVE-2026-54600,updated,2026-09-02,cve_2026_to_now,2026-09-03T11:54:05+00:00
CVE-2026-54789,updated,,cve_2026_to_now,2026-09-03T11:54:05+00:00
CVE-2026-54981,updated,2026-09-02,cve_2026_to_now,2026-09-03T11:54:05+00:00
CVE-2026-54982,updated,2026-09-02,cve_2026_to_now,2026-09-03T11:54:05+00:00
CVE-2026-54983,updated,2026-09-02,cve_2026_to_now,2026-09-03T11:54:05+00:00
CVE-2026-54984,updated,2026-09-02,cve_2026_to_now,2026-09-03T11:54:05+00:00
CVE-2026-54986,updated,2026-09-02,cve_2026_to_now,2026-09-03T11:54:05+00:00
CVE-2026-54987,updated,2026-09-02,cve_2026_to_now,2026-09-03T11:54:05+00:00
CVE-2026-54988,updated,2026-09-02,cve_2026_to_now,2026-09-03T11:54:05+00:00
CVE-2026-54989,updated,2026-09-02,cve_2026_to_now,2026-09-03T11:54:05+00:00
CVE-2026-54990,updated,2026-09-02,cve_2026_to_now,2026-09-03T11:54:05+00:00
CVE-2026-54991,updated,2026-09-02,cve_2026_to_now,2026-09-03T11:54:05+00:00
CVE-2026-54992,updated,2026-09-02,cve_2026_to_now,2026-09-03T11:54:05+00:00
CVE-2026-54993,updated,2026-09-02,cve_2026_to_now,2026-09-03T11:54:05+00:00
CVE-2026-54995,updated,2026-09-02,cve_2026_to_now,2026-09-03T11:54:05+00:00
CVE-2026-54996,updated,2026-09-02,cve_2026_to_now,2026-09-03T11:54:05+00:00
CVE-2026-54997,updated,2026-09-02,cve_2026_to_now,2026-09-03T11:54:05+00:00
CVE-2026-54998,updated,2026-09-02,cve_2026_to_now,2026-09-03T11:54:05+00:00
CVE-2026-54999,updated,2026-09-02,cve_2026_to_now,2026-09-03T11:54:05+00:00
CVE-2026-55000,updated,2026-09-02,cve_2026_to_now,2026-09-03T11:54:05+00:00
CVE-2026-55001,updated,2026-09-02,cve_2026_to_now,2026-09-03T11:54:05+00:00
CVE-2026-55002,updated,2026-09-02,cve_2026_to_now,2026-09-03T11:54:05+00:00
CVE-2026-55003,updated,2026-09-02,cve_2026_to_now,2026-09-03T11:54:05+00:00
CVE-2026-55004,updated,2026-09-02,cve_2026_to_now,2026-09-03T11:54:05+00:00
CVE-2026-55005,updated,2026-09-02,cve_2026_to_now,2026-09-03T11:54:05+00:00
CVE-2026-55006,updated,2026-09-02,cve_2026_to_now,2026-09-03T11:54:05+00:00
CVE-2026-55008,updated,2026-09-02,cve_2026_to_now,2026-09-03T11:54:05+00:00
CVE-2026-55009,updated,2026-09-02,cve_2026_to_now,2026-09-03T11:54:05+00:00
CVE-2026-55010,updated,2026-09-02,cve_2026_to_now,2026-09-03T11:54:05+00:00
CVE-2026-55011,updated,2026-09-02,cve_2026_to_now,2026-09-03T11:54:05+00:00
CVE-2026-55012,updated,2026-09-02,cve_2026_to_now,2026-09-03T11:54:05+00:00
CVE-2026-55013,updated,2026-09-02,cve_2026_to_now,2026-09-03T11:54:05+00:00
CVE-2026-55014,updated,2026-09-02,cve_2026_to_now,2026-09-03T11:54:05+00:00
CVE-2026-55015,updated,2026-09-02,cve_2026_to_now,2026-09-03T11:54:05+00:00
CVE-2026-55016,updated,2026-09-02,cve_2026_to_now,2026-09-03T11:54:05+00:00
CVE-2026-55017,updated,2026-09-02,cve_2026_to_now,2026-09-03T11:54:05+00:00
CVE-2026-55018,updated,2026-09-02,cve_2026_to_now,2026-09-03T11:54:05+00:00
CVE-2026-55019,updated,2026-09-02,cve_2026_to_now,2026-09-03T11:54:05+00:00
CVE-2026-55020,updated,2026-09-02,cve_2026_to_now,2026-09-03T11:54:05+00:00
CVE-2026-55021,updated,2026-09-02,cve_2026_to_now,2026-09-03T11:54:05+00:00
CVE-2026-55022,updated,2026-09-02,cve_2026_to_now,2026-09-03T11:54:05+00:00
CVE-2026-55023,updated,2026-09-02,cve_2026_to_now,2026-09-03T11:54:05+00:00
CVE-2026-55024,updated,2026-09-02,cve_2026_to_now,2026-09-03T11:54:05+00:00
CVE-2026-55025,updated,2026-09-02,cve_2026_to_now,2026-09-03T11:54:05+00:00
CVE-2026-55026,updated,2026-09-02,cve_2026_to_now,2026-09-03T11:54:05+00:00
CVE-2026-55027,updated,2026-09-02,cve_2026_to_now,2026-09-03T11:54:05+00:00
CVE-2026-55028,updated,2026-09-02,cve_2026_to_now,2026-09-03T11:54:05+00:00
CVE-2026-55029,updated,2026-09-02,cve_2026_to_now,2026-09-03T11:54:05+00:00
CVE-2026-55030,updated,2026-09-02,cve_2026_to_now,2026-09-03T11:54:05+00:00
CVE-2026-55031,updated,2026-09-02,cve_2026_to_now,2026-09-03T11:54:05+00:00
CVE-2026-55032,updated,2026-09-02,cve_2026_to_now,2026-09-03T11:54:05+00:00
CVE-2026-55033,updated,2026-09-02,cve_2026_to_now,2026-09-03T11:54:05+00:00
CVE-2026-55034,updated,2026-09-02,cve_2026_to_now,2026-09-03T11:54:05+00:00
CVE-2026-55035,updated,2026-09-02,cve_2026_to_now,2026-09-03T11:54:05+00:00
CVE-2026-55036,updated,2026-09-02,cve_2026_to_now,2026-09-03T11:54:05+00:00
CVE-2026-55037,updated,2026-09-02,cve_2026_to_now,2026-09-03T11:54:05+00:00
CVE-2026-55038,updated,2026-09-02,cve_2026_to_now,2026-09-03T11:54:05+00:00
CVE-2026-55039,updated,2026-09-02,cve_2026_to_now,2026-09-03T11:54:05+00:00
CVE-2026-55040,updated,2026-09-02,cve_2026_to_now,2026-09-03T11:54:05+00:00
CVE-2026-55041,updated,2026-09-02,cve_2026_to_now,2026-09-03T11:54:05+00:00
CVE-2026-55042,updated,2026-09-02,cve_2026_to_now,2026-09-03T11:54:05+00:00
CVE-2026-55043,updated,2026-09-02,cve_2026_to_now,2026-09-03T11:54:05+00:00
CVE-2026-55044,updated,2026-09-02,cve_2026_to_now,2026-09-03T11:54:05+00:00
CVE-2026-55045,updated,2026-09-02,cve_2026_to_now,2026-09-03T11:54:05+00:00
CVE-2026-55046,updated,2026-09-02,cve_2026_to_now,2026-09-03T11:54:05+00:00
CVE-2026-55047,updated,2026-09-02,cve_2026_to_now,2026-09-03T11:54:05+00:00
CVE-2026-55048,updated,2026-09-02,cve_2026_to_now,2026-09-03T11:54:05+00:00
CVE-2026-55049,updated,2026-09-02,cve_2026_to_now,2026-09-03T11:54:05+00:00
CVE-2026-55050,updated,2026-09-02,cve_2026_to_now,2026-09-03T11:54:05+00:00
CVE-2026-55051,updated,2026-09-02,cve_2026_to_now,2026-09-03T11:54:05+00:00
CVE-2026-55052,updated,2026-09-02,cve_2026_to_now,2026-09-03T11:54:05+00:00
CVE-2026-55053,updated,2026-09-02,cve_2026_to_now,2026-09-03T11:54:05+00:00
CVE-2026-55054,updated,2026-09-02,cve_2026_to_now,2026-09-03T11:54:05+00:00
CVE-2026-55055,updated,2026-09-02,cve_2026_to_now,2026-09-03T11:54:05+00:00
CVE-2026-55056,updated,2026-09-02,cve_2026_to_now,2026-09-03T11:54:05+00:00
CVE-2026-55057,updated,2026-09-02,cve_2026_to_now,2026-09-03T11:54:05+00:00
CVE-2026-55058,updated,2026-09-02,cve_2026_to_now,2026-09-03T11:54:05+00:00
CVE-2026-55120,updated,2026-09-02,cve_2026_to_now,2026-09-03T11:54:05+00:00
CVE-2026-55121,updated,2026-09-02,cve_2026_to_now,2026-09-03T11:54:05+00:00
CVE-2026-55122,updated,2026-09-02,cve_2026_to_now,2026-09-03T11:54:05+00:00
CVE-2026-55123,updated,2026-09-02,cve_2026_to_now,2026-09-03T11:54:05+00:00
CVE-2026-55124,updated,2026-09-02,cve_2026_to_now,2026-09-03T11:54:05+00:00
CVE-2026-55125,updated,2026-09-02,cve_2026_to_now,2026-09-03T11:54:05+00:00
CVE-2026-55126,updated,2026-09-02,cve_2026_to_now,2026-09-03T11:54:05+00:00
CVE-2026-55127,updated,2026-09-02,cve_2026_to_now,2026-09-03T11:54:05+00:00
CVE-2026-55128,updated,2026-09-02,cve_2026_to_now,2026-09-03T11:54:05+00:00
CVE-2026-55129,updated,2026-09-02,cve_2026_to_now,2026-09-03T11:54:05+00:00
CVE-2026-55130,updated,2026-09-02,cve_2026_to_now,2026-09-03T11:54:05+00:00
CVE-2026-55131,updated,2026-09-02,cve_2026_to_now,2026-09-03T11:54:05+00:00
CVE-2026-55132,updated,2026-09-02,cve_2026_to_now,2026-09-03T11:54:05+00:00
CVE-2026-55133,updated,2026-09-02,cve_2026_to_now,2026-09-03T11:54:05+00:00
CVE-2026-55134,updated,2026-09-02,cve_2026_to_now,2026-09-03T11:54:05+00:00
CVE-2026-55135,updated,2026-09-02,cve_2026_to_now,2026-09-03T11:54:05+00:00
CVE-2026-55136,updated,2026-09-02,cve_2026_to_now,2026-09-03T11:54:05+00:00
CVE-2026-55137,updated,2026-09-02,cve_2026_to_now,2026-09-03T11:54:05+00:00
CVE-2026-55138,updated,2026-09-02,cve_2026_to_now,2026-09-03T11:54:05+00:00
CVE-2026-55139,updated,2026-09-02,cve_2026_to_now,2026-09-03T11:54:05+00:00
CVE-2026-55140,updated,2026-09-02,cve_2026_to_now,2026-09-03T11:54:05+00:00
CVE-2026-55141,updated,2026-09-02,cve_2026_to_now,2026-09-03T11:54:05+00:00
CVE-2026-55142,updated,2026-09-02,cve_2026_to_now,2026-09-03T11:54:05+00:00
CVE-2026-55144,updated,2026-09-02,cve_2026_to_now,2026-09-03T11:54:05+00:00
CVE-2026-55145,updated,2026-09-02,cve_2026_to_now,2026-09-03T11:54:05+00:00
CVE-2026-55221,added,,cve_2026_to_now,2026-09-03T11:54:05+00:00
CVE-2026-55421,added,,cve_2026_to_now,2026-09-03T11:54:05+00:00
CVE-2026-55898,updated,2026-09-02,cve_2026_to_now,2026-09-03T11:54:05+00:00
CVE-2026-55899,updated,2026-09-02,cve_2026_to_now,2026-09-03T11:54:05+00:00
CVE-2026-55944,updated,2026-09-02,cve_2026_to_now,2026-09-03T11:54:05+00:00
CVE-2026-55945,updated,2026-09-02,cve_2026_to_now,2026-09-03T11:54:05+00:00
CVE-2026-55947,updated,2026-09-02,cve_2026_to_now,2026-09-03T11:54:05+00:00
CVE-2026-55948,updated,2026-09-02,cve_2026_to_now,2026-09-03T11:54:05+00:00
CVE-2026-55949,updated,2026-09-02,cve_2026_to_now,2026-09-03T11:54:05+00:00
CVE-2026-56155,updated,2026-09-02,cve_2026_to_now,2026-09-03T11:54:05+00:00
CVE-2026-56156,updated,2026-09-02,cve_2026_to_now,2026-09-03T11:54:05+00:00
CVE-2026-56157,updated,2026-09-02,cve_2026_to_now,2026-09-03T11:54:05+00:00
CVE-2026-56159,updated,2026-09-02,cve_2026_to_now,2026-09-03T11:54:05+00:00
CVE-2026-56160,updated,2026-09-02,cve_2026_to_now,2026-09-03T11:54:05+00:00
CVE-2026-56161,updated,2026-09-02,cve_2026_to_now,2026-09-03T11:54:05+00:00
CVE-2026-56162,updated,2026-09-02,cve_2026_to_now,2026-09-03T11:54:05+00:00
CVE-2026-56163,updated,2026-09-02,cve_2026_to_now,2026-09-03T11:54:05+00:00
CVE-2026-56164,updated,2026-09-02,cve_2026_to_now,2026-09-03T11:54:05+00:00
CVE-2026-56165,updated,2026-09-02,cve_2026_to_now,2026-09-03T11:54:05+00:00
CVE-2026-56167,updated,2026-09-02,cve_2026_to_now,2026-09-03T11:54:05+00:00
CVE-2026-56168,updated,2026-09-02,cve_2026_to_now,2026-09-03T11:54:05+00:00
CVE-2026-56169,updated,2026-09-02,cve_2026_to_now,2026-09-03T11:54:05+00:00
CVE-2026-56170,updated,2026-09-02,cve_2026_to_now,2026-09-03T11:54:05+00:00
CVE-2026-56171,updated,2026-09-02,cve_2026_to_now,2026-09-03T11:54:05+00:00
CVE-2026-56173,updated,2026-09-02,cve_2026_to_now,2026-09-03T11:54:05+00:00
CVE-2026-56174,updated,2026-09-02,cve_2026_to_now,2026-09-03T11:54:05+00:00
CVE-2026-56175,updated,2026-09-02,cve_2026_to_now,2026-09-03T11:54:05+00:00
CVE-2026-56176,updated,2026-09-02,cve_2026_to_now,2026-09-03T11:54:05+00:00
CVE-2026-56178,updated,2026-09-02,cve_2026_to_now,2026-09-03T11:54:05+00:00
CVE-2026-56179,updated,2026-09-02,cve_2026_to_now,2026-09-03T11:54:05+00:00
CVE-2026-56181,updated,2026-09-02,cve_2026_to_now,2026-09-03T11:54:05+00:00
CVE-2026-56182,updated,2026-09-02,cve_2026_to_now,2026-09-03T11:54:05+00:00
CVE-2026-56183,updated,2026-09-02,cve_2026_to_now,2026-09-03T11:54:05+00:00
CVE-2026-56184,updated,2026-09-02,cve_2026_to_now,2026-09-03T11:54:05+00:00
CVE-2026-56185,updated,2026-09-02,cve_2026_to_now,2026-09-03T11:54:05+00:00
CVE-2026-56186,updated,2026-09-02,cve_2026_to_now,2026-09-03T11:54:05+00:00
CVE-2026-56187,updated,2026-09-02,cve_2026_to_now,2026-09-03T11:54:05+00:00
CVE-2026-56188,updated,2026-09-02,cve_2026_to_now,2026-09-03T11:54:05+00:00
CVE-2026-56189,updated,2026-09-02,cve_2026_to_now,2026-09-03T11:54:05+00:00
CVE-2026-56190,updated,2026-09-02,cve_2026_to_now,2026-09-03T11:54:05+00:00
CVE-2026-56191,updated,2026-09-02,cve_2026_to_now,2026-09-03T11:54:05+00:00
CVE-2026-56192,updated,2026-09-02,cve_2026_to_now,2026-09-03T11:54:05+00:00
CVE-2026-56193,updated,2026-09-02,cve_2026_to_now,2026-09-03T11:54:05+00:00
CVE-2026-56194,updated,2026-09-02,cve_2026_to_now,2026-09-03T11:54:05+00:00
CVE-2026-56195,updated,2026-09-02,cve_2026_to_now,2026-09-03T11:54:05+00:00
CVE-2026-56196,updated,2026-09-02,cve_2026_to_now,2026-09-03T11:54:05+00:00
CVE-2026-56197,updated,2026-09-02,cve_2026_to_now,2026-09-03T11:54:05+00:00
CVE-2026-56642,updated,2026-09-02,cve_2026_to_now,2026-09-03T11:54:05+00:00
CVE-2026-56643,updated,2026-09-02,cve_2026_to_now,2026-09-03T11:54:05+00:00
CVE-2026-56644,updated,2026-09-02,cve_2026_to_now,2026-09-03T11:54:05+00:00
CVE-2026-56645,updated,2026-09-02,cve_2026_to_now,2026-09-03T11:54:05+00:00
CVE-2026-56646,updated,2026-09-02,cve_2026_to_now,2026-09-03T11:54:05+00:00
CVE-2026-56647,updated,2026-09-02,cve_2026_to_now,2026-09-03T11:54:05+00:00
CVE-2026-56648,updated,2026-09-02,cve_2026_to_now,2026-09-03T11:54:05+00:00
CVE-2026-56649,updated,2026-09-02,cve_2026_to_now,2026-09-03T11:54:05+00:00
CVE-2026-56650,updated,2026-09-02,cve_2026_to_now,2026-09-03T11:54:05+00:00
CVE-2026-56855,added,,cve_2026_to_now,2026-09-03T11:54:05+00:00
CVE-2026-57083,updated,2026-09-02,cve_2026_to_now,2026-09-03T11:54:05+00:00
CVE-2026-57084,updated,2026-09-02,cve_2026_to_now,2026-09-03T11:54:05+00:00
CVE-2026-57085,updated,2026-09-02,cve_2026_to_now,2026-09-03T11:54:05+00:00
CVE-2026-57087,updated,2026-09-02,cve_2026_to_now,2026-09-03T11:54:05+00:00
CVE-2026-57088,updated,2026-09-02,cve_2026_to_now,2026-09-03T11:54:05+00:00
CVE-2026-57089,updated,2026-09-02,cve_2026_to_now,2026-09-03T11:54:05+00:00
CVE-2026-57090,updated,2026-09-02,cve_2026_to_now,2026-09-03T11:54:05+00:00
CVE-2026-57091,updated,2026-09-02,cve_2026_to_now,2026-09-03T11:54:05+00:00
CVE-2026-57092,updated,2026-09-02,cve_2026_to_now,2026-09-03T11:54:05+00:00
CVE-2026-57093,updated,2026-09-02,cve_2026_to_now,2026-09-03T11:54:05+00:00
CVE-2026-57094,updated,2026-09-02,cve_2026_to_now,2026-09-03T11:54:05+00:00
CVE-2026-57095,updated,2026-09-02,cve_2026_to_now,2026-09-03T11:54:05+00:00
CVE-2026-57096,updated,2026-09-02,cve_2026_to_now,2026-09-03T11:54:05+00:00
CVE-2026-57097,updated,2026-09-02,cve_2026_to_now,2026-09-03T11:54:05+00:00
CVE-2026-57100,updated,2026-09-02,cve_2026_to_now,2026-09-03T11:54:05+00:00
CVE-2026-57101,updated,2026-09-02,cve_2026_to_now,2026-09-03T11:54:05+00:00
CVE-2026-57102,updated,2026-09-02,cve_2026_to_now,2026-09-03T11:54:05+00:00
CVE-2026-57104,updated,2026-09-02,cve_2026_to_now,2026-09-03T11:54:05+00:00
CVE-2026-57105,updated,2026-09-02,cve_2026_to_now,2026-09-03T11:54:05+00:00
CVE-2026-57106,updated,2026-09-02,cve_2026_to_now,2026-09-03T11:54:05+00:00
CVE-2026-57107,updated,2026-09-02,cve_2026_to_now,2026-09-03T11:54:05+00:00
CVE-2026-57108,updated,2026-09-02,cve_2026_to_now,2026-09-03T11:54:05+00:00
CVE-2026-57968,updated,2026-09-02,cve_2026_to_now,2026-09-03T11:54:05+00:00
CVE-2026-57969,updated,2026-09-02,cve_2026_to_now,2026-09-03T11:54:05+00:00
CVE-2026-57973,updated,2026-09-02,cve_2026_to_now,2026-09-03T11:54:05+00:00
CVE-2026-57974,updated,2026-09-02,cve_2026_to_now,2026-09-03T11:54:05+00:00
CVE-2026-57975,updated,2026-09-02,cve_2026_to_now,2026-09-03T11:54:05+00:00
CVE-2026-57976,updated,2026-09-02,cve_2026_to_now,2026-09-03T11:54:05+00:00
CVE-2026-57977,updated,2026-09-02,cve_2026_to_now,2026-09-03T11:54:05+00:00
CVE-2026-57978,updated,2026-09-02,cve_2026_to_now,2026-09-03T11:54:05+00:00
CVE-2026-57979,updated,2026-09-02,cve_2026_to_now,2026-09-03T11:54:05+00:00
CVE-2026-57980,updated,2026-09-02,cve_2026_to_now,2026-09-03T11:54:05+00:00
CVE-2026-57981,updated,2026-09-02,cve_2026_to_now,2026-09-03T11:54:05+00:00
CVE-2026-57982,updated,2026-09-02,cve_2026_to_now,2026-09-03T11:54:05+00:00
CVE-2026-57983,updated,2026-09-02,cve_2026_to_now,2026-09-03T11:54:05+00:00
CVE-2026-57984,updated,2026-09-02,cve_2026_to_now,2026-09-03T11:54:05+00:00
CVE-2026-57985,updated,2026-09-02,cve_2026_to_now,2026-09-03T11:54:05+00:00
CVE-2026-57986,updated,2026-09-02,cve_2026_to_now,2026-09-03T11:54:05+00:00
CVE-2026-57987,updated,2026-09-02,cve_2026_to_now,2026-09-03T11:54:05+00:00
CVE-2026-57988,updated,2026-09-02,cve_2026_to_now,2026-09-03T11:54:05+00:00
CVE-2026-57989,updated,2026-09-02,cve_2026_to_now,2026-09-03T11:54:05+00:00
CVE-2026-57990,updated,2026-09-02,cve_2026_to_now,2026-09-03T11:54:05+00:00
CVE-2026-57991,updated,2026-09-02,cve_2026_to_now,2026-09-03T11:54:05+00:00
CVE-2026-57992,updated,2026-09-02,cve_2026_to_now,2026-09-03T11:54:05+00:00
CVE-2026-57993,updated,2026-09-02,cve_2026_to_now,2026-09-03T11:54:05+00:00
CVE-2026-58275,updated,2026-09-02,cve_2026_to_now,2026-09-03T11:54:05+00:00
CVE-2026-58276,updated,2026-09-02,cve_2026_to_now,2026-09-03T11:54:05+00:00
CVE-2026-58277,updated,2026-09-02,cve_2026_to_now,2026-09-03T11:54:05+00:00
CVE-2026-58278,updated,2026-09-02,cve_2026_to_now,2026-09-03T11:54:05+00:00
CVE-2026-58279,updated,2026-09-02,cve_2026_to_now,2026-09-03T11:54:05+00:00
CVE-2026-58281,updated,2026-09-02,cve_2026_to_now,2026-09-03T11:54:05+00:00
CVE-2026-58282,updated,2026-09-02,cve_2026_to_now,2026-09-03T11:54:05+00:00
CVE-2026-58283,updated,2026-09-02,cve_2026_to_now,2026-09-03T11:54:05+00:00
CVE-2026-58284,updated,2026-09-02,cve_2026_to_now,2026-09-03T11:54:05+00:00
CVE-2026-58285,updated,2026-09-02,cve_2026_to_now,2026-09-03T11:54:05+00:00
CVE-2026-58286,updated,2026-09-02,cve_2026_to_now,2026-09-03T11:54:05+00:00
CVE-2026-58287,updated,2026-09-02,cve_2026_to_now,2026-09-03T11:54:05+00:00
CVE-2026-58288,updated,2026-09-02,cve_2026_to_now,2026-09-03T11:54:05+00:00
CVE-2026-58289,updated,2026-09-02,cve_2026_to_now,2026-09-03T11:54:05+00:00
CVE-2026-58290,updated,2026-09-02,cve_2026_to_now,2026-09-03T11:54:05+00:00
CVE-2026-58291,updated,2026-09-02,cve_2026_to_now,2026-09-03T11:54:05+00:00
CVE-2026-58292,updated,2026-09-02,cve_2026_to_now,2026-09-03T11:54:05+00:00
CVE-2026-58293,updated,2026-09-02,cve_2026_to_now,2026-09-03T11:54:05+00:00
CVE-2026-58294,updated,2026-09-02,cve_2026_to_now,2026-09-03T11:54:05+00:00
CVE-2026-58295,updated,2026-09-02,cve_2026_to_now,2026-09-03T11:54:05+00:00
CVE-2026-58296,updated,2026-09-02,cve_2026_to_now,2026-09-03T11:54:05+00:00
CVE-2026-58297,updated,2026-09-02,cve_2026_to_now,2026-09-03T11:54:05+00:00
CVE-2026-58298,updated,2026-09-02,cve_2026_to_now,2026-09-03T11:54:05+00:00
CVE-2026-58299,updated,2026-09-02,cve_2026_to_now,2026-09-03T11:54:05+00:00
CVE-2026-58300,updated,2026-09-02,cve_2026_to_now,2026-09-03T11:54:05+00:00
CVE-2026-58522,updated,2026-09-02,cve_2026_to_now,2026-09-03T11:54:05+00:00
CVE-2026-58523,updated,2026-09-02,cve_2026_to_now,2026-09-03T11:54:05+00:00
CVE-2026-58524,updated,2026-09-02,cve_2026_to_now,2026-09-03T11:54:05+00:00
CVE-2026-58525,updated,2026-09-02,cve_2026_to_now,2026-09-03T11:54:05+00:00
CVE-2026-58526,updated,2026-09-02,cve_2026_to_now,2026-09-03T11:54:05+00:00
CVE-2026-58527,updated,2026-09-02,cve_2026_to_now,2026-09-03T11:54:05+00:00
CVE-2026-58528,updated,2026-09-02,cve_2026_to_now,2026-09-03T11:54:05+00:00
CVE-2026-58529,updated,2026-09-02,cve_2026_to_now,2026-09-03T11:54:05+00:00
CVE-2026-58530,updated,2026-09-02,cve_2026_to_now,2026-09-03T11:54:05+00:00
CVE-2026-58531,updated,2026-09-02,cve_2026_to_now,2026-09-03T11:54:05+00:00
CVE-2026-58532,updated,2026-09-02,cve_2026_to_now,2026-09-03T11:54:05+00:00
CVE-2026-58533,updated,2026-09-02,cve_2026_to_now,2026-09-03T11:54:05+00:00
CVE-2026-58534,updated,2026-09-02,cve_2026_to_now,2026-09-03T11:54:05+00:00
CVE-2026-58535,updated,2026-09-02,cve_2026_to_now,2026-09-03T11:54:05+00:00
CVE-2026-58536,updated,2026-09-02,cve_2026_to_now,2026-09-03T11:54:05+00:00
CVE-2026-58537,updated,2026-09-02,cve_2026_to_now,2026-09-03T11:54:05+00:00
CVE-2026-58538,updated,2026-09-02,cve_2026_to_now,2026-09-03T11:54:05+00:00
CVE-2026-58539,updated,2026-09-02,cve_2026_to_now,2026-09-03T11:54:05+00:00
CVE-2026-58540,updated,2026-09-02,cve_2026_to_now,2026-09-03T11:54:05+00:00
CVE-2026-58541,updated,2026-09-02,cve_2026_to_now,2026-09-03T11:54:05+00:00
CVE-2026-58542,updated,2026-09-02,cve_2026_to_now,2026-09-03T11:54:05+00:00
CVE-2026-58543,updated,2026-09-02,cve_2026_to_now,2026-09-03T11:54:05+00:00
CVE-2026-58544,updated,2026-09-02,cve_2026_to_now,2026-09-03T11:54:05+00:00
CVE-2026-58545,updated,2026-09-02,cve_2026_to_now,2026-09-03T11:54:05+00:00
CVE-2026-58546,updated,2026-09-02,cve_2026_to_now,2026-09-03T11:54:05+00:00
CVE-2026-58547,updated,2026-09-02,cve_2026_to_now,2026-09-03T11:54:05+00:00
CVE-2026-58594,updated,2026-09-02,cve_2026_to_now,2026-09-03T11:54:05+00:00
CVE-2026-58595,updated,2026-09-02,cve_2026_to_now,2026-09-03T11:54:05+00:00
CVE-2026-58596,updated,2026-09-02,cve_2026_to_now,2026-09-03T11:54:05+00:00
CVE-2026-58597,updated,2026-09-02,cve_2026_to_now,2026-09-03T11:54:05+00:00
CVE-2026-58598,updated,2026-09-02,cve_2026_to_now,2026-09-03T11:54:05+00:00
CVE-2026-58601,updated,2026-09-02,cve_2026_to_now,2026-09-03T11:54:05+00:00
CVE-2026-58602,updated,2026-09-02,cve_2026_to_now,2026-09-03T11:54:05+00:00
CVE-2026-58608,updated,2026-09-02,cve_2026_to_now,2026-09-03T11:54:05+00:00
CVE-2026-58609,updated,2026-09-02,cve_2026_to_now,2026-09-03T11:54:05+00:00
CVE-2026-58610,updated,2026-09-02,cve_2026_to_now,2026-09-03T11:54:05+00:00
CVE-2026-58612,updated,2026-09-02,cve_2026_to_now,2026-09-03T11:54:05+00:00
CVE-2026-58613,updated,2026-09-02,cve_2026_to_now,2026-09-03T11:54:05+00:00
CVE-2026-58614,updated,2026-09-02,cve_2026_to_now,2026-09-03T11:54:05+00:00
CVE-2026-58616,updated,2026-09-02,cve_2026_to_now,2026-09-03T11:54:05+00:00
CVE-2026-58617,updated,2026-09-02,cve_2026_to_now,2026-09-03T11:54:05+00:00
CVE-2026-58618,updated,2026-09-02,cve_2026_to_now,2026-09-03T11:54:05+00:00
CVE-2026-58619,updated,2026-09-02,cve_2026_to_now,2026-09-03T11:54:05+00:00
CVE-2026-58626,updated,2026-09-02,cve_2026_to_now,2026-09-03T11:54:05+00:00
CVE-2026-58627,updated,2026-09-02,cve_2026_to_now,2026-09-03T11:54:05+00:00
CVE-2026-58628,updated,2026-09-02,cve_2026_to_now,2026-09-03T11:54:05+00:00
CVE-2026-58629,updated,2026-09-02,cve_2026_to_now,2026-09-03T11:54:05+00:00
CVE-2026-58630,updated,2026-09-02,cve_2026_to_now,2026-09-03T11:54:05+00:00
CVE-2026-58631,updated,2026-09-02,cve_2026_to_now,2026-09-03T11:54:05+00:00
CVE-2026-58632,updated,2026-09-02,cve_2026_to_now,2026-09-03T11:54:05+00:00
CVE-2026-58633,updated,2026-09-02,cve_2026_to_now,2026-09-03T11:54:05+00:00
CVE-2026-58634,updated,2026-09-02,cve_2026_to_now,2026-09-03T11:54:05+00:00
CVE-2026-58635,updated,2026-09-02,cve_2026_to_now,2026-09-03T11:54:05+00:00
CVE-2026-58636,updated,2026-09-02,cve_2026_to_now,2026-09-03T11:54:05+00:00
CVE-2026-58637,updated,2026-09-02,cve_2026_to_now,2026-09-03T11:54:05+00:00
CVE-2026-58638,updated,2026-09-02,cve_2026_to_now,2026-09-03T11:54:05+00:00
CVE-2026-58639,updated,2026-09-02,cve_2026_to_now,2026-09-03T11:54:05+00:00
CVE-2026-58640,updated,2026-09-02,cve_2026_to_now,2026-09-03T11:54:05+00:00
CVE-2026-58641,updated,2026-09-02,cve_2026_to_now,2026-09-03T11:54:05+00:00
CVE-2026-58643,updated,2026-09-02,cve_2026_to_now,2026-09-03T11:54:05+00:00
CVE-2026-58644,updated,2026-09-02,cve_2026_to_now,2026-09-03T11:54:05+00:00
CVE-2026-58647,updated,2026-09-02,cve_2026_to_now,2026-09-03T11:54:05+00:00
CVE-2026-58650,updated,2026-09-02,cve_2026_to_now,2026-09-03T11:54:05+00:00
CVE-2026-58651,updated,2026-09-02,cve_2026_to_now,2026-09-03T11:54:05+00:00
CVE-2026-59113,updated,2026-09-02,cve_2026_to_now,2026-09-03T11:54:05+00:00
CVE-2026-59115,updated,2026-09-02,cve_2026_to_now,2026-09-03T11:54:05+00:00
CVE-2026-59117,updated,2026-09-02,cve_2026_to_now,2026-09-03T11:54:05+00:00
CVE-2026-59118,updated,2026-09-02,cve_2026_to_now,2026-09-03T11:54:05+00:00
CVE-2026-59119,updated,2026-09-02,cve_2026_to_now,2026-09-03T11:54:05+00:00
CVE-2026-59122,updated,2026-09-02,cve_2026_to_now,2026-09-03T11:54:05+00:00
CVE-2026-59124,updated,2026-09-02,cve_2026_to_now,2026-09-03T11:54:05+00:00
CVE-2026-59125,updated,2026-09-02,cve_2026_to_now,2026-09-03T11:54:05+00:00
CVE-2026-59126,updated,2026-09-02,cve_2026_to_now,2026-09-03T11:54:05+00:00
CVE-2026-59127,updated,2026-09-02,cve_2026_to_now,2026-09-03T11:54:05+00:00
CVE-2026-59128,updated,2026-09-02,cve_2026_to_now,2026-09-03T11:54:05+00:00
CVE-2026-59130,updated,2026-09-02,cve_2026_to_now,2026-09-03T11:54:05+00:00
CVE-2026-59131,updated,2026-09-02,cve_2026_to_now,2026-09-03T11:54:05+00:00
CVE-2026-59132,updated,2026-09-02,cve_2026_to_now,2026-09-03T11:54:05+00:00
CVE-2026-59133,updated,2026-09-02,cve_2026_to_now,2026-09-03T11:54:05+00:00
CVE-2026-59134,updated,2026-09-02,cve_2026_to_now,2026-09-03T11:54:05+00:00
CVE-2026-59135,updated,2026-09-02,cve_2026_to_now,2026-09-03T11:54:05+00:00
CVE-2026-59136,updated,2026-09-02,cve_2026_to_now,2026-09-03T11:54:05+00:00
CVE-2026-59137,updated,2026-09-02,cve_2026_to_now,2026-09-03T11:54:05+00:00
CVE-2026-59138,updated,2026-09-02,cve_2026_to_now,2026-09-03T11:54:05+00:00
CVE-2026-59285,updated,2026-09-02,cve_2026_to_now,2026-09-03T11:54:05+00:00
CVE-2026-59286,updated,2026-09-02,cve_2026_to_now,2026-09-03T11:54:05+00:00
CVE-2026-59287,updated,2026-09-02,cve_2026_to_now,2026-09-03T11:54:05+00:00
CVE-2026-59289,updated,2026-09-02,cve_2026_to_now,2026-09-03T11:54:05+00:00
CVE-2026-59822,updated,2026-09-03,cve_2026_to_now,2026-09-03T11:54:05+00:00
CVE-2026-60074,updated,2026-09-02,cve_2026_to_now,2026-09-03T11:54:05+00:00
CVE-2026-60075,updated,2026-09-02,cve_2026_to_now,2026-09-03T11:54:05+00:00
CVE-2026-61345,updated,2026-09-02,cve_2026_to_now,2026-09-03T11:54:05+00:00
CVE-2026-61346,updated,2026-09-02,cve_2026_to_now,2026-09-03T11:54:05+00:00
CVE-2026-61347,updated,2026-09-02,cve_2026_to_now,2026-09-03T11:54:05+00:00
CVE-2026-61348,updated,2026-09-02,cve_2026_to_now,2026-09-03T11:54:05+00:00
CVE-2026-61349,updated,2026-09-02,cve_2026_to_now,2026-09-03T11:54:05+00:00
CVE-2026-61350,updated,2026-09-02,cve_2026_to_now,2026-09-03T11:54:05+00:00
CVE-2026-61352,updated,2026-09-02,cve_2026_to_now,2026-09-03T11:54:05+00:00
CVE-2026-61353,updated,2026-09-02,cve_2026_to_now,2026-09-03T11:54:05+00:00
CVE-2026-61355,updated,2026-09-02,cve_2026_to_now,2026-09-03T11:54:05+00:00
CVE-2026-61356,updated,2026-09-02,cve_2026_to_now,2026-09-03T11:54:05+00:00
CVE-2026-61357,updated,2026-09-02,cve_2026_to_now,2026-09-03T11:54:05+00:00
CVE-2026-61358,updated,2026-09-02,cve_2026_to_now,2026-09-03T11:54:05+00:00
CVE-2026-61359,updated,2026-09-02,cve_2026_to_now,2026-09-03T11:54:05+00:00
CVE-2026-61360,updated,2026-09-02,cve_2026_to_now,2026-09-03T11:54:05+00:00
CVE-2026-61361,updated,2026-09-02,cve_2026_to_now,2026-09-03T11:54:05+00:00
CVE-2026-61363,updated,2026-09-02,cve_2026_to_now,2026-09-03T11:54:05+00:00
CVE-2026-61364,updated,2026-09-02,cve_2026_to_now,2026-09-03T11:54:05+00:00
CVE-2026-61365,updated,2026-09-02,cve_2026_to_now,2026-09-03T11:54:05+00:00
CVE-2026-61366,updated,2026-09-02,cve_2026_to_now,2026-09-03T11:54:05+00:00
CVE-2026-61367,updated,2026-09-02,cve_2026_to_now,2026-09-03T11:54:05+00:00
CVE-2026-61368,updated,2026-09-02,cve_2026_to_now,2026-09-03T11:54:05+00:00
CVE-2026-61640,updated,2026-09-02,cve_2026_to_now,2026-09-03T11:54:05+00:00
CVE-2026-61918,updated,2026-09-02,cve_2026_to_now,2026-09-03T11:54:05+00:00
CVE-2026-61920,updated,2026-09-02,cve_2026_to_now,2026-09-03T11:54:05+00:00
CVE-2026-61921,updated,2026-09-02,cve_2026_to_now,2026-09-03T11:54:05+00:00
CVE-2026-61923,updated,2026-09-02,cve_2026_to_now,2026-09-03T11:54:05+00:00
CVE-2026-61924,updated,2026-09-02,cve_2026_to_now,2026-09-03T11:54:05+00:00
CVE-2026-61925,updated,2026-09-02,cve_2026_to_now,2026-09-03T11:54:05+00:00
CVE-2026-61926,updated,2026-09-02,cve_2026_to_now,2026-09-03T11:54:05+00:00
CVE-2026-61927,updated,2026-09-02,cve_2026_to_now,2026-09-03T11:54:05+00:00
CVE-2026-61928,updated,2026-09-02,cve_2026_to_now,2026-09-03T11:54:05+00:00
CVE-2026-61929,updated,2026-09-02,cve_2026_to_now,2026-09-03T11:54:05+00:00
CVE-2026-61930,updated,2026-09-02,cve_2026_to_now,2026-09-03T11:54:05+00:00
CVE-2026-61932,updated,2026-09-02,cve_2026_to_now,2026-09-03T11:54:05+00:00
CVE-2026-61933,updated,2026-09-02,cve_2026_to_now,2026-09-03T11:54:05+00:00
CVE-2026-61934,updated,2026-09-02,cve_2026_to_now,2026-09-03T11:54:05+00:00
CVE-2026-61936,updated,2026-09-02,cve_2026_to_now,2026-09-03T11:54:05+00:00
CVE-2026-61937,updated,2026-09-02,cve_2026_to_now,2026-09-03T11:54:05+00:00
CVE-2026-61938,updated,2026-09-02,cve_2026_to_now,2026-09-03T11:54:05+00:00
CVE-2026-61939,updated,2026-09-02,cve_2026_to_now,2026-09-03T11:54:05+00:00
CVE-2026-62688,updated,2026-09-02,cve_2026_to_now,2026-09-03T11:54:05+00:00
CVE-2026-62690,updated,2026-09-02,cve_2026_to_now,2026-09-03T11:54:05+00:00
CVE-2026-62692,updated,2026-09-02,cve_2026_to_now,2026-09-03T11:54:05+00:00
CVE-2026-62693,updated,2026-09-02,cve_2026_to_now,2026-09-03T11:54:05+00:00
CVE-2026-62695,updated,2026-09-02,cve_2026_to_now,2026-09-03T11:54:05+00:00
CVE-2026-62696,updated,2026-09-02,cve_2026_to_now,2026-09-03T11:54:05+00:00
CVE-2026-62698,updated,2026-09-02,cve_2026_to_now,2026-09-03T11:54:05+00:00
CVE-2026-62699,updated,2026-09-02,cve_2026_to_now,2026-09-03T11:54:05+00:00
CVE-2026-62700,updated,2026-09-02,cve_2026_to_now,2026-09-03T11:54:05+00:00
CVE-2026-62701,updated,2026-09-02,cve_2026_to_now,2026-09-03T11:54:05+00:00
CVE-2026-62702,updated,2026-09-02,cve_2026_to_now,2026-09-03T11:54:05+00:00
CVE-2026-62703,updated,2026-09-02,cve_2026_to_now,2026-09-03T11:54:05+00:00
CVE-2026-62705,updated,2026-09-02,cve_2026_to_now,2026-09-03T11:54:05+00:00
CVE-2026-62707,updated,2026-09-02,cve_2026_to_now,2026-09-03T11:54:05+00:00
CVE-2026-62708,updated,2026-09-02,cve_2026_to_now,2026-09-03T11:54:05+00:00
CVE-2026-62709,updated,2026-09-02,cve_2026_to_now,2026-09-03T11:54:05+00:00
CVE-2026-62710,updated,2026-09-02,cve_2026_to_now,2026-09-03T11:54:05+00:00
CVE-2026-62711,updated,2026-09-02,cve_2026_to_now,2026-09-03T11:54:05+00:00
CVE-2026-62712,updated,2026-09-02,cve_2026_to_now,2026-09-03T11:54:05+00:00
CVE-2026-62713,updated,2026-09-02,cve_2026_to_now,2026-09-03T11:54:05+00:00
CVE-2026-62714,updated,2026-09-02,cve_2026_to_now,2026-09-03T11:54:05+00:00
CVE-2026-62715,updated,2026-09-02,cve_2026_to_now,2026-09-03T11:54:05+00:00
CVE-2026-62716,updated,2026-09-02,cve_2026_to_now,2026-09-03T11:54:05+00:00
CVE-2026-62717,updated,2026-09-02,cve_2026_to_now,2026-09-03T11:54:05+00:00
CVE-2026-62718,updated,2026-09-02,cve_2026_to_now,2026-09-03T11:54:05+00:00
CVE-2026-62719,updated,2026-09-02,cve_2026_to_now,2026-09-03T11:54:05+00:00
CVE-2026-62720,updated,2026-09-02,cve_2026_to_now,2026-09-03T11:54:05+00:00
CVE-2026-62721,updated,2026-09-02,cve_2026_to_now,2026-09-03T11:54:05+00:00
CVE-2026-62722,updated,2026-09-02,cve_2026_to_now,2026-09-03T11:54:05+00:00
CVE-2026-62723,updated,2026-09-02,cve_2026_to_now,2026-09-03T11:54:05+00:00
CVE-2026-62724,updated,2026-09-02,cve_2026_to_now,2026-09-03T11:54:05+00:00
CVE-2026-62725,updated,2026-09-02,cve_2026_to_now,2026-09-03T11:54:05+00:00
CVE-2026-62726,updated,2026-09-02,cve_2026_to_now,2026-09-03T11:54:05+00:00
CVE-2026-62727,updated,2026-09-02,cve_2026_to_now,2026-09-03T11:54:05+00:00
CVE-2026-62728,updated,2026-09-02,cve_2026_to_now,2026-09-03T11:54:05+00:00
CVE-2026-62729,updated,2026-09-02,cve_2026_to_now,2026-09-03T11:54:05+00:00
CVE-2026-62730,updated,2026-09-02,cve_2026_to_now,2026-09-03T11:54:05+00:00
CVE-2026-62732,updated,2026-09-02,cve_2026_to_now,2026-09-03T11:54:05+00:00
CVE-2026-62733,updated,2026-09-02,cve_2026_to_now,2026-09-03T11:54:05+00:00
CVE-2026-62734,updated,2026-09-02,cve_2026_to_now,2026-09-03T11:54:05+00:00
CVE-2026-62735,updated,2026-09-02,cve_2026_to_now,2026-09-03T11:54:05+00:00
CVE-2026-62736,updated,2026-09-02,cve_2026_to_now,2026-09-03T11:54:05+00:00
CVE-2026-62737,updated,2026-09-02,cve_2026_to_now,2026-09-03T11:54:05+00:00
CVE-2026-62738,updated,2026-09-02,cve_2026_to_now,2026-09-03T11:54:05+00:00
CVE-2026-62739,updated,2026-09-02,cve_2026_to_now,2026-09-03T11:54:05+00:00
CVE-2026-62740,updated,2026-09-02,cve_2026_to_now,2026-09-03T11:54:05+00:00
CVE-2026-62741,updated,2026-09-02,cve_2026_to_now,2026-09-03T11:54:05+00:00
CVE-2026-62742,updated,2026-09-02,cve_2026_to_now,2026-09-03T11:54:05+00:00
CVE-2026-62743,updated,2026-09-02,cve_2026_to_now,2026-09-03T11:54:05+00:00
CVE-2026-62745,updated,2026-09-02,cve_2026_to_now,2026-09-03T11:54:05+00:00
CVE-2026-62746,updated,2026-09-02,cve_2026_to_now,2026-09-03T11:54:05+00:00
CVE-2026-62747,updated,2026-09-02,cve_2026_to_now,2026-09-03T11:54:05+00:00
CVE-2026-62748,updated,2026-09-02,cve_2026_to_now,2026-09-03T11:54:05+00:00
CVE-2026-62749,updated,2026-09-02,cve_2026_to_now,2026-09-03T11:54:05+00:00
CVE-2026-62750,updated,2026-09-02,cve_2026_to_now,2026-09-03T11:54:05+00:00
CVE-2026-62751,updated,2026-09-02,cve_2026_to_now,2026-09-03T11:54:05+00:00
CVE-2026-62752,updated,2026-09-02,cve_2026_to_now,2026-09-03T11:54:05+00:00
CVE-2026-62753,updated,2026-09-02,cve_2026_to_now,2026-09-03T11:54:05+00:00
CVE-2026-62754,updated,2026-09-02,cve_2026_to_now,2026-09-03T11:54:05+00:00
CVE-2026-62755,updated,2026-09-02,cve_2026_to_now,2026-09-03T11:54:05+00:00
CVE-2026-62757,updated,2026-09-02,cve_2026_to_now,2026-09-03T11:54:05+00:00
CVE-2026-62758,updated,2026-09-02,cve_2026_to_now,2026-09-03T11:54:05+00:00
CVE-2026-62761,updated,2026-09-02,cve_2026_to_now,2026-09-03T11:54:05+00:00
CVE-2026-62766,updated,2026-09-02,cve_2026_to_now,2026-09-03T11:54:05+00:00
CVE-2026-62768,updated,2026-09-02,cve_2026_to_now,2026-09-03T11:54:05+00:00
CVE-2026-62769,updated,2026-09-02,cve_2026_to_now,2026-09-03T11:54:05+00:00
CVE-2026-62770,updated,2026-09-02,cve_2026_to_now,2026-09-03T11:54:05+00:00
CVE-2026-62771,updated,2026-09-02,cve_2026_to_now,2026-09-03T11:54:05+00:00
CVE-2026-62772,updated,2026-09-02,cve_2026_to_now,2026-09-03T11:54:05+00:00
CVE-2026-62773,updated,2026-09-02,cve_2026_to_now,2026-09-03T11:54:05+00:00
CVE-2026-62774,updated,2026-09-02,cve_2026_to_now,2026-09-03T11:54:05+00:00
CVE-2026-62775,updated,2026-09-02,cve_2026_to_now,2026-09-03T11:54:05+00:00
CVE-2026-62776,updated,2026-09-02,cve_2026_to_now,2026-09-03T11:54:05+00:00
CVE-2026-62777,updated,2026-09-02,cve_2026_to_now,2026-09-03T11:54:05+00:00
CVE-2026-62778,updated,2026-09-02,cve_2026_to_now,2026-09-03T11:54:05+00:00
CVE-2026-62779,updated,2026-09-02,cve_2026_to_now,2026-09-03T11:54:05+00:00
CVE-2026-62780,updated,2026-09-02,cve_2026_to_now,2026-09-03T11:54:05+00:00
CVE-2026-62781,updated,2026-09-02,cve_2026_to_now,2026-09-03T11:54:05+00:00
CVE-2026-62782,updated,2026-09-02,cve_2026_to_now,2026-09-03T11:54:05+00:00
CVE-2026-62783,updated,2026-09-02,cve_2026_to_now,2026-09-03T11:54:05+00:00
CVE-2026-62784,updated,2026-09-02,cve_2026_to_now,2026-09-03T11:54:05+00:00
CVE-2026-62785,updated,2026-09-02,cve_2026_to_now,2026-09-03T11:54:05+00:00
CVE-2026-62786,updated,2026-09-02,cve_2026_to_now,2026-09-03T11:54:05+00:00
CVE-2026-62787,updated,2026-09-02,cve_2026_to_now,2026-09-03T11:54:05+00:00
CVE-2026-62788,updated,2026-09-02,cve_2026_to_now,2026-09-03T11:54:05+00:00
CVE-2026-62790,updated,2026-09-02,cve_2026_to_now,2026-09-03T11:54:05+00:00
CVE-2026-62792,updated,2026-09-02,cve_2026_to_now,2026-09-03T11:54:05+00:00
CVE-2026-62793,updated,2026-09-02,cve_2026_to_now,2026-09-03T11:54:05+00:00
CVE-2026-62795,updated,2026-09-02,cve_2026_to_now,2026-09-03T11:54:05+00:00
CVE-2026-62796,updated,2026-09-02,cve_2026_to_now,2026-09-03T11:54:05+00:00
CVE-2026-62797,updated,2026-09-02,cve_2026_to_now,2026-09-03T11:54:05+00:00
CVE-2026-62798,updated,2026-09-02,cve_2026_to_now,2026-09-03T11:54:05+00:00
CVE-2026-62799,updated,2026-09-02,cve_2026_to_now,2026-09-03T11:54:05+00:00
CVE-2026-62800,updated,2026-09-02,cve_2026_to_now,2026-09-03T11:54:05+00:00
CVE-2026-62803,updated,2026-09-02,cve_2026_to_now,2026-09-03T11:54:05+00:00
CVE-2026-62807,updated,2026-09-02,cve_2026_to_now,2026-09-03T11:54:05+00:00
CVE-2026-62811,updated,2026-09-02,cve_2026_to_now,2026-09-03T11:54:05+00:00
CVE-2026-62812,updated,2026-09-02,cve_2026_to_now,2026-09-03T11:54:05+00:00
CVE-2026-62814,updated,2026-09-02,cve_2026_to_now,2026-09-03T11:54:05+00:00
CVE-2026-62815,updated,2026-09-02,cve_2026_to_now,2026-09-03T11:54:05+00:00
CVE-2026-62816,updated,2026-09-02,cve_2026_to_now,2026-09-03T11:54:05+00:00
CVE-2026-62817,updated,2026-09-02,cve_2026_to_now,2026-09-03T11:54:05+00:00
CVE-2026-62818,updated,2026-09-02,cve_2026_to_now,2026-09-03T11:54:05+00:00
CVE-2026-62819,updated,2026-09-02,cve_2026_to_now,2026-09-03T11:54:05+00:00
CVE-2026-62820,updated,2026-09-02,cve_2026_to_now,2026-09-03T11:54:05+00:00
CVE-2026-62822,updated,2026-09-02,cve_2026_to_now,2026-09-03T11:54:05+00:00
CVE-2026-62823,updated,2026-09-02,cve_2026_to_now,2026-09-03T11:54:05+00:00
CVE-2026-62824,updated,2026-09-02,cve_2026_to_now,2026-09-03T11:54:05+00:00
CVE-2026-62825,updated,2026-09-02,cve_2026_to_now,2026-09-03T11:54:05+00:00
CVE-2026-62826,updated,2026-09-02,cve_2026_to_now,2026-09-03T11:54:05+00:00
CVE-2026-62827,updated,2026-09-02,cve_2026_to_now,2026-09-03T11:54:05+00:00
CVE-2026-62828,updated,2026-09-02,cve_2026_to_now,2026-09-03T11:54:05+00:00
CVE-2026-62829,updated,2026-09-02,cve_2026_to_now,2026-09-03T11:54:05+00:00
CVE-2026-62830,updated,2026-09-02,cve_2026_to_now,2026-09-03T11:54:05+00:00
CVE-2026-62832,updated,2026-09-02,cve_2026_to_now,2026-09-03T11:54:05+00:00
CVE-2026-62834,updated,2026-09-02,cve_2026_to_now,2026-09-03T11:54:05+00:00
CVE-2026-62835,updated,2026-09-02,cve_2026_to_now,2026-09-03T11:54:05+00:00
CVE-2026-62836,updated,2026-09-02,cve_2026_to_now,2026-09-03T11:54:05+00:00
CVE-2026-62837,updated,2026-09-02,cve_2026_to_now,2026-09-03T11:54:05+00:00
CVE-2026-62839,updated,2026-09-02,cve_2026_to_now,2026-09-03T11:54:05+00:00
CVE-2026-62842,updated,2026-09-02,cve_2026_to_now,2026-09-03T11:54:05+00:00
CVE-2026-62869,updated,2026-09-02,cve_2026_to_now,2026-09-03T11:54:05+00:00
CVE-2026-62870,updated,2026-09-02,cve_2026_to_now,2026-09-03T11:54:05+00:00
CVE-2026-62871,updated,2026-09-02,cve_2026_to_now,2026-09-03T11:54:05+00:00
CVE-2026-62872,updated,2026-09-02,cve_2026_to_now,2026-09-03T11:54:05+00:00
CVE-2026-62873,updated,2026-09-02,cve_2026_to_now,2026-09-03T11:54:05+00:00
CVE-2026-62876,updated,2026-09-02,cve_2026_to_now,2026-09-03T11:54:05+00:00
CVE-2026-62877,updated,2026-09-02,cve_2026_to_now,2026-09-03T11:54:05+00:00
CVE-2026-62878,updated,2026-09-02,cve_2026_to_now,2026-09-03T11:54:05+00:00
CVE-2026-62880,updated,2026-09-02,cve_2026_to_now,2026-09-03T11:54:05+00:00
CVE-2026-62881,updated,2026-09-02,cve_2026_to_now,2026-09-03T11:54:05+00:00
CVE-2026-62882,updated,2026-09-02,cve_2026_to_now,2026-09-03T11:54:05+00:00
CVE-2026-62883,updated,2026-09-02,cve_2026_to_now,2026-09-03T11:54:05+00:00
CVE-2026-62885,updated,2026-09-02,cve_2026_to_now,2026-09-03T11:54:05+00:00
CVE-2026-62886,updated,2026-09-02,cve_2026_to_now,2026-09-03T11:54:05+00:00
CVE-2026-62887,updated,2026-09-02,cve_2026_to_now,2026-09-03T11:54:05+00:00
CVE-2026-62888,updated,2026-09-02,cve_2026_to_now,2026-09-03T11:54:05+00:00
CVE-2026-62889,updated,2026-09-02,cve_2026_to_now,2026-09-03T11:54:05+00:00
CVE-2026-62890,updated,2026-09-02,cve_2026_to_now,2026-09-03T11:54:05+00:00
CVE-2026-62892,updated,2026-09-02,cve_2026_to_now,2026-09-03T11:54:05+00:00
CVE-2026-62893,updated,2026-09-02,cve_2026_to_now,2026-09-03T11:54:05+00:00
CVE-2026-62894,updated,2026-09-02,cve_2026_to_now,2026-09-03T11:54:05+00:00
CVE-2026-62896,updated,2026-09-02,cve_2026_to_now,2026-09-03T11:54:05+00:00
CVE-2026-62897,updated,2026-09-02,cve_2026_to_now,2026-09-03T11:54:05+00:00
CVE-2026-62898,updated,2026-09-02,cve_2026_to_now,2026-09-03T11:54:05+00:00
CVE-2026-62899,updated,2026-09-02,cve_2026_to_now,2026-09-03T11:54:05+00:00
CVE-2026-62900,updated,2026-09-02,cve_2026_to_now,2026-09-03T11:54:05+00:00
CVE-2026-62901,updated,2026-09-02,cve_2026_to_now,2026-09-03T11:54:05+00:00
CVE-2026-62902,updated,2026-09-02,cve_2026_to_now,2026-09-03T11:54:05+00:00
CVE-2026-62904,updated,2026-09-02,cve_2026_to_now,2026-09-03T11:54:05+00:00
CVE-2026-62908,updated,2026-09-02,cve_2026_to_now,2026-09-03T11:54:05+00:00
CVE-2026-62909,updated,2026-09-02,cve_2026_to_now,2026-09-03T11:54:05+00:00
CVE-2026-62910,updated,2026-09-02,cve_2026_to_now,2026-09-03T11:54:05+00:00
CVE-2026-62911,updated,2026-09-02,cve_2026_to_now,2026-09-03T11:54:05+00:00
CVE-2026-62912,updated,2026-09-02,cve_2026_to_now,2026-09-03T11:54:05+00:00
CVE-2026-62913,updated,2026-09-02,cve_2026_to_now,2026-09-03T11:54:05+00:00
CVE-2026-62914,updated,2026-09-02,cve_2026_to_now,2026-09-03T11:54:05+00:00
CVE-2026-62915,updated,2026-09-02,cve_2026_to_now,2026-09-03T11:54:05+00:00
CVE-2026-62917,updated,2026-09-02,cve_2026_to_now,2026-09-03T11:54:05+00:00
CVE-2026-62918,updated,2026-09-02,cve_2026_to_now,2026-09-03T11:54:05+00:00
CVE-2026-62993,updated,2026-09-02,cve_2026_to_now,2026-09-03T11:54:05+00:00
CVE-2026-63020,added,,cve_2026_to_now,2026-09-03T11:54:05+00:00
CVE-2026-63435,updated,2026-09-02,cve_2026_to_now,2026-09-03T11:54:05+00:00
CVE-2026-63508,updated,2026-09-02,cve_2026_to_now,2026-09-03T11:54:05+00:00
CVE-2026-63509,updated,2026-09-02,cve_2026_to_now,2026-09-03T11:54:05+00:00
CVE-2026-63512,updated,2026-09-02,cve_2026_to_now,2026-09-03T11:54:05+00:00
CVE-2026-63513,updated,2026-09-02,cve_2026_to_now,2026-09-03T11:54:05+00:00
CVE-2026-63514,updated,2026-09-02,cve_2026_to_now,2026-09-03T11:54:05+00:00
CVE-2026-63515,updated,2026-09-02,cve_2026_to_now,2026-09-03T11:54:05+00:00
CVE-2026-63516,updated,2026-09-02,cve_2026_to_now,2026-09-03T11:54:05+00:00
CVE-2026-63517,updated,2026-09-02,cve_2026_to_now,2026-09-03T11:54:05+00:00
CVE-2026-63518,updated,2026-09-02,cve_2026_to_now,2026-09-03T11:54:05+00:00
CVE-2026-63519,updated,2026-09-02,cve_2026_to_now,2026-09-03T11:54:05+00:00
CVE-2026-63520,updated,2026-09-02,cve_2026_to_now,2026-09-03T11:54:05+00:00
CVE-2026-63521,updated,2026-09-02,cve_2026_to_now,2026-09-03T11:54:05+00:00
CVE-2026-63522,updated,2026-09-02,cve_2026_to_now,2026-09-03T11:54:05+00:00
CVE-2026-63524,updated,2026-09-02,cve_2026_to_now,2026-09-03T11:54:05+00:00
CVE-2026-63525,updated,2026-09-02,cve_2026_to_now,2026-09-03T11:54:05+00:00
CVE-2026-63526,updated,2026-09-02,cve_2026_to_now,2026-09-03T11:54:05+00:00
CVE-2026-63527,updated,2026-09-02,cve_2026_to_now,2026-09-03T11:54:05+00:00
CVE-2026-63528,updated,2026-09-02,cve_2026_to_now,2026-09-03T11:54:05+00:00
CVE-2026-63529,updated,2026-09-02,cve_2026_to_now,2026-09-03T11:54:05+00:00
CVE-2026-63530,updated,2026-09-02,cve_2026_to_now,2026-09-03T11:54:05+00:00
CVE-2026-63531,updated,2026-09-02,cve_2026_to_now,2026-09-03T11:54:05+00:00
CVE-2026-63532,updated,2026-09-02,cve_2026_to_now,2026-09-03T11:54:05+00:00
CVE-2026-63533,updated,2026-09-02,cve_2026_to_now,2026-09-03T11:54:05+00:00
CVE-2026-64070,updated,2026-09-02,cve_2026_to_now,2026-09-03T11:54:05+00:00
CVE-2026-64082,updated,2026-09-02,cve_2026_to_now,2026-09-03T11:54:05+00:00
CVE-2026-64897,updated,2026-09-02,cve_2026_to_now,2026-09-03T11:54:05+00:00
CVE-2026-64898,updated,2026-09-02,cve_2026_to_now,2026-09-03T11:54:05+00:00
CVE-2026-64899,updated,2026-09-02,cve_2026_to_now,2026-09-03T11:54:05+00:00
CVE-2026-64900,updated,2026-09-02,cve_2026_to_now,2026-09-03T11:54:05+00:00
CVE-2026-64901,updated,2026-09-02,cve_2026_to_now,2026-09-03T11:54:05+00:00
CVE-2026-64902,updated,2026-09-02,cve_2026_to_now,2026-09-03T11:54:05+00:00
CVE-2026-64903,updated,2026-09-02,cve_2026_to_now,2026-09-03T11:54:05+00:00
CVE-2026-64904,updated,2026-09-02,cve_2026_to_now,2026-09-03T11:54:05+00:00
CVE-2026-64905,updated,2026-09-02,cve_2026_to_now,2026-09-03T11:54:05+00:00
CVE-2026-64906,updated,2026-09-02,cve_2026_to_now,2026-09-03T11:54:05+00:00
CVE-2026-64907,updated,2026-09-02,cve_2026_to_now,2026-09-03T11:54:05+00:00
CVE-2026-64908,updated,2026-09-02,cve_2026_to_now,2026-09-03T11:54:05+00:00
CVE-2026-64909,updated,2026-09-02,cve_2026_to_now,2026-09-03T11:54:05+00:00
CVE-2026-64910,updated,2026-09-02,cve_2026_to_now,2026-09-03T11:54:05+00:00
CVE-2026-64911,updated,2026-09-02,cve_2026_to_now,2026-09-03T11:54:05+00:00
CVE-2026-64912,updated,2026-09-02,cve_2026_to_now,2026-09-03T11:54:05+00:00
CVE-2026-64914,updated,2026-09-02,cve_2026_to_now,2026-09-03T11:54:05+00:00
CVE-2026-64915,updated,2026-09-02,cve_2026_to_now,2026-09-03T11:54:05+00:00
CVE-2026-64916,updated,2026-09-02,cve_2026_to_now,2026-09-03T11:54:05+00:00
CVE-2026-64917,updated,2026-09-02,cve_2026_to_now,2026-09-03T11:54:05+00:00
CVE-2026-64919,updated,2026-09-02,cve_2026_to_now,2026-09-03T11:54:05+00:00
CVE-2026-64920,updated,2026-09-02,cve_2026_to_now,2026-09-03T11:54:05+00:00
CVE-2026-64921,updated,2026-09-02,cve_2026_to_now,2026-09-03T11:54:05+00:00
CVE-2026-64922,updated,2026-09-02,cve_2026_to_now,2026-09-03T11:54:05+00:00
CVE-2026-65656,updated,2026-09-02,cve_2026_to_now,2026-09-03T11:54:05+00:00
CVE-2026-65657,updated,2026-09-02,cve_2026_to_now,2026-09-03T11:54:05+00:00
CVE-2026-65658,updated,2026-09-02,cve_2026_to_now,2026-09-03T11:54:05+00:00
CVE-2026-65660,updated,2026-09-02,cve_2026_to_now,2026-09-03T11:54:05+00:00
CVE-2026-65661,updated,2026-09-02,cve_2026_to_now,2026-09-03T11:54:05+00:00
CVE-2026-65662,updated,2026-09-02,cve_2026_to_now,2026-09-03T11:54:05+00:00
CVE-2026-65663,updated,2026-09-02,cve_2026_to_now,2026-09-03T11:54:05+00:00
CVE-2026-65664,updated,2026-09-02,cve_2026_to_now,2026-09-03T11:54:05+00:00
CVE-2026-65665,updated,2026-09-02,cve_2026_to_now,2026-09-03T11:54:05+00:00
CVE-2026-65667,updated,2026-09-02,cve_2026_to_now,2026-09-03T11:54:05+00:00
CVE-2026-65668,updated,2026-09-02,cve_2026_to_now,2026-09-03T11:54:05+00:00
CVE-2026-65671,updated,2026-09-02,cve_2026_to_now,2026-09-03T11:54:05+00:00
CVE-2026-65672,updated,2026-09-02,cve_2026_to_now,2026-09-03T11:54:05+00:00
CVE-2026-65673,updated,2026-09-02,cve_2026_to_now,2026-09-03T11:54:05+00:00
CVE-2026-65675,updated,2026-09-02,cve_2026_to_now,2026-09-03T11:54:05+00:00
CVE-2026-65678,updated,2026-09-02,cve_2026_to_now,2026-09-03T11:54:05+00:00
CVE-2026-65679,updated,2026-09-02,cve_2026_to_now,2026-09-03T11:54:05+00:00
CVE-2026-65680,updated,2026-09-02,cve_2026_to_now,2026-09-03T11:54:05+00:00
CVE-2026-65681,updated,2026-09-02,cve_2026_to_now,2026-09-03T11:54:05+00:00
CVE-2026-65767,updated,2026-09-02,cve_2026_to_now,2026-09-03T11:54:05+00:00
CVE-2026-65768,updated,2026-09-02,cve_2026_to_now,2026-09-03T11:54:05+00:00
CVE-2026-65769,updated,2026-09-02,cve_2026_to_now,2026-09-03T11:54:05+00:00
CVE-2026-65770,updated,2026-09-02,cve_2026_to_now,2026-09-03T11:54:05+00:00
CVE-2026-65773,updated,2026-09-02,cve_2026_to_now,2026-09-03T11:54:05+00:00
CVE-2026-65774,updated,2026-09-02,cve_2026_to_now,2026-09-03T11:54:05+00:00
CVE-2026-65775,updated,2026-09-02,cve_2026_to_now,2026-09-03T11:54:05+00:00
CVE-2026-65776,updated,2026-09-02,cve_2026_to_now,2026-09-03T11:54:05+00:00
CVE-2026-65777,updated,2026-09-02,cve_2026_to_now,2026-09-03T11:54:05+00:00
CVE-2026-65778,updated,2026-09-02,cve_2026_to_now,2026-09-03T11:54:05+00:00
CVE-2026-65779,updated,2026-09-02,cve_2026_to_now,2026-09-03T11:54:05+00:00
CVE-2026-65780,updated,2026-09-02,cve_2026_to_now,2026-09-03T11:54:05+00:00
CVE-2026-65781,updated,2026-09-02,cve_2026_to_now,2026-09-03T11:54:05+00:00
CVE-2026-65782,updated,2026-09-02,cve_2026_to_now,2026-09-03T11:54:05+00:00
CVE-2026-65783,updated,2026-09-02,cve_2026_to_now,2026-09-03T11:54:05+00:00
CVE-2026-65784,updated,2026-09-02,cve_2026_to_now,2026-09-03T11:54:05+00:00
CVE-2026-65785,updated,2026-09-02,cve_2026_to_now,2026-09-03T11:54:05+00:00
CVE-2026-65786,updated,2026-09-02,cve_2026_to_now,2026-09-03T11:54:05+00:00
CVE-2026-65787,updated,2026-09-02,cve_2026_to_now,2026-09-03T11:54:05+00:00
CVE-2026-65788,updated,2026-09-02,cve_2026_to_now,2026-09-03T11:54:05+00:00
CVE-2026-65789,updated,2026-09-02,cve_2026_to_now,2026-09-03T11:54:05+00:00
CVE-2026-65790,updated,2026-09-02,cve_2026_to_now,2026-09-03T11:54:05+00:00
CVE-2026-65791,updated,2026-09-02,cve_2026_to_now,2026-09-03T11:54:05+00:00
CVE-2026-65794,updated,2026-09-02,cve_2026_to_now,2026-09-03T11:54:05+00:00
CVE-2026-65795,updated,2026-09-02,cve_2026_to_now,2026-09-03T11:54:05+00:00
CVE-2026-65796,updated,2026-09-02,cve_2026_to_now,2026-09-03T11:54:05+00:00
CVE-2026-65797,updated,2026-09-02,cve_2026_to_now,2026-09-03T11:54:05+00:00
CVE-2026-65798,updated,2026-09-02,cve_2026_to_now,2026-09-03T11:54:05+00:00
CVE-2026-65799,updated,2026-09-02,cve_2026_to_now,2026-09-03T11:54:05+00:00
CVE-2026-65801,updated,2026-09-02,cve_2026_to_now,2026-09-03T11:54:05+00:00
CVE-2026-65802,updated,2026-09-02,cve_2026_to_now,2026-09-03T11:54:05+00:00
CVE-2026-65804,updated,2026-09-02,cve_2026_to_now,2026-09-03T11:54:05+00:00
CVE-2026-65806,updated,2026-09-02,cve_2026_to_now,2026-09-03T11:54:05+00:00
CVE-2026-65807,updated,2026-09-02,cve_2026_to_now,2026-09-03T11:54:05+00:00
CVE-2026-65810,updated,2026-09-02,cve_2026_to_now,2026-09-03T11:54:05+00:00
CVE-2026-65811,updated,2026-09-02,cve_2026_to_now,2026-09-03T11:54:05+00:00
CVE-2026-65813,updated,2026-09-02,cve_2026_to_now,2026-09-03T11:54:05+00:00
CVE-2026-65814,updated,2026-09-02,cve_2026_to_now,2026-09-03T11:54:05+00:00
CVE-2026-65815,updated,2026-09-02,cve_2026_to_now,2026-09-03T11:54:05+00:00
CVE-2026-65816,updated,2026-09-02,cve_2026_to_now,2026-09-03T11:54:05+00:00
CVE-2026-66047,updated,2026-09-02,cve_2026_to_now,2026-09-03T11:54:05+00:00
CVE-2026-66301,updated,2026-09-02,cve_2026_to_now,2026-09-03T11:54:05+00:00
CVE-2026-66309,updated,2026-09-02,cve_2026_to_now,2026-09-03T11:54:05+00:00
CVE-2026-66310,updated,2026-09-02,cve_2026_to_now,2026-09-03T11:54:05+00:00
CVE-2026-66311,updated,2026-09-02,cve_2026_to_now,2026-09-03T11:54:05+00:00
CVE-2026-66312,updated,2026-09-02,cve_2026_to_now,2026-09-03T11:54:05+00:00
CVE-2026-66313,updated,2026-09-02,cve_2026_to_now,2026-09-03T11:54:05+00:00
CVE-2026-66314,updated,2026-09-02,cve_2026_to_now,2026-09-03T11:54:05+00:00
CVE-2026-66315,updated,2026-09-02,cve_2026_to_now,2026-09-03T11:54:05+00:00
CVE-2026-66316,updated,2026-09-02,cve_2026_to_now,2026-09-03T11:54:05+00:00
CVE-2026-66317,updated,2026-09-02,cve_2026_to_now,2026-09-03T11:54:05+00:00
CVE-2026-66318,updated,2026-09-02,cve_2026_to_now,2026-09-03T11:54:05+00:00
CVE-2026-66321,updated,2026-09-02,cve_2026_to_now,2026-09-03T11:54:05+00:00
CVE-2026-66322,updated,2026-09-02,cve_2026_to_now,2026-09-03T11:54:05+00:00
CVE-2026-66323,updated,2026-09-02,cve_2026_to_now,2026-09-03T11:54:05+00:00
CVE-2026-66324,updated,2026-09-02,cve_2026_to_now,2026-09-03T11:54:05+00:00
CVE-2026-66325,updated,2026-09-02,cve_2026_to_now,2026-09-03T11:54:05+00:00
CVE-2026-66326,updated,2026-09-02,cve_2026_to_now,2026-09-03T11:54:05+00:00
CVE-2026-66362,added,2026-09-03,cve_2026_to_now,2026-09-03T11:54:05+00:00
CVE-2026-66652,added,,cve_2026_to_now,2026-09-03T11:54:05+00:00
CVE-2026-66780,updated,2026-09-03,cve_2026_to_now,2026-09-03T11:54:05+00:00
CVE-2026-66781,updated,2026-09-03,cve_2026_to_now,2026-09-03T11:54:05+00:00
CVE-2026-66782,updated,2026-09-03,cve_2026_to_now,2026-09-03T11:54:05+00:00
CVE-2026-66783,updated,2026-09-03,cve_2026_to_now,2026-09-03T11:54:05+00:00
CVE-2026-66785,updated,2026-09-03,cve_2026_to_now,2026-09-03T11:54:05+00:00
CVE-2026-66786,added,2026-09-03,cve_2026_to_now,2026-09-03T11:54:05+00:00
CVE-2026-66787,updated,2026-09-03,cve_2026_to_now,2026-09-03T11:54:05+00:00
CVE-2026-66788,updated,2026-09-03,cve_2026_to_now,2026-09-03T11:54:05+00:00
CVE-2026-66798,updated,2026-09-02,cve_2026_to_now,2026-09-03T11:54:05+00:00
CVE-2026-66799,updated,2026-09-02,cve_2026_to_now,2026-09-03T11:54:05+00:00
CVE-2026-66800,updated,2026-09-02,cve_2026_to_now,2026-09-03T11:54:05+00:00
CVE-2026-66802,updated,2026-09-02,cve_2026_to_now,2026-09-03T11:54:05+00:00
CVE-2026-66803,updated,2026-09-02,cve_2026_to_now,2026-09-03T11:54:05+00:00
CVE-2026-66804,updated,2026-09-02,cve_2026_to_now,2026-09-03T11:54:05+00:00
CVE-2026-66805,updated,2026-09-02,cve_2026_to_now,2026-09-03T11:54:05+00:00
CVE-2026-66806,updated,2026-09-02,cve_2026_to_now,2026-09-03T11:54:05+00:00
CVE-2026-66807,updated,2026-09-02,cve_2026_to_now,2026-09-03T11:54:05+00:00
CVE-2026-66808,updated,2026-09-02,cve_2026_to_now,2026-09-03T11:54:05+00:00
CVE-2026-66809,updated,2026-09-02,cve_2026_to_now,2026-09-03T11:54:05+00:00
CVE-2026-66810,updated,2026-09-02,cve_2026_to_now,2026-09-03T11:54:05+00:00
CVE-2026-66842,added,2026-09-03,cve_2026_to_now,2026-09-03T11:54:05+00:00
CVE-2026-68476,updated,2026-09-02,cve_2026_to_now,2026-09-03T11:54:05+00:00
CVE-2026-68782,updated,2026-09-02,cve_2026_to_now,2026-09-03T11:54:05+00:00
CVE-2026-68789,updated,2026-09-02,cve_2026_to_now,2026-09-03T11:54:05+00:00
CVE-2026-68792,updated,2026-09-02,cve_2026_to_now,2026-09-03T11:54:05+00:00
CVE-2026-68793,updated,2026-09-02,cve_2026_to_now,2026-09-03T11:54:05+00:00
CVE-2026-68794,updated,2026-09-02,cve_2026_to_now,2026-09-03T11:54:05+00:00
CVE-2026-68795,updated,2026-09-02,cve_2026_to_now,2026-09-03T11:54:05+00:00
CVE-2026-68796,updated,2026-09-02,cve_2026_to_now,2026-09-03T11:54:05+00:00
CVE-2026-68797,updated,2026-09-02,cve_2026_to_now,2026-09-03T11:54:05+00:00
CVE-2026-68798,updated,2026-09-02,cve_2026_to_now,2026-09-03T11:54:05+00:00
CVE-2026-68799,updated,2026-09-02,cve_2026_to_now,2026-09-03T11:54:05+00:00
CVE-2026-68800,updated,2026-09-02,cve_2026_to_now,2026-09-03T11:54:05+00:00
CVE-2026-68801,updated,2026-09-02,cve_2026_to_now,2026-09-03T11:54:05+00:00
CVE-2026-68802,updated,2026-09-02,cve_2026_to_now,2026-09-03T11:54:05+00:00
CVE-2026-68803,updated,2026-09-02,cve_2026_to_now,2026-09-03T11:54:05+00:00
CVE-2026-68804,updated,2026-09-02,cve_2026_to_now,2026-09-03T11:54:05+00:00
CVE-2026-68805,updated,2026-09-02,cve_2026_to_now,2026-09-03T11:54:05+00:00
CVE-2026-68806,updated,2026-09-02,cve_2026_to_now,2026-09-03T11:54:05+00:00
CVE-2026-68807,updated,2026-09-02,cve_2026_to_now,2026-09-03T11:54:05+00:00
CVE-2026-68808,updated,2026-09-02,cve_2026_to_now,2026-09-03T11:54:05+00:00
CVE-2026-68809,updated,2026-09-02,cve_2026_to_now,2026-09-03T11:54:05+00:00
CVE-2026-68810,updated,2026-09-02,cve_2026_to_now,2026-09-03T11:54:05+00:00
CVE-2026-68811,updated,2026-09-02,cve_2026_to_now,2026-09-03T11:54:05+00:00
CVE-2026-68812,updated,2026-09-02,cve_2026_to_now,2026-09-03T11:54:05+00:00
CVE-2026-68813,updated,2026-09-02,cve_2026_to_now,2026-09-03T11:54:05+00:00
CVE-2026-68814,updated,2026-09-02,cve_2026_to_now,2026-09-03T11:54:05+00:00
CVE-2026-68815,updated,2026-09-02,cve_2026_to_now,2026-09-03T11:54:05+00:00
CVE-2026-68816,updated,2026-09-02,cve_2026_to_now,2026-09-03T11:54:05+00:00
CVE-2026-68817,updated,2026-09-02,cve_2026_to_now,2026-09-03T11:54:05+00:00
CVE-2026-68819,updated,2026-09-02,cve_2026_to_now,2026-09-03T11:54:05+00:00
CVE-2026-68820,updated,2026-09-02,cve_2026_to_now,2026-09-03T11:54:05+00:00
CVE-2026-68821,updated,2026-09-02,cve_2026_to_now,2026-09-03T11:54:05+00:00
CVE-2026-68823,updated,2026-09-02,cve_2026_to_now,2026-09-03T11:54:05+00:00
CVE-2026-68860,added,,cve_2026_to_now,2026-09-03T11:54:05+00:00
CVE-2026-69248,updated,2026-09-02,cve_2026_to_now,2026-09-03T11:54:05+00:00
CVE-2026-69278,updated,2026-09-02,cve_2026_to_now,2026-09-03T11:54:05+00:00
CVE-2026-69306,updated,2026-09-02,cve_2026_to_now,2026-09-03T11:54:05+00:00
CVE-2026-69320,updated,2026-09-02,cve_2026_to_now,2026-09-03T11:54:05+00:00
CVE-2026-69400,updated,2026-09-02,cve_2026_to_now,2026-09-03T11:54:05+00:00
CVE-2026-69414,updated,2026-09-02,cve_2026_to_now,2026-09-03T11:54:05+00:00
CVE-2026-69419,updated,2026-09-02,cve_2026_to_now,2026-09-03T11:54:05+00:00
CVE-2026-69502,updated,2026-09-02,cve_2026_to_now,2026-09-03T11:54:05+00:00
CVE-2026-69519,updated,2026-09-02,cve_2026_to_now,2026-09-03T11:54:05+00:00
CVE-2026-69543,updated,2026-09-02,cve_2026_to_now,2026-09-03T11:54:05+00:00
CVE-2026-69550,updated,2026-09-02,cve_2026_to_now,2026-09-03T11:54:05+00:00
CVE-2026-69555,updated,2026-09-02,cve_2026_to_now,2026-09-03T11:54:05+00:00
CVE-2026-69558,updated,2026-09-02,cve_2026_to_now,2026-09-03T11:54:05+00:00
CVE-2026-69836,updated,2026-09-02,cve_2026_to_now,2026-09-03T11:54:05+00:00
CVE-2026-69851,updated,2026-09-02,cve_2026_to_now,2026-09-03T11:54:05+00:00
CVE-2026-69855,updated,2026-09-02,cve_2026_to_now,2026-09-03T11:54:05+00:00
CVE-2026-70105,updated,2026-09-02,cve_2026_to_now,2026-09-03T11:54:05+00:00
CVE-2026-70130,updated,2026-09-02,cve_2026_to_now,2026-09-03T11:54:05+00:00
CVE-2026-70304,updated,2026-09-02,cve_2026_to_now,2026-09-03T11:54:05+00:00
CVE-2026-70306,updated,2026-09-02,cve_2026_to_now,2026-09-03T11:54:05+00:00
CVE-2026-70307,updated,2026-09-02,cve_2026_to_now,2026-09-03T11:54:05+00:00
CVE-2026-70309,updated,2026-09-02,cve_2026_to_now,2026-09-03T11:54:05+00:00
CVE-2026-70310,updated,2026-09-02,cve_2026_to_now,2026-09-03T11:54:05+00:00
CVE-2026-70311,updated,2026-09-02,cve_2026_to_now,2026-09-03T11:54:05+00:00
CVE-2026-70312,updated,2026-09-02,cve_2026_to_now,2026-09-03T11:54:05+00:00
CVE-2026-70313,updated,2026-09-02,cve_2026_to_now,2026-09-03T11:54:05+00:00
CVE-2026-70314,updated,2026-09-02,cve_2026_to_now,2026-09-03T11:54:05+00:00
CVE-2026-70315,updated,2026-09-02,cve_2026_to_now,2026-09-03T11:54:05+00:00
CVE-2026-70316,updated,2026-09-02,cve_2026_to_now,2026-09-03T11:54:05+00:00
CVE-2026-70317,updated,2026-09-02,cve_2026_to_now,2026-09-03T11:54:05+00:00
CVE-2026-70318,updated,2026-09-02,cve_2026_to_now,2026-09-03T11:54:05+00:00
CVE-2026-70319,updated,2026-09-02,cve_2026_to_now,2026-09-03T11:54:05+00:00
CVE-2026-70320,updated,2026-09-02,cve_2026_to_now,2026-09-03T11:54:05+00:00
CVE-2026-70321,updated,2026-09-02,cve_2026_to_now,2026-09-03T11:54:05+00:00
CVE-2026-70322,updated,2026-09-02,cve_2026_to_now,2026-09-03T11:54:05+00:00
CVE-2026-70323,updated,2026-09-02,cve_2026_to_now,2026-09-03T11:54:05+00:00
CVE-2026-70324,updated,2026-09-02,cve_2026_to_now,2026-09-03T11:54:05+00:00
CVE-2026-70325,updated,2026-09-02,cve_2026_to_now,2026-09-03T11:54:05+00:00
CVE-2026-70326,updated,2026-09-02,cve_2026_to_now,2026-09-03T11:54:05+00:00
CVE-2026-70327,updated,2026-09-02,cve_2026_to_now,2026-09-03T11:54:05+00:00
CVE-2026-70328,updated,2026-09-02,cve_2026_to_now,2026-09-03T11:54:05+00:00
CVE-2026-70329,updated,2026-09-02,cve_2026_to_now,2026-09-03T11:54:05+00:00
CVE-2026-70330,updated,2026-09-02,cve_2026_to_now,2026-09-03T11:54:05+00:00
CVE-2026-70331,updated,2026-09-02,cve_2026_to_now,2026-09-03T11:54:05+00:00
CVE-2026-70332,updated,2026-09-02,cve_2026_to_now,2026-09-03T11:54:05+00:00
CVE-2026-70335,updated,2026-09-02,cve_2026_to_now,2026-09-03T11:54:05+00:00
CVE-2026-70336,updated,2026-09-02,cve_2026_to_now,2026-09-03T11:54:05+00:00
CVE-2026-70337,updated,2026-09-02,cve_2026_to_now,2026-09-03T11:54:05+00:00
CVE-2026-70338,updated,2026-09-02,cve_2026_to_now,2026-09-03T11:54:05+00:00
CVE-2026-70339,updated,2026-09-02,cve_2026_to_now,2026-09-03T11:54:05+00:00
CVE-2026-70340,updated,2026-09-02,cve_2026_to_now,2026-09-03T11:54:05+00:00
CVE-2026-70344,updated,2026-09-02,cve_2026_to_now,2026-09-03T11:54:05+00:00
CVE-2026-70345,updated,2026-09-02,cve_2026_to_now,2026-09-03T11:54:05+00:00
CVE-2026-70346,updated,2026-09-02,cve_2026_to_now,2026-09-03T11:54:05+00:00
CVE-2026-70347,updated,2026-09-02,cve_2026_to_now,2026-09-03T11:54:05+00:00
CVE-2026-70348,updated,2026-09-02,cve_2026_to_now,2026-09-03T11:54:05+00:00
CVE-2026-70354,updated,2026-09-02,cve_2026_to_now,2026-09-03T11:54:05+00:00
CVE-2026-70355,updated,2026-09-02,cve_2026_to_now,2026-09-03T11:54:05+00:00
CVE-2026-71331,updated,2026-09-02,cve_2026_to_now,2026-09-03T11:54:05+00:00
CVE-2026-71474,updated,2026-09-02,cve_2026_to_now,2026-09-03T11:54:05+00:00
CVE-2026-71475,updated,2026-09-02,cve_2026_to_now,2026-09-03T11:54:05+00:00
CVE-2026-71981,updated,2026-09-02,cve_2026_to_now,2026-09-03T11:54:05+00:00
CVE-2026-72168,updated,2026-09-02,cve_2026_to_now,2026-09-03T11:54:05+00:00
CVE-2026-72323,updated,2026-09-02,cve_2026_to_now,2026-09-03T11:54:05+00:00
CVE-2026-72970,updated,2026-09-02,cve_2026_to_now,2026-09-03T11:54:05+00:00
CVE-2026-72971,updated,2026-09-02,cve_2026_to_now,2026-09-03T11:54:05+00:00
CVE-2026-72984,updated,2026-09-02,cve_2026_to_now,2026-09-03T11:54:05+00:00
CVE-2026-73266,updated,2026-09-02,cve_2026_to_now,2026-09-03T11:54:05+00:00
CVE-2026-73267,updated,2026-09-02,cve_2026_to_now,2026-09-03T11:54:05+00:00
CVE-2026-73474,added,,cve_2026_to_now,2026-09-03T11:54:05+00:00
CVE-2026-73475,added,,cve_2026_to_now,2026-09-03T11:54:05+00:00
CVE-2026-73476,added,,cve_2026_to_now,2026-09-03T11:54:05+00:00
CVE-2026-73477,added,,cve_2026_to_now,2026-09-03T11:54:05+00:00
CVE-2026-73478,added,,cve_2026_to_now,2026-09-03T11:54:05+00:00
CVE-2026-73600,added,,cve_2026_to_now,2026-09-03T11:54:05+00:00
CVE-2026-73700,updated,2026-09-02,cve_2026_to_now,2026-09-03T11:54:05+00:00
CVE-2026-73701,updated,2026-09-02,cve_2026_to_now,2026-09-03T11:54:05+00:00
CVE-2026-73702,updated,2026-09-02,cve_2026_to_now,2026-09-03T11:54:05+00:00
CVE-2026-73703,updated,2026-09-02,cve_2026_to_now,2026-09-03T11:54:05+00:00
CVE-2026-73704,updated,2026-09-02,cve_2026_to_now,2026-09-03T11:54:05+00:00
CVE-2026-73705,updated,2026-09-02,cve_2026_to_now,2026-09-03T11:54:05+00:00
CVE-2026-73706,updated,2026-09-02,cve_2026_to_now,2026-09-03T11:54:05+00:00
CVE-2026-73707,updated,2026-09-02,cve_2026_to_now,2026-09-03T11:54:05+00:00
CVE-2026-73708,updated,2026-09-02,cve_2026_to_now,2026-09-03T11:54:05+00:00
CVE-2026-73709,updated,2026-09-02,cve_2026_to_now,2026-09-03T11:54:05+00:00
CVE-2026-73710,updated,2026-09-02,cve_2026_to_now,2026-09-03T11:54:05+00:00
CVE-2026-73711,updated,2026-09-02,cve_2026_to_now,2026-09-03T11:54:05+00:00
CVE-2026-73712,updated,2026-09-02,cve_2026_to_now,2026-09-03T11:54:05+00:00
CVE-2026-73713,updated,2026-09-02,cve_2026_to_now,2026-09-03T11:54:05+00:00
CVE-2026-73714,updated,2026-09-02,cve_2026_to_now,2026-09-03T11:54:05+00:00
CVE-2026-73715,updated,2026-09-02,cve_2026_to_now,2026-09-03T11:54:05+00:00
CVE-2026-73716,updated,2026-09-02,cve_2026_to_now,2026-09-03T11:54:05+00:00
CVE-2026-73717,updated,2026-09-02,cve_2026_to_now,2026-09-03T11:54:05+00:00
CVE-2026-73718,updated,2026-09-02,cve_2026_to_now,2026-09-03T11:54:05+00:00
CVE-2026-73719,updated,2026-09-02,cve_2026_to_now,2026-09-03T11:54:05+00:00
CVE-2026-73720,updated,2026-09-02,cve_2026_to_now,2026-09-03T11:54:05+00:00
CVE-2026-73721,updated,2026-09-02,cve_2026_to_now,2026-09-03T11:54:05+00:00
CVE-2026-73722,updated,2026-09-02,cve_2026_to_now,2026-09-03T11:54:05+00:00
CVE-2026-73723,updated,2026-09-02,cve_2026_to_now,2026-09-03T11:54:05+00:00
CVE-2026-73724,updated,2026-09-02,cve_2026_to_now,2026-09-03T11:54:05+00:00
CVE-2026-73725,updated,2026-09-02,cve_2026_to_now,2026-09-03T11:54:05+00:00
CVE-2026-73726,updated,2026-09-02,cve_2026_to_now,2026-09-03T11:54:05+00:00
CVE-2026-73727,updated,2026-09-02,cve_2026_to_now,2026-09-03T11:54:05+00:00
CVE-2026-73728,updated,2026-09-02,cve_2026_to_now,2026-09-03T11:54:05+00:00
CVE-2026-73729,updated,2026-09-02,cve_2026_to_now,2026-09-03T11:54:05+00:00
CVE-2026-73730,updated,2026-09-02,cve_2026_to_now,2026-09-03T11:54:05+00:00
CVE-2026-73731,updated,2026-09-02,cve_2026_to_now,2026-09-03T11:54:05+00:00
CVE-2026-73745,updated,2026-09-02,cve_2026_to_now,2026-09-03T11:54:05+00:00
CVE-2026-73749,updated,2026-09-03,cve_2026_to_now,2026-09-03T11:54:05+00:00
CVE-2026-73750,updated,2026-09-03,cve_2026_to_now,2026-09-03T11:54:05+00:00
CVE-2026-73751,updated,2026-09-03,cve_2026_to_now,2026-09-03T11:54:05+00:00
CVE-2026-73752,updated,2026-09-03,cve_2026_to_now,2026-09-03T11:54:05+00:00
CVE-2026-73753,updated,2026-09-03,cve_2026_to_now,2026-09-03T11:54:05+00:00
CVE-2026-73754,updated,2026-09-02,cve_2026_to_now,2026-09-03T11:54:05+00:00
CVE-2026-73755,updated,2026-09-03,cve_2026_to_now,2026-09-03T11:54:05+00:00
CVE-2026-73756,updated,2026-09-02,cve_2026_to_now,2026-09-03T11:54:05+00:00
CVE-2026-73757,updated,2026-09-02,cve_2026_to_now,2026-09-03T11:54:05+00:00
CVE-2026-73758,updated,2026-09-03,cve_2026_to_now,2026-09-03T11:54:05+00:00
CVE-2026-73759,updated,2026-09-02,cve_2026_to_now,2026-09-03T11:54:05+00:00
CVE-2026-73760,updated,2026-09-02,cve_2026_to_now,2026-09-03T11:54:05+00:00
CVE-2026-73761,updated,2026-09-02,cve_2026_to_now,2026-09-03T11:54:05+00:00
CVE-2026-73762,updated,2026-09-02,cve_2026_to_now,2026-09-03T11:54:05+00:00
CVE-2026-73763,updated,2026-09-03,cve_2026_to_now,2026-09-03T11:54:05+00:00
CVE-2026-73764,updated,2026-09-02,cve_2026_to_now,2026-09-03T11:54:05+00:00
CVE-2026-73765,updated,2026-09-03,cve_2026_to_now,2026-09-03T11:54:05+00:00
CVE-2026-73766,updated,2026-09-03,cve_2026_to_now,2026-09-03T11:54:05+00:00
CVE-2026-73767,updated,2026-09-03,cve_2026_to_now,2026-09-03T11:54:05+00:00
CVE-2026-73768,updated,2026-09-03,cve_2026_to_now,2026-09-03T11:54:05+00:00
CVE-2026-73770,updated,2026-09-03,cve_2026_to_now,2026-09-03T11:54:05+00:00
CVE-2026-73771,updated,2026-09-03,cve_2026_to_now,2026-09-03T11:54:05+00:00
CVE-2026-73772,updated,2026-09-02,cve_2026_to_now,2026-09-03T11:54:05+00:00
CVE-2026-73773,updated,2026-09-02,cve_2026_to_now,2026-09-03T11:54:05+00:00
CVE-2026-73774,updated,2026-09-02,cve_2026_to_now,2026-09-03T11:54:05+00:00
CVE-2026-73775,updated,2026-09-02,cve_2026_to_now,2026-09-03T11:54:05+00:00
CVE-2026-73776,updated,2026-09-03,cve_2026_to_now,2026-09-03T11:54:05+00:00
CVE-2026-73777,updated,2026-09-03,cve_2026_to_now,2026-09-03T11:54:05+00:00
CVE-2026-73778,updated,2026-09-03,cve_2026_to_now,2026-09-03T11:54:05+00:00
CVE-2026-73779,updated,2026-09-03,cve_2026_to_now,2026-09-03T11:54:05+00:00
CVE-2026-73780,updated,2026-09-03,cve_2026_to_now,2026-09-03T11:54:05+00:00
CVE-2026-73781,updated,2026-09-03,cve_2026_to_now,2026-09-03T11:54:05+00:00
CVE-2026-73782,updated,2026-09-03,cve_2026_to_now,2026-09-03T11:54:05+00:00
CVE-2026-73783,updated,2026-09-02,cve_2026_to_now,2026-09-03T11:54:05+00:00
CVE-2026-73841,updated,2026-09-02,cve_2026_to_now,2026-09-03T11:54:05+00:00
CVE-2026-74010,updated,2026-09-02,cve_2026_to_now,2026-09-03T11:54:05+00:00
CVE-2026-74753,updated,2026-09-02,cve_2026_to_now,2026-09-03T11:54:05+00:00
CVE-2026-74768,added,,cve_2026_to_now,2026-09-03T11:54:05+00:00
CVE-2026-74769,added,,cve_2026_to_now,2026-09-03T11:54:05+00:00
CVE-2026-75134,added,,cve_2026_to_now,2026-09-03T11:54:05+00:00
CVE-2026-75135,added,,cve_2026_to_now,2026-09-03T11:54:05+00:00
CVE-2026-75136,added,,cve_2026_to_now,2026-09-03T11:54:05+00:00
CVE-2026-75137,added,,cve_2026_to_now,2026-09-03T11:54:05+00:00
CVE-2026-75485,updated,2026-09-02,cve_2026_to_now,2026-09-03T11:54:05+00:00
CVE-2026-75528,updated,,cve_2026_to_now,2026-09-03T11:54:05+00:00
CVE-2026-75569,updated,2026-09-02,cve_2026_to_now,2026-09-03T11:54:05+00:00
CVE-2026-75604,updated,2026-09-03,cve_2026_to_now,2026-09-03T11:54:05+00:00
CVE-2026-76006,updated,2026-09-02,cve_2026_to_now,2026-09-03T11:54:05+00:00
CVE-2026-76174,added,,cve_2026_to_now,2026-09-03T11:54:05+00:00
CVE-2026-76175,added,,cve_2026_to_now,2026-09-03T11:54:05+00:00
CVE-2026-76176,added,,cve_2026_to_now,2026-09-03T11:54:05+00:00
CVE-2026-76177,added,,cve_2026_to_now,2026-09-03T11:54:05+00:00
CVE-2026-76178,added,,cve_2026_to_now,2026-09-03T11:54:05+00:00
CVE-2026-76642,added,,cve_2026_to_now,2026-09-03T11:54:05+00:00
CVE-2026-76755,added,,cve_2026_to_now,2026-09-03T11:54:05+00:00
CVE-2026-76756,added,,cve_2026_to_now,2026-09-03T11:54:05+00:00
CVE-2026-76757,added,,cve_2026_to_now,2026-09-03T11:54:05+00:00
CVE-2026-76758,added,,cve_2026_to_now,2026-09-03T11:54:05+00:00
CVE-2026-76759,added,,cve_2026_to_now,2026-09-03T11:54:05+00:00
CVE-2026-76782,added,,cve_2026_to_now,2026-09-03T11:54:05+00:00
CVE-2026-76851,updated,2026-09-02,cve_2026_to_now,2026-09-03T11:54:05+00:00
CVE-2026-77009,added,,cve_2026_to_now,2026-09-03T11:54:05+00:00
CVE-2026-77121,added,,cve_2026_to_now,2026-09-03T11:54:05+00:00
CVE-2026-77122,added,,cve_2026_to_now,2026-09-03T11:54:05+00:00
CVE-2026-77123,added,,cve_2026_to_now,2026-09-03T11:54:05+00:00
CVE-2026-77124,added,,cve_2026_to_now,2026-09-03T11:54:05+00:00
CVE-2026-77125,added,,cve_2026_to_now,2026-09-03T11:54:05+00:00
CVE-2026-77180,added,2026-09-03,cve_2026_to_now,2026-09-03T11:54:05+00:00
CVE-2026-77189,updated,2026-09-02,cve_2026_to_now,2026-09-03T11:54:05+00:00
CVE-2026-77793,added,,cve_2026_to_now,2026-09-03T11:54:05+00:00
CVE-2026-77794,added,,cve_2026_to_now,2026-09-03T11:54:05+00:00
CVE-2026-78153,added,,cve_2026_to_now,2026-09-03T11:54:05+00:00
CVE-2026-78222,added,,cve_2026_to_now,2026-09-03T11:54:05+00:00
CVE-2026-78408,added,,cve_2026_to_now,2026-09-03T11:54:05+00:00
CVE-2026-78409,added,,cve_2026_to_now,2026-09-03T11:54:05+00:00
CVE-2026-78410,added,,cve_2026_to_now,2026-09-03T11:54:05+00:00
CVE-2026-78584,added,,cve_2026_to_now,2026-09-03T11:54:05+00:00
CVE-2026-78586,added,,cve_2026_to_now,2026-09-03T11:54:05+00:00
CVE-2026-78587,added,,cve_2026_to_now,2026-09-03T11:54:05+00:00
CVE-2026-78588,added,,cve_2026_to_now,2026-09-03T11:54:05+00:00
CVE-2026-78590,added,,cve_2026_to_now,2026-09-03T11:54:05+00:00
CVE-2026-78591,added,,cve_2026_to_now,2026-09-03T11:54:05+00:00
CVE-2026-78594,added,,cve_2026_to_now,2026-09-03T11:54:05+00:00
CVE-2026-78598,added,,cve_2026_to_now,2026-09-03T11:54:05+00:00
CVE-2026-78599,added,,cve_2026_to_now,2026-09-03T11:54:05+00:00
CVE-2026-78600,added,,cve_2026_to_now,2026-09-03T11:54:05+00:00
CVE-2026-78601,added,,cve_2026_to_now,2026-09-03T11:54:05+00:00
CVE-2026-78602,added,,cve_2026_to_now,2026-09-03T11:54:05+00:00
CVE-2026-78604,added,2026-09-03,cve_2026_to_now,2026-09-03T11:54:05+00:00
CVE-2026-78609,added,,cve_2026_to_now,2026-09-03T11:54:05+00:00
CVE-2026-78662,added,,cve_2026_to_now,2026-09-03T11:54:05+00:00
CVE-2026-78689,added,2026-09-03,cve_2026_to_now,2026-09-03T11:54:05+00:00
CVE-2026-79679,added,,cve_2026_to_now,2026-09-03T11:54:05+00:00
CVE-2026-79745,updated,2026-09-02,cve_2026_to_now,2026-09-03T11:54:05+00:00
CVE-2026-79750,updated,2026-09-02,cve_2026_to_now,2026-09-03T11:54:05+00:00
CVE-2026-79754,added,,cve_2026_to_now,2026-09-03T11:54:05+00:00
CVE-2026-79755,added,,cve_2026_to_now,2026-09-03T11:54:05+00:00
CVE-2026-79756,added,,cve_2026_to_now,2026-09-03T11:54:05+00:00
CVE-2026-79989,added,,cve_2026_to_now,2026-09-03T11:54:05+00:00
CVE-2026-79990,added,,cve_2026_to_now,2026-09-03T11:54:05+00:00
CVE-2026-79991,added,,cve_2026_to_now,2026-09-03T11:54:05+00:00
CVE-2026-80101,updated,2026-09-02,cve_2026_to_now,2026-09-03T11:54:05+00:00
CVE-2026-80253,added,,cve_2026_to_now,2026-09-03T11:54:05+00:00
CVE-2026-80254,added,,cve_2026_to_now,2026-09-03T11:54:05+00:00
CVE-2026-80465,added,,cve_2026_to_now,2026-09-03T11:54:05+00:00
CVE-2026-80726,added,,cve_2026_to_now,2026-09-03T11:54:05+00:00
CVE-2026-80727,added,,cve_2026_to_now,2026-09-03T11:54:05+00:00
CVE-2026-80728,added,,cve_2026_to_now,2026-09-03T11:54:05+00:00
CVE-2026-80729,added,,cve_2026_to_now,2026-09-03T11:54:05+00:00
CVE-2026-80730,added,,cve_2026_to_now,2026-09-03T11:54:05+00:00
CVE-2026-80731,added,,cve_2026_to_now,2026-09-03T11:54:05+00:00
CVE-2026-80732,added,,cve_2026_to_now,2026-09-03T11:54:05+00:00
CVE-2026-80733,added,,cve_2026_to_now,2026-09-03T11:54:05+00:00
CVE-2026-80734,added,,cve_2026_to_now,2026-09-03T11:54:05+00:00
CVE-2026-80735,added,,cve_2026_to_now,2026-09-03T11:54:05+00:00
CVE-2026-80736,added,,cve_2026_to_now,2026-09-03T11:54:05+00:00
CVE-2026-80737,added,,cve_2026_to_now,2026-09-03T11:54:05+00:00
CVE-2026-80738,added,,cve_2026_to_now,2026-09-03T11:54:05+00:00
CVE-2026-80739,added,,cve_2026_to_now,2026-09-03T11:54:05+00:00
CVE-2026-80740,added,,cve_2026_to_now,2026-09-03T11:54:05+00:00
CVE-2026-80741,added,,cve_2026_to_now,2026-09-03T11:54:05+00:00
CVE-2026-80742,added,,cve_2026_to_now,2026-09-03T11:54:05+00:00
CVE-2026-80743,added,,cve_2026_to_now,2026-09-03T11:54:05+00:00
CVE-2026-80744,added,,cve_2026_to_now,2026-09-03T11:54:05+00:00
CVE-2026-80745,added,,cve_2026_to_now,2026-09-03T11:54:05+00:00
CVE-2026-80746,added,,cve_2026_to_now,2026-09-03T11:54:05+00:00
CVE-2026-80747,added,,cve_2026_to_now,2026-09-03T11:54:05+00:00
CVE-2026-80748,added,,cve_2026_to_now,2026-09-03T11:54:05+00:00
CVE-2026-80749,added,,cve_2026_to_now,2026-09-03T11:54:05+00:00
CVE-2026-80750,added,,cve_2026_to_now,2026-09-03T11:54:05+00:00
CVE-2026-80751,added,,cve_2026_to_now,2026-09-03T11:54:05+00:00
CVE-2026-80752,added,,cve_2026_to_now,2026-09-03T11:54:05+00:00
CVE-2026-80753,added,,cve_2026_to_now,2026-09-03T11:54:05+00:00
CVE-2026-80754,added,,cve_2026_to_now,2026-09-03T11:54:05+00:00
CVE-2026-80755,added,,cve_2026_to_now,2026-09-03T11:54:05+00:00
CVE-2026-80756,added,,cve_2026_to_now,2026-09-03T11:54:05+00:00
CVE-2026-80757,added,,cve_2026_to_now,2026-09-03T11:54:05+00:00
CVE-2026-81158,added,,cve_2026_to_now,2026-09-03T11:54:05+00:00
CVE-2026-81159,added,,cve_2026_to_now,2026-09-03T11:54:05+00:00
CVE-2026-81160,added,,cve_2026_to_now,2026-09-03T11:54:05+00:00
CVE-2026-81161,added,,cve_2026_to_now,2026-09-03T11:54:05+00:00
CVE-2026-81162,added,,cve_2026_to_now,2026-09-03T11:54:05+00:00
CVE-2026-81164,added,,cve_2026_to_now,2026-09-03T11:54:05+00:00
CVE-2026-81165,added,,cve_2026_to_now,2026-09-03T11:54:05+00:00
CVE-2026-81166,added,,cve_2026_to_now,2026-09-03T11:54:05+00:00
CVE-2026-81167,added,,cve_2026_to_now,2026-09-03T11:54:05+00:00
CVE-2026-81168,added,,cve_2026_to_now,2026-09-03T11:54:05+00:00
CVE-2026-81201,added,,cve_2026_to_now,2026-09-03T11:54:05+00:00
CVE-2026-81205,added,,cve_2026_to_now,2026-09-03T11:54:05+00:00
CVE-2026-81269,added,,cve_2026_to_now,2026-09-03T11:54:05+00:00
CVE-2026-81283,updated,,cve_2026_to_now,2026-09-03T11:54:05+00:00
CVE-2026-81288,updated,,cve_2026_to_now,2026-09-03T11:54:05+00:00
CVE-2026-81289,updated,,cve_2026_to_now,2026-09-03T11:54:05+00:00
CVE-2026-81291,updated,2026-09-02,cve_2026_to_now,2026-09-03T11:54:05+00:00
CVE-2026-81294,updated,,cve_2026_to_now,2026-09-03T11:54:05+00:00
CVE-2026-81571,added,,cve_2026_to_now,2026-09-03T11:54:05+00:00
CVE-2026-81756,updated,2026-09-02,cve_2026_to_now,2026-09-03T11:54:05+00:00
CVE-2026-81765,updated,2026-09-02,cve_2026_to_now,2026-09-03T11:54:05+00:00
CVE-2026-81770,updated,,cve_2026_to_now,2026-09-03T11:54:05+00:00
CVE-2026-81771,updated,,cve_2026_to_now,2026-09-03T11:54:05+00:00
CVE-2026-81774,updated,,cve_2026_to_now,2026-09-03T11:54:05+00:00
CVE-2026-81928,updated,2026-09-02,cve_2026_to_now,2026-09-03T11:54:05+00:00
CVE-2026-82018,updated,2026-09-02,cve_2026_to_now,2026-09-03T11:54:05+00:00
CVE-2026-82182,updated,,cve_2026_to_now,2026-09-03T11:54:05+00:00
CVE-2026-82183,updated,,cve_2026_to_now,2026-09-03T11:54:05+00:00
CVE-2026-82223,updated,,cve_2026_to_now,2026-09-03T11:54:05+00:00
CVE-2026-82224,updated,2026-09-02,cve_2026_to_now,2026-09-03T11:54:05+00:00
CVE-2026-82293,added,,cve_2026_to_now,2026-09-03T11:54:05+00:00
CVE-2026-82329,updated,2026-09-03,cve_2026_to_now,2026-09-03T11:54:05+00:00
CVE-2026-82394,updated,2026-09-02,cve_2026_to_now,2026-09-03T11:54:05+00:00
CVE-2026-82397,updated,2026-09-02,cve_2026_to_now,2026-09-03T11:54:05+00:00
CVE-2026-82404,added,,cve_2026_to_now,2026-09-03T11:54:05+00:00
CVE-2026-82451,updated,2026-09-02,cve_2026_to_now,2026-09-03T11:54:05+00:00
CVE-2026-82456,updated,2026-09-02,cve_2026_to_now,2026-09-03T11:54:05+00:00
CVE-2026-82463,updated,2026-09-02,cve_2026_to_now,2026-09-03T11:54:05+00:00
CVE-2026-82468,updated,2026-09-02,cve_2026_to_now,2026-09-03T11:54:05+00:00
CVE-2026-82474,updated,2026-09-02,cve_2026_to_now,2026-09-03T11:54:05+00:00
CVE-2026-82522,added,,cve_2026_to_now,2026-09-03T11:54:05+00:00
CVE-2026-82524,added,,cve_2026_to_now,2026-09-03T11:54:05+00:00
CVE-2026-82637,updated,2026-09-02,cve_2026_to_now,2026-09-03T11:54:05+00:00
CVE-2026-82641,updated,2026-09-02,cve_2026_to_now,2026-09-03T11:54:05+00:00
CVE-2026-82643,updated,2026-09-02,cve_2026_to_now,2026-09-03T11:54:05+00:00
CVE-2026-82648,updated,2026-09-02,cve_2026_to_now,2026-09-03T11:54:05+00:00
CVE-2026-82653,updated,2026-09-02,cve_2026_to_now,2026-09-03T11:54:05+00:00
CVE-2026-82658,updated,2026-09-02,cve_2026_to_now,2026-09-03T11:54:05+00:00
CVE-2026-82661,updated,2026-09-02,cve_2026_to_now,2026-09-03T11:54:05+00:00
CVE-2026-82669,updated,2026-09-02,cve_2026_to_now,2026-09-03T11:54:05+00:00
CVE-2026-82679,updated,2026-09-02,cve_2026_to_now,2026-09-03T11:54:05+00:00
CVE-2026-82691,updated,2026-09-02,cve_2026_to_now,2026-09-03T11:54:05+00:00
CVE-2026-82696,updated,2026-09-02,cve_2026_to_now,2026-09-03T11:54:05+00:00
CVE-2026-82701,updated,2026-09-02,cve_2026_to_now,2026-09-03T11:54:05+00:00
CVE-2026-82803,updated,2026-09-02,cve_2026_to_now,2026-09-03T11:54:05+00:00
CVE-2026-82810,updated,2026-09-02,cve_2026_to_now,2026-09-03T11:54:05+00:00
CVE-2026-82817,updated,2026-09-02,cve_2026_to_now,2026-09-03T11:54:05+00:00
CVE-2026-82834,updated,2026-09-02,cve_2026_to_now,2026-09-03T11:54:05+00:00
CVE-2026-82852,updated,2026-09-02,cve_2026_to_now,2026-09-03T11:54:05+00:00
CVE-2026-82856,updated,2026-09-02,cve_2026_to_now,2026-09-03T11:54:05+00:00
CVE-2026-82861,updated,2026-09-02,cve_2026_to_now,2026-09-03T11:54:05+00:00
CVE-2026-82866,updated,2026-09-02,cve_2026_to_now,2026-09-03T11:54:05+00:00
CVE-2026-82871,updated,2026-09-02,cve_2026_to_now,2026-09-03T11:54:05+00:00
CVE-2026-82876,updated,2026-09-02,cve_2026_to_now,2026-09-03T11:54:05+00:00
CVE-2026-82877,updated,2026-09-02,cve_2026_to_now,2026-09-03T11:54:05+00:00
CVE-2026-82881,updated,2026-09-02,cve_2026_to_now,2026-09-03T11:54:05+00:00
CVE-2026-82882,updated,2026-09-02,cve_2026_to_now,2026-09-03T11:54:05+00:00
CVE-2026-82884,added,,cve_2026_to_now,2026-09-03T11:54:05+00:00
CVE-2026-82909,updated,2026-09-02,cve_2026_to_now,2026-09-03T11:54:05+00:00
CVE-2026-82954,updated,2026-09-02,cve_2026_to_now,2026-09-03T11:54:05+00:00
CVE-2026-82955,added,,cve_2026_to_now,2026-09-03T11:54:05+00:00
CVE-2026-82958,updated,,cve_2026_to_now,2026-09-03T11:54:05+00:00
CVE-2026-82968,updated,,cve_2026_to_now,2026-09-03T11:54:05+00:00
CVE-2026-83533,added,,cve_2026_to_now,2026-09-03T11:54:05+00:00
CVE-2026-83547,added,,cve_2026_to_now,2026-09-03T11:54:05+00:00
CVE-2026-83548,updated,2026-09-03,cve_2026_to_now,2026-09-03T11:54:05+00:00
CVE-2026-83549,updated,2026-09-03,cve_2026_to_now,2026-09-03T11:54:05+00:00
CVE-2026-83562,updated,,cve_2026_to_now,2026-09-03T11:54:05+00:00
CVE-2026-83744,updated,2026-09-02,cve_2026_to_now,2026-09-03T11:54:05+00:00
CVE-2026-84129,updated,2026-09-02,cve_2026_to_now,2026-09-03T11:54:05+00:00
CVE-2026-84175,updated,,cve_2026_to_now,2026-09-03T11:54:05+00:00
CVE-2026-84188,updated,2026-09-02,cve_2026_to_now,2026-09-03T11:54:05+00:00
CVE-2026-84193,updated,2026-09-02,cve_2026_to_now,2026-09-03T11:54:05+00:00
CVE-2026-84200,updated,2026-09-02,cve_2026_to_now,2026-09-03T11:54:05+00:00
CVE-2026-84205,updated,2026-09-02,cve_2026_to_now,2026-09-03T11:54:05+00:00
CVE-2026-84208,updated,2026-09-02,cve_2026_to_now,2026-09-03T11:54:05+00:00
CVE-2026-84217,added,,cve_2026_to_now,2026-09-03T11:54:05+00:00
CVE-2026-84233,updated,2026-09-02,cve_2026_to_now,2026-09-03T11:54:05+00:00
CVE-2026-84267,updated,2026-09-02,cve_2026_to_now,2026-09-03T11:54:05+00:00
CVE-2026-84268,updated,2026-09-02,cve_2026_to_now,2026-09-03T11:54:05+00:00
CVE-2026-84269,updated,2026-09-02,cve_2026_to_now,2026-09-03T11:54:05+00:00
CVE-2026-84270,updated,2026-09-02,cve_2026_to_now,2026-09-03T11:54:05+00:00
CVE-2026-84288,updated,2026-09-02,cve_2026_to_now,2026-09-03T11:54:05+00:00
CVE-2026-84289,updated,2026-09-02,cve_2026_to_now,2026-09-03T11:54:05+00:00
CVE-2026-84292,added,,cve_2026_to_now,2026-09-03T11:54:05+00:00
CVE-2026-84303,updated,2026-09-02,cve_2026_to_now,2026-09-03T11:54:05+00:00
CVE-2026-84307,updated,2026-09-02,cve_2026_to_now,2026-09-03T11:54:05+00:00
CVE-2026-84309,updated,2026-09-02,cve_2026_to_now,2026-09-03T11:54:05+00:00
CVE-2026-84311,updated,2026-09-02,cve_2026_to_now,2026-09-03T11:54:05+00:00
CVE-2026-84324,updated,2026-09-03,cve_2026_to_now,2026-09-03T11:54:05+00:00
CVE-2026-84325,updated,2026-09-02,cve_2026_to_now,2026-09-03T11:54:05+00:00
CVE-2026-84326,updated,2026-09-03,cve_2026_to_now,2026-09-03T11:54:05+00:00
CVE-2026-84332,updated,2026-09-02,cve_2026_to_now,2026-09-03T11:54:05+00:00
CVE-2026-84333,updated,2026-09-03,cve_2026_to_now,2026-09-03T11:54:05+00:00
CVE-2026-84334,updated,2026-09-03,cve_2026_to_now,2026-09-03T11:54:05+00:00
CVE-2026-84335,updated,2026-09-03,cve_2026_to_now,2026-09-03T11:54:05+00:00
CVE-2026-84347,updated,2026-09-03,cve_2026_to_now,2026-09-03T11:54:05+00:00
CVE-2026-84349,updated,2026-09-03,cve_2026_to_now,2026-09-03T11:54:05+00:00
CVE-2026-84350,updated,2026-09-03,cve_2026_to_now,2026-09-03T11:54:05+00:00
CVE-2026-84351,updated,2026-09-03,cve_2026_to_now,2026-09-03T11:54:05+00:00
CVE-2026-84352,updated,2026-09-03,cve_2026_to_now,2026-09-03T11:54:05+00:00
CVE-2026-84353,updated,2026-09-03,cve_2026_to_now,2026-09-03T11:54:05+00:00
CVE-2026-84354,updated,2026-09-03,cve_2026_to_now,2026-09-03T11:54:05+00:00
CVE-2026-84356,updated,2026-09-02,cve_2026_to_now,2026-09-03T11:54:05+00:00
CVE-2026-84357,updated,2026-09-02,cve_2026_to_now,2026-09-03T11:54:05+00:00
CVE-2026-84361,updated,2026-09-03,cve_2026_to_now,2026-09-03T11:54:05+00:00
CVE-2026-84363,updated,2026-09-02,cve_2026_to_now,2026-09-03T11:54:05+00:00
CVE-2026-84364,updated,2026-09-02,cve_2026_to_now,2026-09-03T11:54:05+00:00
CVE-2026-84366,updated,2026-09-02,cve_2026_to_now,2026-09-03T11:54:05+00:00
CVE-2026-84368,updated,2026-09-02,cve_2026_to_now,2026-09-03T11:54:05+00:00
CVE-2026-84369,updated,2026-09-02,cve_2026_to_now,2026-09-03T11:54:05+00:00
CVE-2026-84371,updated,2026-09-02,cve_2026_to_now,2026-09-03T11:54:05+00:00
CVE-2026-84372,updated,2026-09-02,cve_2026_to_now,2026-09-03T11:54:05+00:00
CVE-2026-84373,updated,2026-09-02,cve_2026_to_now,2026-09-03T11:54:05+00:00
CVE-2026-84375,updated,2026-09-02,cve_2026_to_now,2026-09-03T11:54:05+00:00
CVE-2026-84376,added,,cve_2026_to_now,2026-09-03T11:54:05+00:00
CVE-2026-84377,added,,cve_2026_to_now,2026-09-03T11:54:05+00:00
CVE-2026-84378,added,,cve_2026_to_now,2026-09-03T11:54:05+00:00
CVE-2026-84379,added,,cve_2026_to_now,2026-09-03T11:54:05+00:00
CVE-2026-84380,added,,cve_2026_to_now,2026-09-03T11:54:05+00:00
CVE-2026-84381,added,,cve_2026_to_now,2026-09-03T11:54:05+00:00
CVE-2026-84382,added,,cve_2026_to_now,2026-09-03T11:54:05+00:00
CVE-2026-84394,added,,cve_2026_to_now,2026-09-03T11:54:05+00:00
CVE-2026-84430,updated,,cve_2026_to_now,2026-09-03T11:54:05+00:00
CVE-2026-84431,updated,,cve_2026_to_now,2026-09-03T11:54:05+00:00
CVE-2026-84442,updated,,cve_2026_to_now,2026-09-03T11:54:05+00:00
CVE-2026-84452,added,,cve_2026_to_now,2026-09-03T11:54:05+00:00
CVE-2026-84476,updated,2026-09-02,cve_2026_to_now,2026-09-03T11:54:05+00:00
CVE-2026-84477,updated,2026-09-02,cve_2026_to_now,2026-09-03T11:54:05+00:00
CVE-2026-84480,updated,2026-09-02,cve_2026_to_now,2026-09-03T11:54:05+00:00
CVE-2026-84481,updated,2026-09-02,cve_2026_to_now,2026-09-03T11:54:05+00:00
CVE-2026-84482,updated,2026-09-02,cve_2026_to_now,2026-09-03T11:54:05+00:00
CVE-2026-84637,updated,2026-09-02,cve_2026_to_now,2026-09-03T11:54:05+00:00
CVE-2026-84639,updated,2026-09-02,cve_2026_to_now,2026-09-03T11:54:05+00:00
CVE-2026-84640,updated,2026-09-02,cve_2026_to_now,2026-09-03T11:54:05+00:00
CVE-2026-84641,updated,2026-09-02,cve_2026_to_now,2026-09-03T11:54:05+00:00
CVE-2026-84642,updated,2026-09-02,cve_2026_to_now,2026-09-03T11:54:05+00:00
CVE-2026-84645,added,2026-09-03,cve_2026_to_now,2026-09-03T11:54:05+00:00
CVE-2026-84646,added,,cve_2026_to_now,2026-09-03T11:54:05+00:00
CVE-2026-84647,added,,cve_2026_to_now,2026-09-03T11:54:05+00:00
CVE-2026-84648,added,,cve_2026_to_now,2026-09-03T11:54:05+00:00
CVE-2026-84649,added,,cve_2026_to_now,2026-09-03T11:54:05+00:00
CVE-2026-84650,added,,cve_2026_to_now,2026-09-03T11:54:05+00:00
CVE-2026-84651,added,,cve_2026_to_now,2026-09-03T11:54:05+00:00
CVE-2026-84652,added,,cve_2026_to_now,2026-09-03T11:54:05+00:00
CVE-2026-84653,added,,cve_2026_to_now,2026-09-03T11:54:05+00:00
CVE-2026-84654,added,,cve_2026_to_now,2026-09-03T11:54:05+00:00
CVE-2026-84655,added,,cve_2026_to_now,2026-09-03T11:54:05+00:00
CVE-2026-84656,added,,cve_2026_to_now,2026-09-03T11:54:05+00:00
CVE-2026-84657,added,,cve_2026_to_now,2026-09-03T11:54:05+00:00
CVE-2026-84658,added,,cve_2026_to_now,2026-09-03T11:54:05+00:00
CVE-2026-84659,added,,cve_2026_to_now,2026-09-03T11:54:05+00:00
CVE-2026-84660,added,,cve_2026_to_now,2026-09-03T11:54:05+00:00
CVE-2026-84661,added,,cve_2026_to_now,2026-09-03T11:54:05+00:00
CVE-2026-84662,added,,cve_2026_to_now,2026-09-03T11:54:05+00:00
CVE-2026-84663,added,,cve_2026_to_now,2026-09-03T11:54:05+00:00
CVE-2026-84664,added,,cve_2026_to_now,2026-09-03T11:54:05+00:00
CVE-2026-84665,added,,cve_2026_to_now,2026-09-03T11:54:05+00:00
CVE-2026-84666,added,,cve_2026_to_now,2026-09-03T11:54:05+00:00
CVE-2026-84667,added,,cve_2026_to_now,2026-09-03T11:54:05+00:00
CVE-2026-84668,added,,cve_2026_to_now,2026-09-03T11:54:05+00:00
CVE-2026-84669,added,,cve_2026_to_now,2026-09-03T11:54:05+00:00
CVE-2026-84670,added,,cve_2026_to_now,2026-09-03T11:54:05+00:00
CVE-2026-84671,added,,cve_2026_to_now,2026-09-03T11:54:05+00:00
CVE-2026-84672,added,,cve_2026_to_now,2026-09-03T11:54:05+00:00
CVE-2026-84673,added,,cve_2026_to_now,2026-09-03T11:54:05+00:00
CVE-2026-84674,added,,cve_2026_to_now,2026-09-03T11:54:05+00:00
CVE-2026-84675,added,,cve_2026_to_now,2026-09-03T11:54:05+00:00
CVE-2026-84676,added,,cve_2026_to_now,2026-09-03T11:54:05+00:00
CVE-2026-84677,added,,cve_2026_to_now,2026-09-03T11:54:05+00:00
CVE-2026-84695,updated,,cve_2026_to_now,2026-09-03T11:54:05+00:00
CVE-2026-84696,updated,,cve_2026_to_now,2026-09-03T11:54:05+00:00
CVE-2026-84697,updated,,cve_2026_to_now,2026-09-03T11:54:05+00:00
CVE-2026-84700,updated,,cve_2026_to_now,2026-09-03T11:54:05+00:00
CVE-2026-84701,updated,,cve_2026_to_now,2026-09-03T11:54:05+00:00
CVE-2026-84702,updated,,cve_2026_to_now,2026-09-03T11:54:05+00:00
CVE-2026-84715,updated,,cve_2026_to_now,2026-09-03T11:54:05+00:00
CVE-2026-84760,updated,,cve_2026_to_now,2026-09-03T11:54:05+00:00
CVE-2026-84770,updated,,cve_2026_to_now,2026-09-03T11:54:05+00:00
CVE-2026-84771,updated,,cve_2026_to_now,2026-09-03T11:54:05+00:00
CVE-2026-84775,updated,,cve_2026_to_now,2026-09-03T11:54:05+00:00
CVE-2026-84792,updated,,cve_2026_to_now,2026-09-03T11:54:05+00:00
CVE-2026-84793,updated,,cve_2026_to_now,2026-09-03T11:54:05+00:00
CVE-2026-84795,updated,,cve_2026_to_now,2026-09-03T11:54:05+00:00
CVE-2026-84796,updated,,cve_2026_to_now,2026-09-03T11:54:05+00:00
CVE-2026-84797,updated,,cve_2026_to_now,2026-09-03T11:54:05+00:00
CVE-2026-84798,updated,,cve_2026_to_now,2026-09-03T11:54:05+00:00
CVE-2026-84800,updated,,cve_2026_to_now,2026-09-03T11:54:05+00:00
CVE-2026-84801,updated,,cve_2026_to_now,2026-09-03T11:54:05+00:00
CVE-2026-84802,updated,,cve_2026_to_now,2026-09-03T11:54:05+00:00
CVE-2026-84803,updated,,cve_2026_to_now,2026-09-03T11:54:05+00:00
CVE-2026-84805,updated,,cve_2026_to_now,2026-09-03T11:54:05+00:00
CVE-2026-84806,updated,,cve_2026_to_now,2026-09-03T11:54:05+00:00
CVE-2026-84807,updated,,cve_2026_to_now,2026-09-03T11:54:05+00:00
CVE-2026-84808,updated,,cve_2026_to_now,2026-09-03T11:54:05+00:00
CVE-2026-84809,added,,cve_2026_to_now,2026-09-03T11:54:05+00:00
CVE-2026-84810,added,,cve_2026_to_now,2026-09-03T11:54:05+00:00
CVE-2026-84811,added,,cve_2026_to_now,2026-09-03T11:54:05+00:00
CVE-2026-84830,added,,cve_2026_to_now,2026-09-03T11:54:05+00:00
CVE-2026-84831,added,,cve_2026_to_now,2026-09-03T11:54:05+00:00
CVE-2026-84832,added,,cve_2026_to_now,2026-09-03T11:54:05+00:00
CVE-2026-84833,added,,cve_2026_to_now,2026-09-03T11:54:05+00:00
CVE-2026-84835,added,,cve_2026_to_now,2026-09-03T11:54:05+00:00
CVE-2026-84837,added,,cve_2026_to_now,2026-09-03T11:54:05+00:00
CVE-2026-84838,added,,cve_2026_to_now,2026-09-03T11:54:05+00:00
CVE-2026-84839,added,,cve_2026_to_now,2026-09-03T11:54:05+00:00
CVE-2026-84840,added,,cve_2026_to_now,2026-09-03T11:54:05+00:00
CVE-2026-84841,added,,cve_2026_to_now,2026-09-03T11:54:05+00:00
CVE-2026-84851,added,,cve_2026_to_now,2026-09-03T11:54:05+00:00
CVE-2026-84852,added,,cve_2026_to_now,2026-09-03T11:54:05+00:00
CVE-2026-84856,added,,cve_2026_to_now,2026-09-03T11:54:05+00:00
CVE-2026-84857,added,,cve_2026_to_now,2026-09-03T11:54:05+00:00
CVE-2026-84885,added,,cve_2026_to_now,2026-09-03T11:54:05+00:00
CVE-2026-84886,added,,cve_2026_to_now,2026-09-03T11:54:05+00:00
CVE-2026-84887,added,,cve_2026_to_now,2026-09-03T11:54:05+00:00
CVE-2026-84888,added,,cve_2026_to_now,2026-09-03T11:54:05+00:00
CVE-2026-85021,added,,cve_2026_to_now,2026-09-03T11:54:05+00:00
CVE-2026-85022,added,,cve_2026_to_now,2026-09-03T11:54:05+00:00
CVE-2026-85030,added,,cve_2026_to_now,2026-09-03T11:54:05+00:00
CVE-2026-85031,added,,cve_2026_to_now,2026-09-03T11:54:05+00:00
CVE-2026-85040,added,,cve_2026_to_now,2026-09-03T11:54:05+00:00
CVE-2026-85084,added,2026-09-03,cve_2026_to_now,2026-09-03T11:54:05+00:00
CVE-2026-85089,added,,cve_2026_to_now,2026-09-03T11:54:05+00:00
CVE-2026-85090,added,,cve_2026_to_now,2026-09-03T11:54:05+00:00
CVE-2026-85091,added,,cve_2026_to_now,2026-09-03T11:54:05+00:00
CVE-2026-85092,added,,cve_2026_to_now,2026-09-03T11:54:05+00:00
CVE-2026-85093,added,,cve_2026_to_now,2026-09-03T11:54:05+00:00
CVE-2026-85100,added,,cve_2026_to_now,2026-09-03T11:54:05+00:00
CVE-2026-85105,added,,cve_2026_to_now,2026-09-03T11:54:05+00:00
CVE-2026-85106,added,,cve_2026_to_now,2026-09-03T11:54:05+00:00
CVE-2026-85124,added,,cve_2026_to_now,2026-09-03T11:54:05+00:00
CVE-2026-85150,added,,cve_2026_to_now,2026-09-03T11:54:05+00:00
CVE-2026-85154,added,,cve_2026_to_now,2026-09-03T11:54:05+00:00
CVE-2026-85155,added,,cve_2026_to_now,2026-09-03T11:54:05+00:00
CVE-2026-85156,added,,cve_2026_to_now,2026-09-03T11:54:05+00:00
CVE-2026-85157,added,,cve_2026_to_now,2026-09-03T11:54:05+00:00
CVE-2026-85158,added,,cve_2026_to_now,2026-09-03T11:54:05+00:00
CVE-2026-85159,added,,cve_2026_to_now,2026-09-03T11:54:05+00:00
CVE-2026-85160,added,,cve_2026_to_now,2026-09-03T11:54:05+00:00
CVE-2026-85161,added,,cve_2026_to_now,2026-09-03T11:54:05+00:00
CVE-2026-85162,added,,cve_2026_to_now,2026-09-03T11:54:05+00:00
CVE-2026-85163,added,,cve_2026_to_now,2026-09-03T11:54:05+00:00
CVE-2026-85164,added,,cve_2026_to_now,2026-09-03T11:54:05+00:00
CVE-2026-85165,added,,cve_2026_to_now,2026-09-03T11:54:05+00:00
CVE-2026-85166,added,,cve_2026_to_now,2026-09-03T11:54:05+00:00
CVE-2026-85167,added,,cve_2026_to_now,2026-09-03T11:54:05+00:00
CVE-2026-85168,added,,cve_2026_to_now,2026-09-03T11:54:05+00:00
CVE-2026-85169,added,,cve_2026_to_now,2026-09-03T11:54:05+00:00
CVE-2026-85170,added,,cve_2026_to_now,2026-09-03T11:54:05+00:00
CVE-2026-85171,added,,cve_2026_to_now,2026-09-03T11:54:05+00:00
CVE-2026-85172,added,,cve_2026_to_now,2026-09-03T11:54:05+00:00
CVE-2026-85173,added,,cve_2026_to_now,2026-09-03T11:54:05+00:00
CVE-2026-85174,added,,cve_2026_to_now,2026-09-03T11:54:05+00:00
CVE-2026-85175,added,,cve_2026_to_now,2026-09-03T11:54:05+00:00
