cve_id,change_type,date_updated,shard,run_utc
CVE-2020-36785,updated,2026-08-11,cve_2022_and_before,2026-08-11T08:07:08+00:00
CVE-2020-36890,updated,2026-08-10,cve_2022_and_before,2026-08-11T08:07:08+00:00
CVE-2021-4037,updated,2026-08-10,cve_2022_and_before,2026-08-11T08:07:08+00:00
CVE-2021-4460,updated,2026-08-11,cve_2022_and_before,2026-08-11T08:07:08+00:00
CVE-2021-26423,updated,2026-08-10,cve_2022_and_before,2026-08-11T08:07:08+00:00
CVE-2021-26424,updated,2026-08-10,cve_2022_and_before,2026-08-11T08:07:08+00:00
CVE-2021-26425,updated,2026-08-10,cve_2022_and_before,2026-08-11T08:07:08+00:00
CVE-2021-26426,updated,2026-08-10,cve_2022_and_before,2026-08-11T08:07:08+00:00
CVE-2021-26428,updated,2026-08-10,cve_2022_and_before,2026-08-11T08:07:08+00:00
CVE-2021-26429,updated,2026-08-10,cve_2022_and_before,2026-08-11T08:07:08+00:00
CVE-2021-26430,updated,2026-08-10,cve_2022_and_before,2026-08-11T08:07:08+00:00
CVE-2021-26431,updated,2026-08-10,cve_2022_and_before,2026-08-11T08:07:08+00:00
CVE-2021-26432,updated,2026-08-10,cve_2022_and_before,2026-08-11T08:07:08+00:00
CVE-2021-26433,updated,2026-08-10,cve_2022_and_before,2026-08-11T08:07:08+00:00
CVE-2021-26434,updated,2026-08-10,cve_2022_and_before,2026-08-11T08:07:08+00:00
CVE-2021-26435,updated,2026-08-10,cve_2022_and_before,2026-08-11T08:07:08+00:00
CVE-2021-26436,updated,2026-08-10,cve_2022_and_before,2026-08-11T08:07:08+00:00
CVE-2021-26437,updated,2026-08-10,cve_2022_and_before,2026-08-11T08:07:08+00:00
CVE-2021-26439,updated,2026-08-10,cve_2022_and_before,2026-08-11T08:07:08+00:00
CVE-2021-31183,updated,2026-08-10,cve_2022_and_before,2026-08-11T08:07:08+00:00
CVE-2021-31196,updated,2026-08-10,cve_2022_and_before,2026-08-11T08:07:08+00:00
CVE-2021-31206,updated,2026-08-10,cve_2022_and_before,2026-08-11T08:07:08+00:00
CVE-2021-31947,updated,2026-08-10,cve_2022_and_before,2026-08-11T08:07:08+00:00
CVE-2021-31961,updated,2026-08-10,cve_2022_and_before,2026-08-11T08:07:08+00:00
CVE-2021-31979,updated,2026-08-10,cve_2022_and_before,2026-08-11T08:07:08+00:00
CVE-2021-31984,updated,2026-08-10,cve_2022_and_before,2026-08-11T08:07:08+00:00
CVE-2021-33740,updated,2026-08-10,cve_2022_and_before,2026-08-11T08:07:08+00:00
CVE-2021-33743,updated,2026-08-10,cve_2022_and_before,2026-08-11T08:07:08+00:00
CVE-2021-33744,updated,2026-08-10,cve_2022_and_before,2026-08-11T08:07:08+00:00
CVE-2021-33745,updated,2026-08-10,cve_2022_and_before,2026-08-11T08:07:08+00:00
CVE-2021-33746,updated,2026-08-10,cve_2022_and_before,2026-08-11T08:07:08+00:00
CVE-2021-33749,updated,2026-08-10,cve_2022_and_before,2026-08-11T08:07:08+00:00
CVE-2021-33750,updated,2026-08-10,cve_2022_and_before,2026-08-11T08:07:08+00:00
CVE-2021-33751,updated,2026-08-10,cve_2022_and_before,2026-08-11T08:07:08+00:00
CVE-2021-33752,updated,2026-08-10,cve_2022_and_before,2026-08-11T08:07:08+00:00
CVE-2021-33753,updated,2026-08-10,cve_2022_and_before,2026-08-11T08:07:08+00:00
CVE-2021-33754,updated,2026-08-10,cve_2022_and_before,2026-08-11T08:07:08+00:00
CVE-2021-33755,updated,2026-08-10,cve_2022_and_before,2026-08-11T08:07:08+00:00
CVE-2021-33756,updated,2026-08-10,cve_2022_and_before,2026-08-11T08:07:08+00:00
CVE-2021-33757,updated,2026-08-10,cve_2022_and_before,2026-08-11T08:07:08+00:00
CVE-2021-33758,updated,2026-08-10,cve_2022_and_before,2026-08-11T08:07:08+00:00
CVE-2021-33759,updated,2026-08-10,cve_2022_and_before,2026-08-11T08:07:08+00:00
CVE-2021-33760,updated,2026-08-10,cve_2022_and_before,2026-08-11T08:07:08+00:00
CVE-2021-33761,updated,2026-08-10,cve_2022_and_before,2026-08-11T08:07:08+00:00
CVE-2021-33762,updated,2026-08-10,cve_2022_and_before,2026-08-11T08:07:08+00:00
CVE-2021-33763,updated,2026-08-10,cve_2022_and_before,2026-08-11T08:07:08+00:00
CVE-2021-33764,updated,2026-08-10,cve_2022_and_before,2026-08-11T08:07:08+00:00
CVE-2021-33765,updated,2026-08-10,cve_2022_and_before,2026-08-11T08:07:08+00:00
CVE-2021-33766,updated,2026-08-10,cve_2022_and_before,2026-08-11T08:07:08+00:00
CVE-2021-33767,updated,2026-08-10,cve_2022_and_before,2026-08-11T08:07:08+00:00
CVE-2021-33768,updated,2026-08-10,cve_2022_and_before,2026-08-11T08:07:08+00:00
CVE-2021-33771,updated,2026-08-10,cve_2022_and_before,2026-08-11T08:07:08+00:00
CVE-2021-33772,updated,2026-08-10,cve_2022_and_before,2026-08-11T08:07:08+00:00
CVE-2021-33773,updated,2026-08-10,cve_2022_and_before,2026-08-11T08:07:08+00:00
CVE-2021-33774,updated,2026-08-10,cve_2022_and_before,2026-08-11T08:07:08+00:00
CVE-2021-33775,updated,2026-08-10,cve_2022_and_before,2026-08-11T08:07:08+00:00
CVE-2021-33776,updated,2026-08-10,cve_2022_and_before,2026-08-11T08:07:08+00:00
CVE-2021-33777,updated,2026-08-10,cve_2022_and_before,2026-08-11T08:07:08+00:00
CVE-2021-33778,updated,2026-08-10,cve_2022_and_before,2026-08-11T08:07:08+00:00
CVE-2021-33779,updated,2026-08-10,cve_2022_and_before,2026-08-11T08:07:08+00:00
CVE-2021-33780,updated,2026-08-10,cve_2022_and_before,2026-08-11T08:07:08+00:00
CVE-2021-33781,updated,2026-08-10,cve_2022_and_before,2026-08-11T08:07:08+00:00
CVE-2021-33782,updated,2026-08-10,cve_2022_and_before,2026-08-11T08:07:08+00:00
CVE-2021-33783,updated,2026-08-10,cve_2022_and_before,2026-08-11T08:07:08+00:00
CVE-2021-33784,updated,2026-08-10,cve_2022_and_before,2026-08-11T08:07:08+00:00
CVE-2021-33785,updated,2026-08-10,cve_2022_and_before,2026-08-11T08:07:08+00:00
CVE-2021-33786,updated,2026-08-10,cve_2022_and_before,2026-08-11T08:07:08+00:00
CVE-2021-33788,updated,2026-08-10,cve_2022_and_before,2026-08-11T08:07:08+00:00
CVE-2021-34438,updated,2026-08-10,cve_2022_and_before,2026-08-11T08:07:08+00:00
CVE-2021-34439,updated,2026-08-10,cve_2022_and_before,2026-08-11T08:07:08+00:00
CVE-2021-34440,updated,2026-08-10,cve_2022_and_before,2026-08-11T08:07:08+00:00
CVE-2021-34441,updated,2026-08-10,cve_2022_and_before,2026-08-11T08:07:08+00:00
CVE-2021-34442,updated,2026-08-10,cve_2022_and_before,2026-08-11T08:07:08+00:00
CVE-2021-34444,updated,2026-08-10,cve_2022_and_before,2026-08-11T08:07:08+00:00
CVE-2021-34445,updated,2026-08-10,cve_2022_and_before,2026-08-11T08:07:08+00:00
CVE-2021-34446,updated,2026-08-10,cve_2022_and_before,2026-08-11T08:07:08+00:00
CVE-2021-34447,updated,2026-08-10,cve_2022_and_before,2026-08-11T08:07:08+00:00
CVE-2021-34448,updated,2026-08-10,cve_2022_and_before,2026-08-11T08:07:08+00:00
CVE-2021-34449,updated,2026-08-10,cve_2022_and_before,2026-08-11T08:07:08+00:00
CVE-2021-34450,updated,2026-08-10,cve_2022_and_before,2026-08-11T08:07:08+00:00
CVE-2021-34451,updated,2026-08-10,cve_2022_and_before,2026-08-11T08:07:08+00:00
CVE-2021-34452,updated,2026-08-10,cve_2022_and_before,2026-08-11T08:07:08+00:00
CVE-2021-34454,updated,2026-08-10,cve_2022_and_before,2026-08-11T08:07:08+00:00
CVE-2021-34455,updated,2026-08-10,cve_2022_and_before,2026-08-11T08:07:08+00:00
CVE-2021-34456,updated,2026-08-10,cve_2022_and_before,2026-08-11T08:07:08+00:00
CVE-2021-34457,updated,2026-08-10,cve_2022_and_before,2026-08-11T08:07:08+00:00
CVE-2021-34458,updated,2026-08-10,cve_2022_and_before,2026-08-11T08:07:08+00:00
CVE-2021-34459,updated,2026-08-10,cve_2022_and_before,2026-08-11T08:07:08+00:00
CVE-2021-34460,updated,2026-08-10,cve_2022_and_before,2026-08-11T08:07:08+00:00
CVE-2021-34461,updated,2026-08-10,cve_2022_and_before,2026-08-11T08:07:08+00:00
CVE-2021-34462,updated,2026-08-10,cve_2022_and_before,2026-08-11T08:07:08+00:00
CVE-2021-34464,updated,2026-08-10,cve_2022_and_before,2026-08-11T08:07:08+00:00
CVE-2021-34466,updated,2026-08-10,cve_2022_and_before,2026-08-11T08:07:08+00:00
CVE-2021-34467,updated,2026-08-10,cve_2022_and_before,2026-08-11T08:07:08+00:00
CVE-2021-34468,updated,2026-08-10,cve_2022_and_before,2026-08-11T08:07:08+00:00
CVE-2021-34469,updated,2026-08-10,cve_2022_and_before,2026-08-11T08:07:08+00:00
CVE-2021-34470,updated,2026-08-10,cve_2022_and_before,2026-08-11T08:07:08+00:00
CVE-2021-34471,updated,2026-08-10,cve_2022_and_before,2026-08-11T08:07:08+00:00
CVE-2021-34473,updated,2026-08-10,cve_2022_and_before,2026-08-11T08:07:08+00:00
CVE-2021-34474,updated,2026-08-10,cve_2022_and_before,2026-08-11T08:07:08+00:00
CVE-2021-34476,updated,2026-08-10,cve_2022_and_before,2026-08-11T08:07:08+00:00
CVE-2021-34477,updated,2026-08-10,cve_2022_and_before,2026-08-11T08:07:08+00:00
CVE-2021-34478,updated,2026-08-10,cve_2022_and_before,2026-08-11T08:07:08+00:00
CVE-2021-34479,updated,2026-08-10,cve_2022_and_before,2026-08-11T08:07:08+00:00
CVE-2021-34480,updated,2026-08-10,cve_2022_and_before,2026-08-11T08:07:08+00:00
CVE-2021-34481,updated,2026-08-10,cve_2022_and_before,2026-08-11T08:07:08+00:00
CVE-2021-34483,updated,2026-08-10,cve_2022_and_before,2026-08-11T08:07:08+00:00
CVE-2021-34484,updated,2026-08-10,cve_2022_and_before,2026-08-11T08:07:08+00:00
CVE-2021-34485,updated,2026-08-10,cve_2022_and_before,2026-08-11T08:07:08+00:00
CVE-2021-34486,updated,2026-08-10,cve_2022_and_before,2026-08-11T08:07:08+00:00
CVE-2021-34487,updated,2026-08-10,cve_2022_and_before,2026-08-11T08:07:08+00:00
CVE-2021-34488,updated,2026-08-10,cve_2022_and_before,2026-08-11T08:07:08+00:00
CVE-2021-34489,updated,2026-08-10,cve_2022_and_before,2026-08-11T08:07:08+00:00
CVE-2021-34490,updated,2026-08-10,cve_2022_and_before,2026-08-11T08:07:08+00:00
CVE-2021-34491,updated,2026-08-10,cve_2022_and_before,2026-08-11T08:07:08+00:00
CVE-2021-34492,updated,2026-08-10,cve_2022_and_before,2026-08-11T08:07:08+00:00
CVE-2021-34493,updated,2026-08-10,cve_2022_and_before,2026-08-11T08:07:08+00:00
CVE-2021-34494,updated,2026-08-10,cve_2022_and_before,2026-08-11T08:07:08+00:00
CVE-2021-34496,updated,2026-08-10,cve_2022_and_before,2026-08-11T08:07:08+00:00
CVE-2021-34497,updated,2026-08-10,cve_2022_and_before,2026-08-11T08:07:08+00:00
CVE-2021-34498,updated,2026-08-10,cve_2022_and_before,2026-08-11T08:07:08+00:00
CVE-2021-34499,updated,2026-08-10,cve_2022_and_before,2026-08-11T08:07:08+00:00
CVE-2021-34500,updated,2026-08-10,cve_2022_and_before,2026-08-11T08:07:08+00:00
CVE-2021-34501,updated,2026-08-10,cve_2022_and_before,2026-08-11T08:07:08+00:00
CVE-2021-34503,updated,2026-08-10,cve_2022_and_before,2026-08-11T08:07:08+00:00
CVE-2021-34504,updated,2026-08-10,cve_2022_and_before,2026-08-11T08:07:08+00:00
CVE-2021-34507,updated,2026-08-10,cve_2022_and_before,2026-08-11T08:07:08+00:00
CVE-2021-34508,updated,2026-08-10,cve_2022_and_before,2026-08-11T08:07:08+00:00
CVE-2021-34509,updated,2026-08-10,cve_2022_and_before,2026-08-11T08:07:08+00:00
CVE-2021-34510,updated,2026-08-10,cve_2022_and_before,2026-08-11T08:07:08+00:00
CVE-2021-34511,updated,2026-08-10,cve_2022_and_before,2026-08-11T08:07:08+00:00
CVE-2021-34512,updated,2026-08-10,cve_2022_and_before,2026-08-11T08:07:08+00:00
CVE-2021-34513,updated,2026-08-10,cve_2022_and_before,2026-08-11T08:07:08+00:00
CVE-2021-34514,updated,2026-08-10,cve_2022_and_before,2026-08-11T08:07:08+00:00
CVE-2021-34516,updated,2026-08-10,cve_2022_and_before,2026-08-11T08:07:08+00:00
CVE-2021-34517,updated,2026-08-10,cve_2022_and_before,2026-08-11T08:07:08+00:00
CVE-2021-34518,updated,2026-08-10,cve_2022_and_before,2026-08-11T08:07:08+00:00
CVE-2021-34519,updated,2026-08-10,cve_2022_and_before,2026-08-11T08:07:08+00:00
CVE-2021-34520,updated,2026-08-10,cve_2022_and_before,2026-08-11T08:07:08+00:00
CVE-2021-34521,updated,2026-08-10,cve_2022_and_before,2026-08-11T08:07:08+00:00
CVE-2021-34522,updated,2026-08-10,cve_2022_and_before,2026-08-11T08:07:08+00:00
CVE-2021-34523,updated,2026-08-10,cve_2022_and_before,2026-08-11T08:07:08+00:00
CVE-2021-34524,updated,2026-08-10,cve_2022_and_before,2026-08-11T08:07:08+00:00
CVE-2021-34525,updated,2026-08-10,cve_2022_and_before,2026-08-11T08:07:08+00:00
CVE-2021-34527,updated,2026-08-10,cve_2022_and_before,2026-08-11T08:07:08+00:00
CVE-2021-34528,updated,2026-08-10,cve_2022_and_before,2026-08-11T08:07:08+00:00
CVE-2021-34529,updated,2026-08-10,cve_2022_and_before,2026-08-11T08:07:08+00:00
CVE-2021-34530,updated,2026-08-10,cve_2022_and_before,2026-08-11T08:07:08+00:00
CVE-2021-34532,updated,2026-08-10,cve_2022_and_before,2026-08-11T08:07:08+00:00
CVE-2021-34533,updated,2026-08-10,cve_2022_and_before,2026-08-11T08:07:08+00:00
CVE-2021-34534,updated,2026-08-10,cve_2022_and_before,2026-08-11T08:07:08+00:00
CVE-2021-34535,updated,2026-08-10,cve_2022_and_before,2026-08-11T08:07:08+00:00
CVE-2021-34536,updated,2026-08-10,cve_2022_and_before,2026-08-11T08:07:08+00:00
CVE-2021-34537,updated,2026-08-10,cve_2022_and_before,2026-08-11T08:07:08+00:00
CVE-2021-36926,updated,2026-08-10,cve_2022_and_before,2026-08-11T08:07:08+00:00
CVE-2021-36927,updated,2026-08-10,cve_2022_and_before,2026-08-11T08:07:08+00:00
CVE-2021-36928,updated,2026-08-10,cve_2022_and_before,2026-08-11T08:07:08+00:00
CVE-2021-36929,updated,2026-08-10,cve_2022_and_before,2026-08-11T08:07:08+00:00
CVE-2021-36930,updated,2026-08-10,cve_2022_and_before,2026-08-11T08:07:08+00:00
CVE-2021-36931,updated,2026-08-10,cve_2022_and_before,2026-08-11T08:07:08+00:00
CVE-2021-36932,updated,2026-08-10,cve_2022_and_before,2026-08-11T08:07:08+00:00
CVE-2021-36933,updated,2026-08-10,cve_2022_and_before,2026-08-11T08:07:08+00:00
CVE-2021-36934,updated,2026-08-10,cve_2022_and_before,2026-08-11T08:07:08+00:00
CVE-2021-36936,updated,2026-08-10,cve_2022_and_before,2026-08-11T08:07:08+00:00
CVE-2021-36937,updated,2026-08-10,cve_2022_and_before,2026-08-11T08:07:08+00:00
CVE-2021-36938,updated,2026-08-10,cve_2022_and_before,2026-08-11T08:07:08+00:00
CVE-2021-36940,updated,2026-08-10,cve_2022_and_before,2026-08-11T08:07:08+00:00
CVE-2021-36941,updated,2026-08-10,cve_2022_and_before,2026-08-11T08:07:08+00:00
CVE-2021-36942,updated,2026-08-10,cve_2022_and_before,2026-08-11T08:07:08+00:00
CVE-2021-36943,updated,2026-08-10,cve_2022_and_before,2026-08-11T08:07:08+00:00
CVE-2021-36945,updated,2026-08-10,cve_2022_and_before,2026-08-11T08:07:08+00:00
CVE-2021-36946,updated,2026-08-10,cve_2022_and_before,2026-08-11T08:07:08+00:00
CVE-2021-36947,updated,2026-08-10,cve_2022_and_before,2026-08-11T08:07:08+00:00
CVE-2021-36948,updated,2026-08-10,cve_2022_and_before,2026-08-11T08:07:08+00:00
CVE-2021-36949,updated,2026-08-10,cve_2022_and_before,2026-08-11T08:07:08+00:00
CVE-2021-36950,updated,2026-08-10,cve_2022_and_before,2026-08-11T08:07:08+00:00
CVE-2021-36952,updated,2026-08-10,cve_2022_and_before,2026-08-11T08:07:08+00:00
CVE-2021-36954,updated,2026-08-10,cve_2022_and_before,2026-08-11T08:07:08+00:00
CVE-2021-36955,updated,2026-08-10,cve_2022_and_before,2026-08-11T08:07:08+00:00
CVE-2021-36956,updated,2026-08-10,cve_2022_and_before,2026-08-11T08:07:08+00:00
CVE-2021-36958,updated,2026-08-10,cve_2022_and_before,2026-08-11T08:07:08+00:00
CVE-2021-36959,updated,2026-08-10,cve_2022_and_before,2026-08-11T08:07:08+00:00
CVE-2021-36960,updated,2026-08-10,cve_2022_and_before,2026-08-11T08:07:08+00:00
CVE-2021-36961,updated,2026-08-10,cve_2022_and_before,2026-08-11T08:07:08+00:00
CVE-2021-36962,updated,2026-08-10,cve_2022_and_before,2026-08-11T08:07:08+00:00
CVE-2021-36963,updated,2026-08-10,cve_2022_and_before,2026-08-11T08:07:08+00:00
CVE-2021-36964,updated,2026-08-10,cve_2022_and_before,2026-08-11T08:07:08+00:00
CVE-2021-36965,updated,2026-08-10,cve_2022_and_before,2026-08-11T08:07:08+00:00
CVE-2021-36966,updated,2026-08-10,cve_2022_and_before,2026-08-11T08:07:08+00:00
CVE-2021-36967,updated,2026-08-10,cve_2022_and_before,2026-08-11T08:07:08+00:00
CVE-2021-36968,updated,2026-08-10,cve_2022_and_before,2026-08-11T08:07:08+00:00
CVE-2021-36969,updated,2026-08-10,cve_2022_and_before,2026-08-11T08:07:08+00:00
CVE-2021-36972,updated,2026-08-10,cve_2022_and_before,2026-08-11T08:07:08+00:00
CVE-2021-36973,updated,2026-08-10,cve_2022_and_before,2026-08-11T08:07:08+00:00
CVE-2021-36974,updated,2026-08-10,cve_2022_and_before,2026-08-11T08:07:08+00:00
CVE-2021-36975,updated,2026-08-10,cve_2022_and_before,2026-08-11T08:07:08+00:00
CVE-2021-38624,updated,2026-08-10,cve_2022_and_before,2026-08-11T08:07:08+00:00
CVE-2021-38625,updated,2026-08-10,cve_2022_and_before,2026-08-11T08:07:08+00:00
CVE-2021-38626,updated,2026-08-10,cve_2022_and_before,2026-08-11T08:07:08+00:00
CVE-2021-38628,updated,2026-08-10,cve_2022_and_before,2026-08-11T08:07:08+00:00
CVE-2021-38629,updated,2026-08-10,cve_2022_and_before,2026-08-11T08:07:08+00:00
CVE-2021-38630,updated,2026-08-10,cve_2022_and_before,2026-08-11T08:07:08+00:00
CVE-2021-38632,updated,2026-08-10,cve_2022_and_before,2026-08-11T08:07:08+00:00
CVE-2021-38633,updated,2026-08-10,cve_2022_and_before,2026-08-11T08:07:08+00:00
CVE-2021-38634,updated,2026-08-10,cve_2022_and_before,2026-08-11T08:07:08+00:00
CVE-2021-38635,updated,2026-08-10,cve_2022_and_before,2026-08-11T08:07:08+00:00
CVE-2021-38636,updated,2026-08-10,cve_2022_and_before,2026-08-11T08:07:08+00:00
CVE-2021-38637,updated,2026-08-10,cve_2022_and_before,2026-08-11T08:07:08+00:00
CVE-2021-38638,updated,2026-08-10,cve_2022_and_before,2026-08-11T08:07:08+00:00
CVE-2021-38639,updated,2026-08-10,cve_2022_and_before,2026-08-11T08:07:08+00:00
CVE-2021-38641,updated,2026-08-10,cve_2022_and_before,2026-08-11T08:07:08+00:00
CVE-2021-38642,updated,2026-08-10,cve_2022_and_before,2026-08-11T08:07:08+00:00
CVE-2021-38644,updated,2026-08-10,cve_2022_and_before,2026-08-11T08:07:08+00:00
CVE-2021-38645,updated,2026-08-10,cve_2022_and_before,2026-08-11T08:07:08+00:00
CVE-2021-38646,updated,2026-08-10,cve_2022_and_before,2026-08-11T08:07:08+00:00
CVE-2021-38647,updated,2026-08-10,cve_2022_and_before,2026-08-11T08:07:08+00:00
CVE-2021-38648,updated,2026-08-10,cve_2022_and_before,2026-08-11T08:07:08+00:00
CVE-2021-38649,updated,2026-08-10,cve_2022_and_before,2026-08-11T08:07:08+00:00
CVE-2021-38650,updated,2026-08-10,cve_2022_and_before,2026-08-11T08:07:08+00:00
CVE-2021-38651,updated,2026-08-10,cve_2022_and_before,2026-08-11T08:07:08+00:00
CVE-2021-38652,updated,2026-08-10,cve_2022_and_before,2026-08-11T08:07:08+00:00
CVE-2021-38653,updated,2026-08-10,cve_2022_and_before,2026-08-11T08:07:08+00:00
CVE-2021-38654,updated,2026-08-10,cve_2022_and_before,2026-08-11T08:07:08+00:00
CVE-2021-38655,updated,2026-08-10,cve_2022_and_before,2026-08-11T08:07:08+00:00
CVE-2021-38656,updated,2026-08-10,cve_2022_and_before,2026-08-11T08:07:08+00:00
CVE-2021-38657,updated,2026-08-10,cve_2022_and_before,2026-08-11T08:07:08+00:00
CVE-2021-38658,updated,2026-08-10,cve_2022_and_before,2026-08-11T08:07:08+00:00
CVE-2021-38659,updated,2026-08-10,cve_2022_and_before,2026-08-11T08:07:08+00:00
CVE-2021-38660,updated,2026-08-10,cve_2022_and_before,2026-08-11T08:07:08+00:00
CVE-2021-38661,updated,2026-08-10,cve_2022_and_before,2026-08-11T08:07:08+00:00
CVE-2021-38667,updated,2026-08-10,cve_2022_and_before,2026-08-11T08:07:08+00:00
CVE-2021-38669,updated,2026-08-10,cve_2022_and_before,2026-08-11T08:07:08+00:00
CVE-2021-38671,updated,2026-08-10,cve_2022_and_before,2026-08-11T08:07:08+00:00
CVE-2021-40440,updated,2026-08-10,cve_2022_and_before,2026-08-11T08:07:08+00:00
CVE-2021-40444,updated,2026-08-10,cve_2022_and_before,2026-08-11T08:07:08+00:00
CVE-2021-40447,updated,2026-08-10,cve_2022_and_before,2026-08-11T08:07:08+00:00
CVE-2021-40448,updated,2026-08-10,cve_2022_and_before,2026-08-11T08:07:08+00:00
CVE-2021-47210,updated,2026-08-11,cve_2022_and_before,2026-08-11T08:07:08+00:00
CVE-2021-47253,updated,2026-08-11,cve_2022_and_before,2026-08-11T08:07:08+00:00
CVE-2021-47335,updated,2026-08-11,cve_2022_and_before,2026-08-11T08:07:08+00:00
CVE-2021-47354,updated,2026-08-11,cve_2022_and_before,2026-08-11T08:07:08+00:00
CVE-2021-47410,updated,2026-08-11,cve_2022_and_before,2026-08-11T08:07:08+00:00
CVE-2021-47431,updated,2026-08-11,cve_2022_and_before,2026-08-11T08:07:08+00:00
CVE-2021-47504,removed,,cve_2022_and_before,2026-08-11T08:07:08+00:00
CVE-2021-47610,updated,2026-08-11,cve_2022_and_before,2026-08-11T08:07:08+00:00
CVE-2021-47644,updated,2026-08-11,cve_2022_and_before,2026-08-11T08:07:08+00:00
CVE-2021-47645,updated,2026-08-11,cve_2022_and_before,2026-08-11T08:07:08+00:00
CVE-2021-47646,updated,2026-08-11,cve_2022_and_before,2026-08-11T08:07:08+00:00
CVE-2022-37966,updated,2026-08-10,cve_2022_and_before,2026-08-11T08:07:08+00:00
CVE-2022-37967,updated,2026-08-10,cve_2022_and_before,2026-08-11T08:07:08+00:00
CVE-2022-37992,updated,2026-08-10,cve_2022_and_before,2026-08-11T08:07:08+00:00
CVE-2022-38014,updated,2026-08-10,cve_2022_and_before,2026-08-11T08:07:08+00:00
CVE-2022-38015,updated,2026-08-10,cve_2022_and_before,2026-08-11T08:07:08+00:00
CVE-2022-38023,updated,2026-08-10,cve_2022_and_before,2026-08-11T08:07:08+00:00
CVE-2022-41039,updated,2026-08-10,cve_2022_and_before,2026-08-11T08:07:08+00:00
CVE-2022-41044,updated,2026-08-10,cve_2022_and_before,2026-08-11T08:07:08+00:00
CVE-2022-41045,updated,2026-08-10,cve_2022_and_before,2026-08-11T08:07:08+00:00
CVE-2022-41047,updated,2026-08-10,cve_2022_and_before,2026-08-11T08:07:08+00:00
CVE-2022-41048,updated,2026-08-10,cve_2022_and_before,2026-08-11T08:07:08+00:00
CVE-2022-41049,updated,2026-08-10,cve_2022_and_before,2026-08-11T08:07:08+00:00
CVE-2022-41050,updated,2026-08-10,cve_2022_and_before,2026-08-11T08:07:08+00:00
CVE-2022-41051,updated,2026-08-10,cve_2022_and_before,2026-08-11T08:07:08+00:00
CVE-2022-41052,updated,2026-08-10,cve_2022_and_before,2026-08-11T08:07:08+00:00
CVE-2022-41053,updated,2026-08-10,cve_2022_and_before,2026-08-11T08:07:08+00:00
CVE-2022-41054,updated,2026-08-10,cve_2022_and_before,2026-08-11T08:07:08+00:00
CVE-2022-41055,updated,2026-08-10,cve_2022_and_before,2026-08-11T08:07:08+00:00
CVE-2022-41056,updated,2026-08-10,cve_2022_and_before,2026-08-11T08:07:08+00:00
CVE-2022-41057,updated,2026-08-10,cve_2022_and_before,2026-08-11T08:07:08+00:00
CVE-2022-41058,updated,2026-08-10,cve_2022_and_before,2026-08-11T08:07:08+00:00
CVE-2022-41060,updated,2026-08-10,cve_2022_and_before,2026-08-11T08:07:08+00:00
CVE-2022-41061,updated,2026-08-10,cve_2022_and_before,2026-08-11T08:07:08+00:00
CVE-2022-41062,updated,2026-08-10,cve_2022_and_before,2026-08-11T08:07:08+00:00
CVE-2022-41063,updated,2026-08-10,cve_2022_and_before,2026-08-11T08:07:08+00:00
CVE-2022-41064,updated,2026-08-10,cve_2022_and_before,2026-08-11T08:07:08+00:00
CVE-2022-41066,updated,2026-08-10,cve_2022_and_before,2026-08-11T08:07:08+00:00
CVE-2022-41073,updated,2026-08-10,cve_2022_and_before,2026-08-11T08:07:08+00:00
CVE-2022-41078,updated,2026-08-10,cve_2022_and_before,2026-08-11T08:07:08+00:00
CVE-2022-41079,updated,2026-08-10,cve_2022_and_before,2026-08-11T08:07:08+00:00
CVE-2022-41080,updated,2026-08-10,cve_2022_and_before,2026-08-11T08:07:08+00:00
CVE-2022-41085,updated,2026-08-10,cve_2022_and_before,2026-08-11T08:07:08+00:00
CVE-2022-41086,updated,2026-08-10,cve_2022_and_before,2026-08-11T08:07:08+00:00
CVE-2022-41088,updated,2026-08-10,cve_2022_and_before,2026-08-11T08:07:08+00:00
CVE-2022-41090,updated,2026-08-10,cve_2022_and_before,2026-08-11T08:07:08+00:00
CVE-2022-41091,updated,2026-08-10,cve_2022_and_before,2026-08-11T08:07:08+00:00
CVE-2022-41092,updated,2026-08-10,cve_2022_and_before,2026-08-11T08:07:08+00:00
CVE-2022-41093,updated,2026-08-10,cve_2022_and_before,2026-08-11T08:07:08+00:00
CVE-2022-41095,updated,2026-08-10,cve_2022_and_before,2026-08-11T08:07:08+00:00
CVE-2022-41096,updated,2026-08-10,cve_2022_and_before,2026-08-11T08:07:08+00:00
CVE-2022-41097,updated,2026-08-10,cve_2022_and_before,2026-08-11T08:07:08+00:00
CVE-2022-41098,updated,2026-08-10,cve_2022_and_before,2026-08-11T08:07:08+00:00
CVE-2022-41099,updated,2026-08-10,cve_2022_and_before,2026-08-11T08:07:08+00:00
CVE-2022-41100,updated,2026-08-10,cve_2022_and_before,2026-08-11T08:07:08+00:00
CVE-2022-41101,updated,2026-08-10,cve_2022_and_before,2026-08-11T08:07:08+00:00
CVE-2022-41102,updated,2026-08-10,cve_2022_and_before,2026-08-11T08:07:08+00:00
CVE-2022-41103,updated,2026-08-10,cve_2022_and_before,2026-08-11T08:07:08+00:00
CVE-2022-41104,updated,2026-08-10,cve_2022_and_before,2026-08-11T08:07:08+00:00
CVE-2022-41105,updated,2026-08-10,cve_2022_and_before,2026-08-11T08:07:08+00:00
CVE-2022-41106,updated,2026-08-10,cve_2022_and_before,2026-08-11T08:07:08+00:00
CVE-2022-41107,updated,2026-08-10,cve_2022_and_before,2026-08-11T08:07:08+00:00
CVE-2022-41109,updated,2026-08-10,cve_2022_and_before,2026-08-11T08:07:08+00:00
CVE-2022-41113,updated,2026-08-10,cve_2022_and_before,2026-08-11T08:07:08+00:00
CVE-2022-41114,updated,2026-08-10,cve_2022_and_before,2026-08-11T08:07:08+00:00
CVE-2022-41116,updated,2026-08-10,cve_2022_and_before,2026-08-11T08:07:08+00:00
CVE-2022-41118,updated,2026-08-10,cve_2022_and_before,2026-08-11T08:07:08+00:00
CVE-2022-41119,updated,2026-08-10,cve_2022_and_before,2026-08-11T08:07:08+00:00
CVE-2022-41120,updated,2026-08-10,cve_2022_and_before,2026-08-11T08:07:08+00:00
CVE-2022-41122,updated,2026-08-10,cve_2022_and_before,2026-08-11T08:07:08+00:00
CVE-2022-41123,updated,2026-08-10,cve_2022_and_before,2026-08-11T08:07:08+00:00
CVE-2022-41125,updated,2026-08-10,cve_2022_and_before,2026-08-11T08:07:08+00:00
CVE-2022-41128,updated,2026-08-10,cve_2022_and_before,2026-08-11T08:07:08+00:00
CVE-2022-48628,updated,2026-08-11,cve_2022_and_before,2026-08-11T08:07:08+00:00
CVE-2023-2008,updated,2026-08-10,cve_2023_to_2025,2026-08-11T08:07:08+00:00
CVE-2023-21709,updated,2026-08-10,cve_2023_to_2025,2026-08-11T08:07:08+00:00
CVE-2023-29328,updated,2026-08-10,cve_2023_to_2025,2026-08-11T08:07:08+00:00
CVE-2023-29330,updated,2026-08-10,cve_2023_to_2025,2026-08-11T08:07:08+00:00
CVE-2023-35359,updated,2026-08-10,cve_2023_to_2025,2026-08-11T08:07:08+00:00
CVE-2023-35368,updated,2026-08-10,cve_2023_to_2025,2026-08-11T08:07:08+00:00
CVE-2023-35371,updated,2026-08-10,cve_2023_to_2025,2026-08-11T08:07:08+00:00
CVE-2023-35372,updated,2026-08-10,cve_2023_to_2025,2026-08-11T08:07:08+00:00
CVE-2023-35376,updated,2026-08-10,cve_2023_to_2025,2026-08-11T08:07:08+00:00
CVE-2023-35377,updated,2026-08-10,cve_2023_to_2025,2026-08-11T08:07:08+00:00
CVE-2023-35378,updated,2026-08-10,cve_2023_to_2025,2026-08-11T08:07:08+00:00
CVE-2023-35379,updated,2026-08-10,cve_2023_to_2025,2026-08-11T08:07:08+00:00
CVE-2023-35380,updated,2026-08-10,cve_2023_to_2025,2026-08-11T08:07:08+00:00
CVE-2023-35381,updated,2026-08-10,cve_2023_to_2025,2026-08-11T08:07:08+00:00
CVE-2023-35382,updated,2026-08-10,cve_2023_to_2025,2026-08-11T08:07:08+00:00
CVE-2023-35383,updated,2026-08-10,cve_2023_to_2025,2026-08-11T08:07:08+00:00
CVE-2023-35384,updated,2026-08-10,cve_2023_to_2025,2026-08-11T08:07:08+00:00
CVE-2023-35385,updated,2026-08-10,cve_2023_to_2025,2026-08-11T08:07:08+00:00
CVE-2023-35386,updated,2026-08-10,cve_2023_to_2025,2026-08-11T08:07:08+00:00
CVE-2023-35387,updated,2026-08-10,cve_2023_to_2025,2026-08-11T08:07:08+00:00
CVE-2023-35388,updated,2026-08-10,cve_2023_to_2025,2026-08-11T08:07:08+00:00
CVE-2023-35389,updated,2026-08-10,cve_2023_to_2025,2026-08-11T08:07:08+00:00
CVE-2023-35390,updated,2026-08-10,cve_2023_to_2025,2026-08-11T08:07:08+00:00
CVE-2023-35391,updated,2026-08-10,cve_2023_to_2025,2026-08-11T08:07:08+00:00
CVE-2023-35393,updated,2026-08-10,cve_2023_to_2025,2026-08-11T08:07:08+00:00
CVE-2023-35394,updated,2026-08-10,cve_2023_to_2025,2026-08-11T08:07:08+00:00
CVE-2023-36741,updated,2026-08-10,cve_2023_to_2025,2026-08-11T08:07:08+00:00
CVE-2023-36769,updated,2026-08-10,cve_2023_to_2025,2026-08-11T08:07:08+00:00
CVE-2023-36787,updated,2026-08-10,cve_2023_to_2025,2026-08-11T08:07:08+00:00
CVE-2023-36865,updated,2026-08-10,cve_2023_to_2025,2026-08-11T08:07:08+00:00
CVE-2023-36866,updated,2026-08-10,cve_2023_to_2025,2026-08-11T08:07:08+00:00
CVE-2023-36869,updated,2026-08-10,cve_2023_to_2025,2026-08-11T08:07:08+00:00
CVE-2023-36873,updated,2026-08-10,cve_2023_to_2025,2026-08-11T08:07:08+00:00
CVE-2023-36876,updated,2026-08-10,cve_2023_to_2025,2026-08-11T08:07:08+00:00
CVE-2023-36877,updated,2026-08-10,cve_2023_to_2025,2026-08-11T08:07:08+00:00
CVE-2023-36881,updated,2026-08-10,cve_2023_to_2025,2026-08-11T08:07:08+00:00
CVE-2023-36882,updated,2026-08-10,cve_2023_to_2025,2026-08-11T08:07:08+00:00
CVE-2023-36884,updated,2026-08-10,cve_2023_to_2025,2026-08-11T08:07:08+00:00
CVE-2023-36889,updated,2026-08-10,cve_2023_to_2025,2026-08-11T08:07:08+00:00
CVE-2023-36890,updated,2026-08-10,cve_2023_to_2025,2026-08-11T08:07:08+00:00
CVE-2023-36891,updated,2026-08-10,cve_2023_to_2025,2026-08-11T08:07:08+00:00
CVE-2023-36892,updated,2026-08-10,cve_2023_to_2025,2026-08-11T08:07:08+00:00
CVE-2023-36893,updated,2026-08-10,cve_2023_to_2025,2026-08-11T08:07:08+00:00
CVE-2023-36894,updated,2026-08-10,cve_2023_to_2025,2026-08-11T08:07:08+00:00
CVE-2023-36895,updated,2026-08-10,cve_2023_to_2025,2026-08-11T08:07:08+00:00
CVE-2023-36896,updated,2026-08-10,cve_2023_to_2025,2026-08-11T08:07:08+00:00
CVE-2023-36897,updated,2026-08-10,cve_2023_to_2025,2026-08-11T08:07:08+00:00
CVE-2023-36898,updated,2026-08-10,cve_2023_to_2025,2026-08-11T08:07:08+00:00
CVE-2023-36899,updated,2026-08-10,cve_2023_to_2025,2026-08-11T08:07:08+00:00
CVE-2023-36900,updated,2026-08-10,cve_2023_to_2025,2026-08-11T08:07:08+00:00
CVE-2023-36903,updated,2026-08-10,cve_2023_to_2025,2026-08-11T08:07:08+00:00
CVE-2023-36904,updated,2026-08-10,cve_2023_to_2025,2026-08-11T08:07:08+00:00
CVE-2023-36905,updated,2026-08-10,cve_2023_to_2025,2026-08-11T08:07:08+00:00
CVE-2023-36906,updated,2026-08-10,cve_2023_to_2025,2026-08-11T08:07:08+00:00
CVE-2023-36907,updated,2026-08-10,cve_2023_to_2025,2026-08-11T08:07:08+00:00
CVE-2023-36908,updated,2026-08-10,cve_2023_to_2025,2026-08-11T08:07:08+00:00
CVE-2023-36909,updated,2026-08-10,cve_2023_to_2025,2026-08-11T08:07:08+00:00
CVE-2023-36910,updated,2026-08-10,cve_2023_to_2025,2026-08-11T08:07:08+00:00
CVE-2023-36911,updated,2026-08-10,cve_2023_to_2025,2026-08-11T08:07:08+00:00
CVE-2023-36912,updated,2026-08-10,cve_2023_to_2025,2026-08-11T08:07:08+00:00
CVE-2023-36913,updated,2026-08-10,cve_2023_to_2025,2026-08-11T08:07:08+00:00
CVE-2023-36914,updated,2026-08-10,cve_2023_to_2025,2026-08-11T08:07:08+00:00
CVE-2023-38154,updated,2026-08-10,cve_2023_to_2025,2026-08-11T08:07:08+00:00
CVE-2023-38157,updated,2026-08-10,cve_2023_to_2025,2026-08-11T08:07:08+00:00
CVE-2023-38158,updated,2026-08-10,cve_2023_to_2025,2026-08-11T08:07:08+00:00
CVE-2023-38167,updated,2026-08-10,cve_2023_to_2025,2026-08-11T08:07:08+00:00
CVE-2023-38169,updated,2026-08-10,cve_2023_to_2025,2026-08-11T08:07:08+00:00
CVE-2023-38170,updated,2026-08-10,cve_2023_to_2025,2026-08-11T08:07:08+00:00
CVE-2023-38172,updated,2026-08-10,cve_2023_to_2025,2026-08-11T08:07:08+00:00
CVE-2023-38175,updated,2026-08-10,cve_2023_to_2025,2026-08-11T08:07:08+00:00
CVE-2023-38176,updated,2026-08-10,cve_2023_to_2025,2026-08-11T08:07:08+00:00
CVE-2023-38178,updated,2026-08-10,cve_2023_to_2025,2026-08-11T08:07:08+00:00
CVE-2023-38180,updated,2026-08-10,cve_2023_to_2025,2026-08-11T08:07:08+00:00
CVE-2023-38181,updated,2026-08-10,cve_2023_to_2025,2026-08-11T08:07:08+00:00
CVE-2023-38182,updated,2026-08-10,cve_2023_to_2025,2026-08-11T08:07:08+00:00
CVE-2023-38184,updated,2026-08-10,cve_2023_to_2025,2026-08-11T08:07:08+00:00
CVE-2023-38185,updated,2026-08-10,cve_2023_to_2025,2026-08-11T08:07:08+00:00
CVE-2023-38186,updated,2026-08-10,cve_2023_to_2025,2026-08-11T08:07:08+00:00
CVE-2023-38188,updated,2026-08-10,cve_2023_to_2025,2026-08-11T08:07:08+00:00
CVE-2023-38254,updated,2026-08-10,cve_2023_to_2025,2026-08-11T08:07:08+00:00
CVE-2024-0565,updated,2026-08-10,cve_2023_to_2025,2026-08-11T08:07:08+00:00
CVE-2024-0775,updated,2026-08-10,cve_2023_to_2025,2026-08-11T08:07:08+00:00
CVE-2024-20667,updated,2026-08-10,cve_2023_to_2025,2026-08-11T08:07:08+00:00
CVE-2024-20673,updated,2026-08-10,cve_2023_to_2025,2026-08-11T08:07:08+00:00
CVE-2024-20679,updated,2026-08-10,cve_2023_to_2025,2026-08-11T08:07:08+00:00
CVE-2024-20684,updated,2026-08-10,cve_2023_to_2025,2026-08-11T08:07:08+00:00
CVE-2024-20695,updated,2026-08-10,cve_2023_to_2025,2026-08-11T08:07:08+00:00
CVE-2024-21304,updated,2026-08-10,cve_2023_to_2025,2026-08-11T08:07:08+00:00
CVE-2024-21315,updated,2026-08-10,cve_2023_to_2025,2026-08-11T08:07:08+00:00
CVE-2024-21327,updated,2026-08-10,cve_2023_to_2025,2026-08-11T08:07:08+00:00
CVE-2024-21328,updated,2026-08-10,cve_2023_to_2025,2026-08-11T08:07:08+00:00
CVE-2024-21329,updated,2026-08-10,cve_2023_to_2025,2026-08-11T08:07:08+00:00
CVE-2024-21338,updated,2026-08-10,cve_2023_to_2025,2026-08-11T08:07:08+00:00
CVE-2024-21339,updated,2026-08-10,cve_2023_to_2025,2026-08-11T08:07:08+00:00
CVE-2024-21340,updated,2026-08-10,cve_2023_to_2025,2026-08-11T08:07:08+00:00
CVE-2024-21341,updated,2026-08-10,cve_2023_to_2025,2026-08-11T08:07:08+00:00
CVE-2024-21342,updated,2026-08-10,cve_2023_to_2025,2026-08-11T08:07:08+00:00
CVE-2024-21343,updated,2026-08-10,cve_2023_to_2025,2026-08-11T08:07:08+00:00
CVE-2024-21344,updated,2026-08-10,cve_2023_to_2025,2026-08-11T08:07:08+00:00
CVE-2024-21345,updated,2026-08-10,cve_2023_to_2025,2026-08-11T08:07:08+00:00
CVE-2024-21346,updated,2026-08-10,cve_2023_to_2025,2026-08-11T08:07:08+00:00
CVE-2024-21347,updated,2026-08-10,cve_2023_to_2025,2026-08-11T08:07:08+00:00
CVE-2024-21348,updated,2026-08-10,cve_2023_to_2025,2026-08-11T08:07:08+00:00
CVE-2024-21349,updated,2026-08-10,cve_2023_to_2025,2026-08-11T08:07:08+00:00
CVE-2024-21350,updated,2026-08-10,cve_2023_to_2025,2026-08-11T08:07:08+00:00
CVE-2024-21351,updated,2026-08-10,cve_2023_to_2025,2026-08-11T08:07:08+00:00
CVE-2024-21352,updated,2026-08-10,cve_2023_to_2025,2026-08-11T08:07:08+00:00
CVE-2024-21353,updated,2026-08-10,cve_2023_to_2025,2026-08-11T08:07:08+00:00
CVE-2024-21354,updated,2026-08-10,cve_2023_to_2025,2026-08-11T08:07:08+00:00
CVE-2024-21355,updated,2026-08-10,cve_2023_to_2025,2026-08-11T08:07:08+00:00
CVE-2024-21356,updated,2026-08-10,cve_2023_to_2025,2026-08-11T08:07:08+00:00
CVE-2024-21357,updated,2026-08-10,cve_2023_to_2025,2026-08-11T08:07:08+00:00
CVE-2024-21358,updated,2026-08-10,cve_2023_to_2025,2026-08-11T08:07:08+00:00
CVE-2024-21359,updated,2026-08-10,cve_2023_to_2025,2026-08-11T08:07:08+00:00
CVE-2024-21360,updated,2026-08-10,cve_2023_to_2025,2026-08-11T08:07:08+00:00
CVE-2024-21361,updated,2026-08-10,cve_2023_to_2025,2026-08-11T08:07:08+00:00
CVE-2024-21362,updated,2026-08-10,cve_2023_to_2025,2026-08-11T08:07:08+00:00
CVE-2024-21363,updated,2026-08-10,cve_2023_to_2025,2026-08-11T08:07:08+00:00
CVE-2024-21364,updated,2026-08-10,cve_2023_to_2025,2026-08-11T08:07:08+00:00
CVE-2024-21365,updated,2026-08-10,cve_2023_to_2025,2026-08-11T08:07:08+00:00
CVE-2024-21366,updated,2026-08-10,cve_2023_to_2025,2026-08-11T08:07:08+00:00
CVE-2024-21367,updated,2026-08-10,cve_2023_to_2025,2026-08-11T08:07:08+00:00
CVE-2024-21368,updated,2026-08-10,cve_2023_to_2025,2026-08-11T08:07:08+00:00
CVE-2024-21369,updated,2026-08-10,cve_2023_to_2025,2026-08-11T08:07:08+00:00
CVE-2024-21370,updated,2026-08-10,cve_2023_to_2025,2026-08-11T08:07:08+00:00
CVE-2024-21371,updated,2026-08-10,cve_2023_to_2025,2026-08-11T08:07:08+00:00
CVE-2024-21372,updated,2026-08-10,cve_2023_to_2025,2026-08-11T08:07:08+00:00
CVE-2024-21374,updated,2026-08-10,cve_2023_to_2025,2026-08-11T08:07:08+00:00
CVE-2024-21375,updated,2026-08-10,cve_2023_to_2025,2026-08-11T08:07:08+00:00
CVE-2024-21376,updated,2026-08-10,cve_2023_to_2025,2026-08-11T08:07:08+00:00
CVE-2024-21377,updated,2026-08-10,cve_2023_to_2025,2026-08-11T08:07:08+00:00
CVE-2024-21378,updated,2026-08-10,cve_2023_to_2025,2026-08-11T08:07:08+00:00
CVE-2024-21379,updated,2026-08-10,cve_2023_to_2025,2026-08-11T08:07:08+00:00
CVE-2024-21380,updated,2026-08-10,cve_2023_to_2025,2026-08-11T08:07:08+00:00
CVE-2024-21381,updated,2026-08-10,cve_2023_to_2025,2026-08-11T08:07:08+00:00
CVE-2024-21384,updated,2026-08-10,cve_2023_to_2025,2026-08-11T08:07:08+00:00
CVE-2024-21386,updated,2026-08-10,cve_2023_to_2025,2026-08-11T08:07:08+00:00
CVE-2024-21389,updated,2026-08-10,cve_2023_to_2025,2026-08-11T08:07:08+00:00
CVE-2024-21391,updated,2026-08-10,cve_2023_to_2025,2026-08-11T08:07:08+00:00
CVE-2024-21393,updated,2026-08-10,cve_2023_to_2025,2026-08-11T08:07:08+00:00
CVE-2024-21394,updated,2026-08-10,cve_2023_to_2025,2026-08-11T08:07:08+00:00
CVE-2024-21395,updated,2026-08-10,cve_2023_to_2025,2026-08-11T08:07:08+00:00
CVE-2024-21396,updated,2026-08-10,cve_2023_to_2025,2026-08-11T08:07:08+00:00
CVE-2024-21397,updated,2026-08-10,cve_2023_to_2025,2026-08-11T08:07:08+00:00
CVE-2024-21399,updated,2026-08-10,cve_2023_to_2025,2026-08-11T08:07:08+00:00
CVE-2024-21401,updated,2026-08-10,cve_2023_to_2025,2026-08-11T08:07:08+00:00
CVE-2024-21402,updated,2026-08-10,cve_2023_to_2025,2026-08-11T08:07:08+00:00
CVE-2024-21403,updated,2026-08-10,cve_2023_to_2025,2026-08-11T08:07:08+00:00
CVE-2024-21404,updated,2026-08-10,cve_2023_to_2025,2026-08-11T08:07:08+00:00
CVE-2024-21405,updated,2026-08-10,cve_2023_to_2025,2026-08-11T08:07:08+00:00
CVE-2024-21406,updated,2026-08-10,cve_2023_to_2025,2026-08-11T08:07:08+00:00
CVE-2024-21410,updated,2026-08-10,cve_2023_to_2025,2026-08-11T08:07:08+00:00
CVE-2024-21412,updated,2026-08-10,cve_2023_to_2025,2026-08-11T08:07:08+00:00
CVE-2024-21413,updated,2026-08-10,cve_2023_to_2025,2026-08-11T08:07:08+00:00
CVE-2024-21416,updated,2026-08-10,cve_2023_to_2025,2026-08-11T08:07:08+00:00
CVE-2024-21420,updated,2026-08-10,cve_2023_to_2025,2026-08-11T08:07:08+00:00
CVE-2024-21423,updated,2026-08-10,cve_2023_to_2025,2026-08-11T08:07:08+00:00
CVE-2024-21489,updated,2026-08-10,cve_2023_to_2025,2026-08-11T08:07:08+00:00
CVE-2024-21548,updated,2026-08-10,cve_2023_to_2025,2026-08-11T08:07:08+00:00
CVE-2024-23692,updated,2026-08-11,cve_2023_to_2025,2026-08-11T08:07:08+00:00
CVE-2024-26186,updated,2026-08-10,cve_2023_to_2025,2026-08-11T08:07:08+00:00
CVE-2024-26188,updated,2026-08-10,cve_2023_to_2025,2026-08-11T08:07:08+00:00
CVE-2024-26191,updated,2026-08-10,cve_2023_to_2025,2026-08-11T08:07:08+00:00
CVE-2024-26192,updated,2026-08-10,cve_2023_to_2025,2026-08-11T08:07:08+00:00
CVE-2024-26196,updated,2026-08-10,cve_2023_to_2025,2026-08-11T08:07:08+00:00
CVE-2024-29060,updated,2026-08-10,cve_2023_to_2025,2026-08-11T08:07:08+00:00
CVE-2024-30052,updated,2026-08-10,cve_2023_to_2025,2026-08-11T08:07:08+00:00
CVE-2024-30057,updated,2026-08-10,cve_2023_to_2025,2026-08-11T08:07:08+00:00
CVE-2024-30058,updated,2026-08-10,cve_2023_to_2025,2026-08-11T08:07:08+00:00
CVE-2024-30062,updated,2026-08-10,cve_2023_to_2025,2026-08-11T08:07:08+00:00
CVE-2024-30063,updated,2026-08-10,cve_2023_to_2025,2026-08-11T08:07:08+00:00
CVE-2024-30064,updated,2026-08-10,cve_2023_to_2025,2026-08-11T08:07:08+00:00
CVE-2024-30065,updated,2026-08-10,cve_2023_to_2025,2026-08-11T08:07:08+00:00
CVE-2024-30066,updated,2026-08-10,cve_2023_to_2025,2026-08-11T08:07:08+00:00
CVE-2024-30067,updated,2026-08-10,cve_2023_to_2025,2026-08-11T08:07:08+00:00
CVE-2024-30068,updated,2026-08-10,cve_2023_to_2025,2026-08-11T08:07:08+00:00
CVE-2024-30069,updated,2026-08-10,cve_2023_to_2025,2026-08-11T08:07:08+00:00
CVE-2024-30070,updated,2026-08-10,cve_2023_to_2025,2026-08-11T08:07:08+00:00
CVE-2024-30072,updated,2026-08-10,cve_2023_to_2025,2026-08-11T08:07:08+00:00
CVE-2024-30073,updated,2026-08-10,cve_2023_to_2025,2026-08-11T08:07:08+00:00
CVE-2024-30074,updated,2026-08-10,cve_2023_to_2025,2026-08-11T08:07:08+00:00
CVE-2024-30075,updated,2026-08-10,cve_2023_to_2025,2026-08-11T08:07:08+00:00
CVE-2024-30076,updated,2026-08-10,cve_2023_to_2025,2026-08-11T08:07:08+00:00
CVE-2024-30077,updated,2026-08-10,cve_2023_to_2025,2026-08-11T08:07:08+00:00
CVE-2024-30078,updated,2026-08-10,cve_2023_to_2025,2026-08-11T08:07:08+00:00
CVE-2024-30080,updated,2026-08-10,cve_2023_to_2025,2026-08-11T08:07:08+00:00
CVE-2024-30082,updated,2026-08-10,cve_2023_to_2025,2026-08-11T08:07:08+00:00
CVE-2024-30083,updated,2026-08-10,cve_2023_to_2025,2026-08-11T08:07:08+00:00
CVE-2024-30084,updated,2026-08-10,cve_2023_to_2025,2026-08-11T08:07:08+00:00
CVE-2024-30085,updated,2026-08-10,cve_2023_to_2025,2026-08-11T08:07:08+00:00
CVE-2024-30086,updated,2026-08-10,cve_2023_to_2025,2026-08-11T08:07:08+00:00
CVE-2024-30087,updated,2026-08-10,cve_2023_to_2025,2026-08-11T08:07:08+00:00
CVE-2024-30088,updated,2026-08-10,cve_2023_to_2025,2026-08-11T08:07:08+00:00
CVE-2024-30089,updated,2026-08-10,cve_2023_to_2025,2026-08-11T08:07:08+00:00
CVE-2024-30090,updated,2026-08-10,cve_2023_to_2025,2026-08-11T08:07:08+00:00
CVE-2024-30091,updated,2026-08-10,cve_2023_to_2025,2026-08-11T08:07:08+00:00
CVE-2024-30093,updated,2026-08-10,cve_2023_to_2025,2026-08-11T08:07:08+00:00
CVE-2024-30094,updated,2026-08-10,cve_2023_to_2025,2026-08-11T08:07:08+00:00
CVE-2024-30095,updated,2026-08-10,cve_2023_to_2025,2026-08-11T08:07:08+00:00
CVE-2024-30096,updated,2026-08-10,cve_2023_to_2025,2026-08-11T08:07:08+00:00
CVE-2024-30097,updated,2026-08-10,cve_2023_to_2025,2026-08-11T08:07:08+00:00
CVE-2024-30099,updated,2026-08-10,cve_2023_to_2025,2026-08-11T08:07:08+00:00
CVE-2024-30100,updated,2026-08-10,cve_2023_to_2025,2026-08-11T08:07:08+00:00
CVE-2024-30101,updated,2026-08-10,cve_2023_to_2025,2026-08-11T08:07:08+00:00
CVE-2024-30102,updated,2026-08-10,cve_2023_to_2025,2026-08-11T08:07:08+00:00
CVE-2024-30103,updated,2026-08-10,cve_2023_to_2025,2026-08-11T08:07:08+00:00
CVE-2024-30104,updated,2026-08-10,cve_2023_to_2025,2026-08-11T08:07:08+00:00
CVE-2024-35248,updated,2026-08-10,cve_2023_to_2025,2026-08-11T08:07:08+00:00
CVE-2024-35249,updated,2026-08-10,cve_2023_to_2025,2026-08-11T08:07:08+00:00
CVE-2024-35250,updated,2026-08-10,cve_2023_to_2025,2026-08-11T08:07:08+00:00
CVE-2024-35252,updated,2026-08-10,cve_2023_to_2025,2026-08-11T08:07:08+00:00
CVE-2024-35253,updated,2026-08-10,cve_2023_to_2025,2026-08-11T08:07:08+00:00
CVE-2024-35254,updated,2026-08-10,cve_2023_to_2025,2026-08-11T08:07:08+00:00
CVE-2024-35255,updated,2026-08-10,cve_2023_to_2025,2026-08-11T08:07:08+00:00
CVE-2024-35260,updated,2026-08-10,cve_2023_to_2025,2026-08-11T08:07:08+00:00
CVE-2024-35263,updated,2026-08-10,cve_2023_to_2025,2026-08-11T08:07:08+00:00
CVE-2024-35265,updated,2026-08-10,cve_2023_to_2025,2026-08-11T08:07:08+00:00
CVE-2024-37325,updated,2026-08-10,cve_2023_to_2025,2026-08-11T08:07:08+00:00
CVE-2024-37335,updated,2026-08-10,cve_2023_to_2025,2026-08-11T08:07:08+00:00
CVE-2024-37337,updated,2026-08-10,cve_2023_to_2025,2026-08-11T08:07:08+00:00
CVE-2024-37338,updated,2026-08-10,cve_2023_to_2025,2026-08-11T08:07:08+00:00
CVE-2024-37339,updated,2026-08-10,cve_2023_to_2025,2026-08-11T08:07:08+00:00
CVE-2024-37340,updated,2026-08-10,cve_2023_to_2025,2026-08-11T08:07:08+00:00
CVE-2024-37341,updated,2026-08-10,cve_2023_to_2025,2026-08-11T08:07:08+00:00
CVE-2024-37342,updated,2026-08-10,cve_2023_to_2025,2026-08-11T08:07:08+00:00
CVE-2024-37965,updated,2026-08-10,cve_2023_to_2025,2026-08-11T08:07:08+00:00
CVE-2024-37966,updated,2026-08-10,cve_2023_to_2025,2026-08-11T08:07:08+00:00
CVE-2024-37980,updated,2026-08-10,cve_2023_to_2025,2026-08-11T08:07:08+00:00
CVE-2024-38014,updated,2026-08-10,cve_2023_to_2025,2026-08-11T08:07:08+00:00
CVE-2024-38016,updated,2026-08-10,cve_2023_to_2025,2026-08-11T08:07:08+00:00
CVE-2024-38018,updated,2026-08-10,cve_2023_to_2025,2026-08-11T08:07:08+00:00
CVE-2024-38045,updated,2026-08-10,cve_2023_to_2025,2026-08-11T08:07:08+00:00
CVE-2024-38046,updated,2026-08-10,cve_2023_to_2025,2026-08-11T08:07:08+00:00
CVE-2024-38082,updated,2026-08-10,cve_2023_to_2025,2026-08-11T08:07:08+00:00
CVE-2024-38083,updated,2026-08-10,cve_2023_to_2025,2026-08-11T08:07:08+00:00
CVE-2024-38093,updated,2026-08-10,cve_2023_to_2025,2026-08-11T08:07:08+00:00
CVE-2024-38119,updated,2026-08-10,cve_2023_to_2025,2026-08-11T08:07:08+00:00
CVE-2024-38183,updated,2026-08-10,cve_2023_to_2025,2026-08-11T08:07:08+00:00
CVE-2024-38188,updated,2026-08-10,cve_2023_to_2025,2026-08-11T08:07:08+00:00
CVE-2024-38194,updated,2026-08-10,cve_2023_to_2025,2026-08-11T08:07:08+00:00
CVE-2024-38216,updated,2026-08-10,cve_2023_to_2025,2026-08-11T08:07:08+00:00
CVE-2024-38217,updated,2026-08-10,cve_2023_to_2025,2026-08-11T08:07:08+00:00
CVE-2024-38220,updated,2026-08-10,cve_2023_to_2025,2026-08-11T08:07:08+00:00
CVE-2024-38221,updated,2026-08-10,cve_2023_to_2025,2026-08-11T08:07:08+00:00
CVE-2024-38222,updated,2026-08-10,cve_2023_to_2025,2026-08-11T08:07:08+00:00
CVE-2024-38225,updated,2026-08-10,cve_2023_to_2025,2026-08-11T08:07:08+00:00
CVE-2024-38226,updated,2026-08-10,cve_2023_to_2025,2026-08-11T08:07:08+00:00
CVE-2024-38227,updated,2026-08-10,cve_2023_to_2025,2026-08-11T08:07:08+00:00
CVE-2024-38228,updated,2026-08-10,cve_2023_to_2025,2026-08-11T08:07:08+00:00
CVE-2024-38230,updated,2026-08-10,cve_2023_to_2025,2026-08-11T08:07:08+00:00
CVE-2024-38231,updated,2026-08-10,cve_2023_to_2025,2026-08-11T08:07:08+00:00
CVE-2024-38232,updated,2026-08-10,cve_2023_to_2025,2026-08-11T08:07:08+00:00
CVE-2024-38233,updated,2026-08-10,cve_2023_to_2025,2026-08-11T08:07:08+00:00
CVE-2024-38234,updated,2026-08-10,cve_2023_to_2025,2026-08-11T08:07:08+00:00
CVE-2024-38235,updated,2026-08-10,cve_2023_to_2025,2026-08-11T08:07:08+00:00
CVE-2024-38236,updated,2026-08-10,cve_2023_to_2025,2026-08-11T08:07:08+00:00
CVE-2024-38237,updated,2026-08-10,cve_2023_to_2025,2026-08-11T08:07:08+00:00
CVE-2024-38238,updated,2026-08-10,cve_2023_to_2025,2026-08-11T08:07:08+00:00
CVE-2024-38239,updated,2026-08-10,cve_2023_to_2025,2026-08-11T08:07:08+00:00
CVE-2024-38240,updated,2026-08-10,cve_2023_to_2025,2026-08-11T08:07:08+00:00
CVE-2024-38241,updated,2026-08-10,cve_2023_to_2025,2026-08-11T08:07:08+00:00
CVE-2024-38242,updated,2026-08-10,cve_2023_to_2025,2026-08-11T08:07:08+00:00
CVE-2024-38243,updated,2026-08-10,cve_2023_to_2025,2026-08-11T08:07:08+00:00
CVE-2024-38244,updated,2026-08-10,cve_2023_to_2025,2026-08-11T08:07:08+00:00
CVE-2024-38245,updated,2026-08-10,cve_2023_to_2025,2026-08-11T08:07:08+00:00
CVE-2024-38246,updated,2026-08-10,cve_2023_to_2025,2026-08-11T08:07:08+00:00
CVE-2024-38247,updated,2026-08-10,cve_2023_to_2025,2026-08-11T08:07:08+00:00
CVE-2024-38248,updated,2026-08-10,cve_2023_to_2025,2026-08-11T08:07:08+00:00
CVE-2024-38249,updated,2026-08-10,cve_2023_to_2025,2026-08-11T08:07:08+00:00
CVE-2024-38250,updated,2026-08-10,cve_2023_to_2025,2026-08-11T08:07:08+00:00
CVE-2024-38252,updated,2026-08-10,cve_2023_to_2025,2026-08-11T08:07:08+00:00
CVE-2024-38253,updated,2026-08-10,cve_2023_to_2025,2026-08-11T08:07:08+00:00
CVE-2024-38254,updated,2026-08-10,cve_2023_to_2025,2026-08-11T08:07:08+00:00
CVE-2024-38256,updated,2026-08-10,cve_2023_to_2025,2026-08-11T08:07:08+00:00
CVE-2024-38257,updated,2026-08-10,cve_2023_to_2025,2026-08-11T08:07:08+00:00
CVE-2024-38258,updated,2026-08-10,cve_2023_to_2025,2026-08-11T08:07:08+00:00
CVE-2024-38259,updated,2026-08-10,cve_2023_to_2025,2026-08-11T08:07:08+00:00
CVE-2024-38260,updated,2026-08-10,cve_2023_to_2025,2026-08-11T08:07:08+00:00
CVE-2024-38263,updated,2026-08-10,cve_2023_to_2025,2026-08-11T08:07:08+00:00
CVE-2024-43454,updated,2026-08-10,cve_2023_to_2025,2026-08-11T08:07:08+00:00
CVE-2024-43455,updated,2026-08-10,cve_2023_to_2025,2026-08-11T08:07:08+00:00
CVE-2024-43457,updated,2026-08-10,cve_2023_to_2025,2026-08-11T08:07:08+00:00
CVE-2024-43458,updated,2026-08-10,cve_2023_to_2025,2026-08-11T08:07:08+00:00
CVE-2024-43460,updated,2026-08-10,cve_2023_to_2025,2026-08-11T08:07:08+00:00
CVE-2024-43461,updated,2026-08-10,cve_2023_to_2025,2026-08-11T08:07:08+00:00
CVE-2024-43463,updated,2026-08-10,cve_2023_to_2025,2026-08-11T08:07:08+00:00
CVE-2024-43464,updated,2026-08-10,cve_2023_to_2025,2026-08-11T08:07:08+00:00
CVE-2024-43465,updated,2026-08-10,cve_2023_to_2025,2026-08-11T08:07:08+00:00
CVE-2024-43466,updated,2026-08-10,cve_2023_to_2025,2026-08-11T08:07:08+00:00
CVE-2024-43467,updated,2026-08-10,cve_2023_to_2025,2026-08-11T08:07:08+00:00
CVE-2024-43469,updated,2026-08-10,cve_2023_to_2025,2026-08-11T08:07:08+00:00
CVE-2024-43470,updated,2026-08-10,cve_2023_to_2025,2026-08-11T08:07:08+00:00
CVE-2024-43474,updated,2026-08-10,cve_2023_to_2025,2026-08-11T08:07:08+00:00
CVE-2024-43475,updated,2026-08-10,cve_2023_to_2025,2026-08-11T08:07:08+00:00
CVE-2024-43476,updated,2026-08-10,cve_2023_to_2025,2026-08-11T08:07:08+00:00
CVE-2024-43479,updated,2026-08-10,cve_2023_to_2025,2026-08-11T08:07:08+00:00
CVE-2024-43482,updated,2026-08-10,cve_2023_to_2025,2026-08-11T08:07:08+00:00
CVE-2024-43487,updated,2026-08-10,cve_2023_to_2025,2026-08-11T08:07:08+00:00
CVE-2024-43489,updated,2026-08-10,cve_2023_to_2025,2026-08-11T08:07:08+00:00
CVE-2024-43491,updated,2026-08-10,cve_2023_to_2025,2026-08-11T08:07:08+00:00
CVE-2024-43492,updated,2026-08-10,cve_2023_to_2025,2026-08-11T08:07:08+00:00
CVE-2024-43495,updated,2026-08-10,cve_2023_to_2025,2026-08-11T08:07:08+00:00
CVE-2024-43496,updated,2026-08-10,cve_2023_to_2025,2026-08-11T08:07:08+00:00
CVE-2024-45497,updated,2026-08-10,cve_2023_to_2025,2026-08-11T08:07:08+00:00
CVE-2025-1545,updated,2026-08-10,cve_2023_to_2025,2026-08-11T08:07:08+00:00
CVE-2025-1547,updated,2026-08-10,cve_2023_to_2025,2026-08-11T08:07:08+00:00
CVE-2025-1549,updated,2026-08-10,cve_2023_to_2025,2026-08-11T08:07:08+00:00
CVE-2025-6999,updated,2026-08-10,cve_2023_to_2025,2026-08-11T08:07:08+00:00
CVE-2025-8088,updated,2026-08-11,cve_2023_to_2025,2026-08-11T08:07:08+00:00
CVE-2025-8361,updated,2026-08-10,cve_2023_to_2025,2026-08-11T08:07:08+00:00
CVE-2025-9242,updated,2026-08-10,cve_2023_to_2025,2026-08-11T08:07:08+00:00
CVE-2025-10263,updated,2026-08-10,cve_2023_to_2025,2026-08-11T08:07:08+00:00
CVE-2025-11838,updated,2026-08-10,cve_2023_to_2025,2026-08-11T08:07:08+00:00
CVE-2025-12026,updated,2026-08-10,cve_2023_to_2025,2026-08-11T08:07:08+00:00
CVE-2025-12195,updated,2026-08-10,cve_2023_to_2025,2026-08-11T08:07:08+00:00
CVE-2025-12196,updated,2026-08-10,cve_2023_to_2025,2026-08-11T08:07:08+00:00
CVE-2025-12543,updated,2026-08-10,cve_2023_to_2025,2026-08-11T08:07:08+00:00
CVE-2025-13293,added,,cve_2023_to_2025,2026-08-11T08:07:08+00:00
CVE-2025-13294,added,,cve_2023_to_2025,2026-08-11T08:07:08+00:00
CVE-2025-13465,updated,2026-08-10,cve_2023_to_2025,2026-08-11T08:07:08+00:00
CVE-2025-13936,updated,2026-08-10,cve_2023_to_2025,2026-08-11T08:07:08+00:00
CVE-2025-13937,updated,2026-08-10,cve_2023_to_2025,2026-08-11T08:07:08+00:00
CVE-2025-13938,updated,2026-08-10,cve_2023_to_2025,2026-08-11T08:07:08+00:00
CVE-2025-13939,updated,2026-08-10,cve_2023_to_2025,2026-08-11T08:07:08+00:00
CVE-2025-13940,updated,2026-08-10,cve_2023_to_2025,2026-08-11T08:07:08+00:00
CVE-2025-14733,updated,2026-08-10,cve_2023_to_2025,2026-08-11T08:07:08+00:00
CVE-2025-15467,updated,2026-08-10,cve_2023_to_2025,2026-08-11T08:07:08+00:00
CVE-2025-15680,added,,cve_2023_to_2025,2026-08-11T08:07:08+00:00
CVE-2025-15681,added,,cve_2023_to_2025,2026-08-11T08:07:08+00:00
CVE-2025-15682,added,,cve_2023_to_2025,2026-08-11T08:07:08+00:00
CVE-2025-15683,added,,cve_2023_to_2025,2026-08-11T08:07:08+00:00
CVE-2025-21174,updated,2026-08-10,cve_2023_to_2025,2026-08-11T08:07:08+00:00
CVE-2025-21191,updated,2026-08-10,cve_2023_to_2025,2026-08-11T08:07:08+00:00
CVE-2025-21197,updated,2026-08-10,cve_2023_to_2025,2026-08-11T08:07:08+00:00
CVE-2025-21203,updated,2026-08-10,cve_2023_to_2025,2026-08-11T08:07:08+00:00
CVE-2025-21204,updated,2026-08-10,cve_2023_to_2025,2026-08-11T08:07:08+00:00
CVE-2025-21205,updated,2026-08-10,cve_2023_to_2025,2026-08-11T08:07:08+00:00
CVE-2025-21221,updated,2026-08-10,cve_2023_to_2025,2026-08-11T08:07:08+00:00
CVE-2025-21222,updated,2026-08-10,cve_2023_to_2025,2026-08-11T08:07:08+00:00
CVE-2025-21416,updated,2026-08-10,cve_2023_to_2025,2026-08-11T08:07:08+00:00
CVE-2025-24058,updated,2026-08-10,cve_2023_to_2025,2026-08-11T08:07:08+00:00
CVE-2025-24060,updated,2026-08-10,cve_2023_to_2025,2026-08-11T08:07:08+00:00
CVE-2025-24062,updated,2026-08-10,cve_2023_to_2025,2026-08-11T08:07:08+00:00
CVE-2025-24073,updated,2026-08-10,cve_2023_to_2025,2026-08-11T08:07:08+00:00
CVE-2025-24074,updated,2026-08-10,cve_2023_to_2025,2026-08-11T08:07:08+00:00
CVE-2025-25000,updated,2026-08-10,cve_2023_to_2025,2026-08-11T08:07:08+00:00
CVE-2025-25001,updated,2026-08-10,cve_2023_to_2025,2026-08-11T08:07:08+00:00
CVE-2025-25002,updated,2026-08-10,cve_2023_to_2025,2026-08-11T08:07:08+00:00
CVE-2025-26628,updated,2026-08-10,cve_2023_to_2025,2026-08-11T08:07:08+00:00
CVE-2025-26635,updated,2026-08-10,cve_2023_to_2025,2026-08-11T08:07:08+00:00
CVE-2025-26637,updated,2026-08-10,cve_2023_to_2025,2026-08-11T08:07:08+00:00
CVE-2025-26639,updated,2026-08-10,cve_2023_to_2025,2026-08-11T08:07:08+00:00
CVE-2025-26640,updated,2026-08-10,cve_2023_to_2025,2026-08-11T08:07:08+00:00
CVE-2025-26641,updated,2026-08-10,cve_2023_to_2025,2026-08-11T08:07:08+00:00
CVE-2025-26642,updated,2026-08-10,cve_2023_to_2025,2026-08-11T08:07:08+00:00
CVE-2025-26644,updated,2026-08-10,cve_2023_to_2025,2026-08-11T08:07:08+00:00
CVE-2025-26647,updated,2026-08-10,cve_2023_to_2025,2026-08-11T08:07:08+00:00
CVE-2025-26648,updated,2026-08-10,cve_2023_to_2025,2026-08-11T08:07:08+00:00
CVE-2025-26649,updated,2026-08-10,cve_2023_to_2025,2026-08-11T08:07:08+00:00
CVE-2025-26651,updated,2026-08-10,cve_2023_to_2025,2026-08-11T08:07:08+00:00
CVE-2025-26652,updated,2026-08-10,cve_2023_to_2025,2026-08-11T08:07:08+00:00
CVE-2025-26663,updated,2026-08-10,cve_2023_to_2025,2026-08-11T08:07:08+00:00
CVE-2025-26664,updated,2026-08-10,cve_2023_to_2025,2026-08-11T08:07:08+00:00
CVE-2025-26665,updated,2026-08-10,cve_2023_to_2025,2026-08-11T08:07:08+00:00
CVE-2025-26666,updated,2026-08-10,cve_2023_to_2025,2026-08-11T08:07:08+00:00
CVE-2025-26667,updated,2026-08-10,cve_2023_to_2025,2026-08-11T08:07:08+00:00
CVE-2025-26668,updated,2026-08-10,cve_2023_to_2025,2026-08-11T08:07:08+00:00
CVE-2025-26669,updated,2026-08-10,cve_2023_to_2025,2026-08-11T08:07:08+00:00
CVE-2025-26670,updated,2026-08-10,cve_2023_to_2025,2026-08-11T08:07:08+00:00
CVE-2025-26671,updated,2026-08-10,cve_2023_to_2025,2026-08-11T08:07:08+00:00
CVE-2025-26672,updated,2026-08-10,cve_2023_to_2025,2026-08-11T08:07:08+00:00
CVE-2025-26673,updated,2026-08-10,cve_2023_to_2025,2026-08-11T08:07:08+00:00
CVE-2025-26674,updated,2026-08-10,cve_2023_to_2025,2026-08-11T08:07:08+00:00
CVE-2025-26675,updated,2026-08-10,cve_2023_to_2025,2026-08-11T08:07:08+00:00
CVE-2025-26676,updated,2026-08-10,cve_2023_to_2025,2026-08-11T08:07:08+00:00
CVE-2025-26678,updated,2026-08-10,cve_2023_to_2025,2026-08-11T08:07:08+00:00
CVE-2025-26679,updated,2026-08-10,cve_2023_to_2025,2026-08-11T08:07:08+00:00
CVE-2025-26680,updated,2026-08-10,cve_2023_to_2025,2026-08-11T08:07:08+00:00
CVE-2025-26681,updated,2026-08-10,cve_2023_to_2025,2026-08-11T08:07:08+00:00
CVE-2025-26682,updated,2026-08-10,cve_2023_to_2025,2026-08-11T08:07:08+00:00
CVE-2025-26683,updated,2026-08-10,cve_2023_to_2025,2026-08-11T08:07:08+00:00
CVE-2025-26686,updated,2026-08-10,cve_2023_to_2025,2026-08-11T08:07:08+00:00
CVE-2025-26687,updated,2026-08-10,cve_2023_to_2025,2026-08-11T08:07:08+00:00
CVE-2025-26688,updated,2026-08-10,cve_2023_to_2025,2026-08-11T08:07:08+00:00
CVE-2025-27469,updated,2026-08-10,cve_2023_to_2025,2026-08-11T08:07:08+00:00
CVE-2025-27470,updated,2026-08-10,cve_2023_to_2025,2026-08-11T08:07:08+00:00
CVE-2025-27471,updated,2026-08-10,cve_2023_to_2025,2026-08-11T08:07:08+00:00
CVE-2025-27472,updated,2026-08-10,cve_2023_to_2025,2026-08-11T08:07:08+00:00
CVE-2025-27473,updated,2026-08-10,cve_2023_to_2025,2026-08-11T08:07:08+00:00
CVE-2025-27474,updated,2026-08-10,cve_2023_to_2025,2026-08-11T08:07:08+00:00
CVE-2025-27475,updated,2026-08-10,cve_2023_to_2025,2026-08-11T08:07:08+00:00
CVE-2025-27476,updated,2026-08-10,cve_2023_to_2025,2026-08-11T08:07:08+00:00
CVE-2025-27477,updated,2026-08-10,cve_2023_to_2025,2026-08-11T08:07:08+00:00
CVE-2025-27478,updated,2026-08-10,cve_2023_to_2025,2026-08-11T08:07:08+00:00
CVE-2025-27479,updated,2026-08-10,cve_2023_to_2025,2026-08-11T08:07:08+00:00
CVE-2025-27480,updated,2026-08-10,cve_2023_to_2025,2026-08-11T08:07:08+00:00
CVE-2025-27481,updated,2026-08-10,cve_2023_to_2025,2026-08-11T08:07:08+00:00
CVE-2025-27482,updated,2026-08-10,cve_2023_to_2025,2026-08-11T08:07:08+00:00
CVE-2025-27483,updated,2026-08-10,cve_2023_to_2025,2026-08-11T08:07:08+00:00
CVE-2025-27484,updated,2026-08-10,cve_2023_to_2025,2026-08-11T08:07:08+00:00
CVE-2025-27485,updated,2026-08-10,cve_2023_to_2025,2026-08-11T08:07:08+00:00
CVE-2025-27486,updated,2026-08-10,cve_2023_to_2025,2026-08-11T08:07:08+00:00
CVE-2025-27487,updated,2026-08-10,cve_2023_to_2025,2026-08-11T08:07:08+00:00
CVE-2025-27489,updated,2026-08-10,cve_2023_to_2025,2026-08-11T08:07:08+00:00
CVE-2025-27490,updated,2026-08-10,cve_2023_to_2025,2026-08-11T08:07:08+00:00
CVE-2025-27491,updated,2026-08-10,cve_2023_to_2025,2026-08-11T08:07:08+00:00
CVE-2025-27492,updated,2026-08-10,cve_2023_to_2025,2026-08-11T08:07:08+00:00
CVE-2025-27727,updated,2026-08-10,cve_2023_to_2025,2026-08-11T08:07:08+00:00
CVE-2025-27728,updated,2026-08-10,cve_2023_to_2025,2026-08-11T08:07:08+00:00
CVE-2025-27729,updated,2026-08-10,cve_2023_to_2025,2026-08-11T08:07:08+00:00
CVE-2025-27730,updated,2026-08-10,cve_2023_to_2025,2026-08-11T08:07:08+00:00
CVE-2025-27731,updated,2026-08-10,cve_2023_to_2025,2026-08-11T08:07:08+00:00
CVE-2025-27732,updated,2026-08-10,cve_2023_to_2025,2026-08-11T08:07:08+00:00
CVE-2025-27733,updated,2026-08-10,cve_2023_to_2025,2026-08-11T08:07:08+00:00
CVE-2025-27735,updated,2026-08-10,cve_2023_to_2025,2026-08-11T08:07:08+00:00
CVE-2025-27736,updated,2026-08-10,cve_2023_to_2025,2026-08-11T08:07:08+00:00
CVE-2025-27737,updated,2026-08-10,cve_2023_to_2025,2026-08-11T08:07:08+00:00
CVE-2025-27738,updated,2026-08-10,cve_2023_to_2025,2026-08-11T08:07:08+00:00
CVE-2025-27739,updated,2026-08-10,cve_2023_to_2025,2026-08-11T08:07:08+00:00
CVE-2025-27740,updated,2026-08-10,cve_2023_to_2025,2026-08-11T08:07:08+00:00
CVE-2025-27741,updated,2026-08-10,cve_2023_to_2025,2026-08-11T08:07:08+00:00
CVE-2025-27742,updated,2026-08-10,cve_2023_to_2025,2026-08-11T08:07:08+00:00
CVE-2025-27743,updated,2026-08-10,cve_2023_to_2025,2026-08-11T08:07:08+00:00
CVE-2025-27744,updated,2026-08-10,cve_2023_to_2025,2026-08-11T08:07:08+00:00
CVE-2025-27745,updated,2026-08-10,cve_2023_to_2025,2026-08-11T08:07:08+00:00
CVE-2025-27746,updated,2026-08-10,cve_2023_to_2025,2026-08-11T08:07:08+00:00
CVE-2025-27747,updated,2026-08-10,cve_2023_to_2025,2026-08-11T08:07:08+00:00
CVE-2025-27748,updated,2026-08-10,cve_2023_to_2025,2026-08-11T08:07:08+00:00
CVE-2025-27749,updated,2026-08-10,cve_2023_to_2025,2026-08-11T08:07:08+00:00
CVE-2025-27750,updated,2026-08-10,cve_2023_to_2025,2026-08-11T08:07:08+00:00
CVE-2025-27751,updated,2026-08-10,cve_2023_to_2025,2026-08-11T08:07:08+00:00
CVE-2025-27752,updated,2026-08-10,cve_2023_to_2025,2026-08-11T08:07:08+00:00
CVE-2025-29791,updated,2026-08-10,cve_2023_to_2025,2026-08-11T08:07:08+00:00
CVE-2025-29792,updated,2026-08-10,cve_2023_to_2025,2026-08-11T08:07:08+00:00
CVE-2025-29793,updated,2026-08-10,cve_2023_to_2025,2026-08-11T08:07:08+00:00
CVE-2025-29794,updated,2026-08-10,cve_2023_to_2025,2026-08-11T08:07:08+00:00
CVE-2025-29796,updated,2026-08-10,cve_2023_to_2025,2026-08-11T08:07:08+00:00
CVE-2025-29800,updated,2026-08-10,cve_2023_to_2025,2026-08-11T08:07:08+00:00
CVE-2025-29801,updated,2026-08-10,cve_2023_to_2025,2026-08-11T08:07:08+00:00
CVE-2025-29802,updated,2026-08-10,cve_2023_to_2025,2026-08-11T08:07:08+00:00
CVE-2025-29803,updated,2026-08-10,cve_2023_to_2025,2026-08-11T08:07:08+00:00
CVE-2025-29804,updated,2026-08-10,cve_2023_to_2025,2026-08-11T08:07:08+00:00
CVE-2025-29805,updated,2026-08-10,cve_2023_to_2025,2026-08-11T08:07:08+00:00
CVE-2025-29808,updated,2026-08-10,cve_2023_to_2025,2026-08-11T08:07:08+00:00
CVE-2025-29809,updated,2026-08-10,cve_2023_to_2025,2026-08-11T08:07:08+00:00
CVE-2025-29810,updated,2026-08-10,cve_2023_to_2025,2026-08-11T08:07:08+00:00
CVE-2025-29811,updated,2026-08-10,cve_2023_to_2025,2026-08-11T08:07:08+00:00
CVE-2025-29812,updated,2026-08-10,cve_2023_to_2025,2026-08-11T08:07:08+00:00
CVE-2025-29815,updated,2026-08-10,cve_2023_to_2025,2026-08-11T08:07:08+00:00
CVE-2025-29816,updated,2026-08-10,cve_2023_to_2025,2026-08-11T08:07:08+00:00
CVE-2025-29817,updated,2026-08-10,cve_2023_to_2025,2026-08-11T08:07:08+00:00
CVE-2025-29819,updated,2026-08-10,cve_2023_to_2025,2026-08-11T08:07:08+00:00
CVE-2025-29820,updated,2026-08-10,cve_2023_to_2025,2026-08-11T08:07:08+00:00
CVE-2025-29821,updated,2026-08-10,cve_2023_to_2025,2026-08-11T08:07:08+00:00
CVE-2025-29822,updated,2026-08-10,cve_2023_to_2025,2026-08-11T08:07:08+00:00
CVE-2025-29823,updated,2026-08-10,cve_2023_to_2025,2026-08-11T08:07:08+00:00
CVE-2025-29824,updated,2026-08-10,cve_2023_to_2025,2026-08-11T08:07:08+00:00
CVE-2025-29834,updated,2026-08-10,cve_2023_to_2025,2026-08-11T08:07:08+00:00
CVE-2025-30237,added,,cve_2023_to_2025,2026-08-11T08:07:08+00:00
CVE-2025-30238,added,,cve_2023_to_2025,2026-08-11T08:07:08+00:00
CVE-2025-30239,added,,cve_2023_to_2025,2026-08-11T08:07:08+00:00
CVE-2025-30240,added,,cve_2023_to_2025,2026-08-11T08:07:08+00:00
CVE-2025-30241,added,,cve_2023_to_2025,2026-08-11T08:07:08+00:00
CVE-2025-30389,updated,2026-08-10,cve_2023_to_2025,2026-08-11T08:07:08+00:00
CVE-2025-30390,updated,2026-08-10,cve_2023_to_2025,2026-08-11T08:07:08+00:00
CVE-2025-30391,updated,2026-08-10,cve_2023_to_2025,2026-08-11T08:07:08+00:00
CVE-2025-30392,updated,2026-08-10,cve_2023_to_2025,2026-08-11T08:07:08+00:00
CVE-2025-32726,updated,2026-08-10,cve_2023_to_2025,2026-08-11T08:07:08+00:00
CVE-2025-32736,added,,cve_2023_to_2025,2026-08-11T08:07:08+00:00
CVE-2025-33074,updated,2026-08-10,cve_2023_to_2025,2026-08-11T08:07:08+00:00
CVE-2025-38525,updated,2026-08-10,cve_2023_to_2025,2026-08-11T08:07:08+00:00
CVE-2025-41115,updated,2026-08-11,cve_2023_to_2025,2026-08-11T08:07:08+00:00
CVE-2025-41117,updated,2026-08-11,cve_2023_to_2025,2026-08-11T08:07:08+00:00
CVE-2025-41118,updated,2026-08-11,cve_2023_to_2025,2026-08-11T08:07:08+00:00
CVE-2025-42999,updated,2026-08-11,cve_2023_to_2025,2026-08-11T08:07:08+00:00
CVE-2025-48431,updated,2026-08-10,cve_2023_to_2025,2026-08-11T08:07:08+00:00
CVE-2025-61140,updated,2026-08-10,cve_2023_to_2025,2026-08-11T08:07:08+00:00
CVE-2025-61726,updated,2026-08-10,cve_2023_to_2025,2026-08-11T08:07:08+00:00
CVE-2025-61731,updated,2026-08-10,cve_2023_to_2025,2026-08-11T08:07:08+00:00
CVE-2025-61732,updated,2026-08-10,cve_2023_to_2025,2026-08-11T08:07:08+00:00
CVE-2025-62718,updated,2026-08-10,cve_2023_to_2025,2026-08-11T08:07:08+00:00
CVE-2025-69223,updated,2026-08-10,cve_2023_to_2025,2026-08-11T08:07:08+00:00
CVE-2025-69873,updated,2026-08-10,cve_2023_to_2025,2026-08-11T08:07:08+00:00
CVE-2025-71409,updated,2026-08-10,cve_2023_to_2025,2026-08-11T08:07:08+00:00
CVE-2025-71410,updated,2026-08-10,cve_2023_to_2025,2026-08-11T08:07:08+00:00
CVE-2025-71411,updated,2026-08-10,cve_2023_to_2025,2026-08-11T08:07:08+00:00
CVE-2025-71412,updated,2026-08-10,cve_2023_to_2025,2026-08-11T08:07:08+00:00
CVE-2025-71413,updated,2026-08-10,cve_2023_to_2025,2026-08-11T08:07:08+00:00
CVE-2026-0864,updated,2026-08-11,cve_2026_to_now,2026-08-11T08:07:08+00:00
CVE-2026-1498,updated,2026-08-10,cve_2026_to_now,2026-08-11T08:07:08+00:00
CVE-2026-1609,updated,2026-08-10,cve_2026_to_now,2026-08-11T08:07:08+00:00
CVE-2026-1784,updated,2026-08-10,cve_2026_to_now,2026-08-11T08:07:08+00:00
CVE-2026-2332,updated,2026-08-10,cve_2026_to_now,2026-08-11T08:07:08+00:00
CVE-2026-2377,updated,2026-08-10,cve_2026_to_now,2026-08-11T08:07:08+00:00
CVE-2026-3087,updated,2026-08-10,cve_2026_to_now,2026-08-11T08:07:08+00:00
CVE-2026-3276,updated,2026-08-11,cve_2026_to_now,2026-08-11T08:07:08+00:00
CVE-2026-3343,updated,2026-08-10,cve_2026_to_now,2026-08-11T08:07:08+00:00
CVE-2026-3344,updated,2026-08-10,cve_2026_to_now,2026-08-11T08:07:08+00:00
CVE-2026-3843,updated,2026-08-10,cve_2026_to_now,2026-08-11T08:07:08+00:00
CVE-2026-3945,updated,2026-08-10,cve_2026_to_now,2026-08-11T08:07:08+00:00
CVE-2026-3987,updated,2026-08-10,cve_2026_to_now,2026-08-11T08:07:08+00:00
CVE-2026-4266,updated,2026-08-10,cve_2026_to_now,2026-08-11T08:07:08+00:00
CVE-2026-4315,updated,2026-08-10,cve_2026_to_now,2026-08-11T08:07:08+00:00
CVE-2026-4598,updated,2026-08-10,cve_2026_to_now,2026-08-11T08:07:08+00:00
CVE-2026-4599,updated,2026-08-10,cve_2026_to_now,2026-08-11T08:07:08+00:00
CVE-2026-4757,added,,cve_2026_to_now,2026-08-11T08:07:08+00:00
CVE-2026-4800,updated,2026-08-10,cve_2026_to_now,2026-08-11T08:07:08+00:00
CVE-2026-4809,updated,2026-08-10,cve_2026_to_now,2026-08-11T08:07:08+00:00
CVE-2026-4878,updated,2026-08-10,cve_2026_to_now,2026-08-11T08:07:08+00:00
CVE-2026-4926,updated,2026-08-10,cve_2026_to_now,2026-08-11T08:07:08+00:00
CVE-2026-5303,added,,cve_2026_to_now,2026-08-11T08:07:08+00:00
CVE-2026-5304,added,,cve_2026_to_now,2026-08-11T08:07:08+00:00
CVE-2026-5463,updated,2026-08-10,cve_2026_to_now,2026-08-11T08:07:08+00:00
CVE-2026-5598,updated,2026-08-10,cve_2026_to_now,2026-08-11T08:07:08+00:00
CVE-2026-5795,updated,2026-08-10,cve_2026_to_now,2026-08-11T08:07:08+00:00
CVE-2026-6100,updated,2026-08-10,cve_2026_to_now,2026-08-11T08:07:08+00:00
CVE-2026-6181,added,,cve_2026_to_now,2026-08-11T08:07:08+00:00
CVE-2026-6322,updated,2026-08-10,cve_2026_to_now,2026-08-11T08:07:08+00:00
CVE-2026-6368,added,,cve_2026_to_now,2026-08-11T08:07:08+00:00
CVE-2026-6373,added,,cve_2026_to_now,2026-08-11T08:07:08+00:00
CVE-2026-6374,added,,cve_2026_to_now,2026-08-11T08:07:08+00:00
CVE-2026-6426,added,,cve_2026_to_now,2026-08-11T08:07:08+00:00
CVE-2026-6428,updated,2026-08-10,cve_2026_to_now,2026-08-11T08:07:08+00:00
CVE-2026-6505,added,,cve_2026_to_now,2026-08-11T08:07:08+00:00
CVE-2026-6787,updated,2026-08-10,cve_2026_to_now,2026-08-11T08:07:08+00:00
CVE-2026-6788,updated,2026-08-10,cve_2026_to_now,2026-08-11T08:07:08+00:00
CVE-2026-6791,added,,cve_2026_to_now,2026-08-11T08:07:08+00:00
CVE-2026-6879,updated,2026-08-11,cve_2026_to_now,2026-08-11T08:07:08+00:00
CVE-2026-7163,updated,2026-08-10,cve_2026_to_now,2026-08-11T08:07:08+00:00
CVE-2026-7374,updated,2026-08-10,cve_2026_to_now,2026-08-11T08:07:08+00:00
CVE-2026-8158,added,,cve_2026_to_now,2026-08-11T08:07:08+00:00
CVE-2026-8247,updated,2026-08-10,cve_2026_to_now,2026-08-11T08:07:08+00:00
CVE-2026-8595,updated,2026-08-11,cve_2026_to_now,2026-08-11T08:07:08+00:00
CVE-2026-8609,updated,2026-08-11,cve_2026_to_now,2026-08-11T08:07:08+00:00
CVE-2026-8643,updated,2026-08-10,cve_2026_to_now,2026-08-11T08:07:08+00:00
CVE-2026-8718,added,,cve_2026_to_now,2026-08-11T08:07:08+00:00
CVE-2026-8798,updated,2026-08-10,cve_2026_to_now,2026-08-11T08:07:08+00:00
CVE-2026-8813,updated,2026-08-10,cve_2026_to_now,2026-08-11T08:07:08+00:00
CVE-2026-8917,added,,cve_2026_to_now,2026-08-11T08:07:08+00:00
CVE-2026-9029,updated,2026-08-11,cve_2026_to_now,2026-08-11T08:07:08+00:00
CVE-2026-9030,updated,2026-08-10,cve_2026_to_now,2026-08-11T08:07:08+00:00
CVE-2026-9031,updated,2026-08-10,cve_2026_to_now,2026-08-11T08:07:08+00:00
CVE-2026-9277,updated,2026-08-10,cve_2026_to_now,2026-08-11T08:07:08+00:00
CVE-2026-9669,updated,2026-08-11,cve_2026_to_now,2026-08-11T08:07:08+00:00
CVE-2026-9804,updated,2026-08-10,cve_2026_to_now,2026-08-11T08:07:08+00:00
CVE-2026-10143,updated,2026-08-10,cve_2026_to_now,2026-08-11T08:07:08+00:00
CVE-2026-10595,updated,2026-08-10,cve_2026_to_now,2026-08-11T08:07:08+00:00
CVE-2026-10601,updated,2026-08-11,cve_2026_to_now,2026-08-11T08:07:08+00:00
CVE-2026-10754,added,,cve_2026_to_now,2026-08-11T08:07:08+00:00
CVE-2026-11742,updated,2026-08-10,cve_2026_to_now,2026-08-11T08:07:08+00:00
CVE-2026-11743,updated,2026-08-10,cve_2026_to_now,2026-08-11T08:07:08+00:00
CVE-2026-11769,updated,2026-08-11,cve_2026_to_now,2026-08-11T08:07:08+00:00
CVE-2026-11809,added,,cve_2026_to_now,2026-08-11T08:07:08+00:00
CVE-2026-11810,added,,cve_2026_to_now,2026-08-11T08:07:08+00:00
CVE-2026-11811,added,,cve_2026_to_now,2026-08-11T08:07:08+00:00
CVE-2026-11812,added,,cve_2026_to_now,2026-08-11T08:07:08+00:00
CVE-2026-11893,added,,cve_2026_to_now,2026-08-11T08:07:08+00:00
CVE-2026-11894,added,,cve_2026_to_now,2026-08-11T08:07:08+00:00
CVE-2026-11940,updated,2026-08-11,cve_2026_to_now,2026-08-11T08:07:08+00:00
CVE-2026-11974,updated,2026-08-10,cve_2026_to_now,2026-08-11T08:07:08+00:00
CVE-2026-11985,added,,cve_2026_to_now,2026-08-11T08:07:08+00:00
CVE-2026-12003,updated,2026-08-11,cve_2026_to_now,2026-08-11T08:07:08+00:00
CVE-2026-12051,added,,cve_2026_to_now,2026-08-11T08:07:08+00:00
CVE-2026-12052,added,,cve_2026_to_now,2026-08-11T08:07:08+00:00
CVE-2026-12070,updated,2026-08-10,cve_2026_to_now,2026-08-11T08:07:08+00:00
CVE-2026-12071,updated,2026-08-10,cve_2026_to_now,2026-08-11T08:07:08+00:00
CVE-2026-12143,updated,2026-08-10,cve_2026_to_now,2026-08-11T08:07:08+00:00
CVE-2026-12151,updated,2026-08-10,cve_2026_to_now,2026-08-11T08:07:08+00:00
CVE-2026-12183,updated,2026-08-10,cve_2026_to_now,2026-08-11T08:07:08+00:00
CVE-2026-12339,added,,cve_2026_to_now,2026-08-11T08:07:08+00:00
CVE-2026-12570,updated,,cve_2026_to_now,2026-08-11T08:07:08+00:00
CVE-2026-12624,added,,cve_2026_to_now,2026-08-11T08:07:08+00:00
CVE-2026-12984,added,,cve_2026_to_now,2026-08-11T08:07:08+00:00
CVE-2026-13050,updated,2026-08-10,cve_2026_to_now,2026-08-11T08:07:08+00:00
CVE-2026-13053,updated,2026-08-10,cve_2026_to_now,2026-08-11T08:07:08+00:00
CVE-2026-13054,updated,2026-08-10,cve_2026_to_now,2026-08-11T08:07:08+00:00
CVE-2026-13079,updated,2026-08-10,cve_2026_to_now,2026-08-11T08:07:08+00:00
CVE-2026-13084,updated,2026-08-10,cve_2026_to_now,2026-08-11T08:07:08+00:00
CVE-2026-13133,updated,,cve_2026_to_now,2026-08-11T08:07:08+00:00
CVE-2026-13206,added,,cve_2026_to_now,2026-08-11T08:07:08+00:00
CVE-2026-13368,updated,2026-08-10,cve_2026_to_now,2026-08-11T08:07:08+00:00
CVE-2026-13371,updated,2026-08-10,cve_2026_to_now,2026-08-11T08:07:08+00:00
CVE-2026-13373,updated,2026-08-10,cve_2026_to_now,2026-08-11T08:07:08+00:00
CVE-2026-13374,updated,2026-08-10,cve_2026_to_now,2026-08-11T08:07:08+00:00
CVE-2026-13375,updated,2026-08-10,cve_2026_to_now,2026-08-11T08:07:08+00:00
CVE-2026-13376,updated,2026-08-10,cve_2026_to_now,2026-08-11T08:07:08+00:00
CVE-2026-13377,updated,2026-08-10,cve_2026_to_now,2026-08-11T08:07:08+00:00
CVE-2026-13383,updated,2026-08-10,cve_2026_to_now,2026-08-11T08:07:08+00:00
CVE-2026-13384,updated,2026-08-10,cve_2026_to_now,2026-08-11T08:07:08+00:00
CVE-2026-13505,updated,2026-08-10,cve_2026_to_now,2026-08-11T08:07:08+00:00
CVE-2026-13676,updated,2026-08-10,cve_2026_to_now,2026-08-11T08:07:08+00:00
CVE-2026-13692,updated,2026-08-10,cve_2026_to_now,2026-08-11T08:07:08+00:00
CVE-2026-13701,updated,,cve_2026_to_now,2026-08-11T08:07:08+00:00
CVE-2026-13716,added,,cve_2026_to_now,2026-08-11T08:07:08+00:00
CVE-2026-13717,added,,cve_2026_to_now,2026-08-11T08:07:08+00:00
CVE-2026-13722,updated,2026-08-10,cve_2026_to_now,2026-08-11T08:07:08+00:00
CVE-2026-13728,updated,2026-08-10,cve_2026_to_now,2026-08-11T08:07:08+00:00
CVE-2026-14164,updated,2026-08-10,cve_2026_to_now,2026-08-11T08:07:08+00:00
CVE-2026-14188,updated,2026-08-10,cve_2026_to_now,2026-08-11T08:07:08+00:00
CVE-2026-14206,updated,,cve_2026_to_now,2026-08-11T08:07:08+00:00
CVE-2026-14221,updated,2026-08-10,cve_2026_to_now,2026-08-11T08:07:08+00:00
CVE-2026-14222,updated,2026-08-10,cve_2026_to_now,2026-08-11T08:07:08+00:00
CVE-2026-14223,updated,2026-08-10,cve_2026_to_now,2026-08-11T08:07:08+00:00
CVE-2026-14224,updated,2026-08-10,cve_2026_to_now,2026-08-11T08:07:08+00:00
CVE-2026-14225,updated,2026-08-10,cve_2026_to_now,2026-08-11T08:07:08+00:00
CVE-2026-14450,added,,cve_2026_to_now,2026-08-11T08:07:08+00:00
CVE-2026-14526,updated,2026-08-11,cve_2026_to_now,2026-08-11T08:07:08+00:00
CVE-2026-14548,added,,cve_2026_to_now,2026-08-11T08:07:08+00:00
CVE-2026-14549,added,,cve_2026_to_now,2026-08-11T08:07:08+00:00
CVE-2026-14886,added,,cve_2026_to_now,2026-08-11T08:07:08+00:00
CVE-2026-15038,updated,2026-08-10,cve_2026_to_now,2026-08-11T08:07:08+00:00
CVE-2026-15059,added,,cve_2026_to_now,2026-08-11T08:07:08+00:00
CVE-2026-15060,added,,cve_2026_to_now,2026-08-11T08:07:08+00:00
CVE-2026-15154,updated,2026-08-11,cve_2026_to_now,2026-08-11T08:07:08+00:00
CVE-2026-15308,updated,2026-08-11,cve_2026_to_now,2026-08-11T08:07:08+00:00
CVE-2026-15416,updated,2026-08-11,cve_2026_to_now,2026-08-11T08:07:08+00:00
CVE-2026-15467,added,2026-08-11,cve_2026_to_now,2026-08-11T08:07:08+00:00
CVE-2026-15581,added,2026-08-11,cve_2026_to_now,2026-08-11T08:07:08+00:00
CVE-2026-15583,updated,2026-08-11,cve_2026_to_now,2026-08-11T08:07:08+00:00
CVE-2026-15927,updated,2026-08-10,cve_2026_to_now,2026-08-11T08:07:08+00:00
CVE-2026-15970,updated,2026-08-10,cve_2026_to_now,2026-08-11T08:07:08+00:00
CVE-2026-15972,updated,2026-08-10,cve_2026_to_now,2026-08-11T08:07:08+00:00
CVE-2026-16032,updated,2026-08-10,cve_2026_to_now,2026-08-11T08:07:08+00:00
CVE-2026-16053,added,,cve_2026_to_now,2026-08-11T08:07:08+00:00
CVE-2026-16232,updated,2026-08-10,cve_2026_to_now,2026-08-11T08:07:08+00:00
CVE-2026-16242,updated,2026-08-10,cve_2026_to_now,2026-08-11T08:07:08+00:00
CVE-2026-16389,updated,2026-07-22,cve_2026_to_now,2026-08-11T08:07:08+00:00
CVE-2026-16456,added,2026-08-11,cve_2026_to_now,2026-08-11T08:07:08+00:00
CVE-2026-16535,updated,2026-08-10,cve_2026_to_now,2026-08-11T08:07:08+00:00
CVE-2026-16558,updated,2026-08-10,cve_2026_to_now,2026-08-11T08:07:08+00:00
CVE-2026-16562,updated,2026-08-10,cve_2026_to_now,2026-08-11T08:07:08+00:00
CVE-2026-16578,updated,2026-08-10,cve_2026_to_now,2026-08-11T08:07:08+00:00
CVE-2026-16590,updated,2026-08-10,cve_2026_to_now,2026-08-11T08:07:08+00:00
CVE-2026-16594,updated,2026-08-10,cve_2026_to_now,2026-08-11T08:07:08+00:00
CVE-2026-16595,updated,2026-08-10,cve_2026_to_now,2026-08-11T08:07:08+00:00
CVE-2026-16626,added,2026-08-11,cve_2026_to_now,2026-08-11T08:07:08+00:00
CVE-2026-16637,updated,2026-08-10,cve_2026_to_now,2026-08-11T08:07:08+00:00
CVE-2026-16742,added,,cve_2026_to_now,2026-08-11T08:07:08+00:00
CVE-2026-16745,updated,2026-08-11,cve_2026_to_now,2026-08-11T08:07:08+00:00
CVE-2026-16974,added,,cve_2026_to_now,2026-08-11T08:07:08+00:00
CVE-2026-16988,updated,2026-08-10,cve_2026_to_now,2026-08-11T08:07:08+00:00
CVE-2026-17010,updated,,cve_2026_to_now,2026-08-11T08:07:08+00:00
CVE-2026-17017,updated,2026-08-10,cve_2026_to_now,2026-08-11T08:07:08+00:00
CVE-2026-17019,updated,,cve_2026_to_now,2026-08-11T08:07:08+00:00
CVE-2026-17022,updated,,cve_2026_to_now,2026-08-11T08:07:08+00:00
CVE-2026-17541,updated,,cve_2026_to_now,2026-08-11T08:07:08+00:00
CVE-2026-17542,updated,,cve_2026_to_now,2026-08-11T08:07:08+00:00
CVE-2026-18032,updated,2026-08-10,cve_2026_to_now,2026-08-11T08:07:08+00:00
CVE-2026-18348,added,,cve_2026_to_now,2026-08-11T08:07:08+00:00
CVE-2026-18357,updated,2026-08-10,cve_2026_to_now,2026-08-11T08:07:08+00:00
CVE-2026-18370,added,,cve_2026_to_now,2026-08-11T08:07:08+00:00
CVE-2026-18412,added,,cve_2026_to_now,2026-08-11T08:07:08+00:00
CVE-2026-18464,updated,2026-08-10,cve_2026_to_now,2026-08-11T08:07:08+00:00
CVE-2026-18465,updated,2026-08-10,cve_2026_to_now,2026-08-11T08:07:08+00:00
CVE-2026-18470,updated,,cve_2026_to_now,2026-08-11T08:07:08+00:00
CVE-2026-18473,updated,2026-08-10,cve_2026_to_now,2026-08-11T08:07:08+00:00
CVE-2026-18478,added,,cve_2026_to_now,2026-08-11T08:07:08+00:00
CVE-2026-18503,added,,cve_2026_to_now,2026-08-11T08:07:08+00:00
CVE-2026-18603,updated,2026-08-10,cve_2026_to_now,2026-08-11T08:07:08+00:00
CVE-2026-18608,added,2026-08-11,cve_2026_to_now,2026-08-11T08:07:08+00:00
CVE-2026-18611,added,2026-08-11,cve_2026_to_now,2026-08-11T08:07:08+00:00
CVE-2026-18617,added,2026-08-11,cve_2026_to_now,2026-08-11T08:07:08+00:00
CVE-2026-18618,added,2026-08-11,cve_2026_to_now,2026-08-11T08:07:08+00:00
CVE-2026-18620,added,2026-08-11,cve_2026_to_now,2026-08-11T08:07:08+00:00
CVE-2026-18621,added,2026-08-11,cve_2026_to_now,2026-08-11T08:07:08+00:00
CVE-2026-18772,updated,2026-08-11,cve_2026_to_now,2026-08-11T08:07:08+00:00
CVE-2026-18806,updated,2026-08-10,cve_2026_to_now,2026-08-11T08:07:08+00:00
CVE-2026-18933,updated,2026-08-10,cve_2026_to_now,2026-08-11T08:07:08+00:00
CVE-2026-18941,added,2026-08-11,cve_2026_to_now,2026-08-11T08:07:08+00:00
CVE-2026-18942,added,,cve_2026_to_now,2026-08-11T08:07:08+00:00
CVE-2026-18946,updated,,cve_2026_to_now,2026-08-11T08:07:08+00:00
CVE-2026-18947,added,2026-08-11,cve_2026_to_now,2026-08-11T08:07:08+00:00
CVE-2026-18948,added,2026-08-11,cve_2026_to_now,2026-08-11T08:07:08+00:00
CVE-2026-18949,added,2026-08-11,cve_2026_to_now,2026-08-11T08:07:08+00:00
CVE-2026-18950,added,2026-08-11,cve_2026_to_now,2026-08-11T08:07:08+00:00
CVE-2026-18951,added,2026-08-11,cve_2026_to_now,2026-08-11T08:07:08+00:00
CVE-2026-18982,added,2026-08-11,cve_2026_to_now,2026-08-11T08:07:08+00:00
CVE-2026-19012,updated,2026-08-10,cve_2026_to_now,2026-08-11T08:07:08+00:00
CVE-2026-19014,updated,2026-08-10,cve_2026_to_now,2026-08-11T08:07:08+00:00
CVE-2026-19015,updated,2026-08-10,cve_2026_to_now,2026-08-11T08:07:08+00:00
CVE-2026-19016,updated,2026-08-10,cve_2026_to_now,2026-08-11T08:07:08+00:00
CVE-2026-19017,updated,2026-08-10,cve_2026_to_now,2026-08-11T08:07:08+00:00
CVE-2026-19053,updated,,cve_2026_to_now,2026-08-11T08:07:08+00:00
CVE-2026-19113,updated,2026-08-10,cve_2026_to_now,2026-08-11T08:07:08+00:00
CVE-2026-19193,updated,2026-08-11,cve_2026_to_now,2026-08-11T08:07:08+00:00
CVE-2026-19195,updated,2026-08-11,cve_2026_to_now,2026-08-11T08:07:08+00:00
CVE-2026-19211,updated,2026-08-10,cve_2026_to_now,2026-08-11T08:07:08+00:00
CVE-2026-19231,updated,2026-08-10,cve_2026_to_now,2026-08-11T08:07:08+00:00
CVE-2026-19243,updated,2026-08-11,cve_2026_to_now,2026-08-11T08:07:08+00:00
CVE-2026-19245,updated,2026-08-10,cve_2026_to_now,2026-08-11T08:07:08+00:00
CVE-2026-19259,updated,2026-08-10,cve_2026_to_now,2026-08-11T08:07:08+00:00
CVE-2026-19263,updated,2026-08-11,cve_2026_to_now,2026-08-11T08:07:08+00:00
CVE-2026-19268,updated,2026-08-10,cve_2026_to_now,2026-08-11T08:07:08+00:00
CVE-2026-19278,added,2026-08-11,cve_2026_to_now,2026-08-11T08:07:08+00:00
CVE-2026-19279,updated,2026-08-10,cve_2026_to_now,2026-08-11T08:07:08+00:00
CVE-2026-19281,updated,2026-08-11,cve_2026_to_now,2026-08-11T08:07:08+00:00
CVE-2026-19284,updated,2026-08-10,cve_2026_to_now,2026-08-11T08:07:08+00:00
CVE-2026-19287,updated,2026-08-10,cve_2026_to_now,2026-08-11T08:07:08+00:00
CVE-2026-19288,updated,2026-08-11,cve_2026_to_now,2026-08-11T08:07:08+00:00
CVE-2026-19323,updated,2026-08-10,cve_2026_to_now,2026-08-11T08:07:08+00:00
CVE-2026-19324,updated,2026-08-10,cve_2026_to_now,2026-08-11T08:07:08+00:00
CVE-2026-19326,updated,2026-08-10,cve_2026_to_now,2026-08-11T08:07:08+00:00
CVE-2026-19327,updated,2026-08-11,cve_2026_to_now,2026-08-11T08:07:08+00:00
CVE-2026-19329,updated,2026-08-10,cve_2026_to_now,2026-08-11T08:07:08+00:00
CVE-2026-19331,updated,2026-08-10,cve_2026_to_now,2026-08-11T08:07:08+00:00
CVE-2026-19332,updated,2026-08-11,cve_2026_to_now,2026-08-11T08:07:08+00:00
CVE-2026-19333,updated,2026-08-10,cve_2026_to_now,2026-08-11T08:07:08+00:00
CVE-2026-19334,updated,2026-08-10,cve_2026_to_now,2026-08-11T08:07:08+00:00
CVE-2026-19336,updated,2026-08-10,cve_2026_to_now,2026-08-11T08:07:08+00:00
CVE-2026-19337,updated,2026-08-11,cve_2026_to_now,2026-08-11T08:07:08+00:00
CVE-2026-19338,updated,2026-08-10,cve_2026_to_now,2026-08-11T08:07:08+00:00
CVE-2026-19339,updated,2026-08-10,cve_2026_to_now,2026-08-11T08:07:08+00:00
CVE-2026-19341,updated,2026-08-10,cve_2026_to_now,2026-08-11T08:07:08+00:00
CVE-2026-19342,updated,2026-08-11,cve_2026_to_now,2026-08-11T08:07:08+00:00
CVE-2026-19343,updated,2026-08-10,cve_2026_to_now,2026-08-11T08:07:08+00:00
CVE-2026-19344,updated,2026-08-10,cve_2026_to_now,2026-08-11T08:07:08+00:00
CVE-2026-19346,updated,2026-08-10,cve_2026_to_now,2026-08-11T08:07:08+00:00
CVE-2026-19347,updated,2026-08-11,cve_2026_to_now,2026-08-11T08:07:08+00:00
CVE-2026-19348,updated,2026-08-10,cve_2026_to_now,2026-08-11T08:07:08+00:00
CVE-2026-19350,updated,2026-08-10,cve_2026_to_now,2026-08-11T08:07:08+00:00
CVE-2026-19352,updated,2026-08-10,cve_2026_to_now,2026-08-11T08:07:08+00:00
CVE-2026-19353,updated,2026-08-11,cve_2026_to_now,2026-08-11T08:07:08+00:00
CVE-2026-19354,updated,2026-08-10,cve_2026_to_now,2026-08-11T08:07:08+00:00
CVE-2026-19355,updated,2026-08-10,cve_2026_to_now,2026-08-11T08:07:08+00:00
CVE-2026-19357,updated,2026-08-10,cve_2026_to_now,2026-08-11T08:07:08+00:00
CVE-2026-19358,updated,2026-08-11,cve_2026_to_now,2026-08-11T08:07:08+00:00
CVE-2026-19359,updated,2026-08-10,cve_2026_to_now,2026-08-11T08:07:08+00:00
CVE-2026-19360,updated,2026-08-10,cve_2026_to_now,2026-08-11T08:07:08+00:00
CVE-2026-19362,updated,2026-08-10,cve_2026_to_now,2026-08-11T08:07:08+00:00
CVE-2026-19363,updated,2026-08-11,cve_2026_to_now,2026-08-11T08:07:08+00:00
CVE-2026-19364,updated,2026-08-10,cve_2026_to_now,2026-08-11T08:07:08+00:00
CVE-2026-19365,updated,2026-08-10,cve_2026_to_now,2026-08-11T08:07:08+00:00
CVE-2026-19367,updated,2026-08-10,cve_2026_to_now,2026-08-11T08:07:08+00:00
CVE-2026-19368,updated,2026-08-11,cve_2026_to_now,2026-08-11T08:07:08+00:00
CVE-2026-19369,updated,2026-08-10,cve_2026_to_now,2026-08-11T08:07:08+00:00
CVE-2026-19370,updated,2026-08-10,cve_2026_to_now,2026-08-11T08:07:08+00:00
CVE-2026-19372,updated,2026-08-10,cve_2026_to_now,2026-08-11T08:07:08+00:00
CVE-2026-19373,updated,2026-08-11,cve_2026_to_now,2026-08-11T08:07:08+00:00
CVE-2026-19374,updated,2026-08-10,cve_2026_to_now,2026-08-11T08:07:08+00:00
CVE-2026-19375,updated,2026-08-10,cve_2026_to_now,2026-08-11T08:07:08+00:00
CVE-2026-19378,updated,2026-08-10,cve_2026_to_now,2026-08-11T08:07:08+00:00
CVE-2026-19379,updated,2026-08-11,cve_2026_to_now,2026-08-11T08:07:08+00:00
CVE-2026-19380,updated,,cve_2026_to_now,2026-08-11T08:07:08+00:00
CVE-2026-19381,updated,,cve_2026_to_now,2026-08-11T08:07:08+00:00
CVE-2026-19383,updated,,cve_2026_to_now,2026-08-11T08:07:08+00:00
CVE-2026-19384,updated,2026-08-11,cve_2026_to_now,2026-08-11T08:07:08+00:00
CVE-2026-19387,updated,,cve_2026_to_now,2026-08-11T08:07:08+00:00
CVE-2026-19389,updated,,cve_2026_to_now,2026-08-11T08:07:08+00:00
CVE-2026-19391,added,,cve_2026_to_now,2026-08-11T08:07:08+00:00
CVE-2026-19404,added,,cve_2026_to_now,2026-08-11T08:07:08+00:00
CVE-2026-19411,added,,cve_2026_to_now,2026-08-11T08:07:08+00:00
CVE-2026-19418,added,,cve_2026_to_now,2026-08-11T08:07:08+00:00
CVE-2026-19424,added,,cve_2026_to_now,2026-08-11T08:07:08+00:00
CVE-2026-19425,added,,cve_2026_to_now,2026-08-11T08:07:08+00:00
CVE-2026-19429,added,2026-08-11,cve_2026_to_now,2026-08-11T08:07:08+00:00
CVE-2026-19433,added,,cve_2026_to_now,2026-08-11T08:07:08+00:00
CVE-2026-19516,added,,cve_2026_to_now,2026-08-11T08:07:08+00:00
CVE-2026-19517,added,,cve_2026_to_now,2026-08-11T08:07:08+00:00
CVE-2026-19518,added,,cve_2026_to_now,2026-08-11T08:07:08+00:00
CVE-2026-19519,added,,cve_2026_to_now,2026-08-11T08:07:08+00:00
CVE-2026-21058,updated,,cve_2026_to_now,2026-08-11T08:07:08+00:00
CVE-2026-21059,updated,,cve_2026_to_now,2026-08-11T08:07:08+00:00
CVE-2026-21060,updated,,cve_2026_to_now,2026-08-11T08:07:08+00:00
CVE-2026-21061,updated,,cve_2026_to_now,2026-08-11T08:07:08+00:00
CVE-2026-21062,updated,,cve_2026_to_now,2026-08-11T08:07:08+00:00
CVE-2026-21063,updated,,cve_2026_to_now,2026-08-11T08:07:08+00:00
CVE-2026-21064,updated,,cve_2026_to_now,2026-08-11T08:07:08+00:00
CVE-2026-21066,updated,,cve_2026_to_now,2026-08-11T08:07:08+00:00
CVE-2026-21067,updated,,cve_2026_to_now,2026-08-11T08:07:08+00:00
CVE-2026-21068,updated,2026-08-11,cve_2026_to_now,2026-08-11T08:07:08+00:00
CVE-2026-21069,updated,,cve_2026_to_now,2026-08-11T08:07:08+00:00
CVE-2026-21070,updated,,cve_2026_to_now,2026-08-11T08:07:08+00:00
CVE-2026-21071,updated,,cve_2026_to_now,2026-08-11T08:07:08+00:00
CVE-2026-21072,updated,,cve_2026_to_now,2026-08-11T08:07:08+00:00
CVE-2026-21073,updated,,cve_2026_to_now,2026-08-11T08:07:08+00:00
CVE-2026-21074,updated,2026-08-11,cve_2026_to_now,2026-08-11T08:07:08+00:00
CVE-2026-21075,updated,,cve_2026_to_now,2026-08-11T08:07:08+00:00
CVE-2026-21076,updated,,cve_2026_to_now,2026-08-11T08:07:08+00:00
CVE-2026-21077,updated,,cve_2026_to_now,2026-08-11T08:07:08+00:00
CVE-2026-21078,updated,,cve_2026_to_now,2026-08-11T08:07:08+00:00
CVE-2026-21079,updated,,cve_2026_to_now,2026-08-11T08:07:08+00:00
CVE-2026-21080,updated,,cve_2026_to_now,2026-08-11T08:07:08+00:00
CVE-2026-21081,updated,,cve_2026_to_now,2026-08-11T08:07:08+00:00
CVE-2026-21082,updated,,cve_2026_to_now,2026-08-11T08:07:08+00:00
CVE-2026-21083,updated,,cve_2026_to_now,2026-08-11T08:07:08+00:00
CVE-2026-21084,updated,,cve_2026_to_now,2026-08-11T08:07:08+00:00
CVE-2026-21441,updated,2026-08-10,cve_2026_to_now,2026-08-11T08:07:08+00:00
CVE-2026-21530,updated,2026-08-10,cve_2026_to_now,2026-08-11T08:07:08+00:00
CVE-2026-21720,updated,2026-08-11,cve_2026_to_now,2026-08-11T08:07:08+00:00
CVE-2026-21721,updated,2026-08-11,cve_2026_to_now,2026-08-11T08:07:08+00:00
CVE-2026-21722,updated,2026-08-11,cve_2026_to_now,2026-08-11T08:07:08+00:00
CVE-2026-21723,updated,2026-08-11,cve_2026_to_now,2026-08-11T08:07:08+00:00
CVE-2026-21724,updated,2026-08-11,cve_2026_to_now,2026-08-11T08:07:08+00:00
CVE-2026-21725,updated,2026-08-11,cve_2026_to_now,2026-08-11T08:07:08+00:00
CVE-2026-21726,updated,2026-08-11,cve_2026_to_now,2026-08-11T08:07:08+00:00
CVE-2026-21727,updated,2026-08-11,cve_2026_to_now,2026-08-11T08:07:08+00:00
CVE-2026-21728,updated,2026-08-11,cve_2026_to_now,2026-08-11T08:07:08+00:00
CVE-2026-21729,updated,2026-08-11,cve_2026_to_now,2026-08-11T08:07:08+00:00
CVE-2026-22029,updated,2026-08-10,cve_2026_to_now,2026-08-11T08:07:08+00:00
CVE-2026-22797,updated,2026-08-10,cve_2026_to_now,2026-08-11T08:07:08+00:00
CVE-2026-23490,updated,2026-08-10,cve_2026_to_now,2026-08-11T08:07:08+00:00
CVE-2026-23652,updated,2026-08-10,cve_2026_to_now,2026-08-11T08:07:08+00:00
CVE-2026-23663,updated,2026-08-10,cve_2026_to_now,2026-08-11T08:07:08+00:00
CVE-2026-23745,updated,2026-08-10,cve_2026_to_now,2026-08-11T08:07:08+00:00
CVE-2026-24049,updated,2026-08-10,cve_2026_to_now,2026-08-11T08:07:08+00:00
CVE-2026-24329,added,,cve_2026_to_now,2026-08-11T08:07:08+00:00
CVE-2026-24330,added,,cve_2026_to_now,2026-08-11T08:07:08+00:00
CVE-2026-24842,updated,2026-08-10,cve_2026_to_now,2026-08-11T08:07:08+00:00
CVE-2026-25639,updated,2026-08-10,cve_2026_to_now,2026-08-11T08:07:08+00:00
CVE-2026-25679,updated,2026-08-10,cve_2026_to_now,2026-08-11T08:07:08+00:00
CVE-2026-25896,updated,2026-08-10,cve_2026_to_now,2026-08-11T08:07:08+00:00
CVE-2026-26129,updated,2026-08-10,cve_2026_to_now,2026-08-11T08:07:08+00:00
CVE-2026-26145,updated,2026-08-10,cve_2026_to_now,2026-08-11T08:07:08+00:00
CVE-2026-26147,updated,2026-08-10,cve_2026_to_now,2026-08-11T08:07:08+00:00
CVE-2026-26164,updated,2026-08-10,cve_2026_to_now,2026-08-11T08:07:08+00:00
CVE-2026-26278,updated,2026-08-10,cve_2026_to_now,2026-08-11T08:07:08+00:00
CVE-2026-27137,updated,2026-08-10,cve_2026_to_now,2026-08-11T08:07:08+00:00
CVE-2026-27145,updated,2026-08-10,cve_2026_to_now,2026-08-11T08:07:08+00:00
CVE-2026-27876,updated,2026-08-11,cve_2026_to_now,2026-08-11T08:07:08+00:00
CVE-2026-27877,updated,2026-08-11,cve_2026_to_now,2026-08-11T08:07:08+00:00
CVE-2026-27878,updated,2026-08-11,cve_2026_to_now,2026-08-11T08:07:08+00:00
CVE-2026-27879,updated,2026-08-11,cve_2026_to_now,2026-08-11T08:07:08+00:00
CVE-2026-27880,updated,2026-08-11,cve_2026_to_now,2026-08-11T08:07:08+00:00
CVE-2026-27889,updated,2026-08-10,cve_2026_to_now,2026-08-11T08:07:08+00:00
CVE-2026-28374,updated,2026-08-11,cve_2026_to_now,2026-08-11T08:07:08+00:00
CVE-2026-28375,updated,2026-08-11,cve_2026_to_now,2026-08-11T08:07:08+00:00
CVE-2026-28376,updated,2026-08-11,cve_2026_to_now,2026-08-11T08:07:08+00:00
CVE-2026-28377,updated,2026-08-11,cve_2026_to_now,2026-08-11T08:07:08+00:00
CVE-2026-28378,updated,2026-08-11,cve_2026_to_now,2026-08-11T08:07:08+00:00
CVE-2026-28379,updated,2026-08-11,cve_2026_to_now,2026-08-11T08:07:08+00:00
CVE-2026-28380,updated,2026-08-11,cve_2026_to_now,2026-08-11T08:07:08+00:00
CVE-2026-28383,updated,2026-08-11,cve_2026_to_now,2026-08-11T08:07:08+00:00
CVE-2026-28672,added,,cve_2026_to_now,2026-08-11T08:07:08+00:00
CVE-2026-29063,updated,2026-08-10,cve_2026_to_now,2026-08-11T08:07:08+00:00
CVE-2026-29074,updated,2026-08-10,cve_2026_to_now,2026-08-11T08:07:08+00:00
CVE-2026-29146,updated,2026-08-10,cve_2026_to_now,2026-08-11T08:07:08+00:00
CVE-2026-29181,updated,2026-08-10,cve_2026_to_now,2026-08-11T08:07:08+00:00
CVE-2026-29785,updated,2026-08-10,cve_2026_to_now,2026-08-11T08:07:08+00:00
CVE-2026-31404,removed,,cve_2026_to_now,2026-08-11T08:07:08+00:00
CVE-2026-31812,updated,2026-08-10,cve_2026_to_now,2026-08-11T08:07:08+00:00
CVE-2026-31842,updated,2026-08-10,cve_2026_to_now,2026-08-11T08:07:08+00:00
CVE-2026-31843,updated,2026-08-10,cve_2026_to_now,2026-08-11T08:07:08+00:00
CVE-2026-31844,updated,2026-08-10,cve_2026_to_now,2026-08-11T08:07:08+00:00
CVE-2026-31845,updated,2026-08-10,cve_2026_to_now,2026-08-11T08:07:08+00:00
CVE-2026-31846,updated,2026-08-10,cve_2026_to_now,2026-08-11T08:07:08+00:00
CVE-2026-31847,updated,2026-08-10,cve_2026_to_now,2026-08-11T08:07:08+00:00
CVE-2026-31848,updated,2026-08-10,cve_2026_to_now,2026-08-11T08:07:08+00:00
CVE-2026-31849,updated,2026-08-10,cve_2026_to_now,2026-08-11T08:07:08+00:00
CVE-2026-31850,updated,2026-08-10,cve_2026_to_now,2026-08-11T08:07:08+00:00
CVE-2026-31851,updated,2026-08-10,cve_2026_to_now,2026-08-11T08:07:08+00:00
CVE-2026-32161,updated,2026-08-10,cve_2026_to_now,2026-08-11T08:07:08+00:00
CVE-2026-32170,updated,2026-08-10,cve_2026_to_now,2026-08-11T08:07:08+00:00
CVE-2026-32175,updated,2026-08-10,cve_2026_to_now,2026-08-11T08:07:08+00:00
CVE-2026-32177,updated,2026-08-10,cve_2026_to_now,2026-08-11T08:07:08+00:00
CVE-2026-32185,updated,2026-08-10,cve_2026_to_now,2026-08-11T08:07:08+00:00
CVE-2026-32204,updated,2026-08-10,cve_2026_to_now,2026-08-11T08:07:08+00:00
CVE-2026-32207,updated,2026-08-10,cve_2026_to_now,2026-08-11T08:07:08+00:00
CVE-2026-32209,updated,2026-08-10,cve_2026_to_now,2026-08-11T08:07:08+00:00
CVE-2026-32227,added,,cve_2026_to_now,2026-08-11T08:07:08+00:00
CVE-2026-32280,updated,2026-08-10,cve_2026_to_now,2026-08-11T08:07:08+00:00
CVE-2026-32283,updated,2026-08-10,cve_2026_to_now,2026-08-11T08:07:08+00:00
CVE-2026-32285,updated,2026-08-10,cve_2026_to_now,2026-08-11T08:07:08+00:00
CVE-2026-32286,updated,2026-08-10,cve_2026_to_now,2026-08-11T08:07:08+00:00
CVE-2026-32589,updated,2026-08-10,cve_2026_to_now,2026-08-11T08:07:08+00:00
CVE-2026-32591,updated,2026-08-10,cve_2026_to_now,2026-08-11T08:07:08+00:00
CVE-2026-32829,updated,2026-08-10,cve_2026_to_now,2026-08-11T08:07:08+00:00
CVE-2026-33109,updated,2026-08-10,cve_2026_to_now,2026-08-11T08:07:08+00:00
CVE-2026-33110,updated,2026-08-10,cve_2026_to_now,2026-08-11T08:07:08+00:00
CVE-2026-33111,updated,2026-08-10,cve_2026_to_now,2026-08-11T08:07:08+00:00
CVE-2026-33112,updated,2026-08-10,cve_2026_to_now,2026-08-11T08:07:08+00:00
CVE-2026-33117,updated,2026-08-10,cve_2026_to_now,2026-08-11T08:07:08+00:00
CVE-2026-33186,updated,2026-08-10,cve_2026_to_now,2026-08-11T08:07:08+00:00
CVE-2026-33216,updated,2026-08-10,cve_2026_to_now,2026-08-11T08:07:08+00:00
CVE-2026-33217,updated,2026-08-10,cve_2026_to_now,2026-08-11T08:07:08+00:00
CVE-2026-33218,updated,2026-08-10,cve_2026_to_now,2026-08-11T08:07:08+00:00
CVE-2026-33219,updated,2026-08-10,cve_2026_to_now,2026-08-11T08:07:08+00:00
CVE-2026-33247,updated,2026-08-10,cve_2026_to_now,2026-08-11T08:07:08+00:00
CVE-2026-33375,updated,2026-08-11,cve_2026_to_now,2026-08-11T08:07:08+00:00
CVE-2026-33376,updated,2026-08-11,cve_2026_to_now,2026-08-11T08:07:08+00:00
CVE-2026-33377,updated,2026-08-11,cve_2026_to_now,2026-08-11T08:07:08+00:00
CVE-2026-33378,updated,2026-08-11,cve_2026_to_now,2026-08-11T08:07:08+00:00
CVE-2026-33380,updated,2026-08-11,cve_2026_to_now,2026-08-11T08:07:08+00:00
CVE-2026-33381,updated,2026-08-11,cve_2026_to_now,2026-08-11T08:07:08+00:00
CVE-2026-33382,updated,2026-08-11,cve_2026_to_now,2026-08-11T08:07:08+00:00
CVE-2026-33487,updated,2026-08-10,cve_2026_to_now,2026-08-11T08:07:08+00:00
CVE-2026-33810,updated,2026-08-10,cve_2026_to_now,2026-08-11T08:07:08+00:00
CVE-2026-33811,updated,2026-08-10,cve_2026_to_now,2026-08-11T08:07:08+00:00
CVE-2026-33814,updated,2026-08-10,cve_2026_to_now,2026-08-11T08:07:08+00:00
CVE-2026-33815,updated,2026-08-10,cve_2026_to_now,2026-08-11T08:07:08+00:00
CVE-2026-33816,updated,2026-08-10,cve_2026_to_now,2026-08-11T08:07:08+00:00
CVE-2026-33821,updated,2026-08-10,cve_2026_to_now,2026-08-11T08:07:08+00:00
CVE-2026-33823,updated,2026-08-10,cve_2026_to_now,2026-08-11T08:07:08+00:00
CVE-2026-33833,updated,2026-08-10,cve_2026_to_now,2026-08-11T08:07:08+00:00
CVE-2026-33834,updated,2026-08-10,cve_2026_to_now,2026-08-11T08:07:08+00:00
CVE-2026-33835,updated,2026-08-10,cve_2026_to_now,2026-08-11T08:07:08+00:00
CVE-2026-33837,updated,2026-08-10,cve_2026_to_now,2026-08-11T08:07:08+00:00
CVE-2026-33838,updated,2026-08-10,cve_2026_to_now,2026-08-11T08:07:08+00:00
CVE-2026-33839,updated,2026-08-10,cve_2026_to_now,2026-08-11T08:07:08+00:00
CVE-2026-33840,updated,2026-08-10,cve_2026_to_now,2026-08-11T08:07:08+00:00
CVE-2026-33841,updated,2026-08-10,cve_2026_to_now,2026-08-11T08:07:08+00:00
CVE-2026-33842,updated,2026-08-10,cve_2026_to_now,2026-08-11T08:07:08+00:00
CVE-2026-33843,updated,2026-08-10,cve_2026_to_now,2026-08-11T08:07:08+00:00
CVE-2026-33844,updated,2026-08-10,cve_2026_to_now,2026-08-11T08:07:08+00:00
CVE-2026-33894,updated,2026-08-10,cve_2026_to_now,2026-08-11T08:07:08+00:00
CVE-2026-33997,updated,2026-08-10,cve_2026_to_now,2026-08-11T08:07:08+00:00
CVE-2026-34265,added,,cve_2026_to_now,2026-08-11T08:07:08+00:00
CVE-2026-34327,updated,2026-08-10,cve_2026_to_now,2026-08-11T08:07:08+00:00
CVE-2026-34328,updated,2026-08-10,cve_2026_to_now,2026-08-11T08:07:08+00:00
CVE-2026-34329,updated,2026-08-10,cve_2026_to_now,2026-08-11T08:07:08+00:00
CVE-2026-34330,updated,2026-08-10,cve_2026_to_now,2026-08-11T08:07:08+00:00
CVE-2026-34331,updated,2026-08-10,cve_2026_to_now,2026-08-11T08:07:08+00:00
CVE-2026-34332,updated,2026-08-10,cve_2026_to_now,2026-08-11T08:07:08+00:00
CVE-2026-34333,updated,2026-08-10,cve_2026_to_now,2026-08-11T08:07:08+00:00
CVE-2026-34334,updated,2026-08-10,cve_2026_to_now,2026-08-11T08:07:08+00:00
CVE-2026-34336,updated,2026-08-10,cve_2026_to_now,2026-08-11T08:07:08+00:00
CVE-2026-34337,updated,2026-08-10,cve_2026_to_now,2026-08-11T08:07:08+00:00
CVE-2026-34338,updated,2026-08-10,cve_2026_to_now,2026-08-11T08:07:08+00:00
CVE-2026-34339,updated,2026-08-10,cve_2026_to_now,2026-08-11T08:07:08+00:00
CVE-2026-34340,updated,2026-08-10,cve_2026_to_now,2026-08-11T08:07:08+00:00
CVE-2026-34341,updated,2026-08-10,cve_2026_to_now,2026-08-11T08:07:08+00:00
CVE-2026-34342,updated,2026-08-10,cve_2026_to_now,2026-08-11T08:07:08+00:00
CVE-2026-34343,updated,2026-08-10,cve_2026_to_now,2026-08-11T08:07:08+00:00
CVE-2026-34344,updated,2026-08-10,cve_2026_to_now,2026-08-11T08:07:08+00:00
CVE-2026-34345,updated,2026-08-10,cve_2026_to_now,2026-08-11T08:07:08+00:00
CVE-2026-34346,updated,2026-08-10,cve_2026_to_now,2026-08-11T08:07:08+00:00
CVE-2026-34347,updated,2026-08-10,cve_2026_to_now,2026-08-11T08:07:08+00:00
CVE-2026-34348,updated,2026-08-10,cve_2026_to_now,2026-08-11T08:07:08+00:00
CVE-2026-34349,updated,2026-08-10,cve_2026_to_now,2026-08-11T08:07:08+00:00
CVE-2026-34350,updated,2026-08-10,cve_2026_to_now,2026-08-11T08:07:08+00:00
CVE-2026-34351,updated,2026-08-10,cve_2026_to_now,2026-08-11T08:07:08+00:00
CVE-2026-34486,updated,2026-08-10,cve_2026_to_now,2026-08-11T08:07:08+00:00
CVE-2026-34986,updated,2026-08-10,cve_2026_to_now,2026-08-11T08:07:08+00:00
CVE-2026-35415,updated,2026-08-10,cve_2026_to_now,2026-08-11T08:07:08+00:00
CVE-2026-35416,updated,2026-08-10,cve_2026_to_now,2026-08-11T08:07:08+00:00
CVE-2026-35417,updated,2026-08-10,cve_2026_to_now,2026-08-11T08:07:08+00:00
CVE-2026-35418,updated,2026-08-10,cve_2026_to_now,2026-08-11T08:07:08+00:00
CVE-2026-35419,updated,2026-08-10,cve_2026_to_now,2026-08-11T08:07:08+00:00
CVE-2026-35420,updated,2026-08-10,cve_2026_to_now,2026-08-11T08:07:08+00:00
CVE-2026-35421,updated,2026-08-10,cve_2026_to_now,2026-08-11T08:07:08+00:00
CVE-2026-35422,updated,2026-08-10,cve_2026_to_now,2026-08-11T08:07:08+00:00
CVE-2026-35423,updated,2026-08-10,cve_2026_to_now,2026-08-11T08:07:08+00:00
CVE-2026-35424,updated,2026-08-10,cve_2026_to_now,2026-08-11T08:07:08+00:00
CVE-2026-35425,updated,2026-08-10,cve_2026_to_now,2026-08-11T08:07:08+00:00
CVE-2026-35428,updated,2026-08-10,cve_2026_to_now,2026-08-11T08:07:08+00:00
CVE-2026-35429,updated,2026-08-10,cve_2026_to_now,2026-08-11T08:07:08+00:00
CVE-2026-35430,updated,2026-08-10,cve_2026_to_now,2026-08-11T08:07:08+00:00
CVE-2026-35433,updated,2026-08-10,cve_2026_to_now,2026-08-11T08:07:08+00:00
CVE-2026-35435,updated,2026-08-10,cve_2026_to_now,2026-08-11T08:07:08+00:00
CVE-2026-35436,updated,2026-08-10,cve_2026_to_now,2026-08-11T08:07:08+00:00
CVE-2026-35438,updated,2026-08-10,cve_2026_to_now,2026-08-11T08:07:08+00:00
CVE-2026-35439,updated,2026-08-10,cve_2026_to_now,2026-08-11T08:07:08+00:00
CVE-2026-35440,updated,2026-08-10,cve_2026_to_now,2026-08-11T08:07:08+00:00
CVE-2026-35469,updated,2026-08-10,cve_2026_to_now,2026-08-11T08:07:08+00:00
CVE-2026-39820,updated,2026-08-10,cve_2026_to_now,2026-08-11T08:07:08+00:00
CVE-2026-39821,updated,2026-08-10,cve_2026_to_now,2026-08-11T08:07:08+00:00
CVE-2026-39828,updated,2026-08-10,cve_2026_to_now,2026-08-11T08:07:08+00:00
CVE-2026-39829,updated,2026-08-10,cve_2026_to_now,2026-08-11T08:07:08+00:00
CVE-2026-39830,updated,2026-08-10,cve_2026_to_now,2026-08-11T08:07:08+00:00
CVE-2026-39832,updated,2026-08-10,cve_2026_to_now,2026-08-11T08:07:08+00:00
CVE-2026-39835,updated,2026-08-10,cve_2026_to_now,2026-08-11T08:07:08+00:00
CVE-2026-39892,updated,2026-08-10,cve_2026_to_now,2026-08-11T08:07:08+00:00
CVE-2026-40127,updated,2026-08-11,cve_2026_to_now,2026-08-11T08:07:08+00:00
CVE-2026-40130,added,,cve_2026_to_now,2026-08-11T08:07:08+00:00
CVE-2026-40175,updated,2026-08-10,cve_2026_to_now,2026-08-11T08:07:08+00:00
CVE-2026-40192,updated,2026-08-10,cve_2026_to_now,2026-08-11T08:07:08+00:00
CVE-2026-40293,updated,2026-08-10,cve_2026_to_now,2026-08-11T08:07:08+00:00
CVE-2026-40357,updated,2026-08-10,cve_2026_to_now,2026-08-11T08:07:08+00:00
CVE-2026-40358,updated,2026-08-10,cve_2026_to_now,2026-08-11T08:07:08+00:00
CVE-2026-40359,updated,2026-08-10,cve_2026_to_now,2026-08-11T08:07:08+00:00
CVE-2026-40360,updated,2026-08-10,cve_2026_to_now,2026-08-11T08:07:08+00:00
CVE-2026-40361,updated,2026-08-10,cve_2026_to_now,2026-08-11T08:07:08+00:00
CVE-2026-40362,updated,2026-08-10,cve_2026_to_now,2026-08-11T08:07:08+00:00
CVE-2026-40363,updated,2026-08-10,cve_2026_to_now,2026-08-11T08:07:08+00:00
CVE-2026-40364,updated,2026-08-10,cve_2026_to_now,2026-08-11T08:07:08+00:00
CVE-2026-40365,updated,2026-08-10,cve_2026_to_now,2026-08-11T08:07:08+00:00
CVE-2026-40366,updated,2026-08-10,cve_2026_to_now,2026-08-11T08:07:08+00:00
CVE-2026-40367,updated,2026-08-10,cve_2026_to_now,2026-08-11T08:07:08+00:00
CVE-2026-40368,updated,2026-08-10,cve_2026_to_now,2026-08-11T08:07:08+00:00
CVE-2026-40369,updated,2026-08-10,cve_2026_to_now,2026-08-11T08:07:08+00:00
CVE-2026-40370,updated,2026-08-10,cve_2026_to_now,2026-08-11T08:07:08+00:00
CVE-2026-40374,updated,2026-08-10,cve_2026_to_now,2026-08-11T08:07:08+00:00
CVE-2026-40377,updated,2026-08-10,cve_2026_to_now,2026-08-11T08:07:08+00:00
CVE-2026-40378,updated,2026-08-10,cve_2026_to_now,2026-08-11T08:07:08+00:00
CVE-2026-40379,updated,2026-08-10,cve_2026_to_now,2026-08-11T08:07:08+00:00
CVE-2026-40380,updated,2026-08-10,cve_2026_to_now,2026-08-11T08:07:08+00:00
CVE-2026-40381,updated,2026-08-10,cve_2026_to_now,2026-08-11T08:07:08+00:00
CVE-2026-40382,updated,2026-08-10,cve_2026_to_now,2026-08-11T08:07:08+00:00
CVE-2026-40397,updated,2026-08-10,cve_2026_to_now,2026-08-11T08:07:08+00:00
CVE-2026-40398,updated,2026-08-10,cve_2026_to_now,2026-08-11T08:07:08+00:00
CVE-2026-40399,updated,2026-08-10,cve_2026_to_now,2026-08-11T08:07:08+00:00
CVE-2026-40400,updated,2026-08-10,cve_2026_to_now,2026-08-11T08:07:08+00:00
CVE-2026-40401,updated,2026-08-10,cve_2026_to_now,2026-08-11T08:07:08+00:00
CVE-2026-40402,updated,2026-08-10,cve_2026_to_now,2026-08-11T08:07:08+00:00
CVE-2026-40403,updated,2026-08-10,cve_2026_to_now,2026-08-11T08:07:08+00:00
CVE-2026-40405,updated,2026-08-10,cve_2026_to_now,2026-08-11T08:07:08+00:00
CVE-2026-40406,updated,2026-08-10,cve_2026_to_now,2026-08-11T08:07:08+00:00
CVE-2026-40407,updated,2026-08-10,cve_2026_to_now,2026-08-11T08:07:08+00:00
CVE-2026-40408,updated,2026-08-10,cve_2026_to_now,2026-08-11T08:07:08+00:00
CVE-2026-40410,updated,2026-08-10,cve_2026_to_now,2026-08-11T08:07:08+00:00
CVE-2026-40411,updated,2026-08-10,cve_2026_to_now,2026-08-11T08:07:08+00:00
CVE-2026-40412,updated,2026-08-10,cve_2026_to_now,2026-08-11T08:07:08+00:00
CVE-2026-40413,updated,2026-08-10,cve_2026_to_now,2026-08-11T08:07:08+00:00
CVE-2026-40414,updated,2026-08-10,cve_2026_to_now,2026-08-11T08:07:08+00:00
CVE-2026-40415,updated,2026-08-10,cve_2026_to_now,2026-08-11T08:07:08+00:00
CVE-2026-40416,updated,2026-08-10,cve_2026_to_now,2026-08-11T08:07:08+00:00
CVE-2026-40417,updated,2026-08-10,cve_2026_to_now,2026-08-11T08:07:08+00:00
CVE-2026-40418,updated,2026-08-10,cve_2026_to_now,2026-08-11T08:07:08+00:00
CVE-2026-40419,updated,2026-08-10,cve_2026_to_now,2026-08-11T08:07:08+00:00
CVE-2026-40420,updated,2026-08-10,cve_2026_to_now,2026-08-11T08:07:08+00:00
CVE-2026-40421,updated,2026-08-10,cve_2026_to_now,2026-08-11T08:07:08+00:00
CVE-2026-40422,updated,2026-08-10,cve_2026_to_now,2026-08-11T08:07:08+00:00
CVE-2026-40895,updated,2026-08-10,cve_2026_to_now,2026-08-11T08:07:08+00:00
CVE-2026-40920,added,,cve_2026_to_now,2026-08-11T08:07:08+00:00
CVE-2026-41086,updated,2026-08-10,cve_2026_to_now,2026-08-11T08:07:08+00:00
CVE-2026-41087,updated,2026-08-10,cve_2026_to_now,2026-08-11T08:07:08+00:00
CVE-2026-41088,updated,2026-08-10,cve_2026_to_now,2026-08-11T08:07:08+00:00
CVE-2026-41089,updated,2026-08-10,cve_2026_to_now,2026-08-11T08:07:08+00:00
CVE-2026-41090,updated,2026-08-10,cve_2026_to_now,2026-08-11T08:07:08+00:00
CVE-2026-41091,updated,2026-08-10,cve_2026_to_now,2026-08-11T08:07:08+00:00
CVE-2026-41094,updated,2026-08-10,cve_2026_to_now,2026-08-11T08:07:08+00:00
CVE-2026-41095,updated,2026-08-10,cve_2026_to_now,2026-08-11T08:07:08+00:00
CVE-2026-41096,updated,2026-08-10,cve_2026_to_now,2026-08-11T08:07:08+00:00
CVE-2026-41097,updated,2026-08-10,cve_2026_to_now,2026-08-11T08:07:08+00:00
CVE-2026-41100,updated,2026-08-10,cve_2026_to_now,2026-08-11T08:07:08+00:00
CVE-2026-41101,updated,2026-08-10,cve_2026_to_now,2026-08-11T08:07:08+00:00
CVE-2026-41102,updated,2026-08-10,cve_2026_to_now,2026-08-11T08:07:08+00:00
CVE-2026-41103,updated,2026-08-10,cve_2026_to_now,2026-08-11T08:07:08+00:00
CVE-2026-41104,updated,2026-08-10,cve_2026_to_now,2026-08-11T08:07:08+00:00
CVE-2026-41105,updated,2026-08-10,cve_2026_to_now,2026-08-11T08:07:08+00:00
CVE-2026-41106,updated,2026-08-10,cve_2026_to_now,2026-08-11T08:07:08+00:00
CVE-2026-41107,updated,2026-08-10,cve_2026_to_now,2026-08-11T08:07:08+00:00
CVE-2026-41109,updated,2026-08-10,cve_2026_to_now,2026-08-11T08:07:08+00:00
CVE-2026-41286,updated,2026-08-10,cve_2026_to_now,2026-08-11T08:07:08+00:00
CVE-2026-41287,updated,2026-08-10,cve_2026_to_now,2026-08-11T08:07:08+00:00
CVE-2026-41288,updated,2026-08-10,cve_2026_to_now,2026-08-11T08:07:08+00:00
CVE-2026-41567,updated,2026-08-10,cve_2026_to_now,2026-08-11T08:07:08+00:00
CVE-2026-41602,updated,2026-08-10,cve_2026_to_now,2026-08-11T08:07:08+00:00
CVE-2026-41604,updated,2026-08-10,cve_2026_to_now,2026-08-11T08:07:08+00:00
CVE-2026-41605,updated,2026-08-10,cve_2026_to_now,2026-08-11T08:07:08+00:00
CVE-2026-41606,updated,2026-08-10,cve_2026_to_now,2026-08-11T08:07:08+00:00
CVE-2026-41607,updated,2026-08-10,cve_2026_to_now,2026-08-11T08:07:08+00:00
CVE-2026-41610,updated,2026-08-10,cve_2026_to_now,2026-08-11T08:07:08+00:00
CVE-2026-41611,updated,2026-08-10,cve_2026_to_now,2026-08-11T08:07:08+00:00
CVE-2026-41612,updated,2026-08-10,cve_2026_to_now,2026-08-11T08:07:08+00:00
CVE-2026-41613,updated,2026-08-10,cve_2026_to_now,2026-08-11T08:07:08+00:00
CVE-2026-41614,updated,2026-08-10,cve_2026_to_now,2026-08-11T08:07:08+00:00
CVE-2026-41615,updated,2026-08-10,cve_2026_to_now,2026-08-11T08:07:08+00:00
CVE-2026-41674,updated,2026-08-10,cve_2026_to_now,2026-08-11T08:07:08+00:00
CVE-2026-41940,updated,2026-08-11,cve_2026_to_now,2026-08-11T08:07:08+00:00
CVE-2026-42033,updated,2026-08-10,cve_2026_to_now,2026-08-11T08:07:08+00:00
CVE-2026-42039,updated,2026-08-10,cve_2026_to_now,2026-08-11T08:07:08+00:00
CVE-2026-42041,updated,2026-08-10,cve_2026_to_now,2026-08-11T08:07:08+00:00
CVE-2026-42043,updated,2026-08-10,cve_2026_to_now,2026-08-11T08:07:08+00:00
CVE-2026-42044,updated,2026-08-10,cve_2026_to_now,2026-08-11T08:07:08+00:00
CVE-2026-42127,updated,2026-08-11,cve_2026_to_now,2026-08-11T08:07:08+00:00
CVE-2026-42129,updated,2026-08-11,cve_2026_to_now,2026-08-11T08:07:08+00:00
CVE-2026-42151,updated,2026-08-10,cve_2026_to_now,2026-08-11T08:07:08+00:00
CVE-2026-42154,updated,2026-08-10,cve_2026_to_now,2026-08-11T08:07:08+00:00
CVE-2026-42170,updated,2026-08-11,cve_2026_to_now,2026-08-11T08:07:08+00:00
CVE-2026-42264,updated,2026-08-10,cve_2026_to_now,2026-08-11T08:07:08+00:00
CVE-2026-42338,updated,2026-08-10,cve_2026_to_now,2026-08-11T08:07:08+00:00
CVE-2026-42499,updated,2026-08-10,cve_2026_to_now,2026-08-11T08:07:08+00:00
CVE-2026-42504,updated,2026-08-10,cve_2026_to_now,2026-08-11T08:07:08+00:00
CVE-2026-42508,updated,2026-08-10,cve_2026_to_now,2026-08-11T08:07:08+00:00
CVE-2026-42536,updated,2026-08-10,cve_2026_to_now,2026-08-11T08:07:08+00:00
CVE-2026-42537,added,,cve_2026_to_now,2026-08-11T08:07:08+00:00
CVE-2026-42822,updated,2026-08-10,cve_2026_to_now,2026-08-11T08:07:08+00:00
CVE-2026-42823,updated,2026-08-10,cve_2026_to_now,2026-08-11T08:07:08+00:00
CVE-2026-42825,updated,2026-08-10,cve_2026_to_now,2026-08-11T08:07:08+00:00
CVE-2026-42826,updated,2026-08-10,cve_2026_to_now,2026-08-11T08:07:08+00:00
CVE-2026-42827,updated,2026-08-10,cve_2026_to_now,2026-08-11T08:07:08+00:00
CVE-2026-42830,updated,2026-08-10,cve_2026_to_now,2026-08-11T08:07:08+00:00
CVE-2026-42831,updated,2026-08-10,cve_2026_to_now,2026-08-11T08:07:08+00:00
CVE-2026-42832,updated,2026-08-10,cve_2026_to_now,2026-08-11T08:07:08+00:00
CVE-2026-42833,updated,2026-08-10,cve_2026_to_now,2026-08-11T08:07:08+00:00
CVE-2026-42834,updated,2026-08-10,cve_2026_to_now,2026-08-11T08:07:08+00:00
CVE-2026-42838,updated,2026-08-10,cve_2026_to_now,2026-08-11T08:07:08+00:00
CVE-2026-42891,updated,2026-08-10,cve_2026_to_now,2026-08-11T08:07:08+00:00
CVE-2026-42893,updated,2026-08-10,cve_2026_to_now,2026-08-11T08:07:08+00:00
CVE-2026-42896,updated,2026-08-10,cve_2026_to_now,2026-08-11T08:07:08+00:00
CVE-2026-42897,updated,2026-08-10,cve_2026_to_now,2026-08-11T08:07:08+00:00
CVE-2026-42898,updated,2026-08-10,cve_2026_to_now,2026-08-11T08:07:08+00:00
CVE-2026-42899,updated,2026-08-10,cve_2026_to_now,2026-08-11T08:07:08+00:00
CVE-2026-42900,updated,2026-08-10,cve_2026_to_now,2026-08-11T08:07:08+00:00
CVE-2026-42901,updated,2026-08-10,cve_2026_to_now,2026-08-11T08:07:08+00:00
CVE-2026-42975,updated,2026-08-10,cve_2026_to_now,2026-08-11T08:07:08+00:00
CVE-2026-42982,updated,2026-08-10,cve_2026_to_now,2026-08-11T08:07:08+00:00
CVE-2026-42990,updated,2026-08-10,cve_2026_to_now,2026-08-11T08:07:08+00:00
CVE-2026-43112,updated,2026-08-10,cve_2026_to_now,2026-08-11T08:07:08+00:00
CVE-2026-43869,updated,2026-08-10,cve_2026_to_now,2026-08-11T08:07:08+00:00
CVE-2026-44249,updated,2026-08-10,cve_2026_to_now,2026-08-11T08:07:08+00:00
CVE-2026-44293,updated,2026-08-10,cve_2026_to_now,2026-08-11T08:07:08+00:00
CVE-2026-44401,added,,cve_2026_to_now,2026-08-11T08:07:08+00:00
CVE-2026-44416,added,,cve_2026_to_now,2026-08-11T08:07:08+00:00
CVE-2026-44432,updated,2026-08-10,cve_2026_to_now,2026-08-11T08:07:08+00:00
CVE-2026-44486,updated,2026-08-10,cve_2026_to_now,2026-08-11T08:07:08+00:00
CVE-2026-44487,updated,2026-08-10,cve_2026_to_now,2026-08-11T08:07:08+00:00
CVE-2026-44488,updated,2026-08-10,cve_2026_to_now,2026-08-11T08:07:08+00:00
CVE-2026-44492,updated,2026-08-10,cve_2026_to_now,2026-08-11T08:07:08+00:00
CVE-2026-44494,updated,2026-08-10,cve_2026_to_now,2026-08-11T08:07:08+00:00
CVE-2026-44495,updated,2026-08-10,cve_2026_to_now,2026-08-11T08:07:08+00:00
CVE-2026-44496,updated,2026-08-10,cve_2026_to_now,2026-08-11T08:07:08+00:00
CVE-2026-44630,added,,cve_2026_to_now,2026-08-11T08:07:08+00:00
CVE-2026-44758,added,,cve_2026_to_now,2026-08-11T08:07:08+00:00
CVE-2026-44762,added,,cve_2026_to_now,2026-08-11T08:07:08+00:00
CVE-2026-44763,added,,cve_2026_to_now,2026-08-11T08:07:08+00:00
CVE-2026-44764,added,,cve_2026_to_now,2026-08-11T08:07:08+00:00
CVE-2026-44765,added,,cve_2026_to_now,2026-08-11T08:07:08+00:00
CVE-2026-44800,updated,2026-08-10,cve_2026_to_now,2026-08-11T08:07:08+00:00
CVE-2026-44806,updated,2026-08-10,cve_2026_to_now,2026-08-11T08:07:08+00:00
CVE-2026-44990,updated,2026-08-10,cve_2026_to_now,2026-08-11T08:07:08+00:00
CVE-2026-45292,updated,2026-08-10,cve_2026_to_now,2026-08-11T08:07:08+00:00
CVE-2026-45416,updated,2026-08-10,cve_2026_to_now,2026-08-11T08:07:08+00:00
CVE-2026-45447,updated,2026-08-10,cve_2026_to_now,2026-08-11T08:07:08+00:00
CVE-2026-45488,updated,2026-08-10,cve_2026_to_now,2026-08-11T08:07:08+00:00
CVE-2026-45489,updated,2026-08-10,cve_2026_to_now,2026-08-11T08:07:08+00:00
CVE-2026-45492,updated,2026-08-10,cve_2026_to_now,2026-08-11T08:07:08+00:00
CVE-2026-45494,updated,2026-08-10,cve_2026_to_now,2026-08-11T08:07:08+00:00
CVE-2026-45495,updated,2026-08-10,cve_2026_to_now,2026-08-11T08:07:08+00:00
CVE-2026-45496,updated,2026-08-10,cve_2026_to_now,2026-08-11T08:07:08+00:00
CVE-2026-45498,updated,2026-08-10,cve_2026_to_now,2026-08-11T08:07:08+00:00
CVE-2026-45499,updated,2026-08-10,cve_2026_to_now,2026-08-11T08:07:08+00:00
CVE-2026-45584,updated,2026-08-10,cve_2026_to_now,2026-08-11T08:07:08+00:00
CVE-2026-45585,updated,2026-08-10,cve_2026_to_now,2026-08-11T08:07:08+00:00
CVE-2026-45646,updated,2026-08-10,cve_2026_to_now,2026-08-11T08:07:08+00:00
CVE-2026-45659,updated,2026-08-11,cve_2026_to_now,2026-08-11T08:07:08+00:00
CVE-2026-45736,updated,2026-08-10,cve_2026_to_now,2026-08-11T08:07:08+00:00
CVE-2026-46054,updated,2026-08-10,cve_2026_to_now,2026-08-11T08:07:08+00:00
CVE-2026-46194,removed,,cve_2026_to_now,2026-08-11T08:07:08+00:00
CVE-2026-46358,updated,2026-08-11,cve_2026_to_now,2026-08-11T08:07:08+00:00
CVE-2026-46384,updated,2026-08-10,cve_2026_to_now,2026-08-11T08:07:08+00:00
CVE-2026-46385,updated,2026-08-10,cve_2026_to_now,2026-08-11T08:07:08+00:00
CVE-2026-46409,updated,2026-08-11,cve_2026_to_now,2026-08-11T08:07:08+00:00
CVE-2026-46579,updated,2026-08-10,cve_2026_to_now,2026-08-11T08:07:08+00:00
CVE-2026-46595,updated,2026-08-10,cve_2026_to_now,2026-08-11T08:07:08+00:00
CVE-2026-46625,updated,2026-08-10,cve_2026_to_now,2026-08-11T08:07:08+00:00
CVE-2026-47162,updated,2026-08-10,cve_2026_to_now,2026-08-11T08:07:08+00:00
CVE-2026-47243,updated,2026-08-10,cve_2026_to_now,2026-08-11T08:07:08+00:00
CVE-2026-47249,updated,2026-08-10,cve_2026_to_now,2026-08-11T08:07:08+00:00
CVE-2026-47280,updated,2026-08-10,cve_2026_to_now,2026-08-11T08:07:08+00:00
CVE-2026-47282,updated,2026-08-10,cve_2026_to_now,2026-08-11T08:07:08+00:00
CVE-2026-47290,updated,2026-08-10,cve_2026_to_now,2026-08-11T08:07:08+00:00
CVE-2026-47294,updated,2026-08-10,cve_2026_to_now,2026-08-11T08:07:08+00:00
CVE-2026-47295,updated,2026-08-10,cve_2026_to_now,2026-08-11T08:07:08+00:00
CVE-2026-47296,updated,2026-08-10,cve_2026_to_now,2026-08-11T08:07:08+00:00
CVE-2026-47300,updated,2026-08-10,cve_2026_to_now,2026-08-11T08:07:08+00:00
CVE-2026-47301,updated,2026-08-10,cve_2026_to_now,2026-08-11T08:07:08+00:00
CVE-2026-47302,updated,2026-08-10,cve_2026_to_now,2026-08-11T08:07:08+00:00
CVE-2026-47303,updated,2026-08-10,cve_2026_to_now,2026-08-11T08:07:08+00:00
CVE-2026-47304,updated,2026-08-10,cve_2026_to_now,2026-08-11T08:07:08+00:00
CVE-2026-47305,updated,2026-08-10,cve_2026_to_now,2026-08-11T08:07:08+00:00
CVE-2026-47632,updated,2026-08-10,cve_2026_to_now,2026-08-11T08:07:08+00:00
CVE-2026-47642,updated,2026-08-10,cve_2026_to_now,2026-08-11T08:07:08+00:00
CVE-2026-47659,updated,2026-08-10,cve_2026_to_now,2026-08-11T08:07:08+00:00
CVE-2026-47661,updated,2026-08-11,cve_2026_to_now,2026-08-11T08:07:08+00:00
CVE-2026-47663,updated,2026-08-10,cve_2026_to_now,2026-08-11T08:07:08+00:00
CVE-2026-47664,updated,2026-08-10,cve_2026_to_now,2026-08-11T08:07:08+00:00
CVE-2026-47754,added,,cve_2026_to_now,2026-08-11T08:07:08+00:00
CVE-2026-48007,updated,2026-08-10,cve_2026_to_now,2026-08-11T08:07:08+00:00
CVE-2026-48047,updated,2026-08-10,cve_2026_to_now,2026-08-11T08:07:08+00:00
CVE-2026-48048,added,,cve_2026_to_now,2026-08-11T08:07:08+00:00
CVE-2026-48093,updated,2026-08-10,cve_2026_to_now,2026-08-11T08:07:08+00:00
CVE-2026-48120,updated,2026-08-11,cve_2026_to_now,2026-08-11T08:07:08+00:00
CVE-2026-48158,added,2026-08-11,cve_2026_to_now,2026-08-11T08:07:08+00:00
CVE-2026-48159,added,2026-08-11,cve_2026_to_now,2026-08-11T08:07:08+00:00
CVE-2026-48160,added,,cve_2026_to_now,2026-08-11T08:07:08+00:00
CVE-2026-48161,added,,cve_2026_to_now,2026-08-11T08:07:08+00:00
CVE-2026-48169,updated,2026-08-11,cve_2026_to_now,2026-08-11T08:07:08+00:00
CVE-2026-48170,updated,2026-08-10,cve_2026_to_now,2026-08-11T08:07:08+00:00
CVE-2026-48526,updated,2026-08-10,cve_2026_to_now,2026-08-11T08:07:08+00:00
CVE-2026-48561,updated,2026-08-10,cve_2026_to_now,2026-08-11T08:07:08+00:00
CVE-2026-48564,updated,2026-08-10,cve_2026_to_now,2026-08-11T08:07:08+00:00
CVE-2026-48571,updated,2026-08-10,cve_2026_to_now,2026-08-11T08:07:08+00:00
CVE-2026-48572,updated,2026-08-10,cve_2026_to_now,2026-08-11T08:07:08+00:00
CVE-2026-48580,updated,2026-08-10,cve_2026_to_now,2026-08-11T08:07:08+00:00
CVE-2026-48581,updated,2026-08-10,cve_2026_to_now,2026-08-11T08:07:08+00:00
CVE-2026-48618,updated,2026-08-10,cve_2026_to_now,2026-08-11T08:07:08+00:00
CVE-2026-48710,updated,2026-08-10,cve_2026_to_now,2026-08-11T08:07:08+00:00
CVE-2026-48933,updated,2026-08-10,cve_2026_to_now,2026-08-11T08:07:08+00:00
CVE-2026-49159,updated,2026-08-10,cve_2026_to_now,2026-08-11T08:07:08+00:00
CVE-2026-49162,updated,2026-08-10,cve_2026_to_now,2026-08-11T08:07:08+00:00
CVE-2026-49164,updated,2026-08-10,cve_2026_to_now,2026-08-11T08:07:08+00:00
CVE-2026-49165,updated,2026-08-10,cve_2026_to_now,2026-08-11T08:07:08+00:00
CVE-2026-49166,updated,2026-08-10,cve_2026_to_now,2026-08-11T08:07:08+00:00
CVE-2026-49167,updated,2026-08-10,cve_2026_to_now,2026-08-11T08:07:08+00:00
CVE-2026-49168,updated,2026-08-10,cve_2026_to_now,2026-08-11T08:07:08+00:00
CVE-2026-49169,updated,2026-08-10,cve_2026_to_now,2026-08-11T08:07:08+00:00
CVE-2026-49170,updated,2026-08-10,cve_2026_to_now,2026-08-11T08:07:08+00:00
CVE-2026-49171,updated,2026-08-10,cve_2026_to_now,2026-08-11T08:07:08+00:00
CVE-2026-49172,updated,2026-08-10,cve_2026_to_now,2026-08-11T08:07:08+00:00
CVE-2026-49173,updated,2026-08-10,cve_2026_to_now,2026-08-11T08:07:08+00:00
CVE-2026-49174,updated,2026-08-10,cve_2026_to_now,2026-08-11T08:07:08+00:00
CVE-2026-49175,updated,2026-08-10,cve_2026_to_now,2026-08-11T08:07:08+00:00
CVE-2026-49176,updated,2026-08-10,cve_2026_to_now,2026-08-11T08:07:08+00:00
CVE-2026-49177,updated,2026-08-10,cve_2026_to_now,2026-08-11T08:07:08+00:00
CVE-2026-49178,updated,2026-08-10,cve_2026_to_now,2026-08-11T08:07:08+00:00
CVE-2026-49180,updated,2026-08-10,cve_2026_to_now,2026-08-11T08:07:08+00:00
CVE-2026-49181,updated,2026-08-10,cve_2026_to_now,2026-08-11T08:07:08+00:00
CVE-2026-49183,updated,2026-08-10,cve_2026_to_now,2026-08-11T08:07:08+00:00
CVE-2026-49184,updated,2026-08-10,cve_2026_to_now,2026-08-11T08:07:08+00:00
CVE-2026-49783,updated,2026-08-10,cve_2026_to_now,2026-08-11T08:07:08+00:00
CVE-2026-49784,updated,2026-08-10,cve_2026_to_now,2026-08-11T08:07:08+00:00
CVE-2026-49787,updated,2026-08-10,cve_2026_to_now,2026-08-11T08:07:08+00:00
CVE-2026-49788,updated,2026-08-10,cve_2026_to_now,2026-08-11T08:07:08+00:00
CVE-2026-49789,updated,2026-08-10,cve_2026_to_now,2026-08-11T08:07:08+00:00
CVE-2026-49790,updated,2026-08-10,cve_2026_to_now,2026-08-11T08:07:08+00:00
CVE-2026-49791,updated,2026-08-10,cve_2026_to_now,2026-08-11T08:07:08+00:00
CVE-2026-49792,updated,2026-08-10,cve_2026_to_now,2026-08-11T08:07:08+00:00
CVE-2026-49793,updated,2026-08-10,cve_2026_to_now,2026-08-11T08:07:08+00:00
CVE-2026-49794,updated,2026-08-10,cve_2026_to_now,2026-08-11T08:07:08+00:00
CVE-2026-49795,updated,2026-08-10,cve_2026_to_now,2026-08-11T08:07:08+00:00
CVE-2026-49796,updated,2026-08-10,cve_2026_to_now,2026-08-11T08:07:08+00:00
CVE-2026-49797,updated,2026-08-10,cve_2026_to_now,2026-08-11T08:07:08+00:00
CVE-2026-49798,updated,2026-08-10,cve_2026_to_now,2026-08-11T08:07:08+00:00
CVE-2026-49799,updated,2026-08-10,cve_2026_to_now,2026-08-11T08:07:08+00:00
CVE-2026-49800,updated,2026-08-10,cve_2026_to_now,2026-08-11T08:07:08+00:00
CVE-2026-49801,updated,2026-08-10,cve_2026_to_now,2026-08-11T08:07:08+00:00
CVE-2026-49802,updated,2026-08-10,cve_2026_to_now,2026-08-11T08:07:08+00:00
CVE-2026-49803,updated,2026-08-10,cve_2026_to_now,2026-08-11T08:07:08+00:00
CVE-2026-49804,updated,2026-08-10,cve_2026_to_now,2026-08-11T08:07:08+00:00
CVE-2026-49805,updated,2026-08-10,cve_2026_to_now,2026-08-11T08:07:08+00:00
CVE-2026-49806,updated,2026-08-10,cve_2026_to_now,2026-08-11T08:07:08+00:00
CVE-2026-49807,updated,2026-08-10,cve_2026_to_now,2026-08-11T08:07:08+00:00
CVE-2026-49808,updated,2026-08-10,cve_2026_to_now,2026-08-11T08:07:08+00:00
CVE-2026-49980,updated,2026-08-10,cve_2026_to_now,2026-08-11T08:07:08+00:00
CVE-2026-50010,updated,2026-08-10,cve_2026_to_now,2026-08-11T08:07:08+00:00
CVE-2026-50293,updated,2026-08-10,cve_2026_to_now,2026-08-11T08:07:08+00:00
CVE-2026-50294,updated,2026-08-10,cve_2026_to_now,2026-08-11T08:07:08+00:00
CVE-2026-50295,updated,2026-08-10,cve_2026_to_now,2026-08-11T08:07:08+00:00
CVE-2026-50296,updated,2026-08-10,cve_2026_to_now,2026-08-11T08:07:08+00:00
CVE-2026-50297,updated,2026-08-10,cve_2026_to_now,2026-08-11T08:07:08+00:00
CVE-2026-50298,updated,2026-08-10,cve_2026_to_now,2026-08-11T08:07:08+00:00
CVE-2026-50299,updated,2026-08-10,cve_2026_to_now,2026-08-11T08:07:08+00:00
CVE-2026-50300,updated,2026-08-10,cve_2026_to_now,2026-08-11T08:07:08+00:00
CVE-2026-50301,updated,2026-08-10,cve_2026_to_now,2026-08-11T08:07:08+00:00
CVE-2026-50302,updated,2026-08-10,cve_2026_to_now,2026-08-11T08:07:08+00:00
CVE-2026-50303,updated,2026-08-10,cve_2026_to_now,2026-08-11T08:07:08+00:00
CVE-2026-50304,updated,2026-08-10,cve_2026_to_now,2026-08-11T08:07:08+00:00
CVE-2026-50305,updated,2026-08-10,cve_2026_to_now,2026-08-11T08:07:08+00:00
CVE-2026-50306,updated,2026-08-10,cve_2026_to_now,2026-08-11T08:07:08+00:00
CVE-2026-50307,updated,2026-08-10,cve_2026_to_now,2026-08-11T08:07:08+00:00
CVE-2026-50308,updated,2026-08-10,cve_2026_to_now,2026-08-11T08:07:08+00:00
CVE-2026-50309,updated,2026-08-10,cve_2026_to_now,2026-08-11T08:07:08+00:00
CVE-2026-50310,updated,2026-08-10,cve_2026_to_now,2026-08-11T08:07:08+00:00
CVE-2026-50311,updated,2026-08-10,cve_2026_to_now,2026-08-11T08:07:08+00:00
CVE-2026-50312,updated,2026-08-10,cve_2026_to_now,2026-08-11T08:07:08+00:00
CVE-2026-50313,updated,2026-08-10,cve_2026_to_now,2026-08-11T08:07:08+00:00
CVE-2026-50314,updated,2026-08-10,cve_2026_to_now,2026-08-11T08:07:08+00:00
CVE-2026-50315,updated,2026-08-10,cve_2026_to_now,2026-08-11T08:07:08+00:00
CVE-2026-50316,updated,2026-08-10,cve_2026_to_now,2026-08-11T08:07:08+00:00
CVE-2026-50317,updated,2026-08-10,cve_2026_to_now,2026-08-11T08:07:08+00:00
CVE-2026-50318,updated,2026-08-10,cve_2026_to_now,2026-08-11T08:07:08+00:00
CVE-2026-50321,updated,2026-08-10,cve_2026_to_now,2026-08-11T08:07:08+00:00
CVE-2026-50322,updated,2026-08-10,cve_2026_to_now,2026-08-11T08:07:08+00:00
CVE-2026-50323,updated,2026-08-10,cve_2026_to_now,2026-08-11T08:07:08+00:00
CVE-2026-50324,updated,2026-08-10,cve_2026_to_now,2026-08-11T08:07:08+00:00
CVE-2026-50325,updated,2026-08-10,cve_2026_to_now,2026-08-11T08:07:08+00:00
CVE-2026-50326,updated,2026-08-10,cve_2026_to_now,2026-08-11T08:07:08+00:00
CVE-2026-50327,updated,2026-08-10,cve_2026_to_now,2026-08-11T08:07:08+00:00
CVE-2026-50328,updated,2026-08-10,cve_2026_to_now,2026-08-11T08:07:08+00:00
CVE-2026-50329,updated,2026-08-10,cve_2026_to_now,2026-08-11T08:07:08+00:00
CVE-2026-50330,updated,2026-08-10,cve_2026_to_now,2026-08-11T08:07:08+00:00
CVE-2026-50331,updated,2026-08-10,cve_2026_to_now,2026-08-11T08:07:08+00:00
CVE-2026-50332,updated,2026-08-10,cve_2026_to_now,2026-08-11T08:07:08+00:00
CVE-2026-50333,updated,2026-08-10,cve_2026_to_now,2026-08-11T08:07:08+00:00
CVE-2026-50334,updated,2026-08-10,cve_2026_to_now,2026-08-11T08:07:08+00:00
CVE-2026-50335,updated,2026-08-10,cve_2026_to_now,2026-08-11T08:07:08+00:00
CVE-2026-50336,updated,2026-08-10,cve_2026_to_now,2026-08-11T08:07:08+00:00
CVE-2026-50337,updated,2026-08-10,cve_2026_to_now,2026-08-11T08:07:08+00:00
CVE-2026-50338,updated,2026-08-10,cve_2026_to_now,2026-08-11T08:07:08+00:00
CVE-2026-50339,updated,2026-08-10,cve_2026_to_now,2026-08-11T08:07:08+00:00
CVE-2026-50340,updated,2026-08-10,cve_2026_to_now,2026-08-11T08:07:08+00:00
CVE-2026-50341,updated,2026-08-10,cve_2026_to_now,2026-08-11T08:07:08+00:00
CVE-2026-50342,updated,2026-08-10,cve_2026_to_now,2026-08-11T08:07:08+00:00
CVE-2026-50343,updated,2026-08-10,cve_2026_to_now,2026-08-11T08:07:08+00:00
CVE-2026-50344,updated,2026-08-10,cve_2026_to_now,2026-08-11T08:07:08+00:00
CVE-2026-50345,updated,2026-08-10,cve_2026_to_now,2026-08-11T08:07:08+00:00
CVE-2026-50346,updated,2026-08-10,cve_2026_to_now,2026-08-11T08:07:08+00:00
CVE-2026-50347,updated,2026-08-10,cve_2026_to_now,2026-08-11T08:07:08+00:00
CVE-2026-50348,updated,2026-08-10,cve_2026_to_now,2026-08-11T08:07:08+00:00
CVE-2026-50350,updated,2026-08-10,cve_2026_to_now,2026-08-11T08:07:08+00:00
CVE-2026-50351,updated,2026-08-10,cve_2026_to_now,2026-08-11T08:07:08+00:00
CVE-2026-50352,updated,2026-08-10,cve_2026_to_now,2026-08-11T08:07:08+00:00
CVE-2026-50353,updated,2026-08-10,cve_2026_to_now,2026-08-11T08:07:08+00:00
CVE-2026-50354,updated,2026-08-10,cve_2026_to_now,2026-08-11T08:07:08+00:00
CVE-2026-50355,updated,2026-08-10,cve_2026_to_now,2026-08-11T08:07:08+00:00
CVE-2026-50356,updated,2026-08-10,cve_2026_to_now,2026-08-11T08:07:08+00:00
CVE-2026-50357,updated,2026-08-10,cve_2026_to_now,2026-08-11T08:07:08+00:00
CVE-2026-50358,updated,2026-08-10,cve_2026_to_now,2026-08-11T08:07:08+00:00
CVE-2026-50359,updated,2026-08-10,cve_2026_to_now,2026-08-11T08:07:08+00:00
CVE-2026-50360,updated,2026-08-10,cve_2026_to_now,2026-08-11T08:07:08+00:00
CVE-2026-50361,updated,2026-08-10,cve_2026_to_now,2026-08-11T08:07:08+00:00
CVE-2026-50362,updated,2026-08-10,cve_2026_to_now,2026-08-11T08:07:08+00:00
CVE-2026-50363,updated,2026-08-10,cve_2026_to_now,2026-08-11T08:07:08+00:00
CVE-2026-50364,updated,2026-08-10,cve_2026_to_now,2026-08-11T08:07:08+00:00
CVE-2026-50365,updated,2026-08-10,cve_2026_to_now,2026-08-11T08:07:08+00:00
CVE-2026-50366,updated,2026-08-10,cve_2026_to_now,2026-08-11T08:07:08+00:00
CVE-2026-50367,updated,2026-08-10,cve_2026_to_now,2026-08-11T08:07:08+00:00
CVE-2026-50368,updated,2026-08-10,cve_2026_to_now,2026-08-11T08:07:08+00:00
CVE-2026-50369,updated,2026-08-10,cve_2026_to_now,2026-08-11T08:07:08+00:00
CVE-2026-50370,updated,2026-08-10,cve_2026_to_now,2026-08-11T08:07:08+00:00
CVE-2026-50371,updated,2026-08-10,cve_2026_to_now,2026-08-11T08:07:08+00:00
CVE-2026-50372,updated,2026-08-10,cve_2026_to_now,2026-08-11T08:07:08+00:00
CVE-2026-50373,updated,2026-08-10,cve_2026_to_now,2026-08-11T08:07:08+00:00
CVE-2026-50374,updated,2026-08-10,cve_2026_to_now,2026-08-11T08:07:08+00:00
CVE-2026-50375,updated,2026-08-10,cve_2026_to_now,2026-08-11T08:07:08+00:00
CVE-2026-50376,updated,2026-08-10,cve_2026_to_now,2026-08-11T08:07:08+00:00
CVE-2026-50377,updated,2026-08-10,cve_2026_to_now,2026-08-11T08:07:08+00:00
CVE-2026-50378,updated,2026-08-10,cve_2026_to_now,2026-08-11T08:07:08+00:00
CVE-2026-50379,updated,2026-08-10,cve_2026_to_now,2026-08-11T08:07:08+00:00
CVE-2026-50380,updated,2026-08-10,cve_2026_to_now,2026-08-11T08:07:08+00:00
CVE-2026-50381,updated,2026-08-10,cve_2026_to_now,2026-08-11T08:07:08+00:00
CVE-2026-50382,updated,2026-08-10,cve_2026_to_now,2026-08-11T08:07:08+00:00
CVE-2026-50383,updated,2026-08-10,cve_2026_to_now,2026-08-11T08:07:08+00:00
CVE-2026-50384,updated,2026-08-10,cve_2026_to_now,2026-08-11T08:07:08+00:00
CVE-2026-50385,updated,2026-08-10,cve_2026_to_now,2026-08-11T08:07:08+00:00
CVE-2026-50386,updated,2026-08-10,cve_2026_to_now,2026-08-11T08:07:08+00:00
CVE-2026-50387,updated,2026-08-10,cve_2026_to_now,2026-08-11T08:07:08+00:00
CVE-2026-50388,updated,2026-08-10,cve_2026_to_now,2026-08-11T08:07:08+00:00
CVE-2026-50389,updated,2026-08-10,cve_2026_to_now,2026-08-11T08:07:08+00:00
CVE-2026-50390,updated,2026-08-10,cve_2026_to_now,2026-08-11T08:07:08+00:00
CVE-2026-50391,updated,2026-08-10,cve_2026_to_now,2026-08-11T08:07:08+00:00
CVE-2026-50392,updated,2026-08-10,cve_2026_to_now,2026-08-11T08:07:08+00:00
CVE-2026-50393,updated,2026-08-10,cve_2026_to_now,2026-08-11T08:07:08+00:00
CVE-2026-50394,updated,2026-08-10,cve_2026_to_now,2026-08-11T08:07:08+00:00
CVE-2026-50396,updated,2026-08-10,cve_2026_to_now,2026-08-11T08:07:08+00:00
CVE-2026-50397,updated,2026-08-10,cve_2026_to_now,2026-08-11T08:07:08+00:00
CVE-2026-50398,updated,2026-08-10,cve_2026_to_now,2026-08-11T08:07:08+00:00
CVE-2026-50399,updated,2026-08-10,cve_2026_to_now,2026-08-11T08:07:08+00:00
CVE-2026-50400,updated,2026-08-10,cve_2026_to_now,2026-08-11T08:07:08+00:00
CVE-2026-50401,updated,2026-08-10,cve_2026_to_now,2026-08-11T08:07:08+00:00
CVE-2026-50402,updated,2026-08-10,cve_2026_to_now,2026-08-11T08:07:08+00:00
CVE-2026-50403,updated,2026-08-10,cve_2026_to_now,2026-08-11T08:07:08+00:00
CVE-2026-50404,updated,2026-08-10,cve_2026_to_now,2026-08-11T08:07:08+00:00
CVE-2026-50405,updated,2026-08-10,cve_2026_to_now,2026-08-11T08:07:08+00:00
CVE-2026-50406,updated,2026-08-10,cve_2026_to_now,2026-08-11T08:07:08+00:00
CVE-2026-50407,updated,2026-08-10,cve_2026_to_now,2026-08-11T08:07:08+00:00
CVE-2026-50408,updated,2026-08-10,cve_2026_to_now,2026-08-11T08:07:08+00:00
CVE-2026-50409,updated,2026-08-10,cve_2026_to_now,2026-08-11T08:07:08+00:00
CVE-2026-50410,updated,2026-08-10,cve_2026_to_now,2026-08-11T08:07:08+00:00
CVE-2026-50411,updated,2026-08-10,cve_2026_to_now,2026-08-11T08:07:08+00:00
CVE-2026-50412,updated,2026-08-10,cve_2026_to_now,2026-08-11T08:07:08+00:00
CVE-2026-50413,updated,2026-08-10,cve_2026_to_now,2026-08-11T08:07:08+00:00
CVE-2026-50414,updated,2026-08-10,cve_2026_to_now,2026-08-11T08:07:08+00:00
CVE-2026-50415,updated,2026-08-10,cve_2026_to_now,2026-08-11T08:07:08+00:00
CVE-2026-50416,updated,2026-08-10,cve_2026_to_now,2026-08-11T08:07:08+00:00
CVE-2026-50417,updated,2026-08-10,cve_2026_to_now,2026-08-11T08:07:08+00:00
CVE-2026-50418,updated,2026-08-10,cve_2026_to_now,2026-08-11T08:07:08+00:00
CVE-2026-50419,updated,2026-08-10,cve_2026_to_now,2026-08-11T08:07:08+00:00
CVE-2026-50420,updated,2026-08-10,cve_2026_to_now,2026-08-11T08:07:08+00:00
CVE-2026-50421,updated,2026-08-10,cve_2026_to_now,2026-08-11T08:07:08+00:00
CVE-2026-50422,updated,2026-08-10,cve_2026_to_now,2026-08-11T08:07:08+00:00
CVE-2026-50423,updated,2026-08-10,cve_2026_to_now,2026-08-11T08:07:08+00:00
CVE-2026-50424,updated,2026-08-10,cve_2026_to_now,2026-08-11T08:07:08+00:00
CVE-2026-50425,updated,2026-08-10,cve_2026_to_now,2026-08-11T08:07:08+00:00
CVE-2026-50426,updated,2026-08-10,cve_2026_to_now,2026-08-11T08:07:08+00:00
CVE-2026-50427,updated,2026-08-10,cve_2026_to_now,2026-08-11T08:07:08+00:00
CVE-2026-50428,updated,2026-08-10,cve_2026_to_now,2026-08-11T08:07:08+00:00
CVE-2026-50429,updated,2026-08-10,cve_2026_to_now,2026-08-11T08:07:08+00:00
CVE-2026-50430,updated,2026-08-10,cve_2026_to_now,2026-08-11T08:07:08+00:00
CVE-2026-50431,updated,2026-08-10,cve_2026_to_now,2026-08-11T08:07:08+00:00
CVE-2026-50432,updated,2026-08-10,cve_2026_to_now,2026-08-11T08:07:08+00:00
CVE-2026-50433,updated,2026-08-10,cve_2026_to_now,2026-08-11T08:07:08+00:00
CVE-2026-50434,updated,2026-08-10,cve_2026_to_now,2026-08-11T08:07:08+00:00
CVE-2026-50435,updated,2026-08-10,cve_2026_to_now,2026-08-11T08:07:08+00:00
CVE-2026-50436,updated,2026-08-10,cve_2026_to_now,2026-08-11T08:07:08+00:00
CVE-2026-50437,updated,2026-08-10,cve_2026_to_now,2026-08-11T08:07:08+00:00
CVE-2026-50438,updated,2026-08-10,cve_2026_to_now,2026-08-11T08:07:08+00:00
CVE-2026-50439,updated,2026-08-10,cve_2026_to_now,2026-08-11T08:07:08+00:00
CVE-2026-50440,updated,2026-08-10,cve_2026_to_now,2026-08-11T08:07:08+00:00
CVE-2026-50441,updated,2026-08-10,cve_2026_to_now,2026-08-11T08:07:08+00:00
CVE-2026-50442,updated,2026-08-10,cve_2026_to_now,2026-08-11T08:07:08+00:00
CVE-2026-50444,updated,2026-08-10,cve_2026_to_now,2026-08-11T08:07:08+00:00
CVE-2026-50445,updated,2026-08-10,cve_2026_to_now,2026-08-11T08:07:08+00:00
CVE-2026-50447,updated,2026-08-10,cve_2026_to_now,2026-08-11T08:07:08+00:00
CVE-2026-50448,updated,2026-08-10,cve_2026_to_now,2026-08-11T08:07:08+00:00
CVE-2026-50449,updated,2026-08-10,cve_2026_to_now,2026-08-11T08:07:08+00:00
CVE-2026-50450,updated,2026-08-10,cve_2026_to_now,2026-08-11T08:07:08+00:00
CVE-2026-50451,updated,2026-08-10,cve_2026_to_now,2026-08-11T08:07:08+00:00
CVE-2026-50452,updated,2026-08-10,cve_2026_to_now,2026-08-11T08:07:08+00:00
CVE-2026-50453,updated,2026-08-10,cve_2026_to_now,2026-08-11T08:07:08+00:00
CVE-2026-50454,updated,2026-08-10,cve_2026_to_now,2026-08-11T08:07:08+00:00
CVE-2026-50455,updated,2026-08-10,cve_2026_to_now,2026-08-11T08:07:08+00:00
CVE-2026-50456,updated,2026-08-10,cve_2026_to_now,2026-08-11T08:07:08+00:00
CVE-2026-50457,updated,2026-08-10,cve_2026_to_now,2026-08-11T08:07:08+00:00
CVE-2026-50458,updated,2026-08-10,cve_2026_to_now,2026-08-11T08:07:08+00:00
CVE-2026-50459,updated,2026-08-10,cve_2026_to_now,2026-08-11T08:07:08+00:00
CVE-2026-50460,updated,2026-08-10,cve_2026_to_now,2026-08-11T08:07:08+00:00
CVE-2026-50461,updated,2026-08-10,cve_2026_to_now,2026-08-11T08:07:08+00:00
CVE-2026-50462,updated,2026-08-10,cve_2026_to_now,2026-08-11T08:07:08+00:00
CVE-2026-50463,updated,2026-08-10,cve_2026_to_now,2026-08-11T08:07:08+00:00
CVE-2026-50465,updated,2026-08-10,cve_2026_to_now,2026-08-11T08:07:08+00:00
CVE-2026-50466,updated,2026-08-10,cve_2026_to_now,2026-08-11T08:07:08+00:00
CVE-2026-50467,updated,2026-08-10,cve_2026_to_now,2026-08-11T08:07:08+00:00
CVE-2026-50468,updated,2026-08-10,cve_2026_to_now,2026-08-11T08:07:08+00:00
CVE-2026-50469,updated,2026-08-10,cve_2026_to_now,2026-08-11T08:07:08+00:00
CVE-2026-50470,updated,2026-08-10,cve_2026_to_now,2026-08-11T08:07:08+00:00
CVE-2026-50471,updated,2026-08-10,cve_2026_to_now,2026-08-11T08:07:08+00:00
CVE-2026-50473,updated,2026-08-10,cve_2026_to_now,2026-08-11T08:07:08+00:00
CVE-2026-50474,updated,2026-08-10,cve_2026_to_now,2026-08-11T08:07:08+00:00
CVE-2026-50475,updated,2026-08-10,cve_2026_to_now,2026-08-11T08:07:08+00:00
CVE-2026-50476,updated,2026-08-10,cve_2026_to_now,2026-08-11T08:07:08+00:00
CVE-2026-50477,updated,2026-08-10,cve_2026_to_now,2026-08-11T08:07:08+00:00
CVE-2026-50478,updated,2026-08-10,cve_2026_to_now,2026-08-11T08:07:08+00:00
CVE-2026-50479,updated,2026-08-10,cve_2026_to_now,2026-08-11T08:07:08+00:00
CVE-2026-50480,updated,2026-08-10,cve_2026_to_now,2026-08-11T08:07:08+00:00
CVE-2026-50482,updated,2026-08-10,cve_2026_to_now,2026-08-11T08:07:08+00:00
CVE-2026-50483,updated,2026-08-10,cve_2026_to_now,2026-08-11T08:07:08+00:00
CVE-2026-50484,updated,2026-08-10,cve_2026_to_now,2026-08-11T08:07:08+00:00
CVE-2026-50485,updated,2026-08-10,cve_2026_to_now,2026-08-11T08:07:08+00:00
CVE-2026-50486,updated,2026-08-10,cve_2026_to_now,2026-08-11T08:07:08+00:00
CVE-2026-50487,updated,2026-08-10,cve_2026_to_now,2026-08-11T08:07:08+00:00
CVE-2026-50488,updated,2026-08-10,cve_2026_to_now,2026-08-11T08:07:08+00:00
CVE-2026-50489,updated,2026-08-10,cve_2026_to_now,2026-08-11T08:07:08+00:00
CVE-2026-50490,updated,2026-08-10,cve_2026_to_now,2026-08-11T08:07:08+00:00
CVE-2026-50491,updated,2026-08-10,cve_2026_to_now,2026-08-11T08:07:08+00:00
CVE-2026-50492,updated,2026-08-10,cve_2026_to_now,2026-08-11T08:07:08+00:00
CVE-2026-50493,updated,2026-08-10,cve_2026_to_now,2026-08-11T08:07:08+00:00
CVE-2026-50494,updated,2026-08-10,cve_2026_to_now,2026-08-11T08:07:08+00:00
CVE-2026-50495,updated,2026-08-10,cve_2026_to_now,2026-08-11T08:07:08+00:00
CVE-2026-50496,updated,2026-08-10,cve_2026_to_now,2026-08-11T08:07:08+00:00
CVE-2026-50497,updated,2026-08-10,cve_2026_to_now,2026-08-11T08:07:08+00:00
CVE-2026-50498,updated,2026-08-10,cve_2026_to_now,2026-08-11T08:07:08+00:00
CVE-2026-50499,updated,2026-08-10,cve_2026_to_now,2026-08-11T08:07:08+00:00
CVE-2026-50500,updated,2026-08-10,cve_2026_to_now,2026-08-11T08:07:08+00:00
CVE-2026-50501,updated,2026-08-10,cve_2026_to_now,2026-08-11T08:07:08+00:00
CVE-2026-50502,updated,2026-08-10,cve_2026_to_now,2026-08-11T08:07:08+00:00
CVE-2026-50503,updated,2026-08-10,cve_2026_to_now,2026-08-11T08:07:08+00:00
CVE-2026-50504,updated,2026-08-10,cve_2026_to_now,2026-08-11T08:07:08+00:00
CVE-2026-50505,updated,2026-08-10,cve_2026_to_now,2026-08-11T08:07:08+00:00
CVE-2026-50506,updated,2026-08-10,cve_2026_to_now,2026-08-11T08:07:08+00:00
CVE-2026-50509,updated,2026-08-10,cve_2026_to_now,2026-08-11T08:07:08+00:00
CVE-2026-50510,updated,2026-08-10,cve_2026_to_now,2026-08-11T08:07:08+00:00
CVE-2026-50517,updated,2026-08-10,cve_2026_to_now,2026-08-11T08:07:08+00:00
CVE-2026-50518,updated,2026-08-10,cve_2026_to_now,2026-08-11T08:07:08+00:00
CVE-2026-50520,updated,2026-08-10,cve_2026_to_now,2026-08-11T08:07:08+00:00
CVE-2026-50522,updated,2026-08-10,cve_2026_to_now,2026-08-11T08:07:08+00:00
CVE-2026-50524,updated,2026-08-10,cve_2026_to_now,2026-08-11T08:07:08+00:00
CVE-2026-50525,updated,2026-08-10,cve_2026_to_now,2026-08-11T08:07:08+00:00
CVE-2026-50526,updated,2026-08-10,cve_2026_to_now,2026-08-11T08:07:08+00:00
CVE-2026-50527,updated,2026-08-10,cve_2026_to_now,2026-08-11T08:07:08+00:00
CVE-2026-50528,updated,2026-08-10,cve_2026_to_now,2026-08-11T08:07:08+00:00
CVE-2026-50627,updated,2026-08-10,cve_2026_to_now,2026-08-11T08:07:08+00:00
CVE-2026-50628,updated,2026-08-10,cve_2026_to_now,2026-08-11T08:07:08+00:00
CVE-2026-50646,updated,2026-08-10,cve_2026_to_now,2026-08-11T08:07:08+00:00
CVE-2026-50647,updated,2026-08-10,cve_2026_to_now,2026-08-11T08:07:08+00:00
CVE-2026-50648,updated,2026-08-10,cve_2026_to_now,2026-08-11T08:07:08+00:00
CVE-2026-50649,updated,2026-08-10,cve_2026_to_now,2026-08-11T08:07:08+00:00
CVE-2026-50650,updated,2026-08-10,cve_2026_to_now,2026-08-11T08:07:08+00:00
CVE-2026-50651,updated,2026-08-10,cve_2026_to_now,2026-08-11T08:07:08+00:00
CVE-2026-50652,updated,2026-08-10,cve_2026_to_now,2026-08-11T08:07:08+00:00
CVE-2026-50653,updated,2026-08-10,cve_2026_to_now,2026-08-11T08:07:08+00:00
CVE-2026-50655,updated,2026-08-10,cve_2026_to_now,2026-08-11T08:07:08+00:00
CVE-2026-50657,updated,2026-08-10,cve_2026_to_now,2026-08-11T08:07:08+00:00
CVE-2026-50658,updated,2026-08-10,cve_2026_to_now,2026-08-11T08:07:08+00:00
CVE-2026-50659,updated,2026-08-10,cve_2026_to_now,2026-08-11T08:07:08+00:00
CVE-2026-50661,updated,2026-08-10,cve_2026_to_now,2026-08-11T08:07:08+00:00
CVE-2026-50663,updated,2026-08-10,cve_2026_to_now,2026-08-11T08:07:08+00:00
CVE-2026-50665,updated,2026-08-10,cve_2026_to_now,2026-08-11T08:07:08+00:00
CVE-2026-50666,updated,2026-08-10,cve_2026_to_now,2026-08-11T08:07:08+00:00
CVE-2026-50667,updated,2026-08-10,cve_2026_to_now,2026-08-11T08:07:08+00:00
CVE-2026-50668,updated,2026-08-10,cve_2026_to_now,2026-08-11T08:07:08+00:00
CVE-2026-50669,updated,2026-08-10,cve_2026_to_now,2026-08-11T08:07:08+00:00
CVE-2026-50670,updated,2026-08-10,cve_2026_to_now,2026-08-11T08:07:08+00:00
CVE-2026-50672,updated,2026-08-10,cve_2026_to_now,2026-08-11T08:07:08+00:00
CVE-2026-50673,updated,2026-08-10,cve_2026_to_now,2026-08-11T08:07:08+00:00
CVE-2026-50674,updated,2026-08-10,cve_2026_to_now,2026-08-11T08:07:08+00:00
CVE-2026-50675,updated,2026-08-10,cve_2026_to_now,2026-08-11T08:07:08+00:00
CVE-2026-50676,updated,2026-08-10,cve_2026_to_now,2026-08-11T08:07:08+00:00
CVE-2026-50677,updated,2026-08-10,cve_2026_to_now,2026-08-11T08:07:08+00:00
CVE-2026-50678,updated,2026-08-10,cve_2026_to_now,2026-08-11T08:07:08+00:00
CVE-2026-50679,updated,2026-08-10,cve_2026_to_now,2026-08-11T08:07:08+00:00
CVE-2026-50680,updated,2026-08-10,cve_2026_to_now,2026-08-11T08:07:08+00:00
CVE-2026-50681,updated,2026-08-10,cve_2026_to_now,2026-08-11T08:07:08+00:00
CVE-2026-50682,updated,2026-08-10,cve_2026_to_now,2026-08-11T08:07:08+00:00
CVE-2026-50683,updated,2026-08-10,cve_2026_to_now,2026-08-11T08:07:08+00:00
CVE-2026-50684,updated,2026-08-10,cve_2026_to_now,2026-08-11T08:07:08+00:00
CVE-2026-50685,updated,2026-08-10,cve_2026_to_now,2026-08-11T08:07:08+00:00
CVE-2026-50686,updated,2026-08-10,cve_2026_to_now,2026-08-11T08:07:08+00:00
CVE-2026-50687,updated,2026-08-10,cve_2026_to_now,2026-08-11T08:07:08+00:00
CVE-2026-50688,updated,2026-08-10,cve_2026_to_now,2026-08-11T08:07:08+00:00
CVE-2026-50689,updated,2026-08-10,cve_2026_to_now,2026-08-11T08:07:08+00:00
CVE-2026-50690,updated,2026-08-10,cve_2026_to_now,2026-08-11T08:07:08+00:00
CVE-2026-50692,updated,2026-08-10,cve_2026_to_now,2026-08-11T08:07:08+00:00
CVE-2026-50694,updated,2026-08-10,cve_2026_to_now,2026-08-11T08:07:08+00:00
CVE-2026-50695,updated,2026-08-10,cve_2026_to_now,2026-08-11T08:07:08+00:00
CVE-2026-50696,updated,2026-08-10,cve_2026_to_now,2026-08-11T08:07:08+00:00
CVE-2026-50697,updated,2026-08-10,cve_2026_to_now,2026-08-11T08:07:08+00:00
CVE-2026-52878,updated,2026-08-10,cve_2026_to_now,2026-08-11T08:07:08+00:00
CVE-2026-52879,updated,2026-08-10,cve_2026_to_now,2026-08-11T08:07:08+00:00
CVE-2026-52880,updated,2026-08-11,cve_2026_to_now,2026-08-11T08:07:08+00:00
CVE-2026-52923,updated,2026-08-10,cve_2026_to_now,2026-08-11T08:07:08+00:00
CVE-2026-52976,updated,2026-08-10,cve_2026_to_now,2026-08-11T08:07:08+00:00
CVE-2026-53059,updated,2026-08-10,cve_2026_to_now,2026-08-11T08:07:08+00:00
CVE-2026-54107,updated,2026-08-10,cve_2026_to_now,2026-08-11T08:07:08+00:00
CVE-2026-54108,updated,2026-08-10,cve_2026_to_now,2026-08-11T08:07:08+00:00
CVE-2026-54109,updated,2026-08-10,cve_2026_to_now,2026-08-11T08:07:08+00:00
CVE-2026-54111,updated,2026-08-10,cve_2026_to_now,2026-08-11T08:07:08+00:00
CVE-2026-54112,updated,2026-08-10,cve_2026_to_now,2026-08-11T08:07:08+00:00
CVE-2026-54114,updated,2026-08-10,cve_2026_to_now,2026-08-11T08:07:08+00:00
CVE-2026-54115,updated,2026-08-10,cve_2026_to_now,2026-08-11T08:07:08+00:00
CVE-2026-54116,updated,2026-08-10,cve_2026_to_now,2026-08-11T08:07:08+00:00
CVE-2026-54117,updated,2026-08-10,cve_2026_to_now,2026-08-11T08:07:08+00:00
CVE-2026-54118,updated,2026-08-10,cve_2026_to_now,2026-08-11T08:07:08+00:00
CVE-2026-54119,updated,2026-08-10,cve_2026_to_now,2026-08-11T08:07:08+00:00
CVE-2026-54120,updated,2026-08-10,cve_2026_to_now,2026-08-11T08:07:08+00:00
CVE-2026-54121,updated,2026-08-10,cve_2026_to_now,2026-08-11T08:07:08+00:00
CVE-2026-54122,updated,2026-08-10,cve_2026_to_now,2026-08-11T08:07:08+00:00
CVE-2026-54124,updated,2026-08-10,cve_2026_to_now,2026-08-11T08:07:08+00:00
CVE-2026-54125,updated,2026-08-10,cve_2026_to_now,2026-08-11T08:07:08+00:00
CVE-2026-54126,updated,2026-08-10,cve_2026_to_now,2026-08-11T08:07:08+00:00
CVE-2026-54127,updated,2026-08-10,cve_2026_to_now,2026-08-11T08:07:08+00:00
CVE-2026-54128,updated,2026-08-10,cve_2026_to_now,2026-08-11T08:07:08+00:00
CVE-2026-54129,updated,2026-08-10,cve_2026_to_now,2026-08-11T08:07:08+00:00
CVE-2026-54131,updated,2026-08-10,cve_2026_to_now,2026-08-11T08:07:08+00:00
CVE-2026-54132,updated,2026-08-10,cve_2026_to_now,2026-08-11T08:07:08+00:00
CVE-2026-54199,updated,2026-08-10,cve_2026_to_now,2026-08-11T08:07:08+00:00
CVE-2026-54200,updated,2026-08-10,cve_2026_to_now,2026-08-11T08:07:08+00:00
CVE-2026-54201,updated,2026-08-10,cve_2026_to_now,2026-08-11T08:07:08+00:00
CVE-2026-54202,updated,2026-08-10,cve_2026_to_now,2026-08-11T08:07:08+00:00
CVE-2026-54203,updated,2026-08-10,cve_2026_to_now,2026-08-11T08:07:08+00:00
CVE-2026-54206,updated,2026-08-10,cve_2026_to_now,2026-08-11T08:07:08+00:00
CVE-2026-54338,updated,2026-08-11,cve_2026_to_now,2026-08-11T08:07:08+00:00
CVE-2026-54369,updated,2026-08-10,cve_2026_to_now,2026-08-11T08:07:08+00:00
CVE-2026-54410,updated,2026-08-10,cve_2026_to_now,2026-08-11T08:07:08+00:00
CVE-2026-54411,updated,2026-08-10,cve_2026_to_now,2026-08-11T08:07:08+00:00
CVE-2026-54412,updated,2026-08-10,cve_2026_to_now,2026-08-11T08:07:08+00:00
CVE-2026-54413,updated,2026-08-10,cve_2026_to_now,2026-08-11T08:07:08+00:00
CVE-2026-54414,updated,2026-08-10,cve_2026_to_now,2026-08-11T08:07:08+00:00
CVE-2026-54415,updated,2026-08-10,cve_2026_to_now,2026-08-11T08:07:08+00:00
CVE-2026-54416,updated,2026-08-10,cve_2026_to_now,2026-08-11T08:07:08+00:00
CVE-2026-54417,updated,2026-08-10,cve_2026_to_now,2026-08-11T08:07:08+00:00
CVE-2026-54418,updated,2026-08-10,cve_2026_to_now,2026-08-11T08:07:08+00:00
CVE-2026-54419,updated,2026-08-10,cve_2026_to_now,2026-08-11T08:07:08+00:00
CVE-2026-54982,updated,2026-08-10,cve_2026_to_now,2026-08-11T08:07:08+00:00
CVE-2026-54983,updated,2026-08-10,cve_2026_to_now,2026-08-11T08:07:08+00:00
CVE-2026-54986,updated,2026-08-10,cve_2026_to_now,2026-08-11T08:07:08+00:00
CVE-2026-54987,updated,2026-08-10,cve_2026_to_now,2026-08-11T08:07:08+00:00
CVE-2026-54988,updated,2026-08-10,cve_2026_to_now,2026-08-11T08:07:08+00:00
CVE-2026-54989,updated,2026-08-10,cve_2026_to_now,2026-08-11T08:07:08+00:00
CVE-2026-54990,updated,2026-08-10,cve_2026_to_now,2026-08-11T08:07:08+00:00
CVE-2026-54991,updated,2026-08-10,cve_2026_to_now,2026-08-11T08:07:08+00:00
CVE-2026-54992,updated,2026-08-10,cve_2026_to_now,2026-08-11T08:07:08+00:00
CVE-2026-54993,updated,2026-08-10,cve_2026_to_now,2026-08-11T08:07:08+00:00
CVE-2026-54995,updated,2026-08-10,cve_2026_to_now,2026-08-11T08:07:08+00:00
CVE-2026-54996,updated,2026-08-10,cve_2026_to_now,2026-08-11T08:07:08+00:00
CVE-2026-54997,updated,2026-08-10,cve_2026_to_now,2026-08-11T08:07:08+00:00
CVE-2026-54998,updated,2026-08-10,cve_2026_to_now,2026-08-11T08:07:08+00:00
CVE-2026-54999,updated,2026-08-10,cve_2026_to_now,2026-08-11T08:07:08+00:00
CVE-2026-55000,updated,2026-08-10,cve_2026_to_now,2026-08-11T08:07:08+00:00
CVE-2026-55001,updated,2026-08-10,cve_2026_to_now,2026-08-11T08:07:08+00:00
CVE-2026-55002,updated,2026-08-10,cve_2026_to_now,2026-08-11T08:07:08+00:00
CVE-2026-55003,updated,2026-08-10,cve_2026_to_now,2026-08-11T08:07:08+00:00
CVE-2026-55004,updated,2026-08-10,cve_2026_to_now,2026-08-11T08:07:08+00:00
CVE-2026-55005,updated,2026-08-10,cve_2026_to_now,2026-08-11T08:07:08+00:00
CVE-2026-55006,updated,2026-08-10,cve_2026_to_now,2026-08-11T08:07:08+00:00
CVE-2026-55008,updated,2026-08-10,cve_2026_to_now,2026-08-11T08:07:08+00:00
CVE-2026-55009,updated,2026-08-10,cve_2026_to_now,2026-08-11T08:07:08+00:00
CVE-2026-55010,updated,2026-08-10,cve_2026_to_now,2026-08-11T08:07:08+00:00
CVE-2026-55011,updated,2026-08-10,cve_2026_to_now,2026-08-11T08:07:08+00:00
CVE-2026-55012,updated,2026-08-10,cve_2026_to_now,2026-08-11T08:07:08+00:00
CVE-2026-55014,updated,2026-08-10,cve_2026_to_now,2026-08-11T08:07:08+00:00
CVE-2026-55016,updated,2026-08-10,cve_2026_to_now,2026-08-11T08:07:08+00:00
CVE-2026-55017,updated,2026-08-10,cve_2026_to_now,2026-08-11T08:07:08+00:00
CVE-2026-55018,updated,2026-08-10,cve_2026_to_now,2026-08-11T08:07:08+00:00
CVE-2026-55019,updated,2026-08-10,cve_2026_to_now,2026-08-11T08:07:08+00:00
CVE-2026-55020,updated,2026-08-10,cve_2026_to_now,2026-08-11T08:07:08+00:00
CVE-2026-55021,updated,2026-08-10,cve_2026_to_now,2026-08-11T08:07:08+00:00
CVE-2026-55022,updated,2026-08-10,cve_2026_to_now,2026-08-11T08:07:08+00:00
CVE-2026-55023,updated,2026-08-10,cve_2026_to_now,2026-08-11T08:07:08+00:00
CVE-2026-55024,updated,2026-08-10,cve_2026_to_now,2026-08-11T08:07:08+00:00
CVE-2026-55025,updated,2026-08-10,cve_2026_to_now,2026-08-11T08:07:08+00:00
CVE-2026-55026,updated,2026-08-10,cve_2026_to_now,2026-08-11T08:07:08+00:00
CVE-2026-55027,updated,2026-08-10,cve_2026_to_now,2026-08-11T08:07:08+00:00
CVE-2026-55028,updated,2026-08-10,cve_2026_to_now,2026-08-11T08:07:08+00:00
CVE-2026-55029,updated,2026-08-10,cve_2026_to_now,2026-08-11T08:07:08+00:00
CVE-2026-55030,updated,2026-08-10,cve_2026_to_now,2026-08-11T08:07:08+00:00
CVE-2026-55031,updated,2026-08-10,cve_2026_to_now,2026-08-11T08:07:08+00:00
CVE-2026-55032,updated,2026-08-10,cve_2026_to_now,2026-08-11T08:07:08+00:00
CVE-2026-55033,updated,2026-08-10,cve_2026_to_now,2026-08-11T08:07:08+00:00
CVE-2026-55034,updated,2026-08-10,cve_2026_to_now,2026-08-11T08:07:08+00:00
CVE-2026-55035,updated,2026-08-10,cve_2026_to_now,2026-08-11T08:07:08+00:00
CVE-2026-55036,updated,2026-08-10,cve_2026_to_now,2026-08-11T08:07:08+00:00
CVE-2026-55037,updated,2026-08-10,cve_2026_to_now,2026-08-11T08:07:08+00:00
CVE-2026-55038,updated,2026-08-10,cve_2026_to_now,2026-08-11T08:07:08+00:00
CVE-2026-55039,updated,2026-08-10,cve_2026_to_now,2026-08-11T08:07:08+00:00
CVE-2026-55040,updated,2026-08-10,cve_2026_to_now,2026-08-11T08:07:08+00:00
CVE-2026-55041,updated,2026-08-10,cve_2026_to_now,2026-08-11T08:07:08+00:00
CVE-2026-55042,updated,2026-08-10,cve_2026_to_now,2026-08-11T08:07:08+00:00
CVE-2026-55043,updated,2026-08-10,cve_2026_to_now,2026-08-11T08:07:08+00:00
CVE-2026-55044,updated,2026-08-10,cve_2026_to_now,2026-08-11T08:07:08+00:00
CVE-2026-55045,updated,2026-08-10,cve_2026_to_now,2026-08-11T08:07:08+00:00
CVE-2026-55046,updated,2026-08-10,cve_2026_to_now,2026-08-11T08:07:08+00:00
CVE-2026-55047,updated,2026-08-10,cve_2026_to_now,2026-08-11T08:07:08+00:00
CVE-2026-55048,updated,2026-08-10,cve_2026_to_now,2026-08-11T08:07:08+00:00
CVE-2026-55049,updated,2026-08-10,cve_2026_to_now,2026-08-11T08:07:08+00:00
CVE-2026-55050,updated,2026-08-10,cve_2026_to_now,2026-08-11T08:07:08+00:00
CVE-2026-55051,updated,2026-08-10,cve_2026_to_now,2026-08-11T08:07:08+00:00
CVE-2026-55052,updated,2026-08-10,cve_2026_to_now,2026-08-11T08:07:08+00:00
CVE-2026-55053,updated,2026-08-10,cve_2026_to_now,2026-08-11T08:07:08+00:00
CVE-2026-55054,updated,2026-08-10,cve_2026_to_now,2026-08-11T08:07:08+00:00
CVE-2026-55055,updated,2026-08-10,cve_2026_to_now,2026-08-11T08:07:08+00:00
CVE-2026-55056,updated,2026-08-10,cve_2026_to_now,2026-08-11T08:07:08+00:00
CVE-2026-55057,updated,2026-08-10,cve_2026_to_now,2026-08-11T08:07:08+00:00
CVE-2026-55058,updated,2026-08-10,cve_2026_to_now,2026-08-11T08:07:08+00:00
CVE-2026-55120,updated,2026-08-10,cve_2026_to_now,2026-08-11T08:07:08+00:00
CVE-2026-55121,updated,2026-08-10,cve_2026_to_now,2026-08-11T08:07:08+00:00
CVE-2026-55122,updated,2026-08-10,cve_2026_to_now,2026-08-11T08:07:08+00:00
CVE-2026-55123,updated,2026-08-10,cve_2026_to_now,2026-08-11T08:07:08+00:00
CVE-2026-55124,updated,2026-08-10,cve_2026_to_now,2026-08-11T08:07:08+00:00
CVE-2026-55125,updated,2026-08-10,cve_2026_to_now,2026-08-11T08:07:08+00:00
CVE-2026-55126,updated,2026-08-10,cve_2026_to_now,2026-08-11T08:07:08+00:00
CVE-2026-55127,updated,2026-08-10,cve_2026_to_now,2026-08-11T08:07:08+00:00
CVE-2026-55128,updated,2026-08-10,cve_2026_to_now,2026-08-11T08:07:08+00:00
CVE-2026-55129,updated,2026-08-10,cve_2026_to_now,2026-08-11T08:07:08+00:00
CVE-2026-55130,updated,2026-08-10,cve_2026_to_now,2026-08-11T08:07:08+00:00
CVE-2026-55131,updated,2026-08-10,cve_2026_to_now,2026-08-11T08:07:08+00:00
CVE-2026-55132,updated,2026-08-10,cve_2026_to_now,2026-08-11T08:07:08+00:00
CVE-2026-55133,updated,2026-08-10,cve_2026_to_now,2026-08-11T08:07:08+00:00
CVE-2026-55134,updated,2026-08-10,cve_2026_to_now,2026-08-11T08:07:08+00:00
CVE-2026-55135,updated,2026-08-10,cve_2026_to_now,2026-08-11T08:07:08+00:00
CVE-2026-55136,updated,2026-08-10,cve_2026_to_now,2026-08-11T08:07:08+00:00
CVE-2026-55137,updated,2026-08-10,cve_2026_to_now,2026-08-11T08:07:08+00:00
CVE-2026-55138,updated,2026-08-10,cve_2026_to_now,2026-08-11T08:07:08+00:00
CVE-2026-55139,updated,2026-08-10,cve_2026_to_now,2026-08-11T08:07:08+00:00
CVE-2026-55140,updated,2026-08-10,cve_2026_to_now,2026-08-11T08:07:08+00:00
CVE-2026-55141,updated,2026-08-10,cve_2026_to_now,2026-08-11T08:07:08+00:00
CVE-2026-55142,updated,2026-08-10,cve_2026_to_now,2026-08-11T08:07:08+00:00
CVE-2026-55144,updated,2026-08-10,cve_2026_to_now,2026-08-11T08:07:08+00:00
CVE-2026-55145,updated,2026-08-10,cve_2026_to_now,2026-08-11T08:07:08+00:00
CVE-2026-55738,updated,2026-08-10,cve_2026_to_now,2026-08-11T08:07:08+00:00
CVE-2026-55739,updated,2026-08-10,cve_2026_to_now,2026-08-11T08:07:08+00:00
CVE-2026-55740,updated,2026-08-10,cve_2026_to_now,2026-08-11T08:07:08+00:00
CVE-2026-55741,updated,2026-08-10,cve_2026_to_now,2026-08-11T08:07:08+00:00
CVE-2026-55742,updated,2026-08-10,cve_2026_to_now,2026-08-11T08:07:08+00:00
CVE-2026-55743,updated,2026-08-10,cve_2026_to_now,2026-08-11T08:07:08+00:00
CVE-2026-55744,updated,2026-08-10,cve_2026_to_now,2026-08-11T08:07:08+00:00
CVE-2026-55745,updated,2026-08-10,cve_2026_to_now,2026-08-11T08:07:08+00:00
CVE-2026-55746,updated,2026-08-10,cve_2026_to_now,2026-08-11T08:07:08+00:00
CVE-2026-55747,updated,2026-08-10,cve_2026_to_now,2026-08-11T08:07:08+00:00
CVE-2026-55799,added,,cve_2026_to_now,2026-08-11T08:07:08+00:00
CVE-2026-55814,added,,cve_2026_to_now,2026-08-11T08:07:08+00:00
CVE-2026-55898,updated,2026-08-10,cve_2026_to_now,2026-08-11T08:07:08+00:00
CVE-2026-55899,updated,2026-08-10,cve_2026_to_now,2026-08-11T08:07:08+00:00
CVE-2026-55944,updated,2026-08-10,cve_2026_to_now,2026-08-11T08:07:08+00:00
CVE-2026-55945,updated,2026-08-10,cve_2026_to_now,2026-08-11T08:07:08+00:00
CVE-2026-55947,updated,2026-08-10,cve_2026_to_now,2026-08-11T08:07:08+00:00
CVE-2026-55948,updated,2026-08-10,cve_2026_to_now,2026-08-11T08:07:08+00:00
CVE-2026-55949,updated,2026-08-10,cve_2026_to_now,2026-08-11T08:07:08+00:00
CVE-2026-56155,updated,2026-08-10,cve_2026_to_now,2026-08-11T08:07:08+00:00
CVE-2026-56156,updated,2026-08-10,cve_2026_to_now,2026-08-11T08:07:08+00:00
CVE-2026-56157,updated,2026-08-10,cve_2026_to_now,2026-08-11T08:07:08+00:00
CVE-2026-56159,updated,2026-08-10,cve_2026_to_now,2026-08-11T08:07:08+00:00
CVE-2026-56160,updated,2026-08-10,cve_2026_to_now,2026-08-11T08:07:08+00:00
CVE-2026-56163,updated,2026-08-10,cve_2026_to_now,2026-08-11T08:07:08+00:00
CVE-2026-56164,updated,2026-08-10,cve_2026_to_now,2026-08-11T08:07:08+00:00
CVE-2026-56165,updated,2026-08-10,cve_2026_to_now,2026-08-11T08:07:08+00:00
CVE-2026-56167,updated,2026-08-10,cve_2026_to_now,2026-08-11T08:07:08+00:00
CVE-2026-56168,updated,2026-08-10,cve_2026_to_now,2026-08-11T08:07:08+00:00
CVE-2026-56169,updated,2026-08-10,cve_2026_to_now,2026-08-11T08:07:08+00:00
CVE-2026-56170,updated,2026-08-10,cve_2026_to_now,2026-08-11T08:07:08+00:00
CVE-2026-56171,updated,2026-08-10,cve_2026_to_now,2026-08-11T08:07:08+00:00
CVE-2026-56173,updated,2026-08-10,cve_2026_to_now,2026-08-11T08:07:08+00:00
CVE-2026-56175,updated,2026-08-10,cve_2026_to_now,2026-08-11T08:07:08+00:00
CVE-2026-56176,updated,2026-08-10,cve_2026_to_now,2026-08-11T08:07:08+00:00
CVE-2026-56178,updated,2026-08-10,cve_2026_to_now,2026-08-11T08:07:08+00:00
CVE-2026-56181,updated,2026-08-10,cve_2026_to_now,2026-08-11T08:07:08+00:00
CVE-2026-56182,updated,2026-08-10,cve_2026_to_now,2026-08-11T08:07:08+00:00
CVE-2026-56183,updated,2026-08-10,cve_2026_to_now,2026-08-11T08:07:08+00:00
CVE-2026-56184,updated,2026-08-10,cve_2026_to_now,2026-08-11T08:07:08+00:00
CVE-2026-56185,updated,2026-08-10,cve_2026_to_now,2026-08-11T08:07:08+00:00
CVE-2026-56186,updated,2026-08-10,cve_2026_to_now,2026-08-11T08:07:08+00:00
CVE-2026-56187,updated,2026-08-10,cve_2026_to_now,2026-08-11T08:07:08+00:00
CVE-2026-56188,updated,2026-08-10,cve_2026_to_now,2026-08-11T08:07:08+00:00
CVE-2026-56189,updated,2026-08-10,cve_2026_to_now,2026-08-11T08:07:08+00:00
CVE-2026-56190,updated,2026-08-10,cve_2026_to_now,2026-08-11T08:07:08+00:00
CVE-2026-56191,updated,2026-08-10,cve_2026_to_now,2026-08-11T08:07:08+00:00
CVE-2026-56192,updated,2026-08-10,cve_2026_to_now,2026-08-11T08:07:08+00:00
CVE-2026-56193,updated,2026-08-10,cve_2026_to_now,2026-08-11T08:07:08+00:00
CVE-2026-56194,updated,2026-08-10,cve_2026_to_now,2026-08-11T08:07:08+00:00
CVE-2026-56195,updated,2026-08-10,cve_2026_to_now,2026-08-11T08:07:08+00:00
CVE-2026-56196,updated,2026-08-10,cve_2026_to_now,2026-08-11T08:07:08+00:00
CVE-2026-56197,updated,2026-08-10,cve_2026_to_now,2026-08-11T08:07:08+00:00
CVE-2026-56619,added,,cve_2026_to_now,2026-08-11T08:07:08+00:00
CVE-2026-56620,added,,cve_2026_to_now,2026-08-11T08:07:08+00:00
CVE-2026-56642,updated,2026-08-10,cve_2026_to_now,2026-08-11T08:07:08+00:00
CVE-2026-56643,updated,2026-08-10,cve_2026_to_now,2026-08-11T08:07:08+00:00
CVE-2026-56644,updated,2026-08-10,cve_2026_to_now,2026-08-11T08:07:08+00:00
CVE-2026-56645,updated,2026-08-10,cve_2026_to_now,2026-08-11T08:07:08+00:00
CVE-2026-56646,updated,2026-08-10,cve_2026_to_now,2026-08-11T08:07:08+00:00
CVE-2026-56647,updated,2026-08-10,cve_2026_to_now,2026-08-11T08:07:08+00:00
CVE-2026-56648,updated,2026-08-10,cve_2026_to_now,2026-08-11T08:07:08+00:00
CVE-2026-56649,updated,2026-08-10,cve_2026_to_now,2026-08-11T08:07:08+00:00
CVE-2026-56650,updated,2026-08-10,cve_2026_to_now,2026-08-11T08:07:08+00:00
CVE-2026-56852,updated,2026-08-10,cve_2026_to_now,2026-08-11T08:07:08+00:00
CVE-2026-57083,updated,2026-08-10,cve_2026_to_now,2026-08-11T08:07:08+00:00
CVE-2026-57084,updated,2026-08-10,cve_2026_to_now,2026-08-11T08:07:08+00:00
CVE-2026-57085,updated,2026-08-10,cve_2026_to_now,2026-08-11T08:07:08+00:00
CVE-2026-57087,updated,2026-08-10,cve_2026_to_now,2026-08-11T08:07:08+00:00
CVE-2026-57088,updated,2026-08-10,cve_2026_to_now,2026-08-11T08:07:08+00:00
CVE-2026-57089,updated,2026-08-10,cve_2026_to_now,2026-08-11T08:07:08+00:00
CVE-2026-57090,updated,2026-08-10,cve_2026_to_now,2026-08-11T08:07:08+00:00
CVE-2026-57091,updated,2026-08-10,cve_2026_to_now,2026-08-11T08:07:08+00:00
CVE-2026-57092,updated,2026-08-10,cve_2026_to_now,2026-08-11T08:07:08+00:00
CVE-2026-57093,updated,2026-08-10,cve_2026_to_now,2026-08-11T08:07:08+00:00
CVE-2026-57094,updated,2026-08-10,cve_2026_to_now,2026-08-11T08:07:08+00:00
CVE-2026-57095,updated,2026-08-10,cve_2026_to_now,2026-08-11T08:07:08+00:00
CVE-2026-57096,updated,2026-08-10,cve_2026_to_now,2026-08-11T08:07:08+00:00
CVE-2026-57097,updated,2026-08-10,cve_2026_to_now,2026-08-11T08:07:08+00:00
CVE-2026-57100,updated,2026-08-10,cve_2026_to_now,2026-08-11T08:07:08+00:00
CVE-2026-57101,updated,2026-08-10,cve_2026_to_now,2026-08-11T08:07:08+00:00
CVE-2026-57102,updated,2026-08-10,cve_2026_to_now,2026-08-11T08:07:08+00:00
CVE-2026-57106,updated,2026-08-10,cve_2026_to_now,2026-08-11T08:07:08+00:00
CVE-2026-57107,updated,2026-08-10,cve_2026_to_now,2026-08-11T08:07:08+00:00
CVE-2026-57108,updated,2026-08-10,cve_2026_to_now,2026-08-11T08:07:08+00:00
CVE-2026-57279,updated,,cve_2026_to_now,2026-08-11T08:07:08+00:00
CVE-2026-57968,updated,2026-08-10,cve_2026_to_now,2026-08-11T08:07:08+00:00
CVE-2026-57969,updated,2026-08-10,cve_2026_to_now,2026-08-11T08:07:08+00:00
CVE-2026-57973,updated,2026-08-10,cve_2026_to_now,2026-08-11T08:07:08+00:00
CVE-2026-57974,updated,2026-08-10,cve_2026_to_now,2026-08-11T08:07:08+00:00
CVE-2026-57975,updated,2026-08-10,cve_2026_to_now,2026-08-11T08:07:08+00:00
CVE-2026-57976,updated,2026-08-10,cve_2026_to_now,2026-08-11T08:07:08+00:00
CVE-2026-57977,updated,2026-08-10,cve_2026_to_now,2026-08-11T08:07:08+00:00
CVE-2026-57978,updated,2026-08-10,cve_2026_to_now,2026-08-11T08:07:08+00:00
CVE-2026-57979,updated,2026-08-10,cve_2026_to_now,2026-08-11T08:07:08+00:00
CVE-2026-57980,updated,2026-08-10,cve_2026_to_now,2026-08-11T08:07:08+00:00
CVE-2026-57981,updated,2026-08-10,cve_2026_to_now,2026-08-11T08:07:08+00:00
CVE-2026-57982,updated,2026-08-10,cve_2026_to_now,2026-08-11T08:07:08+00:00
CVE-2026-57983,updated,2026-08-10,cve_2026_to_now,2026-08-11T08:07:08+00:00
CVE-2026-57984,updated,2026-08-10,cve_2026_to_now,2026-08-11T08:07:08+00:00
CVE-2026-57985,updated,2026-08-10,cve_2026_to_now,2026-08-11T08:07:08+00:00
CVE-2026-57986,updated,2026-08-10,cve_2026_to_now,2026-08-11T08:07:08+00:00
CVE-2026-57987,updated,2026-08-10,cve_2026_to_now,2026-08-11T08:07:08+00:00
CVE-2026-57988,updated,2026-08-10,cve_2026_to_now,2026-08-11T08:07:08+00:00
CVE-2026-57989,updated,2026-08-10,cve_2026_to_now,2026-08-11T08:07:08+00:00
CVE-2026-57990,updated,2026-08-10,cve_2026_to_now,2026-08-11T08:07:08+00:00
CVE-2026-57991,updated,2026-08-10,cve_2026_to_now,2026-08-11T08:07:08+00:00
CVE-2026-57992,updated,2026-08-10,cve_2026_to_now,2026-08-11T08:07:08+00:00
CVE-2026-57993,updated,2026-08-10,cve_2026_to_now,2026-08-11T08:07:08+00:00
CVE-2026-58230,added,,cve_2026_to_now,2026-08-11T08:07:08+00:00
CVE-2026-58235,added,,cve_2026_to_now,2026-08-11T08:07:08+00:00
CVE-2026-58236,added,,cve_2026_to_now,2026-08-11T08:07:08+00:00
CVE-2026-58237,added,,cve_2026_to_now,2026-08-11T08:07:08+00:00
CVE-2026-58238,added,,cve_2026_to_now,2026-08-11T08:07:08+00:00
CVE-2026-58239,added,,cve_2026_to_now,2026-08-11T08:07:08+00:00
CVE-2026-58241,added,,cve_2026_to_now,2026-08-11T08:07:08+00:00
CVE-2026-58243,added,,cve_2026_to_now,2026-08-11T08:07:08+00:00
CVE-2026-58244,added,,cve_2026_to_now,2026-08-11T08:07:08+00:00
CVE-2026-58245,added,,cve_2026_to_now,2026-08-11T08:07:08+00:00
CVE-2026-58247,added,,cve_2026_to_now,2026-08-11T08:07:08+00:00
CVE-2026-58248,added,,cve_2026_to_now,2026-08-11T08:07:08+00:00
CVE-2026-58275,updated,2026-08-10,cve_2026_to_now,2026-08-11T08:07:08+00:00
CVE-2026-58276,updated,2026-08-10,cve_2026_to_now,2026-08-11T08:07:08+00:00
CVE-2026-58277,updated,2026-08-10,cve_2026_to_now,2026-08-11T08:07:08+00:00
CVE-2026-58278,updated,2026-08-10,cve_2026_to_now,2026-08-11T08:07:08+00:00
CVE-2026-58279,updated,2026-08-10,cve_2026_to_now,2026-08-11T08:07:08+00:00
CVE-2026-58281,updated,2026-08-10,cve_2026_to_now,2026-08-11T08:07:08+00:00
CVE-2026-58282,updated,2026-08-10,cve_2026_to_now,2026-08-11T08:07:08+00:00
CVE-2026-58283,updated,2026-08-10,cve_2026_to_now,2026-08-11T08:07:08+00:00
CVE-2026-58284,updated,2026-08-10,cve_2026_to_now,2026-08-11T08:07:08+00:00
CVE-2026-58285,updated,2026-08-10,cve_2026_to_now,2026-08-11T08:07:08+00:00
CVE-2026-58286,updated,2026-08-10,cve_2026_to_now,2026-08-11T08:07:08+00:00
CVE-2026-58287,updated,2026-08-10,cve_2026_to_now,2026-08-11T08:07:08+00:00
CVE-2026-58288,updated,2026-08-10,cve_2026_to_now,2026-08-11T08:07:08+00:00
CVE-2026-58289,updated,2026-08-10,cve_2026_to_now,2026-08-11T08:07:08+00:00
CVE-2026-58290,updated,2026-08-10,cve_2026_to_now,2026-08-11T08:07:08+00:00
CVE-2026-58291,updated,2026-08-10,cve_2026_to_now,2026-08-11T08:07:08+00:00
CVE-2026-58292,updated,2026-08-10,cve_2026_to_now,2026-08-11T08:07:08+00:00
CVE-2026-58293,updated,2026-08-10,cve_2026_to_now,2026-08-11T08:07:08+00:00
CVE-2026-58294,updated,2026-08-10,cve_2026_to_now,2026-08-11T08:07:08+00:00
CVE-2026-58295,updated,2026-08-10,cve_2026_to_now,2026-08-11T08:07:08+00:00
CVE-2026-58296,updated,2026-08-10,cve_2026_to_now,2026-08-11T08:07:08+00:00
CVE-2026-58297,updated,2026-08-10,cve_2026_to_now,2026-08-11T08:07:08+00:00
CVE-2026-58298,updated,2026-08-10,cve_2026_to_now,2026-08-11T08:07:08+00:00
CVE-2026-58299,updated,2026-08-10,cve_2026_to_now,2026-08-11T08:07:08+00:00
CVE-2026-58300,updated,2026-08-10,cve_2026_to_now,2026-08-11T08:07:08+00:00
CVE-2026-58522,updated,2026-08-10,cve_2026_to_now,2026-08-11T08:07:08+00:00
CVE-2026-58523,updated,2026-08-10,cve_2026_to_now,2026-08-11T08:07:08+00:00
CVE-2026-58524,updated,2026-08-10,cve_2026_to_now,2026-08-11T08:07:08+00:00
CVE-2026-58525,updated,2026-08-10,cve_2026_to_now,2026-08-11T08:07:08+00:00
CVE-2026-58526,updated,2026-08-10,cve_2026_to_now,2026-08-11T08:07:08+00:00
CVE-2026-58527,updated,2026-08-10,cve_2026_to_now,2026-08-11T08:07:08+00:00
CVE-2026-58528,updated,2026-08-10,cve_2026_to_now,2026-08-11T08:07:08+00:00
CVE-2026-58529,updated,2026-08-10,cve_2026_to_now,2026-08-11T08:07:08+00:00
CVE-2026-58530,updated,2026-08-10,cve_2026_to_now,2026-08-11T08:07:08+00:00
CVE-2026-58531,updated,2026-08-10,cve_2026_to_now,2026-08-11T08:07:08+00:00
CVE-2026-58532,updated,2026-08-10,cve_2026_to_now,2026-08-11T08:07:08+00:00
CVE-2026-58533,updated,2026-08-10,cve_2026_to_now,2026-08-11T08:07:08+00:00
CVE-2026-58534,updated,2026-08-10,cve_2026_to_now,2026-08-11T08:07:08+00:00
CVE-2026-58535,updated,2026-08-10,cve_2026_to_now,2026-08-11T08:07:08+00:00
CVE-2026-58536,updated,2026-08-10,cve_2026_to_now,2026-08-11T08:07:08+00:00
CVE-2026-58537,updated,2026-08-10,cve_2026_to_now,2026-08-11T08:07:08+00:00
CVE-2026-58538,updated,2026-08-10,cve_2026_to_now,2026-08-11T08:07:08+00:00
CVE-2026-58539,updated,2026-08-10,cve_2026_to_now,2026-08-11T08:07:08+00:00
CVE-2026-58540,updated,2026-08-10,cve_2026_to_now,2026-08-11T08:07:08+00:00
CVE-2026-58541,updated,2026-08-10,cve_2026_to_now,2026-08-11T08:07:08+00:00
CVE-2026-58542,updated,2026-08-10,cve_2026_to_now,2026-08-11T08:07:08+00:00
CVE-2026-58543,updated,2026-08-10,cve_2026_to_now,2026-08-11T08:07:08+00:00
CVE-2026-58544,updated,2026-08-10,cve_2026_to_now,2026-08-11T08:07:08+00:00
CVE-2026-58545,updated,2026-08-10,cve_2026_to_now,2026-08-11T08:07:08+00:00
CVE-2026-58546,updated,2026-08-10,cve_2026_to_now,2026-08-11T08:07:08+00:00
CVE-2026-58547,updated,2026-08-10,cve_2026_to_now,2026-08-11T08:07:08+00:00
CVE-2026-58594,updated,2026-08-10,cve_2026_to_now,2026-08-11T08:07:08+00:00
CVE-2026-58595,updated,2026-08-10,cve_2026_to_now,2026-08-11T08:07:08+00:00
CVE-2026-58596,updated,2026-08-10,cve_2026_to_now,2026-08-11T08:07:08+00:00
CVE-2026-58597,updated,2026-08-10,cve_2026_to_now,2026-08-11T08:07:08+00:00
CVE-2026-58598,updated,2026-08-10,cve_2026_to_now,2026-08-11T08:07:08+00:00
CVE-2026-58601,updated,2026-08-10,cve_2026_to_now,2026-08-11T08:07:08+00:00
CVE-2026-58602,updated,2026-08-10,cve_2026_to_now,2026-08-11T08:07:08+00:00
CVE-2026-58608,updated,2026-08-10,cve_2026_to_now,2026-08-11T08:07:08+00:00
CVE-2026-58609,updated,2026-08-10,cve_2026_to_now,2026-08-11T08:07:08+00:00
CVE-2026-58610,updated,2026-08-10,cve_2026_to_now,2026-08-11T08:07:08+00:00
CVE-2026-58613,updated,2026-08-10,cve_2026_to_now,2026-08-11T08:07:08+00:00
CVE-2026-58614,updated,2026-08-10,cve_2026_to_now,2026-08-11T08:07:08+00:00
CVE-2026-58617,updated,2026-08-10,cve_2026_to_now,2026-08-11T08:07:08+00:00
CVE-2026-58618,updated,2026-08-10,cve_2026_to_now,2026-08-11T08:07:08+00:00
CVE-2026-58619,updated,2026-08-10,cve_2026_to_now,2026-08-11T08:07:08+00:00
CVE-2026-58626,updated,2026-08-10,cve_2026_to_now,2026-08-11T08:07:08+00:00
CVE-2026-58627,updated,2026-08-10,cve_2026_to_now,2026-08-11T08:07:08+00:00
CVE-2026-58628,updated,2026-08-10,cve_2026_to_now,2026-08-11T08:07:08+00:00
CVE-2026-58629,updated,2026-08-10,cve_2026_to_now,2026-08-11T08:07:08+00:00
CVE-2026-58630,updated,2026-08-10,cve_2026_to_now,2026-08-11T08:07:08+00:00
CVE-2026-58631,updated,2026-08-10,cve_2026_to_now,2026-08-11T08:07:08+00:00
CVE-2026-58632,updated,2026-08-10,cve_2026_to_now,2026-08-11T08:07:08+00:00
CVE-2026-58633,updated,2026-08-10,cve_2026_to_now,2026-08-11T08:07:08+00:00
CVE-2026-58634,updated,2026-08-10,cve_2026_to_now,2026-08-11T08:07:08+00:00
CVE-2026-58635,updated,2026-08-10,cve_2026_to_now,2026-08-11T08:07:08+00:00
CVE-2026-58636,updated,2026-08-10,cve_2026_to_now,2026-08-11T08:07:08+00:00
CVE-2026-58637,updated,2026-08-10,cve_2026_to_now,2026-08-11T08:07:08+00:00
CVE-2026-58638,updated,2026-08-10,cve_2026_to_now,2026-08-11T08:07:08+00:00
CVE-2026-58640,updated,2026-08-10,cve_2026_to_now,2026-08-11T08:07:08+00:00
CVE-2026-58643,updated,2026-08-10,cve_2026_to_now,2026-08-11T08:07:08+00:00
CVE-2026-58644,updated,2026-08-10,cve_2026_to_now,2026-08-11T08:07:08+00:00
CVE-2026-58647,updated,2026-08-10,cve_2026_to_now,2026-08-11T08:07:08+00:00
CVE-2026-59087,added,,cve_2026_to_now,2026-08-11T08:07:08+00:00
CVE-2026-59088,added,2026-08-11,cve_2026_to_now,2026-08-11T08:07:08+00:00
CVE-2026-59090,added,2026-08-11,cve_2026_to_now,2026-08-11T08:07:08+00:00
CVE-2026-59091,added,2026-08-11,cve_2026_to_now,2026-08-11T08:07:08+00:00
CVE-2026-59112,added,,cve_2026_to_now,2026-08-11T08:07:08+00:00
CVE-2026-59117,updated,2026-08-10,cve_2026_to_now,2026-08-11T08:07:08+00:00
CVE-2026-59233,added,,cve_2026_to_now,2026-08-11T08:07:08+00:00
CVE-2026-61808,updated,2026-08-10,cve_2026_to_now,2026-08-11T08:07:08+00:00
CVE-2026-61899,added,,cve_2026_to_now,2026-08-11T08:07:08+00:00
CVE-2026-62296,updated,2026-08-10,cve_2026_to_now,2026-08-11T08:07:08+00:00
CVE-2026-62825,updated,2026-08-10,cve_2026_to_now,2026-08-11T08:07:08+00:00
CVE-2026-62826,updated,2026-08-10,cve_2026_to_now,2026-08-11T08:07:08+00:00
CVE-2026-62828,updated,2026-08-10,cve_2026_to_now,2026-08-11T08:07:08+00:00
CVE-2026-62835,updated,2026-08-10,cve_2026_to_now,2026-08-11T08:07:08+00:00
CVE-2026-62870,updated,2026-08-10,cve_2026_to_now,2026-08-11T08:07:08+00:00
CVE-2026-63105,added,,cve_2026_to_now,2026-08-11T08:07:08+00:00
CVE-2026-63106,added,,cve_2026_to_now,2026-08-11T08:07:08+00:00
CVE-2026-63622,added,,cve_2026_to_now,2026-08-11T08:07:08+00:00
CVE-2026-63623,added,,cve_2026_to_now,2026-08-11T08:07:08+00:00
CVE-2026-63872,removed,,cve_2026_to_now,2026-08-11T08:07:08+00:00
CVE-2026-64940,updated,,cve_2026_to_now,2026-08-11T08:07:08+00:00
CVE-2026-64941,added,,cve_2026_to_now,2026-08-11T08:07:08+00:00
CVE-2026-65667,updated,2026-08-11,cve_2026_to_now,2026-08-11T08:07:08+00:00
CVE-2026-65802,updated,2026-08-10,cve_2026_to_now,2026-08-11T08:07:08+00:00
CVE-2026-65804,updated,2026-08-10,cve_2026_to_now,2026-08-11T08:07:08+00:00
CVE-2026-65819,updated,2026-08-11,cve_2026_to_now,2026-08-11T08:07:08+00:00
CVE-2026-65876,updated,2026-08-10,cve_2026_to_now,2026-08-11T08:07:08+00:00
CVE-2026-65942,added,,cve_2026_to_now,2026-08-11T08:07:08+00:00
CVE-2026-65945,added,,cve_2026_to_now,2026-08-11T08:07:08+00:00
CVE-2026-65948,added,,cve_2026_to_now,2026-08-11T08:07:08+00:00
CVE-2026-66058,updated,2026-08-10,cve_2026_to_now,2026-08-11T08:07:08+00:00
CVE-2026-66061,updated,2026-08-10,cve_2026_to_now,2026-08-11T08:07:08+00:00
CVE-2026-66310,updated,2026-08-10,cve_2026_to_now,2026-08-11T08:07:08+00:00
CVE-2026-66311,updated,2026-08-10,cve_2026_to_now,2026-08-11T08:07:08+00:00
CVE-2026-66312,updated,2026-08-10,cve_2026_to_now,2026-08-11T08:07:08+00:00
CVE-2026-66313,updated,2026-08-10,cve_2026_to_now,2026-08-11T08:07:08+00:00
CVE-2026-66314,updated,2026-08-10,cve_2026_to_now,2026-08-11T08:07:08+00:00
CVE-2026-66315,updated,2026-08-10,cve_2026_to_now,2026-08-11T08:07:08+00:00
CVE-2026-66316,updated,2026-08-10,cve_2026_to_now,2026-08-11T08:07:08+00:00
CVE-2026-66317,updated,2026-08-10,cve_2026_to_now,2026-08-11T08:07:08+00:00
CVE-2026-66318,updated,2026-08-10,cve_2026_to_now,2026-08-11T08:07:08+00:00
CVE-2026-66321,updated,2026-08-10,cve_2026_to_now,2026-08-11T08:07:08+00:00
CVE-2026-66322,updated,2026-08-10,cve_2026_to_now,2026-08-11T08:07:08+00:00
CVE-2026-66325,updated,2026-08-10,cve_2026_to_now,2026-08-11T08:07:08+00:00
CVE-2026-66326,updated,2026-08-10,cve_2026_to_now,2026-08-11T08:07:08+00:00
CVE-2026-66403,updated,,cve_2026_to_now,2026-08-11T08:07:08+00:00
CVE-2026-66404,updated,,cve_2026_to_now,2026-08-11T08:07:08+00:00
CVE-2026-66405,updated,,cve_2026_to_now,2026-08-11T08:07:08+00:00
CVE-2026-66406,updated,,cve_2026_to_now,2026-08-11T08:07:08+00:00
CVE-2026-66407,updated,,cve_2026_to_now,2026-08-11T08:07:08+00:00
CVE-2026-66408,updated,,cve_2026_to_now,2026-08-11T08:07:08+00:00
CVE-2026-66409,updated,,cve_2026_to_now,2026-08-11T08:07:08+00:00
CVE-2026-66410,updated,,cve_2026_to_now,2026-08-11T08:07:08+00:00
CVE-2026-66411,updated,,cve_2026_to_now,2026-08-11T08:07:08+00:00
CVE-2026-66484,added,,cve_2026_to_now,2026-08-11T08:07:08+00:00
CVE-2026-66485,added,,cve_2026_to_now,2026-08-11T08:07:08+00:00
CVE-2026-66486,added,,cve_2026_to_now,2026-08-11T08:07:08+00:00
CVE-2026-66491,updated,2026-08-10,cve_2026_to_now,2026-08-11T08:07:08+00:00
CVE-2026-66492,updated,2026-08-10,cve_2026_to_now,2026-08-11T08:07:08+00:00
CVE-2026-66493,updated,2026-08-10,cve_2026_to_now,2026-08-11T08:07:08+00:00
CVE-2026-66494,updated,2026-08-10,cve_2026_to_now,2026-08-11T08:07:08+00:00
CVE-2026-66642,added,,cve_2026_to_now,2026-08-11T08:07:08+00:00
CVE-2026-66738,added,,cve_2026_to_now,2026-08-11T08:07:08+00:00
CVE-2026-66760,added,,cve_2026_to_now,2026-08-11T08:07:08+00:00
CVE-2026-66761,added,,cve_2026_to_now,2026-08-11T08:07:08+00:00
CVE-2026-66763,added,,cve_2026_to_now,2026-08-11T08:07:08+00:00
CVE-2026-66764,added,,cve_2026_to_now,2026-08-11T08:07:08+00:00
CVE-2026-66770,added,,cve_2026_to_now,2026-08-11T08:07:08+00:00
CVE-2026-66771,added,,cve_2026_to_now,2026-08-11T08:07:08+00:00
CVE-2026-66772,added,,cve_2026_to_now,2026-08-11T08:07:08+00:00
CVE-2026-66773,added,,cve_2026_to_now,2026-08-11T08:07:08+00:00
CVE-2026-66774,added,,cve_2026_to_now,2026-08-11T08:07:08+00:00
CVE-2026-66775,added,,cve_2026_to_now,2026-08-11T08:07:08+00:00
CVE-2026-66776,added,,cve_2026_to_now,2026-08-11T08:07:08+00:00
CVE-2026-66777,added,,cve_2026_to_now,2026-08-11T08:07:08+00:00
CVE-2026-66778,added,,cve_2026_to_now,2026-08-11T08:07:08+00:00
CVE-2026-66779,added,,cve_2026_to_now,2026-08-11T08:07:08+00:00
CVE-2026-66803,updated,2026-08-10,cve_2026_to_now,2026-08-11T08:07:08+00:00
CVE-2026-66914,updated,2026-08-10,cve_2026_to_now,2026-08-11T08:07:08+00:00
CVE-2026-66915,added,,cve_2026_to_now,2026-08-11T08:07:08+00:00
CVE-2026-67213,updated,2026-08-10,cve_2026_to_now,2026-08-11T08:07:08+00:00
CVE-2026-67620,updated,2026-08-10,cve_2026_to_now,2026-08-11T08:07:08+00:00
CVE-2026-68083,added,,cve_2026_to_now,2026-08-11T08:07:08+00:00
CVE-2026-68084,added,,cve_2026_to_now,2026-08-11T08:07:08+00:00
CVE-2026-68085,added,,cve_2026_to_now,2026-08-11T08:07:08+00:00
CVE-2026-68086,added,,cve_2026_to_now,2026-08-11T08:07:08+00:00
CVE-2026-68087,added,,cve_2026_to_now,2026-08-11T08:07:08+00:00
CVE-2026-68088,added,,cve_2026_to_now,2026-08-11T08:07:08+00:00
CVE-2026-68089,added,,cve_2026_to_now,2026-08-11T08:07:08+00:00
CVE-2026-68090,added,,cve_2026_to_now,2026-08-11T08:07:08+00:00
CVE-2026-68091,added,,cve_2026_to_now,2026-08-11T08:07:08+00:00
CVE-2026-68092,added,,cve_2026_to_now,2026-08-11T08:07:08+00:00
CVE-2026-68093,added,,cve_2026_to_now,2026-08-11T08:07:08+00:00
CVE-2026-68094,added,,cve_2026_to_now,2026-08-11T08:07:08+00:00
CVE-2026-68095,added,,cve_2026_to_now,2026-08-11T08:07:08+00:00
CVE-2026-68096,added,,cve_2026_to_now,2026-08-11T08:07:08+00:00
CVE-2026-68097,added,,cve_2026_to_now,2026-08-11T08:07:08+00:00
CVE-2026-68098,added,,cve_2026_to_now,2026-08-11T08:07:08+00:00
CVE-2026-68099,added,,cve_2026_to_now,2026-08-11T08:07:08+00:00
CVE-2026-68100,added,,cve_2026_to_now,2026-08-11T08:07:08+00:00
CVE-2026-68101,added,,cve_2026_to_now,2026-08-11T08:07:08+00:00
CVE-2026-68102,added,,cve_2026_to_now,2026-08-11T08:07:08+00:00
CVE-2026-68103,added,,cve_2026_to_now,2026-08-11T08:07:08+00:00
CVE-2026-68104,added,,cve_2026_to_now,2026-08-11T08:07:08+00:00
CVE-2026-68105,added,,cve_2026_to_now,2026-08-11T08:07:08+00:00
CVE-2026-68106,added,,cve_2026_to_now,2026-08-11T08:07:08+00:00
CVE-2026-68107,added,,cve_2026_to_now,2026-08-11T08:07:08+00:00
CVE-2026-68108,added,,cve_2026_to_now,2026-08-11T08:07:08+00:00
CVE-2026-68109,added,,cve_2026_to_now,2026-08-11T08:07:08+00:00
CVE-2026-68110,added,,cve_2026_to_now,2026-08-11T08:07:08+00:00
CVE-2026-68111,added,,cve_2026_to_now,2026-08-11T08:07:08+00:00
CVE-2026-68112,added,,cve_2026_to_now,2026-08-11T08:07:08+00:00
CVE-2026-68113,added,,cve_2026_to_now,2026-08-11T08:07:08+00:00
CVE-2026-68114,added,,cve_2026_to_now,2026-08-11T08:07:08+00:00
CVE-2026-68115,added,,cve_2026_to_now,2026-08-11T08:07:08+00:00
CVE-2026-68116,added,,cve_2026_to_now,2026-08-11T08:07:08+00:00
CVE-2026-68117,added,,cve_2026_to_now,2026-08-11T08:07:08+00:00
CVE-2026-68118,added,,cve_2026_to_now,2026-08-11T08:07:08+00:00
CVE-2026-68119,added,,cve_2026_to_now,2026-08-11T08:07:08+00:00
CVE-2026-68120,added,,cve_2026_to_now,2026-08-11T08:07:08+00:00
CVE-2026-68121,added,,cve_2026_to_now,2026-08-11T08:07:08+00:00
CVE-2026-68122,added,,cve_2026_to_now,2026-08-11T08:07:08+00:00
CVE-2026-68123,added,,cve_2026_to_now,2026-08-11T08:07:08+00:00
CVE-2026-68124,added,,cve_2026_to_now,2026-08-11T08:07:08+00:00
CVE-2026-68125,added,,cve_2026_to_now,2026-08-11T08:07:08+00:00
CVE-2026-68126,added,,cve_2026_to_now,2026-08-11T08:07:08+00:00
CVE-2026-68127,added,,cve_2026_to_now,2026-08-11T08:07:08+00:00
CVE-2026-68128,added,,cve_2026_to_now,2026-08-11T08:07:08+00:00
CVE-2026-68129,added,,cve_2026_to_now,2026-08-11T08:07:08+00:00
CVE-2026-68130,added,,cve_2026_to_now,2026-08-11T08:07:08+00:00
CVE-2026-68131,added,,cve_2026_to_now,2026-08-11T08:07:08+00:00
CVE-2026-68132,added,,cve_2026_to_now,2026-08-11T08:07:08+00:00
CVE-2026-68133,added,,cve_2026_to_now,2026-08-11T08:07:08+00:00
CVE-2026-68134,added,,cve_2026_to_now,2026-08-11T08:07:08+00:00
CVE-2026-68135,added,,cve_2026_to_now,2026-08-11T08:07:08+00:00
CVE-2026-68136,added,,cve_2026_to_now,2026-08-11T08:07:08+00:00
CVE-2026-68137,added,,cve_2026_to_now,2026-08-11T08:07:08+00:00
CVE-2026-68138,added,,cve_2026_to_now,2026-08-11T08:07:08+00:00
CVE-2026-68139,added,,cve_2026_to_now,2026-08-11T08:07:08+00:00
CVE-2026-68140,added,,cve_2026_to_now,2026-08-11T08:07:08+00:00
CVE-2026-68141,added,,cve_2026_to_now,2026-08-11T08:07:08+00:00
CVE-2026-68142,added,,cve_2026_to_now,2026-08-11T08:07:08+00:00
CVE-2026-68143,added,,cve_2026_to_now,2026-08-11T08:07:08+00:00
CVE-2026-68144,added,,cve_2026_to_now,2026-08-11T08:07:08+00:00
CVE-2026-68145,added,,cve_2026_to_now,2026-08-11T08:07:08+00:00
CVE-2026-68146,added,,cve_2026_to_now,2026-08-11T08:07:08+00:00
CVE-2026-68147,added,,cve_2026_to_now,2026-08-11T08:07:08+00:00
CVE-2026-68148,added,,cve_2026_to_now,2026-08-11T08:07:08+00:00
CVE-2026-68149,added,,cve_2026_to_now,2026-08-11T08:07:08+00:00
CVE-2026-68150,added,,cve_2026_to_now,2026-08-11T08:07:08+00:00
CVE-2026-68151,added,,cve_2026_to_now,2026-08-11T08:07:08+00:00
CVE-2026-68152,added,,cve_2026_to_now,2026-08-11T08:07:08+00:00
CVE-2026-68153,added,,cve_2026_to_now,2026-08-11T08:07:08+00:00
CVE-2026-68154,added,,cve_2026_to_now,2026-08-11T08:07:08+00:00
CVE-2026-68155,added,,cve_2026_to_now,2026-08-11T08:07:08+00:00
CVE-2026-68156,added,,cve_2026_to_now,2026-08-11T08:07:08+00:00
CVE-2026-68157,added,,cve_2026_to_now,2026-08-11T08:07:08+00:00
CVE-2026-68158,added,,cve_2026_to_now,2026-08-11T08:07:08+00:00
CVE-2026-68159,added,,cve_2026_to_now,2026-08-11T08:07:08+00:00
CVE-2026-68160,added,,cve_2026_to_now,2026-08-11T08:07:08+00:00
CVE-2026-68161,added,,cve_2026_to_now,2026-08-11T08:07:08+00:00
CVE-2026-68162,added,,cve_2026_to_now,2026-08-11T08:07:08+00:00
CVE-2026-68163,added,,cve_2026_to_now,2026-08-11T08:07:08+00:00
CVE-2026-68164,added,,cve_2026_to_now,2026-08-11T08:07:08+00:00
CVE-2026-68165,added,,cve_2026_to_now,2026-08-11T08:07:08+00:00
CVE-2026-68166,added,,cve_2026_to_now,2026-08-11T08:07:08+00:00
CVE-2026-68167,added,,cve_2026_to_now,2026-08-11T08:07:08+00:00
CVE-2026-68168,added,,cve_2026_to_now,2026-08-11T08:07:08+00:00
CVE-2026-68169,added,,cve_2026_to_now,2026-08-11T08:07:08+00:00
CVE-2026-68170,added,,cve_2026_to_now,2026-08-11T08:07:08+00:00
CVE-2026-68172,added,,cve_2026_to_now,2026-08-11T08:07:08+00:00
CVE-2026-68173,added,,cve_2026_to_now,2026-08-11T08:07:08+00:00
CVE-2026-68174,added,,cve_2026_to_now,2026-08-11T08:07:08+00:00
CVE-2026-68175,added,,cve_2026_to_now,2026-08-11T08:07:08+00:00
CVE-2026-68176,added,,cve_2026_to_now,2026-08-11T08:07:08+00:00
CVE-2026-68177,added,,cve_2026_to_now,2026-08-11T08:07:08+00:00
CVE-2026-68178,added,,cve_2026_to_now,2026-08-11T08:07:08+00:00
CVE-2026-68179,added,,cve_2026_to_now,2026-08-11T08:07:08+00:00
CVE-2026-68180,added,,cve_2026_to_now,2026-08-11T08:07:08+00:00
CVE-2026-68181,added,,cve_2026_to_now,2026-08-11T08:07:08+00:00
CVE-2026-68182,added,,cve_2026_to_now,2026-08-11T08:07:08+00:00
CVE-2026-68183,added,,cve_2026_to_now,2026-08-11T08:07:08+00:00
CVE-2026-68184,added,,cve_2026_to_now,2026-08-11T08:07:08+00:00
CVE-2026-68185,added,,cve_2026_to_now,2026-08-11T08:07:08+00:00
CVE-2026-68186,added,,cve_2026_to_now,2026-08-11T08:07:08+00:00
CVE-2026-68187,added,,cve_2026_to_now,2026-08-11T08:07:08+00:00
CVE-2026-68188,added,,cve_2026_to_now,2026-08-11T08:07:08+00:00
CVE-2026-68189,added,,cve_2026_to_now,2026-08-11T08:07:08+00:00
CVE-2026-68190,added,,cve_2026_to_now,2026-08-11T08:07:08+00:00
CVE-2026-68191,added,,cve_2026_to_now,2026-08-11T08:07:08+00:00
CVE-2026-68192,added,,cve_2026_to_now,2026-08-11T08:07:08+00:00
CVE-2026-68193,added,,cve_2026_to_now,2026-08-11T08:07:08+00:00
CVE-2026-68194,added,,cve_2026_to_now,2026-08-11T08:07:08+00:00
CVE-2026-68195,added,,cve_2026_to_now,2026-08-11T08:07:08+00:00
CVE-2026-68196,added,,cve_2026_to_now,2026-08-11T08:07:08+00:00
CVE-2026-68197,added,,cve_2026_to_now,2026-08-11T08:07:08+00:00
CVE-2026-68198,added,,cve_2026_to_now,2026-08-11T08:07:08+00:00
CVE-2026-68199,added,,cve_2026_to_now,2026-08-11T08:07:08+00:00
CVE-2026-68200,added,,cve_2026_to_now,2026-08-11T08:07:08+00:00
CVE-2026-68201,added,,cve_2026_to_now,2026-08-11T08:07:08+00:00
CVE-2026-68202,added,,cve_2026_to_now,2026-08-11T08:07:08+00:00
CVE-2026-68203,added,,cve_2026_to_now,2026-08-11T08:07:08+00:00
CVE-2026-68204,added,,cve_2026_to_now,2026-08-11T08:07:08+00:00
CVE-2026-68205,added,,cve_2026_to_now,2026-08-11T08:07:08+00:00
CVE-2026-68206,added,,cve_2026_to_now,2026-08-11T08:07:08+00:00
CVE-2026-68207,added,,cve_2026_to_now,2026-08-11T08:07:08+00:00
CVE-2026-68208,added,,cve_2026_to_now,2026-08-11T08:07:08+00:00
CVE-2026-68209,added,,cve_2026_to_now,2026-08-11T08:07:08+00:00
CVE-2026-68210,added,,cve_2026_to_now,2026-08-11T08:07:08+00:00
CVE-2026-68211,added,,cve_2026_to_now,2026-08-11T08:07:08+00:00
CVE-2026-68212,added,,cve_2026_to_now,2026-08-11T08:07:08+00:00
CVE-2026-68213,added,,cve_2026_to_now,2026-08-11T08:07:08+00:00
CVE-2026-68214,added,,cve_2026_to_now,2026-08-11T08:07:08+00:00
CVE-2026-68215,added,,cve_2026_to_now,2026-08-11T08:07:08+00:00
CVE-2026-68216,added,,cve_2026_to_now,2026-08-11T08:07:08+00:00
CVE-2026-68217,added,,cve_2026_to_now,2026-08-11T08:07:08+00:00
CVE-2026-68218,added,,cve_2026_to_now,2026-08-11T08:07:08+00:00
CVE-2026-68219,added,,cve_2026_to_now,2026-08-11T08:07:08+00:00
CVE-2026-68220,added,,cve_2026_to_now,2026-08-11T08:07:08+00:00
CVE-2026-68221,added,,cve_2026_to_now,2026-08-11T08:07:08+00:00
CVE-2026-68222,added,,cve_2026_to_now,2026-08-11T08:07:08+00:00
CVE-2026-68223,added,,cve_2026_to_now,2026-08-11T08:07:08+00:00
CVE-2026-68224,added,,cve_2026_to_now,2026-08-11T08:07:08+00:00
CVE-2026-68225,added,,cve_2026_to_now,2026-08-11T08:07:08+00:00
CVE-2026-68226,added,,cve_2026_to_now,2026-08-11T08:07:08+00:00
CVE-2026-68227,added,,cve_2026_to_now,2026-08-11T08:07:08+00:00
CVE-2026-68228,added,,cve_2026_to_now,2026-08-11T08:07:08+00:00
CVE-2026-68229,added,,cve_2026_to_now,2026-08-11T08:07:08+00:00
CVE-2026-68230,added,,cve_2026_to_now,2026-08-11T08:07:08+00:00
CVE-2026-68231,added,,cve_2026_to_now,2026-08-11T08:07:08+00:00
CVE-2026-68232,added,,cve_2026_to_now,2026-08-11T08:07:08+00:00
CVE-2026-68233,added,,cve_2026_to_now,2026-08-11T08:07:08+00:00
CVE-2026-68234,added,,cve_2026_to_now,2026-08-11T08:07:08+00:00
CVE-2026-68235,added,,cve_2026_to_now,2026-08-11T08:07:08+00:00
CVE-2026-68236,added,,cve_2026_to_now,2026-08-11T08:07:08+00:00
CVE-2026-68237,added,,cve_2026_to_now,2026-08-11T08:07:08+00:00
CVE-2026-68238,added,,cve_2026_to_now,2026-08-11T08:07:08+00:00
CVE-2026-68239,added,,cve_2026_to_now,2026-08-11T08:07:08+00:00
CVE-2026-68240,added,,cve_2026_to_now,2026-08-11T08:07:08+00:00
CVE-2026-68241,added,,cve_2026_to_now,2026-08-11T08:07:08+00:00
CVE-2026-68242,added,,cve_2026_to_now,2026-08-11T08:07:08+00:00
CVE-2026-68243,added,,cve_2026_to_now,2026-08-11T08:07:08+00:00
CVE-2026-68244,added,,cve_2026_to_now,2026-08-11T08:07:08+00:00
CVE-2026-68245,added,,cve_2026_to_now,2026-08-11T08:07:08+00:00
CVE-2026-68246,added,,cve_2026_to_now,2026-08-11T08:07:08+00:00
CVE-2026-68247,added,,cve_2026_to_now,2026-08-11T08:07:08+00:00
CVE-2026-68248,added,,cve_2026_to_now,2026-08-11T08:07:08+00:00
CVE-2026-68249,added,,cve_2026_to_now,2026-08-11T08:07:08+00:00
CVE-2026-68250,added,,cve_2026_to_now,2026-08-11T08:07:08+00:00
CVE-2026-68251,added,,cve_2026_to_now,2026-08-11T08:07:08+00:00
CVE-2026-68252,added,,cve_2026_to_now,2026-08-11T08:07:08+00:00
CVE-2026-68253,added,,cve_2026_to_now,2026-08-11T08:07:08+00:00
CVE-2026-68254,added,,cve_2026_to_now,2026-08-11T08:07:08+00:00
CVE-2026-68255,added,,cve_2026_to_now,2026-08-11T08:07:08+00:00
CVE-2026-68256,added,,cve_2026_to_now,2026-08-11T08:07:08+00:00
CVE-2026-68257,added,,cve_2026_to_now,2026-08-11T08:07:08+00:00
CVE-2026-68258,added,,cve_2026_to_now,2026-08-11T08:07:08+00:00
CVE-2026-68259,added,,cve_2026_to_now,2026-08-11T08:07:08+00:00
CVE-2026-68260,added,,cve_2026_to_now,2026-08-11T08:07:08+00:00
CVE-2026-68261,added,,cve_2026_to_now,2026-08-11T08:07:08+00:00
CVE-2026-68262,added,,cve_2026_to_now,2026-08-11T08:07:08+00:00
CVE-2026-68263,added,,cve_2026_to_now,2026-08-11T08:07:08+00:00
CVE-2026-68264,added,,cve_2026_to_now,2026-08-11T08:07:08+00:00
CVE-2026-68265,added,,cve_2026_to_now,2026-08-11T08:07:08+00:00
CVE-2026-68266,added,,cve_2026_to_now,2026-08-11T08:07:08+00:00
CVE-2026-68267,added,,cve_2026_to_now,2026-08-11T08:07:08+00:00
CVE-2026-68268,added,,cve_2026_to_now,2026-08-11T08:07:08+00:00
CVE-2026-68269,added,,cve_2026_to_now,2026-08-11T08:07:08+00:00
CVE-2026-68270,added,,cve_2026_to_now,2026-08-11T08:07:08+00:00
CVE-2026-68271,added,,cve_2026_to_now,2026-08-11T08:07:08+00:00
CVE-2026-68272,added,,cve_2026_to_now,2026-08-11T08:07:08+00:00
CVE-2026-68273,added,,cve_2026_to_now,2026-08-11T08:07:08+00:00
CVE-2026-68274,added,,cve_2026_to_now,2026-08-11T08:07:08+00:00
CVE-2026-68275,added,,cve_2026_to_now,2026-08-11T08:07:08+00:00
CVE-2026-68276,added,,cve_2026_to_now,2026-08-11T08:07:08+00:00
CVE-2026-68277,added,,cve_2026_to_now,2026-08-11T08:07:08+00:00
CVE-2026-68278,added,,cve_2026_to_now,2026-08-11T08:07:08+00:00
CVE-2026-68279,added,,cve_2026_to_now,2026-08-11T08:07:08+00:00
CVE-2026-68280,added,,cve_2026_to_now,2026-08-11T08:07:08+00:00
CVE-2026-68281,added,,cve_2026_to_now,2026-08-11T08:07:08+00:00
CVE-2026-68282,added,,cve_2026_to_now,2026-08-11T08:07:08+00:00
CVE-2026-68283,added,,cve_2026_to_now,2026-08-11T08:07:08+00:00
CVE-2026-68284,added,,cve_2026_to_now,2026-08-11T08:07:08+00:00
CVE-2026-68285,added,,cve_2026_to_now,2026-08-11T08:07:08+00:00
CVE-2026-68286,added,,cve_2026_to_now,2026-08-11T08:07:08+00:00
CVE-2026-68287,added,,cve_2026_to_now,2026-08-11T08:07:08+00:00
CVE-2026-68288,added,,cve_2026_to_now,2026-08-11T08:07:08+00:00
CVE-2026-68289,added,,cve_2026_to_now,2026-08-11T08:07:08+00:00
CVE-2026-68290,added,,cve_2026_to_now,2026-08-11T08:07:08+00:00
CVE-2026-68291,added,,cve_2026_to_now,2026-08-11T08:07:08+00:00
CVE-2026-68292,added,,cve_2026_to_now,2026-08-11T08:07:08+00:00
CVE-2026-68293,added,,cve_2026_to_now,2026-08-11T08:07:08+00:00
CVE-2026-68294,added,,cve_2026_to_now,2026-08-11T08:07:08+00:00
CVE-2026-68295,added,,cve_2026_to_now,2026-08-11T08:07:08+00:00
CVE-2026-68296,added,,cve_2026_to_now,2026-08-11T08:07:08+00:00
CVE-2026-68297,added,,cve_2026_to_now,2026-08-11T08:07:08+00:00
CVE-2026-68298,added,,cve_2026_to_now,2026-08-11T08:07:08+00:00
CVE-2026-68299,added,,cve_2026_to_now,2026-08-11T08:07:08+00:00
CVE-2026-68300,added,,cve_2026_to_now,2026-08-11T08:07:08+00:00
CVE-2026-68301,added,,cve_2026_to_now,2026-08-11T08:07:08+00:00
CVE-2026-68302,added,,cve_2026_to_now,2026-08-11T08:07:08+00:00
CVE-2026-68303,added,,cve_2026_to_now,2026-08-11T08:07:08+00:00
CVE-2026-68304,added,,cve_2026_to_now,2026-08-11T08:07:08+00:00
CVE-2026-68305,added,,cve_2026_to_now,2026-08-11T08:07:08+00:00
CVE-2026-68306,added,,cve_2026_to_now,2026-08-11T08:07:08+00:00
CVE-2026-68307,added,,cve_2026_to_now,2026-08-11T08:07:08+00:00
CVE-2026-68308,added,,cve_2026_to_now,2026-08-11T08:07:08+00:00
CVE-2026-68309,added,,cve_2026_to_now,2026-08-11T08:07:08+00:00
CVE-2026-68310,added,,cve_2026_to_now,2026-08-11T08:07:08+00:00
CVE-2026-68311,added,,cve_2026_to_now,2026-08-11T08:07:08+00:00
CVE-2026-68312,added,,cve_2026_to_now,2026-08-11T08:07:08+00:00
CVE-2026-68313,added,,cve_2026_to_now,2026-08-11T08:07:08+00:00
CVE-2026-68314,added,,cve_2026_to_now,2026-08-11T08:07:08+00:00
CVE-2026-68315,added,,cve_2026_to_now,2026-08-11T08:07:08+00:00
CVE-2026-68316,added,,cve_2026_to_now,2026-08-11T08:07:08+00:00
CVE-2026-68317,added,,cve_2026_to_now,2026-08-11T08:07:08+00:00
CVE-2026-68318,added,,cve_2026_to_now,2026-08-11T08:07:08+00:00
CVE-2026-68319,added,,cve_2026_to_now,2026-08-11T08:07:08+00:00
CVE-2026-68320,added,,cve_2026_to_now,2026-08-11T08:07:08+00:00
CVE-2026-68321,added,,cve_2026_to_now,2026-08-11T08:07:08+00:00
CVE-2026-68322,added,,cve_2026_to_now,2026-08-11T08:07:08+00:00
CVE-2026-68323,added,,cve_2026_to_now,2026-08-11T08:07:08+00:00
CVE-2026-68324,added,,cve_2026_to_now,2026-08-11T08:07:08+00:00
CVE-2026-68325,added,,cve_2026_to_now,2026-08-11T08:07:08+00:00
CVE-2026-68326,added,,cve_2026_to_now,2026-08-11T08:07:08+00:00
CVE-2026-68327,added,,cve_2026_to_now,2026-08-11T08:07:08+00:00
CVE-2026-68328,added,,cve_2026_to_now,2026-08-11T08:07:08+00:00
CVE-2026-68329,added,,cve_2026_to_now,2026-08-11T08:07:08+00:00
CVE-2026-68330,added,,cve_2026_to_now,2026-08-11T08:07:08+00:00
CVE-2026-68331,added,,cve_2026_to_now,2026-08-11T08:07:08+00:00
CVE-2026-68332,added,,cve_2026_to_now,2026-08-11T08:07:08+00:00
CVE-2026-68333,added,,cve_2026_to_now,2026-08-11T08:07:08+00:00
CVE-2026-68334,added,,cve_2026_to_now,2026-08-11T08:07:08+00:00
CVE-2026-68335,added,,cve_2026_to_now,2026-08-11T08:07:08+00:00
CVE-2026-68336,added,,cve_2026_to_now,2026-08-11T08:07:08+00:00
CVE-2026-68337,added,,cve_2026_to_now,2026-08-11T08:07:08+00:00
CVE-2026-68338,added,,cve_2026_to_now,2026-08-11T08:07:08+00:00
CVE-2026-68339,added,,cve_2026_to_now,2026-08-11T08:07:08+00:00
CVE-2026-68340,added,,cve_2026_to_now,2026-08-11T08:07:08+00:00
CVE-2026-68341,added,,cve_2026_to_now,2026-08-11T08:07:08+00:00
CVE-2026-68342,added,,cve_2026_to_now,2026-08-11T08:07:08+00:00
CVE-2026-68343,added,,cve_2026_to_now,2026-08-11T08:07:08+00:00
CVE-2026-68344,added,,cve_2026_to_now,2026-08-11T08:07:08+00:00
CVE-2026-68345,added,,cve_2026_to_now,2026-08-11T08:07:08+00:00
CVE-2026-68346,added,,cve_2026_to_now,2026-08-11T08:07:08+00:00
CVE-2026-68347,added,,cve_2026_to_now,2026-08-11T08:07:08+00:00
CVE-2026-68348,added,,cve_2026_to_now,2026-08-11T08:07:08+00:00
CVE-2026-68349,added,,cve_2026_to_now,2026-08-11T08:07:08+00:00
CVE-2026-68350,added,,cve_2026_to_now,2026-08-11T08:07:08+00:00
CVE-2026-68351,added,,cve_2026_to_now,2026-08-11T08:07:08+00:00
CVE-2026-68352,added,,cve_2026_to_now,2026-08-11T08:07:08+00:00
CVE-2026-68353,added,,cve_2026_to_now,2026-08-11T08:07:08+00:00
CVE-2026-68354,added,,cve_2026_to_now,2026-08-11T08:07:08+00:00
CVE-2026-68355,added,,cve_2026_to_now,2026-08-11T08:07:08+00:00
CVE-2026-68356,added,,cve_2026_to_now,2026-08-11T08:07:08+00:00
CVE-2026-68357,added,,cve_2026_to_now,2026-08-11T08:07:08+00:00
CVE-2026-68358,added,,cve_2026_to_now,2026-08-11T08:07:08+00:00
CVE-2026-68359,added,,cve_2026_to_now,2026-08-11T08:07:08+00:00
CVE-2026-68360,added,,cve_2026_to_now,2026-08-11T08:07:08+00:00
CVE-2026-68361,added,,cve_2026_to_now,2026-08-11T08:07:08+00:00
CVE-2026-68362,added,,cve_2026_to_now,2026-08-11T08:07:08+00:00
CVE-2026-68363,added,,cve_2026_to_now,2026-08-11T08:07:08+00:00
CVE-2026-68364,added,,cve_2026_to_now,2026-08-11T08:07:08+00:00
CVE-2026-68365,added,,cve_2026_to_now,2026-08-11T08:07:08+00:00
CVE-2026-68366,added,,cve_2026_to_now,2026-08-11T08:07:08+00:00
CVE-2026-68367,added,,cve_2026_to_now,2026-08-11T08:07:08+00:00
CVE-2026-68368,added,,cve_2026_to_now,2026-08-11T08:07:08+00:00
CVE-2026-68369,added,,cve_2026_to_now,2026-08-11T08:07:08+00:00
CVE-2026-68370,added,,cve_2026_to_now,2026-08-11T08:07:08+00:00
CVE-2026-68371,added,,cve_2026_to_now,2026-08-11T08:07:08+00:00
CVE-2026-68372,added,,cve_2026_to_now,2026-08-11T08:07:08+00:00
CVE-2026-68373,added,,cve_2026_to_now,2026-08-11T08:07:08+00:00
CVE-2026-68374,added,,cve_2026_to_now,2026-08-11T08:07:08+00:00
CVE-2026-68375,added,,cve_2026_to_now,2026-08-11T08:07:08+00:00
CVE-2026-68376,added,,cve_2026_to_now,2026-08-11T08:07:08+00:00
CVE-2026-68377,added,,cve_2026_to_now,2026-08-11T08:07:08+00:00
CVE-2026-68378,added,,cve_2026_to_now,2026-08-11T08:07:08+00:00
CVE-2026-68379,added,,cve_2026_to_now,2026-08-11T08:07:08+00:00
CVE-2026-68380,added,,cve_2026_to_now,2026-08-11T08:07:08+00:00
CVE-2026-68381,added,,cve_2026_to_now,2026-08-11T08:07:08+00:00
CVE-2026-68382,added,,cve_2026_to_now,2026-08-11T08:07:08+00:00
CVE-2026-68383,added,,cve_2026_to_now,2026-08-11T08:07:08+00:00
CVE-2026-68384,added,,cve_2026_to_now,2026-08-11T08:07:08+00:00
CVE-2026-68385,added,,cve_2026_to_now,2026-08-11T08:07:08+00:00
CVE-2026-68386,added,,cve_2026_to_now,2026-08-11T08:07:08+00:00
CVE-2026-68387,added,,cve_2026_to_now,2026-08-11T08:07:08+00:00
CVE-2026-68388,added,,cve_2026_to_now,2026-08-11T08:07:08+00:00
CVE-2026-68389,added,,cve_2026_to_now,2026-08-11T08:07:08+00:00
CVE-2026-68390,added,,cve_2026_to_now,2026-08-11T08:07:08+00:00
CVE-2026-68391,added,,cve_2026_to_now,2026-08-11T08:07:08+00:00
CVE-2026-68392,added,,cve_2026_to_now,2026-08-11T08:07:08+00:00
CVE-2026-68393,added,,cve_2026_to_now,2026-08-11T08:07:08+00:00
CVE-2026-68394,added,,cve_2026_to_now,2026-08-11T08:07:08+00:00
CVE-2026-68395,added,,cve_2026_to_now,2026-08-11T08:07:08+00:00
CVE-2026-68396,added,,cve_2026_to_now,2026-08-11T08:07:08+00:00
CVE-2026-68397,added,,cve_2026_to_now,2026-08-11T08:07:08+00:00
CVE-2026-68398,added,,cve_2026_to_now,2026-08-11T08:07:08+00:00
CVE-2026-68399,added,,cve_2026_to_now,2026-08-11T08:07:08+00:00
CVE-2026-68400,added,,cve_2026_to_now,2026-08-11T08:07:08+00:00
CVE-2026-68401,added,,cve_2026_to_now,2026-08-11T08:07:08+00:00
CVE-2026-68402,added,,cve_2026_to_now,2026-08-11T08:07:08+00:00
CVE-2026-68403,added,,cve_2026_to_now,2026-08-11T08:07:08+00:00
CVE-2026-68404,added,,cve_2026_to_now,2026-08-11T08:07:08+00:00
CVE-2026-68405,added,,cve_2026_to_now,2026-08-11T08:07:08+00:00
CVE-2026-68406,added,,cve_2026_to_now,2026-08-11T08:07:08+00:00
CVE-2026-68407,added,,cve_2026_to_now,2026-08-11T08:07:08+00:00
CVE-2026-68408,added,,cve_2026_to_now,2026-08-11T08:07:08+00:00
CVE-2026-68409,added,,cve_2026_to_now,2026-08-11T08:07:08+00:00
CVE-2026-68410,added,,cve_2026_to_now,2026-08-11T08:07:08+00:00
CVE-2026-68411,added,,cve_2026_to_now,2026-08-11T08:07:08+00:00
CVE-2026-68412,added,,cve_2026_to_now,2026-08-11T08:07:08+00:00
CVE-2026-68413,added,,cve_2026_to_now,2026-08-11T08:07:08+00:00
CVE-2026-68414,added,,cve_2026_to_now,2026-08-11T08:07:08+00:00
CVE-2026-68415,added,,cve_2026_to_now,2026-08-11T08:07:08+00:00
CVE-2026-68416,added,,cve_2026_to_now,2026-08-11T08:07:08+00:00
CVE-2026-68417,added,,cve_2026_to_now,2026-08-11T08:07:08+00:00
CVE-2026-68418,added,,cve_2026_to_now,2026-08-11T08:07:08+00:00
CVE-2026-68419,added,,cve_2026_to_now,2026-08-11T08:07:08+00:00
CVE-2026-68420,added,,cve_2026_to_now,2026-08-11T08:07:08+00:00
CVE-2026-68421,added,,cve_2026_to_now,2026-08-11T08:07:08+00:00
CVE-2026-68422,added,,cve_2026_to_now,2026-08-11T08:07:08+00:00
CVE-2026-68423,added,,cve_2026_to_now,2026-08-11T08:07:08+00:00
CVE-2026-68424,added,,cve_2026_to_now,2026-08-11T08:07:08+00:00
CVE-2026-68425,added,,cve_2026_to_now,2026-08-11T08:07:08+00:00
CVE-2026-68426,added,,cve_2026_to_now,2026-08-11T08:07:08+00:00
CVE-2026-68427,added,,cve_2026_to_now,2026-08-11T08:07:08+00:00
CVE-2026-68428,added,,cve_2026_to_now,2026-08-11T08:07:08+00:00
CVE-2026-68480,updated,2026-08-11,cve_2026_to_now,2026-08-11T08:07:08+00:00
CVE-2026-68870,added,,cve_2026_to_now,2026-08-11T08:07:08+00:00
CVE-2026-68871,added,,cve_2026_to_now,2026-08-11T08:07:08+00:00
CVE-2026-68872,added,,cve_2026_to_now,2026-08-11T08:07:08+00:00
CVE-2026-69112,added,,cve_2026_to_now,2026-08-11T08:07:08+00:00
CVE-2026-69114,added,,cve_2026_to_now,2026-08-11T08:07:08+00:00
CVE-2026-69116,added,,cve_2026_to_now,2026-08-11T08:07:08+00:00
CVE-2026-69118,added,,cve_2026_to_now,2026-08-11T08:07:08+00:00
CVE-2026-69207,updated,2026-08-10,cve_2026_to_now,2026-08-11T08:07:08+00:00
CVE-2026-69659,updated,2026-08-10,cve_2026_to_now,2026-08-11T08:07:08+00:00
CVE-2026-70369,updated,2026-08-10,cve_2026_to_now,2026-08-11T08:07:08+00:00
CVE-2026-70370,updated,2026-08-10,cve_2026_to_now,2026-08-11T08:07:08+00:00
CVE-2026-70371,updated,2026-08-10,cve_2026_to_now,2026-08-11T08:07:08+00:00
CVE-2026-70372,updated,2026-08-10,cve_2026_to_now,2026-08-11T08:07:08+00:00
CVE-2026-70373,updated,2026-08-10,cve_2026_to_now,2026-08-11T08:07:08+00:00
CVE-2026-70374,updated,2026-08-10,cve_2026_to_now,2026-08-11T08:07:08+00:00
CVE-2026-70375,updated,2026-08-10,cve_2026_to_now,2026-08-11T08:07:08+00:00
CVE-2026-70376,updated,2026-08-10,cve_2026_to_now,2026-08-11T08:07:08+00:00
CVE-2026-70377,updated,2026-08-10,cve_2026_to_now,2026-08-11T08:07:08+00:00
CVE-2026-70378,updated,2026-08-10,cve_2026_to_now,2026-08-11T08:07:08+00:00
CVE-2026-70395,updated,2026-08-10,cve_2026_to_now,2026-08-11T08:07:08+00:00
CVE-2026-70561,updated,2026-08-10,cve_2026_to_now,2026-08-11T08:07:08+00:00
CVE-2026-70622,added,2026-08-11,cve_2026_to_now,2026-08-11T08:07:08+00:00
CVE-2026-71202,updated,2026-08-10,cve_2026_to_now,2026-08-11T08:07:08+00:00
CVE-2026-71203,updated,2026-08-10,cve_2026_to_now,2026-08-11T08:07:08+00:00
CVE-2026-71204,updated,2026-08-10,cve_2026_to_now,2026-08-11T08:07:08+00:00
CVE-2026-71205,updated,2026-08-10,cve_2026_to_now,2026-08-11T08:07:08+00:00
CVE-2026-71206,updated,2026-08-10,cve_2026_to_now,2026-08-11T08:07:08+00:00
CVE-2026-71207,updated,2026-08-10,cve_2026_to_now,2026-08-11T08:07:08+00:00
CVE-2026-71208,updated,2026-08-10,cve_2026_to_now,2026-08-11T08:07:08+00:00
CVE-2026-71209,updated,2026-08-10,cve_2026_to_now,2026-08-11T08:07:08+00:00
CVE-2026-71210,updated,2026-08-10,cve_2026_to_now,2026-08-11T08:07:08+00:00
CVE-2026-71211,updated,2026-08-10,cve_2026_to_now,2026-08-11T08:07:08+00:00
CVE-2026-71212,updated,2026-08-10,cve_2026_to_now,2026-08-11T08:07:08+00:00
CVE-2026-71213,updated,2026-08-10,cve_2026_to_now,2026-08-11T08:07:08+00:00
CVE-2026-71214,updated,2026-08-10,cve_2026_to_now,2026-08-11T08:07:08+00:00
CVE-2026-71215,updated,2026-08-10,cve_2026_to_now,2026-08-11T08:07:08+00:00
CVE-2026-71225,updated,2026-08-10,cve_2026_to_now,2026-08-11T08:07:08+00:00
CVE-2026-71226,updated,2026-08-10,cve_2026_to_now,2026-08-11T08:07:08+00:00
CVE-2026-71227,updated,2026-08-10,cve_2026_to_now,2026-08-11T08:07:08+00:00
CVE-2026-71231,updated,2026-08-10,cve_2026_to_now,2026-08-11T08:07:08+00:00
CVE-2026-71232,updated,2026-08-10,cve_2026_to_now,2026-08-11T08:07:08+00:00
CVE-2026-71233,updated,2026-08-10,cve_2026_to_now,2026-08-11T08:07:08+00:00
CVE-2026-71234,updated,2026-08-10,cve_2026_to_now,2026-08-11T08:07:08+00:00
CVE-2026-71235,updated,2026-08-10,cve_2026_to_now,2026-08-11T08:07:08+00:00
CVE-2026-71236,updated,2026-08-10,cve_2026_to_now,2026-08-11T08:07:08+00:00
CVE-2026-71237,updated,2026-08-10,cve_2026_to_now,2026-08-11T08:07:08+00:00
CVE-2026-71238,updated,2026-08-10,cve_2026_to_now,2026-08-11T08:07:08+00:00
CVE-2026-71239,updated,2026-08-10,cve_2026_to_now,2026-08-11T08:07:08+00:00
CVE-2026-71240,updated,2026-08-10,cve_2026_to_now,2026-08-11T08:07:08+00:00
CVE-2026-71241,updated,2026-08-10,cve_2026_to_now,2026-08-11T08:07:08+00:00
CVE-2026-71242,updated,2026-08-10,cve_2026_to_now,2026-08-11T08:07:08+00:00
CVE-2026-71243,updated,2026-08-10,cve_2026_to_now,2026-08-11T08:07:08+00:00
CVE-2026-71244,updated,2026-08-10,cve_2026_to_now,2026-08-11T08:07:08+00:00
CVE-2026-71245,updated,2026-08-10,cve_2026_to_now,2026-08-11T08:07:08+00:00
CVE-2026-71246,updated,2026-08-10,cve_2026_to_now,2026-08-11T08:07:08+00:00
CVE-2026-71247,updated,2026-08-10,cve_2026_to_now,2026-08-11T08:07:08+00:00
CVE-2026-71248,updated,2026-08-10,cve_2026_to_now,2026-08-11T08:07:08+00:00
CVE-2026-71249,updated,2026-08-10,cve_2026_to_now,2026-08-11T08:07:08+00:00
CVE-2026-71250,updated,2026-08-10,cve_2026_to_now,2026-08-11T08:07:08+00:00
CVE-2026-71251,updated,2026-08-10,cve_2026_to_now,2026-08-11T08:07:08+00:00
CVE-2026-71252,updated,2026-08-10,cve_2026_to_now,2026-08-11T08:07:08+00:00
CVE-2026-71254,updated,2026-08-10,cve_2026_to_now,2026-08-11T08:07:08+00:00
CVE-2026-71255,updated,2026-08-10,cve_2026_to_now,2026-08-11T08:07:08+00:00
CVE-2026-71256,updated,2026-08-10,cve_2026_to_now,2026-08-11T08:07:08+00:00
CVE-2026-71259,updated,2026-08-10,cve_2026_to_now,2026-08-11T08:07:08+00:00
CVE-2026-71260,updated,2026-08-10,cve_2026_to_now,2026-08-11T08:07:08+00:00
CVE-2026-71261,updated,2026-08-10,cve_2026_to_now,2026-08-11T08:07:08+00:00
CVE-2026-71262,updated,2026-08-10,cve_2026_to_now,2026-08-11T08:07:08+00:00
CVE-2026-71263,updated,2026-08-10,cve_2026_to_now,2026-08-11T08:07:08+00:00
CVE-2026-71264,updated,2026-08-10,cve_2026_to_now,2026-08-11T08:07:08+00:00
CVE-2026-71265,updated,2026-08-10,cve_2026_to_now,2026-08-11T08:07:08+00:00
CVE-2026-71266,updated,2026-08-10,cve_2026_to_now,2026-08-11T08:07:08+00:00
CVE-2026-71267,updated,2026-08-10,cve_2026_to_now,2026-08-11T08:07:08+00:00
CVE-2026-71268,updated,2026-08-10,cve_2026_to_now,2026-08-11T08:07:08+00:00
CVE-2026-71269,updated,2026-08-10,cve_2026_to_now,2026-08-11T08:07:08+00:00
CVE-2026-71270,updated,2026-08-10,cve_2026_to_now,2026-08-11T08:07:08+00:00
CVE-2026-71271,updated,2026-08-10,cve_2026_to_now,2026-08-11T08:07:08+00:00
CVE-2026-71272,updated,2026-08-10,cve_2026_to_now,2026-08-11T08:07:08+00:00
CVE-2026-71273,updated,2026-08-10,cve_2026_to_now,2026-08-11T08:07:08+00:00
CVE-2026-71274,updated,2026-08-10,cve_2026_to_now,2026-08-11T08:07:08+00:00
CVE-2026-71275,updated,2026-08-10,cve_2026_to_now,2026-08-11T08:07:08+00:00
CVE-2026-71276,updated,2026-08-10,cve_2026_to_now,2026-08-11T08:07:08+00:00
CVE-2026-71277,updated,2026-08-10,cve_2026_to_now,2026-08-11T08:07:08+00:00
CVE-2026-71278,updated,2026-08-10,cve_2026_to_now,2026-08-11T08:07:08+00:00
CVE-2026-71279,updated,2026-08-10,cve_2026_to_now,2026-08-11T08:07:08+00:00
CVE-2026-71280,updated,2026-08-10,cve_2026_to_now,2026-08-11T08:07:08+00:00
CVE-2026-71281,updated,2026-08-10,cve_2026_to_now,2026-08-11T08:07:08+00:00
CVE-2026-71282,updated,2026-08-10,cve_2026_to_now,2026-08-11T08:07:08+00:00
CVE-2026-71283,updated,2026-08-10,cve_2026_to_now,2026-08-11T08:07:08+00:00
CVE-2026-71284,updated,2026-08-10,cve_2026_to_now,2026-08-11T08:07:08+00:00
CVE-2026-71285,updated,2026-08-10,cve_2026_to_now,2026-08-11T08:07:08+00:00
CVE-2026-71286,updated,2026-08-10,cve_2026_to_now,2026-08-11T08:07:08+00:00
CVE-2026-71287,updated,2026-08-10,cve_2026_to_now,2026-08-11T08:07:08+00:00
CVE-2026-71288,updated,2026-08-10,cve_2026_to_now,2026-08-11T08:07:08+00:00
CVE-2026-71289,updated,2026-08-10,cve_2026_to_now,2026-08-11T08:07:08+00:00
CVE-2026-71291,updated,2026-08-10,cve_2026_to_now,2026-08-11T08:07:08+00:00
CVE-2026-71292,updated,2026-08-10,cve_2026_to_now,2026-08-11T08:07:08+00:00
CVE-2026-71293,updated,2026-08-10,cve_2026_to_now,2026-08-11T08:07:08+00:00
CVE-2026-71294,updated,2026-08-10,cve_2026_to_now,2026-08-11T08:07:08+00:00
CVE-2026-71391,added,,cve_2026_to_now,2026-08-11T08:07:08+00:00
CVE-2026-71392,added,,cve_2026_to_now,2026-08-11T08:07:08+00:00
CVE-2026-71393,added,,cve_2026_to_now,2026-08-11T08:07:08+00:00
CVE-2026-71394,added,,cve_2026_to_now,2026-08-11T08:07:08+00:00
CVE-2026-71576,added,,cve_2026_to_now,2026-08-11T08:07:08+00:00
CVE-2026-71577,added,2026-08-11,cve_2026_to_now,2026-08-11T08:07:08+00:00
CVE-2026-71849,updated,2026-08-10,cve_2026_to_now,2026-08-11T08:07:08+00:00
CVE-2026-71850,updated,2026-08-10,cve_2026_to_now,2026-08-11T08:07:08+00:00
CVE-2026-71852,updated,2026-08-10,cve_2026_to_now,2026-08-11T08:07:08+00:00
CVE-2026-71870,updated,2026-08-10,cve_2026_to_now,2026-08-11T08:07:08+00:00
CVE-2026-71944,updated,2026-08-11,cve_2026_to_now,2026-08-11T08:07:08+00:00
CVE-2026-71945,updated,2026-08-10,cve_2026_to_now,2026-08-11T08:07:08+00:00
CVE-2026-71948,updated,2026-08-10,cve_2026_to_now,2026-08-11T08:07:08+00:00
CVE-2026-71949,updated,2026-08-11,cve_2026_to_now,2026-08-11T08:07:08+00:00
CVE-2026-71950,updated,2026-08-10,cve_2026_to_now,2026-08-11T08:07:08+00:00
CVE-2026-71953,updated,2026-08-10,cve_2026_to_now,2026-08-11T08:07:08+00:00
CVE-2026-71954,updated,2026-08-11,cve_2026_to_now,2026-08-11T08:07:08+00:00
CVE-2026-71955,updated,2026-08-10,cve_2026_to_now,2026-08-11T08:07:08+00:00
CVE-2026-71958,updated,2026-08-10,cve_2026_to_now,2026-08-11T08:07:08+00:00
CVE-2026-71959,added,,cve_2026_to_now,2026-08-11T08:07:08+00:00
CVE-2026-71962,added,,cve_2026_to_now,2026-08-11T08:07:08+00:00
CVE-2026-71964,added,,cve_2026_to_now,2026-08-11T08:07:08+00:00
CVE-2026-71965,added,,cve_2026_to_now,2026-08-11T08:07:08+00:00
CVE-2026-71966,added,,cve_2026_to_now,2026-08-11T08:07:08+00:00
CVE-2026-71967,added,,cve_2026_to_now,2026-08-11T08:07:08+00:00
CVE-2026-71968,added,,cve_2026_to_now,2026-08-11T08:07:08+00:00
CVE-2026-71969,added,,cve_2026_to_now,2026-08-11T08:07:08+00:00
CVE-2026-71983,updated,2026-08-11,cve_2026_to_now,2026-08-11T08:07:08+00:00
CVE-2026-71984,updated,2026-08-10,cve_2026_to_now,2026-08-11T08:07:08+00:00
CVE-2026-71987,updated,2026-08-10,cve_2026_to_now,2026-08-11T08:07:08+00:00
CVE-2026-71988,updated,2026-08-11,cve_2026_to_now,2026-08-11T08:07:08+00:00
CVE-2026-71989,updated,2026-08-10,cve_2026_to_now,2026-08-11T08:07:08+00:00
CVE-2026-71992,updated,2026-08-10,cve_2026_to_now,2026-08-11T08:07:08+00:00
CVE-2026-71993,updated,2026-08-11,cve_2026_to_now,2026-08-11T08:07:08+00:00
CVE-2026-72564,added,,cve_2026_to_now,2026-08-11T08:07:08+00:00
CVE-2026-72565,added,,cve_2026_to_now,2026-08-11T08:07:08+00:00
CVE-2026-72566,added,,cve_2026_to_now,2026-08-11T08:07:08+00:00
CVE-2026-72567,added,,cve_2026_to_now,2026-08-11T08:07:08+00:00
CVE-2026-72568,added,,cve_2026_to_now,2026-08-11T08:07:08+00:00
CVE-2026-72569,added,,cve_2026_to_now,2026-08-11T08:07:08+00:00
CVE-2026-72570,added,,cve_2026_to_now,2026-08-11T08:07:08+00:00
CVE-2026-72571,added,,cve_2026_to_now,2026-08-11T08:07:08+00:00
CVE-2026-72572,added,,cve_2026_to_now,2026-08-11T08:07:08+00:00
CVE-2026-72573,added,,cve_2026_to_now,2026-08-11T08:07:08+00:00
CVE-2026-72574,added,,cve_2026_to_now,2026-08-11T08:07:08+00:00
CVE-2026-72575,added,,cve_2026_to_now,2026-08-11T08:07:08+00:00
CVE-2026-72576,added,,cve_2026_to_now,2026-08-11T08:07:08+00:00
CVE-2026-72577,added,,cve_2026_to_now,2026-08-11T08:07:08+00:00
CVE-2026-72578,added,,cve_2026_to_now,2026-08-11T08:07:08+00:00
CVE-2026-72579,added,,cve_2026_to_now,2026-08-11T08:07:08+00:00
CVE-2026-72580,added,,cve_2026_to_now,2026-08-11T08:07:08+00:00
CVE-2026-72581,added,,cve_2026_to_now,2026-08-11T08:07:08+00:00
CVE-2026-72582,added,,cve_2026_to_now,2026-08-11T08:07:08+00:00
CVE-2026-72583,added,,cve_2026_to_now,2026-08-11T08:07:08+00:00
CVE-2026-72584,added,,cve_2026_to_now,2026-08-11T08:07:08+00:00
CVE-2026-72585,added,,cve_2026_to_now,2026-08-11T08:07:08+00:00
CVE-2026-72586,added,,cve_2026_to_now,2026-08-11T08:07:08+00:00
CVE-2026-72587,added,,cve_2026_to_now,2026-08-11T08:07:08+00:00
CVE-2026-72588,added,,cve_2026_to_now,2026-08-11T08:07:08+00:00
CVE-2026-72589,added,,cve_2026_to_now,2026-08-11T08:07:08+00:00
CVE-2026-72590,added,,cve_2026_to_now,2026-08-11T08:07:08+00:00
CVE-2026-72591,added,,cve_2026_to_now,2026-08-11T08:07:08+00:00
CVE-2026-72592,added,,cve_2026_to_now,2026-08-11T08:07:08+00:00
CVE-2026-72593,added,,cve_2026_to_now,2026-08-11T08:07:08+00:00
CVE-2026-72594,added,,cve_2026_to_now,2026-08-11T08:07:08+00:00
CVE-2026-72688,added,,cve_2026_to_now,2026-08-11T08:07:08+00:00
CVE-2026-72689,added,,cve_2026_to_now,2026-08-11T08:07:08+00:00
CVE-2026-72690,added,,cve_2026_to_now,2026-08-11T08:07:08+00:00
CVE-2026-72691,added,,cve_2026_to_now,2026-08-11T08:07:08+00:00
CVE-2026-72692,added,,cve_2026_to_now,2026-08-11T08:07:08+00:00
CVE-2026-72718,added,,cve_2026_to_now,2026-08-11T08:07:08+00:00
CVE-2026-72719,added,,cve_2026_to_now,2026-08-11T08:07:08+00:00
CVE-2026-72720,added,,cve_2026_to_now,2026-08-11T08:07:08+00:00
CVE-2026-72721,added,,cve_2026_to_now,2026-08-11T08:07:08+00:00
CVE-2026-72722,added,,cve_2026_to_now,2026-08-11T08:07:08+00:00
CVE-2026-72723,added,,cve_2026_to_now,2026-08-11T08:07:08+00:00
CVE-2026-72724,added,2026-08-11,cve_2026_to_now,2026-08-11T08:07:08+00:00
CVE-2026-72725,added,,cve_2026_to_now,2026-08-11T08:07:08+00:00
CVE-2026-72726,added,,cve_2026_to_now,2026-08-11T08:07:08+00:00
CVE-2026-72727,added,,cve_2026_to_now,2026-08-11T08:07:08+00:00
CVE-2026-72728,added,,cve_2026_to_now,2026-08-11T08:07:08+00:00
CVE-2026-72729,added,2026-08-11,cve_2026_to_now,2026-08-11T08:07:08+00:00
CVE-2026-72730,added,,cve_2026_to_now,2026-08-11T08:07:08+00:00
CVE-2026-72731,added,,cve_2026_to_now,2026-08-11T08:07:08+00:00
CVE-2026-72732,added,,cve_2026_to_now,2026-08-11T08:07:08+00:00
CVE-2026-72733,added,,cve_2026_to_now,2026-08-11T08:07:08+00:00
CVE-2026-72734,added,2026-08-11,cve_2026_to_now,2026-08-11T08:07:08+00:00
CVE-2026-72735,added,,cve_2026_to_now,2026-08-11T08:07:08+00:00
CVE-2026-72736,added,,cve_2026_to_now,2026-08-11T08:07:08+00:00
CVE-2026-72737,added,,cve_2026_to_now,2026-08-11T08:07:08+00:00
CVE-2026-72738,added,,cve_2026_to_now,2026-08-11T08:07:08+00:00
CVE-2026-72739,added,,cve_2026_to_now,2026-08-11T08:07:08+00:00
CVE-2026-72740,added,,cve_2026_to_now,2026-08-11T08:07:08+00:00
CVE-2026-72743,added,,cve_2026_to_now,2026-08-11T08:07:08+00:00
CVE-2026-72751,added,,cve_2026_to_now,2026-08-11T08:07:08+00:00
CVE-2026-72759,added,,cve_2026_to_now,2026-08-11T08:07:08+00:00
CVE-2026-72760,added,,cve_2026_to_now,2026-08-11T08:07:08+00:00
CVE-2026-72761,added,,cve_2026_to_now,2026-08-11T08:07:08+00:00
CVE-2026-72862,added,,cve_2026_to_now,2026-08-11T08:07:08+00:00
CVE-2026-72863,added,,cve_2026_to_now,2026-08-11T08:07:08+00:00
CVE-2026-72864,added,,cve_2026_to_now,2026-08-11T08:07:08+00:00
CVE-2026-72865,added,,cve_2026_to_now,2026-08-11T08:07:08+00:00
CVE-2026-72866,added,,cve_2026_to_now,2026-08-11T08:07:08+00:00
CVE-2026-72867,added,,cve_2026_to_now,2026-08-11T08:07:08+00:00
CVE-2026-72868,added,,cve_2026_to_now,2026-08-11T08:07:08+00:00
CVE-2026-72869,added,,cve_2026_to_now,2026-08-11T08:07:08+00:00
CVE-2026-72870,added,,cve_2026_to_now,2026-08-11T08:07:08+00:00
CVE-2026-72871,added,,cve_2026_to_now,2026-08-11T08:07:08+00:00
CVE-2026-72872,added,,cve_2026_to_now,2026-08-11T08:07:08+00:00
CVE-2026-72873,added,,cve_2026_to_now,2026-08-11T08:07:08+00:00
CVE-2026-72874,added,,cve_2026_to_now,2026-08-11T08:07:08+00:00
CVE-2026-72875,added,,cve_2026_to_now,2026-08-11T08:07:08+00:00
CVE-2026-72876,added,,cve_2026_to_now,2026-08-11T08:07:08+00:00
CVE-2026-72877,added,,cve_2026_to_now,2026-08-11T08:07:08+00:00
CVE-2026-72878,added,,cve_2026_to_now,2026-08-11T08:07:08+00:00
CVE-2026-72879,added,,cve_2026_to_now,2026-08-11T08:07:08+00:00
CVE-2026-72880,added,,cve_2026_to_now,2026-08-11T08:07:08+00:00
CVE-2026-72881,added,,cve_2026_to_now,2026-08-11T08:07:08+00:00
CVE-2026-72882,added,,cve_2026_to_now,2026-08-11T08:07:08+00:00
CVE-2026-72883,added,,cve_2026_to_now,2026-08-11T08:07:08+00:00
CVE-2026-72884,added,,cve_2026_to_now,2026-08-11T08:07:08+00:00
CVE-2026-72885,added,,cve_2026_to_now,2026-08-11T08:07:08+00:00
CVE-2026-72886,added,,cve_2026_to_now,2026-08-11T08:07:08+00:00
CVE-2026-72898,added,2026-08-11,cve_2026_to_now,2026-08-11T08:07:08+00:00
CVE-2026-72899,added,2026-08-11,cve_2026_to_now,2026-08-11T08:07:08+00:00
CVE-2026-72900,added,,cve_2026_to_now,2026-08-11T08:07:08+00:00
CVE-2026-72901,added,,cve_2026_to_now,2026-08-11T08:07:08+00:00
CVE-2026-72902,added,,cve_2026_to_now,2026-08-11T08:07:08+00:00
CVE-2026-72903,added,,cve_2026_to_now,2026-08-11T08:07:08+00:00
CVE-2026-72904,added,,cve_2026_to_now,2026-08-11T08:07:08+00:00
CVE-2026-72906,added,,cve_2026_to_now,2026-08-11T08:07:08+00:00
CVE-2026-72907,added,,cve_2026_to_now,2026-08-11T08:07:08+00:00
CVE-2026-72908,added,,cve_2026_to_now,2026-08-11T08:07:08+00:00
CVE-2026-72909,added,,cve_2026_to_now,2026-08-11T08:07:08+00:00
CVE-2026-72910,added,,cve_2026_to_now,2026-08-11T08:07:08+00:00
CVE-2026-72911,added,,cve_2026_to_now,2026-08-11T08:07:08+00:00
CVE-2026-72912,added,,cve_2026_to_now,2026-08-11T08:07:08+00:00
CVE-2026-72913,added,,cve_2026_to_now,2026-08-11T08:07:08+00:00
CVE-2026-72914,added,,cve_2026_to_now,2026-08-11T08:07:08+00:00
CVE-2026-72915,added,,cve_2026_to_now,2026-08-11T08:07:08+00:00
CVE-2026-72916,added,,cve_2026_to_now,2026-08-11T08:07:08+00:00
CVE-2026-72917,added,,cve_2026_to_now,2026-08-11T08:07:08+00:00
CVE-2026-72918,added,,cve_2026_to_now,2026-08-11T08:07:08+00:00
CVE-2026-72919,added,,cve_2026_to_now,2026-08-11T08:07:08+00:00
CVE-2026-73030,added,,cve_2026_to_now,2026-08-11T08:07:08+00:00
CVE-2026-73033,added,,cve_2026_to_now,2026-08-11T08:07:08+00:00
CVE-2026-73035,added,,cve_2026_to_now,2026-08-11T08:07:08+00:00
CVE-2026-73140,added,,cve_2026_to_now,2026-08-11T08:07:08+00:00
CVE-2026-73155,added,,cve_2026_to_now,2026-08-11T08:07:08+00:00
CVE-2026-73156,added,,cve_2026_to_now,2026-08-11T08:07:08+00:00
