cve_id,change_type,date_updated,shard,run_utc
CVE-2020-15875,updated,2026-09-14,cve_2022_and_before,2026-09-15T12:25:56+00:00
CVE-2022-26962,updated,2026-09-14,cve_2022_and_before,2026-09-15T12:25:56+00:00
CVE-2022-29567,updated,2026-09-14,cve_2022_and_before,2026-09-15T12:25:56+00:00
CVE-2022-42917,updated,2026-09-14,cve_2022_and_before,2026-09-15T12:25:56+00:00
CVE-2022-51013,updated,2026-09-14,cve_2022_and_before,2026-09-15T12:25:56+00:00
CVE-2022-51018,updated,2026-09-14,cve_2022_and_before,2026-09-15T12:25:56+00:00
CVE-2023-5578,updated,2026-09-15,cve_2023_to_2025,2026-09-15T12:25:56+00:00
CVE-2023-5685,updated,2026-09-14,cve_2023_to_2025,2026-09-15T12:25:56+00:00
CVE-2023-22631,updated,,cve_2023_to_2025,2026-09-15T12:25:56+00:00
CVE-2023-22632,updated,,cve_2023_to_2025,2026-09-15T12:25:56+00:00
CVE-2023-24034,updated,,cve_2023_to_2025,2026-09-15T12:25:56+00:00
CVE-2023-24283,updated,,cve_2023_to_2025,2026-09-15T12:25:56+00:00
CVE-2023-24284,updated,,cve_2023_to_2025,2026-09-15T12:25:56+00:00
CVE-2023-24285,updated,,cve_2023_to_2025,2026-09-15T12:25:56+00:00
CVE-2023-24286,updated,,cve_2023_to_2025,2026-09-15T12:25:56+00:00
CVE-2023-24288,updated,,cve_2023_to_2025,2026-09-15T12:25:56+00:00
CVE-2023-24291,updated,,cve_2023_to_2025,2026-09-15T12:25:56+00:00
CVE-2023-25499,updated,2026-09-14,cve_2023_to_2025,2026-09-15T12:25:56+00:00
CVE-2023-25500,updated,2026-09-14,cve_2023_to_2025,2026-09-15T12:25:56+00:00
CVE-2023-28148,updated,,cve_2023_to_2025,2026-09-15T12:25:56+00:00
CVE-2023-29377,updated,,cve_2023_to_2025,2026-09-15T12:25:56+00:00
CVE-2023-32803,updated,,cve_2023_to_2025,2026-09-15T12:25:56+00:00
CVE-2023-34854,updated,,cve_2023_to_2025,2026-09-15T12:25:56+00:00
CVE-2023-37252,updated,,cve_2023_to_2025,2026-09-15T12:25:56+00:00
CVE-2023-37253,updated,,cve_2023_to_2025,2026-09-15T12:25:56+00:00
CVE-2023-40772,updated,,cve_2023_to_2025,2026-09-15T12:25:56+00:00
CVE-2023-45023,updated,,cve_2023_to_2025,2026-09-15T12:25:56+00:00
CVE-2023-45858,updated,,cve_2023_to_2025,2026-09-15T12:25:56+00:00
CVE-2023-46035,updated,,cve_2023_to_2025,2026-09-15T12:25:56+00:00
CVE-2023-50459,updated,,cve_2023_to_2025,2026-09-15T12:25:56+00:00
CVE-2023-50460,updated,,cve_2023_to_2025,2026-09-15T12:25:56+00:00
CVE-2023-50461,updated,,cve_2023_to_2025,2026-09-15T12:25:56+00:00
CVE-2023-50462,updated,,cve_2023_to_2025,2026-09-15T12:25:56+00:00
CVE-2024-23176,updated,,cve_2023_to_2025,2026-09-15T12:25:56+00:00
CVE-2024-53920,updated,2025-03-13,cve_2023_to_2025,2026-09-15T12:25:56+00:00
CVE-2024-53922,updated,2026-09-14,cve_2023_to_2025,2026-09-15T12:25:56+00:00
CVE-2025-5802,added,,cve_2023_to_2025,2026-09-15T12:25:56+00:00
CVE-2025-8538,updated,2026-09-15,cve_2023_to_2025,2026-09-15T12:25:56+00:00
CVE-2025-8539,updated,2026-09-15,cve_2023_to_2025,2026-09-15T12:25:56+00:00
CVE-2025-9086,updated,2026-09-15,cve_2023_to_2025,2026-09-15T12:25:56+00:00
CVE-2025-10012,updated,2026-09-15,cve_2023_to_2025,2026-09-15T12:25:56+00:00
CVE-2025-10148,updated,2026-09-15,cve_2023_to_2025,2026-09-15T12:25:56+00:00
CVE-2025-10938,updated,2026-09-14,cve_2023_to_2025,2026-09-15T12:25:56+00:00
CVE-2025-10966,updated,2026-09-15,cve_2023_to_2025,2026-09-15T12:25:56+00:00
CVE-2025-11003,updated,2026-09-14,cve_2023_to_2025,2026-09-15T12:25:56+00:00
CVE-2025-12821,updated,2026-09-14,cve_2023_to_2025,2026-09-15T12:25:56+00:00
CVE-2025-13034,updated,2026-09-15,cve_2023_to_2025,2026-09-15T12:25:56+00:00
CVE-2025-13146,updated,2026-09-14,cve_2023_to_2025,2026-09-15T12:25:56+00:00
CVE-2025-13166,added,,cve_2023_to_2025,2026-09-15T12:25:56+00:00
CVE-2025-14017,updated,2026-09-15,cve_2023_to_2025,2026-09-15T12:25:56+00:00
CVE-2025-14524,updated,2026-09-15,cve_2023_to_2025,2026-09-15T12:25:56+00:00
CVE-2025-14813,updated,2026-09-15,cve_2023_to_2025,2026-09-15T12:25:56+00:00
CVE-2025-14819,updated,2026-09-15,cve_2023_to_2025,2026-09-15T12:25:56+00:00
CVE-2025-15079,updated,2026-09-15,cve_2023_to_2025,2026-09-15T12:25:56+00:00
CVE-2025-15224,updated,2026-09-15,cve_2023_to_2025,2026-09-15T12:25:56+00:00
CVE-2025-23367,updated,2026-09-14,cve_2023_to_2025,2026-09-15T12:25:56+00:00
CVE-2025-23368,updated,2026-09-14,cve_2023_to_2025,2026-09-15T12:25:56+00:00
CVE-2025-24890,added,,cve_2023_to_2025,2026-09-15T12:25:56+00:00
CVE-2025-26790,updated,,cve_2023_to_2025,2026-09-15T12:25:56+00:00
CVE-2025-45480,updated,2026-09-14,cve_2023_to_2025,2026-09-15T12:25:56+00:00
CVE-2025-61726,updated,2026-09-15,cve_2023_to_2025,2026-09-15T12:25:56+00:00
CVE-2025-63842,updated,2026-09-14,cve_2023_to_2025,2026-09-15T12:25:56+00:00
CVE-2025-64059,updated,2026-09-14,cve_2023_to_2025,2026-09-15T12:25:56+00:00
CVE-2025-67030,updated,2026-09-15,cve_2023_to_2025,2026-09-15T12:25:56+00:00
CVE-2025-68624,updated,,cve_2023_to_2025,2026-09-15T12:25:56+00:00
CVE-2025-69223,updated,2026-09-15,cve_2023_to_2025,2026-09-15T12:25:56+00:00
CVE-2025-70819,updated,2026-09-14,cve_2023_to_2025,2026-09-15T12:25:56+00:00
CVE-2026-0636,updated,2026-09-15,cve_2026_to_now,2026-09-15T12:25:56+00:00
CVE-2026-1758,added,,cve_2026_to_now,2026-09-15T12:25:56+00:00
CVE-2026-1759,added,,cve_2026_to_now,2026-09-15T12:25:56+00:00
CVE-2026-1965,updated,2026-09-15,cve_2026_to_now,2026-09-15T12:25:56+00:00
CVE-2026-2015,updated,2026-09-15,cve_2026_to_now,2026-09-15T12:25:56+00:00
CVE-2026-3012,updated,2026-09-15,cve_2026_to_now,2026-09-15T12:25:56+00:00
CVE-2026-3505,updated,2026-09-15,cve_2026_to_now,2026-09-15T12:25:56+00:00
CVE-2026-3783,updated,2026-09-15,cve_2026_to_now,2026-09-15T12:25:56+00:00
CVE-2026-3784,updated,2026-09-15,cve_2026_to_now,2026-09-15T12:25:56+00:00
CVE-2026-3805,updated,2026-09-15,cve_2026_to_now,2026-09-15T12:25:56+00:00
CVE-2026-4103,added,,cve_2026_to_now,2026-09-15T12:25:56+00:00
CVE-2026-4873,updated,2026-09-15,cve_2026_to_now,2026-09-15T12:25:56+00:00
CVE-2026-5545,updated,2026-09-15,cve_2026_to_now,2026-09-15T12:25:56+00:00
CVE-2026-5588,updated,2026-09-15,cve_2026_to_now,2026-09-15T12:25:56+00:00
CVE-2026-5598,updated,2026-09-15,cve_2026_to_now,2026-09-15T12:25:56+00:00
CVE-2026-5773,updated,2026-09-15,cve_2026_to_now,2026-09-15T12:25:56+00:00
CVE-2026-6253,updated,2026-09-15,cve_2026_to_now,2026-09-15T12:25:56+00:00
CVE-2026-6276,updated,2026-09-15,cve_2026_to_now,2026-09-15T12:25:56+00:00
CVE-2026-6285,updated,2026-09-15,cve_2026_to_now,2026-09-15T12:25:56+00:00
CVE-2026-6429,updated,2026-09-15,cve_2026_to_now,2026-09-15T12:25:56+00:00
CVE-2026-6893,updated,2026-09-15,cve_2026_to_now,2026-09-15T12:25:56+00:00
CVE-2026-7168,updated,2026-09-15,cve_2026_to_now,2026-09-15T12:25:56+00:00
CVE-2026-7208,updated,,cve_2026_to_now,2026-09-15T12:25:56+00:00
CVE-2026-7848,added,,cve_2026_to_now,2026-09-15T12:25:56+00:00
CVE-2026-7860,updated,2026-09-14,cve_2026_to_now,2026-09-15T12:25:56+00:00
CVE-2026-7884,added,,cve_2026_to_now,2026-09-15T12:25:56+00:00
CVE-2026-8286,updated,2026-09-15,cve_2026_to_now,2026-09-15T12:25:56+00:00
CVE-2026-8458,updated,2026-09-15,cve_2026_to_now,2026-09-15T12:25:56+00:00
CVE-2026-8643,updated,2026-09-15,cve_2026_to_now,2026-09-15T12:25:56+00:00
CVE-2026-8924,updated,2026-09-15,cve_2026_to_now,2026-09-15T12:25:56+00:00
CVE-2026-8925,updated,2026-09-15,cve_2026_to_now,2026-09-15T12:25:56+00:00
CVE-2026-8926,updated,2026-09-15,cve_2026_to_now,2026-09-15T12:25:56+00:00
CVE-2026-8927,updated,2026-09-15,cve_2026_to_now,2026-09-15T12:25:56+00:00
CVE-2026-8932,updated,2026-09-15,cve_2026_to_now,2026-09-15T12:25:56+00:00
CVE-2026-9079,updated,2026-09-15,cve_2026_to_now,2026-09-15T12:25:56+00:00
CVE-2026-9080,updated,2026-09-15,cve_2026_to_now,2026-09-15T12:25:56+00:00
CVE-2026-9323,updated,2026-07-20,cve_2026_to_now,2026-09-15T12:25:56+00:00
CVE-2026-9336,updated,2026-09-14,cve_2026_to_now,2026-09-15T12:25:56+00:00
CVE-2026-9545,updated,2026-09-15,cve_2026_to_now,2026-09-15T12:25:56+00:00
CVE-2026-9546,updated,2026-09-15,cve_2026_to_now,2026-09-15T12:25:56+00:00
CVE-2026-9547,updated,2026-09-15,cve_2026_to_now,2026-09-15T12:25:56+00:00
CVE-2026-9667,updated,2026-09-14,cve_2026_to_now,2026-09-15T12:25:56+00:00
CVE-2026-9796,updated,2026-09-15,cve_2026_to_now,2026-09-15T12:25:56+00:00
CVE-2026-10148,updated,2026-09-14,cve_2026_to_now,2026-09-15T12:25:56+00:00
CVE-2026-10536,updated,2026-09-15,cve_2026_to_now,2026-09-15T12:25:56+00:00
CVE-2026-11332,updated,2026-09-15,cve_2026_to_now,2026-09-15T12:25:56+00:00
CVE-2026-11352,updated,2026-09-15,cve_2026_to_now,2026-09-15T12:25:56+00:00
CVE-2026-11355,updated,2026-09-14,cve_2026_to_now,2026-09-15T12:25:56+00:00
CVE-2026-11564,updated,2026-09-15,cve_2026_to_now,2026-09-15T12:25:56+00:00
CVE-2026-11586,updated,2026-09-15,cve_2026_to_now,2026-09-15T12:25:56+00:00
CVE-2026-11856,updated,2026-09-15,cve_2026_to_now,2026-09-15T12:25:56+00:00
CVE-2026-11993,updated,,cve_2026_to_now,2026-09-15T12:25:56+00:00
CVE-2026-12064,updated,2026-09-15,cve_2026_to_now,2026-09-15T12:25:56+00:00
CVE-2026-12258,updated,,cve_2026_to_now,2026-09-15T12:25:56+00:00
CVE-2026-12682,updated,2026-09-15,cve_2026_to_now,2026-09-15T12:25:56+00:00
CVE-2026-12683,updated,2026-09-15,cve_2026_to_now,2026-09-15T12:25:56+00:00
CVE-2026-12756,added,,cve_2026_to_now,2026-09-15T12:25:56+00:00
CVE-2026-12758,added,,cve_2026_to_now,2026-09-15T12:25:56+00:00
CVE-2026-12759,added,,cve_2026_to_now,2026-09-15T12:25:56+00:00
CVE-2026-12763,added,,cve_2026_to_now,2026-09-15T12:25:56+00:00
CVE-2026-12765,added,,cve_2026_to_now,2026-09-15T12:25:56+00:00
CVE-2026-12766,added,,cve_2026_to_now,2026-09-15T12:25:56+00:00
CVE-2026-12767,added,,cve_2026_to_now,2026-09-15T12:25:56+00:00
CVE-2026-12944,added,,cve_2026_to_now,2026-09-15T12:25:56+00:00
CVE-2026-12985,added,2026-09-15,cve_2026_to_now,2026-09-15T12:25:56+00:00
CVE-2026-13107,added,,cve_2026_to_now,2026-09-15T12:25:56+00:00
CVE-2026-13260,added,,cve_2026_to_now,2026-09-15T12:25:56+00:00
CVE-2026-13265,added,,cve_2026_to_now,2026-09-15T12:25:56+00:00
CVE-2026-13272,added,,cve_2026_to_now,2026-09-15T12:25:56+00:00
CVE-2026-13275,added,,cve_2026_to_now,2026-09-15T12:25:56+00:00
CVE-2026-13276,added,,cve_2026_to_now,2026-09-15T12:25:56+00:00
CVE-2026-13277,added,,cve_2026_to_now,2026-09-15T12:25:56+00:00
CVE-2026-13285,added,,cve_2026_to_now,2026-09-15T12:25:56+00:00
CVE-2026-13287,added,,cve_2026_to_now,2026-09-15T12:25:56+00:00
CVE-2026-13293,added,,cve_2026_to_now,2026-09-15T12:25:56+00:00
CVE-2026-13608,updated,2026-09-15,cve_2026_to_now,2026-09-15T12:25:56+00:00
CVE-2026-14259,updated,,cve_2026_to_now,2026-09-15T12:25:56+00:00
CVE-2026-14275,added,,cve_2026_to_now,2026-09-15T12:25:56+00:00
CVE-2026-14276,added,,cve_2026_to_now,2026-09-15T12:25:56+00:00
CVE-2026-14277,added,,cve_2026_to_now,2026-09-15T12:25:56+00:00
CVE-2026-14986,added,,cve_2026_to_now,2026-09-15T12:25:56+00:00
CVE-2026-15396,added,,cve_2026_to_now,2026-09-15T12:25:56+00:00
CVE-2026-15402,added,,cve_2026_to_now,2026-09-15T12:25:56+00:00
CVE-2026-15412,added,,cve_2026_to_now,2026-09-15T12:25:56+00:00
CVE-2026-15451,updated,2026-09-14,cve_2026_to_now,2026-09-15T12:25:56+00:00
CVE-2026-15600,added,,cve_2026_to_now,2026-09-15T12:25:56+00:00
CVE-2026-15634,added,,cve_2026_to_now,2026-09-15T12:25:56+00:00
CVE-2026-15758,added,,cve_2026_to_now,2026-09-15T12:25:56+00:00
CVE-2026-15816,updated,2026-09-15,cve_2026_to_now,2026-09-15T12:25:56+00:00
CVE-2026-15887,added,,cve_2026_to_now,2026-09-15T12:25:56+00:00
CVE-2026-15893,added,,cve_2026_to_now,2026-09-15T12:25:56+00:00
CVE-2026-15923,added,,cve_2026_to_now,2026-09-15T12:25:56+00:00
CVE-2026-15924,added,,cve_2026_to_now,2026-09-15T12:25:56+00:00
CVE-2026-15955,added,,cve_2026_to_now,2026-09-15T12:25:56+00:00
CVE-2026-16147,added,,cve_2026_to_now,2026-09-15T12:25:56+00:00
CVE-2026-16148,added,,cve_2026_to_now,2026-09-15T12:25:56+00:00
CVE-2026-16185,added,,cve_2026_to_now,2026-09-15T12:25:56+00:00
CVE-2026-16186,added,,cve_2026_to_now,2026-09-15T12:25:56+00:00
CVE-2026-16187,added,,cve_2026_to_now,2026-09-15T12:25:56+00:00
CVE-2026-16188,added,,cve_2026_to_now,2026-09-15T12:25:56+00:00
CVE-2026-16189,added,,cve_2026_to_now,2026-09-15T12:25:56+00:00
CVE-2026-16190,added,,cve_2026_to_now,2026-09-15T12:25:56+00:00
CVE-2026-16242,updated,2026-09-14,cve_2026_to_now,2026-09-15T12:25:56+00:00
CVE-2026-16335,added,,cve_2026_to_now,2026-09-15T12:25:56+00:00
CVE-2026-16338,added,,cve_2026_to_now,2026-09-15T12:25:56+00:00
CVE-2026-16428,added,,cve_2026_to_now,2026-09-15T12:25:56+00:00
CVE-2026-16432,added,,cve_2026_to_now,2026-09-15T12:25:56+00:00
CVE-2026-16435,added,,cve_2026_to_now,2026-09-15T12:25:56+00:00
CVE-2026-16466,added,,cve_2026_to_now,2026-09-15T12:25:56+00:00
CVE-2026-16592,added,,cve_2026_to_now,2026-09-15T12:25:56+00:00
CVE-2026-16593,added,,cve_2026_to_now,2026-09-15T12:25:56+00:00
CVE-2026-16673,added,,cve_2026_to_now,2026-09-15T12:25:56+00:00
CVE-2026-16702,added,,cve_2026_to_now,2026-09-15T12:25:56+00:00
CVE-2026-16772,updated,2026-09-14,cve_2026_to_now,2026-09-15T12:25:56+00:00
CVE-2026-17047,added,,cve_2026_to_now,2026-09-15T12:25:56+00:00
CVE-2026-17133,added,2026-09-15,cve_2026_to_now,2026-09-15T12:25:56+00:00
CVE-2026-17156,added,2026-09-15,cve_2026_to_now,2026-09-15T12:25:56+00:00
CVE-2026-17416,added,2026-09-15,cve_2026_to_now,2026-09-15T12:25:56+00:00
CVE-2026-17463,added,,cve_2026_to_now,2026-09-15T12:25:56+00:00
CVE-2026-17467,added,,cve_2026_to_now,2026-09-15T12:25:56+00:00
CVE-2026-17495,added,,cve_2026_to_now,2026-09-15T12:25:56+00:00
CVE-2026-17585,updated,2026-09-14,cve_2026_to_now,2026-09-15T12:25:56+00:00
CVE-2026-17628,added,,cve_2026_to_now,2026-09-15T12:25:56+00:00
CVE-2026-18063,added,,cve_2026_to_now,2026-09-15T12:25:56+00:00
CVE-2026-18065,added,,cve_2026_to_now,2026-09-15T12:25:56+00:00
CVE-2026-18069,added,,cve_2026_to_now,2026-09-15T12:25:56+00:00
CVE-2026-18116,added,,cve_2026_to_now,2026-09-15T12:25:56+00:00
CVE-2026-18117,added,,cve_2026_to_now,2026-09-15T12:25:56+00:00
CVE-2026-18119,added,,cve_2026_to_now,2026-09-15T12:25:56+00:00
CVE-2026-18151,added,,cve_2026_to_now,2026-09-15T12:25:56+00:00
CVE-2026-18232,added,,cve_2026_to_now,2026-09-15T12:25:56+00:00
CVE-2026-18251,added,,cve_2026_to_now,2026-09-15T12:25:56+00:00
CVE-2026-18515,added,,cve_2026_to_now,2026-09-15T12:25:56+00:00
CVE-2026-18917,updated,2026-09-15,cve_2026_to_now,2026-09-15T12:25:56+00:00
CVE-2026-18924,updated,2026-09-15,cve_2026_to_now,2026-09-15T12:25:56+00:00
CVE-2026-19086,added,,cve_2026_to_now,2026-09-15T12:25:56+00:00
CVE-2026-19273,added,,cve_2026_to_now,2026-09-15T12:25:56+00:00
CVE-2026-19280,added,,cve_2026_to_now,2026-09-15T12:25:56+00:00
CVE-2026-19290,added,,cve_2026_to_now,2026-09-15T12:25:56+00:00
CVE-2026-19389,updated,2026-09-15,cve_2026_to_now,2026-09-15T12:25:56+00:00
CVE-2026-19499,added,,cve_2026_to_now,2026-09-15T12:25:56+00:00
CVE-2026-19515,added,,cve_2026_to_now,2026-09-15T12:25:56+00:00
CVE-2026-19542,added,,cve_2026_to_now,2026-09-15T12:25:56+00:00
CVE-2026-19543,added,,cve_2026_to_now,2026-09-15T12:25:56+00:00
CVE-2026-19624,added,,cve_2026_to_now,2026-09-15T12:25:56+00:00
CVE-2026-19816,added,,cve_2026_to_now,2026-09-15T12:25:56+00:00
CVE-2026-19931,updated,2026-09-15,cve_2026_to_now,2026-09-15T12:25:56+00:00
CVE-2026-20353,added,2026-09-15,cve_2026_to_now,2026-09-15T12:25:56+00:00
CVE-2026-20683,added,,cve_2026_to_now,2026-09-15T12:25:56+00:00
CVE-2026-21391,updated,,cve_2026_to_now,2026-09-15T12:25:56+00:00
CVE-2026-21441,updated,2026-09-15,cve_2026_to_now,2026-09-15T12:25:56+00:00
CVE-2026-22591,updated,2026-09-14,cve_2026_to_now,2026-09-15T12:25:56+00:00
CVE-2026-23786,updated,,cve_2026_to_now,2026-09-15T12:25:56+00:00
CVE-2026-23787,updated,,cve_2026_to_now,2026-09-15T12:25:56+00:00
CVE-2026-23788,updated,,cve_2026_to_now,2026-09-15T12:25:56+00:00
CVE-2026-23790,updated,,cve_2026_to_now,2026-09-15T12:25:56+00:00
CVE-2026-23791,updated,,cve_2026_to_now,2026-09-15T12:25:56+00:00
CVE-2026-23792,updated,,cve_2026_to_now,2026-09-15T12:25:56+00:00
CVE-2026-23793,updated,,cve_2026_to_now,2026-09-15T12:25:56+00:00
CVE-2026-24301,updated,2026-09-14,cve_2026_to_now,2026-09-15T12:25:56+00:00
CVE-2026-25470,updated,2026-09-14,cve_2026_to_now,2026-09-15T12:25:56+00:00
CVE-2026-25679,updated,2026-09-15,cve_2026_to_now,2026-09-15T12:25:56+00:00
CVE-2026-25687,added,2026-09-15,cve_2026_to_now,2026-09-15T12:25:56+00:00
CVE-2026-25832,updated,,cve_2026_to_now,2026-09-15T12:25:56+00:00
CVE-2026-27137,updated,2026-09-15,cve_2026_to_now,2026-09-15T12:25:56+00:00
CVE-2026-27446,updated,2026-09-15,cve_2026_to_now,2026-09-15T12:25:56+00:00
CVE-2026-27727,updated,2026-09-15,cve_2026_to_now,2026-09-15T12:25:56+00:00
CVE-2026-27830,updated,2026-09-15,cve_2026_to_now,2026-09-15T12:25:56+00:00
CVE-2026-28836,added,,cve_2026_to_now,2026-09-15T12:25:56+00:00
CVE-2026-28899,added,,cve_2026_to_now,2026-09-15T12:25:56+00:00
CVE-2026-28933,added,,cve_2026_to_now,2026-09-15T12:25:56+00:00
CVE-2026-28934,added,,cve_2026_to_now,2026-09-15T12:25:56+00:00
CVE-2026-28935,added,,cve_2026_to_now,2026-09-15T12:25:56+00:00
CVE-2026-28937,added,,cve_2026_to_now,2026-09-15T12:25:56+00:00
CVE-2026-28938,added,,cve_2026_to_now,2026-09-15T12:25:56+00:00
CVE-2026-28960,added,,cve_2026_to_now,2026-09-15T12:25:56+00:00
CVE-2026-28966,added,,cve_2026_to_now,2026-09-15T12:25:56+00:00
CVE-2026-28968,added,,cve_2026_to_now,2026-09-15T12:25:56+00:00
CVE-2026-28969,updated,2026-09-14,cve_2026_to_now,2026-09-15T12:25:56+00:00
CVE-2026-29810,updated,2026-09-14,cve_2026_to_now,2026-09-15T12:25:56+00:00
CVE-2026-29811,updated,2026-09-14,cve_2026_to_now,2026-09-15T12:25:56+00:00
CVE-2026-29812,updated,2026-09-14,cve_2026_to_now,2026-09-15T12:25:56+00:00
CVE-2026-31663,updated,2026-09-15,cve_2026_to_now,2026-09-15T12:25:56+00:00
CVE-2026-32280,updated,2026-09-15,cve_2026_to_now,2026-09-15T12:25:56+00:00
CVE-2026-32283,updated,2026-09-15,cve_2026_to_now,2026-09-15T12:25:56+00:00
CVE-2026-33186,updated,2026-09-15,cve_2026_to_now,2026-09-15T12:25:56+00:00
CVE-2026-33810,updated,2026-09-15,cve_2026_to_now,2026-09-15T12:25:56+00:00
CVE-2026-33811,updated,2026-09-15,cve_2026_to_now,2026-09-15T12:25:56+00:00
CVE-2026-33814,updated,2026-09-15,cve_2026_to_now,2026-09-15T12:25:56+00:00
CVE-2026-33870,updated,2026-09-15,cve_2026_to_now,2026-09-15T12:25:56+00:00
CVE-2026-33871,updated,2026-09-15,cve_2026_to_now,2026-09-15T12:25:56+00:00
CVE-2026-33956,updated,,cve_2026_to_now,2026-09-15T12:25:56+00:00
CVE-2026-33957,updated,,cve_2026_to_now,2026-09-15T12:25:56+00:00
CVE-2026-33960,updated,,cve_2026_to_now,2026-09-15T12:25:56+00:00
CVE-2026-33962,updated,,cve_2026_to_now,2026-09-15T12:25:56+00:00
CVE-2026-33964,updated,,cve_2026_to_now,2026-09-15T12:25:56+00:00
CVE-2026-33966,updated,,cve_2026_to_now,2026-09-15T12:25:56+00:00
CVE-2026-33967,updated,,cve_2026_to_now,2026-09-15T12:25:56+00:00
CVE-2026-33968,updated,,cve_2026_to_now,2026-09-15T12:25:56+00:00
CVE-2026-34151,added,,cve_2026_to_now,2026-09-15T12:25:56+00:00
CVE-2026-34223,updated,2026-09-14,cve_2026_to_now,2026-09-15T12:25:56+00:00
CVE-2026-34986,updated,2026-09-15,cve_2026_to_now,2026-09-15T12:25:56+00:00
CVE-2026-35867,updated,2026-09-14,cve_2026_to_now,2026-09-15T12:25:56+00:00
CVE-2026-36453,updated,2026-09-14,cve_2026_to_now,2026-09-15T12:25:56+00:00
CVE-2026-37008,updated,2026-09-14,cve_2026_to_now,2026-09-15T12:25:56+00:00
CVE-2026-38332,updated,2026-09-14,cve_2026_to_now,2026-09-15T12:25:56+00:00
CVE-2026-38626,updated,2026-09-14,cve_2026_to_now,2026-09-15T12:25:56+00:00
CVE-2026-38924,updated,,cve_2026_to_now,2026-09-15T12:25:56+00:00
CVE-2026-39820,updated,2026-09-15,cve_2026_to_now,2026-09-15T12:25:56+00:00
CVE-2026-39821,updated,2026-09-15,cve_2026_to_now,2026-09-15T12:25:56+00:00
CVE-2026-39828,updated,2026-09-15,cve_2026_to_now,2026-09-15T12:25:56+00:00
CVE-2026-39829,updated,2026-09-15,cve_2026_to_now,2026-09-15T12:25:56+00:00
CVE-2026-39830,updated,2026-09-15,cve_2026_to_now,2026-09-15T12:25:56+00:00
CVE-2026-39832,updated,2026-09-15,cve_2026_to_now,2026-09-15T12:25:56+00:00
CVE-2026-39835,updated,2026-09-15,cve_2026_to_now,2026-09-15T12:25:56+00:00
CVE-2026-40375,updated,2026-09-14,cve_2026_to_now,2026-09-15T12:25:56+00:00
CVE-2026-40476,updated,2026-04-20,cve_2026_to_now,2026-09-15T12:25:56+00:00
CVE-2026-41573,added,,cve_2026_to_now,2026-09-15T12:25:56+00:00
CVE-2026-42010,updated,2026-09-15,cve_2026_to_now,2026-09-15T12:25:56+00:00
CVE-2026-42499,updated,2026-09-15,cve_2026_to_now,2026-09-15T12:25:56+00:00
CVE-2026-42508,updated,2026-09-15,cve_2026_to_now,2026-09-15T12:25:56+00:00
CVE-2026-42976,updated,2026-09-14,cve_2026_to_now,2026-09-15T12:25:56+00:00
CVE-2026-43112,updated,2026-09-15,cve_2026_to_now,2026-09-15T12:25:56+00:00
CVE-2026-43114,updated,2026-09-15,cve_2026_to_now,2026-09-15T12:25:56+00:00
CVE-2026-43133,updated,2026-09-15,cve_2026_to_now,2026-09-15T12:25:56+00:00
CVE-2026-43329,updated,2026-09-15,cve_2026_to_now,2026-09-15T12:25:56+00:00
CVE-2026-43502,updated,2026-09-15,cve_2026_to_now,2026-09-15T12:25:56+00:00
CVE-2026-43661,updated,2026-09-14,cve_2026_to_now,2026-09-15T12:25:56+00:00
CVE-2026-43664,added,,cve_2026_to_now,2026-09-15T12:25:56+00:00
CVE-2026-43674,added,,cve_2026_to_now,2026-09-15T12:25:56+00:00
CVE-2026-43677,added,,cve_2026_to_now,2026-09-15T12:25:56+00:00
CVE-2026-43683,added,,cve_2026_to_now,2026-09-15T12:25:56+00:00
CVE-2026-43684,added,,cve_2026_to_now,2026-09-15T12:25:56+00:00
CVE-2026-43686,added,,cve_2026_to_now,2026-09-15T12:25:56+00:00
CVE-2026-43687,added,,cve_2026_to_now,2026-09-15T12:25:56+00:00
CVE-2026-43688,added,,cve_2026_to_now,2026-09-15T12:25:56+00:00
CVE-2026-43689,added,2026-09-15,cve_2026_to_now,2026-09-15T12:25:56+00:00
CVE-2026-43690,added,,cve_2026_to_now,2026-09-15T12:25:56+00:00
CVE-2026-43691,added,2026-09-15,cve_2026_to_now,2026-09-15T12:25:56+00:00
CVE-2026-43692,added,2026-09-15,cve_2026_to_now,2026-09-15T12:25:56+00:00
CVE-2026-43695,added,,cve_2026_to_now,2026-09-15T12:25:56+00:00
CVE-2026-43696,added,,cve_2026_to_now,2026-09-15T12:25:56+00:00
CVE-2026-43697,added,,cve_2026_to_now,2026-09-15T12:25:56+00:00
CVE-2026-43698,updated,2026-09-14,cve_2026_to_now,2026-09-15T12:25:56+00:00
CVE-2026-43702,added,,cve_2026_to_now,2026-09-15T12:25:56+00:00
CVE-2026-43715,updated,2026-09-14,cve_2026_to_now,2026-09-15T12:25:56+00:00
CVE-2026-43719,added,,cve_2026_to_now,2026-09-15T12:25:56+00:00
CVE-2026-43737,added,,cve_2026_to_now,2026-09-15T12:25:56+00:00
CVE-2026-43738,updated,2026-09-14,cve_2026_to_now,2026-09-15T12:25:56+00:00
CVE-2026-43741,added,,cve_2026_to_now,2026-09-15T12:25:56+00:00
CVE-2026-43743,updated,2026-09-14,cve_2026_to_now,2026-09-15T12:25:56+00:00
CVE-2026-43746,updated,2026-09-14,cve_2026_to_now,2026-09-15T12:25:56+00:00
CVE-2026-43748,updated,2026-09-14,cve_2026_to_now,2026-09-15T12:25:56+00:00
CVE-2026-43760,updated,2026-09-14,cve_2026_to_now,2026-09-15T12:25:56+00:00
CVE-2026-43761,added,,cve_2026_to_now,2026-09-15T12:25:56+00:00
CVE-2026-43762,added,,cve_2026_to_now,2026-09-15T12:25:56+00:00
CVE-2026-43763,updated,2026-09-14,cve_2026_to_now,2026-09-15T12:25:56+00:00
CVE-2026-43783,added,2026-09-15,cve_2026_to_now,2026-09-15T12:25:56+00:00
CVE-2026-43785,added,,cve_2026_to_now,2026-09-15T12:25:56+00:00
CVE-2026-43786,added,2026-09-15,cve_2026_to_now,2026-09-15T12:25:56+00:00
CVE-2026-43787,added,,cve_2026_to_now,2026-09-15T12:25:56+00:00
CVE-2026-43788,added,,cve_2026_to_now,2026-09-15T12:25:56+00:00
CVE-2026-43789,added,,cve_2026_to_now,2026-09-15T12:25:56+00:00
CVE-2026-43790,added,,cve_2026_to_now,2026-09-15T12:25:56+00:00
CVE-2026-43791,added,,cve_2026_to_now,2026-09-15T12:25:56+00:00
CVE-2026-43794,updated,2026-09-14,cve_2026_to_now,2026-09-15T12:25:56+00:00
CVE-2026-43795,updated,2026-09-14,cve_2026_to_now,2026-09-15T12:25:56+00:00
CVE-2026-43808,added,,cve_2026_to_now,2026-09-15T12:25:56+00:00
CVE-2026-43815,added,,cve_2026_to_now,2026-09-15T12:25:56+00:00
CVE-2026-44162,added,,cve_2026_to_now,2026-09-15T12:25:56+00:00
CVE-2026-44202,added,,cve_2026_to_now,2026-09-15T12:25:56+00:00
CVE-2026-44203,added,,cve_2026_to_now,2026-09-15T12:25:56+00:00
CVE-2026-44793,added,,cve_2026_to_now,2026-09-15T12:25:56+00:00
CVE-2026-45048,added,,cve_2026_to_now,2026-09-15T12:25:56+00:00
CVE-2026-45051,added,,cve_2026_to_now,2026-09-15T12:25:56+00:00
CVE-2026-45052,added,,cve_2026_to_now,2026-09-15T12:25:56+00:00
CVE-2026-45056,updated,2026-09-14,cve_2026_to_now,2026-09-15T12:25:56+00:00
CVE-2026-45057,updated,2026-09-14,cve_2026_to_now,2026-09-15T12:25:56+00:00
CVE-2026-45794,added,,cve_2026_to_now,2026-09-15T12:25:56+00:00
CVE-2026-45898,updated,2026-09-15,cve_2026_to_now,2026-09-15T12:25:56+00:00
CVE-2026-45984,updated,2026-09-15,cve_2026_to_now,2026-09-15T12:25:56+00:00
CVE-2026-46054,updated,2026-09-15,cve_2026_to_now,2026-09-15T12:25:56+00:00
CVE-2026-46116,updated,2026-09-15,cve_2026_to_now,2026-09-15T12:25:56+00:00
CVE-2026-46176,updated,2026-09-15,cve_2026_to_now,2026-09-15T12:25:56+00:00
CVE-2026-46181,updated,2026-09-15,cve_2026_to_now,2026-09-15T12:25:56+00:00
CVE-2026-46331,updated,2026-09-15,cve_2026_to_now,2026-09-15T12:25:56+00:00
CVE-2026-46498,added,,cve_2026_to_now,2026-09-15T12:25:56+00:00
CVE-2026-46619,added,,cve_2026_to_now,2026-09-15T12:25:56+00:00
CVE-2026-46623,added,,cve_2026_to_now,2026-09-15T12:25:56+00:00
CVE-2026-46696,added,,cve_2026_to_now,2026-09-15T12:25:56+00:00
CVE-2026-47253,added,,cve_2026_to_now,2026-09-15T12:25:56+00:00
CVE-2026-47256,added,,cve_2026_to_now,2026-09-15T12:25:56+00:00
CVE-2026-47285,updated,2026-09-14,cve_2026_to_now,2026-09-15T12:25:56+00:00
CVE-2026-47297,updated,2026-09-14,cve_2026_to_now,2026-09-15T12:25:56+00:00
CVE-2026-47299,updated,2026-09-14,cve_2026_to_now,2026-09-15T12:25:56+00:00
CVE-2026-47424,added,,cve_2026_to_now,2026-09-15T12:25:56+00:00
CVE-2026-47426,added,,cve_2026_to_now,2026-09-15T12:25:56+00:00
CVE-2026-47701,added,,cve_2026_to_now,2026-09-15T12:25:56+00:00
CVE-2026-48054,updated,2026-09-14,cve_2026_to_now,2026-09-15T12:25:56+00:00
CVE-2026-48490,updated,2026-09-14,cve_2026_to_now,2026-09-15T12:25:56+00:00
CVE-2026-48496,updated,2026-09-14,cve_2026_to_now,2026-09-15T12:25:56+00:00
CVE-2026-48717,added,,cve_2026_to_now,2026-09-15T12:25:56+00:00
CVE-2026-49163,updated,2026-09-14,cve_2026_to_now,2026-09-15T12:25:56+00:00
CVE-2026-49179,updated,2026-09-14,cve_2026_to_now,2026-09-15T12:25:56+00:00
CVE-2026-49250,added,,cve_2026_to_now,2026-09-15T12:25:56+00:00
CVE-2026-49400,added,,cve_2026_to_now,2026-09-15T12:25:56+00:00
CVE-2026-49439,updated,2026-09-14,cve_2026_to_now,2026-09-15T12:25:56+00:00
CVE-2026-49462,updated,2026-09-14,cve_2026_to_now,2026-09-15T12:25:56+00:00
CVE-2026-49865,updated,2026-09-14,cve_2026_to_now,2026-09-15T12:25:56+00:00
CVE-2026-49992,updated,2026-09-14,cve_2026_to_now,2026-09-15T12:25:56+00:00
CVE-2026-50006,added,,cve_2026_to_now,2026-09-15T12:25:56+00:00
CVE-2026-50013,updated,2026-09-14,cve_2026_to_now,2026-09-15T12:25:56+00:00
CVE-2026-50018,updated,2026-09-14,cve_2026_to_now,2026-09-15T12:25:56+00:00
CVE-2026-50025,updated,2026-09-14,cve_2026_to_now,2026-09-15T12:25:56+00:00
CVE-2026-50157,added,,cve_2026_to_now,2026-09-15T12:25:56+00:00
CVE-2026-50270,added,,cve_2026_to_now,2026-09-15T12:25:56+00:00
CVE-2026-50276,added,,cve_2026_to_now,2026-09-15T12:25:56+00:00
CVE-2026-50349,updated,2026-09-14,cve_2026_to_now,2026-09-15T12:25:56+00:00
CVE-2026-50472,updated,2026-09-14,cve_2026_to_now,2026-09-15T12:25:56+00:00
CVE-2026-50481,updated,2026-09-14,cve_2026_to_now,2026-09-15T12:25:56+00:00
CVE-2026-50515,updated,2026-09-14,cve_2026_to_now,2026-09-15T12:25:56+00:00
CVE-2026-50516,updated,2026-09-14,cve_2026_to_now,2026-09-15T12:25:56+00:00
CVE-2026-50523,updated,2026-09-14,cve_2026_to_now,2026-09-15T12:25:56+00:00
CVE-2026-52297,updated,2026-09-14,cve_2026_to_now,2026-09-15T12:25:56+00:00
CVE-2026-52307,updated,2026-09-14,cve_2026_to_now,2026-09-15T12:25:56+00:00
CVE-2026-52630,updated,2026-09-14,cve_2026_to_now,2026-09-15T12:25:56+00:00
CVE-2026-52819,added,,cve_2026_to_now,2026-09-15T12:25:56+00:00
CVE-2026-52820,added,,cve_2026_to_now,2026-09-15T12:25:56+00:00
CVE-2026-52821,added,,cve_2026_to_now,2026-09-15T12:25:56+00:00
CVE-2026-52822,added,,cve_2026_to_now,2026-09-15T12:25:56+00:00
CVE-2026-52823,added,,cve_2026_to_now,2026-09-15T12:25:56+00:00
CVE-2026-52824,added,,cve_2026_to_now,2026-09-15T12:25:56+00:00
CVE-2026-52825,added,,cve_2026_to_now,2026-09-15T12:25:56+00:00
CVE-2026-52826,added,,cve_2026_to_now,2026-09-15T12:25:56+00:00
CVE-2026-52827,added,,cve_2026_to_now,2026-09-15T12:25:56+00:00
CVE-2026-52828,added,,cve_2026_to_now,2026-09-15T12:25:56+00:00
CVE-2026-52924,updated,2026-09-15,cve_2026_to_now,2026-09-15T12:25:56+00:00
CVE-2026-53495,added,,cve_2026_to_now,2026-09-15T12:25:56+00:00
CVE-2026-53496,added,,cve_2026_to_now,2026-09-15T12:25:56+00:00
CVE-2026-53659,added,,cve_2026_to_now,2026-09-15T12:25:56+00:00
CVE-2026-53660,added,,cve_2026_to_now,2026-09-15T12:25:56+00:00
CVE-2026-53708,added,,cve_2026_to_now,2026-09-15T12:25:56+00:00
CVE-2026-53713,added,,cve_2026_to_now,2026-09-15T12:25:56+00:00
CVE-2026-53714,added,,cve_2026_to_now,2026-09-15T12:25:56+00:00
CVE-2026-53715,added,,cve_2026_to_now,2026-09-15T12:25:56+00:00
CVE-2026-53716,added,,cve_2026_to_now,2026-09-15T12:25:56+00:00
CVE-2026-53717,added,,cve_2026_to_now,2026-09-15T12:25:56+00:00
CVE-2026-53718,added,,cve_2026_to_now,2026-09-15T12:25:56+00:00
CVE-2026-53719,added,,cve_2026_to_now,2026-09-15T12:25:56+00:00
CVE-2026-53752,added,,cve_2026_to_now,2026-09-15T12:25:56+00:00
CVE-2026-53952,updated,2026-09-14,cve_2026_to_now,2026-09-15T12:25:56+00:00
CVE-2026-54087,added,,cve_2026_to_now,2026-09-15T12:25:56+00:00
CVE-2026-54113,updated,2026-09-14,cve_2026_to_now,2026-09-15T12:25:56+00:00
CVE-2026-54123,updated,2026-09-14,cve_2026_to_now,2026-09-15T12:25:56+00:00
CVE-2026-54135,updated,2026-09-14,cve_2026_to_now,2026-09-15T12:25:56+00:00
CVE-2026-54150,added,,cve_2026_to_now,2026-09-15T12:25:56+00:00
CVE-2026-54155,added,,cve_2026_to_now,2026-09-15T12:25:56+00:00
CVE-2026-54156,added,,cve_2026_to_now,2026-09-15T12:25:56+00:00
CVE-2026-54165,updated,2026-09-14,cve_2026_to_now,2026-09-15T12:25:56+00:00
CVE-2026-54166,updated,2026-09-14,cve_2026_to_now,2026-09-15T12:25:56+00:00
CVE-2026-54174,updated,2026-09-14,cve_2026_to_now,2026-09-15T12:25:56+00:00
CVE-2026-54175,added,,cve_2026_to_now,2026-09-15T12:25:56+00:00
CVE-2026-54176,added,,cve_2026_to_now,2026-09-15T12:25:56+00:00
CVE-2026-54177,added,,cve_2026_to_now,2026-09-15T12:25:56+00:00
CVE-2026-54178,added,,cve_2026_to_now,2026-09-15T12:25:56+00:00
CVE-2026-54180,added,,cve_2026_to_now,2026-09-15T12:25:56+00:00
CVE-2026-54181,added,,cve_2026_to_now,2026-09-15T12:25:56+00:00
CVE-2026-54182,added,,cve_2026_to_now,2026-09-15T12:25:56+00:00
CVE-2026-54240,updated,2026-09-14,cve_2026_to_now,2026-09-15T12:25:56+00:00
CVE-2026-54241,updated,2026-09-14,cve_2026_to_now,2026-09-15T12:25:56+00:00
CVE-2026-54246,added,,cve_2026_to_now,2026-09-15T12:25:56+00:00
CVE-2026-54247,added,,cve_2026_to_now,2026-09-15T12:25:56+00:00
CVE-2026-54248,updated,2026-09-14,cve_2026_to_now,2026-09-15T12:25:56+00:00
CVE-2026-54333,added,,cve_2026_to_now,2026-09-15T12:25:56+00:00
CVE-2026-54334,added,,cve_2026_to_now,2026-09-15T12:25:56+00:00
CVE-2026-54447,added,,cve_2026_to_now,2026-09-15T12:25:56+00:00
CVE-2026-54452,added,,cve_2026_to_now,2026-09-15T12:25:56+00:00
CVE-2026-54529,added,,cve_2026_to_now,2026-09-15T12:25:56+00:00
CVE-2026-54541,added,,cve_2026_to_now,2026-09-15T12:25:56+00:00
CVE-2026-54542,added,,cve_2026_to_now,2026-09-15T12:25:56+00:00
CVE-2026-54559,added,,cve_2026_to_now,2026-09-15T12:25:56+00:00
CVE-2026-54567,added,,cve_2026_to_now,2026-09-15T12:25:56+00:00
CVE-2026-54628,added,,cve_2026_to_now,2026-09-15T12:25:56+00:00
CVE-2026-54629,added,,cve_2026_to_now,2026-09-15T12:25:56+00:00
CVE-2026-54632,added,,cve_2026_to_now,2026-09-15T12:25:56+00:00
CVE-2026-54723,added,,cve_2026_to_now,2026-09-15T12:25:56+00:00
CVE-2026-54981,updated,2026-09-14,cve_2026_to_now,2026-09-15T12:25:56+00:00
CVE-2026-54984,updated,2026-09-14,cve_2026_to_now,2026-09-15T12:25:56+00:00
CVE-2026-55007,updated,2026-09-14,cve_2026_to_now,2026-09-15T12:25:56+00:00
CVE-2026-55013,updated,2026-09-14,cve_2026_to_now,2026-09-15T12:25:56+00:00
CVE-2026-55015,updated,2026-09-14,cve_2026_to_now,2026-09-15T12:25:56+00:00
CVE-2026-55072,added,,cve_2026_to_now,2026-09-15T12:25:56+00:00
CVE-2026-55073,added,,cve_2026_to_now,2026-09-15T12:25:56+00:00
CVE-2026-55091,added,,cve_2026_to_now,2026-09-15T12:25:56+00:00
CVE-2026-55093,added,,cve_2026_to_now,2026-09-15T12:25:56+00:00
CVE-2026-55102,added,,cve_2026_to_now,2026-09-15T12:25:56+00:00
CVE-2026-55209,added,,cve_2026_to_now,2026-09-15T12:25:56+00:00
CVE-2026-55235,added,,cve_2026_to_now,2026-09-15T12:25:56+00:00
CVE-2026-55236,added,,cve_2026_to_now,2026-09-15T12:25:56+00:00
CVE-2026-55244,added,,cve_2026_to_now,2026-09-15T12:25:56+00:00
CVE-2026-55253,added,,cve_2026_to_now,2026-09-15T12:25:56+00:00
CVE-2026-55416,added,,cve_2026_to_now,2026-09-15T12:25:56+00:00
CVE-2026-55451,added,,cve_2026_to_now,2026-09-15T12:25:56+00:00
CVE-2026-55795,added,,cve_2026_to_now,2026-09-15T12:25:56+00:00
CVE-2026-55832,added,,cve_2026_to_now,2026-09-15T12:25:56+00:00
CVE-2026-55837,added,,cve_2026_to_now,2026-09-15T12:25:56+00:00
CVE-2026-55846,added,,cve_2026_to_now,2026-09-15T12:25:56+00:00
CVE-2026-55847,added,,cve_2026_to_now,2026-09-15T12:25:56+00:00
CVE-2026-55866,added,,cve_2026_to_now,2026-09-15T12:25:56+00:00
CVE-2026-56161,updated,2026-09-14,cve_2026_to_now,2026-09-15T12:25:56+00:00
CVE-2026-56162,updated,2026-09-14,cve_2026_to_now,2026-09-15T12:25:56+00:00
CVE-2026-56172,updated,2026-09-14,cve_2026_to_now,2026-09-15T12:25:56+00:00
CVE-2026-56174,updated,2026-09-14,cve_2026_to_now,2026-09-15T12:25:56+00:00
CVE-2026-56177,updated,2026-09-14,cve_2026_to_now,2026-09-15T12:25:56+00:00
CVE-2026-56179,updated,2026-09-14,cve_2026_to_now,2026-09-15T12:25:56+00:00
CVE-2026-56198,updated,2026-09-14,cve_2026_to_now,2026-09-15T12:25:56+00:00
CVE-2026-56839,added,,cve_2026_to_now,2026-09-15T12:25:56+00:00
CVE-2026-57098,updated,2026-09-14,cve_2026_to_now,2026-09-15T12:25:56+00:00
CVE-2026-57099,updated,2026-09-14,cve_2026_to_now,2026-09-15T12:25:56+00:00
CVE-2026-57104,updated,2026-09-14,cve_2026_to_now,2026-09-15T12:25:56+00:00
CVE-2026-57105,updated,2026-09-14,cve_2026_to_now,2026-09-15T12:25:56+00:00
CVE-2026-57112,added,,cve_2026_to_now,2026-09-15T12:25:56+00:00
CVE-2026-57115,added,,cve_2026_to_now,2026-09-15T12:25:56+00:00
CVE-2026-57119,added,,cve_2026_to_now,2026-09-15T12:25:56+00:00
CVE-2026-57120,added,,cve_2026_to_now,2026-09-15T12:25:56+00:00
CVE-2026-57122,added,,cve_2026_to_now,2026-09-15T12:25:56+00:00
CVE-2026-57123,added,,cve_2026_to_now,2026-09-15T12:25:56+00:00
CVE-2026-57124,added,,cve_2026_to_now,2026-09-15T12:25:56+00:00
CVE-2026-57125,added,,cve_2026_to_now,2026-09-15T12:25:56+00:00
CVE-2026-57126,added,,cve_2026_to_now,2026-09-15T12:25:56+00:00
CVE-2026-57127,added,,cve_2026_to_now,2026-09-15T12:25:56+00:00
CVE-2026-57128,added,,cve_2026_to_now,2026-09-15T12:25:56+00:00
CVE-2026-57129,added,,cve_2026_to_now,2026-09-15T12:25:56+00:00
CVE-2026-57130,added,,cve_2026_to_now,2026-09-15T12:25:56+00:00
CVE-2026-57131,added,,cve_2026_to_now,2026-09-15T12:25:56+00:00
CVE-2026-57132,added,,cve_2026_to_now,2026-09-15T12:25:56+00:00
CVE-2026-57133,added,,cve_2026_to_now,2026-09-15T12:25:56+00:00
CVE-2026-57134,added,,cve_2026_to_now,2026-09-15T12:25:56+00:00
CVE-2026-57135,added,,cve_2026_to_now,2026-09-15T12:25:56+00:00
CVE-2026-57136,added,,cve_2026_to_now,2026-09-15T12:25:56+00:00
CVE-2026-57137,added,,cve_2026_to_now,2026-09-15T12:25:56+00:00
CVE-2026-57138,added,,cve_2026_to_now,2026-09-15T12:25:56+00:00
CVE-2026-57139,added,,cve_2026_to_now,2026-09-15T12:25:56+00:00
CVE-2026-57140,added,,cve_2026_to_now,2026-09-15T12:25:56+00:00
CVE-2026-57141,added,,cve_2026_to_now,2026-09-15T12:25:56+00:00
CVE-2026-57145,added,,cve_2026_to_now,2026-09-15T12:25:56+00:00
CVE-2026-57147,added,,cve_2026_to_now,2026-09-15T12:25:56+00:00
CVE-2026-57148,added,,cve_2026_to_now,2026-09-15T12:25:56+00:00
CVE-2026-57497,added,,cve_2026_to_now,2026-09-15T12:25:56+00:00
CVE-2026-57570,added,,cve_2026_to_now,2026-09-15T12:25:56+00:00
CVE-2026-57577,added,,cve_2026_to_now,2026-09-15T12:25:56+00:00
CVE-2026-57578,added,,cve_2026_to_now,2026-09-15T12:25:56+00:00
CVE-2026-57579,added,,cve_2026_to_now,2026-09-15T12:25:56+00:00
CVE-2026-57581,added,,cve_2026_to_now,2026-09-15T12:25:56+00:00
CVE-2026-57583,added,,cve_2026_to_now,2026-09-15T12:25:56+00:00
CVE-2026-57825,updated,2026-09-14,cve_2026_to_now,2026-09-15T12:25:56+00:00
CVE-2026-58014,updated,2026-09-15,cve_2026_to_now,2026-09-15T12:25:56+00:00
CVE-2026-58015,updated,2026-09-15,cve_2026_to_now,2026-09-15T12:25:56+00:00
CVE-2026-58599,updated,2026-09-14,cve_2026_to_now,2026-09-15T12:25:56+00:00
CVE-2026-58600,updated,2026-09-14,cve_2026_to_now,2026-09-15T12:25:56+00:00
CVE-2026-58611,updated,2026-09-14,cve_2026_to_now,2026-09-15T12:25:56+00:00
CVE-2026-58612,updated,2026-09-14,cve_2026_to_now,2026-09-15T12:25:56+00:00
CVE-2026-58616,updated,2026-09-14,cve_2026_to_now,2026-09-15T12:25:56+00:00
CVE-2026-58639,updated,2026-09-14,cve_2026_to_now,2026-09-15T12:25:56+00:00
CVE-2026-58641,updated,2026-09-14,cve_2026_to_now,2026-09-15T12:25:56+00:00
CVE-2026-58649,updated,2026-09-14,cve_2026_to_now,2026-09-15T12:25:56+00:00
CVE-2026-58650,updated,2026-09-14,cve_2026_to_now,2026-09-15T12:25:56+00:00
CVE-2026-58651,updated,2026-09-14,cve_2026_to_now,2026-09-15T12:25:56+00:00
CVE-2026-59113,updated,2026-09-14,cve_2026_to_now,2026-09-15T12:25:56+00:00
CVE-2026-59115,updated,2026-09-14,cve_2026_to_now,2026-09-15T12:25:56+00:00
CVE-2026-59118,updated,2026-09-14,cve_2026_to_now,2026-09-15T12:25:56+00:00
CVE-2026-59119,updated,2026-09-14,cve_2026_to_now,2026-09-15T12:25:56+00:00
CVE-2026-59122,updated,2026-09-14,cve_2026_to_now,2026-09-15T12:25:56+00:00
CVE-2026-59124,updated,2026-09-14,cve_2026_to_now,2026-09-15T12:25:56+00:00
CVE-2026-59125,updated,2026-09-14,cve_2026_to_now,2026-09-15T12:25:56+00:00
CVE-2026-59126,updated,2026-09-14,cve_2026_to_now,2026-09-15T12:25:56+00:00
CVE-2026-59127,updated,2026-09-14,cve_2026_to_now,2026-09-15T12:25:56+00:00
CVE-2026-59128,updated,2026-09-14,cve_2026_to_now,2026-09-15T12:25:56+00:00
CVE-2026-59130,updated,2026-09-14,cve_2026_to_now,2026-09-15T12:25:56+00:00
CVE-2026-59131,updated,2026-09-14,cve_2026_to_now,2026-09-15T12:25:56+00:00
CVE-2026-59132,updated,2026-09-14,cve_2026_to_now,2026-09-15T12:25:56+00:00
CVE-2026-59133,updated,2026-09-14,cve_2026_to_now,2026-09-15T12:25:56+00:00
CVE-2026-59134,updated,2026-09-14,cve_2026_to_now,2026-09-15T12:25:56+00:00
CVE-2026-59135,updated,2026-09-14,cve_2026_to_now,2026-09-15T12:25:56+00:00
CVE-2026-59136,updated,2026-09-14,cve_2026_to_now,2026-09-15T12:25:56+00:00
CVE-2026-59137,updated,2026-09-14,cve_2026_to_now,2026-09-15T12:25:56+00:00
CVE-2026-59138,updated,2026-09-14,cve_2026_to_now,2026-09-15T12:25:56+00:00
CVE-2026-59178,added,,cve_2026_to_now,2026-09-15T12:25:56+00:00
CVE-2026-59341,added,,cve_2026_to_now,2026-09-15T12:25:56+00:00
CVE-2026-59569,added,2026-09-15,cve_2026_to_now,2026-09-15T12:25:56+00:00
CVE-2026-59570,added,,cve_2026_to_now,2026-09-15T12:25:56+00:00
CVE-2026-59960,added,,cve_2026_to_now,2026-09-15T12:25:56+00:00
CVE-2026-60163,updated,2026-07-28,cve_2026_to_now,2026-09-15T12:25:56+00:00
CVE-2026-61345,updated,2026-09-14,cve_2026_to_now,2026-09-15T12:25:56+00:00
CVE-2026-61346,updated,2026-09-14,cve_2026_to_now,2026-09-15T12:25:56+00:00
CVE-2026-61347,updated,2026-09-14,cve_2026_to_now,2026-09-15T12:25:56+00:00
CVE-2026-61348,updated,2026-09-14,cve_2026_to_now,2026-09-15T12:25:56+00:00
CVE-2026-61349,updated,2026-09-14,cve_2026_to_now,2026-09-15T12:25:56+00:00
CVE-2026-61350,updated,2026-09-14,cve_2026_to_now,2026-09-15T12:25:56+00:00
CVE-2026-61352,updated,2026-09-14,cve_2026_to_now,2026-09-15T12:25:56+00:00
CVE-2026-61353,updated,2026-09-14,cve_2026_to_now,2026-09-15T12:25:56+00:00
CVE-2026-61355,updated,2026-09-14,cve_2026_to_now,2026-09-15T12:25:56+00:00
CVE-2026-61356,updated,2026-09-14,cve_2026_to_now,2026-09-15T12:25:56+00:00
CVE-2026-61357,updated,2026-09-14,cve_2026_to_now,2026-09-15T12:25:56+00:00
CVE-2026-61358,updated,2026-09-14,cve_2026_to_now,2026-09-15T12:25:56+00:00
CVE-2026-61359,updated,2026-09-14,cve_2026_to_now,2026-09-15T12:25:56+00:00
CVE-2026-61360,updated,2026-09-14,cve_2026_to_now,2026-09-15T12:25:56+00:00
CVE-2026-61361,updated,2026-09-14,cve_2026_to_now,2026-09-15T12:25:56+00:00
CVE-2026-61363,updated,2026-09-14,cve_2026_to_now,2026-09-15T12:25:56+00:00
CVE-2026-61364,updated,2026-09-14,cve_2026_to_now,2026-09-15T12:25:56+00:00
CVE-2026-61365,updated,2026-09-14,cve_2026_to_now,2026-09-15T12:25:56+00:00
CVE-2026-61366,updated,2026-09-14,cve_2026_to_now,2026-09-15T12:25:56+00:00
CVE-2026-61367,updated,2026-09-14,cve_2026_to_now,2026-09-15T12:25:56+00:00
CVE-2026-61368,updated,2026-09-14,cve_2026_to_now,2026-09-15T12:25:56+00:00
CVE-2026-61534,added,,cve_2026_to_now,2026-09-15T12:25:56+00:00
CVE-2026-61701,added,,cve_2026_to_now,2026-09-15T12:25:56+00:00
CVE-2026-61907,updated,2026-09-14,cve_2026_to_now,2026-09-15T12:25:56+00:00
CVE-2026-61909,updated,2026-09-14,cve_2026_to_now,2026-09-15T12:25:56+00:00
CVE-2026-61910,updated,2026-09-14,cve_2026_to_now,2026-09-15T12:25:56+00:00
CVE-2026-61918,updated,2026-09-14,cve_2026_to_now,2026-09-15T12:25:56+00:00
CVE-2026-61920,updated,2026-09-14,cve_2026_to_now,2026-09-15T12:25:56+00:00
CVE-2026-61921,updated,2026-09-14,cve_2026_to_now,2026-09-15T12:25:56+00:00
CVE-2026-61923,updated,2026-09-14,cve_2026_to_now,2026-09-15T12:25:56+00:00
CVE-2026-61924,updated,2026-09-14,cve_2026_to_now,2026-09-15T12:25:56+00:00
CVE-2026-61925,updated,2026-09-14,cve_2026_to_now,2026-09-15T12:25:56+00:00
CVE-2026-61926,updated,2026-09-14,cve_2026_to_now,2026-09-15T12:25:56+00:00
CVE-2026-61927,updated,2026-09-14,cve_2026_to_now,2026-09-15T12:25:56+00:00
CVE-2026-61928,updated,2026-09-14,cve_2026_to_now,2026-09-15T12:25:56+00:00
CVE-2026-61929,updated,2026-09-14,cve_2026_to_now,2026-09-15T12:25:56+00:00
CVE-2026-61930,updated,2026-09-14,cve_2026_to_now,2026-09-15T12:25:56+00:00
CVE-2026-61932,updated,2026-09-14,cve_2026_to_now,2026-09-15T12:25:56+00:00
CVE-2026-61933,updated,2026-09-14,cve_2026_to_now,2026-09-15T12:25:56+00:00
CVE-2026-61934,updated,2026-09-14,cve_2026_to_now,2026-09-15T12:25:56+00:00
CVE-2026-61936,updated,2026-09-14,cve_2026_to_now,2026-09-15T12:25:56+00:00
CVE-2026-61937,updated,2026-09-14,cve_2026_to_now,2026-09-15T12:25:56+00:00
CVE-2026-61938,updated,2026-09-14,cve_2026_to_now,2026-09-15T12:25:56+00:00
CVE-2026-61939,updated,2026-09-14,cve_2026_to_now,2026-09-15T12:25:56+00:00
CVE-2026-62263,added,,cve_2026_to_now,2026-09-15T12:25:56+00:00
CVE-2026-62280,added,,cve_2026_to_now,2026-09-15T12:25:56+00:00
CVE-2026-62379,added,,cve_2026_to_now,2026-09-15T12:25:56+00:00
CVE-2026-62647,updated,2026-09-14,cve_2026_to_now,2026-09-15T12:25:56+00:00
CVE-2026-62653,updated,2026-09-14,cve_2026_to_now,2026-09-15T12:25:56+00:00
CVE-2026-62688,updated,2026-09-14,cve_2026_to_now,2026-09-15T12:25:56+00:00
CVE-2026-62690,updated,2026-09-14,cve_2026_to_now,2026-09-15T12:25:56+00:00
CVE-2026-62692,updated,2026-09-14,cve_2026_to_now,2026-09-15T12:25:56+00:00
CVE-2026-62693,updated,2026-09-14,cve_2026_to_now,2026-09-15T12:25:56+00:00
CVE-2026-62694,updated,2026-09-14,cve_2026_to_now,2026-09-15T12:25:56+00:00
CVE-2026-62695,updated,2026-09-14,cve_2026_to_now,2026-09-15T12:25:56+00:00
CVE-2026-62696,updated,2026-09-14,cve_2026_to_now,2026-09-15T12:25:56+00:00
CVE-2026-62697,updated,2026-09-14,cve_2026_to_now,2026-09-15T12:25:56+00:00
CVE-2026-62698,updated,2026-09-14,cve_2026_to_now,2026-09-15T12:25:56+00:00
CVE-2026-62699,updated,2026-09-14,cve_2026_to_now,2026-09-15T12:25:56+00:00
CVE-2026-62700,updated,2026-09-14,cve_2026_to_now,2026-09-15T12:25:56+00:00
CVE-2026-62701,updated,2026-09-14,cve_2026_to_now,2026-09-15T12:25:56+00:00
CVE-2026-62702,updated,2026-09-14,cve_2026_to_now,2026-09-15T12:25:56+00:00
CVE-2026-62703,updated,2026-09-14,cve_2026_to_now,2026-09-15T12:25:56+00:00
CVE-2026-62705,updated,2026-09-14,cve_2026_to_now,2026-09-15T12:25:56+00:00
CVE-2026-62706,updated,2026-09-14,cve_2026_to_now,2026-09-15T12:25:56+00:00
CVE-2026-62707,updated,2026-09-14,cve_2026_to_now,2026-09-15T12:25:56+00:00
CVE-2026-62708,updated,2026-09-14,cve_2026_to_now,2026-09-15T12:25:56+00:00
CVE-2026-62709,updated,2026-09-14,cve_2026_to_now,2026-09-15T12:25:56+00:00
CVE-2026-62710,updated,2026-09-14,cve_2026_to_now,2026-09-15T12:25:56+00:00
CVE-2026-62711,updated,2026-09-14,cve_2026_to_now,2026-09-15T12:25:56+00:00
CVE-2026-62712,updated,2026-09-14,cve_2026_to_now,2026-09-15T12:25:56+00:00
CVE-2026-62713,updated,2026-09-14,cve_2026_to_now,2026-09-15T12:25:56+00:00
CVE-2026-62714,updated,2026-09-14,cve_2026_to_now,2026-09-15T12:25:56+00:00
CVE-2026-62715,updated,2026-09-14,cve_2026_to_now,2026-09-15T12:25:56+00:00
CVE-2026-62716,updated,2026-09-14,cve_2026_to_now,2026-09-15T12:25:56+00:00
CVE-2026-62717,updated,2026-09-14,cve_2026_to_now,2026-09-15T12:25:56+00:00
CVE-2026-62718,updated,2026-09-14,cve_2026_to_now,2026-09-15T12:25:56+00:00
CVE-2026-62719,updated,2026-09-14,cve_2026_to_now,2026-09-15T12:25:56+00:00
CVE-2026-62720,updated,2026-09-14,cve_2026_to_now,2026-09-15T12:25:56+00:00
CVE-2026-62721,updated,2026-09-14,cve_2026_to_now,2026-09-15T12:25:56+00:00
CVE-2026-62722,updated,2026-09-14,cve_2026_to_now,2026-09-15T12:25:56+00:00
CVE-2026-62723,updated,2026-09-14,cve_2026_to_now,2026-09-15T12:25:56+00:00
CVE-2026-62724,updated,2026-09-14,cve_2026_to_now,2026-09-15T12:25:56+00:00
CVE-2026-62725,updated,2026-09-14,cve_2026_to_now,2026-09-15T12:25:56+00:00
CVE-2026-62726,updated,2026-09-14,cve_2026_to_now,2026-09-15T12:25:56+00:00
CVE-2026-62727,updated,2026-09-14,cve_2026_to_now,2026-09-15T12:25:56+00:00
CVE-2026-62728,updated,2026-09-14,cve_2026_to_now,2026-09-15T12:25:56+00:00
CVE-2026-62729,updated,2026-09-14,cve_2026_to_now,2026-09-15T12:25:56+00:00
CVE-2026-62730,updated,2026-09-14,cve_2026_to_now,2026-09-15T12:25:56+00:00
CVE-2026-62732,updated,2026-09-14,cve_2026_to_now,2026-09-15T12:25:56+00:00
CVE-2026-62733,updated,2026-09-14,cve_2026_to_now,2026-09-15T12:25:56+00:00
CVE-2026-62734,updated,2026-09-14,cve_2026_to_now,2026-09-15T12:25:56+00:00
CVE-2026-62735,updated,2026-09-14,cve_2026_to_now,2026-09-15T12:25:56+00:00
CVE-2026-62736,updated,2026-09-14,cve_2026_to_now,2026-09-15T12:25:56+00:00
CVE-2026-62737,updated,2026-09-14,cve_2026_to_now,2026-09-15T12:25:56+00:00
CVE-2026-62738,updated,2026-09-14,cve_2026_to_now,2026-09-15T12:25:56+00:00
CVE-2026-62739,updated,2026-09-14,cve_2026_to_now,2026-09-15T12:25:56+00:00
CVE-2026-62740,updated,2026-09-14,cve_2026_to_now,2026-09-15T12:25:56+00:00
CVE-2026-62741,updated,2026-09-14,cve_2026_to_now,2026-09-15T12:25:56+00:00
CVE-2026-62742,updated,2026-09-14,cve_2026_to_now,2026-09-15T12:25:56+00:00
CVE-2026-62743,updated,2026-09-14,cve_2026_to_now,2026-09-15T12:25:56+00:00
CVE-2026-62744,updated,2026-09-14,cve_2026_to_now,2026-09-15T12:25:56+00:00
CVE-2026-62745,updated,2026-09-14,cve_2026_to_now,2026-09-15T12:25:56+00:00
CVE-2026-62746,updated,2026-09-14,cve_2026_to_now,2026-09-15T12:25:56+00:00
CVE-2026-62747,updated,2026-09-14,cve_2026_to_now,2026-09-15T12:25:56+00:00
CVE-2026-62748,updated,2026-09-14,cve_2026_to_now,2026-09-15T12:25:56+00:00
CVE-2026-62749,updated,2026-09-14,cve_2026_to_now,2026-09-15T12:25:56+00:00
CVE-2026-62750,updated,2026-09-14,cve_2026_to_now,2026-09-15T12:25:56+00:00
CVE-2026-62751,updated,2026-09-14,cve_2026_to_now,2026-09-15T12:25:56+00:00
CVE-2026-62752,updated,2026-09-14,cve_2026_to_now,2026-09-15T12:25:56+00:00
CVE-2026-62753,updated,2026-09-14,cve_2026_to_now,2026-09-15T12:25:56+00:00
CVE-2026-62754,updated,2026-09-14,cve_2026_to_now,2026-09-15T12:25:56+00:00
CVE-2026-62755,updated,2026-09-14,cve_2026_to_now,2026-09-15T12:25:56+00:00
CVE-2026-62757,updated,2026-09-14,cve_2026_to_now,2026-09-15T12:25:56+00:00
CVE-2026-62758,updated,2026-09-14,cve_2026_to_now,2026-09-15T12:25:56+00:00
CVE-2026-62759,updated,2026-09-14,cve_2026_to_now,2026-09-15T12:25:56+00:00
CVE-2026-62761,updated,2026-09-14,cve_2026_to_now,2026-09-15T12:25:56+00:00
CVE-2026-62762,updated,2026-09-14,cve_2026_to_now,2026-09-15T12:25:56+00:00
CVE-2026-62766,updated,2026-09-14,cve_2026_to_now,2026-09-15T12:25:56+00:00
CVE-2026-62768,updated,2026-09-14,cve_2026_to_now,2026-09-15T12:25:56+00:00
CVE-2026-62769,updated,2026-09-14,cve_2026_to_now,2026-09-15T12:25:56+00:00
CVE-2026-62770,updated,2026-09-14,cve_2026_to_now,2026-09-15T12:25:56+00:00
CVE-2026-62771,updated,2026-09-14,cve_2026_to_now,2026-09-15T12:25:56+00:00
CVE-2026-62772,updated,2026-09-14,cve_2026_to_now,2026-09-15T12:25:56+00:00
CVE-2026-62773,updated,2026-09-14,cve_2026_to_now,2026-09-15T12:25:56+00:00
CVE-2026-62774,updated,2026-09-14,cve_2026_to_now,2026-09-15T12:25:56+00:00
CVE-2026-62775,updated,2026-09-14,cve_2026_to_now,2026-09-15T12:25:56+00:00
CVE-2026-62776,updated,2026-09-14,cve_2026_to_now,2026-09-15T12:25:56+00:00
CVE-2026-62777,updated,2026-09-14,cve_2026_to_now,2026-09-15T12:25:56+00:00
CVE-2026-62778,updated,2026-09-14,cve_2026_to_now,2026-09-15T12:25:56+00:00
CVE-2026-62779,updated,2026-09-14,cve_2026_to_now,2026-09-15T12:25:56+00:00
CVE-2026-62780,updated,2026-09-14,cve_2026_to_now,2026-09-15T12:25:56+00:00
CVE-2026-62781,updated,2026-09-14,cve_2026_to_now,2026-09-15T12:25:56+00:00
CVE-2026-62782,updated,2026-09-14,cve_2026_to_now,2026-09-15T12:25:56+00:00
CVE-2026-62783,updated,2026-09-14,cve_2026_to_now,2026-09-15T12:25:56+00:00
CVE-2026-62784,updated,2026-09-14,cve_2026_to_now,2026-09-15T12:25:56+00:00
CVE-2026-62785,updated,2026-09-14,cve_2026_to_now,2026-09-15T12:25:56+00:00
CVE-2026-62786,updated,2026-09-14,cve_2026_to_now,2026-09-15T12:25:56+00:00
CVE-2026-62787,updated,2026-09-14,cve_2026_to_now,2026-09-15T12:25:56+00:00
CVE-2026-62788,updated,2026-09-14,cve_2026_to_now,2026-09-15T12:25:56+00:00
CVE-2026-62790,updated,2026-09-14,cve_2026_to_now,2026-09-15T12:25:56+00:00
CVE-2026-62792,updated,2026-09-14,cve_2026_to_now,2026-09-15T12:25:56+00:00
CVE-2026-62793,updated,2026-09-14,cve_2026_to_now,2026-09-15T12:25:56+00:00
CVE-2026-62795,updated,2026-09-14,cve_2026_to_now,2026-09-15T12:25:56+00:00
CVE-2026-62796,updated,2026-09-14,cve_2026_to_now,2026-09-15T12:25:56+00:00
CVE-2026-62797,updated,2026-09-14,cve_2026_to_now,2026-09-15T12:25:56+00:00
CVE-2026-62798,updated,2026-09-14,cve_2026_to_now,2026-09-15T12:25:56+00:00
CVE-2026-62799,updated,2026-09-14,cve_2026_to_now,2026-09-15T12:25:56+00:00
CVE-2026-62800,updated,2026-09-14,cve_2026_to_now,2026-09-15T12:25:56+00:00
CVE-2026-62801,updated,2026-09-14,cve_2026_to_now,2026-09-15T12:25:56+00:00
CVE-2026-62803,updated,2026-09-14,cve_2026_to_now,2026-09-15T12:25:56+00:00
CVE-2026-62804,updated,2026-09-14,cve_2026_to_now,2026-09-15T12:25:56+00:00
CVE-2026-62807,updated,2026-09-14,cve_2026_to_now,2026-09-15T12:25:56+00:00
CVE-2026-62810,updated,2026-09-14,cve_2026_to_now,2026-09-15T12:25:56+00:00
CVE-2026-62811,updated,2026-09-14,cve_2026_to_now,2026-09-15T12:25:56+00:00
CVE-2026-62812,updated,2026-09-14,cve_2026_to_now,2026-09-15T12:25:56+00:00
CVE-2026-62813,updated,2026-09-14,cve_2026_to_now,2026-09-15T12:25:56+00:00
CVE-2026-62814,updated,2026-09-14,cve_2026_to_now,2026-09-15T12:25:56+00:00
CVE-2026-62815,updated,2026-09-14,cve_2026_to_now,2026-09-15T12:25:56+00:00
CVE-2026-62816,updated,2026-09-14,cve_2026_to_now,2026-09-15T12:25:56+00:00
CVE-2026-62817,updated,2026-09-14,cve_2026_to_now,2026-09-15T12:25:56+00:00
CVE-2026-62818,updated,2026-09-14,cve_2026_to_now,2026-09-15T12:25:56+00:00
CVE-2026-62819,updated,2026-09-14,cve_2026_to_now,2026-09-15T12:25:56+00:00
CVE-2026-62820,updated,2026-09-14,cve_2026_to_now,2026-09-15T12:25:56+00:00
CVE-2026-62822,updated,2026-09-14,cve_2026_to_now,2026-09-15T12:25:56+00:00
CVE-2026-62823,updated,2026-09-14,cve_2026_to_now,2026-09-15T12:25:56+00:00
CVE-2026-62824,updated,2026-09-14,cve_2026_to_now,2026-09-15T12:25:56+00:00
CVE-2026-62827,updated,2026-09-14,cve_2026_to_now,2026-09-15T12:25:56+00:00
CVE-2026-62829,updated,2026-09-14,cve_2026_to_now,2026-09-15T12:25:56+00:00
CVE-2026-62830,updated,2026-09-14,cve_2026_to_now,2026-09-15T12:25:56+00:00
CVE-2026-62832,updated,2026-09-14,cve_2026_to_now,2026-09-15T12:25:56+00:00
CVE-2026-62834,updated,2026-09-14,cve_2026_to_now,2026-09-15T12:25:56+00:00
CVE-2026-62836,updated,2026-09-14,cve_2026_to_now,2026-09-15T12:25:56+00:00
CVE-2026-62837,updated,2026-09-14,cve_2026_to_now,2026-09-15T12:25:56+00:00
CVE-2026-62839,updated,2026-09-14,cve_2026_to_now,2026-09-15T12:25:56+00:00
CVE-2026-62842,updated,2026-09-14,cve_2026_to_now,2026-09-15T12:25:56+00:00
CVE-2026-62869,updated,2026-09-14,cve_2026_to_now,2026-09-15T12:25:56+00:00
CVE-2026-62871,updated,2026-09-14,cve_2026_to_now,2026-09-15T12:25:56+00:00
CVE-2026-62872,updated,2026-09-14,cve_2026_to_now,2026-09-15T12:25:56+00:00
CVE-2026-62873,updated,2026-09-14,cve_2026_to_now,2026-09-15T12:25:56+00:00
CVE-2026-62876,updated,2026-09-14,cve_2026_to_now,2026-09-15T12:25:56+00:00
CVE-2026-62877,updated,2026-09-14,cve_2026_to_now,2026-09-15T12:25:56+00:00
CVE-2026-62878,updated,2026-09-14,cve_2026_to_now,2026-09-15T12:25:56+00:00
CVE-2026-62880,updated,2026-09-14,cve_2026_to_now,2026-09-15T12:25:56+00:00
CVE-2026-62881,updated,2026-09-14,cve_2026_to_now,2026-09-15T12:25:56+00:00
CVE-2026-62882,updated,2026-09-14,cve_2026_to_now,2026-09-15T12:25:56+00:00
CVE-2026-62883,updated,2026-09-14,cve_2026_to_now,2026-09-15T12:25:56+00:00
CVE-2026-62885,updated,2026-09-14,cve_2026_to_now,2026-09-15T12:25:56+00:00
CVE-2026-62886,updated,2026-09-14,cve_2026_to_now,2026-09-15T12:25:56+00:00
CVE-2026-62887,updated,2026-09-14,cve_2026_to_now,2026-09-15T12:25:56+00:00
CVE-2026-62888,updated,2026-09-14,cve_2026_to_now,2026-09-15T12:25:56+00:00
CVE-2026-62889,updated,2026-09-14,cve_2026_to_now,2026-09-15T12:25:56+00:00
CVE-2026-62890,updated,2026-09-14,cve_2026_to_now,2026-09-15T12:25:56+00:00
CVE-2026-62892,updated,2026-09-14,cve_2026_to_now,2026-09-15T12:25:56+00:00
CVE-2026-62893,updated,2026-09-14,cve_2026_to_now,2026-09-15T12:25:56+00:00
CVE-2026-62894,updated,2026-09-14,cve_2026_to_now,2026-09-15T12:25:56+00:00
CVE-2026-62895,updated,2026-09-14,cve_2026_to_now,2026-09-15T12:25:56+00:00
CVE-2026-62896,updated,2026-09-14,cve_2026_to_now,2026-09-15T12:25:56+00:00
CVE-2026-62897,updated,2026-09-14,cve_2026_to_now,2026-09-15T12:25:56+00:00
CVE-2026-62898,updated,2026-09-14,cve_2026_to_now,2026-09-15T12:25:56+00:00
CVE-2026-62899,updated,2026-09-14,cve_2026_to_now,2026-09-15T12:25:56+00:00
CVE-2026-62900,updated,2026-09-14,cve_2026_to_now,2026-09-15T12:25:56+00:00
CVE-2026-62901,updated,2026-09-14,cve_2026_to_now,2026-09-15T12:25:56+00:00
CVE-2026-62902,updated,2026-09-14,cve_2026_to_now,2026-09-15T12:25:56+00:00
CVE-2026-62904,updated,2026-09-14,cve_2026_to_now,2026-09-15T12:25:56+00:00
CVE-2026-62906,updated,2026-09-14,cve_2026_to_now,2026-09-15T12:25:56+00:00
CVE-2026-62908,updated,2026-09-14,cve_2026_to_now,2026-09-15T12:25:56+00:00
CVE-2026-62909,updated,2026-09-14,cve_2026_to_now,2026-09-15T12:25:56+00:00
CVE-2026-62910,updated,2026-09-14,cve_2026_to_now,2026-09-15T12:25:56+00:00
CVE-2026-62911,updated,2026-09-14,cve_2026_to_now,2026-09-15T12:25:56+00:00
CVE-2026-62912,updated,2026-09-14,cve_2026_to_now,2026-09-15T12:25:56+00:00
CVE-2026-62913,updated,2026-09-14,cve_2026_to_now,2026-09-15T12:25:56+00:00
CVE-2026-62914,updated,2026-09-14,cve_2026_to_now,2026-09-15T12:25:56+00:00
CVE-2026-62915,updated,2026-09-14,cve_2026_to_now,2026-09-15T12:25:56+00:00
CVE-2026-62916,updated,2026-09-14,cve_2026_to_now,2026-09-15T12:25:56+00:00
CVE-2026-62917,updated,2026-09-14,cve_2026_to_now,2026-09-15T12:25:56+00:00
CVE-2026-62918,updated,2026-09-14,cve_2026_to_now,2026-09-15T12:25:56+00:00
CVE-2026-63310,removed,,cve_2026_to_now,2026-09-15T12:25:56+00:00
CVE-2026-63427,updated,2026-09-15,cve_2026_to_now,2026-09-15T12:25:56+00:00
CVE-2026-63508,updated,2026-09-14,cve_2026_to_now,2026-09-15T12:25:56+00:00
CVE-2026-63509,updated,2026-09-14,cve_2026_to_now,2026-09-15T12:25:56+00:00
CVE-2026-63512,updated,2026-09-14,cve_2026_to_now,2026-09-15T12:25:56+00:00
CVE-2026-63513,updated,2026-09-14,cve_2026_to_now,2026-09-15T12:25:56+00:00
CVE-2026-63514,updated,2026-09-14,cve_2026_to_now,2026-09-15T12:25:56+00:00
CVE-2026-63515,updated,2026-09-14,cve_2026_to_now,2026-09-15T12:25:56+00:00
CVE-2026-63516,updated,2026-09-14,cve_2026_to_now,2026-09-15T12:25:56+00:00
CVE-2026-63517,updated,2026-09-14,cve_2026_to_now,2026-09-15T12:25:56+00:00
CVE-2026-63518,updated,2026-09-14,cve_2026_to_now,2026-09-15T12:25:56+00:00
CVE-2026-63519,updated,2026-09-14,cve_2026_to_now,2026-09-15T12:25:56+00:00
CVE-2026-63520,updated,2026-09-14,cve_2026_to_now,2026-09-15T12:25:56+00:00
CVE-2026-63521,updated,2026-09-14,cve_2026_to_now,2026-09-15T12:25:56+00:00
CVE-2026-63522,updated,2026-09-14,cve_2026_to_now,2026-09-15T12:25:56+00:00
CVE-2026-63523,updated,2026-09-14,cve_2026_to_now,2026-09-15T12:25:56+00:00
CVE-2026-63524,updated,2026-09-14,cve_2026_to_now,2026-09-15T12:25:56+00:00
CVE-2026-63525,updated,2026-09-14,cve_2026_to_now,2026-09-15T12:25:56+00:00
CVE-2026-63526,updated,2026-09-14,cve_2026_to_now,2026-09-15T12:25:56+00:00
CVE-2026-63527,updated,2026-09-14,cve_2026_to_now,2026-09-15T12:25:56+00:00
CVE-2026-63528,updated,2026-09-14,cve_2026_to_now,2026-09-15T12:25:56+00:00
CVE-2026-63529,updated,2026-09-14,cve_2026_to_now,2026-09-15T12:25:56+00:00
CVE-2026-63530,updated,2026-09-14,cve_2026_to_now,2026-09-15T12:25:56+00:00
CVE-2026-63531,updated,2026-09-14,cve_2026_to_now,2026-09-15T12:25:56+00:00
CVE-2026-63532,updated,2026-09-14,cve_2026_to_now,2026-09-15T12:25:56+00:00
CVE-2026-63533,updated,2026-09-14,cve_2026_to_now,2026-09-15T12:25:56+00:00
CVE-2026-63769,updated,2026-09-14,cve_2026_to_now,2026-09-15T12:25:56+00:00
CVE-2026-64701,added,2026-09-15,cve_2026_to_now,2026-09-15T12:25:56+00:00
CVE-2026-64705,updated,2026-09-14,cve_2026_to_now,2026-09-15T12:25:56+00:00
CVE-2026-64708,updated,2026-09-14,cve_2026_to_now,2026-09-15T12:25:56+00:00
CVE-2026-64712,added,2026-09-15,cve_2026_to_now,2026-09-15T12:25:56+00:00
CVE-2026-64714,added,,cve_2026_to_now,2026-09-15T12:25:56+00:00
CVE-2026-64715,updated,2026-09-14,cve_2026_to_now,2026-09-15T12:25:56+00:00
CVE-2026-64717,added,,cve_2026_to_now,2026-09-15T12:25:56+00:00
CVE-2026-64718,updated,2026-09-14,cve_2026_to_now,2026-09-15T12:25:56+00:00
CVE-2026-64736,added,,cve_2026_to_now,2026-09-15T12:25:56+00:00
CVE-2026-64752,added,,cve_2026_to_now,2026-09-15T12:25:56+00:00
CVE-2026-64753,added,,cve_2026_to_now,2026-09-15T12:25:56+00:00
CVE-2026-64756,added,,cve_2026_to_now,2026-09-15T12:25:56+00:00
CVE-2026-64760,updated,2026-09-14,cve_2026_to_now,2026-09-15T12:25:56+00:00
CVE-2026-64761,added,,cve_2026_to_now,2026-09-15T12:25:56+00:00
CVE-2026-64778,updated,2026-09-14,cve_2026_to_now,2026-09-15T12:25:56+00:00
CVE-2026-64779,updated,2026-09-14,cve_2026_to_now,2026-09-15T12:25:56+00:00
CVE-2026-64780,updated,2026-09-14,cve_2026_to_now,2026-09-15T12:25:56+00:00
CVE-2026-64781,updated,2026-09-14,cve_2026_to_now,2026-09-15T12:25:56+00:00
CVE-2026-64782,updated,2026-09-14,cve_2026_to_now,2026-09-15T12:25:56+00:00
CVE-2026-64784,updated,2026-09-14,cve_2026_to_now,2026-09-15T12:25:56+00:00
CVE-2026-64787,updated,2026-09-14,cve_2026_to_now,2026-09-15T12:25:56+00:00
CVE-2026-64788,updated,2026-09-14,cve_2026_to_now,2026-09-15T12:25:56+00:00
CVE-2026-64790,added,,cve_2026_to_now,2026-09-15T12:25:56+00:00
CVE-2026-64897,updated,2026-09-14,cve_2026_to_now,2026-09-15T12:25:56+00:00
CVE-2026-64898,updated,2026-09-14,cve_2026_to_now,2026-09-15T12:25:56+00:00
CVE-2026-64899,updated,2026-09-14,cve_2026_to_now,2026-09-15T12:25:56+00:00
CVE-2026-64900,updated,2026-09-14,cve_2026_to_now,2026-09-15T12:25:56+00:00
CVE-2026-64901,updated,2026-09-14,cve_2026_to_now,2026-09-15T12:25:56+00:00
CVE-2026-64902,updated,2026-09-14,cve_2026_to_now,2026-09-15T12:25:56+00:00
CVE-2026-64903,updated,2026-09-14,cve_2026_to_now,2026-09-15T12:25:56+00:00
CVE-2026-64904,updated,2026-09-14,cve_2026_to_now,2026-09-15T12:25:56+00:00
CVE-2026-64905,updated,2026-09-14,cve_2026_to_now,2026-09-15T12:25:56+00:00
CVE-2026-64906,updated,2026-09-14,cve_2026_to_now,2026-09-15T12:25:56+00:00
CVE-2026-64907,updated,2026-09-14,cve_2026_to_now,2026-09-15T12:25:56+00:00
CVE-2026-64908,updated,2026-09-14,cve_2026_to_now,2026-09-15T12:25:56+00:00
CVE-2026-64909,updated,2026-09-14,cve_2026_to_now,2026-09-15T12:25:56+00:00
CVE-2026-64910,updated,2026-09-14,cve_2026_to_now,2026-09-15T12:25:56+00:00
CVE-2026-64911,updated,2026-09-14,cve_2026_to_now,2026-09-15T12:25:56+00:00
CVE-2026-64912,updated,2026-09-14,cve_2026_to_now,2026-09-15T12:25:56+00:00
CVE-2026-64914,updated,2026-09-14,cve_2026_to_now,2026-09-15T12:25:56+00:00
CVE-2026-64915,updated,2026-09-14,cve_2026_to_now,2026-09-15T12:25:56+00:00
CVE-2026-64916,updated,2026-09-14,cve_2026_to_now,2026-09-15T12:25:56+00:00
CVE-2026-64917,updated,2026-09-14,cve_2026_to_now,2026-09-15T12:25:56+00:00
CVE-2026-64918,updated,2026-09-14,cve_2026_to_now,2026-09-15T12:25:56+00:00
CVE-2026-64919,updated,2026-09-14,cve_2026_to_now,2026-09-15T12:25:56+00:00
CVE-2026-64920,updated,2026-09-14,cve_2026_to_now,2026-09-15T12:25:56+00:00
CVE-2026-64921,updated,2026-09-14,cve_2026_to_now,2026-09-15T12:25:56+00:00
CVE-2026-64922,updated,2026-09-14,cve_2026_to_now,2026-09-15T12:25:56+00:00
CVE-2026-65329,updated,2026-09-14,cve_2026_to_now,2026-09-15T12:25:56+00:00
CVE-2026-65330,updated,2026-09-14,cve_2026_to_now,2026-09-15T12:25:56+00:00
CVE-2026-65331,updated,2026-09-14,cve_2026_to_now,2026-09-15T12:25:56+00:00
CVE-2026-65332,updated,2026-09-14,cve_2026_to_now,2026-09-15T12:25:56+00:00
CVE-2026-65333,updated,2026-09-14,cve_2026_to_now,2026-09-15T12:25:56+00:00
CVE-2026-65334,updated,2026-09-14,cve_2026_to_now,2026-09-15T12:25:56+00:00
CVE-2026-65335,updated,2026-09-14,cve_2026_to_now,2026-09-15T12:25:56+00:00
CVE-2026-65336,updated,2026-09-14,cve_2026_to_now,2026-09-15T12:25:56+00:00
CVE-2026-65337,updated,2026-09-14,cve_2026_to_now,2026-09-15T12:25:56+00:00
CVE-2026-65338,updated,2026-09-14,cve_2026_to_now,2026-09-15T12:25:56+00:00
CVE-2026-65339,updated,2026-09-14,cve_2026_to_now,2026-09-15T12:25:56+00:00
CVE-2026-65340,updated,2026-09-14,cve_2026_to_now,2026-09-15T12:25:56+00:00
CVE-2026-65341,updated,2026-09-14,cve_2026_to_now,2026-09-15T12:25:56+00:00
CVE-2026-65342,added,,cve_2026_to_now,2026-09-15T12:25:56+00:00
CVE-2026-65343,updated,2026-09-14,cve_2026_to_now,2026-09-15T12:25:56+00:00
CVE-2026-65344,added,,cve_2026_to_now,2026-09-15T12:25:56+00:00
CVE-2026-65345,added,,cve_2026_to_now,2026-09-15T12:25:56+00:00
CVE-2026-65346,updated,2026-09-14,cve_2026_to_now,2026-09-15T12:25:56+00:00
CVE-2026-65347,updated,2026-09-14,cve_2026_to_now,2026-09-15T12:25:56+00:00
CVE-2026-65348,added,,cve_2026_to_now,2026-09-15T12:25:56+00:00
CVE-2026-65349,updated,2026-09-14,cve_2026_to_now,2026-09-15T12:25:56+00:00
CVE-2026-65351,updated,2026-09-14,cve_2026_to_now,2026-09-15T12:25:56+00:00
CVE-2026-65352,added,,cve_2026_to_now,2026-09-15T12:25:56+00:00
CVE-2026-65353,added,,cve_2026_to_now,2026-09-15T12:25:56+00:00
CVE-2026-65354,added,,cve_2026_to_now,2026-09-15T12:25:56+00:00
CVE-2026-65355,added,,cve_2026_to_now,2026-09-15T12:25:56+00:00
CVE-2026-65357,added,,cve_2026_to_now,2026-09-15T12:25:56+00:00
CVE-2026-65358,added,,cve_2026_to_now,2026-09-15T12:25:56+00:00
CVE-2026-65359,added,,cve_2026_to_now,2026-09-15T12:25:56+00:00
CVE-2026-65360,added,,cve_2026_to_now,2026-09-15T12:25:56+00:00
CVE-2026-65361,added,,cve_2026_to_now,2026-09-15T12:25:56+00:00
CVE-2026-65362,added,2026-09-15,cve_2026_to_now,2026-09-15T12:25:56+00:00
CVE-2026-65364,added,,cve_2026_to_now,2026-09-15T12:25:56+00:00
CVE-2026-65365,added,,cve_2026_to_now,2026-09-15T12:25:56+00:00
CVE-2026-65369,added,,cve_2026_to_now,2026-09-15T12:25:56+00:00
CVE-2026-65371,added,,cve_2026_to_now,2026-09-15T12:25:56+00:00
CVE-2026-65374,added,,cve_2026_to_now,2026-09-15T12:25:56+00:00
CVE-2026-65375,added,,cve_2026_to_now,2026-09-15T12:25:56+00:00
CVE-2026-65376,added,,cve_2026_to_now,2026-09-15T12:25:56+00:00
CVE-2026-65377,added,,cve_2026_to_now,2026-09-15T12:25:56+00:00
CVE-2026-65378,added,,cve_2026_to_now,2026-09-15T12:25:56+00:00
CVE-2026-65380,added,,cve_2026_to_now,2026-09-15T12:25:56+00:00
CVE-2026-65381,added,,cve_2026_to_now,2026-09-15T12:25:56+00:00
CVE-2026-65382,added,,cve_2026_to_now,2026-09-15T12:25:56+00:00
CVE-2026-65383,added,,cve_2026_to_now,2026-09-15T12:25:56+00:00
CVE-2026-65390,added,,cve_2026_to_now,2026-09-15T12:25:56+00:00
CVE-2026-65391,added,,cve_2026_to_now,2026-09-15T12:25:56+00:00
CVE-2026-65393,added,,cve_2026_to_now,2026-09-15T12:25:56+00:00
CVE-2026-65395,added,,cve_2026_to_now,2026-09-15T12:25:56+00:00
CVE-2026-65398,added,,cve_2026_to_now,2026-09-15T12:25:56+00:00
CVE-2026-65399,added,,cve_2026_to_now,2026-09-15T12:25:56+00:00
CVE-2026-65400,updated,2026-09-14,cve_2026_to_now,2026-09-15T12:25:56+00:00
CVE-2026-65401,added,,cve_2026_to_now,2026-09-15T12:25:56+00:00
CVE-2026-65402,added,,cve_2026_to_now,2026-09-15T12:25:56+00:00
CVE-2026-65403,added,,cve_2026_to_now,2026-09-15T12:25:56+00:00
CVE-2026-65404,added,,cve_2026_to_now,2026-09-15T12:25:56+00:00
CVE-2026-65405,added,,cve_2026_to_now,2026-09-15T12:25:56+00:00
CVE-2026-65406,added,,cve_2026_to_now,2026-09-15T12:25:56+00:00
CVE-2026-65407,added,,cve_2026_to_now,2026-09-15T12:25:56+00:00
CVE-2026-65408,added,,cve_2026_to_now,2026-09-15T12:25:56+00:00
CVE-2026-65409,added,,cve_2026_to_now,2026-09-15T12:25:56+00:00
CVE-2026-65410,added,,cve_2026_to_now,2026-09-15T12:25:56+00:00
CVE-2026-65411,added,,cve_2026_to_now,2026-09-15T12:25:56+00:00
CVE-2026-65412,added,,cve_2026_to_now,2026-09-15T12:25:56+00:00
CVE-2026-65413,added,,cve_2026_to_now,2026-09-15T12:25:56+00:00
CVE-2026-65414,added,2026-09-15,cve_2026_to_now,2026-09-15T12:25:56+00:00
CVE-2026-65415,added,,cve_2026_to_now,2026-09-15T12:25:56+00:00
CVE-2026-65656,updated,2026-09-14,cve_2026_to_now,2026-09-15T12:25:56+00:00
CVE-2026-65657,updated,2026-09-14,cve_2026_to_now,2026-09-15T12:25:56+00:00
CVE-2026-65658,updated,2026-09-14,cve_2026_to_now,2026-09-15T12:25:56+00:00
CVE-2026-65660,updated,2026-09-14,cve_2026_to_now,2026-09-15T12:25:56+00:00
CVE-2026-65661,updated,2026-09-14,cve_2026_to_now,2026-09-15T12:25:56+00:00
CVE-2026-65662,updated,2026-09-14,cve_2026_to_now,2026-09-15T12:25:56+00:00
CVE-2026-65663,updated,2026-09-14,cve_2026_to_now,2026-09-15T12:25:56+00:00
CVE-2026-65664,updated,2026-09-14,cve_2026_to_now,2026-09-15T12:25:56+00:00
CVE-2026-65665,updated,2026-09-14,cve_2026_to_now,2026-09-15T12:25:56+00:00
CVE-2026-65667,updated,2026-09-14,cve_2026_to_now,2026-09-15T12:25:56+00:00
CVE-2026-65668,updated,2026-09-14,cve_2026_to_now,2026-09-15T12:25:56+00:00
CVE-2026-65669,updated,2026-09-14,cve_2026_to_now,2026-09-15T12:25:56+00:00
CVE-2026-65671,updated,2026-09-14,cve_2026_to_now,2026-09-15T12:25:56+00:00
CVE-2026-65672,updated,2026-09-14,cve_2026_to_now,2026-09-15T12:25:56+00:00
CVE-2026-65673,updated,2026-09-14,cve_2026_to_now,2026-09-15T12:25:56+00:00
CVE-2026-65675,updated,2026-09-14,cve_2026_to_now,2026-09-15T12:25:56+00:00
CVE-2026-65678,updated,2026-09-14,cve_2026_to_now,2026-09-15T12:25:56+00:00
CVE-2026-65679,updated,2026-09-14,cve_2026_to_now,2026-09-15T12:25:56+00:00
CVE-2026-65680,updated,2026-09-14,cve_2026_to_now,2026-09-15T12:25:56+00:00
CVE-2026-65681,updated,2026-09-14,cve_2026_to_now,2026-09-15T12:25:56+00:00
CVE-2026-65767,updated,2026-09-14,cve_2026_to_now,2026-09-15T12:25:56+00:00
CVE-2026-65768,updated,2026-09-14,cve_2026_to_now,2026-09-15T12:25:56+00:00
CVE-2026-65769,updated,2026-09-14,cve_2026_to_now,2026-09-15T12:25:56+00:00
CVE-2026-65770,updated,2026-09-14,cve_2026_to_now,2026-09-15T12:25:56+00:00
CVE-2026-65772,updated,2026-09-14,cve_2026_to_now,2026-09-15T12:25:56+00:00
CVE-2026-65773,updated,2026-09-14,cve_2026_to_now,2026-09-15T12:25:56+00:00
CVE-2026-65774,updated,2026-09-14,cve_2026_to_now,2026-09-15T12:25:56+00:00
CVE-2026-65775,updated,2026-09-14,cve_2026_to_now,2026-09-15T12:25:56+00:00
CVE-2026-65776,updated,2026-09-14,cve_2026_to_now,2026-09-15T12:25:56+00:00
CVE-2026-65777,updated,2026-09-14,cve_2026_to_now,2026-09-15T12:25:56+00:00
CVE-2026-65778,updated,2026-09-14,cve_2026_to_now,2026-09-15T12:25:56+00:00
CVE-2026-65779,updated,2026-09-14,cve_2026_to_now,2026-09-15T12:25:56+00:00
CVE-2026-65780,updated,2026-09-14,cve_2026_to_now,2026-09-15T12:25:56+00:00
CVE-2026-65781,updated,2026-09-14,cve_2026_to_now,2026-09-15T12:25:56+00:00
CVE-2026-65782,updated,2026-09-14,cve_2026_to_now,2026-09-15T12:25:56+00:00
CVE-2026-65783,updated,2026-09-14,cve_2026_to_now,2026-09-15T12:25:56+00:00
CVE-2026-65784,updated,2026-09-14,cve_2026_to_now,2026-09-15T12:25:56+00:00
CVE-2026-65785,updated,2026-09-14,cve_2026_to_now,2026-09-15T12:25:56+00:00
CVE-2026-65786,updated,2026-09-14,cve_2026_to_now,2026-09-15T12:25:56+00:00
CVE-2026-65787,updated,2026-09-14,cve_2026_to_now,2026-09-15T12:25:56+00:00
CVE-2026-65788,updated,2026-09-14,cve_2026_to_now,2026-09-15T12:25:56+00:00
CVE-2026-65789,updated,2026-09-14,cve_2026_to_now,2026-09-15T12:25:56+00:00
CVE-2026-65790,updated,2026-09-14,cve_2026_to_now,2026-09-15T12:25:56+00:00
CVE-2026-65791,updated,2026-09-14,cve_2026_to_now,2026-09-15T12:25:56+00:00
CVE-2026-65794,updated,2026-09-14,cve_2026_to_now,2026-09-15T12:25:56+00:00
CVE-2026-65795,updated,2026-09-14,cve_2026_to_now,2026-09-15T12:25:56+00:00
CVE-2026-65796,updated,2026-09-14,cve_2026_to_now,2026-09-15T12:25:56+00:00
CVE-2026-65797,updated,2026-09-14,cve_2026_to_now,2026-09-15T12:25:56+00:00
CVE-2026-65798,updated,2026-09-14,cve_2026_to_now,2026-09-15T12:25:56+00:00
CVE-2026-65799,updated,2026-09-14,cve_2026_to_now,2026-09-15T12:25:56+00:00
CVE-2026-65801,updated,2026-09-14,cve_2026_to_now,2026-09-15T12:25:56+00:00
CVE-2026-65806,updated,2026-09-14,cve_2026_to_now,2026-09-15T12:25:56+00:00
CVE-2026-65807,updated,2026-09-14,cve_2026_to_now,2026-09-15T12:25:56+00:00
CVE-2026-65810,updated,2026-09-14,cve_2026_to_now,2026-09-15T12:25:56+00:00
CVE-2026-65811,updated,2026-09-14,cve_2026_to_now,2026-09-15T12:25:56+00:00
CVE-2026-65812,updated,2026-09-14,cve_2026_to_now,2026-09-15T12:25:56+00:00
CVE-2026-65813,updated,2026-09-14,cve_2026_to_now,2026-09-15T12:25:56+00:00
CVE-2026-65814,updated,2026-09-14,cve_2026_to_now,2026-09-15T12:25:56+00:00
CVE-2026-65815,updated,2026-09-14,cve_2026_to_now,2026-09-15T12:25:56+00:00
CVE-2026-65816,updated,2026-09-14,cve_2026_to_now,2026-09-15T12:25:56+00:00
CVE-2026-65818,updated,2026-09-14,cve_2026_to_now,2026-09-15T12:25:56+00:00
CVE-2026-65838,added,,cve_2026_to_now,2026-09-15T12:25:56+00:00
CVE-2026-65919,updated,2026-09-14,cve_2026_to_now,2026-09-15T12:25:56+00:00
CVE-2026-66301,updated,2026-09-14,cve_2026_to_now,2026-09-15T12:25:56+00:00
CVE-2026-66302,updated,2026-09-14,cve_2026_to_now,2026-09-15T12:25:56+00:00
CVE-2026-66303,updated,2026-09-14,cve_2026_to_now,2026-09-15T12:25:56+00:00
CVE-2026-66304,updated,2026-09-14,cve_2026_to_now,2026-09-15T12:25:56+00:00
CVE-2026-66305,updated,2026-09-14,cve_2026_to_now,2026-09-15T12:25:56+00:00
CVE-2026-66306,updated,2026-09-14,cve_2026_to_now,2026-09-15T12:25:56+00:00
CVE-2026-66307,updated,2026-09-14,cve_2026_to_now,2026-09-15T12:25:56+00:00
CVE-2026-66308,updated,2026-09-14,cve_2026_to_now,2026-09-15T12:25:56+00:00
CVE-2026-66309,updated,2026-09-14,cve_2026_to_now,2026-09-15T12:25:56+00:00
CVE-2026-66323,updated,2026-09-14,cve_2026_to_now,2026-09-15T12:25:56+00:00
CVE-2026-66324,updated,2026-09-14,cve_2026_to_now,2026-09-15T12:25:56+00:00
CVE-2026-66798,updated,2026-09-14,cve_2026_to_now,2026-09-15T12:25:56+00:00
CVE-2026-66799,updated,2026-09-14,cve_2026_to_now,2026-09-15T12:25:56+00:00
CVE-2026-66800,updated,2026-09-14,cve_2026_to_now,2026-09-15T12:25:56+00:00
CVE-2026-66802,updated,2026-09-14,cve_2026_to_now,2026-09-15T12:25:56+00:00
CVE-2026-66804,updated,2026-09-14,cve_2026_to_now,2026-09-15T12:25:56+00:00
CVE-2026-66805,updated,2026-09-14,cve_2026_to_now,2026-09-15T12:25:56+00:00
CVE-2026-66806,updated,2026-09-14,cve_2026_to_now,2026-09-15T12:25:56+00:00
CVE-2026-66807,updated,2026-09-14,cve_2026_to_now,2026-09-15T12:25:56+00:00
CVE-2026-66808,updated,2026-09-14,cve_2026_to_now,2026-09-15T12:25:56+00:00
CVE-2026-66809,updated,2026-09-14,cve_2026_to_now,2026-09-15T12:25:56+00:00
CVE-2026-66810,updated,2026-09-14,cve_2026_to_now,2026-09-15T12:25:56+00:00
CVE-2026-66814,updated,2026-09-14,cve_2026_to_now,2026-09-15T12:25:56+00:00
CVE-2026-66816,updated,2026-09-14,cve_2026_to_now,2026-09-15T12:25:56+00:00
CVE-2026-66818,updated,2026-09-14,cve_2026_to_now,2026-09-15T12:25:56+00:00
CVE-2026-66819,updated,2026-09-14,cve_2026_to_now,2026-09-15T12:25:56+00:00
CVE-2026-66820,updated,2026-09-14,cve_2026_to_now,2026-09-15T12:25:56+00:00
CVE-2026-67211,updated,2026-09-14,cve_2026_to_now,2026-09-15T12:25:56+00:00
CVE-2026-67368,updated,2026-09-14,cve_2026_to_now,2026-09-15T12:25:56+00:00
CVE-2026-67369,updated,2026-09-14,cve_2026_to_now,2026-09-15T12:25:56+00:00
CVE-2026-67370,updated,2026-09-14,cve_2026_to_now,2026-09-15T12:25:56+00:00
CVE-2026-67373,updated,2026-09-14,cve_2026_to_now,2026-09-15T12:25:56+00:00
CVE-2026-67376,updated,2026-09-14,cve_2026_to_now,2026-09-15T12:25:56+00:00
CVE-2026-67378,updated,2026-09-14,cve_2026_to_now,2026-09-15T12:25:56+00:00
CVE-2026-67379,updated,2026-09-14,cve_2026_to_now,2026-09-15T12:25:56+00:00
CVE-2026-67380,updated,2026-09-14,cve_2026_to_now,2026-09-15T12:25:56+00:00
CVE-2026-67381,updated,2026-09-14,cve_2026_to_now,2026-09-15T12:25:56+00:00
CVE-2026-67383,updated,2026-09-14,cve_2026_to_now,2026-09-15T12:25:56+00:00
CVE-2026-67384,updated,2026-09-14,cve_2026_to_now,2026-09-15T12:25:56+00:00
CVE-2026-67385,updated,2026-09-14,cve_2026_to_now,2026-09-15T12:25:56+00:00
CVE-2026-67386,updated,2026-09-14,cve_2026_to_now,2026-09-15T12:25:56+00:00
CVE-2026-67388,updated,2026-09-14,cve_2026_to_now,2026-09-15T12:25:56+00:00
CVE-2026-67389,updated,2026-09-14,cve_2026_to_now,2026-09-15T12:25:56+00:00
CVE-2026-67390,updated,2026-09-14,cve_2026_to_now,2026-09-15T12:25:56+00:00
CVE-2026-67393,updated,2026-09-14,cve_2026_to_now,2026-09-15T12:25:56+00:00
CVE-2026-67398,updated,2026-09-14,cve_2026_to_now,2026-09-15T12:25:56+00:00
CVE-2026-67399,added,,cve_2026_to_now,2026-09-15T12:25:56+00:00
CVE-2026-67624,updated,2026-09-14,cve_2026_to_now,2026-09-15T12:25:56+00:00
CVE-2026-67629,updated,2026-09-14,cve_2026_to_now,2026-09-15T12:25:56+00:00
CVE-2026-67630,updated,2026-09-14,cve_2026_to_now,2026-09-15T12:25:56+00:00
CVE-2026-67631,updated,2026-09-14,cve_2026_to_now,2026-09-15T12:25:56+00:00
CVE-2026-67633,updated,2026-09-14,cve_2026_to_now,2026-09-15T12:25:56+00:00
CVE-2026-67636,updated,2026-09-14,cve_2026_to_now,2026-09-15T12:25:56+00:00
CVE-2026-67638,updated,2026-09-14,cve_2026_to_now,2026-09-15T12:25:56+00:00
CVE-2026-67639,updated,2026-09-14,cve_2026_to_now,2026-09-15T12:25:56+00:00
CVE-2026-67641,updated,2026-09-14,cve_2026_to_now,2026-09-15T12:25:56+00:00
CVE-2026-67642,updated,2026-09-14,cve_2026_to_now,2026-09-15T12:25:56+00:00
CVE-2026-67643,updated,2026-09-14,cve_2026_to_now,2026-09-15T12:25:56+00:00
CVE-2026-67645,updated,2026-09-14,cve_2026_to_now,2026-09-15T12:25:56+00:00
CVE-2026-67648,updated,2026-09-14,cve_2026_to_now,2026-09-15T12:25:56+00:00
CVE-2026-68006,updated,2026-09-14,cve_2026_to_now,2026-09-15T12:25:56+00:00
CVE-2026-68489,added,,cve_2026_to_now,2026-09-15T12:25:56+00:00
CVE-2026-68570,updated,,cve_2026_to_now,2026-09-15T12:25:56+00:00
CVE-2026-68775,updated,2026-09-14,cve_2026_to_now,2026-09-15T12:25:56+00:00
CVE-2026-68776,updated,2026-09-14,cve_2026_to_now,2026-09-15T12:25:56+00:00
CVE-2026-68777,updated,2026-09-14,cve_2026_to_now,2026-09-15T12:25:56+00:00
CVE-2026-68778,updated,2026-09-14,cve_2026_to_now,2026-09-15T12:25:56+00:00
CVE-2026-68779,updated,2026-09-14,cve_2026_to_now,2026-09-15T12:25:56+00:00
CVE-2026-68780,updated,2026-09-14,cve_2026_to_now,2026-09-15T12:25:56+00:00
CVE-2026-68781,updated,2026-09-14,cve_2026_to_now,2026-09-15T12:25:56+00:00
CVE-2026-68782,updated,2026-09-14,cve_2026_to_now,2026-09-15T12:25:56+00:00
CVE-2026-68784,updated,2026-09-14,cve_2026_to_now,2026-09-15T12:25:56+00:00
CVE-2026-68785,updated,2026-09-14,cve_2026_to_now,2026-09-15T12:25:56+00:00
CVE-2026-68786,updated,2026-09-14,cve_2026_to_now,2026-09-15T12:25:56+00:00
CVE-2026-68787,updated,2026-09-14,cve_2026_to_now,2026-09-15T12:25:56+00:00
CVE-2026-68789,updated,2026-09-14,cve_2026_to_now,2026-09-15T12:25:56+00:00
CVE-2026-68792,updated,2026-09-14,cve_2026_to_now,2026-09-15T12:25:56+00:00
CVE-2026-68793,updated,2026-09-14,cve_2026_to_now,2026-09-15T12:25:56+00:00
CVE-2026-68794,updated,2026-09-14,cve_2026_to_now,2026-09-15T12:25:56+00:00
CVE-2026-68795,updated,2026-09-14,cve_2026_to_now,2026-09-15T12:25:56+00:00
CVE-2026-68796,updated,2026-09-14,cve_2026_to_now,2026-09-15T12:25:56+00:00
CVE-2026-68797,updated,2026-09-14,cve_2026_to_now,2026-09-15T12:25:56+00:00
CVE-2026-68798,updated,2026-09-14,cve_2026_to_now,2026-09-15T12:25:56+00:00
CVE-2026-68799,updated,2026-09-14,cve_2026_to_now,2026-09-15T12:25:56+00:00
CVE-2026-68800,updated,2026-09-14,cve_2026_to_now,2026-09-15T12:25:56+00:00
CVE-2026-68801,updated,2026-09-14,cve_2026_to_now,2026-09-15T12:25:56+00:00
CVE-2026-68802,updated,2026-09-14,cve_2026_to_now,2026-09-15T12:25:56+00:00
CVE-2026-68803,updated,2026-09-14,cve_2026_to_now,2026-09-15T12:25:56+00:00
CVE-2026-68804,updated,2026-09-14,cve_2026_to_now,2026-09-15T12:25:56+00:00
CVE-2026-68805,updated,2026-09-14,cve_2026_to_now,2026-09-15T12:25:56+00:00
CVE-2026-68806,updated,2026-09-14,cve_2026_to_now,2026-09-15T12:25:56+00:00
CVE-2026-68807,updated,2026-09-14,cve_2026_to_now,2026-09-15T12:25:56+00:00
CVE-2026-68808,updated,2026-09-14,cve_2026_to_now,2026-09-15T12:25:56+00:00
CVE-2026-68809,updated,2026-09-14,cve_2026_to_now,2026-09-15T12:25:56+00:00
CVE-2026-68810,updated,2026-09-14,cve_2026_to_now,2026-09-15T12:25:56+00:00
CVE-2026-68811,updated,2026-09-14,cve_2026_to_now,2026-09-15T12:25:56+00:00
CVE-2026-68812,updated,2026-09-14,cve_2026_to_now,2026-09-15T12:25:56+00:00
CVE-2026-68813,updated,2026-09-14,cve_2026_to_now,2026-09-15T12:25:56+00:00
CVE-2026-68814,updated,2026-09-14,cve_2026_to_now,2026-09-15T12:25:56+00:00
CVE-2026-68815,updated,2026-09-14,cve_2026_to_now,2026-09-15T12:25:56+00:00
CVE-2026-68816,updated,2026-09-14,cve_2026_to_now,2026-09-15T12:25:56+00:00
CVE-2026-68817,updated,2026-09-14,cve_2026_to_now,2026-09-15T12:25:56+00:00
CVE-2026-68819,updated,2026-09-14,cve_2026_to_now,2026-09-15T12:25:56+00:00
CVE-2026-68820,updated,2026-09-14,cve_2026_to_now,2026-09-15T12:25:56+00:00
CVE-2026-68821,updated,2026-09-14,cve_2026_to_now,2026-09-15T12:25:56+00:00
CVE-2026-68823,updated,2026-09-14,cve_2026_to_now,2026-09-15T12:25:56+00:00
CVE-2026-68824,updated,2026-09-14,cve_2026_to_now,2026-09-15T12:25:56+00:00
CVE-2026-68825,updated,2026-09-14,cve_2026_to_now,2026-09-15T12:25:56+00:00
CVE-2026-68827,updated,2026-09-14,cve_2026_to_now,2026-09-15T12:25:56+00:00
CVE-2026-68828,updated,2026-09-14,cve_2026_to_now,2026-09-15T12:25:56+00:00
CVE-2026-68830,updated,2026-09-14,cve_2026_to_now,2026-09-15T12:25:56+00:00
CVE-2026-68831,updated,2026-09-14,cve_2026_to_now,2026-09-15T12:25:56+00:00
CVE-2026-68832,updated,2026-09-14,cve_2026_to_now,2026-09-15T12:25:56+00:00
CVE-2026-68833,updated,2026-09-14,cve_2026_to_now,2026-09-15T12:25:56+00:00
CVE-2026-68834,updated,2026-09-14,cve_2026_to_now,2026-09-15T12:25:56+00:00
CVE-2026-68835,updated,2026-09-14,cve_2026_to_now,2026-09-15T12:25:56+00:00
CVE-2026-68837,updated,2026-09-14,cve_2026_to_now,2026-09-15T12:25:56+00:00
CVE-2026-68838,updated,2026-09-14,cve_2026_to_now,2026-09-15T12:25:56+00:00
CVE-2026-68839,updated,2026-09-14,cve_2026_to_now,2026-09-15T12:25:56+00:00
CVE-2026-68840,updated,2026-09-14,cve_2026_to_now,2026-09-15T12:25:56+00:00
CVE-2026-68841,updated,2026-09-14,cve_2026_to_now,2026-09-15T12:25:56+00:00
CVE-2026-68842,updated,2026-09-14,cve_2026_to_now,2026-09-15T12:25:56+00:00
CVE-2026-68843,updated,2026-09-14,cve_2026_to_now,2026-09-15T12:25:56+00:00
CVE-2026-68844,updated,2026-09-14,cve_2026_to_now,2026-09-15T12:25:56+00:00
CVE-2026-68845,updated,2026-09-14,cve_2026_to_now,2026-09-15T12:25:56+00:00
CVE-2026-68846,updated,2026-09-14,cve_2026_to_now,2026-09-15T12:25:56+00:00
CVE-2026-68847,updated,2026-09-14,cve_2026_to_now,2026-09-15T12:25:56+00:00
CVE-2026-68848,updated,2026-09-14,cve_2026_to_now,2026-09-15T12:25:56+00:00
CVE-2026-68849,updated,2026-09-14,cve_2026_to_now,2026-09-15T12:25:56+00:00
CVE-2026-68850,updated,2026-09-14,cve_2026_to_now,2026-09-15T12:25:56+00:00
CVE-2026-68851,updated,2026-09-14,cve_2026_to_now,2026-09-15T12:25:56+00:00
CVE-2026-68852,updated,2026-09-14,cve_2026_to_now,2026-09-15T12:25:56+00:00
CVE-2026-68873,updated,2026-09-14,cve_2026_to_now,2026-09-15T12:25:56+00:00
CVE-2026-68874,updated,2026-09-14,cve_2026_to_now,2026-09-15T12:25:56+00:00
CVE-2026-68875,updated,2026-09-14,cve_2026_to_now,2026-09-15T12:25:56+00:00
CVE-2026-68876,updated,2026-09-14,cve_2026_to_now,2026-09-15T12:25:56+00:00
CVE-2026-68877,updated,2026-09-14,cve_2026_to_now,2026-09-15T12:25:56+00:00
CVE-2026-68878,updated,2026-09-14,cve_2026_to_now,2026-09-15T12:25:56+00:00
CVE-2026-68880,updated,2026-09-14,cve_2026_to_now,2026-09-15T12:25:56+00:00
CVE-2026-68881,updated,2026-09-14,cve_2026_to_now,2026-09-15T12:25:56+00:00
CVE-2026-68884,updated,2026-09-14,cve_2026_to_now,2026-09-15T12:25:56+00:00
CVE-2026-68885,updated,2026-09-14,cve_2026_to_now,2026-09-15T12:25:56+00:00
CVE-2026-68886,updated,2026-09-14,cve_2026_to_now,2026-09-15T12:25:56+00:00
CVE-2026-68887,updated,2026-09-14,cve_2026_to_now,2026-09-15T12:25:56+00:00
CVE-2026-68888,updated,2026-09-14,cve_2026_to_now,2026-09-15T12:25:56+00:00
CVE-2026-68889,updated,2026-09-14,cve_2026_to_now,2026-09-15T12:25:56+00:00
CVE-2026-68890,updated,2026-09-14,cve_2026_to_now,2026-09-15T12:25:56+00:00
CVE-2026-68891,updated,2026-09-14,cve_2026_to_now,2026-09-15T12:25:56+00:00
CVE-2026-68892,updated,2026-09-14,cve_2026_to_now,2026-09-15T12:25:56+00:00
CVE-2026-68893,updated,2026-09-14,cve_2026_to_now,2026-09-15T12:25:56+00:00
CVE-2026-68894,updated,2026-09-14,cve_2026_to_now,2026-09-15T12:25:56+00:00
CVE-2026-68895,updated,2026-09-14,cve_2026_to_now,2026-09-15T12:25:56+00:00
CVE-2026-68896,updated,2026-09-14,cve_2026_to_now,2026-09-15T12:25:56+00:00
CVE-2026-68897,updated,2026-09-14,cve_2026_to_now,2026-09-15T12:25:56+00:00
CVE-2026-68898,updated,2026-09-14,cve_2026_to_now,2026-09-15T12:25:56+00:00
CVE-2026-69265,updated,2026-09-14,cve_2026_to_now,2026-09-15T12:25:56+00:00
CVE-2026-69266,updated,2026-09-14,cve_2026_to_now,2026-09-15T12:25:56+00:00
CVE-2026-69267,updated,2026-09-14,cve_2026_to_now,2026-09-15T12:25:56+00:00
CVE-2026-69268,updated,2026-09-14,cve_2026_to_now,2026-09-15T12:25:56+00:00
CVE-2026-69269,updated,2026-09-14,cve_2026_to_now,2026-09-15T12:25:56+00:00
CVE-2026-69270,updated,2026-09-14,cve_2026_to_now,2026-09-15T12:25:56+00:00
CVE-2026-69271,updated,2026-09-14,cve_2026_to_now,2026-09-15T12:25:56+00:00
CVE-2026-69272,updated,2026-09-14,cve_2026_to_now,2026-09-15T12:25:56+00:00
CVE-2026-69273,updated,2026-09-14,cve_2026_to_now,2026-09-15T12:25:56+00:00
CVE-2026-69274,updated,2026-09-14,cve_2026_to_now,2026-09-15T12:25:56+00:00
CVE-2026-69275,updated,2026-09-14,cve_2026_to_now,2026-09-15T12:25:56+00:00
CVE-2026-69276,updated,2026-09-14,cve_2026_to_now,2026-09-15T12:25:56+00:00
CVE-2026-69277,updated,2026-09-14,cve_2026_to_now,2026-09-15T12:25:56+00:00
CVE-2026-69278,updated,2026-09-14,cve_2026_to_now,2026-09-15T12:25:56+00:00
CVE-2026-69279,updated,2026-09-14,cve_2026_to_now,2026-09-15T12:25:56+00:00
CVE-2026-69280,updated,2026-09-14,cve_2026_to_now,2026-09-15T12:25:56+00:00
CVE-2026-69281,updated,2026-09-14,cve_2026_to_now,2026-09-15T12:25:56+00:00
CVE-2026-69282,updated,2026-09-14,cve_2026_to_now,2026-09-15T12:25:56+00:00
CVE-2026-69283,updated,2026-09-14,cve_2026_to_now,2026-09-15T12:25:56+00:00
CVE-2026-69284,updated,2026-09-14,cve_2026_to_now,2026-09-15T12:25:56+00:00
CVE-2026-69285,updated,2026-09-14,cve_2026_to_now,2026-09-15T12:25:56+00:00
CVE-2026-69286,updated,2026-09-14,cve_2026_to_now,2026-09-15T12:25:56+00:00
CVE-2026-69287,updated,2026-09-14,cve_2026_to_now,2026-09-15T12:25:56+00:00
CVE-2026-69288,updated,2026-09-14,cve_2026_to_now,2026-09-15T12:25:56+00:00
CVE-2026-69289,updated,2026-09-14,cve_2026_to_now,2026-09-15T12:25:56+00:00
CVE-2026-69290,updated,2026-09-14,cve_2026_to_now,2026-09-15T12:25:56+00:00
CVE-2026-69291,updated,2026-09-14,cve_2026_to_now,2026-09-15T12:25:56+00:00
CVE-2026-69292,updated,2026-09-14,cve_2026_to_now,2026-09-15T12:25:56+00:00
CVE-2026-69293,updated,2026-09-14,cve_2026_to_now,2026-09-15T12:25:56+00:00
CVE-2026-69294,updated,2026-09-14,cve_2026_to_now,2026-09-15T12:25:56+00:00
CVE-2026-69295,updated,2026-09-14,cve_2026_to_now,2026-09-15T12:25:56+00:00
CVE-2026-69296,updated,2026-09-14,cve_2026_to_now,2026-09-15T12:25:56+00:00
CVE-2026-69297,updated,2026-09-14,cve_2026_to_now,2026-09-15T12:25:56+00:00
CVE-2026-69298,updated,2026-09-14,cve_2026_to_now,2026-09-15T12:25:56+00:00
CVE-2026-69299,updated,2026-09-14,cve_2026_to_now,2026-09-15T12:25:56+00:00
CVE-2026-69300,updated,2026-09-14,cve_2026_to_now,2026-09-15T12:25:56+00:00
CVE-2026-69301,updated,2026-09-14,cve_2026_to_now,2026-09-15T12:25:56+00:00
CVE-2026-69303,updated,2026-09-14,cve_2026_to_now,2026-09-15T12:25:56+00:00
CVE-2026-69304,updated,2026-09-14,cve_2026_to_now,2026-09-15T12:25:56+00:00
CVE-2026-69305,updated,2026-09-14,cve_2026_to_now,2026-09-15T12:25:56+00:00
CVE-2026-69306,updated,2026-09-14,cve_2026_to_now,2026-09-15T12:25:56+00:00
CVE-2026-69307,updated,2026-09-14,cve_2026_to_now,2026-09-15T12:25:56+00:00
CVE-2026-69308,updated,2026-09-14,cve_2026_to_now,2026-09-15T12:25:56+00:00
CVE-2026-69309,updated,2026-09-14,cve_2026_to_now,2026-09-15T12:25:56+00:00
CVE-2026-69310,updated,2026-09-14,cve_2026_to_now,2026-09-15T12:25:56+00:00
CVE-2026-69311,updated,2026-09-14,cve_2026_to_now,2026-09-15T12:25:56+00:00
CVE-2026-69312,updated,2026-09-14,cve_2026_to_now,2026-09-15T12:25:56+00:00
CVE-2026-69313,updated,2026-09-14,cve_2026_to_now,2026-09-15T12:25:56+00:00
CVE-2026-69314,updated,2026-09-14,cve_2026_to_now,2026-09-15T12:25:56+00:00
CVE-2026-69315,updated,2026-09-14,cve_2026_to_now,2026-09-15T12:25:56+00:00
CVE-2026-69316,updated,2026-09-14,cve_2026_to_now,2026-09-15T12:25:56+00:00
CVE-2026-69317,updated,2026-09-14,cve_2026_to_now,2026-09-15T12:25:56+00:00
CVE-2026-69318,updated,2026-09-14,cve_2026_to_now,2026-09-15T12:25:56+00:00
CVE-2026-69319,updated,2026-09-14,cve_2026_to_now,2026-09-15T12:25:56+00:00
CVE-2026-69320,updated,2026-09-14,cve_2026_to_now,2026-09-15T12:25:56+00:00
CVE-2026-69321,updated,2026-09-14,cve_2026_to_now,2026-09-15T12:25:56+00:00
CVE-2026-69322,updated,2026-09-14,cve_2026_to_now,2026-09-15T12:25:56+00:00
CVE-2026-69323,updated,2026-09-14,cve_2026_to_now,2026-09-15T12:25:56+00:00
CVE-2026-69324,updated,2026-09-14,cve_2026_to_now,2026-09-15T12:25:56+00:00
CVE-2026-69325,updated,2026-09-14,cve_2026_to_now,2026-09-15T12:25:56+00:00
CVE-2026-69328,updated,2026-09-14,cve_2026_to_now,2026-09-15T12:25:56+00:00
CVE-2026-69329,updated,2026-09-14,cve_2026_to_now,2026-09-15T12:25:56+00:00
CVE-2026-69331,updated,2026-09-14,cve_2026_to_now,2026-09-15T12:25:56+00:00
CVE-2026-69332,updated,2026-09-14,cve_2026_to_now,2026-09-15T12:25:56+00:00
CVE-2026-69333,updated,2026-09-14,cve_2026_to_now,2026-09-15T12:25:56+00:00
CVE-2026-69334,updated,2026-09-14,cve_2026_to_now,2026-09-15T12:25:56+00:00
CVE-2026-69335,updated,2026-09-14,cve_2026_to_now,2026-09-15T12:25:56+00:00
CVE-2026-69336,updated,2026-09-14,cve_2026_to_now,2026-09-15T12:25:56+00:00
CVE-2026-69337,updated,2026-09-14,cve_2026_to_now,2026-09-15T12:25:56+00:00
CVE-2026-69338,updated,2026-09-14,cve_2026_to_now,2026-09-15T12:25:56+00:00
CVE-2026-69339,updated,2026-09-14,cve_2026_to_now,2026-09-15T12:25:56+00:00
CVE-2026-69340,updated,2026-09-14,cve_2026_to_now,2026-09-15T12:25:56+00:00
CVE-2026-69341,updated,2026-09-14,cve_2026_to_now,2026-09-15T12:25:56+00:00
CVE-2026-69342,updated,2026-09-14,cve_2026_to_now,2026-09-15T12:25:56+00:00
CVE-2026-69343,updated,2026-09-14,cve_2026_to_now,2026-09-15T12:25:56+00:00
CVE-2026-69344,updated,2026-09-14,cve_2026_to_now,2026-09-15T12:25:56+00:00
CVE-2026-69345,updated,2026-09-14,cve_2026_to_now,2026-09-15T12:25:56+00:00
CVE-2026-69346,updated,2026-09-14,cve_2026_to_now,2026-09-15T12:25:56+00:00
CVE-2026-69347,updated,2026-09-14,cve_2026_to_now,2026-09-15T12:25:56+00:00
CVE-2026-69348,updated,2026-09-14,cve_2026_to_now,2026-09-15T12:25:56+00:00
CVE-2026-69349,updated,2026-09-14,cve_2026_to_now,2026-09-15T12:25:56+00:00
CVE-2026-69350,updated,2026-09-14,cve_2026_to_now,2026-09-15T12:25:56+00:00
CVE-2026-69351,updated,2026-09-14,cve_2026_to_now,2026-09-15T12:25:56+00:00
CVE-2026-69352,updated,2026-09-14,cve_2026_to_now,2026-09-15T12:25:56+00:00
CVE-2026-69353,updated,2026-09-14,cve_2026_to_now,2026-09-15T12:25:56+00:00
CVE-2026-69355,updated,2026-09-14,cve_2026_to_now,2026-09-15T12:25:56+00:00
CVE-2026-69356,updated,2026-09-14,cve_2026_to_now,2026-09-15T12:25:56+00:00
CVE-2026-69357,updated,2026-09-14,cve_2026_to_now,2026-09-15T12:25:56+00:00
CVE-2026-69358,updated,2026-09-14,cve_2026_to_now,2026-09-15T12:25:56+00:00
CVE-2026-69359,updated,2026-09-14,cve_2026_to_now,2026-09-15T12:25:56+00:00
CVE-2026-69360,updated,2026-09-14,cve_2026_to_now,2026-09-15T12:25:56+00:00
CVE-2026-69361,updated,2026-09-14,cve_2026_to_now,2026-09-15T12:25:56+00:00
CVE-2026-69362,updated,2026-09-14,cve_2026_to_now,2026-09-15T12:25:56+00:00
CVE-2026-69364,updated,2026-09-14,cve_2026_to_now,2026-09-15T12:25:56+00:00
CVE-2026-69365,updated,2026-09-14,cve_2026_to_now,2026-09-15T12:25:56+00:00
CVE-2026-69366,updated,2026-09-14,cve_2026_to_now,2026-09-15T12:25:56+00:00
CVE-2026-69367,updated,2026-09-14,cve_2026_to_now,2026-09-15T12:25:56+00:00
CVE-2026-69368,updated,2026-09-14,cve_2026_to_now,2026-09-15T12:25:56+00:00
CVE-2026-69369,updated,2026-09-14,cve_2026_to_now,2026-09-15T12:25:56+00:00
CVE-2026-69371,updated,2026-09-14,cve_2026_to_now,2026-09-15T12:25:56+00:00
CVE-2026-69372,updated,2026-09-14,cve_2026_to_now,2026-09-15T12:25:56+00:00
CVE-2026-69373,updated,2026-09-14,cve_2026_to_now,2026-09-15T12:25:56+00:00
CVE-2026-69374,updated,2026-09-14,cve_2026_to_now,2026-09-15T12:25:56+00:00
CVE-2026-69375,updated,2026-09-14,cve_2026_to_now,2026-09-15T12:25:56+00:00
CVE-2026-69376,updated,2026-09-14,cve_2026_to_now,2026-09-15T12:25:56+00:00
CVE-2026-69377,updated,2026-09-14,cve_2026_to_now,2026-09-15T12:25:56+00:00
CVE-2026-69378,updated,2026-09-14,cve_2026_to_now,2026-09-15T12:25:56+00:00
CVE-2026-69379,updated,2026-09-14,cve_2026_to_now,2026-09-15T12:25:56+00:00
CVE-2026-69380,updated,2026-09-14,cve_2026_to_now,2026-09-15T12:25:56+00:00
CVE-2026-69381,updated,2026-09-14,cve_2026_to_now,2026-09-15T12:25:56+00:00
CVE-2026-69382,updated,2026-09-14,cve_2026_to_now,2026-09-15T12:25:56+00:00
CVE-2026-69383,updated,2026-09-14,cve_2026_to_now,2026-09-15T12:25:56+00:00
CVE-2026-69384,updated,2026-09-14,cve_2026_to_now,2026-09-15T12:25:56+00:00
CVE-2026-69385,updated,2026-09-14,cve_2026_to_now,2026-09-15T12:25:56+00:00
CVE-2026-69386,updated,2026-09-14,cve_2026_to_now,2026-09-15T12:25:56+00:00
CVE-2026-69388,updated,2026-09-14,cve_2026_to_now,2026-09-15T12:25:56+00:00
CVE-2026-69389,updated,2026-09-14,cve_2026_to_now,2026-09-15T12:25:56+00:00
CVE-2026-69390,updated,2026-09-14,cve_2026_to_now,2026-09-15T12:25:56+00:00
CVE-2026-69391,updated,2026-09-14,cve_2026_to_now,2026-09-15T12:25:56+00:00
CVE-2026-69392,updated,2026-09-14,cve_2026_to_now,2026-09-15T12:25:56+00:00
CVE-2026-69393,updated,2026-09-14,cve_2026_to_now,2026-09-15T12:25:56+00:00
CVE-2026-69394,updated,2026-09-14,cve_2026_to_now,2026-09-15T12:25:56+00:00
CVE-2026-69395,updated,2026-09-14,cve_2026_to_now,2026-09-15T12:25:56+00:00
CVE-2026-69396,updated,2026-09-14,cve_2026_to_now,2026-09-15T12:25:56+00:00
CVE-2026-69397,updated,2026-09-14,cve_2026_to_now,2026-09-15T12:25:56+00:00
CVE-2026-69398,updated,2026-09-14,cve_2026_to_now,2026-09-15T12:25:56+00:00
CVE-2026-69400,updated,2026-09-14,cve_2026_to_now,2026-09-15T12:25:56+00:00
CVE-2026-69401,updated,2026-09-14,cve_2026_to_now,2026-09-15T12:25:56+00:00
CVE-2026-69402,updated,2026-09-14,cve_2026_to_now,2026-09-15T12:25:56+00:00
CVE-2026-69403,updated,2026-09-14,cve_2026_to_now,2026-09-15T12:25:56+00:00
CVE-2026-69404,updated,2026-09-14,cve_2026_to_now,2026-09-15T12:25:56+00:00
CVE-2026-69405,updated,2026-09-14,cve_2026_to_now,2026-09-15T12:25:56+00:00
CVE-2026-69406,updated,2026-09-14,cve_2026_to_now,2026-09-15T12:25:56+00:00
CVE-2026-69407,updated,2026-09-14,cve_2026_to_now,2026-09-15T12:25:56+00:00
CVE-2026-69408,updated,2026-09-14,cve_2026_to_now,2026-09-15T12:25:56+00:00
CVE-2026-69409,updated,2026-09-14,cve_2026_to_now,2026-09-15T12:25:56+00:00
CVE-2026-69410,updated,2026-09-14,cve_2026_to_now,2026-09-15T12:25:56+00:00
CVE-2026-69412,updated,2026-09-14,cve_2026_to_now,2026-09-15T12:25:56+00:00
CVE-2026-69413,updated,2026-09-14,cve_2026_to_now,2026-09-15T12:25:56+00:00
CVE-2026-69414,updated,2026-09-14,cve_2026_to_now,2026-09-15T12:25:56+00:00
CVE-2026-69415,updated,2026-09-14,cve_2026_to_now,2026-09-15T12:25:56+00:00
CVE-2026-69416,updated,2026-09-14,cve_2026_to_now,2026-09-15T12:25:56+00:00
CVE-2026-69417,updated,2026-09-14,cve_2026_to_now,2026-09-15T12:25:56+00:00
CVE-2026-69418,updated,2026-09-14,cve_2026_to_now,2026-09-15T12:25:56+00:00
CVE-2026-69419,updated,2026-09-14,cve_2026_to_now,2026-09-15T12:25:56+00:00
CVE-2026-69420,updated,2026-09-14,cve_2026_to_now,2026-09-15T12:25:56+00:00
CVE-2026-69421,updated,2026-09-14,cve_2026_to_now,2026-09-15T12:25:56+00:00
CVE-2026-69422,updated,2026-09-14,cve_2026_to_now,2026-09-15T12:25:56+00:00
CVE-2026-69423,updated,2026-09-14,cve_2026_to_now,2026-09-15T12:25:56+00:00
CVE-2026-69424,updated,2026-09-14,cve_2026_to_now,2026-09-15T12:25:56+00:00
CVE-2026-69425,updated,2026-09-14,cve_2026_to_now,2026-09-15T12:25:56+00:00
CVE-2026-69426,updated,2026-09-14,cve_2026_to_now,2026-09-15T12:25:56+00:00
CVE-2026-69427,updated,2026-09-14,cve_2026_to_now,2026-09-15T12:25:56+00:00
CVE-2026-69428,updated,2026-09-14,cve_2026_to_now,2026-09-15T12:25:56+00:00
CVE-2026-69429,updated,2026-09-14,cve_2026_to_now,2026-09-15T12:25:56+00:00
CVE-2026-69430,updated,2026-09-14,cve_2026_to_now,2026-09-15T12:25:56+00:00
CVE-2026-69431,updated,2026-09-14,cve_2026_to_now,2026-09-15T12:25:56+00:00
CVE-2026-69432,updated,2026-09-14,cve_2026_to_now,2026-09-15T12:25:56+00:00
CVE-2026-69433,updated,2026-09-14,cve_2026_to_now,2026-09-15T12:25:56+00:00
CVE-2026-69434,updated,2026-09-14,cve_2026_to_now,2026-09-15T12:25:56+00:00
CVE-2026-69436,updated,2026-09-14,cve_2026_to_now,2026-09-15T12:25:56+00:00
CVE-2026-69438,updated,2026-09-14,cve_2026_to_now,2026-09-15T12:25:56+00:00
CVE-2026-69439,updated,2026-09-14,cve_2026_to_now,2026-09-15T12:25:56+00:00
CVE-2026-69440,updated,2026-09-14,cve_2026_to_now,2026-09-15T12:25:56+00:00
CVE-2026-69441,updated,2026-09-14,cve_2026_to_now,2026-09-15T12:25:56+00:00
CVE-2026-69442,updated,2026-09-14,cve_2026_to_now,2026-09-15T12:25:56+00:00
CVE-2026-69443,updated,2026-09-14,cve_2026_to_now,2026-09-15T12:25:56+00:00
CVE-2026-69444,updated,2026-09-14,cve_2026_to_now,2026-09-15T12:25:56+00:00
CVE-2026-69445,updated,2026-09-14,cve_2026_to_now,2026-09-15T12:25:56+00:00
CVE-2026-69447,updated,2026-09-14,cve_2026_to_now,2026-09-15T12:25:56+00:00
CVE-2026-69448,updated,2026-09-14,cve_2026_to_now,2026-09-15T12:25:56+00:00
CVE-2026-69449,updated,2026-09-14,cve_2026_to_now,2026-09-15T12:25:56+00:00
CVE-2026-69450,updated,2026-09-14,cve_2026_to_now,2026-09-15T12:25:56+00:00
CVE-2026-69451,updated,2026-09-14,cve_2026_to_now,2026-09-15T12:25:56+00:00
CVE-2026-69453,updated,2026-09-14,cve_2026_to_now,2026-09-15T12:25:56+00:00
CVE-2026-69455,updated,2026-09-14,cve_2026_to_now,2026-09-15T12:25:56+00:00
CVE-2026-69456,updated,2026-09-14,cve_2026_to_now,2026-09-15T12:25:56+00:00
CVE-2026-69457,updated,2026-09-14,cve_2026_to_now,2026-09-15T12:25:56+00:00
CVE-2026-69458,updated,2026-09-14,cve_2026_to_now,2026-09-15T12:25:56+00:00
CVE-2026-69459,updated,2026-09-14,cve_2026_to_now,2026-09-15T12:25:56+00:00
CVE-2026-69460,updated,2026-09-14,cve_2026_to_now,2026-09-15T12:25:56+00:00
CVE-2026-69461,updated,2026-09-14,cve_2026_to_now,2026-09-15T12:25:56+00:00
CVE-2026-69462,updated,2026-09-14,cve_2026_to_now,2026-09-15T12:25:56+00:00
CVE-2026-69463,updated,2026-09-14,cve_2026_to_now,2026-09-15T12:25:56+00:00
CVE-2026-69464,updated,2026-09-14,cve_2026_to_now,2026-09-15T12:25:56+00:00
CVE-2026-69465,updated,2026-09-14,cve_2026_to_now,2026-09-15T12:25:56+00:00
CVE-2026-69466,updated,2026-09-14,cve_2026_to_now,2026-09-15T12:25:56+00:00
CVE-2026-69467,updated,2026-09-14,cve_2026_to_now,2026-09-15T12:25:56+00:00
CVE-2026-69468,updated,2026-09-14,cve_2026_to_now,2026-09-15T12:25:56+00:00
CVE-2026-69469,updated,2026-09-14,cve_2026_to_now,2026-09-15T12:25:56+00:00
CVE-2026-69470,updated,2026-09-14,cve_2026_to_now,2026-09-15T12:25:56+00:00
CVE-2026-69472,updated,2026-09-14,cve_2026_to_now,2026-09-15T12:25:56+00:00
CVE-2026-69473,updated,2026-09-14,cve_2026_to_now,2026-09-15T12:25:56+00:00
CVE-2026-69474,updated,2026-09-14,cve_2026_to_now,2026-09-15T12:25:56+00:00
CVE-2026-69475,updated,2026-09-14,cve_2026_to_now,2026-09-15T12:25:56+00:00
CVE-2026-69476,updated,2026-09-14,cve_2026_to_now,2026-09-15T12:25:56+00:00
CVE-2026-69477,updated,2026-09-14,cve_2026_to_now,2026-09-15T12:25:56+00:00
CVE-2026-69478,updated,2026-09-14,cve_2026_to_now,2026-09-15T12:25:56+00:00
CVE-2026-69479,updated,2026-09-14,cve_2026_to_now,2026-09-15T12:25:56+00:00
CVE-2026-69480,updated,2026-09-14,cve_2026_to_now,2026-09-15T12:25:56+00:00
CVE-2026-69481,updated,2026-09-14,cve_2026_to_now,2026-09-15T12:25:56+00:00
CVE-2026-69482,updated,2026-09-14,cve_2026_to_now,2026-09-15T12:25:56+00:00
CVE-2026-69483,updated,2026-09-14,cve_2026_to_now,2026-09-15T12:25:56+00:00
CVE-2026-69485,updated,2026-09-14,cve_2026_to_now,2026-09-15T12:25:56+00:00
CVE-2026-69488,updated,2026-09-14,cve_2026_to_now,2026-09-15T12:25:56+00:00
CVE-2026-69489,updated,2026-09-14,cve_2026_to_now,2026-09-15T12:25:56+00:00
CVE-2026-69490,updated,2026-09-14,cve_2026_to_now,2026-09-15T12:25:56+00:00
CVE-2026-69491,updated,2026-09-14,cve_2026_to_now,2026-09-15T12:25:56+00:00
CVE-2026-69492,updated,2026-09-14,cve_2026_to_now,2026-09-15T12:25:56+00:00
CVE-2026-69493,updated,2026-09-14,cve_2026_to_now,2026-09-15T12:25:56+00:00
CVE-2026-69494,updated,2026-09-14,cve_2026_to_now,2026-09-15T12:25:56+00:00
CVE-2026-69495,updated,2026-09-14,cve_2026_to_now,2026-09-15T12:25:56+00:00
CVE-2026-69496,updated,2026-09-14,cve_2026_to_now,2026-09-15T12:25:56+00:00
CVE-2026-69497,updated,2026-09-14,cve_2026_to_now,2026-09-15T12:25:56+00:00
CVE-2026-69498,updated,2026-09-14,cve_2026_to_now,2026-09-15T12:25:56+00:00
CVE-2026-69499,updated,2026-09-14,cve_2026_to_now,2026-09-15T12:25:56+00:00
CVE-2026-69500,updated,2026-09-14,cve_2026_to_now,2026-09-15T12:25:56+00:00
CVE-2026-69501,updated,2026-09-14,cve_2026_to_now,2026-09-15T12:25:56+00:00
CVE-2026-69502,updated,2026-09-14,cve_2026_to_now,2026-09-15T12:25:56+00:00
CVE-2026-69503,updated,2026-09-14,cve_2026_to_now,2026-09-15T12:25:56+00:00
CVE-2026-69504,updated,2026-09-14,cve_2026_to_now,2026-09-15T12:25:56+00:00
CVE-2026-69505,updated,2026-09-14,cve_2026_to_now,2026-09-15T12:25:56+00:00
CVE-2026-69507,updated,2026-09-14,cve_2026_to_now,2026-09-15T12:25:56+00:00
CVE-2026-69508,updated,2026-09-14,cve_2026_to_now,2026-09-15T12:25:56+00:00
CVE-2026-69509,updated,2026-09-14,cve_2026_to_now,2026-09-15T12:25:56+00:00
CVE-2026-69510,updated,2026-09-14,cve_2026_to_now,2026-09-15T12:25:56+00:00
CVE-2026-69511,updated,2026-09-14,cve_2026_to_now,2026-09-15T12:25:56+00:00
CVE-2026-69512,updated,2026-09-14,cve_2026_to_now,2026-09-15T12:25:56+00:00
CVE-2026-69513,updated,2026-09-14,cve_2026_to_now,2026-09-15T12:25:56+00:00
CVE-2026-69514,updated,2026-09-14,cve_2026_to_now,2026-09-15T12:25:56+00:00
CVE-2026-69516,updated,2026-09-14,cve_2026_to_now,2026-09-15T12:25:56+00:00
CVE-2026-69517,updated,2026-09-14,cve_2026_to_now,2026-09-15T12:25:56+00:00
CVE-2026-69518,updated,2026-09-14,cve_2026_to_now,2026-09-15T12:25:56+00:00
CVE-2026-69519,updated,2026-09-14,cve_2026_to_now,2026-09-15T12:25:56+00:00
CVE-2026-69522,updated,2026-09-14,cve_2026_to_now,2026-09-15T12:25:56+00:00
CVE-2026-69524,updated,2026-09-14,cve_2026_to_now,2026-09-15T12:25:56+00:00
CVE-2026-69525,updated,2026-09-14,cve_2026_to_now,2026-09-15T12:25:56+00:00
CVE-2026-69527,updated,2026-09-14,cve_2026_to_now,2026-09-15T12:25:56+00:00
CVE-2026-69528,updated,2026-09-14,cve_2026_to_now,2026-09-15T12:25:56+00:00
CVE-2026-69529,updated,2026-09-14,cve_2026_to_now,2026-09-15T12:25:56+00:00
CVE-2026-69530,updated,2026-09-14,cve_2026_to_now,2026-09-15T12:25:56+00:00
CVE-2026-69531,updated,2026-09-14,cve_2026_to_now,2026-09-15T12:25:56+00:00
CVE-2026-69532,updated,2026-09-14,cve_2026_to_now,2026-09-15T12:25:56+00:00
CVE-2026-69534,updated,2026-09-14,cve_2026_to_now,2026-09-15T12:25:56+00:00
CVE-2026-69535,updated,2026-09-14,cve_2026_to_now,2026-09-15T12:25:56+00:00
CVE-2026-69536,updated,2026-09-14,cve_2026_to_now,2026-09-15T12:25:56+00:00
CVE-2026-69538,updated,2026-09-14,cve_2026_to_now,2026-09-15T12:25:56+00:00
CVE-2026-69539,updated,2026-09-14,cve_2026_to_now,2026-09-15T12:25:56+00:00
CVE-2026-69540,updated,2026-09-14,cve_2026_to_now,2026-09-15T12:25:56+00:00
CVE-2026-69541,updated,2026-09-14,cve_2026_to_now,2026-09-15T12:25:56+00:00
CVE-2026-69542,updated,2026-09-14,cve_2026_to_now,2026-09-15T12:25:56+00:00
CVE-2026-69543,updated,2026-09-14,cve_2026_to_now,2026-09-15T12:25:56+00:00
CVE-2026-69544,updated,2026-09-14,cve_2026_to_now,2026-09-15T12:25:56+00:00
CVE-2026-69546,updated,2026-09-14,cve_2026_to_now,2026-09-15T12:25:56+00:00
CVE-2026-69547,updated,2026-09-14,cve_2026_to_now,2026-09-15T12:25:56+00:00
CVE-2026-69548,updated,2026-09-14,cve_2026_to_now,2026-09-15T12:25:56+00:00
CVE-2026-69549,updated,2026-09-14,cve_2026_to_now,2026-09-15T12:25:56+00:00
CVE-2026-69550,updated,2026-09-14,cve_2026_to_now,2026-09-15T12:25:56+00:00
CVE-2026-69551,updated,2026-09-14,cve_2026_to_now,2026-09-15T12:25:56+00:00
CVE-2026-69552,updated,2026-09-14,cve_2026_to_now,2026-09-15T12:25:56+00:00
CVE-2026-69553,updated,2026-09-14,cve_2026_to_now,2026-09-15T12:25:56+00:00
CVE-2026-69554,updated,2026-09-14,cve_2026_to_now,2026-09-15T12:25:56+00:00
CVE-2026-69555,updated,2026-09-14,cve_2026_to_now,2026-09-15T12:25:56+00:00
CVE-2026-69556,updated,2026-09-14,cve_2026_to_now,2026-09-15T12:25:56+00:00
CVE-2026-69558,updated,2026-09-14,cve_2026_to_now,2026-09-15T12:25:56+00:00
CVE-2026-69559,updated,2026-09-14,cve_2026_to_now,2026-09-15T12:25:56+00:00
CVE-2026-69560,updated,2026-09-14,cve_2026_to_now,2026-09-15T12:25:56+00:00
CVE-2026-69561,updated,2026-09-14,cve_2026_to_now,2026-09-15T12:25:56+00:00
CVE-2026-69562,updated,2026-09-14,cve_2026_to_now,2026-09-15T12:25:56+00:00
CVE-2026-69563,updated,2026-09-14,cve_2026_to_now,2026-09-15T12:25:56+00:00
CVE-2026-69564,updated,2026-09-14,cve_2026_to_now,2026-09-15T12:25:56+00:00
CVE-2026-69566,updated,2026-09-14,cve_2026_to_now,2026-09-15T12:25:56+00:00
CVE-2026-69567,updated,2026-09-14,cve_2026_to_now,2026-09-15T12:25:56+00:00
CVE-2026-69568,updated,2026-09-14,cve_2026_to_now,2026-09-15T12:25:56+00:00
CVE-2026-69569,updated,2026-09-14,cve_2026_to_now,2026-09-15T12:25:56+00:00
CVE-2026-69571,updated,2026-09-14,cve_2026_to_now,2026-09-15T12:25:56+00:00
CVE-2026-69572,updated,2026-09-14,cve_2026_to_now,2026-09-15T12:25:56+00:00
CVE-2026-69573,updated,2026-09-14,cve_2026_to_now,2026-09-15T12:25:56+00:00
CVE-2026-69574,updated,2026-09-14,cve_2026_to_now,2026-09-15T12:25:56+00:00
CVE-2026-69575,updated,2026-09-14,cve_2026_to_now,2026-09-15T12:25:56+00:00
CVE-2026-69576,updated,2026-09-14,cve_2026_to_now,2026-09-15T12:25:56+00:00
CVE-2026-69578,updated,2026-09-14,cve_2026_to_now,2026-09-15T12:25:56+00:00
CVE-2026-69579,updated,2026-09-14,cve_2026_to_now,2026-09-15T12:25:56+00:00
CVE-2026-69580,updated,2026-09-14,cve_2026_to_now,2026-09-15T12:25:56+00:00
CVE-2026-69581,updated,2026-09-14,cve_2026_to_now,2026-09-15T12:25:56+00:00
CVE-2026-69582,updated,2026-09-14,cve_2026_to_now,2026-09-15T12:25:56+00:00
CVE-2026-69583,updated,2026-09-14,cve_2026_to_now,2026-09-15T12:25:56+00:00
CVE-2026-69584,updated,2026-09-14,cve_2026_to_now,2026-09-15T12:25:56+00:00
CVE-2026-69585,updated,2026-09-14,cve_2026_to_now,2026-09-15T12:25:56+00:00
CVE-2026-69586,updated,2026-09-14,cve_2026_to_now,2026-09-15T12:25:56+00:00
CVE-2026-69587,updated,2026-09-14,cve_2026_to_now,2026-09-15T12:25:56+00:00
CVE-2026-69588,updated,2026-09-14,cve_2026_to_now,2026-09-15T12:25:56+00:00
CVE-2026-69589,updated,2026-09-14,cve_2026_to_now,2026-09-15T12:25:56+00:00
CVE-2026-69590,updated,2026-09-14,cve_2026_to_now,2026-09-15T12:25:56+00:00
CVE-2026-69591,updated,2026-09-14,cve_2026_to_now,2026-09-15T12:25:56+00:00
CVE-2026-69592,updated,2026-09-14,cve_2026_to_now,2026-09-15T12:25:56+00:00
CVE-2026-69593,updated,2026-09-14,cve_2026_to_now,2026-09-15T12:25:56+00:00
CVE-2026-69594,updated,2026-09-14,cve_2026_to_now,2026-09-15T12:25:56+00:00
CVE-2026-69595,updated,2026-09-14,cve_2026_to_now,2026-09-15T12:25:56+00:00
CVE-2026-69597,updated,2026-09-14,cve_2026_to_now,2026-09-15T12:25:56+00:00
CVE-2026-69598,updated,2026-09-14,cve_2026_to_now,2026-09-15T12:25:56+00:00
CVE-2026-69599,updated,2026-09-14,cve_2026_to_now,2026-09-15T12:25:56+00:00
CVE-2026-69600,updated,2026-09-14,cve_2026_to_now,2026-09-15T12:25:56+00:00
CVE-2026-69601,updated,2026-09-14,cve_2026_to_now,2026-09-15T12:25:56+00:00
CVE-2026-69602,updated,2026-09-14,cve_2026_to_now,2026-09-15T12:25:56+00:00
CVE-2026-69603,updated,2026-09-14,cve_2026_to_now,2026-09-15T12:25:56+00:00
CVE-2026-69604,updated,2026-09-14,cve_2026_to_now,2026-09-15T12:25:56+00:00
CVE-2026-69605,updated,2026-09-14,cve_2026_to_now,2026-09-15T12:25:56+00:00
CVE-2026-69606,updated,2026-09-14,cve_2026_to_now,2026-09-15T12:25:56+00:00
CVE-2026-69607,updated,2026-09-14,cve_2026_to_now,2026-09-15T12:25:56+00:00
CVE-2026-69608,updated,2026-09-14,cve_2026_to_now,2026-09-15T12:25:56+00:00
CVE-2026-69609,updated,2026-09-14,cve_2026_to_now,2026-09-15T12:25:56+00:00
CVE-2026-69610,updated,2026-09-14,cve_2026_to_now,2026-09-15T12:25:56+00:00
CVE-2026-69611,updated,2026-09-14,cve_2026_to_now,2026-09-15T12:25:56+00:00
CVE-2026-69612,updated,2026-09-14,cve_2026_to_now,2026-09-15T12:25:56+00:00
CVE-2026-69613,updated,2026-09-14,cve_2026_to_now,2026-09-15T12:25:56+00:00
CVE-2026-69614,updated,2026-09-14,cve_2026_to_now,2026-09-15T12:25:56+00:00
CVE-2026-69615,updated,2026-09-14,cve_2026_to_now,2026-09-15T12:25:56+00:00
CVE-2026-69616,updated,2026-09-14,cve_2026_to_now,2026-09-15T12:25:56+00:00
CVE-2026-69617,updated,2026-09-14,cve_2026_to_now,2026-09-15T12:25:56+00:00
CVE-2026-69618,updated,2026-09-14,cve_2026_to_now,2026-09-15T12:25:56+00:00
CVE-2026-69619,updated,2026-09-14,cve_2026_to_now,2026-09-15T12:25:56+00:00
CVE-2026-69620,updated,2026-09-14,cve_2026_to_now,2026-09-15T12:25:56+00:00
CVE-2026-69621,updated,2026-09-14,cve_2026_to_now,2026-09-15T12:25:56+00:00
CVE-2026-69623,updated,2026-09-14,cve_2026_to_now,2026-09-15T12:25:56+00:00
CVE-2026-69624,updated,2026-09-14,cve_2026_to_now,2026-09-15T12:25:56+00:00
CVE-2026-69625,updated,2026-09-14,cve_2026_to_now,2026-09-15T12:25:56+00:00
CVE-2026-69626,updated,2026-09-14,cve_2026_to_now,2026-09-15T12:25:56+00:00
CVE-2026-69627,updated,2026-09-14,cve_2026_to_now,2026-09-15T12:25:56+00:00
CVE-2026-69628,updated,2026-09-14,cve_2026_to_now,2026-09-15T12:25:56+00:00
CVE-2026-69629,updated,2026-09-14,cve_2026_to_now,2026-09-15T12:25:56+00:00
CVE-2026-69630,updated,2026-09-14,cve_2026_to_now,2026-09-15T12:25:56+00:00
CVE-2026-69631,updated,2026-09-14,cve_2026_to_now,2026-09-15T12:25:56+00:00
CVE-2026-69632,updated,2026-09-14,cve_2026_to_now,2026-09-15T12:25:56+00:00
CVE-2026-69636,updated,2026-09-14,cve_2026_to_now,2026-09-15T12:25:56+00:00
CVE-2026-69637,updated,2026-09-14,cve_2026_to_now,2026-09-15T12:25:56+00:00
CVE-2026-69638,updated,2026-09-14,cve_2026_to_now,2026-09-15T12:25:56+00:00
CVE-2026-69641,updated,2026-09-14,cve_2026_to_now,2026-09-15T12:25:56+00:00
CVE-2026-69642,updated,2026-09-14,cve_2026_to_now,2026-09-15T12:25:56+00:00
CVE-2026-69643,updated,2026-09-14,cve_2026_to_now,2026-09-15T12:25:56+00:00
CVE-2026-69645,updated,2026-09-14,cve_2026_to_now,2026-09-15T12:25:56+00:00
CVE-2026-69646,updated,2026-09-14,cve_2026_to_now,2026-09-15T12:25:56+00:00
CVE-2026-69648,updated,2026-09-14,cve_2026_to_now,2026-09-15T12:25:56+00:00
CVE-2026-69649,updated,2026-09-14,cve_2026_to_now,2026-09-15T12:25:56+00:00
CVE-2026-69652,updated,2026-09-14,cve_2026_to_now,2026-09-15T12:25:56+00:00
CVE-2026-69654,updated,2026-09-14,cve_2026_to_now,2026-09-15T12:25:56+00:00
CVE-2026-69669,updated,2026-09-14,cve_2026_to_now,2026-09-15T12:25:56+00:00
CVE-2026-69671,updated,2026-09-14,cve_2026_to_now,2026-09-15T12:25:56+00:00
CVE-2026-69672,updated,2026-09-14,cve_2026_to_now,2026-09-15T12:25:56+00:00
CVE-2026-69674,updated,2026-09-14,cve_2026_to_now,2026-09-15T12:25:56+00:00
CVE-2026-69676,updated,2026-09-14,cve_2026_to_now,2026-09-15T12:25:56+00:00
CVE-2026-69678,updated,2026-09-14,cve_2026_to_now,2026-09-15T12:25:56+00:00
CVE-2026-69679,updated,2026-09-14,cve_2026_to_now,2026-09-15T12:25:56+00:00
CVE-2026-69680,updated,2026-09-14,cve_2026_to_now,2026-09-15T12:25:56+00:00
CVE-2026-69681,updated,2026-09-14,cve_2026_to_now,2026-09-15T12:25:56+00:00
CVE-2026-69682,updated,2026-09-14,cve_2026_to_now,2026-09-15T12:25:56+00:00
CVE-2026-69683,updated,2026-09-14,cve_2026_to_now,2026-09-15T12:25:56+00:00
CVE-2026-69684,updated,2026-09-14,cve_2026_to_now,2026-09-15T12:25:56+00:00
CVE-2026-69685,updated,2026-09-14,cve_2026_to_now,2026-09-15T12:25:56+00:00
CVE-2026-69686,updated,2026-09-14,cve_2026_to_now,2026-09-15T12:25:56+00:00
CVE-2026-69687,updated,2026-09-14,cve_2026_to_now,2026-09-15T12:25:56+00:00
CVE-2026-69688,updated,2026-09-14,cve_2026_to_now,2026-09-15T12:25:56+00:00
CVE-2026-69689,updated,2026-09-14,cve_2026_to_now,2026-09-15T12:25:56+00:00
CVE-2026-69690,updated,2026-09-14,cve_2026_to_now,2026-09-15T12:25:56+00:00
CVE-2026-69691,updated,2026-09-14,cve_2026_to_now,2026-09-15T12:25:56+00:00
CVE-2026-69692,updated,2026-09-14,cve_2026_to_now,2026-09-15T12:25:56+00:00
CVE-2026-69693,updated,2026-09-14,cve_2026_to_now,2026-09-15T12:25:56+00:00
CVE-2026-69694,updated,2026-09-14,cve_2026_to_now,2026-09-15T12:25:56+00:00
CVE-2026-69706,updated,2026-09-14,cve_2026_to_now,2026-09-15T12:25:56+00:00
CVE-2026-69707,updated,2026-09-14,cve_2026_to_now,2026-09-15T12:25:56+00:00
CVE-2026-69708,updated,2026-09-14,cve_2026_to_now,2026-09-15T12:25:56+00:00
CVE-2026-69709,updated,2026-09-14,cve_2026_to_now,2026-09-15T12:25:56+00:00
CVE-2026-69710,updated,2026-09-14,cve_2026_to_now,2026-09-15T12:25:56+00:00
CVE-2026-69711,updated,2026-09-14,cve_2026_to_now,2026-09-15T12:25:56+00:00
CVE-2026-69712,updated,2026-09-14,cve_2026_to_now,2026-09-15T12:25:56+00:00
CVE-2026-69713,updated,2026-09-14,cve_2026_to_now,2026-09-15T12:25:56+00:00
CVE-2026-69714,updated,2026-09-14,cve_2026_to_now,2026-09-15T12:25:56+00:00
CVE-2026-69715,updated,2026-09-14,cve_2026_to_now,2026-09-15T12:25:56+00:00
CVE-2026-69716,updated,2026-09-14,cve_2026_to_now,2026-09-15T12:25:56+00:00
CVE-2026-69717,updated,2026-09-14,cve_2026_to_now,2026-09-15T12:25:56+00:00
CVE-2026-69719,updated,2026-09-14,cve_2026_to_now,2026-09-15T12:25:56+00:00
CVE-2026-69720,updated,2026-09-14,cve_2026_to_now,2026-09-15T12:25:56+00:00
CVE-2026-69722,updated,2026-09-14,cve_2026_to_now,2026-09-15T12:25:56+00:00
CVE-2026-69723,updated,2026-09-14,cve_2026_to_now,2026-09-15T12:25:56+00:00
CVE-2026-69724,updated,2026-09-14,cve_2026_to_now,2026-09-15T12:25:56+00:00
CVE-2026-69725,updated,2026-09-14,cve_2026_to_now,2026-09-15T12:25:56+00:00
CVE-2026-69727,updated,2026-09-14,cve_2026_to_now,2026-09-15T12:25:56+00:00
CVE-2026-69729,updated,2026-09-14,cve_2026_to_now,2026-09-15T12:25:56+00:00
CVE-2026-69730,updated,2026-09-14,cve_2026_to_now,2026-09-15T12:25:56+00:00
CVE-2026-69731,updated,2026-09-14,cve_2026_to_now,2026-09-15T12:25:56+00:00
CVE-2026-69732,updated,2026-09-14,cve_2026_to_now,2026-09-15T12:25:56+00:00
CVE-2026-69734,updated,2026-09-14,cve_2026_to_now,2026-09-15T12:25:56+00:00
CVE-2026-69735,updated,2026-09-14,cve_2026_to_now,2026-09-15T12:25:56+00:00
CVE-2026-69738,updated,2026-09-14,cve_2026_to_now,2026-09-15T12:25:56+00:00
CVE-2026-69739,updated,2026-09-14,cve_2026_to_now,2026-09-15T12:25:56+00:00
CVE-2026-69740,updated,2026-09-14,cve_2026_to_now,2026-09-15T12:25:56+00:00
CVE-2026-69741,updated,2026-09-14,cve_2026_to_now,2026-09-15T12:25:56+00:00
CVE-2026-69742,updated,2026-09-14,cve_2026_to_now,2026-09-15T12:25:56+00:00
CVE-2026-69744,updated,2026-09-14,cve_2026_to_now,2026-09-15T12:25:56+00:00
CVE-2026-69757,updated,2026-09-14,cve_2026_to_now,2026-09-15T12:25:56+00:00
CVE-2026-69758,updated,2026-09-14,cve_2026_to_now,2026-09-15T12:25:56+00:00
CVE-2026-69759,updated,2026-09-14,cve_2026_to_now,2026-09-15T12:25:56+00:00
CVE-2026-69760,updated,2026-09-14,cve_2026_to_now,2026-09-15T12:25:56+00:00
CVE-2026-69761,updated,2026-09-14,cve_2026_to_now,2026-09-15T12:25:56+00:00
CVE-2026-69762,updated,2026-09-14,cve_2026_to_now,2026-09-15T12:25:56+00:00
CVE-2026-69764,updated,2026-09-14,cve_2026_to_now,2026-09-15T12:25:56+00:00
CVE-2026-69767,updated,2026-09-14,cve_2026_to_now,2026-09-15T12:25:56+00:00
CVE-2026-69768,updated,2026-09-14,cve_2026_to_now,2026-09-15T12:25:56+00:00
CVE-2026-69769,updated,2026-09-14,cve_2026_to_now,2026-09-15T12:25:56+00:00
CVE-2026-69770,updated,2026-09-14,cve_2026_to_now,2026-09-15T12:25:56+00:00
CVE-2026-69771,updated,2026-09-14,cve_2026_to_now,2026-09-15T12:25:56+00:00
CVE-2026-69772,updated,2026-09-14,cve_2026_to_now,2026-09-15T12:25:56+00:00
CVE-2026-69773,updated,2026-09-14,cve_2026_to_now,2026-09-15T12:25:56+00:00
CVE-2026-69775,updated,2026-09-14,cve_2026_to_now,2026-09-15T12:25:56+00:00
CVE-2026-69777,updated,2026-09-14,cve_2026_to_now,2026-09-15T12:25:56+00:00
CVE-2026-69778,updated,2026-09-14,cve_2026_to_now,2026-09-15T12:25:56+00:00
CVE-2026-69779,updated,2026-09-14,cve_2026_to_now,2026-09-15T12:25:56+00:00
CVE-2026-69781,updated,2026-09-14,cve_2026_to_now,2026-09-15T12:25:56+00:00
CVE-2026-69782,updated,2026-09-14,cve_2026_to_now,2026-09-15T12:25:56+00:00
CVE-2026-69784,updated,2026-09-14,cve_2026_to_now,2026-09-15T12:25:56+00:00
CVE-2026-69785,updated,2026-09-14,cve_2026_to_now,2026-09-15T12:25:56+00:00
CVE-2026-69786,updated,2026-09-14,cve_2026_to_now,2026-09-15T12:25:56+00:00
CVE-2026-69787,updated,2026-09-14,cve_2026_to_now,2026-09-15T12:25:56+00:00
CVE-2026-69790,updated,2026-09-14,cve_2026_to_now,2026-09-15T12:25:56+00:00
CVE-2026-69791,updated,2026-09-14,cve_2026_to_now,2026-09-15T12:25:56+00:00
CVE-2026-69792,updated,2026-09-14,cve_2026_to_now,2026-09-15T12:25:56+00:00
CVE-2026-69793,updated,2026-09-14,cve_2026_to_now,2026-09-15T12:25:56+00:00
CVE-2026-69794,updated,2026-09-14,cve_2026_to_now,2026-09-15T12:25:56+00:00
CVE-2026-69797,updated,2026-09-14,cve_2026_to_now,2026-09-15T12:25:56+00:00
CVE-2026-69799,updated,2026-09-14,cve_2026_to_now,2026-09-15T12:25:56+00:00
CVE-2026-69801,updated,2026-09-14,cve_2026_to_now,2026-09-15T12:25:56+00:00
CVE-2026-69803,updated,2026-09-14,cve_2026_to_now,2026-09-15T12:25:56+00:00
CVE-2026-69804,updated,2026-09-14,cve_2026_to_now,2026-09-15T12:25:56+00:00
CVE-2026-69805,updated,2026-09-14,cve_2026_to_now,2026-09-15T12:25:56+00:00
CVE-2026-69806,updated,2026-09-14,cve_2026_to_now,2026-09-15T12:25:56+00:00
CVE-2026-69807,updated,2026-09-14,cve_2026_to_now,2026-09-15T12:25:56+00:00
CVE-2026-69808,updated,2026-09-14,cve_2026_to_now,2026-09-15T12:25:56+00:00
CVE-2026-69809,updated,2026-09-14,cve_2026_to_now,2026-09-15T12:25:56+00:00
CVE-2026-69813,updated,2026-09-14,cve_2026_to_now,2026-09-15T12:25:56+00:00
CVE-2026-69814,updated,2026-09-14,cve_2026_to_now,2026-09-15T12:25:56+00:00
CVE-2026-69816,updated,2026-09-14,cve_2026_to_now,2026-09-15T12:25:56+00:00
CVE-2026-69817,updated,2026-09-14,cve_2026_to_now,2026-09-15T12:25:56+00:00
CVE-2026-69818,updated,2026-09-14,cve_2026_to_now,2026-09-15T12:25:56+00:00
CVE-2026-69819,updated,2026-09-14,cve_2026_to_now,2026-09-15T12:25:56+00:00
CVE-2026-69820,updated,2026-09-14,cve_2026_to_now,2026-09-15T12:25:56+00:00
CVE-2026-69821,updated,2026-09-14,cve_2026_to_now,2026-09-15T12:25:56+00:00
CVE-2026-69822,updated,2026-09-14,cve_2026_to_now,2026-09-15T12:25:56+00:00
CVE-2026-69824,updated,2026-09-14,cve_2026_to_now,2026-09-15T12:25:56+00:00
CVE-2026-69826,updated,2026-09-14,cve_2026_to_now,2026-09-15T12:25:56+00:00
CVE-2026-69827,updated,2026-09-14,cve_2026_to_now,2026-09-15T12:25:56+00:00
CVE-2026-69829,updated,2026-09-14,cve_2026_to_now,2026-09-15T12:25:56+00:00
CVE-2026-69832,updated,2026-09-14,cve_2026_to_now,2026-09-15T12:25:56+00:00
CVE-2026-69834,updated,2026-09-14,cve_2026_to_now,2026-09-15T12:25:56+00:00
CVE-2026-69836,updated,2026-09-14,cve_2026_to_now,2026-09-15T12:25:56+00:00
CVE-2026-69838,updated,2026-09-14,cve_2026_to_now,2026-09-15T12:25:56+00:00
CVE-2026-69839,updated,2026-09-14,cve_2026_to_now,2026-09-15T12:25:56+00:00
CVE-2026-69841,updated,2026-09-14,cve_2026_to_now,2026-09-15T12:25:56+00:00
CVE-2026-69844,updated,2026-09-14,cve_2026_to_now,2026-09-15T12:25:56+00:00
CVE-2026-69845,updated,2026-09-14,cve_2026_to_now,2026-09-15T12:25:56+00:00
CVE-2026-69846,updated,2026-09-14,cve_2026_to_now,2026-09-15T12:25:56+00:00
CVE-2026-69847,updated,2026-09-14,cve_2026_to_now,2026-09-15T12:25:56+00:00
CVE-2026-69851,updated,2026-09-14,cve_2026_to_now,2026-09-15T12:25:56+00:00
CVE-2026-69852,updated,2026-09-14,cve_2026_to_now,2026-09-15T12:25:56+00:00
CVE-2026-69853,updated,2026-09-14,cve_2026_to_now,2026-09-15T12:25:56+00:00
CVE-2026-69854,updated,2026-09-14,cve_2026_to_now,2026-09-15T12:25:56+00:00
CVE-2026-69855,updated,2026-09-14,cve_2026_to_now,2026-09-15T12:25:56+00:00
CVE-2026-69857,updated,2026-09-14,cve_2026_to_now,2026-09-15T12:25:56+00:00
CVE-2026-69858,updated,2026-09-14,cve_2026_to_now,2026-09-15T12:25:56+00:00
CVE-2026-69859,updated,2026-09-14,cve_2026_to_now,2026-09-15T12:25:56+00:00
CVE-2026-69860,updated,2026-09-14,cve_2026_to_now,2026-09-15T12:25:56+00:00
CVE-2026-69862,updated,2026-09-14,cve_2026_to_now,2026-09-15T12:25:56+00:00
CVE-2026-69864,updated,2026-09-14,cve_2026_to_now,2026-09-15T12:25:56+00:00
CVE-2026-69866,updated,2026-09-14,cve_2026_to_now,2026-09-15T12:25:56+00:00
CVE-2026-69874,updated,2026-09-14,cve_2026_to_now,2026-09-15T12:25:56+00:00
CVE-2026-69875,updated,2026-09-14,cve_2026_to_now,2026-09-15T12:25:56+00:00
CVE-2026-69876,updated,2026-09-14,cve_2026_to_now,2026-09-15T12:25:56+00:00
CVE-2026-69878,updated,2026-09-14,cve_2026_to_now,2026-09-15T12:25:56+00:00
CVE-2026-69881,updated,2026-09-14,cve_2026_to_now,2026-09-15T12:25:56+00:00
CVE-2026-69889,updated,2026-09-14,cve_2026_to_now,2026-09-15T12:25:56+00:00
CVE-2026-69890,updated,2026-09-14,cve_2026_to_now,2026-09-15T12:25:56+00:00
CVE-2026-69891,updated,2026-09-14,cve_2026_to_now,2026-09-15T12:25:56+00:00
CVE-2026-69895,updated,2026-09-14,cve_2026_to_now,2026-09-15T12:25:56+00:00
CVE-2026-69896,updated,2026-09-14,cve_2026_to_now,2026-09-15T12:25:56+00:00
CVE-2026-69900,updated,2026-09-14,cve_2026_to_now,2026-09-15T12:25:56+00:00
CVE-2026-69904,updated,2026-09-14,cve_2026_to_now,2026-09-15T12:25:56+00:00
CVE-2026-69906,updated,2026-09-14,cve_2026_to_now,2026-09-15T12:25:56+00:00
CVE-2026-69907,updated,2026-09-14,cve_2026_to_now,2026-09-15T12:25:56+00:00
CVE-2026-69910,updated,2026-09-14,cve_2026_to_now,2026-09-15T12:25:56+00:00
CVE-2026-69911,updated,2026-09-14,cve_2026_to_now,2026-09-15T12:25:56+00:00
CVE-2026-69921,updated,2026-09-14,cve_2026_to_now,2026-09-15T12:25:56+00:00
CVE-2026-69929,updated,2026-09-14,cve_2026_to_now,2026-09-15T12:25:56+00:00
CVE-2026-69930,updated,2026-09-14,cve_2026_to_now,2026-09-15T12:25:56+00:00
CVE-2026-69989,updated,2026-09-14,cve_2026_to_now,2026-09-15T12:25:56+00:00
CVE-2026-70019,updated,2026-09-14,cve_2026_to_now,2026-09-15T12:25:56+00:00
CVE-2026-70065,updated,2026-09-14,cve_2026_to_now,2026-09-15T12:25:56+00:00
CVE-2026-70091,updated,2026-09-14,cve_2026_to_now,2026-09-15T12:25:56+00:00
CVE-2026-70105,updated,2026-09-14,cve_2026_to_now,2026-09-15T12:25:56+00:00
CVE-2026-70124,updated,2026-09-14,cve_2026_to_now,2026-09-15T12:25:56+00:00
CVE-2026-70130,updated,2026-09-14,cve_2026_to_now,2026-09-15T12:25:56+00:00
CVE-2026-70145,updated,2026-09-14,cve_2026_to_now,2026-09-15T12:25:56+00:00
CVE-2026-70178,updated,2026-09-14,cve_2026_to_now,2026-09-15T12:25:56+00:00
CVE-2026-70203,updated,2026-09-14,cve_2026_to_now,2026-09-15T12:25:56+00:00
CVE-2026-70283,updated,2026-09-14,cve_2026_to_now,2026-09-15T12:25:56+00:00
CVE-2026-70289,updated,2026-09-14,cve_2026_to_now,2026-09-15T12:25:56+00:00
CVE-2026-70290,updated,2026-09-14,cve_2026_to_now,2026-09-15T12:25:56+00:00
CVE-2026-70296,updated,2026-09-14,cve_2026_to_now,2026-09-15T12:25:56+00:00
CVE-2026-70304,updated,2026-09-14,cve_2026_to_now,2026-09-15T12:25:56+00:00
CVE-2026-70306,updated,2026-09-14,cve_2026_to_now,2026-09-15T12:25:56+00:00
CVE-2026-70307,updated,2026-09-14,cve_2026_to_now,2026-09-15T12:25:56+00:00
CVE-2026-70309,updated,2026-09-14,cve_2026_to_now,2026-09-15T12:25:56+00:00
CVE-2026-70310,updated,2026-09-14,cve_2026_to_now,2026-09-15T12:25:56+00:00
CVE-2026-70311,updated,2026-09-14,cve_2026_to_now,2026-09-15T12:25:56+00:00
CVE-2026-70312,updated,2026-09-14,cve_2026_to_now,2026-09-15T12:25:56+00:00
CVE-2026-70313,updated,2026-09-14,cve_2026_to_now,2026-09-15T12:25:56+00:00
CVE-2026-70314,updated,2026-09-14,cve_2026_to_now,2026-09-15T12:25:56+00:00
CVE-2026-70315,updated,2026-09-14,cve_2026_to_now,2026-09-15T12:25:56+00:00
CVE-2026-70316,updated,2026-09-14,cve_2026_to_now,2026-09-15T12:25:56+00:00
CVE-2026-70317,updated,2026-09-14,cve_2026_to_now,2026-09-15T12:25:56+00:00
CVE-2026-70318,updated,2026-09-14,cve_2026_to_now,2026-09-15T12:25:56+00:00
CVE-2026-70319,updated,2026-09-14,cve_2026_to_now,2026-09-15T12:25:56+00:00
CVE-2026-70320,updated,2026-09-14,cve_2026_to_now,2026-09-15T12:25:56+00:00
CVE-2026-70321,updated,2026-09-14,cve_2026_to_now,2026-09-15T12:25:56+00:00
CVE-2026-70322,updated,2026-09-14,cve_2026_to_now,2026-09-15T12:25:56+00:00
CVE-2026-70323,updated,2026-09-14,cve_2026_to_now,2026-09-15T12:25:56+00:00
CVE-2026-70324,updated,2026-09-14,cve_2026_to_now,2026-09-15T12:25:56+00:00
CVE-2026-70325,updated,2026-09-14,cve_2026_to_now,2026-09-15T12:25:56+00:00
CVE-2026-70326,updated,2026-09-14,cve_2026_to_now,2026-09-15T12:25:56+00:00
CVE-2026-70327,updated,2026-09-14,cve_2026_to_now,2026-09-15T12:25:56+00:00
CVE-2026-70328,updated,2026-09-14,cve_2026_to_now,2026-09-15T12:25:56+00:00
CVE-2026-70329,updated,2026-09-14,cve_2026_to_now,2026-09-15T12:25:56+00:00
CVE-2026-70330,updated,2026-09-14,cve_2026_to_now,2026-09-15T12:25:56+00:00
CVE-2026-70331,updated,2026-09-14,cve_2026_to_now,2026-09-15T12:25:56+00:00
CVE-2026-70332,updated,2026-09-14,cve_2026_to_now,2026-09-15T12:25:56+00:00
CVE-2026-70334,updated,2026-09-14,cve_2026_to_now,2026-09-15T12:25:56+00:00
CVE-2026-70335,updated,2026-09-14,cve_2026_to_now,2026-09-15T12:25:56+00:00
CVE-2026-70336,updated,2026-09-14,cve_2026_to_now,2026-09-15T12:25:56+00:00
CVE-2026-70337,updated,2026-09-14,cve_2026_to_now,2026-09-15T12:25:56+00:00
CVE-2026-70338,updated,2026-09-14,cve_2026_to_now,2026-09-15T12:25:56+00:00
CVE-2026-70339,updated,2026-09-14,cve_2026_to_now,2026-09-15T12:25:56+00:00
CVE-2026-70340,updated,2026-09-14,cve_2026_to_now,2026-09-15T12:25:56+00:00
CVE-2026-70341,updated,2026-09-14,cve_2026_to_now,2026-09-15T12:25:56+00:00
CVE-2026-70342,updated,2026-09-14,cve_2026_to_now,2026-09-15T12:25:56+00:00
CVE-2026-70344,updated,2026-09-14,cve_2026_to_now,2026-09-15T12:25:56+00:00
CVE-2026-70345,updated,2026-09-14,cve_2026_to_now,2026-09-15T12:25:56+00:00
CVE-2026-70346,updated,2026-09-14,cve_2026_to_now,2026-09-15T12:25:56+00:00
CVE-2026-70347,updated,2026-09-14,cve_2026_to_now,2026-09-15T12:25:56+00:00
CVE-2026-70348,updated,2026-09-14,cve_2026_to_now,2026-09-15T12:25:56+00:00
CVE-2026-70351,updated,2026-09-14,cve_2026_to_now,2026-09-15T12:25:56+00:00
CVE-2026-70352,updated,2026-09-14,cve_2026_to_now,2026-09-15T12:25:56+00:00
CVE-2026-70354,updated,2026-09-14,cve_2026_to_now,2026-09-15T12:25:56+00:00
CVE-2026-70355,updated,2026-09-14,cve_2026_to_now,2026-09-15T12:25:56+00:00
CVE-2026-70562,updated,2026-09-14,cve_2026_to_now,2026-09-15T12:25:56+00:00
CVE-2026-70563,updated,2026-09-14,cve_2026_to_now,2026-09-15T12:25:56+00:00
CVE-2026-70564,updated,2026-09-14,cve_2026_to_now,2026-09-15T12:25:56+00:00
CVE-2026-70565,updated,2026-09-14,cve_2026_to_now,2026-09-15T12:25:56+00:00
CVE-2026-70567,updated,2026-09-14,cve_2026_to_now,2026-09-15T12:25:56+00:00
CVE-2026-70568,updated,2026-09-14,cve_2026_to_now,2026-09-15T12:25:56+00:00
CVE-2026-70569,updated,2026-09-14,cve_2026_to_now,2026-09-15T12:25:56+00:00
CVE-2026-70570,updated,2026-09-14,cve_2026_to_now,2026-09-15T12:25:56+00:00
CVE-2026-70572,updated,2026-09-14,cve_2026_to_now,2026-09-15T12:25:56+00:00
CVE-2026-70573,updated,2026-09-14,cve_2026_to_now,2026-09-15T12:25:56+00:00
CVE-2026-70574,updated,2026-09-14,cve_2026_to_now,2026-09-15T12:25:56+00:00
CVE-2026-70575,updated,2026-09-14,cve_2026_to_now,2026-09-15T12:25:56+00:00
CVE-2026-70577,updated,2026-09-14,cve_2026_to_now,2026-09-15T12:25:56+00:00
CVE-2026-70578,updated,2026-09-14,cve_2026_to_now,2026-09-15T12:25:56+00:00
CVE-2026-70579,updated,2026-09-14,cve_2026_to_now,2026-09-15T12:25:56+00:00
CVE-2026-70581,updated,2026-09-14,cve_2026_to_now,2026-09-15T12:25:56+00:00
CVE-2026-70582,updated,2026-09-14,cve_2026_to_now,2026-09-15T12:25:56+00:00
CVE-2026-70583,updated,2026-09-14,cve_2026_to_now,2026-09-15T12:25:56+00:00
CVE-2026-70584,updated,2026-09-14,cve_2026_to_now,2026-09-15T12:25:56+00:00
CVE-2026-70585,updated,2026-09-14,cve_2026_to_now,2026-09-15T12:25:56+00:00
CVE-2026-70586,updated,2026-09-14,cve_2026_to_now,2026-09-15T12:25:56+00:00
CVE-2026-70587,updated,2026-09-14,cve_2026_to_now,2026-09-15T12:25:56+00:00
CVE-2026-70658,added,,cve_2026_to_now,2026-09-15T12:25:56+00:00
CVE-2026-71198,updated,,cve_2026_to_now,2026-09-15T12:25:56+00:00
CVE-2026-71328,updated,2026-09-14,cve_2026_to_now,2026-09-15T12:25:56+00:00
CVE-2026-71329,updated,2026-09-14,cve_2026_to_now,2026-09-15T12:25:56+00:00
CVE-2026-71330,updated,2026-09-14,cve_2026_to_now,2026-09-15T12:25:56+00:00
CVE-2026-71331,updated,2026-09-14,cve_2026_to_now,2026-09-15T12:25:56+00:00
CVE-2026-71332,updated,2026-09-14,cve_2026_to_now,2026-09-15T12:25:56+00:00
CVE-2026-71333,updated,2026-09-14,cve_2026_to_now,2026-09-15T12:25:56+00:00
CVE-2026-71334,updated,2026-09-14,cve_2026_to_now,2026-09-15T12:25:56+00:00
CVE-2026-71336,updated,2026-09-14,cve_2026_to_now,2026-09-15T12:25:56+00:00
CVE-2026-71337,updated,2026-09-14,cve_2026_to_now,2026-09-15T12:25:56+00:00
CVE-2026-71338,updated,2026-09-14,cve_2026_to_now,2026-09-15T12:25:56+00:00
CVE-2026-71339,updated,2026-09-14,cve_2026_to_now,2026-09-15T12:25:56+00:00
CVE-2026-71340,updated,2026-09-14,cve_2026_to_now,2026-09-15T12:25:56+00:00
CVE-2026-71341,updated,2026-09-14,cve_2026_to_now,2026-09-15T12:25:56+00:00
CVE-2026-71342,updated,2026-09-14,cve_2026_to_now,2026-09-15T12:25:56+00:00
CVE-2026-71343,updated,2026-09-14,cve_2026_to_now,2026-09-15T12:25:56+00:00
CVE-2026-71345,updated,2026-09-14,cve_2026_to_now,2026-09-15T12:25:56+00:00
CVE-2026-71348,updated,2026-09-14,cve_2026_to_now,2026-09-15T12:25:56+00:00
CVE-2026-71349,updated,2026-09-14,cve_2026_to_now,2026-09-15T12:25:56+00:00
CVE-2026-71350,updated,2026-09-14,cve_2026_to_now,2026-09-15T12:25:56+00:00
CVE-2026-71351,updated,2026-09-14,cve_2026_to_now,2026-09-15T12:25:56+00:00
CVE-2026-71352,updated,2026-09-14,cve_2026_to_now,2026-09-15T12:25:56+00:00
CVE-2026-71353,updated,2026-09-14,cve_2026_to_now,2026-09-15T12:25:56+00:00
CVE-2026-71612,updated,2026-09-14,cve_2026_to_now,2026-09-15T12:25:56+00:00
CVE-2026-71640,updated,2026-09-14,cve_2026_to_now,2026-09-15T12:25:56+00:00
CVE-2026-71643,updated,2026-09-14,cve_2026_to_now,2026-09-15T12:25:56+00:00
CVE-2026-71645,updated,2026-09-14,cve_2026_to_now,2026-09-15T12:25:56+00:00
CVE-2026-71646,updated,2026-09-14,cve_2026_to_now,2026-09-15T12:25:56+00:00
CVE-2026-71802,updated,2026-09-14,cve_2026_to_now,2026-09-15T12:25:56+00:00
CVE-2026-71807,updated,2026-09-14,cve_2026_to_now,2026-09-15T12:25:56+00:00
CVE-2026-71809,updated,2026-09-14,cve_2026_to_now,2026-09-15T12:25:56+00:00
CVE-2026-72524,updated,,cve_2026_to_now,2026-09-15T12:25:56+00:00
CVE-2026-72693,updated,2026-09-15,cve_2026_to_now,2026-09-15T12:25:56+00:00
CVE-2026-72708,updated,2026-09-15,cve_2026_to_now,2026-09-15T12:25:56+00:00
CVE-2026-72709,updated,2026-09-15,cve_2026_to_now,2026-09-15T12:25:56+00:00
CVE-2026-72710,updated,2026-09-15,cve_2026_to_now,2026-09-15T12:25:56+00:00
CVE-2026-72926,updated,2026-09-14,cve_2026_to_now,2026-09-15T12:25:56+00:00
CVE-2026-72927,updated,2026-09-14,cve_2026_to_now,2026-09-15T12:25:56+00:00
CVE-2026-72928,updated,2026-09-14,cve_2026_to_now,2026-09-15T12:25:56+00:00
CVE-2026-72929,updated,2026-09-14,cve_2026_to_now,2026-09-15T12:25:56+00:00
CVE-2026-72930,updated,2026-09-14,cve_2026_to_now,2026-09-15T12:25:56+00:00
CVE-2026-72931,updated,2026-09-14,cve_2026_to_now,2026-09-15T12:25:56+00:00
CVE-2026-72932,updated,2026-09-14,cve_2026_to_now,2026-09-15T12:25:56+00:00
CVE-2026-72933,updated,2026-09-14,cve_2026_to_now,2026-09-15T12:25:56+00:00
CVE-2026-72935,updated,2026-09-14,cve_2026_to_now,2026-09-15T12:25:56+00:00
CVE-2026-72936,updated,2026-09-14,cve_2026_to_now,2026-09-15T12:25:56+00:00
CVE-2026-72937,updated,2026-09-14,cve_2026_to_now,2026-09-15T12:25:56+00:00
CVE-2026-72938,updated,2026-09-14,cve_2026_to_now,2026-09-15T12:25:56+00:00
CVE-2026-72939,updated,2026-09-14,cve_2026_to_now,2026-09-15T12:25:56+00:00
CVE-2026-72940,updated,2026-09-14,cve_2026_to_now,2026-09-15T12:25:56+00:00
CVE-2026-72941,updated,2026-09-14,cve_2026_to_now,2026-09-15T12:25:56+00:00
CVE-2026-72942,updated,2026-09-14,cve_2026_to_now,2026-09-15T12:25:56+00:00
CVE-2026-72943,updated,2026-09-14,cve_2026_to_now,2026-09-15T12:25:56+00:00
CVE-2026-72944,updated,2026-09-14,cve_2026_to_now,2026-09-15T12:25:56+00:00
CVE-2026-72945,updated,2026-09-14,cve_2026_to_now,2026-09-15T12:25:56+00:00
CVE-2026-72946,updated,2026-09-14,cve_2026_to_now,2026-09-15T12:25:56+00:00
CVE-2026-72947,updated,2026-09-14,cve_2026_to_now,2026-09-15T12:25:56+00:00
CVE-2026-72948,updated,2026-09-14,cve_2026_to_now,2026-09-15T12:25:56+00:00
CVE-2026-72949,updated,2026-09-14,cve_2026_to_now,2026-09-15T12:25:56+00:00
CVE-2026-72950,updated,2026-09-14,cve_2026_to_now,2026-09-15T12:25:56+00:00
CVE-2026-72952,updated,2026-09-14,cve_2026_to_now,2026-09-15T12:25:56+00:00
CVE-2026-72953,updated,2026-09-14,cve_2026_to_now,2026-09-15T12:25:56+00:00
CVE-2026-72954,updated,2026-09-14,cve_2026_to_now,2026-09-15T12:25:56+00:00
CVE-2026-72956,updated,2026-09-14,cve_2026_to_now,2026-09-15T12:25:56+00:00
CVE-2026-72957,updated,2026-09-14,cve_2026_to_now,2026-09-15T12:25:56+00:00
CVE-2026-72958,updated,2026-09-14,cve_2026_to_now,2026-09-15T12:25:56+00:00
CVE-2026-72959,updated,2026-09-14,cve_2026_to_now,2026-09-15T12:25:56+00:00
CVE-2026-72960,updated,2026-09-14,cve_2026_to_now,2026-09-15T12:25:56+00:00
CVE-2026-72961,updated,2026-09-14,cve_2026_to_now,2026-09-15T12:25:56+00:00
CVE-2026-72962,updated,2026-09-14,cve_2026_to_now,2026-09-15T12:25:56+00:00
CVE-2026-72963,updated,2026-09-14,cve_2026_to_now,2026-09-15T12:25:56+00:00
CVE-2026-72964,updated,2026-09-14,cve_2026_to_now,2026-09-15T12:25:56+00:00
CVE-2026-72965,updated,2026-09-14,cve_2026_to_now,2026-09-15T12:25:56+00:00
CVE-2026-72966,updated,2026-09-14,cve_2026_to_now,2026-09-15T12:25:56+00:00
CVE-2026-72967,updated,2026-09-14,cve_2026_to_now,2026-09-15T12:25:56+00:00
CVE-2026-72970,updated,2026-09-14,cve_2026_to_now,2026-09-15T12:25:56+00:00
CVE-2026-72971,updated,2026-09-14,cve_2026_to_now,2026-09-15T12:25:56+00:00
CVE-2026-72972,updated,2026-09-14,cve_2026_to_now,2026-09-15T12:25:56+00:00
CVE-2026-72973,updated,2026-09-14,cve_2026_to_now,2026-09-15T12:25:56+00:00
CVE-2026-72974,updated,2026-09-14,cve_2026_to_now,2026-09-15T12:25:56+00:00
CVE-2026-72975,updated,2026-09-14,cve_2026_to_now,2026-09-15T12:25:56+00:00
CVE-2026-72976,updated,2026-09-14,cve_2026_to_now,2026-09-15T12:25:56+00:00
CVE-2026-72977,updated,2026-09-14,cve_2026_to_now,2026-09-15T12:25:56+00:00
CVE-2026-72978,updated,2026-09-14,cve_2026_to_now,2026-09-15T12:25:56+00:00
CVE-2026-72979,updated,2026-09-14,cve_2026_to_now,2026-09-15T12:25:56+00:00
CVE-2026-72980,updated,2026-09-14,cve_2026_to_now,2026-09-15T12:25:56+00:00
CVE-2026-72981,updated,2026-09-14,cve_2026_to_now,2026-09-15T12:25:56+00:00
CVE-2026-72982,updated,2026-09-14,cve_2026_to_now,2026-09-15T12:25:56+00:00
CVE-2026-72983,updated,2026-09-14,cve_2026_to_now,2026-09-15T12:25:56+00:00
CVE-2026-72984,updated,2026-09-14,cve_2026_to_now,2026-09-15T12:25:56+00:00
CVE-2026-72985,updated,2026-09-14,cve_2026_to_now,2026-09-15T12:25:56+00:00
CVE-2026-72986,updated,2026-09-14,cve_2026_to_now,2026-09-15T12:25:56+00:00
CVE-2026-72987,updated,2026-09-14,cve_2026_to_now,2026-09-15T12:25:56+00:00
CVE-2026-72988,updated,2026-09-14,cve_2026_to_now,2026-09-15T12:25:56+00:00
CVE-2026-72989,updated,2026-09-14,cve_2026_to_now,2026-09-15T12:25:56+00:00
CVE-2026-72990,updated,2026-09-14,cve_2026_to_now,2026-09-15T12:25:56+00:00
CVE-2026-72991,updated,2026-09-14,cve_2026_to_now,2026-09-15T12:25:56+00:00
CVE-2026-72992,updated,2026-09-14,cve_2026_to_now,2026-09-15T12:25:56+00:00
CVE-2026-72993,updated,2026-09-14,cve_2026_to_now,2026-09-15T12:25:56+00:00
CVE-2026-72994,updated,2026-09-14,cve_2026_to_now,2026-09-15T12:25:56+00:00
CVE-2026-72995,updated,2026-09-14,cve_2026_to_now,2026-09-15T12:25:56+00:00
CVE-2026-72996,updated,2026-09-14,cve_2026_to_now,2026-09-15T12:25:56+00:00
CVE-2026-72997,updated,2026-09-14,cve_2026_to_now,2026-09-15T12:25:56+00:00
CVE-2026-72999,updated,2026-09-14,cve_2026_to_now,2026-09-15T12:25:56+00:00
CVE-2026-73000,updated,2026-09-14,cve_2026_to_now,2026-09-15T12:25:56+00:00
CVE-2026-73001,updated,2026-09-14,cve_2026_to_now,2026-09-15T12:25:56+00:00
CVE-2026-73002,updated,2026-09-14,cve_2026_to_now,2026-09-15T12:25:56+00:00
CVE-2026-73003,updated,2026-09-14,cve_2026_to_now,2026-09-15T12:25:56+00:00
CVE-2026-73004,updated,2026-09-14,cve_2026_to_now,2026-09-15T12:25:56+00:00
CVE-2026-73005,updated,2026-09-14,cve_2026_to_now,2026-09-15T12:25:56+00:00
CVE-2026-73006,updated,2026-09-14,cve_2026_to_now,2026-09-15T12:25:56+00:00
CVE-2026-73007,updated,2026-09-14,cve_2026_to_now,2026-09-15T12:25:56+00:00
CVE-2026-73008,updated,2026-09-14,cve_2026_to_now,2026-09-15T12:25:56+00:00
CVE-2026-73009,updated,2026-09-14,cve_2026_to_now,2026-09-15T12:25:56+00:00
CVE-2026-73010,updated,2026-09-14,cve_2026_to_now,2026-09-15T12:25:56+00:00
CVE-2026-73011,updated,2026-09-14,cve_2026_to_now,2026-09-15T12:25:56+00:00
CVE-2026-73012,updated,2026-09-14,cve_2026_to_now,2026-09-15T12:25:56+00:00
CVE-2026-73013,updated,2026-09-14,cve_2026_to_now,2026-09-15T12:25:56+00:00
CVE-2026-73014,updated,2026-09-14,cve_2026_to_now,2026-09-15T12:25:56+00:00
CVE-2026-73015,updated,2026-09-14,cve_2026_to_now,2026-09-15T12:25:56+00:00
CVE-2026-73016,updated,2026-09-14,cve_2026_to_now,2026-09-15T12:25:56+00:00
CVE-2026-73017,updated,2026-09-14,cve_2026_to_now,2026-09-15T12:25:56+00:00
CVE-2026-73018,updated,2026-09-14,cve_2026_to_now,2026-09-15T12:25:56+00:00
CVE-2026-73019,updated,2026-09-14,cve_2026_to_now,2026-09-15T12:25:56+00:00
CVE-2026-73020,updated,2026-09-14,cve_2026_to_now,2026-09-15T12:25:56+00:00
CVE-2026-73021,updated,2026-09-14,cve_2026_to_now,2026-09-15T12:25:56+00:00
CVE-2026-73022,updated,2026-09-14,cve_2026_to_now,2026-09-15T12:25:56+00:00
CVE-2026-73023,updated,2026-09-14,cve_2026_to_now,2026-09-15T12:25:56+00:00
CVE-2026-73024,updated,2026-09-14,cve_2026_to_now,2026-09-15T12:25:56+00:00
CVE-2026-73025,updated,2026-09-14,cve_2026_to_now,2026-09-15T12:25:56+00:00
CVE-2026-73026,updated,2026-09-14,cve_2026_to_now,2026-09-15T12:25:56+00:00
CVE-2026-73028,updated,2026-09-14,cve_2026_to_now,2026-09-15T12:25:56+00:00
CVE-2026-73029,updated,2026-09-14,cve_2026_to_now,2026-09-15T12:25:56+00:00
CVE-2026-73178,updated,,cve_2026_to_now,2026-09-15T12:25:56+00:00
CVE-2026-73191,updated,,cve_2026_to_now,2026-09-15T12:25:56+00:00
CVE-2026-73195,updated,,cve_2026_to_now,2026-09-15T12:25:56+00:00
CVE-2026-73236,updated,,cve_2026_to_now,2026-09-15T12:25:56+00:00
CVE-2026-73313,updated,2026-09-14,cve_2026_to_now,2026-09-15T12:25:56+00:00
CVE-2026-73318,updated,2026-09-14,cve_2026_to_now,2026-09-15T12:25:56+00:00
CVE-2026-73370,updated,,cve_2026_to_now,2026-09-15T12:25:56+00:00
CVE-2026-73449,added,,cve_2026_to_now,2026-09-15T12:25:56+00:00
CVE-2026-73470,updated,,cve_2026_to_now,2026-09-15T12:25:56+00:00
CVE-2026-73494,added,,cve_2026_to_now,2026-09-15T12:25:56+00:00
CVE-2026-73496,added,,cve_2026_to_now,2026-09-15T12:25:56+00:00
CVE-2026-73497,added,,cve_2026_to_now,2026-09-15T12:25:56+00:00
CVE-2026-73579,updated,,cve_2026_to_now,2026-09-15T12:25:56+00:00
CVE-2026-73668,updated,,cve_2026_to_now,2026-09-15T12:25:56+00:00
CVE-2026-75015,updated,,cve_2026_to_now,2026-09-15T12:25:56+00:00
CVE-2026-75030,updated,,cve_2026_to_now,2026-09-15T12:25:56+00:00
CVE-2026-75092,added,,cve_2026_to_now,2026-09-15T12:25:56+00:00
CVE-2026-75624,updated,2026-09-15,cve_2026_to_now,2026-09-15T12:25:56+00:00
CVE-2026-75792,added,,cve_2026_to_now,2026-09-15T12:25:56+00:00
CVE-2026-75943,added,,cve_2026_to_now,2026-09-15T12:25:56+00:00
CVE-2026-75944,added,,cve_2026_to_now,2026-09-15T12:25:56+00:00
CVE-2026-75945,added,,cve_2026_to_now,2026-09-15T12:25:56+00:00
CVE-2026-75983,added,,cve_2026_to_now,2026-09-15T12:25:56+00:00
CVE-2026-76081,added,,cve_2026_to_now,2026-09-15T12:25:56+00:00
CVE-2026-76159,added,,cve_2026_to_now,2026-09-15T12:25:56+00:00
CVE-2026-76440,added,2026-09-15,cve_2026_to_now,2026-09-15T12:25:56+00:00
CVE-2026-76441,added,2026-09-15,cve_2026_to_now,2026-09-15T12:25:56+00:00
CVE-2026-76442,added,2026-09-15,cve_2026_to_now,2026-09-15T12:25:56+00:00
CVE-2026-76443,added,2026-09-15,cve_2026_to_now,2026-09-15T12:25:56+00:00
CVE-2026-76461,added,2026-09-15,cve_2026_to_now,2026-09-15T12:25:56+00:00
CVE-2026-77051,updated,,cve_2026_to_now,2026-09-15T12:25:56+00:00
CVE-2026-77117,added,,cve_2026_to_now,2026-09-15T12:25:56+00:00
CVE-2026-77147,updated,,cve_2026_to_now,2026-09-15T12:25:56+00:00
CVE-2026-77161,updated,2026-09-14,cve_2026_to_now,2026-09-15T12:25:56+00:00
CVE-2026-77181,updated,,cve_2026_to_now,2026-09-15T12:25:56+00:00
CVE-2026-77191,added,,cve_2026_to_now,2026-09-15T12:25:56+00:00
CVE-2026-77480,updated,2026-09-14,cve_2026_to_now,2026-09-15T12:25:56+00:00
CVE-2026-77481,updated,2026-09-14,cve_2026_to_now,2026-09-15T12:25:56+00:00
CVE-2026-77482,updated,2026-09-14,cve_2026_to_now,2026-09-15T12:25:56+00:00
CVE-2026-77483,updated,2026-09-14,cve_2026_to_now,2026-09-15T12:25:56+00:00
CVE-2026-77484,updated,2026-09-14,cve_2026_to_now,2026-09-15T12:25:56+00:00
CVE-2026-77485,updated,2026-09-14,cve_2026_to_now,2026-09-15T12:25:56+00:00
CVE-2026-77486,updated,2026-09-14,cve_2026_to_now,2026-09-15T12:25:56+00:00
CVE-2026-77487,updated,2026-09-14,cve_2026_to_now,2026-09-15T12:25:56+00:00
CVE-2026-77488,updated,2026-09-14,cve_2026_to_now,2026-09-15T12:25:56+00:00
CVE-2026-77489,updated,2026-09-14,cve_2026_to_now,2026-09-15T12:25:56+00:00
CVE-2026-77490,updated,2026-09-14,cve_2026_to_now,2026-09-15T12:25:56+00:00
CVE-2026-77491,updated,2026-09-14,cve_2026_to_now,2026-09-15T12:25:56+00:00
CVE-2026-77492,updated,2026-09-14,cve_2026_to_now,2026-09-15T12:25:56+00:00
CVE-2026-77493,updated,2026-09-14,cve_2026_to_now,2026-09-15T12:25:56+00:00
CVE-2026-77494,updated,2026-09-14,cve_2026_to_now,2026-09-15T12:25:56+00:00
CVE-2026-77495,updated,2026-09-14,cve_2026_to_now,2026-09-15T12:25:56+00:00
CVE-2026-77498,updated,2026-09-14,cve_2026_to_now,2026-09-15T12:25:56+00:00
CVE-2026-77499,updated,2026-09-14,cve_2026_to_now,2026-09-15T12:25:56+00:00
CVE-2026-77500,updated,2026-09-14,cve_2026_to_now,2026-09-15T12:25:56+00:00
CVE-2026-77501,updated,2026-09-14,cve_2026_to_now,2026-09-15T12:25:56+00:00
CVE-2026-77502,updated,2026-09-14,cve_2026_to_now,2026-09-15T12:25:56+00:00
CVE-2026-77503,updated,2026-09-14,cve_2026_to_now,2026-09-15T12:25:56+00:00
CVE-2026-77504,updated,2026-09-14,cve_2026_to_now,2026-09-15T12:25:56+00:00
CVE-2026-77505,updated,2026-09-14,cve_2026_to_now,2026-09-15T12:25:56+00:00
CVE-2026-77827,updated,2026-09-14,cve_2026_to_now,2026-09-15T12:25:56+00:00
CVE-2026-77853,added,,cve_2026_to_now,2026-09-15T12:25:56+00:00
CVE-2026-77883,updated,,cve_2026_to_now,2026-09-15T12:25:56+00:00
CVE-2026-77884,added,,cve_2026_to_now,2026-09-15T12:25:56+00:00
CVE-2026-77886,updated,2026-09-14,cve_2026_to_now,2026-09-15T12:25:56+00:00
CVE-2026-77887,updated,2026-09-14,cve_2026_to_now,2026-09-15T12:25:56+00:00
CVE-2026-77888,updated,2026-09-14,cve_2026_to_now,2026-09-15T12:25:56+00:00
CVE-2026-77889,updated,2026-09-14,cve_2026_to_now,2026-09-15T12:25:56+00:00
CVE-2026-77890,updated,2026-09-14,cve_2026_to_now,2026-09-15T12:25:56+00:00
CVE-2026-77891,updated,2026-09-14,cve_2026_to_now,2026-09-15T12:25:56+00:00
CVE-2026-77892,updated,2026-09-14,cve_2026_to_now,2026-09-15T12:25:56+00:00
CVE-2026-77893,updated,2026-09-14,cve_2026_to_now,2026-09-15T12:25:56+00:00
CVE-2026-77894,updated,2026-09-14,cve_2026_to_now,2026-09-15T12:25:56+00:00
CVE-2026-77895,updated,2026-09-14,cve_2026_to_now,2026-09-15T12:25:56+00:00
CVE-2026-77896,updated,2026-09-14,cve_2026_to_now,2026-09-15T12:25:56+00:00
CVE-2026-77897,updated,2026-09-14,cve_2026_to_now,2026-09-15T12:25:56+00:00
CVE-2026-77898,updated,2026-09-14,cve_2026_to_now,2026-09-15T12:25:56+00:00
CVE-2026-77899,updated,2026-09-14,cve_2026_to_now,2026-09-15T12:25:56+00:00
CVE-2026-77901,updated,2026-09-14,cve_2026_to_now,2026-09-15T12:25:56+00:00
CVE-2026-77904,updated,2026-09-14,cve_2026_to_now,2026-09-15T12:25:56+00:00
CVE-2026-77905,updated,2026-09-14,cve_2026_to_now,2026-09-15T12:25:56+00:00
CVE-2026-77906,updated,2026-09-14,cve_2026_to_now,2026-09-15T12:25:56+00:00
CVE-2026-77907,updated,2026-09-14,cve_2026_to_now,2026-09-15T12:25:56+00:00
CVE-2026-77908,updated,2026-09-14,cve_2026_to_now,2026-09-15T12:25:56+00:00
CVE-2026-77909,updated,2026-09-14,cve_2026_to_now,2026-09-15T12:25:56+00:00
CVE-2026-77911,updated,2026-09-14,cve_2026_to_now,2026-09-15T12:25:56+00:00
CVE-2026-78006,updated,2026-09-14,cve_2026_to_now,2026-09-15T12:25:56+00:00
CVE-2026-78126,updated,2026-09-14,cve_2026_to_now,2026-09-15T12:25:56+00:00
CVE-2026-78132,updated,2026-09-14,cve_2026_to_now,2026-09-15T12:25:56+00:00
CVE-2026-78159,updated,2026-09-14,cve_2026_to_now,2026-09-15T12:25:56+00:00
CVE-2026-78299,updated,,cve_2026_to_now,2026-09-15T12:25:56+00:00
CVE-2026-78318,updated,,cve_2026_to_now,2026-09-15T12:25:56+00:00
CVE-2026-78330,updated,,cve_2026_to_now,2026-09-15T12:25:56+00:00
CVE-2026-78336,updated,,cve_2026_to_now,2026-09-15T12:25:56+00:00
CVE-2026-78375,updated,2026-09-15,cve_2026_to_now,2026-09-15T12:25:56+00:00
CVE-2026-78415,added,,cve_2026_to_now,2026-09-15T12:25:56+00:00
CVE-2026-78439,updated,2026-09-14,cve_2026_to_now,2026-09-15T12:25:56+00:00
CVE-2026-78441,updated,2026-09-14,cve_2026_to_now,2026-09-15T12:25:56+00:00
CVE-2026-78442,updated,2026-09-14,cve_2026_to_now,2026-09-15T12:25:56+00:00
CVE-2026-78444,updated,2026-09-14,cve_2026_to_now,2026-09-15T12:25:56+00:00
CVE-2026-78445,updated,2026-09-14,cve_2026_to_now,2026-09-15T12:25:56+00:00
CVE-2026-78446,updated,2026-09-14,cve_2026_to_now,2026-09-15T12:25:56+00:00
CVE-2026-78447,updated,2026-09-14,cve_2026_to_now,2026-09-15T12:25:56+00:00
CVE-2026-78448,updated,2026-09-14,cve_2026_to_now,2026-09-15T12:25:56+00:00
CVE-2026-78449,updated,2026-09-14,cve_2026_to_now,2026-09-15T12:25:56+00:00
CVE-2026-78450,updated,2026-09-14,cve_2026_to_now,2026-09-15T12:25:56+00:00
CVE-2026-78451,updated,2026-09-14,cve_2026_to_now,2026-09-15T12:25:56+00:00
CVE-2026-78452,updated,2026-09-14,cve_2026_to_now,2026-09-15T12:25:56+00:00
CVE-2026-78453,updated,2026-09-14,cve_2026_to_now,2026-09-15T12:25:56+00:00
CVE-2026-78454,updated,2026-09-14,cve_2026_to_now,2026-09-15T12:25:56+00:00
CVE-2026-78455,updated,2026-09-14,cve_2026_to_now,2026-09-15T12:25:56+00:00
CVE-2026-78456,updated,2026-09-14,cve_2026_to_now,2026-09-15T12:25:56+00:00
CVE-2026-78457,updated,2026-09-14,cve_2026_to_now,2026-09-15T12:25:56+00:00
CVE-2026-78461,updated,2026-09-14,cve_2026_to_now,2026-09-15T12:25:56+00:00
CVE-2026-78462,updated,2026-09-14,cve_2026_to_now,2026-09-15T12:25:56+00:00
CVE-2026-78463,updated,2026-09-14,cve_2026_to_now,2026-09-15T12:25:56+00:00
CVE-2026-78464,updated,2026-09-14,cve_2026_to_now,2026-09-15T12:25:56+00:00
CVE-2026-78502,updated,2026-09-14,cve_2026_to_now,2026-09-15T12:25:56+00:00
CVE-2026-78503,updated,2026-09-14,cve_2026_to_now,2026-09-15T12:25:56+00:00
CVE-2026-78504,updated,2026-09-14,cve_2026_to_now,2026-09-15T12:25:56+00:00
CVE-2026-78505,updated,2026-09-14,cve_2026_to_now,2026-09-15T12:25:56+00:00
CVE-2026-78506,updated,2026-09-14,cve_2026_to_now,2026-09-15T12:25:56+00:00
CVE-2026-78507,updated,2026-09-14,cve_2026_to_now,2026-09-15T12:25:56+00:00
CVE-2026-78508,updated,2026-09-14,cve_2026_to_now,2026-09-15T12:25:56+00:00
CVE-2026-78509,updated,2026-09-14,cve_2026_to_now,2026-09-15T12:25:56+00:00
CVE-2026-78510,updated,2026-09-14,cve_2026_to_now,2026-09-15T12:25:56+00:00
CVE-2026-78511,updated,2026-09-14,cve_2026_to_now,2026-09-15T12:25:56+00:00
CVE-2026-78512,updated,2026-09-14,cve_2026_to_now,2026-09-15T12:25:56+00:00
CVE-2026-78513,updated,2026-09-14,cve_2026_to_now,2026-09-15T12:25:56+00:00
CVE-2026-78514,updated,2026-09-14,cve_2026_to_now,2026-09-15T12:25:56+00:00
CVE-2026-78515,updated,2026-09-14,cve_2026_to_now,2026-09-15T12:25:56+00:00
CVE-2026-78516,updated,2026-09-14,cve_2026_to_now,2026-09-15T12:25:56+00:00
CVE-2026-78517,updated,2026-09-14,cve_2026_to_now,2026-09-15T12:25:56+00:00
CVE-2026-78518,updated,2026-09-14,cve_2026_to_now,2026-09-15T12:25:56+00:00
CVE-2026-78519,updated,2026-09-14,cve_2026_to_now,2026-09-15T12:25:56+00:00
CVE-2026-78520,updated,2026-09-14,cve_2026_to_now,2026-09-15T12:25:56+00:00
CVE-2026-78521,updated,2026-09-14,cve_2026_to_now,2026-09-15T12:25:56+00:00
CVE-2026-78522,updated,2026-09-14,cve_2026_to_now,2026-09-15T12:25:56+00:00
CVE-2026-78523,updated,2026-09-14,cve_2026_to_now,2026-09-15T12:25:56+00:00
CVE-2026-78524,updated,2026-09-14,cve_2026_to_now,2026-09-15T12:25:56+00:00
CVE-2026-78525,updated,2026-09-14,cve_2026_to_now,2026-09-15T12:25:56+00:00
CVE-2026-78526,updated,2026-09-14,cve_2026_to_now,2026-09-15T12:25:56+00:00
CVE-2026-78971,updated,2026-09-14,cve_2026_to_now,2026-09-15T12:25:56+00:00
CVE-2026-79300,updated,2026-09-14,cve_2026_to_now,2026-09-15T12:25:56+00:00
CVE-2026-79379,updated,2026-09-14,cve_2026_to_now,2026-09-15T12:25:56+00:00
CVE-2026-79387,updated,2026-09-14,cve_2026_to_now,2026-09-15T12:25:56+00:00
CVE-2026-79396,updated,2026-09-14,cve_2026_to_now,2026-09-15T12:25:56+00:00
CVE-2026-79513,updated,2026-09-14,cve_2026_to_now,2026-09-15T12:25:56+00:00
CVE-2026-79514,updated,2026-09-14,cve_2026_to_now,2026-09-15T12:25:56+00:00
CVE-2026-79515,updated,2026-09-14,cve_2026_to_now,2026-09-15T12:25:56+00:00
CVE-2026-79573,updated,2026-09-14,cve_2026_to_now,2026-09-15T12:25:56+00:00
CVE-2026-79577,updated,2026-09-14,cve_2026_to_now,2026-09-15T12:25:56+00:00
CVE-2026-79590,updated,2026-09-14,cve_2026_to_now,2026-09-15T12:25:56+00:00
CVE-2026-79700,updated,2026-09-15,cve_2026_to_now,2026-09-15T12:25:56+00:00
CVE-2026-79701,updated,2026-09-15,cve_2026_to_now,2026-09-15T12:25:56+00:00
CVE-2026-79729,updated,2026-09-14,cve_2026_to_now,2026-09-15T12:25:56+00:00
CVE-2026-79731,updated,2026-09-14,cve_2026_to_now,2026-09-15T12:25:56+00:00
CVE-2026-79946,updated,2026-09-14,cve_2026_to_now,2026-09-15T12:25:56+00:00
CVE-2026-80073,updated,2026-09-14,cve_2026_to_now,2026-09-15T12:25:56+00:00
CVE-2026-80074,updated,2026-09-14,cve_2026_to_now,2026-09-15T12:25:56+00:00
CVE-2026-80075,updated,2026-09-14,cve_2026_to_now,2026-09-15T12:25:56+00:00
CVE-2026-80076,updated,2026-09-14,cve_2026_to_now,2026-09-15T12:25:56+00:00
CVE-2026-80077,updated,2026-09-14,cve_2026_to_now,2026-09-15T12:25:56+00:00
CVE-2026-80078,updated,2026-09-14,cve_2026_to_now,2026-09-15T12:25:56+00:00
CVE-2026-80079,updated,2026-09-14,cve_2026_to_now,2026-09-15T12:25:56+00:00
CVE-2026-80080,updated,2026-09-14,cve_2026_to_now,2026-09-15T12:25:56+00:00
CVE-2026-80081,updated,2026-09-14,cve_2026_to_now,2026-09-15T12:25:56+00:00
CVE-2026-80082,updated,2026-09-14,cve_2026_to_now,2026-09-15T12:25:56+00:00
CVE-2026-80083,updated,2026-09-14,cve_2026_to_now,2026-09-15T12:25:56+00:00
CVE-2026-80084,updated,2026-09-14,cve_2026_to_now,2026-09-15T12:25:56+00:00
CVE-2026-80085,updated,2026-09-14,cve_2026_to_now,2026-09-15T12:25:56+00:00
CVE-2026-80086,updated,2026-09-14,cve_2026_to_now,2026-09-15T12:25:56+00:00
CVE-2026-80087,updated,2026-09-14,cve_2026_to_now,2026-09-15T12:25:56+00:00
CVE-2026-80088,updated,2026-09-14,cve_2026_to_now,2026-09-15T12:25:56+00:00
CVE-2026-80089,updated,2026-09-14,cve_2026_to_now,2026-09-15T12:25:56+00:00
CVE-2026-80090,updated,2026-09-14,cve_2026_to_now,2026-09-15T12:25:56+00:00
CVE-2026-80091,updated,2026-09-14,cve_2026_to_now,2026-09-15T12:25:56+00:00
CVE-2026-80093,updated,2026-09-14,cve_2026_to_now,2026-09-15T12:25:56+00:00
CVE-2026-80096,updated,2026-09-14,cve_2026_to_now,2026-09-15T12:25:56+00:00
CVE-2026-80097,updated,2026-09-14,cve_2026_to_now,2026-09-15T12:25:56+00:00
CVE-2026-80098,updated,2026-09-14,cve_2026_to_now,2026-09-15T12:25:56+00:00
CVE-2026-80115,updated,2026-09-14,cve_2026_to_now,2026-09-15T12:25:56+00:00
CVE-2026-80217,added,,cve_2026_to_now,2026-09-15T12:25:56+00:00
CVE-2026-80229,updated,2026-09-15,cve_2026_to_now,2026-09-15T12:25:56+00:00
CVE-2026-80230,updated,2026-09-15,cve_2026_to_now,2026-09-15T12:25:56+00:00
CVE-2026-80231,updated,2026-09-15,cve_2026_to_now,2026-09-15T12:25:56+00:00
CVE-2026-80255,updated,2026-09-15,cve_2026_to_now,2026-09-15T12:25:56+00:00
CVE-2026-80489,added,,cve_2026_to_now,2026-09-15T12:25:56+00:00
CVE-2026-81022,updated,2026-09-15,cve_2026_to_now,2026-09-15T12:25:56+00:00
CVE-2026-81051,updated,2026-09-14,cve_2026_to_now,2026-09-15T12:25:56+00:00
CVE-2026-81301,added,,cve_2026_to_now,2026-09-15T12:25:56+00:00
CVE-2026-81303,added,,cve_2026_to_now,2026-09-15T12:25:56+00:00
CVE-2026-81320,added,,cve_2026_to_now,2026-09-15T12:25:56+00:00
CVE-2026-81349,updated,2026-09-14,cve_2026_to_now,2026-09-15T12:25:56+00:00
CVE-2026-81352,updated,2026-09-14,cve_2026_to_now,2026-09-15T12:25:56+00:00
CVE-2026-81353,updated,2026-09-14,cve_2026_to_now,2026-09-15T12:25:56+00:00
CVE-2026-81354,updated,2026-09-14,cve_2026_to_now,2026-09-15T12:25:56+00:00
CVE-2026-81355,updated,2026-09-14,cve_2026_to_now,2026-09-15T12:25:56+00:00
CVE-2026-81356,updated,2026-09-14,cve_2026_to_now,2026-09-15T12:25:56+00:00
CVE-2026-81357,updated,2026-09-14,cve_2026_to_now,2026-09-15T12:25:56+00:00
CVE-2026-81376,updated,2026-09-14,cve_2026_to_now,2026-09-15T12:25:56+00:00
CVE-2026-81377,updated,2026-09-14,cve_2026_to_now,2026-09-15T12:25:56+00:00
CVE-2026-81378,updated,2026-09-14,cve_2026_to_now,2026-09-15T12:25:56+00:00
CVE-2026-81379,updated,2026-09-14,cve_2026_to_now,2026-09-15T12:25:56+00:00
CVE-2026-81380,updated,2026-09-14,cve_2026_to_now,2026-09-15T12:25:56+00:00
CVE-2026-81381,updated,2026-09-14,cve_2026_to_now,2026-09-15T12:25:56+00:00
CVE-2026-81383,updated,2026-09-14,cve_2026_to_now,2026-09-15T12:25:56+00:00
CVE-2026-81385,updated,2026-09-14,cve_2026_to_now,2026-09-15T12:25:56+00:00
CVE-2026-81386,updated,2026-09-14,cve_2026_to_now,2026-09-15T12:25:56+00:00
CVE-2026-81387,updated,2026-09-14,cve_2026_to_now,2026-09-15T12:25:56+00:00
CVE-2026-81388,updated,2026-09-14,cve_2026_to_now,2026-09-15T12:25:56+00:00
CVE-2026-81389,updated,2026-09-14,cve_2026_to_now,2026-09-15T12:25:56+00:00
CVE-2026-81390,updated,2026-09-14,cve_2026_to_now,2026-09-15T12:25:56+00:00
CVE-2026-81391,updated,2026-09-14,cve_2026_to_now,2026-09-15T12:25:56+00:00
CVE-2026-81392,updated,2026-09-14,cve_2026_to_now,2026-09-15T12:25:56+00:00
CVE-2026-81393,updated,2026-09-14,cve_2026_to_now,2026-09-15T12:25:56+00:00
CVE-2026-81394,updated,2026-09-14,cve_2026_to_now,2026-09-15T12:25:56+00:00
CVE-2026-81395,updated,2026-09-14,cve_2026_to_now,2026-09-15T12:25:56+00:00
CVE-2026-81396,updated,2026-09-14,cve_2026_to_now,2026-09-15T12:25:56+00:00
CVE-2026-81397,updated,2026-09-14,cve_2026_to_now,2026-09-15T12:25:56+00:00
CVE-2026-81398,updated,2026-09-14,cve_2026_to_now,2026-09-15T12:25:56+00:00
CVE-2026-81399,updated,2026-09-14,cve_2026_to_now,2026-09-15T12:25:56+00:00
CVE-2026-81400,updated,2026-09-14,cve_2026_to_now,2026-09-15T12:25:56+00:00
CVE-2026-81401,updated,2026-09-14,cve_2026_to_now,2026-09-15T12:25:56+00:00
CVE-2026-81564,updated,2026-09-15,cve_2026_to_now,2026-09-15T12:25:56+00:00
CVE-2026-81565,updated,2026-09-15,cve_2026_to_now,2026-09-15T12:25:56+00:00
CVE-2026-81566,updated,2026-09-15,cve_2026_to_now,2026-09-15T12:25:56+00:00
CVE-2026-81823,updated,2026-09-14,cve_2026_to_now,2026-09-15T12:25:56+00:00
CVE-2026-81900,added,,cve_2026_to_now,2026-09-15T12:25:56+00:00
CVE-2026-81901,added,,cve_2026_to_now,2026-09-15T12:25:56+00:00
CVE-2026-81902,added,,cve_2026_to_now,2026-09-15T12:25:56+00:00
CVE-2026-81903,added,,cve_2026_to_now,2026-09-15T12:25:56+00:00
CVE-2026-81947,updated,2026-09-14,cve_2026_to_now,2026-09-15T12:25:56+00:00
CVE-2026-81948,updated,2026-09-14,cve_2026_to_now,2026-09-15T12:25:56+00:00
CVE-2026-81949,updated,2026-09-14,cve_2026_to_now,2026-09-15T12:25:56+00:00
CVE-2026-81950,updated,2026-09-14,cve_2026_to_now,2026-09-15T12:25:56+00:00
CVE-2026-81951,updated,2026-09-14,cve_2026_to_now,2026-09-15T12:25:56+00:00
CVE-2026-81952,updated,2026-09-14,cve_2026_to_now,2026-09-15T12:25:56+00:00
CVE-2026-81953,updated,2026-09-14,cve_2026_to_now,2026-09-15T12:25:56+00:00
CVE-2026-81954,updated,2026-09-14,cve_2026_to_now,2026-09-15T12:25:56+00:00
CVE-2026-81955,updated,2026-09-14,cve_2026_to_now,2026-09-15T12:25:56+00:00
CVE-2026-81956,updated,2026-09-14,cve_2026_to_now,2026-09-15T12:25:56+00:00
CVE-2026-81957,updated,2026-09-14,cve_2026_to_now,2026-09-15T12:25:56+00:00
CVE-2026-81958,updated,2026-09-14,cve_2026_to_now,2026-09-15T12:25:56+00:00
CVE-2026-81959,updated,2026-09-14,cve_2026_to_now,2026-09-15T12:25:56+00:00
CVE-2026-81960,updated,2026-09-14,cve_2026_to_now,2026-09-15T12:25:56+00:00
CVE-2026-81963,updated,2026-09-14,cve_2026_to_now,2026-09-15T12:25:56+00:00
CVE-2026-82019,added,,cve_2026_to_now,2026-09-15T12:25:56+00:00
CVE-2026-82028,added,,cve_2026_to_now,2026-09-15T12:25:56+00:00
CVE-2026-82035,added,,cve_2026_to_now,2026-09-15T12:25:56+00:00
CVE-2026-82049,added,2026-09-15,cve_2026_to_now,2026-09-15T12:25:56+00:00
CVE-2026-82097,updated,2026-09-14,cve_2026_to_now,2026-09-15T12:25:56+00:00
CVE-2026-82208,updated,2026-09-15,cve_2026_to_now,2026-09-15T12:25:56+00:00
CVE-2026-82209,updated,2026-09-15,cve_2026_to_now,2026-09-15T12:25:56+00:00
CVE-2026-82232,updated,,cve_2026_to_now,2026-09-15T12:25:56+00:00
CVE-2026-82426,added,,cve_2026_to_now,2026-09-15T12:25:56+00:00
CVE-2026-82427,added,,cve_2026_to_now,2026-09-15T12:25:56+00:00
CVE-2026-82428,added,,cve_2026_to_now,2026-09-15T12:25:56+00:00
CVE-2026-82429,added,,cve_2026_to_now,2026-09-15T12:25:56+00:00
CVE-2026-82430,added,,cve_2026_to_now,2026-09-15T12:25:56+00:00
CVE-2026-82431,added,,cve_2026_to_now,2026-09-15T12:25:56+00:00
CVE-2026-82432,added,,cve_2026_to_now,2026-09-15T12:25:56+00:00
CVE-2026-82433,added,,cve_2026_to_now,2026-09-15T12:25:56+00:00
CVE-2026-82434,added,,cve_2026_to_now,2026-09-15T12:25:56+00:00
CVE-2026-82435,added,,cve_2026_to_now,2026-09-15T12:25:56+00:00
CVE-2026-82437,added,,cve_2026_to_now,2026-09-15T12:25:56+00:00
CVE-2026-82438,added,,cve_2026_to_now,2026-09-15T12:25:56+00:00
CVE-2026-82439,added,,cve_2026_to_now,2026-09-15T12:25:56+00:00
CVE-2026-82441,added,,cve_2026_to_now,2026-09-15T12:25:56+00:00
CVE-2026-82519,added,,cve_2026_to_now,2026-09-15T12:25:56+00:00
CVE-2026-82521,updated,2026-09-14,cve_2026_to_now,2026-09-15T12:25:56+00:00
CVE-2026-82525,updated,2026-09-14,cve_2026_to_now,2026-09-15T12:25:56+00:00
CVE-2026-82538,updated,2026-09-14,cve_2026_to_now,2026-09-15T12:25:56+00:00
CVE-2026-82765,updated,,cve_2026_to_now,2026-09-15T12:25:56+00:00
CVE-2026-82768,updated,,cve_2026_to_now,2026-09-15T12:25:56+00:00
CVE-2026-82789,updated,,cve_2026_to_now,2026-09-15T12:25:56+00:00
CVE-2026-82795,updated,,cve_2026_to_now,2026-09-15T12:25:56+00:00
CVE-2026-82796,updated,,cve_2026_to_now,2026-09-15T12:25:56+00:00
CVE-2026-82918,updated,2026-09-15,cve_2026_to_now,2026-09-15T12:25:56+00:00
CVE-2026-82920,added,,cve_2026_to_now,2026-09-15T12:25:56+00:00
CVE-2026-83498,updated,2026-09-14,cve_2026_to_now,2026-09-15T12:25:56+00:00
CVE-2026-83501,updated,2026-09-14,cve_2026_to_now,2026-09-15T12:25:56+00:00
CVE-2026-83711,updated,2026-09-14,cve_2026_to_now,2026-09-15T12:25:56+00:00
CVE-2026-83939,updated,2026-09-14,cve_2026_to_now,2026-09-15T12:25:56+00:00
CVE-2026-83940,updated,2026-09-14,cve_2026_to_now,2026-09-15T12:25:56+00:00
CVE-2026-83941,updated,2026-09-14,cve_2026_to_now,2026-09-15T12:25:56+00:00
CVE-2026-83942,updated,2026-09-14,cve_2026_to_now,2026-09-15T12:25:56+00:00
CVE-2026-83948,updated,2026-09-14,cve_2026_to_now,2026-09-15T12:25:56+00:00
CVE-2026-83949,updated,2026-09-14,cve_2026_to_now,2026-09-15T12:25:56+00:00
CVE-2026-83951,updated,2026-09-14,cve_2026_to_now,2026-09-15T12:25:56+00:00
CVE-2026-83952,updated,2026-09-14,cve_2026_to_now,2026-09-15T12:25:56+00:00
CVE-2026-83954,updated,2026-09-14,cve_2026_to_now,2026-09-15T12:25:56+00:00
CVE-2026-83955,updated,2026-09-14,cve_2026_to_now,2026-09-15T12:25:56+00:00
CVE-2026-83967,updated,2026-09-14,cve_2026_to_now,2026-09-15T12:25:56+00:00
CVE-2026-83968,updated,2026-09-14,cve_2026_to_now,2026-09-15T12:25:56+00:00
CVE-2026-83969,updated,2026-09-14,cve_2026_to_now,2026-09-15T12:25:56+00:00
CVE-2026-83970,updated,2026-09-14,cve_2026_to_now,2026-09-15T12:25:56+00:00
CVE-2026-83971,updated,2026-09-14,cve_2026_to_now,2026-09-15T12:25:56+00:00
CVE-2026-83972,updated,2026-09-14,cve_2026_to_now,2026-09-15T12:25:56+00:00
CVE-2026-83973,updated,2026-09-14,cve_2026_to_now,2026-09-15T12:25:56+00:00
CVE-2026-83974,updated,2026-09-14,cve_2026_to_now,2026-09-15T12:25:56+00:00
CVE-2026-83975,updated,2026-09-14,cve_2026_to_now,2026-09-15T12:25:56+00:00
CVE-2026-83976,updated,2026-09-14,cve_2026_to_now,2026-09-15T12:25:56+00:00
CVE-2026-83977,updated,2026-09-14,cve_2026_to_now,2026-09-15T12:25:56+00:00
CVE-2026-83978,updated,2026-09-14,cve_2026_to_now,2026-09-15T12:25:56+00:00
CVE-2026-83979,updated,2026-09-14,cve_2026_to_now,2026-09-15T12:25:56+00:00
CVE-2026-83980,updated,2026-09-14,cve_2026_to_now,2026-09-15T12:25:56+00:00
CVE-2026-83981,updated,2026-09-14,cve_2026_to_now,2026-09-15T12:25:56+00:00
CVE-2026-83982,updated,2026-09-14,cve_2026_to_now,2026-09-15T12:25:56+00:00
CVE-2026-83983,updated,2026-09-14,cve_2026_to_now,2026-09-15T12:25:56+00:00
CVE-2026-83985,updated,2026-09-14,cve_2026_to_now,2026-09-15T12:25:56+00:00
CVE-2026-83986,updated,2026-09-14,cve_2026_to_now,2026-09-15T12:25:56+00:00
CVE-2026-83987,updated,2026-09-14,cve_2026_to_now,2026-09-15T12:25:56+00:00
CVE-2026-83988,updated,2026-09-14,cve_2026_to_now,2026-09-15T12:25:56+00:00
CVE-2026-83989,updated,2026-09-14,cve_2026_to_now,2026-09-15T12:25:56+00:00
CVE-2026-83990,updated,2026-09-14,cve_2026_to_now,2026-09-15T12:25:56+00:00
CVE-2026-83991,updated,2026-09-14,cve_2026_to_now,2026-09-15T12:25:56+00:00
CVE-2026-83992,updated,2026-09-14,cve_2026_to_now,2026-09-15T12:25:56+00:00
CVE-2026-83995,updated,2026-09-14,cve_2026_to_now,2026-09-15T12:25:56+00:00
CVE-2026-83996,updated,2026-09-14,cve_2026_to_now,2026-09-15T12:25:56+00:00
CVE-2026-83997,updated,2026-09-14,cve_2026_to_now,2026-09-15T12:25:56+00:00
CVE-2026-83998,updated,2026-09-14,cve_2026_to_now,2026-09-15T12:25:56+00:00
CVE-2026-83999,updated,2026-09-14,cve_2026_to_now,2026-09-15T12:25:56+00:00
CVE-2026-84000,updated,2026-09-14,cve_2026_to_now,2026-09-15T12:25:56+00:00
CVE-2026-84001,updated,2026-09-14,cve_2026_to_now,2026-09-15T12:25:56+00:00
CVE-2026-84003,updated,2026-09-14,cve_2026_to_now,2026-09-15T12:25:56+00:00
CVE-2026-84179,added,,cve_2026_to_now,2026-09-15T12:25:56+00:00
CVE-2026-84445,added,,cve_2026_to_now,2026-09-15T12:25:56+00:00
CVE-2026-84487,added,,cve_2026_to_now,2026-09-15T12:25:56+00:00
CVE-2026-84489,added,,cve_2026_to_now,2026-09-15T12:25:56+00:00
CVE-2026-84491,added,,cve_2026_to_now,2026-09-15T12:25:56+00:00
CVE-2026-84492,added,,cve_2026_to_now,2026-09-15T12:25:56+00:00
CVE-2026-84497,added,,cve_2026_to_now,2026-09-15T12:25:56+00:00
CVE-2026-84505,added,2026-09-15,cve_2026_to_now,2026-09-15T12:25:56+00:00
CVE-2026-84506,added,,cve_2026_to_now,2026-09-15T12:25:56+00:00
CVE-2026-84507,added,,cve_2026_to_now,2026-09-15T12:25:56+00:00
CVE-2026-84509,added,,cve_2026_to_now,2026-09-15T12:25:56+00:00
CVE-2026-84510,added,,cve_2026_to_now,2026-09-15T12:25:56+00:00
CVE-2026-84511,added,,cve_2026_to_now,2026-09-15T12:25:56+00:00
CVE-2026-84512,added,,cve_2026_to_now,2026-09-15T12:25:56+00:00
CVE-2026-84513,added,,cve_2026_to_now,2026-09-15T12:25:56+00:00
CVE-2026-84514,added,,cve_2026_to_now,2026-09-15T12:25:56+00:00
CVE-2026-84515,added,,cve_2026_to_now,2026-09-15T12:25:56+00:00
CVE-2026-84516,added,,cve_2026_to_now,2026-09-15T12:25:56+00:00
CVE-2026-84517,added,,cve_2026_to_now,2026-09-15T12:25:56+00:00
CVE-2026-84518,added,,cve_2026_to_now,2026-09-15T12:25:56+00:00
CVE-2026-84519,added,,cve_2026_to_now,2026-09-15T12:25:56+00:00
CVE-2026-84520,added,,cve_2026_to_now,2026-09-15T12:25:56+00:00
CVE-2026-84521,added,,cve_2026_to_now,2026-09-15T12:25:56+00:00
CVE-2026-84522,added,,cve_2026_to_now,2026-09-15T12:25:56+00:00
CVE-2026-84523,added,,cve_2026_to_now,2026-09-15T12:25:56+00:00
CVE-2026-84524,added,,cve_2026_to_now,2026-09-15T12:25:56+00:00
CVE-2026-84525,added,,cve_2026_to_now,2026-09-15T12:25:56+00:00
CVE-2026-84526,added,,cve_2026_to_now,2026-09-15T12:25:56+00:00
CVE-2026-84527,added,,cve_2026_to_now,2026-09-15T12:25:56+00:00
CVE-2026-84530,added,,cve_2026_to_now,2026-09-15T12:25:56+00:00
CVE-2026-84531,added,,cve_2026_to_now,2026-09-15T12:25:56+00:00
CVE-2026-84532,added,,cve_2026_to_now,2026-09-15T12:25:56+00:00
CVE-2026-84533,added,,cve_2026_to_now,2026-09-15T12:25:56+00:00
CVE-2026-84534,added,,cve_2026_to_now,2026-09-15T12:25:56+00:00
CVE-2026-84535,added,,cve_2026_to_now,2026-09-15T12:25:56+00:00
CVE-2026-84536,added,,cve_2026_to_now,2026-09-15T12:25:56+00:00
CVE-2026-84537,added,,cve_2026_to_now,2026-09-15T12:25:56+00:00
CVE-2026-84538,added,,cve_2026_to_now,2026-09-15T12:25:56+00:00
CVE-2026-84540,added,,cve_2026_to_now,2026-09-15T12:25:56+00:00
CVE-2026-84541,added,,cve_2026_to_now,2026-09-15T12:25:56+00:00
CVE-2026-84543,added,,cve_2026_to_now,2026-09-15T12:25:56+00:00
CVE-2026-84544,added,,cve_2026_to_now,2026-09-15T12:25:56+00:00
CVE-2026-84546,added,,cve_2026_to_now,2026-09-15T12:25:56+00:00
CVE-2026-84548,added,,cve_2026_to_now,2026-09-15T12:25:56+00:00
CVE-2026-84549,added,,cve_2026_to_now,2026-09-15T12:25:56+00:00
CVE-2026-84550,added,,cve_2026_to_now,2026-09-15T12:25:56+00:00
CVE-2026-84551,added,,cve_2026_to_now,2026-09-15T12:25:56+00:00
CVE-2026-84552,added,,cve_2026_to_now,2026-09-15T12:25:56+00:00
CVE-2026-84553,added,,cve_2026_to_now,2026-09-15T12:25:56+00:00
CVE-2026-84554,added,,cve_2026_to_now,2026-09-15T12:25:56+00:00
CVE-2026-84555,added,,cve_2026_to_now,2026-09-15T12:25:56+00:00
CVE-2026-84556,added,,cve_2026_to_now,2026-09-15T12:25:56+00:00
CVE-2026-84558,added,,cve_2026_to_now,2026-09-15T12:25:56+00:00
CVE-2026-84559,added,,cve_2026_to_now,2026-09-15T12:25:56+00:00
CVE-2026-84560,added,,cve_2026_to_now,2026-09-15T12:25:56+00:00
CVE-2026-84561,added,,cve_2026_to_now,2026-09-15T12:25:56+00:00
CVE-2026-84562,added,,cve_2026_to_now,2026-09-15T12:25:56+00:00
CVE-2026-84563,added,,cve_2026_to_now,2026-09-15T12:25:56+00:00
CVE-2026-84564,added,,cve_2026_to_now,2026-09-15T12:25:56+00:00
CVE-2026-84565,added,,cve_2026_to_now,2026-09-15T12:25:56+00:00
CVE-2026-84566,added,,cve_2026_to_now,2026-09-15T12:25:56+00:00
CVE-2026-84567,added,,cve_2026_to_now,2026-09-15T12:25:56+00:00
CVE-2026-84568,added,2026-09-15,cve_2026_to_now,2026-09-15T12:25:56+00:00
CVE-2026-84569,added,,cve_2026_to_now,2026-09-15T12:25:56+00:00
CVE-2026-84570,added,,cve_2026_to_now,2026-09-15T12:25:56+00:00
CVE-2026-84571,added,,cve_2026_to_now,2026-09-15T12:25:56+00:00
CVE-2026-84572,added,,cve_2026_to_now,2026-09-15T12:25:56+00:00
CVE-2026-84573,added,,cve_2026_to_now,2026-09-15T12:25:56+00:00
CVE-2026-84574,added,,cve_2026_to_now,2026-09-15T12:25:56+00:00
CVE-2026-84575,added,,cve_2026_to_now,2026-09-15T12:25:56+00:00
CVE-2026-84576,added,,cve_2026_to_now,2026-09-15T12:25:56+00:00
CVE-2026-84577,added,,cve_2026_to_now,2026-09-15T12:25:56+00:00
CVE-2026-84578,added,,cve_2026_to_now,2026-09-15T12:25:56+00:00
CVE-2026-84580,added,,cve_2026_to_now,2026-09-15T12:25:56+00:00
CVE-2026-84581,added,,cve_2026_to_now,2026-09-15T12:25:56+00:00
CVE-2026-84583,added,,cve_2026_to_now,2026-09-15T12:25:56+00:00
CVE-2026-84584,added,,cve_2026_to_now,2026-09-15T12:25:56+00:00
CVE-2026-84585,added,,cve_2026_to_now,2026-09-15T12:25:56+00:00
CVE-2026-84586,added,,cve_2026_to_now,2026-09-15T12:25:56+00:00
CVE-2026-84587,added,,cve_2026_to_now,2026-09-15T12:25:56+00:00
CVE-2026-84588,added,,cve_2026_to_now,2026-09-15T12:25:56+00:00
CVE-2026-84589,added,,cve_2026_to_now,2026-09-15T12:25:56+00:00
CVE-2026-84593,added,,cve_2026_to_now,2026-09-15T12:25:56+00:00
CVE-2026-84596,added,,cve_2026_to_now,2026-09-15T12:25:56+00:00
CVE-2026-84597,added,,cve_2026_to_now,2026-09-15T12:25:56+00:00
CVE-2026-84598,added,,cve_2026_to_now,2026-09-15T12:25:56+00:00
CVE-2026-84600,added,,cve_2026_to_now,2026-09-15T12:25:56+00:00
CVE-2026-84601,added,,cve_2026_to_now,2026-09-15T12:25:56+00:00
CVE-2026-84602,added,,cve_2026_to_now,2026-09-15T12:25:56+00:00
CVE-2026-84603,added,,cve_2026_to_now,2026-09-15T12:25:56+00:00
CVE-2026-84606,added,,cve_2026_to_now,2026-09-15T12:25:56+00:00
CVE-2026-84607,added,,cve_2026_to_now,2026-09-15T12:25:56+00:00
CVE-2026-84609,added,,cve_2026_to_now,2026-09-15T12:25:56+00:00
CVE-2026-84611,added,,cve_2026_to_now,2026-09-15T12:25:56+00:00
CVE-2026-84612,added,,cve_2026_to_now,2026-09-15T12:25:56+00:00
CVE-2026-84615,added,,cve_2026_to_now,2026-09-15T12:25:56+00:00
CVE-2026-84616,added,,cve_2026_to_now,2026-09-15T12:25:56+00:00
CVE-2026-84617,added,,cve_2026_to_now,2026-09-15T12:25:56+00:00
CVE-2026-84618,added,,cve_2026_to_now,2026-09-15T12:25:56+00:00
CVE-2026-84619,added,,cve_2026_to_now,2026-09-15T12:25:56+00:00
CVE-2026-84620,added,,cve_2026_to_now,2026-09-15T12:25:56+00:00
CVE-2026-84621,added,,cve_2026_to_now,2026-09-15T12:25:56+00:00
CVE-2026-84622,added,,cve_2026_to_now,2026-09-15T12:25:56+00:00
CVE-2026-84623,added,,cve_2026_to_now,2026-09-15T12:25:56+00:00
CVE-2026-84624,added,,cve_2026_to_now,2026-09-15T12:25:56+00:00
CVE-2026-84625,added,,cve_2026_to_now,2026-09-15T12:25:56+00:00
CVE-2026-84626,added,,cve_2026_to_now,2026-09-15T12:25:56+00:00
CVE-2026-84628,added,,cve_2026_to_now,2026-09-15T12:25:56+00:00
CVE-2026-84629,added,,cve_2026_to_now,2026-09-15T12:25:56+00:00
CVE-2026-84630,added,,cve_2026_to_now,2026-09-15T12:25:56+00:00
CVE-2026-84631,added,2026-09-15,cve_2026_to_now,2026-09-15T12:25:56+00:00
CVE-2026-84632,added,,cve_2026_to_now,2026-09-15T12:25:56+00:00
CVE-2026-84635,added,,cve_2026_to_now,2026-09-15T12:25:56+00:00
CVE-2026-84636,added,,cve_2026_to_now,2026-09-15T12:25:56+00:00
CVE-2026-84828,updated,2026-09-14,cve_2026_to_now,2026-09-15T12:25:56+00:00
CVE-2026-85125,updated,,cve_2026_to_now,2026-09-15T12:25:56+00:00
CVE-2026-85189,updated,2026-09-15,cve_2026_to_now,2026-09-15T12:25:56+00:00
CVE-2026-85190,updated,2026-09-15,cve_2026_to_now,2026-09-15T12:25:56+00:00
CVE-2026-85191,updated,2026-09-15,cve_2026_to_now,2026-09-15T12:25:56+00:00
CVE-2026-85198,updated,2026-09-14,cve_2026_to_now,2026-09-15T12:25:56+00:00
CVE-2026-85200,updated,2026-09-14,cve_2026_to_now,2026-09-15T12:25:56+00:00
CVE-2026-85360,updated,2026-09-14,cve_2026_to_now,2026-09-15T12:25:56+00:00
CVE-2026-85389,updated,2026-09-14,cve_2026_to_now,2026-09-15T12:25:56+00:00
CVE-2026-85394,updated,2026-09-14,cve_2026_to_now,2026-09-15T12:25:56+00:00
CVE-2026-85428,updated,2026-09-14,cve_2026_to_now,2026-09-15T12:25:56+00:00
CVE-2026-85433,updated,2026-09-14,cve_2026_to_now,2026-09-15T12:25:56+00:00
CVE-2026-85438,updated,2026-09-14,cve_2026_to_now,2026-09-15T12:25:56+00:00
CVE-2026-85443,updated,2026-09-14,cve_2026_to_now,2026-09-15T12:25:56+00:00
CVE-2026-85448,updated,2026-09-14,cve_2026_to_now,2026-09-15T12:25:56+00:00
CVE-2026-85453,updated,2026-09-14,cve_2026_to_now,2026-09-15T12:25:56+00:00
CVE-2026-85507,updated,2026-09-14,cve_2026_to_now,2026-09-15T12:25:56+00:00
CVE-2026-85575,added,,cve_2026_to_now,2026-09-15T12:25:56+00:00
CVE-2026-85578,updated,2026-09-14,cve_2026_to_now,2026-09-15T12:25:56+00:00
CVE-2026-85583,updated,2026-09-14,cve_2026_to_now,2026-09-15T12:25:56+00:00
CVE-2026-85588,updated,2026-09-14,cve_2026_to_now,2026-09-15T12:25:56+00:00
CVE-2026-85593,updated,2026-09-14,cve_2026_to_now,2026-09-15T12:25:56+00:00
CVE-2026-85598,updated,2026-09-14,cve_2026_to_now,2026-09-15T12:25:56+00:00
CVE-2026-85603,updated,2026-09-14,cve_2026_to_now,2026-09-15T12:25:56+00:00
CVE-2026-85606,updated,2026-09-14,cve_2026_to_now,2026-09-15T12:25:56+00:00
CVE-2026-85612,updated,2026-09-14,cve_2026_to_now,2026-09-15T12:25:56+00:00
CVE-2026-85617,updated,2026-09-14,cve_2026_to_now,2026-09-15T12:25:56+00:00
CVE-2026-85620,updated,2026-09-14,cve_2026_to_now,2026-09-15T12:25:56+00:00
CVE-2026-85625,updated,2026-09-14,cve_2026_to_now,2026-09-15T12:25:56+00:00
CVE-2026-85657,added,,cve_2026_to_now,2026-09-15T12:25:56+00:00
CVE-2026-85661,updated,2026-09-14,cve_2026_to_now,2026-09-15T12:25:56+00:00
CVE-2026-85666,updated,2026-09-14,cve_2026_to_now,2026-09-15T12:25:56+00:00
CVE-2026-85671,updated,2026-09-14,cve_2026_to_now,2026-09-15T12:25:56+00:00
CVE-2026-85676,updated,2026-09-14,cve_2026_to_now,2026-09-15T12:25:56+00:00
CVE-2026-85688,updated,2026-09-14,cve_2026_to_now,2026-09-15T12:25:56+00:00
CVE-2026-85693,updated,2026-09-14,cve_2026_to_now,2026-09-15T12:25:56+00:00
CVE-2026-85698,updated,2026-09-14,cve_2026_to_now,2026-09-15T12:25:56+00:00
CVE-2026-85875,updated,2026-09-14,cve_2026_to_now,2026-09-15T12:25:56+00:00
CVE-2026-85877,updated,2026-09-14,cve_2026_to_now,2026-09-15T12:25:56+00:00
CVE-2026-85880,updated,2026-09-14,cve_2026_to_now,2026-09-15T12:25:56+00:00
CVE-2026-85892,added,2026-09-15,cve_2026_to_now,2026-09-15T12:25:56+00:00
CVE-2026-85921,added,2026-09-15,cve_2026_to_now,2026-09-15T12:25:56+00:00
CVE-2026-86090,updated,2026-09-14,cve_2026_to_now,2026-09-15T12:25:56+00:00
CVE-2026-86098,updated,2026-09-14,cve_2026_to_now,2026-09-15T12:25:56+00:00
CVE-2026-86114,updated,2026-09-14,cve_2026_to_now,2026-09-15T12:25:56+00:00
CVE-2026-86137,updated,2026-09-14,cve_2026_to_now,2026-09-15T12:25:56+00:00
CVE-2026-86142,updated,2026-09-14,cve_2026_to_now,2026-09-15T12:25:56+00:00
CVE-2026-86348,added,,cve_2026_to_now,2026-09-15T12:25:56+00:00
CVE-2026-86349,added,,cve_2026_to_now,2026-09-15T12:25:56+00:00
CVE-2026-86460,updated,,cve_2026_to_now,2026-09-15T12:25:56+00:00
CVE-2026-86472,added,,cve_2026_to_now,2026-09-15T12:25:56+00:00
CVE-2026-86538,updated,2026-09-14,cve_2026_to_now,2026-09-15T12:25:56+00:00
CVE-2026-86543,updated,2026-09-14,cve_2026_to_now,2026-09-15T12:25:56+00:00
CVE-2026-86701,added,,cve_2026_to_now,2026-09-15T12:25:56+00:00
CVE-2026-86714,updated,2026-09-14,cve_2026_to_now,2026-09-15T12:25:56+00:00
CVE-2026-86755,updated,2026-09-14,cve_2026_to_now,2026-09-15T12:25:56+00:00
CVE-2026-86760,updated,2026-09-14,cve_2026_to_now,2026-09-15T12:25:56+00:00
CVE-2026-86765,updated,2026-09-14,cve_2026_to_now,2026-09-15T12:25:56+00:00
CVE-2026-86770,updated,2026-09-14,cve_2026_to_now,2026-09-15T12:25:56+00:00
CVE-2026-86775,updated,2026-09-14,cve_2026_to_now,2026-09-15T12:25:56+00:00
CVE-2026-86793,updated,2026-09-14,cve_2026_to_now,2026-09-15T12:25:56+00:00
CVE-2026-86818,added,,cve_2026_to_now,2026-09-15T12:25:56+00:00
CVE-2026-86819,updated,2026-09-14,cve_2026_to_now,2026-09-15T12:25:56+00:00
CVE-2026-86830,added,,cve_2026_to_now,2026-09-15T12:25:56+00:00
CVE-2026-86836,added,2026-09-15,cve_2026_to_now,2026-09-15T12:25:56+00:00
CVE-2026-86869,added,,cve_2026_to_now,2026-09-15T12:25:56+00:00
CVE-2026-86870,added,,cve_2026_to_now,2026-09-15T12:25:56+00:00
CVE-2026-86876,added,,cve_2026_to_now,2026-09-15T12:25:56+00:00
CVE-2026-86878,added,,cve_2026_to_now,2026-09-15T12:25:56+00:00
CVE-2026-86879,added,,cve_2026_to_now,2026-09-15T12:25:56+00:00
CVE-2026-86881,added,,cve_2026_to_now,2026-09-15T12:25:56+00:00
CVE-2026-86882,added,,cve_2026_to_now,2026-09-15T12:25:56+00:00
CVE-2026-86883,added,,cve_2026_to_now,2026-09-15T12:25:56+00:00
CVE-2026-86884,added,,cve_2026_to_now,2026-09-15T12:25:56+00:00
CVE-2026-86885,added,,cve_2026_to_now,2026-09-15T12:25:56+00:00
CVE-2026-86886,added,,cve_2026_to_now,2026-09-15T12:25:56+00:00
CVE-2026-86887,added,,cve_2026_to_now,2026-09-15T12:25:56+00:00
CVE-2026-86888,added,,cve_2026_to_now,2026-09-15T12:25:56+00:00
CVE-2026-86889,added,,cve_2026_to_now,2026-09-15T12:25:56+00:00
CVE-2026-86890,added,,cve_2026_to_now,2026-09-15T12:25:56+00:00
CVE-2026-86891,added,,cve_2026_to_now,2026-09-15T12:25:56+00:00
CVE-2026-86892,added,,cve_2026_to_now,2026-09-15T12:25:56+00:00
CVE-2026-86893,added,,cve_2026_to_now,2026-09-15T12:25:56+00:00
CVE-2026-86894,added,,cve_2026_to_now,2026-09-15T12:25:56+00:00
CVE-2026-86895,added,,cve_2026_to_now,2026-09-15T12:25:56+00:00
CVE-2026-86897,added,,cve_2026_to_now,2026-09-15T12:25:56+00:00
CVE-2026-86898,added,,cve_2026_to_now,2026-09-15T12:25:56+00:00
CVE-2026-86900,added,,cve_2026_to_now,2026-09-15T12:25:56+00:00
CVE-2026-86901,added,,cve_2026_to_now,2026-09-15T12:25:56+00:00
CVE-2026-86902,added,,cve_2026_to_now,2026-09-15T12:25:56+00:00
CVE-2026-86903,added,,cve_2026_to_now,2026-09-15T12:25:56+00:00
CVE-2026-86904,added,,cve_2026_to_now,2026-09-15T12:25:56+00:00
CVE-2026-86905,added,,cve_2026_to_now,2026-09-15T12:25:56+00:00
CVE-2026-86909,added,,cve_2026_to_now,2026-09-15T12:25:56+00:00
CVE-2026-86910,added,,cve_2026_to_now,2026-09-15T12:25:56+00:00
CVE-2026-86911,added,,cve_2026_to_now,2026-09-15T12:25:56+00:00
CVE-2026-86917,added,2026-09-15,cve_2026_to_now,2026-09-15T12:25:56+00:00
CVE-2026-86924,added,,cve_2026_to_now,2026-09-15T12:25:56+00:00
CVE-2026-87011,updated,2026-09-14,cve_2026_to_now,2026-09-15T12:25:56+00:00
CVE-2026-87016,updated,2026-09-14,cve_2026_to_now,2026-09-15T12:25:56+00:00
CVE-2026-87719,updated,2026-09-15,cve_2026_to_now,2026-09-15T12:25:56+00:00
CVE-2026-87736,updated,2026-09-14,cve_2026_to_now,2026-09-15T12:25:56+00:00
CVE-2026-87779,updated,,cve_2026_to_now,2026-09-15T12:25:56+00:00
CVE-2026-87785,updated,,cve_2026_to_now,2026-09-15T12:25:56+00:00
CVE-2026-87802,updated,,cve_2026_to_now,2026-09-15T12:25:56+00:00
CVE-2026-87825,updated,2026-09-14,cve_2026_to_now,2026-09-15T12:25:56+00:00
CVE-2026-87872,updated,2026-09-14,cve_2026_to_now,2026-09-15T12:25:56+00:00
CVE-2026-87921,updated,2026-09-14,cve_2026_to_now,2026-09-15T12:25:56+00:00
CVE-2026-87926,updated,2026-09-14,cve_2026_to_now,2026-09-15T12:25:56+00:00
CVE-2026-87929,updated,2026-09-14,cve_2026_to_now,2026-09-15T12:25:56+00:00
CVE-2026-87997,updated,2026-09-14,cve_2026_to_now,2026-09-15T12:25:56+00:00
CVE-2026-88002,updated,2026-09-14,cve_2026_to_now,2026-09-15T12:25:56+00:00
CVE-2026-88261,added,,cve_2026_to_now,2026-09-15T12:25:56+00:00
CVE-2026-88262,added,,cve_2026_to_now,2026-09-15T12:25:56+00:00
CVE-2026-88763,updated,2026-09-14,cve_2026_to_now,2026-09-15T12:25:56+00:00
CVE-2026-88819,added,,cve_2026_to_now,2026-09-15T12:25:56+00:00
CVE-2026-88853,updated,2026-09-15,cve_2026_to_now,2026-09-15T12:25:56+00:00
CVE-2026-89020,added,,cve_2026_to_now,2026-09-15T12:25:56+00:00
CVE-2026-89021,added,,cve_2026_to_now,2026-09-15T12:25:56+00:00
CVE-2026-89023,added,,cve_2026_to_now,2026-09-15T12:25:56+00:00
CVE-2026-89087,updated,2026-09-14,cve_2026_to_now,2026-09-15T12:25:56+00:00
CVE-2026-89094,updated,2026-09-14,cve_2026_to_now,2026-09-15T12:25:56+00:00
CVE-2026-89141,added,,cve_2026_to_now,2026-09-15T12:25:56+00:00
CVE-2026-89156,updated,2026-09-14,cve_2026_to_now,2026-09-15T12:25:56+00:00
CVE-2026-89162,updated,2026-09-14,cve_2026_to_now,2026-09-15T12:25:56+00:00
CVE-2026-89268,updated,2026-09-14,cve_2026_to_now,2026-09-15T12:25:56+00:00
CVE-2026-89308,added,,cve_2026_to_now,2026-09-15T12:25:56+00:00
CVE-2026-90446,updated,2026-09-14,cve_2026_to_now,2026-09-15T12:25:56+00:00
CVE-2026-90447,updated,2026-09-14,cve_2026_to_now,2026-09-15T12:25:56+00:00
CVE-2026-90448,updated,2026-09-14,cve_2026_to_now,2026-09-15T12:25:56+00:00
CVE-2026-90449,updated,2026-09-14,cve_2026_to_now,2026-09-15T12:25:56+00:00
CVE-2026-90450,updated,2026-09-14,cve_2026_to_now,2026-09-15T12:25:56+00:00
CVE-2026-90460,updated,2026-09-14,cve_2026_to_now,2026-09-15T12:25:56+00:00
CVE-2026-90461,updated,2026-09-14,cve_2026_to_now,2026-09-15T12:25:56+00:00
CVE-2026-90463,added,,cve_2026_to_now,2026-09-15T12:25:56+00:00
CVE-2026-90467,updated,2026-09-14,cve_2026_to_now,2026-09-15T12:25:56+00:00
CVE-2026-90472,updated,2026-09-14,cve_2026_to_now,2026-09-15T12:25:56+00:00
CVE-2026-90485,updated,2026-09-14,cve_2026_to_now,2026-09-15T12:25:56+00:00
CVE-2026-90487,updated,2026-09-14,cve_2026_to_now,2026-09-15T12:25:56+00:00
CVE-2026-90490,updated,2026-09-14,cve_2026_to_now,2026-09-15T12:25:56+00:00
CVE-2026-90492,updated,2026-09-14,cve_2026_to_now,2026-09-15T12:25:56+00:00
CVE-2026-90493,updated,2026-09-15,cve_2026_to_now,2026-09-15T12:25:56+00:00
CVE-2026-90495,updated,2026-09-14,cve_2026_to_now,2026-09-15T12:25:56+00:00
CVE-2026-90497,updated,2026-09-14,cve_2026_to_now,2026-09-15T12:25:56+00:00
CVE-2026-90500,updated,2026-09-14,cve_2026_to_now,2026-09-15T12:25:56+00:00
CVE-2026-90502,updated,2026-09-14,cve_2026_to_now,2026-09-15T12:25:56+00:00
CVE-2026-90505,updated,2026-09-14,cve_2026_to_now,2026-09-15T12:25:56+00:00
CVE-2026-90507,updated,2026-09-14,cve_2026_to_now,2026-09-15T12:25:56+00:00
CVE-2026-90510,updated,2026-09-14,cve_2026_to_now,2026-09-15T12:25:56+00:00
CVE-2026-90513,updated,2026-09-14,cve_2026_to_now,2026-09-15T12:25:56+00:00
CVE-2026-90516,updated,2026-09-14,cve_2026_to_now,2026-09-15T12:25:56+00:00
CVE-2026-90518,updated,2026-09-14,cve_2026_to_now,2026-09-15T12:25:56+00:00
CVE-2026-90521,updated,2026-09-14,cve_2026_to_now,2026-09-15T12:25:56+00:00
CVE-2026-90523,updated,2026-09-14,cve_2026_to_now,2026-09-15T12:25:56+00:00
CVE-2026-90526,updated,2026-09-14,cve_2026_to_now,2026-09-15T12:25:56+00:00
CVE-2026-90528,updated,2026-09-14,cve_2026_to_now,2026-09-15T12:25:56+00:00
CVE-2026-90533,updated,2026-09-14,cve_2026_to_now,2026-09-15T12:25:56+00:00
CVE-2026-90534,updated,2026-09-14,cve_2026_to_now,2026-09-15T12:25:56+00:00
CVE-2026-90535,updated,2026-09-14,cve_2026_to_now,2026-09-15T12:25:56+00:00
CVE-2026-90538,updated,2026-09-14,cve_2026_to_now,2026-09-15T12:25:56+00:00
CVE-2026-90539,updated,2026-09-14,cve_2026_to_now,2026-09-15T12:25:56+00:00
CVE-2026-90540,updated,2026-09-14,cve_2026_to_now,2026-09-15T12:25:56+00:00
CVE-2026-90543,updated,2026-09-14,cve_2026_to_now,2026-09-15T12:25:56+00:00
CVE-2026-90544,updated,2026-09-14,cve_2026_to_now,2026-09-15T12:25:56+00:00
CVE-2026-90545,updated,2026-09-14,cve_2026_to_now,2026-09-15T12:25:56+00:00
CVE-2026-90548,updated,2026-09-14,cve_2026_to_now,2026-09-15T12:25:56+00:00
CVE-2026-90549,updated,2026-09-14,cve_2026_to_now,2026-09-15T12:25:56+00:00
CVE-2026-90550,updated,2026-09-14,cve_2026_to_now,2026-09-15T12:25:56+00:00
CVE-2026-90553,updated,2026-09-14,cve_2026_to_now,2026-09-15T12:25:56+00:00
CVE-2026-90554,updated,2026-09-14,cve_2026_to_now,2026-09-15T12:25:56+00:00
CVE-2026-90555,updated,2026-09-14,cve_2026_to_now,2026-09-15T12:25:56+00:00
CVE-2026-90558,updated,2026-09-14,cve_2026_to_now,2026-09-15T12:25:56+00:00
CVE-2026-90559,updated,2026-09-14,cve_2026_to_now,2026-09-15T12:25:56+00:00
CVE-2026-90560,updated,2026-09-14,cve_2026_to_now,2026-09-15T12:25:56+00:00
CVE-2026-90564,updated,2026-09-14,cve_2026_to_now,2026-09-15T12:25:56+00:00
CVE-2026-90566,updated,2026-09-14,cve_2026_to_now,2026-09-15T12:25:56+00:00
CVE-2026-90569,updated,2026-09-14,cve_2026_to_now,2026-09-15T12:25:56+00:00
CVE-2026-90571,updated,2026-09-14,cve_2026_to_now,2026-09-15T12:25:56+00:00
CVE-2026-90574,updated,2026-09-14,cve_2026_to_now,2026-09-15T12:25:56+00:00
CVE-2026-90576,updated,2026-09-14,cve_2026_to_now,2026-09-15T12:25:56+00:00
CVE-2026-90579,updated,2026-09-14,cve_2026_to_now,2026-09-15T12:25:56+00:00
CVE-2026-90581,updated,2026-09-14,cve_2026_to_now,2026-09-15T12:25:56+00:00
CVE-2026-90584,updated,2026-09-14,cve_2026_to_now,2026-09-15T12:25:56+00:00
CVE-2026-90594,updated,2026-09-14,cve_2026_to_now,2026-09-15T12:25:56+00:00
CVE-2026-90597,updated,2026-09-14,cve_2026_to_now,2026-09-15T12:25:56+00:00
CVE-2026-90599,updated,2026-09-14,cve_2026_to_now,2026-09-15T12:25:56+00:00
CVE-2026-90602,updated,2026-09-14,cve_2026_to_now,2026-09-15T12:25:56+00:00
CVE-2026-90604,updated,2026-09-14,cve_2026_to_now,2026-09-15T12:25:56+00:00
CVE-2026-90607,updated,,cve_2026_to_now,2026-09-15T12:25:56+00:00
CVE-2026-90609,updated,,cve_2026_to_now,2026-09-15T12:25:56+00:00
CVE-2026-90612,updated,,cve_2026_to_now,2026-09-15T12:25:56+00:00
CVE-2026-90614,updated,,cve_2026_to_now,2026-09-15T12:25:56+00:00
CVE-2026-90616,updated,2026-09-14,cve_2026_to_now,2026-09-15T12:25:56+00:00
CVE-2026-90618,updated,,cve_2026_to_now,2026-09-15T12:25:56+00:00
CVE-2026-90620,updated,,cve_2026_to_now,2026-09-15T12:25:56+00:00
CVE-2026-90623,updated,,cve_2026_to_now,2026-09-15T12:25:56+00:00
CVE-2026-90648,updated,2026-09-14,cve_2026_to_now,2026-09-15T12:25:56+00:00
CVE-2026-90651,updated,2026-09-14,cve_2026_to_now,2026-09-15T12:25:56+00:00
CVE-2026-90668,updated,2026-09-14,cve_2026_to_now,2026-09-15T12:25:56+00:00
CVE-2026-90678,updated,2026-09-14,cve_2026_to_now,2026-09-15T12:25:56+00:00
CVE-2026-90681,updated,,cve_2026_to_now,2026-09-15T12:25:56+00:00
CVE-2026-90684,updated,,cve_2026_to_now,2026-09-15T12:25:56+00:00
CVE-2026-90686,updated,,cve_2026_to_now,2026-09-15T12:25:56+00:00
CVE-2026-90691,updated,,cve_2026_to_now,2026-09-15T12:25:56+00:00
CVE-2026-90696,updated,,cve_2026_to_now,2026-09-15T12:25:56+00:00
CVE-2026-90701,updated,,cve_2026_to_now,2026-09-15T12:25:56+00:00
CVE-2026-90706,updated,,cve_2026_to_now,2026-09-15T12:25:56+00:00
CVE-2026-90711,added,,cve_2026_to_now,2026-09-15T12:25:56+00:00
CVE-2026-90712,updated,,cve_2026_to_now,2026-09-15T12:25:56+00:00
CVE-2026-90715,updated,,cve_2026_to_now,2026-09-15T12:25:56+00:00
CVE-2026-90767,updated,2026-09-14,cve_2026_to_now,2026-09-15T12:25:56+00:00
CVE-2026-90768,updated,2026-09-14,cve_2026_to_now,2026-09-15T12:25:56+00:00
CVE-2026-90769,updated,2026-09-14,cve_2026_to_now,2026-09-15T12:25:56+00:00
CVE-2026-90772,updated,2026-09-14,cve_2026_to_now,2026-09-15T12:25:56+00:00
CVE-2026-90773,updated,2026-09-14,cve_2026_to_now,2026-09-15T12:25:56+00:00
CVE-2026-90774,updated,2026-09-14,cve_2026_to_now,2026-09-15T12:25:56+00:00
CVE-2026-90777,updated,2026-09-14,cve_2026_to_now,2026-09-15T12:25:56+00:00
CVE-2026-90778,updated,2026-09-14,cve_2026_to_now,2026-09-15T12:25:56+00:00
CVE-2026-90779,updated,2026-09-14,cve_2026_to_now,2026-09-15T12:25:56+00:00
CVE-2026-90782,updated,2026-09-14,cve_2026_to_now,2026-09-15T12:25:56+00:00
CVE-2026-90783,updated,2026-09-14,cve_2026_to_now,2026-09-15T12:25:56+00:00
CVE-2026-90784,updated,,cve_2026_to_now,2026-09-15T12:25:56+00:00
CVE-2026-90786,added,,cve_2026_to_now,2026-09-15T12:25:56+00:00
CVE-2026-90787,added,,cve_2026_to_now,2026-09-15T12:25:56+00:00
CVE-2026-90788,added,,cve_2026_to_now,2026-09-15T12:25:56+00:00
CVE-2026-90789,added,,cve_2026_to_now,2026-09-15T12:25:56+00:00
CVE-2026-90790,added,,cve_2026_to_now,2026-09-15T12:25:56+00:00
CVE-2026-90791,added,,cve_2026_to_now,2026-09-15T12:25:56+00:00
CVE-2026-90792,added,,cve_2026_to_now,2026-09-15T12:25:56+00:00
CVE-2026-90793,added,,cve_2026_to_now,2026-09-15T12:25:56+00:00
CVE-2026-90794,added,,cve_2026_to_now,2026-09-15T12:25:56+00:00
CVE-2026-90795,added,,cve_2026_to_now,2026-09-15T12:25:56+00:00
CVE-2026-90796,added,,cve_2026_to_now,2026-09-15T12:25:56+00:00
CVE-2026-90801,added,,cve_2026_to_now,2026-09-15T12:25:56+00:00
CVE-2026-90802,added,,cve_2026_to_now,2026-09-15T12:25:56+00:00
CVE-2026-90803,added,,cve_2026_to_now,2026-09-15T12:25:56+00:00
CVE-2026-90804,added,,cve_2026_to_now,2026-09-15T12:25:56+00:00
CVE-2026-90805,added,,cve_2026_to_now,2026-09-15T12:25:56+00:00
CVE-2026-90806,added,,cve_2026_to_now,2026-09-15T12:25:56+00:00
CVE-2026-90807,added,,cve_2026_to_now,2026-09-15T12:25:56+00:00
CVE-2026-90808,added,,cve_2026_to_now,2026-09-15T12:25:56+00:00
CVE-2026-90809,added,,cve_2026_to_now,2026-09-15T12:25:56+00:00
CVE-2026-90810,added,,cve_2026_to_now,2026-09-15T12:25:56+00:00
CVE-2026-90811,added,,cve_2026_to_now,2026-09-15T12:25:56+00:00
CVE-2026-90812,added,,cve_2026_to_now,2026-09-15T12:25:56+00:00
CVE-2026-90813,added,,cve_2026_to_now,2026-09-15T12:25:56+00:00
CVE-2026-90814,added,,cve_2026_to_now,2026-09-15T12:25:56+00:00
CVE-2026-90815,added,,cve_2026_to_now,2026-09-15T12:25:56+00:00
CVE-2026-90816,added,,cve_2026_to_now,2026-09-15T12:25:56+00:00
CVE-2026-90818,added,,cve_2026_to_now,2026-09-15T12:25:56+00:00
CVE-2026-90819,added,,cve_2026_to_now,2026-09-15T12:25:56+00:00
CVE-2026-90820,added,,cve_2026_to_now,2026-09-15T12:25:56+00:00
CVE-2026-90824,added,,cve_2026_to_now,2026-09-15T12:25:56+00:00
CVE-2026-90825,added,,cve_2026_to_now,2026-09-15T12:25:56+00:00
CVE-2026-90826,added,,cve_2026_to_now,2026-09-15T12:25:56+00:00
CVE-2026-90827,added,,cve_2026_to_now,2026-09-15T12:25:56+00:00
CVE-2026-90828,added,,cve_2026_to_now,2026-09-15T12:25:56+00:00
CVE-2026-90829,added,,cve_2026_to_now,2026-09-15T12:25:56+00:00
CVE-2026-90830,added,,cve_2026_to_now,2026-09-15T12:25:56+00:00
CVE-2026-90831,added,,cve_2026_to_now,2026-09-15T12:25:56+00:00
CVE-2026-90835,added,,cve_2026_to_now,2026-09-15T12:25:56+00:00
CVE-2026-90840,added,,cve_2026_to_now,2026-09-15T12:25:56+00:00
CVE-2026-90841,added,,cve_2026_to_now,2026-09-15T12:25:56+00:00
CVE-2026-90842,added,,cve_2026_to_now,2026-09-15T12:25:56+00:00
CVE-2026-90843,added,,cve_2026_to_now,2026-09-15T12:25:56+00:00
CVE-2026-90844,added,,cve_2026_to_now,2026-09-15T12:25:56+00:00
CVE-2026-90845,added,,cve_2026_to_now,2026-09-15T12:25:56+00:00
CVE-2026-90846,added,,cve_2026_to_now,2026-09-15T12:25:56+00:00
CVE-2026-90847,added,,cve_2026_to_now,2026-09-15T12:25:56+00:00
CVE-2026-90848,added,,cve_2026_to_now,2026-09-15T12:25:56+00:00
CVE-2026-90849,added,,cve_2026_to_now,2026-09-15T12:25:56+00:00
CVE-2026-90850,added,,cve_2026_to_now,2026-09-15T12:25:56+00:00
CVE-2026-90851,added,,cve_2026_to_now,2026-09-15T12:25:56+00:00
CVE-2026-90852,added,,cve_2026_to_now,2026-09-15T12:25:56+00:00
CVE-2026-90854,added,,cve_2026_to_now,2026-09-15T12:25:56+00:00
CVE-2026-90855,added,,cve_2026_to_now,2026-09-15T12:25:56+00:00
CVE-2026-90856,added,,cve_2026_to_now,2026-09-15T12:25:56+00:00
CVE-2026-90857,added,,cve_2026_to_now,2026-09-15T12:25:56+00:00
CVE-2026-90858,added,,cve_2026_to_now,2026-09-15T12:25:56+00:00
CVE-2026-90876,added,,cve_2026_to_now,2026-09-15T12:25:56+00:00
CVE-2026-90877,added,,cve_2026_to_now,2026-09-15T12:25:56+00:00
CVE-2026-90878,added,,cve_2026_to_now,2026-09-15T12:25:56+00:00
CVE-2026-90879,added,,cve_2026_to_now,2026-09-15T12:25:56+00:00
CVE-2026-90880,added,,cve_2026_to_now,2026-09-15T12:25:56+00:00
CVE-2026-90881,added,,cve_2026_to_now,2026-09-15T12:25:56+00:00
CVE-2026-90894,updated,2026-09-15,cve_2026_to_now,2026-09-15T12:25:56+00:00
CVE-2026-90896,added,,cve_2026_to_now,2026-09-15T12:25:56+00:00
CVE-2026-90919,updated,,cve_2026_to_now,2026-09-15T12:25:56+00:00
CVE-2026-90928,updated,,cve_2026_to_now,2026-09-15T12:25:56+00:00
CVE-2026-90929,updated,,cve_2026_to_now,2026-09-15T12:25:56+00:00
CVE-2026-90930,updated,,cve_2026_to_now,2026-09-15T12:25:56+00:00
CVE-2026-90931,updated,,cve_2026_to_now,2026-09-15T12:25:56+00:00
CVE-2026-90933,updated,,cve_2026_to_now,2026-09-15T12:25:56+00:00
CVE-2026-90934,updated,,cve_2026_to_now,2026-09-15T12:25:56+00:00
CVE-2026-90935,updated,,cve_2026_to_now,2026-09-15T12:25:56+00:00
CVE-2026-90936,updated,,cve_2026_to_now,2026-09-15T12:25:56+00:00
CVE-2026-90938,updated,,cve_2026_to_now,2026-09-15T12:25:56+00:00
CVE-2026-90939,added,,cve_2026_to_now,2026-09-15T12:25:56+00:00
CVE-2026-90940,added,,cve_2026_to_now,2026-09-15T12:25:56+00:00
CVE-2026-90941,added,,cve_2026_to_now,2026-09-15T12:25:56+00:00
CVE-2026-90942,added,,cve_2026_to_now,2026-09-15T12:25:56+00:00
CVE-2026-90943,added,,cve_2026_to_now,2026-09-15T12:25:56+00:00
CVE-2026-90944,added,,cve_2026_to_now,2026-09-15T12:25:56+00:00
CVE-2026-90945,added,,cve_2026_to_now,2026-09-15T12:25:56+00:00
CVE-2026-90946,added,,cve_2026_to_now,2026-09-15T12:25:56+00:00
CVE-2026-90947,added,,cve_2026_to_now,2026-09-15T12:25:56+00:00
CVE-2026-90948,updated,,cve_2026_to_now,2026-09-15T12:25:56+00:00
CVE-2026-90949,updated,,cve_2026_to_now,2026-09-15T12:25:56+00:00
CVE-2026-90957,updated,,cve_2026_to_now,2026-09-15T12:25:56+00:00
CVE-2026-90961,updated,,cve_2026_to_now,2026-09-15T12:25:56+00:00
CVE-2026-90994,added,,cve_2026_to_now,2026-09-15T12:25:56+00:00
CVE-2026-90995,added,,cve_2026_to_now,2026-09-15T12:25:56+00:00
CVE-2026-90996,added,,cve_2026_to_now,2026-09-15T12:25:56+00:00
CVE-2026-91001,added,,cve_2026_to_now,2026-09-15T12:25:56+00:00
CVE-2026-91002,added,,cve_2026_to_now,2026-09-15T12:25:56+00:00
CVE-2026-91003,added,,cve_2026_to_now,2026-09-15T12:25:56+00:00
CVE-2026-91004,added,,cve_2026_to_now,2026-09-15T12:25:56+00:00
CVE-2026-91005,added,,cve_2026_to_now,2026-09-15T12:25:56+00:00
CVE-2026-91021,added,,cve_2026_to_now,2026-09-15T12:25:56+00:00
CVE-2026-91079,added,,cve_2026_to_now,2026-09-15T12:25:56+00:00
CVE-2026-91080,added,,cve_2026_to_now,2026-09-15T12:25:56+00:00
CVE-2026-91081,added,,cve_2026_to_now,2026-09-15T12:25:56+00:00
CVE-2026-91086,added,,cve_2026_to_now,2026-09-15T12:25:56+00:00
CVE-2026-91087,added,,cve_2026_to_now,2026-09-15T12:25:56+00:00
CVE-2026-91088,added,,cve_2026_to_now,2026-09-15T12:25:56+00:00
CVE-2026-91089,added,,cve_2026_to_now,2026-09-15T12:25:56+00:00
CVE-2026-91090,added,,cve_2026_to_now,2026-09-15T12:25:56+00:00
CVE-2026-91091,added,,cve_2026_to_now,2026-09-15T12:25:56+00:00
CVE-2026-91143,added,,cve_2026_to_now,2026-09-15T12:25:56+00:00
CVE-2026-91144,added,,cve_2026_to_now,2026-09-15T12:25:56+00:00
CVE-2026-91145,added,,cve_2026_to_now,2026-09-15T12:25:56+00:00
CVE-2026-91146,added,,cve_2026_to_now,2026-09-15T12:25:56+00:00
CVE-2026-91181,added,,cve_2026_to_now,2026-09-15T12:25:56+00:00
CVE-2026-91197,added,,cve_2026_to_now,2026-09-15T12:25:56+00:00
CVE-2026-91198,added,,cve_2026_to_now,2026-09-15T12:25:56+00:00
CVE-2026-91199,added,,cve_2026_to_now,2026-09-15T12:25:56+00:00
CVE-2026-91200,added,,cve_2026_to_now,2026-09-15T12:25:56+00:00
CVE-2026-91201,added,,cve_2026_to_now,2026-09-15T12:25:56+00:00
CVE-2026-91750,added,,cve_2026_to_now,2026-09-15T12:25:56+00:00
CVE-2026-91751,added,,cve_2026_to_now,2026-09-15T12:25:56+00:00
CVE-2026-91752,added,,cve_2026_to_now,2026-09-15T12:25:56+00:00
CVE-2026-91770,added,,cve_2026_to_now,2026-09-15T12:25:56+00:00
CVE-2026-91771,added,,cve_2026_to_now,2026-09-15T12:25:56+00:00
CVE-2026-91772,added,,cve_2026_to_now,2026-09-15T12:25:56+00:00
CVE-2026-91773,added,,cve_2026_to_now,2026-09-15T12:25:56+00:00
CVE-2026-91774,added,,cve_2026_to_now,2026-09-15T12:25:56+00:00
CVE-2026-91778,added,,cve_2026_to_now,2026-09-15T12:25:56+00:00
CVE-2026-91779,added,,cve_2026_to_now,2026-09-15T12:25:56+00:00
CVE-2026-91780,added,,cve_2026_to_now,2026-09-15T12:25:56+00:00
CVE-2026-91781,added,,cve_2026_to_now,2026-09-15T12:25:56+00:00
CVE-2026-91782,added,,cve_2026_to_now,2026-09-15T12:25:56+00:00
CVE-2026-91786,added,,cve_2026_to_now,2026-09-15T12:25:56+00:00
CVE-2026-91819,added,,cve_2026_to_now,2026-09-15T12:25:56+00:00
CVE-2026-91825,added,,cve_2026_to_now,2026-09-15T12:25:56+00:00
CVE-2026-91826,added,,cve_2026_to_now,2026-09-15T12:25:56+00:00
CVE-2026-91846,added,,cve_2026_to_now,2026-09-15T12:25:56+00:00
CVE-2026-91851,added,,cve_2026_to_now,2026-09-15T12:25:56+00:00
CVE-2026-91857,added,,cve_2026_to_now,2026-09-15T12:25:56+00:00
CVE-2026-91859,added,,cve_2026_to_now,2026-09-15T12:25:56+00:00
CVE-2026-91922,added,,cve_2026_to_now,2026-09-15T12:25:56+00:00
CVE-2026-91923,added,,cve_2026_to_now,2026-09-15T12:25:56+00:00
CVE-2026-91924,added,,cve_2026_to_now,2026-09-15T12:25:56+00:00
CVE-2026-91925,added,,cve_2026_to_now,2026-09-15T12:25:56+00:00
CVE-2026-91926,added,,cve_2026_to_now,2026-09-15T12:25:56+00:00
CVE-2026-91993,added,,cve_2026_to_now,2026-09-15T12:25:56+00:00
CVE-2026-91994,added,,cve_2026_to_now,2026-09-15T12:25:56+00:00
CVE-2026-91995,added,,cve_2026_to_now,2026-09-15T12:25:56+00:00
CVE-2026-91996,added,,cve_2026_to_now,2026-09-15T12:25:56+00:00
CVE-2026-91997,added,,cve_2026_to_now,2026-09-15T12:25:56+00:00
CVE-2026-91998,added,,cve_2026_to_now,2026-09-15T12:25:56+00:00
CVE-2026-92002,added,,cve_2026_to_now,2026-09-15T12:25:56+00:00
CVE-2026-92003,added,,cve_2026_to_now,2026-09-15T12:25:56+00:00
