cve_id,change_type,date_updated,shard,run_utc
CVE-2016-20096,updated,2026-07-22,cve_2022_and_before,2026-07-23T09:22:29+00:00
CVE-2022-2712,updated,2026-07-22,cve_2022_and_before,2026-07-23T09:22:29+00:00
CVE-2023-3390,updated,2026-07-22,cve_2023_to_2025,2026-07-23T09:22:29+00:00
CVE-2023-52355,updated,2026-07-22,cve_2023_to_2025,2026-07-23T09:22:29+00:00
CVE-2024-5300,updated,2026-07-22,cve_2023_to_2025,2026-07-23T09:22:29+00:00
CVE-2024-58023,added,,cve_2023_to_2025,2026-07-23T09:22:29+00:00
CVE-2024-58330,added,,cve_2023_to_2025,2026-07-23T09:22:29+00:00
CVE-2024-58357,updated,2026-07-22,cve_2023_to_2025,2026-07-23T09:22:29+00:00
CVE-2024-58364,updated,2026-07-22,cve_2023_to_2025,2026-07-23T09:22:29+00:00
CVE-2024-58370,updated,2026-07-22,cve_2023_to_2025,2026-07-23T09:22:29+00:00
CVE-2025-10263,updated,2026-07-22,cve_2023_to_2025,2026-07-23T09:22:29+00:00
CVE-2025-13146,added,,cve_2023_to_2025,2026-07-23T09:22:29+00:00
CVE-2025-24199,updated,2026-07-22,cve_2023_to_2025,2026-07-23T09:22:29+00:00
CVE-2025-24232,updated,2026-07-22,cve_2023_to_2025,2026-07-23T09:22:29+00:00
CVE-2025-24233,updated,2026-07-22,cve_2023_to_2025,2026-07-23T09:22:29+00:00
CVE-2025-24249,updated,2026-07-22,cve_2023_to_2025,2026-07-23T09:22:29+00:00
CVE-2025-24259,updated,2026-07-22,cve_2023_to_2025,2026-07-23T09:22:29+00:00
CVE-2025-24264,updated,2026-07-22,cve_2023_to_2025,2026-07-23T09:22:29+00:00
CVE-2025-24265,updated,2026-07-22,cve_2023_to_2025,2026-07-23T09:22:29+00:00
CVE-2025-24273,updated,2026-07-22,cve_2023_to_2025,2026-07-23T09:22:29+00:00
CVE-2025-30457,updated,2026-07-22,cve_2023_to_2025,2026-07-23T09:22:29+00:00
CVE-2025-34037,updated,2026-05-14,cve_2023_to_2025,2026-07-23T09:22:29+00:00
CVE-2025-41115,updated,2026-07-23,cve_2023_to_2025,2026-07-23T09:22:29+00:00
CVE-2025-41117,updated,2026-07-23,cve_2023_to_2025,2026-07-23T09:22:29+00:00
CVE-2025-41118,updated,2026-07-23,cve_2023_to_2025,2026-07-23T09:22:29+00:00
CVE-2025-44089,added,,cve_2023_to_2025,2026-07-23T09:22:29+00:00
CVE-2025-44090,added,,cve_2023_to_2025,2026-07-23T09:22:29+00:00
CVE-2025-48431,updated,2026-07-22,cve_2023_to_2025,2026-07-23T09:22:29+00:00
CVE-2025-50324,added,,cve_2023_to_2025,2026-07-23T09:22:29+00:00
CVE-2025-50325,added,,cve_2023_to_2025,2026-07-23T09:22:29+00:00
CVE-2025-50327,added,,cve_2023_to_2025,2026-07-23T09:22:29+00:00
CVE-2025-50329,added,,cve_2023_to_2025,2026-07-23T09:22:29+00:00
CVE-2025-50330,added,,cve_2023_to_2025,2026-07-23T09:22:29+00:00
CVE-2025-53379,updated,2026-07-22,cve_2023_to_2025,2026-07-23T09:22:29+00:00
CVE-2025-60689,updated,2026-07-22,cve_2023_to_2025,2026-07-23T09:22:29+00:00
CVE-2025-60835,added,,cve_2023_to_2025,2026-07-23T09:22:29+00:00
CVE-2025-61140,updated,2026-07-22,cve_2023_to_2025,2026-07-23T09:22:29+00:00
CVE-2025-61726,updated,2026-07-22,cve_2023_to_2025,2026-07-23T09:22:29+00:00
CVE-2025-66390,updated,2026-07-22,cve_2023_to_2025,2026-07-23T09:22:29+00:00
CVE-2025-68640,updated,2026-07-22,cve_2023_to_2025,2026-07-23T09:22:29+00:00
CVE-2025-69223,updated,2026-07-22,cve_2023_to_2025,2026-07-23T09:22:29+00:00
CVE-2025-71395,updated,2026-07-22,cve_2023_to_2025,2026-07-23T09:22:29+00:00
CVE-2026-1372,updated,2026-07-22,cve_2026_to_now,2026-07-23T09:22:29+00:00
CVE-2026-1771,updated,2026-07-22,cve_2026_to_now,2026-07-23T09:22:29+00:00
CVE-2026-1784,updated,2026-07-22,cve_2026_to_now,2026-07-23T09:22:29+00:00
CVE-2026-2395,added,,cve_2026_to_now,2026-07-23T09:22:29+00:00
CVE-2026-3482,added,,cve_2026_to_now,2026-07-23T09:22:29+00:00
CVE-2026-3821,updated,,cve_2026_to_now,2026-07-23T09:22:29+00:00
CVE-2026-3833,updated,2026-07-22,cve_2026_to_now,2026-07-23T09:22:29+00:00
CVE-2026-4773,added,,cve_2026_to_now,2026-07-23T09:22:29+00:00
CVE-2026-5241,updated,2026-07-22,cve_2026_to_now,2026-07-23T09:22:29+00:00
CVE-2026-5260,updated,2026-07-22,cve_2026_to_now,2026-07-23T09:22:29+00:00
CVE-2026-5497,updated,2026-07-22,cve_2026_to_now,2026-07-23T09:22:29+00:00
CVE-2026-6322,updated,2026-07-22,cve_2026_to_now,2026-07-23T09:22:29+00:00
CVE-2026-6390,added,,cve_2026_to_now,2026-07-23T09:22:29+00:00
CVE-2026-6722,updated,2026-07-22,cve_2026_to_now,2026-07-23T09:22:29+00:00
CVE-2026-6858,updated,,cve_2026_to_now,2026-07-23T09:22:29+00:00
CVE-2026-6952,updated,2026-07-23,cve_2026_to_now,2026-07-23T09:22:29+00:00
CVE-2026-7120,added,,cve_2026_to_now,2026-07-23T09:22:29+00:00
CVE-2026-7163,updated,2026-07-22,cve_2026_to_now,2026-07-23T09:22:29+00:00
CVE-2026-7232,added,,cve_2026_to_now,2026-07-23T09:22:29+00:00
CVE-2026-7253,updated,2026-07-22,cve_2026_to_now,2026-07-23T09:22:29+00:00
CVE-2026-7328,added,,cve_2026_to_now,2026-07-23T09:22:29+00:00
CVE-2026-7534,added,,cve_2026_to_now,2026-07-23T09:22:29+00:00
CVE-2026-7667,updated,2026-07-23,cve_2026_to_now,2026-07-23T09:22:29+00:00
CVE-2026-7755,updated,2026-07-23,cve_2026_to_now,2026-07-23T09:22:29+00:00
CVE-2026-8056,updated,2026-07-23,cve_2026_to_now,2026-07-23T09:22:29+00:00
CVE-2026-8091,updated,2026-07-22,cve_2026_to_now,2026-07-23T09:22:29+00:00
CVE-2026-8152,added,,cve_2026_to_now,2026-07-23T09:22:29+00:00
CVE-2026-8357,updated,2026-07-22,cve_2026_to_now,2026-07-23T09:22:29+00:00
CVE-2026-8476,updated,2026-07-23,cve_2026_to_now,2026-07-23T09:22:29+00:00
CVE-2026-8481,updated,2026-07-23,cve_2026_to_now,2026-07-23T09:22:29+00:00
CVE-2026-8505,updated,2026-07-23,cve_2026_to_now,2026-07-23T09:22:29+00:00
CVE-2026-8595,updated,2026-07-23,cve_2026_to_now,2026-07-23T09:22:29+00:00
CVE-2026-8609,updated,2026-07-23,cve_2026_to_now,2026-07-23T09:22:29+00:00
CVE-2026-8635,updated,2026-07-23,cve_2026_to_now,2026-07-23T09:22:29+00:00
CVE-2026-8643,updated,2026-07-22,cve_2026_to_now,2026-07-23T09:22:29+00:00
CVE-2026-8859,updated,2026-07-23,cve_2026_to_now,2026-07-23T09:22:29+00:00
CVE-2026-8933,updated,2026-07-22,cve_2026_to_now,2026-07-23T09:22:29+00:00
CVE-2026-8953,updated,2026-07-22,cve_2026_to_now,2026-07-23T09:22:29+00:00
CVE-2026-8982,updated,2026-07-22,cve_2026_to_now,2026-07-23T09:22:29+00:00
CVE-2026-8983,updated,2026-07-22,cve_2026_to_now,2026-07-23T09:22:29+00:00
CVE-2026-8984,updated,2026-07-22,cve_2026_to_now,2026-07-23T09:22:29+00:00
CVE-2026-8985,updated,2026-07-22,cve_2026_to_now,2026-07-23T09:22:29+00:00
CVE-2026-8986,updated,2026-07-22,cve_2026_to_now,2026-07-23T09:22:29+00:00
CVE-2026-8987,updated,2026-07-22,cve_2026_to_now,2026-07-23T09:22:29+00:00
CVE-2026-8988,updated,2026-07-22,cve_2026_to_now,2026-07-23T09:22:29+00:00
CVE-2026-8989,updated,2026-07-22,cve_2026_to_now,2026-07-23T09:22:29+00:00
CVE-2026-9029,updated,2026-07-23,cve_2026_to_now,2026-07-23T09:22:29+00:00
CVE-2026-9066,added,,cve_2026_to_now,2026-07-23T09:22:29+00:00
CVE-2026-9103,updated,2026-07-23,cve_2026_to_now,2026-07-23T09:22:29+00:00
CVE-2026-9135,updated,2026-07-23,cve_2026_to_now,2026-07-23T09:22:29+00:00
CVE-2026-9277,updated,2026-07-22,cve_2026_to_now,2026-07-23T09:22:29+00:00
CVE-2026-9499,updated,2026-07-22,cve_2026_to_now,2026-07-23T09:22:29+00:00
CVE-2026-9577,added,,cve_2026_to_now,2026-07-23T09:22:29+00:00
CVE-2026-9635,added,,cve_2026_to_now,2026-07-23T09:22:29+00:00
CVE-2026-9713,added,,cve_2026_to_now,2026-07-23T09:22:29+00:00
CVE-2026-9729,added,,cve_2026_to_now,2026-07-23T09:22:29+00:00
CVE-2026-9734,updated,2026-07-22,cve_2026_to_now,2026-07-23T09:22:29+00:00
CVE-2026-9737,added,,cve_2026_to_now,2026-07-23T09:22:29+00:00
CVE-2026-10143,updated,2026-07-22,cve_2026_to_now,2026-07-23T09:22:29+00:00
CVE-2026-10601,updated,2026-07-23,cve_2026_to_now,2026-07-23T09:22:29+00:00
CVE-2026-10649,updated,2026-07-22,cve_2026_to_now,2026-07-23T09:22:29+00:00
CVE-2026-10674,updated,2026-07-22,cve_2026_to_now,2026-07-23T09:22:29+00:00
CVE-2026-10675,updated,2026-07-22,cve_2026_to_now,2026-07-23T09:22:29+00:00
CVE-2026-10677,updated,2026-07-22,cve_2026_to_now,2026-07-23T09:22:29+00:00
CVE-2026-10678,updated,2026-07-22,cve_2026_to_now,2026-07-23T09:22:29+00:00
CVE-2026-10679,updated,2026-07-22,cve_2026_to_now,2026-07-23T09:22:29+00:00
CVE-2026-10680,updated,2026-07-22,cve_2026_to_now,2026-07-23T09:22:29+00:00
CVE-2026-10723,added,,cve_2026_to_now,2026-07-23T09:22:29+00:00
CVE-2026-10822,added,,cve_2026_to_now,2026-07-23T09:22:29+00:00
CVE-2026-11331,added,,cve_2026_to_now,2026-07-23T09:22:29+00:00
CVE-2026-11332,updated,2026-07-22,cve_2026_to_now,2026-07-23T09:22:29+00:00
CVE-2026-11605,added,,cve_2026_to_now,2026-07-23T09:22:29+00:00
CVE-2026-11622,added,,cve_2026_to_now,2026-07-23T09:22:29+00:00
CVE-2026-11721,added,,cve_2026_to_now,2026-07-23T09:22:29+00:00
CVE-2026-11769,updated,2026-07-23,cve_2026_to_now,2026-07-23T09:22:29+00:00
CVE-2026-11876,updated,2026-07-22,cve_2026_to_now,2026-07-23T09:22:29+00:00
CVE-2026-11925,updated,2026-07-22,cve_2026_to_now,2026-07-23T09:22:29+00:00
CVE-2026-12082,added,,cve_2026_to_now,2026-07-23T09:22:29+00:00
CVE-2026-12139,updated,2026-07-22,cve_2026_to_now,2026-07-23T09:22:29+00:00
CVE-2026-12143,updated,2026-07-22,cve_2026_to_now,2026-07-23T09:22:29+00:00
CVE-2026-12421,added,,cve_2026_to_now,2026-07-23T09:22:29+00:00
CVE-2026-12617,added,,cve_2026_to_now,2026-07-23T09:22:29+00:00
CVE-2026-12701,updated,2026-07-22,cve_2026_to_now,2026-07-23T09:22:29+00:00
CVE-2026-12900,updated,2026-07-22,cve_2026_to_now,2026-07-23T09:22:29+00:00
CVE-2026-12912,updated,2026-07-22,cve_2026_to_now,2026-07-23T09:22:29+00:00
CVE-2026-12968,updated,,cve_2026_to_now,2026-07-23T09:22:29+00:00
CVE-2026-12987,updated,,cve_2026_to_now,2026-07-23T09:22:29+00:00
CVE-2026-13055,added,,cve_2026_to_now,2026-07-23T09:22:29+00:00
CVE-2026-13056,added,,cve_2026_to_now,2026-07-23T09:22:29+00:00
CVE-2026-13057,added,,cve_2026_to_now,2026-07-23T09:22:29+00:00
CVE-2026-13058,added,,cve_2026_to_now,2026-07-23T09:22:29+00:00
CVE-2026-13059,added,,cve_2026_to_now,2026-07-23T09:22:29+00:00
CVE-2026-13060,added,,cve_2026_to_now,2026-07-23T09:22:29+00:00
CVE-2026-13061,added,,cve_2026_to_now,2026-07-23T09:22:29+00:00
CVE-2026-13062,added,,cve_2026_to_now,2026-07-23T09:22:29+00:00
CVE-2026-13063,added,,cve_2026_to_now,2026-07-23T09:22:29+00:00
CVE-2026-13064,added,,cve_2026_to_now,2026-07-23T09:22:29+00:00
CVE-2026-13065,added,,cve_2026_to_now,2026-07-23T09:22:29+00:00
CVE-2026-13066,added,,cve_2026_to_now,2026-07-23T09:22:29+00:00
CVE-2026-13067,added,,cve_2026_to_now,2026-07-23T09:22:29+00:00
CVE-2026-13068,added,,cve_2026_to_now,2026-07-23T09:22:29+00:00
CVE-2026-13069,added,,cve_2026_to_now,2026-07-23T09:22:29+00:00
CVE-2026-13070,added,,cve_2026_to_now,2026-07-23T09:22:29+00:00
CVE-2026-13071,added,,cve_2026_to_now,2026-07-23T09:22:29+00:00
CVE-2026-13072,added,,cve_2026_to_now,2026-07-23T09:22:29+00:00
CVE-2026-13073,added,,cve_2026_to_now,2026-07-23T09:22:29+00:00
CVE-2026-13074,added,,cve_2026_to_now,2026-07-23T09:22:29+00:00
CVE-2026-13075,added,,cve_2026_to_now,2026-07-23T09:22:29+00:00
CVE-2026-13076,added,,cve_2026_to_now,2026-07-23T09:22:29+00:00
CVE-2026-13077,added,,cve_2026_to_now,2026-07-23T09:22:29+00:00
CVE-2026-13078,added,,cve_2026_to_now,2026-07-23T09:22:29+00:00
CVE-2026-13089,added,,cve_2026_to_now,2026-07-23T09:22:29+00:00
CVE-2026-13181,added,,cve_2026_to_now,2026-07-23T09:22:29+00:00
CVE-2026-13182,added,,cve_2026_to_now,2026-07-23T09:22:29+00:00
CVE-2026-13183,added,,cve_2026_to_now,2026-07-23T09:22:29+00:00
CVE-2026-13184,added,,cve_2026_to_now,2026-07-23T09:22:29+00:00
CVE-2026-13185,added,,cve_2026_to_now,2026-07-23T09:22:29+00:00
CVE-2026-13186,added,,cve_2026_to_now,2026-07-23T09:22:29+00:00
CVE-2026-13187,added,,cve_2026_to_now,2026-07-23T09:22:29+00:00
CVE-2026-13188,added,,cve_2026_to_now,2026-07-23T09:22:29+00:00
CVE-2026-13189,added,,cve_2026_to_now,2026-07-23T09:22:29+00:00
CVE-2026-13190,added,,cve_2026_to_now,2026-07-23T09:22:29+00:00
CVE-2026-13192,added,,cve_2026_to_now,2026-07-23T09:22:29+00:00
CVE-2026-13204,added,,cve_2026_to_now,2026-07-23T09:22:29+00:00
CVE-2026-13321,added,,cve_2026_to_now,2026-07-23T09:22:29+00:00
CVE-2026-13445,updated,2026-07-23,cve_2026_to_now,2026-07-23T09:22:29+00:00
CVE-2026-13446,updated,2026-07-23,cve_2026_to_now,2026-07-23T09:22:29+00:00
CVE-2026-13448,updated,2026-07-23,cve_2026_to_now,2026-07-23T09:22:29+00:00
CVE-2026-13473,updated,2026-07-23,cve_2026_to_now,2026-07-23T09:22:29+00:00
CVE-2026-13577,updated,2026-07-22,cve_2026_to_now,2026-07-23T09:22:29+00:00
CVE-2026-13676,updated,2026-07-22,cve_2026_to_now,2026-07-23T09:22:29+00:00
CVE-2026-14282,added,,cve_2026_to_now,2026-07-23T09:22:29+00:00
CVE-2026-14291,added,,cve_2026_to_now,2026-07-23T09:22:29+00:00
CVE-2026-14322,updated,,cve_2026_to_now,2026-07-23T09:22:29+00:00
CVE-2026-14324,updated,2026-07-22,cve_2026_to_now,2026-07-23T09:22:29+00:00
CVE-2026-14330,updated,2026-07-22,cve_2026_to_now,2026-07-23T09:22:29+00:00
CVE-2026-14481,added,,cve_2026_to_now,2026-07-23T09:22:29+00:00
CVE-2026-14499,updated,2026-07-23,cve_2026_to_now,2026-07-23T09:22:29+00:00
CVE-2026-14551,added,,cve_2026_to_now,2026-07-23T09:22:29+00:00
CVE-2026-14586,added,,cve_2026_to_now,2026-07-23T09:22:29+00:00
CVE-2026-14865,added,,cve_2026_to_now,2026-07-23T09:22:29+00:00
CVE-2026-14881,added,,cve_2026_to_now,2026-07-23T09:22:29+00:00
CVE-2026-14899,added,,cve_2026_to_now,2026-07-23T09:22:29+00:00
CVE-2026-14932,added,,cve_2026_to_now,2026-07-23T09:22:29+00:00
CVE-2026-14985,added,,cve_2026_to_now,2026-07-23T09:22:29+00:00
CVE-2026-15011,added,,cve_2026_to_now,2026-07-23T09:22:29+00:00
CVE-2026-15074,added,,cve_2026_to_now,2026-07-23T09:22:29+00:00
CVE-2026-15156,updated,2026-07-22,cve_2026_to_now,2026-07-23T09:22:29+00:00
CVE-2026-15226,updated,2026-07-22,cve_2026_to_now,2026-07-23T09:22:29+00:00
CVE-2026-15342,updated,2026-07-22,cve_2026_to_now,2026-07-23T09:22:29+00:00
CVE-2026-15370,updated,2026-07-22,cve_2026_to_now,2026-07-23T09:22:29+00:00
CVE-2026-15404,added,,cve_2026_to_now,2026-07-23T09:22:29+00:00
CVE-2026-15432,updated,2026-07-22,cve_2026_to_now,2026-07-23T09:22:29+00:00
CVE-2026-15583,updated,2026-07-23,cve_2026_to_now,2026-07-23T09:22:29+00:00
CVE-2026-15646,added,,cve_2026_to_now,2026-07-23T09:22:29+00:00
CVE-2026-15647,added,,cve_2026_to_now,2026-07-23T09:22:29+00:00
CVE-2026-15718,updated,2026-07-22,cve_2026_to_now,2026-07-23T09:22:29+00:00
CVE-2026-15719,updated,2026-07-22,cve_2026_to_now,2026-07-23T09:22:29+00:00
CVE-2026-15724,updated,2026-07-22,cve_2026_to_now,2026-07-23T09:22:29+00:00
CVE-2026-15761,added,,cve_2026_to_now,2026-07-23T09:22:29+00:00
CVE-2026-15787,updated,,cve_2026_to_now,2026-07-23T09:22:29+00:00
CVE-2026-15794,added,,cve_2026_to_now,2026-07-23T09:22:29+00:00
CVE-2026-15802,updated,,cve_2026_to_now,2026-07-23T09:22:29+00:00
CVE-2026-15812,updated,2026-07-22,cve_2026_to_now,2026-07-23T09:22:29+00:00
CVE-2026-15827,added,,cve_2026_to_now,2026-07-23T09:22:29+00:00
CVE-2026-15829,updated,2026-07-22,cve_2026_to_now,2026-07-23T09:22:29+00:00
CVE-2026-15899,updated,2026-07-22,cve_2026_to_now,2026-07-23T09:22:29+00:00
CVE-2026-15900,updated,2026-07-22,cve_2026_to_now,2026-07-23T09:22:29+00:00
CVE-2026-15901,updated,2026-07-22,cve_2026_to_now,2026-07-23T09:22:29+00:00
CVE-2026-15902,updated,2026-07-23,cve_2026_to_now,2026-07-23T09:22:29+00:00
CVE-2026-15903,updated,2026-07-23,cve_2026_to_now,2026-07-23T09:22:29+00:00
CVE-2026-15904,updated,2026-07-22,cve_2026_to_now,2026-07-23T09:22:29+00:00
CVE-2026-15906,added,,cve_2026_to_now,2026-07-23T09:22:29+00:00
CVE-2026-15957,updated,2026-07-22,cve_2026_to_now,2026-07-23T09:22:29+00:00
CVE-2026-16073,updated,2026-07-22,cve_2026_to_now,2026-07-23T09:22:29+00:00
CVE-2026-16078,added,,cve_2026_to_now,2026-07-23T09:22:29+00:00
CVE-2026-16082,updated,2026-07-22,cve_2026_to_now,2026-07-23T09:22:29+00:00
CVE-2026-16089,updated,2026-07-22,cve_2026_to_now,2026-07-23T09:22:29+00:00
CVE-2026-16096,updated,2026-07-22,cve_2026_to_now,2026-07-23T09:22:29+00:00
CVE-2026-16118,updated,2026-07-22,cve_2026_to_now,2026-07-23T09:22:29+00:00
CVE-2026-16123,updated,2026-07-22,cve_2026_to_now,2026-07-23T09:22:29+00:00
CVE-2026-16129,updated,2026-07-22,cve_2026_to_now,2026-07-23T09:22:29+00:00
CVE-2026-16152,updated,2026-07-22,cve_2026_to_now,2026-07-23T09:22:29+00:00
CVE-2026-16157,added,,cve_2026_to_now,2026-07-23T09:22:29+00:00
CVE-2026-16196,updated,2026-07-22,cve_2026_to_now,2026-07-23T09:22:29+00:00
CVE-2026-16202,updated,2026-07-22,cve_2026_to_now,2026-07-23T09:22:29+00:00
CVE-2026-16208,updated,2026-07-22,cve_2026_to_now,2026-07-23T09:22:29+00:00
CVE-2026-16214,updated,2026-07-22,cve_2026_to_now,2026-07-23T09:22:29+00:00
CVE-2026-16220,updated,2026-07-22,cve_2026_to_now,2026-07-23T09:22:29+00:00
CVE-2026-16227,updated,2026-07-22,cve_2026_to_now,2026-07-23T09:22:29+00:00
CVE-2026-16232,added,2026-07-23,cve_2026_to_now,2026-07-23T09:22:29+00:00
CVE-2026-16243,updated,2026-07-22,cve_2026_to_now,2026-07-23T09:22:29+00:00
CVE-2026-16270,added,,cve_2026_to_now,2026-07-23T09:22:29+00:00
CVE-2026-16287,added,,cve_2026_to_now,2026-07-23T09:22:29+00:00
CVE-2026-16317,updated,2026-07-22,cve_2026_to_now,2026-07-23T09:22:29+00:00
CVE-2026-16318,updated,2026-07-22,cve_2026_to_now,2026-07-23T09:22:29+00:00
CVE-2026-16324,updated,2026-07-22,cve_2026_to_now,2026-07-23T09:22:29+00:00
CVE-2026-16329,updated,2026-07-22,cve_2026_to_now,2026-07-23T09:22:29+00:00
CVE-2026-16331,updated,2026-07-22,cve_2026_to_now,2026-07-23T09:22:29+00:00
CVE-2026-16334,updated,2026-07-22,cve_2026_to_now,2026-07-23T09:22:29+00:00
CVE-2026-16349,updated,2026-07-22,cve_2026_to_now,2026-07-23T09:22:29+00:00
CVE-2026-16350,updated,2026-07-22,cve_2026_to_now,2026-07-23T09:22:29+00:00
CVE-2026-16351,updated,2026-07-22,cve_2026_to_now,2026-07-23T09:22:29+00:00
CVE-2026-16352,updated,2026-07-22,cve_2026_to_now,2026-07-23T09:22:29+00:00
CVE-2026-16353,updated,2026-07-22,cve_2026_to_now,2026-07-23T09:22:29+00:00
CVE-2026-16354,updated,2026-07-22,cve_2026_to_now,2026-07-23T09:22:29+00:00
CVE-2026-16355,updated,2026-07-22,cve_2026_to_now,2026-07-23T09:22:29+00:00
CVE-2026-16356,updated,2026-07-22,cve_2026_to_now,2026-07-23T09:22:29+00:00
CVE-2026-16357,updated,2026-07-22,cve_2026_to_now,2026-07-23T09:22:29+00:00
CVE-2026-16358,updated,2026-07-22,cve_2026_to_now,2026-07-23T09:22:29+00:00
CVE-2026-16359,updated,2026-07-22,cve_2026_to_now,2026-07-23T09:22:29+00:00
CVE-2026-16360,updated,2026-07-22,cve_2026_to_now,2026-07-23T09:22:29+00:00
CVE-2026-16361,updated,2026-07-22,cve_2026_to_now,2026-07-23T09:22:29+00:00
CVE-2026-16362,updated,2026-07-22,cve_2026_to_now,2026-07-23T09:22:29+00:00
CVE-2026-16363,updated,2026-07-22,cve_2026_to_now,2026-07-23T09:22:29+00:00
CVE-2026-16364,updated,2026-07-22,cve_2026_to_now,2026-07-23T09:22:29+00:00
CVE-2026-16365,updated,2026-07-22,cve_2026_to_now,2026-07-23T09:22:29+00:00
CVE-2026-16366,updated,2026-07-22,cve_2026_to_now,2026-07-23T09:22:29+00:00
CVE-2026-16367,updated,2026-07-22,cve_2026_to_now,2026-07-23T09:22:29+00:00
CVE-2026-16368,updated,2026-07-22,cve_2026_to_now,2026-07-23T09:22:29+00:00
CVE-2026-16369,updated,2026-07-22,cve_2026_to_now,2026-07-23T09:22:29+00:00
CVE-2026-16370,updated,2026-07-22,cve_2026_to_now,2026-07-23T09:22:29+00:00
CVE-2026-16371,updated,2026-07-22,cve_2026_to_now,2026-07-23T09:22:29+00:00
CVE-2026-16372,updated,2026-07-22,cve_2026_to_now,2026-07-23T09:22:29+00:00
CVE-2026-16373,updated,2026-07-22,cve_2026_to_now,2026-07-23T09:22:29+00:00
CVE-2026-16374,updated,2026-07-22,cve_2026_to_now,2026-07-23T09:22:29+00:00
CVE-2026-16375,updated,2026-07-22,cve_2026_to_now,2026-07-23T09:22:29+00:00
CVE-2026-16376,updated,2026-07-22,cve_2026_to_now,2026-07-23T09:22:29+00:00
CVE-2026-16377,updated,2026-07-22,cve_2026_to_now,2026-07-23T09:22:29+00:00
CVE-2026-16378,updated,2026-07-22,cve_2026_to_now,2026-07-23T09:22:29+00:00
CVE-2026-16379,updated,2026-07-22,cve_2026_to_now,2026-07-23T09:22:29+00:00
CVE-2026-16380,updated,2026-07-22,cve_2026_to_now,2026-07-23T09:22:29+00:00
CVE-2026-16381,updated,2026-07-22,cve_2026_to_now,2026-07-23T09:22:29+00:00
CVE-2026-16382,updated,2026-07-22,cve_2026_to_now,2026-07-23T09:22:29+00:00
CVE-2026-16383,updated,2026-07-22,cve_2026_to_now,2026-07-23T09:22:29+00:00
CVE-2026-16384,updated,2026-07-22,cve_2026_to_now,2026-07-23T09:22:29+00:00
CVE-2026-16385,updated,2026-07-22,cve_2026_to_now,2026-07-23T09:22:29+00:00
CVE-2026-16386,updated,2026-07-22,cve_2026_to_now,2026-07-23T09:22:29+00:00
CVE-2026-16387,updated,2026-07-22,cve_2026_to_now,2026-07-23T09:22:29+00:00
CVE-2026-16388,updated,2026-07-22,cve_2026_to_now,2026-07-23T09:22:29+00:00
CVE-2026-16389,updated,2026-07-22,cve_2026_to_now,2026-07-23T09:22:29+00:00
CVE-2026-16390,updated,2026-07-22,cve_2026_to_now,2026-07-23T09:22:29+00:00
CVE-2026-16391,updated,2026-07-22,cve_2026_to_now,2026-07-23T09:22:29+00:00
CVE-2026-16392,updated,2026-07-22,cve_2026_to_now,2026-07-23T09:22:29+00:00
CVE-2026-16393,updated,2026-07-22,cve_2026_to_now,2026-07-23T09:22:29+00:00
CVE-2026-16394,updated,2026-07-22,cve_2026_to_now,2026-07-23T09:22:29+00:00
CVE-2026-16395,updated,2026-07-22,cve_2026_to_now,2026-07-23T09:22:29+00:00
CVE-2026-16396,updated,2026-07-22,cve_2026_to_now,2026-07-23T09:22:29+00:00
CVE-2026-16398,updated,2026-07-22,cve_2026_to_now,2026-07-23T09:22:29+00:00
CVE-2026-16399,updated,2026-07-22,cve_2026_to_now,2026-07-23T09:22:29+00:00
CVE-2026-16400,updated,2026-07-22,cve_2026_to_now,2026-07-23T09:22:29+00:00
CVE-2026-16401,updated,2026-07-22,cve_2026_to_now,2026-07-23T09:22:29+00:00
CVE-2026-16402,updated,2026-07-22,cve_2026_to_now,2026-07-23T09:22:29+00:00
CVE-2026-16403,updated,2026-07-22,cve_2026_to_now,2026-07-23T09:22:29+00:00
CVE-2026-16404,updated,2026-07-22,cve_2026_to_now,2026-07-23T09:22:29+00:00
CVE-2026-16405,updated,2026-07-22,cve_2026_to_now,2026-07-23T09:22:29+00:00
CVE-2026-16406,updated,2026-07-22,cve_2026_to_now,2026-07-23T09:22:29+00:00
CVE-2026-16407,updated,2026-07-22,cve_2026_to_now,2026-07-23T09:22:29+00:00
CVE-2026-16408,updated,2026-07-22,cve_2026_to_now,2026-07-23T09:22:29+00:00
CVE-2026-16409,updated,2026-07-22,cve_2026_to_now,2026-07-23T09:22:29+00:00
CVE-2026-16410,updated,2026-07-22,cve_2026_to_now,2026-07-23T09:22:29+00:00
CVE-2026-16411,updated,2026-07-22,cve_2026_to_now,2026-07-23T09:22:29+00:00
CVE-2026-16412,updated,2026-07-22,cve_2026_to_now,2026-07-23T09:22:29+00:00
CVE-2026-16422,updated,2026-07-22,cve_2026_to_now,2026-07-23T09:22:29+00:00
CVE-2026-16423,updated,2026-07-22,cve_2026_to_now,2026-07-23T09:22:29+00:00
CVE-2026-16424,updated,2026-07-22,cve_2026_to_now,2026-07-23T09:22:29+00:00
CVE-2026-16439,updated,2026-07-22,cve_2026_to_now,2026-07-23T09:22:29+00:00
CVE-2026-16441,updated,2026-07-22,cve_2026_to_now,2026-07-23T09:22:29+00:00
CVE-2026-16445,updated,2026-07-22,cve_2026_to_now,2026-07-23T09:22:29+00:00
CVE-2026-16447,updated,2026-07-22,cve_2026_to_now,2026-07-23T09:22:29+00:00
CVE-2026-16449,updated,2026-07-22,cve_2026_to_now,2026-07-23T09:22:29+00:00
CVE-2026-16451,updated,2026-07-22,cve_2026_to_now,2026-07-23T09:22:29+00:00
CVE-2026-16454,updated,2026-07-22,cve_2026_to_now,2026-07-23T09:22:29+00:00
CVE-2026-16461,updated,2026-07-22,cve_2026_to_now,2026-07-23T09:22:29+00:00
CVE-2026-16473,added,,cve_2026_to_now,2026-07-23T09:22:29+00:00
CVE-2026-16484,updated,2026-07-22,cve_2026_to_now,2026-07-23T09:22:29+00:00
CVE-2026-16485,updated,2026-07-22,cve_2026_to_now,2026-07-23T09:22:29+00:00
CVE-2026-16486,updated,2026-07-22,cve_2026_to_now,2026-07-23T09:22:29+00:00
CVE-2026-16488,updated,2026-07-22,cve_2026_to_now,2026-07-23T09:22:29+00:00
CVE-2026-16490,updated,,cve_2026_to_now,2026-07-23T09:22:29+00:00
CVE-2026-16492,updated,,cve_2026_to_now,2026-07-23T09:22:29+00:00
CVE-2026-16493,updated,2026-07-22,cve_2026_to_now,2026-07-23T09:22:29+00:00
CVE-2026-16517,updated,2026-07-22,cve_2026_to_now,2026-07-23T09:22:29+00:00
CVE-2026-16544,added,,cve_2026_to_now,2026-07-23T09:22:29+00:00
CVE-2026-16551,added,,cve_2026_to_now,2026-07-23T09:22:29+00:00
CVE-2026-16552,added,,cve_2026_to_now,2026-07-23T09:22:29+00:00
CVE-2026-16560,added,,cve_2026_to_now,2026-07-23T09:22:29+00:00
CVE-2026-16606,added,,cve_2026_to_now,2026-07-23T09:22:29+00:00
CVE-2026-16607,added,,cve_2026_to_now,2026-07-23T09:22:29+00:00
CVE-2026-16615,added,,cve_2026_to_now,2026-07-23T09:22:29+00:00
CVE-2026-16624,added,,cve_2026_to_now,2026-07-23T09:22:29+00:00
CVE-2026-16628,added,,cve_2026_to_now,2026-07-23T09:22:29+00:00
CVE-2026-16629,added,,cve_2026_to_now,2026-07-23T09:22:29+00:00
CVE-2026-16630,added,,cve_2026_to_now,2026-07-23T09:22:29+00:00
CVE-2026-16631,added,,cve_2026_to_now,2026-07-23T09:22:29+00:00
CVE-2026-16632,added,,cve_2026_to_now,2026-07-23T09:22:29+00:00
CVE-2026-16653,added,,cve_2026_to_now,2026-07-23T09:22:29+00:00
CVE-2026-16723,added,,cve_2026_to_now,2026-07-23T09:22:29+00:00
CVE-2026-21441,updated,2026-07-22,cve_2026_to_now,2026-07-23T09:22:29+00:00
CVE-2026-21575,updated,2026-07-22,cve_2026_to_now,2026-07-23T09:22:29+00:00
CVE-2026-21577,updated,2026-07-22,cve_2026_to_now,2026-07-23T09:22:29+00:00
CVE-2026-21579,updated,2026-07-22,cve_2026_to_now,2026-07-23T09:22:29+00:00
CVE-2026-21720,updated,2026-07-23,cve_2026_to_now,2026-07-23T09:22:29+00:00
CVE-2026-21721,updated,2026-07-23,cve_2026_to_now,2026-07-23T09:22:29+00:00
CVE-2026-21722,updated,2026-07-23,cve_2026_to_now,2026-07-23T09:22:29+00:00
CVE-2026-21723,added,,cve_2026_to_now,2026-07-23T09:22:29+00:00
CVE-2026-21724,updated,2026-07-23,cve_2026_to_now,2026-07-23T09:22:29+00:00
CVE-2026-21725,updated,2026-07-23,cve_2026_to_now,2026-07-23T09:22:29+00:00
CVE-2026-21726,updated,2026-07-23,cve_2026_to_now,2026-07-23T09:22:29+00:00
CVE-2026-21727,updated,2026-07-23,cve_2026_to_now,2026-07-23T09:22:29+00:00
CVE-2026-21728,updated,2026-07-23,cve_2026_to_now,2026-07-23T09:22:29+00:00
CVE-2026-21729,updated,2026-07-23,cve_2026_to_now,2026-07-23T09:22:29+00:00
CVE-2026-22049,added,,cve_2026_to_now,2026-07-23T09:22:29+00:00
CVE-2026-22797,updated,2026-07-22,cve_2026_to_now,2026-07-23T09:22:29+00:00
CVE-2026-25679,updated,2026-07-22,cve_2026_to_now,2026-07-23T09:22:29+00:00
CVE-2026-26145,updated,2026-07-22,cve_2026_to_now,2026-07-23T09:22:29+00:00
CVE-2026-27137,updated,2026-07-22,cve_2026_to_now,2026-07-23T09:22:29+00:00
CVE-2026-27145,updated,2026-07-22,cve_2026_to_now,2026-07-23T09:22:29+00:00
CVE-2026-27876,updated,2026-07-23,cve_2026_to_now,2026-07-23T09:22:29+00:00
CVE-2026-27877,updated,2026-07-23,cve_2026_to_now,2026-07-23T09:22:29+00:00
CVE-2026-27878,updated,2026-07-23,cve_2026_to_now,2026-07-23T09:22:29+00:00
CVE-2026-27879,updated,2026-07-23,cve_2026_to_now,2026-07-23T09:22:29+00:00
CVE-2026-27880,updated,2026-07-23,cve_2026_to_now,2026-07-23T09:22:29+00:00
CVE-2026-28302,updated,2026-07-22,cve_2026_to_now,2026-07-23T09:22:29+00:00
CVE-2026-28305,updated,2026-07-22,cve_2026_to_now,2026-07-23T09:22:29+00:00
CVE-2026-28306,updated,2026-07-22,cve_2026_to_now,2026-07-23T09:22:29+00:00
CVE-2026-28307,updated,2026-07-22,cve_2026_to_now,2026-07-23T09:22:29+00:00
CVE-2026-28308,updated,2026-07-22,cve_2026_to_now,2026-07-23T09:22:29+00:00
CVE-2026-28309,updated,2026-07-22,cve_2026_to_now,2026-07-23T09:22:29+00:00
CVE-2026-28310,updated,2026-07-22,cve_2026_to_now,2026-07-23T09:22:29+00:00
CVE-2026-28312,updated,2026-07-22,cve_2026_to_now,2026-07-23T09:22:29+00:00
CVE-2026-28313,updated,2026-07-22,cve_2026_to_now,2026-07-23T09:22:29+00:00
CVE-2026-28314,updated,2026-07-22,cve_2026_to_now,2026-07-23T09:22:29+00:00
CVE-2026-28374,updated,2026-07-23,cve_2026_to_now,2026-07-23T09:22:29+00:00
CVE-2026-28375,updated,2026-07-23,cve_2026_to_now,2026-07-23T09:22:29+00:00
CVE-2026-28376,updated,2026-07-23,cve_2026_to_now,2026-07-23T09:22:29+00:00
CVE-2026-28377,updated,2026-07-23,cve_2026_to_now,2026-07-23T09:22:29+00:00
CVE-2026-28378,updated,2026-07-23,cve_2026_to_now,2026-07-23T09:22:29+00:00
CVE-2026-28379,updated,2026-07-23,cve_2026_to_now,2026-07-23T09:22:29+00:00
CVE-2026-28380,updated,2026-07-23,cve_2026_to_now,2026-07-23T09:22:29+00:00
CVE-2026-28383,updated,2026-07-23,cve_2026_to_now,2026-07-23T09:22:29+00:00
CVE-2026-30631,updated,2026-07-22,cve_2026_to_now,2026-07-23T09:22:29+00:00
CVE-2026-30632,updated,2026-07-22,cve_2026_to_now,2026-07-23T09:22:29+00:00
CVE-2026-30633,updated,2026-07-22,cve_2026_to_now,2026-07-23T09:22:29+00:00
CVE-2026-31488,updated,2026-07-22,cve_2026_to_now,2026-07-23T09:22:29+00:00
CVE-2026-32280,updated,2026-07-22,cve_2026_to_now,2026-07-23T09:22:29+00:00
CVE-2026-32283,updated,2026-07-22,cve_2026_to_now,2026-07-23T09:22:29+00:00
CVE-2026-32286,updated,2026-07-22,cve_2026_to_now,2026-07-23T09:22:29+00:00
CVE-2026-32591,updated,2026-07-22,cve_2026_to_now,2026-07-23T09:22:29+00:00
CVE-2026-32597,updated,2026-07-22,cve_2026_to_now,2026-07-23T09:22:29+00:00
CVE-2026-32665,added,,cve_2026_to_now,2026-07-23T09:22:29+00:00
CVE-2026-32981,updated,2026-07-22,cve_2026_to_now,2026-07-23T09:22:29+00:00
CVE-2026-33079,updated,2026-07-22,cve_2026_to_now,2026-07-23T09:22:29+00:00
CVE-2026-33375,updated,2026-07-23,cve_2026_to_now,2026-07-23T09:22:29+00:00
CVE-2026-33376,updated,2026-07-23,cve_2026_to_now,2026-07-23T09:22:29+00:00
CVE-2026-33377,updated,2026-07-23,cve_2026_to_now,2026-07-23T09:22:29+00:00
CVE-2026-33378,updated,2026-07-23,cve_2026_to_now,2026-07-23T09:22:29+00:00
CVE-2026-33380,updated,2026-07-23,cve_2026_to_now,2026-07-23T09:22:29+00:00
CVE-2026-33381,updated,2026-07-23,cve_2026_to_now,2026-07-23T09:22:29+00:00
CVE-2026-33382,updated,2026-07-23,cve_2026_to_now,2026-07-23T09:22:29+00:00
CVE-2026-33810,updated,2026-07-22,cve_2026_to_now,2026-07-23T09:22:29+00:00
CVE-2026-33815,updated,2026-07-22,cve_2026_to_now,2026-07-23T09:22:29+00:00
CVE-2026-33842,updated,2026-07-22,cve_2026_to_now,2026-07-23T09:22:29+00:00
CVE-2026-34328,updated,2026-07-22,cve_2026_to_now,2026-07-23T09:22:29+00:00
CVE-2026-34346,updated,2026-07-22,cve_2026_to_now,2026-07-23T09:22:29+00:00
CVE-2026-34348,updated,2026-07-22,cve_2026_to_now,2026-07-23T09:22:29+00:00
CVE-2026-34349,updated,2026-07-22,cve_2026_to_now,2026-07-23T09:22:29+00:00
CVE-2026-34355,updated,2026-07-22,cve_2026_to_now,2026-07-23T09:22:29+00:00
CVE-2026-34986,updated,2026-07-22,cve_2026_to_now,2026-07-23T09:22:29+00:00
CVE-2026-34993,updated,2026-07-22,cve_2026_to_now,2026-07-23T09:22:29+00:00
CVE-2026-35397,updated,2026-07-22,cve_2026_to_now,2026-07-23T09:22:29+00:00
CVE-2026-35469,updated,2026-07-22,cve_2026_to_now,2026-07-23T09:22:29+00:00
CVE-2026-38754,updated,2026-07-22,cve_2026_to_now,2026-07-23T09:22:29+00:00
CVE-2026-38763,added,,cve_2026_to_now,2026-07-23T09:22:29+00:00
CVE-2026-38765,added,,cve_2026_to_now,2026-07-23T09:22:29+00:00
CVE-2026-38766,added,,cve_2026_to_now,2026-07-23T09:22:29+00:00
CVE-2026-39820,updated,2026-07-22,cve_2026_to_now,2026-07-23T09:22:29+00:00
CVE-2026-39821,updated,2026-07-22,cve_2026_to_now,2026-07-23T09:22:29+00:00
CVE-2026-39828,updated,2026-07-22,cve_2026_to_now,2026-07-23T09:22:29+00:00
CVE-2026-39829,updated,2026-07-22,cve_2026_to_now,2026-07-23T09:22:29+00:00
CVE-2026-39832,updated,2026-07-22,cve_2026_to_now,2026-07-23T09:22:29+00:00
CVE-2026-39835,updated,2026-07-22,cve_2026_to_now,2026-07-23T09:22:29+00:00
CVE-2026-40110,updated,2026-07-22,cve_2026_to_now,2026-07-23T09:22:29+00:00
CVE-2026-40378,updated,2026-07-22,cve_2026_to_now,2026-07-23T09:22:29+00:00
CVE-2026-40400,updated,2026-07-22,cve_2026_to_now,2026-07-23T09:22:29+00:00
CVE-2026-40422,updated,2026-07-22,cve_2026_to_now,2026-07-23T09:22:29+00:00
CVE-2026-40691,added,,cve_2026_to_now,2026-07-23T09:22:29+00:00
CVE-2026-40712,added,,cve_2026_to_now,2026-07-23T09:22:29+00:00
CVE-2026-40714,added,,cve_2026_to_now,2026-07-23T09:22:29+00:00
CVE-2026-41087,updated,2026-07-22,cve_2026_to_now,2026-07-23T09:22:29+00:00
CVE-2026-41106,updated,2026-07-22,cve_2026_to_now,2026-07-23T09:22:29+00:00
CVE-2026-41109,updated,2026-07-22,cve_2026_to_now,2026-07-23T09:22:29+00:00
CVE-2026-41252,updated,2026-07-23,cve_2026_to_now,2026-07-23T09:22:29+00:00
CVE-2026-41523,updated,2026-07-22,cve_2026_to_now,2026-07-23T09:22:29+00:00
CVE-2026-41567,updated,2026-07-22,cve_2026_to_now,2026-07-23T09:22:29+00:00
CVE-2026-41602,updated,2026-07-22,cve_2026_to_now,2026-07-23T09:22:29+00:00
CVE-2026-41603,updated,2026-07-22,cve_2026_to_now,2026-07-23T09:22:29+00:00
CVE-2026-41604,updated,2026-07-22,cve_2026_to_now,2026-07-23T09:22:29+00:00
CVE-2026-41605,updated,2026-07-22,cve_2026_to_now,2026-07-23T09:22:29+00:00
CVE-2026-41606,updated,2026-07-22,cve_2026_to_now,2026-07-23T09:22:29+00:00
CVE-2026-41607,updated,2026-07-22,cve_2026_to_now,2026-07-23T09:22:29+00:00
CVE-2026-41637,added,,cve_2026_to_now,2026-07-23T09:22:29+00:00
CVE-2026-41674,updated,2026-07-22,cve_2026_to_now,2026-07-23T09:22:29+00:00
CVE-2026-42009,updated,2026-07-22,cve_2026_to_now,2026-07-23T09:22:29+00:00
CVE-2026-42010,updated,2026-07-22,cve_2026_to_now,2026-07-23T09:22:29+00:00
CVE-2026-42011,updated,2026-07-22,cve_2026_to_now,2026-07-23T09:22:29+00:00
CVE-2026-42012,updated,2026-07-22,cve_2026_to_now,2026-07-23T09:22:29+00:00
CVE-2026-42013,updated,2026-07-22,cve_2026_to_now,2026-07-23T09:22:29+00:00
CVE-2026-42014,updated,2026-07-22,cve_2026_to_now,2026-07-23T09:22:29+00:00
CVE-2026-42015,updated,2026-07-22,cve_2026_to_now,2026-07-23T09:22:29+00:00
CVE-2026-42127,updated,2026-07-23,cve_2026_to_now,2026-07-23T09:22:29+00:00
CVE-2026-42129,updated,2026-07-23,cve_2026_to_now,2026-07-23T09:22:29+00:00
CVE-2026-42151,updated,2026-07-22,cve_2026_to_now,2026-07-23T09:22:29+00:00
CVE-2026-42154,updated,2026-07-22,cve_2026_to_now,2026-07-23T09:22:29+00:00
CVE-2026-42258,updated,2026-07-22,cve_2026_to_now,2026-07-23T09:22:29+00:00
CVE-2026-42266,updated,2026-07-22,cve_2026_to_now,2026-07-23T09:22:29+00:00
CVE-2026-42397,updated,2026-07-22,cve_2026_to_now,2026-07-23T09:22:29+00:00
CVE-2026-42499,updated,2026-07-22,cve_2026_to_now,2026-07-23T09:22:29+00:00
CVE-2026-42504,updated,2026-07-22,cve_2026_to_now,2026-07-23T09:22:29+00:00
CVE-2026-42508,updated,2026-07-22,cve_2026_to_now,2026-07-23T09:22:29+00:00
CVE-2026-42536,updated,2026-07-22,cve_2026_to_now,2026-07-23T09:22:29+00:00
CVE-2026-42557,updated,2026-07-22,cve_2026_to_now,2026-07-23T09:22:29+00:00
CVE-2026-42561,updated,2026-07-22,cve_2026_to_now,2026-07-23T09:22:29+00:00
CVE-2026-42579,updated,2026-07-22,cve_2026_to_now,2026-07-23T09:22:29+00:00
CVE-2026-42587,updated,2026-07-22,cve_2026_to_now,2026-07-23T09:22:29+00:00
CVE-2026-42900,updated,2026-07-23,cve_2026_to_now,2026-07-23T09:22:29+00:00
CVE-2026-42955,added,,cve_2026_to_now,2026-07-23T09:22:29+00:00
CVE-2026-42975,updated,2026-07-23,cve_2026_to_now,2026-07-23T09:22:29+00:00
CVE-2026-42980,updated,2026-07-23,cve_2026_to_now,2026-07-23T09:22:29+00:00
CVE-2026-42982,updated,2026-07-22,cve_2026_to_now,2026-07-23T09:22:29+00:00
CVE-2026-42990,updated,2026-07-22,cve_2026_to_now,2026-07-23T09:22:29+00:00
CVE-2026-43112,updated,2026-07-22,cve_2026_to_now,2026-07-23T09:22:29+00:00
CVE-2026-43329,updated,2026-07-22,cve_2026_to_now,2026-07-23T09:22:29+00:00
CVE-2026-43868,updated,2026-07-22,cve_2026_to_now,2026-07-23T09:22:29+00:00
CVE-2026-43869,updated,2026-07-22,cve_2026_to_now,2026-07-23T09:22:29+00:00
CVE-2026-43945,updated,2026-07-22,cve_2026_to_now,2026-07-23T09:22:29+00:00
CVE-2026-43946,updated,2026-07-22,cve_2026_to_now,2026-07-23T09:22:29+00:00
CVE-2026-44178,updated,2026-07-23,cve_2026_to_now,2026-07-23T09:22:29+00:00
CVE-2026-44185,updated,2026-07-22,cve_2026_to_now,2026-07-23T09:22:29+00:00
CVE-2026-44187,added,,cve_2026_to_now,2026-07-23T09:22:29+00:00
CVE-2026-44189,added,,cve_2026_to_now,2026-07-23T09:22:29+00:00
CVE-2026-44190,added,,cve_2026_to_now,2026-07-23T09:22:29+00:00
CVE-2026-44191,added,,cve_2026_to_now,2026-07-23T09:22:29+00:00
CVE-2026-44192,added,,cve_2026_to_now,2026-07-23T09:22:29+00:00
CVE-2026-44276,added,,cve_2026_to_now,2026-07-23T09:22:29+00:00
CVE-2026-44289,updated,2026-07-22,cve_2026_to_now,2026-07-23T09:22:29+00:00
CVE-2026-44293,updated,2026-07-22,cve_2026_to_now,2026-07-23T09:22:29+00:00
CVE-2026-44432,updated,2026-07-22,cve_2026_to_now,2026-07-23T09:22:29+00:00
CVE-2026-44486,updated,2026-07-22,cve_2026_to_now,2026-07-23T09:22:29+00:00
CVE-2026-44487,updated,2026-07-22,cve_2026_to_now,2026-07-23T09:22:29+00:00
CVE-2026-44488,updated,2026-07-22,cve_2026_to_now,2026-07-23T09:22:29+00:00
CVE-2026-44492,updated,2026-07-22,cve_2026_to_now,2026-07-23T09:22:29+00:00
CVE-2026-44494,updated,2026-07-22,cve_2026_to_now,2026-07-23T09:22:29+00:00
CVE-2026-44495,updated,2026-07-22,cve_2026_to_now,2026-07-23T09:22:29+00:00
CVE-2026-44496,updated,2026-07-22,cve_2026_to_now,2026-07-23T09:22:29+00:00
CVE-2026-44513,updated,2026-07-22,cve_2026_to_now,2026-07-23T09:22:29+00:00
CVE-2026-44621,added,,cve_2026_to_now,2026-07-23T09:22:29+00:00
CVE-2026-44687,added,,cve_2026_to_now,2026-07-23T09:22:29+00:00
CVE-2026-44690,added,,cve_2026_to_now,2026-07-23T09:22:29+00:00
CVE-2026-44727,updated,2026-07-22,cve_2026_to_now,2026-07-23T09:22:29+00:00
CVE-2026-44800,updated,2026-07-22,cve_2026_to_now,2026-07-23T09:22:29+00:00
CVE-2026-44806,updated,2026-07-22,cve_2026_to_now,2026-07-23T09:22:29+00:00
CVE-2026-44880,updated,2026-07-22,cve_2026_to_now,2026-07-23T09:22:29+00:00
CVE-2026-44990,updated,2026-07-22,cve_2026_to_now,2026-07-23T09:22:29+00:00
CVE-2026-45292,updated,2026-07-22,cve_2026_to_now,2026-07-23T09:22:29+00:00
CVE-2026-45383,updated,2026-07-22,cve_2026_to_now,2026-07-23T09:22:29+00:00
CVE-2026-45488,updated,2026-07-22,cve_2026_to_now,2026-07-23T09:22:29+00:00
CVE-2026-45489,updated,2026-07-22,cve_2026_to_now,2026-07-23T09:22:29+00:00
CVE-2026-45496,updated,2026-07-22,cve_2026_to_now,2026-07-23T09:22:29+00:00
CVE-2026-45499,updated,2026-07-22,cve_2026_to_now,2026-07-23T09:22:29+00:00
CVE-2026-45646,updated,2026-07-22,cve_2026_to_now,2026-07-23T09:22:29+00:00
CVE-2026-45736,updated,2026-07-22,cve_2026_to_now,2026-07-23T09:22:29+00:00
CVE-2026-45820,updated,,cve_2026_to_now,2026-07-23T09:22:29+00:00
CVE-2026-46116,updated,2026-07-22,cve_2026_to_now,2026-07-23T09:22:29+00:00
CVE-2026-46316,updated,2026-07-22,cve_2026_to_now,2026-07-23T09:22:29+00:00
CVE-2026-46384,updated,2026-07-22,cve_2026_to_now,2026-07-23T09:22:29+00:00
CVE-2026-46385,updated,2026-07-22,cve_2026_to_now,2026-07-23T09:22:29+00:00
CVE-2026-46403,updated,2026-07-22,cve_2026_to_now,2026-07-23T09:22:29+00:00
CVE-2026-46529,updated,2026-07-22,cve_2026_to_now,2026-07-23T09:22:29+00:00
CVE-2026-46556,updated,2026-07-22,cve_2026_to_now,2026-07-23T09:22:29+00:00
CVE-2026-46579,updated,2026-07-22,cve_2026_to_now,2026-07-23T09:22:29+00:00
CVE-2026-46582,added,,cve_2026_to_now,2026-07-23T09:22:29+00:00
CVE-2026-46595,updated,2026-07-22,cve_2026_to_now,2026-07-23T09:22:29+00:00
CVE-2026-46737,added,,cve_2026_to_now,2026-07-23T09:22:29+00:00
CVE-2026-46738,added,,cve_2026_to_now,2026-07-23T09:22:29+00:00
CVE-2026-47121,updated,2026-07-22,cve_2026_to_now,2026-07-23T09:22:29+00:00
CVE-2026-47143,updated,2026-07-22,cve_2026_to_now,2026-07-23T09:22:29+00:00
CVE-2026-47144,updated,2026-07-22,cve_2026_to_now,2026-07-23T09:22:29+00:00
CVE-2026-47178,updated,2026-07-22,cve_2026_to_now,2026-07-23T09:22:29+00:00
CVE-2026-47198,updated,2026-07-22,cve_2026_to_now,2026-07-23T09:22:29+00:00
CVE-2026-47237,updated,2026-07-22,cve_2026_to_now,2026-07-23T09:22:29+00:00
CVE-2026-47247,updated,2026-07-22,cve_2026_to_now,2026-07-23T09:22:29+00:00
CVE-2026-47251,updated,2026-07-22,cve_2026_to_now,2026-07-23T09:22:29+00:00
CVE-2026-47254,updated,2026-07-22,cve_2026_to_now,2026-07-23T09:22:29+00:00
CVE-2026-47282,updated,2026-07-22,cve_2026_to_now,2026-07-23T09:22:29+00:00
CVE-2026-47290,updated,2026-07-22,cve_2026_to_now,2026-07-23T09:22:29+00:00
CVE-2026-47295,updated,2026-07-22,cve_2026_to_now,2026-07-23T09:22:29+00:00
CVE-2026-47296,updated,2026-07-22,cve_2026_to_now,2026-07-23T09:22:29+00:00
CVE-2026-47300,updated,2026-07-22,cve_2026_to_now,2026-07-23T09:22:29+00:00
CVE-2026-47301,updated,2026-07-22,cve_2026_to_now,2026-07-23T09:22:29+00:00
CVE-2026-47302,updated,2026-07-22,cve_2026_to_now,2026-07-23T09:22:29+00:00
CVE-2026-47303,updated,2026-07-22,cve_2026_to_now,2026-07-23T09:22:29+00:00
CVE-2026-47304,updated,2026-07-22,cve_2026_to_now,2026-07-23T09:22:29+00:00
CVE-2026-47305,updated,2026-07-22,cve_2026_to_now,2026-07-23T09:22:29+00:00
CVE-2026-47390,updated,2026-07-22,cve_2026_to_now,2026-07-23T09:22:29+00:00
CVE-2026-47393,updated,2026-07-22,cve_2026_to_now,2026-07-23T09:22:29+00:00
CVE-2026-47396,updated,2026-07-22,cve_2026_to_now,2026-07-23T09:22:29+00:00
CVE-2026-47399,updated,2026-07-22,cve_2026_to_now,2026-07-23T09:22:29+00:00
CVE-2026-47407,updated,2026-07-22,cve_2026_to_now,2026-07-23T09:22:29+00:00
CVE-2026-47410,updated,2026-07-22,cve_2026_to_now,2026-07-23T09:22:29+00:00
CVE-2026-47412,updated,2026-07-22,cve_2026_to_now,2026-07-23T09:22:29+00:00
CVE-2026-47413,updated,2026-07-22,cve_2026_to_now,2026-07-23T09:22:29+00:00
CVE-2026-47416,updated,2026-07-22,cve_2026_to_now,2026-07-23T09:22:29+00:00
CVE-2026-47418,updated,2026-07-22,cve_2026_to_now,2026-07-23T09:22:29+00:00
CVE-2026-47419,updated,2026-07-22,cve_2026_to_now,2026-07-23T09:22:29+00:00
CVE-2026-47632,updated,2026-07-22,cve_2026_to_now,2026-07-23T09:22:29+00:00
CVE-2026-47642,updated,2026-07-22,cve_2026_to_now,2026-07-23T09:22:29+00:00
CVE-2026-47671,updated,2026-07-22,cve_2026_to_now,2026-07-23T09:22:29+00:00
CVE-2026-47685,updated,2026-07-22,cve_2026_to_now,2026-07-23T09:22:29+00:00
CVE-2026-47687,updated,2026-07-22,cve_2026_to_now,2026-07-23T09:22:29+00:00
CVE-2026-47688,updated,2026-07-22,cve_2026_to_now,2026-07-23T09:22:29+00:00
CVE-2026-47689,updated,2026-07-22,cve_2026_to_now,2026-07-23T09:22:29+00:00
CVE-2026-47690,updated,2026-07-22,cve_2026_to_now,2026-07-23T09:22:29+00:00
CVE-2026-47697,updated,2026-07-22,cve_2026_to_now,2026-07-23T09:22:29+00:00
CVE-2026-47708,updated,2026-07-22,cve_2026_to_now,2026-07-23T09:22:29+00:00
CVE-2026-47709,updated,2026-07-22,cve_2026_to_now,2026-07-23T09:22:29+00:00
CVE-2026-47714,updated,2026-07-22,cve_2026_to_now,2026-07-23T09:22:29+00:00
CVE-2026-47731,updated,2026-07-22,cve_2026_to_now,2026-07-23T09:22:29+00:00
CVE-2026-47865,updated,2026-07-23,cve_2026_to_now,2026-07-23T09:22:29+00:00
CVE-2026-47866,updated,2026-07-23,cve_2026_to_now,2026-07-23T09:22:29+00:00
CVE-2026-47867,updated,2026-07-23,cve_2026_to_now,2026-07-23T09:22:29+00:00
CVE-2026-47868,updated,2026-07-23,cve_2026_to_now,2026-07-23T09:22:29+00:00
CVE-2026-47869,updated,2026-07-23,cve_2026_to_now,2026-07-23T09:22:29+00:00
CVE-2026-47870,updated,2026-07-23,cve_2026_to_now,2026-07-23T09:22:29+00:00
CVE-2026-47871,updated,2026-07-23,cve_2026_to_now,2026-07-23T09:22:29+00:00
CVE-2026-48029,added,,cve_2026_to_now,2026-07-23T09:22:29+00:00
CVE-2026-48373,updated,2026-07-23,cve_2026_to_now,2026-07-23T09:22:29+00:00
CVE-2026-48389,updated,2026-07-23,cve_2026_to_now,2026-07-23T09:22:29+00:00
CVE-2026-48526,updated,2026-07-22,cve_2026_to_now,2026-07-23T09:22:29+00:00
CVE-2026-48561,updated,2026-07-22,cve_2026_to_now,2026-07-23T09:22:29+00:00
CVE-2026-48564,updated,2026-07-22,cve_2026_to_now,2026-07-23T09:22:29+00:00
CVE-2026-48571,updated,2026-07-22,cve_2026_to_now,2026-07-23T09:22:29+00:00
CVE-2026-48572,updated,2026-07-22,cve_2026_to_now,2026-07-23T09:22:29+00:00
CVE-2026-48580,updated,2026-07-22,cve_2026_to_now,2026-07-23T09:22:29+00:00
CVE-2026-48581,updated,2026-07-23,cve_2026_to_now,2026-07-23T09:22:29+00:00
CVE-2026-48710,updated,2026-07-22,cve_2026_to_now,2026-07-23T09:22:29+00:00
CVE-2026-48746,updated,2026-07-22,cve_2026_to_now,2026-07-23T09:22:29+00:00
CVE-2026-49092,updated,2026-07-22,cve_2026_to_now,2026-07-23T09:22:29+00:00
CVE-2026-49162,updated,2026-07-22,cve_2026_to_now,2026-07-23T09:22:29+00:00
CVE-2026-49164,updated,2026-07-22,cve_2026_to_now,2026-07-23T09:22:29+00:00
CVE-2026-49165,updated,2026-07-23,cve_2026_to_now,2026-07-23T09:22:29+00:00
CVE-2026-49166,updated,2026-07-22,cve_2026_to_now,2026-07-23T09:22:29+00:00
CVE-2026-49167,updated,2026-07-22,cve_2026_to_now,2026-07-23T09:22:29+00:00
CVE-2026-49168,updated,2026-07-22,cve_2026_to_now,2026-07-23T09:22:29+00:00
CVE-2026-49169,updated,2026-07-22,cve_2026_to_now,2026-07-23T09:22:29+00:00
CVE-2026-49170,updated,2026-07-22,cve_2026_to_now,2026-07-23T09:22:29+00:00
CVE-2026-49171,updated,2026-07-22,cve_2026_to_now,2026-07-23T09:22:29+00:00
CVE-2026-49172,updated,2026-07-23,cve_2026_to_now,2026-07-23T09:22:29+00:00
CVE-2026-49173,updated,2026-07-22,cve_2026_to_now,2026-07-23T09:22:29+00:00
CVE-2026-49174,updated,2026-07-22,cve_2026_to_now,2026-07-23T09:22:29+00:00
CVE-2026-49175,updated,2026-07-22,cve_2026_to_now,2026-07-23T09:22:29+00:00
CVE-2026-49176,updated,2026-07-22,cve_2026_to_now,2026-07-23T09:22:29+00:00
CVE-2026-49177,updated,2026-07-22,cve_2026_to_now,2026-07-23T09:22:29+00:00
CVE-2026-49178,updated,2026-07-22,cve_2026_to_now,2026-07-23T09:22:29+00:00
CVE-2026-49180,updated,2026-07-22,cve_2026_to_now,2026-07-23T09:22:29+00:00
CVE-2026-49181,updated,2026-07-22,cve_2026_to_now,2026-07-23T09:22:29+00:00
CVE-2026-49183,updated,2026-07-22,cve_2026_to_now,2026-07-23T09:22:29+00:00
CVE-2026-49184,updated,2026-07-22,cve_2026_to_now,2026-07-23T09:22:29+00:00
CVE-2026-49499,added,,cve_2026_to_now,2026-07-23T09:22:29+00:00
CVE-2026-49783,updated,2026-07-22,cve_2026_to_now,2026-07-23T09:22:29+00:00
CVE-2026-49784,updated,2026-07-23,cve_2026_to_now,2026-07-23T09:22:29+00:00
CVE-2026-49787,updated,2026-07-22,cve_2026_to_now,2026-07-23T09:22:29+00:00
CVE-2026-49788,updated,2026-07-22,cve_2026_to_now,2026-07-23T09:22:29+00:00
CVE-2026-49789,updated,2026-07-22,cve_2026_to_now,2026-07-23T09:22:29+00:00
CVE-2026-49790,updated,2026-07-22,cve_2026_to_now,2026-07-23T09:22:29+00:00
CVE-2026-49791,updated,2026-07-22,cve_2026_to_now,2026-07-23T09:22:29+00:00
CVE-2026-49792,updated,2026-07-22,cve_2026_to_now,2026-07-23T09:22:29+00:00
CVE-2026-49793,updated,2026-07-22,cve_2026_to_now,2026-07-23T09:22:29+00:00
CVE-2026-49794,updated,2026-07-22,cve_2026_to_now,2026-07-23T09:22:29+00:00
CVE-2026-49795,updated,2026-07-22,cve_2026_to_now,2026-07-23T09:22:29+00:00
CVE-2026-49796,updated,2026-07-22,cve_2026_to_now,2026-07-23T09:22:29+00:00
CVE-2026-49797,updated,2026-07-22,cve_2026_to_now,2026-07-23T09:22:29+00:00
CVE-2026-49798,updated,2026-07-22,cve_2026_to_now,2026-07-23T09:22:29+00:00
CVE-2026-49799,updated,2026-07-22,cve_2026_to_now,2026-07-23T09:22:29+00:00
CVE-2026-49800,updated,2026-07-22,cve_2026_to_now,2026-07-23T09:22:29+00:00
CVE-2026-49801,updated,2026-07-22,cve_2026_to_now,2026-07-23T09:22:29+00:00
CVE-2026-49802,updated,2026-07-22,cve_2026_to_now,2026-07-23T09:22:29+00:00
CVE-2026-49803,updated,2026-07-22,cve_2026_to_now,2026-07-23T09:22:29+00:00
CVE-2026-49804,updated,2026-07-22,cve_2026_to_now,2026-07-23T09:22:29+00:00
CVE-2026-49805,updated,2026-07-22,cve_2026_to_now,2026-07-23T09:22:29+00:00
CVE-2026-49806,updated,2026-07-22,cve_2026_to_now,2026-07-23T09:22:29+00:00
CVE-2026-49807,updated,2026-07-22,cve_2026_to_now,2026-07-23T09:22:29+00:00
CVE-2026-49808,updated,2026-07-22,cve_2026_to_now,2026-07-23T09:22:29+00:00
CVE-2026-50045,added,,cve_2026_to_now,2026-07-23T09:22:29+00:00
CVE-2026-50046,added,,cve_2026_to_now,2026-07-23T09:22:29+00:00
CVE-2026-50243,added,,cve_2026_to_now,2026-07-23T09:22:29+00:00
CVE-2026-50248,added,,cve_2026_to_now,2026-07-23T09:22:29+00:00
CVE-2026-50251,added,,cve_2026_to_now,2026-07-23T09:22:29+00:00
CVE-2026-50252,added,,cve_2026_to_now,2026-07-23T09:22:29+00:00
CVE-2026-50293,updated,2026-07-23,cve_2026_to_now,2026-07-23T09:22:29+00:00
CVE-2026-50294,updated,2026-07-22,cve_2026_to_now,2026-07-23T09:22:29+00:00
CVE-2026-50295,updated,2026-07-22,cve_2026_to_now,2026-07-23T09:22:29+00:00
CVE-2026-50296,updated,2026-07-22,cve_2026_to_now,2026-07-23T09:22:29+00:00
CVE-2026-50297,updated,2026-07-22,cve_2026_to_now,2026-07-23T09:22:29+00:00
CVE-2026-50298,updated,2026-07-22,cve_2026_to_now,2026-07-23T09:22:29+00:00
CVE-2026-50299,updated,2026-07-22,cve_2026_to_now,2026-07-23T09:22:29+00:00
CVE-2026-50300,updated,2026-07-22,cve_2026_to_now,2026-07-23T09:22:29+00:00
CVE-2026-50301,updated,2026-07-22,cve_2026_to_now,2026-07-23T09:22:29+00:00
CVE-2026-50302,updated,2026-07-22,cve_2026_to_now,2026-07-23T09:22:29+00:00
CVE-2026-50303,updated,2026-07-22,cve_2026_to_now,2026-07-23T09:22:29+00:00
CVE-2026-50304,updated,2026-07-22,cve_2026_to_now,2026-07-23T09:22:29+00:00
CVE-2026-50305,updated,2026-07-22,cve_2026_to_now,2026-07-23T09:22:29+00:00
CVE-2026-50306,updated,2026-07-22,cve_2026_to_now,2026-07-23T09:22:29+00:00
CVE-2026-50307,updated,2026-07-22,cve_2026_to_now,2026-07-23T09:22:29+00:00
CVE-2026-50308,updated,2026-07-22,cve_2026_to_now,2026-07-23T09:22:29+00:00
CVE-2026-50309,updated,2026-07-22,cve_2026_to_now,2026-07-23T09:22:29+00:00
CVE-2026-50310,updated,2026-07-22,cve_2026_to_now,2026-07-23T09:22:29+00:00
CVE-2026-50311,updated,2026-07-22,cve_2026_to_now,2026-07-23T09:22:29+00:00
CVE-2026-50312,updated,2026-07-22,cve_2026_to_now,2026-07-23T09:22:29+00:00
CVE-2026-50313,updated,2026-07-22,cve_2026_to_now,2026-07-23T09:22:29+00:00
CVE-2026-50314,updated,2026-07-22,cve_2026_to_now,2026-07-23T09:22:29+00:00
CVE-2026-50315,updated,2026-07-23,cve_2026_to_now,2026-07-23T09:22:29+00:00
CVE-2026-50316,updated,2026-07-22,cve_2026_to_now,2026-07-23T09:22:29+00:00
CVE-2026-50317,updated,2026-07-23,cve_2026_to_now,2026-07-23T09:22:29+00:00
CVE-2026-50318,updated,2026-07-22,cve_2026_to_now,2026-07-23T09:22:29+00:00
CVE-2026-50321,updated,2026-07-22,cve_2026_to_now,2026-07-23T09:22:29+00:00
CVE-2026-50322,updated,2026-07-22,cve_2026_to_now,2026-07-23T09:22:29+00:00
CVE-2026-50323,updated,2026-07-22,cve_2026_to_now,2026-07-23T09:22:29+00:00
CVE-2026-50324,updated,2026-07-22,cve_2026_to_now,2026-07-23T09:22:29+00:00
CVE-2026-50325,updated,2026-07-22,cve_2026_to_now,2026-07-23T09:22:29+00:00
CVE-2026-50326,updated,2026-07-23,cve_2026_to_now,2026-07-23T09:22:29+00:00
CVE-2026-50327,updated,2026-07-22,cve_2026_to_now,2026-07-23T09:22:29+00:00
CVE-2026-50328,updated,2026-07-22,cve_2026_to_now,2026-07-23T09:22:29+00:00
CVE-2026-50329,updated,2026-07-22,cve_2026_to_now,2026-07-23T09:22:29+00:00
CVE-2026-50330,updated,2026-07-22,cve_2026_to_now,2026-07-23T09:22:29+00:00
CVE-2026-50331,updated,2026-07-22,cve_2026_to_now,2026-07-23T09:22:29+00:00
CVE-2026-50332,updated,2026-07-22,cve_2026_to_now,2026-07-23T09:22:29+00:00
CVE-2026-50333,updated,2026-07-23,cve_2026_to_now,2026-07-23T09:22:29+00:00
CVE-2026-50334,updated,2026-07-22,cve_2026_to_now,2026-07-23T09:22:29+00:00
CVE-2026-50335,updated,2026-07-23,cve_2026_to_now,2026-07-23T09:22:29+00:00
CVE-2026-50336,updated,2026-07-22,cve_2026_to_now,2026-07-23T09:22:29+00:00
CVE-2026-50337,updated,2026-07-22,cve_2026_to_now,2026-07-23T09:22:29+00:00
CVE-2026-50338,updated,2026-07-22,cve_2026_to_now,2026-07-23T09:22:29+00:00
CVE-2026-50339,updated,2026-07-22,cve_2026_to_now,2026-07-23T09:22:29+00:00
CVE-2026-50340,updated,2026-07-22,cve_2026_to_now,2026-07-23T09:22:29+00:00
CVE-2026-50341,updated,2026-07-22,cve_2026_to_now,2026-07-23T09:22:29+00:00
CVE-2026-50342,updated,2026-07-23,cve_2026_to_now,2026-07-23T09:22:29+00:00
CVE-2026-50343,updated,2026-07-22,cve_2026_to_now,2026-07-23T09:22:29+00:00
CVE-2026-50344,updated,2026-07-23,cve_2026_to_now,2026-07-23T09:22:29+00:00
CVE-2026-50345,updated,2026-07-22,cve_2026_to_now,2026-07-23T09:22:29+00:00
CVE-2026-50346,updated,2026-07-22,cve_2026_to_now,2026-07-23T09:22:29+00:00
CVE-2026-50347,updated,2026-07-22,cve_2026_to_now,2026-07-23T09:22:29+00:00
CVE-2026-50348,updated,2026-07-22,cve_2026_to_now,2026-07-23T09:22:29+00:00
CVE-2026-50350,updated,2026-07-22,cve_2026_to_now,2026-07-23T09:22:29+00:00
CVE-2026-50351,updated,2026-07-23,cve_2026_to_now,2026-07-23T09:22:29+00:00
CVE-2026-50352,updated,2026-07-22,cve_2026_to_now,2026-07-23T09:22:29+00:00
CVE-2026-50353,updated,2026-07-22,cve_2026_to_now,2026-07-23T09:22:29+00:00
CVE-2026-50354,updated,2026-07-22,cve_2026_to_now,2026-07-23T09:22:29+00:00
CVE-2026-50355,updated,2026-07-22,cve_2026_to_now,2026-07-23T09:22:29+00:00
CVE-2026-50356,updated,2026-07-23,cve_2026_to_now,2026-07-23T09:22:29+00:00
CVE-2026-50357,updated,2026-07-22,cve_2026_to_now,2026-07-23T09:22:29+00:00
CVE-2026-50358,updated,2026-07-22,cve_2026_to_now,2026-07-23T09:22:29+00:00
CVE-2026-50359,updated,2026-07-22,cve_2026_to_now,2026-07-23T09:22:29+00:00
CVE-2026-50360,updated,2026-07-23,cve_2026_to_now,2026-07-23T09:22:29+00:00
CVE-2026-50361,updated,2026-07-22,cve_2026_to_now,2026-07-23T09:22:29+00:00
CVE-2026-50362,updated,2026-07-22,cve_2026_to_now,2026-07-23T09:22:29+00:00
CVE-2026-50363,updated,2026-07-22,cve_2026_to_now,2026-07-23T09:22:29+00:00
CVE-2026-50364,updated,2026-07-22,cve_2026_to_now,2026-07-23T09:22:29+00:00
CVE-2026-50365,updated,2026-07-23,cve_2026_to_now,2026-07-23T09:22:29+00:00
CVE-2026-50366,updated,2026-07-22,cve_2026_to_now,2026-07-23T09:22:29+00:00
CVE-2026-50367,updated,2026-07-22,cve_2026_to_now,2026-07-23T09:22:29+00:00
CVE-2026-50368,updated,2026-07-22,cve_2026_to_now,2026-07-23T09:22:29+00:00
CVE-2026-50369,updated,2026-07-22,cve_2026_to_now,2026-07-23T09:22:29+00:00
CVE-2026-50370,updated,2026-07-22,cve_2026_to_now,2026-07-23T09:22:29+00:00
CVE-2026-50371,updated,2026-07-23,cve_2026_to_now,2026-07-23T09:22:29+00:00
CVE-2026-50372,updated,2026-07-22,cve_2026_to_now,2026-07-23T09:22:29+00:00
CVE-2026-50373,updated,2026-07-22,cve_2026_to_now,2026-07-23T09:22:29+00:00
CVE-2026-50374,updated,2026-07-22,cve_2026_to_now,2026-07-23T09:22:29+00:00
CVE-2026-50375,updated,2026-07-22,cve_2026_to_now,2026-07-23T09:22:29+00:00
CVE-2026-50376,updated,2026-07-22,cve_2026_to_now,2026-07-23T09:22:29+00:00
CVE-2026-50377,updated,2026-07-22,cve_2026_to_now,2026-07-23T09:22:29+00:00
CVE-2026-50378,updated,2026-07-22,cve_2026_to_now,2026-07-23T09:22:29+00:00
CVE-2026-50379,updated,2026-07-22,cve_2026_to_now,2026-07-23T09:22:29+00:00
CVE-2026-50380,updated,2026-07-22,cve_2026_to_now,2026-07-23T09:22:29+00:00
CVE-2026-50381,updated,2026-07-22,cve_2026_to_now,2026-07-23T09:22:29+00:00
CVE-2026-50382,updated,2026-07-22,cve_2026_to_now,2026-07-23T09:22:29+00:00
CVE-2026-50383,updated,2026-07-22,cve_2026_to_now,2026-07-23T09:22:29+00:00
CVE-2026-50384,updated,2026-07-22,cve_2026_to_now,2026-07-23T09:22:29+00:00
CVE-2026-50385,updated,2026-07-22,cve_2026_to_now,2026-07-23T09:22:29+00:00
CVE-2026-50386,updated,2026-07-22,cve_2026_to_now,2026-07-23T09:22:29+00:00
CVE-2026-50387,updated,2026-07-22,cve_2026_to_now,2026-07-23T09:22:29+00:00
CVE-2026-50388,updated,2026-07-22,cve_2026_to_now,2026-07-23T09:22:29+00:00
CVE-2026-50389,updated,2026-07-22,cve_2026_to_now,2026-07-23T09:22:29+00:00
CVE-2026-50390,updated,2026-07-22,cve_2026_to_now,2026-07-23T09:22:29+00:00
CVE-2026-50391,updated,2026-07-22,cve_2026_to_now,2026-07-23T09:22:29+00:00
CVE-2026-50392,updated,2026-07-22,cve_2026_to_now,2026-07-23T09:22:29+00:00
CVE-2026-50393,updated,2026-07-22,cve_2026_to_now,2026-07-23T09:22:29+00:00
CVE-2026-50394,updated,2026-07-22,cve_2026_to_now,2026-07-23T09:22:29+00:00
CVE-2026-50396,updated,2026-07-22,cve_2026_to_now,2026-07-23T09:22:29+00:00
CVE-2026-50397,updated,2026-07-22,cve_2026_to_now,2026-07-23T09:22:29+00:00
CVE-2026-50398,updated,2026-07-22,cve_2026_to_now,2026-07-23T09:22:29+00:00
CVE-2026-50399,updated,2026-07-22,cve_2026_to_now,2026-07-23T09:22:29+00:00
CVE-2026-50400,updated,2026-07-22,cve_2026_to_now,2026-07-23T09:22:29+00:00
CVE-2026-50401,updated,2026-07-22,cve_2026_to_now,2026-07-23T09:22:29+00:00
CVE-2026-50402,updated,2026-07-22,cve_2026_to_now,2026-07-23T09:22:29+00:00
CVE-2026-50403,updated,2026-07-22,cve_2026_to_now,2026-07-23T09:22:29+00:00
CVE-2026-50404,updated,2026-07-22,cve_2026_to_now,2026-07-23T09:22:29+00:00
CVE-2026-50405,updated,2026-07-22,cve_2026_to_now,2026-07-23T09:22:29+00:00
CVE-2026-50406,updated,2026-07-23,cve_2026_to_now,2026-07-23T09:22:29+00:00
CVE-2026-50407,updated,2026-07-22,cve_2026_to_now,2026-07-23T09:22:29+00:00
CVE-2026-50408,updated,2026-07-22,cve_2026_to_now,2026-07-23T09:22:29+00:00
CVE-2026-50409,updated,2026-07-22,cve_2026_to_now,2026-07-23T09:22:29+00:00
CVE-2026-50410,updated,2026-07-22,cve_2026_to_now,2026-07-23T09:22:29+00:00
CVE-2026-50411,updated,2026-07-22,cve_2026_to_now,2026-07-23T09:22:29+00:00
CVE-2026-50412,updated,2026-07-22,cve_2026_to_now,2026-07-23T09:22:29+00:00
CVE-2026-50413,updated,2026-07-22,cve_2026_to_now,2026-07-23T09:22:29+00:00
CVE-2026-50414,updated,2026-07-22,cve_2026_to_now,2026-07-23T09:22:29+00:00
CVE-2026-50415,updated,2026-07-22,cve_2026_to_now,2026-07-23T09:22:29+00:00
CVE-2026-50416,updated,2026-07-22,cve_2026_to_now,2026-07-23T09:22:29+00:00
CVE-2026-50417,updated,2026-07-22,cve_2026_to_now,2026-07-23T09:22:29+00:00
CVE-2026-50418,updated,2026-07-22,cve_2026_to_now,2026-07-23T09:22:29+00:00
CVE-2026-50419,updated,2026-07-22,cve_2026_to_now,2026-07-23T09:22:29+00:00
CVE-2026-50420,updated,2026-07-22,cve_2026_to_now,2026-07-23T09:22:29+00:00
CVE-2026-50421,updated,2026-07-23,cve_2026_to_now,2026-07-23T09:22:29+00:00
CVE-2026-50422,updated,2026-07-22,cve_2026_to_now,2026-07-23T09:22:29+00:00
CVE-2026-50423,updated,2026-07-22,cve_2026_to_now,2026-07-23T09:22:29+00:00
CVE-2026-50424,updated,2026-07-22,cve_2026_to_now,2026-07-23T09:22:29+00:00
CVE-2026-50425,updated,2026-07-23,cve_2026_to_now,2026-07-23T09:22:29+00:00
CVE-2026-50426,updated,2026-07-22,cve_2026_to_now,2026-07-23T09:22:29+00:00
CVE-2026-50427,updated,2026-07-23,cve_2026_to_now,2026-07-23T09:22:29+00:00
CVE-2026-50428,updated,2026-07-22,cve_2026_to_now,2026-07-23T09:22:29+00:00
CVE-2026-50429,updated,2026-07-22,cve_2026_to_now,2026-07-23T09:22:29+00:00
CVE-2026-50430,updated,2026-07-22,cve_2026_to_now,2026-07-23T09:22:29+00:00
CVE-2026-50431,updated,2026-07-22,cve_2026_to_now,2026-07-23T09:22:29+00:00
CVE-2026-50432,updated,2026-07-22,cve_2026_to_now,2026-07-23T09:22:29+00:00
CVE-2026-50433,updated,2026-07-22,cve_2026_to_now,2026-07-23T09:22:29+00:00
CVE-2026-50434,updated,2026-07-22,cve_2026_to_now,2026-07-23T09:22:29+00:00
CVE-2026-50435,updated,2026-07-23,cve_2026_to_now,2026-07-23T09:22:29+00:00
CVE-2026-50436,updated,2026-07-22,cve_2026_to_now,2026-07-23T09:22:29+00:00
CVE-2026-50437,updated,2026-07-22,cve_2026_to_now,2026-07-23T09:22:29+00:00
CVE-2026-50438,updated,2026-07-22,cve_2026_to_now,2026-07-23T09:22:29+00:00
CVE-2026-50439,updated,2026-07-22,cve_2026_to_now,2026-07-23T09:22:29+00:00
CVE-2026-50440,updated,2026-07-23,cve_2026_to_now,2026-07-23T09:22:29+00:00
CVE-2026-50441,updated,2026-07-22,cve_2026_to_now,2026-07-23T09:22:29+00:00
CVE-2026-50442,updated,2026-07-22,cve_2026_to_now,2026-07-23T09:22:29+00:00
CVE-2026-50444,updated,2026-07-22,cve_2026_to_now,2026-07-23T09:22:29+00:00
CVE-2026-50445,updated,2026-07-22,cve_2026_to_now,2026-07-23T09:22:29+00:00
CVE-2026-50447,updated,2026-07-22,cve_2026_to_now,2026-07-23T09:22:29+00:00
CVE-2026-50448,updated,2026-07-22,cve_2026_to_now,2026-07-23T09:22:29+00:00
CVE-2026-50449,updated,2026-07-22,cve_2026_to_now,2026-07-23T09:22:29+00:00
CVE-2026-50450,updated,2026-07-22,cve_2026_to_now,2026-07-23T09:22:29+00:00
CVE-2026-50451,updated,2026-07-22,cve_2026_to_now,2026-07-23T09:22:29+00:00
CVE-2026-50452,updated,2026-07-22,cve_2026_to_now,2026-07-23T09:22:29+00:00
CVE-2026-50453,updated,2026-07-22,cve_2026_to_now,2026-07-23T09:22:29+00:00
CVE-2026-50454,updated,2026-07-22,cve_2026_to_now,2026-07-23T09:22:29+00:00
CVE-2026-50455,updated,2026-07-22,cve_2026_to_now,2026-07-23T09:22:29+00:00
CVE-2026-50456,updated,2026-07-22,cve_2026_to_now,2026-07-23T09:22:29+00:00
CVE-2026-50457,updated,2026-07-22,cve_2026_to_now,2026-07-23T09:22:29+00:00
CVE-2026-50458,updated,2026-07-22,cve_2026_to_now,2026-07-23T09:22:29+00:00
CVE-2026-50459,updated,2026-07-22,cve_2026_to_now,2026-07-23T09:22:29+00:00
CVE-2026-50460,updated,2026-07-22,cve_2026_to_now,2026-07-23T09:22:29+00:00
CVE-2026-50461,updated,2026-07-22,cve_2026_to_now,2026-07-23T09:22:29+00:00
CVE-2026-50462,updated,2026-07-22,cve_2026_to_now,2026-07-23T09:22:29+00:00
CVE-2026-50463,updated,2026-07-22,cve_2026_to_now,2026-07-23T09:22:29+00:00
CVE-2026-50465,updated,2026-07-22,cve_2026_to_now,2026-07-23T09:22:29+00:00
CVE-2026-50466,updated,2026-07-22,cve_2026_to_now,2026-07-23T09:22:29+00:00
CVE-2026-50467,updated,2026-07-22,cve_2026_to_now,2026-07-23T09:22:29+00:00
CVE-2026-50468,updated,2026-07-22,cve_2026_to_now,2026-07-23T09:22:29+00:00
CVE-2026-50469,updated,2026-07-22,cve_2026_to_now,2026-07-23T09:22:29+00:00
CVE-2026-50470,updated,2026-07-22,cve_2026_to_now,2026-07-23T09:22:29+00:00
CVE-2026-50471,updated,2026-07-22,cve_2026_to_now,2026-07-23T09:22:29+00:00
CVE-2026-50473,updated,2026-07-22,cve_2026_to_now,2026-07-23T09:22:29+00:00
CVE-2026-50474,updated,2026-07-22,cve_2026_to_now,2026-07-23T09:22:29+00:00
CVE-2026-50475,updated,2026-07-22,cve_2026_to_now,2026-07-23T09:22:29+00:00
CVE-2026-50476,updated,2026-07-22,cve_2026_to_now,2026-07-23T09:22:29+00:00
CVE-2026-50477,updated,2026-07-22,cve_2026_to_now,2026-07-23T09:22:29+00:00
CVE-2026-50478,updated,2026-07-22,cve_2026_to_now,2026-07-23T09:22:29+00:00
CVE-2026-50479,updated,2026-07-22,cve_2026_to_now,2026-07-23T09:22:29+00:00
CVE-2026-50480,updated,2026-07-22,cve_2026_to_now,2026-07-23T09:22:29+00:00
CVE-2026-50482,updated,2026-07-22,cve_2026_to_now,2026-07-23T09:22:29+00:00
CVE-2026-50483,updated,2026-07-22,cve_2026_to_now,2026-07-23T09:22:29+00:00
CVE-2026-50484,updated,2026-07-22,cve_2026_to_now,2026-07-23T09:22:29+00:00
CVE-2026-50485,updated,2026-07-22,cve_2026_to_now,2026-07-23T09:22:29+00:00
CVE-2026-50486,updated,2026-07-22,cve_2026_to_now,2026-07-23T09:22:29+00:00
CVE-2026-50487,updated,2026-07-22,cve_2026_to_now,2026-07-23T09:22:29+00:00
CVE-2026-50488,updated,2026-07-22,cve_2026_to_now,2026-07-23T09:22:29+00:00
CVE-2026-50489,updated,2026-07-22,cve_2026_to_now,2026-07-23T09:22:29+00:00
CVE-2026-50490,updated,2026-07-22,cve_2026_to_now,2026-07-23T09:22:29+00:00
CVE-2026-50491,updated,2026-07-23,cve_2026_to_now,2026-07-23T09:22:29+00:00
CVE-2026-50492,updated,2026-07-22,cve_2026_to_now,2026-07-23T09:22:29+00:00
CVE-2026-50493,updated,2026-07-22,cve_2026_to_now,2026-07-23T09:22:29+00:00
CVE-2026-50494,updated,2026-07-22,cve_2026_to_now,2026-07-23T09:22:29+00:00
CVE-2026-50495,updated,2026-07-22,cve_2026_to_now,2026-07-23T09:22:29+00:00
CVE-2026-50496,updated,2026-07-22,cve_2026_to_now,2026-07-23T09:22:29+00:00
CVE-2026-50497,updated,2026-07-22,cve_2026_to_now,2026-07-23T09:22:29+00:00
CVE-2026-50498,updated,2026-07-22,cve_2026_to_now,2026-07-23T09:22:29+00:00
CVE-2026-50499,updated,2026-07-22,cve_2026_to_now,2026-07-23T09:22:29+00:00
CVE-2026-50500,updated,2026-07-22,cve_2026_to_now,2026-07-23T09:22:29+00:00
CVE-2026-50501,updated,2026-07-22,cve_2026_to_now,2026-07-23T09:22:29+00:00
CVE-2026-50502,updated,2026-07-22,cve_2026_to_now,2026-07-23T09:22:29+00:00
CVE-2026-50503,updated,2026-07-22,cve_2026_to_now,2026-07-23T09:22:29+00:00
CVE-2026-50504,updated,2026-07-22,cve_2026_to_now,2026-07-23T09:22:29+00:00
CVE-2026-50505,updated,2026-07-22,cve_2026_to_now,2026-07-23T09:22:29+00:00
CVE-2026-50506,updated,2026-07-22,cve_2026_to_now,2026-07-23T09:22:29+00:00
CVE-2026-50509,updated,2026-07-22,cve_2026_to_now,2026-07-23T09:22:29+00:00
CVE-2026-50510,updated,2026-07-22,cve_2026_to_now,2026-07-23T09:22:29+00:00
CVE-2026-50518,updated,2026-07-22,cve_2026_to_now,2026-07-23T09:22:29+00:00
CVE-2026-50520,updated,2026-07-22,cve_2026_to_now,2026-07-23T09:22:29+00:00
CVE-2026-50522,updated,2026-07-23,cve_2026_to_now,2026-07-23T09:22:29+00:00
CVE-2026-50524,updated,2026-07-22,cve_2026_to_now,2026-07-23T09:22:29+00:00
CVE-2026-50525,updated,2026-07-22,cve_2026_to_now,2026-07-23T09:22:29+00:00
CVE-2026-50526,updated,2026-07-22,cve_2026_to_now,2026-07-23T09:22:29+00:00
CVE-2026-50527,updated,2026-07-22,cve_2026_to_now,2026-07-23T09:22:29+00:00
CVE-2026-50528,updated,2026-07-22,cve_2026_to_now,2026-07-23T09:22:29+00:00
CVE-2026-50646,updated,2026-07-22,cve_2026_to_now,2026-07-23T09:22:29+00:00
CVE-2026-50647,updated,2026-07-22,cve_2026_to_now,2026-07-23T09:22:29+00:00
CVE-2026-50648,updated,2026-07-22,cve_2026_to_now,2026-07-23T09:22:29+00:00
CVE-2026-50649,updated,2026-07-22,cve_2026_to_now,2026-07-23T09:22:29+00:00
CVE-2026-50650,updated,2026-07-22,cve_2026_to_now,2026-07-23T09:22:29+00:00
CVE-2026-50651,updated,2026-07-22,cve_2026_to_now,2026-07-23T09:22:29+00:00
CVE-2026-50652,updated,2026-07-22,cve_2026_to_now,2026-07-23T09:22:29+00:00
CVE-2026-50653,updated,2026-07-22,cve_2026_to_now,2026-07-23T09:22:29+00:00
CVE-2026-50655,updated,2026-07-22,cve_2026_to_now,2026-07-23T09:22:29+00:00
CVE-2026-50657,updated,2026-07-22,cve_2026_to_now,2026-07-23T09:22:29+00:00
CVE-2026-50658,updated,2026-07-22,cve_2026_to_now,2026-07-23T09:22:29+00:00
CVE-2026-50659,updated,2026-07-22,cve_2026_to_now,2026-07-23T09:22:29+00:00
CVE-2026-50661,updated,2026-07-22,cve_2026_to_now,2026-07-23T09:22:29+00:00
CVE-2026-50663,updated,2026-07-22,cve_2026_to_now,2026-07-23T09:22:29+00:00
CVE-2026-50665,updated,2026-07-22,cve_2026_to_now,2026-07-23T09:22:29+00:00
CVE-2026-50666,updated,2026-07-23,cve_2026_to_now,2026-07-23T09:22:29+00:00
CVE-2026-50667,updated,2026-07-22,cve_2026_to_now,2026-07-23T09:22:29+00:00
CVE-2026-50668,updated,2026-07-22,cve_2026_to_now,2026-07-23T09:22:29+00:00
CVE-2026-50669,updated,2026-07-22,cve_2026_to_now,2026-07-23T09:22:29+00:00
CVE-2026-50670,updated,2026-07-22,cve_2026_to_now,2026-07-23T09:22:29+00:00
CVE-2026-50672,updated,2026-07-22,cve_2026_to_now,2026-07-23T09:22:29+00:00
CVE-2026-50673,updated,2026-07-22,cve_2026_to_now,2026-07-23T09:22:29+00:00
CVE-2026-50674,updated,2026-07-22,cve_2026_to_now,2026-07-23T09:22:29+00:00
CVE-2026-50675,updated,2026-07-22,cve_2026_to_now,2026-07-23T09:22:29+00:00
CVE-2026-50676,updated,2026-07-22,cve_2026_to_now,2026-07-23T09:22:29+00:00
CVE-2026-50677,updated,2026-07-22,cve_2026_to_now,2026-07-23T09:22:29+00:00
CVE-2026-50678,updated,2026-07-22,cve_2026_to_now,2026-07-23T09:22:29+00:00
CVE-2026-50679,updated,2026-07-22,cve_2026_to_now,2026-07-23T09:22:29+00:00
CVE-2026-50680,updated,2026-07-22,cve_2026_to_now,2026-07-23T09:22:29+00:00
CVE-2026-50681,updated,2026-07-22,cve_2026_to_now,2026-07-23T09:22:29+00:00
CVE-2026-50682,updated,2026-07-22,cve_2026_to_now,2026-07-23T09:22:29+00:00
CVE-2026-50683,updated,2026-07-22,cve_2026_to_now,2026-07-23T09:22:29+00:00
CVE-2026-50684,updated,2026-07-22,cve_2026_to_now,2026-07-23T09:22:29+00:00
CVE-2026-50685,updated,2026-07-22,cve_2026_to_now,2026-07-23T09:22:29+00:00
CVE-2026-50686,updated,2026-07-23,cve_2026_to_now,2026-07-23T09:22:29+00:00
CVE-2026-50687,updated,2026-07-22,cve_2026_to_now,2026-07-23T09:22:29+00:00
CVE-2026-50688,updated,2026-07-22,cve_2026_to_now,2026-07-23T09:22:29+00:00
CVE-2026-50689,updated,2026-07-22,cve_2026_to_now,2026-07-23T09:22:29+00:00
CVE-2026-50690,updated,2026-07-22,cve_2026_to_now,2026-07-23T09:22:29+00:00
CVE-2026-50692,updated,2026-07-22,cve_2026_to_now,2026-07-23T09:22:29+00:00
CVE-2026-50694,updated,2026-07-22,cve_2026_to_now,2026-07-23T09:22:29+00:00
CVE-2026-50695,updated,2026-07-22,cve_2026_to_now,2026-07-23T09:22:29+00:00
CVE-2026-50696,updated,2026-07-22,cve_2026_to_now,2026-07-23T09:22:29+00:00
CVE-2026-50697,updated,2026-07-22,cve_2026_to_now,2026-07-23T09:22:29+00:00
CVE-2026-50755,updated,2026-07-22,cve_2026_to_now,2026-07-23T09:22:29+00:00
CVE-2026-50756,updated,2026-07-22,cve_2026_to_now,2026-07-23T09:22:29+00:00
CVE-2026-50757,updated,2026-07-22,cve_2026_to_now,2026-07-23T09:22:29+00:00
CVE-2026-50758,updated,2026-07-22,cve_2026_to_now,2026-07-23T09:22:29+00:00
CVE-2026-50759,updated,2026-07-22,cve_2026_to_now,2026-07-23T09:22:29+00:00
CVE-2026-52469,updated,2026-07-22,cve_2026_to_now,2026-07-23T09:22:29+00:00
CVE-2026-52470,updated,2026-07-22,cve_2026_to_now,2026-07-23T09:22:29+00:00
CVE-2026-52472,updated,2026-07-22,cve_2026_to_now,2026-07-23T09:22:29+00:00
CVE-2026-52474,updated,2026-07-22,cve_2026_to_now,2026-07-23T09:22:29+00:00
CVE-2026-52475,updated,2026-07-22,cve_2026_to_now,2026-07-23T09:22:29+00:00
CVE-2026-52476,updated,2026-07-22,cve_2026_to_now,2026-07-23T09:22:29+00:00
CVE-2026-52684,added,,cve_2026_to_now,2026-07-23T09:22:29+00:00
CVE-2026-52686,added,,cve_2026_to_now,2026-07-23T09:22:29+00:00
CVE-2026-52688,added,,cve_2026_to_now,2026-07-23T09:22:29+00:00
CVE-2026-52863,added,,cve_2026_to_now,2026-07-23T09:22:29+00:00
CVE-2026-52950,updated,2026-07-22,cve_2026_to_now,2026-07-23T09:22:29+00:00
CVE-2026-52976,updated,2026-07-22,cve_2026_to_now,2026-07-23T09:22:29+00:00
CVE-2026-53009,updated,2026-07-22,cve_2026_to_now,2026-07-23T09:22:29+00:00
CVE-2026-53059,updated,2026-07-22,cve_2026_to_now,2026-07-23T09:22:29+00:00
CVE-2026-53071,updated,2026-07-22,cve_2026_to_now,2026-07-23T09:22:29+00:00
CVE-2026-53704,updated,2026-07-22,cve_2026_to_now,2026-07-23T09:22:29+00:00
CVE-2026-53910,added,,cve_2026_to_now,2026-07-23T09:22:29+00:00
CVE-2026-54107,updated,2026-07-22,cve_2026_to_now,2026-07-23T09:22:29+00:00
CVE-2026-54108,updated,2026-07-22,cve_2026_to_now,2026-07-23T09:22:29+00:00
CVE-2026-54109,updated,2026-07-22,cve_2026_to_now,2026-07-23T09:22:29+00:00
CVE-2026-54111,updated,2026-07-22,cve_2026_to_now,2026-07-23T09:22:29+00:00
CVE-2026-54112,updated,2026-07-22,cve_2026_to_now,2026-07-23T09:22:29+00:00
CVE-2026-54114,updated,2026-07-22,cve_2026_to_now,2026-07-23T09:22:29+00:00
CVE-2026-54115,updated,2026-07-22,cve_2026_to_now,2026-07-23T09:22:29+00:00
CVE-2026-54116,updated,2026-07-22,cve_2026_to_now,2026-07-23T09:22:29+00:00
CVE-2026-54117,updated,2026-07-22,cve_2026_to_now,2026-07-23T09:22:29+00:00
CVE-2026-54118,updated,2026-07-22,cve_2026_to_now,2026-07-23T09:22:29+00:00
CVE-2026-54119,updated,2026-07-22,cve_2026_to_now,2026-07-23T09:22:29+00:00
CVE-2026-54121,updated,2026-07-22,cve_2026_to_now,2026-07-23T09:22:29+00:00
CVE-2026-54122,updated,2026-07-22,cve_2026_to_now,2026-07-23T09:22:29+00:00
CVE-2026-54124,updated,2026-07-22,cve_2026_to_now,2026-07-23T09:22:29+00:00
CVE-2026-54125,updated,2026-07-22,cve_2026_to_now,2026-07-23T09:22:29+00:00
CVE-2026-54126,updated,2026-07-22,cve_2026_to_now,2026-07-23T09:22:29+00:00
CVE-2026-54127,updated,2026-07-22,cve_2026_to_now,2026-07-23T09:22:29+00:00
CVE-2026-54128,updated,2026-07-22,cve_2026_to_now,2026-07-23T09:22:29+00:00
CVE-2026-54129,updated,2026-07-22,cve_2026_to_now,2026-07-23T09:22:29+00:00
CVE-2026-54131,updated,2026-07-22,cve_2026_to_now,2026-07-23T09:22:29+00:00
CVE-2026-54132,updated,2026-07-22,cve_2026_to_now,2026-07-23T09:22:29+00:00
CVE-2026-54369,updated,2026-07-22,cve_2026_to_now,2026-07-23T09:22:29+00:00
CVE-2026-54478,added,,cve_2026_to_now,2026-07-23T09:22:29+00:00
CVE-2026-54513,updated,2026-07-22,cve_2026_to_now,2026-07-23T09:22:29+00:00
CVE-2026-54982,updated,2026-07-22,cve_2026_to_now,2026-07-23T09:22:29+00:00
CVE-2026-54983,updated,2026-07-22,cve_2026_to_now,2026-07-23T09:22:29+00:00
CVE-2026-54986,updated,2026-07-22,cve_2026_to_now,2026-07-23T09:22:29+00:00
CVE-2026-54987,updated,2026-07-23,cve_2026_to_now,2026-07-23T09:22:29+00:00
CVE-2026-54988,updated,2026-07-22,cve_2026_to_now,2026-07-23T09:22:29+00:00
CVE-2026-54989,updated,2026-07-23,cve_2026_to_now,2026-07-23T09:22:29+00:00
CVE-2026-54990,updated,2026-07-22,cve_2026_to_now,2026-07-23T09:22:29+00:00
CVE-2026-54991,updated,2026-07-22,cve_2026_to_now,2026-07-23T09:22:29+00:00
CVE-2026-54992,updated,2026-07-22,cve_2026_to_now,2026-07-23T09:22:29+00:00
CVE-2026-54993,updated,2026-07-22,cve_2026_to_now,2026-07-23T09:22:29+00:00
CVE-2026-54995,updated,2026-07-22,cve_2026_to_now,2026-07-23T09:22:29+00:00
CVE-2026-54996,updated,2026-07-22,cve_2026_to_now,2026-07-23T09:22:29+00:00
CVE-2026-54997,updated,2026-07-22,cve_2026_to_now,2026-07-23T09:22:29+00:00
CVE-2026-54998,updated,2026-07-22,cve_2026_to_now,2026-07-23T09:22:29+00:00
CVE-2026-54999,updated,2026-07-22,cve_2026_to_now,2026-07-23T09:22:29+00:00
CVE-2026-55000,updated,2026-07-22,cve_2026_to_now,2026-07-23T09:22:29+00:00
CVE-2026-55001,updated,2026-07-22,cve_2026_to_now,2026-07-23T09:22:29+00:00
CVE-2026-55002,updated,2026-07-22,cve_2026_to_now,2026-07-23T09:22:29+00:00
CVE-2026-55003,updated,2026-07-22,cve_2026_to_now,2026-07-23T09:22:29+00:00
CVE-2026-55004,updated,2026-07-22,cve_2026_to_now,2026-07-23T09:22:29+00:00
CVE-2026-55005,updated,2026-07-22,cve_2026_to_now,2026-07-23T09:22:29+00:00
CVE-2026-55006,updated,2026-07-22,cve_2026_to_now,2026-07-23T09:22:29+00:00
CVE-2026-55008,updated,2026-07-22,cve_2026_to_now,2026-07-23T09:22:29+00:00
CVE-2026-55009,updated,2026-07-22,cve_2026_to_now,2026-07-23T09:22:29+00:00
CVE-2026-55010,updated,2026-07-22,cve_2026_to_now,2026-07-23T09:22:29+00:00
CVE-2026-55011,updated,2026-07-22,cve_2026_to_now,2026-07-23T09:22:29+00:00
CVE-2026-55012,updated,2026-07-22,cve_2026_to_now,2026-07-23T09:22:29+00:00
CVE-2026-55014,updated,2026-07-23,cve_2026_to_now,2026-07-23T09:22:29+00:00
CVE-2026-55016,updated,2026-07-22,cve_2026_to_now,2026-07-23T09:22:29+00:00
CVE-2026-55017,updated,2026-07-22,cve_2026_to_now,2026-07-23T09:22:29+00:00
CVE-2026-55018,updated,2026-07-22,cve_2026_to_now,2026-07-23T09:22:29+00:00
CVE-2026-55019,updated,2026-07-22,cve_2026_to_now,2026-07-23T09:22:29+00:00
CVE-2026-55020,updated,2026-07-22,cve_2026_to_now,2026-07-23T09:22:29+00:00
CVE-2026-55021,updated,2026-07-22,cve_2026_to_now,2026-07-23T09:22:29+00:00
CVE-2026-55022,updated,2026-07-22,cve_2026_to_now,2026-07-23T09:22:29+00:00
CVE-2026-55023,updated,2026-07-22,cve_2026_to_now,2026-07-23T09:22:29+00:00
CVE-2026-55024,updated,2026-07-22,cve_2026_to_now,2026-07-23T09:22:29+00:00
CVE-2026-55025,updated,2026-07-22,cve_2026_to_now,2026-07-23T09:22:29+00:00
CVE-2026-55026,updated,2026-07-22,cve_2026_to_now,2026-07-23T09:22:29+00:00
CVE-2026-55027,updated,2026-07-22,cve_2026_to_now,2026-07-23T09:22:29+00:00
CVE-2026-55028,updated,2026-07-22,cve_2026_to_now,2026-07-23T09:22:29+00:00
CVE-2026-55029,updated,2026-07-22,cve_2026_to_now,2026-07-23T09:22:29+00:00
CVE-2026-55030,updated,2026-07-22,cve_2026_to_now,2026-07-23T09:22:29+00:00
CVE-2026-55031,updated,2026-07-22,cve_2026_to_now,2026-07-23T09:22:29+00:00
CVE-2026-55032,updated,2026-07-22,cve_2026_to_now,2026-07-23T09:22:29+00:00
CVE-2026-55033,updated,2026-07-22,cve_2026_to_now,2026-07-23T09:22:29+00:00
CVE-2026-55034,updated,2026-07-22,cve_2026_to_now,2026-07-23T09:22:29+00:00
CVE-2026-55035,updated,2026-07-22,cve_2026_to_now,2026-07-23T09:22:29+00:00
CVE-2026-55036,updated,2026-07-22,cve_2026_to_now,2026-07-23T09:22:29+00:00
CVE-2026-55037,updated,2026-07-22,cve_2026_to_now,2026-07-23T09:22:29+00:00
CVE-2026-55038,updated,2026-07-22,cve_2026_to_now,2026-07-23T09:22:29+00:00
CVE-2026-55039,updated,2026-07-22,cve_2026_to_now,2026-07-23T09:22:29+00:00
CVE-2026-55040,updated,2026-07-22,cve_2026_to_now,2026-07-23T09:22:29+00:00
CVE-2026-55041,updated,2026-07-22,cve_2026_to_now,2026-07-23T09:22:29+00:00
CVE-2026-55042,updated,2026-07-22,cve_2026_to_now,2026-07-23T09:22:29+00:00
CVE-2026-55043,updated,2026-07-22,cve_2026_to_now,2026-07-23T09:22:29+00:00
CVE-2026-55044,updated,2026-07-22,cve_2026_to_now,2026-07-23T09:22:29+00:00
CVE-2026-55045,updated,2026-07-22,cve_2026_to_now,2026-07-23T09:22:29+00:00
CVE-2026-55046,updated,2026-07-22,cve_2026_to_now,2026-07-23T09:22:29+00:00
CVE-2026-55047,updated,2026-07-22,cve_2026_to_now,2026-07-23T09:22:29+00:00
CVE-2026-55048,updated,2026-07-22,cve_2026_to_now,2026-07-23T09:22:29+00:00
CVE-2026-55049,updated,2026-07-22,cve_2026_to_now,2026-07-23T09:22:29+00:00
CVE-2026-55050,updated,2026-07-22,cve_2026_to_now,2026-07-23T09:22:29+00:00
CVE-2026-55051,updated,2026-07-22,cve_2026_to_now,2026-07-23T09:22:29+00:00
CVE-2026-55052,updated,2026-07-22,cve_2026_to_now,2026-07-23T09:22:29+00:00
CVE-2026-55053,updated,2026-07-22,cve_2026_to_now,2026-07-23T09:22:29+00:00
CVE-2026-55054,updated,2026-07-22,cve_2026_to_now,2026-07-23T09:22:29+00:00
CVE-2026-55055,updated,2026-07-22,cve_2026_to_now,2026-07-23T09:22:29+00:00
CVE-2026-55056,updated,2026-07-22,cve_2026_to_now,2026-07-23T09:22:29+00:00
CVE-2026-55057,updated,2026-07-22,cve_2026_to_now,2026-07-23T09:22:29+00:00
CVE-2026-55058,updated,2026-07-22,cve_2026_to_now,2026-07-23T09:22:29+00:00
CVE-2026-55081,updated,2026-07-22,cve_2026_to_now,2026-07-23T09:22:29+00:00
CVE-2026-55082,updated,2026-07-22,cve_2026_to_now,2026-07-23T09:22:29+00:00
CVE-2026-55120,updated,2026-07-22,cve_2026_to_now,2026-07-23T09:22:29+00:00
CVE-2026-55121,updated,2026-07-22,cve_2026_to_now,2026-07-23T09:22:29+00:00
CVE-2026-55122,updated,2026-07-22,cve_2026_to_now,2026-07-23T09:22:29+00:00
CVE-2026-55123,updated,2026-07-22,cve_2026_to_now,2026-07-23T09:22:29+00:00
CVE-2026-55124,updated,2026-07-22,cve_2026_to_now,2026-07-23T09:22:29+00:00
CVE-2026-55125,updated,2026-07-22,cve_2026_to_now,2026-07-23T09:22:29+00:00
CVE-2026-55126,updated,2026-07-22,cve_2026_to_now,2026-07-23T09:22:29+00:00
CVE-2026-55127,updated,2026-07-22,cve_2026_to_now,2026-07-23T09:22:29+00:00
CVE-2026-55128,updated,2026-07-22,cve_2026_to_now,2026-07-23T09:22:29+00:00
CVE-2026-55129,updated,2026-07-22,cve_2026_to_now,2026-07-23T09:22:29+00:00
CVE-2026-55130,updated,2026-07-22,cve_2026_to_now,2026-07-23T09:22:29+00:00
CVE-2026-55131,updated,2026-07-22,cve_2026_to_now,2026-07-23T09:22:29+00:00
CVE-2026-55132,updated,2026-07-22,cve_2026_to_now,2026-07-23T09:22:29+00:00
CVE-2026-55133,updated,2026-07-22,cve_2026_to_now,2026-07-23T09:22:29+00:00
CVE-2026-55134,updated,2026-07-22,cve_2026_to_now,2026-07-23T09:22:29+00:00
CVE-2026-55135,updated,2026-07-22,cve_2026_to_now,2026-07-23T09:22:29+00:00
CVE-2026-55136,updated,2026-07-22,cve_2026_to_now,2026-07-23T09:22:29+00:00
CVE-2026-55137,updated,2026-07-22,cve_2026_to_now,2026-07-23T09:22:29+00:00
CVE-2026-55138,updated,2026-07-22,cve_2026_to_now,2026-07-23T09:22:29+00:00
CVE-2026-55139,updated,2026-07-22,cve_2026_to_now,2026-07-23T09:22:29+00:00
CVE-2026-55140,updated,2026-07-22,cve_2026_to_now,2026-07-23T09:22:29+00:00
CVE-2026-55141,updated,2026-07-22,cve_2026_to_now,2026-07-23T09:22:29+00:00
CVE-2026-55142,updated,2026-07-22,cve_2026_to_now,2026-07-23T09:22:29+00:00
CVE-2026-55144,updated,2026-07-22,cve_2026_to_now,2026-07-23T09:22:29+00:00
CVE-2026-55145,updated,2026-07-22,cve_2026_to_now,2026-07-23T09:22:29+00:00
CVE-2026-55544,updated,2026-07-22,cve_2026_to_now,2026-07-23T09:22:29+00:00
CVE-2026-55626,updated,2026-07-23,cve_2026_to_now,2026-07-23T09:22:29+00:00
CVE-2026-55708,added,,cve_2026_to_now,2026-07-23T09:22:29+00:00
CVE-2026-55717,added,,cve_2026_to_now,2026-07-23T09:22:29+00:00
CVE-2026-55898,updated,2026-07-22,cve_2026_to_now,2026-07-23T09:22:29+00:00
CVE-2026-55899,updated,2026-07-22,cve_2026_to_now,2026-07-23T09:22:29+00:00
CVE-2026-55944,updated,2026-07-22,cve_2026_to_now,2026-07-23T09:22:29+00:00
CVE-2026-55945,updated,2026-07-22,cve_2026_to_now,2026-07-23T09:22:29+00:00
CVE-2026-55947,updated,2026-07-22,cve_2026_to_now,2026-07-23T09:22:29+00:00
CVE-2026-55948,updated,2026-07-22,cve_2026_to_now,2026-07-23T09:22:29+00:00
CVE-2026-55949,updated,2026-07-22,cve_2026_to_now,2026-07-23T09:22:29+00:00
CVE-2026-55973,added,,cve_2026_to_now,2026-07-23T09:22:29+00:00
CVE-2026-55990,added,,cve_2026_to_now,2026-07-23T09:22:29+00:00
CVE-2026-55991,added,,cve_2026_to_now,2026-07-23T09:22:29+00:00
CVE-2026-56144,updated,2026-07-22,cve_2026_to_now,2026-07-23T09:22:29+00:00
CVE-2026-56145,updated,2026-07-22,cve_2026_to_now,2026-07-23T09:22:29+00:00
CVE-2026-56146,updated,2026-07-22,cve_2026_to_now,2026-07-23T09:22:29+00:00
CVE-2026-56147,updated,2026-07-22,cve_2026_to_now,2026-07-23T09:22:29+00:00
CVE-2026-56155,updated,2026-07-22,cve_2026_to_now,2026-07-23T09:22:29+00:00
CVE-2026-56156,updated,2026-07-22,cve_2026_to_now,2026-07-23T09:22:29+00:00
CVE-2026-56157,updated,2026-07-22,cve_2026_to_now,2026-07-23T09:22:29+00:00
CVE-2026-56159,updated,2026-07-22,cve_2026_to_now,2026-07-23T09:22:29+00:00
CVE-2026-56164,updated,2026-07-22,cve_2026_to_now,2026-07-23T09:22:29+00:00
CVE-2026-56168,updated,2026-07-22,cve_2026_to_now,2026-07-23T09:22:29+00:00
CVE-2026-56169,updated,2026-07-22,cve_2026_to_now,2026-07-23T09:22:29+00:00
CVE-2026-56170,updated,2026-07-22,cve_2026_to_now,2026-07-23T09:22:29+00:00
CVE-2026-56171,updated,2026-07-22,cve_2026_to_now,2026-07-23T09:22:29+00:00
CVE-2026-56173,updated,2026-07-22,cve_2026_to_now,2026-07-23T09:22:29+00:00
CVE-2026-56175,updated,2026-07-22,cve_2026_to_now,2026-07-23T09:22:29+00:00
CVE-2026-56176,updated,2026-07-22,cve_2026_to_now,2026-07-23T09:22:29+00:00
CVE-2026-56178,updated,2026-07-22,cve_2026_to_now,2026-07-23T09:22:29+00:00
CVE-2026-56181,updated,2026-07-22,cve_2026_to_now,2026-07-23T09:22:29+00:00
CVE-2026-56182,updated,2026-07-22,cve_2026_to_now,2026-07-23T09:22:29+00:00
CVE-2026-56183,updated,2026-07-23,cve_2026_to_now,2026-07-23T09:22:29+00:00
CVE-2026-56184,updated,2026-07-22,cve_2026_to_now,2026-07-23T09:22:29+00:00
CVE-2026-56185,updated,2026-07-22,cve_2026_to_now,2026-07-23T09:22:29+00:00
CVE-2026-56186,updated,2026-07-22,cve_2026_to_now,2026-07-23T09:22:29+00:00
CVE-2026-56187,updated,2026-07-23,cve_2026_to_now,2026-07-23T09:22:29+00:00
CVE-2026-56188,updated,2026-07-22,cve_2026_to_now,2026-07-23T09:22:29+00:00
CVE-2026-56189,updated,2026-07-22,cve_2026_to_now,2026-07-23T09:22:29+00:00
CVE-2026-56190,updated,2026-07-22,cve_2026_to_now,2026-07-23T09:22:29+00:00
CVE-2026-56192,updated,2026-07-22,cve_2026_to_now,2026-07-23T09:22:29+00:00
CVE-2026-56193,updated,2026-07-22,cve_2026_to_now,2026-07-23T09:22:29+00:00
CVE-2026-56194,updated,2026-07-22,cve_2026_to_now,2026-07-23T09:22:29+00:00
CVE-2026-56195,updated,2026-07-22,cve_2026_to_now,2026-07-23T09:22:29+00:00
CVE-2026-56196,updated,2026-07-22,cve_2026_to_now,2026-07-23T09:22:29+00:00
CVE-2026-56197,updated,2026-07-22,cve_2026_to_now,2026-07-23T09:22:29+00:00
CVE-2026-56208,updated,2026-07-22,cve_2026_to_now,2026-07-23T09:22:29+00:00
CVE-2026-56209,updated,2026-07-22,cve_2026_to_now,2026-07-23T09:22:29+00:00
CVE-2026-56210,updated,2026-07-22,cve_2026_to_now,2026-07-23T09:22:29+00:00
CVE-2026-56211,updated,2026-07-22,cve_2026_to_now,2026-07-23T09:22:29+00:00
CVE-2026-56340,updated,2026-07-22,cve_2026_to_now,2026-07-23T09:22:29+00:00
CVE-2026-56416,added,,cve_2026_to_now,2026-07-23T09:22:29+00:00
CVE-2026-56444,added,,cve_2026_to_now,2026-07-23T09:22:29+00:00
CVE-2026-56577,updated,2026-07-22,cve_2026_to_now,2026-07-23T09:22:29+00:00
CVE-2026-56578,updated,2026-07-22,cve_2026_to_now,2026-07-23T09:22:29+00:00
CVE-2026-56579,updated,2026-07-22,cve_2026_to_now,2026-07-23T09:22:29+00:00
CVE-2026-56580,updated,2026-07-22,cve_2026_to_now,2026-07-23T09:22:29+00:00
CVE-2026-56581,updated,2026-07-22,cve_2026_to_now,2026-07-23T09:22:29+00:00
CVE-2026-56582,updated,2026-07-22,cve_2026_to_now,2026-07-23T09:22:29+00:00
CVE-2026-56583,updated,2026-07-22,cve_2026_to_now,2026-07-23T09:22:29+00:00
CVE-2026-56584,updated,2026-07-22,cve_2026_to_now,2026-07-23T09:22:29+00:00
CVE-2026-56585,updated,2026-07-22,cve_2026_to_now,2026-07-23T09:22:29+00:00
CVE-2026-56586,updated,2026-07-22,cve_2026_to_now,2026-07-23T09:22:29+00:00
CVE-2026-56587,updated,2026-07-22,cve_2026_to_now,2026-07-23T09:22:29+00:00
CVE-2026-56624,updated,2026-07-23,cve_2026_to_now,2026-07-23T09:22:29+00:00
CVE-2026-56642,updated,2026-07-22,cve_2026_to_now,2026-07-23T09:22:29+00:00
CVE-2026-56643,updated,2026-07-22,cve_2026_to_now,2026-07-23T09:22:29+00:00
CVE-2026-56644,updated,2026-07-22,cve_2026_to_now,2026-07-23T09:22:29+00:00
CVE-2026-56645,updated,2026-07-22,cve_2026_to_now,2026-07-23T09:22:29+00:00
CVE-2026-56646,updated,2026-07-22,cve_2026_to_now,2026-07-23T09:22:29+00:00
CVE-2026-56647,updated,2026-07-23,cve_2026_to_now,2026-07-23T09:22:29+00:00
CVE-2026-56648,updated,2026-07-22,cve_2026_to_now,2026-07-23T09:22:29+00:00
CVE-2026-56649,updated,2026-07-22,cve_2026_to_now,2026-07-23T09:22:29+00:00
CVE-2026-56650,updated,2026-07-22,cve_2026_to_now,2026-07-23T09:22:29+00:00
CVE-2026-56745,updated,2026-07-22,cve_2026_to_now,2026-07-23T09:22:29+00:00
CVE-2026-56746,updated,2026-07-22,cve_2026_to_now,2026-07-23T09:22:29+00:00
CVE-2026-56816,updated,2026-07-22,cve_2026_to_now,2026-07-23T09:22:29+00:00
CVE-2026-56817,updated,2026-07-22,cve_2026_to_now,2026-07-23T09:22:29+00:00
CVE-2026-56819,updated,2026-07-22,cve_2026_to_now,2026-07-23T09:22:29+00:00
CVE-2026-56820,updated,2026-07-22,cve_2026_to_now,2026-07-23T09:22:29+00:00
CVE-2026-56844,updated,,cve_2026_to_now,2026-07-23T09:22:29+00:00
CVE-2026-57083,updated,2026-07-22,cve_2026_to_now,2026-07-23T09:22:29+00:00
CVE-2026-57084,updated,2026-07-22,cve_2026_to_now,2026-07-23T09:22:29+00:00
CVE-2026-57085,updated,2026-07-22,cve_2026_to_now,2026-07-23T09:22:29+00:00
CVE-2026-57087,updated,2026-07-22,cve_2026_to_now,2026-07-23T09:22:29+00:00
CVE-2026-57088,updated,2026-07-23,cve_2026_to_now,2026-07-23T09:22:29+00:00
CVE-2026-57089,updated,2026-07-23,cve_2026_to_now,2026-07-23T09:22:29+00:00
CVE-2026-57090,updated,2026-07-22,cve_2026_to_now,2026-07-23T09:22:29+00:00
CVE-2026-57091,updated,2026-07-22,cve_2026_to_now,2026-07-23T09:22:29+00:00
CVE-2026-57092,updated,2026-07-22,cve_2026_to_now,2026-07-23T09:22:29+00:00
CVE-2026-57093,updated,2026-07-22,cve_2026_to_now,2026-07-23T09:22:29+00:00
CVE-2026-57094,updated,2026-07-22,cve_2026_to_now,2026-07-23T09:22:29+00:00
CVE-2026-57095,updated,2026-07-22,cve_2026_to_now,2026-07-23T09:22:29+00:00
CVE-2026-57096,updated,2026-07-22,cve_2026_to_now,2026-07-23T09:22:29+00:00
CVE-2026-57097,updated,2026-07-22,cve_2026_to_now,2026-07-23T09:22:29+00:00
CVE-2026-57100,updated,2026-07-22,cve_2026_to_now,2026-07-23T09:22:29+00:00
CVE-2026-57101,updated,2026-07-22,cve_2026_to_now,2026-07-23T09:22:29+00:00
CVE-2026-57102,updated,2026-07-22,cve_2026_to_now,2026-07-23T09:22:29+00:00
CVE-2026-57107,updated,2026-07-22,cve_2026_to_now,2026-07-23T09:22:29+00:00
CVE-2026-57108,updated,2026-07-22,cve_2026_to_now,2026-07-23T09:22:29+00:00
CVE-2026-57495,updated,2026-07-22,cve_2026_to_now,2026-07-23T09:22:29+00:00
CVE-2026-57599,added,,cve_2026_to_now,2026-07-23T09:22:29+00:00
CVE-2026-57600,added,,cve_2026_to_now,2026-07-23T09:22:29+00:00
CVE-2026-57968,updated,2026-07-22,cve_2026_to_now,2026-07-23T09:22:29+00:00
CVE-2026-57969,updated,2026-07-22,cve_2026_to_now,2026-07-23T09:22:29+00:00
CVE-2026-57973,updated,2026-07-22,cve_2026_to_now,2026-07-23T09:22:29+00:00
CVE-2026-57974,updated,2026-07-22,cve_2026_to_now,2026-07-23T09:22:29+00:00
CVE-2026-57975,updated,2026-07-22,cve_2026_to_now,2026-07-23T09:22:29+00:00
CVE-2026-57976,updated,2026-07-22,cve_2026_to_now,2026-07-23T09:22:29+00:00
CVE-2026-57977,updated,2026-07-22,cve_2026_to_now,2026-07-23T09:22:29+00:00
CVE-2026-57979,updated,2026-07-22,cve_2026_to_now,2026-07-23T09:22:29+00:00
CVE-2026-57980,updated,2026-07-22,cve_2026_to_now,2026-07-23T09:22:29+00:00
CVE-2026-57981,updated,2026-07-22,cve_2026_to_now,2026-07-23T09:22:29+00:00
CVE-2026-57982,updated,2026-07-22,cve_2026_to_now,2026-07-23T09:22:29+00:00
CVE-2026-57983,updated,2026-07-22,cve_2026_to_now,2026-07-23T09:22:29+00:00
CVE-2026-57984,updated,2026-07-22,cve_2026_to_now,2026-07-23T09:22:29+00:00
CVE-2026-57985,updated,2026-07-22,cve_2026_to_now,2026-07-23T09:22:29+00:00
CVE-2026-57986,updated,2026-07-22,cve_2026_to_now,2026-07-23T09:22:29+00:00
CVE-2026-57987,updated,2026-07-22,cve_2026_to_now,2026-07-23T09:22:29+00:00
CVE-2026-57988,updated,2026-07-22,cve_2026_to_now,2026-07-23T09:22:29+00:00
CVE-2026-57991,updated,2026-07-22,cve_2026_to_now,2026-07-23T09:22:29+00:00
CVE-2026-57992,updated,2026-07-22,cve_2026_to_now,2026-07-23T09:22:29+00:00
CVE-2026-57993,updated,2026-07-22,cve_2026_to_now,2026-07-23T09:22:29+00:00
CVE-2026-58049,updated,2026-07-22,cve_2026_to_now,2026-07-23T09:22:29+00:00
CVE-2026-58276,updated,2026-07-22,cve_2026_to_now,2026-07-23T09:22:29+00:00
CVE-2026-58277,updated,2026-07-22,cve_2026_to_now,2026-07-23T09:22:29+00:00
CVE-2026-58278,updated,2026-07-22,cve_2026_to_now,2026-07-23T09:22:29+00:00
CVE-2026-58279,updated,2026-07-22,cve_2026_to_now,2026-07-23T09:22:29+00:00
CVE-2026-58281,updated,2026-07-22,cve_2026_to_now,2026-07-23T09:22:29+00:00
CVE-2026-58282,updated,2026-07-22,cve_2026_to_now,2026-07-23T09:22:29+00:00
CVE-2026-58283,updated,2026-07-22,cve_2026_to_now,2026-07-23T09:22:29+00:00
CVE-2026-58284,updated,2026-07-22,cve_2026_to_now,2026-07-23T09:22:29+00:00
CVE-2026-58285,updated,2026-07-22,cve_2026_to_now,2026-07-23T09:22:29+00:00
CVE-2026-58286,updated,2026-07-22,cve_2026_to_now,2026-07-23T09:22:29+00:00
CVE-2026-58287,updated,2026-07-22,cve_2026_to_now,2026-07-23T09:22:29+00:00
CVE-2026-58288,updated,2026-07-22,cve_2026_to_now,2026-07-23T09:22:29+00:00
CVE-2026-58289,updated,2026-07-22,cve_2026_to_now,2026-07-23T09:22:29+00:00
CVE-2026-58290,updated,2026-07-22,cve_2026_to_now,2026-07-23T09:22:29+00:00
CVE-2026-58291,updated,2026-07-22,cve_2026_to_now,2026-07-23T09:22:29+00:00
CVE-2026-58292,updated,2026-07-22,cve_2026_to_now,2026-07-23T09:22:29+00:00
CVE-2026-58293,updated,2026-07-22,cve_2026_to_now,2026-07-23T09:22:29+00:00
CVE-2026-58294,updated,2026-07-22,cve_2026_to_now,2026-07-23T09:22:29+00:00
CVE-2026-58295,updated,2026-07-22,cve_2026_to_now,2026-07-23T09:22:29+00:00
CVE-2026-58296,updated,2026-07-22,cve_2026_to_now,2026-07-23T09:22:29+00:00
CVE-2026-58297,updated,2026-07-22,cve_2026_to_now,2026-07-23T09:22:29+00:00
CVE-2026-58298,updated,2026-07-22,cve_2026_to_now,2026-07-23T09:22:29+00:00
CVE-2026-58299,updated,2026-07-22,cve_2026_to_now,2026-07-23T09:22:29+00:00
CVE-2026-58300,updated,2026-07-22,cve_2026_to_now,2026-07-23T09:22:29+00:00
CVE-2026-58522,updated,2026-07-22,cve_2026_to_now,2026-07-23T09:22:29+00:00
CVE-2026-58523,updated,2026-07-22,cve_2026_to_now,2026-07-23T09:22:29+00:00
CVE-2026-58524,updated,2026-07-22,cve_2026_to_now,2026-07-23T09:22:29+00:00
CVE-2026-58525,updated,2026-07-22,cve_2026_to_now,2026-07-23T09:22:29+00:00
CVE-2026-58526,updated,2026-07-22,cve_2026_to_now,2026-07-23T09:22:29+00:00
CVE-2026-58527,updated,2026-07-22,cve_2026_to_now,2026-07-23T09:22:29+00:00
CVE-2026-58528,updated,2026-07-22,cve_2026_to_now,2026-07-23T09:22:29+00:00
CVE-2026-58529,updated,2026-07-22,cve_2026_to_now,2026-07-23T09:22:29+00:00
CVE-2026-58530,updated,2026-07-22,cve_2026_to_now,2026-07-23T09:22:29+00:00
CVE-2026-58531,updated,2026-07-22,cve_2026_to_now,2026-07-23T09:22:29+00:00
CVE-2026-58532,updated,2026-07-22,cve_2026_to_now,2026-07-23T09:22:29+00:00
CVE-2026-58533,updated,2026-07-22,cve_2026_to_now,2026-07-23T09:22:29+00:00
CVE-2026-58534,updated,2026-07-22,cve_2026_to_now,2026-07-23T09:22:29+00:00
CVE-2026-58535,updated,2026-07-22,cve_2026_to_now,2026-07-23T09:22:29+00:00
CVE-2026-58536,updated,2026-07-22,cve_2026_to_now,2026-07-23T09:22:29+00:00
CVE-2026-58537,updated,2026-07-23,cve_2026_to_now,2026-07-23T09:22:29+00:00
CVE-2026-58538,updated,2026-07-22,cve_2026_to_now,2026-07-23T09:22:29+00:00
CVE-2026-58539,updated,2026-07-22,cve_2026_to_now,2026-07-23T09:22:29+00:00
CVE-2026-58540,updated,2026-07-22,cve_2026_to_now,2026-07-23T09:22:29+00:00
CVE-2026-58541,updated,2026-07-22,cve_2026_to_now,2026-07-23T09:22:29+00:00
CVE-2026-58542,updated,2026-07-22,cve_2026_to_now,2026-07-23T09:22:29+00:00
CVE-2026-58543,updated,2026-07-22,cve_2026_to_now,2026-07-23T09:22:29+00:00
CVE-2026-58544,updated,2026-07-22,cve_2026_to_now,2026-07-23T09:22:29+00:00
CVE-2026-58545,updated,2026-07-22,cve_2026_to_now,2026-07-23T09:22:29+00:00
CVE-2026-58546,updated,2026-07-22,cve_2026_to_now,2026-07-23T09:22:29+00:00
CVE-2026-58547,updated,2026-07-22,cve_2026_to_now,2026-07-23T09:22:29+00:00
CVE-2026-58594,updated,2026-07-22,cve_2026_to_now,2026-07-23T09:22:29+00:00
CVE-2026-58595,updated,2026-07-22,cve_2026_to_now,2026-07-23T09:22:29+00:00
CVE-2026-58596,updated,2026-07-22,cve_2026_to_now,2026-07-23T09:22:29+00:00
CVE-2026-58597,updated,2026-07-22,cve_2026_to_now,2026-07-23T09:22:29+00:00
CVE-2026-58598,updated,2026-07-22,cve_2026_to_now,2026-07-23T09:22:29+00:00
CVE-2026-58601,updated,2026-07-22,cve_2026_to_now,2026-07-23T09:22:29+00:00
CVE-2026-58602,updated,2026-07-22,cve_2026_to_now,2026-07-23T09:22:29+00:00
CVE-2026-58608,updated,2026-07-22,cve_2026_to_now,2026-07-23T09:22:29+00:00
CVE-2026-58609,updated,2026-07-22,cve_2026_to_now,2026-07-23T09:22:29+00:00
CVE-2026-58610,updated,2026-07-22,cve_2026_to_now,2026-07-23T09:22:29+00:00
CVE-2026-58613,updated,2026-07-22,cve_2026_to_now,2026-07-23T09:22:29+00:00
CVE-2026-58614,updated,2026-07-22,cve_2026_to_now,2026-07-23T09:22:29+00:00
CVE-2026-58617,updated,2026-07-22,cve_2026_to_now,2026-07-23T09:22:29+00:00
CVE-2026-58618,updated,2026-07-22,cve_2026_to_now,2026-07-23T09:22:29+00:00
CVE-2026-58619,updated,2026-07-22,cve_2026_to_now,2026-07-23T09:22:29+00:00
CVE-2026-58626,updated,2026-07-22,cve_2026_to_now,2026-07-23T09:22:29+00:00
CVE-2026-58627,updated,2026-07-22,cve_2026_to_now,2026-07-23T09:22:29+00:00
CVE-2026-58628,updated,2026-07-22,cve_2026_to_now,2026-07-23T09:22:29+00:00
CVE-2026-58629,updated,2026-07-22,cve_2026_to_now,2026-07-23T09:22:29+00:00
CVE-2026-58631,updated,2026-07-22,cve_2026_to_now,2026-07-23T09:22:29+00:00
CVE-2026-58632,updated,2026-07-22,cve_2026_to_now,2026-07-23T09:22:29+00:00
CVE-2026-58633,updated,2026-07-22,cve_2026_to_now,2026-07-23T09:22:29+00:00
CVE-2026-58634,updated,2026-07-22,cve_2026_to_now,2026-07-23T09:22:29+00:00
CVE-2026-58635,updated,2026-07-22,cve_2026_to_now,2026-07-23T09:22:29+00:00
CVE-2026-58636,updated,2026-07-22,cve_2026_to_now,2026-07-23T09:22:29+00:00
CVE-2026-58637,updated,2026-07-22,cve_2026_to_now,2026-07-23T09:22:29+00:00
CVE-2026-58638,updated,2026-07-22,cve_2026_to_now,2026-07-23T09:22:29+00:00
CVE-2026-58640,updated,2026-07-22,cve_2026_to_now,2026-07-23T09:22:29+00:00
CVE-2026-58643,updated,2026-07-22,cve_2026_to_now,2026-07-23T09:22:29+00:00
CVE-2026-58644,updated,2026-07-22,cve_2026_to_now,2026-07-23T09:22:29+00:00
CVE-2026-58647,updated,2026-07-22,cve_2026_to_now,2026-07-23T09:22:29+00:00
CVE-2026-59117,updated,2026-07-22,cve_2026_to_now,2026-07-23T09:22:29+00:00
CVE-2026-59139,updated,2026-07-22,cve_2026_to_now,2026-07-23T09:22:29+00:00
CVE-2026-59140,updated,2026-07-22,cve_2026_to_now,2026-07-23T09:22:29+00:00
CVE-2026-59141,updated,2026-07-22,cve_2026_to_now,2026-07-23T09:22:29+00:00
CVE-2026-59142,updated,2026-07-22,cve_2026_to_now,2026-07-23T09:22:29+00:00
CVE-2026-59144,updated,2026-07-22,cve_2026_to_now,2026-07-23T09:22:29+00:00
CVE-2026-59145,updated,2026-07-22,cve_2026_to_now,2026-07-23T09:22:29+00:00
CVE-2026-59146,updated,2026-07-22,cve_2026_to_now,2026-07-23T09:22:29+00:00
CVE-2026-59676,added,,cve_2026_to_now,2026-07-23T09:22:29+00:00
CVE-2026-59677,added,,cve_2026_to_now,2026-07-23T09:22:29+00:00
CVE-2026-59678,added,,cve_2026_to_now,2026-07-23T09:22:29+00:00
CVE-2026-59842,updated,2026-07-22,cve_2026_to_now,2026-07-23T09:22:29+00:00
CVE-2026-59843,updated,2026-07-22,cve_2026_to_now,2026-07-23T09:22:29+00:00
CVE-2026-59844,updated,2026-07-22,cve_2026_to_now,2026-07-23T09:22:29+00:00
CVE-2026-59845,updated,2026-07-22,cve_2026_to_now,2026-07-23T09:22:29+00:00
CVE-2026-59846,updated,2026-07-22,cve_2026_to_now,2026-07-23T09:22:29+00:00
CVE-2026-59847,updated,2026-07-22,cve_2026_to_now,2026-07-23T09:22:29+00:00
CVE-2026-59848,updated,2026-07-22,cve_2026_to_now,2026-07-23T09:22:29+00:00
CVE-2026-59849,updated,2026-07-22,cve_2026_to_now,2026-07-23T09:22:29+00:00
CVE-2026-59850,updated,2026-07-22,cve_2026_to_now,2026-07-23T09:22:29+00:00
CVE-2026-59851,updated,2026-07-22,cve_2026_to_now,2026-07-23T09:22:29+00:00
CVE-2026-60080,updated,2026-07-22,cve_2026_to_now,2026-07-23T09:22:29+00:00
CVE-2026-60366,added,,cve_2026_to_now,2026-07-23T09:22:29+00:00
CVE-2026-60367,added,,cve_2026_to_now,2026-07-23T09:22:29+00:00
CVE-2026-60368,added,,cve_2026_to_now,2026-07-23T09:22:29+00:00
CVE-2026-60369,added,,cve_2026_to_now,2026-07-23T09:22:29+00:00
CVE-2026-60370,added,,cve_2026_to_now,2026-07-23T09:22:29+00:00
CVE-2026-60371,added,,cve_2026_to_now,2026-07-23T09:22:29+00:00
CVE-2026-60372,added,,cve_2026_to_now,2026-07-23T09:22:29+00:00
CVE-2026-60373,added,,cve_2026_to_now,2026-07-23T09:22:29+00:00
CVE-2026-60439,added,,cve_2026_to_now,2026-07-23T09:22:29+00:00
CVE-2026-60455,added,,cve_2026_to_now,2026-07-23T09:22:29+00:00
CVE-2026-61196,updated,2026-07-22,cve_2026_to_now,2026-07-23T09:22:29+00:00
CVE-2026-61197,updated,2026-07-22,cve_2026_to_now,2026-07-23T09:22:29+00:00
CVE-2026-61200,updated,2026-07-22,cve_2026_to_now,2026-07-23T09:22:29+00:00
CVE-2026-61201,updated,2026-07-22,cve_2026_to_now,2026-07-23T09:22:29+00:00
CVE-2026-61202,updated,2026-07-22,cve_2026_to_now,2026-07-23T09:22:29+00:00
CVE-2026-61203,updated,2026-07-22,cve_2026_to_now,2026-07-23T09:22:29+00:00
CVE-2026-61204,updated,2026-07-22,cve_2026_to_now,2026-07-23T09:22:29+00:00
CVE-2026-61205,updated,2026-07-22,cve_2026_to_now,2026-07-23T09:22:29+00:00
CVE-2026-61207,updated,2026-07-22,cve_2026_to_now,2026-07-23T09:22:29+00:00
CVE-2026-61209,updated,2026-07-22,cve_2026_to_now,2026-07-23T09:22:29+00:00
CVE-2026-61210,updated,2026-07-22,cve_2026_to_now,2026-07-23T09:22:29+00:00
CVE-2026-61211,updated,2026-07-22,cve_2026_to_now,2026-07-23T09:22:29+00:00
CVE-2026-61214,updated,2026-07-22,cve_2026_to_now,2026-07-23T09:22:29+00:00
CVE-2026-61216,updated,2026-07-22,cve_2026_to_now,2026-07-23T09:22:29+00:00
CVE-2026-61217,updated,2026-07-22,cve_2026_to_now,2026-07-23T09:22:29+00:00
CVE-2026-61218,updated,2026-07-22,cve_2026_to_now,2026-07-23T09:22:29+00:00
CVE-2026-61220,updated,2026-07-22,cve_2026_to_now,2026-07-23T09:22:29+00:00
CVE-2026-61221,updated,2026-07-22,cve_2026_to_now,2026-07-23T09:22:29+00:00
CVE-2026-61223,updated,2026-07-22,cve_2026_to_now,2026-07-23T09:22:29+00:00
CVE-2026-61224,updated,2026-07-22,cve_2026_to_now,2026-07-23T09:22:29+00:00
CVE-2026-61225,updated,2026-07-22,cve_2026_to_now,2026-07-23T09:22:29+00:00
CVE-2026-61226,updated,2026-07-22,cve_2026_to_now,2026-07-23T09:22:29+00:00
CVE-2026-61232,updated,2026-07-22,cve_2026_to_now,2026-07-23T09:22:29+00:00
CVE-2026-61233,updated,2026-07-22,cve_2026_to_now,2026-07-23T09:22:29+00:00
CVE-2026-61234,updated,2026-07-22,cve_2026_to_now,2026-07-23T09:22:29+00:00
CVE-2026-61235,updated,2026-07-22,cve_2026_to_now,2026-07-23T09:22:29+00:00
CVE-2026-61236,updated,2026-07-22,cve_2026_to_now,2026-07-23T09:22:29+00:00
CVE-2026-61237,updated,2026-07-22,cve_2026_to_now,2026-07-23T09:22:29+00:00
CVE-2026-61238,updated,2026-07-22,cve_2026_to_now,2026-07-23T09:22:29+00:00
CVE-2026-61239,updated,2026-07-22,cve_2026_to_now,2026-07-23T09:22:29+00:00
CVE-2026-61240,updated,2026-07-22,cve_2026_to_now,2026-07-23T09:22:29+00:00
CVE-2026-61242,updated,2026-07-22,cve_2026_to_now,2026-07-23T09:22:29+00:00
CVE-2026-61243,updated,2026-07-22,cve_2026_to_now,2026-07-23T09:22:29+00:00
CVE-2026-61244,updated,2026-07-22,cve_2026_to_now,2026-07-23T09:22:29+00:00
CVE-2026-61245,updated,2026-07-22,cve_2026_to_now,2026-07-23T09:22:29+00:00
CVE-2026-61246,added,,cve_2026_to_now,2026-07-23T09:22:29+00:00
CVE-2026-61247,updated,2026-07-22,cve_2026_to_now,2026-07-23T09:22:29+00:00
CVE-2026-61249,updated,2026-07-22,cve_2026_to_now,2026-07-23T09:22:29+00:00
CVE-2026-61250,updated,2026-07-22,cve_2026_to_now,2026-07-23T09:22:29+00:00
CVE-2026-61251,updated,2026-07-22,cve_2026_to_now,2026-07-23T09:22:29+00:00
CVE-2026-61252,updated,2026-07-22,cve_2026_to_now,2026-07-23T09:22:29+00:00
CVE-2026-61253,updated,2026-07-22,cve_2026_to_now,2026-07-23T09:22:29+00:00
CVE-2026-61254,updated,2026-07-22,cve_2026_to_now,2026-07-23T09:22:29+00:00
CVE-2026-61255,updated,2026-07-22,cve_2026_to_now,2026-07-23T09:22:29+00:00
CVE-2026-61256,updated,2026-07-22,cve_2026_to_now,2026-07-23T09:22:29+00:00
CVE-2026-61257,updated,2026-07-22,cve_2026_to_now,2026-07-23T09:22:29+00:00
CVE-2026-61260,updated,2026-07-22,cve_2026_to_now,2026-07-23T09:22:29+00:00
CVE-2026-61261,updated,2026-07-22,cve_2026_to_now,2026-07-23T09:22:29+00:00
CVE-2026-61262,updated,2026-07-22,cve_2026_to_now,2026-07-23T09:22:29+00:00
CVE-2026-61263,updated,2026-07-22,cve_2026_to_now,2026-07-23T09:22:29+00:00
CVE-2026-61264,updated,2026-07-22,cve_2026_to_now,2026-07-23T09:22:29+00:00
CVE-2026-61266,updated,2026-07-22,cve_2026_to_now,2026-07-23T09:22:29+00:00
CVE-2026-61267,updated,2026-07-22,cve_2026_to_now,2026-07-23T09:22:29+00:00
CVE-2026-61269,updated,2026-07-22,cve_2026_to_now,2026-07-23T09:22:29+00:00
CVE-2026-61271,updated,2026-07-22,cve_2026_to_now,2026-07-23T09:22:29+00:00
CVE-2026-61274,updated,2026-07-22,cve_2026_to_now,2026-07-23T09:22:29+00:00
CVE-2026-61275,updated,2026-07-22,cve_2026_to_now,2026-07-23T09:22:29+00:00
CVE-2026-61277,updated,2026-07-22,cve_2026_to_now,2026-07-23T09:22:29+00:00
CVE-2026-61278,updated,2026-07-22,cve_2026_to_now,2026-07-23T09:22:29+00:00
CVE-2026-61279,updated,2026-07-22,cve_2026_to_now,2026-07-23T09:22:29+00:00
CVE-2026-61280,updated,2026-07-22,cve_2026_to_now,2026-07-23T09:22:29+00:00
CVE-2026-61282,updated,2026-07-22,cve_2026_to_now,2026-07-23T09:22:29+00:00
CVE-2026-61283,updated,2026-07-22,cve_2026_to_now,2026-07-23T09:22:29+00:00
CVE-2026-61285,updated,2026-07-22,cve_2026_to_now,2026-07-23T09:22:29+00:00
CVE-2026-61287,updated,2026-07-22,cve_2026_to_now,2026-07-23T09:22:29+00:00
CVE-2026-61289,updated,2026-07-22,cve_2026_to_now,2026-07-23T09:22:29+00:00
CVE-2026-61292,updated,2026-07-22,cve_2026_to_now,2026-07-23T09:22:29+00:00
CVE-2026-61294,updated,2026-07-22,cve_2026_to_now,2026-07-23T09:22:29+00:00
CVE-2026-61297,updated,2026-07-22,cve_2026_to_now,2026-07-23T09:22:29+00:00
CVE-2026-61299,updated,2026-07-22,cve_2026_to_now,2026-07-23T09:22:29+00:00
CVE-2026-61301,updated,2026-07-22,cve_2026_to_now,2026-07-23T09:22:29+00:00
CVE-2026-61303,updated,2026-07-22,cve_2026_to_now,2026-07-23T09:22:29+00:00
CVE-2026-61304,updated,2026-07-22,cve_2026_to_now,2026-07-23T09:22:29+00:00
CVE-2026-61309,updated,2026-07-22,cve_2026_to_now,2026-07-23T09:22:29+00:00
CVE-2026-61310,updated,2026-07-22,cve_2026_to_now,2026-07-23T09:22:29+00:00
CVE-2026-61311,updated,2026-07-22,cve_2026_to_now,2026-07-23T09:22:29+00:00
CVE-2026-61312,updated,2026-07-22,cve_2026_to_now,2026-07-23T09:22:29+00:00
CVE-2026-61314,updated,2026-07-22,cve_2026_to_now,2026-07-23T09:22:29+00:00
CVE-2026-61315,updated,2026-07-22,cve_2026_to_now,2026-07-23T09:22:29+00:00
CVE-2026-61316,updated,2026-07-22,cve_2026_to_now,2026-07-23T09:22:29+00:00
CVE-2026-61320,updated,2026-07-22,cve_2026_to_now,2026-07-23T09:22:29+00:00
CVE-2026-61322,updated,2026-07-22,cve_2026_to_now,2026-07-23T09:22:29+00:00
CVE-2026-61323,updated,2026-07-22,cve_2026_to_now,2026-07-23T09:22:29+00:00
CVE-2026-61324,updated,2026-07-22,cve_2026_to_now,2026-07-23T09:22:29+00:00
CVE-2026-61325,updated,2026-07-22,cve_2026_to_now,2026-07-23T09:22:29+00:00
CVE-2026-61327,updated,2026-07-22,cve_2026_to_now,2026-07-23T09:22:29+00:00
CVE-2026-61328,updated,2026-07-22,cve_2026_to_now,2026-07-23T09:22:29+00:00
CVE-2026-61329,updated,2026-07-22,cve_2026_to_now,2026-07-23T09:22:29+00:00
CVE-2026-61333,updated,2026-07-22,cve_2026_to_now,2026-07-23T09:22:29+00:00
CVE-2026-61334,updated,2026-07-22,cve_2026_to_now,2026-07-23T09:22:29+00:00
CVE-2026-61335,updated,2026-07-22,cve_2026_to_now,2026-07-23T09:22:29+00:00
CVE-2026-61336,updated,2026-07-22,cve_2026_to_now,2026-07-23T09:22:29+00:00
CVE-2026-61337,updated,2026-07-22,cve_2026_to_now,2026-07-23T09:22:29+00:00
CVE-2026-61338,updated,2026-07-22,cve_2026_to_now,2026-07-23T09:22:29+00:00
CVE-2026-61390,added,,cve_2026_to_now,2026-07-23T09:22:29+00:00
CVE-2026-61391,added,,cve_2026_to_now,2026-07-23T09:22:29+00:00
CVE-2026-61392,added,,cve_2026_to_now,2026-07-23T09:22:29+00:00
CVE-2026-62144,added,,cve_2026_to_now,2026-07-23T09:22:29+00:00
CVE-2026-62145,added,,cve_2026_to_now,2026-07-23T09:22:29+00:00
CVE-2026-62414,updated,2026-07-22,cve_2026_to_now,2026-07-23T09:22:29+00:00
CVE-2026-62443,updated,2026-07-22,cve_2026_to_now,2026-07-23T09:22:29+00:00
CVE-2026-62444,updated,2026-07-22,cve_2026_to_now,2026-07-23T09:22:29+00:00
CVE-2026-62445,updated,2026-07-22,cve_2026_to_now,2026-07-23T09:22:29+00:00
CVE-2026-62447,updated,2026-07-22,cve_2026_to_now,2026-07-23T09:22:29+00:00
CVE-2026-62451,updated,2026-07-22,cve_2026_to_now,2026-07-23T09:22:29+00:00
CVE-2026-62453,updated,2026-07-22,cve_2026_to_now,2026-07-23T09:22:29+00:00
CVE-2026-62456,updated,2026-07-22,cve_2026_to_now,2026-07-23T09:22:29+00:00
CVE-2026-62464,updated,2026-07-22,cve_2026_to_now,2026-07-23T09:22:29+00:00
CVE-2026-62465,updated,2026-07-22,cve_2026_to_now,2026-07-23T09:22:29+00:00
CVE-2026-62466,updated,2026-07-22,cve_2026_to_now,2026-07-23T09:22:29+00:00
CVE-2026-62468,updated,2026-07-22,cve_2026_to_now,2026-07-23T09:22:29+00:00
CVE-2026-62469,updated,2026-07-22,cve_2026_to_now,2026-07-23T09:22:29+00:00
CVE-2026-62470,updated,2026-07-22,cve_2026_to_now,2026-07-23T09:22:29+00:00
CVE-2026-62472,updated,2026-07-22,cve_2026_to_now,2026-07-23T09:22:29+00:00
CVE-2026-62473,updated,2026-07-22,cve_2026_to_now,2026-07-23T09:22:29+00:00
CVE-2026-62474,updated,2026-07-22,cve_2026_to_now,2026-07-23T09:22:29+00:00
CVE-2026-62476,updated,2026-07-22,cve_2026_to_now,2026-07-23T09:22:29+00:00
CVE-2026-62478,updated,2026-07-22,cve_2026_to_now,2026-07-23T09:22:29+00:00
CVE-2026-62479,updated,2026-07-22,cve_2026_to_now,2026-07-23T09:22:29+00:00
CVE-2026-62480,updated,2026-07-22,cve_2026_to_now,2026-07-23T09:22:29+00:00
CVE-2026-62482,updated,2026-07-22,cve_2026_to_now,2026-07-23T09:22:29+00:00
CVE-2026-62483,updated,2026-07-22,cve_2026_to_now,2026-07-23T09:22:29+00:00
CVE-2026-62484,updated,2026-07-22,cve_2026_to_now,2026-07-23T09:22:29+00:00
CVE-2026-62486,updated,2026-07-22,cve_2026_to_now,2026-07-23T09:22:29+00:00
CVE-2026-62487,updated,2026-07-22,cve_2026_to_now,2026-07-23T09:22:29+00:00
CVE-2026-62488,updated,2026-07-22,cve_2026_to_now,2026-07-23T09:22:29+00:00
CVE-2026-62489,updated,2026-07-22,cve_2026_to_now,2026-07-23T09:22:29+00:00
CVE-2026-62490,updated,2026-07-22,cve_2026_to_now,2026-07-23T09:22:29+00:00
CVE-2026-62493,updated,2026-07-22,cve_2026_to_now,2026-07-23T09:22:29+00:00
CVE-2026-62494,updated,2026-07-22,cve_2026_to_now,2026-07-23T09:22:29+00:00
CVE-2026-62495,updated,2026-07-22,cve_2026_to_now,2026-07-23T09:22:29+00:00
CVE-2026-62496,updated,2026-07-22,cve_2026_to_now,2026-07-23T09:22:29+00:00
CVE-2026-62497,updated,2026-07-22,cve_2026_to_now,2026-07-23T09:22:29+00:00
CVE-2026-62498,updated,2026-07-22,cve_2026_to_now,2026-07-23T09:22:29+00:00
CVE-2026-62503,updated,2026-07-22,cve_2026_to_now,2026-07-23T09:22:29+00:00
CVE-2026-62504,updated,2026-07-22,cve_2026_to_now,2026-07-23T09:22:29+00:00
CVE-2026-62505,updated,2026-07-22,cve_2026_to_now,2026-07-23T09:22:29+00:00
CVE-2026-62507,updated,2026-07-22,cve_2026_to_now,2026-07-23T09:22:29+00:00
CVE-2026-62508,updated,2026-07-22,cve_2026_to_now,2026-07-23T09:22:29+00:00
CVE-2026-62513,updated,2026-07-22,cve_2026_to_now,2026-07-23T09:22:29+00:00
CVE-2026-62514,updated,2026-07-22,cve_2026_to_now,2026-07-23T09:22:29+00:00
CVE-2026-62515,updated,2026-07-22,cve_2026_to_now,2026-07-23T09:22:29+00:00
CVE-2026-62516,updated,2026-07-22,cve_2026_to_now,2026-07-23T09:22:29+00:00
CVE-2026-62517,updated,2026-07-22,cve_2026_to_now,2026-07-23T09:22:29+00:00
CVE-2026-62518,updated,2026-07-22,cve_2026_to_now,2026-07-23T09:22:29+00:00
CVE-2026-62519,updated,2026-07-22,cve_2026_to_now,2026-07-23T09:22:29+00:00
CVE-2026-62521,updated,2026-07-22,cve_2026_to_now,2026-07-23T09:22:29+00:00
CVE-2026-62524,updated,2026-07-22,cve_2026_to_now,2026-07-23T09:22:29+00:00
CVE-2026-62525,updated,2026-07-22,cve_2026_to_now,2026-07-23T09:22:29+00:00
CVE-2026-62527,updated,2026-07-22,cve_2026_to_now,2026-07-23T09:22:29+00:00
CVE-2026-62528,updated,2026-07-22,cve_2026_to_now,2026-07-23T09:22:29+00:00
CVE-2026-62530,updated,2026-07-22,cve_2026_to_now,2026-07-23T09:22:29+00:00
CVE-2026-62534,updated,2026-07-22,cve_2026_to_now,2026-07-23T09:22:29+00:00
CVE-2026-62542,updated,2026-07-22,cve_2026_to_now,2026-07-23T09:22:29+00:00
CVE-2026-62546,updated,2026-07-22,cve_2026_to_now,2026-07-23T09:22:29+00:00
CVE-2026-62547,updated,2026-07-22,cve_2026_to_now,2026-07-23T09:22:29+00:00
CVE-2026-62548,updated,2026-07-22,cve_2026_to_now,2026-07-23T09:22:29+00:00
CVE-2026-62549,updated,2026-07-22,cve_2026_to_now,2026-07-23T09:22:29+00:00
CVE-2026-62556,updated,2026-07-22,cve_2026_to_now,2026-07-23T09:22:29+00:00
CVE-2026-62557,updated,2026-07-22,cve_2026_to_now,2026-07-23T09:22:29+00:00
CVE-2026-62559,updated,2026-07-22,cve_2026_to_now,2026-07-23T09:22:29+00:00
CVE-2026-62560,updated,2026-07-22,cve_2026_to_now,2026-07-23T09:22:29+00:00
CVE-2026-62561,updated,2026-07-22,cve_2026_to_now,2026-07-23T09:22:29+00:00
CVE-2026-62562,updated,2026-07-22,cve_2026_to_now,2026-07-23T09:22:29+00:00
CVE-2026-62563,updated,2026-07-22,cve_2026_to_now,2026-07-23T09:22:29+00:00
CVE-2026-62565,updated,2026-07-22,cve_2026_to_now,2026-07-23T09:22:29+00:00
CVE-2026-62567,updated,2026-07-22,cve_2026_to_now,2026-07-23T09:22:29+00:00
CVE-2026-62574,updated,2026-07-22,cve_2026_to_now,2026-07-23T09:22:29+00:00
CVE-2026-62826,updated,2026-07-22,cve_2026_to_now,2026-07-23T09:22:29+00:00
CVE-2026-63047,updated,,cve_2026_to_now,2026-07-23T09:22:29+00:00
CVE-2026-63048,updated,,cve_2026_to_now,2026-07-23T09:22:29+00:00
CVE-2026-63080,updated,2026-07-22,cve_2026_to_now,2026-07-23T09:22:29+00:00
CVE-2026-63136,updated,2026-07-22,cve_2026_to_now,2026-07-23T09:22:29+00:00
CVE-2026-63139,updated,2026-07-22,cve_2026_to_now,2026-07-23T09:22:29+00:00
CVE-2026-63140,updated,2026-07-22,cve_2026_to_now,2026-07-23T09:22:29+00:00
CVE-2026-63141,updated,2026-07-22,cve_2026_to_now,2026-07-23T09:22:29+00:00
CVE-2026-63142,updated,2026-07-22,cve_2026_to_now,2026-07-23T09:22:29+00:00
CVE-2026-63143,updated,2026-07-22,cve_2026_to_now,2026-07-23T09:22:29+00:00
CVE-2026-63144,updated,2026-07-22,cve_2026_to_now,2026-07-23T09:22:29+00:00
CVE-2026-63145,updated,2026-07-22,cve_2026_to_now,2026-07-23T09:22:29+00:00
CVE-2026-63226,added,,cve_2026_to_now,2026-07-23T09:22:29+00:00
CVE-2026-63259,updated,2026-07-22,cve_2026_to_now,2026-07-23T09:22:29+00:00
CVE-2026-63260,updated,2026-07-22,cve_2026_to_now,2026-07-23T09:22:29+00:00
CVE-2026-63261,updated,2026-07-22,cve_2026_to_now,2026-07-23T09:22:29+00:00
CVE-2026-63262,updated,2026-07-22,cve_2026_to_now,2026-07-23T09:22:29+00:00
CVE-2026-63263,updated,2026-07-22,cve_2026_to_now,2026-07-23T09:22:29+00:00
CVE-2026-63264,updated,,cve_2026_to_now,2026-07-23T09:22:29+00:00
CVE-2026-63265,added,,cve_2026_to_now,2026-07-23T09:22:29+00:00
CVE-2026-63280,added,,cve_2026_to_now,2026-07-23T09:22:29+00:00
CVE-2026-63281,added,,cve_2026_to_now,2026-07-23T09:22:29+00:00
CVE-2026-63453,updated,2026-07-22,cve_2026_to_now,2026-07-23T09:22:29+00:00
CVE-2026-63454,updated,2026-07-22,cve_2026_to_now,2026-07-23T09:22:29+00:00
CVE-2026-63683,added,,cve_2026_to_now,2026-07-23T09:22:29+00:00
CVE-2026-63684,added,,cve_2026_to_now,2026-07-23T09:22:29+00:00
CVE-2026-63685,added,,cve_2026_to_now,2026-07-23T09:22:29+00:00
CVE-2026-63728,updated,2026-07-22,cve_2026_to_now,2026-07-23T09:22:29+00:00
CVE-2026-64600,added,,cve_2026_to_now,2026-07-23T09:22:29+00:00
CVE-2026-64624,updated,2026-07-23,cve_2026_to_now,2026-07-23T09:22:29+00:00
CVE-2026-64626,updated,2026-07-22,cve_2026_to_now,2026-07-23T09:22:29+00:00
CVE-2026-64791,added,,cve_2026_to_now,2026-07-23T09:22:29+00:00
CVE-2026-64792,added,,cve_2026_to_now,2026-07-23T09:22:29+00:00
CVE-2026-64793,added,,cve_2026_to_now,2026-07-23T09:22:29+00:00
CVE-2026-64794,added,,cve_2026_to_now,2026-07-23T09:22:29+00:00
CVE-2026-64795,added,,cve_2026_to_now,2026-07-23T09:22:29+00:00
CVE-2026-64796,added,,cve_2026_to_now,2026-07-23T09:22:29+00:00
CVE-2026-64797,added,,cve_2026_to_now,2026-07-23T09:22:29+00:00
CVE-2026-64798,added,,cve_2026_to_now,2026-07-23T09:22:29+00:00
CVE-2026-64799,added,,cve_2026_to_now,2026-07-23T09:22:29+00:00
CVE-2026-64821,updated,2026-07-22,cve_2026_to_now,2026-07-23T09:22:29+00:00
CVE-2026-64822,updated,2026-07-22,cve_2026_to_now,2026-07-23T09:22:29+00:00
CVE-2026-64823,updated,2026-07-22,cve_2026_to_now,2026-07-23T09:22:29+00:00
CVE-2026-64828,added,,cve_2026_to_now,2026-07-23T09:22:29+00:00
CVE-2026-64829,added,,cve_2026_to_now,2026-07-23T09:22:29+00:00
CVE-2026-64830,added,,cve_2026_to_now,2026-07-23T09:22:29+00:00
CVE-2026-64831,added,,cve_2026_to_now,2026-07-23T09:22:29+00:00
CVE-2026-64832,added,,cve_2026_to_now,2026-07-23T09:22:29+00:00
CVE-2026-64833,added,,cve_2026_to_now,2026-07-23T09:22:29+00:00
CVE-2026-64834,added,,cve_2026_to_now,2026-07-23T09:22:29+00:00
CVE-2026-64835,added,,cve_2026_to_now,2026-07-23T09:22:29+00:00
CVE-2026-64871,added,,cve_2026_to_now,2026-07-23T09:22:29+00:00
CVE-2026-64872,added,,cve_2026_to_now,2026-07-23T09:22:29+00:00
CVE-2026-64873,added,,cve_2026_to_now,2026-07-23T09:22:29+00:00
CVE-2026-64874,added,,cve_2026_to_now,2026-07-23T09:22:29+00:00
CVE-2026-64875,added,,cve_2026_to_now,2026-07-23T09:22:29+00:00
CVE-2026-64876,added,,cve_2026_to_now,2026-07-23T09:22:29+00:00
CVE-2026-64877,updated,2026-07-22,cve_2026_to_now,2026-07-23T09:22:29+00:00
CVE-2026-64878,updated,2026-07-22,cve_2026_to_now,2026-07-23T09:22:29+00:00
CVE-2026-64879,updated,2026-07-22,cve_2026_to_now,2026-07-23T09:22:29+00:00
CVE-2026-64880,updated,2026-07-22,cve_2026_to_now,2026-07-23T09:22:29+00:00
CVE-2026-64881,updated,2026-07-22,cve_2026_to_now,2026-07-23T09:22:29+00:00
CVE-2026-65008,updated,2026-07-22,cve_2026_to_now,2026-07-23T09:22:29+00:00
CVE-2026-65009,updated,2026-07-22,cve_2026_to_now,2026-07-23T09:22:29+00:00
CVE-2026-65011,added,,cve_2026_to_now,2026-07-23T09:22:29+00:00
CVE-2026-65012,added,,cve_2026_to_now,2026-07-23T09:22:29+00:00
CVE-2026-65013,added,,cve_2026_to_now,2026-07-23T09:22:29+00:00
CVE-2026-65014,added,,cve_2026_to_now,2026-07-23T09:22:29+00:00
CVE-2026-65015,added,,cve_2026_to_now,2026-07-23T09:22:29+00:00
CVE-2026-65016,added,,cve_2026_to_now,2026-07-23T09:22:29+00:00
CVE-2026-65048,updated,2026-07-22,cve_2026_to_now,2026-07-23T09:22:29+00:00
CVE-2026-65049,updated,2026-07-22,cve_2026_to_now,2026-07-23T09:22:29+00:00
CVE-2026-65050,updated,2026-07-22,cve_2026_to_now,2026-07-23T09:22:29+00:00
CVE-2026-65051,updated,2026-07-22,cve_2026_to_now,2026-07-23T09:22:29+00:00
CVE-2026-65052,updated,2026-07-22,cve_2026_to_now,2026-07-23T09:22:29+00:00
CVE-2026-65054,updated,2026-07-22,cve_2026_to_now,2026-07-23T09:22:29+00:00
CVE-2026-65056,updated,2026-07-22,cve_2026_to_now,2026-07-23T09:22:29+00:00
CVE-2026-65057,updated,2026-07-22,cve_2026_to_now,2026-07-23T09:22:29+00:00
CVE-2026-65314,updated,2026-07-22,cve_2026_to_now,2026-07-23T09:22:29+00:00
CVE-2026-65315,updated,2026-07-22,cve_2026_to_now,2026-07-23T09:22:29+00:00
CVE-2026-65318,updated,2026-07-22,cve_2026_to_now,2026-07-23T09:22:29+00:00
CVE-2026-65319,updated,2026-07-22,cve_2026_to_now,2026-07-23T09:22:29+00:00
CVE-2026-65430,added,,cve_2026_to_now,2026-07-23T09:22:29+00:00
CVE-2026-65431,added,,cve_2026_to_now,2026-07-23T09:22:29+00:00
CVE-2026-65589,added,,cve_2026_to_now,2026-07-23T09:22:29+00:00
CVE-2026-65590,added,,cve_2026_to_now,2026-07-23T09:22:29+00:00
CVE-2026-65591,added,,cve_2026_to_now,2026-07-23T09:22:29+00:00
CVE-2026-65592,added,,cve_2026_to_now,2026-07-23T09:22:29+00:00
CVE-2026-65593,added,,cve_2026_to_now,2026-07-23T09:22:29+00:00
CVE-2026-65594,added,,cve_2026_to_now,2026-07-23T09:22:29+00:00
CVE-2026-65595,added,,cve_2026_to_now,2026-07-23T09:22:29+00:00
CVE-2026-65596,added,,cve_2026_to_now,2026-07-23T09:22:29+00:00
CVE-2026-65597,added,,cve_2026_to_now,2026-07-23T09:22:29+00:00
CVE-2026-65598,added,,cve_2026_to_now,2026-07-23T09:22:29+00:00
CVE-2026-65599,added,,cve_2026_to_now,2026-07-23T09:22:29+00:00
CVE-2026-65600,added,,cve_2026_to_now,2026-07-23T09:22:29+00:00
CVE-2026-65601,added,,cve_2026_to_now,2026-07-23T09:22:29+00:00
CVE-2026-65602,added,,cve_2026_to_now,2026-07-23T09:22:29+00:00
CVE-2026-65603,added,,cve_2026_to_now,2026-07-23T09:22:29+00:00
CVE-2026-65650,added,,cve_2026_to_now,2026-07-23T09:22:29+00:00
CVE-2026-65712,added,,cve_2026_to_now,2026-07-23T09:22:29+00:00
CVE-2026-65713,added,,cve_2026_to_now,2026-07-23T09:22:29+00:00
CVE-2026-65754,added,,cve_2026_to_now,2026-07-23T09:22:29+00:00
CVE-2026-65755,added,,cve_2026_to_now,2026-07-23T09:22:29+00:00
CVE-2026-65756,added,,cve_2026_to_now,2026-07-23T09:22:29+00:00
CVE-2026-65757,added,,cve_2026_to_now,2026-07-23T09:22:29+00:00
