cve_id,change_type,date_updated,shard,run_utc
CVE-2021-47996,updated,2026-08-28,cve_2022_and_before,2026-08-28T19:12:59+00:00
CVE-2022-30983,updated,2026-08-27,cve_2022_and_before,2026-08-28T19:12:59+00:00
CVE-2022-50998,updated,2026-08-28,cve_2022_and_before,2026-08-28T19:12:59+00:00
CVE-2022-50999,updated,2026-08-28,cve_2022_and_before,2026-08-28T19:12:59+00:00
CVE-2022-51000,updated,2026-08-28,cve_2022_and_before,2026-08-28T19:12:59+00:00
CVE-2023-36664,updated,2026-08-28,cve_2023_to_2025,2026-08-28T19:12:59+00:00
CVE-2023-43900,updated,2026-08-28,cve_2023_to_2025,2026-08-28T19:12:59+00:00
CVE-2023-43901,updated,2026-08-28,cve_2023_to_2025,2026-08-28T19:12:59+00:00
CVE-2023-43902,updated,2026-08-28,cve_2023_to_2025,2026-08-28T19:12:59+00:00
CVE-2023-49105,updated,2026-08-28,cve_2023_to_2025,2026-08-28T19:12:59+00:00
CVE-2023-54354,updated,2026-08-28,cve_2023_to_2025,2026-08-28T19:12:59+00:00
CVE-2024-58377,updated,2026-08-28,cve_2023_to_2025,2026-08-28T19:12:59+00:00
CVE-2024-58378,updated,2026-08-28,cve_2023_to_2025,2026-08-28T19:12:59+00:00
CVE-2025-2609,updated,2026-08-28,cve_2023_to_2025,2026-08-28T19:12:59+00:00
CVE-2025-2610,updated,2026-08-28,cve_2023_to_2025,2026-08-28T19:12:59+00:00
CVE-2025-13911,updated,2026-08-27,cve_2023_to_2025,2026-08-28T19:12:59+00:00
CVE-2025-30156,added,,cve_2023_to_2025,2026-08-28T19:12:59+00:00
CVE-2025-41115,updated,2026-08-27,cve_2023_to_2025,2026-08-28T19:12:59+00:00
CVE-2025-41117,updated,2026-08-27,cve_2023_to_2025,2026-08-28T19:12:59+00:00
CVE-2025-41118,updated,2026-08-27,cve_2023_to_2025,2026-08-28T19:12:59+00:00
CVE-2025-51675,updated,2026-08-27,cve_2023_to_2025,2026-08-28T19:12:59+00:00
CVE-2025-51679,updated,2026-08-27,cve_2023_to_2025,2026-08-28T19:12:59+00:00
CVE-2025-52182,updated,2026-08-27,cve_2023_to_2025,2026-08-28T19:12:59+00:00
CVE-2025-56798,updated,2026-08-27,cve_2023_to_2025,2026-08-28T19:12:59+00:00
CVE-2025-61162,updated,2026-08-27,cve_2023_to_2025,2026-08-28T19:12:59+00:00
CVE-2025-61163,updated,2026-08-27,cve_2023_to_2025,2026-08-28T19:12:59+00:00
CVE-2025-61164,updated,2026-08-27,cve_2023_to_2025,2026-08-28T19:12:59+00:00
CVE-2025-61165,updated,2026-08-27,cve_2023_to_2025,2026-08-28T19:12:59+00:00
CVE-2025-61478,updated,2026-08-27,cve_2023_to_2025,2026-08-28T19:12:59+00:00
CVE-2025-61479,updated,2026-08-27,cve_2023_to_2025,2026-08-28T19:12:59+00:00
CVE-2025-61480,updated,2026-08-27,cve_2023_to_2025,2026-08-28T19:12:59+00:00
CVE-2025-61726,updated,2026-08-28,cve_2023_to_2025,2026-08-28T19:12:59+00:00
CVE-2025-62342,updated,,cve_2023_to_2025,2026-08-28T19:12:59+00:00
CVE-2025-62343,updated,,cve_2023_to_2025,2026-08-28T19:12:59+00:00
CVE-2025-69223,updated,2026-08-28,cve_2023_to_2025,2026-08-28T19:12:59+00:00
CVE-2025-69873,updated,2026-08-28,cve_2023_to_2025,2026-08-28T19:12:59+00:00
CVE-2025-70290,updated,2026-08-27,cve_2023_to_2025,2026-08-28T19:12:59+00:00
CVE-2026-0545,updated,2026-08-28,cve_2026_to_now,2026-08-28T19:12:59+00:00
CVE-2026-2614,updated,2026-08-28,cve_2026_to_now,2026-08-28T19:12:59+00:00
CVE-2026-3129,added,,cve_2026_to_now,2026-08-28T19:12:59+00:00
CVE-2026-3423,added,,cve_2026_to_now,2026-08-28T19:12:59+00:00
CVE-2026-4246,added,,cve_2026_to_now,2026-08-28T19:12:59+00:00
CVE-2026-4266,updated,2026-08-27,cve_2026_to_now,2026-08-28T19:12:59+00:00
CVE-2026-4315,updated,2026-08-27,cve_2026_to_now,2026-08-28T19:12:59+00:00
CVE-2026-4378,added,,cve_2026_to_now,2026-08-28T19:12:59+00:00
CVE-2026-4398,added,2026-08-28,cve_2026_to_now,2026-08-28T19:12:59+00:00
CVE-2026-5096,added,,cve_2026_to_now,2026-08-28T19:12:59+00:00
CVE-2026-5097,added,,cve_2026_to_now,2026-08-28T19:12:59+00:00
CVE-2026-5241,updated,2026-08-28,cve_2026_to_now,2026-08-28T19:12:59+00:00
CVE-2026-5510,added,,cve_2026_to_now,2026-08-28T19:12:59+00:00
CVE-2026-5706,added,,cve_2026_to_now,2026-08-28T19:12:59+00:00
CVE-2026-5738,updated,,cve_2026_to_now,2026-08-28T19:12:59+00:00
CVE-2026-5800,added,,cve_2026_to_now,2026-08-28T19:12:59+00:00
CVE-2026-5934,added,,cve_2026_to_now,2026-08-28T19:12:59+00:00
CVE-2026-5953,added,,cve_2026_to_now,2026-08-28T19:12:59+00:00
CVE-2026-6128,added,,cve_2026_to_now,2026-08-28T19:12:59+00:00
CVE-2026-6176,added,,cve_2026_to_now,2026-08-28T19:12:59+00:00
CVE-2026-6286,added,,cve_2026_to_now,2026-08-28T19:12:59+00:00
CVE-2026-6322,updated,2026-08-28,cve_2026_to_now,2026-08-28T19:12:59+00:00
CVE-2026-6734,updated,2026-08-28,cve_2026_to_now,2026-08-28T19:12:59+00:00
CVE-2026-6876,added,2026-08-28,cve_2026_to_now,2026-08-28T19:12:59+00:00
CVE-2026-8173,updated,2026-08-27,cve_2026_to_now,2026-08-28T19:12:59+00:00
CVE-2026-8247,updated,2026-08-27,cve_2026_to_now,2026-08-28T19:12:59+00:00
CVE-2026-8595,updated,2026-08-27,cve_2026_to_now,2026-08-28T19:12:59+00:00
CVE-2026-8609,updated,2026-08-27,cve_2026_to_now,2026-08-28T19:12:59+00:00
CVE-2026-8643,updated,2026-08-28,cve_2026_to_now,2026-08-28T19:12:59+00:00
CVE-2026-9029,updated,2026-08-27,cve_2026_to_now,2026-08-28T19:12:59+00:00
CVE-2026-9491,added,,cve_2026_to_now,2026-08-28T19:12:59+00:00
CVE-2026-9548,added,,cve_2026_to_now,2026-08-28T19:12:59+00:00
CVE-2026-9697,updated,2026-08-28,cve_2026_to_now,2026-08-28T19:12:59+00:00
CVE-2026-10036,added,,cve_2026_to_now,2026-08-28T19:12:59+00:00
CVE-2026-10601,updated,2026-08-27,cve_2026_to_now,2026-08-28T19:12:59+00:00
CVE-2026-11747,updated,,cve_2026_to_now,2026-08-28T19:12:59+00:00
CVE-2026-11754,updated,,cve_2026_to_now,2026-08-28T19:12:59+00:00
CVE-2026-11769,updated,2026-08-27,cve_2026_to_now,2026-08-28T19:12:59+00:00
CVE-2026-11817,updated,2026-08-27,cve_2026_to_now,2026-08-28T19:12:59+00:00
CVE-2026-12143,updated,2026-08-28,cve_2026_to_now,2026-08-28T19:12:59+00:00
CVE-2026-12151,updated,2026-08-28,cve_2026_to_now,2026-08-28T19:12:59+00:00
CVE-2026-12513,added,,cve_2026_to_now,2026-08-28T19:12:59+00:00
CVE-2026-12514,added,,cve_2026_to_now,2026-08-28T19:12:59+00:00
CVE-2026-13050,updated,2026-08-27,cve_2026_to_now,2026-08-28T19:12:59+00:00
CVE-2026-13053,updated,2026-08-27,cve_2026_to_now,2026-08-28T19:12:59+00:00
CVE-2026-13054,updated,2026-08-27,cve_2026_to_now,2026-08-28T19:12:59+00:00
CVE-2026-13079,updated,2026-08-27,cve_2026_to_now,2026-08-28T19:12:59+00:00
CVE-2026-13084,updated,2026-08-27,cve_2026_to_now,2026-08-28T19:12:59+00:00
CVE-2026-13086,added,,cve_2026_to_now,2026-08-28T19:12:59+00:00
CVE-2026-13097,updated,2026-08-27,cve_2026_to_now,2026-08-28T19:12:59+00:00
CVE-2026-13108,added,,cve_2026_to_now,2026-08-28T19:12:59+00:00
CVE-2026-13368,updated,2026-08-27,cve_2026_to_now,2026-08-28T19:12:59+00:00
CVE-2026-13371,updated,2026-08-27,cve_2026_to_now,2026-08-28T19:12:59+00:00
CVE-2026-13373,updated,2026-08-27,cve_2026_to_now,2026-08-28T19:12:59+00:00
CVE-2026-13374,updated,2026-08-27,cve_2026_to_now,2026-08-28T19:12:59+00:00
CVE-2026-13375,updated,2026-08-27,cve_2026_to_now,2026-08-28T19:12:59+00:00
CVE-2026-13376,updated,2026-08-27,cve_2026_to_now,2026-08-28T19:12:59+00:00
CVE-2026-13377,updated,2026-08-27,cve_2026_to_now,2026-08-28T19:12:59+00:00
CVE-2026-13383,updated,2026-08-27,cve_2026_to_now,2026-08-28T19:12:59+00:00
CVE-2026-13384,updated,2026-08-27,cve_2026_to_now,2026-08-28T19:12:59+00:00
CVE-2026-13598,updated,2026-08-28,cve_2026_to_now,2026-08-28T19:12:59+00:00
CVE-2026-13676,updated,2026-08-28,cve_2026_to_now,2026-08-28T19:12:59+00:00
CVE-2026-13722,updated,2026-08-27,cve_2026_to_now,2026-08-28T19:12:59+00:00
CVE-2026-13728,updated,2026-08-27,cve_2026_to_now,2026-08-28T19:12:59+00:00
CVE-2026-13761,added,,cve_2026_to_now,2026-08-28T19:12:59+00:00
CVE-2026-14558,added,,cve_2026_to_now,2026-08-28T19:12:59+00:00
CVE-2026-14567,added,,cve_2026_to_now,2026-08-28T19:12:59+00:00
CVE-2026-15315,updated,2026-08-27,cve_2026_to_now,2026-08-28T19:12:59+00:00
CVE-2026-15538,updated,2026-08-27,cve_2026_to_now,2026-08-28T19:12:59+00:00
CVE-2026-15583,updated,2026-08-27,cve_2026_to_now,2026-08-28T19:12:59+00:00
CVE-2026-15603,added,,cve_2026_to_now,2026-08-28T19:12:59+00:00
CVE-2026-15743,updated,2026-08-28,cve_2026_to_now,2026-08-28T19:12:59+00:00
CVE-2026-15798,added,,cve_2026_to_now,2026-08-28T19:12:59+00:00
CVE-2026-16279,updated,,cve_2026_to_now,2026-08-28T19:12:59+00:00
CVE-2026-16654,added,,cve_2026_to_now,2026-08-28T19:12:59+00:00
CVE-2026-16759,added,,cve_2026_to_now,2026-08-28T19:12:59+00:00
CVE-2026-16809,updated,2026-08-27,cve_2026_to_now,2026-08-28T19:12:59+00:00
CVE-2026-17033,updated,2026-08-27,cve_2026_to_now,2026-08-28T19:12:59+00:00
CVE-2026-17183,updated,2026-08-27,cve_2026_to_now,2026-08-28T19:12:59+00:00
CVE-2026-17610,added,,cve_2026_to_now,2026-08-28T19:12:59+00:00
CVE-2026-18324,added,,cve_2026_to_now,2026-08-28T19:12:59+00:00
CVE-2026-18374,added,,cve_2026_to_now,2026-08-28T19:12:59+00:00
CVE-2026-18393,added,,cve_2026_to_now,2026-08-28T19:12:59+00:00
CVE-2026-18482,updated,2026-08-27,cve_2026_to_now,2026-08-28T19:12:59+00:00
CVE-2026-18717,added,,cve_2026_to_now,2026-08-28T19:12:59+00:00
CVE-2026-18885,added,2026-08-28,cve_2026_to_now,2026-08-28T19:12:59+00:00
CVE-2026-18886,added,,cve_2026_to_now,2026-08-28T19:12:59+00:00
CVE-2026-18918,added,,cve_2026_to_now,2026-08-28T19:12:59+00:00
CVE-2026-18965,added,,cve_2026_to_now,2026-08-28T19:12:59+00:00
CVE-2026-18978,added,,cve_2026_to_now,2026-08-28T19:12:59+00:00
CVE-2026-18983,added,,cve_2026_to_now,2026-08-28T19:12:59+00:00
CVE-2026-19084,added,,cve_2026_to_now,2026-08-28T19:12:59+00:00
CVE-2026-19092,added,2026-08-28,cve_2026_to_now,2026-08-28T19:12:59+00:00
CVE-2026-19197,updated,2026-08-27,cve_2026_to_now,2026-08-28T19:12:59+00:00
CVE-2026-19313,added,,cve_2026_to_now,2026-08-28T19:12:59+00:00
CVE-2026-19314,added,,cve_2026_to_now,2026-08-28T19:12:59+00:00
CVE-2026-19315,added,,cve_2026_to_now,2026-08-28T19:12:59+00:00
CVE-2026-19316,added,,cve_2026_to_now,2026-08-28T19:12:59+00:00
CVE-2026-19317,added,,cve_2026_to_now,2026-08-28T19:12:59+00:00
CVE-2026-19318,added,,cve_2026_to_now,2026-08-28T19:12:59+00:00
CVE-2026-19412,added,,cve_2026_to_now,2026-08-28T19:12:59+00:00
CVE-2026-19423,added,,cve_2026_to_now,2026-08-28T19:12:59+00:00
CVE-2026-19508,updated,2026-08-27,cve_2026_to_now,2026-08-28T19:12:59+00:00
CVE-2026-19516,updated,2026-08-27,cve_2026_to_now,2026-08-28T19:12:59+00:00
CVE-2026-19672,updated,2026-08-27,cve_2026_to_now,2026-08-28T19:12:59+00:00
CVE-2026-19854,updated,,cve_2026_to_now,2026-08-28T19:12:59+00:00
CVE-2026-19889,updated,,cve_2026_to_now,2026-08-28T19:12:59+00:00
CVE-2026-21267,updated,2026-08-27,cve_2026_to_now,2026-08-28T19:12:59+00:00
CVE-2026-21268,updated,2026-08-27,cve_2026_to_now,2026-08-28T19:12:59+00:00
CVE-2026-21269,updated,2026-08-27,cve_2026_to_now,2026-08-28T19:12:59+00:00
CVE-2026-21271,updated,2026-08-27,cve_2026_to_now,2026-08-28T19:12:59+00:00
CVE-2026-21272,updated,2026-08-27,cve_2026_to_now,2026-08-28T19:12:59+00:00
CVE-2026-21273,updated,2026-08-27,cve_2026_to_now,2026-08-28T19:12:59+00:00
CVE-2026-21274,updated,2026-08-27,cve_2026_to_now,2026-08-28T19:12:59+00:00
CVE-2026-21275,updated,2026-08-27,cve_2026_to_now,2026-08-28T19:12:59+00:00
CVE-2026-21276,updated,2026-08-27,cve_2026_to_now,2026-08-28T19:12:59+00:00
CVE-2026-21277,updated,2026-08-27,cve_2026_to_now,2026-08-28T19:12:59+00:00
CVE-2026-21278,updated,2026-08-27,cve_2026_to_now,2026-08-28T19:12:59+00:00
CVE-2026-21279,updated,2026-08-27,cve_2026_to_now,2026-08-28T19:12:59+00:00
CVE-2026-21280,updated,2026-08-27,cve_2026_to_now,2026-08-28T19:12:59+00:00
CVE-2026-21281,updated,2026-08-27,cve_2026_to_now,2026-08-28T19:12:59+00:00
CVE-2026-21282,updated,2026-08-27,cve_2026_to_now,2026-08-28T19:12:59+00:00
CVE-2026-21283,updated,2026-08-27,cve_2026_to_now,2026-08-28T19:12:59+00:00
CVE-2026-21284,updated,2026-08-27,cve_2026_to_now,2026-08-28T19:12:59+00:00
CVE-2026-21285,updated,2026-08-27,cve_2026_to_now,2026-08-28T19:12:59+00:00
CVE-2026-21286,updated,2026-08-27,cve_2026_to_now,2026-08-28T19:12:59+00:00
CVE-2026-21287,updated,2026-08-27,cve_2026_to_now,2026-08-28T19:12:59+00:00
CVE-2026-21288,updated,2026-08-27,cve_2026_to_now,2026-08-28T19:12:59+00:00
CVE-2026-21289,updated,2026-08-27,cve_2026_to_now,2026-08-28T19:12:59+00:00
CVE-2026-21290,updated,2026-08-27,cve_2026_to_now,2026-08-28T19:12:59+00:00
CVE-2026-21291,updated,2026-08-27,cve_2026_to_now,2026-08-28T19:12:59+00:00
CVE-2026-21292,updated,2026-08-27,cve_2026_to_now,2026-08-28T19:12:59+00:00
CVE-2026-21293,updated,2026-08-27,cve_2026_to_now,2026-08-28T19:12:59+00:00
CVE-2026-21294,updated,2026-08-27,cve_2026_to_now,2026-08-28T19:12:59+00:00
CVE-2026-21295,updated,2026-08-27,cve_2026_to_now,2026-08-28T19:12:59+00:00
CVE-2026-21296,updated,2026-08-27,cve_2026_to_now,2026-08-28T19:12:59+00:00
CVE-2026-21297,updated,2026-08-27,cve_2026_to_now,2026-08-28T19:12:59+00:00
CVE-2026-21298,updated,2026-08-27,cve_2026_to_now,2026-08-28T19:12:59+00:00
CVE-2026-21299,updated,2026-08-27,cve_2026_to_now,2026-08-28T19:12:59+00:00
CVE-2026-21300,updated,2026-08-27,cve_2026_to_now,2026-08-28T19:12:59+00:00
CVE-2026-21301,updated,2026-08-27,cve_2026_to_now,2026-08-28T19:12:59+00:00
CVE-2026-21302,updated,2026-08-27,cve_2026_to_now,2026-08-28T19:12:59+00:00
CVE-2026-21303,updated,2026-08-27,cve_2026_to_now,2026-08-28T19:12:59+00:00
CVE-2026-21304,updated,2026-08-27,cve_2026_to_now,2026-08-28T19:12:59+00:00
CVE-2026-21305,updated,2026-08-27,cve_2026_to_now,2026-08-28T19:12:59+00:00
CVE-2026-21306,updated,2026-08-27,cve_2026_to_now,2026-08-28T19:12:59+00:00
CVE-2026-21307,updated,2026-08-27,cve_2026_to_now,2026-08-28T19:12:59+00:00
CVE-2026-21308,updated,2026-08-27,cve_2026_to_now,2026-08-28T19:12:59+00:00
CVE-2026-21309,updated,2026-08-27,cve_2026_to_now,2026-08-28T19:12:59+00:00
CVE-2026-21310,updated,2026-08-27,cve_2026_to_now,2026-08-28T19:12:59+00:00
CVE-2026-21311,updated,2026-08-27,cve_2026_to_now,2026-08-28T19:12:59+00:00
CVE-2026-21312,updated,2026-08-27,cve_2026_to_now,2026-08-28T19:12:59+00:00
CVE-2026-21313,updated,2026-08-27,cve_2026_to_now,2026-08-28T19:12:59+00:00
CVE-2026-21314,updated,2026-08-27,cve_2026_to_now,2026-08-28T19:12:59+00:00
CVE-2026-21315,updated,2026-08-27,cve_2026_to_now,2026-08-28T19:12:59+00:00
CVE-2026-21316,updated,2026-08-27,cve_2026_to_now,2026-08-28T19:12:59+00:00
CVE-2026-21317,updated,2026-08-27,cve_2026_to_now,2026-08-28T19:12:59+00:00
CVE-2026-21318,updated,2026-08-27,cve_2026_to_now,2026-08-28T19:12:59+00:00
CVE-2026-21319,updated,2026-08-27,cve_2026_to_now,2026-08-28T19:12:59+00:00
CVE-2026-21320,updated,2026-08-27,cve_2026_to_now,2026-08-28T19:12:59+00:00
CVE-2026-21321,updated,2026-08-27,cve_2026_to_now,2026-08-28T19:12:59+00:00
CVE-2026-21322,updated,2026-08-27,cve_2026_to_now,2026-08-28T19:12:59+00:00
CVE-2026-21323,updated,2026-08-27,cve_2026_to_now,2026-08-28T19:12:59+00:00
CVE-2026-21324,updated,2026-08-27,cve_2026_to_now,2026-08-28T19:12:59+00:00
CVE-2026-21325,updated,2026-08-27,cve_2026_to_now,2026-08-28T19:12:59+00:00
CVE-2026-21326,updated,2026-08-27,cve_2026_to_now,2026-08-28T19:12:59+00:00
CVE-2026-21327,updated,2026-08-27,cve_2026_to_now,2026-08-28T19:12:59+00:00
CVE-2026-21328,updated,2026-08-27,cve_2026_to_now,2026-08-28T19:12:59+00:00
CVE-2026-21329,updated,2026-08-27,cve_2026_to_now,2026-08-28T19:12:59+00:00
CVE-2026-21330,updated,2026-08-27,cve_2026_to_now,2026-08-28T19:12:59+00:00
CVE-2026-21331,updated,2026-08-27,cve_2026_to_now,2026-08-28T19:12:59+00:00
CVE-2026-21332,updated,2026-08-27,cve_2026_to_now,2026-08-28T19:12:59+00:00
CVE-2026-21333,updated,2026-08-27,cve_2026_to_now,2026-08-28T19:12:59+00:00
CVE-2026-21334,updated,2026-08-27,cve_2026_to_now,2026-08-28T19:12:59+00:00
CVE-2026-21335,updated,2026-08-27,cve_2026_to_now,2026-08-28T19:12:59+00:00
CVE-2026-21336,updated,2026-08-27,cve_2026_to_now,2026-08-28T19:12:59+00:00
CVE-2026-21337,updated,2026-08-27,cve_2026_to_now,2026-08-28T19:12:59+00:00
CVE-2026-21338,updated,2026-08-27,cve_2026_to_now,2026-08-28T19:12:59+00:00
CVE-2026-21339,updated,2026-08-27,cve_2026_to_now,2026-08-28T19:12:59+00:00
CVE-2026-21340,updated,2026-08-27,cve_2026_to_now,2026-08-28T19:12:59+00:00
CVE-2026-21341,updated,2026-08-27,cve_2026_to_now,2026-08-28T19:12:59+00:00
CVE-2026-21342,updated,2026-08-27,cve_2026_to_now,2026-08-28T19:12:59+00:00
CVE-2026-21343,updated,2026-08-27,cve_2026_to_now,2026-08-28T19:12:59+00:00
CVE-2026-21344,updated,2026-08-27,cve_2026_to_now,2026-08-28T19:12:59+00:00
CVE-2026-21345,updated,2026-08-27,cve_2026_to_now,2026-08-28T19:12:59+00:00
CVE-2026-21346,updated,2026-08-27,cve_2026_to_now,2026-08-28T19:12:59+00:00
CVE-2026-21347,updated,2026-08-27,cve_2026_to_now,2026-08-28T19:12:59+00:00
CVE-2026-21348,updated,2026-08-27,cve_2026_to_now,2026-08-28T19:12:59+00:00
CVE-2026-21349,updated,2026-08-27,cve_2026_to_now,2026-08-28T19:12:59+00:00
CVE-2026-21350,updated,2026-08-27,cve_2026_to_now,2026-08-28T19:12:59+00:00
CVE-2026-21351,updated,2026-08-27,cve_2026_to_now,2026-08-28T19:12:59+00:00
CVE-2026-21352,updated,2026-08-27,cve_2026_to_now,2026-08-28T19:12:59+00:00
CVE-2026-21353,updated,2026-08-27,cve_2026_to_now,2026-08-28T19:12:59+00:00
CVE-2026-21354,updated,2026-08-27,cve_2026_to_now,2026-08-28T19:12:59+00:00
CVE-2026-21355,updated,2026-08-27,cve_2026_to_now,2026-08-28T19:12:59+00:00
CVE-2026-21357,updated,2026-08-27,cve_2026_to_now,2026-08-28T19:12:59+00:00
CVE-2026-21358,updated,2026-08-27,cve_2026_to_now,2026-08-28T19:12:59+00:00
CVE-2026-21359,updated,2026-08-27,cve_2026_to_now,2026-08-28T19:12:59+00:00
CVE-2026-21360,updated,2026-08-27,cve_2026_to_now,2026-08-28T19:12:59+00:00
CVE-2026-21361,updated,2026-08-27,cve_2026_to_now,2026-08-28T19:12:59+00:00
CVE-2026-21362,updated,2026-08-27,cve_2026_to_now,2026-08-28T19:12:59+00:00
CVE-2026-21363,updated,2026-08-27,cve_2026_to_now,2026-08-28T19:12:59+00:00
CVE-2026-21364,updated,2026-08-27,cve_2026_to_now,2026-08-28T19:12:59+00:00
CVE-2026-21365,updated,2026-08-27,cve_2026_to_now,2026-08-28T19:12:59+00:00
CVE-2026-21441,updated,2026-08-28,cve_2026_to_now,2026-08-28T19:12:59+00:00
CVE-2026-21584,updated,2026-08-28,cve_2026_to_now,2026-08-28T19:12:59+00:00
CVE-2026-21720,updated,2026-08-27,cve_2026_to_now,2026-08-28T19:12:59+00:00
CVE-2026-21721,updated,2026-08-27,cve_2026_to_now,2026-08-28T19:12:59+00:00
CVE-2026-21722,updated,2026-08-27,cve_2026_to_now,2026-08-28T19:12:59+00:00
CVE-2026-21723,updated,2026-08-27,cve_2026_to_now,2026-08-28T19:12:59+00:00
CVE-2026-21724,updated,2026-08-27,cve_2026_to_now,2026-08-28T19:12:59+00:00
CVE-2026-21725,updated,2026-08-27,cve_2026_to_now,2026-08-28T19:12:59+00:00
CVE-2026-21726,updated,2026-08-27,cve_2026_to_now,2026-08-28T19:12:59+00:00
CVE-2026-21727,updated,2026-08-27,cve_2026_to_now,2026-08-28T19:12:59+00:00
CVE-2026-21728,updated,2026-08-27,cve_2026_to_now,2026-08-28T19:12:59+00:00
CVE-2026-21729,updated,2026-08-27,cve_2026_to_now,2026-08-28T19:12:59+00:00
CVE-2026-24301,updated,2026-08-27,cve_2026_to_now,2026-08-28T19:12:59+00:00
CVE-2026-25250,added,2026-08-28,cve_2026_to_now,2026-08-28T19:12:59+00:00
CVE-2026-25652,updated,2026-08-27,cve_2026_to_now,2026-08-28T19:12:59+00:00
CVE-2026-25679,updated,2026-08-28,cve_2026_to_now,2026-08-28T19:12:59+00:00
CVE-2026-26446,updated,2026-08-27,cve_2026_to_now,2026-08-28T19:12:59+00:00
CVE-2026-26447,updated,2026-08-27,cve_2026_to_now,2026-08-28T19:12:59+00:00
CVE-2026-26448,updated,2026-08-27,cve_2026_to_now,2026-08-28T19:12:59+00:00
CVE-2026-26449,updated,2026-08-27,cve_2026_to_now,2026-08-28T19:12:59+00:00
CVE-2026-27214,updated,2026-08-27,cve_2026_to_now,2026-08-28T19:12:59+00:00
CVE-2026-27215,updated,2026-08-27,cve_2026_to_now,2026-08-28T19:12:59+00:00
CVE-2026-27216,updated,2026-08-27,cve_2026_to_now,2026-08-28T19:12:59+00:00
CVE-2026-27217,updated,2026-08-27,cve_2026_to_now,2026-08-28T19:12:59+00:00
CVE-2026-27218,updated,2026-08-27,cve_2026_to_now,2026-08-28T19:12:59+00:00
CVE-2026-27219,updated,2026-08-27,cve_2026_to_now,2026-08-28T19:12:59+00:00
CVE-2026-27220,updated,2026-08-27,cve_2026_to_now,2026-08-28T19:12:59+00:00
CVE-2026-27221,updated,2026-08-27,cve_2026_to_now,2026-08-28T19:12:59+00:00
CVE-2026-27222,updated,2026-08-27,cve_2026_to_now,2026-08-28T19:12:59+00:00
CVE-2026-27223,updated,2026-08-27,cve_2026_to_now,2026-08-28T19:12:59+00:00
CVE-2026-27224,updated,2026-08-27,cve_2026_to_now,2026-08-28T19:12:59+00:00
CVE-2026-27225,updated,2026-08-27,cve_2026_to_now,2026-08-28T19:12:59+00:00
CVE-2026-27226,updated,2026-08-27,cve_2026_to_now,2026-08-28T19:12:59+00:00
CVE-2026-27228,updated,2026-08-27,cve_2026_to_now,2026-08-28T19:12:59+00:00
CVE-2026-27229,updated,2026-08-27,cve_2026_to_now,2026-08-28T19:12:59+00:00
CVE-2026-27230,updated,2026-08-27,cve_2026_to_now,2026-08-28T19:12:59+00:00
CVE-2026-27231,updated,2026-08-27,cve_2026_to_now,2026-08-28T19:12:59+00:00
CVE-2026-27232,updated,2026-08-27,cve_2026_to_now,2026-08-28T19:12:59+00:00
CVE-2026-27233,updated,2026-08-27,cve_2026_to_now,2026-08-28T19:12:59+00:00
CVE-2026-27234,updated,2026-08-27,cve_2026_to_now,2026-08-28T19:12:59+00:00
CVE-2026-27235,updated,2026-08-27,cve_2026_to_now,2026-08-28T19:12:59+00:00
CVE-2026-27236,updated,2026-08-27,cve_2026_to_now,2026-08-28T19:12:59+00:00
CVE-2026-27237,updated,2026-08-27,cve_2026_to_now,2026-08-28T19:12:59+00:00
CVE-2026-27238,updated,2026-08-27,cve_2026_to_now,2026-08-28T19:12:59+00:00
CVE-2026-27239,updated,2026-08-27,cve_2026_to_now,2026-08-28T19:12:59+00:00
CVE-2026-27240,updated,2026-08-27,cve_2026_to_now,2026-08-28T19:12:59+00:00
CVE-2026-27241,updated,2026-08-27,cve_2026_to_now,2026-08-28T19:12:59+00:00
CVE-2026-27242,updated,2026-08-27,cve_2026_to_now,2026-08-28T19:12:59+00:00
CVE-2026-27243,updated,2026-08-27,cve_2026_to_now,2026-08-28T19:12:59+00:00
CVE-2026-27244,updated,2026-08-27,cve_2026_to_now,2026-08-28T19:12:59+00:00
CVE-2026-27245,updated,2026-08-27,cve_2026_to_now,2026-08-28T19:12:59+00:00
CVE-2026-27246,updated,2026-08-27,cve_2026_to_now,2026-08-28T19:12:59+00:00
CVE-2026-27247,updated,2026-08-27,cve_2026_to_now,2026-08-28T19:12:59+00:00
CVE-2026-27248,updated,2026-08-27,cve_2026_to_now,2026-08-28T19:12:59+00:00
CVE-2026-27249,updated,2026-08-27,cve_2026_to_now,2026-08-28T19:12:59+00:00
CVE-2026-27250,updated,2026-08-27,cve_2026_to_now,2026-08-28T19:12:59+00:00
CVE-2026-27251,updated,2026-08-27,cve_2026_to_now,2026-08-28T19:12:59+00:00
CVE-2026-27252,updated,2026-08-27,cve_2026_to_now,2026-08-28T19:12:59+00:00
CVE-2026-27253,updated,2026-08-27,cve_2026_to_now,2026-08-28T19:12:59+00:00
CVE-2026-27254,updated,2026-08-27,cve_2026_to_now,2026-08-28T19:12:59+00:00
CVE-2026-27255,updated,2026-08-27,cve_2026_to_now,2026-08-28T19:12:59+00:00
CVE-2026-27256,updated,2026-08-27,cve_2026_to_now,2026-08-28T19:12:59+00:00
CVE-2026-27257,updated,2026-08-27,cve_2026_to_now,2026-08-28T19:12:59+00:00
CVE-2026-27258,updated,2026-08-27,cve_2026_to_now,2026-08-28T19:12:59+00:00
CVE-2026-27262,updated,2026-08-27,cve_2026_to_now,2026-08-28T19:12:59+00:00
CVE-2026-27265,updated,2026-08-27,cve_2026_to_now,2026-08-28T19:12:59+00:00
CVE-2026-27266,updated,2026-08-27,cve_2026_to_now,2026-08-28T19:12:59+00:00
CVE-2026-27267,updated,2026-08-27,cve_2026_to_now,2026-08-28T19:12:59+00:00
CVE-2026-27268,updated,2026-08-27,cve_2026_to_now,2026-08-28T19:12:59+00:00
CVE-2026-27269,updated,2026-08-27,cve_2026_to_now,2026-08-28T19:12:59+00:00
CVE-2026-27270,updated,2026-08-27,cve_2026_to_now,2026-08-28T19:12:59+00:00
CVE-2026-27271,updated,2026-08-27,cve_2026_to_now,2026-08-28T19:12:59+00:00
CVE-2026-27272,updated,2026-08-27,cve_2026_to_now,2026-08-28T19:12:59+00:00
CVE-2026-27273,updated,2026-08-27,cve_2026_to_now,2026-08-28T19:12:59+00:00
CVE-2026-27274,updated,2026-08-27,cve_2026_to_now,2026-08-28T19:12:59+00:00
CVE-2026-27275,updated,2026-08-27,cve_2026_to_now,2026-08-28T19:12:59+00:00
CVE-2026-27276,updated,2026-08-27,cve_2026_to_now,2026-08-28T19:12:59+00:00
CVE-2026-27277,updated,2026-08-27,cve_2026_to_now,2026-08-28T19:12:59+00:00
CVE-2026-27278,updated,2026-08-27,cve_2026_to_now,2026-08-28T19:12:59+00:00
CVE-2026-27279,updated,2026-08-27,cve_2026_to_now,2026-08-28T19:12:59+00:00
CVE-2026-27280,updated,2026-08-27,cve_2026_to_now,2026-08-28T19:12:59+00:00
CVE-2026-27281,updated,2026-08-27,cve_2026_to_now,2026-08-28T19:12:59+00:00
CVE-2026-27282,updated,2026-08-27,cve_2026_to_now,2026-08-28T19:12:59+00:00
CVE-2026-27283,updated,2026-08-27,cve_2026_to_now,2026-08-28T19:12:59+00:00
CVE-2026-27284,updated,2026-08-27,cve_2026_to_now,2026-08-28T19:12:59+00:00
CVE-2026-27285,updated,2026-08-27,cve_2026_to_now,2026-08-28T19:12:59+00:00
CVE-2026-27286,updated,2026-08-27,cve_2026_to_now,2026-08-28T19:12:59+00:00
CVE-2026-27287,updated,2026-08-27,cve_2026_to_now,2026-08-28T19:12:59+00:00
CVE-2026-27288,updated,2026-08-27,cve_2026_to_now,2026-08-28T19:12:59+00:00
CVE-2026-27289,updated,2026-08-27,cve_2026_to_now,2026-08-28T19:12:59+00:00
CVE-2026-27290,updated,2026-08-27,cve_2026_to_now,2026-08-28T19:12:59+00:00
CVE-2026-27291,updated,2026-08-27,cve_2026_to_now,2026-08-28T19:12:59+00:00
CVE-2026-27292,updated,2026-08-27,cve_2026_to_now,2026-08-28T19:12:59+00:00
CVE-2026-27293,updated,2026-08-27,cve_2026_to_now,2026-08-28T19:12:59+00:00
CVE-2026-27294,updated,2026-08-27,cve_2026_to_now,2026-08-28T19:12:59+00:00
CVE-2026-27295,updated,2026-08-27,cve_2026_to_now,2026-08-28T19:12:59+00:00
CVE-2026-27296,updated,2026-08-27,cve_2026_to_now,2026-08-28T19:12:59+00:00
CVE-2026-27297,updated,2026-08-27,cve_2026_to_now,2026-08-28T19:12:59+00:00
CVE-2026-27298,updated,2026-08-27,cve_2026_to_now,2026-08-28T19:12:59+00:00
CVE-2026-27299,updated,2026-08-27,cve_2026_to_now,2026-08-28T19:12:59+00:00
CVE-2026-27300,updated,2026-08-27,cve_2026_to_now,2026-08-28T19:12:59+00:00
CVE-2026-27301,updated,2026-08-27,cve_2026_to_now,2026-08-28T19:12:59+00:00
CVE-2026-27302,updated,2026-08-27,cve_2026_to_now,2026-08-28T19:12:59+00:00
CVE-2026-27303,updated,2026-08-27,cve_2026_to_now,2026-08-28T19:12:59+00:00
CVE-2026-27304,updated,2026-08-27,cve_2026_to_now,2026-08-28T19:12:59+00:00
CVE-2026-27305,updated,2026-08-27,cve_2026_to_now,2026-08-28T19:12:59+00:00
CVE-2026-27306,updated,2026-08-27,cve_2026_to_now,2026-08-28T19:12:59+00:00
CVE-2026-27307,updated,2026-08-27,cve_2026_to_now,2026-08-28T19:12:59+00:00
CVE-2026-27308,updated,2026-08-27,cve_2026_to_now,2026-08-28T19:12:59+00:00
CVE-2026-27309,updated,2026-08-27,cve_2026_to_now,2026-08-28T19:12:59+00:00
CVE-2026-27310,updated,2026-08-27,cve_2026_to_now,2026-08-28T19:12:59+00:00
CVE-2026-27311,updated,2026-08-27,cve_2026_to_now,2026-08-28T19:12:59+00:00
CVE-2026-27312,updated,2026-08-27,cve_2026_to_now,2026-08-28T19:12:59+00:00
CVE-2026-27313,updated,2026-08-27,cve_2026_to_now,2026-08-28T19:12:59+00:00
CVE-2026-27852,added,,cve_2026_to_now,2026-08-28T19:12:59+00:00
CVE-2026-27876,updated,2026-08-27,cve_2026_to_now,2026-08-28T19:12:59+00:00
CVE-2026-27877,updated,2026-08-27,cve_2026_to_now,2026-08-28T19:12:59+00:00
CVE-2026-27878,updated,2026-08-27,cve_2026_to_now,2026-08-28T19:12:59+00:00
CVE-2026-27879,updated,2026-08-27,cve_2026_to_now,2026-08-28T19:12:59+00:00
CVE-2026-27880,updated,2026-08-27,cve_2026_to_now,2026-08-28T19:12:59+00:00
CVE-2026-28374,updated,2026-08-27,cve_2026_to_now,2026-08-28T19:12:59+00:00
CVE-2026-28375,updated,2026-08-27,cve_2026_to_now,2026-08-28T19:12:59+00:00
CVE-2026-28376,updated,2026-08-27,cve_2026_to_now,2026-08-28T19:12:59+00:00
CVE-2026-28377,updated,2026-08-27,cve_2026_to_now,2026-08-28T19:12:59+00:00
CVE-2026-28378,updated,2026-08-27,cve_2026_to_now,2026-08-28T19:12:59+00:00
CVE-2026-28379,updated,2026-08-27,cve_2026_to_now,2026-08-28T19:12:59+00:00
CVE-2026-28380,updated,2026-08-27,cve_2026_to_now,2026-08-28T19:12:59+00:00
CVE-2026-28383,updated,2026-08-27,cve_2026_to_now,2026-08-28T19:12:59+00:00
CVE-2026-30046,updated,,cve_2026_to_now,2026-08-28T19:12:59+00:00
CVE-2026-30047,updated,,cve_2026_to_now,2026-08-28T19:12:59+00:00
CVE-2026-30050,updated,,cve_2026_to_now,2026-08-28T19:12:59+00:00
CVE-2026-30056,updated,,cve_2026_to_now,2026-08-28T19:12:59+00:00
CVE-2026-30057,updated,,cve_2026_to_now,2026-08-28T19:12:59+00:00
CVE-2026-30062,updated,,cve_2026_to_now,2026-08-28T19:12:59+00:00
CVE-2026-30612,added,,cve_2026_to_now,2026-08-28T19:12:59+00:00
CVE-2026-32280,updated,2026-08-28,cve_2026_to_now,2026-08-28T19:12:59+00:00
CVE-2026-32283,updated,2026-08-28,cve_2026_to_now,2026-08-28T19:12:59+00:00
CVE-2026-33079,updated,2026-08-28,cve_2026_to_now,2026-08-28T19:12:59+00:00
CVE-2026-33186,updated,2026-08-28,cve_2026_to_now,2026-08-28T19:12:59+00:00
CVE-2026-33263,added,,cve_2026_to_now,2026-08-28T19:12:59+00:00
CVE-2026-33375,updated,2026-08-27,cve_2026_to_now,2026-08-28T19:12:59+00:00
CVE-2026-33376,updated,2026-08-27,cve_2026_to_now,2026-08-28T19:12:59+00:00
CVE-2026-33377,updated,2026-08-27,cve_2026_to_now,2026-08-28T19:12:59+00:00
CVE-2026-33378,updated,2026-08-27,cve_2026_to_now,2026-08-28T19:12:59+00:00
CVE-2026-33380,updated,2026-08-27,cve_2026_to_now,2026-08-28T19:12:59+00:00
CVE-2026-33381,updated,2026-08-27,cve_2026_to_now,2026-08-28T19:12:59+00:00
CVE-2026-33382,updated,2026-08-27,cve_2026_to_now,2026-08-28T19:12:59+00:00
CVE-2026-33604,added,,cve_2026_to_now,2026-08-28T19:12:59+00:00
CVE-2026-33605,added,,cve_2026_to_now,2026-08-28T19:12:59+00:00
CVE-2026-33606,added,,cve_2026_to_now,2026-08-28T19:12:59+00:00
CVE-2026-33607,added,,cve_2026_to_now,2026-08-28T19:12:59+00:00
CVE-2026-33810,updated,2026-08-28,cve_2026_to_now,2026-08-28T19:12:59+00:00
CVE-2026-33811,updated,2026-08-28,cve_2026_to_now,2026-08-28T19:12:59+00:00
CVE-2026-33814,updated,2026-08-28,cve_2026_to_now,2026-08-28T19:12:59+00:00
CVE-2026-33818,updated,2026-08-28,cve_2026_to_now,2026-08-28T19:12:59+00:00
CVE-2026-34118,updated,2026-08-27,cve_2026_to_now,2026-08-28T19:12:59+00:00
CVE-2026-34614,updated,2026-08-27,cve_2026_to_now,2026-08-28T19:12:59+00:00
CVE-2026-34615,updated,2026-08-27,cve_2026_to_now,2026-08-28T19:12:59+00:00
CVE-2026-34616,added,,cve_2026_to_now,2026-08-28T19:12:59+00:00
CVE-2026-34617,updated,2026-08-27,cve_2026_to_now,2026-08-28T19:12:59+00:00
CVE-2026-34618,updated,2026-08-27,cve_2026_to_now,2026-08-28T19:12:59+00:00
CVE-2026-34619,updated,2026-08-27,cve_2026_to_now,2026-08-28T19:12:59+00:00
CVE-2026-34620,added,,cve_2026_to_now,2026-08-28T19:12:59+00:00
CVE-2026-34621,updated,2026-08-27,cve_2026_to_now,2026-08-28T19:12:59+00:00
CVE-2026-34622,updated,2026-08-27,cve_2026_to_now,2026-08-28T19:12:59+00:00
CVE-2026-34623,updated,2026-08-27,cve_2026_to_now,2026-08-28T19:12:59+00:00
CVE-2026-34624,updated,2026-08-27,cve_2026_to_now,2026-08-28T19:12:59+00:00
CVE-2026-34625,updated,2026-08-27,cve_2026_to_now,2026-08-28T19:12:59+00:00
CVE-2026-34626,updated,2026-08-27,cve_2026_to_now,2026-08-28T19:12:59+00:00
CVE-2026-34627,updated,2026-08-27,cve_2026_to_now,2026-08-28T19:12:59+00:00
CVE-2026-34628,updated,2026-08-27,cve_2026_to_now,2026-08-28T19:12:59+00:00
CVE-2026-34629,updated,2026-08-27,cve_2026_to_now,2026-08-28T19:12:59+00:00
CVE-2026-34630,updated,2026-08-27,cve_2026_to_now,2026-08-28T19:12:59+00:00
CVE-2026-34631,updated,2026-08-27,cve_2026_to_now,2026-08-28T19:12:59+00:00
CVE-2026-34635,updated,2026-08-27,cve_2026_to_now,2026-08-28T19:12:59+00:00
CVE-2026-34636,updated,2026-08-27,cve_2026_to_now,2026-08-28T19:12:59+00:00
CVE-2026-34637,updated,2026-08-27,cve_2026_to_now,2026-08-28T19:12:59+00:00
CVE-2026-34638,updated,2026-08-27,cve_2026_to_now,2026-08-28T19:12:59+00:00
CVE-2026-34639,updated,2026-08-27,cve_2026_to_now,2026-08-28T19:12:59+00:00
CVE-2026-34640,updated,2026-08-27,cve_2026_to_now,2026-08-28T19:12:59+00:00
CVE-2026-34641,updated,2026-08-27,cve_2026_to_now,2026-08-28T19:12:59+00:00
CVE-2026-34642,updated,2026-08-27,cve_2026_to_now,2026-08-28T19:12:59+00:00
CVE-2026-34643,updated,2026-08-27,cve_2026_to_now,2026-08-28T19:12:59+00:00
CVE-2026-34644,updated,2026-08-27,cve_2026_to_now,2026-08-28T19:12:59+00:00
CVE-2026-34645,updated,2026-08-27,cve_2026_to_now,2026-08-28T19:12:59+00:00
CVE-2026-34646,updated,2026-08-27,cve_2026_to_now,2026-08-28T19:12:59+00:00
CVE-2026-34647,updated,2026-08-27,cve_2026_to_now,2026-08-28T19:12:59+00:00
CVE-2026-34648,updated,2026-08-27,cve_2026_to_now,2026-08-28T19:12:59+00:00
CVE-2026-34649,updated,2026-08-27,cve_2026_to_now,2026-08-28T19:12:59+00:00
CVE-2026-34650,updated,2026-08-27,cve_2026_to_now,2026-08-28T19:12:59+00:00
CVE-2026-34651,updated,2026-08-27,cve_2026_to_now,2026-08-28T19:12:59+00:00
CVE-2026-34652,updated,2026-08-27,cve_2026_to_now,2026-08-28T19:12:59+00:00
CVE-2026-34653,updated,2026-08-27,cve_2026_to_now,2026-08-28T19:12:59+00:00
CVE-2026-34654,updated,2026-08-27,cve_2026_to_now,2026-08-28T19:12:59+00:00
CVE-2026-34655,updated,2026-08-27,cve_2026_to_now,2026-08-28T19:12:59+00:00
CVE-2026-34656,updated,2026-08-27,cve_2026_to_now,2026-08-28T19:12:59+00:00
CVE-2026-34657,updated,2026-08-27,cve_2026_to_now,2026-08-28T19:12:59+00:00
CVE-2026-34658,updated,2026-08-27,cve_2026_to_now,2026-08-28T19:12:59+00:00
CVE-2026-34659,updated,2026-08-27,cve_2026_to_now,2026-08-28T19:12:59+00:00
CVE-2026-34660,updated,2026-08-27,cve_2026_to_now,2026-08-28T19:12:59+00:00
CVE-2026-34661,updated,2026-08-27,cve_2026_to_now,2026-08-28T19:12:59+00:00
CVE-2026-34662,updated,2026-08-27,cve_2026_to_now,2026-08-28T19:12:59+00:00
CVE-2026-34663,updated,2026-08-27,cve_2026_to_now,2026-08-28T19:12:59+00:00
CVE-2026-34664,updated,2026-08-27,cve_2026_to_now,2026-08-28T19:12:59+00:00
CVE-2026-34665,updated,2026-08-27,cve_2026_to_now,2026-08-28T19:12:59+00:00
CVE-2026-34666,updated,2026-08-27,cve_2026_to_now,2026-08-28T19:12:59+00:00
CVE-2026-34667,updated,2026-08-27,cve_2026_to_now,2026-08-28T19:12:59+00:00
CVE-2026-34668,updated,2026-08-27,cve_2026_to_now,2026-08-28T19:12:59+00:00
CVE-2026-34669,updated,2026-08-27,cve_2026_to_now,2026-08-28T19:12:59+00:00
CVE-2026-34670,updated,2026-08-27,cve_2026_to_now,2026-08-28T19:12:59+00:00
CVE-2026-34671,updated,2026-08-27,cve_2026_to_now,2026-08-28T19:12:59+00:00
CVE-2026-34672,updated,2026-08-27,cve_2026_to_now,2026-08-28T19:12:59+00:00
CVE-2026-34673,updated,2026-08-27,cve_2026_to_now,2026-08-28T19:12:59+00:00
CVE-2026-34674,updated,,cve_2026_to_now,2026-08-28T19:12:59+00:00
CVE-2026-34675,updated,2026-08-27,cve_2026_to_now,2026-08-28T19:12:59+00:00
CVE-2026-34676,updated,2026-08-27,cve_2026_to_now,2026-08-28T19:12:59+00:00
CVE-2026-34677,updated,2026-08-27,cve_2026_to_now,2026-08-28T19:12:59+00:00
CVE-2026-34678,updated,2026-08-27,cve_2026_to_now,2026-08-28T19:12:59+00:00
CVE-2026-34679,updated,2026-08-27,cve_2026_to_now,2026-08-28T19:12:59+00:00
CVE-2026-34680,updated,2026-08-27,cve_2026_to_now,2026-08-28T19:12:59+00:00
CVE-2026-34681,updated,2026-08-27,cve_2026_to_now,2026-08-28T19:12:59+00:00
CVE-2026-34682,updated,2026-08-27,cve_2026_to_now,2026-08-28T19:12:59+00:00
CVE-2026-34683,updated,2026-08-27,cve_2026_to_now,2026-08-28T19:12:59+00:00
CVE-2026-34684,updated,2026-08-27,cve_2026_to_now,2026-08-28T19:12:59+00:00
CVE-2026-34685,updated,2026-08-27,cve_2026_to_now,2026-08-28T19:12:59+00:00
CVE-2026-34686,updated,2026-08-27,cve_2026_to_now,2026-08-28T19:12:59+00:00
CVE-2026-34687,updated,2026-08-27,cve_2026_to_now,2026-08-28T19:12:59+00:00
CVE-2026-34688,updated,2026-08-27,cve_2026_to_now,2026-08-28T19:12:59+00:00
CVE-2026-34690,updated,2026-08-27,cve_2026_to_now,2026-08-28T19:12:59+00:00
CVE-2026-34691,updated,2026-08-27,cve_2026_to_now,2026-08-28T19:12:59+00:00
CVE-2026-34692,updated,2026-08-27,cve_2026_to_now,2026-08-28T19:12:59+00:00
CVE-2026-34693,updated,2026-08-27,cve_2026_to_now,2026-08-28T19:12:59+00:00
CVE-2026-34694,updated,2026-08-27,cve_2026_to_now,2026-08-28T19:12:59+00:00
CVE-2026-34695,updated,2026-08-27,cve_2026_to_now,2026-08-28T19:12:59+00:00
CVE-2026-34696,updated,2026-08-27,cve_2026_to_now,2026-08-28T19:12:59+00:00
CVE-2026-34697,updated,2026-08-27,cve_2026_to_now,2026-08-28T19:12:59+00:00
CVE-2026-34698,updated,2026-08-27,cve_2026_to_now,2026-08-28T19:12:59+00:00
CVE-2026-34699,updated,2026-08-27,cve_2026_to_now,2026-08-28T19:12:59+00:00
CVE-2026-34700,updated,2026-08-27,cve_2026_to_now,2026-08-28T19:12:59+00:00
CVE-2026-34701,updated,2026-08-27,cve_2026_to_now,2026-08-28T19:12:59+00:00
CVE-2026-34702,updated,2026-08-27,cve_2026_to_now,2026-08-28T19:12:59+00:00
CVE-2026-34703,updated,2026-08-27,cve_2026_to_now,2026-08-28T19:12:59+00:00
CVE-2026-34704,updated,2026-08-27,cve_2026_to_now,2026-08-28T19:12:59+00:00
CVE-2026-34705,updated,2026-08-27,cve_2026_to_now,2026-08-28T19:12:59+00:00
CVE-2026-34706,updated,2026-08-27,cve_2026_to_now,2026-08-28T19:12:59+00:00
CVE-2026-34707,updated,2026-08-27,cve_2026_to_now,2026-08-28T19:12:59+00:00
CVE-2026-34708,updated,2026-08-27,cve_2026_to_now,2026-08-28T19:12:59+00:00
CVE-2026-34709,updated,2026-08-27,cve_2026_to_now,2026-08-28T19:12:59+00:00
CVE-2026-34710,updated,2026-08-27,cve_2026_to_now,2026-08-28T19:12:59+00:00
CVE-2026-34711,updated,2026-08-27,cve_2026_to_now,2026-08-28T19:12:59+00:00
CVE-2026-34712,updated,2026-08-27,cve_2026_to_now,2026-08-28T19:12:59+00:00
CVE-2026-34713,updated,2026-08-27,cve_2026_to_now,2026-08-28T19:12:59+00:00
CVE-2026-34986,updated,2026-08-28,cve_2026_to_now,2026-08-28T19:12:59+00:00
CVE-2026-34993,updated,2026-08-28,cve_2026_to_now,2026-08-28T19:12:59+00:00
CVE-2026-35397,updated,2026-08-28,cve_2026_to_now,2026-08-28T19:12:59+00:00
CVE-2026-35868,added,,cve_2026_to_now,2026-08-28T19:12:59+00:00
CVE-2026-35869,added,,cve_2026_to_now,2026-08-28T19:12:59+00:00
CVE-2026-36102,added,,cve_2026_to_now,2026-08-28T19:12:59+00:00
CVE-2026-36851,updated,2026-08-27,cve_2026_to_now,2026-08-28T19:12:59+00:00
CVE-2026-37003,added,,cve_2026_to_now,2026-08-28T19:12:59+00:00
CVE-2026-37004,added,,cve_2026_to_now,2026-08-28T19:12:59+00:00
CVE-2026-37006,added,,cve_2026_to_now,2026-08-28T19:12:59+00:00
CVE-2026-37007,added,,cve_2026_to_now,2026-08-28T19:12:59+00:00
CVE-2026-37009,added,,cve_2026_to_now,2026-08-28T19:12:59+00:00
CVE-2026-37012,added,,cve_2026_to_now,2026-08-28T19:12:59+00:00
CVE-2026-37064,added,,cve_2026_to_now,2026-08-28T19:12:59+00:00
CVE-2026-37065,added,,cve_2026_to_now,2026-08-28T19:12:59+00:00
CVE-2026-37066,added,,cve_2026_to_now,2026-08-28T19:12:59+00:00
CVE-2026-37067,added,,cve_2026_to_now,2026-08-28T19:12:59+00:00
CVE-2026-37068,added,,cve_2026_to_now,2026-08-28T19:12:59+00:00
CVE-2026-37069,added,,cve_2026_to_now,2026-08-28T19:12:59+00:00
CVE-2026-37070,added,,cve_2026_to_now,2026-08-28T19:12:59+00:00
CVE-2026-37071,added,,cve_2026_to_now,2026-08-28T19:12:59+00:00
CVE-2026-37072,added,,cve_2026_to_now,2026-08-28T19:12:59+00:00
CVE-2026-37073,added,,cve_2026_to_now,2026-08-28T19:12:59+00:00
CVE-2026-37198,added,,cve_2026_to_now,2026-08-28T19:12:59+00:00
CVE-2026-37236,added,,cve_2026_to_now,2026-08-28T19:12:59+00:00
CVE-2026-37237,added,,cve_2026_to_now,2026-08-28T19:12:59+00:00
CVE-2026-37710,added,,cve_2026_to_now,2026-08-28T19:12:59+00:00
CVE-2026-37736,added,,cve_2026_to_now,2026-08-28T19:12:59+00:00
CVE-2026-37751,added,,cve_2026_to_now,2026-08-28T19:12:59+00:00
CVE-2026-38093,added,,cve_2026_to_now,2026-08-28T19:12:59+00:00
CVE-2026-38343,added,,cve_2026_to_now,2026-08-28T19:12:59+00:00
CVE-2026-38344,added,,cve_2026_to_now,2026-08-28T19:12:59+00:00
CVE-2026-38345,added,,cve_2026_to_now,2026-08-28T19:12:59+00:00
CVE-2026-38346,added,,cve_2026_to_now,2026-08-28T19:12:59+00:00
CVE-2026-38347,added,,cve_2026_to_now,2026-08-28T19:12:59+00:00
CVE-2026-38348,added,,cve_2026_to_now,2026-08-28T19:12:59+00:00
CVE-2026-38349,added,,cve_2026_to_now,2026-08-28T19:12:59+00:00
CVE-2026-38350,added,,cve_2026_to_now,2026-08-28T19:12:59+00:00
CVE-2026-38636,added,,cve_2026_to_now,2026-08-28T19:12:59+00:00
CVE-2026-38638,added,,cve_2026_to_now,2026-08-28T19:12:59+00:00
CVE-2026-38725,added,,cve_2026_to_now,2026-08-28T19:12:59+00:00
CVE-2026-38819,added,,cve_2026_to_now,2026-08-28T19:12:59+00:00
CVE-2026-38820,added,,cve_2026_to_now,2026-08-28T19:12:59+00:00
CVE-2026-38821,added,,cve_2026_to_now,2026-08-28T19:12:59+00:00
CVE-2026-38822,added,,cve_2026_to_now,2026-08-28T19:12:59+00:00
CVE-2026-39275,updated,2026-08-27,cve_2026_to_now,2026-08-28T19:12:59+00:00
CVE-2026-39820,updated,2026-08-28,cve_2026_to_now,2026-08-28T19:12:59+00:00
CVE-2026-39821,updated,2026-08-28,cve_2026_to_now,2026-08-28T19:12:59+00:00
CVE-2026-39828,updated,2026-08-28,cve_2026_to_now,2026-08-28T19:12:59+00:00
CVE-2026-39829,updated,2026-08-28,cve_2026_to_now,2026-08-28T19:12:59+00:00
CVE-2026-39830,updated,2026-08-28,cve_2026_to_now,2026-08-28T19:12:59+00:00
CVE-2026-39835,updated,2026-08-28,cve_2026_to_now,2026-08-28T19:12:59+00:00
CVE-2026-39944,added,,cve_2026_to_now,2026-08-28T19:12:59+00:00
CVE-2026-40013,added,,cve_2026_to_now,2026-08-28T19:12:59+00:00
CVE-2026-40014,added,,cve_2026_to_now,2026-08-28T19:12:59+00:00
CVE-2026-40015,added,,cve_2026_to_now,2026-08-28T19:12:59+00:00
CVE-2026-40017,added,,cve_2026_to_now,2026-08-28T19:12:59+00:00
CVE-2026-40018,added,,cve_2026_to_now,2026-08-28T19:12:59+00:00
CVE-2026-40019,added,,cve_2026_to_now,2026-08-28T19:12:59+00:00
CVE-2026-40203,added,,cve_2026_to_now,2026-08-28T19:12:59+00:00
CVE-2026-40204,added,,cve_2026_to_now,2026-08-28T19:12:59+00:00
CVE-2026-40205,added,,cve_2026_to_now,2026-08-28T19:12:59+00:00
CVE-2026-40375,updated,2026-08-27,cve_2026_to_now,2026-08-28T19:12:59+00:00
CVE-2026-40541,added,,cve_2026_to_now,2026-08-28T19:12:59+00:00
CVE-2026-41672,updated,2026-08-28,cve_2026_to_now,2026-08-28T19:12:59+00:00
CVE-2026-41673,updated,2026-08-28,cve_2026_to_now,2026-08-28T19:12:59+00:00
CVE-2026-41675,updated,2026-08-28,cve_2026_to_now,2026-08-28T19:12:59+00:00
CVE-2026-42007,added,,cve_2026_to_now,2026-08-28T19:12:59+00:00
CVE-2026-42008,added,,cve_2026_to_now,2026-08-28T19:12:59+00:00
CVE-2026-42127,updated,2026-08-27,cve_2026_to_now,2026-08-28T19:12:59+00:00
CVE-2026-42129,updated,2026-08-27,cve_2026_to_now,2026-08-28T19:12:59+00:00
CVE-2026-42264,updated,2026-08-28,cve_2026_to_now,2026-08-28T19:12:59+00:00
CVE-2026-42266,updated,2026-08-28,cve_2026_to_now,2026-08-28T19:12:59+00:00
CVE-2026-42338,updated,2026-08-28,cve_2026_to_now,2026-08-28T19:12:59+00:00
CVE-2026-42391,added,,cve_2026_to_now,2026-08-28T19:12:59+00:00
CVE-2026-42392,added,,cve_2026_to_now,2026-08-28T19:12:59+00:00
CVE-2026-42393,added,,cve_2026_to_now,2026-08-28T19:12:59+00:00
CVE-2026-42395,added,,cve_2026_to_now,2026-08-28T19:12:59+00:00
CVE-2026-42499,updated,2026-08-28,cve_2026_to_now,2026-08-28T19:12:59+00:00
CVE-2026-42504,updated,2026-08-28,cve_2026_to_now,2026-08-28T19:12:59+00:00
CVE-2026-42508,updated,2026-08-28,cve_2026_to_now,2026-08-28T19:12:59+00:00
CVE-2026-42557,updated,2026-08-28,cve_2026_to_now,2026-08-28T19:12:59+00:00
CVE-2026-42976,updated,2026-08-27,cve_2026_to_now,2026-08-28T19:12:59+00:00
CVE-2026-43621,updated,2026-08-28,cve_2026_to_now,2026-08-28T19:12:59+00:00
CVE-2026-44017,updated,2026-08-28,cve_2026_to_now,2026-08-28T19:12:59+00:00
CVE-2026-44020,updated,2026-08-28,cve_2026_to_now,2026-08-28T19:12:59+00:00
CVE-2026-44289,updated,2026-08-28,cve_2026_to_now,2026-08-28T19:12:59+00:00
CVE-2026-44293,updated,2026-08-28,cve_2026_to_now,2026-08-28T19:12:59+00:00
CVE-2026-44486,updated,2026-08-28,cve_2026_to_now,2026-08-28T19:12:59+00:00
CVE-2026-44487,updated,2026-08-28,cve_2026_to_now,2026-08-28T19:12:59+00:00
CVE-2026-44488,updated,2026-08-28,cve_2026_to_now,2026-08-28T19:12:59+00:00
CVE-2026-44492,updated,2026-08-28,cve_2026_to_now,2026-08-28T19:12:59+00:00
CVE-2026-44494,updated,2026-08-28,cve_2026_to_now,2026-08-28T19:12:59+00:00
CVE-2026-44495,updated,2026-08-28,cve_2026_to_now,2026-08-28T19:12:59+00:00
CVE-2026-44496,updated,2026-08-28,cve_2026_to_now,2026-08-28T19:12:59+00:00
CVE-2026-44513,updated,2026-08-28,cve_2026_to_now,2026-08-28T19:12:59+00:00
CVE-2026-44629,added,,cve_2026_to_now,2026-08-28T19:12:59+00:00
CVE-2026-44724,updated,2026-08-28,cve_2026_to_now,2026-08-28T19:12:59+00:00
CVE-2026-44727,updated,2026-08-28,cve_2026_to_now,2026-08-28T19:12:59+00:00
CVE-2026-45201,updated,2026-08-27,cve_2026_to_now,2026-08-28T19:12:59+00:00
CVE-2026-45202,updated,2026-08-27,cve_2026_to_now,2026-08-28T19:12:59+00:00
CVE-2026-45292,updated,2026-08-28,cve_2026_to_now,2026-08-28T19:12:59+00:00
CVE-2026-45736,updated,2026-08-28,cve_2026_to_now,2026-08-28T19:12:59+00:00
CVE-2026-46595,updated,2026-08-28,cve_2026_to_now,2026-08-28T19:12:59+00:00
CVE-2026-46625,updated,2026-08-28,cve_2026_to_now,2026-08-28T19:12:59+00:00
CVE-2026-47285,updated,2026-08-27,cve_2026_to_now,2026-08-28T19:12:59+00:00
CVE-2026-47299,updated,2026-08-27,cve_2026_to_now,2026-08-28T19:12:59+00:00
CVE-2026-47727,added,,cve_2026_to_now,2026-08-28T19:12:59+00:00
CVE-2026-47864,updated,2026-08-28,cve_2026_to_now,2026-08-28T19:12:59+00:00
CVE-2026-47875,updated,2026-08-28,cve_2026_to_now,2026-08-28T19:12:59+00:00
CVE-2026-47902,updated,2026-08-27,cve_2026_to_now,2026-08-28T19:12:59+00:00
CVE-2026-47903,updated,2026-08-27,cve_2026_to_now,2026-08-28T19:12:59+00:00
CVE-2026-47904,updated,2026-08-27,cve_2026_to_now,2026-08-28T19:12:59+00:00
CVE-2026-47905,updated,2026-08-27,cve_2026_to_now,2026-08-28T19:12:59+00:00
CVE-2026-47906,updated,2026-08-27,cve_2026_to_now,2026-08-28T19:12:59+00:00
CVE-2026-47907,updated,2026-08-27,cve_2026_to_now,2026-08-28T19:12:59+00:00
CVE-2026-47908,updated,2026-08-27,cve_2026_to_now,2026-08-28T19:12:59+00:00
CVE-2026-47909,updated,2026-08-27,cve_2026_to_now,2026-08-28T19:12:59+00:00
CVE-2026-47910,updated,2026-08-27,cve_2026_to_now,2026-08-28T19:12:59+00:00
CVE-2026-47911,updated,2026-08-27,cve_2026_to_now,2026-08-28T19:12:59+00:00
CVE-2026-47912,updated,2026-08-27,cve_2026_to_now,2026-08-28T19:12:59+00:00
CVE-2026-47913,updated,2026-08-27,cve_2026_to_now,2026-08-28T19:12:59+00:00
CVE-2026-47914,updated,2026-08-27,cve_2026_to_now,2026-08-28T19:12:59+00:00
CVE-2026-47915,updated,2026-08-27,cve_2026_to_now,2026-08-28T19:12:59+00:00
CVE-2026-47916,updated,2026-08-27,cve_2026_to_now,2026-08-28T19:12:59+00:00
CVE-2026-47917,updated,2026-08-27,cve_2026_to_now,2026-08-28T19:12:59+00:00
CVE-2026-47918,updated,2026-08-27,cve_2026_to_now,2026-08-28T19:12:59+00:00
CVE-2026-47919,updated,2026-08-27,cve_2026_to_now,2026-08-28T19:12:59+00:00
CVE-2026-47920,updated,2026-08-27,cve_2026_to_now,2026-08-28T19:12:59+00:00
CVE-2026-47921,updated,2026-08-27,cve_2026_to_now,2026-08-28T19:12:59+00:00
CVE-2026-47922,updated,2026-08-27,cve_2026_to_now,2026-08-28T19:12:59+00:00
CVE-2026-47923,updated,2026-08-27,cve_2026_to_now,2026-08-28T19:12:59+00:00
CVE-2026-47924,updated,2026-08-27,cve_2026_to_now,2026-08-28T19:12:59+00:00
CVE-2026-47925,updated,2026-08-27,cve_2026_to_now,2026-08-28T19:12:59+00:00
CVE-2026-47926,updated,2026-08-27,cve_2026_to_now,2026-08-28T19:12:59+00:00
CVE-2026-47927,updated,2026-08-27,cve_2026_to_now,2026-08-28T19:12:59+00:00
CVE-2026-47928,updated,2026-08-27,cve_2026_to_now,2026-08-28T19:12:59+00:00
CVE-2026-47929,updated,2026-08-27,cve_2026_to_now,2026-08-28T19:12:59+00:00
CVE-2026-47930,updated,2026-08-27,cve_2026_to_now,2026-08-28T19:12:59+00:00
CVE-2026-47931,updated,2026-08-27,cve_2026_to_now,2026-08-28T19:12:59+00:00
CVE-2026-47932,updated,2026-08-27,cve_2026_to_now,2026-08-28T19:12:59+00:00
CVE-2026-47933,updated,2026-08-27,cve_2026_to_now,2026-08-28T19:12:59+00:00
CVE-2026-47934,updated,2026-08-27,cve_2026_to_now,2026-08-28T19:12:59+00:00
CVE-2026-47935,updated,2026-08-27,cve_2026_to_now,2026-08-28T19:12:59+00:00
CVE-2026-47936,updated,2026-08-27,cve_2026_to_now,2026-08-28T19:12:59+00:00
CVE-2026-47937,updated,2026-08-27,cve_2026_to_now,2026-08-28T19:12:59+00:00
CVE-2026-47938,updated,2026-08-27,cve_2026_to_now,2026-08-28T19:12:59+00:00
CVE-2026-47939,updated,2026-08-27,cve_2026_to_now,2026-08-28T19:12:59+00:00
CVE-2026-47940,updated,2026-08-27,cve_2026_to_now,2026-08-28T19:12:59+00:00
CVE-2026-47941,updated,2026-08-27,cve_2026_to_now,2026-08-28T19:12:59+00:00
CVE-2026-47942,updated,2026-08-27,cve_2026_to_now,2026-08-28T19:12:59+00:00
CVE-2026-47943,updated,2026-08-27,cve_2026_to_now,2026-08-28T19:12:59+00:00
CVE-2026-47944,updated,2026-08-27,cve_2026_to_now,2026-08-28T19:12:59+00:00
CVE-2026-47945,updated,2026-08-27,cve_2026_to_now,2026-08-28T19:12:59+00:00
CVE-2026-47946,updated,2026-08-27,cve_2026_to_now,2026-08-28T19:12:59+00:00
CVE-2026-47947,updated,2026-08-27,cve_2026_to_now,2026-08-28T19:12:59+00:00
CVE-2026-47948,updated,2026-08-27,cve_2026_to_now,2026-08-28T19:12:59+00:00
CVE-2026-47949,updated,2026-08-27,cve_2026_to_now,2026-08-28T19:12:59+00:00
CVE-2026-47950,updated,2026-08-27,cve_2026_to_now,2026-08-28T19:12:59+00:00
CVE-2026-47951,updated,2026-08-27,cve_2026_to_now,2026-08-28T19:12:59+00:00
CVE-2026-47952,updated,2026-08-27,cve_2026_to_now,2026-08-28T19:12:59+00:00
CVE-2026-47953,updated,2026-08-27,cve_2026_to_now,2026-08-28T19:12:59+00:00
CVE-2026-47954,updated,2026-08-27,cve_2026_to_now,2026-08-28T19:12:59+00:00
CVE-2026-47955,updated,2026-08-27,cve_2026_to_now,2026-08-28T19:12:59+00:00
CVE-2026-47956,updated,2026-08-27,cve_2026_to_now,2026-08-28T19:12:59+00:00
CVE-2026-47957,updated,2026-08-27,cve_2026_to_now,2026-08-28T19:12:59+00:00
CVE-2026-47958,updated,2026-08-27,cve_2026_to_now,2026-08-28T19:12:59+00:00
CVE-2026-47959,updated,2026-08-27,cve_2026_to_now,2026-08-28T19:12:59+00:00
CVE-2026-47960,updated,2026-08-27,cve_2026_to_now,2026-08-28T19:12:59+00:00
CVE-2026-47961,updated,2026-08-27,cve_2026_to_now,2026-08-28T19:12:59+00:00
CVE-2026-47962,updated,2026-08-27,cve_2026_to_now,2026-08-28T19:12:59+00:00
CVE-2026-47963,updated,2026-08-27,cve_2026_to_now,2026-08-28T19:12:59+00:00
CVE-2026-47964,updated,2026-08-27,cve_2026_to_now,2026-08-28T19:12:59+00:00
CVE-2026-47965,updated,2026-08-27,cve_2026_to_now,2026-08-28T19:12:59+00:00
CVE-2026-47966,updated,2026-08-27,cve_2026_to_now,2026-08-28T19:12:59+00:00
CVE-2026-47967,updated,2026-08-27,cve_2026_to_now,2026-08-28T19:12:59+00:00
CVE-2026-47968,updated,2026-08-27,cve_2026_to_now,2026-08-28T19:12:59+00:00
CVE-2026-47969,updated,2026-08-27,cve_2026_to_now,2026-08-28T19:12:59+00:00
CVE-2026-47970,updated,2026-08-27,cve_2026_to_now,2026-08-28T19:12:59+00:00
CVE-2026-47971,updated,2026-08-27,cve_2026_to_now,2026-08-28T19:12:59+00:00
CVE-2026-47972,updated,2026-08-27,cve_2026_to_now,2026-08-28T19:12:59+00:00
CVE-2026-47973,updated,2026-08-27,cve_2026_to_now,2026-08-28T19:12:59+00:00
CVE-2026-47974,updated,2026-08-27,cve_2026_to_now,2026-08-28T19:12:59+00:00
CVE-2026-47975,updated,2026-08-27,cve_2026_to_now,2026-08-28T19:12:59+00:00
CVE-2026-47976,updated,2026-08-27,cve_2026_to_now,2026-08-28T19:12:59+00:00
CVE-2026-47977,updated,2026-08-27,cve_2026_to_now,2026-08-28T19:12:59+00:00
CVE-2026-47978,updated,2026-08-27,cve_2026_to_now,2026-08-28T19:12:59+00:00
CVE-2026-47979,updated,2026-08-27,cve_2026_to_now,2026-08-28T19:12:59+00:00
CVE-2026-47980,updated,2026-08-27,cve_2026_to_now,2026-08-28T19:12:59+00:00
CVE-2026-47981,updated,2026-08-27,cve_2026_to_now,2026-08-28T19:12:59+00:00
CVE-2026-47982,updated,2026-08-27,cve_2026_to_now,2026-08-28T19:12:59+00:00
CVE-2026-47983,updated,2026-08-27,cve_2026_to_now,2026-08-28T19:12:59+00:00
CVE-2026-47984,updated,2026-08-27,cve_2026_to_now,2026-08-28T19:12:59+00:00
CVE-2026-47985,updated,2026-08-27,cve_2026_to_now,2026-08-28T19:12:59+00:00
CVE-2026-47986,updated,2026-08-27,cve_2026_to_now,2026-08-28T19:12:59+00:00
CVE-2026-47987,updated,2026-08-27,cve_2026_to_now,2026-08-28T19:12:59+00:00
CVE-2026-47988,updated,2026-08-27,cve_2026_to_now,2026-08-28T19:12:59+00:00
CVE-2026-47989,updated,2026-08-27,cve_2026_to_now,2026-08-28T19:12:59+00:00
CVE-2026-47990,updated,2026-08-27,cve_2026_to_now,2026-08-28T19:12:59+00:00
CVE-2026-47991,updated,2026-08-27,cve_2026_to_now,2026-08-28T19:12:59+00:00
CVE-2026-47992,updated,2026-08-27,cve_2026_to_now,2026-08-28T19:12:59+00:00
CVE-2026-47993,updated,2026-08-27,cve_2026_to_now,2026-08-28T19:12:59+00:00
CVE-2026-47994,updated,2026-08-27,cve_2026_to_now,2026-08-28T19:12:59+00:00
CVE-2026-47995,updated,2026-08-27,cve_2026_to_now,2026-08-28T19:12:59+00:00
CVE-2026-47996,updated,2026-08-27,cve_2026_to_now,2026-08-28T19:12:59+00:00
CVE-2026-47997,updated,2026-08-27,cve_2026_to_now,2026-08-28T19:12:59+00:00
CVE-2026-47998,updated,2026-08-27,cve_2026_to_now,2026-08-28T19:12:59+00:00
CVE-2026-47999,updated,2026-08-27,cve_2026_to_now,2026-08-28T19:12:59+00:00
CVE-2026-48000,updated,2026-08-27,cve_2026_to_now,2026-08-28T19:12:59+00:00
CVE-2026-48001,updated,2026-08-27,cve_2026_to_now,2026-08-28T19:12:59+00:00
CVE-2026-48250,updated,2026-08-27,cve_2026_to_now,2026-08-28T19:12:59+00:00
CVE-2026-48251,updated,2026-08-27,cve_2026_to_now,2026-08-28T19:12:59+00:00
CVE-2026-48252,updated,2026-08-27,cve_2026_to_now,2026-08-28T19:12:59+00:00
CVE-2026-48253,updated,2026-08-27,cve_2026_to_now,2026-08-28T19:12:59+00:00
CVE-2026-48254,updated,2026-08-27,cve_2026_to_now,2026-08-28T19:12:59+00:00
CVE-2026-48255,updated,2026-08-27,cve_2026_to_now,2026-08-28T19:12:59+00:00
CVE-2026-48256,updated,2026-08-27,cve_2026_to_now,2026-08-28T19:12:59+00:00
CVE-2026-48257,updated,2026-08-27,cve_2026_to_now,2026-08-28T19:12:59+00:00
CVE-2026-48258,updated,2026-08-27,cve_2026_to_now,2026-08-28T19:12:59+00:00
CVE-2026-48259,updated,2026-08-27,cve_2026_to_now,2026-08-28T19:12:59+00:00
CVE-2026-48260,updated,2026-08-27,cve_2026_to_now,2026-08-28T19:12:59+00:00
CVE-2026-48261,updated,2026-08-27,cve_2026_to_now,2026-08-28T19:12:59+00:00
CVE-2026-48262,updated,2026-08-27,cve_2026_to_now,2026-08-28T19:12:59+00:00
CVE-2026-48263,updated,2026-08-27,cve_2026_to_now,2026-08-28T19:12:59+00:00
CVE-2026-48264,updated,2026-08-27,cve_2026_to_now,2026-08-28T19:12:59+00:00
CVE-2026-48265,updated,2026-08-27,cve_2026_to_now,2026-08-28T19:12:59+00:00
CVE-2026-48266,updated,2026-08-27,cve_2026_to_now,2026-08-28T19:12:59+00:00
CVE-2026-48267,updated,2026-08-27,cve_2026_to_now,2026-08-28T19:12:59+00:00
CVE-2026-48268,updated,2026-08-27,cve_2026_to_now,2026-08-28T19:12:59+00:00
CVE-2026-48269,updated,2026-08-27,cve_2026_to_now,2026-08-28T19:12:59+00:00
CVE-2026-48270,updated,2026-08-27,cve_2026_to_now,2026-08-28T19:12:59+00:00
CVE-2026-48271,updated,2026-08-27,cve_2026_to_now,2026-08-28T19:12:59+00:00
CVE-2026-48272,updated,2026-08-27,cve_2026_to_now,2026-08-28T19:12:59+00:00
CVE-2026-48274,updated,2026-08-27,cve_2026_to_now,2026-08-28T19:12:59+00:00
CVE-2026-48275,updated,2026-08-27,cve_2026_to_now,2026-08-28T19:12:59+00:00
CVE-2026-48276,updated,2026-08-27,cve_2026_to_now,2026-08-28T19:12:59+00:00
CVE-2026-48277,updated,2026-08-27,cve_2026_to_now,2026-08-28T19:12:59+00:00
CVE-2026-48280,updated,2026-08-27,cve_2026_to_now,2026-08-28T19:12:59+00:00
CVE-2026-48281,updated,2026-08-27,cve_2026_to_now,2026-08-28T19:12:59+00:00
CVE-2026-48282,updated,2026-08-27,cve_2026_to_now,2026-08-28T19:12:59+00:00
CVE-2026-48283,updated,2026-08-27,cve_2026_to_now,2026-08-28T19:12:59+00:00
CVE-2026-48284,updated,2026-08-27,cve_2026_to_now,2026-08-28T19:12:59+00:00
CVE-2026-48285,updated,2026-08-27,cve_2026_to_now,2026-08-28T19:12:59+00:00
CVE-2026-48286,updated,2026-08-27,cve_2026_to_now,2026-08-28T19:12:59+00:00
CVE-2026-48287,updated,2026-08-27,cve_2026_to_now,2026-08-28T19:12:59+00:00
CVE-2026-48288,updated,2026-08-27,cve_2026_to_now,2026-08-28T19:12:59+00:00
CVE-2026-48289,updated,2026-08-27,cve_2026_to_now,2026-08-28T19:12:59+00:00
CVE-2026-48290,updated,2026-08-27,cve_2026_to_now,2026-08-28T19:12:59+00:00
CVE-2026-48291,updated,2026-08-27,cve_2026_to_now,2026-08-28T19:12:59+00:00
CVE-2026-48292,updated,2026-08-27,cve_2026_to_now,2026-08-28T19:12:59+00:00
CVE-2026-48293,updated,2026-08-27,cve_2026_to_now,2026-08-28T19:12:59+00:00
CVE-2026-48295,updated,2026-08-27,cve_2026_to_now,2026-08-28T19:12:59+00:00
CVE-2026-48296,updated,2026-08-27,cve_2026_to_now,2026-08-28T19:12:59+00:00
CVE-2026-48297,updated,2026-08-27,cve_2026_to_now,2026-08-28T19:12:59+00:00
CVE-2026-48298,updated,2026-08-27,cve_2026_to_now,2026-08-28T19:12:59+00:00
CVE-2026-48299,updated,2026-08-27,cve_2026_to_now,2026-08-28T19:12:59+00:00
CVE-2026-48300,updated,2026-08-27,cve_2026_to_now,2026-08-28T19:12:59+00:00
CVE-2026-48301,updated,2026-08-27,cve_2026_to_now,2026-08-28T19:12:59+00:00
CVE-2026-48302,updated,2026-08-27,cve_2026_to_now,2026-08-28T19:12:59+00:00
CVE-2026-48303,updated,2026-08-27,cve_2026_to_now,2026-08-28T19:12:59+00:00
CVE-2026-48304,updated,2026-08-27,cve_2026_to_now,2026-08-28T19:12:59+00:00
CVE-2026-48305,updated,2026-08-27,cve_2026_to_now,2026-08-28T19:12:59+00:00
CVE-2026-48306,updated,2026-08-27,cve_2026_to_now,2026-08-28T19:12:59+00:00
CVE-2026-48307,updated,2026-08-27,cve_2026_to_now,2026-08-28T19:12:59+00:00
CVE-2026-48308,updated,2026-08-27,cve_2026_to_now,2026-08-28T19:12:59+00:00
CVE-2026-48309,updated,2026-08-27,cve_2026_to_now,2026-08-28T19:12:59+00:00
CVE-2026-48310,updated,2026-08-27,cve_2026_to_now,2026-08-28T19:12:59+00:00
CVE-2026-48311,updated,2026-08-27,cve_2026_to_now,2026-08-28T19:12:59+00:00
CVE-2026-48312,updated,2026-08-27,cve_2026_to_now,2026-08-28T19:12:59+00:00
CVE-2026-48313,updated,2026-08-27,cve_2026_to_now,2026-08-28T19:12:59+00:00
CVE-2026-48314,updated,2026-08-27,cve_2026_to_now,2026-08-28T19:12:59+00:00
CVE-2026-48315,updated,2026-08-27,cve_2026_to_now,2026-08-28T19:12:59+00:00
CVE-2026-48316,updated,2026-08-27,cve_2026_to_now,2026-08-28T19:12:59+00:00
CVE-2026-48317,updated,2026-08-27,cve_2026_to_now,2026-08-28T19:12:59+00:00
CVE-2026-48318,updated,2026-08-27,cve_2026_to_now,2026-08-28T19:12:59+00:00
CVE-2026-48319,updated,2026-08-27,cve_2026_to_now,2026-08-28T19:12:59+00:00
CVE-2026-48320,updated,2026-08-27,cve_2026_to_now,2026-08-28T19:12:59+00:00
CVE-2026-48321,updated,2026-08-27,cve_2026_to_now,2026-08-28T19:12:59+00:00
CVE-2026-48322,updated,2026-08-27,cve_2026_to_now,2026-08-28T19:12:59+00:00
CVE-2026-48323,updated,2026-08-27,cve_2026_to_now,2026-08-28T19:12:59+00:00
CVE-2026-48324,updated,2026-08-27,cve_2026_to_now,2026-08-28T19:12:59+00:00
CVE-2026-48325,updated,2026-08-27,cve_2026_to_now,2026-08-28T19:12:59+00:00
CVE-2026-48326,updated,2026-08-27,cve_2026_to_now,2026-08-28T19:12:59+00:00
CVE-2026-48327,updated,2026-08-27,cve_2026_to_now,2026-08-28T19:12:59+00:00
CVE-2026-48328,updated,2026-08-27,cve_2026_to_now,2026-08-28T19:12:59+00:00
CVE-2026-48329,updated,2026-08-27,cve_2026_to_now,2026-08-28T19:12:59+00:00
CVE-2026-48330,updated,2026-08-27,cve_2026_to_now,2026-08-28T19:12:59+00:00
CVE-2026-48331,updated,2026-08-27,cve_2026_to_now,2026-08-28T19:12:59+00:00
CVE-2026-48332,updated,2026-08-27,cve_2026_to_now,2026-08-28T19:12:59+00:00
CVE-2026-48333,updated,2026-08-27,cve_2026_to_now,2026-08-28T19:12:59+00:00
CVE-2026-48334,updated,2026-08-27,cve_2026_to_now,2026-08-28T19:12:59+00:00
CVE-2026-48335,updated,2026-08-27,cve_2026_to_now,2026-08-28T19:12:59+00:00
CVE-2026-48336,updated,2026-08-27,cve_2026_to_now,2026-08-28T19:12:59+00:00
CVE-2026-48337,updated,2026-08-27,cve_2026_to_now,2026-08-28T19:12:59+00:00
CVE-2026-48338,updated,2026-08-27,cve_2026_to_now,2026-08-28T19:12:59+00:00
CVE-2026-48339,updated,2026-08-27,cve_2026_to_now,2026-08-28T19:12:59+00:00
CVE-2026-48340,updated,2026-08-27,cve_2026_to_now,2026-08-28T19:12:59+00:00
CVE-2026-48341,updated,2026-08-27,cve_2026_to_now,2026-08-28T19:12:59+00:00
CVE-2026-48342,updated,2026-08-27,cve_2026_to_now,2026-08-28T19:12:59+00:00
CVE-2026-48343,updated,2026-08-27,cve_2026_to_now,2026-08-28T19:12:59+00:00
CVE-2026-48344,updated,2026-08-27,cve_2026_to_now,2026-08-28T19:12:59+00:00
CVE-2026-48345,updated,2026-08-27,cve_2026_to_now,2026-08-28T19:12:59+00:00
CVE-2026-48346,updated,2026-08-27,cve_2026_to_now,2026-08-28T19:12:59+00:00
CVE-2026-48347,updated,2026-08-27,cve_2026_to_now,2026-08-28T19:12:59+00:00
CVE-2026-48348,updated,2026-08-27,cve_2026_to_now,2026-08-28T19:12:59+00:00
CVE-2026-48349,updated,2026-08-27,cve_2026_to_now,2026-08-28T19:12:59+00:00
CVE-2026-48350,updated,2026-08-27,cve_2026_to_now,2026-08-28T19:12:59+00:00
CVE-2026-48351,updated,2026-08-27,cve_2026_to_now,2026-08-28T19:12:59+00:00
CVE-2026-48352,updated,2026-08-27,cve_2026_to_now,2026-08-28T19:12:59+00:00
CVE-2026-48353,updated,2026-08-27,cve_2026_to_now,2026-08-28T19:12:59+00:00
CVE-2026-48354,updated,2026-08-27,cve_2026_to_now,2026-08-28T19:12:59+00:00
CVE-2026-48355,updated,2026-08-27,cve_2026_to_now,2026-08-28T19:12:59+00:00
CVE-2026-48356,updated,2026-08-27,cve_2026_to_now,2026-08-28T19:12:59+00:00
CVE-2026-48357,updated,2026-08-27,cve_2026_to_now,2026-08-28T19:12:59+00:00
CVE-2026-48358,updated,2026-08-27,cve_2026_to_now,2026-08-28T19:12:59+00:00
CVE-2026-48359,updated,2026-08-27,cve_2026_to_now,2026-08-28T19:12:59+00:00
CVE-2026-48362,updated,2026-08-27,cve_2026_to_now,2026-08-28T19:12:59+00:00
CVE-2026-48363,updated,2026-08-27,cve_2026_to_now,2026-08-28T19:12:59+00:00
CVE-2026-48364,updated,2026-08-27,cve_2026_to_now,2026-08-28T19:12:59+00:00
CVE-2026-48365,updated,2026-08-27,cve_2026_to_now,2026-08-28T19:12:59+00:00
CVE-2026-48366,updated,2026-08-27,cve_2026_to_now,2026-08-28T19:12:59+00:00
CVE-2026-48367,updated,2026-08-27,cve_2026_to_now,2026-08-28T19:12:59+00:00
CVE-2026-48368,updated,2026-08-27,cve_2026_to_now,2026-08-28T19:12:59+00:00
CVE-2026-48369,updated,2026-08-27,cve_2026_to_now,2026-08-28T19:12:59+00:00
CVE-2026-48370,updated,2026-08-27,cve_2026_to_now,2026-08-28T19:12:59+00:00
CVE-2026-48371,updated,2026-08-27,cve_2026_to_now,2026-08-28T19:12:59+00:00
CVE-2026-48372,updated,2026-08-27,cve_2026_to_now,2026-08-28T19:12:59+00:00
CVE-2026-48373,updated,2026-08-27,cve_2026_to_now,2026-08-28T19:12:59+00:00
CVE-2026-48374,updated,2026-08-27,cve_2026_to_now,2026-08-28T19:12:59+00:00
CVE-2026-48375,updated,2026-08-27,cve_2026_to_now,2026-08-28T19:12:59+00:00
CVE-2026-48376,updated,2026-08-27,cve_2026_to_now,2026-08-28T19:12:59+00:00
CVE-2026-48381,updated,2026-08-27,cve_2026_to_now,2026-08-28T19:12:59+00:00
CVE-2026-48384,updated,2026-08-27,cve_2026_to_now,2026-08-28T19:12:59+00:00
CVE-2026-48385,updated,2026-08-27,cve_2026_to_now,2026-08-28T19:12:59+00:00
CVE-2026-48386,updated,2026-08-27,cve_2026_to_now,2026-08-28T19:12:59+00:00
CVE-2026-48387,updated,2026-08-27,cve_2026_to_now,2026-08-28T19:12:59+00:00
CVE-2026-48389,updated,2026-08-27,cve_2026_to_now,2026-08-28T19:12:59+00:00
CVE-2026-48390,updated,2026-08-27,cve_2026_to_now,2026-08-28T19:12:59+00:00
CVE-2026-48391,updated,2026-08-27,cve_2026_to_now,2026-08-28T19:12:59+00:00
CVE-2026-48392,updated,2026-08-27,cve_2026_to_now,2026-08-28T19:12:59+00:00
CVE-2026-48393,updated,2026-08-27,cve_2026_to_now,2026-08-28T19:12:59+00:00
CVE-2026-48394,updated,2026-08-27,cve_2026_to_now,2026-08-28T19:12:59+00:00
CVE-2026-48395,updated,2026-08-27,cve_2026_to_now,2026-08-28T19:12:59+00:00
CVE-2026-48396,updated,2026-08-27,cve_2026_to_now,2026-08-28T19:12:59+00:00
CVE-2026-48397,updated,2026-08-27,cve_2026_to_now,2026-08-28T19:12:59+00:00
CVE-2026-48399,updated,2026-08-27,cve_2026_to_now,2026-08-28T19:12:59+00:00
CVE-2026-48404,updated,2026-08-27,cve_2026_to_now,2026-08-28T19:12:59+00:00
CVE-2026-48405,updated,2026-08-27,cve_2026_to_now,2026-08-28T19:12:59+00:00
CVE-2026-48406,updated,2026-08-27,cve_2026_to_now,2026-08-28T19:12:59+00:00
CVE-2026-48407,updated,2026-08-27,cve_2026_to_now,2026-08-28T19:12:59+00:00
CVE-2026-48408,updated,2026-08-27,cve_2026_to_now,2026-08-28T19:12:59+00:00
CVE-2026-48409,updated,2026-08-27,cve_2026_to_now,2026-08-28T19:12:59+00:00
CVE-2026-48410,updated,2026-08-27,cve_2026_to_now,2026-08-28T19:12:59+00:00
CVE-2026-48411,updated,2026-08-27,cve_2026_to_now,2026-08-28T19:12:59+00:00
CVE-2026-48412,updated,2026-08-27,cve_2026_to_now,2026-08-28T19:12:59+00:00
CVE-2026-48413,updated,2026-08-27,cve_2026_to_now,2026-08-28T19:12:59+00:00
CVE-2026-48414,updated,2026-08-27,cve_2026_to_now,2026-08-28T19:12:59+00:00
CVE-2026-48415,updated,2026-08-27,cve_2026_to_now,2026-08-28T19:12:59+00:00
CVE-2026-48416,updated,2026-08-27,cve_2026_to_now,2026-08-28T19:12:59+00:00
CVE-2026-48417,updated,2026-08-27,cve_2026_to_now,2026-08-28T19:12:59+00:00
CVE-2026-48418,updated,2026-08-27,cve_2026_to_now,2026-08-28T19:12:59+00:00
CVE-2026-48419,updated,2026-08-27,cve_2026_to_now,2026-08-28T19:12:59+00:00
CVE-2026-48420,updated,2026-08-27,cve_2026_to_now,2026-08-28T19:12:59+00:00
CVE-2026-48421,updated,2026-08-27,cve_2026_to_now,2026-08-28T19:12:59+00:00
CVE-2026-48422,updated,2026-08-27,cve_2026_to_now,2026-08-28T19:12:59+00:00
CVE-2026-48423,updated,2026-08-27,cve_2026_to_now,2026-08-28T19:12:59+00:00
CVE-2026-48424,updated,2026-08-27,cve_2026_to_now,2026-08-28T19:12:59+00:00
CVE-2026-48425,updated,2026-08-27,cve_2026_to_now,2026-08-28T19:12:59+00:00
CVE-2026-48426,updated,2026-08-27,cve_2026_to_now,2026-08-28T19:12:59+00:00
CVE-2026-48427,updated,2026-08-27,cve_2026_to_now,2026-08-28T19:12:59+00:00
CVE-2026-48428,updated,2026-08-27,cve_2026_to_now,2026-08-28T19:12:59+00:00
CVE-2026-48429,updated,2026-08-27,cve_2026_to_now,2026-08-28T19:12:59+00:00
CVE-2026-48430,updated,2026-08-27,cve_2026_to_now,2026-08-28T19:12:59+00:00
CVE-2026-48431,updated,2026-08-27,cve_2026_to_now,2026-08-28T19:12:59+00:00
CVE-2026-48432,updated,2026-08-27,cve_2026_to_now,2026-08-28T19:12:59+00:00
CVE-2026-48433,updated,2026-08-27,cve_2026_to_now,2026-08-28T19:12:59+00:00
CVE-2026-48434,updated,2026-08-27,cve_2026_to_now,2026-08-28T19:12:59+00:00
CVE-2026-48435,updated,2026-08-27,cve_2026_to_now,2026-08-28T19:12:59+00:00
CVE-2026-48436,updated,2026-08-27,cve_2026_to_now,2026-08-28T19:12:59+00:00
CVE-2026-48437,updated,2026-08-27,cve_2026_to_now,2026-08-28T19:12:59+00:00
CVE-2026-48438,updated,2026-08-27,cve_2026_to_now,2026-08-28T19:12:59+00:00
CVE-2026-48439,updated,2026-08-27,cve_2026_to_now,2026-08-28T19:12:59+00:00
CVE-2026-48440,updated,2026-08-27,cve_2026_to_now,2026-08-28T19:12:59+00:00
CVE-2026-48441,updated,2026-08-27,cve_2026_to_now,2026-08-28T19:12:59+00:00
CVE-2026-48442,updated,2026-08-27,cve_2026_to_now,2026-08-28T19:12:59+00:00
CVE-2026-48443,updated,2026-08-27,cve_2026_to_now,2026-08-28T19:12:59+00:00
CVE-2026-48444,updated,2026-08-27,cve_2026_to_now,2026-08-28T19:12:59+00:00
CVE-2026-48445,updated,2026-08-27,cve_2026_to_now,2026-08-28T19:12:59+00:00
CVE-2026-48446,updated,2026-08-27,cve_2026_to_now,2026-08-28T19:12:59+00:00
CVE-2026-48447,updated,2026-08-27,cve_2026_to_now,2026-08-28T19:12:59+00:00
CVE-2026-48448,updated,2026-08-27,cve_2026_to_now,2026-08-28T19:12:59+00:00
CVE-2026-48449,updated,2026-08-27,cve_2026_to_now,2026-08-28T19:12:59+00:00
CVE-2026-48526,updated,2026-08-28,cve_2026_to_now,2026-08-28T19:12:59+00:00
CVE-2026-48710,updated,2026-08-28,cve_2026_to_now,2026-08-28T19:12:59+00:00
CVE-2026-48779,updated,2026-08-28,cve_2026_to_now,2026-08-28T19:12:59+00:00
CVE-2026-48996,added,,cve_2026_to_now,2026-08-28T19:12:59+00:00
CVE-2026-49163,updated,2026-08-27,cve_2026_to_now,2026-08-28T19:12:59+00:00
CVE-2026-49179,updated,2026-08-27,cve_2026_to_now,2026-08-28T19:12:59+00:00
CVE-2026-49851,updated,2026-08-28,cve_2026_to_now,2026-08-28T19:12:59+00:00
CVE-2026-50152,added,2026-08-28,cve_2026_to_now,2026-08-28T19:12:59+00:00
CVE-2026-50472,updated,2026-08-27,cve_2026_to_now,2026-08-28T19:12:59+00:00
CVE-2026-50481,updated,2026-08-27,cve_2026_to_now,2026-08-28T19:12:59+00:00
CVE-2026-50515,updated,2026-08-27,cve_2026_to_now,2026-08-28T19:12:59+00:00
CVE-2026-50516,updated,2026-08-27,cve_2026_to_now,2026-08-28T19:12:59+00:00
CVE-2026-50523,updated,2026-08-27,cve_2026_to_now,2026-08-28T19:12:59+00:00
CVE-2026-50768,updated,2026-08-28,cve_2026_to_now,2026-08-28T19:12:59+00:00
CVE-2026-50979,added,,cve_2026_to_now,2026-08-28T19:12:59+00:00
CVE-2026-51106,updated,2026-08-27,cve_2026_to_now,2026-08-28T19:12:59+00:00
CVE-2026-52021,updated,2026-08-27,cve_2026_to_now,2026-08-28T19:12:59+00:00
CVE-2026-52492,updated,2026-08-27,cve_2026_to_now,2026-08-28T19:12:59+00:00
CVE-2026-52681,added,,cve_2026_to_now,2026-08-28T19:12:59+00:00
CVE-2026-52687,added,,cve_2026_to_now,2026-08-28T19:12:59+00:00
CVE-2026-52923,updated,2026-08-28,cve_2026_to_now,2026-08-28T19:12:59+00:00
CVE-2026-53322,updated,2026-08-28,cve_2026_to_now,2026-08-28T19:12:59+00:00
CVE-2026-53362,updated,2026-08-28,cve_2026_to_now,2026-08-28T19:12:59+00:00
CVE-2026-53578,added,,cve_2026_to_now,2026-08-28T19:12:59+00:00
CVE-2026-53579,added,,cve_2026_to_now,2026-08-28T19:12:59+00:00
CVE-2026-53580,added,2026-08-28,cve_2026_to_now,2026-08-28T19:12:59+00:00
CVE-2026-54083,added,,cve_2026_to_now,2026-08-28T19:12:59+00:00
CVE-2026-54084,added,,cve_2026_to_now,2026-08-28T19:12:59+00:00
CVE-2026-54085,added,,cve_2026_to_now,2026-08-28T19:12:59+00:00
CVE-2026-54113,updated,2026-08-27,cve_2026_to_now,2026-08-28T19:12:59+00:00
CVE-2026-54123,updated,2026-08-27,cve_2026_to_now,2026-08-28T19:12:59+00:00
CVE-2026-54293,updated,2026-08-28,cve_2026_to_now,2026-08-28T19:12:59+00:00
CVE-2026-54330,added,,cve_2026_to_now,2026-08-28T19:12:59+00:00
CVE-2026-54687,added,,cve_2026_to_now,2026-08-28T19:12:59+00:00
CVE-2026-54713,added,,cve_2026_to_now,2026-08-28T19:12:59+00:00
CVE-2026-54718,added,,cve_2026_to_now,2026-08-28T19:12:59+00:00
CVE-2026-54721,added,,cve_2026_to_now,2026-08-28T19:12:59+00:00
CVE-2026-54732,added,2026-08-28,cve_2026_to_now,2026-08-28T19:12:59+00:00
CVE-2026-54981,updated,2026-08-27,cve_2026_to_now,2026-08-28T19:12:59+00:00
CVE-2026-54984,updated,2026-08-27,cve_2026_to_now,2026-08-28T19:12:59+00:00
CVE-2026-55013,updated,2026-08-27,cve_2026_to_now,2026-08-28T19:12:59+00:00
CVE-2026-55015,updated,2026-08-27,cve_2026_to_now,2026-08-28T19:12:59+00:00
CVE-2026-55758,added,,cve_2026_to_now,2026-08-28T19:12:59+00:00
CVE-2026-56121,updated,2026-08-28,cve_2026_to_now,2026-08-28T19:12:59+00:00
CVE-2026-56161,updated,2026-08-27,cve_2026_to_now,2026-08-28T19:12:59+00:00
CVE-2026-56162,updated,2026-08-27,cve_2026_to_now,2026-08-28T19:12:59+00:00
CVE-2026-56174,updated,2026-08-27,cve_2026_to_now,2026-08-28T19:12:59+00:00
CVE-2026-56179,updated,2026-08-27,cve_2026_to_now,2026-08-28T19:12:59+00:00
CVE-2026-56208,updated,2026-08-28,cve_2026_to_now,2026-08-28T19:12:59+00:00
CVE-2026-56209,updated,2026-08-28,cve_2026_to_now,2026-08-28T19:12:59+00:00
CVE-2026-56210,updated,2026-08-28,cve_2026_to_now,2026-08-28T19:12:59+00:00
CVE-2026-56211,updated,2026-08-28,cve_2026_to_now,2026-08-28T19:12:59+00:00
CVE-2026-56651,updated,,cve_2026_to_now,2026-08-28T19:12:59+00:00
CVE-2026-56652,updated,,cve_2026_to_now,2026-08-28T19:12:59+00:00
CVE-2026-56854,added,,cve_2026_to_now,2026-08-28T19:12:59+00:00
CVE-2026-57104,updated,2026-08-27,cve_2026_to_now,2026-08-28T19:12:59+00:00
CVE-2026-57105,updated,2026-08-27,cve_2026_to_now,2026-08-28T19:12:59+00:00
CVE-2026-57499,updated,,cve_2026_to_now,2026-08-28T19:12:59+00:00
CVE-2026-58049,updated,2026-08-28,cve_2026_to_now,2026-08-28T19:12:59+00:00
CVE-2026-58106,added,,cve_2026_to_now,2026-08-28T19:12:59+00:00
CVE-2026-58107,added,,cve_2026_to_now,2026-08-28T19:12:59+00:00
CVE-2026-58612,updated,2026-08-27,cve_2026_to_now,2026-08-28T19:12:59+00:00
CVE-2026-58639,updated,2026-08-27,cve_2026_to_now,2026-08-28T19:12:59+00:00
CVE-2026-58641,updated,2026-08-27,cve_2026_to_now,2026-08-28T19:12:59+00:00
CVE-2026-58650,updated,2026-08-27,cve_2026_to_now,2026-08-28T19:12:59+00:00
CVE-2026-58651,updated,2026-08-27,cve_2026_to_now,2026-08-28T19:12:59+00:00
CVE-2026-58652,updated,2026-08-28,cve_2026_to_now,2026-08-28T19:12:59+00:00
CVE-2026-59113,updated,2026-08-27,cve_2026_to_now,2026-08-28T19:12:59+00:00
CVE-2026-59115,updated,2026-08-27,cve_2026_to_now,2026-08-28T19:12:59+00:00
CVE-2026-59118,updated,2026-08-27,cve_2026_to_now,2026-08-28T19:12:59+00:00
CVE-2026-59119,updated,2026-08-27,cve_2026_to_now,2026-08-28T19:12:59+00:00
CVE-2026-59122,updated,2026-08-27,cve_2026_to_now,2026-08-28T19:12:59+00:00
CVE-2026-59124,updated,2026-08-27,cve_2026_to_now,2026-08-28T19:12:59+00:00
CVE-2026-59125,updated,2026-08-27,cve_2026_to_now,2026-08-28T19:12:59+00:00
CVE-2026-59126,updated,2026-08-27,cve_2026_to_now,2026-08-28T19:12:59+00:00
CVE-2026-59127,updated,2026-08-27,cve_2026_to_now,2026-08-28T19:12:59+00:00
CVE-2026-59128,updated,2026-08-27,cve_2026_to_now,2026-08-28T19:12:59+00:00
CVE-2026-59130,updated,2026-08-27,cve_2026_to_now,2026-08-28T19:12:59+00:00
CVE-2026-59131,updated,2026-08-27,cve_2026_to_now,2026-08-28T19:12:59+00:00
CVE-2026-59132,updated,2026-08-27,cve_2026_to_now,2026-08-28T19:12:59+00:00
CVE-2026-59133,updated,2026-08-27,cve_2026_to_now,2026-08-28T19:12:59+00:00
CVE-2026-59134,updated,2026-08-27,cve_2026_to_now,2026-08-28T19:12:59+00:00
CVE-2026-59135,updated,2026-08-27,cve_2026_to_now,2026-08-28T19:12:59+00:00
CVE-2026-59136,updated,2026-08-27,cve_2026_to_now,2026-08-28T19:12:59+00:00
CVE-2026-59137,updated,2026-08-27,cve_2026_to_now,2026-08-28T19:12:59+00:00
CVE-2026-59138,updated,2026-08-27,cve_2026_to_now,2026-08-28T19:12:59+00:00
CVE-2026-59270,updated,2026-08-28,cve_2026_to_now,2026-08-28T19:12:59+00:00
CVE-2026-59272,updated,2026-08-28,cve_2026_to_now,2026-08-28T19:12:59+00:00
CVE-2026-59275,updated,2026-08-28,cve_2026_to_now,2026-08-28T19:12:59+00:00
CVE-2026-59276,added,2026-08-28,cve_2026_to_now,2026-08-28T19:12:59+00:00
CVE-2026-59277,added,2026-08-28,cve_2026_to_now,2026-08-28T19:12:59+00:00
CVE-2026-59280,updated,,cve_2026_to_now,2026-08-28T19:12:59+00:00
CVE-2026-59281,added,,cve_2026_to_now,2026-08-28T19:12:59+00:00
CVE-2026-59282,added,,cve_2026_to_now,2026-08-28T19:12:59+00:00
CVE-2026-59283,added,,cve_2026_to_now,2026-08-28T19:12:59+00:00
CVE-2026-59284,added,,cve_2026_to_now,2026-08-28T19:12:59+00:00
CVE-2026-59285,added,,cve_2026_to_now,2026-08-28T19:12:59+00:00
CVE-2026-59286,added,,cve_2026_to_now,2026-08-28T19:12:59+00:00
CVE-2026-59287,added,,cve_2026_to_now,2026-08-28T19:12:59+00:00
CVE-2026-59288,added,,cve_2026_to_now,2026-08-28T19:12:59+00:00
CVE-2026-59289,added,,cve_2026_to_now,2026-08-28T19:12:59+00:00
CVE-2026-59291,added,,cve_2026_to_now,2026-08-28T19:12:59+00:00
CVE-2026-59292,added,,cve_2026_to_now,2026-08-28T19:12:59+00:00
CVE-2026-59293,added,,cve_2026_to_now,2026-08-28T19:12:59+00:00
CVE-2026-59294,added,,cve_2026_to_now,2026-08-28T19:12:59+00:00
CVE-2026-59295,updated,2026-08-27,cve_2026_to_now,2026-08-28T19:12:59+00:00
CVE-2026-59296,updated,2026-08-27,cve_2026_to_now,2026-08-28T19:12:59+00:00
CVE-2026-59297,added,,cve_2026_to_now,2026-08-28T19:12:59+00:00
CVE-2026-59298,added,,cve_2026_to_now,2026-08-28T19:12:59+00:00
CVE-2026-59299,added,,cve_2026_to_now,2026-08-28T19:12:59+00:00
CVE-2026-59300,added,,cve_2026_to_now,2026-08-28T19:12:59+00:00
CVE-2026-59301,added,,cve_2026_to_now,2026-08-28T19:12:59+00:00
CVE-2026-59302,added,,cve_2026_to_now,2026-08-28T19:12:59+00:00
CVE-2026-59303,added,,cve_2026_to_now,2026-08-28T19:12:59+00:00
CVE-2026-59304,added,,cve_2026_to_now,2026-08-28T19:12:59+00:00
CVE-2026-59305,added,,cve_2026_to_now,2026-08-28T19:12:59+00:00
CVE-2026-59306,added,,cve_2026_to_now,2026-08-28T19:12:59+00:00
CVE-2026-59307,added,,cve_2026_to_now,2026-08-28T19:12:59+00:00
CVE-2026-59311,added,,cve_2026_to_now,2026-08-28T19:12:59+00:00
CVE-2026-59313,added,,cve_2026_to_now,2026-08-28T19:12:59+00:00
CVE-2026-59314,added,,cve_2026_to_now,2026-08-28T19:12:59+00:00
CVE-2026-59315,added,,cve_2026_to_now,2026-08-28T19:12:59+00:00
CVE-2026-59316,added,,cve_2026_to_now,2026-08-28T19:12:59+00:00
CVE-2026-59317,added,,cve_2026_to_now,2026-08-28T19:12:59+00:00
CVE-2026-59319,added,,cve_2026_to_now,2026-08-28T19:12:59+00:00
CVE-2026-59320,added,,cve_2026_to_now,2026-08-28T19:12:59+00:00
CVE-2026-59321,added,,cve_2026_to_now,2026-08-28T19:12:59+00:00
CVE-2026-59322,added,,cve_2026_to_now,2026-08-28T19:12:59+00:00
CVE-2026-59323,updated,2026-08-27,cve_2026_to_now,2026-08-28T19:12:59+00:00
CVE-2026-59324,added,,cve_2026_to_now,2026-08-28T19:12:59+00:00
CVE-2026-59354,updated,2026-08-28,cve_2026_to_now,2026-08-28T19:12:59+00:00
CVE-2026-61231,updated,2026-08-28,cve_2026_to_now,2026-08-28T19:12:59+00:00
CVE-2026-61248,updated,2026-08-27,cve_2026_to_now,2026-08-28T19:12:59+00:00
CVE-2026-61345,updated,2026-08-27,cve_2026_to_now,2026-08-28T19:12:59+00:00
CVE-2026-61346,updated,2026-08-27,cve_2026_to_now,2026-08-28T19:12:59+00:00
CVE-2026-61347,updated,2026-08-27,cve_2026_to_now,2026-08-28T19:12:59+00:00
CVE-2026-61348,updated,2026-08-27,cve_2026_to_now,2026-08-28T19:12:59+00:00
CVE-2026-61349,updated,2026-08-27,cve_2026_to_now,2026-08-28T19:12:59+00:00
CVE-2026-61350,updated,2026-08-27,cve_2026_to_now,2026-08-28T19:12:59+00:00
CVE-2026-61352,updated,2026-08-27,cve_2026_to_now,2026-08-28T19:12:59+00:00
CVE-2026-61353,updated,2026-08-27,cve_2026_to_now,2026-08-28T19:12:59+00:00
CVE-2026-61355,updated,2026-08-27,cve_2026_to_now,2026-08-28T19:12:59+00:00
CVE-2026-61356,updated,2026-08-27,cve_2026_to_now,2026-08-28T19:12:59+00:00
CVE-2026-61357,updated,2026-08-27,cve_2026_to_now,2026-08-28T19:12:59+00:00
CVE-2026-61358,updated,2026-08-27,cve_2026_to_now,2026-08-28T19:12:59+00:00
CVE-2026-61359,updated,2026-08-27,cve_2026_to_now,2026-08-28T19:12:59+00:00
CVE-2026-61360,updated,2026-08-27,cve_2026_to_now,2026-08-28T19:12:59+00:00
CVE-2026-61361,updated,2026-08-27,cve_2026_to_now,2026-08-28T19:12:59+00:00
CVE-2026-61363,updated,2026-08-27,cve_2026_to_now,2026-08-28T19:12:59+00:00
CVE-2026-61364,updated,2026-08-27,cve_2026_to_now,2026-08-28T19:12:59+00:00
CVE-2026-61365,updated,2026-08-27,cve_2026_to_now,2026-08-28T19:12:59+00:00
CVE-2026-61366,updated,2026-08-27,cve_2026_to_now,2026-08-28T19:12:59+00:00
CVE-2026-61367,updated,2026-08-27,cve_2026_to_now,2026-08-28T19:12:59+00:00
CVE-2026-61368,updated,2026-08-27,cve_2026_to_now,2026-08-28T19:12:59+00:00
CVE-2026-61783,added,2026-08-28,cve_2026_to_now,2026-08-28T19:12:59+00:00
CVE-2026-61800,added,,cve_2026_to_now,2026-08-28T19:12:59+00:00
CVE-2026-61802,added,2026-08-28,cve_2026_to_now,2026-08-28T19:12:59+00:00
CVE-2026-61918,updated,2026-08-27,cve_2026_to_now,2026-08-28T19:12:59+00:00
CVE-2026-61920,updated,2026-08-27,cve_2026_to_now,2026-08-28T19:12:59+00:00
CVE-2026-61921,updated,2026-08-27,cve_2026_to_now,2026-08-28T19:12:59+00:00
CVE-2026-61923,updated,2026-08-27,cve_2026_to_now,2026-08-28T19:12:59+00:00
CVE-2026-61924,updated,2026-08-27,cve_2026_to_now,2026-08-28T19:12:59+00:00
CVE-2026-61925,updated,2026-08-27,cve_2026_to_now,2026-08-28T19:12:59+00:00
CVE-2026-61926,updated,2026-08-27,cve_2026_to_now,2026-08-28T19:12:59+00:00
CVE-2026-61927,updated,2026-08-27,cve_2026_to_now,2026-08-28T19:12:59+00:00
CVE-2026-61928,updated,2026-08-27,cve_2026_to_now,2026-08-28T19:12:59+00:00
CVE-2026-61929,updated,2026-08-27,cve_2026_to_now,2026-08-28T19:12:59+00:00
CVE-2026-61930,updated,2026-08-27,cve_2026_to_now,2026-08-28T19:12:59+00:00
CVE-2026-61932,updated,2026-08-27,cve_2026_to_now,2026-08-28T19:12:59+00:00
CVE-2026-61933,updated,2026-08-27,cve_2026_to_now,2026-08-28T19:12:59+00:00
CVE-2026-61934,updated,2026-08-27,cve_2026_to_now,2026-08-28T19:12:59+00:00
CVE-2026-61936,updated,2026-08-27,cve_2026_to_now,2026-08-28T19:12:59+00:00
CVE-2026-61937,updated,2026-08-27,cve_2026_to_now,2026-08-28T19:12:59+00:00
CVE-2026-61938,updated,2026-08-27,cve_2026_to_now,2026-08-28T19:12:59+00:00
CVE-2026-61939,updated,2026-08-27,cve_2026_to_now,2026-08-28T19:12:59+00:00
CVE-2026-62688,updated,2026-08-27,cve_2026_to_now,2026-08-28T19:12:59+00:00
CVE-2026-62690,updated,2026-08-27,cve_2026_to_now,2026-08-28T19:12:59+00:00
CVE-2026-62692,updated,2026-08-27,cve_2026_to_now,2026-08-28T19:12:59+00:00
CVE-2026-62693,updated,2026-08-27,cve_2026_to_now,2026-08-28T19:12:59+00:00
CVE-2026-62695,updated,2026-08-27,cve_2026_to_now,2026-08-28T19:12:59+00:00
CVE-2026-62696,updated,2026-08-27,cve_2026_to_now,2026-08-28T19:12:59+00:00
CVE-2026-62698,updated,2026-08-27,cve_2026_to_now,2026-08-28T19:12:59+00:00
CVE-2026-62699,updated,2026-08-27,cve_2026_to_now,2026-08-28T19:12:59+00:00
CVE-2026-62700,updated,2026-08-27,cve_2026_to_now,2026-08-28T19:12:59+00:00
CVE-2026-62701,updated,2026-08-27,cve_2026_to_now,2026-08-28T19:12:59+00:00
CVE-2026-62702,updated,2026-08-27,cve_2026_to_now,2026-08-28T19:12:59+00:00
CVE-2026-62703,updated,2026-08-27,cve_2026_to_now,2026-08-28T19:12:59+00:00
CVE-2026-62705,updated,2026-08-27,cve_2026_to_now,2026-08-28T19:12:59+00:00
CVE-2026-62707,updated,2026-08-27,cve_2026_to_now,2026-08-28T19:12:59+00:00
CVE-2026-62708,updated,2026-08-27,cve_2026_to_now,2026-08-28T19:12:59+00:00
CVE-2026-62709,updated,2026-08-27,cve_2026_to_now,2026-08-28T19:12:59+00:00
CVE-2026-62710,updated,2026-08-27,cve_2026_to_now,2026-08-28T19:12:59+00:00
CVE-2026-62711,updated,2026-08-27,cve_2026_to_now,2026-08-28T19:12:59+00:00
CVE-2026-62712,updated,2026-08-27,cve_2026_to_now,2026-08-28T19:12:59+00:00
CVE-2026-62713,updated,2026-08-27,cve_2026_to_now,2026-08-28T19:12:59+00:00
CVE-2026-62714,updated,2026-08-27,cve_2026_to_now,2026-08-28T19:12:59+00:00
CVE-2026-62715,updated,2026-08-27,cve_2026_to_now,2026-08-28T19:12:59+00:00
CVE-2026-62716,updated,2026-08-27,cve_2026_to_now,2026-08-28T19:12:59+00:00
CVE-2026-62717,updated,2026-08-27,cve_2026_to_now,2026-08-28T19:12:59+00:00
CVE-2026-62718,updated,2026-08-27,cve_2026_to_now,2026-08-28T19:12:59+00:00
CVE-2026-62719,updated,2026-08-27,cve_2026_to_now,2026-08-28T19:12:59+00:00
CVE-2026-62720,updated,2026-08-27,cve_2026_to_now,2026-08-28T19:12:59+00:00
CVE-2026-62721,updated,2026-08-27,cve_2026_to_now,2026-08-28T19:12:59+00:00
CVE-2026-62722,updated,2026-08-27,cve_2026_to_now,2026-08-28T19:12:59+00:00
CVE-2026-62723,updated,2026-08-27,cve_2026_to_now,2026-08-28T19:12:59+00:00
CVE-2026-62724,updated,2026-08-27,cve_2026_to_now,2026-08-28T19:12:59+00:00
CVE-2026-62725,updated,2026-08-27,cve_2026_to_now,2026-08-28T19:12:59+00:00
CVE-2026-62726,updated,2026-08-27,cve_2026_to_now,2026-08-28T19:12:59+00:00
CVE-2026-62727,updated,2026-08-27,cve_2026_to_now,2026-08-28T19:12:59+00:00
CVE-2026-62728,updated,2026-08-27,cve_2026_to_now,2026-08-28T19:12:59+00:00
CVE-2026-62729,updated,2026-08-27,cve_2026_to_now,2026-08-28T19:12:59+00:00
CVE-2026-62730,updated,2026-08-27,cve_2026_to_now,2026-08-28T19:12:59+00:00
CVE-2026-62732,updated,2026-08-27,cve_2026_to_now,2026-08-28T19:12:59+00:00
CVE-2026-62733,updated,2026-08-27,cve_2026_to_now,2026-08-28T19:12:59+00:00
CVE-2026-62734,updated,2026-08-27,cve_2026_to_now,2026-08-28T19:12:59+00:00
CVE-2026-62735,updated,2026-08-27,cve_2026_to_now,2026-08-28T19:12:59+00:00
CVE-2026-62736,updated,2026-08-27,cve_2026_to_now,2026-08-28T19:12:59+00:00
CVE-2026-62737,updated,2026-08-27,cve_2026_to_now,2026-08-28T19:12:59+00:00
CVE-2026-62738,updated,2026-08-27,cve_2026_to_now,2026-08-28T19:12:59+00:00
CVE-2026-62739,updated,2026-08-27,cve_2026_to_now,2026-08-28T19:12:59+00:00
CVE-2026-62740,updated,2026-08-27,cve_2026_to_now,2026-08-28T19:12:59+00:00
CVE-2026-62741,updated,2026-08-27,cve_2026_to_now,2026-08-28T19:12:59+00:00
CVE-2026-62742,updated,2026-08-27,cve_2026_to_now,2026-08-28T19:12:59+00:00
CVE-2026-62743,updated,2026-08-27,cve_2026_to_now,2026-08-28T19:12:59+00:00
CVE-2026-62745,updated,2026-08-27,cve_2026_to_now,2026-08-28T19:12:59+00:00
CVE-2026-62746,updated,2026-08-27,cve_2026_to_now,2026-08-28T19:12:59+00:00
CVE-2026-62747,updated,2026-08-27,cve_2026_to_now,2026-08-28T19:12:59+00:00
CVE-2026-62748,updated,2026-08-27,cve_2026_to_now,2026-08-28T19:12:59+00:00
CVE-2026-62749,updated,2026-08-27,cve_2026_to_now,2026-08-28T19:12:59+00:00
CVE-2026-62750,updated,2026-08-27,cve_2026_to_now,2026-08-28T19:12:59+00:00
CVE-2026-62751,updated,2026-08-27,cve_2026_to_now,2026-08-28T19:12:59+00:00
CVE-2026-62752,updated,2026-08-27,cve_2026_to_now,2026-08-28T19:12:59+00:00
CVE-2026-62753,updated,2026-08-27,cve_2026_to_now,2026-08-28T19:12:59+00:00
CVE-2026-62754,updated,2026-08-27,cve_2026_to_now,2026-08-28T19:12:59+00:00
CVE-2026-62755,updated,2026-08-27,cve_2026_to_now,2026-08-28T19:12:59+00:00
CVE-2026-62757,updated,2026-08-27,cve_2026_to_now,2026-08-28T19:12:59+00:00
CVE-2026-62758,updated,2026-08-27,cve_2026_to_now,2026-08-28T19:12:59+00:00
CVE-2026-62761,updated,2026-08-27,cve_2026_to_now,2026-08-28T19:12:59+00:00
CVE-2026-62766,updated,2026-08-27,cve_2026_to_now,2026-08-28T19:12:59+00:00
CVE-2026-62768,updated,2026-08-27,cve_2026_to_now,2026-08-28T19:12:59+00:00
CVE-2026-62769,updated,2026-08-27,cve_2026_to_now,2026-08-28T19:12:59+00:00
CVE-2026-62770,updated,2026-08-27,cve_2026_to_now,2026-08-28T19:12:59+00:00
CVE-2026-62771,updated,2026-08-27,cve_2026_to_now,2026-08-28T19:12:59+00:00
CVE-2026-62772,updated,2026-08-27,cve_2026_to_now,2026-08-28T19:12:59+00:00
CVE-2026-62773,updated,2026-08-27,cve_2026_to_now,2026-08-28T19:12:59+00:00
CVE-2026-62774,updated,2026-08-27,cve_2026_to_now,2026-08-28T19:12:59+00:00
CVE-2026-62775,updated,2026-08-27,cve_2026_to_now,2026-08-28T19:12:59+00:00
CVE-2026-62776,updated,2026-08-27,cve_2026_to_now,2026-08-28T19:12:59+00:00
CVE-2026-62777,updated,2026-08-27,cve_2026_to_now,2026-08-28T19:12:59+00:00
CVE-2026-62778,updated,2026-08-27,cve_2026_to_now,2026-08-28T19:12:59+00:00
CVE-2026-62779,updated,2026-08-27,cve_2026_to_now,2026-08-28T19:12:59+00:00
CVE-2026-62780,updated,2026-08-27,cve_2026_to_now,2026-08-28T19:12:59+00:00
CVE-2026-62781,updated,2026-08-27,cve_2026_to_now,2026-08-28T19:12:59+00:00
CVE-2026-62782,updated,2026-08-27,cve_2026_to_now,2026-08-28T19:12:59+00:00
CVE-2026-62783,updated,2026-08-27,cve_2026_to_now,2026-08-28T19:12:59+00:00
CVE-2026-62784,updated,2026-08-27,cve_2026_to_now,2026-08-28T19:12:59+00:00
CVE-2026-62785,updated,2026-08-27,cve_2026_to_now,2026-08-28T19:12:59+00:00
CVE-2026-62786,updated,2026-08-27,cve_2026_to_now,2026-08-28T19:12:59+00:00
CVE-2026-62787,updated,2026-08-27,cve_2026_to_now,2026-08-28T19:12:59+00:00
CVE-2026-62788,updated,2026-08-27,cve_2026_to_now,2026-08-28T19:12:59+00:00
CVE-2026-62790,updated,2026-08-27,cve_2026_to_now,2026-08-28T19:12:59+00:00
CVE-2026-62792,updated,2026-08-27,cve_2026_to_now,2026-08-28T19:12:59+00:00
CVE-2026-62793,updated,2026-08-27,cve_2026_to_now,2026-08-28T19:12:59+00:00
CVE-2026-62795,updated,2026-08-27,cve_2026_to_now,2026-08-28T19:12:59+00:00
CVE-2026-62796,updated,2026-08-27,cve_2026_to_now,2026-08-28T19:12:59+00:00
CVE-2026-62797,updated,2026-08-27,cve_2026_to_now,2026-08-28T19:12:59+00:00
CVE-2026-62798,updated,2026-08-27,cve_2026_to_now,2026-08-28T19:12:59+00:00
CVE-2026-62799,updated,2026-08-27,cve_2026_to_now,2026-08-28T19:12:59+00:00
CVE-2026-62800,updated,2026-08-27,cve_2026_to_now,2026-08-28T19:12:59+00:00
CVE-2026-62803,updated,2026-08-27,cve_2026_to_now,2026-08-28T19:12:59+00:00
CVE-2026-62807,updated,2026-08-27,cve_2026_to_now,2026-08-28T19:12:59+00:00
CVE-2026-62811,updated,2026-08-27,cve_2026_to_now,2026-08-28T19:12:59+00:00
CVE-2026-62812,updated,2026-08-27,cve_2026_to_now,2026-08-28T19:12:59+00:00
CVE-2026-62814,updated,2026-08-27,cve_2026_to_now,2026-08-28T19:12:59+00:00
CVE-2026-62815,updated,2026-08-27,cve_2026_to_now,2026-08-28T19:12:59+00:00
CVE-2026-62816,updated,2026-08-27,cve_2026_to_now,2026-08-28T19:12:59+00:00
CVE-2026-62817,updated,2026-08-27,cve_2026_to_now,2026-08-28T19:12:59+00:00
CVE-2026-62818,updated,2026-08-27,cve_2026_to_now,2026-08-28T19:12:59+00:00
CVE-2026-62819,updated,2026-08-27,cve_2026_to_now,2026-08-28T19:12:59+00:00
CVE-2026-62820,updated,2026-08-27,cve_2026_to_now,2026-08-28T19:12:59+00:00
CVE-2026-62822,updated,2026-08-27,cve_2026_to_now,2026-08-28T19:12:59+00:00
CVE-2026-62823,updated,2026-08-27,cve_2026_to_now,2026-08-28T19:12:59+00:00
CVE-2026-62824,updated,2026-08-27,cve_2026_to_now,2026-08-28T19:12:59+00:00
CVE-2026-62827,updated,2026-08-27,cve_2026_to_now,2026-08-28T19:12:59+00:00
CVE-2026-62829,updated,2026-08-27,cve_2026_to_now,2026-08-28T19:12:59+00:00
CVE-2026-62830,updated,2026-08-27,cve_2026_to_now,2026-08-28T19:12:59+00:00
CVE-2026-62832,updated,2026-08-27,cve_2026_to_now,2026-08-28T19:12:59+00:00
CVE-2026-62834,updated,2026-08-27,cve_2026_to_now,2026-08-28T19:12:59+00:00
CVE-2026-62836,updated,2026-08-27,cve_2026_to_now,2026-08-28T19:12:59+00:00
CVE-2026-62837,updated,2026-08-27,cve_2026_to_now,2026-08-28T19:12:59+00:00
CVE-2026-62839,updated,2026-08-27,cve_2026_to_now,2026-08-28T19:12:59+00:00
CVE-2026-62842,updated,2026-08-27,cve_2026_to_now,2026-08-28T19:12:59+00:00
CVE-2026-62869,updated,2026-08-27,cve_2026_to_now,2026-08-28T19:12:59+00:00
CVE-2026-62871,updated,2026-08-27,cve_2026_to_now,2026-08-28T19:12:59+00:00
CVE-2026-62872,updated,2026-08-27,cve_2026_to_now,2026-08-28T19:12:59+00:00
CVE-2026-62873,updated,2026-08-27,cve_2026_to_now,2026-08-28T19:12:59+00:00
CVE-2026-62876,updated,2026-08-27,cve_2026_to_now,2026-08-28T19:12:59+00:00
CVE-2026-62877,updated,2026-08-27,cve_2026_to_now,2026-08-28T19:12:59+00:00
CVE-2026-62878,updated,2026-08-27,cve_2026_to_now,2026-08-28T19:12:59+00:00
CVE-2026-62880,updated,2026-08-27,cve_2026_to_now,2026-08-28T19:12:59+00:00
CVE-2026-62881,updated,2026-08-27,cve_2026_to_now,2026-08-28T19:12:59+00:00
CVE-2026-62882,updated,2026-08-27,cve_2026_to_now,2026-08-28T19:12:59+00:00
CVE-2026-62883,updated,2026-08-27,cve_2026_to_now,2026-08-28T19:12:59+00:00
CVE-2026-62885,updated,2026-08-27,cve_2026_to_now,2026-08-28T19:12:59+00:00
CVE-2026-62886,updated,2026-08-27,cve_2026_to_now,2026-08-28T19:12:59+00:00
CVE-2026-62887,updated,2026-08-27,cve_2026_to_now,2026-08-28T19:12:59+00:00
CVE-2026-62888,updated,2026-08-27,cve_2026_to_now,2026-08-28T19:12:59+00:00
CVE-2026-62889,updated,2026-08-27,cve_2026_to_now,2026-08-28T19:12:59+00:00
CVE-2026-62890,updated,2026-08-27,cve_2026_to_now,2026-08-28T19:12:59+00:00
CVE-2026-62892,updated,2026-08-27,cve_2026_to_now,2026-08-28T19:12:59+00:00
CVE-2026-62893,updated,2026-08-27,cve_2026_to_now,2026-08-28T19:12:59+00:00
CVE-2026-62894,updated,2026-08-27,cve_2026_to_now,2026-08-28T19:12:59+00:00
CVE-2026-62896,updated,2026-08-27,cve_2026_to_now,2026-08-28T19:12:59+00:00
CVE-2026-62897,updated,2026-08-27,cve_2026_to_now,2026-08-28T19:12:59+00:00
CVE-2026-62898,updated,2026-08-27,cve_2026_to_now,2026-08-28T19:12:59+00:00
CVE-2026-62899,updated,2026-08-27,cve_2026_to_now,2026-08-28T19:12:59+00:00
CVE-2026-62900,updated,2026-08-27,cve_2026_to_now,2026-08-28T19:12:59+00:00
CVE-2026-62901,updated,2026-08-27,cve_2026_to_now,2026-08-28T19:12:59+00:00
CVE-2026-62902,updated,2026-08-27,cve_2026_to_now,2026-08-28T19:12:59+00:00
CVE-2026-62908,updated,2026-08-27,cve_2026_to_now,2026-08-28T19:12:59+00:00
CVE-2026-62909,updated,2026-08-27,cve_2026_to_now,2026-08-28T19:12:59+00:00
CVE-2026-62910,updated,2026-08-27,cve_2026_to_now,2026-08-28T19:12:59+00:00
CVE-2026-62911,updated,2026-08-27,cve_2026_to_now,2026-08-28T19:12:59+00:00
CVE-2026-62912,updated,2026-08-27,cve_2026_to_now,2026-08-28T19:12:59+00:00
CVE-2026-62913,updated,2026-08-27,cve_2026_to_now,2026-08-28T19:12:59+00:00
CVE-2026-62914,updated,2026-08-27,cve_2026_to_now,2026-08-28T19:12:59+00:00
CVE-2026-62915,updated,2026-08-27,cve_2026_to_now,2026-08-28T19:12:59+00:00
CVE-2026-62917,updated,2026-08-27,cve_2026_to_now,2026-08-28T19:12:59+00:00
CVE-2026-62918,updated,2026-08-27,cve_2026_to_now,2026-08-28T19:12:59+00:00
CVE-2026-63360,updated,2026-08-27,cve_2026_to_now,2026-08-28T19:12:59+00:00
CVE-2026-63508,updated,2026-08-27,cve_2026_to_now,2026-08-28T19:12:59+00:00
CVE-2026-63509,updated,2026-08-27,cve_2026_to_now,2026-08-28T19:12:59+00:00
CVE-2026-63512,updated,2026-08-27,cve_2026_to_now,2026-08-28T19:12:59+00:00
CVE-2026-63513,updated,2026-08-27,cve_2026_to_now,2026-08-28T19:12:59+00:00
CVE-2026-63514,updated,2026-08-27,cve_2026_to_now,2026-08-28T19:12:59+00:00
CVE-2026-63515,updated,2026-08-27,cve_2026_to_now,2026-08-28T19:12:59+00:00
CVE-2026-63516,updated,2026-08-27,cve_2026_to_now,2026-08-28T19:12:59+00:00
CVE-2026-63517,updated,2026-08-27,cve_2026_to_now,2026-08-28T19:12:59+00:00
CVE-2026-63518,updated,2026-08-27,cve_2026_to_now,2026-08-28T19:12:59+00:00
CVE-2026-63519,updated,2026-08-27,cve_2026_to_now,2026-08-28T19:12:59+00:00
CVE-2026-63520,updated,2026-08-27,cve_2026_to_now,2026-08-28T19:12:59+00:00
CVE-2026-63521,updated,2026-08-27,cve_2026_to_now,2026-08-28T19:12:59+00:00
CVE-2026-63522,updated,2026-08-27,cve_2026_to_now,2026-08-28T19:12:59+00:00
CVE-2026-63524,updated,2026-08-27,cve_2026_to_now,2026-08-28T19:12:59+00:00
CVE-2026-63525,updated,2026-08-27,cve_2026_to_now,2026-08-28T19:12:59+00:00
CVE-2026-63526,updated,2026-08-27,cve_2026_to_now,2026-08-28T19:12:59+00:00
CVE-2026-63527,updated,2026-08-27,cve_2026_to_now,2026-08-28T19:12:59+00:00
CVE-2026-63528,updated,2026-08-27,cve_2026_to_now,2026-08-28T19:12:59+00:00
CVE-2026-63529,updated,2026-08-27,cve_2026_to_now,2026-08-28T19:12:59+00:00
CVE-2026-63530,updated,2026-08-27,cve_2026_to_now,2026-08-28T19:12:59+00:00
CVE-2026-63531,updated,2026-08-27,cve_2026_to_now,2026-08-28T19:12:59+00:00
CVE-2026-63532,updated,2026-08-27,cve_2026_to_now,2026-08-28T19:12:59+00:00
CVE-2026-63533,updated,2026-08-27,cve_2026_to_now,2026-08-28T19:12:59+00:00
CVE-2026-64773,updated,2026-08-28,cve_2026_to_now,2026-08-28T19:12:59+00:00
CVE-2026-64896,updated,,cve_2026_to_now,2026-08-28T19:12:59+00:00
CVE-2026-64897,updated,2026-08-27,cve_2026_to_now,2026-08-28T19:12:59+00:00
CVE-2026-64898,updated,2026-08-27,cve_2026_to_now,2026-08-28T19:12:59+00:00
CVE-2026-64899,updated,2026-08-27,cve_2026_to_now,2026-08-28T19:12:59+00:00
CVE-2026-64900,updated,2026-08-27,cve_2026_to_now,2026-08-28T19:12:59+00:00
CVE-2026-64901,updated,2026-08-27,cve_2026_to_now,2026-08-28T19:12:59+00:00
CVE-2026-64902,updated,2026-08-27,cve_2026_to_now,2026-08-28T19:12:59+00:00
CVE-2026-64903,updated,2026-08-27,cve_2026_to_now,2026-08-28T19:12:59+00:00
CVE-2026-64904,updated,2026-08-27,cve_2026_to_now,2026-08-28T19:12:59+00:00
CVE-2026-64905,updated,2026-08-27,cve_2026_to_now,2026-08-28T19:12:59+00:00
CVE-2026-64906,updated,2026-08-27,cve_2026_to_now,2026-08-28T19:12:59+00:00
CVE-2026-64907,updated,2026-08-27,cve_2026_to_now,2026-08-28T19:12:59+00:00
CVE-2026-64908,updated,2026-08-27,cve_2026_to_now,2026-08-28T19:12:59+00:00
CVE-2026-64909,updated,2026-08-27,cve_2026_to_now,2026-08-28T19:12:59+00:00
CVE-2026-64910,updated,2026-08-27,cve_2026_to_now,2026-08-28T19:12:59+00:00
CVE-2026-64911,updated,2026-08-27,cve_2026_to_now,2026-08-28T19:12:59+00:00
CVE-2026-64912,updated,2026-08-27,cve_2026_to_now,2026-08-28T19:12:59+00:00
CVE-2026-64914,updated,2026-08-27,cve_2026_to_now,2026-08-28T19:12:59+00:00
CVE-2026-64915,updated,2026-08-27,cve_2026_to_now,2026-08-28T19:12:59+00:00
CVE-2026-64916,updated,2026-08-27,cve_2026_to_now,2026-08-28T19:12:59+00:00
CVE-2026-64917,updated,2026-08-27,cve_2026_to_now,2026-08-28T19:12:59+00:00
CVE-2026-64919,updated,2026-08-27,cve_2026_to_now,2026-08-28T19:12:59+00:00
CVE-2026-64920,updated,2026-08-27,cve_2026_to_now,2026-08-28T19:12:59+00:00
CVE-2026-64921,updated,2026-08-27,cve_2026_to_now,2026-08-28T19:12:59+00:00
CVE-2026-64922,updated,2026-08-27,cve_2026_to_now,2026-08-28T19:12:59+00:00
CVE-2026-65642,updated,2026-08-27,cve_2026_to_now,2026-08-28T19:12:59+00:00
CVE-2026-65644,updated,2026-08-27,cve_2026_to_now,2026-08-28T19:12:59+00:00
CVE-2026-65645,updated,2026-08-27,cve_2026_to_now,2026-08-28T19:12:59+00:00
CVE-2026-65647,updated,2026-08-27,cve_2026_to_now,2026-08-28T19:12:59+00:00
CVE-2026-65656,updated,2026-08-27,cve_2026_to_now,2026-08-28T19:12:59+00:00
CVE-2026-65657,updated,2026-08-27,cve_2026_to_now,2026-08-28T19:12:59+00:00
CVE-2026-65658,updated,2026-08-27,cve_2026_to_now,2026-08-28T19:12:59+00:00
CVE-2026-65660,updated,2026-08-27,cve_2026_to_now,2026-08-28T19:12:59+00:00
CVE-2026-65661,updated,2026-08-27,cve_2026_to_now,2026-08-28T19:12:59+00:00
CVE-2026-65662,updated,2026-08-27,cve_2026_to_now,2026-08-28T19:12:59+00:00
CVE-2026-65663,updated,2026-08-27,cve_2026_to_now,2026-08-28T19:12:59+00:00
CVE-2026-65664,updated,2026-08-27,cve_2026_to_now,2026-08-28T19:12:59+00:00
CVE-2026-65665,updated,2026-08-27,cve_2026_to_now,2026-08-28T19:12:59+00:00
CVE-2026-65667,updated,2026-08-27,cve_2026_to_now,2026-08-28T19:12:59+00:00
CVE-2026-65668,updated,2026-08-27,cve_2026_to_now,2026-08-28T19:12:59+00:00
CVE-2026-65671,updated,2026-08-27,cve_2026_to_now,2026-08-28T19:12:59+00:00
CVE-2026-65672,updated,2026-08-27,cve_2026_to_now,2026-08-28T19:12:59+00:00
CVE-2026-65673,updated,2026-08-27,cve_2026_to_now,2026-08-28T19:12:59+00:00
CVE-2026-65675,updated,2026-08-27,cve_2026_to_now,2026-08-28T19:12:59+00:00
CVE-2026-65678,updated,2026-08-27,cve_2026_to_now,2026-08-28T19:12:59+00:00
CVE-2026-65679,updated,2026-08-27,cve_2026_to_now,2026-08-28T19:12:59+00:00
CVE-2026-65680,updated,2026-08-27,cve_2026_to_now,2026-08-28T19:12:59+00:00
CVE-2026-65681,updated,2026-08-27,cve_2026_to_now,2026-08-28T19:12:59+00:00
CVE-2026-65767,updated,2026-08-27,cve_2026_to_now,2026-08-28T19:12:59+00:00
CVE-2026-65768,updated,2026-08-27,cve_2026_to_now,2026-08-28T19:12:59+00:00
CVE-2026-65769,updated,2026-08-27,cve_2026_to_now,2026-08-28T19:12:59+00:00
CVE-2026-65770,updated,2026-08-27,cve_2026_to_now,2026-08-28T19:12:59+00:00
CVE-2026-65773,updated,2026-08-27,cve_2026_to_now,2026-08-28T19:12:59+00:00
CVE-2026-65774,updated,2026-08-27,cve_2026_to_now,2026-08-28T19:12:59+00:00
CVE-2026-65775,updated,2026-08-27,cve_2026_to_now,2026-08-28T19:12:59+00:00
CVE-2026-65776,updated,2026-08-27,cve_2026_to_now,2026-08-28T19:12:59+00:00
CVE-2026-65777,updated,2026-08-27,cve_2026_to_now,2026-08-28T19:12:59+00:00
CVE-2026-65778,updated,2026-08-27,cve_2026_to_now,2026-08-28T19:12:59+00:00
CVE-2026-65779,updated,2026-08-27,cve_2026_to_now,2026-08-28T19:12:59+00:00
CVE-2026-65780,updated,2026-08-27,cve_2026_to_now,2026-08-28T19:12:59+00:00
CVE-2026-65781,updated,2026-08-27,cve_2026_to_now,2026-08-28T19:12:59+00:00
CVE-2026-65782,updated,2026-08-27,cve_2026_to_now,2026-08-28T19:12:59+00:00
CVE-2026-65783,updated,2026-08-27,cve_2026_to_now,2026-08-28T19:12:59+00:00
CVE-2026-65784,updated,2026-08-27,cve_2026_to_now,2026-08-28T19:12:59+00:00
CVE-2026-65785,updated,2026-08-27,cve_2026_to_now,2026-08-28T19:12:59+00:00
CVE-2026-65786,updated,2026-08-27,cve_2026_to_now,2026-08-28T19:12:59+00:00
CVE-2026-65787,updated,2026-08-27,cve_2026_to_now,2026-08-28T19:12:59+00:00
CVE-2026-65788,updated,2026-08-27,cve_2026_to_now,2026-08-28T19:12:59+00:00
CVE-2026-65789,updated,2026-08-27,cve_2026_to_now,2026-08-28T19:12:59+00:00
CVE-2026-65790,updated,2026-08-27,cve_2026_to_now,2026-08-28T19:12:59+00:00
CVE-2026-65791,updated,2026-08-27,cve_2026_to_now,2026-08-28T19:12:59+00:00
CVE-2026-65794,updated,2026-08-27,cve_2026_to_now,2026-08-28T19:12:59+00:00
CVE-2026-65795,updated,2026-08-27,cve_2026_to_now,2026-08-28T19:12:59+00:00
CVE-2026-65796,updated,2026-08-27,cve_2026_to_now,2026-08-28T19:12:59+00:00
CVE-2026-65797,updated,2026-08-27,cve_2026_to_now,2026-08-28T19:12:59+00:00
CVE-2026-65798,updated,2026-08-27,cve_2026_to_now,2026-08-28T19:12:59+00:00
CVE-2026-65799,updated,2026-08-27,cve_2026_to_now,2026-08-28T19:12:59+00:00
CVE-2026-65801,updated,2026-08-27,cve_2026_to_now,2026-08-28T19:12:59+00:00
CVE-2026-65806,updated,2026-08-27,cve_2026_to_now,2026-08-28T19:12:59+00:00
CVE-2026-65807,updated,2026-08-27,cve_2026_to_now,2026-08-28T19:12:59+00:00
CVE-2026-65810,updated,2026-08-27,cve_2026_to_now,2026-08-28T19:12:59+00:00
CVE-2026-65811,updated,2026-08-27,cve_2026_to_now,2026-08-28T19:12:59+00:00
CVE-2026-65813,updated,2026-08-27,cve_2026_to_now,2026-08-28T19:12:59+00:00
CVE-2026-65814,updated,2026-08-27,cve_2026_to_now,2026-08-28T19:12:59+00:00
CVE-2026-65815,updated,2026-08-27,cve_2026_to_now,2026-08-28T19:12:59+00:00
CVE-2026-65816,updated,2026-08-27,cve_2026_to_now,2026-08-28T19:12:59+00:00
CVE-2026-65895,updated,2026-08-28,cve_2026_to_now,2026-08-28T19:12:59+00:00
CVE-2026-65896,updated,2026-08-28,cve_2026_to_now,2026-08-28T19:12:59+00:00
CVE-2026-65897,updated,2026-08-28,cve_2026_to_now,2026-08-28T19:12:59+00:00
CVE-2026-65930,updated,2026-08-27,cve_2026_to_now,2026-08-28T19:12:59+00:00
CVE-2026-65931,added,2026-08-28,cve_2026_to_now,2026-08-28T19:12:59+00:00
CVE-2026-66301,updated,2026-08-27,cve_2026_to_now,2026-08-28T19:12:59+00:00
CVE-2026-66309,updated,2026-08-27,cve_2026_to_now,2026-08-28T19:12:59+00:00
CVE-2026-66353,added,2026-08-28,cve_2026_to_now,2026-08-28T19:12:59+00:00
CVE-2026-66384,updated,2026-08-28,cve_2026_to_now,2026-08-28T19:12:59+00:00
CVE-2026-66799,updated,2026-08-27,cve_2026_to_now,2026-08-28T19:12:59+00:00
CVE-2026-66800,updated,2026-08-27,cve_2026_to_now,2026-08-28T19:12:59+00:00
CVE-2026-66802,updated,2026-08-27,cve_2026_to_now,2026-08-28T19:12:59+00:00
CVE-2026-66804,updated,2026-08-27,cve_2026_to_now,2026-08-28T19:12:59+00:00
CVE-2026-66805,updated,2026-08-27,cve_2026_to_now,2026-08-28T19:12:59+00:00
CVE-2026-66806,updated,2026-08-27,cve_2026_to_now,2026-08-28T19:12:59+00:00
CVE-2026-66807,updated,2026-08-27,cve_2026_to_now,2026-08-28T19:12:59+00:00
CVE-2026-66808,updated,2026-08-27,cve_2026_to_now,2026-08-28T19:12:59+00:00
CVE-2026-66809,updated,2026-08-27,cve_2026_to_now,2026-08-28T19:12:59+00:00
CVE-2026-66810,updated,2026-08-27,cve_2026_to_now,2026-08-28T19:12:59+00:00
CVE-2026-67560,added,2026-08-28,cve_2026_to_now,2026-08-28T19:12:59+00:00
CVE-2026-68782,updated,2026-08-27,cve_2026_to_now,2026-08-28T19:12:59+00:00
CVE-2026-68789,updated,2026-08-27,cve_2026_to_now,2026-08-28T19:12:59+00:00
CVE-2026-68792,updated,2026-08-27,cve_2026_to_now,2026-08-28T19:12:59+00:00
CVE-2026-68793,updated,2026-08-27,cve_2026_to_now,2026-08-28T19:12:59+00:00
CVE-2026-68794,updated,2026-08-27,cve_2026_to_now,2026-08-28T19:12:59+00:00
CVE-2026-68795,updated,2026-08-27,cve_2026_to_now,2026-08-28T19:12:59+00:00
CVE-2026-68796,updated,2026-08-27,cve_2026_to_now,2026-08-28T19:12:59+00:00
CVE-2026-68797,updated,2026-08-27,cve_2026_to_now,2026-08-28T19:12:59+00:00
CVE-2026-68798,updated,2026-08-27,cve_2026_to_now,2026-08-28T19:12:59+00:00
CVE-2026-68799,updated,2026-08-27,cve_2026_to_now,2026-08-28T19:12:59+00:00
CVE-2026-68800,updated,2026-08-27,cve_2026_to_now,2026-08-28T19:12:59+00:00
CVE-2026-68801,updated,2026-08-27,cve_2026_to_now,2026-08-28T19:12:59+00:00
CVE-2026-68802,updated,2026-08-27,cve_2026_to_now,2026-08-28T19:12:59+00:00
CVE-2026-68803,updated,2026-08-27,cve_2026_to_now,2026-08-28T19:12:59+00:00
CVE-2026-68804,updated,2026-08-27,cve_2026_to_now,2026-08-28T19:12:59+00:00
CVE-2026-68805,updated,2026-08-27,cve_2026_to_now,2026-08-28T19:12:59+00:00
CVE-2026-68806,updated,2026-08-27,cve_2026_to_now,2026-08-28T19:12:59+00:00
CVE-2026-68807,updated,2026-08-27,cve_2026_to_now,2026-08-28T19:12:59+00:00
CVE-2026-68808,updated,2026-08-27,cve_2026_to_now,2026-08-28T19:12:59+00:00
CVE-2026-68809,updated,2026-08-27,cve_2026_to_now,2026-08-28T19:12:59+00:00
CVE-2026-68810,updated,2026-08-27,cve_2026_to_now,2026-08-28T19:12:59+00:00
CVE-2026-68811,updated,2026-08-27,cve_2026_to_now,2026-08-28T19:12:59+00:00
CVE-2026-68812,updated,2026-08-27,cve_2026_to_now,2026-08-28T19:12:59+00:00
CVE-2026-68813,updated,2026-08-27,cve_2026_to_now,2026-08-28T19:12:59+00:00
CVE-2026-68814,updated,2026-08-27,cve_2026_to_now,2026-08-28T19:12:59+00:00
CVE-2026-68815,updated,2026-08-27,cve_2026_to_now,2026-08-28T19:12:59+00:00
CVE-2026-68816,updated,2026-08-27,cve_2026_to_now,2026-08-28T19:12:59+00:00
CVE-2026-68817,updated,2026-08-27,cve_2026_to_now,2026-08-28T19:12:59+00:00
CVE-2026-68819,updated,2026-08-27,cve_2026_to_now,2026-08-28T19:12:59+00:00
CVE-2026-68820,updated,2026-08-27,cve_2026_to_now,2026-08-28T19:12:59+00:00
CVE-2026-68821,updated,2026-08-27,cve_2026_to_now,2026-08-28T19:12:59+00:00
CVE-2026-68823,updated,2026-08-27,cve_2026_to_now,2026-08-28T19:12:59+00:00
CVE-2026-68929,added,,cve_2026_to_now,2026-08-28T19:12:59+00:00
CVE-2026-68967,added,2026-08-28,cve_2026_to_now,2026-08-28T19:12:59+00:00
CVE-2026-69278,updated,2026-08-27,cve_2026_to_now,2026-08-28T19:12:59+00:00
CVE-2026-69306,updated,2026-08-27,cve_2026_to_now,2026-08-28T19:12:59+00:00
CVE-2026-69320,updated,2026-08-27,cve_2026_to_now,2026-08-28T19:12:59+00:00
CVE-2026-69400,updated,2026-08-27,cve_2026_to_now,2026-08-28T19:12:59+00:00
CVE-2026-69414,updated,2026-08-27,cve_2026_to_now,2026-08-28T19:12:59+00:00
CVE-2026-69419,updated,2026-08-27,cve_2026_to_now,2026-08-28T19:12:59+00:00
CVE-2026-69502,updated,2026-08-27,cve_2026_to_now,2026-08-28T19:12:59+00:00
CVE-2026-69519,updated,2026-08-27,cve_2026_to_now,2026-08-28T19:12:59+00:00
CVE-2026-69543,updated,2026-08-27,cve_2026_to_now,2026-08-28T19:12:59+00:00
CVE-2026-69550,updated,2026-08-27,cve_2026_to_now,2026-08-28T19:12:59+00:00
CVE-2026-69555,updated,2026-08-27,cve_2026_to_now,2026-08-28T19:12:59+00:00
CVE-2026-69558,updated,2026-08-27,cve_2026_to_now,2026-08-28T19:12:59+00:00
CVE-2026-69658,added,2026-08-28,cve_2026_to_now,2026-08-28T19:12:59+00:00
CVE-2026-69836,updated,2026-08-27,cve_2026_to_now,2026-08-28T19:12:59+00:00
CVE-2026-69851,updated,2026-08-27,cve_2026_to_now,2026-08-28T19:12:59+00:00
CVE-2026-69855,updated,2026-08-27,cve_2026_to_now,2026-08-28T19:12:59+00:00
CVE-2026-70105,updated,2026-08-27,cve_2026_to_now,2026-08-28T19:12:59+00:00
CVE-2026-70130,updated,2026-08-27,cve_2026_to_now,2026-08-28T19:12:59+00:00
CVE-2026-70304,updated,2026-08-27,cve_2026_to_now,2026-08-28T19:12:59+00:00
CVE-2026-70306,updated,2026-08-27,cve_2026_to_now,2026-08-28T19:12:59+00:00
CVE-2026-70307,updated,2026-08-27,cve_2026_to_now,2026-08-28T19:12:59+00:00
CVE-2026-70310,updated,2026-08-27,cve_2026_to_now,2026-08-28T19:12:59+00:00
CVE-2026-70311,updated,2026-08-27,cve_2026_to_now,2026-08-28T19:12:59+00:00
CVE-2026-70312,updated,2026-08-27,cve_2026_to_now,2026-08-28T19:12:59+00:00
CVE-2026-70313,updated,2026-08-27,cve_2026_to_now,2026-08-28T19:12:59+00:00
CVE-2026-70314,updated,2026-08-27,cve_2026_to_now,2026-08-28T19:12:59+00:00
CVE-2026-70315,updated,2026-08-27,cve_2026_to_now,2026-08-28T19:12:59+00:00
CVE-2026-70316,updated,2026-08-27,cve_2026_to_now,2026-08-28T19:12:59+00:00
CVE-2026-70317,updated,2026-08-27,cve_2026_to_now,2026-08-28T19:12:59+00:00
CVE-2026-70318,updated,2026-08-27,cve_2026_to_now,2026-08-28T19:12:59+00:00
CVE-2026-70319,updated,2026-08-27,cve_2026_to_now,2026-08-28T19:12:59+00:00
CVE-2026-70320,updated,2026-08-27,cve_2026_to_now,2026-08-28T19:12:59+00:00
CVE-2026-70321,updated,2026-08-27,cve_2026_to_now,2026-08-28T19:12:59+00:00
CVE-2026-70322,updated,2026-08-27,cve_2026_to_now,2026-08-28T19:12:59+00:00
CVE-2026-70323,updated,2026-08-27,cve_2026_to_now,2026-08-28T19:12:59+00:00
CVE-2026-70324,updated,2026-08-27,cve_2026_to_now,2026-08-28T19:12:59+00:00
CVE-2026-70325,updated,2026-08-27,cve_2026_to_now,2026-08-28T19:12:59+00:00
CVE-2026-70326,updated,2026-08-27,cve_2026_to_now,2026-08-28T19:12:59+00:00
CVE-2026-70327,updated,2026-08-27,cve_2026_to_now,2026-08-28T19:12:59+00:00
CVE-2026-70328,updated,2026-08-27,cve_2026_to_now,2026-08-28T19:12:59+00:00
CVE-2026-70329,updated,2026-08-27,cve_2026_to_now,2026-08-28T19:12:59+00:00
CVE-2026-70330,updated,2026-08-27,cve_2026_to_now,2026-08-28T19:12:59+00:00
CVE-2026-70332,updated,2026-08-27,cve_2026_to_now,2026-08-28T19:12:59+00:00
CVE-2026-70335,updated,2026-08-27,cve_2026_to_now,2026-08-28T19:12:59+00:00
CVE-2026-70336,updated,2026-08-27,cve_2026_to_now,2026-08-28T19:12:59+00:00
CVE-2026-70337,updated,2026-08-27,cve_2026_to_now,2026-08-28T19:12:59+00:00
CVE-2026-70338,updated,2026-08-27,cve_2026_to_now,2026-08-28T19:12:59+00:00
CVE-2026-70339,updated,2026-08-27,cve_2026_to_now,2026-08-28T19:12:59+00:00
CVE-2026-70340,updated,2026-08-27,cve_2026_to_now,2026-08-28T19:12:59+00:00
CVE-2026-70344,updated,2026-08-27,cve_2026_to_now,2026-08-28T19:12:59+00:00
CVE-2026-70345,updated,2026-08-27,cve_2026_to_now,2026-08-28T19:12:59+00:00
CVE-2026-70346,updated,2026-08-27,cve_2026_to_now,2026-08-28T19:12:59+00:00
CVE-2026-70347,updated,2026-08-27,cve_2026_to_now,2026-08-28T19:12:59+00:00
CVE-2026-70348,updated,2026-08-27,cve_2026_to_now,2026-08-28T19:12:59+00:00
CVE-2026-70354,updated,2026-08-27,cve_2026_to_now,2026-08-28T19:12:59+00:00
CVE-2026-70355,updated,2026-08-27,cve_2026_to_now,2026-08-28T19:12:59+00:00
CVE-2026-70908,updated,2026-08-28,cve_2026_to_now,2026-08-28T19:12:59+00:00
CVE-2026-71065,updated,2026-08-28,cve_2026_to_now,2026-08-28T19:12:59+00:00
CVE-2026-71074,updated,2026-08-27,cve_2026_to_now,2026-08-28T19:12:59+00:00
CVE-2026-71110,updated,2026-08-28,cve_2026_to_now,2026-08-28T19:12:59+00:00
CVE-2026-71152,updated,2026-08-27,cve_2026_to_now,2026-08-28T19:12:59+00:00
CVE-2026-71153,updated,2026-08-28,cve_2026_to_now,2026-08-28T19:12:59+00:00
CVE-2026-71155,updated,2026-08-28,cve_2026_to_now,2026-08-28T19:12:59+00:00
CVE-2026-71158,updated,2026-08-28,cve_2026_to_now,2026-08-28T19:12:59+00:00
CVE-2026-71159,updated,2026-08-28,cve_2026_to_now,2026-08-28T19:12:59+00:00
CVE-2026-71160,updated,2026-08-28,cve_2026_to_now,2026-08-28T19:12:59+00:00
CVE-2026-71164,updated,2026-08-27,cve_2026_to_now,2026-08-28T19:12:59+00:00
CVE-2026-71166,updated,2026-08-27,cve_2026_to_now,2026-08-28T19:12:59+00:00
CVE-2026-71167,updated,2026-08-28,cve_2026_to_now,2026-08-28T19:12:59+00:00
CVE-2026-71187,added,2026-08-28,cve_2026_to_now,2026-08-28T19:12:59+00:00
CVE-2026-71331,updated,2026-08-27,cve_2026_to_now,2026-08-28T19:12:59+00:00
CVE-2026-71360,updated,2026-08-27,cve_2026_to_now,2026-08-28T19:12:59+00:00
CVE-2026-71362,updated,2026-08-27,cve_2026_to_now,2026-08-28T19:12:59+00:00
CVE-2026-71382,updated,2026-08-27,cve_2026_to_now,2026-08-28T19:12:59+00:00
CVE-2026-71383,updated,2026-08-27,cve_2026_to_now,2026-08-28T19:12:59+00:00
CVE-2026-71384,updated,2026-08-27,cve_2026_to_now,2026-08-28T19:12:59+00:00
CVE-2026-71386,updated,2026-08-27,cve_2026_to_now,2026-08-28T19:12:59+00:00
CVE-2026-71387,updated,2026-08-27,cve_2026_to_now,2026-08-28T19:12:59+00:00
CVE-2026-71389,updated,2026-08-27,cve_2026_to_now,2026-08-28T19:12:59+00:00
CVE-2026-71390,updated,2026-08-27,cve_2026_to_now,2026-08-28T19:12:59+00:00
CVE-2026-71396,added,,cve_2026_to_now,2026-08-28T19:12:59+00:00
CVE-2026-71398,updated,2026-08-27,cve_2026_to_now,2026-08-28T19:12:59+00:00
CVE-2026-71399,updated,2026-08-27,cve_2026_to_now,2026-08-28T19:12:59+00:00
CVE-2026-71401,updated,,cve_2026_to_now,2026-08-28T19:12:59+00:00
CVE-2026-71402,updated,,cve_2026_to_now,2026-08-28T19:12:59+00:00
CVE-2026-71441,updated,2026-08-27,cve_2026_to_now,2026-08-28T19:12:59+00:00
CVE-2026-71442,updated,2026-08-27,cve_2026_to_now,2026-08-28T19:12:59+00:00
CVE-2026-71443,updated,2026-08-27,cve_2026_to_now,2026-08-28T19:12:59+00:00
CVE-2026-71444,updated,2026-08-27,cve_2026_to_now,2026-08-28T19:12:59+00:00
CVE-2026-71564,updated,2026-08-27,cve_2026_to_now,2026-08-28T19:12:59+00:00
CVE-2026-72831,updated,2026-08-28,cve_2026_to_now,2026-08-28T19:12:59+00:00
CVE-2026-72970,updated,2026-08-27,cve_2026_to_now,2026-08-28T19:12:59+00:00
CVE-2026-72971,updated,2026-08-27,cve_2026_to_now,2026-08-28T19:12:59+00:00
CVE-2026-73125,added,2026-08-28,cve_2026_to_now,2026-08-28T19:12:59+00:00
CVE-2026-73208,added,,cve_2026_to_now,2026-08-28T19:12:59+00:00
CVE-2026-73209,added,,cve_2026_to_now,2026-08-28T19:12:59+00:00
CVE-2026-73626,updated,2026-08-28,cve_2026_to_now,2026-08-28T19:12:59+00:00
CVE-2026-73809,added,2026-08-28,cve_2026_to_now,2026-08-28T19:12:59+00:00
CVE-2026-73827,added,,cve_2026_to_now,2026-08-28T19:12:59+00:00
CVE-2026-73839,added,2026-08-28,cve_2026_to_now,2026-08-28T19:12:59+00:00
CVE-2026-73865,updated,2026-08-28,cve_2026_to_now,2026-08-28T19:12:59+00:00
CVE-2026-73866,updated,2026-08-28,cve_2026_to_now,2026-08-28T19:12:59+00:00
CVE-2026-73878,updated,2026-08-28,cve_2026_to_now,2026-08-28T19:12:59+00:00
CVE-2026-73879,updated,2026-08-28,cve_2026_to_now,2026-08-28T19:12:59+00:00
CVE-2026-73905,updated,2026-08-27,cve_2026_to_now,2026-08-28T19:12:59+00:00
CVE-2026-73912,updated,2026-08-27,cve_2026_to_now,2026-08-28T19:12:59+00:00
CVE-2026-73916,updated,2026-08-28,cve_2026_to_now,2026-08-28T19:12:59+00:00
CVE-2026-73917,updated,2026-08-28,cve_2026_to_now,2026-08-28T19:12:59+00:00
CVE-2026-73920,updated,2026-08-28,cve_2026_to_now,2026-08-28T19:12:59+00:00
CVE-2026-73921,updated,2026-08-27,cve_2026_to_now,2026-08-28T19:12:59+00:00
CVE-2026-73922,updated,2026-08-28,cve_2026_to_now,2026-08-28T19:12:59+00:00
CVE-2026-73924,updated,2026-08-28,cve_2026_to_now,2026-08-28T19:12:59+00:00
CVE-2026-73925,updated,2026-08-28,cve_2026_to_now,2026-08-28T19:12:59+00:00
CVE-2026-73929,updated,2026-08-28,cve_2026_to_now,2026-08-28T19:12:59+00:00
CVE-2026-73930,updated,2026-08-27,cve_2026_to_now,2026-08-28T19:12:59+00:00
CVE-2026-73931,updated,2026-08-28,cve_2026_to_now,2026-08-28T19:12:59+00:00
CVE-2026-73937,updated,2026-08-28,cve_2026_to_now,2026-08-28T19:12:59+00:00
CVE-2026-73939,updated,2026-08-28,cve_2026_to_now,2026-08-28T19:12:59+00:00
CVE-2026-74802,updated,2026-08-28,cve_2026_to_now,2026-08-28T19:12:59+00:00
CVE-2026-74820,added,,cve_2026_to_now,2026-08-28T19:12:59+00:00
CVE-2026-75062,updated,2026-08-27,cve_2026_to_now,2026-08-28T19:12:59+00:00
CVE-2026-75159,updated,,cve_2026_to_now,2026-08-28T19:12:59+00:00
CVE-2026-75325,updated,2026-08-27,cve_2026_to_now,2026-08-28T19:12:59+00:00
CVE-2026-75328,updated,2026-08-27,cve_2026_to_now,2026-08-28T19:12:59+00:00
CVE-2026-75337,added,,cve_2026_to_now,2026-08-28T19:12:59+00:00
CVE-2026-75339,added,,cve_2026_to_now,2026-08-28T19:12:59+00:00
CVE-2026-75340,updated,2026-08-27,cve_2026_to_now,2026-08-28T19:12:59+00:00
CVE-2026-75368,updated,2026-08-28,cve_2026_to_now,2026-08-28T19:12:59+00:00
CVE-2026-75417,added,,cve_2026_to_now,2026-08-28T19:12:59+00:00
CVE-2026-75418,added,,cve_2026_to_now,2026-08-28T19:12:59+00:00
CVE-2026-75419,added,,cve_2026_to_now,2026-08-28T19:12:59+00:00
CVE-2026-75466,updated,2026-08-27,cve_2026_to_now,2026-08-28T19:12:59+00:00
CVE-2026-75548,added,2026-08-28,cve_2026_to_now,2026-08-28T19:12:59+00:00
CVE-2026-75573,updated,,cve_2026_to_now,2026-08-28T19:12:59+00:00
CVE-2026-75574,updated,2026-08-27,cve_2026_to_now,2026-08-28T19:12:59+00:00
CVE-2026-75618,updated,2026-08-27,cve_2026_to_now,2026-08-28T19:12:59+00:00
CVE-2026-75619,updated,2026-08-27,cve_2026_to_now,2026-08-28T19:12:59+00:00
CVE-2026-75628,updated,2026-08-28,cve_2026_to_now,2026-08-28T19:12:59+00:00
CVE-2026-75749,updated,2026-08-27,cve_2026_to_now,2026-08-28T19:12:59+00:00
CVE-2026-75750,updated,2026-08-27,cve_2026_to_now,2026-08-28T19:12:59+00:00
CVE-2026-75752,updated,2026-08-27,cve_2026_to_now,2026-08-28T19:12:59+00:00
CVE-2026-75758,added,,cve_2026_to_now,2026-08-28T19:12:59+00:00
CVE-2026-75766,updated,2026-08-27,cve_2026_to_now,2026-08-28T19:12:59+00:00
CVE-2026-75767,updated,2026-08-27,cve_2026_to_now,2026-08-28T19:12:59+00:00
CVE-2026-75768,updated,2026-08-27,cve_2026_to_now,2026-08-28T19:12:59+00:00
CVE-2026-75769,updated,2026-08-27,cve_2026_to_now,2026-08-28T19:12:59+00:00
CVE-2026-75770,updated,2026-08-27,cve_2026_to_now,2026-08-28T19:12:59+00:00
CVE-2026-75813,added,2026-08-28,cve_2026_to_now,2026-08-28T19:12:59+00:00
CVE-2026-75814,added,2026-08-28,cve_2026_to_now,2026-08-28T19:12:59+00:00
CVE-2026-75871,updated,,cve_2026_to_now,2026-08-28T19:12:59+00:00
CVE-2026-75889,added,2026-08-28,cve_2026_to_now,2026-08-28T19:12:59+00:00
CVE-2026-76053,added,,cve_2026_to_now,2026-08-28T19:12:59+00:00
CVE-2026-76060,added,,cve_2026_to_now,2026-08-28T19:12:59+00:00
CVE-2026-76179,added,2026-08-28,cve_2026_to_now,2026-08-28T19:12:59+00:00
CVE-2026-76189,updated,2026-08-27,cve_2026_to_now,2026-08-28T19:12:59+00:00
CVE-2026-76193,updated,2026-08-27,cve_2026_to_now,2026-08-28T19:12:59+00:00
CVE-2026-76195,updated,2026-08-27,cve_2026_to_now,2026-08-28T19:12:59+00:00
CVE-2026-76197,updated,2026-08-27,cve_2026_to_now,2026-08-28T19:12:59+00:00
CVE-2026-76198,updated,2026-08-27,cve_2026_to_now,2026-08-28T19:12:59+00:00
CVE-2026-76581,added,,cve_2026_to_now,2026-08-28T19:12:59+00:00
CVE-2026-76639,added,,cve_2026_to_now,2026-08-28T19:12:59+00:00
CVE-2026-76640,added,,cve_2026_to_now,2026-08-28T19:12:59+00:00
CVE-2026-76843,updated,2026-08-28,cve_2026_to_now,2026-08-28T19:12:59+00:00
CVE-2026-76940,added,2026-08-28,cve_2026_to_now,2026-08-28T19:12:59+00:00
CVE-2026-76943,added,2026-08-28,cve_2026_to_now,2026-08-28T19:12:59+00:00
CVE-2026-76945,added,2026-08-28,cve_2026_to_now,2026-08-28T19:12:59+00:00
CVE-2026-77034,updated,2026-08-28,cve_2026_to_now,2026-08-28T19:12:59+00:00
CVE-2026-77035,updated,2026-08-28,cve_2026_to_now,2026-08-28T19:12:59+00:00
CVE-2026-77140,updated,2026-08-27,cve_2026_to_now,2026-08-28T19:12:59+00:00
CVE-2026-77141,updated,2026-08-27,cve_2026_to_now,2026-08-28T19:12:59+00:00
CVE-2026-77142,updated,2026-08-27,cve_2026_to_now,2026-08-28T19:12:59+00:00
CVE-2026-77144,updated,2026-08-27,cve_2026_to_now,2026-08-28T19:12:59+00:00
CVE-2026-77145,updated,2026-08-27,cve_2026_to_now,2026-08-28T19:12:59+00:00
CVE-2026-77234,updated,2026-08-27,cve_2026_to_now,2026-08-28T19:12:59+00:00
CVE-2026-77235,updated,2026-08-27,cve_2026_to_now,2026-08-28T19:12:59+00:00
CVE-2026-77341,added,,cve_2026_to_now,2026-08-28T19:12:59+00:00
CVE-2026-77358,added,,cve_2026_to_now,2026-08-28T19:12:59+00:00
CVE-2026-77365,added,,cve_2026_to_now,2026-08-28T19:12:59+00:00
CVE-2026-77438,added,,cve_2026_to_now,2026-08-28T19:12:59+00:00
CVE-2026-77701,added,,cve_2026_to_now,2026-08-28T19:12:59+00:00
CVE-2026-77781,updated,2026-08-27,cve_2026_to_now,2026-08-28T19:12:59+00:00
CVE-2026-77810,updated,2026-08-27,cve_2026_to_now,2026-08-28T19:12:59+00:00
CVE-2026-77811,updated,2026-08-27,cve_2026_to_now,2026-08-28T19:12:59+00:00
CVE-2026-77838,added,,cve_2026_to_now,2026-08-28T19:12:59+00:00
CVE-2026-77977,added,2026-08-28,cve_2026_to_now,2026-08-28T19:12:59+00:00
CVE-2026-77989,updated,2026-08-28,cve_2026_to_now,2026-08-28T19:12:59+00:00
CVE-2026-77990,updated,2026-08-28,cve_2026_to_now,2026-08-28T19:12:59+00:00
CVE-2026-77991,updated,2026-08-28,cve_2026_to_now,2026-08-28T19:12:59+00:00
CVE-2026-78002,updated,,cve_2026_to_now,2026-08-28T19:12:59+00:00
CVE-2026-78008,added,,cve_2026_to_now,2026-08-28T19:12:59+00:00
CVE-2026-78009,added,,cve_2026_to_now,2026-08-28T19:12:59+00:00
CVE-2026-78010,added,,cve_2026_to_now,2026-08-28T19:12:59+00:00
CVE-2026-78011,added,,cve_2026_to_now,2026-08-28T19:12:59+00:00
CVE-2026-78032,added,,cve_2026_to_now,2026-08-28T19:12:59+00:00
CVE-2026-78037,added,2026-08-28,cve_2026_to_now,2026-08-28T19:12:59+00:00
CVE-2026-78047,added,,cve_2026_to_now,2026-08-28T19:12:59+00:00
CVE-2026-78070,added,,cve_2026_to_now,2026-08-28T19:12:59+00:00
CVE-2026-78071,added,,cve_2026_to_now,2026-08-28T19:12:59+00:00
CVE-2026-78072,added,,cve_2026_to_now,2026-08-28T19:12:59+00:00
CVE-2026-78073,added,,cve_2026_to_now,2026-08-28T19:12:59+00:00
CVE-2026-78103,added,,cve_2026_to_now,2026-08-28T19:12:59+00:00
CVE-2026-78174,added,,cve_2026_to_now,2026-08-28T19:12:59+00:00
CVE-2026-78236,updated,2026-08-28,cve_2026_to_now,2026-08-28T19:12:59+00:00
CVE-2026-78237,updated,2026-08-28,cve_2026_to_now,2026-08-28T19:12:59+00:00
CVE-2026-78238,added,,cve_2026_to_now,2026-08-28T19:12:59+00:00
CVE-2026-78239,added,2026-08-28,cve_2026_to_now,2026-08-28T19:12:59+00:00
CVE-2026-78495,added,,cve_2026_to_now,2026-08-28T19:12:59+00:00
CVE-2026-78498,added,,cve_2026_to_now,2026-08-28T19:12:59+00:00
CVE-2026-78499,added,,cve_2026_to_now,2026-08-28T19:12:59+00:00
CVE-2026-78500,added,,cve_2026_to_now,2026-08-28T19:12:59+00:00
CVE-2026-78610,added,,cve_2026_to_now,2026-08-28T19:12:59+00:00
CVE-2026-78612,added,,cve_2026_to_now,2026-08-28T19:12:59+00:00
CVE-2026-78613,added,,cve_2026_to_now,2026-08-28T19:12:59+00:00
CVE-2026-78614,added,,cve_2026_to_now,2026-08-28T19:12:59+00:00
CVE-2026-78615,added,,cve_2026_to_now,2026-08-28T19:12:59+00:00
CVE-2026-78616,added,,cve_2026_to_now,2026-08-28T19:12:59+00:00
CVE-2026-78617,added,,cve_2026_to_now,2026-08-28T19:12:59+00:00
CVE-2026-78618,added,,cve_2026_to_now,2026-08-28T19:12:59+00:00
CVE-2026-78895,updated,2026-08-27,cve_2026_to_now,2026-08-28T19:12:59+00:00
CVE-2026-78903,updated,2026-08-27,cve_2026_to_now,2026-08-28T19:12:59+00:00
CVE-2026-78908,updated,2026-08-27,cve_2026_to_now,2026-08-28T19:12:59+00:00
CVE-2026-78912,updated,2026-08-27,cve_2026_to_now,2026-08-28T19:12:59+00:00
CVE-2026-78940,updated,2026-08-27,cve_2026_to_now,2026-08-28T19:12:59+00:00
CVE-2026-78942,updated,2026-08-27,cve_2026_to_now,2026-08-28T19:12:59+00:00
CVE-2026-78943,updated,2026-08-27,cve_2026_to_now,2026-08-28T19:12:59+00:00
CVE-2026-78953,updated,2026-08-27,cve_2026_to_now,2026-08-28T19:12:59+00:00
CVE-2026-78954,updated,2026-08-27,cve_2026_to_now,2026-08-28T19:12:59+00:00
CVE-2026-78961,updated,2026-08-27,cve_2026_to_now,2026-08-28T19:12:59+00:00
CVE-2026-78966,updated,2026-08-27,cve_2026_to_now,2026-08-28T19:12:59+00:00
CVE-2026-78976,updated,2026-08-27,cve_2026_to_now,2026-08-28T19:12:59+00:00
CVE-2026-78979,updated,2026-08-27,cve_2026_to_now,2026-08-28T19:12:59+00:00
CVE-2026-78987,updated,2026-08-27,cve_2026_to_now,2026-08-28T19:12:59+00:00
CVE-2026-79000,updated,2026-08-27,cve_2026_to_now,2026-08-28T19:12:59+00:00
CVE-2026-79002,updated,2026-08-27,cve_2026_to_now,2026-08-28T19:12:59+00:00
CVE-2026-79006,updated,2026-08-27,cve_2026_to_now,2026-08-28T19:12:59+00:00
CVE-2026-79010,updated,2026-08-27,cve_2026_to_now,2026-08-28T19:12:59+00:00
CVE-2026-79014,updated,2026-08-27,cve_2026_to_now,2026-08-28T19:12:59+00:00
CVE-2026-79031,updated,2026-08-27,cve_2026_to_now,2026-08-28T19:12:59+00:00
CVE-2026-79046,updated,2026-08-27,cve_2026_to_now,2026-08-28T19:12:59+00:00
CVE-2026-79051,updated,2026-08-27,cve_2026_to_now,2026-08-28T19:12:59+00:00
CVE-2026-79053,updated,2026-08-27,cve_2026_to_now,2026-08-28T19:12:59+00:00
CVE-2026-79065,updated,2026-08-27,cve_2026_to_now,2026-08-28T19:12:59+00:00
CVE-2026-79066,updated,2026-08-27,cve_2026_to_now,2026-08-28T19:12:59+00:00
CVE-2026-79068,updated,2026-08-27,cve_2026_to_now,2026-08-28T19:12:59+00:00
CVE-2026-79070,updated,2026-08-27,cve_2026_to_now,2026-08-28T19:12:59+00:00
CVE-2026-79082,updated,2026-08-27,cve_2026_to_now,2026-08-28T19:12:59+00:00
CVE-2026-79084,updated,2026-08-27,cve_2026_to_now,2026-08-28T19:12:59+00:00
CVE-2026-79085,updated,2026-08-27,cve_2026_to_now,2026-08-28T19:12:59+00:00
CVE-2026-79093,updated,2026-08-27,cve_2026_to_now,2026-08-28T19:12:59+00:00
CVE-2026-79103,updated,2026-08-27,cve_2026_to_now,2026-08-28T19:12:59+00:00
CVE-2026-79106,updated,2026-08-27,cve_2026_to_now,2026-08-28T19:12:59+00:00
CVE-2026-79110,updated,2026-08-27,cve_2026_to_now,2026-08-28T19:12:59+00:00
CVE-2026-79116,updated,2026-08-27,cve_2026_to_now,2026-08-28T19:12:59+00:00
CVE-2026-79117,updated,2026-08-27,cve_2026_to_now,2026-08-28T19:12:59+00:00
CVE-2026-79136,updated,2026-08-27,cve_2026_to_now,2026-08-28T19:12:59+00:00
CVE-2026-79141,updated,2026-08-27,cve_2026_to_now,2026-08-28T19:12:59+00:00
CVE-2026-79173,updated,2026-08-27,cve_2026_to_now,2026-08-28T19:12:59+00:00
CVE-2026-79174,updated,2026-08-27,cve_2026_to_now,2026-08-28T19:12:59+00:00
CVE-2026-79178,updated,2026-08-27,cve_2026_to_now,2026-08-28T19:12:59+00:00
CVE-2026-79180,updated,2026-08-27,cve_2026_to_now,2026-08-28T19:12:59+00:00
CVE-2026-79184,updated,2026-08-27,cve_2026_to_now,2026-08-28T19:12:59+00:00
CVE-2026-79185,updated,2026-08-27,cve_2026_to_now,2026-08-28T19:12:59+00:00
CVE-2026-79190,updated,2026-08-27,cve_2026_to_now,2026-08-28T19:12:59+00:00
CVE-2026-79191,updated,2026-08-27,cve_2026_to_now,2026-08-28T19:12:59+00:00
CVE-2026-79192,updated,2026-08-27,cve_2026_to_now,2026-08-28T19:12:59+00:00
CVE-2026-79201,updated,2026-08-27,cve_2026_to_now,2026-08-28T19:12:59+00:00
CVE-2026-79203,updated,2026-08-27,cve_2026_to_now,2026-08-28T19:12:59+00:00
CVE-2026-79204,updated,2026-08-27,cve_2026_to_now,2026-08-28T19:12:59+00:00
CVE-2026-79205,updated,2026-08-27,cve_2026_to_now,2026-08-28T19:12:59+00:00
CVE-2026-79212,updated,2026-08-27,cve_2026_to_now,2026-08-28T19:12:59+00:00
CVE-2026-79214,updated,2026-08-27,cve_2026_to_now,2026-08-28T19:12:59+00:00
CVE-2026-79222,updated,2026-08-27,cve_2026_to_now,2026-08-28T19:12:59+00:00
CVE-2026-79228,updated,2026-08-27,cve_2026_to_now,2026-08-28T19:12:59+00:00
CVE-2026-79237,updated,2026-08-27,cve_2026_to_now,2026-08-28T19:12:59+00:00
CVE-2026-79238,updated,2026-08-27,cve_2026_to_now,2026-08-28T19:12:59+00:00
CVE-2026-79248,updated,2026-08-27,cve_2026_to_now,2026-08-28T19:12:59+00:00
CVE-2026-79250,updated,2026-08-27,cve_2026_to_now,2026-08-28T19:12:59+00:00
CVE-2026-79251,updated,2026-08-27,cve_2026_to_now,2026-08-28T19:12:59+00:00
CVE-2026-79255,updated,2026-08-27,cve_2026_to_now,2026-08-28T19:12:59+00:00
CVE-2026-79262,updated,2026-08-27,cve_2026_to_now,2026-08-28T19:12:59+00:00
CVE-2026-79264,updated,2026-08-27,cve_2026_to_now,2026-08-28T19:12:59+00:00
CVE-2026-79267,updated,2026-08-27,cve_2026_to_now,2026-08-28T19:12:59+00:00
CVE-2026-79269,updated,2026-08-27,cve_2026_to_now,2026-08-28T19:12:59+00:00
CVE-2026-79273,updated,2026-08-27,cve_2026_to_now,2026-08-28T19:12:59+00:00
CVE-2026-79283,updated,2026-08-27,cve_2026_to_now,2026-08-28T19:12:59+00:00
CVE-2026-79615,added,,cve_2026_to_now,2026-08-28T19:12:59+00:00
CVE-2026-79619,updated,2026-08-27,cve_2026_to_now,2026-08-28T19:12:59+00:00
CVE-2026-79653,updated,,cve_2026_to_now,2026-08-28T19:12:59+00:00
CVE-2026-79654,updated,2026-08-28,cve_2026_to_now,2026-08-28T19:12:59+00:00
CVE-2026-79706,added,,cve_2026_to_now,2026-08-28T19:12:59+00:00
CVE-2026-79718,updated,,cve_2026_to_now,2026-08-28T19:12:59+00:00
CVE-2026-79719,updated,,cve_2026_to_now,2026-08-28T19:12:59+00:00
CVE-2026-79720,updated,,cve_2026_to_now,2026-08-28T19:12:59+00:00
CVE-2026-79773,updated,2026-08-28,cve_2026_to_now,2026-08-28T19:12:59+00:00
CVE-2026-79779,updated,2026-08-27,cve_2026_to_now,2026-08-28T19:12:59+00:00
CVE-2026-79988,updated,2026-08-28,cve_2026_to_now,2026-08-28T19:12:59+00:00
CVE-2026-79995,added,,cve_2026_to_now,2026-08-28T19:12:59+00:00
CVE-2026-79996,added,,cve_2026_to_now,2026-08-28T19:12:59+00:00
CVE-2026-80179,added,,cve_2026_to_now,2026-08-28T19:12:59+00:00
CVE-2026-80200,updated,2026-08-28,cve_2026_to_now,2026-08-28T19:12:59+00:00
CVE-2026-80207,updated,,cve_2026_to_now,2026-08-28T19:12:59+00:00
CVE-2026-80209,updated,,cve_2026_to_now,2026-08-28T19:12:59+00:00
CVE-2026-80210,updated,,cve_2026_to_now,2026-08-28T19:12:59+00:00
CVE-2026-80212,updated,,cve_2026_to_now,2026-08-28T19:12:59+00:00
CVE-2026-80213,updated,,cve_2026_to_now,2026-08-28T19:12:59+00:00
CVE-2026-80590,added,,cve_2026_to_now,2026-08-28T19:12:59+00:00
CVE-2026-80591,added,,cve_2026_to_now,2026-08-28T19:12:59+00:00
CVE-2026-80592,added,,cve_2026_to_now,2026-08-28T19:12:59+00:00
CVE-2026-80593,added,,cve_2026_to_now,2026-08-28T19:12:59+00:00
CVE-2026-80594,added,,cve_2026_to_now,2026-08-28T19:12:59+00:00
CVE-2026-80595,added,,cve_2026_to_now,2026-08-28T19:12:59+00:00
CVE-2026-80596,added,,cve_2026_to_now,2026-08-28T19:12:59+00:00
CVE-2026-80597,added,,cve_2026_to_now,2026-08-28T19:12:59+00:00
CVE-2026-80598,added,,cve_2026_to_now,2026-08-28T19:12:59+00:00
CVE-2026-80599,added,,cve_2026_to_now,2026-08-28T19:12:59+00:00
CVE-2026-80600,added,,cve_2026_to_now,2026-08-28T19:12:59+00:00
CVE-2026-80601,added,,cve_2026_to_now,2026-08-28T19:12:59+00:00
CVE-2026-80602,added,,cve_2026_to_now,2026-08-28T19:12:59+00:00
CVE-2026-80603,added,,cve_2026_to_now,2026-08-28T19:12:59+00:00
CVE-2026-80604,added,,cve_2026_to_now,2026-08-28T19:12:59+00:00
CVE-2026-80605,added,,cve_2026_to_now,2026-08-28T19:12:59+00:00
CVE-2026-80606,added,,cve_2026_to_now,2026-08-28T19:12:59+00:00
CVE-2026-80607,added,,cve_2026_to_now,2026-08-28T19:12:59+00:00
CVE-2026-80608,added,,cve_2026_to_now,2026-08-28T19:12:59+00:00
CVE-2026-80609,added,,cve_2026_to_now,2026-08-28T19:12:59+00:00
CVE-2026-80610,added,,cve_2026_to_now,2026-08-28T19:12:59+00:00
CVE-2026-80611,added,,cve_2026_to_now,2026-08-28T19:12:59+00:00
CVE-2026-80612,added,,cve_2026_to_now,2026-08-28T19:12:59+00:00
CVE-2026-80613,added,,cve_2026_to_now,2026-08-28T19:12:59+00:00
CVE-2026-80614,added,,cve_2026_to_now,2026-08-28T19:12:59+00:00
CVE-2026-80615,added,,cve_2026_to_now,2026-08-28T19:12:59+00:00
CVE-2026-80616,added,,cve_2026_to_now,2026-08-28T19:12:59+00:00
CVE-2026-80617,added,,cve_2026_to_now,2026-08-28T19:12:59+00:00
CVE-2026-80618,added,,cve_2026_to_now,2026-08-28T19:12:59+00:00
CVE-2026-80619,added,,cve_2026_to_now,2026-08-28T19:12:59+00:00
CVE-2026-80620,added,,cve_2026_to_now,2026-08-28T19:12:59+00:00
CVE-2026-80621,added,,cve_2026_to_now,2026-08-28T19:12:59+00:00
CVE-2026-80622,added,,cve_2026_to_now,2026-08-28T19:12:59+00:00
CVE-2026-80623,added,,cve_2026_to_now,2026-08-28T19:12:59+00:00
CVE-2026-80624,added,,cve_2026_to_now,2026-08-28T19:12:59+00:00
CVE-2026-80625,added,,cve_2026_to_now,2026-08-28T19:12:59+00:00
CVE-2026-80626,added,,cve_2026_to_now,2026-08-28T19:12:59+00:00
CVE-2026-80627,added,,cve_2026_to_now,2026-08-28T19:12:59+00:00
CVE-2026-80628,added,,cve_2026_to_now,2026-08-28T19:12:59+00:00
CVE-2026-80629,added,,cve_2026_to_now,2026-08-28T19:12:59+00:00
CVE-2026-80630,added,,cve_2026_to_now,2026-08-28T19:12:59+00:00
CVE-2026-80631,added,,cve_2026_to_now,2026-08-28T19:12:59+00:00
CVE-2026-80632,added,,cve_2026_to_now,2026-08-28T19:12:59+00:00
CVE-2026-80633,added,,cve_2026_to_now,2026-08-28T19:12:59+00:00
CVE-2026-80634,added,,cve_2026_to_now,2026-08-28T19:12:59+00:00
CVE-2026-80635,added,,cve_2026_to_now,2026-08-28T19:12:59+00:00
CVE-2026-80636,added,,cve_2026_to_now,2026-08-28T19:12:59+00:00
CVE-2026-80637,added,,cve_2026_to_now,2026-08-28T19:12:59+00:00
CVE-2026-80638,added,,cve_2026_to_now,2026-08-28T19:12:59+00:00
CVE-2026-80639,added,,cve_2026_to_now,2026-08-28T19:12:59+00:00
CVE-2026-80640,added,,cve_2026_to_now,2026-08-28T19:12:59+00:00
CVE-2026-80641,added,,cve_2026_to_now,2026-08-28T19:12:59+00:00
CVE-2026-80642,added,,cve_2026_to_now,2026-08-28T19:12:59+00:00
CVE-2026-80643,added,,cve_2026_to_now,2026-08-28T19:12:59+00:00
CVE-2026-80644,added,,cve_2026_to_now,2026-08-28T19:12:59+00:00
CVE-2026-80645,added,,cve_2026_to_now,2026-08-28T19:12:59+00:00
CVE-2026-80646,added,,cve_2026_to_now,2026-08-28T19:12:59+00:00
CVE-2026-80647,added,,cve_2026_to_now,2026-08-28T19:12:59+00:00
CVE-2026-80648,added,,cve_2026_to_now,2026-08-28T19:12:59+00:00
CVE-2026-80649,added,,cve_2026_to_now,2026-08-28T19:12:59+00:00
CVE-2026-80650,added,,cve_2026_to_now,2026-08-28T19:12:59+00:00
CVE-2026-80651,added,,cve_2026_to_now,2026-08-28T19:12:59+00:00
CVE-2026-80652,added,,cve_2026_to_now,2026-08-28T19:12:59+00:00
CVE-2026-80653,added,,cve_2026_to_now,2026-08-28T19:12:59+00:00
CVE-2026-80654,added,,cve_2026_to_now,2026-08-28T19:12:59+00:00
CVE-2026-80655,added,,cve_2026_to_now,2026-08-28T19:12:59+00:00
CVE-2026-80656,added,,cve_2026_to_now,2026-08-28T19:12:59+00:00
CVE-2026-80657,added,,cve_2026_to_now,2026-08-28T19:12:59+00:00
CVE-2026-80658,added,,cve_2026_to_now,2026-08-28T19:12:59+00:00
CVE-2026-80659,added,,cve_2026_to_now,2026-08-28T19:12:59+00:00
CVE-2026-80660,added,,cve_2026_to_now,2026-08-28T19:12:59+00:00
CVE-2026-80661,added,,cve_2026_to_now,2026-08-28T19:12:59+00:00
CVE-2026-80662,added,,cve_2026_to_now,2026-08-28T19:12:59+00:00
CVE-2026-80663,added,,cve_2026_to_now,2026-08-28T19:12:59+00:00
CVE-2026-80664,added,,cve_2026_to_now,2026-08-28T19:12:59+00:00
CVE-2026-80665,added,,cve_2026_to_now,2026-08-28T19:12:59+00:00
CVE-2026-80666,added,,cve_2026_to_now,2026-08-28T19:12:59+00:00
CVE-2026-80667,added,,cve_2026_to_now,2026-08-28T19:12:59+00:00
CVE-2026-80668,added,,cve_2026_to_now,2026-08-28T19:12:59+00:00
CVE-2026-80669,added,,cve_2026_to_now,2026-08-28T19:12:59+00:00
CVE-2026-80670,added,,cve_2026_to_now,2026-08-28T19:12:59+00:00
CVE-2026-80671,added,,cve_2026_to_now,2026-08-28T19:12:59+00:00
CVE-2026-80672,added,,cve_2026_to_now,2026-08-28T19:12:59+00:00
CVE-2026-80673,added,,cve_2026_to_now,2026-08-28T19:12:59+00:00
CVE-2026-80674,added,,cve_2026_to_now,2026-08-28T19:12:59+00:00
CVE-2026-80675,added,,cve_2026_to_now,2026-08-28T19:12:59+00:00
CVE-2026-80676,added,,cve_2026_to_now,2026-08-28T19:12:59+00:00
CVE-2026-80677,added,,cve_2026_to_now,2026-08-28T19:12:59+00:00
CVE-2026-80678,added,,cve_2026_to_now,2026-08-28T19:12:59+00:00
CVE-2026-80679,added,,cve_2026_to_now,2026-08-28T19:12:59+00:00
CVE-2026-80680,added,,cve_2026_to_now,2026-08-28T19:12:59+00:00
CVE-2026-80681,added,,cve_2026_to_now,2026-08-28T19:12:59+00:00
CVE-2026-80682,added,,cve_2026_to_now,2026-08-28T19:12:59+00:00
CVE-2026-80683,added,,cve_2026_to_now,2026-08-28T19:12:59+00:00
CVE-2026-80684,added,,cve_2026_to_now,2026-08-28T19:12:59+00:00
CVE-2026-80685,added,,cve_2026_to_now,2026-08-28T19:12:59+00:00
CVE-2026-80686,added,,cve_2026_to_now,2026-08-28T19:12:59+00:00
CVE-2026-80687,added,,cve_2026_to_now,2026-08-28T19:12:59+00:00
CVE-2026-80688,added,,cve_2026_to_now,2026-08-28T19:12:59+00:00
CVE-2026-80689,added,,cve_2026_to_now,2026-08-28T19:12:59+00:00
CVE-2026-80690,added,,cve_2026_to_now,2026-08-28T19:12:59+00:00
CVE-2026-80691,added,,cve_2026_to_now,2026-08-28T19:12:59+00:00
CVE-2026-80692,added,,cve_2026_to_now,2026-08-28T19:12:59+00:00
CVE-2026-80693,added,,cve_2026_to_now,2026-08-28T19:12:59+00:00
CVE-2026-80694,added,,cve_2026_to_now,2026-08-28T19:12:59+00:00
CVE-2026-80695,added,,cve_2026_to_now,2026-08-28T19:12:59+00:00
CVE-2026-80696,added,,cve_2026_to_now,2026-08-28T19:12:59+00:00
CVE-2026-80697,added,,cve_2026_to_now,2026-08-28T19:12:59+00:00
CVE-2026-80698,added,,cve_2026_to_now,2026-08-28T19:12:59+00:00
CVE-2026-80699,added,,cve_2026_to_now,2026-08-28T19:12:59+00:00
CVE-2026-80700,added,,cve_2026_to_now,2026-08-28T19:12:59+00:00
CVE-2026-80701,added,,cve_2026_to_now,2026-08-28T19:12:59+00:00
CVE-2026-80702,added,,cve_2026_to_now,2026-08-28T19:12:59+00:00
CVE-2026-80703,added,,cve_2026_to_now,2026-08-28T19:12:59+00:00
CVE-2026-80704,added,,cve_2026_to_now,2026-08-28T19:12:59+00:00
CVE-2026-80705,added,,cve_2026_to_now,2026-08-28T19:12:59+00:00
CVE-2026-80706,added,,cve_2026_to_now,2026-08-28T19:12:59+00:00
CVE-2026-80707,added,,cve_2026_to_now,2026-08-28T19:12:59+00:00
CVE-2026-80708,added,,cve_2026_to_now,2026-08-28T19:12:59+00:00
CVE-2026-80709,added,,cve_2026_to_now,2026-08-28T19:12:59+00:00
CVE-2026-80710,added,,cve_2026_to_now,2026-08-28T19:12:59+00:00
CVE-2026-80711,added,,cve_2026_to_now,2026-08-28T19:12:59+00:00
CVE-2026-80712,added,,cve_2026_to_now,2026-08-28T19:12:59+00:00
CVE-2026-80713,added,,cve_2026_to_now,2026-08-28T19:12:59+00:00
CVE-2026-80714,added,,cve_2026_to_now,2026-08-28T19:12:59+00:00
CVE-2026-80715,added,,cve_2026_to_now,2026-08-28T19:12:59+00:00
CVE-2026-80716,added,,cve_2026_to_now,2026-08-28T19:12:59+00:00
CVE-2026-80717,added,,cve_2026_to_now,2026-08-28T19:12:59+00:00
CVE-2026-80718,added,,cve_2026_to_now,2026-08-28T19:12:59+00:00
CVE-2026-80719,added,,cve_2026_to_now,2026-08-28T19:12:59+00:00
CVE-2026-80720,added,,cve_2026_to_now,2026-08-28T19:12:59+00:00
CVE-2026-80721,added,,cve_2026_to_now,2026-08-28T19:12:59+00:00
CVE-2026-80722,added,,cve_2026_to_now,2026-08-28T19:12:59+00:00
CVE-2026-80723,added,,cve_2026_to_now,2026-08-28T19:12:59+00:00
CVE-2026-80724,added,,cve_2026_to_now,2026-08-28T19:12:59+00:00
CVE-2026-81019,added,,cve_2026_to_now,2026-08-28T19:12:59+00:00
CVE-2026-81020,added,,cve_2026_to_now,2026-08-28T19:12:59+00:00
CVE-2026-81031,updated,2026-08-28,cve_2026_to_now,2026-08-28T19:12:59+00:00
CVE-2026-81091,updated,,cve_2026_to_now,2026-08-28T19:12:59+00:00
CVE-2026-81093,updated,,cve_2026_to_now,2026-08-28T19:12:59+00:00
CVE-2026-81094,updated,,cve_2026_to_now,2026-08-28T19:12:59+00:00
CVE-2026-81096,updated,,cve_2026_to_now,2026-08-28T19:12:59+00:00
CVE-2026-81098,updated,,cve_2026_to_now,2026-08-28T19:12:59+00:00
CVE-2026-81099,updated,,cve_2026_to_now,2026-08-28T19:12:59+00:00
CVE-2026-81101,updated,,cve_2026_to_now,2026-08-28T19:12:59+00:00
CVE-2026-81284,added,,cve_2026_to_now,2026-08-28T19:12:59+00:00
CVE-2026-81285,added,,cve_2026_to_now,2026-08-28T19:12:59+00:00
CVE-2026-81299,added,,cve_2026_to_now,2026-08-28T19:12:59+00:00
CVE-2026-81334,updated,,cve_2026_to_now,2026-08-28T19:12:59+00:00
CVE-2026-81335,updated,,cve_2026_to_now,2026-08-28T19:12:59+00:00
CVE-2026-81341,added,,cve_2026_to_now,2026-08-28T19:12:59+00:00
CVE-2026-81521,added,,cve_2026_to_now,2026-08-28T19:12:59+00:00
CVE-2026-81522,added,,cve_2026_to_now,2026-08-28T19:12:59+00:00
CVE-2026-81523,added,,cve_2026_to_now,2026-08-28T19:12:59+00:00
CVE-2026-81524,added,,cve_2026_to_now,2026-08-28T19:12:59+00:00
CVE-2026-81525,added,,cve_2026_to_now,2026-08-28T19:12:59+00:00
CVE-2026-81526,added,,cve_2026_to_now,2026-08-28T19:12:59+00:00
CVE-2026-81527,added,,cve_2026_to_now,2026-08-28T19:12:59+00:00
CVE-2026-81528,added,,cve_2026_to_now,2026-08-28T19:12:59+00:00
CVE-2026-81529,added,,cve_2026_to_now,2026-08-28T19:12:59+00:00
CVE-2026-81530,added,,cve_2026_to_now,2026-08-28T19:12:59+00:00
CVE-2026-81572,updated,2026-08-28,cve_2026_to_now,2026-08-28T19:12:59+00:00
CVE-2026-81578,added,,cve_2026_to_now,2026-08-28T19:12:59+00:00
CVE-2026-81579,updated,2026-08-28,cve_2026_to_now,2026-08-28T19:12:59+00:00
CVE-2026-81581,updated,2026-08-28,cve_2026_to_now,2026-08-28T19:12:59+00:00
CVE-2026-81678,updated,,cve_2026_to_now,2026-08-28T19:12:59+00:00
CVE-2026-81680,updated,,cve_2026_to_now,2026-08-28T19:12:59+00:00
CVE-2026-81681,updated,,cve_2026_to_now,2026-08-28T19:12:59+00:00
CVE-2026-81683,updated,,cve_2026_to_now,2026-08-28T19:12:59+00:00
CVE-2026-81685,updated,,cve_2026_to_now,2026-08-28T19:12:59+00:00
CVE-2026-81686,updated,,cve_2026_to_now,2026-08-28T19:12:59+00:00
CVE-2026-81688,updated,,cve_2026_to_now,2026-08-28T19:12:59+00:00
CVE-2026-81690,updated,,cve_2026_to_now,2026-08-28T19:12:59+00:00
CVE-2026-81691,updated,,cve_2026_to_now,2026-08-28T19:12:59+00:00
CVE-2026-81693,updated,,cve_2026_to_now,2026-08-28T19:12:59+00:00
CVE-2026-81695,updated,,cve_2026_to_now,2026-08-28T19:12:59+00:00
CVE-2026-81696,updated,,cve_2026_to_now,2026-08-28T19:12:59+00:00
CVE-2026-81698,updated,,cve_2026_to_now,2026-08-28T19:12:59+00:00
CVE-2026-81700,updated,,cve_2026_to_now,2026-08-28T19:12:59+00:00
CVE-2026-81701,updated,,cve_2026_to_now,2026-08-28T19:12:59+00:00
CVE-2026-81703,updated,,cve_2026_to_now,2026-08-28T19:12:59+00:00
CVE-2026-81705,updated,,cve_2026_to_now,2026-08-28T19:12:59+00:00
CVE-2026-81706,updated,,cve_2026_to_now,2026-08-28T19:12:59+00:00
CVE-2026-81714,updated,,cve_2026_to_now,2026-08-28T19:12:59+00:00
CVE-2026-81716,updated,,cve_2026_to_now,2026-08-28T19:12:59+00:00
CVE-2026-81717,updated,,cve_2026_to_now,2026-08-28T19:12:59+00:00
CVE-2026-81719,updated,,cve_2026_to_now,2026-08-28T19:12:59+00:00
CVE-2026-81721,updated,,cve_2026_to_now,2026-08-28T19:12:59+00:00
CVE-2026-81722,updated,,cve_2026_to_now,2026-08-28T19:12:59+00:00
CVE-2026-81724,updated,,cve_2026_to_now,2026-08-28T19:12:59+00:00
CVE-2026-81726,updated,,cve_2026_to_now,2026-08-28T19:12:59+00:00
CVE-2026-81727,updated,,cve_2026_to_now,2026-08-28T19:12:59+00:00
CVE-2026-81728,added,2026-08-28,cve_2026_to_now,2026-08-28T19:12:59+00:00
CVE-2026-81729,added,,cve_2026_to_now,2026-08-28T19:12:59+00:00
CVE-2026-81730,added,,cve_2026_to_now,2026-08-28T19:12:59+00:00
CVE-2026-81731,added,,cve_2026_to_now,2026-08-28T19:12:59+00:00
CVE-2026-81732,added,,cve_2026_to_now,2026-08-28T19:12:59+00:00
CVE-2026-81733,added,,cve_2026_to_now,2026-08-28T19:12:59+00:00
CVE-2026-81757,added,,cve_2026_to_now,2026-08-28T19:12:59+00:00
CVE-2026-81759,added,,cve_2026_to_now,2026-08-28T19:12:59+00:00
CVE-2026-81760,added,,cve_2026_to_now,2026-08-28T19:12:59+00:00
CVE-2026-81761,added,,cve_2026_to_now,2026-08-28T19:12:59+00:00
CVE-2026-81767,added,,cve_2026_to_now,2026-08-28T19:12:59+00:00
CVE-2026-81777,added,,cve_2026_to_now,2026-08-28T19:12:59+00:00
CVE-2026-81817,updated,,cve_2026_to_now,2026-08-28T19:12:59+00:00
CVE-2026-81818,updated,,cve_2026_to_now,2026-08-28T19:12:59+00:00
CVE-2026-81819,updated,,cve_2026_to_now,2026-08-28T19:12:59+00:00
CVE-2026-81820,updated,,cve_2026_to_now,2026-08-28T19:12:59+00:00
CVE-2026-81826,updated,,cve_2026_to_now,2026-08-28T19:12:59+00:00
CVE-2026-81827,updated,,cve_2026_to_now,2026-08-28T19:12:59+00:00
CVE-2026-81833,added,,cve_2026_to_now,2026-08-28T19:12:59+00:00
CVE-2026-81834,added,,cve_2026_to_now,2026-08-28T19:12:59+00:00
CVE-2026-81835,added,,cve_2026_to_now,2026-08-28T19:12:59+00:00
CVE-2026-81836,added,,cve_2026_to_now,2026-08-28T19:12:59+00:00
CVE-2026-81837,added,,cve_2026_to_now,2026-08-28T19:12:59+00:00
CVE-2026-81838,added,2026-08-28,cve_2026_to_now,2026-08-28T19:12:59+00:00
CVE-2026-81845,added,,cve_2026_to_now,2026-08-28T19:12:59+00:00
CVE-2026-81847,added,,cve_2026_to_now,2026-08-28T19:12:59+00:00
CVE-2026-81848,added,,cve_2026_to_now,2026-08-28T19:12:59+00:00
CVE-2026-81851,added,,cve_2026_to_now,2026-08-28T19:12:59+00:00
CVE-2026-81893,added,2026-08-28,cve_2026_to_now,2026-08-28T19:12:59+00:00
CVE-2026-81931,added,,cve_2026_to_now,2026-08-28T19:12:59+00:00
CVE-2026-81934,added,2026-08-28,cve_2026_to_now,2026-08-28T19:12:59+00:00
CVE-2026-82072,added,2026-08-28,cve_2026_to_now,2026-08-28T19:12:59+00:00
CVE-2026-82078,added,,cve_2026_to_now,2026-08-28T19:12:59+00:00
CVE-2026-82081,added,,cve_2026_to_now,2026-08-28T19:12:59+00:00
CVE-2026-82082,added,,cve_2026_to_now,2026-08-28T19:12:59+00:00
CVE-2026-82089,added,,cve_2026_to_now,2026-08-28T19:12:59+00:00
CVE-2026-82090,added,,cve_2026_to_now,2026-08-28T19:12:59+00:00
CVE-2026-82111,added,,cve_2026_to_now,2026-08-28T19:12:59+00:00
CVE-2026-82112,added,,cve_2026_to_now,2026-08-28T19:12:59+00:00
CVE-2026-82123,added,,cve_2026_to_now,2026-08-28T19:12:59+00:00
CVE-2026-82181,added,,cve_2026_to_now,2026-08-28T19:12:59+00:00
CVE-2026-82220,added,,cve_2026_to_now,2026-08-28T19:12:59+00:00
CVE-2026-82222,added,,cve_2026_to_now,2026-08-28T19:12:59+00:00
CVE-2026-82227,added,,cve_2026_to_now,2026-08-28T19:12:59+00:00
CVE-2026-82233,added,,cve_2026_to_now,2026-08-28T19:12:59+00:00
CVE-2026-82234,added,,cve_2026_to_now,2026-08-28T19:12:59+00:00
CVE-2026-82235,added,,cve_2026_to_now,2026-08-28T19:12:59+00:00
CVE-2026-82236,added,,cve_2026_to_now,2026-08-28T19:12:59+00:00
CVE-2026-82237,added,,cve_2026_to_now,2026-08-28T19:12:59+00:00
CVE-2026-82238,added,,cve_2026_to_now,2026-08-28T19:12:59+00:00
CVE-2026-82239,added,,cve_2026_to_now,2026-08-28T19:12:59+00:00
CVE-2026-82240,added,,cve_2026_to_now,2026-08-28T19:12:59+00:00
CVE-2026-82241,added,,cve_2026_to_now,2026-08-28T19:12:59+00:00
CVE-2026-82242,added,,cve_2026_to_now,2026-08-28T19:12:59+00:00
CVE-2026-82243,added,,cve_2026_to_now,2026-08-28T19:12:59+00:00
CVE-2026-82244,added,,cve_2026_to_now,2026-08-28T19:12:59+00:00
CVE-2026-82245,added,,cve_2026_to_now,2026-08-28T19:12:59+00:00
CVE-2026-82246,added,,cve_2026_to_now,2026-08-28T19:12:59+00:00
CVE-2026-82247,added,,cve_2026_to_now,2026-08-28T19:12:59+00:00
CVE-2026-82248,added,,cve_2026_to_now,2026-08-28T19:12:59+00:00
CVE-2026-82249,added,,cve_2026_to_now,2026-08-28T19:12:59+00:00
CVE-2026-82250,added,,cve_2026_to_now,2026-08-28T19:12:59+00:00
CVE-2026-82251,added,,cve_2026_to_now,2026-08-28T19:12:59+00:00
CVE-2026-82252,added,,cve_2026_to_now,2026-08-28T19:12:59+00:00
CVE-2026-82253,added,,cve_2026_to_now,2026-08-28T19:12:59+00:00
CVE-2026-82254,added,,cve_2026_to_now,2026-08-28T19:12:59+00:00
CVE-2026-82255,added,,cve_2026_to_now,2026-08-28T19:12:59+00:00
CVE-2026-82256,added,,cve_2026_to_now,2026-08-28T19:12:59+00:00
CVE-2026-82257,added,,cve_2026_to_now,2026-08-28T19:12:59+00:00
CVE-2026-82258,added,,cve_2026_to_now,2026-08-28T19:12:59+00:00
CVE-2026-82259,added,,cve_2026_to_now,2026-08-28T19:12:59+00:00
CVE-2026-82260,added,,cve_2026_to_now,2026-08-28T19:12:59+00:00
CVE-2026-82261,added,,cve_2026_to_now,2026-08-28T19:12:59+00:00
CVE-2026-82324,added,,cve_2026_to_now,2026-08-28T19:12:59+00:00
CVE-2026-82327,added,,cve_2026_to_now,2026-08-28T19:12:59+00:00
CVE-2026-82328,added,,cve_2026_to_now,2026-08-28T19:12:59+00:00
CVE-2026-82330,added,,cve_2026_to_now,2026-08-28T19:12:59+00:00
