cve_id,change_type,date_updated,shard,run_utc
CVE-2017-6297,updated,2026-09-16,cve_2022_and_before,2026-09-17T12:23:48+00:00
CVE-2017-17537,updated,2026-09-16,cve_2022_and_before,2026-09-17T12:23:48+00:00
CVE-2020-20211,updated,2026-09-16,cve_2022_and_before,2026-09-17T12:23:48+00:00
CVE-2020-20212,updated,2026-09-16,cve_2022_and_before,2026-09-17T12:23:48+00:00
CVE-2023-24035,updated,2026-09-16,cve_2023_to_2025,2026-09-17T12:23:48+00:00
CVE-2023-24287,updated,2026-09-16,cve_2023_to_2025,2026-09-17T12:23:48+00:00
CVE-2023-27168,updated,2026-09-16,cve_2023_to_2025,2026-09-17T12:23:48+00:00
CVE-2023-27169,updated,2026-09-16,cve_2023_to_2025,2026-09-17T12:23:48+00:00
CVE-2023-27170,updated,2026-09-16,cve_2023_to_2025,2026-09-17T12:23:48+00:00
CVE-2023-27172,updated,2026-09-16,cve_2023_to_2025,2026-09-17T12:23:48+00:00
CVE-2023-32778,updated,2026-09-16,cve_2023_to_2025,2026-09-17T12:23:48+00:00
CVE-2023-37366,updated,2026-09-16,cve_2023_to_2025,2026-09-17T12:23:48+00:00
CVE-2023-46273,updated,2026-09-16,cve_2023_to_2025,2026-09-17T12:23:48+00:00
CVE-2023-51769,updated,2026-09-16,cve_2023_to_2025,2026-09-17T12:23:48+00:00
CVE-2024-5042,updated,2026-09-17,cve_2023_to_2025,2026-09-17T12:23:48+00:00
CVE-2024-9355,updated,2026-09-17,cve_2023_to_2025,2026-09-17T12:23:48+00:00
CVE-2024-11222,updated,2026-09-17,cve_2023_to_2025,2026-09-17T12:23:48+00:00
CVE-2024-20260,updated,2026-09-16,cve_2023_to_2025,2026-09-17T12:23:48+00:00
CVE-2024-21626,updated,2026-09-17,cve_2023_to_2025,2026-09-17T12:23:48+00:00
CVE-2024-33668,updated,2026-09-16,cve_2023_to_2025,2026-09-17T12:23:48+00:00
CVE-2024-45163,updated,2026-09-16,cve_2023_to_2025,2026-09-17T12:23:48+00:00
CVE-2025-11234,updated,2026-09-17,cve_2023_to_2025,2026-09-17T12:23:48+00:00
CVE-2025-11395,updated,2026-09-16,cve_2023_to_2025,2026-09-17T12:23:48+00:00
CVE-2025-14871,updated,,cve_2023_to_2025,2026-09-17T12:23:48+00:00
CVE-2025-15697,added,,cve_2023_to_2025,2026-09-17T12:23:48+00:00
CVE-2025-36591,added,,cve_2023_to_2025,2026-09-17T12:23:48+00:00
CVE-2025-43936,added,2026-09-17,cve_2023_to_2025,2026-09-17T12:23:48+00:00
CVE-2025-56005,updated,2026-09-17,cve_2023_to_2025,2026-09-17T12:23:48+00:00
CVE-2025-56563,added,,cve_2023_to_2025,2026-09-17T12:23:48+00:00
CVE-2025-56565,added,,cve_2023_to_2025,2026-09-17T12:23:48+00:00
CVE-2025-56566,added,,cve_2023_to_2025,2026-09-17T12:23:48+00:00
CVE-2025-59607,added,,cve_2023_to_2025,2026-09-17T12:23:48+00:00
CVE-2025-59953,added,,cve_2023_to_2025,2026-09-17T12:23:48+00:00
CVE-2025-61726,updated,2026-09-17,cve_2023_to_2025,2026-09-17T12:23:48+00:00
CVE-2025-64031,updated,2026-09-16,cve_2023_to_2025,2026-09-17T12:23:48+00:00
CVE-2025-66236,updated,2026-09-16,cve_2023_to_2025,2026-09-17T12:23:48+00:00
CVE-2025-69223,updated,2026-09-17,cve_2023_to_2025,2026-09-17T12:23:48+00:00
CVE-2026-0128,updated,2026-09-16,cve_2026_to_now,2026-09-17T12:23:48+00:00
CVE-2026-0129,updated,2026-09-16,cve_2026_to_now,2026-09-17T12:23:48+00:00
CVE-2026-0130,updated,2026-09-16,cve_2026_to_now,2026-09-17T12:23:48+00:00
CVE-2026-0134,updated,2026-09-16,cve_2026_to_now,2026-09-17T12:23:48+00:00
CVE-2026-0136,updated,2026-09-16,cve_2026_to_now,2026-09-17T12:23:48+00:00
CVE-2026-0140,updated,2026-09-16,cve_2026_to_now,2026-09-17T12:23:48+00:00
CVE-2026-0141,updated,2026-09-16,cve_2026_to_now,2026-09-17T12:23:48+00:00
CVE-2026-0142,updated,2026-09-16,cve_2026_to_now,2026-09-17T12:23:48+00:00
CVE-2026-0144,updated,2026-09-16,cve_2026_to_now,2026-09-17T12:23:48+00:00
CVE-2026-0145,updated,2026-09-16,cve_2026_to_now,2026-09-17T12:23:48+00:00
CVE-2026-0155,updated,2026-09-16,cve_2026_to_now,2026-09-17T12:23:48+00:00
CVE-2026-0156,updated,2026-09-16,cve_2026_to_now,2026-09-17T12:23:48+00:00
CVE-2026-0157,updated,2026-09-16,cve_2026_to_now,2026-09-17T12:23:48+00:00
CVE-2026-0158,updated,2026-09-16,cve_2026_to_now,2026-09-17T12:23:48+00:00
CVE-2026-0165,updated,2026-09-16,cve_2026_to_now,2026-09-17T12:23:48+00:00
CVE-2026-0179,updated,2026-09-16,cve_2026_to_now,2026-09-17T12:23:48+00:00
CVE-2026-0186,updated,2026-09-16,cve_2026_to_now,2026-09-17T12:23:48+00:00
CVE-2026-0187,updated,2026-09-16,cve_2026_to_now,2026-09-17T12:23:48+00:00
CVE-2026-0189,updated,2026-09-16,cve_2026_to_now,2026-09-17T12:23:48+00:00
CVE-2026-0192,updated,2026-09-16,cve_2026_to_now,2026-09-17T12:23:48+00:00
CVE-2026-0194,updated,2026-09-17,cve_2026_to_now,2026-09-17T12:23:48+00:00
CVE-2026-1168,updated,,cve_2026_to_now,2026-09-17T12:23:48+00:00
CVE-2026-1519,updated,2026-09-17,cve_2026_to_now,2026-09-17T12:23:48+00:00
CVE-2026-1878,updated,2026-09-17,cve_2026_to_now,2026-09-17T12:23:48+00:00
CVE-2026-1880,updated,2026-09-17,cve_2026_to_now,2026-09-17T12:23:48+00:00
CVE-2026-2340,updated,2026-09-17,cve_2026_to_now,2026-09-17T12:23:48+00:00
CVE-2026-2380,updated,,cve_2026_to_now,2026-09-17T12:23:48+00:00
CVE-2026-2671,updated,2026-09-16,cve_2026_to_now,2026-09-17T12:23:48+00:00
CVE-2026-2756,updated,2026-09-16,cve_2026_to_now,2026-09-17T12:23:48+00:00
CVE-2026-3012,updated,2026-09-17,cve_2026_to_now,2026-09-17T12:23:48+00:00
CVE-2026-3039,updated,2026-09-17,cve_2026_to_now,2026-09-17T12:23:48+00:00
CVE-2026-3508,updated,2026-09-17,cve_2026_to_now,2026-09-17T12:23:48+00:00
CVE-2026-3833,updated,2026-09-17,cve_2026_to_now,2026-09-17T12:23:48+00:00
CVE-2026-3855,updated,,cve_2026_to_now,2026-09-17T12:23:48+00:00
CVE-2026-4129,updated,2026-09-16,cve_2026_to_now,2026-09-17T12:23:48+00:00
CVE-2026-4130,updated,2026-09-16,cve_2026_to_now,2026-09-17T12:23:48+00:00
CVE-2026-4926,updated,2026-09-17,cve_2026_to_now,2026-09-17T12:23:48+00:00
CVE-2026-5920,updated,,cve_2026_to_now,2026-09-17T12:23:48+00:00
CVE-2026-5946,updated,2026-09-17,cve_2026_to_now,2026-09-17T12:23:48+00:00
CVE-2026-6244,updated,2026-09-17,cve_2026_to_now,2026-09-17T12:23:48+00:00
CVE-2026-6737,updated,2026-09-17,cve_2026_to_now,2026-09-17T12:23:48+00:00
CVE-2026-6893,updated,2026-09-17,cve_2026_to_now,2026-09-17T12:23:48+00:00
CVE-2026-7514,updated,,cve_2026_to_now,2026-09-17T12:23:48+00:00
CVE-2026-8030,updated,,cve_2026_to_now,2026-09-17T12:23:48+00:00
CVE-2026-8070,updated,2026-09-17,cve_2026_to_now,2026-09-17T12:23:48+00:00
CVE-2026-8462,updated,,cve_2026_to_now,2026-09-17T12:23:48+00:00
CVE-2026-8917,updated,2026-09-17,cve_2026_to_now,2026-09-17T12:23:48+00:00
CVE-2026-8918,updated,2026-09-17,cve_2026_to_now,2026-09-17T12:23:48+00:00
CVE-2026-8919,updated,2026-09-17,cve_2026_to_now,2026-09-17T12:23:48+00:00
CVE-2026-8921,updated,2026-09-17,cve_2026_to_now,2026-09-17T12:23:48+00:00
CVE-2026-10579,updated,2026-09-16,cve_2026_to_now,2026-09-17T12:23:48+00:00
CVE-2026-10805,updated,2026-09-17,cve_2026_to_now,2026-09-17T12:23:48+00:00
CVE-2026-11984,updated,,cve_2026_to_now,2026-09-17T12:23:48+00:00
CVE-2026-11996,updated,,cve_2026_to_now,2026-09-17T12:23:48+00:00
CVE-2026-12960,updated,2026-09-17,cve_2026_to_now,2026-09-17T12:23:48+00:00
CVE-2026-12962,updated,2026-09-17,cve_2026_to_now,2026-09-17T12:23:48+00:00
CVE-2026-13407,updated,,cve_2026_to_now,2026-09-17T12:23:48+00:00
CVE-2026-13585,updated,2026-09-17,cve_2026_to_now,2026-09-17T12:23:48+00:00
CVE-2026-14164,updated,2026-09-17,cve_2026_to_now,2026-09-17T12:23:48+00:00
CVE-2026-14275,updated,2026-09-17,cve_2026_to_now,2026-09-17T12:23:48+00:00
CVE-2026-14276,updated,2026-09-17,cve_2026_to_now,2026-09-17T12:23:48+00:00
CVE-2026-14277,updated,2026-09-17,cve_2026_to_now,2026-09-17T12:23:48+00:00
CVE-2026-14349,updated,,cve_2026_to_now,2026-09-17T12:23:48+00:00
CVE-2026-14916,updated,,cve_2026_to_now,2026-09-17T12:23:48+00:00
CVE-2026-14917,updated,,cve_2026_to_now,2026-09-17T12:23:48+00:00
CVE-2026-15029,updated,2026-09-17,cve_2026_to_now,2026-09-17T12:23:48+00:00
CVE-2026-15030,updated,2026-09-17,cve_2026_to_now,2026-09-17T12:23:48+00:00
CVE-2026-15310,updated,2026-09-17,cve_2026_to_now,2026-09-17T12:23:48+00:00
CVE-2026-15402,updated,2026-09-16,cve_2026_to_now,2026-09-17T12:23:48+00:00
CVE-2026-15609,updated,2026-09-16,cve_2026_to_now,2026-09-17T12:23:48+00:00
CVE-2026-15638,updated,2026-09-16,cve_2026_to_now,2026-09-17T12:23:48+00:00
CVE-2026-15639,updated,2026-09-16,cve_2026_to_now,2026-09-17T12:23:48+00:00
CVE-2026-15640,updated,2026-09-16,cve_2026_to_now,2026-09-17T12:23:48+00:00
CVE-2026-15688,added,,cve_2026_to_now,2026-09-17T12:23:48+00:00
CVE-2026-15709,updated,2026-09-16,cve_2026_to_now,2026-09-17T12:23:48+00:00
CVE-2026-15711,updated,2026-09-16,cve_2026_to_now,2026-09-17T12:23:48+00:00
CVE-2026-15809,updated,2026-09-17,cve_2026_to_now,2026-09-17T12:23:48+00:00
CVE-2026-15816,updated,2026-09-17,cve_2026_to_now,2026-09-17T12:23:48+00:00
CVE-2026-15945,updated,2026-09-16,cve_2026_to_now,2026-09-17T12:23:48+00:00
CVE-2026-16003,updated,2026-09-17,cve_2026_to_now,2026-09-17T12:23:48+00:00
CVE-2026-16004,updated,2026-09-17,cve_2026_to_now,2026-09-17T12:23:48+00:00
CVE-2026-16005,updated,2026-09-17,cve_2026_to_now,2026-09-17T12:23:48+00:00
CVE-2026-16006,updated,2026-09-17,cve_2026_to_now,2026-09-17T12:23:48+00:00
CVE-2026-16072,updated,2026-09-16,cve_2026_to_now,2026-09-17T12:23:48+00:00
CVE-2026-16089,updated,2026-09-16,cve_2026_to_now,2026-09-17T12:23:48+00:00
CVE-2026-16093,updated,2026-09-16,cve_2026_to_now,2026-09-17T12:23:48+00:00
CVE-2026-16104,updated,2026-09-16,cve_2026_to_now,2026-09-17T12:23:48+00:00
CVE-2026-16105,updated,2026-09-16,cve_2026_to_now,2026-09-17T12:23:48+00:00
CVE-2026-16106,updated,2026-09-16,cve_2026_to_now,2026-09-17T12:23:48+00:00
CVE-2026-16108,updated,2026-09-16,cve_2026_to_now,2026-09-17T12:23:48+00:00
CVE-2026-16313,updated,2026-09-17,cve_2026_to_now,2026-09-17T12:23:48+00:00
CVE-2026-16794,updated,,cve_2026_to_now,2026-09-17T12:23:48+00:00
CVE-2026-17059,updated,2026-09-16,cve_2026_to_now,2026-09-17T12:23:48+00:00
CVE-2026-17526,added,,cve_2026_to_now,2026-09-17T12:23:48+00:00
CVE-2026-17615,updated,2026-09-16,cve_2026_to_now,2026-09-17T12:23:48+00:00
CVE-2026-18023,updated,2026-09-17,cve_2026_to_now,2026-09-17T12:23:48+00:00
CVE-2026-18120,added,,cve_2026_to_now,2026-09-17T12:23:48+00:00
CVE-2026-18201,updated,2026-09-16,cve_2026_to_now,2026-09-17T12:23:48+00:00
CVE-2026-18209,updated,2026-09-16,cve_2026_to_now,2026-09-17T12:23:48+00:00
CVE-2026-18212,added,,cve_2026_to_now,2026-09-17T12:23:48+00:00
CVE-2026-18214,updated,2026-09-16,cve_2026_to_now,2026-09-17T12:23:48+00:00
CVE-2026-18215,updated,2026-09-16,cve_2026_to_now,2026-09-17T12:23:48+00:00
CVE-2026-18218,updated,2026-09-16,cve_2026_to_now,2026-09-17T12:23:48+00:00
CVE-2026-18426,updated,2026-09-16,cve_2026_to_now,2026-09-17T12:23:48+00:00
CVE-2026-18570,updated,2026-09-16,cve_2026_to_now,2026-09-17T12:23:48+00:00
CVE-2026-18571,updated,2026-09-16,cve_2026_to_now,2026-09-17T12:23:48+00:00
CVE-2026-18572,updated,2026-09-16,cve_2026_to_now,2026-09-17T12:23:48+00:00
CVE-2026-18573,updated,2026-09-16,cve_2026_to_now,2026-09-17T12:23:48+00:00
CVE-2026-18595,updated,,cve_2026_to_now,2026-09-17T12:23:48+00:00
CVE-2026-18917,updated,2026-09-17,cve_2026_to_now,2026-09-17T12:23:48+00:00
CVE-2026-19033,added,,cve_2026_to_now,2026-09-17T12:23:48+00:00
CVE-2026-19248,updated,,cve_2026_to_now,2026-09-17T12:23:48+00:00
CVE-2026-19397,updated,2026-09-17,cve_2026_to_now,2026-09-17T12:23:48+00:00
CVE-2026-19407,updated,2026-09-17,cve_2026_to_now,2026-09-17T12:23:48+00:00
CVE-2026-19535,added,,cve_2026_to_now,2026-09-17T12:23:48+00:00
CVE-2026-19607,added,,cve_2026_to_now,2026-09-17T12:23:48+00:00
CVE-2026-19619,updated,,cve_2026_to_now,2026-09-17T12:23:48+00:00
CVE-2026-19640,updated,,cve_2026_to_now,2026-09-17T12:23:48+00:00
CVE-2026-19655,updated,2026-09-16,cve_2026_to_now,2026-09-17T12:23:48+00:00
CVE-2026-19662,added,,cve_2026_to_now,2026-09-17T12:23:48+00:00
CVE-2026-19666,added,,cve_2026_to_now,2026-09-17T12:23:48+00:00
CVE-2026-19667,added,,cve_2026_to_now,2026-09-17T12:23:48+00:00
CVE-2026-19668,added,,cve_2026_to_now,2026-09-17T12:23:48+00:00
CVE-2026-19729,updated,2026-09-16,cve_2026_to_now,2026-09-17T12:23:48+00:00
CVE-2026-19857,updated,,cve_2026_to_now,2026-09-17T12:23:48+00:00
CVE-2026-19941,added,,cve_2026_to_now,2026-09-17T12:23:48+00:00
CVE-2026-20071,added,,cve_2026_to_now,2026-09-17T12:23:48+00:00
CVE-2026-20072,added,,cve_2026_to_now,2026-09-17T12:23:48+00:00
CVE-2026-20079,updated,2026-09-16,cve_2026_to_now,2026-09-17T12:23:48+00:00
CVE-2026-20120,added,,cve_2026_to_now,2026-09-17T12:23:48+00:00
CVE-2026-20121,added,,cve_2026_to_now,2026-09-17T12:23:48+00:00
CVE-2026-20130,added,,cve_2026_to_now,2026-09-17T12:23:48+00:00
CVE-2026-20135,added,,cve_2026_to_now,2026-09-17T12:23:48+00:00
CVE-2026-20154,added,,cve_2026_to_now,2026-09-17T12:23:48+00:00
CVE-2026-20176,added,2026-09-17,cve_2026_to_now,2026-09-17T12:23:48+00:00
CVE-2026-20192,added,,cve_2026_to_now,2026-09-17T12:23:48+00:00
CVE-2026-20194,added,,cve_2026_to_now,2026-09-17T12:23:48+00:00
CVE-2026-20211,added,2026-09-17,cve_2026_to_now,2026-09-17T12:23:48+00:00
CVE-2026-20222,added,,cve_2026_to_now,2026-09-17T12:23:48+00:00
CVE-2026-20234,added,2026-09-17,cve_2026_to_now,2026-09-17T12:23:48+00:00
CVE-2026-20235,added,,cve_2026_to_now,2026-09-17T12:23:48+00:00
CVE-2026-20237,added,,cve_2026_to_now,2026-09-17T12:23:48+00:00
CVE-2026-20242,added,,cve_2026_to_now,2026-09-17T12:23:48+00:00
CVE-2026-20247,added,,cve_2026_to_now,2026-09-17T12:23:48+00:00
CVE-2026-20248,added,,cve_2026_to_now,2026-09-17T12:23:48+00:00
CVE-2026-20249,added,,cve_2026_to_now,2026-09-17T12:23:48+00:00
CVE-2026-20250,added,,cve_2026_to_now,2026-09-17T12:23:48+00:00
CVE-2026-20282,added,,cve_2026_to_now,2026-09-17T12:23:48+00:00
CVE-2026-20283,added,2026-09-17,cve_2026_to_now,2026-09-17T12:23:48+00:00
CVE-2026-20284,added,2026-09-17,cve_2026_to_now,2026-09-17T12:23:48+00:00
CVE-2026-20285,added,,cve_2026_to_now,2026-09-17T12:23:48+00:00
CVE-2026-20286,added,,cve_2026_to_now,2026-09-17T12:23:48+00:00
CVE-2026-20287,added,2026-09-17,cve_2026_to_now,2026-09-17T12:23:48+00:00
CVE-2026-20290,added,,cve_2026_to_now,2026-09-17T12:23:48+00:00
CVE-2026-20295,added,,cve_2026_to_now,2026-09-17T12:23:48+00:00
CVE-2026-20300,added,,cve_2026_to_now,2026-09-17T12:23:48+00:00
CVE-2026-20305,added,2026-09-17,cve_2026_to_now,2026-09-17T12:23:48+00:00
CVE-2026-20306,added,2026-09-17,cve_2026_to_now,2026-09-17T12:23:48+00:00
CVE-2026-20307,added,2026-09-17,cve_2026_to_now,2026-09-17T12:23:48+00:00
CVE-2026-20309,added,,cve_2026_to_now,2026-09-17T12:23:48+00:00
CVE-2026-20316,updated,2026-09-16,cve_2026_to_now,2026-09-17T12:23:48+00:00
CVE-2026-20322,added,,cve_2026_to_now,2026-09-17T12:23:48+00:00
CVE-2026-20323,added,2026-09-17,cve_2026_to_now,2026-09-17T12:23:48+00:00
CVE-2026-20324,added,,cve_2026_to_now,2026-09-17T12:23:48+00:00
CVE-2026-20325,added,,cve_2026_to_now,2026-09-17T12:23:48+00:00
CVE-2026-20326,added,,cve_2026_to_now,2026-09-17T12:23:48+00:00
CVE-2026-20329,added,,cve_2026_to_now,2026-09-17T12:23:48+00:00
CVE-2026-20330,added,,cve_2026_to_now,2026-09-17T12:23:48+00:00
CVE-2026-20331,added,2026-09-17,cve_2026_to_now,2026-09-17T12:23:48+00:00
CVE-2026-20332,added,2026-09-17,cve_2026_to_now,2026-09-17T12:23:48+00:00
CVE-2026-20333,added,2026-09-17,cve_2026_to_now,2026-09-17T12:23:48+00:00
CVE-2026-20334,added,2026-09-17,cve_2026_to_now,2026-09-17T12:23:48+00:00
CVE-2026-20335,added,,cve_2026_to_now,2026-09-17T12:23:48+00:00
CVE-2026-20336,added,,cve_2026_to_now,2026-09-17T12:23:48+00:00
CVE-2026-20340,added,,cve_2026_to_now,2026-09-17T12:23:48+00:00
CVE-2026-20341,added,,cve_2026_to_now,2026-09-17T12:23:48+00:00
CVE-2026-20342,added,,cve_2026_to_now,2026-09-17T12:23:48+00:00
CVE-2026-20343,added,,cve_2026_to_now,2026-09-17T12:23:48+00:00
CVE-2026-20344,added,,cve_2026_to_now,2026-09-17T12:23:48+00:00
CVE-2026-20349,updated,2026-09-16,cve_2026_to_now,2026-09-17T12:23:48+00:00
CVE-2026-20350,added,,cve_2026_to_now,2026-09-17T12:23:48+00:00
CVE-2026-20352,added,,cve_2026_to_now,2026-09-17T12:23:48+00:00
CVE-2026-20360,added,,cve_2026_to_now,2026-09-17T12:23:48+00:00
CVE-2026-20361,added,,cve_2026_to_now,2026-09-17T12:23:48+00:00
CVE-2026-20683,updated,2026-09-16,cve_2026_to_now,2026-09-17T12:23:48+00:00
CVE-2026-21441,updated,2026-09-17,cve_2026_to_now,2026-09-17T12:23:48+00:00
CVE-2026-21586,updated,2026-09-17,cve_2026_to_now,2026-09-17T12:23:48+00:00
CVE-2026-21587,updated,2026-09-17,cve_2026_to_now,2026-09-17T12:23:48+00:00
CVE-2026-23074,updated,2026-09-17,cve_2026_to_now,2026-09-17T12:23:48+00:00
CVE-2026-23490,updated,2026-09-17,cve_2026_to_now,2026-09-17T12:23:48+00:00
CVE-2026-23789,updated,2026-09-16,cve_2026_to_now,2026-09-17T12:23:48+00:00
CVE-2026-23939,updated,2026-09-16,cve_2026_to_now,2026-09-17T12:23:48+00:00
CVE-2026-24073,added,,cve_2026_to_now,2026-09-17T12:23:48+00:00
CVE-2026-24074,added,,cve_2026_to_now,2026-09-17T12:23:48+00:00
CVE-2026-24075,added,,cve_2026_to_now,2026-09-17T12:23:48+00:00
CVE-2026-24081,added,,cve_2026_to_now,2026-09-17T12:23:48+00:00
CVE-2026-24301,updated,2026-09-16,cve_2026_to_now,2026-09-17T12:23:48+00:00
CVE-2026-25261,added,,cve_2026_to_now,2026-09-17T12:23:48+00:00
CVE-2026-25275,added,,cve_2026_to_now,2026-09-17T12:23:48+00:00
CVE-2026-25278,added,,cve_2026_to_now,2026-09-17T12:23:48+00:00
CVE-2026-25280,added,,cve_2026_to_now,2026-09-17T12:23:48+00:00
CVE-2026-25281,added,,cve_2026_to_now,2026-09-17T12:23:48+00:00
CVE-2026-25282,added,,cve_2026_to_now,2026-09-17T12:23:48+00:00
CVE-2026-25283,added,,cve_2026_to_now,2026-09-17T12:23:48+00:00
CVE-2026-25284,added,,cve_2026_to_now,2026-09-17T12:23:48+00:00
CVE-2026-25290,added,,cve_2026_to_now,2026-09-17T12:23:48+00:00
CVE-2026-25294,added,,cve_2026_to_now,2026-09-17T12:23:48+00:00
CVE-2026-25550,updated,2026-09-16,cve_2026_to_now,2026-09-17T12:23:48+00:00
CVE-2026-25679,updated,2026-09-17,cve_2026_to_now,2026-09-17T12:23:48+00:00
CVE-2026-25827,updated,2026-09-16,cve_2026_to_now,2026-09-17T12:23:48+00:00
CVE-2026-26947,added,,cve_2026_to_now,2026-09-17T12:23:48+00:00
CVE-2026-27137,updated,2026-09-17,cve_2026_to_now,2026-09-17T12:23:48+00:00
CVE-2026-27145,updated,2026-09-17,cve_2026_to_now,2026-09-17T12:23:48+00:00
CVE-2026-27238,updated,2026-09-16,cve_2026_to_now,2026-09-17T12:23:48+00:00
CVE-2026-27546,updated,,cve_2026_to_now,2026-09-17T12:23:48+00:00
CVE-2026-27547,updated,,cve_2026_to_now,2026-09-17T12:23:48+00:00
CVE-2026-27549,updated,,cve_2026_to_now,2026-09-17T12:23:48+00:00
CVE-2026-27550,updated,,cve_2026_to_now,2026-09-17T12:23:48+00:00
CVE-2026-27551,updated,,cve_2026_to_now,2026-09-17T12:23:48+00:00
CVE-2026-27552,updated,,cve_2026_to_now,2026-09-17T12:23:48+00:00
CVE-2026-27554,updated,,cve_2026_to_now,2026-09-17T12:23:48+00:00
CVE-2026-27555,updated,,cve_2026_to_now,2026-09-17T12:23:48+00:00
CVE-2026-27556,updated,,cve_2026_to_now,2026-09-17T12:23:48+00:00
CVE-2026-27557,updated,,cve_2026_to_now,2026-09-17T12:23:48+00:00
CVE-2026-27559,updated,,cve_2026_to_now,2026-09-17T12:23:48+00:00
CVE-2026-27560,updated,,cve_2026_to_now,2026-09-17T12:23:48+00:00
CVE-2026-27561,updated,,cve_2026_to_now,2026-09-17T12:23:48+00:00
CVE-2026-27562,updated,,cve_2026_to_now,2026-09-17T12:23:48+00:00
CVE-2026-27564,updated,,cve_2026_to_now,2026-09-17T12:23:48+00:00
CVE-2026-27565,updated,,cve_2026_to_now,2026-09-17T12:23:48+00:00
CVE-2026-28899,updated,2026-09-16,cve_2026_to_now,2026-09-17T12:23:48+00:00
CVE-2026-28935,updated,2026-09-16,cve_2026_to_now,2026-09-17T12:23:48+00:00
CVE-2026-28938,updated,2026-09-16,cve_2026_to_now,2026-09-17T12:23:48+00:00
CVE-2026-29181,updated,2026-09-17,cve_2026_to_now,2026-09-17T12:23:48+00:00
CVE-2026-30922,updated,2026-09-17,cve_2026_to_now,2026-09-17T12:23:48+00:00
CVE-2026-31153,updated,2026-09-16,cve_2026_to_now,2026-09-17T12:23:48+00:00
CVE-2026-31278,updated,2026-09-16,cve_2026_to_now,2026-09-17T12:23:48+00:00
CVE-2026-31663,updated,2026-09-17,cve_2026_to_now,2026-09-17T12:23:48+00:00
CVE-2026-32280,updated,2026-09-17,cve_2026_to_now,2026-09-17T12:23:48+00:00
CVE-2026-32283,updated,2026-09-17,cve_2026_to_now,2026-09-17T12:23:48+00:00
CVE-2026-32599,updated,2026-09-16,cve_2026_to_now,2026-09-17T12:23:48+00:00
CVE-2026-32665,updated,2026-09-16,cve_2026_to_now,2026-09-17T12:23:48+00:00
CVE-2026-32829,updated,2026-09-17,cve_2026_to_now,2026-09-17T12:23:48+00:00
CVE-2026-33186,updated,2026-09-17,cve_2026_to_now,2026-09-17T12:23:48+00:00
CVE-2026-33810,updated,2026-09-17,cve_2026_to_now,2026-09-17T12:23:48+00:00
CVE-2026-33814,updated,2026-09-17,cve_2026_to_now,2026-09-17T12:23:48+00:00
CVE-2026-33815,updated,2026-09-17,cve_2026_to_now,2026-09-17T12:23:48+00:00
CVE-2026-33963,updated,2026-09-16,cve_2026_to_now,2026-09-17T12:23:48+00:00
CVE-2026-33970,updated,2026-09-16,cve_2026_to_now,2026-09-17T12:23:48+00:00
CVE-2026-34986,updated,2026-09-17,cve_2026_to_now,2026-09-17T12:23:48+00:00
CVE-2026-34993,updated,2026-09-17,cve_2026_to_now,2026-09-17T12:23:48+00:00
CVE-2026-37152,updated,2026-09-16,cve_2026_to_now,2026-09-17T12:23:48+00:00
CVE-2026-38999,added,,cve_2026_to_now,2026-09-17T12:23:48+00:00
CVE-2026-39038,updated,2026-09-16,cve_2026_to_now,2026-09-17T12:23:48+00:00
CVE-2026-39820,updated,2026-09-17,cve_2026_to_now,2026-09-17T12:23:48+00:00
CVE-2026-39821,updated,2026-09-17,cve_2026_to_now,2026-09-17T12:23:48+00:00
CVE-2026-39828,updated,2026-09-17,cve_2026_to_now,2026-09-17T12:23:48+00:00
CVE-2026-39829,updated,2026-09-17,cve_2026_to_now,2026-09-17T12:23:48+00:00
CVE-2026-39830,updated,2026-09-17,cve_2026_to_now,2026-09-17T12:23:48+00:00
CVE-2026-39835,updated,2026-09-17,cve_2026_to_now,2026-09-17T12:23:48+00:00
CVE-2026-40375,updated,2026-09-16,cve_2026_to_now,2026-09-17T12:23:48+00:00
CVE-2026-40854,updated,,cve_2026_to_now,2026-09-17T12:23:48+00:00
CVE-2026-40855,updated,,cve_2026_to_now,2026-09-17T12:23:48+00:00
CVE-2026-40856,updated,,cve_2026_to_now,2026-09-17T12:23:48+00:00
CVE-2026-40857,updated,,cve_2026_to_now,2026-09-17T12:23:48+00:00
CVE-2026-42499,updated,2026-09-17,cve_2026_to_now,2026-09-17T12:23:48+00:00
CVE-2026-42578,updated,2026-09-17,cve_2026_to_now,2026-09-17T12:23:48+00:00
CVE-2026-42579,updated,2026-09-17,cve_2026_to_now,2026-09-17T12:23:48+00:00
CVE-2026-42581,updated,2026-09-17,cve_2026_to_now,2026-09-17T12:23:48+00:00
CVE-2026-42584,updated,2026-09-17,cve_2026_to_now,2026-09-17T12:23:48+00:00
CVE-2026-42587,updated,2026-09-17,cve_2026_to_now,2026-09-17T12:23:48+00:00
CVE-2026-42784,added,,cve_2026_to_now,2026-09-17T12:23:48+00:00
CVE-2026-42976,updated,2026-09-16,cve_2026_to_now,2026-09-17T12:23:48+00:00
CVE-2026-43112,updated,2026-09-17,cve_2026_to_now,2026-09-17T12:23:48+00:00
CVE-2026-43114,updated,2026-09-17,cve_2026_to_now,2026-09-17T12:23:48+00:00
CVE-2026-43688,updated,2026-09-16,cve_2026_to_now,2026-09-17T12:23:48+00:00
CVE-2026-43702,updated,2026-09-16,cve_2026_to_now,2026-09-17T12:23:48+00:00
CVE-2026-43762,updated,2026-09-16,cve_2026_to_now,2026-09-17T12:23:48+00:00
CVE-2026-43971,updated,2026-09-16,cve_2026_to_now,2026-09-17T12:23:48+00:00
CVE-2026-44163,updated,2026-09-16,cve_2026_to_now,2026-09-17T12:23:48+00:00
CVE-2026-44172,updated,2026-09-17,cve_2026_to_now,2026-09-17T12:23:48+00:00
CVE-2026-44249,updated,2026-09-17,cve_2026_to_now,2026-09-17T12:23:48+00:00
CVE-2026-44940,added,,cve_2026_to_now,2026-09-17T12:23:48+00:00
CVE-2026-45052,updated,2026-09-16,cve_2026_to_now,2026-09-17T12:23:48+00:00
CVE-2026-45292,updated,2026-09-17,cve_2026_to_now,2026-09-17T12:23:48+00:00
CVE-2026-45416,updated,2026-09-17,cve_2026_to_now,2026-09-17T12:23:48+00:00
CVE-2026-45674,updated,2026-09-17,cve_2026_to_now,2026-09-17T12:23:48+00:00
CVE-2026-45794,updated,2026-09-16,cve_2026_to_now,2026-09-17T12:23:48+00:00
CVE-2026-46352,added,,cve_2026_to_now,2026-09-17T12:23:48+00:00
CVE-2026-47094,added,,cve_2026_to_now,2026-09-17T12:23:48+00:00
CVE-2026-47162,updated,2026-09-17,cve_2026_to_now,2026-09-17T12:23:48+00:00
CVE-2026-47285,updated,2026-09-16,cve_2026_to_now,2026-09-17T12:23:48+00:00
CVE-2026-47297,updated,2026-09-16,cve_2026_to_now,2026-09-17T12:23:48+00:00
CVE-2026-47299,updated,2026-09-16,cve_2026_to_now,2026-09-17T12:23:48+00:00
CVE-2026-47691,updated,2026-09-17,cve_2026_to_now,2026-09-17T12:23:48+00:00
CVE-2026-48737,updated,2026-09-16,cve_2026_to_now,2026-09-17T12:23:48+00:00
CVE-2026-48828,updated,2026-09-16,cve_2026_to_now,2026-09-17T12:23:48+00:00
CVE-2026-48891,updated,2026-09-16,cve_2026_to_now,2026-09-17T12:23:48+00:00
CVE-2026-48892,updated,2026-09-16,cve_2026_to_now,2026-09-17T12:23:48+00:00
CVE-2026-49163,updated,2026-09-16,cve_2026_to_now,2026-09-17T12:23:48+00:00
CVE-2026-49179,updated,2026-09-16,cve_2026_to_now,2026-09-17T12:23:48+00:00
CVE-2026-49296,updated,2026-09-16,cve_2026_to_now,2026-09-17T12:23:48+00:00
CVE-2026-49400,updated,2026-09-16,cve_2026_to_now,2026-09-17T12:23:48+00:00
CVE-2026-49486,updated,2026-09-16,cve_2026_to_now,2026-09-17T12:23:48+00:00
CVE-2026-49487,updated,2026-09-16,cve_2026_to_now,2026-09-17T12:23:48+00:00
CVE-2026-49759,updated,2026-09-17,cve_2026_to_now,2026-09-17T12:23:48+00:00
CVE-2026-50010,updated,2026-09-17,cve_2026_to_now,2026-09-17T12:23:48+00:00
CVE-2026-50024,updated,2026-09-16,cve_2026_to_now,2026-09-17T12:23:48+00:00
CVE-2026-50166,updated,2026-09-16,cve_2026_to_now,2026-09-17T12:23:48+00:00
CVE-2026-50349,updated,2026-09-16,cve_2026_to_now,2026-09-17T12:23:48+00:00
CVE-2026-50472,updated,2026-09-16,cve_2026_to_now,2026-09-17T12:23:48+00:00
CVE-2026-50481,updated,2026-09-16,cve_2026_to_now,2026-09-17T12:23:48+00:00
CVE-2026-50515,updated,2026-09-16,cve_2026_to_now,2026-09-17T12:23:48+00:00
CVE-2026-50516,updated,2026-09-16,cve_2026_to_now,2026-09-17T12:23:48+00:00
CVE-2026-50523,updated,2026-09-16,cve_2026_to_now,2026-09-17T12:23:48+00:00
CVE-2026-50603,added,,cve_2026_to_now,2026-09-17T12:23:48+00:00
CVE-2026-50604,added,,cve_2026_to_now,2026-09-17T12:23:48+00:00
CVE-2026-50605,added,,cve_2026_to_now,2026-09-17T12:23:48+00:00
CVE-2026-50606,added,,cve_2026_to_now,2026-09-17T12:23:48+00:00
CVE-2026-50607,added,,cve_2026_to_now,2026-09-17T12:23:48+00:00
CVE-2026-50608,added,,cve_2026_to_now,2026-09-17T12:23:48+00:00
CVE-2026-50609,added,,cve_2026_to_now,2026-09-17T12:23:48+00:00
CVE-2026-50610,added,,cve_2026_to_now,2026-09-17T12:23:48+00:00
CVE-2026-51134,updated,2026-09-16,cve_2026_to_now,2026-09-17T12:23:48+00:00
CVE-2026-51990,added,,cve_2026_to_now,2026-09-17T12:23:48+00:00
CVE-2026-52824,updated,2026-09-16,cve_2026_to_now,2026-09-17T12:23:48+00:00
CVE-2026-52827,updated,2026-09-16,cve_2026_to_now,2026-09-17T12:23:48+00:00
CVE-2026-52860,updated,2026-09-17,cve_2026_to_now,2026-09-17T12:23:48+00:00
CVE-2026-53000,updated,2026-09-17,cve_2026_to_now,2026-09-17T12:23:48+00:00
CVE-2026-53176,updated,2026-09-17,cve_2026_to_now,2026-09-17T12:23:48+00:00
CVE-2026-53658,updated,2026-09-16,cve_2026_to_now,2026-09-17T12:23:48+00:00
CVE-2026-53713,updated,2026-09-16,cve_2026_to_now,2026-09-17T12:23:48+00:00
CVE-2026-53716,updated,2026-09-16,cve_2026_to_now,2026-09-17T12:23:48+00:00
CVE-2026-53719,updated,2026-09-16,cve_2026_to_now,2026-09-17T12:23:48+00:00
CVE-2026-53752,updated,2026-09-16,cve_2026_to_now,2026-09-17T12:23:48+00:00
CVE-2026-53941,updated,2026-09-16,cve_2026_to_now,2026-09-17T12:23:48+00:00
CVE-2026-54113,updated,2026-09-16,cve_2026_to_now,2026-09-17T12:23:48+00:00
CVE-2026-54123,updated,2026-09-16,cve_2026_to_now,2026-09-17T12:23:48+00:00
CVE-2026-54177,updated,2026-09-16,cve_2026_to_now,2026-09-17T12:23:48+00:00
CVE-2026-54178,updated,2026-09-16,cve_2026_to_now,2026-09-17T12:23:48+00:00
CVE-2026-54183,updated,2026-09-16,cve_2026_to_now,2026-09-17T12:23:48+00:00
CVE-2026-54247,updated,2026-09-16,cve_2026_to_now,2026-09-17T12:23:48+00:00
CVE-2026-54254,updated,2026-09-16,cve_2026_to_now,2026-09-17T12:23:48+00:00
CVE-2026-54334,updated,2026-09-16,cve_2026_to_now,2026-09-17T12:23:48+00:00
CVE-2026-54337,updated,2026-09-16,cve_2026_to_now,2026-09-17T12:23:48+00:00
CVE-2026-54452,updated,2026-09-16,cve_2026_to_now,2026-09-17T12:23:48+00:00
CVE-2026-54541,updated,2026-09-16,cve_2026_to_now,2026-09-17T12:23:48+00:00
CVE-2026-54544,updated,2026-09-16,cve_2026_to_now,2026-09-17T12:23:48+00:00
CVE-2026-54549,updated,2026-09-16,cve_2026_to_now,2026-09-17T12:23:48+00:00
CVE-2026-54567,updated,2026-09-16,cve_2026_to_now,2026-09-17T12:23:48+00:00
CVE-2026-54628,updated,2026-09-16,cve_2026_to_now,2026-09-17T12:23:48+00:00
CVE-2026-54637,updated,2026-09-16,cve_2026_to_now,2026-09-17T12:23:48+00:00
CVE-2026-54981,updated,2026-09-16,cve_2026_to_now,2026-09-17T12:23:48+00:00
CVE-2026-54984,updated,2026-09-16,cve_2026_to_now,2026-09-17T12:23:48+00:00
CVE-2026-55007,updated,2026-09-16,cve_2026_to_now,2026-09-17T12:23:48+00:00
CVE-2026-55013,updated,2026-09-16,cve_2026_to_now,2026-09-17T12:23:48+00:00
CVE-2026-55015,updated,2026-09-16,cve_2026_to_now,2026-09-17T12:23:48+00:00
CVE-2026-55073,updated,2026-09-16,cve_2026_to_now,2026-09-17T12:23:48+00:00
CVE-2026-55226,updated,2026-09-16,cve_2026_to_now,2026-09-17T12:23:48+00:00
CVE-2026-55235,updated,2026-09-16,cve_2026_to_now,2026-09-17T12:23:48+00:00
CVE-2026-55244,updated,2026-09-16,cve_2026_to_now,2026-09-17T12:23:48+00:00
CVE-2026-55301,updated,2026-09-16,cve_2026_to_now,2026-09-17T12:23:48+00:00
CVE-2026-55302,updated,2026-09-16,cve_2026_to_now,2026-09-17T12:23:48+00:00
CVE-2026-55304,updated,2026-09-17,cve_2026_to_now,2026-09-17T12:23:48+00:00
CVE-2026-55306,updated,2026-09-16,cve_2026_to_now,2026-09-17T12:23:48+00:00
CVE-2026-55359,updated,2026-09-17,cve_2026_to_now,2026-09-17T12:23:48+00:00
CVE-2026-55366,updated,2026-09-17,cve_2026_to_now,2026-09-17T12:23:48+00:00
CVE-2026-55691,updated,2026-09-16,cve_2026_to_now,2026-09-17T12:23:48+00:00
CVE-2026-55770,updated,2026-09-17,cve_2026_to_now,2026-09-17T12:23:48+00:00
CVE-2026-55837,updated,2026-09-16,cve_2026_to_now,2026-09-17T12:23:48+00:00
CVE-2026-55846,updated,2026-09-16,cve_2026_to_now,2026-09-17T12:23:48+00:00
CVE-2026-55863,updated,2026-09-16,cve_2026_to_now,2026-09-17T12:23:48+00:00
CVE-2026-55864,updated,2026-09-16,cve_2026_to_now,2026-09-17T12:23:48+00:00
CVE-2026-55991,updated,2026-09-16,cve_2026_to_now,2026-09-17T12:23:48+00:00
CVE-2026-56092,updated,2026-09-17,cve_2026_to_now,2026-09-17T12:23:48+00:00
CVE-2026-56093,updated,2026-09-17,cve_2026_to_now,2026-09-17T12:23:48+00:00
CVE-2026-56094,updated,2026-09-17,cve_2026_to_now,2026-09-17T12:23:48+00:00
CVE-2026-56095,updated,2026-09-17,cve_2026_to_now,2026-09-17T12:23:48+00:00
CVE-2026-56096,updated,2026-09-17,cve_2026_to_now,2026-09-17T12:23:48+00:00
CVE-2026-56161,updated,2026-09-16,cve_2026_to_now,2026-09-17T12:23:48+00:00
CVE-2026-56162,updated,2026-09-16,cve_2026_to_now,2026-09-17T12:23:48+00:00
CVE-2026-56172,updated,2026-09-16,cve_2026_to_now,2026-09-17T12:23:48+00:00
CVE-2026-56174,updated,2026-09-16,cve_2026_to_now,2026-09-17T12:23:48+00:00
CVE-2026-56177,updated,2026-09-16,cve_2026_to_now,2026-09-17T12:23:48+00:00
CVE-2026-56179,updated,2026-09-16,cve_2026_to_now,2026-09-17T12:23:48+00:00
CVE-2026-56198,updated,2026-09-16,cve_2026_to_now,2026-09-17T12:23:48+00:00
CVE-2026-56719,added,,cve_2026_to_now,2026-09-17T12:23:48+00:00
CVE-2026-56825,updated,2026-09-16,cve_2026_to_now,2026-09-17T12:23:48+00:00
CVE-2026-56831,updated,2026-09-16,cve_2026_to_now,2026-09-17T12:23:48+00:00
CVE-2026-56881,updated,2026-09-17,cve_2026_to_now,2026-09-17T12:23:48+00:00
CVE-2026-56888,updated,2026-09-16,cve_2026_to_now,2026-09-17T12:23:48+00:00
CVE-2026-56889,updated,2026-09-17,cve_2026_to_now,2026-09-17T12:23:48+00:00
CVE-2026-56892,updated,2026-09-16,cve_2026_to_now,2026-09-17T12:23:48+00:00
CVE-2026-56907,updated,2026-09-17,cve_2026_to_now,2026-09-17T12:23:48+00:00
CVE-2026-56914,updated,2026-09-17,cve_2026_to_now,2026-09-17T12:23:48+00:00
CVE-2026-56932,updated,2026-09-17,cve_2026_to_now,2026-09-17T12:23:48+00:00
CVE-2026-56941,updated,2026-09-17,cve_2026_to_now,2026-09-17T12:23:48+00:00
CVE-2026-56958,updated,2026-09-16,cve_2026_to_now,2026-09-17T12:23:48+00:00
CVE-2026-56960,updated,2026-09-17,cve_2026_to_now,2026-09-17T12:23:48+00:00
CVE-2026-56970,updated,2026-09-17,cve_2026_to_now,2026-09-17T12:23:48+00:00
CVE-2026-56973,updated,2026-09-17,cve_2026_to_now,2026-09-17T12:23:48+00:00
CVE-2026-56975,updated,2026-09-16,cve_2026_to_now,2026-09-17T12:23:48+00:00
CVE-2026-56978,updated,2026-09-17,cve_2026_to_now,2026-09-17T12:23:48+00:00
CVE-2026-56979,updated,2026-09-17,cve_2026_to_now,2026-09-17T12:23:48+00:00
CVE-2026-56982,updated,2026-09-17,cve_2026_to_now,2026-09-17T12:23:48+00:00
CVE-2026-56985,updated,2026-09-17,cve_2026_to_now,2026-09-17T12:23:48+00:00
CVE-2026-56986,updated,2026-09-17,cve_2026_to_now,2026-09-17T12:23:48+00:00
CVE-2026-57008,updated,2026-09-16,cve_2026_to_now,2026-09-17T12:23:48+00:00
CVE-2026-57012,updated,2026-09-17,cve_2026_to_now,2026-09-17T12:23:48+00:00
CVE-2026-57042,updated,2026-09-17,cve_2026_to_now,2026-09-17T12:23:48+00:00
CVE-2026-57098,updated,2026-09-16,cve_2026_to_now,2026-09-17T12:23:48+00:00
CVE-2026-57099,updated,2026-09-16,cve_2026_to_now,2026-09-17T12:23:48+00:00
CVE-2026-57104,updated,2026-09-16,cve_2026_to_now,2026-09-17T12:23:48+00:00
CVE-2026-57105,updated,2026-09-16,cve_2026_to_now,2026-09-17T12:23:48+00:00
CVE-2026-57112,updated,2026-09-16,cve_2026_to_now,2026-09-17T12:23:48+00:00
CVE-2026-57119,updated,2026-09-16,cve_2026_to_now,2026-09-17T12:23:48+00:00
CVE-2026-57120,updated,2026-09-16,cve_2026_to_now,2026-09-17T12:23:48+00:00
CVE-2026-57132,updated,2026-09-16,cve_2026_to_now,2026-09-17T12:23:48+00:00
CVE-2026-57133,updated,2026-09-16,cve_2026_to_now,2026-09-17T12:23:48+00:00
CVE-2026-57148,updated,2026-09-16,cve_2026_to_now,2026-09-17T12:23:48+00:00
CVE-2026-57173,added,,cve_2026_to_now,2026-09-17T12:23:48+00:00
CVE-2026-57442,updated,2026-09-16,cve_2026_to_now,2026-09-17T12:23:48+00:00
CVE-2026-57581,updated,2026-09-16,cve_2026_to_now,2026-09-17T12:23:48+00:00
CVE-2026-58065,updated,2026-09-16,cve_2026_to_now,2026-09-17T12:23:48+00:00
CVE-2026-58076,updated,2026-09-16,cve_2026_to_now,2026-09-17T12:23:48+00:00
CVE-2026-58146,updated,,cve_2026_to_now,2026-09-17T12:23:48+00:00
CVE-2026-58147,updated,,cve_2026_to_now,2026-09-17T12:23:48+00:00
CVE-2026-58599,updated,2026-09-16,cve_2026_to_now,2026-09-17T12:23:48+00:00
CVE-2026-58600,updated,2026-09-16,cve_2026_to_now,2026-09-17T12:23:48+00:00
CVE-2026-58611,updated,2026-09-16,cve_2026_to_now,2026-09-17T12:23:48+00:00
CVE-2026-58612,updated,2026-09-16,cve_2026_to_now,2026-09-17T12:23:48+00:00
CVE-2026-58616,updated,2026-09-16,cve_2026_to_now,2026-09-17T12:23:48+00:00
CVE-2026-58639,updated,2026-09-16,cve_2026_to_now,2026-09-17T12:23:48+00:00
CVE-2026-58641,updated,2026-09-16,cve_2026_to_now,2026-09-17T12:23:48+00:00
CVE-2026-58649,updated,2026-09-16,cve_2026_to_now,2026-09-17T12:23:48+00:00
CVE-2026-58650,updated,2026-09-16,cve_2026_to_now,2026-09-17T12:23:48+00:00
CVE-2026-58651,updated,2026-09-16,cve_2026_to_now,2026-09-17T12:23:48+00:00
CVE-2026-58678,updated,2026-09-17,cve_2026_to_now,2026-09-17T12:23:48+00:00
CVE-2026-58679,updated,2026-09-17,cve_2026_to_now,2026-09-17T12:23:48+00:00
CVE-2026-58691,updated,2026-09-17,cve_2026_to_now,2026-09-17T12:23:48+00:00
CVE-2026-58695,updated,2026-09-17,cve_2026_to_now,2026-09-17T12:23:48+00:00
CVE-2026-58699,updated,2026-09-17,cve_2026_to_now,2026-09-17T12:23:48+00:00
CVE-2026-58704,updated,2026-09-17,cve_2026_to_now,2026-09-17T12:23:48+00:00
CVE-2026-58731,updated,2026-09-16,cve_2026_to_now,2026-09-17T12:23:48+00:00
CVE-2026-59113,updated,2026-09-16,cve_2026_to_now,2026-09-17T12:23:48+00:00
CVE-2026-59115,updated,2026-09-16,cve_2026_to_now,2026-09-17T12:23:48+00:00
CVE-2026-59118,updated,2026-09-16,cve_2026_to_now,2026-09-17T12:23:48+00:00
CVE-2026-59119,updated,2026-09-16,cve_2026_to_now,2026-09-17T12:23:48+00:00
CVE-2026-59122,updated,2026-09-16,cve_2026_to_now,2026-09-17T12:23:48+00:00
CVE-2026-59124,updated,2026-09-16,cve_2026_to_now,2026-09-17T12:23:48+00:00
CVE-2026-59125,updated,2026-09-16,cve_2026_to_now,2026-09-17T12:23:48+00:00
CVE-2026-59126,updated,2026-09-16,cve_2026_to_now,2026-09-17T12:23:48+00:00
CVE-2026-59127,updated,2026-09-16,cve_2026_to_now,2026-09-17T12:23:48+00:00
CVE-2026-59128,updated,2026-09-16,cve_2026_to_now,2026-09-17T12:23:48+00:00
CVE-2026-59130,updated,2026-09-16,cve_2026_to_now,2026-09-17T12:23:48+00:00
CVE-2026-59131,updated,2026-09-16,cve_2026_to_now,2026-09-17T12:23:48+00:00
CVE-2026-59132,updated,2026-09-16,cve_2026_to_now,2026-09-17T12:23:48+00:00
CVE-2026-59133,updated,2026-09-16,cve_2026_to_now,2026-09-17T12:23:48+00:00
CVE-2026-59134,updated,2026-09-16,cve_2026_to_now,2026-09-17T12:23:48+00:00
CVE-2026-59135,updated,2026-09-16,cve_2026_to_now,2026-09-17T12:23:48+00:00
CVE-2026-59136,updated,2026-09-16,cve_2026_to_now,2026-09-17T12:23:48+00:00
CVE-2026-59137,updated,2026-09-16,cve_2026_to_now,2026-09-17T12:23:48+00:00
CVE-2026-59138,updated,2026-09-16,cve_2026_to_now,2026-09-17T12:23:48+00:00
CVE-2026-59157,updated,2026-09-16,cve_2026_to_now,2026-09-17T12:23:48+00:00
CVE-2026-59242,updated,2026-09-16,cve_2026_to_now,2026-09-17T12:23:48+00:00
CVE-2026-59243,updated,2026-09-16,cve_2026_to_now,2026-09-17T12:23:48+00:00
CVE-2026-59244,updated,2026-09-16,cve_2026_to_now,2026-09-17T12:23:48+00:00
CVE-2026-59245,updated,2026-09-16,cve_2026_to_now,2026-09-17T12:23:48+00:00
CVE-2026-59823,added,,cve_2026_to_now,2026-09-17T12:23:48+00:00
CVE-2026-59944,added,,cve_2026_to_now,2026-09-17T12:23:48+00:00
CVE-2026-59973,updated,2026-09-16,cve_2026_to_now,2026-09-17T12:23:48+00:00
CVE-2026-59974,added,,cve_2026_to_now,2026-09-17T12:23:48+00:00
CVE-2026-61345,updated,2026-09-16,cve_2026_to_now,2026-09-17T12:23:48+00:00
CVE-2026-61346,updated,2026-09-16,cve_2026_to_now,2026-09-17T12:23:48+00:00
CVE-2026-61347,updated,2026-09-16,cve_2026_to_now,2026-09-17T12:23:48+00:00
CVE-2026-61348,updated,2026-09-16,cve_2026_to_now,2026-09-17T12:23:48+00:00
CVE-2026-61349,updated,2026-09-16,cve_2026_to_now,2026-09-17T12:23:48+00:00
CVE-2026-61350,updated,2026-09-16,cve_2026_to_now,2026-09-17T12:23:48+00:00
CVE-2026-61352,updated,2026-09-16,cve_2026_to_now,2026-09-17T12:23:48+00:00
CVE-2026-61353,updated,2026-09-16,cve_2026_to_now,2026-09-17T12:23:48+00:00
CVE-2026-61355,updated,2026-09-16,cve_2026_to_now,2026-09-17T12:23:48+00:00
CVE-2026-61356,updated,2026-09-16,cve_2026_to_now,2026-09-17T12:23:48+00:00
CVE-2026-61357,updated,2026-09-16,cve_2026_to_now,2026-09-17T12:23:48+00:00
CVE-2026-61358,updated,2026-09-16,cve_2026_to_now,2026-09-17T12:23:48+00:00
CVE-2026-61359,updated,2026-09-16,cve_2026_to_now,2026-09-17T12:23:48+00:00
CVE-2026-61360,updated,2026-09-16,cve_2026_to_now,2026-09-17T12:23:48+00:00
CVE-2026-61361,updated,2026-09-16,cve_2026_to_now,2026-09-17T12:23:48+00:00
CVE-2026-61363,updated,2026-09-16,cve_2026_to_now,2026-09-17T12:23:48+00:00
CVE-2026-61364,updated,2026-09-16,cve_2026_to_now,2026-09-17T12:23:48+00:00
CVE-2026-61365,updated,2026-09-16,cve_2026_to_now,2026-09-17T12:23:48+00:00
CVE-2026-61366,updated,2026-09-16,cve_2026_to_now,2026-09-17T12:23:48+00:00
CVE-2026-61367,updated,2026-09-16,cve_2026_to_now,2026-09-17T12:23:48+00:00
CVE-2026-61368,updated,2026-09-16,cve_2026_to_now,2026-09-17T12:23:48+00:00
CVE-2026-61554,updated,2026-09-16,cve_2026_to_now,2026-09-17T12:23:48+00:00
CVE-2026-61560,updated,2026-09-16,cve_2026_to_now,2026-09-17T12:23:48+00:00
CVE-2026-61568,updated,2026-09-16,cve_2026_to_now,2026-09-17T12:23:48+00:00
CVE-2026-61588,added,,cve_2026_to_now,2026-09-17T12:23:48+00:00
CVE-2026-61589,added,,cve_2026_to_now,2026-09-17T12:23:48+00:00
CVE-2026-61590,added,,cve_2026_to_now,2026-09-17T12:23:48+00:00
CVE-2026-61591,added,,cve_2026_to_now,2026-09-17T12:23:48+00:00
CVE-2026-61592,added,,cve_2026_to_now,2026-09-17T12:23:48+00:00
CVE-2026-61593,added,,cve_2026_to_now,2026-09-17T12:23:48+00:00
CVE-2026-61594,added,,cve_2026_to_now,2026-09-17T12:23:48+00:00
CVE-2026-61595,added,,cve_2026_to_now,2026-09-17T12:23:48+00:00
CVE-2026-61596,added,,cve_2026_to_now,2026-09-17T12:23:48+00:00
CVE-2026-61597,added,,cve_2026_to_now,2026-09-17T12:23:48+00:00
CVE-2026-61598,added,,cve_2026_to_now,2026-09-17T12:23:48+00:00
CVE-2026-61599,added,,cve_2026_to_now,2026-09-17T12:23:48+00:00
CVE-2026-61709,added,,cve_2026_to_now,2026-09-17T12:23:48+00:00
CVE-2026-61918,updated,2026-09-16,cve_2026_to_now,2026-09-17T12:23:48+00:00
CVE-2026-61920,updated,2026-09-16,cve_2026_to_now,2026-09-17T12:23:48+00:00
CVE-2026-61921,updated,2026-09-16,cve_2026_to_now,2026-09-17T12:23:48+00:00
CVE-2026-61923,updated,2026-09-16,cve_2026_to_now,2026-09-17T12:23:48+00:00
CVE-2026-61924,updated,2026-09-16,cve_2026_to_now,2026-09-17T12:23:48+00:00
CVE-2026-61925,updated,2026-09-16,cve_2026_to_now,2026-09-17T12:23:48+00:00
CVE-2026-61926,updated,2026-09-16,cve_2026_to_now,2026-09-17T12:23:48+00:00
CVE-2026-61927,updated,2026-09-16,cve_2026_to_now,2026-09-17T12:23:48+00:00
CVE-2026-61928,updated,2026-09-16,cve_2026_to_now,2026-09-17T12:23:48+00:00
CVE-2026-61929,updated,2026-09-16,cve_2026_to_now,2026-09-17T12:23:48+00:00
CVE-2026-61930,updated,2026-09-16,cve_2026_to_now,2026-09-17T12:23:48+00:00
CVE-2026-61932,updated,2026-09-16,cve_2026_to_now,2026-09-17T12:23:48+00:00
CVE-2026-61933,updated,2026-09-16,cve_2026_to_now,2026-09-17T12:23:48+00:00
CVE-2026-61934,updated,2026-09-16,cve_2026_to_now,2026-09-17T12:23:48+00:00
CVE-2026-61936,updated,2026-09-16,cve_2026_to_now,2026-09-17T12:23:48+00:00
CVE-2026-61937,updated,2026-09-16,cve_2026_to_now,2026-09-17T12:23:48+00:00
CVE-2026-61938,updated,2026-09-16,cve_2026_to_now,2026-09-17T12:23:48+00:00
CVE-2026-61939,updated,2026-09-16,cve_2026_to_now,2026-09-17T12:23:48+00:00
CVE-2026-62280,updated,2026-09-16,cve_2026_to_now,2026-09-17T12:23:48+00:00
CVE-2026-62597,updated,2026-09-16,cve_2026_to_now,2026-09-17T12:23:48+00:00
CVE-2026-62688,updated,2026-09-16,cve_2026_to_now,2026-09-17T12:23:48+00:00
CVE-2026-62690,updated,2026-09-16,cve_2026_to_now,2026-09-17T12:23:48+00:00
CVE-2026-62692,updated,2026-09-16,cve_2026_to_now,2026-09-17T12:23:48+00:00
CVE-2026-62693,updated,2026-09-16,cve_2026_to_now,2026-09-17T12:23:48+00:00
CVE-2026-62694,updated,2026-09-16,cve_2026_to_now,2026-09-17T12:23:48+00:00
CVE-2026-62695,updated,2026-09-16,cve_2026_to_now,2026-09-17T12:23:48+00:00
CVE-2026-62696,updated,2026-09-16,cve_2026_to_now,2026-09-17T12:23:48+00:00
CVE-2026-62697,updated,2026-09-16,cve_2026_to_now,2026-09-17T12:23:48+00:00
CVE-2026-62698,updated,2026-09-16,cve_2026_to_now,2026-09-17T12:23:48+00:00
CVE-2026-62699,updated,2026-09-16,cve_2026_to_now,2026-09-17T12:23:48+00:00
CVE-2026-62700,updated,2026-09-16,cve_2026_to_now,2026-09-17T12:23:48+00:00
CVE-2026-62701,updated,2026-09-16,cve_2026_to_now,2026-09-17T12:23:48+00:00
CVE-2026-62702,updated,2026-09-16,cve_2026_to_now,2026-09-17T12:23:48+00:00
CVE-2026-62703,updated,2026-09-16,cve_2026_to_now,2026-09-17T12:23:48+00:00
CVE-2026-62705,updated,2026-09-16,cve_2026_to_now,2026-09-17T12:23:48+00:00
CVE-2026-62706,updated,2026-09-16,cve_2026_to_now,2026-09-17T12:23:48+00:00
CVE-2026-62707,updated,2026-09-16,cve_2026_to_now,2026-09-17T12:23:48+00:00
CVE-2026-62708,updated,2026-09-16,cve_2026_to_now,2026-09-17T12:23:48+00:00
CVE-2026-62709,updated,2026-09-16,cve_2026_to_now,2026-09-17T12:23:48+00:00
CVE-2026-62710,updated,2026-09-16,cve_2026_to_now,2026-09-17T12:23:48+00:00
CVE-2026-62711,updated,2026-09-16,cve_2026_to_now,2026-09-17T12:23:48+00:00
CVE-2026-62712,updated,2026-09-16,cve_2026_to_now,2026-09-17T12:23:48+00:00
CVE-2026-62713,updated,2026-09-16,cve_2026_to_now,2026-09-17T12:23:48+00:00
CVE-2026-62714,updated,2026-09-16,cve_2026_to_now,2026-09-17T12:23:48+00:00
CVE-2026-62715,updated,2026-09-16,cve_2026_to_now,2026-09-17T12:23:48+00:00
CVE-2026-62716,updated,2026-09-16,cve_2026_to_now,2026-09-17T12:23:48+00:00
CVE-2026-62717,updated,2026-09-16,cve_2026_to_now,2026-09-17T12:23:48+00:00
CVE-2026-62718,updated,2026-09-16,cve_2026_to_now,2026-09-17T12:23:48+00:00
CVE-2026-62719,updated,2026-09-16,cve_2026_to_now,2026-09-17T12:23:48+00:00
CVE-2026-62720,updated,2026-09-16,cve_2026_to_now,2026-09-17T12:23:48+00:00
CVE-2026-62721,updated,2026-09-16,cve_2026_to_now,2026-09-17T12:23:48+00:00
CVE-2026-62722,updated,2026-09-16,cve_2026_to_now,2026-09-17T12:23:48+00:00
CVE-2026-62723,updated,2026-09-16,cve_2026_to_now,2026-09-17T12:23:48+00:00
CVE-2026-62724,updated,2026-09-16,cve_2026_to_now,2026-09-17T12:23:48+00:00
CVE-2026-62725,updated,2026-09-16,cve_2026_to_now,2026-09-17T12:23:48+00:00
CVE-2026-62726,updated,2026-09-16,cve_2026_to_now,2026-09-17T12:23:48+00:00
CVE-2026-62727,updated,2026-09-16,cve_2026_to_now,2026-09-17T12:23:48+00:00
CVE-2026-62728,updated,2026-09-16,cve_2026_to_now,2026-09-17T12:23:48+00:00
CVE-2026-62729,updated,2026-09-16,cve_2026_to_now,2026-09-17T12:23:48+00:00
CVE-2026-62730,updated,2026-09-16,cve_2026_to_now,2026-09-17T12:23:48+00:00
CVE-2026-62732,updated,2026-09-16,cve_2026_to_now,2026-09-17T12:23:48+00:00
CVE-2026-62733,updated,2026-09-16,cve_2026_to_now,2026-09-17T12:23:48+00:00
CVE-2026-62734,updated,2026-09-16,cve_2026_to_now,2026-09-17T12:23:48+00:00
CVE-2026-62735,updated,2026-09-16,cve_2026_to_now,2026-09-17T12:23:48+00:00
CVE-2026-62736,updated,2026-09-16,cve_2026_to_now,2026-09-17T12:23:48+00:00
CVE-2026-62737,updated,2026-09-16,cve_2026_to_now,2026-09-17T12:23:48+00:00
CVE-2026-62738,updated,2026-09-16,cve_2026_to_now,2026-09-17T12:23:48+00:00
CVE-2026-62739,updated,2026-09-16,cve_2026_to_now,2026-09-17T12:23:48+00:00
CVE-2026-62740,updated,2026-09-16,cve_2026_to_now,2026-09-17T12:23:48+00:00
CVE-2026-62741,updated,2026-09-16,cve_2026_to_now,2026-09-17T12:23:48+00:00
CVE-2026-62742,updated,2026-09-16,cve_2026_to_now,2026-09-17T12:23:48+00:00
CVE-2026-62743,updated,2026-09-16,cve_2026_to_now,2026-09-17T12:23:48+00:00
CVE-2026-62744,updated,2026-09-16,cve_2026_to_now,2026-09-17T12:23:48+00:00
CVE-2026-62745,updated,2026-09-16,cve_2026_to_now,2026-09-17T12:23:48+00:00
CVE-2026-62746,updated,2026-09-16,cve_2026_to_now,2026-09-17T12:23:48+00:00
CVE-2026-62747,updated,2026-09-16,cve_2026_to_now,2026-09-17T12:23:48+00:00
CVE-2026-62748,updated,2026-09-16,cve_2026_to_now,2026-09-17T12:23:48+00:00
CVE-2026-62749,updated,2026-09-16,cve_2026_to_now,2026-09-17T12:23:48+00:00
CVE-2026-62750,updated,2026-09-16,cve_2026_to_now,2026-09-17T12:23:48+00:00
CVE-2026-62751,updated,2026-09-16,cve_2026_to_now,2026-09-17T12:23:48+00:00
CVE-2026-62752,updated,2026-09-16,cve_2026_to_now,2026-09-17T12:23:48+00:00
CVE-2026-62753,updated,2026-09-16,cve_2026_to_now,2026-09-17T12:23:48+00:00
CVE-2026-62754,updated,2026-09-16,cve_2026_to_now,2026-09-17T12:23:48+00:00
CVE-2026-62755,updated,2026-09-16,cve_2026_to_now,2026-09-17T12:23:48+00:00
CVE-2026-62757,updated,2026-09-16,cve_2026_to_now,2026-09-17T12:23:48+00:00
CVE-2026-62758,updated,2026-09-16,cve_2026_to_now,2026-09-17T12:23:48+00:00
CVE-2026-62759,updated,2026-09-16,cve_2026_to_now,2026-09-17T12:23:48+00:00
CVE-2026-62761,updated,2026-09-16,cve_2026_to_now,2026-09-17T12:23:48+00:00
CVE-2026-62762,updated,2026-09-16,cve_2026_to_now,2026-09-17T12:23:48+00:00
CVE-2026-62766,updated,2026-09-16,cve_2026_to_now,2026-09-17T12:23:48+00:00
CVE-2026-62768,updated,2026-09-16,cve_2026_to_now,2026-09-17T12:23:48+00:00
CVE-2026-62769,updated,2026-09-16,cve_2026_to_now,2026-09-17T12:23:48+00:00
CVE-2026-62770,updated,2026-09-16,cve_2026_to_now,2026-09-17T12:23:48+00:00
CVE-2026-62771,updated,2026-09-16,cve_2026_to_now,2026-09-17T12:23:48+00:00
CVE-2026-62772,updated,2026-09-16,cve_2026_to_now,2026-09-17T12:23:48+00:00
CVE-2026-62773,updated,2026-09-16,cve_2026_to_now,2026-09-17T12:23:48+00:00
CVE-2026-62774,updated,2026-09-16,cve_2026_to_now,2026-09-17T12:23:48+00:00
CVE-2026-62775,updated,2026-09-16,cve_2026_to_now,2026-09-17T12:23:48+00:00
CVE-2026-62776,updated,2026-09-16,cve_2026_to_now,2026-09-17T12:23:48+00:00
CVE-2026-62777,updated,2026-09-16,cve_2026_to_now,2026-09-17T12:23:48+00:00
CVE-2026-62778,updated,2026-09-16,cve_2026_to_now,2026-09-17T12:23:48+00:00
CVE-2026-62779,updated,2026-09-16,cve_2026_to_now,2026-09-17T12:23:48+00:00
CVE-2026-62780,updated,2026-09-16,cve_2026_to_now,2026-09-17T12:23:48+00:00
CVE-2026-62781,updated,2026-09-16,cve_2026_to_now,2026-09-17T12:23:48+00:00
CVE-2026-62782,updated,2026-09-16,cve_2026_to_now,2026-09-17T12:23:48+00:00
CVE-2026-62783,updated,2026-09-16,cve_2026_to_now,2026-09-17T12:23:48+00:00
CVE-2026-62784,updated,2026-09-16,cve_2026_to_now,2026-09-17T12:23:48+00:00
CVE-2026-62785,updated,2026-09-16,cve_2026_to_now,2026-09-17T12:23:48+00:00
CVE-2026-62786,updated,2026-09-16,cve_2026_to_now,2026-09-17T12:23:48+00:00
CVE-2026-62787,updated,2026-09-16,cve_2026_to_now,2026-09-17T12:23:48+00:00
CVE-2026-62788,updated,2026-09-16,cve_2026_to_now,2026-09-17T12:23:48+00:00
CVE-2026-62790,updated,2026-09-16,cve_2026_to_now,2026-09-17T12:23:48+00:00
CVE-2026-62792,updated,2026-09-16,cve_2026_to_now,2026-09-17T12:23:48+00:00
CVE-2026-62793,updated,2026-09-16,cve_2026_to_now,2026-09-17T12:23:48+00:00
CVE-2026-62795,updated,2026-09-16,cve_2026_to_now,2026-09-17T12:23:48+00:00
CVE-2026-62796,updated,2026-09-16,cve_2026_to_now,2026-09-17T12:23:48+00:00
CVE-2026-62797,updated,2026-09-16,cve_2026_to_now,2026-09-17T12:23:48+00:00
CVE-2026-62798,updated,2026-09-16,cve_2026_to_now,2026-09-17T12:23:48+00:00
CVE-2026-62799,updated,2026-09-16,cve_2026_to_now,2026-09-17T12:23:48+00:00
CVE-2026-62800,updated,2026-09-16,cve_2026_to_now,2026-09-17T12:23:48+00:00
CVE-2026-62801,updated,2026-09-16,cve_2026_to_now,2026-09-17T12:23:48+00:00
CVE-2026-62803,updated,2026-09-16,cve_2026_to_now,2026-09-17T12:23:48+00:00
CVE-2026-62804,updated,2026-09-16,cve_2026_to_now,2026-09-17T12:23:48+00:00
CVE-2026-62807,updated,2026-09-16,cve_2026_to_now,2026-09-17T12:23:48+00:00
CVE-2026-62810,updated,2026-09-16,cve_2026_to_now,2026-09-17T12:23:48+00:00
CVE-2026-62811,updated,2026-09-16,cve_2026_to_now,2026-09-17T12:23:48+00:00
CVE-2026-62812,updated,2026-09-16,cve_2026_to_now,2026-09-17T12:23:48+00:00
CVE-2026-62813,updated,2026-09-16,cve_2026_to_now,2026-09-17T12:23:48+00:00
CVE-2026-62814,updated,2026-09-16,cve_2026_to_now,2026-09-17T12:23:48+00:00
CVE-2026-62815,updated,2026-09-16,cve_2026_to_now,2026-09-17T12:23:48+00:00
CVE-2026-62816,updated,2026-09-16,cve_2026_to_now,2026-09-17T12:23:48+00:00
CVE-2026-62817,updated,2026-09-16,cve_2026_to_now,2026-09-17T12:23:48+00:00
CVE-2026-62818,updated,2026-09-16,cve_2026_to_now,2026-09-17T12:23:48+00:00
CVE-2026-62819,updated,2026-09-16,cve_2026_to_now,2026-09-17T12:23:48+00:00
CVE-2026-62820,updated,2026-09-16,cve_2026_to_now,2026-09-17T12:23:48+00:00
CVE-2026-62822,updated,2026-09-16,cve_2026_to_now,2026-09-17T12:23:48+00:00
CVE-2026-62823,updated,2026-09-16,cve_2026_to_now,2026-09-17T12:23:48+00:00
CVE-2026-62824,updated,2026-09-16,cve_2026_to_now,2026-09-17T12:23:48+00:00
CVE-2026-62827,updated,2026-09-16,cve_2026_to_now,2026-09-17T12:23:48+00:00
CVE-2026-62829,updated,2026-09-16,cve_2026_to_now,2026-09-17T12:23:48+00:00
CVE-2026-62830,updated,2026-09-16,cve_2026_to_now,2026-09-17T12:23:48+00:00
CVE-2026-62832,updated,2026-09-16,cve_2026_to_now,2026-09-17T12:23:48+00:00
CVE-2026-62834,updated,2026-09-16,cve_2026_to_now,2026-09-17T12:23:48+00:00
CVE-2026-62836,updated,2026-09-16,cve_2026_to_now,2026-09-17T12:23:48+00:00
CVE-2026-62837,updated,2026-09-16,cve_2026_to_now,2026-09-17T12:23:48+00:00
CVE-2026-62839,updated,2026-09-16,cve_2026_to_now,2026-09-17T12:23:48+00:00
CVE-2026-62842,updated,2026-09-16,cve_2026_to_now,2026-09-17T12:23:48+00:00
CVE-2026-62869,updated,2026-09-16,cve_2026_to_now,2026-09-17T12:23:48+00:00
CVE-2026-62871,updated,2026-09-16,cve_2026_to_now,2026-09-17T12:23:48+00:00
CVE-2026-62872,updated,2026-09-16,cve_2026_to_now,2026-09-17T12:23:48+00:00
CVE-2026-62873,updated,2026-09-16,cve_2026_to_now,2026-09-17T12:23:48+00:00
CVE-2026-62876,updated,2026-09-16,cve_2026_to_now,2026-09-17T12:23:48+00:00
CVE-2026-62877,updated,2026-09-16,cve_2026_to_now,2026-09-17T12:23:48+00:00
CVE-2026-62878,updated,2026-09-16,cve_2026_to_now,2026-09-17T12:23:48+00:00
CVE-2026-62880,updated,2026-09-16,cve_2026_to_now,2026-09-17T12:23:48+00:00
CVE-2026-62881,updated,2026-09-16,cve_2026_to_now,2026-09-17T12:23:48+00:00
CVE-2026-62882,updated,2026-09-16,cve_2026_to_now,2026-09-17T12:23:48+00:00
CVE-2026-62883,updated,2026-09-16,cve_2026_to_now,2026-09-17T12:23:48+00:00
CVE-2026-62885,updated,2026-09-16,cve_2026_to_now,2026-09-17T12:23:48+00:00
CVE-2026-62886,updated,2026-09-16,cve_2026_to_now,2026-09-17T12:23:48+00:00
CVE-2026-62887,updated,2026-09-16,cve_2026_to_now,2026-09-17T12:23:48+00:00
CVE-2026-62888,updated,2026-09-16,cve_2026_to_now,2026-09-17T12:23:48+00:00
CVE-2026-62889,updated,2026-09-16,cve_2026_to_now,2026-09-17T12:23:48+00:00
CVE-2026-62890,updated,2026-09-16,cve_2026_to_now,2026-09-17T12:23:48+00:00
CVE-2026-62892,updated,2026-09-16,cve_2026_to_now,2026-09-17T12:23:48+00:00
CVE-2026-62893,updated,2026-09-16,cve_2026_to_now,2026-09-17T12:23:48+00:00
CVE-2026-62894,updated,2026-09-16,cve_2026_to_now,2026-09-17T12:23:48+00:00
CVE-2026-62895,updated,2026-09-16,cve_2026_to_now,2026-09-17T12:23:48+00:00
CVE-2026-62896,updated,2026-09-16,cve_2026_to_now,2026-09-17T12:23:48+00:00
CVE-2026-62897,updated,2026-09-16,cve_2026_to_now,2026-09-17T12:23:48+00:00
CVE-2026-62898,updated,2026-09-16,cve_2026_to_now,2026-09-17T12:23:48+00:00
CVE-2026-62899,updated,2026-09-16,cve_2026_to_now,2026-09-17T12:23:48+00:00
CVE-2026-62900,updated,2026-09-16,cve_2026_to_now,2026-09-17T12:23:48+00:00
CVE-2026-62901,updated,2026-09-16,cve_2026_to_now,2026-09-17T12:23:48+00:00
CVE-2026-62902,updated,2026-09-16,cve_2026_to_now,2026-09-17T12:23:48+00:00
CVE-2026-62904,updated,2026-09-16,cve_2026_to_now,2026-09-17T12:23:48+00:00
CVE-2026-62906,updated,2026-09-16,cve_2026_to_now,2026-09-17T12:23:48+00:00
CVE-2026-62908,updated,2026-09-16,cve_2026_to_now,2026-09-17T12:23:48+00:00
CVE-2026-62909,updated,2026-09-16,cve_2026_to_now,2026-09-17T12:23:48+00:00
CVE-2026-62910,updated,2026-09-16,cve_2026_to_now,2026-09-17T12:23:48+00:00
CVE-2026-62911,updated,2026-09-16,cve_2026_to_now,2026-09-17T12:23:48+00:00
CVE-2026-62912,updated,2026-09-16,cve_2026_to_now,2026-09-17T12:23:48+00:00
CVE-2026-62913,updated,2026-09-16,cve_2026_to_now,2026-09-17T12:23:48+00:00
CVE-2026-62914,updated,2026-09-16,cve_2026_to_now,2026-09-17T12:23:48+00:00
CVE-2026-62915,updated,2026-09-16,cve_2026_to_now,2026-09-17T12:23:48+00:00
CVE-2026-62916,updated,2026-09-16,cve_2026_to_now,2026-09-17T12:23:48+00:00
CVE-2026-62917,updated,2026-09-16,cve_2026_to_now,2026-09-17T12:23:48+00:00
CVE-2026-62918,updated,2026-09-16,cve_2026_to_now,2026-09-17T12:23:48+00:00
CVE-2026-62949,added,,cve_2026_to_now,2026-09-17T12:23:48+00:00
CVE-2026-62997,added,,cve_2026_to_now,2026-09-17T12:23:48+00:00
CVE-2026-63126,added,,cve_2026_to_now,2026-09-17T12:23:48+00:00
CVE-2026-63127,added,,cve_2026_to_now,2026-09-17T12:23:48+00:00
CVE-2026-63128,added,,cve_2026_to_now,2026-09-17T12:23:48+00:00
CVE-2026-63225,added,,cve_2026_to_now,2026-09-17T12:23:48+00:00
CVE-2026-63325,added,,cve_2026_to_now,2026-09-17T12:23:48+00:00
CVE-2026-63506,added,,cve_2026_to_now,2026-09-17T12:23:48+00:00
CVE-2026-63508,updated,2026-09-16,cve_2026_to_now,2026-09-17T12:23:48+00:00
CVE-2026-63509,updated,2026-09-16,cve_2026_to_now,2026-09-17T12:23:48+00:00
CVE-2026-63512,updated,2026-09-16,cve_2026_to_now,2026-09-17T12:23:48+00:00
CVE-2026-63513,updated,2026-09-16,cve_2026_to_now,2026-09-17T12:23:48+00:00
CVE-2026-63514,updated,2026-09-16,cve_2026_to_now,2026-09-17T12:23:48+00:00
CVE-2026-63515,updated,2026-09-16,cve_2026_to_now,2026-09-17T12:23:48+00:00
CVE-2026-63516,updated,2026-09-16,cve_2026_to_now,2026-09-17T12:23:48+00:00
CVE-2026-63517,updated,2026-09-16,cve_2026_to_now,2026-09-17T12:23:48+00:00
CVE-2026-63518,updated,2026-09-16,cve_2026_to_now,2026-09-17T12:23:48+00:00
CVE-2026-63519,updated,2026-09-16,cve_2026_to_now,2026-09-17T12:23:48+00:00
CVE-2026-63520,updated,2026-09-16,cve_2026_to_now,2026-09-17T12:23:48+00:00
CVE-2026-63521,updated,2026-09-16,cve_2026_to_now,2026-09-17T12:23:48+00:00
CVE-2026-63522,updated,2026-09-16,cve_2026_to_now,2026-09-17T12:23:48+00:00
CVE-2026-63523,updated,2026-09-16,cve_2026_to_now,2026-09-17T12:23:48+00:00
CVE-2026-63524,updated,2026-09-16,cve_2026_to_now,2026-09-17T12:23:48+00:00
CVE-2026-63525,updated,2026-09-16,cve_2026_to_now,2026-09-17T12:23:48+00:00
CVE-2026-63526,updated,2026-09-16,cve_2026_to_now,2026-09-17T12:23:48+00:00
CVE-2026-63527,updated,2026-09-16,cve_2026_to_now,2026-09-17T12:23:48+00:00
CVE-2026-63528,updated,2026-09-16,cve_2026_to_now,2026-09-17T12:23:48+00:00
CVE-2026-63529,updated,2026-09-16,cve_2026_to_now,2026-09-17T12:23:48+00:00
CVE-2026-63530,updated,2026-09-16,cve_2026_to_now,2026-09-17T12:23:48+00:00
CVE-2026-63531,updated,2026-09-16,cve_2026_to_now,2026-09-17T12:23:48+00:00
CVE-2026-63532,updated,2026-09-16,cve_2026_to_now,2026-09-17T12:23:48+00:00
CVE-2026-63533,updated,2026-09-16,cve_2026_to_now,2026-09-17T12:23:48+00:00
CVE-2026-63622,updated,2026-09-17,cve_2026_to_now,2026-09-17T12:23:48+00:00
CVE-2026-63671,added,,cve_2026_to_now,2026-09-17T12:23:48+00:00
CVE-2026-64684,added,,cve_2026_to_now,2026-09-17T12:23:48+00:00
CVE-2026-64714,updated,2026-09-16,cve_2026_to_now,2026-09-17T12:23:48+00:00
CVE-2026-64790,updated,2026-09-16,cve_2026_to_now,2026-09-17T12:23:48+00:00
CVE-2026-64897,updated,2026-09-16,cve_2026_to_now,2026-09-17T12:23:48+00:00
CVE-2026-64898,updated,2026-09-16,cve_2026_to_now,2026-09-17T12:23:48+00:00
CVE-2026-64899,updated,2026-09-16,cve_2026_to_now,2026-09-17T12:23:48+00:00
CVE-2026-64900,updated,2026-09-16,cve_2026_to_now,2026-09-17T12:23:48+00:00
CVE-2026-64901,updated,2026-09-16,cve_2026_to_now,2026-09-17T12:23:48+00:00
CVE-2026-64902,updated,2026-09-16,cve_2026_to_now,2026-09-17T12:23:48+00:00
CVE-2026-64903,updated,2026-09-16,cve_2026_to_now,2026-09-17T12:23:48+00:00
CVE-2026-64904,updated,2026-09-16,cve_2026_to_now,2026-09-17T12:23:48+00:00
CVE-2026-64905,updated,2026-09-16,cve_2026_to_now,2026-09-17T12:23:48+00:00
CVE-2026-64906,updated,2026-09-16,cve_2026_to_now,2026-09-17T12:23:48+00:00
CVE-2026-64907,updated,2026-09-16,cve_2026_to_now,2026-09-17T12:23:48+00:00
CVE-2026-64908,updated,2026-09-16,cve_2026_to_now,2026-09-17T12:23:48+00:00
CVE-2026-64909,updated,2026-09-16,cve_2026_to_now,2026-09-17T12:23:48+00:00
CVE-2026-64910,updated,2026-09-16,cve_2026_to_now,2026-09-17T12:23:48+00:00
CVE-2026-64911,updated,2026-09-16,cve_2026_to_now,2026-09-17T12:23:48+00:00
CVE-2026-64912,updated,2026-09-16,cve_2026_to_now,2026-09-17T12:23:48+00:00
CVE-2026-64914,updated,2026-09-16,cve_2026_to_now,2026-09-17T12:23:48+00:00
CVE-2026-64915,updated,2026-09-16,cve_2026_to_now,2026-09-17T12:23:48+00:00
CVE-2026-64916,updated,2026-09-16,cve_2026_to_now,2026-09-17T12:23:48+00:00
CVE-2026-64917,updated,2026-09-16,cve_2026_to_now,2026-09-17T12:23:48+00:00
CVE-2026-64918,updated,2026-09-16,cve_2026_to_now,2026-09-17T12:23:48+00:00
CVE-2026-64919,updated,2026-09-16,cve_2026_to_now,2026-09-17T12:23:48+00:00
CVE-2026-64920,updated,2026-09-16,cve_2026_to_now,2026-09-17T12:23:48+00:00
CVE-2026-64921,updated,2026-09-16,cve_2026_to_now,2026-09-17T12:23:48+00:00
CVE-2026-64922,updated,2026-09-16,cve_2026_to_now,2026-09-17T12:23:48+00:00
CVE-2026-65017,updated,2026-09-16,cve_2026_to_now,2026-09-17T12:23:48+00:00
CVE-2026-65344,updated,2026-09-16,cve_2026_to_now,2026-09-17T12:23:48+00:00
CVE-2026-65345,updated,2026-09-16,cve_2026_to_now,2026-09-17T12:23:48+00:00
CVE-2026-65348,updated,2026-09-16,cve_2026_to_now,2026-09-17T12:23:48+00:00
CVE-2026-65369,updated,2026-09-16,cve_2026_to_now,2026-09-17T12:23:48+00:00
CVE-2026-65377,updated,2026-09-16,cve_2026_to_now,2026-09-17T12:23:48+00:00
CVE-2026-65380,updated,2026-09-16,cve_2026_to_now,2026-09-17T12:23:48+00:00
CVE-2026-65388,added,,cve_2026_to_now,2026-09-17T12:23:48+00:00
CVE-2026-65398,updated,2026-09-17,cve_2026_to_now,2026-09-17T12:23:48+00:00
CVE-2026-65406,updated,2026-09-16,cve_2026_to_now,2026-09-17T12:23:48+00:00
CVE-2026-65410,updated,2026-09-16,cve_2026_to_now,2026-09-17T12:23:48+00:00
CVE-2026-65411,updated,2026-09-16,cve_2026_to_now,2026-09-17T12:23:48+00:00
CVE-2026-65656,updated,2026-09-16,cve_2026_to_now,2026-09-17T12:23:48+00:00
CVE-2026-65657,updated,2026-09-16,cve_2026_to_now,2026-09-17T12:23:48+00:00
CVE-2026-65658,updated,2026-09-16,cve_2026_to_now,2026-09-17T12:23:48+00:00
CVE-2026-65660,updated,2026-09-16,cve_2026_to_now,2026-09-17T12:23:48+00:00
CVE-2026-65661,updated,2026-09-16,cve_2026_to_now,2026-09-17T12:23:48+00:00
CVE-2026-65662,updated,2026-09-16,cve_2026_to_now,2026-09-17T12:23:48+00:00
CVE-2026-65663,updated,2026-09-16,cve_2026_to_now,2026-09-17T12:23:48+00:00
CVE-2026-65664,updated,2026-09-16,cve_2026_to_now,2026-09-17T12:23:48+00:00
CVE-2026-65665,updated,2026-09-16,cve_2026_to_now,2026-09-17T12:23:48+00:00
CVE-2026-65667,updated,2026-09-16,cve_2026_to_now,2026-09-17T12:23:48+00:00
CVE-2026-65668,updated,2026-09-16,cve_2026_to_now,2026-09-17T12:23:48+00:00
CVE-2026-65669,updated,2026-09-16,cve_2026_to_now,2026-09-17T12:23:48+00:00
CVE-2026-65671,updated,2026-09-16,cve_2026_to_now,2026-09-17T12:23:48+00:00
CVE-2026-65672,updated,2026-09-16,cve_2026_to_now,2026-09-17T12:23:48+00:00
CVE-2026-65673,updated,2026-09-16,cve_2026_to_now,2026-09-17T12:23:48+00:00
CVE-2026-65675,updated,2026-09-16,cve_2026_to_now,2026-09-17T12:23:48+00:00
CVE-2026-65678,updated,2026-09-16,cve_2026_to_now,2026-09-17T12:23:48+00:00
CVE-2026-65679,updated,2026-09-16,cve_2026_to_now,2026-09-17T12:23:48+00:00
CVE-2026-65680,updated,2026-09-16,cve_2026_to_now,2026-09-17T12:23:48+00:00
CVE-2026-65681,updated,2026-09-16,cve_2026_to_now,2026-09-17T12:23:48+00:00
CVE-2026-65767,updated,2026-09-16,cve_2026_to_now,2026-09-17T12:23:48+00:00
CVE-2026-65768,updated,2026-09-16,cve_2026_to_now,2026-09-17T12:23:48+00:00
CVE-2026-65769,updated,2026-09-16,cve_2026_to_now,2026-09-17T12:23:48+00:00
CVE-2026-65770,updated,2026-09-16,cve_2026_to_now,2026-09-17T12:23:48+00:00
CVE-2026-65772,updated,2026-09-16,cve_2026_to_now,2026-09-17T12:23:48+00:00
CVE-2026-65773,updated,2026-09-16,cve_2026_to_now,2026-09-17T12:23:48+00:00
CVE-2026-65774,updated,2026-09-16,cve_2026_to_now,2026-09-17T12:23:48+00:00
CVE-2026-65775,updated,2026-09-16,cve_2026_to_now,2026-09-17T12:23:48+00:00
CVE-2026-65776,updated,2026-09-16,cve_2026_to_now,2026-09-17T12:23:48+00:00
CVE-2026-65777,updated,2026-09-16,cve_2026_to_now,2026-09-17T12:23:48+00:00
CVE-2026-65778,updated,2026-09-16,cve_2026_to_now,2026-09-17T12:23:48+00:00
CVE-2026-65779,updated,2026-09-16,cve_2026_to_now,2026-09-17T12:23:48+00:00
CVE-2026-65780,updated,2026-09-16,cve_2026_to_now,2026-09-17T12:23:48+00:00
CVE-2026-65781,updated,2026-09-16,cve_2026_to_now,2026-09-17T12:23:48+00:00
CVE-2026-65782,updated,2026-09-16,cve_2026_to_now,2026-09-17T12:23:48+00:00
CVE-2026-65783,updated,2026-09-16,cve_2026_to_now,2026-09-17T12:23:48+00:00
CVE-2026-65784,updated,2026-09-16,cve_2026_to_now,2026-09-17T12:23:48+00:00
CVE-2026-65785,updated,2026-09-16,cve_2026_to_now,2026-09-17T12:23:48+00:00
CVE-2026-65786,updated,2026-09-16,cve_2026_to_now,2026-09-17T12:23:48+00:00
CVE-2026-65787,updated,2026-09-16,cve_2026_to_now,2026-09-17T12:23:48+00:00
CVE-2026-65788,updated,2026-09-16,cve_2026_to_now,2026-09-17T12:23:48+00:00
CVE-2026-65789,updated,2026-09-16,cve_2026_to_now,2026-09-17T12:23:48+00:00
CVE-2026-65790,updated,2026-09-16,cve_2026_to_now,2026-09-17T12:23:48+00:00
CVE-2026-65791,updated,2026-09-16,cve_2026_to_now,2026-09-17T12:23:48+00:00
CVE-2026-65794,updated,2026-09-16,cve_2026_to_now,2026-09-17T12:23:48+00:00
CVE-2026-65795,updated,2026-09-16,cve_2026_to_now,2026-09-17T12:23:48+00:00
CVE-2026-65796,updated,2026-09-16,cve_2026_to_now,2026-09-17T12:23:48+00:00
CVE-2026-65797,updated,2026-09-16,cve_2026_to_now,2026-09-17T12:23:48+00:00
CVE-2026-65798,updated,2026-09-16,cve_2026_to_now,2026-09-17T12:23:48+00:00
CVE-2026-65799,updated,2026-09-16,cve_2026_to_now,2026-09-17T12:23:48+00:00
CVE-2026-65801,updated,2026-09-16,cve_2026_to_now,2026-09-17T12:23:48+00:00
CVE-2026-65806,updated,2026-09-16,cve_2026_to_now,2026-09-17T12:23:48+00:00
CVE-2026-65807,updated,2026-09-16,cve_2026_to_now,2026-09-17T12:23:48+00:00
CVE-2026-65810,updated,2026-09-16,cve_2026_to_now,2026-09-17T12:23:48+00:00
CVE-2026-65811,updated,2026-09-16,cve_2026_to_now,2026-09-17T12:23:48+00:00
CVE-2026-65812,updated,2026-09-16,cve_2026_to_now,2026-09-17T12:23:48+00:00
CVE-2026-65813,updated,2026-09-16,cve_2026_to_now,2026-09-17T12:23:48+00:00
CVE-2026-65814,updated,2026-09-16,cve_2026_to_now,2026-09-17T12:23:48+00:00
CVE-2026-65815,updated,2026-09-16,cve_2026_to_now,2026-09-17T12:23:48+00:00
CVE-2026-65816,updated,2026-09-16,cve_2026_to_now,2026-09-17T12:23:48+00:00
CVE-2026-65818,updated,2026-09-16,cve_2026_to_now,2026-09-17T12:23:48+00:00
CVE-2026-66269,added,,cve_2026_to_now,2026-09-17T12:23:48+00:00
CVE-2026-66301,updated,2026-09-16,cve_2026_to_now,2026-09-17T12:23:48+00:00
CVE-2026-66302,updated,2026-09-16,cve_2026_to_now,2026-09-17T12:23:48+00:00
CVE-2026-66303,updated,2026-09-16,cve_2026_to_now,2026-09-17T12:23:48+00:00
CVE-2026-66304,updated,2026-09-16,cve_2026_to_now,2026-09-17T12:23:48+00:00
CVE-2026-66305,updated,2026-09-16,cve_2026_to_now,2026-09-17T12:23:48+00:00
CVE-2026-66306,updated,2026-09-16,cve_2026_to_now,2026-09-17T12:23:48+00:00
CVE-2026-66307,updated,2026-09-16,cve_2026_to_now,2026-09-17T12:23:48+00:00
CVE-2026-66308,updated,2026-09-16,cve_2026_to_now,2026-09-17T12:23:48+00:00
CVE-2026-66309,updated,2026-09-16,cve_2026_to_now,2026-09-17T12:23:48+00:00
CVE-2026-66323,updated,2026-09-16,cve_2026_to_now,2026-09-17T12:23:48+00:00
CVE-2026-66324,updated,2026-09-16,cve_2026_to_now,2026-09-17T12:23:48+00:00
CVE-2026-66798,updated,2026-09-16,cve_2026_to_now,2026-09-17T12:23:48+00:00
CVE-2026-66799,updated,2026-09-16,cve_2026_to_now,2026-09-17T12:23:48+00:00
CVE-2026-66800,updated,2026-09-16,cve_2026_to_now,2026-09-17T12:23:48+00:00
CVE-2026-66802,updated,2026-09-16,cve_2026_to_now,2026-09-17T12:23:48+00:00
CVE-2026-66804,updated,2026-09-16,cve_2026_to_now,2026-09-17T12:23:48+00:00
CVE-2026-66805,updated,2026-09-16,cve_2026_to_now,2026-09-17T12:23:48+00:00
CVE-2026-66806,updated,2026-09-16,cve_2026_to_now,2026-09-17T12:23:48+00:00
CVE-2026-66807,updated,2026-09-16,cve_2026_to_now,2026-09-17T12:23:48+00:00
CVE-2026-66808,updated,2026-09-16,cve_2026_to_now,2026-09-17T12:23:48+00:00
CVE-2026-66809,updated,2026-09-16,cve_2026_to_now,2026-09-17T12:23:48+00:00
CVE-2026-66810,updated,2026-09-16,cve_2026_to_now,2026-09-17T12:23:48+00:00
CVE-2026-66814,updated,2026-09-16,cve_2026_to_now,2026-09-17T12:23:48+00:00
CVE-2026-66816,updated,2026-09-16,cve_2026_to_now,2026-09-17T12:23:48+00:00
CVE-2026-66818,updated,2026-09-16,cve_2026_to_now,2026-09-17T12:23:48+00:00
CVE-2026-66819,updated,2026-09-16,cve_2026_to_now,2026-09-17T12:23:48+00:00
CVE-2026-66820,updated,2026-09-16,cve_2026_to_now,2026-09-17T12:23:48+00:00
CVE-2026-66887,updated,2026-09-16,cve_2026_to_now,2026-09-17T12:23:48+00:00
CVE-2026-66890,updated,2026-09-16,cve_2026_to_now,2026-09-17T12:23:48+00:00
CVE-2026-67260,updated,2026-09-16,cve_2026_to_now,2026-09-17T12:23:48+00:00
CVE-2026-67368,updated,2026-09-16,cve_2026_to_now,2026-09-17T12:23:48+00:00
CVE-2026-67369,updated,2026-09-16,cve_2026_to_now,2026-09-17T12:23:48+00:00
CVE-2026-67370,updated,2026-09-16,cve_2026_to_now,2026-09-17T12:23:48+00:00
CVE-2026-67373,updated,2026-09-16,cve_2026_to_now,2026-09-17T12:23:48+00:00
CVE-2026-67376,updated,2026-09-16,cve_2026_to_now,2026-09-17T12:23:48+00:00
CVE-2026-67378,updated,2026-09-16,cve_2026_to_now,2026-09-17T12:23:48+00:00
CVE-2026-67379,updated,2026-09-16,cve_2026_to_now,2026-09-17T12:23:48+00:00
CVE-2026-67380,updated,2026-09-16,cve_2026_to_now,2026-09-17T12:23:48+00:00
CVE-2026-67381,updated,2026-09-16,cve_2026_to_now,2026-09-17T12:23:48+00:00
CVE-2026-67383,updated,2026-09-16,cve_2026_to_now,2026-09-17T12:23:48+00:00
CVE-2026-67384,updated,2026-09-16,cve_2026_to_now,2026-09-17T12:23:48+00:00
CVE-2026-67385,updated,2026-09-16,cve_2026_to_now,2026-09-17T12:23:48+00:00
CVE-2026-67386,updated,2026-09-16,cve_2026_to_now,2026-09-17T12:23:48+00:00
CVE-2026-67388,updated,2026-09-16,cve_2026_to_now,2026-09-17T12:23:48+00:00
CVE-2026-67389,updated,2026-09-16,cve_2026_to_now,2026-09-17T12:23:48+00:00
CVE-2026-67390,updated,2026-09-16,cve_2026_to_now,2026-09-17T12:23:48+00:00
CVE-2026-67393,updated,2026-09-16,cve_2026_to_now,2026-09-17T12:23:48+00:00
CVE-2026-67587,updated,2026-09-16,cve_2026_to_now,2026-09-17T12:23:48+00:00
CVE-2026-67624,updated,2026-09-16,cve_2026_to_now,2026-09-17T12:23:48+00:00
CVE-2026-67629,updated,2026-09-16,cve_2026_to_now,2026-09-17T12:23:48+00:00
CVE-2026-67630,updated,2026-09-16,cve_2026_to_now,2026-09-17T12:23:48+00:00
CVE-2026-67631,updated,2026-09-16,cve_2026_to_now,2026-09-17T12:23:48+00:00
CVE-2026-67633,updated,2026-09-16,cve_2026_to_now,2026-09-17T12:23:48+00:00
CVE-2026-67636,updated,2026-09-16,cve_2026_to_now,2026-09-17T12:23:48+00:00
CVE-2026-67638,updated,2026-09-16,cve_2026_to_now,2026-09-17T12:23:48+00:00
CVE-2026-67639,updated,2026-09-16,cve_2026_to_now,2026-09-17T12:23:48+00:00
CVE-2026-67641,updated,2026-09-16,cve_2026_to_now,2026-09-17T12:23:48+00:00
CVE-2026-67642,updated,2026-09-16,cve_2026_to_now,2026-09-17T12:23:48+00:00
CVE-2026-67643,updated,2026-09-16,cve_2026_to_now,2026-09-17T12:23:48+00:00
CVE-2026-67645,updated,2026-09-16,cve_2026_to_now,2026-09-17T12:23:48+00:00
CVE-2026-67648,updated,2026-09-16,cve_2026_to_now,2026-09-17T12:23:48+00:00
CVE-2026-68070,updated,2026-09-16,cve_2026_to_now,2026-09-17T12:23:48+00:00
CVE-2026-68076,updated,2026-09-16,cve_2026_to_now,2026-09-17T12:23:48+00:00
CVE-2026-68491,updated,2026-09-16,cve_2026_to_now,2026-09-17T12:23:48+00:00
CVE-2026-68536,added,,cve_2026_to_now,2026-09-17T12:23:48+00:00
CVE-2026-68775,updated,2026-09-16,cve_2026_to_now,2026-09-17T12:23:48+00:00
CVE-2026-68776,updated,2026-09-16,cve_2026_to_now,2026-09-17T12:23:48+00:00
CVE-2026-68777,updated,2026-09-16,cve_2026_to_now,2026-09-17T12:23:48+00:00
CVE-2026-68778,updated,2026-09-16,cve_2026_to_now,2026-09-17T12:23:48+00:00
CVE-2026-68779,updated,2026-09-16,cve_2026_to_now,2026-09-17T12:23:48+00:00
CVE-2026-68780,updated,2026-09-16,cve_2026_to_now,2026-09-17T12:23:48+00:00
CVE-2026-68781,updated,2026-09-16,cve_2026_to_now,2026-09-17T12:23:48+00:00
CVE-2026-68782,updated,2026-09-16,cve_2026_to_now,2026-09-17T12:23:48+00:00
CVE-2026-68784,updated,2026-09-16,cve_2026_to_now,2026-09-17T12:23:48+00:00
CVE-2026-68785,updated,2026-09-16,cve_2026_to_now,2026-09-17T12:23:48+00:00
CVE-2026-68786,updated,2026-09-16,cve_2026_to_now,2026-09-17T12:23:48+00:00
CVE-2026-68787,updated,2026-09-16,cve_2026_to_now,2026-09-17T12:23:48+00:00
CVE-2026-68789,updated,2026-09-16,cve_2026_to_now,2026-09-17T12:23:48+00:00
CVE-2026-68792,updated,2026-09-16,cve_2026_to_now,2026-09-17T12:23:48+00:00
CVE-2026-68793,updated,2026-09-16,cve_2026_to_now,2026-09-17T12:23:48+00:00
CVE-2026-68794,updated,2026-09-16,cve_2026_to_now,2026-09-17T12:23:48+00:00
CVE-2026-68795,updated,2026-09-16,cve_2026_to_now,2026-09-17T12:23:48+00:00
CVE-2026-68796,updated,2026-09-16,cve_2026_to_now,2026-09-17T12:23:48+00:00
CVE-2026-68797,updated,2026-09-16,cve_2026_to_now,2026-09-17T12:23:48+00:00
CVE-2026-68798,updated,2026-09-16,cve_2026_to_now,2026-09-17T12:23:48+00:00
CVE-2026-68799,updated,2026-09-16,cve_2026_to_now,2026-09-17T12:23:48+00:00
CVE-2026-68800,updated,2026-09-16,cve_2026_to_now,2026-09-17T12:23:48+00:00
CVE-2026-68801,updated,2026-09-16,cve_2026_to_now,2026-09-17T12:23:48+00:00
CVE-2026-68802,updated,2026-09-16,cve_2026_to_now,2026-09-17T12:23:48+00:00
CVE-2026-68803,updated,2026-09-16,cve_2026_to_now,2026-09-17T12:23:48+00:00
CVE-2026-68804,updated,2026-09-16,cve_2026_to_now,2026-09-17T12:23:48+00:00
CVE-2026-68805,updated,2026-09-16,cve_2026_to_now,2026-09-17T12:23:48+00:00
CVE-2026-68806,updated,2026-09-16,cve_2026_to_now,2026-09-17T12:23:48+00:00
CVE-2026-68807,updated,2026-09-16,cve_2026_to_now,2026-09-17T12:23:48+00:00
CVE-2026-68808,updated,2026-09-16,cve_2026_to_now,2026-09-17T12:23:48+00:00
CVE-2026-68809,updated,2026-09-16,cve_2026_to_now,2026-09-17T12:23:48+00:00
CVE-2026-68810,updated,2026-09-16,cve_2026_to_now,2026-09-17T12:23:48+00:00
CVE-2026-68811,updated,2026-09-16,cve_2026_to_now,2026-09-17T12:23:48+00:00
CVE-2026-68812,updated,2026-09-16,cve_2026_to_now,2026-09-17T12:23:48+00:00
CVE-2026-68813,updated,2026-09-16,cve_2026_to_now,2026-09-17T12:23:48+00:00
CVE-2026-68814,updated,2026-09-16,cve_2026_to_now,2026-09-17T12:23:48+00:00
CVE-2026-68815,updated,2026-09-16,cve_2026_to_now,2026-09-17T12:23:48+00:00
CVE-2026-68816,updated,2026-09-16,cve_2026_to_now,2026-09-17T12:23:48+00:00
CVE-2026-68817,updated,2026-09-16,cve_2026_to_now,2026-09-17T12:23:48+00:00
CVE-2026-68819,updated,2026-09-16,cve_2026_to_now,2026-09-17T12:23:48+00:00
CVE-2026-68820,updated,2026-09-16,cve_2026_to_now,2026-09-17T12:23:48+00:00
CVE-2026-68821,updated,2026-09-16,cve_2026_to_now,2026-09-17T12:23:48+00:00
CVE-2026-68823,updated,2026-09-16,cve_2026_to_now,2026-09-17T12:23:48+00:00
CVE-2026-68824,updated,2026-09-16,cve_2026_to_now,2026-09-17T12:23:48+00:00
CVE-2026-68825,updated,2026-09-16,cve_2026_to_now,2026-09-17T12:23:48+00:00
CVE-2026-68827,updated,2026-09-16,cve_2026_to_now,2026-09-17T12:23:48+00:00
CVE-2026-68828,updated,2026-09-16,cve_2026_to_now,2026-09-17T12:23:48+00:00
CVE-2026-68830,updated,2026-09-16,cve_2026_to_now,2026-09-17T12:23:48+00:00
CVE-2026-68831,updated,2026-09-16,cve_2026_to_now,2026-09-17T12:23:48+00:00
CVE-2026-68832,updated,2026-09-16,cve_2026_to_now,2026-09-17T12:23:48+00:00
CVE-2026-68833,updated,2026-09-16,cve_2026_to_now,2026-09-17T12:23:48+00:00
CVE-2026-68834,updated,2026-09-16,cve_2026_to_now,2026-09-17T12:23:48+00:00
CVE-2026-68835,updated,2026-09-16,cve_2026_to_now,2026-09-17T12:23:48+00:00
CVE-2026-68837,updated,2026-09-16,cve_2026_to_now,2026-09-17T12:23:48+00:00
CVE-2026-68838,updated,2026-09-16,cve_2026_to_now,2026-09-17T12:23:48+00:00
CVE-2026-68839,updated,2026-09-16,cve_2026_to_now,2026-09-17T12:23:48+00:00
CVE-2026-68840,updated,2026-09-16,cve_2026_to_now,2026-09-17T12:23:48+00:00
CVE-2026-68841,updated,2026-09-16,cve_2026_to_now,2026-09-17T12:23:48+00:00
CVE-2026-68842,updated,2026-09-16,cve_2026_to_now,2026-09-17T12:23:48+00:00
CVE-2026-68843,updated,2026-09-16,cve_2026_to_now,2026-09-17T12:23:48+00:00
CVE-2026-68844,updated,2026-09-16,cve_2026_to_now,2026-09-17T12:23:48+00:00
CVE-2026-68845,updated,2026-09-16,cve_2026_to_now,2026-09-17T12:23:48+00:00
CVE-2026-68846,updated,2026-09-16,cve_2026_to_now,2026-09-17T12:23:48+00:00
CVE-2026-68847,updated,2026-09-16,cve_2026_to_now,2026-09-17T12:23:48+00:00
CVE-2026-68848,updated,2026-09-16,cve_2026_to_now,2026-09-17T12:23:48+00:00
CVE-2026-68849,updated,2026-09-16,cve_2026_to_now,2026-09-17T12:23:48+00:00
CVE-2026-68850,updated,2026-09-16,cve_2026_to_now,2026-09-17T12:23:48+00:00
CVE-2026-68851,updated,2026-09-16,cve_2026_to_now,2026-09-17T12:23:48+00:00
CVE-2026-68852,updated,2026-09-16,cve_2026_to_now,2026-09-17T12:23:48+00:00
CVE-2026-68868,updated,2026-09-16,cve_2026_to_now,2026-09-17T12:23:48+00:00
CVE-2026-68870,updated,2026-09-16,cve_2026_to_now,2026-09-17T12:23:48+00:00
CVE-2026-68871,updated,2026-09-16,cve_2026_to_now,2026-09-17T12:23:48+00:00
CVE-2026-68872,updated,2026-09-16,cve_2026_to_now,2026-09-17T12:23:48+00:00
CVE-2026-68873,updated,2026-09-16,cve_2026_to_now,2026-09-17T12:23:48+00:00
CVE-2026-68874,updated,2026-09-16,cve_2026_to_now,2026-09-17T12:23:48+00:00
CVE-2026-68875,updated,2026-09-16,cve_2026_to_now,2026-09-17T12:23:48+00:00
CVE-2026-68876,updated,2026-09-16,cve_2026_to_now,2026-09-17T12:23:48+00:00
CVE-2026-68877,updated,2026-09-16,cve_2026_to_now,2026-09-17T12:23:48+00:00
CVE-2026-68878,updated,2026-09-16,cve_2026_to_now,2026-09-17T12:23:48+00:00
CVE-2026-68880,updated,2026-09-16,cve_2026_to_now,2026-09-17T12:23:48+00:00
CVE-2026-68881,updated,2026-09-16,cve_2026_to_now,2026-09-17T12:23:48+00:00
CVE-2026-68884,updated,2026-09-16,cve_2026_to_now,2026-09-17T12:23:48+00:00
CVE-2026-68885,updated,2026-09-16,cve_2026_to_now,2026-09-17T12:23:48+00:00
CVE-2026-68886,updated,2026-09-16,cve_2026_to_now,2026-09-17T12:23:48+00:00
CVE-2026-68887,updated,2026-09-16,cve_2026_to_now,2026-09-17T12:23:48+00:00
CVE-2026-68888,updated,2026-09-16,cve_2026_to_now,2026-09-17T12:23:48+00:00
CVE-2026-68889,updated,2026-09-16,cve_2026_to_now,2026-09-17T12:23:48+00:00
CVE-2026-68890,updated,2026-09-16,cve_2026_to_now,2026-09-17T12:23:48+00:00
CVE-2026-68891,updated,2026-09-16,cve_2026_to_now,2026-09-17T12:23:48+00:00
CVE-2026-68892,updated,2026-09-16,cve_2026_to_now,2026-09-17T12:23:48+00:00
CVE-2026-68893,updated,2026-09-16,cve_2026_to_now,2026-09-17T12:23:48+00:00
CVE-2026-68894,updated,2026-09-16,cve_2026_to_now,2026-09-17T12:23:48+00:00
CVE-2026-68895,updated,2026-09-16,cve_2026_to_now,2026-09-17T12:23:48+00:00
CVE-2026-68896,updated,2026-09-16,cve_2026_to_now,2026-09-17T12:23:48+00:00
CVE-2026-68897,updated,2026-09-16,cve_2026_to_now,2026-09-17T12:23:48+00:00
CVE-2026-68898,updated,2026-09-16,cve_2026_to_now,2026-09-17T12:23:48+00:00
CVE-2026-68904,added,,cve_2026_to_now,2026-09-17T12:23:48+00:00
CVE-2026-68950,updated,2026-09-16,cve_2026_to_now,2026-09-17T12:23:48+00:00
CVE-2026-68953,updated,2026-09-16,cve_2026_to_now,2026-09-17T12:23:48+00:00
CVE-2026-68968,updated,2026-09-16,cve_2026_to_now,2026-09-17T12:23:48+00:00
CVE-2026-68969,updated,2026-09-16,cve_2026_to_now,2026-09-17T12:23:48+00:00
CVE-2026-68970,updated,2026-09-16,cve_2026_to_now,2026-09-17T12:23:48+00:00
CVE-2026-68971,updated,2026-09-16,cve_2026_to_now,2026-09-17T12:23:48+00:00
CVE-2026-69147,added,,cve_2026_to_now,2026-09-17T12:23:48+00:00
CVE-2026-69200,added,,cve_2026_to_now,2026-09-17T12:23:48+00:00
CVE-2026-69206,updated,2026-09-16,cve_2026_to_now,2026-09-17T12:23:48+00:00
CVE-2026-69209,updated,2026-09-16,cve_2026_to_now,2026-09-17T12:23:48+00:00
CVE-2026-69211,updated,2026-09-16,cve_2026_to_now,2026-09-17T12:23:48+00:00
CVE-2026-69214,updated,2026-09-16,cve_2026_to_now,2026-09-17T12:23:48+00:00
CVE-2026-69215,updated,2026-09-16,cve_2026_to_now,2026-09-17T12:23:48+00:00
CVE-2026-69216,updated,2026-09-16,cve_2026_to_now,2026-09-17T12:23:48+00:00
CVE-2026-69217,updated,2026-09-16,cve_2026_to_now,2026-09-17T12:23:48+00:00
CVE-2026-69265,updated,2026-09-16,cve_2026_to_now,2026-09-17T12:23:48+00:00
CVE-2026-69266,updated,2026-09-16,cve_2026_to_now,2026-09-17T12:23:48+00:00
CVE-2026-69267,updated,2026-09-16,cve_2026_to_now,2026-09-17T12:23:48+00:00
CVE-2026-69268,updated,2026-09-16,cve_2026_to_now,2026-09-17T12:23:48+00:00
CVE-2026-69269,updated,2026-09-16,cve_2026_to_now,2026-09-17T12:23:48+00:00
CVE-2026-69270,updated,2026-09-16,cve_2026_to_now,2026-09-17T12:23:48+00:00
CVE-2026-69271,updated,2026-09-16,cve_2026_to_now,2026-09-17T12:23:48+00:00
CVE-2026-69272,updated,2026-09-16,cve_2026_to_now,2026-09-17T12:23:48+00:00
CVE-2026-69273,updated,2026-09-16,cve_2026_to_now,2026-09-17T12:23:48+00:00
CVE-2026-69274,updated,2026-09-16,cve_2026_to_now,2026-09-17T12:23:48+00:00
CVE-2026-69275,updated,2026-09-16,cve_2026_to_now,2026-09-17T12:23:48+00:00
CVE-2026-69276,updated,2026-09-16,cve_2026_to_now,2026-09-17T12:23:48+00:00
CVE-2026-69277,updated,2026-09-16,cve_2026_to_now,2026-09-17T12:23:48+00:00
CVE-2026-69278,updated,2026-09-16,cve_2026_to_now,2026-09-17T12:23:48+00:00
CVE-2026-69279,updated,2026-09-16,cve_2026_to_now,2026-09-17T12:23:48+00:00
CVE-2026-69280,updated,2026-09-16,cve_2026_to_now,2026-09-17T12:23:48+00:00
CVE-2026-69281,updated,2026-09-16,cve_2026_to_now,2026-09-17T12:23:48+00:00
CVE-2026-69282,updated,2026-09-16,cve_2026_to_now,2026-09-17T12:23:48+00:00
CVE-2026-69283,updated,2026-09-16,cve_2026_to_now,2026-09-17T12:23:48+00:00
CVE-2026-69284,updated,2026-09-16,cve_2026_to_now,2026-09-17T12:23:48+00:00
CVE-2026-69285,updated,2026-09-16,cve_2026_to_now,2026-09-17T12:23:48+00:00
CVE-2026-69286,updated,2026-09-16,cve_2026_to_now,2026-09-17T12:23:48+00:00
CVE-2026-69287,updated,2026-09-16,cve_2026_to_now,2026-09-17T12:23:48+00:00
CVE-2026-69288,updated,2026-09-16,cve_2026_to_now,2026-09-17T12:23:48+00:00
CVE-2026-69289,updated,2026-09-16,cve_2026_to_now,2026-09-17T12:23:48+00:00
CVE-2026-69290,updated,2026-09-16,cve_2026_to_now,2026-09-17T12:23:48+00:00
CVE-2026-69291,updated,2026-09-16,cve_2026_to_now,2026-09-17T12:23:48+00:00
CVE-2026-69292,updated,2026-09-16,cve_2026_to_now,2026-09-17T12:23:48+00:00
CVE-2026-69293,updated,2026-09-16,cve_2026_to_now,2026-09-17T12:23:48+00:00
CVE-2026-69294,updated,2026-09-16,cve_2026_to_now,2026-09-17T12:23:48+00:00
CVE-2026-69295,updated,2026-09-16,cve_2026_to_now,2026-09-17T12:23:48+00:00
CVE-2026-69296,updated,2026-09-16,cve_2026_to_now,2026-09-17T12:23:48+00:00
CVE-2026-69297,updated,2026-09-16,cve_2026_to_now,2026-09-17T12:23:48+00:00
CVE-2026-69298,updated,2026-09-16,cve_2026_to_now,2026-09-17T12:23:48+00:00
CVE-2026-69299,updated,2026-09-16,cve_2026_to_now,2026-09-17T12:23:48+00:00
CVE-2026-69300,updated,2026-09-16,cve_2026_to_now,2026-09-17T12:23:48+00:00
CVE-2026-69301,updated,2026-09-16,cve_2026_to_now,2026-09-17T12:23:48+00:00
CVE-2026-69303,updated,2026-09-16,cve_2026_to_now,2026-09-17T12:23:48+00:00
CVE-2026-69304,updated,2026-09-16,cve_2026_to_now,2026-09-17T12:23:48+00:00
CVE-2026-69305,updated,2026-09-16,cve_2026_to_now,2026-09-17T12:23:48+00:00
CVE-2026-69306,updated,2026-09-16,cve_2026_to_now,2026-09-17T12:23:48+00:00
CVE-2026-69307,updated,2026-09-16,cve_2026_to_now,2026-09-17T12:23:48+00:00
CVE-2026-69308,updated,2026-09-16,cve_2026_to_now,2026-09-17T12:23:48+00:00
CVE-2026-69309,updated,2026-09-16,cve_2026_to_now,2026-09-17T12:23:48+00:00
CVE-2026-69310,updated,2026-09-16,cve_2026_to_now,2026-09-17T12:23:48+00:00
CVE-2026-69311,updated,2026-09-16,cve_2026_to_now,2026-09-17T12:23:48+00:00
CVE-2026-69312,updated,2026-09-16,cve_2026_to_now,2026-09-17T12:23:48+00:00
CVE-2026-69313,updated,2026-09-16,cve_2026_to_now,2026-09-17T12:23:48+00:00
CVE-2026-69314,updated,2026-09-16,cve_2026_to_now,2026-09-17T12:23:48+00:00
CVE-2026-69315,updated,2026-09-16,cve_2026_to_now,2026-09-17T12:23:48+00:00
CVE-2026-69316,updated,2026-09-16,cve_2026_to_now,2026-09-17T12:23:48+00:00
CVE-2026-69317,updated,2026-09-16,cve_2026_to_now,2026-09-17T12:23:48+00:00
CVE-2026-69318,updated,2026-09-16,cve_2026_to_now,2026-09-17T12:23:48+00:00
CVE-2026-69319,updated,2026-09-16,cve_2026_to_now,2026-09-17T12:23:48+00:00
CVE-2026-69320,updated,2026-09-16,cve_2026_to_now,2026-09-17T12:23:48+00:00
CVE-2026-69321,updated,2026-09-16,cve_2026_to_now,2026-09-17T12:23:48+00:00
CVE-2026-69322,updated,2026-09-16,cve_2026_to_now,2026-09-17T12:23:48+00:00
CVE-2026-69323,updated,2026-09-16,cve_2026_to_now,2026-09-17T12:23:48+00:00
CVE-2026-69324,updated,2026-09-16,cve_2026_to_now,2026-09-17T12:23:48+00:00
CVE-2026-69325,updated,2026-09-16,cve_2026_to_now,2026-09-17T12:23:48+00:00
CVE-2026-69328,updated,2026-09-16,cve_2026_to_now,2026-09-17T12:23:48+00:00
CVE-2026-69329,updated,2026-09-16,cve_2026_to_now,2026-09-17T12:23:48+00:00
CVE-2026-69331,updated,2026-09-16,cve_2026_to_now,2026-09-17T12:23:48+00:00
CVE-2026-69332,updated,2026-09-16,cve_2026_to_now,2026-09-17T12:23:48+00:00
CVE-2026-69333,updated,2026-09-16,cve_2026_to_now,2026-09-17T12:23:48+00:00
CVE-2026-69334,updated,2026-09-16,cve_2026_to_now,2026-09-17T12:23:48+00:00
CVE-2026-69335,updated,2026-09-16,cve_2026_to_now,2026-09-17T12:23:48+00:00
CVE-2026-69336,updated,2026-09-16,cve_2026_to_now,2026-09-17T12:23:48+00:00
CVE-2026-69337,updated,2026-09-16,cve_2026_to_now,2026-09-17T12:23:48+00:00
CVE-2026-69338,updated,2026-09-16,cve_2026_to_now,2026-09-17T12:23:48+00:00
CVE-2026-69339,updated,2026-09-16,cve_2026_to_now,2026-09-17T12:23:48+00:00
CVE-2026-69340,updated,2026-09-16,cve_2026_to_now,2026-09-17T12:23:48+00:00
CVE-2026-69341,updated,2026-09-16,cve_2026_to_now,2026-09-17T12:23:48+00:00
CVE-2026-69342,updated,2026-09-16,cve_2026_to_now,2026-09-17T12:23:48+00:00
CVE-2026-69343,updated,2026-09-16,cve_2026_to_now,2026-09-17T12:23:48+00:00
CVE-2026-69344,updated,2026-09-16,cve_2026_to_now,2026-09-17T12:23:48+00:00
CVE-2026-69345,updated,2026-09-16,cve_2026_to_now,2026-09-17T12:23:48+00:00
CVE-2026-69346,updated,2026-09-16,cve_2026_to_now,2026-09-17T12:23:48+00:00
CVE-2026-69347,updated,2026-09-16,cve_2026_to_now,2026-09-17T12:23:48+00:00
CVE-2026-69348,updated,2026-09-16,cve_2026_to_now,2026-09-17T12:23:48+00:00
CVE-2026-69349,updated,2026-09-16,cve_2026_to_now,2026-09-17T12:23:48+00:00
CVE-2026-69350,updated,2026-09-16,cve_2026_to_now,2026-09-17T12:23:48+00:00
CVE-2026-69351,updated,2026-09-16,cve_2026_to_now,2026-09-17T12:23:48+00:00
CVE-2026-69352,updated,2026-09-16,cve_2026_to_now,2026-09-17T12:23:48+00:00
CVE-2026-69353,updated,2026-09-16,cve_2026_to_now,2026-09-17T12:23:48+00:00
CVE-2026-69355,updated,2026-09-16,cve_2026_to_now,2026-09-17T12:23:48+00:00
CVE-2026-69356,updated,2026-09-16,cve_2026_to_now,2026-09-17T12:23:48+00:00
CVE-2026-69357,updated,2026-09-16,cve_2026_to_now,2026-09-17T12:23:48+00:00
CVE-2026-69358,updated,2026-09-16,cve_2026_to_now,2026-09-17T12:23:48+00:00
CVE-2026-69359,updated,2026-09-16,cve_2026_to_now,2026-09-17T12:23:48+00:00
CVE-2026-69360,updated,2026-09-16,cve_2026_to_now,2026-09-17T12:23:48+00:00
CVE-2026-69361,updated,2026-09-16,cve_2026_to_now,2026-09-17T12:23:48+00:00
CVE-2026-69362,updated,2026-09-16,cve_2026_to_now,2026-09-17T12:23:48+00:00
CVE-2026-69364,updated,2026-09-16,cve_2026_to_now,2026-09-17T12:23:48+00:00
CVE-2026-69365,updated,2026-09-16,cve_2026_to_now,2026-09-17T12:23:48+00:00
CVE-2026-69366,updated,2026-09-16,cve_2026_to_now,2026-09-17T12:23:48+00:00
CVE-2026-69367,updated,2026-09-16,cve_2026_to_now,2026-09-17T12:23:48+00:00
CVE-2026-69368,updated,2026-09-16,cve_2026_to_now,2026-09-17T12:23:48+00:00
CVE-2026-69369,updated,2026-09-16,cve_2026_to_now,2026-09-17T12:23:48+00:00
CVE-2026-69371,updated,2026-09-16,cve_2026_to_now,2026-09-17T12:23:48+00:00
CVE-2026-69372,updated,2026-09-16,cve_2026_to_now,2026-09-17T12:23:48+00:00
CVE-2026-69373,updated,2026-09-16,cve_2026_to_now,2026-09-17T12:23:48+00:00
CVE-2026-69374,updated,2026-09-16,cve_2026_to_now,2026-09-17T12:23:48+00:00
CVE-2026-69375,updated,2026-09-16,cve_2026_to_now,2026-09-17T12:23:48+00:00
CVE-2026-69376,updated,2026-09-16,cve_2026_to_now,2026-09-17T12:23:48+00:00
CVE-2026-69377,updated,2026-09-16,cve_2026_to_now,2026-09-17T12:23:48+00:00
CVE-2026-69378,updated,2026-09-16,cve_2026_to_now,2026-09-17T12:23:48+00:00
CVE-2026-69379,updated,2026-09-16,cve_2026_to_now,2026-09-17T12:23:48+00:00
CVE-2026-69380,updated,2026-09-16,cve_2026_to_now,2026-09-17T12:23:48+00:00
CVE-2026-69381,updated,2026-09-16,cve_2026_to_now,2026-09-17T12:23:48+00:00
CVE-2026-69382,updated,2026-09-16,cve_2026_to_now,2026-09-17T12:23:48+00:00
CVE-2026-69383,updated,2026-09-16,cve_2026_to_now,2026-09-17T12:23:48+00:00
CVE-2026-69384,updated,2026-09-16,cve_2026_to_now,2026-09-17T12:23:48+00:00
CVE-2026-69385,updated,2026-09-16,cve_2026_to_now,2026-09-17T12:23:48+00:00
CVE-2026-69386,updated,2026-09-16,cve_2026_to_now,2026-09-17T12:23:48+00:00
CVE-2026-69388,updated,2026-09-16,cve_2026_to_now,2026-09-17T12:23:48+00:00
CVE-2026-69389,updated,2026-09-16,cve_2026_to_now,2026-09-17T12:23:48+00:00
CVE-2026-69390,updated,2026-09-16,cve_2026_to_now,2026-09-17T12:23:48+00:00
CVE-2026-69391,updated,2026-09-16,cve_2026_to_now,2026-09-17T12:23:48+00:00
CVE-2026-69392,updated,2026-09-16,cve_2026_to_now,2026-09-17T12:23:48+00:00
CVE-2026-69393,updated,2026-09-16,cve_2026_to_now,2026-09-17T12:23:48+00:00
CVE-2026-69394,updated,2026-09-16,cve_2026_to_now,2026-09-17T12:23:48+00:00
CVE-2026-69395,updated,2026-09-16,cve_2026_to_now,2026-09-17T12:23:48+00:00
CVE-2026-69396,updated,2026-09-16,cve_2026_to_now,2026-09-17T12:23:48+00:00
CVE-2026-69397,updated,2026-09-16,cve_2026_to_now,2026-09-17T12:23:48+00:00
CVE-2026-69398,updated,2026-09-16,cve_2026_to_now,2026-09-17T12:23:48+00:00
CVE-2026-69400,updated,2026-09-16,cve_2026_to_now,2026-09-17T12:23:48+00:00
CVE-2026-69401,updated,2026-09-16,cve_2026_to_now,2026-09-17T12:23:48+00:00
CVE-2026-69402,updated,2026-09-16,cve_2026_to_now,2026-09-17T12:23:48+00:00
CVE-2026-69403,updated,2026-09-16,cve_2026_to_now,2026-09-17T12:23:48+00:00
CVE-2026-69404,updated,2026-09-16,cve_2026_to_now,2026-09-17T12:23:48+00:00
CVE-2026-69405,updated,2026-09-16,cve_2026_to_now,2026-09-17T12:23:48+00:00
CVE-2026-69406,updated,2026-09-16,cve_2026_to_now,2026-09-17T12:23:48+00:00
CVE-2026-69407,updated,2026-09-16,cve_2026_to_now,2026-09-17T12:23:48+00:00
CVE-2026-69408,updated,2026-09-16,cve_2026_to_now,2026-09-17T12:23:48+00:00
CVE-2026-69409,updated,2026-09-16,cve_2026_to_now,2026-09-17T12:23:48+00:00
CVE-2026-69410,updated,2026-09-16,cve_2026_to_now,2026-09-17T12:23:48+00:00
CVE-2026-69412,updated,2026-09-16,cve_2026_to_now,2026-09-17T12:23:48+00:00
CVE-2026-69413,updated,2026-09-16,cve_2026_to_now,2026-09-17T12:23:48+00:00
CVE-2026-69414,updated,2026-09-16,cve_2026_to_now,2026-09-17T12:23:48+00:00
CVE-2026-69415,updated,2026-09-16,cve_2026_to_now,2026-09-17T12:23:48+00:00
CVE-2026-69416,updated,2026-09-16,cve_2026_to_now,2026-09-17T12:23:48+00:00
CVE-2026-69417,updated,2026-09-16,cve_2026_to_now,2026-09-17T12:23:48+00:00
CVE-2026-69418,updated,2026-09-16,cve_2026_to_now,2026-09-17T12:23:48+00:00
CVE-2026-69419,updated,2026-09-16,cve_2026_to_now,2026-09-17T12:23:48+00:00
CVE-2026-69420,updated,2026-09-16,cve_2026_to_now,2026-09-17T12:23:48+00:00
CVE-2026-69421,updated,2026-09-16,cve_2026_to_now,2026-09-17T12:23:48+00:00
CVE-2026-69422,updated,2026-09-16,cve_2026_to_now,2026-09-17T12:23:48+00:00
CVE-2026-69423,updated,2026-09-16,cve_2026_to_now,2026-09-17T12:23:48+00:00
CVE-2026-69424,updated,2026-09-16,cve_2026_to_now,2026-09-17T12:23:48+00:00
CVE-2026-69425,updated,2026-09-16,cve_2026_to_now,2026-09-17T12:23:48+00:00
CVE-2026-69426,updated,2026-09-16,cve_2026_to_now,2026-09-17T12:23:48+00:00
CVE-2026-69427,updated,2026-09-16,cve_2026_to_now,2026-09-17T12:23:48+00:00
CVE-2026-69428,updated,2026-09-16,cve_2026_to_now,2026-09-17T12:23:48+00:00
CVE-2026-69429,updated,2026-09-16,cve_2026_to_now,2026-09-17T12:23:48+00:00
CVE-2026-69430,updated,2026-09-16,cve_2026_to_now,2026-09-17T12:23:48+00:00
CVE-2026-69431,updated,2026-09-16,cve_2026_to_now,2026-09-17T12:23:48+00:00
CVE-2026-69432,updated,2026-09-16,cve_2026_to_now,2026-09-17T12:23:48+00:00
CVE-2026-69433,updated,2026-09-16,cve_2026_to_now,2026-09-17T12:23:48+00:00
CVE-2026-69434,updated,2026-09-16,cve_2026_to_now,2026-09-17T12:23:48+00:00
CVE-2026-69436,updated,2026-09-16,cve_2026_to_now,2026-09-17T12:23:48+00:00
CVE-2026-69438,updated,2026-09-16,cve_2026_to_now,2026-09-17T12:23:48+00:00
CVE-2026-69439,updated,2026-09-16,cve_2026_to_now,2026-09-17T12:23:48+00:00
CVE-2026-69440,updated,2026-09-16,cve_2026_to_now,2026-09-17T12:23:48+00:00
CVE-2026-69441,updated,2026-09-16,cve_2026_to_now,2026-09-17T12:23:48+00:00
CVE-2026-69442,updated,2026-09-16,cve_2026_to_now,2026-09-17T12:23:48+00:00
CVE-2026-69443,updated,2026-09-16,cve_2026_to_now,2026-09-17T12:23:48+00:00
CVE-2026-69444,updated,2026-09-16,cve_2026_to_now,2026-09-17T12:23:48+00:00
CVE-2026-69445,updated,2026-09-16,cve_2026_to_now,2026-09-17T12:23:48+00:00
CVE-2026-69447,updated,2026-09-16,cve_2026_to_now,2026-09-17T12:23:48+00:00
CVE-2026-69448,updated,2026-09-16,cve_2026_to_now,2026-09-17T12:23:48+00:00
CVE-2026-69449,updated,2026-09-16,cve_2026_to_now,2026-09-17T12:23:48+00:00
CVE-2026-69450,updated,2026-09-16,cve_2026_to_now,2026-09-17T12:23:48+00:00
CVE-2026-69451,updated,2026-09-16,cve_2026_to_now,2026-09-17T12:23:48+00:00
CVE-2026-69453,updated,2026-09-16,cve_2026_to_now,2026-09-17T12:23:48+00:00
CVE-2026-69455,updated,2026-09-16,cve_2026_to_now,2026-09-17T12:23:48+00:00
CVE-2026-69456,updated,2026-09-16,cve_2026_to_now,2026-09-17T12:23:48+00:00
CVE-2026-69457,updated,2026-09-16,cve_2026_to_now,2026-09-17T12:23:48+00:00
CVE-2026-69458,updated,2026-09-16,cve_2026_to_now,2026-09-17T12:23:48+00:00
CVE-2026-69459,updated,2026-09-16,cve_2026_to_now,2026-09-17T12:23:48+00:00
CVE-2026-69460,updated,2026-09-16,cve_2026_to_now,2026-09-17T12:23:48+00:00
CVE-2026-69461,updated,2026-09-16,cve_2026_to_now,2026-09-17T12:23:48+00:00
CVE-2026-69462,updated,2026-09-16,cve_2026_to_now,2026-09-17T12:23:48+00:00
CVE-2026-69463,updated,2026-09-16,cve_2026_to_now,2026-09-17T12:23:48+00:00
CVE-2026-69464,updated,2026-09-16,cve_2026_to_now,2026-09-17T12:23:48+00:00
CVE-2026-69465,updated,2026-09-16,cve_2026_to_now,2026-09-17T12:23:48+00:00
CVE-2026-69466,updated,2026-09-16,cve_2026_to_now,2026-09-17T12:23:48+00:00
CVE-2026-69467,updated,2026-09-16,cve_2026_to_now,2026-09-17T12:23:48+00:00
CVE-2026-69468,updated,2026-09-16,cve_2026_to_now,2026-09-17T12:23:48+00:00
CVE-2026-69469,updated,2026-09-16,cve_2026_to_now,2026-09-17T12:23:48+00:00
CVE-2026-69470,updated,2026-09-16,cve_2026_to_now,2026-09-17T12:23:48+00:00
CVE-2026-69472,updated,2026-09-16,cve_2026_to_now,2026-09-17T12:23:48+00:00
CVE-2026-69473,updated,2026-09-16,cve_2026_to_now,2026-09-17T12:23:48+00:00
CVE-2026-69474,updated,2026-09-16,cve_2026_to_now,2026-09-17T12:23:48+00:00
CVE-2026-69475,updated,2026-09-16,cve_2026_to_now,2026-09-17T12:23:48+00:00
CVE-2026-69476,updated,2026-09-16,cve_2026_to_now,2026-09-17T12:23:48+00:00
CVE-2026-69477,updated,2026-09-16,cve_2026_to_now,2026-09-17T12:23:48+00:00
CVE-2026-69478,updated,2026-09-16,cve_2026_to_now,2026-09-17T12:23:48+00:00
CVE-2026-69479,updated,2026-09-16,cve_2026_to_now,2026-09-17T12:23:48+00:00
CVE-2026-69480,updated,2026-09-16,cve_2026_to_now,2026-09-17T12:23:48+00:00
CVE-2026-69481,updated,2026-09-16,cve_2026_to_now,2026-09-17T12:23:48+00:00
CVE-2026-69482,updated,2026-09-16,cve_2026_to_now,2026-09-17T12:23:48+00:00
CVE-2026-69483,updated,2026-09-16,cve_2026_to_now,2026-09-17T12:23:48+00:00
CVE-2026-69485,updated,2026-09-16,cve_2026_to_now,2026-09-17T12:23:48+00:00
CVE-2026-69486,updated,2026-09-17,cve_2026_to_now,2026-09-17T12:23:48+00:00
CVE-2026-69488,updated,2026-09-16,cve_2026_to_now,2026-09-17T12:23:48+00:00
CVE-2026-69489,updated,2026-09-16,cve_2026_to_now,2026-09-17T12:23:48+00:00
CVE-2026-69490,updated,2026-09-16,cve_2026_to_now,2026-09-17T12:23:48+00:00
CVE-2026-69491,updated,2026-09-16,cve_2026_to_now,2026-09-17T12:23:48+00:00
CVE-2026-69492,updated,2026-09-16,cve_2026_to_now,2026-09-17T12:23:48+00:00
CVE-2026-69493,updated,2026-09-16,cve_2026_to_now,2026-09-17T12:23:48+00:00
CVE-2026-69494,updated,2026-09-16,cve_2026_to_now,2026-09-17T12:23:48+00:00
CVE-2026-69495,updated,2026-09-16,cve_2026_to_now,2026-09-17T12:23:48+00:00
CVE-2026-69496,updated,2026-09-16,cve_2026_to_now,2026-09-17T12:23:48+00:00
CVE-2026-69497,updated,2026-09-16,cve_2026_to_now,2026-09-17T12:23:48+00:00
CVE-2026-69498,updated,2026-09-16,cve_2026_to_now,2026-09-17T12:23:48+00:00
CVE-2026-69499,updated,2026-09-16,cve_2026_to_now,2026-09-17T12:23:48+00:00
CVE-2026-69500,updated,2026-09-16,cve_2026_to_now,2026-09-17T12:23:48+00:00
CVE-2026-69501,updated,2026-09-16,cve_2026_to_now,2026-09-17T12:23:48+00:00
CVE-2026-69502,updated,2026-09-16,cve_2026_to_now,2026-09-17T12:23:48+00:00
CVE-2026-69503,updated,2026-09-16,cve_2026_to_now,2026-09-17T12:23:48+00:00
CVE-2026-69504,updated,2026-09-16,cve_2026_to_now,2026-09-17T12:23:48+00:00
CVE-2026-69505,updated,2026-09-16,cve_2026_to_now,2026-09-17T12:23:48+00:00
CVE-2026-69507,updated,2026-09-16,cve_2026_to_now,2026-09-17T12:23:48+00:00
CVE-2026-69508,updated,2026-09-16,cve_2026_to_now,2026-09-17T12:23:48+00:00
CVE-2026-69509,updated,2026-09-16,cve_2026_to_now,2026-09-17T12:23:48+00:00
CVE-2026-69510,updated,2026-09-16,cve_2026_to_now,2026-09-17T12:23:48+00:00
CVE-2026-69511,updated,2026-09-16,cve_2026_to_now,2026-09-17T12:23:48+00:00
CVE-2026-69512,updated,2026-09-16,cve_2026_to_now,2026-09-17T12:23:48+00:00
CVE-2026-69513,updated,2026-09-16,cve_2026_to_now,2026-09-17T12:23:48+00:00
CVE-2026-69514,updated,2026-09-16,cve_2026_to_now,2026-09-17T12:23:48+00:00
CVE-2026-69516,updated,2026-09-16,cve_2026_to_now,2026-09-17T12:23:48+00:00
CVE-2026-69517,updated,2026-09-16,cve_2026_to_now,2026-09-17T12:23:48+00:00
CVE-2026-69518,updated,2026-09-16,cve_2026_to_now,2026-09-17T12:23:48+00:00
CVE-2026-69519,updated,2026-09-16,cve_2026_to_now,2026-09-17T12:23:48+00:00
CVE-2026-69522,updated,2026-09-16,cve_2026_to_now,2026-09-17T12:23:48+00:00
CVE-2026-69524,updated,2026-09-16,cve_2026_to_now,2026-09-17T12:23:48+00:00
CVE-2026-69525,updated,2026-09-16,cve_2026_to_now,2026-09-17T12:23:48+00:00
CVE-2026-69527,updated,2026-09-16,cve_2026_to_now,2026-09-17T12:23:48+00:00
CVE-2026-69528,updated,2026-09-16,cve_2026_to_now,2026-09-17T12:23:48+00:00
CVE-2026-69529,updated,2026-09-16,cve_2026_to_now,2026-09-17T12:23:48+00:00
CVE-2026-69530,updated,2026-09-16,cve_2026_to_now,2026-09-17T12:23:48+00:00
CVE-2026-69531,updated,2026-09-16,cve_2026_to_now,2026-09-17T12:23:48+00:00
CVE-2026-69532,updated,2026-09-16,cve_2026_to_now,2026-09-17T12:23:48+00:00
CVE-2026-69534,updated,2026-09-16,cve_2026_to_now,2026-09-17T12:23:48+00:00
CVE-2026-69535,updated,2026-09-16,cve_2026_to_now,2026-09-17T12:23:48+00:00
CVE-2026-69536,updated,2026-09-16,cve_2026_to_now,2026-09-17T12:23:48+00:00
CVE-2026-69538,updated,2026-09-16,cve_2026_to_now,2026-09-17T12:23:48+00:00
CVE-2026-69539,updated,2026-09-16,cve_2026_to_now,2026-09-17T12:23:48+00:00
CVE-2026-69540,updated,2026-09-16,cve_2026_to_now,2026-09-17T12:23:48+00:00
CVE-2026-69541,updated,2026-09-16,cve_2026_to_now,2026-09-17T12:23:48+00:00
CVE-2026-69542,updated,2026-09-16,cve_2026_to_now,2026-09-17T12:23:48+00:00
CVE-2026-69543,updated,2026-09-16,cve_2026_to_now,2026-09-17T12:23:48+00:00
CVE-2026-69544,updated,2026-09-16,cve_2026_to_now,2026-09-17T12:23:48+00:00
CVE-2026-69546,updated,2026-09-16,cve_2026_to_now,2026-09-17T12:23:48+00:00
CVE-2026-69547,updated,2026-09-16,cve_2026_to_now,2026-09-17T12:23:48+00:00
CVE-2026-69548,updated,2026-09-16,cve_2026_to_now,2026-09-17T12:23:48+00:00
CVE-2026-69549,updated,2026-09-16,cve_2026_to_now,2026-09-17T12:23:48+00:00
CVE-2026-69550,updated,2026-09-16,cve_2026_to_now,2026-09-17T12:23:48+00:00
CVE-2026-69551,updated,2026-09-16,cve_2026_to_now,2026-09-17T12:23:48+00:00
CVE-2026-69552,updated,2026-09-16,cve_2026_to_now,2026-09-17T12:23:48+00:00
CVE-2026-69553,updated,2026-09-16,cve_2026_to_now,2026-09-17T12:23:48+00:00
CVE-2026-69554,updated,2026-09-16,cve_2026_to_now,2026-09-17T12:23:48+00:00
CVE-2026-69555,updated,2026-09-16,cve_2026_to_now,2026-09-17T12:23:48+00:00
CVE-2026-69556,updated,2026-09-16,cve_2026_to_now,2026-09-17T12:23:48+00:00
CVE-2026-69558,updated,2026-09-16,cve_2026_to_now,2026-09-17T12:23:48+00:00
CVE-2026-69559,updated,2026-09-16,cve_2026_to_now,2026-09-17T12:23:48+00:00
CVE-2026-69560,updated,2026-09-16,cve_2026_to_now,2026-09-17T12:23:48+00:00
CVE-2026-69561,updated,2026-09-16,cve_2026_to_now,2026-09-17T12:23:48+00:00
CVE-2026-69562,updated,2026-09-16,cve_2026_to_now,2026-09-17T12:23:48+00:00
CVE-2026-69563,updated,2026-09-16,cve_2026_to_now,2026-09-17T12:23:48+00:00
CVE-2026-69564,updated,2026-09-16,cve_2026_to_now,2026-09-17T12:23:48+00:00
CVE-2026-69566,updated,2026-09-16,cve_2026_to_now,2026-09-17T12:23:48+00:00
CVE-2026-69567,updated,2026-09-16,cve_2026_to_now,2026-09-17T12:23:48+00:00
CVE-2026-69568,updated,2026-09-16,cve_2026_to_now,2026-09-17T12:23:48+00:00
CVE-2026-69569,updated,2026-09-16,cve_2026_to_now,2026-09-17T12:23:48+00:00
CVE-2026-69571,updated,2026-09-16,cve_2026_to_now,2026-09-17T12:23:48+00:00
CVE-2026-69572,updated,2026-09-16,cve_2026_to_now,2026-09-17T12:23:48+00:00
CVE-2026-69573,updated,2026-09-16,cve_2026_to_now,2026-09-17T12:23:48+00:00
CVE-2026-69574,updated,2026-09-16,cve_2026_to_now,2026-09-17T12:23:48+00:00
CVE-2026-69575,updated,2026-09-16,cve_2026_to_now,2026-09-17T12:23:48+00:00
CVE-2026-69576,updated,2026-09-16,cve_2026_to_now,2026-09-17T12:23:48+00:00
CVE-2026-69578,updated,2026-09-16,cve_2026_to_now,2026-09-17T12:23:48+00:00
CVE-2026-69579,updated,2026-09-16,cve_2026_to_now,2026-09-17T12:23:48+00:00
CVE-2026-69580,updated,2026-09-16,cve_2026_to_now,2026-09-17T12:23:48+00:00
CVE-2026-69581,updated,2026-09-16,cve_2026_to_now,2026-09-17T12:23:48+00:00
CVE-2026-69582,updated,2026-09-16,cve_2026_to_now,2026-09-17T12:23:48+00:00
CVE-2026-69583,updated,2026-09-16,cve_2026_to_now,2026-09-17T12:23:48+00:00
CVE-2026-69584,updated,2026-09-16,cve_2026_to_now,2026-09-17T12:23:48+00:00
CVE-2026-69585,updated,2026-09-16,cve_2026_to_now,2026-09-17T12:23:48+00:00
CVE-2026-69586,updated,2026-09-16,cve_2026_to_now,2026-09-17T12:23:48+00:00
CVE-2026-69587,updated,2026-09-16,cve_2026_to_now,2026-09-17T12:23:48+00:00
CVE-2026-69588,updated,2026-09-16,cve_2026_to_now,2026-09-17T12:23:48+00:00
CVE-2026-69589,updated,2026-09-16,cve_2026_to_now,2026-09-17T12:23:48+00:00
CVE-2026-69590,updated,2026-09-16,cve_2026_to_now,2026-09-17T12:23:48+00:00
CVE-2026-69591,updated,2026-09-16,cve_2026_to_now,2026-09-17T12:23:48+00:00
CVE-2026-69592,updated,2026-09-16,cve_2026_to_now,2026-09-17T12:23:48+00:00
CVE-2026-69593,updated,2026-09-16,cve_2026_to_now,2026-09-17T12:23:48+00:00
CVE-2026-69594,updated,2026-09-16,cve_2026_to_now,2026-09-17T12:23:48+00:00
CVE-2026-69595,updated,2026-09-16,cve_2026_to_now,2026-09-17T12:23:48+00:00
CVE-2026-69597,updated,2026-09-16,cve_2026_to_now,2026-09-17T12:23:48+00:00
CVE-2026-69598,updated,2026-09-16,cve_2026_to_now,2026-09-17T12:23:48+00:00
CVE-2026-69599,updated,2026-09-16,cve_2026_to_now,2026-09-17T12:23:48+00:00
CVE-2026-69600,updated,2026-09-16,cve_2026_to_now,2026-09-17T12:23:48+00:00
CVE-2026-69601,updated,2026-09-16,cve_2026_to_now,2026-09-17T12:23:48+00:00
CVE-2026-69602,updated,2026-09-16,cve_2026_to_now,2026-09-17T12:23:48+00:00
CVE-2026-69603,updated,2026-09-16,cve_2026_to_now,2026-09-17T12:23:48+00:00
CVE-2026-69604,updated,2026-09-16,cve_2026_to_now,2026-09-17T12:23:48+00:00
CVE-2026-69605,updated,2026-09-16,cve_2026_to_now,2026-09-17T12:23:48+00:00
CVE-2026-69606,updated,2026-09-16,cve_2026_to_now,2026-09-17T12:23:48+00:00
CVE-2026-69607,updated,2026-09-16,cve_2026_to_now,2026-09-17T12:23:48+00:00
CVE-2026-69608,updated,2026-09-16,cve_2026_to_now,2026-09-17T12:23:48+00:00
CVE-2026-69609,updated,2026-09-16,cve_2026_to_now,2026-09-17T12:23:48+00:00
CVE-2026-69610,updated,2026-09-16,cve_2026_to_now,2026-09-17T12:23:48+00:00
CVE-2026-69611,updated,2026-09-16,cve_2026_to_now,2026-09-17T12:23:48+00:00
CVE-2026-69612,updated,2026-09-16,cve_2026_to_now,2026-09-17T12:23:48+00:00
CVE-2026-69613,updated,2026-09-16,cve_2026_to_now,2026-09-17T12:23:48+00:00
CVE-2026-69614,updated,2026-09-16,cve_2026_to_now,2026-09-17T12:23:48+00:00
CVE-2026-69615,updated,2026-09-16,cve_2026_to_now,2026-09-17T12:23:48+00:00
CVE-2026-69616,updated,2026-09-16,cve_2026_to_now,2026-09-17T12:23:48+00:00
CVE-2026-69617,updated,2026-09-16,cve_2026_to_now,2026-09-17T12:23:48+00:00
CVE-2026-69618,updated,2026-09-16,cve_2026_to_now,2026-09-17T12:23:48+00:00
CVE-2026-69619,updated,2026-09-16,cve_2026_to_now,2026-09-17T12:23:48+00:00
CVE-2026-69620,updated,2026-09-16,cve_2026_to_now,2026-09-17T12:23:48+00:00
CVE-2026-69621,updated,2026-09-16,cve_2026_to_now,2026-09-17T12:23:48+00:00
CVE-2026-69623,updated,2026-09-16,cve_2026_to_now,2026-09-17T12:23:48+00:00
CVE-2026-69624,updated,2026-09-16,cve_2026_to_now,2026-09-17T12:23:48+00:00
CVE-2026-69625,updated,2026-09-16,cve_2026_to_now,2026-09-17T12:23:48+00:00
CVE-2026-69626,updated,2026-09-16,cve_2026_to_now,2026-09-17T12:23:48+00:00
CVE-2026-69627,updated,2026-09-16,cve_2026_to_now,2026-09-17T12:23:48+00:00
CVE-2026-69628,updated,2026-09-16,cve_2026_to_now,2026-09-17T12:23:48+00:00
CVE-2026-69629,updated,2026-09-16,cve_2026_to_now,2026-09-17T12:23:48+00:00
CVE-2026-69630,updated,2026-09-16,cve_2026_to_now,2026-09-17T12:23:48+00:00
CVE-2026-69631,updated,2026-09-16,cve_2026_to_now,2026-09-17T12:23:48+00:00
CVE-2026-69632,updated,2026-09-16,cve_2026_to_now,2026-09-17T12:23:48+00:00
CVE-2026-69636,updated,2026-09-16,cve_2026_to_now,2026-09-17T12:23:48+00:00
CVE-2026-69637,updated,2026-09-16,cve_2026_to_now,2026-09-17T12:23:48+00:00
CVE-2026-69638,updated,2026-09-16,cve_2026_to_now,2026-09-17T12:23:48+00:00
CVE-2026-69641,updated,2026-09-16,cve_2026_to_now,2026-09-17T12:23:48+00:00
CVE-2026-69642,updated,2026-09-16,cve_2026_to_now,2026-09-17T12:23:48+00:00
CVE-2026-69643,updated,2026-09-16,cve_2026_to_now,2026-09-17T12:23:48+00:00
CVE-2026-69645,updated,2026-09-16,cve_2026_to_now,2026-09-17T12:23:48+00:00
CVE-2026-69646,updated,2026-09-16,cve_2026_to_now,2026-09-17T12:23:48+00:00
CVE-2026-69648,updated,2026-09-16,cve_2026_to_now,2026-09-17T12:23:48+00:00
CVE-2026-69649,updated,2026-09-16,cve_2026_to_now,2026-09-17T12:23:48+00:00
CVE-2026-69652,updated,2026-09-16,cve_2026_to_now,2026-09-17T12:23:48+00:00
CVE-2026-69654,updated,2026-09-16,cve_2026_to_now,2026-09-17T12:23:48+00:00
CVE-2026-69669,updated,2026-09-16,cve_2026_to_now,2026-09-17T12:23:48+00:00
CVE-2026-69671,updated,2026-09-16,cve_2026_to_now,2026-09-17T12:23:48+00:00
CVE-2026-69672,updated,2026-09-16,cve_2026_to_now,2026-09-17T12:23:48+00:00
CVE-2026-69674,updated,2026-09-16,cve_2026_to_now,2026-09-17T12:23:48+00:00
CVE-2026-69676,updated,2026-09-16,cve_2026_to_now,2026-09-17T12:23:48+00:00
CVE-2026-69678,updated,2026-09-16,cve_2026_to_now,2026-09-17T12:23:48+00:00
CVE-2026-69679,updated,2026-09-16,cve_2026_to_now,2026-09-17T12:23:48+00:00
CVE-2026-69680,updated,2026-09-16,cve_2026_to_now,2026-09-17T12:23:48+00:00
CVE-2026-69681,updated,2026-09-16,cve_2026_to_now,2026-09-17T12:23:48+00:00
CVE-2026-69682,updated,2026-09-16,cve_2026_to_now,2026-09-17T12:23:48+00:00
CVE-2026-69683,updated,2026-09-16,cve_2026_to_now,2026-09-17T12:23:48+00:00
CVE-2026-69684,updated,2026-09-16,cve_2026_to_now,2026-09-17T12:23:48+00:00
CVE-2026-69685,updated,2026-09-16,cve_2026_to_now,2026-09-17T12:23:48+00:00
CVE-2026-69686,updated,2026-09-16,cve_2026_to_now,2026-09-17T12:23:48+00:00
CVE-2026-69687,updated,2026-09-16,cve_2026_to_now,2026-09-17T12:23:48+00:00
CVE-2026-69688,updated,2026-09-16,cve_2026_to_now,2026-09-17T12:23:48+00:00
CVE-2026-69689,updated,2026-09-16,cve_2026_to_now,2026-09-17T12:23:48+00:00
CVE-2026-69690,updated,2026-09-16,cve_2026_to_now,2026-09-17T12:23:48+00:00
CVE-2026-69691,updated,2026-09-16,cve_2026_to_now,2026-09-17T12:23:48+00:00
CVE-2026-69692,updated,2026-09-16,cve_2026_to_now,2026-09-17T12:23:48+00:00
CVE-2026-69693,updated,2026-09-16,cve_2026_to_now,2026-09-17T12:23:48+00:00
CVE-2026-69694,updated,2026-09-16,cve_2026_to_now,2026-09-17T12:23:48+00:00
CVE-2026-69706,updated,2026-09-16,cve_2026_to_now,2026-09-17T12:23:48+00:00
CVE-2026-69707,updated,2026-09-16,cve_2026_to_now,2026-09-17T12:23:48+00:00
CVE-2026-69708,updated,2026-09-16,cve_2026_to_now,2026-09-17T12:23:48+00:00
CVE-2026-69709,updated,2026-09-16,cve_2026_to_now,2026-09-17T12:23:48+00:00
CVE-2026-69710,updated,2026-09-16,cve_2026_to_now,2026-09-17T12:23:48+00:00
CVE-2026-69711,updated,2026-09-16,cve_2026_to_now,2026-09-17T12:23:48+00:00
CVE-2026-69712,updated,2026-09-16,cve_2026_to_now,2026-09-17T12:23:48+00:00
CVE-2026-69713,updated,2026-09-16,cve_2026_to_now,2026-09-17T12:23:48+00:00
CVE-2026-69714,updated,2026-09-16,cve_2026_to_now,2026-09-17T12:23:48+00:00
CVE-2026-69715,updated,2026-09-16,cve_2026_to_now,2026-09-17T12:23:48+00:00
CVE-2026-69716,updated,2026-09-16,cve_2026_to_now,2026-09-17T12:23:48+00:00
CVE-2026-69717,updated,2026-09-16,cve_2026_to_now,2026-09-17T12:23:48+00:00
CVE-2026-69719,updated,2026-09-16,cve_2026_to_now,2026-09-17T12:23:48+00:00
CVE-2026-69720,updated,2026-09-16,cve_2026_to_now,2026-09-17T12:23:48+00:00
CVE-2026-69722,updated,2026-09-16,cve_2026_to_now,2026-09-17T12:23:48+00:00
CVE-2026-69723,updated,2026-09-16,cve_2026_to_now,2026-09-17T12:23:48+00:00
CVE-2026-69724,updated,2026-09-16,cve_2026_to_now,2026-09-17T12:23:48+00:00
CVE-2026-69725,updated,2026-09-16,cve_2026_to_now,2026-09-17T12:23:48+00:00
CVE-2026-69727,updated,2026-09-16,cve_2026_to_now,2026-09-17T12:23:48+00:00
CVE-2026-69729,updated,2026-09-16,cve_2026_to_now,2026-09-17T12:23:48+00:00
CVE-2026-69730,updated,2026-09-16,cve_2026_to_now,2026-09-17T12:23:48+00:00
CVE-2026-69731,updated,2026-09-16,cve_2026_to_now,2026-09-17T12:23:48+00:00
CVE-2026-69732,updated,2026-09-16,cve_2026_to_now,2026-09-17T12:23:48+00:00
CVE-2026-69734,updated,2026-09-16,cve_2026_to_now,2026-09-17T12:23:48+00:00
CVE-2026-69735,updated,2026-09-16,cve_2026_to_now,2026-09-17T12:23:48+00:00
CVE-2026-69738,updated,2026-09-16,cve_2026_to_now,2026-09-17T12:23:48+00:00
CVE-2026-69739,updated,2026-09-16,cve_2026_to_now,2026-09-17T12:23:48+00:00
CVE-2026-69740,updated,2026-09-16,cve_2026_to_now,2026-09-17T12:23:48+00:00
CVE-2026-69741,updated,2026-09-16,cve_2026_to_now,2026-09-17T12:23:48+00:00
CVE-2026-69742,updated,2026-09-16,cve_2026_to_now,2026-09-17T12:23:48+00:00
CVE-2026-69744,updated,2026-09-16,cve_2026_to_now,2026-09-17T12:23:48+00:00
CVE-2026-69757,updated,2026-09-16,cve_2026_to_now,2026-09-17T12:23:48+00:00
CVE-2026-69758,updated,2026-09-16,cve_2026_to_now,2026-09-17T12:23:48+00:00
CVE-2026-69759,updated,2026-09-16,cve_2026_to_now,2026-09-17T12:23:48+00:00
CVE-2026-69760,updated,2026-09-16,cve_2026_to_now,2026-09-17T12:23:48+00:00
CVE-2026-69761,updated,2026-09-16,cve_2026_to_now,2026-09-17T12:23:48+00:00
CVE-2026-69762,updated,2026-09-16,cve_2026_to_now,2026-09-17T12:23:48+00:00
CVE-2026-69764,updated,2026-09-16,cve_2026_to_now,2026-09-17T12:23:48+00:00
CVE-2026-69767,updated,2026-09-16,cve_2026_to_now,2026-09-17T12:23:48+00:00
CVE-2026-69768,updated,2026-09-16,cve_2026_to_now,2026-09-17T12:23:48+00:00
CVE-2026-69769,updated,2026-09-16,cve_2026_to_now,2026-09-17T12:23:48+00:00
CVE-2026-69770,updated,2026-09-16,cve_2026_to_now,2026-09-17T12:23:48+00:00
CVE-2026-69771,updated,2026-09-16,cve_2026_to_now,2026-09-17T12:23:48+00:00
CVE-2026-69772,updated,2026-09-16,cve_2026_to_now,2026-09-17T12:23:48+00:00
CVE-2026-69773,updated,2026-09-16,cve_2026_to_now,2026-09-17T12:23:48+00:00
CVE-2026-69775,updated,2026-09-16,cve_2026_to_now,2026-09-17T12:23:48+00:00
CVE-2026-69777,updated,2026-09-16,cve_2026_to_now,2026-09-17T12:23:48+00:00
CVE-2026-69778,updated,2026-09-16,cve_2026_to_now,2026-09-17T12:23:48+00:00
CVE-2026-69779,updated,2026-09-16,cve_2026_to_now,2026-09-17T12:23:48+00:00
CVE-2026-69781,updated,2026-09-16,cve_2026_to_now,2026-09-17T12:23:48+00:00
CVE-2026-69782,updated,2026-09-16,cve_2026_to_now,2026-09-17T12:23:48+00:00
CVE-2026-69784,updated,2026-09-16,cve_2026_to_now,2026-09-17T12:23:48+00:00
CVE-2026-69785,updated,2026-09-16,cve_2026_to_now,2026-09-17T12:23:48+00:00
CVE-2026-69786,updated,2026-09-16,cve_2026_to_now,2026-09-17T12:23:48+00:00
CVE-2026-69787,updated,2026-09-16,cve_2026_to_now,2026-09-17T12:23:48+00:00
CVE-2026-69790,updated,2026-09-16,cve_2026_to_now,2026-09-17T12:23:48+00:00
CVE-2026-69791,updated,2026-09-16,cve_2026_to_now,2026-09-17T12:23:48+00:00
CVE-2026-69792,updated,2026-09-16,cve_2026_to_now,2026-09-17T12:23:48+00:00
CVE-2026-69793,updated,2026-09-16,cve_2026_to_now,2026-09-17T12:23:48+00:00
CVE-2026-69794,updated,2026-09-16,cve_2026_to_now,2026-09-17T12:23:48+00:00
CVE-2026-69797,updated,2026-09-16,cve_2026_to_now,2026-09-17T12:23:48+00:00
CVE-2026-69799,updated,2026-09-16,cve_2026_to_now,2026-09-17T12:23:48+00:00
CVE-2026-69801,updated,2026-09-16,cve_2026_to_now,2026-09-17T12:23:48+00:00
CVE-2026-69803,updated,2026-09-16,cve_2026_to_now,2026-09-17T12:23:48+00:00
CVE-2026-69804,updated,2026-09-16,cve_2026_to_now,2026-09-17T12:23:48+00:00
CVE-2026-69805,updated,2026-09-16,cve_2026_to_now,2026-09-17T12:23:48+00:00
CVE-2026-69806,updated,2026-09-16,cve_2026_to_now,2026-09-17T12:23:48+00:00
CVE-2026-69807,updated,2026-09-16,cve_2026_to_now,2026-09-17T12:23:48+00:00
CVE-2026-69808,updated,2026-09-16,cve_2026_to_now,2026-09-17T12:23:48+00:00
CVE-2026-69809,updated,2026-09-16,cve_2026_to_now,2026-09-17T12:23:48+00:00
CVE-2026-69813,updated,2026-09-16,cve_2026_to_now,2026-09-17T12:23:48+00:00
CVE-2026-69814,updated,2026-09-16,cve_2026_to_now,2026-09-17T12:23:48+00:00
CVE-2026-69816,updated,2026-09-16,cve_2026_to_now,2026-09-17T12:23:48+00:00
CVE-2026-69817,updated,2026-09-16,cve_2026_to_now,2026-09-17T12:23:48+00:00
CVE-2026-69818,updated,2026-09-16,cve_2026_to_now,2026-09-17T12:23:48+00:00
CVE-2026-69819,updated,2026-09-16,cve_2026_to_now,2026-09-17T12:23:48+00:00
CVE-2026-69820,updated,2026-09-16,cve_2026_to_now,2026-09-17T12:23:48+00:00
CVE-2026-69821,updated,2026-09-16,cve_2026_to_now,2026-09-17T12:23:48+00:00
CVE-2026-69822,updated,2026-09-16,cve_2026_to_now,2026-09-17T12:23:48+00:00
CVE-2026-69824,updated,2026-09-16,cve_2026_to_now,2026-09-17T12:23:48+00:00
CVE-2026-69826,updated,2026-09-16,cve_2026_to_now,2026-09-17T12:23:48+00:00
CVE-2026-69827,updated,2026-09-16,cve_2026_to_now,2026-09-17T12:23:48+00:00
CVE-2026-69829,updated,2026-09-16,cve_2026_to_now,2026-09-17T12:23:48+00:00
CVE-2026-69832,updated,2026-09-16,cve_2026_to_now,2026-09-17T12:23:48+00:00
CVE-2026-69834,updated,2026-09-16,cve_2026_to_now,2026-09-17T12:23:48+00:00
CVE-2026-69836,updated,2026-09-16,cve_2026_to_now,2026-09-17T12:23:48+00:00
CVE-2026-69838,updated,2026-09-16,cve_2026_to_now,2026-09-17T12:23:48+00:00
CVE-2026-69839,updated,2026-09-16,cve_2026_to_now,2026-09-17T12:23:48+00:00
CVE-2026-69841,updated,2026-09-16,cve_2026_to_now,2026-09-17T12:23:48+00:00
CVE-2026-69844,updated,2026-09-16,cve_2026_to_now,2026-09-17T12:23:48+00:00
CVE-2026-69845,updated,2026-09-16,cve_2026_to_now,2026-09-17T12:23:48+00:00
CVE-2026-69846,updated,2026-09-16,cve_2026_to_now,2026-09-17T12:23:48+00:00
CVE-2026-69847,updated,2026-09-16,cve_2026_to_now,2026-09-17T12:23:48+00:00
CVE-2026-69851,updated,2026-09-16,cve_2026_to_now,2026-09-17T12:23:48+00:00
CVE-2026-69852,updated,2026-09-16,cve_2026_to_now,2026-09-17T12:23:48+00:00
CVE-2026-69853,updated,2026-09-16,cve_2026_to_now,2026-09-17T12:23:48+00:00
CVE-2026-69854,updated,2026-09-16,cve_2026_to_now,2026-09-17T12:23:48+00:00
CVE-2026-69855,updated,2026-09-16,cve_2026_to_now,2026-09-17T12:23:48+00:00
CVE-2026-69857,updated,2026-09-16,cve_2026_to_now,2026-09-17T12:23:48+00:00
CVE-2026-69858,updated,2026-09-16,cve_2026_to_now,2026-09-17T12:23:48+00:00
CVE-2026-69859,updated,2026-09-16,cve_2026_to_now,2026-09-17T12:23:48+00:00
CVE-2026-69860,updated,2026-09-16,cve_2026_to_now,2026-09-17T12:23:48+00:00
CVE-2026-69862,updated,2026-09-16,cve_2026_to_now,2026-09-17T12:23:48+00:00
CVE-2026-69864,updated,2026-09-16,cve_2026_to_now,2026-09-17T12:23:48+00:00
CVE-2026-69866,updated,2026-09-16,cve_2026_to_now,2026-09-17T12:23:48+00:00
CVE-2026-69874,updated,2026-09-16,cve_2026_to_now,2026-09-17T12:23:48+00:00
CVE-2026-69875,updated,2026-09-16,cve_2026_to_now,2026-09-17T12:23:48+00:00
CVE-2026-69876,updated,2026-09-16,cve_2026_to_now,2026-09-17T12:23:48+00:00
CVE-2026-69878,updated,2026-09-16,cve_2026_to_now,2026-09-17T12:23:48+00:00
CVE-2026-69881,updated,2026-09-16,cve_2026_to_now,2026-09-17T12:23:48+00:00
CVE-2026-69889,updated,2026-09-16,cve_2026_to_now,2026-09-17T12:23:48+00:00
CVE-2026-69890,updated,2026-09-16,cve_2026_to_now,2026-09-17T12:23:48+00:00
CVE-2026-69891,updated,2026-09-16,cve_2026_to_now,2026-09-17T12:23:48+00:00
CVE-2026-69895,updated,2026-09-16,cve_2026_to_now,2026-09-17T12:23:48+00:00
CVE-2026-69896,updated,2026-09-16,cve_2026_to_now,2026-09-17T12:23:48+00:00
CVE-2026-69900,updated,2026-09-16,cve_2026_to_now,2026-09-17T12:23:48+00:00
CVE-2026-69904,updated,2026-09-16,cve_2026_to_now,2026-09-17T12:23:48+00:00
CVE-2026-69906,updated,2026-09-16,cve_2026_to_now,2026-09-17T12:23:48+00:00
CVE-2026-69907,updated,2026-09-16,cve_2026_to_now,2026-09-17T12:23:48+00:00
CVE-2026-69910,updated,2026-09-16,cve_2026_to_now,2026-09-17T12:23:48+00:00
CVE-2026-69911,updated,2026-09-16,cve_2026_to_now,2026-09-17T12:23:48+00:00
CVE-2026-69921,updated,2026-09-16,cve_2026_to_now,2026-09-17T12:23:48+00:00
CVE-2026-69929,updated,2026-09-16,cve_2026_to_now,2026-09-17T12:23:48+00:00
CVE-2026-69930,updated,2026-09-16,cve_2026_to_now,2026-09-17T12:23:48+00:00
CVE-2026-69989,updated,2026-09-16,cve_2026_to_now,2026-09-17T12:23:48+00:00
CVE-2026-70019,updated,2026-09-16,cve_2026_to_now,2026-09-17T12:23:48+00:00
CVE-2026-70065,updated,2026-09-16,cve_2026_to_now,2026-09-17T12:23:48+00:00
CVE-2026-70091,updated,2026-09-16,cve_2026_to_now,2026-09-17T12:23:48+00:00
CVE-2026-70105,updated,2026-09-16,cve_2026_to_now,2026-09-17T12:23:48+00:00
CVE-2026-70124,updated,2026-09-16,cve_2026_to_now,2026-09-17T12:23:48+00:00
CVE-2026-70130,updated,2026-09-16,cve_2026_to_now,2026-09-17T12:23:48+00:00
CVE-2026-70145,updated,2026-09-16,cve_2026_to_now,2026-09-17T12:23:48+00:00
CVE-2026-70178,updated,2026-09-16,cve_2026_to_now,2026-09-17T12:23:48+00:00
CVE-2026-70203,updated,2026-09-16,cve_2026_to_now,2026-09-17T12:23:48+00:00
CVE-2026-70283,updated,2026-09-16,cve_2026_to_now,2026-09-17T12:23:48+00:00
CVE-2026-70289,updated,2026-09-16,cve_2026_to_now,2026-09-17T12:23:48+00:00
CVE-2026-70290,updated,2026-09-16,cve_2026_to_now,2026-09-17T12:23:48+00:00
CVE-2026-70296,updated,2026-09-16,cve_2026_to_now,2026-09-17T12:23:48+00:00
CVE-2026-70304,updated,2026-09-16,cve_2026_to_now,2026-09-17T12:23:48+00:00
CVE-2026-70306,updated,2026-09-16,cve_2026_to_now,2026-09-17T12:23:48+00:00
CVE-2026-70307,updated,2026-09-16,cve_2026_to_now,2026-09-17T12:23:48+00:00
CVE-2026-70309,updated,2026-09-16,cve_2026_to_now,2026-09-17T12:23:48+00:00
CVE-2026-70310,updated,2026-09-16,cve_2026_to_now,2026-09-17T12:23:48+00:00
CVE-2026-70311,updated,2026-09-16,cve_2026_to_now,2026-09-17T12:23:48+00:00
CVE-2026-70312,updated,2026-09-16,cve_2026_to_now,2026-09-17T12:23:48+00:00
CVE-2026-70313,updated,2026-09-16,cve_2026_to_now,2026-09-17T12:23:48+00:00
CVE-2026-70314,updated,2026-09-16,cve_2026_to_now,2026-09-17T12:23:48+00:00
CVE-2026-70315,updated,2026-09-16,cve_2026_to_now,2026-09-17T12:23:48+00:00
CVE-2026-70316,updated,2026-09-16,cve_2026_to_now,2026-09-17T12:23:48+00:00
CVE-2026-70317,updated,2026-09-16,cve_2026_to_now,2026-09-17T12:23:48+00:00
CVE-2026-70318,updated,2026-09-16,cve_2026_to_now,2026-09-17T12:23:48+00:00
CVE-2026-70319,updated,2026-09-16,cve_2026_to_now,2026-09-17T12:23:48+00:00
CVE-2026-70320,updated,2026-09-16,cve_2026_to_now,2026-09-17T12:23:48+00:00
CVE-2026-70321,updated,2026-09-16,cve_2026_to_now,2026-09-17T12:23:48+00:00
CVE-2026-70322,updated,2026-09-16,cve_2026_to_now,2026-09-17T12:23:48+00:00
CVE-2026-70323,updated,2026-09-16,cve_2026_to_now,2026-09-17T12:23:48+00:00
CVE-2026-70324,updated,2026-09-16,cve_2026_to_now,2026-09-17T12:23:48+00:00
CVE-2026-70325,updated,2026-09-16,cve_2026_to_now,2026-09-17T12:23:48+00:00
CVE-2026-70326,updated,2026-09-16,cve_2026_to_now,2026-09-17T12:23:48+00:00
CVE-2026-70327,updated,2026-09-16,cve_2026_to_now,2026-09-17T12:23:48+00:00
CVE-2026-70328,updated,2026-09-16,cve_2026_to_now,2026-09-17T12:23:48+00:00
CVE-2026-70329,updated,2026-09-16,cve_2026_to_now,2026-09-17T12:23:48+00:00
CVE-2026-70330,updated,2026-09-16,cve_2026_to_now,2026-09-17T12:23:48+00:00
CVE-2026-70331,updated,2026-09-16,cve_2026_to_now,2026-09-17T12:23:48+00:00
CVE-2026-70332,updated,2026-09-16,cve_2026_to_now,2026-09-17T12:23:48+00:00
CVE-2026-70334,updated,2026-09-16,cve_2026_to_now,2026-09-17T12:23:48+00:00
CVE-2026-70335,updated,2026-09-16,cve_2026_to_now,2026-09-17T12:23:48+00:00
CVE-2026-70336,updated,2026-09-16,cve_2026_to_now,2026-09-17T12:23:48+00:00
CVE-2026-70337,updated,2026-09-16,cve_2026_to_now,2026-09-17T12:23:48+00:00
CVE-2026-70338,updated,2026-09-16,cve_2026_to_now,2026-09-17T12:23:48+00:00
CVE-2026-70339,updated,2026-09-16,cve_2026_to_now,2026-09-17T12:23:48+00:00
CVE-2026-70340,updated,2026-09-16,cve_2026_to_now,2026-09-17T12:23:48+00:00
CVE-2026-70341,updated,2026-09-16,cve_2026_to_now,2026-09-17T12:23:48+00:00
CVE-2026-70342,updated,2026-09-16,cve_2026_to_now,2026-09-17T12:23:48+00:00
CVE-2026-70344,updated,2026-09-16,cve_2026_to_now,2026-09-17T12:23:48+00:00
CVE-2026-70345,updated,2026-09-16,cve_2026_to_now,2026-09-17T12:23:48+00:00
CVE-2026-70346,updated,2026-09-16,cve_2026_to_now,2026-09-17T12:23:48+00:00
CVE-2026-70347,updated,2026-09-16,cve_2026_to_now,2026-09-17T12:23:48+00:00
CVE-2026-70348,updated,2026-09-16,cve_2026_to_now,2026-09-17T12:23:48+00:00
CVE-2026-70351,updated,2026-09-16,cve_2026_to_now,2026-09-17T12:23:48+00:00
CVE-2026-70352,updated,2026-09-16,cve_2026_to_now,2026-09-17T12:23:48+00:00
CVE-2026-70354,updated,2026-09-16,cve_2026_to_now,2026-09-17T12:23:48+00:00
CVE-2026-70355,updated,2026-09-16,cve_2026_to_now,2026-09-17T12:23:48+00:00
CVE-2026-70416,added,,cve_2026_to_now,2026-09-17T12:23:48+00:00
CVE-2026-70469,added,,cve_2026_to_now,2026-09-17T12:23:48+00:00
CVE-2026-70562,updated,2026-09-16,cve_2026_to_now,2026-09-17T12:23:48+00:00
CVE-2026-70563,updated,2026-09-16,cve_2026_to_now,2026-09-17T12:23:48+00:00
CVE-2026-70564,updated,2026-09-16,cve_2026_to_now,2026-09-17T12:23:48+00:00
CVE-2026-70565,updated,2026-09-16,cve_2026_to_now,2026-09-17T12:23:48+00:00
CVE-2026-70567,updated,2026-09-16,cve_2026_to_now,2026-09-17T12:23:48+00:00
CVE-2026-70568,updated,2026-09-16,cve_2026_to_now,2026-09-17T12:23:48+00:00
CVE-2026-70569,updated,2026-09-16,cve_2026_to_now,2026-09-17T12:23:48+00:00
CVE-2026-70570,updated,2026-09-16,cve_2026_to_now,2026-09-17T12:23:48+00:00
CVE-2026-70572,updated,2026-09-16,cve_2026_to_now,2026-09-17T12:23:48+00:00
CVE-2026-70573,updated,2026-09-16,cve_2026_to_now,2026-09-17T12:23:48+00:00
CVE-2026-70574,updated,2026-09-16,cve_2026_to_now,2026-09-17T12:23:48+00:00
CVE-2026-70575,updated,2026-09-16,cve_2026_to_now,2026-09-17T12:23:48+00:00
CVE-2026-70577,updated,2026-09-16,cve_2026_to_now,2026-09-17T12:23:48+00:00
CVE-2026-70578,updated,2026-09-16,cve_2026_to_now,2026-09-17T12:23:48+00:00
CVE-2026-70579,updated,2026-09-16,cve_2026_to_now,2026-09-17T12:23:48+00:00
CVE-2026-70581,updated,2026-09-16,cve_2026_to_now,2026-09-17T12:23:48+00:00
CVE-2026-70582,updated,2026-09-16,cve_2026_to_now,2026-09-17T12:23:48+00:00
CVE-2026-70583,updated,2026-09-16,cve_2026_to_now,2026-09-17T12:23:48+00:00
CVE-2026-70584,updated,2026-09-16,cve_2026_to_now,2026-09-17T12:23:48+00:00
CVE-2026-70585,updated,2026-09-16,cve_2026_to_now,2026-09-17T12:23:48+00:00
CVE-2026-70586,updated,2026-09-16,cve_2026_to_now,2026-09-17T12:23:48+00:00
CVE-2026-70587,updated,2026-09-16,cve_2026_to_now,2026-09-17T12:23:48+00:00
CVE-2026-70755,updated,2026-09-16,cve_2026_to_now,2026-09-17T12:23:48+00:00
CVE-2026-70915,updated,2026-09-16,cve_2026_to_now,2026-09-17T12:23:48+00:00
CVE-2026-71047,updated,2026-09-16,cve_2026_to_now,2026-09-17T12:23:48+00:00
CVE-2026-71133,updated,2026-09-17,cve_2026_to_now,2026-09-17T12:23:48+00:00
CVE-2026-71163,updated,2026-09-16,cve_2026_to_now,2026-09-17T12:23:48+00:00
CVE-2026-71179,added,2026-09-17,cve_2026_to_now,2026-09-17T12:23:48+00:00
CVE-2026-71180,added,2026-09-17,cve_2026_to_now,2026-09-17T12:23:48+00:00
CVE-2026-71181,added,,cve_2026_to_now,2026-09-17T12:23:48+00:00
CVE-2026-71182,added,,cve_2026_to_now,2026-09-17T12:23:48+00:00
CVE-2026-71328,updated,2026-09-16,cve_2026_to_now,2026-09-17T12:23:48+00:00
CVE-2026-71329,updated,2026-09-16,cve_2026_to_now,2026-09-17T12:23:48+00:00
CVE-2026-71330,updated,2026-09-16,cve_2026_to_now,2026-09-17T12:23:48+00:00
CVE-2026-71331,updated,2026-09-16,cve_2026_to_now,2026-09-17T12:23:48+00:00
CVE-2026-71332,updated,2026-09-16,cve_2026_to_now,2026-09-17T12:23:48+00:00
CVE-2026-71333,updated,2026-09-16,cve_2026_to_now,2026-09-17T12:23:48+00:00
CVE-2026-71334,updated,2026-09-16,cve_2026_to_now,2026-09-17T12:23:48+00:00
CVE-2026-71336,updated,2026-09-16,cve_2026_to_now,2026-09-17T12:23:48+00:00
CVE-2026-71337,updated,2026-09-16,cve_2026_to_now,2026-09-17T12:23:48+00:00
CVE-2026-71338,updated,2026-09-16,cve_2026_to_now,2026-09-17T12:23:48+00:00
CVE-2026-71339,updated,2026-09-16,cve_2026_to_now,2026-09-17T12:23:48+00:00
CVE-2026-71340,updated,2026-09-16,cve_2026_to_now,2026-09-17T12:23:48+00:00
CVE-2026-71341,updated,2026-09-16,cve_2026_to_now,2026-09-17T12:23:48+00:00
CVE-2026-71342,updated,2026-09-16,cve_2026_to_now,2026-09-17T12:23:48+00:00
CVE-2026-71343,updated,2026-09-16,cve_2026_to_now,2026-09-17T12:23:48+00:00
CVE-2026-71345,updated,2026-09-16,cve_2026_to_now,2026-09-17T12:23:48+00:00
CVE-2026-71348,updated,2026-09-16,cve_2026_to_now,2026-09-17T12:23:48+00:00
CVE-2026-71349,updated,2026-09-16,cve_2026_to_now,2026-09-17T12:23:48+00:00
CVE-2026-71350,updated,2026-09-16,cve_2026_to_now,2026-09-17T12:23:48+00:00
CVE-2026-71351,updated,2026-09-16,cve_2026_to_now,2026-09-17T12:23:48+00:00
CVE-2026-71352,updated,2026-09-16,cve_2026_to_now,2026-09-17T12:23:48+00:00
CVE-2026-71353,updated,2026-09-16,cve_2026_to_now,2026-09-17T12:23:48+00:00
CVE-2026-72926,updated,2026-09-16,cve_2026_to_now,2026-09-17T12:23:48+00:00
CVE-2026-72927,updated,2026-09-16,cve_2026_to_now,2026-09-17T12:23:48+00:00
CVE-2026-72928,updated,2026-09-16,cve_2026_to_now,2026-09-17T12:23:48+00:00
CVE-2026-72929,updated,2026-09-16,cve_2026_to_now,2026-09-17T12:23:48+00:00
CVE-2026-72930,updated,2026-09-16,cve_2026_to_now,2026-09-17T12:23:48+00:00
CVE-2026-72931,updated,2026-09-16,cve_2026_to_now,2026-09-17T12:23:48+00:00
CVE-2026-72932,updated,2026-09-16,cve_2026_to_now,2026-09-17T12:23:48+00:00
CVE-2026-72933,updated,2026-09-16,cve_2026_to_now,2026-09-17T12:23:48+00:00
CVE-2026-72935,updated,2026-09-16,cve_2026_to_now,2026-09-17T12:23:48+00:00
CVE-2026-72936,updated,2026-09-16,cve_2026_to_now,2026-09-17T12:23:48+00:00
CVE-2026-72937,updated,2026-09-16,cve_2026_to_now,2026-09-17T12:23:48+00:00
CVE-2026-72938,updated,2026-09-16,cve_2026_to_now,2026-09-17T12:23:48+00:00
CVE-2026-72939,updated,2026-09-16,cve_2026_to_now,2026-09-17T12:23:48+00:00
CVE-2026-72940,updated,2026-09-16,cve_2026_to_now,2026-09-17T12:23:48+00:00
CVE-2026-72941,updated,2026-09-16,cve_2026_to_now,2026-09-17T12:23:48+00:00
CVE-2026-72942,updated,2026-09-16,cve_2026_to_now,2026-09-17T12:23:48+00:00
CVE-2026-72943,updated,2026-09-16,cve_2026_to_now,2026-09-17T12:23:48+00:00
CVE-2026-72944,updated,2026-09-16,cve_2026_to_now,2026-09-17T12:23:48+00:00
CVE-2026-72945,updated,2026-09-16,cve_2026_to_now,2026-09-17T12:23:48+00:00
CVE-2026-72946,updated,2026-09-16,cve_2026_to_now,2026-09-17T12:23:48+00:00
CVE-2026-72947,updated,2026-09-16,cve_2026_to_now,2026-09-17T12:23:48+00:00
CVE-2026-72948,updated,2026-09-16,cve_2026_to_now,2026-09-17T12:23:48+00:00
CVE-2026-72949,updated,2026-09-16,cve_2026_to_now,2026-09-17T12:23:48+00:00
CVE-2026-72950,updated,2026-09-16,cve_2026_to_now,2026-09-17T12:23:48+00:00
CVE-2026-72952,updated,2026-09-16,cve_2026_to_now,2026-09-17T12:23:48+00:00
CVE-2026-72953,updated,2026-09-16,cve_2026_to_now,2026-09-17T12:23:48+00:00
CVE-2026-72954,updated,2026-09-16,cve_2026_to_now,2026-09-17T12:23:48+00:00
CVE-2026-72956,updated,2026-09-16,cve_2026_to_now,2026-09-17T12:23:48+00:00
CVE-2026-72957,updated,2026-09-16,cve_2026_to_now,2026-09-17T12:23:48+00:00
CVE-2026-72958,updated,2026-09-16,cve_2026_to_now,2026-09-17T12:23:48+00:00
CVE-2026-72959,updated,2026-09-16,cve_2026_to_now,2026-09-17T12:23:48+00:00
CVE-2026-72960,updated,2026-09-16,cve_2026_to_now,2026-09-17T12:23:48+00:00
CVE-2026-72961,updated,2026-09-16,cve_2026_to_now,2026-09-17T12:23:48+00:00
CVE-2026-72962,updated,2026-09-16,cve_2026_to_now,2026-09-17T12:23:48+00:00
CVE-2026-72963,updated,2026-09-16,cve_2026_to_now,2026-09-17T12:23:48+00:00
CVE-2026-72964,updated,2026-09-16,cve_2026_to_now,2026-09-17T12:23:48+00:00
CVE-2026-72965,updated,2026-09-16,cve_2026_to_now,2026-09-17T12:23:48+00:00
CVE-2026-72966,updated,2026-09-16,cve_2026_to_now,2026-09-17T12:23:48+00:00
CVE-2026-72967,updated,2026-09-16,cve_2026_to_now,2026-09-17T12:23:48+00:00
CVE-2026-72970,updated,2026-09-16,cve_2026_to_now,2026-09-17T12:23:48+00:00
CVE-2026-72971,updated,2026-09-16,cve_2026_to_now,2026-09-17T12:23:48+00:00
CVE-2026-72972,updated,2026-09-16,cve_2026_to_now,2026-09-17T12:23:48+00:00
CVE-2026-72973,updated,2026-09-16,cve_2026_to_now,2026-09-17T12:23:48+00:00
CVE-2026-72974,updated,2026-09-16,cve_2026_to_now,2026-09-17T12:23:48+00:00
CVE-2026-72975,updated,2026-09-16,cve_2026_to_now,2026-09-17T12:23:48+00:00
CVE-2026-72976,updated,2026-09-16,cve_2026_to_now,2026-09-17T12:23:48+00:00
CVE-2026-72977,updated,2026-09-16,cve_2026_to_now,2026-09-17T12:23:48+00:00
CVE-2026-72978,updated,2026-09-16,cve_2026_to_now,2026-09-17T12:23:48+00:00
CVE-2026-72979,updated,2026-09-16,cve_2026_to_now,2026-09-17T12:23:48+00:00
CVE-2026-72980,updated,2026-09-16,cve_2026_to_now,2026-09-17T12:23:48+00:00
CVE-2026-72981,updated,2026-09-16,cve_2026_to_now,2026-09-17T12:23:48+00:00
CVE-2026-72982,updated,2026-09-16,cve_2026_to_now,2026-09-17T12:23:48+00:00
CVE-2026-72983,updated,2026-09-16,cve_2026_to_now,2026-09-17T12:23:48+00:00
CVE-2026-72984,updated,2026-09-16,cve_2026_to_now,2026-09-17T12:23:48+00:00
CVE-2026-72985,updated,2026-09-16,cve_2026_to_now,2026-09-17T12:23:48+00:00
CVE-2026-72986,updated,2026-09-16,cve_2026_to_now,2026-09-17T12:23:48+00:00
CVE-2026-72987,updated,2026-09-16,cve_2026_to_now,2026-09-17T12:23:48+00:00
CVE-2026-72988,updated,2026-09-16,cve_2026_to_now,2026-09-17T12:23:48+00:00
CVE-2026-72989,updated,2026-09-16,cve_2026_to_now,2026-09-17T12:23:48+00:00
CVE-2026-72990,updated,2026-09-16,cve_2026_to_now,2026-09-17T12:23:48+00:00
CVE-2026-72991,updated,2026-09-16,cve_2026_to_now,2026-09-17T12:23:48+00:00
CVE-2026-72992,updated,2026-09-16,cve_2026_to_now,2026-09-17T12:23:48+00:00
CVE-2026-72993,updated,2026-09-16,cve_2026_to_now,2026-09-17T12:23:48+00:00
CVE-2026-72994,updated,2026-09-16,cve_2026_to_now,2026-09-17T12:23:48+00:00
CVE-2026-72995,updated,2026-09-16,cve_2026_to_now,2026-09-17T12:23:48+00:00
CVE-2026-72996,updated,2026-09-16,cve_2026_to_now,2026-09-17T12:23:48+00:00
CVE-2026-72997,updated,2026-09-16,cve_2026_to_now,2026-09-17T12:23:48+00:00
CVE-2026-72999,updated,2026-09-16,cve_2026_to_now,2026-09-17T12:23:48+00:00
CVE-2026-73000,updated,2026-09-16,cve_2026_to_now,2026-09-17T12:23:48+00:00
CVE-2026-73001,updated,2026-09-16,cve_2026_to_now,2026-09-17T12:23:48+00:00
CVE-2026-73002,updated,2026-09-16,cve_2026_to_now,2026-09-17T12:23:48+00:00
CVE-2026-73003,updated,2026-09-16,cve_2026_to_now,2026-09-17T12:23:48+00:00
CVE-2026-73004,updated,2026-09-16,cve_2026_to_now,2026-09-17T12:23:48+00:00
CVE-2026-73005,updated,2026-09-16,cve_2026_to_now,2026-09-17T12:23:48+00:00
CVE-2026-73006,updated,2026-09-16,cve_2026_to_now,2026-09-17T12:23:48+00:00
CVE-2026-73007,updated,2026-09-16,cve_2026_to_now,2026-09-17T12:23:48+00:00
CVE-2026-73008,updated,2026-09-16,cve_2026_to_now,2026-09-17T12:23:48+00:00
CVE-2026-73009,updated,2026-09-16,cve_2026_to_now,2026-09-17T12:23:48+00:00
CVE-2026-73010,updated,2026-09-16,cve_2026_to_now,2026-09-17T12:23:48+00:00
CVE-2026-73011,updated,2026-09-16,cve_2026_to_now,2026-09-17T12:23:48+00:00
CVE-2026-73012,updated,2026-09-16,cve_2026_to_now,2026-09-17T12:23:48+00:00
CVE-2026-73013,updated,2026-09-16,cve_2026_to_now,2026-09-17T12:23:48+00:00
CVE-2026-73014,updated,2026-09-16,cve_2026_to_now,2026-09-17T12:23:48+00:00
CVE-2026-73015,updated,2026-09-16,cve_2026_to_now,2026-09-17T12:23:48+00:00
CVE-2026-73016,updated,2026-09-16,cve_2026_to_now,2026-09-17T12:23:48+00:00
CVE-2026-73017,updated,2026-09-16,cve_2026_to_now,2026-09-17T12:23:48+00:00
CVE-2026-73018,updated,2026-09-16,cve_2026_to_now,2026-09-17T12:23:48+00:00
CVE-2026-73019,updated,2026-09-16,cve_2026_to_now,2026-09-17T12:23:48+00:00
CVE-2026-73020,updated,2026-09-16,cve_2026_to_now,2026-09-17T12:23:48+00:00
CVE-2026-73021,updated,2026-09-16,cve_2026_to_now,2026-09-17T12:23:48+00:00
CVE-2026-73022,updated,2026-09-16,cve_2026_to_now,2026-09-17T12:23:48+00:00
CVE-2026-73023,updated,2026-09-16,cve_2026_to_now,2026-09-17T12:23:48+00:00
CVE-2026-73024,updated,2026-09-16,cve_2026_to_now,2026-09-17T12:23:48+00:00
CVE-2026-73025,updated,2026-09-16,cve_2026_to_now,2026-09-17T12:23:48+00:00
CVE-2026-73026,updated,2026-09-16,cve_2026_to_now,2026-09-17T12:23:48+00:00
CVE-2026-73028,updated,2026-09-16,cve_2026_to_now,2026-09-17T12:23:48+00:00
CVE-2026-73029,updated,2026-09-16,cve_2026_to_now,2026-09-17T12:23:48+00:00
CVE-2026-73163,added,,cve_2026_to_now,2026-09-17T12:23:48+00:00
CVE-2026-73164,added,,cve_2026_to_now,2026-09-17T12:23:48+00:00
CVE-2026-73165,added,,cve_2026_to_now,2026-09-17T12:23:48+00:00
CVE-2026-73166,added,,cve_2026_to_now,2026-09-17T12:23:48+00:00
CVE-2026-73167,added,,cve_2026_to_now,2026-09-17T12:23:48+00:00
CVE-2026-73169,added,,cve_2026_to_now,2026-09-17T12:23:48+00:00
CVE-2026-73170,added,,cve_2026_to_now,2026-09-17T12:23:48+00:00
CVE-2026-73171,added,,cve_2026_to_now,2026-09-17T12:23:48+00:00
CVE-2026-73172,added,,cve_2026_to_now,2026-09-17T12:23:48+00:00
CVE-2026-73173,added,,cve_2026_to_now,2026-09-17T12:23:48+00:00
CVE-2026-73174,added,,cve_2026_to_now,2026-09-17T12:23:48+00:00
CVE-2026-73175,added,,cve_2026_to_now,2026-09-17T12:23:48+00:00
CVE-2026-73176,added,,cve_2026_to_now,2026-09-17T12:23:48+00:00
CVE-2026-73177,added,,cve_2026_to_now,2026-09-17T12:23:48+00:00
CVE-2026-73435,updated,,cve_2026_to_now,2026-09-17T12:23:48+00:00
CVE-2026-73436,updated,,cve_2026_to_now,2026-09-17T12:23:48+00:00
CVE-2026-73437,updated,2026-09-17,cve_2026_to_now,2026-09-17T12:23:48+00:00
CVE-2026-73438,updated,,cve_2026_to_now,2026-09-17T12:23:48+00:00
CVE-2026-73439,updated,2026-09-17,cve_2026_to_now,2026-09-17T12:23:48+00:00
CVE-2026-73440,updated,,cve_2026_to_now,2026-09-17T12:23:48+00:00
CVE-2026-73442,added,,cve_2026_to_now,2026-09-17T12:23:48+00:00
CVE-2026-73443,added,,cve_2026_to_now,2026-09-17T12:23:48+00:00
CVE-2026-73444,updated,2026-09-16,cve_2026_to_now,2026-09-17T12:23:48+00:00
CVE-2026-73445,updated,,cve_2026_to_now,2026-09-17T12:23:48+00:00
CVE-2026-73446,updated,2026-09-16,cve_2026_to_now,2026-09-17T12:23:48+00:00
CVE-2026-73447,updated,2026-09-17,cve_2026_to_now,2026-09-17T12:23:48+00:00
CVE-2026-73453,updated,2026-09-17,cve_2026_to_now,2026-09-17T12:23:48+00:00
CVE-2026-73454,updated,2026-09-17,cve_2026_to_now,2026-09-17T12:23:48+00:00
CVE-2026-73455,updated,,cve_2026_to_now,2026-09-17T12:23:48+00:00
CVE-2026-73456,added,2026-09-17,cve_2026_to_now,2026-09-17T12:23:48+00:00
CVE-2026-73457,added,,cve_2026_to_now,2026-09-17T12:23:48+00:00
CVE-2026-73459,updated,2026-09-16,cve_2026_to_now,2026-09-17T12:23:48+00:00
CVE-2026-73460,updated,2026-09-16,cve_2026_to_now,2026-09-17T12:23:48+00:00
CVE-2026-73461,updated,2026-09-17,cve_2026_to_now,2026-09-17T12:23:48+00:00
CVE-2026-73462,added,,cve_2026_to_now,2026-09-17T12:23:48+00:00
CVE-2026-73463,updated,,cve_2026_to_now,2026-09-17T12:23:48+00:00
CVE-2026-73464,updated,2026-09-17,cve_2026_to_now,2026-09-17T12:23:48+00:00
CVE-2026-73465,updated,2026-09-17,cve_2026_to_now,2026-09-17T12:23:48+00:00
CVE-2026-73466,updated,2026-09-17,cve_2026_to_now,2026-09-17T12:23:48+00:00
CVE-2026-73467,updated,2026-09-16,cve_2026_to_now,2026-09-17T12:23:48+00:00
CVE-2026-73468,updated,,cve_2026_to_now,2026-09-17T12:23:48+00:00
CVE-2026-73469,updated,,cve_2026_to_now,2026-09-17T12:23:48+00:00
CVE-2026-73496,updated,2026-09-16,cve_2026_to_now,2026-09-17T12:23:48+00:00
CVE-2026-73807,updated,2026-09-16,cve_2026_to_now,2026-09-17T12:23:48+00:00
CVE-2026-73926,updated,2026-09-16,cve_2026_to_now,2026-09-17T12:23:48+00:00
CVE-2026-73941,updated,2026-09-16,cve_2026_to_now,2026-09-17T12:23:48+00:00
CVE-2026-73942,updated,2026-09-16,cve_2026_to_now,2026-09-17T12:23:48+00:00
CVE-2026-73943,updated,2026-09-16,cve_2026_to_now,2026-09-17T12:23:48+00:00
CVE-2026-73945,updated,2026-09-16,cve_2026_to_now,2026-09-17T12:23:48+00:00
CVE-2026-73946,updated,2026-09-16,cve_2026_to_now,2026-09-17T12:23:48+00:00
CVE-2026-73948,updated,2026-09-16,cve_2026_to_now,2026-09-17T12:23:48+00:00
CVE-2026-73949,updated,2026-09-16,cve_2026_to_now,2026-09-17T12:23:48+00:00
CVE-2026-73951,updated,2026-09-16,cve_2026_to_now,2026-09-17T12:23:48+00:00
CVE-2026-73954,updated,2026-09-16,cve_2026_to_now,2026-09-17T12:23:48+00:00
CVE-2026-73955,updated,2026-09-16,cve_2026_to_now,2026-09-17T12:23:48+00:00
CVE-2026-73957,updated,2026-09-16,cve_2026_to_now,2026-09-17T12:23:48+00:00
CVE-2026-73958,updated,2026-09-16,cve_2026_to_now,2026-09-17T12:23:48+00:00
CVE-2026-73959,updated,2026-09-16,cve_2026_to_now,2026-09-17T12:23:48+00:00
CVE-2026-73962,updated,2026-09-16,cve_2026_to_now,2026-09-17T12:23:48+00:00
CVE-2026-73965,updated,2026-09-16,cve_2026_to_now,2026-09-17T12:23:48+00:00
CVE-2026-73966,updated,2026-09-16,cve_2026_to_now,2026-09-17T12:23:48+00:00
CVE-2026-74259,removed,,cve_2026_to_now,2026-09-17T12:23:48+00:00
CVE-2026-74909,added,,cve_2026_to_now,2026-09-17T12:23:48+00:00
CVE-2026-75025,added,,cve_2026_to_now,2026-09-17T12:23:48+00:00
CVE-2026-75029,added,,cve_2026_to_now,2026-09-17T12:23:48+00:00
CVE-2026-75156,updated,2026-09-16,cve_2026_to_now,2026-09-17T12:23:48+00:00
CVE-2026-75513,added,,cve_2026_to_now,2026-09-17T12:23:48+00:00
CVE-2026-75516,added,,cve_2026_to_now,2026-09-17T12:23:48+00:00
CVE-2026-75754,updated,2026-09-17,cve_2026_to_now,2026-09-17T12:23:48+00:00
CVE-2026-75808,updated,2026-09-17,cve_2026_to_now,2026-09-17T12:23:48+00:00
CVE-2026-75809,updated,2026-09-17,cve_2026_to_now,2026-09-17T12:23:48+00:00
CVE-2026-75810,updated,2026-09-17,cve_2026_to_now,2026-09-17T12:23:48+00:00
CVE-2026-75811,updated,2026-09-17,cve_2026_to_now,2026-09-17T12:23:48+00:00
CVE-2026-76104,added,,cve_2026_to_now,2026-09-17T12:23:48+00:00
CVE-2026-76151,updated,,cve_2026_to_now,2026-09-17T12:23:48+00:00
CVE-2026-76163,added,,cve_2026_to_now,2026-09-17T12:23:48+00:00
CVE-2026-76186,updated,,cve_2026_to_now,2026-09-17T12:23:48+00:00
CVE-2026-76187,updated,,cve_2026_to_now,2026-09-17T12:23:48+00:00
CVE-2026-76409,added,,cve_2026_to_now,2026-09-17T12:23:48+00:00
CVE-2026-76412,added,2026-09-17,cve_2026_to_now,2026-09-17T12:23:48+00:00
CVE-2026-76413,added,,cve_2026_to_now,2026-09-17T12:23:48+00:00
CVE-2026-76420,added,2026-09-17,cve_2026_to_now,2026-09-17T12:23:48+00:00
CVE-2026-76423,added,2026-09-17,cve_2026_to_now,2026-09-17T12:23:48+00:00
CVE-2026-76424,added,2026-09-17,cve_2026_to_now,2026-09-17T12:23:48+00:00
CVE-2026-76425,added,,cve_2026_to_now,2026-09-17T12:23:48+00:00
CVE-2026-76426,added,,cve_2026_to_now,2026-09-17T12:23:48+00:00
CVE-2026-76427,added,,cve_2026_to_now,2026-09-17T12:23:48+00:00
CVE-2026-76428,added,,cve_2026_to_now,2026-09-17T12:23:48+00:00
CVE-2026-76431,added,,cve_2026_to_now,2026-09-17T12:23:48+00:00
CVE-2026-76432,added,,cve_2026_to_now,2026-09-17T12:23:48+00:00
CVE-2026-76433,added,,cve_2026_to_now,2026-09-17T12:23:48+00:00
CVE-2026-76434,added,,cve_2026_to_now,2026-09-17T12:23:48+00:00
CVE-2026-76438,added,,cve_2026_to_now,2026-09-17T12:23:48+00:00
CVE-2026-76439,added,,cve_2026_to_now,2026-09-17T12:23:48+00:00
CVE-2026-76444,added,,cve_2026_to_now,2026-09-17T12:23:48+00:00
CVE-2026-76446,added,,cve_2026_to_now,2026-09-17T12:23:48+00:00
CVE-2026-76447,added,,cve_2026_to_now,2026-09-17T12:23:48+00:00
CVE-2026-76448,added,,cve_2026_to_now,2026-09-17T12:23:48+00:00
CVE-2026-76449,added,,cve_2026_to_now,2026-09-17T12:23:48+00:00
CVE-2026-76450,added,,cve_2026_to_now,2026-09-17T12:23:48+00:00
CVE-2026-76451,added,,cve_2026_to_now,2026-09-17T12:23:48+00:00
CVE-2026-76460,added,2026-09-17,cve_2026_to_now,2026-09-17T12:23:48+00:00
CVE-2026-76646,added,,cve_2026_to_now,2026-09-17T12:23:48+00:00
CVE-2026-76820,updated,2026-09-16,cve_2026_to_now,2026-09-17T12:23:48+00:00
CVE-2026-76821,updated,2026-09-16,cve_2026_to_now,2026-09-17T12:23:48+00:00
CVE-2026-76825,added,,cve_2026_to_now,2026-09-17T12:23:48+00:00
CVE-2026-76853,updated,2026-09-16,cve_2026_to_now,2026-09-17T12:23:48+00:00
CVE-2026-76855,updated,2026-09-16,cve_2026_to_now,2026-09-17T12:23:48+00:00
CVE-2026-76858,updated,2026-09-16,cve_2026_to_now,2026-09-17T12:23:48+00:00
CVE-2026-76860,updated,2026-09-16,cve_2026_to_now,2026-09-17T12:23:48+00:00
CVE-2026-76863,updated,2026-09-16,cve_2026_to_now,2026-09-17T12:23:48+00:00
CVE-2026-76865,updated,2026-09-16,cve_2026_to_now,2026-09-17T12:23:48+00:00
CVE-2026-76868,updated,2026-09-16,cve_2026_to_now,2026-09-17T12:23:48+00:00
CVE-2026-76870,updated,2026-09-16,cve_2026_to_now,2026-09-17T12:23:48+00:00
CVE-2026-76873,updated,2026-09-16,cve_2026_to_now,2026-09-17T12:23:48+00:00
CVE-2026-77119,added,,cve_2026_to_now,2026-09-17T12:23:48+00:00
CVE-2026-77127,updated,2026-09-16,cve_2026_to_now,2026-09-17T12:23:48+00:00
CVE-2026-77190,updated,,cve_2026_to_now,2026-09-17T12:23:48+00:00
CVE-2026-77360,added,,cve_2026_to_now,2026-09-17T12:23:48+00:00
CVE-2026-77401,added,,cve_2026_to_now,2026-09-17T12:23:48+00:00
CVE-2026-77403,added,,cve_2026_to_now,2026-09-17T12:23:48+00:00
CVE-2026-77404,added,,cve_2026_to_now,2026-09-17T12:23:48+00:00
CVE-2026-77405,added,,cve_2026_to_now,2026-09-17T12:23:48+00:00
CVE-2026-77406,added,,cve_2026_to_now,2026-09-17T12:23:48+00:00
CVE-2026-77407,added,,cve_2026_to_now,2026-09-17T12:23:48+00:00
CVE-2026-77408,added,,cve_2026_to_now,2026-09-17T12:23:48+00:00
CVE-2026-77409,added,,cve_2026_to_now,2026-09-17T12:23:48+00:00
CVE-2026-77410,added,,cve_2026_to_now,2026-09-17T12:23:48+00:00
CVE-2026-77411,added,,cve_2026_to_now,2026-09-17T12:23:48+00:00
CVE-2026-77412,added,,cve_2026_to_now,2026-09-17T12:23:48+00:00
CVE-2026-77480,updated,2026-09-16,cve_2026_to_now,2026-09-17T12:23:48+00:00
CVE-2026-77481,updated,2026-09-16,cve_2026_to_now,2026-09-17T12:23:48+00:00
CVE-2026-77482,updated,2026-09-16,cve_2026_to_now,2026-09-17T12:23:48+00:00
CVE-2026-77483,updated,2026-09-16,cve_2026_to_now,2026-09-17T12:23:48+00:00
CVE-2026-77484,updated,2026-09-16,cve_2026_to_now,2026-09-17T12:23:48+00:00
CVE-2026-77485,updated,2026-09-16,cve_2026_to_now,2026-09-17T12:23:48+00:00
CVE-2026-77486,updated,2026-09-16,cve_2026_to_now,2026-09-17T12:23:48+00:00
CVE-2026-77487,updated,2026-09-16,cve_2026_to_now,2026-09-17T12:23:48+00:00
CVE-2026-77488,updated,2026-09-16,cve_2026_to_now,2026-09-17T12:23:48+00:00
CVE-2026-77489,updated,2026-09-16,cve_2026_to_now,2026-09-17T12:23:48+00:00
CVE-2026-77490,updated,2026-09-16,cve_2026_to_now,2026-09-17T12:23:48+00:00
CVE-2026-77491,updated,2026-09-16,cve_2026_to_now,2026-09-17T12:23:48+00:00
CVE-2026-77492,updated,2026-09-16,cve_2026_to_now,2026-09-17T12:23:48+00:00
CVE-2026-77493,updated,2026-09-16,cve_2026_to_now,2026-09-17T12:23:48+00:00
CVE-2026-77494,updated,2026-09-16,cve_2026_to_now,2026-09-17T12:23:48+00:00
CVE-2026-77495,updated,2026-09-16,cve_2026_to_now,2026-09-17T12:23:48+00:00
CVE-2026-77498,updated,2026-09-16,cve_2026_to_now,2026-09-17T12:23:48+00:00
CVE-2026-77499,updated,2026-09-16,cve_2026_to_now,2026-09-17T12:23:48+00:00
CVE-2026-77500,updated,2026-09-16,cve_2026_to_now,2026-09-17T12:23:48+00:00
CVE-2026-77501,updated,2026-09-16,cve_2026_to_now,2026-09-17T12:23:48+00:00
CVE-2026-77502,updated,2026-09-16,cve_2026_to_now,2026-09-17T12:23:48+00:00
CVE-2026-77503,updated,2026-09-16,cve_2026_to_now,2026-09-17T12:23:48+00:00
CVE-2026-77504,updated,2026-09-16,cve_2026_to_now,2026-09-17T12:23:48+00:00
CVE-2026-77505,updated,2026-09-16,cve_2026_to_now,2026-09-17T12:23:48+00:00
CVE-2026-77692,added,,cve_2026_to_now,2026-09-17T12:23:48+00:00
CVE-2026-77860,updated,,cve_2026_to_now,2026-09-17T12:23:48+00:00
CVE-2026-77886,updated,2026-09-16,cve_2026_to_now,2026-09-17T12:23:48+00:00
CVE-2026-77887,updated,2026-09-16,cve_2026_to_now,2026-09-17T12:23:48+00:00
CVE-2026-77888,updated,2026-09-16,cve_2026_to_now,2026-09-17T12:23:48+00:00
CVE-2026-77889,updated,2026-09-16,cve_2026_to_now,2026-09-17T12:23:48+00:00
CVE-2026-77890,updated,2026-09-16,cve_2026_to_now,2026-09-17T12:23:48+00:00
CVE-2026-77891,updated,2026-09-16,cve_2026_to_now,2026-09-17T12:23:48+00:00
CVE-2026-77892,updated,2026-09-16,cve_2026_to_now,2026-09-17T12:23:48+00:00
CVE-2026-77893,updated,2026-09-16,cve_2026_to_now,2026-09-17T12:23:48+00:00
CVE-2026-77894,updated,2026-09-16,cve_2026_to_now,2026-09-17T12:23:48+00:00
CVE-2026-77895,updated,2026-09-16,cve_2026_to_now,2026-09-17T12:23:48+00:00
CVE-2026-77896,updated,2026-09-16,cve_2026_to_now,2026-09-17T12:23:48+00:00
CVE-2026-77897,updated,2026-09-16,cve_2026_to_now,2026-09-17T12:23:48+00:00
CVE-2026-77898,updated,2026-09-16,cve_2026_to_now,2026-09-17T12:23:48+00:00
CVE-2026-77899,updated,2026-09-16,cve_2026_to_now,2026-09-17T12:23:48+00:00
CVE-2026-77901,updated,2026-09-16,cve_2026_to_now,2026-09-17T12:23:48+00:00
CVE-2026-77904,updated,2026-09-16,cve_2026_to_now,2026-09-17T12:23:48+00:00
CVE-2026-77905,updated,2026-09-16,cve_2026_to_now,2026-09-17T12:23:48+00:00
CVE-2026-77906,updated,2026-09-16,cve_2026_to_now,2026-09-17T12:23:48+00:00
CVE-2026-77907,updated,2026-09-16,cve_2026_to_now,2026-09-17T12:23:48+00:00
CVE-2026-77908,updated,2026-09-16,cve_2026_to_now,2026-09-17T12:23:48+00:00
CVE-2026-77909,updated,2026-09-16,cve_2026_to_now,2026-09-17T12:23:48+00:00
CVE-2026-77911,updated,2026-09-16,cve_2026_to_now,2026-09-17T12:23:48+00:00
CVE-2026-77955,updated,,cve_2026_to_now,2026-09-17T12:23:48+00:00
CVE-2026-78088,updated,,cve_2026_to_now,2026-09-17T12:23:48+00:00
CVE-2026-78225,updated,2026-09-16,cve_2026_to_now,2026-09-17T12:23:48+00:00
CVE-2026-78227,updated,,cve_2026_to_now,2026-09-17T12:23:48+00:00
CVE-2026-78252,updated,,cve_2026_to_now,2026-09-17T12:23:48+00:00
CVE-2026-78296,added,,cve_2026_to_now,2026-09-17T12:23:48+00:00
CVE-2026-78301,added,,cve_2026_to_now,2026-09-17T12:23:48+00:00
CVE-2026-78425,added,,cve_2026_to_now,2026-09-17T12:23:48+00:00
CVE-2026-78426,added,,cve_2026_to_now,2026-09-17T12:23:48+00:00
CVE-2026-78427,added,,cve_2026_to_now,2026-09-17T12:23:48+00:00
CVE-2026-78428,added,,cve_2026_to_now,2026-09-17T12:23:48+00:00
CVE-2026-78439,updated,2026-09-16,cve_2026_to_now,2026-09-17T12:23:48+00:00
CVE-2026-78441,updated,2026-09-16,cve_2026_to_now,2026-09-17T12:23:48+00:00
CVE-2026-78442,updated,2026-09-16,cve_2026_to_now,2026-09-17T12:23:48+00:00
CVE-2026-78444,updated,2026-09-16,cve_2026_to_now,2026-09-17T12:23:48+00:00
CVE-2026-78445,updated,2026-09-16,cve_2026_to_now,2026-09-17T12:23:48+00:00
CVE-2026-78446,updated,2026-09-16,cve_2026_to_now,2026-09-17T12:23:48+00:00
CVE-2026-78447,updated,2026-09-16,cve_2026_to_now,2026-09-17T12:23:48+00:00
CVE-2026-78448,updated,2026-09-16,cve_2026_to_now,2026-09-17T12:23:48+00:00
CVE-2026-78449,updated,2026-09-16,cve_2026_to_now,2026-09-17T12:23:48+00:00
CVE-2026-78450,updated,2026-09-16,cve_2026_to_now,2026-09-17T12:23:48+00:00
CVE-2026-78451,updated,2026-09-16,cve_2026_to_now,2026-09-17T12:23:48+00:00
CVE-2026-78452,updated,2026-09-16,cve_2026_to_now,2026-09-17T12:23:48+00:00
CVE-2026-78453,updated,2026-09-16,cve_2026_to_now,2026-09-17T12:23:48+00:00
CVE-2026-78454,updated,2026-09-16,cve_2026_to_now,2026-09-17T12:23:48+00:00
CVE-2026-78455,updated,2026-09-16,cve_2026_to_now,2026-09-17T12:23:48+00:00
CVE-2026-78456,updated,2026-09-16,cve_2026_to_now,2026-09-17T12:23:48+00:00
CVE-2026-78457,updated,2026-09-16,cve_2026_to_now,2026-09-17T12:23:48+00:00
CVE-2026-78461,updated,2026-09-16,cve_2026_to_now,2026-09-17T12:23:48+00:00
CVE-2026-78462,updated,2026-09-16,cve_2026_to_now,2026-09-17T12:23:48+00:00
CVE-2026-78463,updated,2026-09-16,cve_2026_to_now,2026-09-17T12:23:48+00:00
CVE-2026-78464,updated,2026-09-16,cve_2026_to_now,2026-09-17T12:23:48+00:00
CVE-2026-78502,updated,2026-09-16,cve_2026_to_now,2026-09-17T12:23:48+00:00
CVE-2026-78503,updated,2026-09-16,cve_2026_to_now,2026-09-17T12:23:48+00:00
CVE-2026-78504,updated,2026-09-16,cve_2026_to_now,2026-09-17T12:23:48+00:00
CVE-2026-78505,updated,2026-09-16,cve_2026_to_now,2026-09-17T12:23:48+00:00
CVE-2026-78506,updated,2026-09-16,cve_2026_to_now,2026-09-17T12:23:48+00:00
CVE-2026-78507,updated,2026-09-16,cve_2026_to_now,2026-09-17T12:23:48+00:00
CVE-2026-78508,updated,2026-09-16,cve_2026_to_now,2026-09-17T12:23:48+00:00
CVE-2026-78509,updated,2026-09-16,cve_2026_to_now,2026-09-17T12:23:48+00:00
CVE-2026-78510,updated,2026-09-16,cve_2026_to_now,2026-09-17T12:23:48+00:00
CVE-2026-78511,updated,2026-09-16,cve_2026_to_now,2026-09-17T12:23:48+00:00
CVE-2026-78512,updated,2026-09-16,cve_2026_to_now,2026-09-17T12:23:48+00:00
CVE-2026-78513,updated,2026-09-16,cve_2026_to_now,2026-09-17T12:23:48+00:00
CVE-2026-78514,updated,2026-09-16,cve_2026_to_now,2026-09-17T12:23:48+00:00
CVE-2026-78515,updated,2026-09-16,cve_2026_to_now,2026-09-17T12:23:48+00:00
CVE-2026-78516,updated,2026-09-16,cve_2026_to_now,2026-09-17T12:23:48+00:00
CVE-2026-78517,updated,2026-09-16,cve_2026_to_now,2026-09-17T12:23:48+00:00
CVE-2026-78518,updated,2026-09-16,cve_2026_to_now,2026-09-17T12:23:48+00:00
CVE-2026-78519,updated,2026-09-16,cve_2026_to_now,2026-09-17T12:23:48+00:00
CVE-2026-78520,updated,2026-09-16,cve_2026_to_now,2026-09-17T12:23:48+00:00
CVE-2026-78521,updated,2026-09-16,cve_2026_to_now,2026-09-17T12:23:48+00:00
CVE-2026-78522,updated,2026-09-16,cve_2026_to_now,2026-09-17T12:23:48+00:00
CVE-2026-78523,updated,2026-09-16,cve_2026_to_now,2026-09-17T12:23:48+00:00
CVE-2026-78524,updated,2026-09-16,cve_2026_to_now,2026-09-17T12:23:48+00:00
CVE-2026-78525,updated,2026-09-16,cve_2026_to_now,2026-09-17T12:23:48+00:00
CVE-2026-78526,updated,2026-09-16,cve_2026_to_now,2026-09-17T12:23:48+00:00
CVE-2026-79298,added,,cve_2026_to_now,2026-09-17T12:23:48+00:00
CVE-2026-79411,updated,2026-09-16,cve_2026_to_now,2026-09-17T12:23:48+00:00
CVE-2026-79651,added,,cve_2026_to_now,2026-09-17T12:23:48+00:00
CVE-2026-79652,updated,2026-09-16,cve_2026_to_now,2026-09-17T12:23:48+00:00
CVE-2026-79708,updated,,cve_2026_to_now,2026-09-17T12:23:48+00:00
CVE-2026-79770,updated,2026-09-16,cve_2026_to_now,2026-09-17T12:23:48+00:00
CVE-2026-79970,updated,2026-09-16,cve_2026_to_now,2026-09-17T12:23:48+00:00
CVE-2026-79994,updated,2026-09-16,cve_2026_to_now,2026-09-17T12:23:48+00:00
CVE-2026-80073,updated,2026-09-16,cve_2026_to_now,2026-09-17T12:23:48+00:00
CVE-2026-80074,updated,2026-09-16,cve_2026_to_now,2026-09-17T12:23:48+00:00
CVE-2026-80075,updated,2026-09-16,cve_2026_to_now,2026-09-17T12:23:48+00:00
CVE-2026-80076,updated,2026-09-16,cve_2026_to_now,2026-09-17T12:23:48+00:00
CVE-2026-80077,updated,2026-09-16,cve_2026_to_now,2026-09-17T12:23:48+00:00
CVE-2026-80078,updated,2026-09-16,cve_2026_to_now,2026-09-17T12:23:48+00:00
CVE-2026-80079,updated,2026-09-16,cve_2026_to_now,2026-09-17T12:23:48+00:00
CVE-2026-80080,updated,2026-09-16,cve_2026_to_now,2026-09-17T12:23:48+00:00
CVE-2026-80081,updated,2026-09-16,cve_2026_to_now,2026-09-17T12:23:48+00:00
CVE-2026-80082,updated,2026-09-16,cve_2026_to_now,2026-09-17T12:23:48+00:00
CVE-2026-80083,updated,2026-09-16,cve_2026_to_now,2026-09-17T12:23:48+00:00
CVE-2026-80084,updated,2026-09-16,cve_2026_to_now,2026-09-17T12:23:48+00:00
CVE-2026-80085,updated,2026-09-16,cve_2026_to_now,2026-09-17T12:23:48+00:00
CVE-2026-80086,updated,2026-09-16,cve_2026_to_now,2026-09-17T12:23:48+00:00
CVE-2026-80087,updated,2026-09-16,cve_2026_to_now,2026-09-17T12:23:48+00:00
CVE-2026-80088,updated,2026-09-16,cve_2026_to_now,2026-09-17T12:23:48+00:00
CVE-2026-80089,updated,2026-09-16,cve_2026_to_now,2026-09-17T12:23:48+00:00
CVE-2026-80090,updated,2026-09-16,cve_2026_to_now,2026-09-17T12:23:48+00:00
CVE-2026-80091,updated,2026-09-16,cve_2026_to_now,2026-09-17T12:23:48+00:00
CVE-2026-80093,updated,2026-09-16,cve_2026_to_now,2026-09-17T12:23:48+00:00
CVE-2026-80096,updated,2026-09-16,cve_2026_to_now,2026-09-17T12:23:48+00:00
CVE-2026-80097,updated,2026-09-16,cve_2026_to_now,2026-09-17T12:23:48+00:00
CVE-2026-80098,updated,2026-09-16,cve_2026_to_now,2026-09-17T12:23:48+00:00
CVE-2026-80225,updated,,cve_2026_to_now,2026-09-17T12:23:48+00:00
CVE-2026-80274,added,,cve_2026_to_now,2026-09-17T12:23:48+00:00
CVE-2026-81176,added,,cve_2026_to_now,2026-09-17T12:23:48+00:00
CVE-2026-81236,updated,2026-09-16,cve_2026_to_now,2026-09-17T12:23:48+00:00
CVE-2026-81239,updated,2026-09-17,cve_2026_to_now,2026-09-17T12:23:48+00:00
CVE-2026-81240,updated,2026-09-17,cve_2026_to_now,2026-09-17T12:23:48+00:00
CVE-2026-81326,updated,,cve_2026_to_now,2026-09-17T12:23:48+00:00
CVE-2026-81349,updated,2026-09-16,cve_2026_to_now,2026-09-17T12:23:48+00:00
CVE-2026-81352,updated,2026-09-16,cve_2026_to_now,2026-09-17T12:23:48+00:00
CVE-2026-81353,updated,2026-09-16,cve_2026_to_now,2026-09-17T12:23:48+00:00
CVE-2026-81354,updated,2026-09-16,cve_2026_to_now,2026-09-17T12:23:48+00:00
CVE-2026-81355,updated,2026-09-16,cve_2026_to_now,2026-09-17T12:23:48+00:00
CVE-2026-81356,updated,2026-09-16,cve_2026_to_now,2026-09-17T12:23:48+00:00
CVE-2026-81357,updated,2026-09-16,cve_2026_to_now,2026-09-17T12:23:48+00:00
CVE-2026-81376,updated,2026-09-16,cve_2026_to_now,2026-09-17T12:23:48+00:00
CVE-2026-81377,updated,2026-09-16,cve_2026_to_now,2026-09-17T12:23:48+00:00
CVE-2026-81378,updated,2026-09-16,cve_2026_to_now,2026-09-17T12:23:48+00:00
CVE-2026-81379,updated,2026-09-16,cve_2026_to_now,2026-09-17T12:23:48+00:00
CVE-2026-81380,updated,2026-09-16,cve_2026_to_now,2026-09-17T12:23:48+00:00
CVE-2026-81381,updated,2026-09-16,cve_2026_to_now,2026-09-17T12:23:48+00:00
CVE-2026-81383,updated,2026-09-16,cve_2026_to_now,2026-09-17T12:23:48+00:00
CVE-2026-81385,updated,2026-09-16,cve_2026_to_now,2026-09-17T12:23:48+00:00
CVE-2026-81386,updated,2026-09-16,cve_2026_to_now,2026-09-17T12:23:48+00:00
CVE-2026-81387,updated,2026-09-16,cve_2026_to_now,2026-09-17T12:23:48+00:00
CVE-2026-81388,updated,2026-09-16,cve_2026_to_now,2026-09-17T12:23:48+00:00
CVE-2026-81389,updated,2026-09-16,cve_2026_to_now,2026-09-17T12:23:48+00:00
CVE-2026-81390,updated,2026-09-16,cve_2026_to_now,2026-09-17T12:23:48+00:00
CVE-2026-81391,updated,2026-09-16,cve_2026_to_now,2026-09-17T12:23:48+00:00
CVE-2026-81392,updated,2026-09-16,cve_2026_to_now,2026-09-17T12:23:48+00:00
CVE-2026-81393,updated,2026-09-16,cve_2026_to_now,2026-09-17T12:23:48+00:00
CVE-2026-81394,updated,2026-09-16,cve_2026_to_now,2026-09-17T12:23:48+00:00
CVE-2026-81395,updated,2026-09-16,cve_2026_to_now,2026-09-17T12:23:48+00:00
CVE-2026-81396,updated,2026-09-16,cve_2026_to_now,2026-09-17T12:23:48+00:00
CVE-2026-81397,updated,2026-09-16,cve_2026_to_now,2026-09-17T12:23:48+00:00
CVE-2026-81398,updated,2026-09-16,cve_2026_to_now,2026-09-17T12:23:48+00:00
CVE-2026-81399,updated,2026-09-16,cve_2026_to_now,2026-09-17T12:23:48+00:00
CVE-2026-81400,updated,2026-09-16,cve_2026_to_now,2026-09-17T12:23:48+00:00
CVE-2026-81401,updated,2026-09-16,cve_2026_to_now,2026-09-17T12:23:48+00:00
CVE-2026-81438,added,,cve_2026_to_now,2026-09-17T12:23:48+00:00
CVE-2026-81439,added,,cve_2026_to_now,2026-09-17T12:23:48+00:00
CVE-2026-81440,added,,cve_2026_to_now,2026-09-17T12:23:48+00:00
CVE-2026-81441,added,,cve_2026_to_now,2026-09-17T12:23:48+00:00
CVE-2026-81474,added,,cve_2026_to_now,2026-09-17T12:23:48+00:00
CVE-2026-81475,added,,cve_2026_to_now,2026-09-17T12:23:48+00:00
CVE-2026-81476,added,,cve_2026_to_now,2026-09-17T12:23:48+00:00
CVE-2026-81477,added,,cve_2026_to_now,2026-09-17T12:23:48+00:00
CVE-2026-81478,added,,cve_2026_to_now,2026-09-17T12:23:48+00:00
CVE-2026-81479,added,,cve_2026_to_now,2026-09-17T12:23:48+00:00
CVE-2026-81480,added,,cve_2026_to_now,2026-09-17T12:23:48+00:00
CVE-2026-81546,added,,cve_2026_to_now,2026-09-17T12:23:48+00:00
CVE-2026-81563,added,,cve_2026_to_now,2026-09-17T12:23:48+00:00
CVE-2026-81634,updated,,cve_2026_to_now,2026-09-17T12:23:48+00:00
CVE-2026-81642,updated,,cve_2026_to_now,2026-09-17T12:23:48+00:00
CVE-2026-81665,updated,2026-09-17,cve_2026_to_now,2026-09-17T12:23:48+00:00
CVE-2026-81736,added,,cve_2026_to_now,2026-09-17T12:23:48+00:00
CVE-2026-81855,updated,2026-09-16,cve_2026_to_now,2026-09-17T12:23:48+00:00
CVE-2026-81866,added,,cve_2026_to_now,2026-09-17T12:23:48+00:00
CVE-2026-81869,added,,cve_2026_to_now,2026-09-17T12:23:48+00:00
CVE-2026-81870,added,,cve_2026_to_now,2026-09-17T12:23:48+00:00
CVE-2026-81871,added,,cve_2026_to_now,2026-09-17T12:23:48+00:00
CVE-2026-81872,added,,cve_2026_to_now,2026-09-17T12:23:48+00:00
CVE-2026-81875,added,,cve_2026_to_now,2026-09-17T12:23:48+00:00
CVE-2026-81876,added,,cve_2026_to_now,2026-09-17T12:23:48+00:00
CVE-2026-81925,updated,2026-09-16,cve_2026_to_now,2026-09-17T12:23:48+00:00
CVE-2026-81926,updated,2026-09-16,cve_2026_to_now,2026-09-17T12:23:48+00:00
CVE-2026-81927,updated,2026-09-16,cve_2026_to_now,2026-09-17T12:23:48+00:00
CVE-2026-81947,updated,2026-09-16,cve_2026_to_now,2026-09-17T12:23:48+00:00
CVE-2026-81948,updated,2026-09-16,cve_2026_to_now,2026-09-17T12:23:48+00:00
CVE-2026-81949,updated,2026-09-16,cve_2026_to_now,2026-09-17T12:23:48+00:00
CVE-2026-81950,updated,2026-09-16,cve_2026_to_now,2026-09-17T12:23:48+00:00
CVE-2026-81951,updated,2026-09-16,cve_2026_to_now,2026-09-17T12:23:48+00:00
CVE-2026-81952,updated,2026-09-16,cve_2026_to_now,2026-09-17T12:23:48+00:00
CVE-2026-81953,updated,2026-09-16,cve_2026_to_now,2026-09-17T12:23:48+00:00
CVE-2026-81954,updated,2026-09-16,cve_2026_to_now,2026-09-17T12:23:48+00:00
CVE-2026-81955,updated,2026-09-16,cve_2026_to_now,2026-09-17T12:23:48+00:00
CVE-2026-81956,updated,2026-09-16,cve_2026_to_now,2026-09-17T12:23:48+00:00
CVE-2026-81957,updated,2026-09-16,cve_2026_to_now,2026-09-17T12:23:48+00:00
CVE-2026-81958,updated,2026-09-16,cve_2026_to_now,2026-09-17T12:23:48+00:00
CVE-2026-81959,updated,2026-09-16,cve_2026_to_now,2026-09-17T12:23:48+00:00
CVE-2026-81960,updated,2026-09-16,cve_2026_to_now,2026-09-17T12:23:48+00:00
CVE-2026-81963,updated,2026-09-16,cve_2026_to_now,2026-09-17T12:23:48+00:00
CVE-2026-82028,updated,2026-09-16,cve_2026_to_now,2026-09-17T12:23:48+00:00
CVE-2026-82310,updated,,cve_2026_to_now,2026-09-17T12:23:48+00:00
CVE-2026-82311,updated,,cve_2026_to_now,2026-09-17T12:23:48+00:00
CVE-2026-82399,added,,cve_2026_to_now,2026-09-17T12:23:48+00:00
CVE-2026-82410,added,,cve_2026_to_now,2026-09-17T12:23:48+00:00
CVE-2026-82561,added,,cve_2026_to_now,2026-09-17T12:23:48+00:00
CVE-2026-82567,updated,2026-09-16,cve_2026_to_now,2026-09-17T12:23:48+00:00
CVE-2026-82717,updated,,cve_2026_to_now,2026-09-17T12:23:48+00:00
CVE-2026-82720,updated,,cve_2026_to_now,2026-09-17T12:23:48+00:00
CVE-2026-82964,added,,cve_2026_to_now,2026-09-17T12:23:48+00:00
CVE-2026-82992,updated,2026-09-16,cve_2026_to_now,2026-09-17T12:23:48+00:00
CVE-2026-82993,updated,2026-09-16,cve_2026_to_now,2026-09-17T12:23:48+00:00
CVE-2026-82996,updated,2026-09-16,cve_2026_to_now,2026-09-17T12:23:48+00:00
CVE-2026-82997,updated,2026-09-16,cve_2026_to_now,2026-09-17T12:23:48+00:00
CVE-2026-82998,updated,2026-09-16,cve_2026_to_now,2026-09-17T12:23:48+00:00
CVE-2026-82999,updated,2026-09-16,cve_2026_to_now,2026-09-17T12:23:48+00:00
CVE-2026-83001,updated,2026-09-16,cve_2026_to_now,2026-09-17T12:23:48+00:00
CVE-2026-83002,updated,2026-09-16,cve_2026_to_now,2026-09-17T12:23:48+00:00
CVE-2026-83003,updated,2026-09-16,cve_2026_to_now,2026-09-17T12:23:48+00:00
CVE-2026-83004,updated,2026-09-16,cve_2026_to_now,2026-09-17T12:23:48+00:00
CVE-2026-83005,updated,2026-09-16,cve_2026_to_now,2026-09-17T12:23:48+00:00
CVE-2026-83006,updated,2026-09-16,cve_2026_to_now,2026-09-17T12:23:48+00:00
CVE-2026-83007,updated,2026-09-16,cve_2026_to_now,2026-09-17T12:23:48+00:00
CVE-2026-83008,updated,2026-09-16,cve_2026_to_now,2026-09-17T12:23:48+00:00
CVE-2026-83009,updated,2026-09-16,cve_2026_to_now,2026-09-17T12:23:48+00:00
CVE-2026-83010,updated,2026-09-16,cve_2026_to_now,2026-09-17T12:23:48+00:00
CVE-2026-83011,updated,2026-09-16,cve_2026_to_now,2026-09-17T12:23:48+00:00
CVE-2026-83012,updated,2026-09-16,cve_2026_to_now,2026-09-17T12:23:48+00:00
CVE-2026-83013,updated,2026-09-16,cve_2026_to_now,2026-09-17T12:23:48+00:00
CVE-2026-83014,updated,2026-09-16,cve_2026_to_now,2026-09-17T12:23:48+00:00
CVE-2026-83015,updated,2026-09-16,cve_2026_to_now,2026-09-17T12:23:48+00:00
CVE-2026-83016,updated,2026-09-16,cve_2026_to_now,2026-09-17T12:23:48+00:00
CVE-2026-83017,updated,2026-09-16,cve_2026_to_now,2026-09-17T12:23:48+00:00
CVE-2026-83018,updated,2026-09-16,cve_2026_to_now,2026-09-17T12:23:48+00:00
CVE-2026-83019,updated,2026-09-16,cve_2026_to_now,2026-09-17T12:23:48+00:00
CVE-2026-83020,updated,2026-09-17,cve_2026_to_now,2026-09-17T12:23:48+00:00
CVE-2026-83021,updated,2026-09-17,cve_2026_to_now,2026-09-17T12:23:48+00:00
CVE-2026-83022,updated,2026-09-16,cve_2026_to_now,2026-09-17T12:23:48+00:00
CVE-2026-83023,updated,2026-09-16,cve_2026_to_now,2026-09-17T12:23:48+00:00
CVE-2026-83024,updated,2026-09-16,cve_2026_to_now,2026-09-17T12:23:48+00:00
CVE-2026-83025,updated,2026-09-16,cve_2026_to_now,2026-09-17T12:23:48+00:00
CVE-2026-83026,updated,2026-09-16,cve_2026_to_now,2026-09-17T12:23:48+00:00
CVE-2026-83027,updated,2026-09-16,cve_2026_to_now,2026-09-17T12:23:48+00:00
CVE-2026-83028,updated,2026-09-16,cve_2026_to_now,2026-09-17T12:23:48+00:00
CVE-2026-83029,updated,2026-09-16,cve_2026_to_now,2026-09-17T12:23:48+00:00
CVE-2026-83030,updated,2026-09-16,cve_2026_to_now,2026-09-17T12:23:48+00:00
CVE-2026-83031,updated,2026-09-16,cve_2026_to_now,2026-09-17T12:23:48+00:00
CVE-2026-83032,updated,2026-09-16,cve_2026_to_now,2026-09-17T12:23:48+00:00
CVE-2026-83033,updated,2026-09-16,cve_2026_to_now,2026-09-17T12:23:48+00:00
CVE-2026-83034,updated,2026-09-16,cve_2026_to_now,2026-09-17T12:23:48+00:00
CVE-2026-83038,updated,2026-09-16,cve_2026_to_now,2026-09-17T12:23:48+00:00
CVE-2026-83039,updated,2026-09-16,cve_2026_to_now,2026-09-17T12:23:48+00:00
CVE-2026-83040,updated,2026-09-16,cve_2026_to_now,2026-09-17T12:23:48+00:00
CVE-2026-83041,updated,2026-09-16,cve_2026_to_now,2026-09-17T12:23:48+00:00
CVE-2026-83043,updated,2026-09-16,cve_2026_to_now,2026-09-17T12:23:48+00:00
CVE-2026-83044,updated,2026-09-16,cve_2026_to_now,2026-09-17T12:23:48+00:00
CVE-2026-83045,updated,2026-09-16,cve_2026_to_now,2026-09-17T12:23:48+00:00
CVE-2026-83046,updated,2026-09-16,cve_2026_to_now,2026-09-17T12:23:48+00:00
CVE-2026-83047,updated,2026-09-16,cve_2026_to_now,2026-09-17T12:23:48+00:00
CVE-2026-83048,updated,2026-09-16,cve_2026_to_now,2026-09-17T12:23:48+00:00
CVE-2026-83049,updated,2026-09-16,cve_2026_to_now,2026-09-17T12:23:48+00:00
CVE-2026-83050,updated,2026-09-16,cve_2026_to_now,2026-09-17T12:23:48+00:00
CVE-2026-83051,updated,2026-09-16,cve_2026_to_now,2026-09-17T12:23:48+00:00
CVE-2026-83052,updated,2026-09-16,cve_2026_to_now,2026-09-17T12:23:48+00:00
CVE-2026-83059,updated,2026-09-17,cve_2026_to_now,2026-09-17T12:23:48+00:00
CVE-2026-83067,updated,2026-09-16,cve_2026_to_now,2026-09-17T12:23:48+00:00
CVE-2026-83068,updated,2026-09-16,cve_2026_to_now,2026-09-17T12:23:48+00:00
CVE-2026-83070,updated,2026-09-16,cve_2026_to_now,2026-09-17T12:23:48+00:00
CVE-2026-83074,updated,2026-09-16,cve_2026_to_now,2026-09-17T12:23:48+00:00
CVE-2026-83075,updated,2026-09-16,cve_2026_to_now,2026-09-17T12:23:48+00:00
CVE-2026-83076,updated,2026-09-16,cve_2026_to_now,2026-09-17T12:23:48+00:00
CVE-2026-83077,updated,2026-09-16,cve_2026_to_now,2026-09-17T12:23:48+00:00
CVE-2026-83078,updated,2026-09-16,cve_2026_to_now,2026-09-17T12:23:48+00:00
CVE-2026-83083,updated,2026-09-16,cve_2026_to_now,2026-09-17T12:23:48+00:00
CVE-2026-83084,updated,2026-09-16,cve_2026_to_now,2026-09-17T12:23:48+00:00
CVE-2026-83085,updated,2026-09-16,cve_2026_to_now,2026-09-17T12:23:48+00:00
CVE-2026-83088,updated,2026-09-16,cve_2026_to_now,2026-09-17T12:23:48+00:00
CVE-2026-83091,updated,2026-09-16,cve_2026_to_now,2026-09-17T12:23:48+00:00
CVE-2026-83093,updated,2026-09-16,cve_2026_to_now,2026-09-17T12:23:48+00:00
CVE-2026-83097,updated,2026-09-16,cve_2026_to_now,2026-09-17T12:23:48+00:00
CVE-2026-83109,updated,2026-09-16,cve_2026_to_now,2026-09-17T12:23:48+00:00
CVE-2026-83110,updated,2026-09-16,cve_2026_to_now,2026-09-17T12:23:48+00:00
CVE-2026-83111,updated,2026-09-16,cve_2026_to_now,2026-09-17T12:23:48+00:00
CVE-2026-83123,updated,2026-09-16,cve_2026_to_now,2026-09-17T12:23:48+00:00
CVE-2026-83127,updated,2026-09-16,cve_2026_to_now,2026-09-17T12:23:48+00:00
CVE-2026-83128,updated,2026-09-16,cve_2026_to_now,2026-09-17T12:23:48+00:00
CVE-2026-83129,updated,2026-09-16,cve_2026_to_now,2026-09-17T12:23:48+00:00
CVE-2026-83130,updated,2026-09-16,cve_2026_to_now,2026-09-17T12:23:48+00:00
CVE-2026-83131,updated,2026-09-16,cve_2026_to_now,2026-09-17T12:23:48+00:00
CVE-2026-83133,updated,2026-09-16,cve_2026_to_now,2026-09-17T12:23:48+00:00
CVE-2026-83357,updated,2026-09-16,cve_2026_to_now,2026-09-17T12:23:48+00:00
CVE-2026-83368,updated,2026-09-16,cve_2026_to_now,2026-09-17T12:23:48+00:00
CVE-2026-83408,updated,2026-09-16,cve_2026_to_now,2026-09-17T12:23:48+00:00
CVE-2026-83498,updated,2026-09-16,cve_2026_to_now,2026-09-17T12:23:48+00:00
CVE-2026-83501,updated,2026-09-16,cve_2026_to_now,2026-09-17T12:23:48+00:00
CVE-2026-83711,updated,2026-09-16,cve_2026_to_now,2026-09-17T12:23:48+00:00
CVE-2026-83939,updated,2026-09-16,cve_2026_to_now,2026-09-17T12:23:48+00:00
CVE-2026-83940,updated,2026-09-16,cve_2026_to_now,2026-09-17T12:23:48+00:00
CVE-2026-83941,updated,2026-09-16,cve_2026_to_now,2026-09-17T12:23:48+00:00
CVE-2026-83942,updated,2026-09-16,cve_2026_to_now,2026-09-17T12:23:48+00:00
CVE-2026-83948,updated,2026-09-16,cve_2026_to_now,2026-09-17T12:23:48+00:00
CVE-2026-83949,updated,2026-09-16,cve_2026_to_now,2026-09-17T12:23:48+00:00
CVE-2026-83951,updated,2026-09-16,cve_2026_to_now,2026-09-17T12:23:48+00:00
CVE-2026-83952,updated,2026-09-16,cve_2026_to_now,2026-09-17T12:23:48+00:00
CVE-2026-83954,updated,2026-09-16,cve_2026_to_now,2026-09-17T12:23:48+00:00
CVE-2026-83955,updated,2026-09-16,cve_2026_to_now,2026-09-17T12:23:48+00:00
CVE-2026-83967,updated,2026-09-16,cve_2026_to_now,2026-09-17T12:23:48+00:00
CVE-2026-83968,updated,2026-09-16,cve_2026_to_now,2026-09-17T12:23:48+00:00
CVE-2026-83969,updated,2026-09-16,cve_2026_to_now,2026-09-17T12:23:48+00:00
CVE-2026-83970,updated,2026-09-16,cve_2026_to_now,2026-09-17T12:23:48+00:00
CVE-2026-83971,updated,2026-09-16,cve_2026_to_now,2026-09-17T12:23:48+00:00
CVE-2026-83972,updated,2026-09-16,cve_2026_to_now,2026-09-17T12:23:48+00:00
CVE-2026-83973,updated,2026-09-16,cve_2026_to_now,2026-09-17T12:23:48+00:00
CVE-2026-83974,updated,2026-09-16,cve_2026_to_now,2026-09-17T12:23:48+00:00
CVE-2026-83975,updated,2026-09-16,cve_2026_to_now,2026-09-17T12:23:48+00:00
CVE-2026-83976,updated,2026-09-16,cve_2026_to_now,2026-09-17T12:23:48+00:00
CVE-2026-83977,updated,2026-09-16,cve_2026_to_now,2026-09-17T12:23:48+00:00
CVE-2026-83978,updated,2026-09-16,cve_2026_to_now,2026-09-17T12:23:48+00:00
CVE-2026-83979,updated,2026-09-16,cve_2026_to_now,2026-09-17T12:23:48+00:00
CVE-2026-83980,updated,2026-09-16,cve_2026_to_now,2026-09-17T12:23:48+00:00
CVE-2026-83981,updated,2026-09-16,cve_2026_to_now,2026-09-17T12:23:48+00:00
CVE-2026-83982,updated,2026-09-16,cve_2026_to_now,2026-09-17T12:23:48+00:00
CVE-2026-83983,updated,2026-09-16,cve_2026_to_now,2026-09-17T12:23:48+00:00
CVE-2026-83985,updated,2026-09-16,cve_2026_to_now,2026-09-17T12:23:48+00:00
CVE-2026-83986,updated,2026-09-16,cve_2026_to_now,2026-09-17T12:23:48+00:00
CVE-2026-83987,updated,2026-09-16,cve_2026_to_now,2026-09-17T12:23:48+00:00
CVE-2026-83988,updated,2026-09-16,cve_2026_to_now,2026-09-17T12:23:48+00:00
CVE-2026-83989,updated,2026-09-16,cve_2026_to_now,2026-09-17T12:23:48+00:00
CVE-2026-83990,updated,2026-09-16,cve_2026_to_now,2026-09-17T12:23:48+00:00
CVE-2026-83991,updated,2026-09-16,cve_2026_to_now,2026-09-17T12:23:48+00:00
CVE-2026-83992,updated,2026-09-16,cve_2026_to_now,2026-09-17T12:23:48+00:00
CVE-2026-83995,updated,2026-09-16,cve_2026_to_now,2026-09-17T12:23:48+00:00
CVE-2026-83996,updated,2026-09-16,cve_2026_to_now,2026-09-17T12:23:48+00:00
CVE-2026-83997,updated,2026-09-16,cve_2026_to_now,2026-09-17T12:23:48+00:00
CVE-2026-83998,updated,2026-09-16,cve_2026_to_now,2026-09-17T12:23:48+00:00
CVE-2026-83999,updated,2026-09-16,cve_2026_to_now,2026-09-17T12:23:48+00:00
CVE-2026-84000,updated,2026-09-16,cve_2026_to_now,2026-09-17T12:23:48+00:00
CVE-2026-84001,updated,2026-09-16,cve_2026_to_now,2026-09-17T12:23:48+00:00
CVE-2026-84003,updated,2026-09-16,cve_2026_to_now,2026-09-17T12:23:48+00:00
CVE-2026-84232,updated,2026-09-17,cve_2026_to_now,2026-09-17T12:23:48+00:00
CVE-2026-84397,added,,cve_2026_to_now,2026-09-17T12:23:48+00:00
CVE-2026-84408,updated,,cve_2026_to_now,2026-09-17T12:23:48+00:00
CVE-2026-84497,updated,2026-09-16,cve_2026_to_now,2026-09-17T12:23:48+00:00
CVE-2026-84501,updated,,cve_2026_to_now,2026-09-17T12:23:48+00:00
CVE-2026-84511,updated,2026-09-16,cve_2026_to_now,2026-09-17T12:23:48+00:00
CVE-2026-84512,updated,2026-09-17,cve_2026_to_now,2026-09-17T12:23:48+00:00
CVE-2026-84520,updated,2026-09-16,cve_2026_to_now,2026-09-17T12:23:48+00:00
CVE-2026-84541,updated,2026-09-16,cve_2026_to_now,2026-09-17T12:23:48+00:00
CVE-2026-84546,updated,2026-09-16,cve_2026_to_now,2026-09-17T12:23:48+00:00
CVE-2026-84550,updated,2026-09-16,cve_2026_to_now,2026-09-17T12:23:48+00:00
CVE-2026-84556,updated,2026-09-16,cve_2026_to_now,2026-09-17T12:23:48+00:00
CVE-2026-84561,updated,2026-09-16,cve_2026_to_now,2026-09-17T12:23:48+00:00
CVE-2026-84577,updated,2026-09-16,cve_2026_to_now,2026-09-17T12:23:48+00:00
CVE-2026-84585,updated,2026-09-16,cve_2026_to_now,2026-09-17T12:23:48+00:00
CVE-2026-84589,updated,2026-09-16,cve_2026_to_now,2026-09-17T12:23:48+00:00
CVE-2026-84598,updated,2026-09-16,cve_2026_to_now,2026-09-17T12:23:48+00:00
CVE-2026-84609,updated,2026-09-16,cve_2026_to_now,2026-09-17T12:23:48+00:00
CVE-2026-84620,updated,2026-09-17,cve_2026_to_now,2026-09-17T12:23:48+00:00
CVE-2026-84624,updated,2026-09-16,cve_2026_to_now,2026-09-17T12:23:48+00:00
CVE-2026-84625,updated,2026-09-16,cve_2026_to_now,2026-09-17T12:23:48+00:00
CVE-2026-84628,updated,2026-09-16,cve_2026_to_now,2026-09-17T12:23:48+00:00
CVE-2026-84629,updated,2026-09-16,cve_2026_to_now,2026-09-17T12:23:48+00:00
CVE-2026-84635,updated,2026-09-16,cve_2026_to_now,2026-09-17T12:23:48+00:00
CVE-2026-84858,added,,cve_2026_to_now,2026-09-17T12:23:48+00:00
CVE-2026-84859,added,,cve_2026_to_now,2026-09-17T12:23:48+00:00
CVE-2026-84860,added,,cve_2026_to_now,2026-09-17T12:23:48+00:00
CVE-2026-84906,updated,,cve_2026_to_now,2026-09-17T12:23:48+00:00
CVE-2026-84993,added,,cve_2026_to_now,2026-09-17T12:23:48+00:00
CVE-2026-84997,added,,cve_2026_to_now,2026-09-17T12:23:48+00:00
CVE-2026-85104,added,,cve_2026_to_now,2026-09-17T12:23:48+00:00
CVE-2026-85128,added,,cve_2026_to_now,2026-09-17T12:23:48+00:00
CVE-2026-85130,added,,cve_2026_to_now,2026-09-17T12:23:48+00:00
CVE-2026-85197,updated,2026-09-16,cve_2026_to_now,2026-09-17T12:23:48+00:00
CVE-2026-85360,updated,2026-09-16,cve_2026_to_now,2026-09-17T12:23:48+00:00
CVE-2026-85385,added,,cve_2026_to_now,2026-09-17T12:23:48+00:00
CVE-2026-85386,added,,cve_2026_to_now,2026-09-17T12:23:48+00:00
CVE-2026-85387,added,,cve_2026_to_now,2026-09-17T12:23:48+00:00
CVE-2026-85469,added,,cve_2026_to_now,2026-09-17T12:23:48+00:00
CVE-2026-85501,updated,,cve_2026_to_now,2026-09-17T12:23:48+00:00
CVE-2026-85628,updated,,cve_2026_to_now,2026-09-17T12:23:48+00:00
CVE-2026-85731,added,,cve_2026_to_now,2026-09-17T12:23:48+00:00
CVE-2026-85732,added,,cve_2026_to_now,2026-09-17T12:23:48+00:00
CVE-2026-85756,added,,cve_2026_to_now,2026-09-17T12:23:48+00:00
CVE-2026-85875,updated,2026-09-16,cve_2026_to_now,2026-09-17T12:23:48+00:00
CVE-2026-85877,updated,2026-09-16,cve_2026_to_now,2026-09-17T12:23:48+00:00
CVE-2026-85880,updated,2026-09-16,cve_2026_to_now,2026-09-17T12:23:48+00:00
CVE-2026-85892,updated,2026-09-16,cve_2026_to_now,2026-09-17T12:23:48+00:00
CVE-2026-85893,updated,2026-09-17,cve_2026_to_now,2026-09-17T12:23:48+00:00
CVE-2026-85921,updated,2026-09-16,cve_2026_to_now,2026-09-17T12:23:48+00:00
CVE-2026-86003,added,,cve_2026_to_now,2026-09-17T12:23:48+00:00
CVE-2026-86043,added,,cve_2026_to_now,2026-09-17T12:23:48+00:00
CVE-2026-86071,added,,cve_2026_to_now,2026-09-17T12:23:48+00:00
CVE-2026-86089,added,,cve_2026_to_now,2026-09-17T12:23:48+00:00
CVE-2026-86106,updated,,cve_2026_to_now,2026-09-17T12:23:48+00:00
CVE-2026-86107,updated,,cve_2026_to_now,2026-09-17T12:23:48+00:00
CVE-2026-86311,added,,cve_2026_to_now,2026-09-17T12:23:48+00:00
CVE-2026-86320,added,,cve_2026_to_now,2026-09-17T12:23:48+00:00
CVE-2026-86338,updated,,cve_2026_to_now,2026-09-17T12:23:48+00:00
CVE-2026-86341,updated,,cve_2026_to_now,2026-09-17T12:23:48+00:00
CVE-2026-86358,added,2026-09-17,cve_2026_to_now,2026-09-17T12:23:48+00:00
CVE-2026-86359,added,2026-09-17,cve_2026_to_now,2026-09-17T12:23:48+00:00
CVE-2026-86443,updated,,cve_2026_to_now,2026-09-17T12:23:48+00:00
CVE-2026-86446,added,,cve_2026_to_now,2026-09-17T12:23:48+00:00
CVE-2026-86462,updated,,cve_2026_to_now,2026-09-17T12:23:48+00:00
CVE-2026-86465,updated,,cve_2026_to_now,2026-09-17T12:23:48+00:00
CVE-2026-86466,updated,,cve_2026_to_now,2026-09-17T12:23:48+00:00
CVE-2026-86474,updated,,cve_2026_to_now,2026-09-17T12:23:48+00:00
CVE-2026-86475,updated,,cve_2026_to_now,2026-09-17T12:23:48+00:00
CVE-2026-86585,updated,,cve_2026_to_now,2026-09-17T12:23:48+00:00
CVE-2026-86707,added,,cve_2026_to_now,2026-09-17T12:23:48+00:00
CVE-2026-86709,added,,cve_2026_to_now,2026-09-17T12:23:48+00:00
CVE-2026-86710,added,,cve_2026_to_now,2026-09-17T12:23:48+00:00
CVE-2026-86788,added,,cve_2026_to_now,2026-09-17T12:23:48+00:00
CVE-2026-86792,updated,,cve_2026_to_now,2026-09-17T12:23:48+00:00
CVE-2026-86801,added,,cve_2026_to_now,2026-09-17T12:23:48+00:00
CVE-2026-86824,added,,cve_2026_to_now,2026-09-17T12:23:48+00:00
CVE-2026-86831,added,,cve_2026_to_now,2026-09-17T12:23:48+00:00
CVE-2026-86865,added,,cve_2026_to_now,2026-09-17T12:23:48+00:00
CVE-2026-86878,updated,2026-09-16,cve_2026_to_now,2026-09-17T12:23:48+00:00
CVE-2026-86881,updated,2026-09-16,cve_2026_to_now,2026-09-17T12:23:48+00:00
CVE-2026-86890,updated,2026-09-16,cve_2026_to_now,2026-09-17T12:23:48+00:00
CVE-2026-86897,updated,2026-09-16,cve_2026_to_now,2026-09-17T12:23:48+00:00
CVE-2026-86911,updated,2026-09-16,cve_2026_to_now,2026-09-17T12:23:48+00:00
CVE-2026-86924,updated,2026-09-16,cve_2026_to_now,2026-09-17T12:23:48+00:00
CVE-2026-87024,added,,cve_2026_to_now,2026-09-17T12:23:48+00:00
CVE-2026-87026,added,,cve_2026_to_now,2026-09-17T12:23:48+00:00
CVE-2026-87028,added,,cve_2026_to_now,2026-09-17T12:23:48+00:00
CVE-2026-87031,added,,cve_2026_to_now,2026-09-17T12:23:48+00:00
CVE-2026-87076,added,,cve_2026_to_now,2026-09-17T12:23:48+00:00
CVE-2026-87105,added,,cve_2026_to_now,2026-09-17T12:23:48+00:00
CVE-2026-87113,added,,cve_2026_to_now,2026-09-17T12:23:48+00:00
CVE-2026-87116,added,,cve_2026_to_now,2026-09-17T12:23:48+00:00
CVE-2026-87287,updated,2026-09-16,cve_2026_to_now,2026-09-17T12:23:48+00:00
CVE-2026-87288,updated,2026-09-16,cve_2026_to_now,2026-09-17T12:23:48+00:00
CVE-2026-87786,added,,cve_2026_to_now,2026-09-17T12:23:48+00:00
CVE-2026-87796,added,,cve_2026_to_now,2026-09-17T12:23:48+00:00
CVE-2026-87829,added,,cve_2026_to_now,2026-09-17T12:23:48+00:00
CVE-2026-87831,added,,cve_2026_to_now,2026-09-17T12:23:48+00:00
CVE-2026-87836,added,,cve_2026_to_now,2026-09-17T12:23:48+00:00
CVE-2026-87931,updated,2026-09-16,cve_2026_to_now,2026-09-17T12:23:48+00:00
CVE-2026-87935,added,,cve_2026_to_now,2026-09-17T12:23:48+00:00
CVE-2026-87963,added,,cve_2026_to_now,2026-09-17T12:23:48+00:00
CVE-2026-87976,added,,cve_2026_to_now,2026-09-17T12:23:48+00:00
CVE-2026-88064,added,,cve_2026_to_now,2026-09-17T12:23:48+00:00
CVE-2026-88065,updated,2026-09-16,cve_2026_to_now,2026-09-17T12:23:48+00:00
CVE-2026-88255,updated,,cve_2026_to_now,2026-09-17T12:23:48+00:00
CVE-2026-88263,updated,,cve_2026_to_now,2026-09-17T12:23:48+00:00
CVE-2026-88592,added,,cve_2026_to_now,2026-09-17T12:23:48+00:00
CVE-2026-88593,added,,cve_2026_to_now,2026-09-17T12:23:48+00:00
CVE-2026-88617,updated,2026-09-16,cve_2026_to_now,2026-09-17T12:23:48+00:00
CVE-2026-88765,updated,2026-09-16,cve_2026_to_now,2026-09-17T12:23:48+00:00
CVE-2026-88792,added,,cve_2026_to_now,2026-09-17T12:23:48+00:00
CVE-2026-88795,added,,cve_2026_to_now,2026-09-17T12:23:48+00:00
CVE-2026-88817,updated,,cve_2026_to_now,2026-09-17T12:23:48+00:00
CVE-2026-88904,added,,cve_2026_to_now,2026-09-17T12:23:48+00:00
CVE-2026-88975,updated,2026-09-16,cve_2026_to_now,2026-09-17T12:23:48+00:00
CVE-2026-88976,added,,cve_2026_to_now,2026-09-17T12:23:48+00:00
CVE-2026-89020,updated,2026-09-16,cve_2026_to_now,2026-09-17T12:23:48+00:00
CVE-2026-89021,updated,2026-09-16,cve_2026_to_now,2026-09-17T12:23:48+00:00
CVE-2026-89028,added,,cve_2026_to_now,2026-09-17T12:23:48+00:00
CVE-2026-89029,added,,cve_2026_to_now,2026-09-17T12:23:48+00:00
CVE-2026-89030,added,,cve_2026_to_now,2026-09-17T12:23:48+00:00
CVE-2026-89031,added,,cve_2026_to_now,2026-09-17T12:23:48+00:00
CVE-2026-89034,added,,cve_2026_to_now,2026-09-17T12:23:48+00:00
CVE-2026-89064,added,,cve_2026_to_now,2026-09-17T12:23:48+00:00
CVE-2026-89082,added,,cve_2026_to_now,2026-09-17T12:23:48+00:00
CVE-2026-89083,added,,cve_2026_to_now,2026-09-17T12:23:48+00:00
CVE-2026-89084,added,,cve_2026_to_now,2026-09-17T12:23:48+00:00
CVE-2026-89186,updated,,cve_2026_to_now,2026-09-17T12:23:48+00:00
CVE-2026-89207,updated,,cve_2026_to_now,2026-09-17T12:23:48+00:00
CVE-2026-89774,updated,,cve_2026_to_now,2026-09-17T12:23:48+00:00
CVE-2026-89775,updated,,cve_2026_to_now,2026-09-17T12:23:48+00:00
CVE-2026-89777,updated,,cve_2026_to_now,2026-09-17T12:23:48+00:00
CVE-2026-89778,updated,,cve_2026_to_now,2026-09-17T12:23:48+00:00
CVE-2026-89779,updated,,cve_2026_to_now,2026-09-17T12:23:48+00:00
CVE-2026-89781,updated,,cve_2026_to_now,2026-09-17T12:23:48+00:00
CVE-2026-89782,updated,,cve_2026_to_now,2026-09-17T12:23:48+00:00
CVE-2026-89783,updated,,cve_2026_to_now,2026-09-17T12:23:48+00:00
CVE-2026-89786,updated,,cve_2026_to_now,2026-09-17T12:23:48+00:00
CVE-2026-89788,updated,,cve_2026_to_now,2026-09-17T12:23:48+00:00
CVE-2026-89789,updated,,cve_2026_to_now,2026-09-17T12:23:48+00:00
CVE-2026-89791,updated,,cve_2026_to_now,2026-09-17T12:23:48+00:00
CVE-2026-89792,updated,,cve_2026_to_now,2026-09-17T12:23:48+00:00
CVE-2026-89793,updated,,cve_2026_to_now,2026-09-17T12:23:48+00:00
CVE-2026-89795,updated,,cve_2026_to_now,2026-09-17T12:23:48+00:00
CVE-2026-89799,updated,,cve_2026_to_now,2026-09-17T12:23:48+00:00
CVE-2026-89801,updated,,cve_2026_to_now,2026-09-17T12:23:48+00:00
CVE-2026-89803,updated,,cve_2026_to_now,2026-09-17T12:23:48+00:00
CVE-2026-89804,updated,,cve_2026_to_now,2026-09-17T12:23:48+00:00
CVE-2026-89805,updated,,cve_2026_to_now,2026-09-17T12:23:48+00:00
CVE-2026-89806,updated,,cve_2026_to_now,2026-09-17T12:23:48+00:00
CVE-2026-89808,updated,2026-09-17,cve_2026_to_now,2026-09-17T12:23:48+00:00
CVE-2026-89809,updated,2026-09-17,cve_2026_to_now,2026-09-17T12:23:48+00:00
CVE-2026-89810,updated,2026-09-17,cve_2026_to_now,2026-09-17T12:23:48+00:00
CVE-2026-89811,updated,2026-09-17,cve_2026_to_now,2026-09-17T12:23:48+00:00
CVE-2026-89812,updated,2026-09-17,cve_2026_to_now,2026-09-17T12:23:48+00:00
CVE-2026-89813,updated,2026-09-17,cve_2026_to_now,2026-09-17T12:23:48+00:00
CVE-2026-89814,updated,2026-09-17,cve_2026_to_now,2026-09-17T12:23:48+00:00
CVE-2026-89815,updated,,cve_2026_to_now,2026-09-17T12:23:48+00:00
CVE-2026-89818,updated,,cve_2026_to_now,2026-09-17T12:23:48+00:00
CVE-2026-89819,updated,,cve_2026_to_now,2026-09-17T12:23:48+00:00
CVE-2026-89822,updated,2026-09-17,cve_2026_to_now,2026-09-17T12:23:48+00:00
CVE-2026-89823,updated,,cve_2026_to_now,2026-09-17T12:23:48+00:00
CVE-2026-89825,updated,,cve_2026_to_now,2026-09-17T12:23:48+00:00
CVE-2026-89826,updated,,cve_2026_to_now,2026-09-17T12:23:48+00:00
CVE-2026-89829,updated,,cve_2026_to_now,2026-09-17T12:23:48+00:00
CVE-2026-89832,updated,,cve_2026_to_now,2026-09-17T12:23:48+00:00
CVE-2026-89836,updated,,cve_2026_to_now,2026-09-17T12:23:48+00:00
CVE-2026-89838,updated,,cve_2026_to_now,2026-09-17T12:23:48+00:00
CVE-2026-89840,updated,,cve_2026_to_now,2026-09-17T12:23:48+00:00
CVE-2026-89841,updated,,cve_2026_to_now,2026-09-17T12:23:48+00:00
CVE-2026-89844,updated,,cve_2026_to_now,2026-09-17T12:23:48+00:00
CVE-2026-89846,updated,,cve_2026_to_now,2026-09-17T12:23:48+00:00
CVE-2026-89847,updated,,cve_2026_to_now,2026-09-17T12:23:48+00:00
CVE-2026-89848,updated,,cve_2026_to_now,2026-09-17T12:23:48+00:00
CVE-2026-89849,updated,,cve_2026_to_now,2026-09-17T12:23:48+00:00
CVE-2026-89854,updated,,cve_2026_to_now,2026-09-17T12:23:48+00:00
CVE-2026-89856,updated,,cve_2026_to_now,2026-09-17T12:23:48+00:00
CVE-2026-89857,updated,,cve_2026_to_now,2026-09-17T12:23:48+00:00
CVE-2026-89860,updated,,cve_2026_to_now,2026-09-17T12:23:48+00:00
CVE-2026-89861,updated,,cve_2026_to_now,2026-09-17T12:23:48+00:00
CVE-2026-89863,updated,,cve_2026_to_now,2026-09-17T12:23:48+00:00
CVE-2026-89870,updated,,cve_2026_to_now,2026-09-17T12:23:48+00:00
CVE-2026-89873,updated,,cve_2026_to_now,2026-09-17T12:23:48+00:00
CVE-2026-89875,updated,,cve_2026_to_now,2026-09-17T12:23:48+00:00
CVE-2026-89877,updated,,cve_2026_to_now,2026-09-17T12:23:48+00:00
CVE-2026-89880,updated,,cve_2026_to_now,2026-09-17T12:23:48+00:00
CVE-2026-89882,updated,,cve_2026_to_now,2026-09-17T12:23:48+00:00
CVE-2026-89883,updated,,cve_2026_to_now,2026-09-17T12:23:48+00:00
CVE-2026-89885,updated,,cve_2026_to_now,2026-09-17T12:23:48+00:00
CVE-2026-89887,updated,,cve_2026_to_now,2026-09-17T12:23:48+00:00
CVE-2026-89888,updated,,cve_2026_to_now,2026-09-17T12:23:48+00:00
CVE-2026-89890,updated,,cve_2026_to_now,2026-09-17T12:23:48+00:00
CVE-2026-89893,updated,,cve_2026_to_now,2026-09-17T12:23:48+00:00
CVE-2026-89894,updated,,cve_2026_to_now,2026-09-17T12:23:48+00:00
CVE-2026-89897,updated,,cve_2026_to_now,2026-09-17T12:23:48+00:00
CVE-2026-89898,updated,,cve_2026_to_now,2026-09-17T12:23:48+00:00
CVE-2026-89899,updated,,cve_2026_to_now,2026-09-17T12:23:48+00:00
CVE-2026-89902,updated,,cve_2026_to_now,2026-09-17T12:23:48+00:00
CVE-2026-89903,updated,,cve_2026_to_now,2026-09-17T12:23:48+00:00
CVE-2026-89904,updated,,cve_2026_to_now,2026-09-17T12:23:48+00:00
CVE-2026-89906,updated,,cve_2026_to_now,2026-09-17T12:23:48+00:00
CVE-2026-89907,updated,,cve_2026_to_now,2026-09-17T12:23:48+00:00
CVE-2026-89908,updated,,cve_2026_to_now,2026-09-17T12:23:48+00:00
CVE-2026-89910,updated,,cve_2026_to_now,2026-09-17T12:23:48+00:00
CVE-2026-89911,updated,,cve_2026_to_now,2026-09-17T12:23:48+00:00
CVE-2026-89912,updated,,cve_2026_to_now,2026-09-17T12:23:48+00:00
CVE-2026-89913,updated,2026-09-17,cve_2026_to_now,2026-09-17T12:23:48+00:00
CVE-2026-89914,updated,,cve_2026_to_now,2026-09-17T12:23:48+00:00
CVE-2026-89915,updated,,cve_2026_to_now,2026-09-17T12:23:48+00:00
CVE-2026-89916,updated,,cve_2026_to_now,2026-09-17T12:23:48+00:00
CVE-2026-89918,updated,,cve_2026_to_now,2026-09-17T12:23:48+00:00
CVE-2026-89919,updated,,cve_2026_to_now,2026-09-17T12:23:48+00:00
CVE-2026-89920,updated,,cve_2026_to_now,2026-09-17T12:23:48+00:00
CVE-2026-89922,updated,,cve_2026_to_now,2026-09-17T12:23:48+00:00
CVE-2026-89927,updated,,cve_2026_to_now,2026-09-17T12:23:48+00:00
CVE-2026-89928,updated,,cve_2026_to_now,2026-09-17T12:23:48+00:00
CVE-2026-89929,updated,2026-09-17,cve_2026_to_now,2026-09-17T12:23:48+00:00
CVE-2026-89930,updated,,cve_2026_to_now,2026-09-17T12:23:48+00:00
CVE-2026-89932,updated,2026-09-17,cve_2026_to_now,2026-09-17T12:23:48+00:00
CVE-2026-89938,updated,,cve_2026_to_now,2026-09-17T12:23:48+00:00
CVE-2026-89940,updated,,cve_2026_to_now,2026-09-17T12:23:48+00:00
CVE-2026-89941,updated,,cve_2026_to_now,2026-09-17T12:23:48+00:00
CVE-2026-89942,updated,,cve_2026_to_now,2026-09-17T12:23:48+00:00
CVE-2026-89943,updated,,cve_2026_to_now,2026-09-17T12:23:48+00:00
CVE-2026-89947,updated,,cve_2026_to_now,2026-09-17T12:23:48+00:00
CVE-2026-89951,updated,,cve_2026_to_now,2026-09-17T12:23:48+00:00
CVE-2026-89954,updated,,cve_2026_to_now,2026-09-17T12:23:48+00:00
CVE-2026-89957,updated,,cve_2026_to_now,2026-09-17T12:23:48+00:00
CVE-2026-89959,updated,,cve_2026_to_now,2026-09-17T12:23:48+00:00
CVE-2026-89960,updated,,cve_2026_to_now,2026-09-17T12:23:48+00:00
CVE-2026-89961,updated,,cve_2026_to_now,2026-09-17T12:23:48+00:00
CVE-2026-89964,updated,2026-09-17,cve_2026_to_now,2026-09-17T12:23:48+00:00
CVE-2026-89965,updated,,cve_2026_to_now,2026-09-17T12:23:48+00:00
CVE-2026-89967,updated,,cve_2026_to_now,2026-09-17T12:23:48+00:00
CVE-2026-89968,updated,,cve_2026_to_now,2026-09-17T12:23:48+00:00
CVE-2026-89969,updated,,cve_2026_to_now,2026-09-17T12:23:48+00:00
CVE-2026-89970,updated,,cve_2026_to_now,2026-09-17T12:23:48+00:00
CVE-2026-89971,updated,,cve_2026_to_now,2026-09-17T12:23:48+00:00
CVE-2026-89972,updated,,cve_2026_to_now,2026-09-17T12:23:48+00:00
CVE-2026-89973,updated,,cve_2026_to_now,2026-09-17T12:23:48+00:00
CVE-2026-89974,updated,,cve_2026_to_now,2026-09-17T12:23:48+00:00
CVE-2026-89979,updated,2026-09-17,cve_2026_to_now,2026-09-17T12:23:48+00:00
CVE-2026-89980,updated,,cve_2026_to_now,2026-09-17T12:23:48+00:00
CVE-2026-89985,updated,,cve_2026_to_now,2026-09-17T12:23:48+00:00
CVE-2026-89986,updated,,cve_2026_to_now,2026-09-17T12:23:48+00:00
CVE-2026-89988,updated,,cve_2026_to_now,2026-09-17T12:23:48+00:00
CVE-2026-89990,updated,,cve_2026_to_now,2026-09-17T12:23:48+00:00
CVE-2026-89992,updated,,cve_2026_to_now,2026-09-17T12:23:48+00:00
CVE-2026-89994,updated,,cve_2026_to_now,2026-09-17T12:23:48+00:00
CVE-2026-89995,updated,,cve_2026_to_now,2026-09-17T12:23:48+00:00
CVE-2026-89997,updated,2026-09-17,cve_2026_to_now,2026-09-17T12:23:48+00:00
CVE-2026-89998,updated,2026-09-17,cve_2026_to_now,2026-09-17T12:23:48+00:00
CVE-2026-89999,updated,,cve_2026_to_now,2026-09-17T12:23:48+00:00
CVE-2026-90000,updated,,cve_2026_to_now,2026-09-17T12:23:48+00:00
CVE-2026-90001,updated,,cve_2026_to_now,2026-09-17T12:23:48+00:00
CVE-2026-90002,updated,,cve_2026_to_now,2026-09-17T12:23:48+00:00
CVE-2026-90003,updated,,cve_2026_to_now,2026-09-17T12:23:48+00:00
CVE-2026-90007,updated,,cve_2026_to_now,2026-09-17T12:23:48+00:00
CVE-2026-90008,updated,,cve_2026_to_now,2026-09-17T12:23:48+00:00
CVE-2026-90009,updated,,cve_2026_to_now,2026-09-17T12:23:48+00:00
CVE-2026-90010,updated,,cve_2026_to_now,2026-09-17T12:23:48+00:00
CVE-2026-90011,updated,,cve_2026_to_now,2026-09-17T12:23:48+00:00
CVE-2026-90012,updated,,cve_2026_to_now,2026-09-17T12:23:48+00:00
CVE-2026-90013,updated,,cve_2026_to_now,2026-09-17T12:23:48+00:00
CVE-2026-90014,updated,,cve_2026_to_now,2026-09-17T12:23:48+00:00
CVE-2026-90016,updated,,cve_2026_to_now,2026-09-17T12:23:48+00:00
CVE-2026-90017,updated,,cve_2026_to_now,2026-09-17T12:23:48+00:00
CVE-2026-90018,updated,,cve_2026_to_now,2026-09-17T12:23:48+00:00
CVE-2026-90020,updated,2026-09-17,cve_2026_to_now,2026-09-17T12:23:48+00:00
CVE-2026-90022,updated,2026-09-17,cve_2026_to_now,2026-09-17T12:23:48+00:00
CVE-2026-90025,updated,,cve_2026_to_now,2026-09-17T12:23:48+00:00
CVE-2026-90026,updated,,cve_2026_to_now,2026-09-17T12:23:48+00:00
CVE-2026-90027,updated,,cve_2026_to_now,2026-09-17T12:23:48+00:00
CVE-2026-90030,updated,,cve_2026_to_now,2026-09-17T12:23:48+00:00
CVE-2026-90031,updated,2026-09-17,cve_2026_to_now,2026-09-17T12:23:48+00:00
CVE-2026-90032,updated,,cve_2026_to_now,2026-09-17T12:23:48+00:00
CVE-2026-90034,updated,2026-09-17,cve_2026_to_now,2026-09-17T12:23:48+00:00
CVE-2026-90036,updated,,cve_2026_to_now,2026-09-17T12:23:48+00:00
CVE-2026-90037,updated,,cve_2026_to_now,2026-09-17T12:23:48+00:00
CVE-2026-90038,updated,,cve_2026_to_now,2026-09-17T12:23:48+00:00
CVE-2026-90041,updated,,cve_2026_to_now,2026-09-17T12:23:48+00:00
CVE-2026-90042,updated,,cve_2026_to_now,2026-09-17T12:23:48+00:00
CVE-2026-90043,updated,,cve_2026_to_now,2026-09-17T12:23:48+00:00
CVE-2026-90044,updated,,cve_2026_to_now,2026-09-17T12:23:48+00:00
CVE-2026-90045,updated,2026-09-17,cve_2026_to_now,2026-09-17T12:23:48+00:00
CVE-2026-90046,updated,,cve_2026_to_now,2026-09-17T12:23:48+00:00
CVE-2026-90047,updated,,cve_2026_to_now,2026-09-17T12:23:48+00:00
CVE-2026-90048,updated,,cve_2026_to_now,2026-09-17T12:23:48+00:00
CVE-2026-90049,updated,,cve_2026_to_now,2026-09-17T12:23:48+00:00
CVE-2026-90439,updated,2026-09-16,cve_2026_to_now,2026-09-17T12:23:48+00:00
CVE-2026-90496,updated,2026-09-16,cve_2026_to_now,2026-09-17T12:23:48+00:00
CVE-2026-90501,updated,2026-09-16,cve_2026_to_now,2026-09-17T12:23:48+00:00
CVE-2026-90506,updated,2026-09-16,cve_2026_to_now,2026-09-17T12:23:48+00:00
CVE-2026-90511,updated,2026-09-16,cve_2026_to_now,2026-09-17T12:23:48+00:00
CVE-2026-90517,updated,2026-09-16,cve_2026_to_now,2026-09-17T12:23:48+00:00
CVE-2026-90522,updated,2026-09-16,cve_2026_to_now,2026-09-17T12:23:48+00:00
CVE-2026-90527,updated,2026-09-16,cve_2026_to_now,2026-09-17T12:23:48+00:00
CVE-2026-90562,updated,2026-09-16,cve_2026_to_now,2026-09-17T12:23:48+00:00
CVE-2026-90563,updated,2026-09-16,cve_2026_to_now,2026-09-17T12:23:48+00:00
CVE-2026-90565,updated,2026-09-16,cve_2026_to_now,2026-09-17T12:23:48+00:00
CVE-2026-90568,updated,2026-09-16,cve_2026_to_now,2026-09-17T12:23:48+00:00
CVE-2026-90570,updated,2026-09-16,cve_2026_to_now,2026-09-17T12:23:48+00:00
CVE-2026-90573,updated,2026-09-16,cve_2026_to_now,2026-09-17T12:23:48+00:00
CVE-2026-90575,updated,2026-09-16,cve_2026_to_now,2026-09-17T12:23:48+00:00
CVE-2026-90580,updated,2026-09-16,cve_2026_to_now,2026-09-17T12:23:48+00:00
CVE-2026-90593,updated,2026-09-16,cve_2026_to_now,2026-09-17T12:23:48+00:00
CVE-2026-90598,updated,2026-09-16,cve_2026_to_now,2026-09-17T12:23:48+00:00
CVE-2026-90603,updated,2026-09-16,cve_2026_to_now,2026-09-17T12:23:48+00:00
CVE-2026-90608,updated,2026-09-16,cve_2026_to_now,2026-09-17T12:23:48+00:00
CVE-2026-90613,updated,2026-09-16,cve_2026_to_now,2026-09-17T12:23:48+00:00
CVE-2026-90619,updated,2026-09-16,cve_2026_to_now,2026-09-17T12:23:48+00:00
CVE-2026-90680,updated,2026-09-16,cve_2026_to_now,2026-09-17T12:23:48+00:00
CVE-2026-90685,updated,2026-09-16,cve_2026_to_now,2026-09-17T12:23:48+00:00
CVE-2026-90690,updated,2026-09-16,cve_2026_to_now,2026-09-17T12:23:48+00:00
CVE-2026-90695,updated,2026-09-16,cve_2026_to_now,2026-09-17T12:23:48+00:00
CVE-2026-90700,updated,2026-09-16,cve_2026_to_now,2026-09-17T12:23:48+00:00
CVE-2026-90705,updated,2026-09-16,cve_2026_to_now,2026-09-17T12:23:48+00:00
CVE-2026-90710,updated,2026-09-16,cve_2026_to_now,2026-09-17T12:23:48+00:00
CVE-2026-90716,updated,2026-09-16,cve_2026_to_now,2026-09-17T12:23:48+00:00
CVE-2026-90771,updated,2026-09-16,cve_2026_to_now,2026-09-17T12:23:48+00:00
CVE-2026-90776,updated,2026-09-16,cve_2026_to_now,2026-09-17T12:23:48+00:00
CVE-2026-90781,updated,2026-09-16,cve_2026_to_now,2026-09-17T12:23:48+00:00
CVE-2026-90788,updated,2026-09-16,cve_2026_to_now,2026-09-17T12:23:48+00:00
CVE-2026-90793,updated,2026-09-16,cve_2026_to_now,2026-09-17T12:23:48+00:00
CVE-2026-90802,updated,2026-09-16,cve_2026_to_now,2026-09-17T12:23:48+00:00
CVE-2026-90807,updated,2026-09-16,cve_2026_to_now,2026-09-17T12:23:48+00:00
CVE-2026-90812,updated,2026-09-16,cve_2026_to_now,2026-09-17T12:23:48+00:00
CVE-2026-90818,updated,2026-09-16,cve_2026_to_now,2026-09-17T12:23:48+00:00
CVE-2026-90822,added,,cve_2026_to_now,2026-09-17T12:23:48+00:00
CVE-2026-90823,added,,cve_2026_to_now,2026-09-17T12:23:48+00:00
CVE-2026-90826,updated,2026-09-16,cve_2026_to_now,2026-09-17T12:23:48+00:00
CVE-2026-90831,updated,2026-09-16,cve_2026_to_now,2026-09-17T12:23:48+00:00
CVE-2026-90843,updated,2026-09-16,cve_2026_to_now,2026-09-17T12:23:48+00:00
CVE-2026-90848,updated,2026-09-16,cve_2026_to_now,2026-09-17T12:23:48+00:00
CVE-2026-90854,updated,2026-09-16,cve_2026_to_now,2026-09-17T12:23:48+00:00
CVE-2026-90876,updated,2026-09-16,cve_2026_to_now,2026-09-17T12:23:48+00:00
CVE-2026-90922,added,,cve_2026_to_now,2026-09-17T12:23:48+00:00
CVE-2026-90923,added,,cve_2026_to_now,2026-09-17T12:23:48+00:00
CVE-2026-90927,updated,2026-09-16,cve_2026_to_now,2026-09-17T12:23:48+00:00
CVE-2026-90932,updated,2026-09-16,cve_2026_to_now,2026-09-17T12:23:48+00:00
CVE-2026-90937,updated,2026-09-16,cve_2026_to_now,2026-09-17T12:23:48+00:00
CVE-2026-90941,updated,2026-09-16,cve_2026_to_now,2026-09-17T12:23:48+00:00
CVE-2026-90945,updated,2026-09-16,cve_2026_to_now,2026-09-17T12:23:48+00:00
CVE-2026-90949,updated,2026-09-16,cve_2026_to_now,2026-09-17T12:23:48+00:00
CVE-2026-90982,added,,cve_2026_to_now,2026-09-17T12:23:48+00:00
CVE-2026-90996,updated,2026-09-16,cve_2026_to_now,2026-09-17T12:23:48+00:00
CVE-2026-90999,added,,cve_2026_to_now,2026-09-17T12:23:48+00:00
CVE-2026-91008,added,,cve_2026_to_now,2026-09-17T12:23:48+00:00
CVE-2026-91009,added,,cve_2026_to_now,2026-09-17T12:23:48+00:00
CVE-2026-91010,added,,cve_2026_to_now,2026-09-17T12:23:48+00:00
CVE-2026-91011,added,,cve_2026_to_now,2026-09-17T12:23:48+00:00
CVE-2026-91014,added,,cve_2026_to_now,2026-09-17T12:23:48+00:00
CVE-2026-91015,added,,cve_2026_to_now,2026-09-17T12:23:48+00:00
CVE-2026-91016,added,,cve_2026_to_now,2026-09-17T12:23:48+00:00
CVE-2026-91017,added,,cve_2026_to_now,2026-09-17T12:23:48+00:00
CVE-2026-91019,added,,cve_2026_to_now,2026-09-17T12:23:48+00:00
CVE-2026-91097,added,,cve_2026_to_now,2026-09-17T12:23:48+00:00
CVE-2026-91098,added,2026-09-17,cve_2026_to_now,2026-09-17T12:23:48+00:00
CVE-2026-91099,added,,cve_2026_to_now,2026-09-17T12:23:48+00:00
CVE-2026-91100,added,,cve_2026_to_now,2026-09-17T12:23:48+00:00
CVE-2026-91101,added,,cve_2026_to_now,2026-09-17T12:23:48+00:00
CVE-2026-91102,added,,cve_2026_to_now,2026-09-17T12:23:48+00:00
CVE-2026-91103,added,,cve_2026_to_now,2026-09-17T12:23:48+00:00
CVE-2026-91104,added,2026-09-17,cve_2026_to_now,2026-09-17T12:23:48+00:00
CVE-2026-91105,added,2026-09-17,cve_2026_to_now,2026-09-17T12:23:48+00:00
CVE-2026-91106,added,2026-09-17,cve_2026_to_now,2026-09-17T12:23:48+00:00
CVE-2026-91197,updated,2026-09-16,cve_2026_to_now,2026-09-17T12:23:48+00:00
CVE-2026-91709,updated,2026-09-17,cve_2026_to_now,2026-09-17T12:23:48+00:00
CVE-2026-91710,updated,2026-09-17,cve_2026_to_now,2026-09-17T12:23:48+00:00
CVE-2026-91711,updated,2026-09-17,cve_2026_to_now,2026-09-17T12:23:48+00:00
CVE-2026-91712,updated,2026-09-17,cve_2026_to_now,2026-09-17T12:23:48+00:00
CVE-2026-91715,updated,2026-09-17,cve_2026_to_now,2026-09-17T12:23:48+00:00
CVE-2026-91716,updated,2026-09-17,cve_2026_to_now,2026-09-17T12:23:48+00:00
CVE-2026-91718,updated,2026-09-17,cve_2026_to_now,2026-09-17T12:23:48+00:00
CVE-2026-91721,updated,2026-09-17,cve_2026_to_now,2026-09-17T12:23:48+00:00
CVE-2026-91722,updated,2026-09-17,cve_2026_to_now,2026-09-17T12:23:48+00:00
CVE-2026-91724,updated,2026-09-17,cve_2026_to_now,2026-09-17T12:23:48+00:00
CVE-2026-91726,updated,2026-09-17,cve_2026_to_now,2026-09-17T12:23:48+00:00
CVE-2026-91727,updated,2026-09-17,cve_2026_to_now,2026-09-17T12:23:48+00:00
CVE-2026-91728,updated,2026-09-17,cve_2026_to_now,2026-09-17T12:23:48+00:00
CVE-2026-91729,updated,2026-09-17,cve_2026_to_now,2026-09-17T12:23:48+00:00
CVE-2026-91731,updated,2026-09-17,cve_2026_to_now,2026-09-17T12:23:48+00:00
CVE-2026-91734,updated,2026-09-17,cve_2026_to_now,2026-09-17T12:23:48+00:00
CVE-2026-91735,updated,2026-09-17,cve_2026_to_now,2026-09-17T12:23:48+00:00
CVE-2026-91736,updated,2026-09-17,cve_2026_to_now,2026-09-17T12:23:48+00:00
CVE-2026-91737,updated,2026-09-17,cve_2026_to_now,2026-09-17T12:23:48+00:00
CVE-2026-91738,updated,2026-09-17,cve_2026_to_now,2026-09-17T12:23:48+00:00
CVE-2026-91741,updated,2026-09-17,cve_2026_to_now,2026-09-17T12:23:48+00:00
CVE-2026-91743,updated,2026-09-17,cve_2026_to_now,2026-09-17T12:23:48+00:00
CVE-2026-91745,updated,2026-09-17,cve_2026_to_now,2026-09-17T12:23:48+00:00
CVE-2026-91748,updated,2026-09-17,cve_2026_to_now,2026-09-17T12:23:48+00:00
CVE-2026-91749,updated,2026-09-17,cve_2026_to_now,2026-09-17T12:23:48+00:00
CVE-2026-91750,updated,2026-09-16,cve_2026_to_now,2026-09-17T12:23:48+00:00
CVE-2026-91752,updated,,cve_2026_to_now,2026-09-17T12:23:48+00:00
CVE-2026-91772,updated,2026-09-16,cve_2026_to_now,2026-09-17T12:23:48+00:00
CVE-2026-91843,added,2026-09-17,cve_2026_to_now,2026-09-17T12:23:48+00:00
CVE-2026-91939,updated,2026-09-16,cve_2026_to_now,2026-09-17T12:23:48+00:00
CVE-2026-91947,updated,2026-09-16,cve_2026_to_now,2026-09-17T12:23:48+00:00
CVE-2026-91948,updated,2026-09-17,cve_2026_to_now,2026-09-17T12:23:48+00:00
CVE-2026-91964,updated,2026-09-16,cve_2026_to_now,2026-09-17T12:23:48+00:00
CVE-2026-92005,updated,2026-09-16,cve_2026_to_now,2026-09-17T12:23:48+00:00
CVE-2026-92006,updated,2026-09-16,cve_2026_to_now,2026-09-17T12:23:48+00:00
CVE-2026-92007,updated,2026-09-16,cve_2026_to_now,2026-09-17T12:23:48+00:00
CVE-2026-92008,updated,2026-09-16,cve_2026_to_now,2026-09-17T12:23:48+00:00
CVE-2026-92009,updated,2026-09-16,cve_2026_to_now,2026-09-17T12:23:48+00:00
CVE-2026-92010,updated,2026-09-16,cve_2026_to_now,2026-09-17T12:23:48+00:00
CVE-2026-92011,updated,2026-09-16,cve_2026_to_now,2026-09-17T12:23:48+00:00
CVE-2026-92012,updated,2026-09-16,cve_2026_to_now,2026-09-17T12:23:48+00:00
CVE-2026-92013,updated,2026-09-16,cve_2026_to_now,2026-09-17T12:23:48+00:00
CVE-2026-92015,updated,2026-09-16,cve_2026_to_now,2026-09-17T12:23:48+00:00
CVE-2026-92016,updated,2026-09-16,cve_2026_to_now,2026-09-17T12:23:48+00:00
CVE-2026-92017,updated,2026-09-16,cve_2026_to_now,2026-09-17T12:23:48+00:00
CVE-2026-92018,updated,2026-09-16,cve_2026_to_now,2026-09-17T12:23:48+00:00
CVE-2026-92019,updated,2026-09-16,cve_2026_to_now,2026-09-17T12:23:48+00:00
CVE-2026-92020,updated,2026-09-16,cve_2026_to_now,2026-09-17T12:23:48+00:00
CVE-2026-92022,updated,2026-09-16,cve_2026_to_now,2026-09-17T12:23:48+00:00
CVE-2026-92023,updated,2026-09-16,cve_2026_to_now,2026-09-17T12:23:48+00:00
CVE-2026-92024,updated,2026-09-16,cve_2026_to_now,2026-09-17T12:23:48+00:00
CVE-2026-92025,updated,2026-09-16,cve_2026_to_now,2026-09-17T12:23:48+00:00
CVE-2026-92026,updated,2026-09-16,cve_2026_to_now,2026-09-17T12:23:48+00:00
CVE-2026-92027,updated,2026-09-16,cve_2026_to_now,2026-09-17T12:23:48+00:00
CVE-2026-92028,updated,2026-09-16,cve_2026_to_now,2026-09-17T12:23:48+00:00
CVE-2026-92029,updated,2026-09-16,cve_2026_to_now,2026-09-17T12:23:48+00:00
CVE-2026-92030,updated,2026-09-16,cve_2026_to_now,2026-09-17T12:23:48+00:00
CVE-2026-92031,updated,2026-09-16,cve_2026_to_now,2026-09-17T12:23:48+00:00
CVE-2026-92032,updated,2026-09-16,cve_2026_to_now,2026-09-17T12:23:48+00:00
CVE-2026-92035,updated,2026-09-16,cve_2026_to_now,2026-09-17T12:23:48+00:00
CVE-2026-92038,updated,2026-09-16,cve_2026_to_now,2026-09-17T12:23:48+00:00
CVE-2026-92039,updated,2026-09-16,cve_2026_to_now,2026-09-17T12:23:48+00:00
CVE-2026-92041,updated,2026-09-16,cve_2026_to_now,2026-09-17T12:23:48+00:00
CVE-2026-92042,updated,2026-09-16,cve_2026_to_now,2026-09-17T12:23:48+00:00
CVE-2026-92043,updated,2026-09-16,cve_2026_to_now,2026-09-17T12:23:48+00:00
CVE-2026-92044,updated,2026-09-16,cve_2026_to_now,2026-09-17T12:23:48+00:00
CVE-2026-92045,updated,2026-09-16,cve_2026_to_now,2026-09-17T12:23:48+00:00
CVE-2026-92046,updated,2026-09-16,cve_2026_to_now,2026-09-17T12:23:48+00:00
CVE-2026-92047,updated,2026-09-16,cve_2026_to_now,2026-09-17T12:23:48+00:00
CVE-2026-92048,updated,2026-09-16,cve_2026_to_now,2026-09-17T12:23:48+00:00
CVE-2026-92049,updated,2026-09-16,cve_2026_to_now,2026-09-17T12:23:48+00:00
CVE-2026-92052,updated,2026-09-16,cve_2026_to_now,2026-09-17T12:23:48+00:00
CVE-2026-92053,updated,2026-09-16,cve_2026_to_now,2026-09-17T12:23:48+00:00
CVE-2026-92054,updated,2026-09-16,cve_2026_to_now,2026-09-17T12:23:48+00:00
CVE-2026-92055,updated,2026-09-16,cve_2026_to_now,2026-09-17T12:23:48+00:00
CVE-2026-92056,updated,2026-09-16,cve_2026_to_now,2026-09-17T12:23:48+00:00
CVE-2026-92057,updated,2026-09-16,cve_2026_to_now,2026-09-17T12:23:48+00:00
CVE-2026-92058,updated,2026-09-16,cve_2026_to_now,2026-09-17T12:23:48+00:00
CVE-2026-92059,updated,2026-09-16,cve_2026_to_now,2026-09-17T12:23:48+00:00
CVE-2026-92060,updated,2026-09-16,cve_2026_to_now,2026-09-17T12:23:48+00:00
CVE-2026-92062,updated,2026-09-16,cve_2026_to_now,2026-09-17T12:23:48+00:00
CVE-2026-92064,updated,2026-09-16,cve_2026_to_now,2026-09-17T12:23:48+00:00
CVE-2026-92065,updated,2026-09-16,cve_2026_to_now,2026-09-17T12:23:48+00:00
CVE-2026-92067,updated,2026-09-16,cve_2026_to_now,2026-09-17T12:23:48+00:00
CVE-2026-92068,updated,2026-09-16,cve_2026_to_now,2026-09-17T12:23:48+00:00
CVE-2026-92069,updated,2026-09-16,cve_2026_to_now,2026-09-17T12:23:48+00:00
CVE-2026-92070,updated,2026-09-16,cve_2026_to_now,2026-09-17T12:23:48+00:00
CVE-2026-92071,updated,2026-09-16,cve_2026_to_now,2026-09-17T12:23:48+00:00
CVE-2026-92072,updated,2026-09-16,cve_2026_to_now,2026-09-17T12:23:48+00:00
CVE-2026-92073,updated,2026-09-16,cve_2026_to_now,2026-09-17T12:23:48+00:00
CVE-2026-92074,updated,2026-09-16,cve_2026_to_now,2026-09-17T12:23:48+00:00
CVE-2026-92075,updated,2026-09-16,cve_2026_to_now,2026-09-17T12:23:48+00:00
CVE-2026-92076,updated,2026-09-16,cve_2026_to_now,2026-09-17T12:23:48+00:00
CVE-2026-92077,updated,2026-09-16,cve_2026_to_now,2026-09-17T12:23:48+00:00
CVE-2026-92078,updated,2026-09-16,cve_2026_to_now,2026-09-17T12:23:48+00:00
CVE-2026-92079,updated,2026-09-16,cve_2026_to_now,2026-09-17T12:23:48+00:00
CVE-2026-92081,updated,,cve_2026_to_now,2026-09-17T12:23:48+00:00
CVE-2026-92087,added,,cve_2026_to_now,2026-09-17T12:23:48+00:00
CVE-2026-92091,updated,,cve_2026_to_now,2026-09-17T12:23:48+00:00
CVE-2026-92114,updated,2026-09-16,cve_2026_to_now,2026-09-17T12:23:48+00:00
CVE-2026-92122,added,,cve_2026_to_now,2026-09-17T12:23:48+00:00
CVE-2026-92123,added,,cve_2026_to_now,2026-09-17T12:23:48+00:00
CVE-2026-92124,added,,cve_2026_to_now,2026-09-17T12:23:48+00:00
CVE-2026-92125,added,,cve_2026_to_now,2026-09-17T12:23:48+00:00
CVE-2026-92126,added,,cve_2026_to_now,2026-09-17T12:23:48+00:00
CVE-2026-92127,added,,cve_2026_to_now,2026-09-17T12:23:48+00:00
CVE-2026-92128,added,,cve_2026_to_now,2026-09-17T12:23:48+00:00
CVE-2026-92129,added,,cve_2026_to_now,2026-09-17T12:23:48+00:00
CVE-2026-92130,added,,cve_2026_to_now,2026-09-17T12:23:48+00:00
CVE-2026-92131,added,,cve_2026_to_now,2026-09-17T12:23:48+00:00
CVE-2026-92132,added,,cve_2026_to_now,2026-09-17T12:23:48+00:00
CVE-2026-92133,added,,cve_2026_to_now,2026-09-17T12:23:48+00:00
CVE-2026-92134,added,,cve_2026_to_now,2026-09-17T12:23:48+00:00
CVE-2026-92135,added,,cve_2026_to_now,2026-09-17T12:23:48+00:00
CVE-2026-92136,added,,cve_2026_to_now,2026-09-17T12:23:48+00:00
CVE-2026-92137,added,,cve_2026_to_now,2026-09-17T12:23:48+00:00
CVE-2026-92138,added,,cve_2026_to_now,2026-09-17T12:23:48+00:00
CVE-2026-92139,added,,cve_2026_to_now,2026-09-17T12:23:48+00:00
CVE-2026-92140,added,,cve_2026_to_now,2026-09-17T12:23:48+00:00
CVE-2026-92141,added,,cve_2026_to_now,2026-09-17T12:23:48+00:00
CVE-2026-92213,updated,,cve_2026_to_now,2026-09-17T12:23:48+00:00
CVE-2026-92215,updated,,cve_2026_to_now,2026-09-17T12:23:48+00:00
CVE-2026-92216,updated,,cve_2026_to_now,2026-09-17T12:23:48+00:00
CVE-2026-92220,updated,,cve_2026_to_now,2026-09-17T12:23:48+00:00
CVE-2026-92234,updated,2026-09-16,cve_2026_to_now,2026-09-17T12:23:48+00:00
CVE-2026-92237,updated,2026-09-16,cve_2026_to_now,2026-09-17T12:23:48+00:00
CVE-2026-92238,updated,2026-09-16,cve_2026_to_now,2026-09-17T12:23:48+00:00
CVE-2026-92239,updated,2026-09-16,cve_2026_to_now,2026-09-17T12:23:48+00:00
CVE-2026-92240,updated,2026-09-16,cve_2026_to_now,2026-09-17T12:23:48+00:00
CVE-2026-92247,updated,,cve_2026_to_now,2026-09-17T12:23:48+00:00
CVE-2026-92248,updated,2026-09-16,cve_2026_to_now,2026-09-17T12:23:48+00:00
CVE-2026-92256,updated,2026-09-16,cve_2026_to_now,2026-09-17T12:23:48+00:00
CVE-2026-92259,updated,2026-09-16,cve_2026_to_now,2026-09-17T12:23:48+00:00
CVE-2026-92299,updated,,cve_2026_to_now,2026-09-17T12:23:48+00:00
CVE-2026-92355,updated,,cve_2026_to_now,2026-09-17T12:23:48+00:00
CVE-2026-92356,updated,,cve_2026_to_now,2026-09-17T12:23:48+00:00
CVE-2026-92359,updated,,cve_2026_to_now,2026-09-17T12:23:48+00:00
CVE-2026-92360,added,,cve_2026_to_now,2026-09-17T12:23:48+00:00
CVE-2026-92361,added,,cve_2026_to_now,2026-09-17T12:23:48+00:00
CVE-2026-92362,added,,cve_2026_to_now,2026-09-17T12:23:48+00:00
CVE-2026-92363,added,,cve_2026_to_now,2026-09-17T12:23:48+00:00
CVE-2026-92364,added,,cve_2026_to_now,2026-09-17T12:23:48+00:00
CVE-2026-92365,added,,cve_2026_to_now,2026-09-17T12:23:48+00:00
CVE-2026-92366,added,,cve_2026_to_now,2026-09-17T12:23:48+00:00
CVE-2026-92380,added,,cve_2026_to_now,2026-09-17T12:23:48+00:00
CVE-2026-92381,added,,cve_2026_to_now,2026-09-17T12:23:48+00:00
CVE-2026-92383,added,,cve_2026_to_now,2026-09-17T12:23:48+00:00
CVE-2026-92385,added,,cve_2026_to_now,2026-09-17T12:23:48+00:00
CVE-2026-92395,added,,cve_2026_to_now,2026-09-17T12:23:48+00:00
CVE-2026-92397,added,,cve_2026_to_now,2026-09-17T12:23:48+00:00
CVE-2026-92398,added,,cve_2026_to_now,2026-09-17T12:23:48+00:00
CVE-2026-92399,added,,cve_2026_to_now,2026-09-17T12:23:48+00:00
CVE-2026-92401,added,,cve_2026_to_now,2026-09-17T12:23:48+00:00
CVE-2026-92402,added,,cve_2026_to_now,2026-09-17T12:23:48+00:00
CVE-2026-92405,added,,cve_2026_to_now,2026-09-17T12:23:48+00:00
CVE-2026-92406,added,,cve_2026_to_now,2026-09-17T12:23:48+00:00
CVE-2026-92413,added,,cve_2026_to_now,2026-09-17T12:23:48+00:00
CVE-2026-92416,added,,cve_2026_to_now,2026-09-17T12:23:48+00:00
CVE-2026-92417,added,,cve_2026_to_now,2026-09-17T12:23:48+00:00
CVE-2026-92418,added,,cve_2026_to_now,2026-09-17T12:23:48+00:00
CVE-2026-92456,updated,,cve_2026_to_now,2026-09-17T12:23:48+00:00
CVE-2026-92459,updated,,cve_2026_to_now,2026-09-17T12:23:48+00:00
CVE-2026-92461,updated,,cve_2026_to_now,2026-09-17T12:23:48+00:00
CVE-2026-92465,updated,,cve_2026_to_now,2026-09-17T12:23:48+00:00
CVE-2026-92466,added,,cve_2026_to_now,2026-09-17T12:23:48+00:00
CVE-2026-92467,added,,cve_2026_to_now,2026-09-17T12:23:48+00:00
CVE-2026-92468,added,,cve_2026_to_now,2026-09-17T12:23:48+00:00
CVE-2026-92469,added,,cve_2026_to_now,2026-09-17T12:23:48+00:00
CVE-2026-92472,added,,cve_2026_to_now,2026-09-17T12:23:48+00:00
CVE-2026-92473,added,,cve_2026_to_now,2026-09-17T12:23:48+00:00
CVE-2026-92474,added,,cve_2026_to_now,2026-09-17T12:23:48+00:00
CVE-2026-92475,added,,cve_2026_to_now,2026-09-17T12:23:48+00:00
CVE-2026-92526,added,,cve_2026_to_now,2026-09-17T12:23:48+00:00
CVE-2026-92527,added,,cve_2026_to_now,2026-09-17T12:23:48+00:00
CVE-2026-92565,added,,cve_2026_to_now,2026-09-17T12:23:48+00:00
CVE-2026-92566,added,,cve_2026_to_now,2026-09-17T12:23:48+00:00
CVE-2026-92567,added,,cve_2026_to_now,2026-09-17T12:23:48+00:00
CVE-2026-92568,added,,cve_2026_to_now,2026-09-17T12:23:48+00:00
CVE-2026-92569,added,,cve_2026_to_now,2026-09-17T12:23:48+00:00
CVE-2026-92570,added,,cve_2026_to_now,2026-09-17T12:23:48+00:00
CVE-2026-92576,added,,cve_2026_to_now,2026-09-17T12:23:48+00:00
CVE-2026-92577,added,,cve_2026_to_now,2026-09-17T12:23:48+00:00
CVE-2026-92578,added,,cve_2026_to_now,2026-09-17T12:23:48+00:00
CVE-2026-92579,added,,cve_2026_to_now,2026-09-17T12:23:48+00:00
CVE-2026-92580,added,,cve_2026_to_now,2026-09-17T12:23:48+00:00
CVE-2026-92581,added,,cve_2026_to_now,2026-09-17T12:23:48+00:00
CVE-2026-92582,added,,cve_2026_to_now,2026-09-17T12:23:48+00:00
CVE-2026-92583,added,,cve_2026_to_now,2026-09-17T12:23:48+00:00
CVE-2026-92584,added,,cve_2026_to_now,2026-09-17T12:23:48+00:00
CVE-2026-92585,added,,cve_2026_to_now,2026-09-17T12:23:48+00:00
CVE-2026-92586,added,,cve_2026_to_now,2026-09-17T12:23:48+00:00
CVE-2026-92587,added,,cve_2026_to_now,2026-09-17T12:23:48+00:00
CVE-2026-92588,added,,cve_2026_to_now,2026-09-17T12:23:48+00:00
CVE-2026-92589,added,,cve_2026_to_now,2026-09-17T12:23:48+00:00
CVE-2026-92590,added,,cve_2026_to_now,2026-09-17T12:23:48+00:00
CVE-2026-92591,added,,cve_2026_to_now,2026-09-17T12:23:48+00:00
CVE-2026-92592,added,,cve_2026_to_now,2026-09-17T12:23:48+00:00
CVE-2026-92593,added,,cve_2026_to_now,2026-09-17T12:23:48+00:00
CVE-2026-92594,added,,cve_2026_to_now,2026-09-17T12:23:48+00:00
CVE-2026-92595,added,,cve_2026_to_now,2026-09-17T12:23:48+00:00
CVE-2026-92596,added,,cve_2026_to_now,2026-09-17T12:23:48+00:00
CVE-2026-92597,added,,cve_2026_to_now,2026-09-17T12:23:48+00:00
CVE-2026-92598,added,,cve_2026_to_now,2026-09-17T12:23:48+00:00
CVE-2026-92599,added,,cve_2026_to_now,2026-09-17T12:23:48+00:00
CVE-2026-92600,added,,cve_2026_to_now,2026-09-17T12:23:48+00:00
CVE-2026-92601,added,,cve_2026_to_now,2026-09-17T12:23:48+00:00
CVE-2026-92602,added,,cve_2026_to_now,2026-09-17T12:23:48+00:00
CVE-2026-92603,added,,cve_2026_to_now,2026-09-17T12:23:48+00:00
CVE-2026-92604,added,,cve_2026_to_now,2026-09-17T12:23:48+00:00
CVE-2026-92605,added,,cve_2026_to_now,2026-09-17T12:23:48+00:00
CVE-2026-92611,added,,cve_2026_to_now,2026-09-17T12:23:48+00:00
CVE-2026-92615,added,,cve_2026_to_now,2026-09-17T12:23:48+00:00
CVE-2026-92616,added,,cve_2026_to_now,2026-09-17T12:23:48+00:00
CVE-2026-92625,added,,cve_2026_to_now,2026-09-17T12:23:48+00:00
CVE-2026-92626,added,,cve_2026_to_now,2026-09-17T12:23:48+00:00
CVE-2026-92627,added,,cve_2026_to_now,2026-09-17T12:23:48+00:00
CVE-2026-92716,added,,cve_2026_to_now,2026-09-17T12:23:48+00:00
CVE-2026-92717,added,,cve_2026_to_now,2026-09-17T12:23:48+00:00
CVE-2026-92718,added,,cve_2026_to_now,2026-09-17T12:23:48+00:00
CVE-2026-92719,added,,cve_2026_to_now,2026-09-17T12:23:48+00:00
CVE-2026-92720,added,,cve_2026_to_now,2026-09-17T12:23:48+00:00
CVE-2026-92729,added,,cve_2026_to_now,2026-09-17T12:23:48+00:00
CVE-2026-92748,added,,cve_2026_to_now,2026-09-17T12:23:48+00:00
CVE-2026-92749,added,,cve_2026_to_now,2026-09-17T12:23:48+00:00
CVE-2026-92750,added,,cve_2026_to_now,2026-09-17T12:23:48+00:00
CVE-2026-92751,added,,cve_2026_to_now,2026-09-17T12:23:48+00:00
CVE-2026-92752,added,,cve_2026_to_now,2026-09-17T12:23:48+00:00
CVE-2026-92753,added,,cve_2026_to_now,2026-09-17T12:23:48+00:00
CVE-2026-92754,added,,cve_2026_to_now,2026-09-17T12:23:48+00:00
CVE-2026-92759,added,,cve_2026_to_now,2026-09-17T12:23:48+00:00
CVE-2026-92760,added,,cve_2026_to_now,2026-09-17T12:23:48+00:00
CVE-2026-92761,added,,cve_2026_to_now,2026-09-17T12:23:48+00:00
CVE-2026-92762,added,,cve_2026_to_now,2026-09-17T12:23:48+00:00
CVE-2026-92763,added,,cve_2026_to_now,2026-09-17T12:23:48+00:00
CVE-2026-92764,added,,cve_2026_to_now,2026-09-17T12:23:48+00:00
CVE-2026-92765,added,,cve_2026_to_now,2026-09-17T12:23:48+00:00
CVE-2026-92770,added,,cve_2026_to_now,2026-09-17T12:23:48+00:00
CVE-2026-92771,added,,cve_2026_to_now,2026-09-17T12:23:48+00:00
CVE-2026-92772,added,,cve_2026_to_now,2026-09-17T12:23:48+00:00
CVE-2026-92773,added,,cve_2026_to_now,2026-09-17T12:23:48+00:00
CVE-2026-92774,added,,cve_2026_to_now,2026-09-17T12:23:48+00:00
CVE-2026-92775,added,,cve_2026_to_now,2026-09-17T12:23:48+00:00
CVE-2026-92776,added,,cve_2026_to_now,2026-09-17T12:23:48+00:00
CVE-2026-92778,added,,cve_2026_to_now,2026-09-17T12:23:48+00:00
CVE-2026-92779,added,,cve_2026_to_now,2026-09-17T12:23:48+00:00
CVE-2026-92780,added,,cve_2026_to_now,2026-09-17T12:23:48+00:00
CVE-2026-92781,added,,cve_2026_to_now,2026-09-17T12:23:48+00:00
CVE-2026-92782,added,,cve_2026_to_now,2026-09-17T12:23:48+00:00
CVE-2026-92783,added,,cve_2026_to_now,2026-09-17T12:23:48+00:00
CVE-2026-92784,added,,cve_2026_to_now,2026-09-17T12:23:48+00:00
CVE-2026-92785,added,,cve_2026_to_now,2026-09-17T12:23:48+00:00
CVE-2026-92786,added,,cve_2026_to_now,2026-09-17T12:23:48+00:00
CVE-2026-92787,added,,cve_2026_to_now,2026-09-17T12:23:48+00:00
CVE-2026-92788,added,,cve_2026_to_now,2026-09-17T12:23:48+00:00
CVE-2026-92789,added,,cve_2026_to_now,2026-09-17T12:23:48+00:00
CVE-2026-92790,added,,cve_2026_to_now,2026-09-17T12:23:48+00:00
CVE-2026-92791,added,,cve_2026_to_now,2026-09-17T12:23:48+00:00
CVE-2026-92792,added,,cve_2026_to_now,2026-09-17T12:23:48+00:00
CVE-2026-92793,added,,cve_2026_to_now,2026-09-17T12:23:48+00:00
CVE-2026-92794,added,,cve_2026_to_now,2026-09-17T12:23:48+00:00
CVE-2026-92795,added,,cve_2026_to_now,2026-09-17T12:23:48+00:00
CVE-2026-92796,added,,cve_2026_to_now,2026-09-17T12:23:48+00:00
CVE-2026-92800,added,,cve_2026_to_now,2026-09-17T12:23:48+00:00
CVE-2026-92801,added,,cve_2026_to_now,2026-09-17T12:23:48+00:00
CVE-2026-92802,added,,cve_2026_to_now,2026-09-17T12:23:48+00:00
CVE-2026-92803,added,,cve_2026_to_now,2026-09-17T12:23:48+00:00
CVE-2026-92804,added,,cve_2026_to_now,2026-09-17T12:23:48+00:00
CVE-2026-92805,added,,cve_2026_to_now,2026-09-17T12:23:48+00:00
CVE-2026-92806,added,,cve_2026_to_now,2026-09-17T12:23:48+00:00
CVE-2026-92808,added,,cve_2026_to_now,2026-09-17T12:23:48+00:00
CVE-2026-92809,added,,cve_2026_to_now,2026-09-17T12:23:48+00:00
CVE-2026-92810,added,,cve_2026_to_now,2026-09-17T12:23:48+00:00
CVE-2026-92811,added,,cve_2026_to_now,2026-09-17T12:23:48+00:00
CVE-2026-92812,added,,cve_2026_to_now,2026-09-17T12:23:48+00:00
CVE-2026-92813,added,,cve_2026_to_now,2026-09-17T12:23:48+00:00
CVE-2026-92814,added,,cve_2026_to_now,2026-09-17T12:23:48+00:00
CVE-2026-92815,added,,cve_2026_to_now,2026-09-17T12:23:48+00:00
CVE-2026-92816,added,,cve_2026_to_now,2026-09-17T12:23:48+00:00
CVE-2026-92838,added,,cve_2026_to_now,2026-09-17T12:23:48+00:00
CVE-2026-92839,added,,cve_2026_to_now,2026-09-17T12:23:48+00:00
CVE-2026-92860,added,,cve_2026_to_now,2026-09-17T12:23:48+00:00
CVE-2026-92893,added,,cve_2026_to_now,2026-09-17T12:23:48+00:00
CVE-2026-92894,added,,cve_2026_to_now,2026-09-17T12:23:48+00:00
CVE-2026-92903,added,,cve_2026_to_now,2026-09-17T12:23:48+00:00
CVE-2026-92912,added,,cve_2026_to_now,2026-09-17T12:23:48+00:00
CVE-2026-92913,added,,cve_2026_to_now,2026-09-17T12:23:48+00:00
CVE-2026-92914,added,,cve_2026_to_now,2026-09-17T12:23:48+00:00
CVE-2026-92915,added,,cve_2026_to_now,2026-09-17T12:23:48+00:00
CVE-2026-92916,added,,cve_2026_to_now,2026-09-17T12:23:48+00:00
CVE-2026-92917,added,,cve_2026_to_now,2026-09-17T12:23:48+00:00
CVE-2026-92925,added,,cve_2026_to_now,2026-09-17T12:23:48+00:00
