cve_id,change_type,date_updated,shard,run_utc
CVE-2025-1218,added,,cve_2023_to_2025,2026-09-26T12:01:40+00:00
CVE-2025-14181,added,,cve_2023_to_2025,2026-09-26T12:01:40+00:00
CVE-2025-14814,updated,,cve_2023_to_2025,2026-09-26T12:01:40+00:00
CVE-2025-51457,added,,cve_2023_to_2025,2026-09-26T12:01:40+00:00
CVE-2026-0390,updated,2026-09-25,cve_2026_to_now,2026-09-26T12:01:40+00:00
CVE-2026-0856,updated,2026-09-25,cve_2026_to_now,2026-09-26T12:01:40+00:00
CVE-2026-0857,updated,2026-09-25,cve_2026_to_now,2026-09-26T12:01:40+00:00
CVE-2026-2604,updated,2026-06-17,cve_2026_to_now,2026-09-26T12:01:40+00:00
CVE-2026-5267,added,,cve_2026_to_now,2026-09-26T12:01:40+00:00
CVE-2026-6082,updated,,cve_2026_to_now,2026-09-26T12:01:40+00:00
CVE-2026-6083,updated,,cve_2026_to_now,2026-09-26T12:01:40+00:00
CVE-2026-6084,updated,,cve_2026_to_now,2026-09-26T12:01:40+00:00
CVE-2026-6085,updated,,cve_2026_to_now,2026-09-26T12:01:40+00:00
CVE-2026-6086,updated,,cve_2026_to_now,2026-09-26T12:01:40+00:00
CVE-2026-6087,updated,,cve_2026_to_now,2026-09-26T12:01:40+00:00
CVE-2026-6088,updated,,cve_2026_to_now,2026-09-26T12:01:40+00:00
CVE-2026-6103,added,,cve_2026_to_now,2026-09-26T12:01:40+00:00
CVE-2026-7298,updated,2026-09-25,cve_2026_to_now,2026-09-26T12:01:40+00:00
CVE-2026-10579,updated,2026-09-25,cve_2026_to_now,2026-09-26T12:01:40+00:00
CVE-2026-10758,added,,cve_2026_to_now,2026-09-26T12:01:40+00:00
CVE-2026-11871,added,,cve_2026_to_now,2026-09-26T12:01:40+00:00
CVE-2026-12037,updated,,cve_2026_to_now,2026-09-26T12:01:40+00:00
CVE-2026-13016,updated,2026-09-25,cve_2026_to_now,2026-09-26T12:01:40+00:00
CVE-2026-13179,updated,,cve_2026_to_now,2026-09-26T12:01:40+00:00
CVE-2026-13456,updated,,cve_2026_to_now,2026-09-26T12:01:40+00:00
CVE-2026-14441,updated,2026-09-25,cve_2026_to_now,2026-09-26T12:01:40+00:00
CVE-2026-14443,updated,2026-09-25,cve_2026_to_now,2026-09-26T12:01:40+00:00
CVE-2026-15273,added,,cve_2026_to_now,2026-09-26T12:01:40+00:00
CVE-2026-15554,updated,2026-09-25,cve_2026_to_now,2026-09-26T12:01:40+00:00
CVE-2026-15555,updated,2026-09-25,cve_2026_to_now,2026-09-26T12:01:40+00:00
CVE-2026-15556,updated,2026-09-25,cve_2026_to_now,2026-09-26T12:01:40+00:00
CVE-2026-15560,updated,2026-09-25,cve_2026_to_now,2026-09-26T12:01:40+00:00
CVE-2026-15561,updated,2026-09-25,cve_2026_to_now,2026-09-26T12:01:40+00:00
CVE-2026-15562,updated,2026-09-25,cve_2026_to_now,2026-09-26T12:01:40+00:00
CVE-2026-15563,updated,2026-09-25,cve_2026_to_now,2026-09-26T12:01:40+00:00
CVE-2026-15565,updated,2026-09-25,cve_2026_to_now,2026-09-26T12:01:40+00:00
CVE-2026-15567,updated,2026-09-25,cve_2026_to_now,2026-09-26T12:01:40+00:00
CVE-2026-16591,added,,cve_2026_to_now,2026-09-26T12:01:40+00:00
CVE-2026-17545,added,,cve_2026_to_now,2026-09-26T12:01:40+00:00
CVE-2026-17602,updated,,cve_2026_to_now,2026-09-26T12:01:40+00:00
CVE-2026-18143,added,,cve_2026_to_now,2026-09-26T12:01:40+00:00
CVE-2026-18311,added,,cve_2026_to_now,2026-09-26T12:01:40+00:00
CVE-2026-18312,added,,cve_2026_to_now,2026-09-26T12:01:40+00:00
CVE-2026-18320,added,,cve_2026_to_now,2026-09-26T12:01:40+00:00
CVE-2026-19708,added,,cve_2026_to_now,2026-09-26T12:01:40+00:00
CVE-2026-19775,updated,,cve_2026_to_now,2026-09-26T12:01:40+00:00
CVE-2026-19804,updated,,cve_2026_to_now,2026-09-26T12:01:40+00:00
CVE-2026-20806,updated,2026-09-25,cve_2026_to_now,2026-09-26T12:01:40+00:00
CVE-2026-20928,updated,2026-09-25,cve_2026_to_now,2026-09-26T12:01:40+00:00
CVE-2026-20930,updated,2026-09-25,cve_2026_to_now,2026-09-26T12:01:40+00:00
CVE-2026-20945,updated,2026-09-25,cve_2026_to_now,2026-09-26T12:01:40+00:00
CVE-2026-21515,updated,2026-09-25,cve_2026_to_now,2026-09-26T12:01:40+00:00
CVE-2026-22314,updated,2026-09-25,cve_2026_to_now,2026-09-26T12:01:40+00:00
CVE-2026-22315,removed,,cve_2026_to_now,2026-09-26T12:01:40+00:00
CVE-2026-23653,updated,2026-09-25,cve_2026_to_now,2026-09-26T12:01:40+00:00
CVE-2026-23657,updated,2026-09-25,cve_2026_to_now,2026-09-26T12:01:40+00:00
CVE-2026-23666,updated,2026-09-25,cve_2026_to_now,2026-09-26T12:01:40+00:00
CVE-2026-23670,updated,2026-09-25,cve_2026_to_now,2026-09-26T12:01:40+00:00
CVE-2026-24301,updated,2026-09-25,cve_2026_to_now,2026-09-26T12:01:40+00:00
CVE-2026-24303,updated,2026-09-25,cve_2026_to_now,2026-09-26T12:01:40+00:00
CVE-2026-25184,updated,2026-09-25,cve_2026_to_now,2026-09-26T12:01:40+00:00
CVE-2026-25602,updated,2026-09-25,cve_2026_to_now,2026-09-26T12:01:40+00:00
CVE-2026-26135,updated,2026-09-25,cve_2026_to_now,2026-09-26T12:01:40+00:00
CVE-2026-26143,updated,2026-09-25,cve_2026_to_now,2026-09-26T12:01:40+00:00
CVE-2026-26145,updated,2026-09-25,cve_2026_to_now,2026-09-26T12:01:40+00:00
CVE-2026-26149,updated,2026-09-25,cve_2026_to_now,2026-09-26T12:01:40+00:00
CVE-2026-26150,updated,2026-09-25,cve_2026_to_now,2026-09-26T12:01:40+00:00
CVE-2026-26151,updated,2026-09-25,cve_2026_to_now,2026-09-26T12:01:40+00:00
CVE-2026-26152,updated,2026-09-25,cve_2026_to_now,2026-09-26T12:01:40+00:00
CVE-2026-26153,updated,2026-09-25,cve_2026_to_now,2026-09-26T12:01:40+00:00
CVE-2026-26154,updated,2026-09-25,cve_2026_to_now,2026-09-26T12:01:40+00:00
CVE-2026-26155,updated,2026-09-25,cve_2026_to_now,2026-09-26T12:01:40+00:00
CVE-2026-26156,updated,2026-09-25,cve_2026_to_now,2026-09-26T12:01:40+00:00
CVE-2026-26159,updated,2026-09-25,cve_2026_to_now,2026-09-26T12:01:40+00:00
CVE-2026-26160,updated,2026-09-25,cve_2026_to_now,2026-09-26T12:01:40+00:00
CVE-2026-26161,updated,2026-09-25,cve_2026_to_now,2026-09-26T12:01:40+00:00
CVE-2026-26162,updated,2026-09-25,cve_2026_to_now,2026-09-26T12:01:40+00:00
CVE-2026-26163,updated,2026-09-25,cve_2026_to_now,2026-09-26T12:01:40+00:00
CVE-2026-26165,updated,2026-09-25,cve_2026_to_now,2026-09-26T12:01:40+00:00
CVE-2026-26166,updated,2026-09-25,cve_2026_to_now,2026-09-26T12:01:40+00:00
CVE-2026-26167,updated,2026-09-25,cve_2026_to_now,2026-09-26T12:01:40+00:00
CVE-2026-26168,updated,2026-09-25,cve_2026_to_now,2026-09-26T12:01:40+00:00
CVE-2026-26169,updated,2026-09-25,cve_2026_to_now,2026-09-26T12:01:40+00:00
CVE-2026-26170,updated,2026-09-25,cve_2026_to_now,2026-09-26T12:01:40+00:00
CVE-2026-26171,updated,2026-09-25,cve_2026_to_now,2026-09-26T12:01:40+00:00
CVE-2026-26172,updated,2026-09-25,cve_2026_to_now,2026-09-26T12:01:40+00:00
CVE-2026-26173,updated,2026-09-25,cve_2026_to_now,2026-09-26T12:01:40+00:00
CVE-2026-26174,updated,2026-09-25,cve_2026_to_now,2026-09-26T12:01:40+00:00
CVE-2026-26175,updated,2026-09-25,cve_2026_to_now,2026-09-26T12:01:40+00:00
CVE-2026-26176,updated,2026-09-25,cve_2026_to_now,2026-09-26T12:01:40+00:00
CVE-2026-26177,updated,2026-09-25,cve_2026_to_now,2026-09-26T12:01:40+00:00
CVE-2026-26178,updated,2026-09-25,cve_2026_to_now,2026-09-26T12:01:40+00:00
CVE-2026-26179,updated,2026-09-25,cve_2026_to_now,2026-09-26T12:01:40+00:00
CVE-2026-26180,updated,2026-09-25,cve_2026_to_now,2026-09-26T12:01:40+00:00
CVE-2026-26181,updated,2026-09-25,cve_2026_to_now,2026-09-26T12:01:40+00:00
CVE-2026-26182,updated,2026-09-25,cve_2026_to_now,2026-09-26T12:01:40+00:00
CVE-2026-26183,updated,2026-09-25,cve_2026_to_now,2026-09-26T12:01:40+00:00
CVE-2026-26184,updated,2026-09-25,cve_2026_to_now,2026-09-26T12:01:40+00:00
CVE-2026-27906,updated,2026-09-25,cve_2026_to_now,2026-09-26T12:01:40+00:00
CVE-2026-27907,updated,2026-09-25,cve_2026_to_now,2026-09-26T12:01:40+00:00
CVE-2026-27908,updated,2026-09-25,cve_2026_to_now,2026-09-26T12:01:40+00:00
CVE-2026-27909,updated,2026-09-25,cve_2026_to_now,2026-09-26T12:01:40+00:00
CVE-2026-27910,updated,2026-09-25,cve_2026_to_now,2026-09-26T12:01:40+00:00
CVE-2026-27911,updated,2026-09-25,cve_2026_to_now,2026-09-26T12:01:40+00:00
CVE-2026-27912,updated,2026-09-25,cve_2026_to_now,2026-09-26T12:01:40+00:00
CVE-2026-27913,updated,2026-09-25,cve_2026_to_now,2026-09-26T12:01:40+00:00
CVE-2026-27914,updated,2026-09-25,cve_2026_to_now,2026-09-26T12:01:40+00:00
CVE-2026-27915,updated,2026-09-25,cve_2026_to_now,2026-09-26T12:01:40+00:00
CVE-2026-27916,updated,2026-09-25,cve_2026_to_now,2026-09-26T12:01:40+00:00
CVE-2026-27917,updated,2026-09-25,cve_2026_to_now,2026-09-26T12:01:40+00:00
CVE-2026-27918,updated,2026-09-25,cve_2026_to_now,2026-09-26T12:01:40+00:00
CVE-2026-27919,updated,2026-09-25,cve_2026_to_now,2026-09-26T12:01:40+00:00
CVE-2026-27920,updated,2026-09-25,cve_2026_to_now,2026-09-26T12:01:40+00:00
CVE-2026-27921,updated,2026-09-25,cve_2026_to_now,2026-09-26T12:01:40+00:00
CVE-2026-27922,updated,2026-09-25,cve_2026_to_now,2026-09-26T12:01:40+00:00
CVE-2026-27923,updated,2026-09-25,cve_2026_to_now,2026-09-26T12:01:40+00:00
CVE-2026-27924,updated,2026-09-25,cve_2026_to_now,2026-09-26T12:01:40+00:00
CVE-2026-27925,updated,2026-09-25,cve_2026_to_now,2026-09-26T12:01:40+00:00
CVE-2026-27926,updated,2026-09-25,cve_2026_to_now,2026-09-26T12:01:40+00:00
CVE-2026-27927,updated,2026-09-25,cve_2026_to_now,2026-09-26T12:01:40+00:00
CVE-2026-27928,updated,2026-09-25,cve_2026_to_now,2026-09-26T12:01:40+00:00
CVE-2026-27929,updated,2026-09-25,cve_2026_to_now,2026-09-26T12:01:40+00:00
CVE-2026-27930,updated,2026-09-25,cve_2026_to_now,2026-09-26T12:01:40+00:00
CVE-2026-27931,updated,2026-09-25,cve_2026_to_now,2026-09-26T12:01:40+00:00
CVE-2026-32068,updated,2026-09-25,cve_2026_to_now,2026-09-26T12:01:40+00:00
CVE-2026-32069,updated,2026-09-25,cve_2026_to_now,2026-09-26T12:01:40+00:00
CVE-2026-32070,updated,2026-09-25,cve_2026_to_now,2026-09-26T12:01:40+00:00
CVE-2026-32071,updated,2026-09-25,cve_2026_to_now,2026-09-26T12:01:40+00:00
CVE-2026-32072,updated,2026-09-25,cve_2026_to_now,2026-09-26T12:01:40+00:00
CVE-2026-32073,updated,2026-09-25,cve_2026_to_now,2026-09-26T12:01:40+00:00
CVE-2026-32074,updated,2026-09-25,cve_2026_to_now,2026-09-26T12:01:40+00:00
CVE-2026-32075,updated,2026-09-25,cve_2026_to_now,2026-09-26T12:01:40+00:00
CVE-2026-32076,updated,2026-09-25,cve_2026_to_now,2026-09-26T12:01:40+00:00
CVE-2026-32077,updated,2026-09-25,cve_2026_to_now,2026-09-26T12:01:40+00:00
CVE-2026-32078,updated,2026-09-25,cve_2026_to_now,2026-09-26T12:01:40+00:00
CVE-2026-32079,updated,2026-09-25,cve_2026_to_now,2026-09-26T12:01:40+00:00
CVE-2026-32080,updated,2026-09-25,cve_2026_to_now,2026-09-26T12:01:40+00:00
CVE-2026-32081,updated,2026-09-25,cve_2026_to_now,2026-09-26T12:01:40+00:00
CVE-2026-32082,updated,2026-09-25,cve_2026_to_now,2026-09-26T12:01:40+00:00
CVE-2026-32083,updated,2026-09-25,cve_2026_to_now,2026-09-26T12:01:40+00:00
CVE-2026-32084,updated,2026-09-25,cve_2026_to_now,2026-09-26T12:01:40+00:00
CVE-2026-32085,updated,2026-09-25,cve_2026_to_now,2026-09-26T12:01:40+00:00
CVE-2026-32086,updated,2026-09-25,cve_2026_to_now,2026-09-26T12:01:40+00:00
CVE-2026-32087,updated,2026-09-25,cve_2026_to_now,2026-09-26T12:01:40+00:00
CVE-2026-32088,updated,2026-09-25,cve_2026_to_now,2026-09-26T12:01:40+00:00
CVE-2026-32089,updated,2026-09-25,cve_2026_to_now,2026-09-26T12:01:40+00:00
CVE-2026-32090,updated,2026-09-25,cve_2026_to_now,2026-09-26T12:01:40+00:00
CVE-2026-32091,updated,2026-09-25,cve_2026_to_now,2026-09-26T12:01:40+00:00
CVE-2026-32093,updated,2026-09-25,cve_2026_to_now,2026-09-26T12:01:40+00:00
CVE-2026-32149,updated,2026-09-25,cve_2026_to_now,2026-09-26T12:01:40+00:00
CVE-2026-32150,updated,2026-09-25,cve_2026_to_now,2026-09-26T12:01:40+00:00
CVE-2026-32151,updated,2026-09-25,cve_2026_to_now,2026-09-26T12:01:40+00:00
CVE-2026-32152,updated,2026-09-25,cve_2026_to_now,2026-09-26T12:01:40+00:00
CVE-2026-32153,updated,2026-09-25,cve_2026_to_now,2026-09-26T12:01:40+00:00
CVE-2026-32154,updated,2026-09-25,cve_2026_to_now,2026-09-26T12:01:40+00:00
CVE-2026-32155,updated,2026-09-25,cve_2026_to_now,2026-09-26T12:01:40+00:00
CVE-2026-32156,updated,2026-09-25,cve_2026_to_now,2026-09-26T12:01:40+00:00
CVE-2026-32157,updated,2026-09-25,cve_2026_to_now,2026-09-26T12:01:40+00:00
CVE-2026-32158,updated,2026-09-25,cve_2026_to_now,2026-09-26T12:01:40+00:00
CVE-2026-32159,updated,2026-09-25,cve_2026_to_now,2026-09-26T12:01:40+00:00
CVE-2026-32160,updated,2026-09-25,cve_2026_to_now,2026-09-26T12:01:40+00:00
CVE-2026-32162,updated,2026-09-25,cve_2026_to_now,2026-09-26T12:01:40+00:00
CVE-2026-32163,updated,2026-09-25,cve_2026_to_now,2026-09-26T12:01:40+00:00
CVE-2026-32164,updated,2026-09-25,cve_2026_to_now,2026-09-26T12:01:40+00:00
CVE-2026-32165,updated,2026-09-25,cve_2026_to_now,2026-09-26T12:01:40+00:00
CVE-2026-32167,updated,2026-09-25,cve_2026_to_now,2026-09-26T12:01:40+00:00
CVE-2026-32168,updated,2026-09-25,cve_2026_to_now,2026-09-26T12:01:40+00:00
CVE-2026-32171,updated,2026-09-25,cve_2026_to_now,2026-09-26T12:01:40+00:00
CVE-2026-32172,updated,2026-09-25,cve_2026_to_now,2026-09-26T12:01:40+00:00
CVE-2026-32173,updated,2026-09-25,cve_2026_to_now,2026-09-26T12:01:40+00:00
CVE-2026-32176,updated,2026-09-25,cve_2026_to_now,2026-09-26T12:01:40+00:00
CVE-2026-32178,updated,2026-09-25,cve_2026_to_now,2026-09-26T12:01:40+00:00
CVE-2026-32181,updated,2026-09-25,cve_2026_to_now,2026-09-26T12:01:40+00:00
CVE-2026-32183,updated,2026-09-25,cve_2026_to_now,2026-09-26T12:01:40+00:00
CVE-2026-32184,updated,2026-09-25,cve_2026_to_now,2026-09-26T12:01:40+00:00
CVE-2026-32186,updated,2026-09-25,cve_2026_to_now,2026-09-26T12:01:40+00:00
CVE-2026-32188,updated,2026-09-25,cve_2026_to_now,2026-09-26T12:01:40+00:00
CVE-2026-32189,updated,2026-09-25,cve_2026_to_now,2026-09-26T12:01:40+00:00
CVE-2026-32190,updated,2026-09-25,cve_2026_to_now,2026-09-26T12:01:40+00:00
CVE-2026-32192,updated,2026-09-25,cve_2026_to_now,2026-09-26T12:01:40+00:00
CVE-2026-32195,updated,2026-09-25,cve_2026_to_now,2026-09-26T12:01:40+00:00
CVE-2026-32196,updated,2026-09-25,cve_2026_to_now,2026-09-26T12:01:40+00:00
CVE-2026-32197,updated,2026-09-25,cve_2026_to_now,2026-09-26T12:01:40+00:00
CVE-2026-32198,updated,2026-09-25,cve_2026_to_now,2026-09-26T12:01:40+00:00
CVE-2026-32199,updated,2026-09-25,cve_2026_to_now,2026-09-26T12:01:40+00:00
CVE-2026-32200,updated,2026-09-25,cve_2026_to_now,2026-09-26T12:01:40+00:00
CVE-2026-32201,updated,2026-09-25,cve_2026_to_now,2026-09-26T12:01:40+00:00
CVE-2026-32202,updated,2026-09-25,cve_2026_to_now,2026-09-26T12:01:40+00:00
CVE-2026-32203,updated,2026-09-25,cve_2026_to_now,2026-09-26T12:01:40+00:00
CVE-2026-32210,updated,2026-09-25,cve_2026_to_now,2026-09-26T12:01:40+00:00
CVE-2026-32211,updated,2026-09-25,cve_2026_to_now,2026-09-26T12:01:40+00:00
CVE-2026-32212,updated,2026-09-25,cve_2026_to_now,2026-09-26T12:01:40+00:00
CVE-2026-32213,updated,2026-09-25,cve_2026_to_now,2026-09-26T12:01:40+00:00
CVE-2026-32214,updated,2026-09-25,cve_2026_to_now,2026-09-26T12:01:40+00:00
CVE-2026-32215,updated,2026-09-25,cve_2026_to_now,2026-09-26T12:01:40+00:00
CVE-2026-32216,updated,2026-09-25,cve_2026_to_now,2026-09-26T12:01:40+00:00
CVE-2026-32217,updated,2026-09-25,cve_2026_to_now,2026-09-26T12:01:40+00:00
CVE-2026-32218,updated,2026-09-25,cve_2026_to_now,2026-09-26T12:01:40+00:00
CVE-2026-32219,updated,2026-09-25,cve_2026_to_now,2026-09-26T12:01:40+00:00
CVE-2026-32220,updated,2026-09-25,cve_2026_to_now,2026-09-26T12:01:40+00:00
CVE-2026-32221,updated,2026-09-25,cve_2026_to_now,2026-09-26T12:01:40+00:00
CVE-2026-32222,updated,2026-09-25,cve_2026_to_now,2026-09-26T12:01:40+00:00
CVE-2026-32223,updated,2026-09-25,cve_2026_to_now,2026-09-26T12:01:40+00:00
CVE-2026-32224,updated,2026-09-25,cve_2026_to_now,2026-09-26T12:01:40+00:00
CVE-2026-32225,updated,2026-09-25,cve_2026_to_now,2026-09-26T12:01:40+00:00
CVE-2026-32226,updated,2026-09-25,cve_2026_to_now,2026-09-26T12:01:40+00:00
CVE-2026-33095,updated,2026-09-25,cve_2026_to_now,2026-09-26T12:01:40+00:00
CVE-2026-33096,updated,2026-09-25,cve_2026_to_now,2026-09-26T12:01:40+00:00
CVE-2026-33098,updated,2026-09-25,cve_2026_to_now,2026-09-26T12:01:40+00:00
CVE-2026-33099,updated,2026-09-25,cve_2026_to_now,2026-09-26T12:01:40+00:00
CVE-2026-33100,updated,2026-09-25,cve_2026_to_now,2026-09-26T12:01:40+00:00
CVE-2026-33101,updated,2026-09-25,cve_2026_to_now,2026-09-26T12:01:40+00:00
CVE-2026-33102,updated,2026-09-25,cve_2026_to_now,2026-09-26T12:01:40+00:00
CVE-2026-33103,updated,2026-09-25,cve_2026_to_now,2026-09-26T12:01:40+00:00
CVE-2026-33104,updated,2026-09-25,cve_2026_to_now,2026-09-26T12:01:40+00:00
CVE-2026-33105,updated,2026-09-25,cve_2026_to_now,2026-09-26T12:01:40+00:00
CVE-2026-33107,updated,2026-09-25,cve_2026_to_now,2026-09-26T12:01:40+00:00
CVE-2026-33114,updated,2026-09-25,cve_2026_to_now,2026-09-26T12:01:40+00:00
CVE-2026-33115,updated,2026-09-25,cve_2026_to_now,2026-09-26T12:01:40+00:00
CVE-2026-33116,updated,2026-09-25,cve_2026_to_now,2026-09-26T12:01:40+00:00
CVE-2026-33118,updated,2026-09-25,cve_2026_to_now,2026-09-26T12:01:40+00:00
CVE-2026-33119,updated,2026-09-25,cve_2026_to_now,2026-09-26T12:01:40+00:00
CVE-2026-33120,updated,2026-09-25,cve_2026_to_now,2026-09-26T12:01:40+00:00
CVE-2026-33639,added,,cve_2026_to_now,2026-09-26T12:01:40+00:00
CVE-2026-33819,updated,2026-09-25,cve_2026_to_now,2026-09-26T12:01:40+00:00
CVE-2026-33822,updated,2026-09-25,cve_2026_to_now,2026-09-26T12:01:40+00:00
CVE-2026-33824,updated,2026-09-25,cve_2026_to_now,2026-09-26T12:01:40+00:00
CVE-2026-33825,updated,2026-09-25,cve_2026_to_now,2026-09-26T12:01:40+00:00
CVE-2026-33826,updated,2026-09-25,cve_2026_to_now,2026-09-26T12:01:40+00:00
CVE-2026-33827,updated,2026-09-25,cve_2026_to_now,2026-09-26T12:01:40+00:00
CVE-2026-33829,updated,2026-09-25,cve_2026_to_now,2026-09-26T12:01:40+00:00
CVE-2026-33842,updated,2026-09-25,cve_2026_to_now,2026-09-26T12:01:40+00:00
CVE-2026-34328,updated,2026-09-25,cve_2026_to_now,2026-09-26T12:01:40+00:00
CVE-2026-34346,updated,2026-09-25,cve_2026_to_now,2026-09-26T12:01:40+00:00
CVE-2026-34348,updated,2026-09-25,cve_2026_to_now,2026-09-26T12:01:40+00:00
CVE-2026-34349,updated,2026-09-25,cve_2026_to_now,2026-09-26T12:01:40+00:00
CVE-2026-35425,updated,2026-09-25,cve_2026_to_now,2026-09-26T12:01:40+00:00
CVE-2026-35431,updated,2026-09-25,cve_2026_to_now,2026-09-26T12:01:40+00:00
CVE-2026-36471,updated,2026-09-25,cve_2026_to_now,2026-09-26T12:01:40+00:00
CVE-2026-39353,added,,cve_2026_to_now,2026-09-26T12:01:40+00:00
CVE-2026-39372,added,,cve_2026_to_now,2026-09-26T12:01:40+00:00
CVE-2026-40372,updated,2026-09-25,cve_2026_to_now,2026-09-26T12:01:40+00:00
CVE-2026-40375,updated,2026-09-25,cve_2026_to_now,2026-09-26T12:01:40+00:00
CVE-2026-40378,updated,2026-09-25,cve_2026_to_now,2026-09-26T12:01:40+00:00
CVE-2026-40400,updated,2026-09-25,cve_2026_to_now,2026-09-26T12:01:40+00:00
CVE-2026-40422,updated,2026-09-25,cve_2026_to_now,2026-09-26T12:01:40+00:00
CVE-2026-41087,updated,2026-09-25,cve_2026_to_now,2026-09-26T12:01:40+00:00
CVE-2026-41106,updated,2026-09-25,cve_2026_to_now,2026-09-26T12:01:40+00:00
CVE-2026-41109,updated,2026-09-25,cve_2026_to_now,2026-09-26T12:01:40+00:00
CVE-2026-42322,added,,cve_2026_to_now,2026-09-26T12:01:40+00:00
CVE-2026-42323,added,,cve_2026_to_now,2026-09-26T12:01:40+00:00
CVE-2026-42324,added,,cve_2026_to_now,2026-09-26T12:01:40+00:00
CVE-2026-42900,updated,2026-09-25,cve_2026_to_now,2026-09-26T12:01:40+00:00
CVE-2026-42975,updated,2026-09-25,cve_2026_to_now,2026-09-26T12:01:40+00:00
CVE-2026-42976,updated,2026-09-25,cve_2026_to_now,2026-09-26T12:01:40+00:00
CVE-2026-42982,updated,2026-09-25,cve_2026_to_now,2026-09-26T12:01:40+00:00
CVE-2026-42990,updated,2026-09-25,cve_2026_to_now,2026-09-26T12:01:40+00:00
CVE-2026-43642,updated,2026-09-25,cve_2026_to_now,2026-09-26T12:01:40+00:00
CVE-2026-44642,added,,cve_2026_to_now,2026-09-26T12:01:40+00:00
CVE-2026-44800,updated,2026-09-25,cve_2026_to_now,2026-09-26T12:01:40+00:00
CVE-2026-44806,updated,2026-09-25,cve_2026_to_now,2026-09-26T12:01:40+00:00
CVE-2026-45488,updated,2026-09-25,cve_2026_to_now,2026-09-26T12:01:40+00:00
CVE-2026-45489,updated,2026-09-25,cve_2026_to_now,2026-09-26T12:01:40+00:00
CVE-2026-45496,updated,2026-09-25,cve_2026_to_now,2026-09-26T12:01:40+00:00
CVE-2026-45499,updated,2026-09-25,cve_2026_to_now,2026-09-26T12:01:40+00:00
CVE-2026-45646,updated,2026-09-25,cve_2026_to_now,2026-09-26T12:01:40+00:00
CVE-2026-45801,added,,cve_2026_to_now,2026-09-26T12:01:40+00:00
CVE-2026-47282,updated,2026-09-25,cve_2026_to_now,2026-09-26T12:01:40+00:00
CVE-2026-47285,updated,2026-09-25,cve_2026_to_now,2026-09-26T12:01:40+00:00
CVE-2026-47290,updated,2026-09-25,cve_2026_to_now,2026-09-26T12:01:40+00:00
CVE-2026-47295,updated,2026-09-25,cve_2026_to_now,2026-09-26T12:01:40+00:00
CVE-2026-47296,updated,2026-09-25,cve_2026_to_now,2026-09-26T12:01:40+00:00
CVE-2026-47297,updated,2026-09-25,cve_2026_to_now,2026-09-26T12:01:40+00:00
CVE-2026-47299,updated,2026-09-25,cve_2026_to_now,2026-09-26T12:01:40+00:00
CVE-2026-47300,updated,2026-09-25,cve_2026_to_now,2026-09-26T12:01:40+00:00
CVE-2026-47301,updated,2026-09-25,cve_2026_to_now,2026-09-26T12:01:40+00:00
CVE-2026-47302,updated,2026-09-25,cve_2026_to_now,2026-09-26T12:01:40+00:00
CVE-2026-47303,updated,2026-09-25,cve_2026_to_now,2026-09-26T12:01:40+00:00
CVE-2026-47304,updated,2026-09-25,cve_2026_to_now,2026-09-26T12:01:40+00:00
CVE-2026-47305,updated,2026-09-25,cve_2026_to_now,2026-09-26T12:01:40+00:00
CVE-2026-47632,updated,2026-09-25,cve_2026_to_now,2026-09-26T12:01:40+00:00
CVE-2026-47642,updated,2026-09-25,cve_2026_to_now,2026-09-26T12:01:40+00:00
CVE-2026-47679,added,,cve_2026_to_now,2026-09-26T12:01:40+00:00
CVE-2026-48482,added,,cve_2026_to_now,2026-09-26T12:01:40+00:00
CVE-2026-48543,updated,2026-09-25,cve_2026_to_now,2026-09-26T12:01:40+00:00
CVE-2026-48561,updated,2026-09-25,cve_2026_to_now,2026-09-26T12:01:40+00:00
CVE-2026-48564,updated,2026-09-25,cve_2026_to_now,2026-09-26T12:01:40+00:00
CVE-2026-48571,updated,2026-09-25,cve_2026_to_now,2026-09-26T12:01:40+00:00
CVE-2026-48572,updated,2026-09-25,cve_2026_to_now,2026-09-26T12:01:40+00:00
CVE-2026-48580,updated,2026-09-25,cve_2026_to_now,2026-09-26T12:01:40+00:00
CVE-2026-48581,updated,2026-09-25,cve_2026_to_now,2026-09-26T12:01:40+00:00
CVE-2026-49159,updated,2026-09-25,cve_2026_to_now,2026-09-26T12:01:40+00:00
CVE-2026-49162,updated,2026-09-25,cve_2026_to_now,2026-09-26T12:01:40+00:00
CVE-2026-49163,updated,2026-09-25,cve_2026_to_now,2026-09-26T12:01:40+00:00
CVE-2026-49164,updated,2026-09-25,cve_2026_to_now,2026-09-26T12:01:40+00:00
CVE-2026-49165,updated,2026-09-25,cve_2026_to_now,2026-09-26T12:01:40+00:00
CVE-2026-49166,updated,2026-09-25,cve_2026_to_now,2026-09-26T12:01:40+00:00
CVE-2026-49167,updated,2026-09-25,cve_2026_to_now,2026-09-26T12:01:40+00:00
CVE-2026-49168,updated,2026-09-25,cve_2026_to_now,2026-09-26T12:01:40+00:00
CVE-2026-49169,updated,2026-09-25,cve_2026_to_now,2026-09-26T12:01:40+00:00
CVE-2026-49170,updated,2026-09-25,cve_2026_to_now,2026-09-26T12:01:40+00:00
CVE-2026-49171,updated,2026-09-25,cve_2026_to_now,2026-09-26T12:01:40+00:00
CVE-2026-49172,updated,2026-09-25,cve_2026_to_now,2026-09-26T12:01:40+00:00
CVE-2026-49173,updated,2026-09-25,cve_2026_to_now,2026-09-26T12:01:40+00:00
CVE-2026-49174,updated,2026-09-25,cve_2026_to_now,2026-09-26T12:01:40+00:00
CVE-2026-49175,updated,2026-09-25,cve_2026_to_now,2026-09-26T12:01:40+00:00
CVE-2026-49176,updated,2026-09-25,cve_2026_to_now,2026-09-26T12:01:40+00:00
CVE-2026-49177,updated,2026-09-25,cve_2026_to_now,2026-09-26T12:01:40+00:00
CVE-2026-49178,updated,2026-09-25,cve_2026_to_now,2026-09-26T12:01:40+00:00
CVE-2026-49179,updated,2026-09-25,cve_2026_to_now,2026-09-26T12:01:40+00:00
CVE-2026-49180,updated,2026-09-25,cve_2026_to_now,2026-09-26T12:01:40+00:00
CVE-2026-49181,updated,2026-09-25,cve_2026_to_now,2026-09-26T12:01:40+00:00
CVE-2026-49183,updated,2026-09-25,cve_2026_to_now,2026-09-26T12:01:40+00:00
CVE-2026-49184,updated,2026-09-25,cve_2026_to_now,2026-09-26T12:01:40+00:00
CVE-2026-49469,added,,cve_2026_to_now,2026-09-26T12:01:40+00:00
CVE-2026-49470,added,,cve_2026_to_now,2026-09-26T12:01:40+00:00
CVE-2026-49783,updated,2026-09-25,cve_2026_to_now,2026-09-26T12:01:40+00:00
CVE-2026-49784,updated,2026-09-25,cve_2026_to_now,2026-09-26T12:01:40+00:00
CVE-2026-49787,updated,2026-09-25,cve_2026_to_now,2026-09-26T12:01:40+00:00
CVE-2026-49788,updated,2026-09-25,cve_2026_to_now,2026-09-26T12:01:40+00:00
CVE-2026-49789,updated,2026-09-25,cve_2026_to_now,2026-09-26T12:01:40+00:00
CVE-2026-49790,updated,2026-09-25,cve_2026_to_now,2026-09-26T12:01:40+00:00
CVE-2026-49791,updated,2026-09-25,cve_2026_to_now,2026-09-26T12:01:40+00:00
CVE-2026-49792,updated,2026-09-25,cve_2026_to_now,2026-09-26T12:01:40+00:00
CVE-2026-49793,updated,2026-09-25,cve_2026_to_now,2026-09-26T12:01:40+00:00
CVE-2026-49794,updated,2026-09-25,cve_2026_to_now,2026-09-26T12:01:40+00:00
CVE-2026-49795,updated,2026-09-25,cve_2026_to_now,2026-09-26T12:01:40+00:00
CVE-2026-49796,updated,2026-09-25,cve_2026_to_now,2026-09-26T12:01:40+00:00
CVE-2026-49797,updated,2026-09-25,cve_2026_to_now,2026-09-26T12:01:40+00:00
CVE-2026-49798,updated,2026-09-25,cve_2026_to_now,2026-09-26T12:01:40+00:00
CVE-2026-49799,updated,2026-09-25,cve_2026_to_now,2026-09-26T12:01:40+00:00
CVE-2026-49800,updated,2026-09-25,cve_2026_to_now,2026-09-26T12:01:40+00:00
CVE-2026-49801,updated,2026-09-25,cve_2026_to_now,2026-09-26T12:01:40+00:00
CVE-2026-49802,updated,2026-09-25,cve_2026_to_now,2026-09-26T12:01:40+00:00
CVE-2026-49803,updated,2026-09-25,cve_2026_to_now,2026-09-26T12:01:40+00:00
CVE-2026-49804,updated,2026-09-25,cve_2026_to_now,2026-09-26T12:01:40+00:00
CVE-2026-49805,updated,2026-09-25,cve_2026_to_now,2026-09-26T12:01:40+00:00
CVE-2026-49806,updated,2026-09-25,cve_2026_to_now,2026-09-26T12:01:40+00:00
CVE-2026-49807,updated,2026-09-25,cve_2026_to_now,2026-09-26T12:01:40+00:00
CVE-2026-49808,updated,2026-09-25,cve_2026_to_now,2026-09-26T12:01:40+00:00
CVE-2026-49850,added,,cve_2026_to_now,2026-09-26T12:01:40+00:00
CVE-2026-50293,updated,2026-09-25,cve_2026_to_now,2026-09-26T12:01:40+00:00
CVE-2026-50294,updated,2026-09-25,cve_2026_to_now,2026-09-26T12:01:40+00:00
CVE-2026-50295,updated,2026-09-25,cve_2026_to_now,2026-09-26T12:01:40+00:00
CVE-2026-50296,updated,2026-09-25,cve_2026_to_now,2026-09-26T12:01:40+00:00
CVE-2026-50297,updated,2026-09-25,cve_2026_to_now,2026-09-26T12:01:40+00:00
CVE-2026-50298,updated,2026-09-25,cve_2026_to_now,2026-09-26T12:01:40+00:00
CVE-2026-50299,updated,2026-09-25,cve_2026_to_now,2026-09-26T12:01:40+00:00
CVE-2026-50300,updated,2026-09-25,cve_2026_to_now,2026-09-26T12:01:40+00:00
CVE-2026-50301,updated,2026-09-25,cve_2026_to_now,2026-09-26T12:01:40+00:00
CVE-2026-50302,updated,2026-09-25,cve_2026_to_now,2026-09-26T12:01:40+00:00
CVE-2026-50303,updated,2026-09-25,cve_2026_to_now,2026-09-26T12:01:40+00:00
CVE-2026-50304,updated,2026-09-25,cve_2026_to_now,2026-09-26T12:01:40+00:00
CVE-2026-50305,updated,2026-09-25,cve_2026_to_now,2026-09-26T12:01:40+00:00
CVE-2026-50306,updated,2026-09-25,cve_2026_to_now,2026-09-26T12:01:40+00:00
CVE-2026-50307,updated,2026-09-25,cve_2026_to_now,2026-09-26T12:01:40+00:00
CVE-2026-50308,updated,2026-09-25,cve_2026_to_now,2026-09-26T12:01:40+00:00
CVE-2026-50309,updated,2026-09-25,cve_2026_to_now,2026-09-26T12:01:40+00:00
CVE-2026-50310,updated,2026-09-25,cve_2026_to_now,2026-09-26T12:01:40+00:00
CVE-2026-50311,updated,2026-09-25,cve_2026_to_now,2026-09-26T12:01:40+00:00
CVE-2026-50312,updated,2026-09-25,cve_2026_to_now,2026-09-26T12:01:40+00:00
CVE-2026-50313,updated,2026-09-25,cve_2026_to_now,2026-09-26T12:01:40+00:00
CVE-2026-50314,updated,2026-09-25,cve_2026_to_now,2026-09-26T12:01:40+00:00
CVE-2026-50315,updated,2026-09-25,cve_2026_to_now,2026-09-26T12:01:40+00:00
CVE-2026-50316,updated,2026-09-25,cve_2026_to_now,2026-09-26T12:01:40+00:00
CVE-2026-50317,updated,2026-09-25,cve_2026_to_now,2026-09-26T12:01:40+00:00
CVE-2026-50318,updated,2026-09-25,cve_2026_to_now,2026-09-26T12:01:40+00:00
CVE-2026-50321,updated,2026-09-25,cve_2026_to_now,2026-09-26T12:01:40+00:00
CVE-2026-50322,updated,2026-09-25,cve_2026_to_now,2026-09-26T12:01:40+00:00
CVE-2026-50323,updated,2026-09-25,cve_2026_to_now,2026-09-26T12:01:40+00:00
CVE-2026-50324,updated,2026-09-25,cve_2026_to_now,2026-09-26T12:01:40+00:00
CVE-2026-50325,updated,2026-09-25,cve_2026_to_now,2026-09-26T12:01:40+00:00
CVE-2026-50326,updated,2026-09-25,cve_2026_to_now,2026-09-26T12:01:40+00:00
CVE-2026-50327,updated,2026-09-25,cve_2026_to_now,2026-09-26T12:01:40+00:00
CVE-2026-50328,updated,2026-09-25,cve_2026_to_now,2026-09-26T12:01:40+00:00
CVE-2026-50329,updated,2026-09-25,cve_2026_to_now,2026-09-26T12:01:40+00:00
CVE-2026-50330,updated,2026-09-25,cve_2026_to_now,2026-09-26T12:01:40+00:00
CVE-2026-50331,updated,2026-09-25,cve_2026_to_now,2026-09-26T12:01:40+00:00
CVE-2026-50332,updated,2026-09-25,cve_2026_to_now,2026-09-26T12:01:40+00:00
CVE-2026-50333,updated,2026-09-25,cve_2026_to_now,2026-09-26T12:01:40+00:00
CVE-2026-50334,updated,2026-09-25,cve_2026_to_now,2026-09-26T12:01:40+00:00
CVE-2026-50335,updated,2026-09-25,cve_2026_to_now,2026-09-26T12:01:40+00:00
CVE-2026-50336,updated,2026-09-25,cve_2026_to_now,2026-09-26T12:01:40+00:00
CVE-2026-50337,updated,2026-09-25,cve_2026_to_now,2026-09-26T12:01:40+00:00
CVE-2026-50338,updated,2026-09-25,cve_2026_to_now,2026-09-26T12:01:40+00:00
CVE-2026-50339,updated,2026-09-25,cve_2026_to_now,2026-09-26T12:01:40+00:00
CVE-2026-50340,updated,2026-09-25,cve_2026_to_now,2026-09-26T12:01:40+00:00
CVE-2026-50341,updated,2026-09-25,cve_2026_to_now,2026-09-26T12:01:40+00:00
CVE-2026-50342,updated,2026-09-25,cve_2026_to_now,2026-09-26T12:01:40+00:00
CVE-2026-50343,updated,2026-09-25,cve_2026_to_now,2026-09-26T12:01:40+00:00
CVE-2026-50344,updated,2026-09-25,cve_2026_to_now,2026-09-26T12:01:40+00:00
CVE-2026-50345,updated,2026-09-25,cve_2026_to_now,2026-09-26T12:01:40+00:00
CVE-2026-50346,updated,2026-09-25,cve_2026_to_now,2026-09-26T12:01:40+00:00
CVE-2026-50347,updated,2026-09-25,cve_2026_to_now,2026-09-26T12:01:40+00:00
CVE-2026-50348,updated,2026-09-25,cve_2026_to_now,2026-09-26T12:01:40+00:00
CVE-2026-50349,updated,2026-09-25,cve_2026_to_now,2026-09-26T12:01:40+00:00
CVE-2026-50350,updated,2026-09-25,cve_2026_to_now,2026-09-26T12:01:40+00:00
CVE-2026-50351,updated,2026-09-25,cve_2026_to_now,2026-09-26T12:01:40+00:00
CVE-2026-50352,updated,2026-09-25,cve_2026_to_now,2026-09-26T12:01:40+00:00
CVE-2026-50353,updated,2026-09-25,cve_2026_to_now,2026-09-26T12:01:40+00:00
CVE-2026-50354,updated,2026-09-25,cve_2026_to_now,2026-09-26T12:01:40+00:00
CVE-2026-50355,updated,2026-09-25,cve_2026_to_now,2026-09-26T12:01:40+00:00
CVE-2026-50356,updated,2026-09-25,cve_2026_to_now,2026-09-26T12:01:40+00:00
CVE-2026-50357,updated,2026-09-25,cve_2026_to_now,2026-09-26T12:01:40+00:00
CVE-2026-50358,updated,2026-09-25,cve_2026_to_now,2026-09-26T12:01:40+00:00
CVE-2026-50359,updated,2026-09-25,cve_2026_to_now,2026-09-26T12:01:40+00:00
CVE-2026-50360,updated,2026-09-25,cve_2026_to_now,2026-09-26T12:01:40+00:00
CVE-2026-50361,updated,2026-09-25,cve_2026_to_now,2026-09-26T12:01:40+00:00
CVE-2026-50362,updated,2026-09-25,cve_2026_to_now,2026-09-26T12:01:40+00:00
CVE-2026-50363,updated,2026-09-25,cve_2026_to_now,2026-09-26T12:01:40+00:00
CVE-2026-50364,updated,2026-09-25,cve_2026_to_now,2026-09-26T12:01:40+00:00
CVE-2026-50365,updated,2026-09-25,cve_2026_to_now,2026-09-26T12:01:40+00:00
CVE-2026-50366,updated,2026-09-25,cve_2026_to_now,2026-09-26T12:01:40+00:00
CVE-2026-50367,updated,2026-09-25,cve_2026_to_now,2026-09-26T12:01:40+00:00
CVE-2026-50368,updated,2026-09-25,cve_2026_to_now,2026-09-26T12:01:40+00:00
CVE-2026-50369,updated,2026-09-25,cve_2026_to_now,2026-09-26T12:01:40+00:00
CVE-2026-50370,updated,2026-09-25,cve_2026_to_now,2026-09-26T12:01:40+00:00
CVE-2026-50371,updated,2026-09-25,cve_2026_to_now,2026-09-26T12:01:40+00:00
CVE-2026-50372,updated,2026-09-25,cve_2026_to_now,2026-09-26T12:01:40+00:00
CVE-2026-50373,updated,2026-09-25,cve_2026_to_now,2026-09-26T12:01:40+00:00
CVE-2026-50374,updated,2026-09-25,cve_2026_to_now,2026-09-26T12:01:40+00:00
CVE-2026-50375,updated,2026-09-25,cve_2026_to_now,2026-09-26T12:01:40+00:00
CVE-2026-50376,updated,2026-09-25,cve_2026_to_now,2026-09-26T12:01:40+00:00
CVE-2026-50377,updated,2026-09-25,cve_2026_to_now,2026-09-26T12:01:40+00:00
CVE-2026-50378,updated,2026-09-25,cve_2026_to_now,2026-09-26T12:01:40+00:00
CVE-2026-50379,updated,2026-09-25,cve_2026_to_now,2026-09-26T12:01:40+00:00
CVE-2026-50380,updated,2026-09-25,cve_2026_to_now,2026-09-26T12:01:40+00:00
CVE-2026-50381,updated,2026-09-25,cve_2026_to_now,2026-09-26T12:01:40+00:00
CVE-2026-50382,updated,2026-09-25,cve_2026_to_now,2026-09-26T12:01:40+00:00
CVE-2026-50383,updated,2026-09-25,cve_2026_to_now,2026-09-26T12:01:40+00:00
CVE-2026-50384,updated,2026-09-25,cve_2026_to_now,2026-09-26T12:01:40+00:00
CVE-2026-50385,updated,2026-09-25,cve_2026_to_now,2026-09-26T12:01:40+00:00
CVE-2026-50386,updated,2026-09-25,cve_2026_to_now,2026-09-26T12:01:40+00:00
CVE-2026-50387,updated,2026-09-25,cve_2026_to_now,2026-09-26T12:01:40+00:00
CVE-2026-50388,updated,2026-09-25,cve_2026_to_now,2026-09-26T12:01:40+00:00
CVE-2026-50389,updated,2026-09-25,cve_2026_to_now,2026-09-26T12:01:40+00:00
CVE-2026-50390,updated,2026-09-25,cve_2026_to_now,2026-09-26T12:01:40+00:00
CVE-2026-50391,updated,2026-09-25,cve_2026_to_now,2026-09-26T12:01:40+00:00
CVE-2026-50392,updated,2026-09-25,cve_2026_to_now,2026-09-26T12:01:40+00:00
CVE-2026-50393,updated,2026-09-25,cve_2026_to_now,2026-09-26T12:01:40+00:00
CVE-2026-50394,updated,2026-09-25,cve_2026_to_now,2026-09-26T12:01:40+00:00
CVE-2026-50396,updated,2026-09-25,cve_2026_to_now,2026-09-26T12:01:40+00:00
CVE-2026-50397,updated,2026-09-25,cve_2026_to_now,2026-09-26T12:01:40+00:00
CVE-2026-50398,updated,2026-09-25,cve_2026_to_now,2026-09-26T12:01:40+00:00
CVE-2026-50399,updated,2026-09-25,cve_2026_to_now,2026-09-26T12:01:40+00:00
CVE-2026-50400,updated,2026-09-25,cve_2026_to_now,2026-09-26T12:01:40+00:00
CVE-2026-50401,updated,2026-09-25,cve_2026_to_now,2026-09-26T12:01:40+00:00
CVE-2026-50402,updated,2026-09-25,cve_2026_to_now,2026-09-26T12:01:40+00:00
CVE-2026-50403,updated,2026-09-25,cve_2026_to_now,2026-09-26T12:01:40+00:00
CVE-2026-50404,updated,2026-09-25,cve_2026_to_now,2026-09-26T12:01:40+00:00
CVE-2026-50405,updated,2026-09-25,cve_2026_to_now,2026-09-26T12:01:40+00:00
CVE-2026-50406,updated,2026-09-25,cve_2026_to_now,2026-09-26T12:01:40+00:00
CVE-2026-50407,updated,2026-09-25,cve_2026_to_now,2026-09-26T12:01:40+00:00
CVE-2026-50408,updated,2026-09-25,cve_2026_to_now,2026-09-26T12:01:40+00:00
CVE-2026-50409,updated,2026-09-25,cve_2026_to_now,2026-09-26T12:01:40+00:00
CVE-2026-50410,updated,2026-09-25,cve_2026_to_now,2026-09-26T12:01:40+00:00
CVE-2026-50411,updated,2026-09-25,cve_2026_to_now,2026-09-26T12:01:40+00:00
CVE-2026-50412,updated,2026-09-25,cve_2026_to_now,2026-09-26T12:01:40+00:00
CVE-2026-50413,updated,2026-09-25,cve_2026_to_now,2026-09-26T12:01:40+00:00
CVE-2026-50414,updated,2026-09-25,cve_2026_to_now,2026-09-26T12:01:40+00:00
CVE-2026-50415,updated,2026-09-25,cve_2026_to_now,2026-09-26T12:01:40+00:00
CVE-2026-50416,updated,2026-09-25,cve_2026_to_now,2026-09-26T12:01:40+00:00
CVE-2026-50417,updated,2026-09-25,cve_2026_to_now,2026-09-26T12:01:40+00:00
CVE-2026-50418,updated,2026-09-25,cve_2026_to_now,2026-09-26T12:01:40+00:00
CVE-2026-50419,updated,2026-09-25,cve_2026_to_now,2026-09-26T12:01:40+00:00
CVE-2026-50420,updated,2026-09-25,cve_2026_to_now,2026-09-26T12:01:40+00:00
CVE-2026-50421,updated,2026-09-25,cve_2026_to_now,2026-09-26T12:01:40+00:00
CVE-2026-50422,updated,2026-09-25,cve_2026_to_now,2026-09-26T12:01:40+00:00
CVE-2026-50423,updated,2026-09-25,cve_2026_to_now,2026-09-26T12:01:40+00:00
CVE-2026-50424,updated,2026-09-25,cve_2026_to_now,2026-09-26T12:01:40+00:00
CVE-2026-50425,updated,2026-09-25,cve_2026_to_now,2026-09-26T12:01:40+00:00
CVE-2026-50426,updated,2026-09-25,cve_2026_to_now,2026-09-26T12:01:40+00:00
CVE-2026-50427,updated,2026-09-25,cve_2026_to_now,2026-09-26T12:01:40+00:00
CVE-2026-50428,updated,2026-09-25,cve_2026_to_now,2026-09-26T12:01:40+00:00
CVE-2026-50429,updated,2026-09-25,cve_2026_to_now,2026-09-26T12:01:40+00:00
CVE-2026-50430,updated,2026-09-25,cve_2026_to_now,2026-09-26T12:01:40+00:00
CVE-2026-50431,updated,2026-09-25,cve_2026_to_now,2026-09-26T12:01:40+00:00
CVE-2026-50432,updated,2026-09-25,cve_2026_to_now,2026-09-26T12:01:40+00:00
CVE-2026-50433,updated,2026-09-25,cve_2026_to_now,2026-09-26T12:01:40+00:00
CVE-2026-50434,updated,2026-09-25,cve_2026_to_now,2026-09-26T12:01:40+00:00
CVE-2026-50435,updated,2026-09-25,cve_2026_to_now,2026-09-26T12:01:40+00:00
CVE-2026-50436,updated,2026-09-25,cve_2026_to_now,2026-09-26T12:01:40+00:00
CVE-2026-50437,updated,2026-09-25,cve_2026_to_now,2026-09-26T12:01:40+00:00
CVE-2026-50438,updated,2026-09-25,cve_2026_to_now,2026-09-26T12:01:40+00:00
CVE-2026-50439,updated,2026-09-25,cve_2026_to_now,2026-09-26T12:01:40+00:00
CVE-2026-50440,updated,2026-09-25,cve_2026_to_now,2026-09-26T12:01:40+00:00
CVE-2026-50441,updated,2026-09-25,cve_2026_to_now,2026-09-26T12:01:40+00:00
CVE-2026-50442,updated,2026-09-25,cve_2026_to_now,2026-09-26T12:01:40+00:00
CVE-2026-50444,updated,2026-09-25,cve_2026_to_now,2026-09-26T12:01:40+00:00
CVE-2026-50445,updated,2026-09-25,cve_2026_to_now,2026-09-26T12:01:40+00:00
CVE-2026-50447,updated,2026-09-25,cve_2026_to_now,2026-09-26T12:01:40+00:00
CVE-2026-50448,updated,2026-09-25,cve_2026_to_now,2026-09-26T12:01:40+00:00
CVE-2026-50449,updated,2026-09-25,cve_2026_to_now,2026-09-26T12:01:40+00:00
CVE-2026-50450,updated,2026-09-25,cve_2026_to_now,2026-09-26T12:01:40+00:00
CVE-2026-50451,updated,2026-09-25,cve_2026_to_now,2026-09-26T12:01:40+00:00
CVE-2026-50452,updated,2026-09-25,cve_2026_to_now,2026-09-26T12:01:40+00:00
CVE-2026-50453,updated,2026-09-25,cve_2026_to_now,2026-09-26T12:01:40+00:00
CVE-2026-50454,updated,2026-09-25,cve_2026_to_now,2026-09-26T12:01:40+00:00
CVE-2026-50455,updated,2026-09-25,cve_2026_to_now,2026-09-26T12:01:40+00:00
CVE-2026-50456,updated,2026-09-25,cve_2026_to_now,2026-09-26T12:01:40+00:00
CVE-2026-50457,updated,2026-09-25,cve_2026_to_now,2026-09-26T12:01:40+00:00
CVE-2026-50458,updated,2026-09-25,cve_2026_to_now,2026-09-26T12:01:40+00:00
CVE-2026-50459,updated,2026-09-25,cve_2026_to_now,2026-09-26T12:01:40+00:00
CVE-2026-50460,updated,2026-09-25,cve_2026_to_now,2026-09-26T12:01:40+00:00
CVE-2026-50461,updated,2026-09-25,cve_2026_to_now,2026-09-26T12:01:40+00:00
CVE-2026-50462,updated,2026-09-25,cve_2026_to_now,2026-09-26T12:01:40+00:00
CVE-2026-50463,updated,2026-09-25,cve_2026_to_now,2026-09-26T12:01:40+00:00
CVE-2026-50465,updated,2026-09-25,cve_2026_to_now,2026-09-26T12:01:40+00:00
CVE-2026-50466,updated,2026-09-25,cve_2026_to_now,2026-09-26T12:01:40+00:00
CVE-2026-50467,updated,2026-09-25,cve_2026_to_now,2026-09-26T12:01:40+00:00
CVE-2026-50468,updated,2026-09-25,cve_2026_to_now,2026-09-26T12:01:40+00:00
CVE-2026-50469,updated,2026-09-25,cve_2026_to_now,2026-09-26T12:01:40+00:00
CVE-2026-50470,updated,2026-09-25,cve_2026_to_now,2026-09-26T12:01:40+00:00
CVE-2026-50471,updated,2026-09-25,cve_2026_to_now,2026-09-26T12:01:40+00:00
CVE-2026-50472,updated,2026-09-25,cve_2026_to_now,2026-09-26T12:01:40+00:00
CVE-2026-50473,updated,2026-09-25,cve_2026_to_now,2026-09-26T12:01:40+00:00
CVE-2026-50474,updated,2026-09-25,cve_2026_to_now,2026-09-26T12:01:40+00:00
CVE-2026-50475,updated,2026-09-25,cve_2026_to_now,2026-09-26T12:01:40+00:00
CVE-2026-50476,updated,2026-09-25,cve_2026_to_now,2026-09-26T12:01:40+00:00
CVE-2026-50477,updated,2026-09-25,cve_2026_to_now,2026-09-26T12:01:40+00:00
CVE-2026-50478,updated,2026-09-25,cve_2026_to_now,2026-09-26T12:01:40+00:00
CVE-2026-50479,updated,2026-09-25,cve_2026_to_now,2026-09-26T12:01:40+00:00
CVE-2026-50480,updated,2026-09-25,cve_2026_to_now,2026-09-26T12:01:40+00:00
CVE-2026-50481,updated,2026-09-25,cve_2026_to_now,2026-09-26T12:01:40+00:00
CVE-2026-50482,updated,2026-09-25,cve_2026_to_now,2026-09-26T12:01:40+00:00
CVE-2026-50483,updated,2026-09-25,cve_2026_to_now,2026-09-26T12:01:40+00:00
CVE-2026-50484,updated,2026-09-25,cve_2026_to_now,2026-09-26T12:01:40+00:00
CVE-2026-50485,updated,2026-09-25,cve_2026_to_now,2026-09-26T12:01:40+00:00
CVE-2026-50486,updated,2026-09-25,cve_2026_to_now,2026-09-26T12:01:40+00:00
CVE-2026-50487,updated,2026-09-25,cve_2026_to_now,2026-09-26T12:01:40+00:00
CVE-2026-50488,updated,2026-09-25,cve_2026_to_now,2026-09-26T12:01:40+00:00
CVE-2026-50489,updated,2026-09-25,cve_2026_to_now,2026-09-26T12:01:40+00:00
CVE-2026-50490,updated,2026-09-25,cve_2026_to_now,2026-09-26T12:01:40+00:00
CVE-2026-50491,updated,2026-09-25,cve_2026_to_now,2026-09-26T12:01:40+00:00
CVE-2026-50492,updated,2026-09-25,cve_2026_to_now,2026-09-26T12:01:40+00:00
CVE-2026-50493,updated,2026-09-25,cve_2026_to_now,2026-09-26T12:01:40+00:00
CVE-2026-50494,updated,2026-09-25,cve_2026_to_now,2026-09-26T12:01:40+00:00
CVE-2026-50495,updated,2026-09-25,cve_2026_to_now,2026-09-26T12:01:40+00:00
CVE-2026-50496,updated,2026-09-25,cve_2026_to_now,2026-09-26T12:01:40+00:00
CVE-2026-50497,updated,2026-09-25,cve_2026_to_now,2026-09-26T12:01:40+00:00
CVE-2026-50498,updated,2026-09-25,cve_2026_to_now,2026-09-26T12:01:40+00:00
CVE-2026-50499,updated,2026-09-25,cve_2026_to_now,2026-09-26T12:01:40+00:00
CVE-2026-50500,updated,2026-09-25,cve_2026_to_now,2026-09-26T12:01:40+00:00
CVE-2026-50501,updated,2026-09-25,cve_2026_to_now,2026-09-26T12:01:40+00:00
CVE-2026-50502,updated,2026-09-25,cve_2026_to_now,2026-09-26T12:01:40+00:00
CVE-2026-50503,updated,2026-09-25,cve_2026_to_now,2026-09-26T12:01:40+00:00
CVE-2026-50504,updated,2026-09-25,cve_2026_to_now,2026-09-26T12:01:40+00:00
CVE-2026-50505,updated,2026-09-25,cve_2026_to_now,2026-09-26T12:01:40+00:00
CVE-2026-50506,updated,2026-09-25,cve_2026_to_now,2026-09-26T12:01:40+00:00
CVE-2026-50509,updated,2026-09-25,cve_2026_to_now,2026-09-26T12:01:40+00:00
CVE-2026-50510,updated,2026-09-25,cve_2026_to_now,2026-09-26T12:01:40+00:00
CVE-2026-50515,updated,2026-09-25,cve_2026_to_now,2026-09-26T12:01:40+00:00
CVE-2026-50516,updated,2026-09-25,cve_2026_to_now,2026-09-26T12:01:40+00:00
CVE-2026-50517,updated,2026-09-25,cve_2026_to_now,2026-09-26T12:01:40+00:00
CVE-2026-50518,updated,2026-09-25,cve_2026_to_now,2026-09-26T12:01:40+00:00
CVE-2026-50520,updated,2026-09-25,cve_2026_to_now,2026-09-26T12:01:40+00:00
CVE-2026-50522,updated,2026-09-25,cve_2026_to_now,2026-09-26T12:01:40+00:00
CVE-2026-50523,updated,2026-09-25,cve_2026_to_now,2026-09-26T12:01:40+00:00
CVE-2026-50524,updated,2026-09-25,cve_2026_to_now,2026-09-26T12:01:40+00:00
CVE-2026-50525,updated,2026-09-25,cve_2026_to_now,2026-09-26T12:01:40+00:00
CVE-2026-50526,updated,2026-09-25,cve_2026_to_now,2026-09-26T12:01:40+00:00
CVE-2026-50527,updated,2026-09-25,cve_2026_to_now,2026-09-26T12:01:40+00:00
CVE-2026-50528,updated,2026-09-25,cve_2026_to_now,2026-09-26T12:01:40+00:00
CVE-2026-50547,added,,cve_2026_to_now,2026-09-26T12:01:40+00:00
CVE-2026-50646,updated,2026-09-25,cve_2026_to_now,2026-09-26T12:01:40+00:00
CVE-2026-50647,updated,2026-09-25,cve_2026_to_now,2026-09-26T12:01:40+00:00
CVE-2026-50648,updated,2026-09-25,cve_2026_to_now,2026-09-26T12:01:40+00:00
CVE-2026-50649,updated,2026-09-25,cve_2026_to_now,2026-09-26T12:01:40+00:00
CVE-2026-50650,updated,2026-09-25,cve_2026_to_now,2026-09-26T12:01:40+00:00
CVE-2026-50651,updated,2026-09-25,cve_2026_to_now,2026-09-26T12:01:40+00:00
CVE-2026-50652,updated,2026-09-25,cve_2026_to_now,2026-09-26T12:01:40+00:00
CVE-2026-50653,updated,2026-09-25,cve_2026_to_now,2026-09-26T12:01:40+00:00
CVE-2026-50655,updated,2026-09-25,cve_2026_to_now,2026-09-26T12:01:40+00:00
CVE-2026-50657,updated,2026-09-25,cve_2026_to_now,2026-09-26T12:01:40+00:00
CVE-2026-50658,updated,2026-09-25,cve_2026_to_now,2026-09-26T12:01:40+00:00
CVE-2026-50659,updated,2026-09-25,cve_2026_to_now,2026-09-26T12:01:40+00:00
CVE-2026-50661,updated,2026-09-25,cve_2026_to_now,2026-09-26T12:01:40+00:00
CVE-2026-50663,updated,2026-09-25,cve_2026_to_now,2026-09-26T12:01:40+00:00
CVE-2026-50665,updated,2026-09-25,cve_2026_to_now,2026-09-26T12:01:40+00:00
CVE-2026-50666,updated,2026-09-25,cve_2026_to_now,2026-09-26T12:01:40+00:00
CVE-2026-50667,updated,2026-09-25,cve_2026_to_now,2026-09-26T12:01:40+00:00
CVE-2026-50668,updated,2026-09-25,cve_2026_to_now,2026-09-26T12:01:40+00:00
CVE-2026-50669,updated,2026-09-25,cve_2026_to_now,2026-09-26T12:01:40+00:00
CVE-2026-50670,updated,2026-09-25,cve_2026_to_now,2026-09-26T12:01:40+00:00
CVE-2026-50672,updated,2026-09-25,cve_2026_to_now,2026-09-26T12:01:40+00:00
CVE-2026-50673,updated,2026-09-25,cve_2026_to_now,2026-09-26T12:01:40+00:00
CVE-2026-50674,updated,2026-09-25,cve_2026_to_now,2026-09-26T12:01:40+00:00
CVE-2026-50675,updated,2026-09-25,cve_2026_to_now,2026-09-26T12:01:40+00:00
CVE-2026-50676,updated,2026-09-25,cve_2026_to_now,2026-09-26T12:01:40+00:00
CVE-2026-50677,updated,2026-09-25,cve_2026_to_now,2026-09-26T12:01:40+00:00
CVE-2026-50678,updated,2026-09-25,cve_2026_to_now,2026-09-26T12:01:40+00:00
CVE-2026-50679,updated,2026-09-25,cve_2026_to_now,2026-09-26T12:01:40+00:00
CVE-2026-50680,updated,2026-09-25,cve_2026_to_now,2026-09-26T12:01:40+00:00
CVE-2026-50681,updated,2026-09-25,cve_2026_to_now,2026-09-26T12:01:40+00:00
CVE-2026-50682,updated,2026-09-25,cve_2026_to_now,2026-09-26T12:01:40+00:00
CVE-2026-50683,updated,2026-09-25,cve_2026_to_now,2026-09-26T12:01:40+00:00
CVE-2026-50684,updated,2026-09-25,cve_2026_to_now,2026-09-26T12:01:40+00:00
CVE-2026-50685,updated,2026-09-25,cve_2026_to_now,2026-09-26T12:01:40+00:00
CVE-2026-50686,updated,2026-09-25,cve_2026_to_now,2026-09-26T12:01:40+00:00
CVE-2026-50687,updated,2026-09-25,cve_2026_to_now,2026-09-26T12:01:40+00:00
CVE-2026-50688,updated,2026-09-25,cve_2026_to_now,2026-09-26T12:01:40+00:00
CVE-2026-50689,updated,2026-09-25,cve_2026_to_now,2026-09-26T12:01:40+00:00
CVE-2026-50690,updated,2026-09-25,cve_2026_to_now,2026-09-26T12:01:40+00:00
CVE-2026-50692,updated,2026-09-25,cve_2026_to_now,2026-09-26T12:01:40+00:00
CVE-2026-50694,updated,2026-09-25,cve_2026_to_now,2026-09-26T12:01:40+00:00
CVE-2026-50695,updated,2026-09-25,cve_2026_to_now,2026-09-26T12:01:40+00:00
CVE-2026-50696,updated,2026-09-25,cve_2026_to_now,2026-09-26T12:01:40+00:00
CVE-2026-50697,updated,2026-09-25,cve_2026_to_now,2026-09-26T12:01:40+00:00
CVE-2026-51772,added,,cve_2026_to_now,2026-09-26T12:01:40+00:00
CVE-2026-51773,added,,cve_2026_to_now,2026-09-26T12:01:40+00:00
CVE-2026-51994,updated,2026-09-25,cve_2026_to_now,2026-09-26T12:01:40+00:00
CVE-2026-51997,updated,2026-09-25,cve_2026_to_now,2026-09-26T12:01:40+00:00
CVE-2026-52622,added,,cve_2026_to_now,2026-09-26T12:01:40+00:00
CVE-2026-52743,updated,2026-09-25,cve_2026_to_now,2026-09-26T12:01:40+00:00
CVE-2026-53610,added,,cve_2026_to_now,2026-09-26T12:01:40+00:00
CVE-2026-53625,added,,cve_2026_to_now,2026-09-26T12:01:40+00:00
CVE-2026-53626,added,,cve_2026_to_now,2026-09-26T12:01:40+00:00
CVE-2026-53627,added,,cve_2026_to_now,2026-09-26T12:01:40+00:00
CVE-2026-53628,added,,cve_2026_to_now,2026-09-26T12:01:40+00:00
CVE-2026-53629,added,,cve_2026_to_now,2026-09-26T12:01:40+00:00
CVE-2026-54107,updated,2026-09-25,cve_2026_to_now,2026-09-26T12:01:40+00:00
CVE-2026-54108,updated,2026-09-25,cve_2026_to_now,2026-09-26T12:01:40+00:00
CVE-2026-54109,updated,2026-09-25,cve_2026_to_now,2026-09-26T12:01:40+00:00
CVE-2026-54111,updated,2026-09-25,cve_2026_to_now,2026-09-26T12:01:40+00:00
CVE-2026-54112,updated,2026-09-25,cve_2026_to_now,2026-09-26T12:01:40+00:00
CVE-2026-54113,updated,2026-09-25,cve_2026_to_now,2026-09-26T12:01:40+00:00
CVE-2026-54114,updated,2026-09-25,cve_2026_to_now,2026-09-26T12:01:40+00:00
CVE-2026-54115,updated,2026-09-25,cve_2026_to_now,2026-09-26T12:01:40+00:00
CVE-2026-54116,updated,2026-09-25,cve_2026_to_now,2026-09-26T12:01:40+00:00
CVE-2026-54117,updated,2026-09-25,cve_2026_to_now,2026-09-26T12:01:40+00:00
CVE-2026-54118,updated,2026-09-25,cve_2026_to_now,2026-09-26T12:01:40+00:00
CVE-2026-54119,updated,2026-09-25,cve_2026_to_now,2026-09-26T12:01:40+00:00
CVE-2026-54120,updated,2026-09-25,cve_2026_to_now,2026-09-26T12:01:40+00:00
CVE-2026-54121,updated,2026-09-25,cve_2026_to_now,2026-09-26T12:01:40+00:00
CVE-2026-54122,updated,2026-09-25,cve_2026_to_now,2026-09-26T12:01:40+00:00
CVE-2026-54123,updated,2026-09-25,cve_2026_to_now,2026-09-26T12:01:40+00:00
CVE-2026-54124,updated,2026-09-25,cve_2026_to_now,2026-09-26T12:01:40+00:00
CVE-2026-54125,updated,2026-09-25,cve_2026_to_now,2026-09-26T12:01:40+00:00
CVE-2026-54126,updated,2026-09-25,cve_2026_to_now,2026-09-26T12:01:40+00:00
CVE-2026-54127,updated,2026-09-25,cve_2026_to_now,2026-09-26T12:01:40+00:00
CVE-2026-54128,updated,2026-09-25,cve_2026_to_now,2026-09-26T12:01:40+00:00
CVE-2026-54129,updated,2026-09-25,cve_2026_to_now,2026-09-26T12:01:40+00:00
CVE-2026-54131,updated,2026-09-25,cve_2026_to_now,2026-09-26T12:01:40+00:00
CVE-2026-54132,updated,2026-09-25,cve_2026_to_now,2026-09-26T12:01:40+00:00
CVE-2026-54584,updated,2026-09-25,cve_2026_to_now,2026-09-26T12:01:40+00:00
CVE-2026-54790,added,,cve_2026_to_now,2026-09-26T12:01:40+00:00
CVE-2026-54981,updated,2026-09-25,cve_2026_to_now,2026-09-26T12:01:40+00:00
CVE-2026-54982,updated,2026-09-25,cve_2026_to_now,2026-09-26T12:01:40+00:00
CVE-2026-54983,updated,2026-09-25,cve_2026_to_now,2026-09-26T12:01:40+00:00
CVE-2026-54984,updated,2026-09-25,cve_2026_to_now,2026-09-26T12:01:40+00:00
CVE-2026-54986,updated,2026-09-25,cve_2026_to_now,2026-09-26T12:01:40+00:00
CVE-2026-54987,updated,2026-09-25,cve_2026_to_now,2026-09-26T12:01:40+00:00
CVE-2026-54988,updated,2026-09-25,cve_2026_to_now,2026-09-26T12:01:40+00:00
CVE-2026-54989,updated,2026-09-25,cve_2026_to_now,2026-09-26T12:01:40+00:00
CVE-2026-54990,updated,2026-09-25,cve_2026_to_now,2026-09-26T12:01:40+00:00
CVE-2026-54991,updated,2026-09-25,cve_2026_to_now,2026-09-26T12:01:40+00:00
CVE-2026-54992,updated,2026-09-25,cve_2026_to_now,2026-09-26T12:01:40+00:00
CVE-2026-54993,updated,2026-09-25,cve_2026_to_now,2026-09-26T12:01:40+00:00
CVE-2026-54995,updated,2026-09-25,cve_2026_to_now,2026-09-26T12:01:40+00:00
CVE-2026-54996,updated,2026-09-25,cve_2026_to_now,2026-09-26T12:01:40+00:00
CVE-2026-54997,updated,2026-09-25,cve_2026_to_now,2026-09-26T12:01:40+00:00
CVE-2026-54998,updated,2026-09-25,cve_2026_to_now,2026-09-26T12:01:40+00:00
CVE-2026-54999,updated,2026-09-25,cve_2026_to_now,2026-09-26T12:01:40+00:00
CVE-2026-55000,updated,2026-09-25,cve_2026_to_now,2026-09-26T12:01:40+00:00
CVE-2026-55001,updated,2026-09-25,cve_2026_to_now,2026-09-26T12:01:40+00:00
CVE-2026-55002,updated,2026-09-25,cve_2026_to_now,2026-09-26T12:01:40+00:00
CVE-2026-55003,updated,2026-09-25,cve_2026_to_now,2026-09-26T12:01:40+00:00
CVE-2026-55004,updated,2026-09-25,cve_2026_to_now,2026-09-26T12:01:40+00:00
CVE-2026-55005,updated,2026-09-25,cve_2026_to_now,2026-09-26T12:01:40+00:00
CVE-2026-55006,updated,2026-09-25,cve_2026_to_now,2026-09-26T12:01:40+00:00
CVE-2026-55007,updated,2026-09-25,cve_2026_to_now,2026-09-26T12:01:40+00:00
CVE-2026-55008,updated,2026-09-25,cve_2026_to_now,2026-09-26T12:01:40+00:00
CVE-2026-55009,updated,2026-09-25,cve_2026_to_now,2026-09-26T12:01:40+00:00
CVE-2026-55010,updated,2026-09-25,cve_2026_to_now,2026-09-26T12:01:40+00:00
CVE-2026-55011,updated,2026-09-25,cve_2026_to_now,2026-09-26T12:01:40+00:00
CVE-2026-55012,updated,2026-09-25,cve_2026_to_now,2026-09-26T12:01:40+00:00
CVE-2026-55013,updated,2026-09-25,cve_2026_to_now,2026-09-26T12:01:40+00:00
CVE-2026-55014,updated,2026-09-25,cve_2026_to_now,2026-09-26T12:01:40+00:00
CVE-2026-55015,updated,2026-09-25,cve_2026_to_now,2026-09-26T12:01:40+00:00
CVE-2026-55016,updated,2026-09-25,cve_2026_to_now,2026-09-26T12:01:40+00:00
CVE-2026-55017,updated,2026-09-25,cve_2026_to_now,2026-09-26T12:01:40+00:00
CVE-2026-55018,updated,2026-09-25,cve_2026_to_now,2026-09-26T12:01:40+00:00
CVE-2026-55019,updated,2026-09-25,cve_2026_to_now,2026-09-26T12:01:40+00:00
CVE-2026-55020,updated,2026-09-25,cve_2026_to_now,2026-09-26T12:01:40+00:00
CVE-2026-55021,updated,2026-09-25,cve_2026_to_now,2026-09-26T12:01:40+00:00
CVE-2026-55022,updated,2026-09-25,cve_2026_to_now,2026-09-26T12:01:40+00:00
CVE-2026-55023,updated,2026-09-25,cve_2026_to_now,2026-09-26T12:01:40+00:00
CVE-2026-55024,updated,2026-09-25,cve_2026_to_now,2026-09-26T12:01:40+00:00
CVE-2026-55025,updated,2026-09-25,cve_2026_to_now,2026-09-26T12:01:40+00:00
CVE-2026-55026,updated,2026-09-25,cve_2026_to_now,2026-09-26T12:01:40+00:00
CVE-2026-55027,updated,2026-09-25,cve_2026_to_now,2026-09-26T12:01:40+00:00
CVE-2026-55028,updated,2026-09-25,cve_2026_to_now,2026-09-26T12:01:40+00:00
CVE-2026-55029,updated,2026-09-25,cve_2026_to_now,2026-09-26T12:01:40+00:00
CVE-2026-55030,updated,2026-09-25,cve_2026_to_now,2026-09-26T12:01:40+00:00
CVE-2026-55031,updated,2026-09-25,cve_2026_to_now,2026-09-26T12:01:40+00:00
CVE-2026-55032,updated,2026-09-25,cve_2026_to_now,2026-09-26T12:01:40+00:00
CVE-2026-55033,updated,2026-09-25,cve_2026_to_now,2026-09-26T12:01:40+00:00
CVE-2026-55034,updated,2026-09-25,cve_2026_to_now,2026-09-26T12:01:40+00:00
CVE-2026-55035,updated,2026-09-25,cve_2026_to_now,2026-09-26T12:01:40+00:00
CVE-2026-55036,updated,2026-09-25,cve_2026_to_now,2026-09-26T12:01:40+00:00
CVE-2026-55037,updated,2026-09-25,cve_2026_to_now,2026-09-26T12:01:40+00:00
CVE-2026-55038,updated,2026-09-25,cve_2026_to_now,2026-09-26T12:01:40+00:00
CVE-2026-55039,updated,2026-09-25,cve_2026_to_now,2026-09-26T12:01:40+00:00
CVE-2026-55040,updated,2026-09-25,cve_2026_to_now,2026-09-26T12:01:40+00:00
CVE-2026-55041,updated,2026-09-25,cve_2026_to_now,2026-09-26T12:01:40+00:00
CVE-2026-55042,updated,2026-09-25,cve_2026_to_now,2026-09-26T12:01:40+00:00
CVE-2026-55043,updated,2026-09-25,cve_2026_to_now,2026-09-26T12:01:40+00:00
CVE-2026-55044,updated,2026-09-25,cve_2026_to_now,2026-09-26T12:01:40+00:00
CVE-2026-55045,updated,2026-09-25,cve_2026_to_now,2026-09-26T12:01:40+00:00
CVE-2026-55046,updated,2026-09-25,cve_2026_to_now,2026-09-26T12:01:40+00:00
CVE-2026-55047,updated,2026-09-25,cve_2026_to_now,2026-09-26T12:01:40+00:00
CVE-2026-55048,updated,2026-09-25,cve_2026_to_now,2026-09-26T12:01:40+00:00
CVE-2026-55049,updated,2026-09-25,cve_2026_to_now,2026-09-26T12:01:40+00:00
CVE-2026-55050,updated,2026-09-25,cve_2026_to_now,2026-09-26T12:01:40+00:00
CVE-2026-55051,updated,2026-09-25,cve_2026_to_now,2026-09-26T12:01:40+00:00
CVE-2026-55052,updated,2026-09-25,cve_2026_to_now,2026-09-26T12:01:40+00:00
CVE-2026-55053,updated,2026-09-25,cve_2026_to_now,2026-09-26T12:01:40+00:00
CVE-2026-55054,updated,2026-09-25,cve_2026_to_now,2026-09-26T12:01:40+00:00
CVE-2026-55055,updated,2026-09-25,cve_2026_to_now,2026-09-26T12:01:40+00:00
CVE-2026-55056,updated,2026-09-25,cve_2026_to_now,2026-09-26T12:01:40+00:00
CVE-2026-55057,updated,2026-09-25,cve_2026_to_now,2026-09-26T12:01:40+00:00
CVE-2026-55058,updated,2026-09-25,cve_2026_to_now,2026-09-26T12:01:40+00:00
CVE-2026-55120,updated,2026-09-25,cve_2026_to_now,2026-09-26T12:01:40+00:00
CVE-2026-55121,updated,2026-09-25,cve_2026_to_now,2026-09-26T12:01:40+00:00
CVE-2026-55122,updated,2026-09-25,cve_2026_to_now,2026-09-26T12:01:40+00:00
CVE-2026-55123,updated,2026-09-25,cve_2026_to_now,2026-09-26T12:01:40+00:00
CVE-2026-55124,updated,2026-09-25,cve_2026_to_now,2026-09-26T12:01:40+00:00
CVE-2026-55125,updated,2026-09-25,cve_2026_to_now,2026-09-26T12:01:40+00:00
CVE-2026-55126,updated,2026-09-25,cve_2026_to_now,2026-09-26T12:01:40+00:00
CVE-2026-55127,updated,2026-09-25,cve_2026_to_now,2026-09-26T12:01:40+00:00
CVE-2026-55128,updated,2026-09-25,cve_2026_to_now,2026-09-26T12:01:40+00:00
CVE-2026-55129,updated,2026-09-25,cve_2026_to_now,2026-09-26T12:01:40+00:00
CVE-2026-55130,updated,2026-09-25,cve_2026_to_now,2026-09-26T12:01:40+00:00
CVE-2026-55131,updated,2026-09-25,cve_2026_to_now,2026-09-26T12:01:40+00:00
CVE-2026-55132,updated,2026-09-25,cve_2026_to_now,2026-09-26T12:01:40+00:00
CVE-2026-55133,updated,2026-09-25,cve_2026_to_now,2026-09-26T12:01:40+00:00
CVE-2026-55134,updated,2026-09-25,cve_2026_to_now,2026-09-26T12:01:40+00:00
CVE-2026-55135,updated,2026-09-25,cve_2026_to_now,2026-09-26T12:01:40+00:00
CVE-2026-55136,updated,2026-09-25,cve_2026_to_now,2026-09-26T12:01:40+00:00
CVE-2026-55137,updated,2026-09-25,cve_2026_to_now,2026-09-26T12:01:40+00:00
CVE-2026-55138,updated,2026-09-25,cve_2026_to_now,2026-09-26T12:01:40+00:00
CVE-2026-55139,updated,2026-09-25,cve_2026_to_now,2026-09-26T12:01:40+00:00
CVE-2026-55140,updated,2026-09-25,cve_2026_to_now,2026-09-26T12:01:40+00:00
CVE-2026-55141,updated,2026-09-25,cve_2026_to_now,2026-09-26T12:01:40+00:00
CVE-2026-55142,updated,2026-09-25,cve_2026_to_now,2026-09-26T12:01:40+00:00
CVE-2026-55144,updated,2026-09-25,cve_2026_to_now,2026-09-26T12:01:40+00:00
CVE-2026-55145,updated,2026-09-25,cve_2026_to_now,2026-09-26T12:01:40+00:00
CVE-2026-55214,added,,cve_2026_to_now,2026-09-26T12:01:40+00:00
CVE-2026-55217,added,,cve_2026_to_now,2026-09-26T12:01:40+00:00
CVE-2026-55898,updated,2026-09-25,cve_2026_to_now,2026-09-26T12:01:40+00:00
CVE-2026-55899,updated,2026-09-25,cve_2026_to_now,2026-09-26T12:01:40+00:00
CVE-2026-55944,updated,2026-09-25,cve_2026_to_now,2026-09-26T12:01:40+00:00
CVE-2026-55945,updated,2026-09-25,cve_2026_to_now,2026-09-26T12:01:40+00:00
CVE-2026-55946,updated,2026-09-25,cve_2026_to_now,2026-09-26T12:01:40+00:00
CVE-2026-55947,updated,2026-09-25,cve_2026_to_now,2026-09-26T12:01:40+00:00
CVE-2026-55948,updated,2026-09-25,cve_2026_to_now,2026-09-26T12:01:40+00:00
CVE-2026-55949,updated,2026-09-25,cve_2026_to_now,2026-09-26T12:01:40+00:00
CVE-2026-56155,updated,2026-09-25,cve_2026_to_now,2026-09-26T12:01:40+00:00
CVE-2026-56156,updated,2026-09-25,cve_2026_to_now,2026-09-26T12:01:40+00:00
CVE-2026-56157,updated,2026-09-25,cve_2026_to_now,2026-09-26T12:01:40+00:00
CVE-2026-56159,updated,2026-09-25,cve_2026_to_now,2026-09-26T12:01:40+00:00
CVE-2026-56160,updated,2026-09-25,cve_2026_to_now,2026-09-26T12:01:40+00:00
CVE-2026-56161,updated,2026-09-25,cve_2026_to_now,2026-09-26T12:01:40+00:00
CVE-2026-56162,updated,2026-09-25,cve_2026_to_now,2026-09-26T12:01:40+00:00
CVE-2026-56163,updated,2026-09-25,cve_2026_to_now,2026-09-26T12:01:40+00:00
CVE-2026-56164,updated,2026-09-25,cve_2026_to_now,2026-09-26T12:01:40+00:00
CVE-2026-56165,updated,2026-09-25,cve_2026_to_now,2026-09-26T12:01:40+00:00
CVE-2026-56167,updated,2026-09-25,cve_2026_to_now,2026-09-26T12:01:40+00:00
CVE-2026-56168,updated,2026-09-25,cve_2026_to_now,2026-09-26T12:01:40+00:00
CVE-2026-56169,updated,2026-09-25,cve_2026_to_now,2026-09-26T12:01:40+00:00
CVE-2026-56170,updated,2026-09-25,cve_2026_to_now,2026-09-26T12:01:40+00:00
CVE-2026-56171,updated,2026-09-25,cve_2026_to_now,2026-09-26T12:01:40+00:00
CVE-2026-56172,updated,2026-09-25,cve_2026_to_now,2026-09-26T12:01:40+00:00
CVE-2026-56173,updated,2026-09-25,cve_2026_to_now,2026-09-26T12:01:40+00:00
CVE-2026-56174,updated,2026-09-25,cve_2026_to_now,2026-09-26T12:01:40+00:00
CVE-2026-56175,updated,2026-09-25,cve_2026_to_now,2026-09-26T12:01:40+00:00
CVE-2026-56176,updated,2026-09-25,cve_2026_to_now,2026-09-26T12:01:40+00:00
CVE-2026-56177,updated,2026-09-25,cve_2026_to_now,2026-09-26T12:01:40+00:00
CVE-2026-56178,updated,2026-09-25,cve_2026_to_now,2026-09-26T12:01:40+00:00
CVE-2026-56179,updated,2026-09-25,cve_2026_to_now,2026-09-26T12:01:40+00:00
CVE-2026-56181,updated,2026-09-25,cve_2026_to_now,2026-09-26T12:01:40+00:00
CVE-2026-56182,updated,2026-09-25,cve_2026_to_now,2026-09-26T12:01:40+00:00
CVE-2026-56183,updated,2026-09-25,cve_2026_to_now,2026-09-26T12:01:40+00:00
CVE-2026-56184,updated,2026-09-25,cve_2026_to_now,2026-09-26T12:01:40+00:00
CVE-2026-56185,updated,2026-09-25,cve_2026_to_now,2026-09-26T12:01:40+00:00
CVE-2026-56186,updated,2026-09-25,cve_2026_to_now,2026-09-26T12:01:40+00:00
CVE-2026-56187,updated,2026-09-25,cve_2026_to_now,2026-09-26T12:01:40+00:00
CVE-2026-56188,updated,2026-09-25,cve_2026_to_now,2026-09-26T12:01:40+00:00
CVE-2026-56189,updated,2026-09-25,cve_2026_to_now,2026-09-26T12:01:40+00:00
CVE-2026-56190,updated,2026-09-25,cve_2026_to_now,2026-09-26T12:01:40+00:00
CVE-2026-56191,updated,2026-09-25,cve_2026_to_now,2026-09-26T12:01:40+00:00
CVE-2026-56192,updated,2026-09-25,cve_2026_to_now,2026-09-26T12:01:40+00:00
CVE-2026-56193,updated,2026-09-25,cve_2026_to_now,2026-09-26T12:01:40+00:00
CVE-2026-56194,updated,2026-09-25,cve_2026_to_now,2026-09-26T12:01:40+00:00
CVE-2026-56195,updated,2026-09-25,cve_2026_to_now,2026-09-26T12:01:40+00:00
CVE-2026-56196,updated,2026-09-25,cve_2026_to_now,2026-09-26T12:01:40+00:00
CVE-2026-56197,updated,2026-09-25,cve_2026_to_now,2026-09-26T12:01:40+00:00
CVE-2026-56198,updated,2026-09-25,cve_2026_to_now,2026-09-26T12:01:40+00:00
CVE-2026-56642,updated,2026-09-25,cve_2026_to_now,2026-09-26T12:01:40+00:00
CVE-2026-56643,updated,2026-09-25,cve_2026_to_now,2026-09-26T12:01:40+00:00
CVE-2026-56644,updated,2026-09-25,cve_2026_to_now,2026-09-26T12:01:40+00:00
CVE-2026-56645,updated,2026-09-25,cve_2026_to_now,2026-09-26T12:01:40+00:00
CVE-2026-56646,updated,2026-09-25,cve_2026_to_now,2026-09-26T12:01:40+00:00
CVE-2026-56647,updated,2026-09-25,cve_2026_to_now,2026-09-26T12:01:40+00:00
CVE-2026-56648,updated,2026-09-25,cve_2026_to_now,2026-09-26T12:01:40+00:00
CVE-2026-56649,updated,2026-09-25,cve_2026_to_now,2026-09-26T12:01:40+00:00
CVE-2026-56650,updated,2026-09-25,cve_2026_to_now,2026-09-26T12:01:40+00:00
CVE-2026-56723,added,,cve_2026_to_now,2026-09-26T12:01:40+00:00
CVE-2026-56724,added,,cve_2026_to_now,2026-09-26T12:01:40+00:00
CVE-2026-56725,added,,cve_2026_to_now,2026-09-26T12:01:40+00:00
CVE-2026-56726,added,,cve_2026_to_now,2026-09-26T12:01:40+00:00
CVE-2026-56727,added,,cve_2026_to_now,2026-09-26T12:01:40+00:00
CVE-2026-56728,added,,cve_2026_to_now,2026-09-26T12:01:40+00:00
CVE-2026-56729,added,,cve_2026_to_now,2026-09-26T12:01:40+00:00
CVE-2026-56730,added,,cve_2026_to_now,2026-09-26T12:01:40+00:00
CVE-2026-56731,added,,cve_2026_to_now,2026-09-26T12:01:40+00:00
CVE-2026-56732,added,,cve_2026_to_now,2026-09-26T12:01:40+00:00
CVE-2026-56733,added,,cve_2026_to_now,2026-09-26T12:01:40+00:00
CVE-2026-56734,added,,cve_2026_to_now,2026-09-26T12:01:40+00:00
CVE-2026-56735,added,,cve_2026_to_now,2026-09-26T12:01:40+00:00
CVE-2026-57083,updated,2026-09-25,cve_2026_to_now,2026-09-26T12:01:40+00:00
CVE-2026-57084,updated,2026-09-25,cve_2026_to_now,2026-09-26T12:01:40+00:00
CVE-2026-57085,updated,2026-09-25,cve_2026_to_now,2026-09-26T12:01:40+00:00
CVE-2026-57087,updated,2026-09-25,cve_2026_to_now,2026-09-26T12:01:40+00:00
CVE-2026-57088,updated,2026-09-25,cve_2026_to_now,2026-09-26T12:01:40+00:00
CVE-2026-57089,updated,2026-09-25,cve_2026_to_now,2026-09-26T12:01:40+00:00
CVE-2026-57090,updated,2026-09-25,cve_2026_to_now,2026-09-26T12:01:40+00:00
CVE-2026-57091,updated,2026-09-25,cve_2026_to_now,2026-09-26T12:01:40+00:00
CVE-2026-57092,updated,2026-09-25,cve_2026_to_now,2026-09-26T12:01:40+00:00
CVE-2026-57093,updated,2026-09-25,cve_2026_to_now,2026-09-26T12:01:40+00:00
CVE-2026-57094,updated,2026-09-25,cve_2026_to_now,2026-09-26T12:01:40+00:00
CVE-2026-57095,updated,2026-09-25,cve_2026_to_now,2026-09-26T12:01:40+00:00
CVE-2026-57096,updated,2026-09-25,cve_2026_to_now,2026-09-26T12:01:40+00:00
CVE-2026-57097,updated,2026-09-25,cve_2026_to_now,2026-09-26T12:01:40+00:00
CVE-2026-57098,updated,2026-09-25,cve_2026_to_now,2026-09-26T12:01:40+00:00
CVE-2026-57099,updated,2026-09-25,cve_2026_to_now,2026-09-26T12:01:40+00:00
CVE-2026-57100,updated,2026-09-25,cve_2026_to_now,2026-09-26T12:01:40+00:00
CVE-2026-57101,updated,2026-09-25,cve_2026_to_now,2026-09-26T12:01:40+00:00
CVE-2026-57102,updated,2026-09-25,cve_2026_to_now,2026-09-26T12:01:40+00:00
CVE-2026-57104,updated,2026-09-25,cve_2026_to_now,2026-09-26T12:01:40+00:00
CVE-2026-57105,updated,2026-09-25,cve_2026_to_now,2026-09-26T12:01:40+00:00
CVE-2026-57106,updated,2026-09-25,cve_2026_to_now,2026-09-26T12:01:40+00:00
CVE-2026-57107,updated,2026-09-25,cve_2026_to_now,2026-09-26T12:01:40+00:00
CVE-2026-57108,updated,2026-09-25,cve_2026_to_now,2026-09-26T12:01:40+00:00
CVE-2026-57229,updated,2026-09-25,cve_2026_to_now,2026-09-26T12:01:40+00:00
CVE-2026-57443,added,,cve_2026_to_now,2026-09-26T12:01:40+00:00
CVE-2026-57449,added,,cve_2026_to_now,2026-09-26T12:01:40+00:00
CVE-2026-57576,updated,2026-09-26,cve_2026_to_now,2026-09-26T12:01:40+00:00
CVE-2026-57968,updated,2026-09-25,cve_2026_to_now,2026-09-26T12:01:40+00:00
CVE-2026-57969,updated,2026-09-25,cve_2026_to_now,2026-09-26T12:01:40+00:00
CVE-2026-57973,updated,2026-09-25,cve_2026_to_now,2026-09-26T12:01:40+00:00
CVE-2026-57974,updated,2026-09-25,cve_2026_to_now,2026-09-26T12:01:40+00:00
CVE-2026-57975,updated,2026-09-25,cve_2026_to_now,2026-09-26T12:01:40+00:00
CVE-2026-57976,updated,2026-09-25,cve_2026_to_now,2026-09-26T12:01:40+00:00
CVE-2026-57977,updated,2026-09-25,cve_2026_to_now,2026-09-26T12:01:40+00:00
CVE-2026-57978,updated,2026-09-25,cve_2026_to_now,2026-09-26T12:01:40+00:00
CVE-2026-57979,updated,2026-09-25,cve_2026_to_now,2026-09-26T12:01:40+00:00
CVE-2026-57980,updated,2026-09-25,cve_2026_to_now,2026-09-26T12:01:40+00:00
CVE-2026-57981,updated,2026-09-25,cve_2026_to_now,2026-09-26T12:01:40+00:00
CVE-2026-57982,updated,2026-09-25,cve_2026_to_now,2026-09-26T12:01:40+00:00
CVE-2026-57983,updated,2026-09-25,cve_2026_to_now,2026-09-26T12:01:40+00:00
CVE-2026-57984,updated,2026-09-25,cve_2026_to_now,2026-09-26T12:01:40+00:00
CVE-2026-57985,updated,2026-09-25,cve_2026_to_now,2026-09-26T12:01:40+00:00
CVE-2026-57986,updated,2026-09-25,cve_2026_to_now,2026-09-26T12:01:40+00:00
CVE-2026-57987,updated,2026-09-25,cve_2026_to_now,2026-09-26T12:01:40+00:00
CVE-2026-57988,updated,2026-09-25,cve_2026_to_now,2026-09-26T12:01:40+00:00
CVE-2026-57989,updated,2026-09-25,cve_2026_to_now,2026-09-26T12:01:40+00:00
CVE-2026-57990,updated,2026-09-25,cve_2026_to_now,2026-09-26T12:01:40+00:00
CVE-2026-57991,updated,2026-09-25,cve_2026_to_now,2026-09-26T12:01:40+00:00
CVE-2026-57992,updated,2026-09-25,cve_2026_to_now,2026-09-26T12:01:40+00:00
CVE-2026-57993,updated,2026-09-25,cve_2026_to_now,2026-09-26T12:01:40+00:00
CVE-2026-58275,updated,2026-09-25,cve_2026_to_now,2026-09-26T12:01:40+00:00
CVE-2026-58276,updated,2026-09-25,cve_2026_to_now,2026-09-26T12:01:40+00:00
CVE-2026-58277,updated,2026-09-25,cve_2026_to_now,2026-09-26T12:01:40+00:00
CVE-2026-58278,updated,2026-09-25,cve_2026_to_now,2026-09-26T12:01:40+00:00
CVE-2026-58279,updated,2026-09-25,cve_2026_to_now,2026-09-26T12:01:40+00:00
CVE-2026-58281,updated,2026-09-25,cve_2026_to_now,2026-09-26T12:01:40+00:00
CVE-2026-58282,updated,2026-09-25,cve_2026_to_now,2026-09-26T12:01:40+00:00
CVE-2026-58283,updated,2026-09-25,cve_2026_to_now,2026-09-26T12:01:40+00:00
CVE-2026-58284,updated,2026-09-25,cve_2026_to_now,2026-09-26T12:01:40+00:00
CVE-2026-58285,updated,2026-09-25,cve_2026_to_now,2026-09-26T12:01:40+00:00
CVE-2026-58286,updated,2026-09-25,cve_2026_to_now,2026-09-26T12:01:40+00:00
CVE-2026-58287,updated,2026-09-25,cve_2026_to_now,2026-09-26T12:01:40+00:00
CVE-2026-58288,updated,2026-09-25,cve_2026_to_now,2026-09-26T12:01:40+00:00
CVE-2026-58289,updated,2026-09-25,cve_2026_to_now,2026-09-26T12:01:40+00:00
CVE-2026-58290,updated,2026-09-25,cve_2026_to_now,2026-09-26T12:01:40+00:00
CVE-2026-58291,updated,2026-09-25,cve_2026_to_now,2026-09-26T12:01:40+00:00
CVE-2026-58292,updated,2026-09-25,cve_2026_to_now,2026-09-26T12:01:40+00:00
CVE-2026-58293,updated,2026-09-25,cve_2026_to_now,2026-09-26T12:01:40+00:00
CVE-2026-58294,updated,2026-09-25,cve_2026_to_now,2026-09-26T12:01:40+00:00
CVE-2026-58295,updated,2026-09-25,cve_2026_to_now,2026-09-26T12:01:40+00:00
CVE-2026-58296,updated,2026-09-25,cve_2026_to_now,2026-09-26T12:01:40+00:00
CVE-2026-58297,updated,2026-09-25,cve_2026_to_now,2026-09-26T12:01:40+00:00
CVE-2026-58298,updated,2026-09-25,cve_2026_to_now,2026-09-26T12:01:40+00:00
CVE-2026-58299,updated,2026-09-25,cve_2026_to_now,2026-09-26T12:01:40+00:00
CVE-2026-58300,updated,2026-09-25,cve_2026_to_now,2026-09-26T12:01:40+00:00
CVE-2026-58522,updated,2026-09-25,cve_2026_to_now,2026-09-26T12:01:40+00:00
CVE-2026-58523,updated,2026-09-25,cve_2026_to_now,2026-09-26T12:01:40+00:00
CVE-2026-58524,updated,2026-09-25,cve_2026_to_now,2026-09-26T12:01:40+00:00
CVE-2026-58525,updated,2026-09-25,cve_2026_to_now,2026-09-26T12:01:40+00:00
CVE-2026-58526,updated,2026-09-25,cve_2026_to_now,2026-09-26T12:01:40+00:00
CVE-2026-58527,updated,2026-09-25,cve_2026_to_now,2026-09-26T12:01:40+00:00
CVE-2026-58528,updated,2026-09-25,cve_2026_to_now,2026-09-26T12:01:40+00:00
CVE-2026-58529,updated,2026-09-25,cve_2026_to_now,2026-09-26T12:01:40+00:00
CVE-2026-58530,updated,2026-09-25,cve_2026_to_now,2026-09-26T12:01:40+00:00
CVE-2026-58531,updated,2026-09-25,cve_2026_to_now,2026-09-26T12:01:40+00:00
CVE-2026-58532,updated,2026-09-25,cve_2026_to_now,2026-09-26T12:01:40+00:00
CVE-2026-58533,updated,2026-09-25,cve_2026_to_now,2026-09-26T12:01:40+00:00
CVE-2026-58534,updated,2026-09-25,cve_2026_to_now,2026-09-26T12:01:40+00:00
CVE-2026-58535,updated,2026-09-25,cve_2026_to_now,2026-09-26T12:01:40+00:00
CVE-2026-58536,updated,2026-09-25,cve_2026_to_now,2026-09-26T12:01:40+00:00
CVE-2026-58537,updated,2026-09-25,cve_2026_to_now,2026-09-26T12:01:40+00:00
CVE-2026-58538,updated,2026-09-25,cve_2026_to_now,2026-09-26T12:01:40+00:00
CVE-2026-58539,updated,2026-09-25,cve_2026_to_now,2026-09-26T12:01:40+00:00
CVE-2026-58540,updated,2026-09-25,cve_2026_to_now,2026-09-26T12:01:40+00:00
CVE-2026-58541,updated,2026-09-25,cve_2026_to_now,2026-09-26T12:01:40+00:00
CVE-2026-58542,updated,2026-09-25,cve_2026_to_now,2026-09-26T12:01:40+00:00
CVE-2026-58543,updated,2026-09-25,cve_2026_to_now,2026-09-26T12:01:40+00:00
CVE-2026-58544,updated,2026-09-25,cve_2026_to_now,2026-09-26T12:01:40+00:00
CVE-2026-58545,updated,2026-09-25,cve_2026_to_now,2026-09-26T12:01:40+00:00
CVE-2026-58546,updated,2026-09-25,cve_2026_to_now,2026-09-26T12:01:40+00:00
CVE-2026-58547,updated,2026-09-25,cve_2026_to_now,2026-09-26T12:01:40+00:00
CVE-2026-58594,updated,2026-09-25,cve_2026_to_now,2026-09-26T12:01:40+00:00
CVE-2026-58595,updated,2026-09-25,cve_2026_to_now,2026-09-26T12:01:40+00:00
CVE-2026-58596,updated,2026-09-25,cve_2026_to_now,2026-09-26T12:01:40+00:00
CVE-2026-58597,updated,2026-09-25,cve_2026_to_now,2026-09-26T12:01:40+00:00
CVE-2026-58598,updated,2026-09-25,cve_2026_to_now,2026-09-26T12:01:40+00:00
CVE-2026-58599,updated,2026-09-25,cve_2026_to_now,2026-09-26T12:01:40+00:00
CVE-2026-58600,updated,2026-09-25,cve_2026_to_now,2026-09-26T12:01:40+00:00
CVE-2026-58601,updated,2026-09-25,cve_2026_to_now,2026-09-26T12:01:40+00:00
CVE-2026-58602,updated,2026-09-25,cve_2026_to_now,2026-09-26T12:01:40+00:00
CVE-2026-58608,updated,2026-09-25,cve_2026_to_now,2026-09-26T12:01:40+00:00
CVE-2026-58609,updated,2026-09-25,cve_2026_to_now,2026-09-26T12:01:40+00:00
CVE-2026-58610,updated,2026-09-25,cve_2026_to_now,2026-09-26T12:01:40+00:00
CVE-2026-58611,updated,2026-09-25,cve_2026_to_now,2026-09-26T12:01:40+00:00
CVE-2026-58612,updated,2026-09-25,cve_2026_to_now,2026-09-26T12:01:40+00:00
CVE-2026-58613,updated,2026-09-25,cve_2026_to_now,2026-09-26T12:01:40+00:00
CVE-2026-58614,updated,2026-09-25,cve_2026_to_now,2026-09-26T12:01:40+00:00
CVE-2026-58616,updated,2026-09-25,cve_2026_to_now,2026-09-26T12:01:40+00:00
CVE-2026-58617,updated,2026-09-25,cve_2026_to_now,2026-09-26T12:01:40+00:00
CVE-2026-58618,updated,2026-09-25,cve_2026_to_now,2026-09-26T12:01:40+00:00
CVE-2026-58619,updated,2026-09-25,cve_2026_to_now,2026-09-26T12:01:40+00:00
CVE-2026-58626,updated,2026-09-25,cve_2026_to_now,2026-09-26T12:01:40+00:00
CVE-2026-58627,updated,2026-09-25,cve_2026_to_now,2026-09-26T12:01:40+00:00
CVE-2026-58628,updated,2026-09-25,cve_2026_to_now,2026-09-26T12:01:40+00:00
CVE-2026-58629,updated,2026-09-25,cve_2026_to_now,2026-09-26T12:01:40+00:00
CVE-2026-58630,updated,2026-09-25,cve_2026_to_now,2026-09-26T12:01:40+00:00
CVE-2026-58631,updated,2026-09-25,cve_2026_to_now,2026-09-26T12:01:40+00:00
CVE-2026-58632,updated,2026-09-25,cve_2026_to_now,2026-09-26T12:01:40+00:00
CVE-2026-58633,updated,2026-09-25,cve_2026_to_now,2026-09-26T12:01:40+00:00
CVE-2026-58634,updated,2026-09-25,cve_2026_to_now,2026-09-26T12:01:40+00:00
CVE-2026-58635,updated,2026-09-25,cve_2026_to_now,2026-09-26T12:01:40+00:00
CVE-2026-58636,updated,2026-09-25,cve_2026_to_now,2026-09-26T12:01:40+00:00
CVE-2026-58637,updated,2026-09-25,cve_2026_to_now,2026-09-26T12:01:40+00:00
CVE-2026-58638,updated,2026-09-25,cve_2026_to_now,2026-09-26T12:01:40+00:00
CVE-2026-58639,updated,2026-09-25,cve_2026_to_now,2026-09-26T12:01:40+00:00
CVE-2026-58640,updated,2026-09-25,cve_2026_to_now,2026-09-26T12:01:40+00:00
CVE-2026-58641,updated,2026-09-25,cve_2026_to_now,2026-09-26T12:01:40+00:00
CVE-2026-58643,updated,2026-09-25,cve_2026_to_now,2026-09-26T12:01:40+00:00
CVE-2026-58644,updated,2026-09-25,cve_2026_to_now,2026-09-26T12:01:40+00:00
CVE-2026-58647,updated,2026-09-25,cve_2026_to_now,2026-09-26T12:01:40+00:00
CVE-2026-58649,updated,2026-09-25,cve_2026_to_now,2026-09-26T12:01:40+00:00
CVE-2026-58650,updated,2026-09-25,cve_2026_to_now,2026-09-26T12:01:40+00:00
CVE-2026-58651,updated,2026-09-25,cve_2026_to_now,2026-09-26T12:01:40+00:00
CVE-2026-59113,updated,2026-09-25,cve_2026_to_now,2026-09-26T12:01:40+00:00
CVE-2026-59115,updated,2026-09-25,cve_2026_to_now,2026-09-26T12:01:40+00:00
CVE-2026-59117,updated,2026-09-25,cve_2026_to_now,2026-09-26T12:01:40+00:00
CVE-2026-59118,updated,2026-09-25,cve_2026_to_now,2026-09-26T12:01:40+00:00
CVE-2026-59119,updated,2026-09-25,cve_2026_to_now,2026-09-26T12:01:40+00:00
CVE-2026-59122,updated,2026-09-25,cve_2026_to_now,2026-09-26T12:01:40+00:00
CVE-2026-59124,updated,2026-09-25,cve_2026_to_now,2026-09-26T12:01:40+00:00
CVE-2026-59125,updated,2026-09-25,cve_2026_to_now,2026-09-26T12:01:40+00:00
CVE-2026-59126,updated,2026-09-25,cve_2026_to_now,2026-09-26T12:01:40+00:00
CVE-2026-59127,updated,2026-09-25,cve_2026_to_now,2026-09-26T12:01:40+00:00
CVE-2026-59128,updated,2026-09-25,cve_2026_to_now,2026-09-26T12:01:40+00:00
CVE-2026-59130,updated,2026-09-25,cve_2026_to_now,2026-09-26T12:01:40+00:00
CVE-2026-59131,updated,2026-09-25,cve_2026_to_now,2026-09-26T12:01:40+00:00
CVE-2026-59132,updated,2026-09-25,cve_2026_to_now,2026-09-26T12:01:40+00:00
CVE-2026-59133,updated,2026-09-25,cve_2026_to_now,2026-09-26T12:01:40+00:00
CVE-2026-59134,updated,2026-09-25,cve_2026_to_now,2026-09-26T12:01:40+00:00
CVE-2026-59135,updated,2026-09-25,cve_2026_to_now,2026-09-26T12:01:40+00:00
CVE-2026-59136,updated,2026-09-25,cve_2026_to_now,2026-09-26T12:01:40+00:00
CVE-2026-59137,updated,2026-09-25,cve_2026_to_now,2026-09-26T12:01:40+00:00
CVE-2026-59138,updated,2026-09-25,cve_2026_to_now,2026-09-26T12:01:40+00:00
CVE-2026-61345,updated,2026-09-25,cve_2026_to_now,2026-09-26T12:01:40+00:00
CVE-2026-61346,updated,2026-09-25,cve_2026_to_now,2026-09-26T12:01:40+00:00
CVE-2026-61347,updated,2026-09-25,cve_2026_to_now,2026-09-26T12:01:40+00:00
CVE-2026-61348,updated,2026-09-25,cve_2026_to_now,2026-09-26T12:01:40+00:00
CVE-2026-61349,updated,2026-09-25,cve_2026_to_now,2026-09-26T12:01:40+00:00
CVE-2026-61350,updated,2026-09-25,cve_2026_to_now,2026-09-26T12:01:40+00:00
CVE-2026-61352,updated,2026-09-25,cve_2026_to_now,2026-09-26T12:01:40+00:00
CVE-2026-61353,updated,2026-09-25,cve_2026_to_now,2026-09-26T12:01:40+00:00
CVE-2026-61355,updated,2026-09-25,cve_2026_to_now,2026-09-26T12:01:40+00:00
CVE-2026-61356,updated,2026-09-25,cve_2026_to_now,2026-09-26T12:01:40+00:00
CVE-2026-61357,updated,2026-09-25,cve_2026_to_now,2026-09-26T12:01:40+00:00
CVE-2026-61358,updated,2026-09-25,cve_2026_to_now,2026-09-26T12:01:40+00:00
CVE-2026-61359,updated,2026-09-25,cve_2026_to_now,2026-09-26T12:01:40+00:00
CVE-2026-61360,updated,2026-09-25,cve_2026_to_now,2026-09-26T12:01:40+00:00
CVE-2026-61361,updated,2026-09-25,cve_2026_to_now,2026-09-26T12:01:40+00:00
CVE-2026-61363,updated,2026-09-25,cve_2026_to_now,2026-09-26T12:01:40+00:00
CVE-2026-61364,updated,2026-09-25,cve_2026_to_now,2026-09-26T12:01:40+00:00
CVE-2026-61365,updated,2026-09-25,cve_2026_to_now,2026-09-26T12:01:40+00:00
CVE-2026-61366,updated,2026-09-25,cve_2026_to_now,2026-09-26T12:01:40+00:00
CVE-2026-61367,updated,2026-09-25,cve_2026_to_now,2026-09-26T12:01:40+00:00
CVE-2026-61368,updated,2026-09-25,cve_2026_to_now,2026-09-26T12:01:40+00:00
CVE-2026-61525,added,,cve_2026_to_now,2026-09-26T12:01:40+00:00
CVE-2026-61714,updated,2026-09-25,cve_2026_to_now,2026-09-26T12:01:40+00:00
CVE-2026-61837,added,,cve_2026_to_now,2026-09-26T12:01:40+00:00
CVE-2026-61855,added,,cve_2026_to_now,2026-09-26T12:01:40+00:00
CVE-2026-61918,updated,2026-09-25,cve_2026_to_now,2026-09-26T12:01:40+00:00
CVE-2026-61920,updated,2026-09-25,cve_2026_to_now,2026-09-26T12:01:40+00:00
CVE-2026-61921,updated,2026-09-25,cve_2026_to_now,2026-09-26T12:01:40+00:00
CVE-2026-61923,updated,2026-09-25,cve_2026_to_now,2026-09-26T12:01:40+00:00
CVE-2026-61924,updated,2026-09-25,cve_2026_to_now,2026-09-26T12:01:40+00:00
CVE-2026-61925,updated,2026-09-25,cve_2026_to_now,2026-09-26T12:01:40+00:00
CVE-2026-61926,updated,2026-09-25,cve_2026_to_now,2026-09-26T12:01:40+00:00
CVE-2026-61927,updated,2026-09-25,cve_2026_to_now,2026-09-26T12:01:40+00:00
CVE-2026-61928,updated,2026-09-25,cve_2026_to_now,2026-09-26T12:01:40+00:00
CVE-2026-61929,updated,2026-09-25,cve_2026_to_now,2026-09-26T12:01:40+00:00
CVE-2026-61930,updated,2026-09-25,cve_2026_to_now,2026-09-26T12:01:40+00:00
CVE-2026-61932,updated,2026-09-25,cve_2026_to_now,2026-09-26T12:01:40+00:00
CVE-2026-61933,updated,2026-09-25,cve_2026_to_now,2026-09-26T12:01:40+00:00
CVE-2026-61934,updated,2026-09-25,cve_2026_to_now,2026-09-26T12:01:40+00:00
CVE-2026-61936,updated,2026-09-25,cve_2026_to_now,2026-09-26T12:01:40+00:00
CVE-2026-61937,updated,2026-09-25,cve_2026_to_now,2026-09-26T12:01:40+00:00
CVE-2026-61938,updated,2026-09-25,cve_2026_to_now,2026-09-26T12:01:40+00:00
CVE-2026-61939,updated,2026-09-25,cve_2026_to_now,2026-09-26T12:01:40+00:00
CVE-2026-62062,updated,,cve_2026_to_now,2026-09-26T12:01:40+00:00
CVE-2026-62262,added,,cve_2026_to_now,2026-09-26T12:01:40+00:00
CVE-2026-62364,updated,2026-09-26,cve_2026_to_now,2026-09-26T12:01:40+00:00
CVE-2026-62688,updated,2026-09-25,cve_2026_to_now,2026-09-26T12:01:40+00:00
CVE-2026-62690,updated,2026-09-25,cve_2026_to_now,2026-09-26T12:01:40+00:00
CVE-2026-62692,updated,2026-09-25,cve_2026_to_now,2026-09-26T12:01:40+00:00
CVE-2026-62693,updated,2026-09-25,cve_2026_to_now,2026-09-26T12:01:40+00:00
CVE-2026-62694,updated,2026-09-25,cve_2026_to_now,2026-09-26T12:01:40+00:00
CVE-2026-62695,updated,2026-09-25,cve_2026_to_now,2026-09-26T12:01:40+00:00
CVE-2026-62696,updated,2026-09-25,cve_2026_to_now,2026-09-26T12:01:40+00:00
CVE-2026-62697,updated,2026-09-25,cve_2026_to_now,2026-09-26T12:01:40+00:00
CVE-2026-62698,updated,2026-09-25,cve_2026_to_now,2026-09-26T12:01:40+00:00
CVE-2026-62699,updated,2026-09-25,cve_2026_to_now,2026-09-26T12:01:40+00:00
CVE-2026-62700,updated,2026-09-25,cve_2026_to_now,2026-09-26T12:01:40+00:00
CVE-2026-62701,updated,2026-09-25,cve_2026_to_now,2026-09-26T12:01:40+00:00
CVE-2026-62702,updated,2026-09-25,cve_2026_to_now,2026-09-26T12:01:40+00:00
CVE-2026-62703,updated,2026-09-25,cve_2026_to_now,2026-09-26T12:01:40+00:00
CVE-2026-62705,updated,2026-09-25,cve_2026_to_now,2026-09-26T12:01:40+00:00
CVE-2026-62706,updated,2026-09-25,cve_2026_to_now,2026-09-26T12:01:40+00:00
CVE-2026-62707,updated,2026-09-25,cve_2026_to_now,2026-09-26T12:01:40+00:00
CVE-2026-62708,updated,2026-09-25,cve_2026_to_now,2026-09-26T12:01:40+00:00
CVE-2026-62709,updated,2026-09-25,cve_2026_to_now,2026-09-26T12:01:40+00:00
CVE-2026-62710,updated,2026-09-25,cve_2026_to_now,2026-09-26T12:01:40+00:00
CVE-2026-62711,updated,2026-09-25,cve_2026_to_now,2026-09-26T12:01:40+00:00
CVE-2026-62712,updated,2026-09-25,cve_2026_to_now,2026-09-26T12:01:40+00:00
CVE-2026-62713,updated,2026-09-25,cve_2026_to_now,2026-09-26T12:01:40+00:00
CVE-2026-62714,updated,2026-09-25,cve_2026_to_now,2026-09-26T12:01:40+00:00
CVE-2026-62715,updated,2026-09-25,cve_2026_to_now,2026-09-26T12:01:40+00:00
CVE-2026-62716,updated,2026-09-25,cve_2026_to_now,2026-09-26T12:01:40+00:00
CVE-2026-62717,updated,2026-09-25,cve_2026_to_now,2026-09-26T12:01:40+00:00
CVE-2026-62718,updated,2026-09-25,cve_2026_to_now,2026-09-26T12:01:40+00:00
CVE-2026-62719,updated,2026-09-25,cve_2026_to_now,2026-09-26T12:01:40+00:00
CVE-2026-62720,updated,2026-09-25,cve_2026_to_now,2026-09-26T12:01:40+00:00
CVE-2026-62721,updated,2026-09-25,cve_2026_to_now,2026-09-26T12:01:40+00:00
CVE-2026-62722,updated,2026-09-25,cve_2026_to_now,2026-09-26T12:01:40+00:00
CVE-2026-62723,updated,2026-09-25,cve_2026_to_now,2026-09-26T12:01:40+00:00
CVE-2026-62724,updated,2026-09-25,cve_2026_to_now,2026-09-26T12:01:40+00:00
CVE-2026-62725,updated,2026-09-25,cve_2026_to_now,2026-09-26T12:01:40+00:00
CVE-2026-62726,updated,2026-09-25,cve_2026_to_now,2026-09-26T12:01:40+00:00
CVE-2026-62727,updated,2026-09-25,cve_2026_to_now,2026-09-26T12:01:40+00:00
CVE-2026-62728,updated,2026-09-25,cve_2026_to_now,2026-09-26T12:01:40+00:00
CVE-2026-62729,updated,2026-09-25,cve_2026_to_now,2026-09-26T12:01:40+00:00
CVE-2026-62730,updated,2026-09-25,cve_2026_to_now,2026-09-26T12:01:40+00:00
CVE-2026-62732,updated,2026-09-25,cve_2026_to_now,2026-09-26T12:01:40+00:00
CVE-2026-62733,updated,2026-09-25,cve_2026_to_now,2026-09-26T12:01:40+00:00
CVE-2026-62734,updated,2026-09-25,cve_2026_to_now,2026-09-26T12:01:40+00:00
CVE-2026-62735,updated,2026-09-25,cve_2026_to_now,2026-09-26T12:01:40+00:00
CVE-2026-62736,updated,2026-09-25,cve_2026_to_now,2026-09-26T12:01:40+00:00
CVE-2026-62737,updated,2026-09-25,cve_2026_to_now,2026-09-26T12:01:40+00:00
CVE-2026-62738,updated,2026-09-25,cve_2026_to_now,2026-09-26T12:01:40+00:00
CVE-2026-62739,updated,2026-09-25,cve_2026_to_now,2026-09-26T12:01:40+00:00
CVE-2026-62740,updated,2026-09-25,cve_2026_to_now,2026-09-26T12:01:40+00:00
CVE-2026-62741,updated,2026-09-25,cve_2026_to_now,2026-09-26T12:01:40+00:00
CVE-2026-62742,updated,2026-09-25,cve_2026_to_now,2026-09-26T12:01:40+00:00
CVE-2026-62743,updated,2026-09-25,cve_2026_to_now,2026-09-26T12:01:40+00:00
CVE-2026-62744,updated,2026-09-25,cve_2026_to_now,2026-09-26T12:01:40+00:00
CVE-2026-62745,updated,2026-09-25,cve_2026_to_now,2026-09-26T12:01:40+00:00
CVE-2026-62746,updated,2026-09-25,cve_2026_to_now,2026-09-26T12:01:40+00:00
CVE-2026-62747,updated,2026-09-25,cve_2026_to_now,2026-09-26T12:01:40+00:00
CVE-2026-62748,updated,2026-09-25,cve_2026_to_now,2026-09-26T12:01:40+00:00
CVE-2026-62749,updated,2026-09-25,cve_2026_to_now,2026-09-26T12:01:40+00:00
CVE-2026-62750,updated,2026-09-25,cve_2026_to_now,2026-09-26T12:01:40+00:00
CVE-2026-62751,updated,2026-09-25,cve_2026_to_now,2026-09-26T12:01:40+00:00
CVE-2026-62752,updated,2026-09-25,cve_2026_to_now,2026-09-26T12:01:40+00:00
CVE-2026-62753,updated,2026-09-25,cve_2026_to_now,2026-09-26T12:01:40+00:00
CVE-2026-62754,updated,2026-09-25,cve_2026_to_now,2026-09-26T12:01:40+00:00
CVE-2026-62755,updated,2026-09-25,cve_2026_to_now,2026-09-26T12:01:40+00:00
CVE-2026-62757,updated,2026-09-25,cve_2026_to_now,2026-09-26T12:01:40+00:00
CVE-2026-62758,updated,2026-09-25,cve_2026_to_now,2026-09-26T12:01:40+00:00
CVE-2026-62759,updated,2026-09-25,cve_2026_to_now,2026-09-26T12:01:40+00:00
CVE-2026-62761,updated,2026-09-25,cve_2026_to_now,2026-09-26T12:01:40+00:00
CVE-2026-62762,updated,2026-09-25,cve_2026_to_now,2026-09-26T12:01:40+00:00
CVE-2026-62766,updated,2026-09-25,cve_2026_to_now,2026-09-26T12:01:40+00:00
CVE-2026-62768,updated,2026-09-25,cve_2026_to_now,2026-09-26T12:01:40+00:00
CVE-2026-62769,updated,2026-09-25,cve_2026_to_now,2026-09-26T12:01:40+00:00
CVE-2026-62770,updated,2026-09-25,cve_2026_to_now,2026-09-26T12:01:40+00:00
CVE-2026-62771,updated,2026-09-25,cve_2026_to_now,2026-09-26T12:01:40+00:00
CVE-2026-62772,updated,2026-09-25,cve_2026_to_now,2026-09-26T12:01:40+00:00
CVE-2026-62773,updated,2026-09-25,cve_2026_to_now,2026-09-26T12:01:40+00:00
CVE-2026-62774,updated,2026-09-25,cve_2026_to_now,2026-09-26T12:01:40+00:00
CVE-2026-62775,updated,2026-09-25,cve_2026_to_now,2026-09-26T12:01:40+00:00
CVE-2026-62776,updated,2026-09-25,cve_2026_to_now,2026-09-26T12:01:40+00:00
CVE-2026-62777,updated,2026-09-25,cve_2026_to_now,2026-09-26T12:01:40+00:00
CVE-2026-62778,updated,2026-09-25,cve_2026_to_now,2026-09-26T12:01:40+00:00
CVE-2026-62779,updated,2026-09-25,cve_2026_to_now,2026-09-26T12:01:40+00:00
CVE-2026-62780,updated,2026-09-25,cve_2026_to_now,2026-09-26T12:01:40+00:00
CVE-2026-62781,updated,2026-09-25,cve_2026_to_now,2026-09-26T12:01:40+00:00
CVE-2026-62782,updated,2026-09-25,cve_2026_to_now,2026-09-26T12:01:40+00:00
CVE-2026-62783,updated,2026-09-25,cve_2026_to_now,2026-09-26T12:01:40+00:00
CVE-2026-62784,updated,2026-09-25,cve_2026_to_now,2026-09-26T12:01:40+00:00
CVE-2026-62785,updated,2026-09-25,cve_2026_to_now,2026-09-26T12:01:40+00:00
CVE-2026-62786,updated,2026-09-25,cve_2026_to_now,2026-09-26T12:01:40+00:00
CVE-2026-62787,updated,2026-09-25,cve_2026_to_now,2026-09-26T12:01:40+00:00
CVE-2026-62788,updated,2026-09-25,cve_2026_to_now,2026-09-26T12:01:40+00:00
CVE-2026-62790,updated,2026-09-25,cve_2026_to_now,2026-09-26T12:01:40+00:00
CVE-2026-62792,updated,2026-09-25,cve_2026_to_now,2026-09-26T12:01:40+00:00
CVE-2026-62793,updated,2026-09-25,cve_2026_to_now,2026-09-26T12:01:40+00:00
CVE-2026-62795,updated,2026-09-25,cve_2026_to_now,2026-09-26T12:01:40+00:00
CVE-2026-62796,updated,2026-09-25,cve_2026_to_now,2026-09-26T12:01:40+00:00
CVE-2026-62797,updated,2026-09-25,cve_2026_to_now,2026-09-26T12:01:40+00:00
CVE-2026-62798,updated,2026-09-25,cve_2026_to_now,2026-09-26T12:01:40+00:00
CVE-2026-62799,updated,2026-09-25,cve_2026_to_now,2026-09-26T12:01:40+00:00
CVE-2026-62800,updated,2026-09-25,cve_2026_to_now,2026-09-26T12:01:40+00:00
CVE-2026-62801,updated,2026-09-25,cve_2026_to_now,2026-09-26T12:01:40+00:00
CVE-2026-62803,updated,2026-09-25,cve_2026_to_now,2026-09-26T12:01:40+00:00
CVE-2026-62804,updated,2026-09-25,cve_2026_to_now,2026-09-26T12:01:40+00:00
CVE-2026-62807,updated,2026-09-25,cve_2026_to_now,2026-09-26T12:01:40+00:00
CVE-2026-62810,updated,2026-09-25,cve_2026_to_now,2026-09-26T12:01:40+00:00
CVE-2026-62811,updated,2026-09-25,cve_2026_to_now,2026-09-26T12:01:40+00:00
CVE-2026-62812,updated,2026-09-25,cve_2026_to_now,2026-09-26T12:01:40+00:00
CVE-2026-62813,updated,2026-09-25,cve_2026_to_now,2026-09-26T12:01:40+00:00
CVE-2026-62814,updated,2026-09-25,cve_2026_to_now,2026-09-26T12:01:40+00:00
CVE-2026-62815,updated,2026-09-25,cve_2026_to_now,2026-09-26T12:01:40+00:00
CVE-2026-62816,updated,2026-09-25,cve_2026_to_now,2026-09-26T12:01:40+00:00
CVE-2026-62817,updated,2026-09-25,cve_2026_to_now,2026-09-26T12:01:40+00:00
CVE-2026-62818,updated,2026-09-25,cve_2026_to_now,2026-09-26T12:01:40+00:00
CVE-2026-62819,updated,2026-09-25,cve_2026_to_now,2026-09-26T12:01:40+00:00
CVE-2026-62820,updated,2026-09-25,cve_2026_to_now,2026-09-26T12:01:40+00:00
CVE-2026-62822,updated,2026-09-25,cve_2026_to_now,2026-09-26T12:01:40+00:00
CVE-2026-62823,updated,2026-09-25,cve_2026_to_now,2026-09-26T12:01:40+00:00
CVE-2026-62824,updated,2026-09-25,cve_2026_to_now,2026-09-26T12:01:40+00:00
CVE-2026-62825,updated,2026-09-25,cve_2026_to_now,2026-09-26T12:01:40+00:00
CVE-2026-62826,updated,2026-09-25,cve_2026_to_now,2026-09-26T12:01:40+00:00
CVE-2026-62827,updated,2026-09-25,cve_2026_to_now,2026-09-26T12:01:40+00:00
CVE-2026-62828,updated,2026-09-25,cve_2026_to_now,2026-09-26T12:01:40+00:00
CVE-2026-62829,updated,2026-09-25,cve_2026_to_now,2026-09-26T12:01:40+00:00
CVE-2026-62830,updated,2026-09-25,cve_2026_to_now,2026-09-26T12:01:40+00:00
CVE-2026-62832,updated,2026-09-25,cve_2026_to_now,2026-09-26T12:01:40+00:00
CVE-2026-62834,updated,2026-09-25,cve_2026_to_now,2026-09-26T12:01:40+00:00
CVE-2026-62835,updated,2026-09-25,cve_2026_to_now,2026-09-26T12:01:40+00:00
CVE-2026-62836,updated,2026-09-25,cve_2026_to_now,2026-09-26T12:01:40+00:00
CVE-2026-62837,updated,2026-09-25,cve_2026_to_now,2026-09-26T12:01:40+00:00
CVE-2026-62839,updated,2026-09-25,cve_2026_to_now,2026-09-26T12:01:40+00:00
CVE-2026-62842,updated,2026-09-25,cve_2026_to_now,2026-09-26T12:01:40+00:00
CVE-2026-62869,updated,2026-09-25,cve_2026_to_now,2026-09-26T12:01:40+00:00
CVE-2026-62870,updated,2026-09-25,cve_2026_to_now,2026-09-26T12:01:40+00:00
CVE-2026-62871,updated,2026-09-25,cve_2026_to_now,2026-09-26T12:01:40+00:00
CVE-2026-62872,updated,2026-09-25,cve_2026_to_now,2026-09-26T12:01:40+00:00
CVE-2026-62873,updated,2026-09-25,cve_2026_to_now,2026-09-26T12:01:40+00:00
CVE-2026-62874,updated,2026-09-25,cve_2026_to_now,2026-09-26T12:01:40+00:00
CVE-2026-62876,updated,2026-09-25,cve_2026_to_now,2026-09-26T12:01:40+00:00
CVE-2026-62877,updated,2026-09-25,cve_2026_to_now,2026-09-26T12:01:40+00:00
CVE-2026-62878,updated,2026-09-25,cve_2026_to_now,2026-09-26T12:01:40+00:00
CVE-2026-62880,updated,2026-09-25,cve_2026_to_now,2026-09-26T12:01:40+00:00
CVE-2026-62881,updated,2026-09-25,cve_2026_to_now,2026-09-26T12:01:40+00:00
CVE-2026-62882,updated,2026-09-25,cve_2026_to_now,2026-09-26T12:01:40+00:00
CVE-2026-62883,updated,2026-09-25,cve_2026_to_now,2026-09-26T12:01:40+00:00
CVE-2026-62885,updated,2026-09-25,cve_2026_to_now,2026-09-26T12:01:40+00:00
CVE-2026-62886,updated,2026-09-25,cve_2026_to_now,2026-09-26T12:01:40+00:00
CVE-2026-62887,updated,2026-09-25,cve_2026_to_now,2026-09-26T12:01:40+00:00
CVE-2026-62888,updated,2026-09-25,cve_2026_to_now,2026-09-26T12:01:40+00:00
CVE-2026-62889,updated,2026-09-25,cve_2026_to_now,2026-09-26T12:01:40+00:00
CVE-2026-62890,updated,2026-09-25,cve_2026_to_now,2026-09-26T12:01:40+00:00
CVE-2026-62892,updated,2026-09-25,cve_2026_to_now,2026-09-26T12:01:40+00:00
CVE-2026-62893,updated,2026-09-25,cve_2026_to_now,2026-09-26T12:01:40+00:00
CVE-2026-62894,updated,2026-09-25,cve_2026_to_now,2026-09-26T12:01:40+00:00
CVE-2026-62895,updated,2026-09-25,cve_2026_to_now,2026-09-26T12:01:40+00:00
CVE-2026-62896,updated,2026-09-25,cve_2026_to_now,2026-09-26T12:01:40+00:00
CVE-2026-62897,updated,2026-09-25,cve_2026_to_now,2026-09-26T12:01:40+00:00
CVE-2026-62898,updated,2026-09-25,cve_2026_to_now,2026-09-26T12:01:40+00:00
CVE-2026-62899,updated,2026-09-25,cve_2026_to_now,2026-09-26T12:01:40+00:00
CVE-2026-62900,updated,2026-09-25,cve_2026_to_now,2026-09-26T12:01:40+00:00
CVE-2026-62901,updated,2026-09-25,cve_2026_to_now,2026-09-26T12:01:40+00:00
CVE-2026-62902,updated,2026-09-25,cve_2026_to_now,2026-09-26T12:01:40+00:00
CVE-2026-62904,updated,2026-09-25,cve_2026_to_now,2026-09-26T12:01:40+00:00
CVE-2026-62906,updated,2026-09-25,cve_2026_to_now,2026-09-26T12:01:40+00:00
CVE-2026-62908,updated,2026-09-25,cve_2026_to_now,2026-09-26T12:01:40+00:00
CVE-2026-62909,updated,2026-09-25,cve_2026_to_now,2026-09-26T12:01:40+00:00
CVE-2026-62910,updated,2026-09-25,cve_2026_to_now,2026-09-26T12:01:40+00:00
CVE-2026-62911,updated,2026-09-25,cve_2026_to_now,2026-09-26T12:01:40+00:00
CVE-2026-62912,updated,2026-09-25,cve_2026_to_now,2026-09-26T12:01:40+00:00
CVE-2026-62913,updated,2026-09-25,cve_2026_to_now,2026-09-26T12:01:40+00:00
CVE-2026-62914,updated,2026-09-25,cve_2026_to_now,2026-09-26T12:01:40+00:00
CVE-2026-62915,updated,2026-09-25,cve_2026_to_now,2026-09-26T12:01:40+00:00
CVE-2026-62916,updated,2026-09-25,cve_2026_to_now,2026-09-26T12:01:40+00:00
CVE-2026-62917,updated,2026-09-25,cve_2026_to_now,2026-09-26T12:01:40+00:00
CVE-2026-62918,updated,2026-09-25,cve_2026_to_now,2026-09-26T12:01:40+00:00
CVE-2026-62985,updated,2026-09-26,cve_2026_to_now,2026-09-26T12:01:40+00:00
CVE-2026-63006,added,,cve_2026_to_now,2026-09-26T12:01:40+00:00
CVE-2026-63204,added,,cve_2026_to_now,2026-09-26T12:01:40+00:00
CVE-2026-63205,added,,cve_2026_to_now,2026-09-26T12:01:40+00:00
CVE-2026-63206,added,,cve_2026_to_now,2026-09-26T12:01:40+00:00
CVE-2026-63207,added,,cve_2026_to_now,2026-09-26T12:01:40+00:00
CVE-2026-63208,added,,cve_2026_to_now,2026-09-26T12:01:40+00:00
CVE-2026-63216,added,,cve_2026_to_now,2026-09-26T12:01:40+00:00
CVE-2026-63386,updated,2026-09-26,cve_2026_to_now,2026-09-26T12:01:40+00:00
CVE-2026-63431,added,,cve_2026_to_now,2026-09-26T12:01:40+00:00
CVE-2026-63432,added,,cve_2026_to_now,2026-09-26T12:01:40+00:00
CVE-2026-63508,updated,2026-09-25,cve_2026_to_now,2026-09-26T12:01:40+00:00
CVE-2026-63509,updated,2026-09-25,cve_2026_to_now,2026-09-26T12:01:40+00:00
CVE-2026-63512,updated,2026-09-25,cve_2026_to_now,2026-09-26T12:01:40+00:00
CVE-2026-63513,updated,2026-09-25,cve_2026_to_now,2026-09-26T12:01:40+00:00
CVE-2026-63514,updated,2026-09-25,cve_2026_to_now,2026-09-26T12:01:40+00:00
CVE-2026-63515,updated,2026-09-25,cve_2026_to_now,2026-09-26T12:01:40+00:00
CVE-2026-63516,updated,2026-09-25,cve_2026_to_now,2026-09-26T12:01:40+00:00
CVE-2026-63517,updated,2026-09-25,cve_2026_to_now,2026-09-26T12:01:40+00:00
CVE-2026-63518,updated,2026-09-25,cve_2026_to_now,2026-09-26T12:01:40+00:00
CVE-2026-63519,updated,2026-09-25,cve_2026_to_now,2026-09-26T12:01:40+00:00
CVE-2026-63520,updated,2026-09-25,cve_2026_to_now,2026-09-26T12:01:40+00:00
CVE-2026-63521,updated,2026-09-25,cve_2026_to_now,2026-09-26T12:01:40+00:00
CVE-2026-63522,updated,2026-09-25,cve_2026_to_now,2026-09-26T12:01:40+00:00
CVE-2026-63523,updated,2026-09-25,cve_2026_to_now,2026-09-26T12:01:40+00:00
CVE-2026-63524,updated,2026-09-25,cve_2026_to_now,2026-09-26T12:01:40+00:00
CVE-2026-63525,updated,2026-09-25,cve_2026_to_now,2026-09-26T12:01:40+00:00
CVE-2026-63526,updated,2026-09-25,cve_2026_to_now,2026-09-26T12:01:40+00:00
CVE-2026-63527,updated,2026-09-25,cve_2026_to_now,2026-09-26T12:01:40+00:00
CVE-2026-63528,updated,2026-09-25,cve_2026_to_now,2026-09-26T12:01:40+00:00
CVE-2026-63529,updated,2026-09-25,cve_2026_to_now,2026-09-26T12:01:40+00:00
CVE-2026-63530,updated,2026-09-25,cve_2026_to_now,2026-09-26T12:01:40+00:00
CVE-2026-63531,updated,2026-09-25,cve_2026_to_now,2026-09-26T12:01:40+00:00
CVE-2026-63532,updated,2026-09-25,cve_2026_to_now,2026-09-26T12:01:40+00:00
CVE-2026-63533,updated,2026-09-25,cve_2026_to_now,2026-09-26T12:01:40+00:00
CVE-2026-64897,updated,2026-09-25,cve_2026_to_now,2026-09-26T12:01:40+00:00
CVE-2026-64898,updated,2026-09-25,cve_2026_to_now,2026-09-26T12:01:40+00:00
CVE-2026-64899,updated,2026-09-25,cve_2026_to_now,2026-09-26T12:01:40+00:00
CVE-2026-64900,updated,2026-09-25,cve_2026_to_now,2026-09-26T12:01:40+00:00
CVE-2026-64901,updated,2026-09-25,cve_2026_to_now,2026-09-26T12:01:40+00:00
CVE-2026-64902,updated,2026-09-25,cve_2026_to_now,2026-09-26T12:01:40+00:00
CVE-2026-64903,updated,2026-09-25,cve_2026_to_now,2026-09-26T12:01:40+00:00
CVE-2026-64904,updated,2026-09-25,cve_2026_to_now,2026-09-26T12:01:40+00:00
CVE-2026-64905,updated,2026-09-25,cve_2026_to_now,2026-09-26T12:01:40+00:00
CVE-2026-64906,updated,2026-09-25,cve_2026_to_now,2026-09-26T12:01:40+00:00
CVE-2026-64907,updated,2026-09-25,cve_2026_to_now,2026-09-26T12:01:40+00:00
CVE-2026-64908,updated,2026-09-25,cve_2026_to_now,2026-09-26T12:01:40+00:00
CVE-2026-64909,updated,2026-09-25,cve_2026_to_now,2026-09-26T12:01:40+00:00
CVE-2026-64910,updated,2026-09-25,cve_2026_to_now,2026-09-26T12:01:40+00:00
CVE-2026-64911,updated,2026-09-25,cve_2026_to_now,2026-09-26T12:01:40+00:00
CVE-2026-64912,updated,2026-09-25,cve_2026_to_now,2026-09-26T12:01:40+00:00
CVE-2026-64914,updated,2026-09-25,cve_2026_to_now,2026-09-26T12:01:40+00:00
CVE-2026-64915,updated,2026-09-25,cve_2026_to_now,2026-09-26T12:01:40+00:00
CVE-2026-64916,updated,2026-09-25,cve_2026_to_now,2026-09-26T12:01:40+00:00
CVE-2026-64917,updated,2026-09-25,cve_2026_to_now,2026-09-26T12:01:40+00:00
CVE-2026-64918,updated,2026-09-25,cve_2026_to_now,2026-09-26T12:01:40+00:00
CVE-2026-64919,updated,2026-09-25,cve_2026_to_now,2026-09-26T12:01:40+00:00
CVE-2026-64920,updated,2026-09-25,cve_2026_to_now,2026-09-26T12:01:40+00:00
CVE-2026-64921,updated,2026-09-25,cve_2026_to_now,2026-09-26T12:01:40+00:00
CVE-2026-64922,updated,2026-09-25,cve_2026_to_now,2026-09-26T12:01:40+00:00
CVE-2026-65656,updated,2026-09-25,cve_2026_to_now,2026-09-26T12:01:40+00:00
CVE-2026-65657,updated,2026-09-25,cve_2026_to_now,2026-09-26T12:01:40+00:00
CVE-2026-65658,updated,2026-09-25,cve_2026_to_now,2026-09-26T12:01:40+00:00
CVE-2026-65660,updated,2026-09-26,cve_2026_to_now,2026-09-26T12:01:40+00:00
CVE-2026-65661,updated,2026-09-25,cve_2026_to_now,2026-09-26T12:01:40+00:00
CVE-2026-65662,updated,2026-09-25,cve_2026_to_now,2026-09-26T12:01:40+00:00
CVE-2026-65663,updated,2026-09-25,cve_2026_to_now,2026-09-26T12:01:40+00:00
CVE-2026-65664,updated,2026-09-25,cve_2026_to_now,2026-09-26T12:01:40+00:00
CVE-2026-65665,updated,2026-09-25,cve_2026_to_now,2026-09-26T12:01:40+00:00
CVE-2026-65667,updated,2026-09-25,cve_2026_to_now,2026-09-26T12:01:40+00:00
CVE-2026-65668,updated,2026-09-25,cve_2026_to_now,2026-09-26T12:01:40+00:00
CVE-2026-65669,updated,2026-09-25,cve_2026_to_now,2026-09-26T12:01:40+00:00
CVE-2026-65671,updated,2026-09-25,cve_2026_to_now,2026-09-26T12:01:40+00:00
CVE-2026-65672,updated,2026-09-25,cve_2026_to_now,2026-09-26T12:01:40+00:00
CVE-2026-65673,updated,2026-09-25,cve_2026_to_now,2026-09-26T12:01:40+00:00
CVE-2026-65675,updated,2026-09-25,cve_2026_to_now,2026-09-26T12:01:40+00:00
CVE-2026-65678,updated,2026-09-25,cve_2026_to_now,2026-09-26T12:01:40+00:00
CVE-2026-65679,updated,2026-09-25,cve_2026_to_now,2026-09-26T12:01:40+00:00
CVE-2026-65680,updated,2026-09-25,cve_2026_to_now,2026-09-26T12:01:40+00:00
CVE-2026-65681,updated,2026-09-25,cve_2026_to_now,2026-09-26T12:01:40+00:00
CVE-2026-65767,updated,2026-09-25,cve_2026_to_now,2026-09-26T12:01:40+00:00
CVE-2026-65768,updated,2026-09-25,cve_2026_to_now,2026-09-26T12:01:40+00:00
CVE-2026-65769,updated,2026-09-25,cve_2026_to_now,2026-09-26T12:01:40+00:00
CVE-2026-65770,updated,2026-09-25,cve_2026_to_now,2026-09-26T12:01:40+00:00
CVE-2026-65772,updated,2026-09-25,cve_2026_to_now,2026-09-26T12:01:40+00:00
CVE-2026-65773,updated,2026-09-25,cve_2026_to_now,2026-09-26T12:01:40+00:00
CVE-2026-65774,updated,2026-09-25,cve_2026_to_now,2026-09-26T12:01:40+00:00
CVE-2026-65775,updated,2026-09-25,cve_2026_to_now,2026-09-26T12:01:40+00:00
CVE-2026-65776,updated,2026-09-25,cve_2026_to_now,2026-09-26T12:01:40+00:00
CVE-2026-65777,updated,2026-09-25,cve_2026_to_now,2026-09-26T12:01:40+00:00
CVE-2026-65778,updated,2026-09-25,cve_2026_to_now,2026-09-26T12:01:40+00:00
CVE-2026-65779,updated,2026-09-25,cve_2026_to_now,2026-09-26T12:01:40+00:00
CVE-2026-65780,updated,2026-09-25,cve_2026_to_now,2026-09-26T12:01:40+00:00
CVE-2026-65781,updated,2026-09-25,cve_2026_to_now,2026-09-26T12:01:40+00:00
CVE-2026-65782,updated,2026-09-25,cve_2026_to_now,2026-09-26T12:01:40+00:00
CVE-2026-65783,updated,2026-09-25,cve_2026_to_now,2026-09-26T12:01:40+00:00
CVE-2026-65784,updated,2026-09-25,cve_2026_to_now,2026-09-26T12:01:40+00:00
CVE-2026-65785,updated,2026-09-25,cve_2026_to_now,2026-09-26T12:01:40+00:00
CVE-2026-65786,updated,2026-09-25,cve_2026_to_now,2026-09-26T12:01:40+00:00
CVE-2026-65787,updated,2026-09-25,cve_2026_to_now,2026-09-26T12:01:40+00:00
CVE-2026-65788,updated,2026-09-25,cve_2026_to_now,2026-09-26T12:01:40+00:00
CVE-2026-65789,updated,2026-09-25,cve_2026_to_now,2026-09-26T12:01:40+00:00
CVE-2026-65790,updated,2026-09-25,cve_2026_to_now,2026-09-26T12:01:40+00:00
CVE-2026-65791,updated,2026-09-25,cve_2026_to_now,2026-09-26T12:01:40+00:00
CVE-2026-65794,updated,2026-09-25,cve_2026_to_now,2026-09-26T12:01:40+00:00
CVE-2026-65795,updated,2026-09-25,cve_2026_to_now,2026-09-26T12:01:40+00:00
CVE-2026-65796,updated,2026-09-25,cve_2026_to_now,2026-09-26T12:01:40+00:00
CVE-2026-65797,updated,2026-09-25,cve_2026_to_now,2026-09-26T12:01:40+00:00
CVE-2026-65798,updated,2026-09-25,cve_2026_to_now,2026-09-26T12:01:40+00:00
CVE-2026-65799,updated,2026-09-25,cve_2026_to_now,2026-09-26T12:01:40+00:00
CVE-2026-65801,updated,2026-09-25,cve_2026_to_now,2026-09-26T12:01:40+00:00
CVE-2026-65802,updated,2026-09-25,cve_2026_to_now,2026-09-26T12:01:40+00:00
CVE-2026-65804,updated,2026-09-25,cve_2026_to_now,2026-09-26T12:01:40+00:00
CVE-2026-65806,updated,2026-09-25,cve_2026_to_now,2026-09-26T12:01:40+00:00
CVE-2026-65807,updated,2026-09-25,cve_2026_to_now,2026-09-26T12:01:40+00:00
CVE-2026-65810,updated,2026-09-25,cve_2026_to_now,2026-09-26T12:01:40+00:00
CVE-2026-65811,updated,2026-09-25,cve_2026_to_now,2026-09-26T12:01:40+00:00
CVE-2026-65812,updated,2026-09-25,cve_2026_to_now,2026-09-26T12:01:40+00:00
CVE-2026-65813,updated,2026-09-25,cve_2026_to_now,2026-09-26T12:01:40+00:00
CVE-2026-65814,updated,2026-09-25,cve_2026_to_now,2026-09-26T12:01:40+00:00
CVE-2026-65815,updated,2026-09-25,cve_2026_to_now,2026-09-26T12:01:40+00:00
CVE-2026-65816,updated,2026-09-25,cve_2026_to_now,2026-09-26T12:01:40+00:00
CVE-2026-65818,updated,2026-09-25,cve_2026_to_now,2026-09-26T12:01:40+00:00
CVE-2026-65828,added,,cve_2026_to_now,2026-09-26T12:01:40+00:00
CVE-2026-66071,added,,cve_2026_to_now,2026-09-26T12:01:40+00:00
CVE-2026-66073,added,,cve_2026_to_now,2026-09-26T12:01:40+00:00
CVE-2026-66078,added,,cve_2026_to_now,2026-09-26T12:01:40+00:00
CVE-2026-66301,updated,2026-09-25,cve_2026_to_now,2026-09-26T12:01:40+00:00
CVE-2026-66302,updated,2026-09-25,cve_2026_to_now,2026-09-26T12:01:40+00:00
CVE-2026-66303,updated,2026-09-25,cve_2026_to_now,2026-09-26T12:01:40+00:00
CVE-2026-66304,updated,2026-09-25,cve_2026_to_now,2026-09-26T12:01:40+00:00
CVE-2026-66305,updated,2026-09-25,cve_2026_to_now,2026-09-26T12:01:40+00:00
CVE-2026-66306,updated,2026-09-25,cve_2026_to_now,2026-09-26T12:01:40+00:00
CVE-2026-66307,updated,2026-09-25,cve_2026_to_now,2026-09-26T12:01:40+00:00
CVE-2026-66308,updated,2026-09-25,cve_2026_to_now,2026-09-26T12:01:40+00:00
CVE-2026-66309,updated,2026-09-25,cve_2026_to_now,2026-09-26T12:01:40+00:00
CVE-2026-66310,updated,2026-09-25,cve_2026_to_now,2026-09-26T12:01:40+00:00
CVE-2026-66311,updated,2026-09-25,cve_2026_to_now,2026-09-26T12:01:40+00:00
CVE-2026-66312,updated,2026-09-25,cve_2026_to_now,2026-09-26T12:01:40+00:00
CVE-2026-66313,updated,2026-09-25,cve_2026_to_now,2026-09-26T12:01:40+00:00
CVE-2026-66314,updated,2026-09-25,cve_2026_to_now,2026-09-26T12:01:40+00:00
CVE-2026-66315,updated,2026-09-25,cve_2026_to_now,2026-09-26T12:01:40+00:00
CVE-2026-66316,updated,2026-09-25,cve_2026_to_now,2026-09-26T12:01:40+00:00
CVE-2026-66317,updated,2026-09-25,cve_2026_to_now,2026-09-26T12:01:40+00:00
CVE-2026-66318,updated,2026-09-25,cve_2026_to_now,2026-09-26T12:01:40+00:00
CVE-2026-66321,updated,2026-09-25,cve_2026_to_now,2026-09-26T12:01:40+00:00
CVE-2026-66322,updated,2026-09-25,cve_2026_to_now,2026-09-26T12:01:40+00:00
CVE-2026-66323,updated,2026-09-25,cve_2026_to_now,2026-09-26T12:01:40+00:00
CVE-2026-66324,updated,2026-09-25,cve_2026_to_now,2026-09-26T12:01:40+00:00
CVE-2026-66325,updated,2026-09-25,cve_2026_to_now,2026-09-26T12:01:40+00:00
CVE-2026-66326,updated,2026-09-25,cve_2026_to_now,2026-09-26T12:01:40+00:00
CVE-2026-66798,updated,2026-09-25,cve_2026_to_now,2026-09-26T12:01:40+00:00
CVE-2026-66799,updated,2026-09-25,cve_2026_to_now,2026-09-26T12:01:40+00:00
CVE-2026-66800,updated,2026-09-25,cve_2026_to_now,2026-09-26T12:01:40+00:00
CVE-2026-66802,updated,2026-09-25,cve_2026_to_now,2026-09-26T12:01:40+00:00
CVE-2026-66803,updated,2026-09-25,cve_2026_to_now,2026-09-26T12:01:40+00:00
CVE-2026-66804,updated,2026-09-25,cve_2026_to_now,2026-09-26T12:01:40+00:00
CVE-2026-66805,updated,2026-09-25,cve_2026_to_now,2026-09-26T12:01:40+00:00
CVE-2026-66806,updated,2026-09-25,cve_2026_to_now,2026-09-26T12:01:40+00:00
CVE-2026-66807,updated,2026-09-25,cve_2026_to_now,2026-09-26T12:01:40+00:00
CVE-2026-66808,updated,2026-09-25,cve_2026_to_now,2026-09-26T12:01:40+00:00
CVE-2026-66809,updated,2026-09-25,cve_2026_to_now,2026-09-26T12:01:40+00:00
CVE-2026-66810,updated,2026-09-25,cve_2026_to_now,2026-09-26T12:01:40+00:00
CVE-2026-66814,updated,2026-09-25,cve_2026_to_now,2026-09-26T12:01:40+00:00
CVE-2026-66816,updated,2026-09-25,cve_2026_to_now,2026-09-26T12:01:40+00:00
CVE-2026-66818,updated,2026-09-25,cve_2026_to_now,2026-09-26T12:01:40+00:00
CVE-2026-66819,updated,2026-09-25,cve_2026_to_now,2026-09-26T12:01:40+00:00
CVE-2026-66820,updated,2026-09-25,cve_2026_to_now,2026-09-26T12:01:40+00:00
CVE-2026-67222,added,,cve_2026_to_now,2026-09-26T12:01:40+00:00
CVE-2026-67223,added,,cve_2026_to_now,2026-09-26T12:01:40+00:00
CVE-2026-67225,added,,cve_2026_to_now,2026-09-26T12:01:40+00:00
CVE-2026-67226,added,,cve_2026_to_now,2026-09-26T12:01:40+00:00
CVE-2026-67227,added,,cve_2026_to_now,2026-09-26T12:01:40+00:00
CVE-2026-67230,added,,cve_2026_to_now,2026-09-26T12:01:40+00:00
CVE-2026-67234,added,,cve_2026_to_now,2026-09-26T12:01:40+00:00
CVE-2026-67236,added,,cve_2026_to_now,2026-09-26T12:01:40+00:00
CVE-2026-67237,added,,cve_2026_to_now,2026-09-26T12:01:40+00:00
CVE-2026-67239,added,,cve_2026_to_now,2026-09-26T12:01:40+00:00
CVE-2026-67241,added,,cve_2026_to_now,2026-09-26T12:01:40+00:00
CVE-2026-67242,added,,cve_2026_to_now,2026-09-26T12:01:40+00:00
CVE-2026-67279,updated,2026-09-26,cve_2026_to_now,2026-09-26T12:01:40+00:00
CVE-2026-67368,updated,2026-09-25,cve_2026_to_now,2026-09-26T12:01:40+00:00
CVE-2026-67369,updated,2026-09-25,cve_2026_to_now,2026-09-26T12:01:40+00:00
CVE-2026-67370,updated,2026-09-25,cve_2026_to_now,2026-09-26T12:01:40+00:00
CVE-2026-67373,updated,2026-09-25,cve_2026_to_now,2026-09-26T12:01:40+00:00
CVE-2026-67376,updated,2026-09-25,cve_2026_to_now,2026-09-26T12:01:40+00:00
CVE-2026-67378,updated,2026-09-25,cve_2026_to_now,2026-09-26T12:01:40+00:00
CVE-2026-67379,updated,2026-09-25,cve_2026_to_now,2026-09-26T12:01:40+00:00
CVE-2026-67380,updated,2026-09-25,cve_2026_to_now,2026-09-26T12:01:40+00:00
CVE-2026-67381,updated,2026-09-25,cve_2026_to_now,2026-09-26T12:01:40+00:00
CVE-2026-67383,updated,2026-09-25,cve_2026_to_now,2026-09-26T12:01:40+00:00
CVE-2026-67384,updated,2026-09-25,cve_2026_to_now,2026-09-26T12:01:40+00:00
CVE-2026-67385,updated,2026-09-25,cve_2026_to_now,2026-09-26T12:01:40+00:00
CVE-2026-67386,updated,2026-09-25,cve_2026_to_now,2026-09-26T12:01:40+00:00
CVE-2026-67388,updated,2026-09-25,cve_2026_to_now,2026-09-26T12:01:40+00:00
CVE-2026-67389,updated,2026-09-25,cve_2026_to_now,2026-09-26T12:01:40+00:00
CVE-2026-67390,updated,2026-09-25,cve_2026_to_now,2026-09-26T12:01:40+00:00
CVE-2026-67393,updated,2026-09-25,cve_2026_to_now,2026-09-26T12:01:40+00:00
CVE-2026-67406,added,,cve_2026_to_now,2026-09-26T12:01:40+00:00
CVE-2026-67407,added,,cve_2026_to_now,2026-09-26T12:01:40+00:00
CVE-2026-67408,added,,cve_2026_to_now,2026-09-26T12:01:40+00:00
CVE-2026-67409,added,,cve_2026_to_now,2026-09-26T12:01:40+00:00
CVE-2026-67410,added,,cve_2026_to_now,2026-09-26T12:01:40+00:00
CVE-2026-67411,added,,cve_2026_to_now,2026-09-26T12:01:40+00:00
CVE-2026-67412,added,,cve_2026_to_now,2026-09-26T12:01:40+00:00
CVE-2026-67413,added,,cve_2026_to_now,2026-09-26T12:01:40+00:00
CVE-2026-67415,added,,cve_2026_to_now,2026-09-26T12:01:40+00:00
CVE-2026-67419,added,,cve_2026_to_now,2026-09-26T12:01:40+00:00
CVE-2026-67420,added,,cve_2026_to_now,2026-09-26T12:01:40+00:00
CVE-2026-67421,added,,cve_2026_to_now,2026-09-26T12:01:40+00:00
CVE-2026-67624,updated,2026-09-25,cve_2026_to_now,2026-09-26T12:01:40+00:00
CVE-2026-67629,updated,2026-09-25,cve_2026_to_now,2026-09-26T12:01:40+00:00
CVE-2026-67630,updated,2026-09-25,cve_2026_to_now,2026-09-26T12:01:40+00:00
CVE-2026-67631,updated,2026-09-25,cve_2026_to_now,2026-09-26T12:01:40+00:00
CVE-2026-67633,updated,2026-09-25,cve_2026_to_now,2026-09-26T12:01:40+00:00
CVE-2026-67636,updated,2026-09-25,cve_2026_to_now,2026-09-26T12:01:40+00:00
CVE-2026-67638,updated,2026-09-25,cve_2026_to_now,2026-09-26T12:01:40+00:00
CVE-2026-67639,updated,2026-09-25,cve_2026_to_now,2026-09-26T12:01:40+00:00
CVE-2026-67641,updated,2026-09-25,cve_2026_to_now,2026-09-26T12:01:40+00:00
CVE-2026-67642,updated,2026-09-25,cve_2026_to_now,2026-09-26T12:01:40+00:00
CVE-2026-67643,updated,2026-09-25,cve_2026_to_now,2026-09-26T12:01:40+00:00
CVE-2026-67645,updated,2026-09-25,cve_2026_to_now,2026-09-26T12:01:40+00:00
CVE-2026-67648,updated,2026-09-25,cve_2026_to_now,2026-09-26T12:01:40+00:00
CVE-2026-68775,updated,2026-09-25,cve_2026_to_now,2026-09-26T12:01:40+00:00
CVE-2026-68776,updated,2026-09-25,cve_2026_to_now,2026-09-26T12:01:40+00:00
CVE-2026-68777,updated,2026-09-25,cve_2026_to_now,2026-09-26T12:01:40+00:00
CVE-2026-68778,updated,2026-09-25,cve_2026_to_now,2026-09-26T12:01:40+00:00
CVE-2026-68779,updated,2026-09-25,cve_2026_to_now,2026-09-26T12:01:40+00:00
CVE-2026-68780,updated,2026-09-25,cve_2026_to_now,2026-09-26T12:01:40+00:00
CVE-2026-68781,updated,2026-09-25,cve_2026_to_now,2026-09-26T12:01:40+00:00
CVE-2026-68782,updated,2026-09-25,cve_2026_to_now,2026-09-26T12:01:40+00:00
CVE-2026-68784,updated,2026-09-25,cve_2026_to_now,2026-09-26T12:01:40+00:00
CVE-2026-68785,updated,2026-09-25,cve_2026_to_now,2026-09-26T12:01:40+00:00
CVE-2026-68786,updated,2026-09-25,cve_2026_to_now,2026-09-26T12:01:40+00:00
CVE-2026-68787,updated,2026-09-25,cve_2026_to_now,2026-09-26T12:01:40+00:00
CVE-2026-68789,updated,2026-09-25,cve_2026_to_now,2026-09-26T12:01:40+00:00
CVE-2026-68791,updated,2026-09-25,cve_2026_to_now,2026-09-26T12:01:40+00:00
CVE-2026-68792,updated,2026-09-25,cve_2026_to_now,2026-09-26T12:01:40+00:00
CVE-2026-68793,updated,2026-09-25,cve_2026_to_now,2026-09-26T12:01:40+00:00
CVE-2026-68794,updated,2026-09-25,cve_2026_to_now,2026-09-26T12:01:40+00:00
CVE-2026-68795,updated,2026-09-25,cve_2026_to_now,2026-09-26T12:01:40+00:00
CVE-2026-68796,updated,2026-09-25,cve_2026_to_now,2026-09-26T12:01:40+00:00
CVE-2026-68797,updated,2026-09-25,cve_2026_to_now,2026-09-26T12:01:40+00:00
CVE-2026-68798,updated,2026-09-25,cve_2026_to_now,2026-09-26T12:01:40+00:00
CVE-2026-68799,updated,2026-09-25,cve_2026_to_now,2026-09-26T12:01:40+00:00
CVE-2026-68800,updated,2026-09-25,cve_2026_to_now,2026-09-26T12:01:40+00:00
CVE-2026-68801,updated,2026-09-25,cve_2026_to_now,2026-09-26T12:01:40+00:00
CVE-2026-68802,updated,2026-09-25,cve_2026_to_now,2026-09-26T12:01:40+00:00
CVE-2026-68803,updated,2026-09-25,cve_2026_to_now,2026-09-26T12:01:40+00:00
CVE-2026-68804,updated,2026-09-25,cve_2026_to_now,2026-09-26T12:01:40+00:00
CVE-2026-68805,updated,2026-09-25,cve_2026_to_now,2026-09-26T12:01:40+00:00
CVE-2026-68806,updated,2026-09-25,cve_2026_to_now,2026-09-26T12:01:40+00:00
CVE-2026-68807,updated,2026-09-25,cve_2026_to_now,2026-09-26T12:01:40+00:00
CVE-2026-68808,updated,2026-09-25,cve_2026_to_now,2026-09-26T12:01:40+00:00
CVE-2026-68809,updated,2026-09-25,cve_2026_to_now,2026-09-26T12:01:40+00:00
CVE-2026-68810,updated,2026-09-25,cve_2026_to_now,2026-09-26T12:01:40+00:00
CVE-2026-68811,updated,2026-09-25,cve_2026_to_now,2026-09-26T12:01:40+00:00
CVE-2026-68812,updated,2026-09-25,cve_2026_to_now,2026-09-26T12:01:40+00:00
CVE-2026-68813,updated,2026-09-25,cve_2026_to_now,2026-09-26T12:01:40+00:00
CVE-2026-68814,updated,2026-09-25,cve_2026_to_now,2026-09-26T12:01:40+00:00
CVE-2026-68815,updated,2026-09-25,cve_2026_to_now,2026-09-26T12:01:40+00:00
CVE-2026-68816,updated,2026-09-25,cve_2026_to_now,2026-09-26T12:01:40+00:00
CVE-2026-68817,updated,2026-09-25,cve_2026_to_now,2026-09-26T12:01:40+00:00
CVE-2026-68819,updated,2026-09-25,cve_2026_to_now,2026-09-26T12:01:40+00:00
CVE-2026-68820,updated,2026-09-25,cve_2026_to_now,2026-09-26T12:01:40+00:00
CVE-2026-68821,updated,2026-09-25,cve_2026_to_now,2026-09-26T12:01:40+00:00
CVE-2026-68823,updated,2026-09-25,cve_2026_to_now,2026-09-26T12:01:40+00:00
CVE-2026-68824,updated,2026-09-25,cve_2026_to_now,2026-09-26T12:01:40+00:00
CVE-2026-68825,updated,2026-09-25,cve_2026_to_now,2026-09-26T12:01:40+00:00
CVE-2026-68827,updated,2026-09-25,cve_2026_to_now,2026-09-26T12:01:40+00:00
CVE-2026-68828,updated,2026-09-25,cve_2026_to_now,2026-09-26T12:01:40+00:00
CVE-2026-68830,updated,2026-09-25,cve_2026_to_now,2026-09-26T12:01:40+00:00
CVE-2026-68831,updated,2026-09-25,cve_2026_to_now,2026-09-26T12:01:40+00:00
CVE-2026-68832,updated,2026-09-25,cve_2026_to_now,2026-09-26T12:01:40+00:00
CVE-2026-68833,updated,2026-09-25,cve_2026_to_now,2026-09-26T12:01:40+00:00
CVE-2026-68834,updated,2026-09-25,cve_2026_to_now,2026-09-26T12:01:40+00:00
CVE-2026-68835,updated,2026-09-25,cve_2026_to_now,2026-09-26T12:01:40+00:00
CVE-2026-68837,updated,2026-09-25,cve_2026_to_now,2026-09-26T12:01:40+00:00
CVE-2026-68838,updated,2026-09-25,cve_2026_to_now,2026-09-26T12:01:40+00:00
CVE-2026-68839,updated,2026-09-25,cve_2026_to_now,2026-09-26T12:01:40+00:00
CVE-2026-68840,updated,2026-09-25,cve_2026_to_now,2026-09-26T12:01:40+00:00
CVE-2026-68841,updated,2026-09-25,cve_2026_to_now,2026-09-26T12:01:40+00:00
CVE-2026-68842,updated,2026-09-25,cve_2026_to_now,2026-09-26T12:01:40+00:00
CVE-2026-68843,updated,2026-09-25,cve_2026_to_now,2026-09-26T12:01:40+00:00
CVE-2026-68844,updated,2026-09-25,cve_2026_to_now,2026-09-26T12:01:40+00:00
CVE-2026-68845,updated,2026-09-25,cve_2026_to_now,2026-09-26T12:01:40+00:00
CVE-2026-68846,updated,2026-09-25,cve_2026_to_now,2026-09-26T12:01:40+00:00
CVE-2026-68847,updated,2026-09-25,cve_2026_to_now,2026-09-26T12:01:40+00:00
CVE-2026-68848,updated,2026-09-25,cve_2026_to_now,2026-09-26T12:01:40+00:00
CVE-2026-68849,updated,2026-09-25,cve_2026_to_now,2026-09-26T12:01:40+00:00
CVE-2026-68850,updated,2026-09-25,cve_2026_to_now,2026-09-26T12:01:40+00:00
CVE-2026-68851,updated,2026-09-25,cve_2026_to_now,2026-09-26T12:01:40+00:00
CVE-2026-68852,updated,2026-09-25,cve_2026_to_now,2026-09-26T12:01:40+00:00
CVE-2026-68873,updated,2026-09-25,cve_2026_to_now,2026-09-26T12:01:40+00:00
CVE-2026-68874,updated,2026-09-25,cve_2026_to_now,2026-09-26T12:01:40+00:00
CVE-2026-68875,updated,2026-09-25,cve_2026_to_now,2026-09-26T12:01:40+00:00
CVE-2026-68876,updated,2026-09-25,cve_2026_to_now,2026-09-26T12:01:40+00:00
CVE-2026-68877,updated,2026-09-25,cve_2026_to_now,2026-09-26T12:01:40+00:00
CVE-2026-68878,updated,2026-09-25,cve_2026_to_now,2026-09-26T12:01:40+00:00
CVE-2026-68880,updated,2026-09-25,cve_2026_to_now,2026-09-26T12:01:40+00:00
CVE-2026-68881,updated,2026-09-25,cve_2026_to_now,2026-09-26T12:01:40+00:00
CVE-2026-68884,updated,2026-09-25,cve_2026_to_now,2026-09-26T12:01:40+00:00
CVE-2026-68885,updated,2026-09-25,cve_2026_to_now,2026-09-26T12:01:40+00:00
CVE-2026-68886,updated,2026-09-25,cve_2026_to_now,2026-09-26T12:01:40+00:00
CVE-2026-68887,updated,2026-09-25,cve_2026_to_now,2026-09-26T12:01:40+00:00
CVE-2026-68888,updated,2026-09-25,cve_2026_to_now,2026-09-26T12:01:40+00:00
CVE-2026-68889,updated,2026-09-25,cve_2026_to_now,2026-09-26T12:01:40+00:00
CVE-2026-68890,updated,2026-09-25,cve_2026_to_now,2026-09-26T12:01:40+00:00
CVE-2026-68891,updated,2026-09-25,cve_2026_to_now,2026-09-26T12:01:40+00:00
CVE-2026-68892,updated,2026-09-25,cve_2026_to_now,2026-09-26T12:01:40+00:00
CVE-2026-68893,updated,2026-09-25,cve_2026_to_now,2026-09-26T12:01:40+00:00
CVE-2026-68894,updated,2026-09-25,cve_2026_to_now,2026-09-26T12:01:40+00:00
CVE-2026-68895,updated,2026-09-25,cve_2026_to_now,2026-09-26T12:01:40+00:00
CVE-2026-68896,updated,2026-09-25,cve_2026_to_now,2026-09-26T12:01:40+00:00
CVE-2026-68897,updated,2026-09-25,cve_2026_to_now,2026-09-26T12:01:40+00:00
CVE-2026-68898,updated,2026-09-25,cve_2026_to_now,2026-09-26T12:01:40+00:00
CVE-2026-68919,updated,2026-09-25,cve_2026_to_now,2026-09-26T12:01:40+00:00
CVE-2026-69265,updated,2026-09-25,cve_2026_to_now,2026-09-26T12:01:40+00:00
CVE-2026-69266,updated,2026-09-25,cve_2026_to_now,2026-09-26T12:01:40+00:00
CVE-2026-69267,updated,2026-09-25,cve_2026_to_now,2026-09-26T12:01:40+00:00
CVE-2026-69268,updated,2026-09-25,cve_2026_to_now,2026-09-26T12:01:40+00:00
CVE-2026-69269,updated,2026-09-25,cve_2026_to_now,2026-09-26T12:01:40+00:00
CVE-2026-69270,updated,2026-09-25,cve_2026_to_now,2026-09-26T12:01:40+00:00
CVE-2026-69271,updated,2026-09-25,cve_2026_to_now,2026-09-26T12:01:40+00:00
CVE-2026-69272,updated,2026-09-25,cve_2026_to_now,2026-09-26T12:01:40+00:00
CVE-2026-69273,updated,2026-09-25,cve_2026_to_now,2026-09-26T12:01:40+00:00
CVE-2026-69274,updated,2026-09-25,cve_2026_to_now,2026-09-26T12:01:40+00:00
CVE-2026-69275,updated,2026-09-25,cve_2026_to_now,2026-09-26T12:01:40+00:00
CVE-2026-69276,updated,2026-09-25,cve_2026_to_now,2026-09-26T12:01:40+00:00
CVE-2026-69277,updated,2026-09-25,cve_2026_to_now,2026-09-26T12:01:40+00:00
CVE-2026-69278,updated,2026-09-25,cve_2026_to_now,2026-09-26T12:01:40+00:00
CVE-2026-69279,updated,2026-09-25,cve_2026_to_now,2026-09-26T12:01:40+00:00
CVE-2026-69280,updated,2026-09-25,cve_2026_to_now,2026-09-26T12:01:40+00:00
CVE-2026-69281,updated,2026-09-25,cve_2026_to_now,2026-09-26T12:01:40+00:00
CVE-2026-69282,updated,2026-09-25,cve_2026_to_now,2026-09-26T12:01:40+00:00
CVE-2026-69283,updated,2026-09-25,cve_2026_to_now,2026-09-26T12:01:40+00:00
CVE-2026-69284,updated,2026-09-25,cve_2026_to_now,2026-09-26T12:01:40+00:00
CVE-2026-69285,updated,2026-09-25,cve_2026_to_now,2026-09-26T12:01:40+00:00
CVE-2026-69286,updated,2026-09-25,cve_2026_to_now,2026-09-26T12:01:40+00:00
CVE-2026-69287,updated,2026-09-25,cve_2026_to_now,2026-09-26T12:01:40+00:00
CVE-2026-69288,updated,2026-09-25,cve_2026_to_now,2026-09-26T12:01:40+00:00
CVE-2026-69289,updated,2026-09-25,cve_2026_to_now,2026-09-26T12:01:40+00:00
CVE-2026-69290,updated,2026-09-25,cve_2026_to_now,2026-09-26T12:01:40+00:00
CVE-2026-69291,updated,2026-09-25,cve_2026_to_now,2026-09-26T12:01:40+00:00
CVE-2026-69292,updated,2026-09-25,cve_2026_to_now,2026-09-26T12:01:40+00:00
CVE-2026-69293,updated,2026-09-25,cve_2026_to_now,2026-09-26T12:01:40+00:00
CVE-2026-69294,updated,2026-09-25,cve_2026_to_now,2026-09-26T12:01:40+00:00
CVE-2026-69295,updated,2026-09-25,cve_2026_to_now,2026-09-26T12:01:40+00:00
CVE-2026-69296,updated,2026-09-25,cve_2026_to_now,2026-09-26T12:01:40+00:00
CVE-2026-69297,updated,2026-09-25,cve_2026_to_now,2026-09-26T12:01:40+00:00
CVE-2026-69298,updated,2026-09-25,cve_2026_to_now,2026-09-26T12:01:40+00:00
CVE-2026-69299,updated,2026-09-25,cve_2026_to_now,2026-09-26T12:01:40+00:00
CVE-2026-69300,updated,2026-09-25,cve_2026_to_now,2026-09-26T12:01:40+00:00
CVE-2026-69301,updated,2026-09-25,cve_2026_to_now,2026-09-26T12:01:40+00:00
CVE-2026-69303,updated,2026-09-25,cve_2026_to_now,2026-09-26T12:01:40+00:00
CVE-2026-69304,updated,2026-09-25,cve_2026_to_now,2026-09-26T12:01:40+00:00
CVE-2026-69305,updated,2026-09-25,cve_2026_to_now,2026-09-26T12:01:40+00:00
CVE-2026-69306,updated,2026-09-25,cve_2026_to_now,2026-09-26T12:01:40+00:00
CVE-2026-69307,updated,2026-09-25,cve_2026_to_now,2026-09-26T12:01:40+00:00
CVE-2026-69308,updated,2026-09-25,cve_2026_to_now,2026-09-26T12:01:40+00:00
CVE-2026-69309,updated,2026-09-25,cve_2026_to_now,2026-09-26T12:01:40+00:00
CVE-2026-69310,updated,2026-09-25,cve_2026_to_now,2026-09-26T12:01:40+00:00
CVE-2026-69311,updated,2026-09-25,cve_2026_to_now,2026-09-26T12:01:40+00:00
CVE-2026-69312,updated,2026-09-25,cve_2026_to_now,2026-09-26T12:01:40+00:00
CVE-2026-69313,updated,2026-09-25,cve_2026_to_now,2026-09-26T12:01:40+00:00
CVE-2026-69314,updated,2026-09-25,cve_2026_to_now,2026-09-26T12:01:40+00:00
CVE-2026-69315,updated,2026-09-25,cve_2026_to_now,2026-09-26T12:01:40+00:00
CVE-2026-69316,updated,2026-09-25,cve_2026_to_now,2026-09-26T12:01:40+00:00
CVE-2026-69317,updated,2026-09-25,cve_2026_to_now,2026-09-26T12:01:40+00:00
CVE-2026-69318,updated,2026-09-25,cve_2026_to_now,2026-09-26T12:01:40+00:00
CVE-2026-69319,updated,2026-09-25,cve_2026_to_now,2026-09-26T12:01:40+00:00
CVE-2026-69320,updated,2026-09-25,cve_2026_to_now,2026-09-26T12:01:40+00:00
CVE-2026-69321,updated,2026-09-25,cve_2026_to_now,2026-09-26T12:01:40+00:00
CVE-2026-69322,updated,2026-09-25,cve_2026_to_now,2026-09-26T12:01:40+00:00
CVE-2026-69323,updated,2026-09-25,cve_2026_to_now,2026-09-26T12:01:40+00:00
CVE-2026-69324,updated,2026-09-25,cve_2026_to_now,2026-09-26T12:01:40+00:00
CVE-2026-69325,updated,2026-09-25,cve_2026_to_now,2026-09-26T12:01:40+00:00
CVE-2026-69328,updated,2026-09-25,cve_2026_to_now,2026-09-26T12:01:40+00:00
CVE-2026-69329,updated,2026-09-25,cve_2026_to_now,2026-09-26T12:01:40+00:00
CVE-2026-69331,updated,2026-09-25,cve_2026_to_now,2026-09-26T12:01:40+00:00
CVE-2026-69332,updated,2026-09-25,cve_2026_to_now,2026-09-26T12:01:40+00:00
CVE-2026-69333,updated,2026-09-25,cve_2026_to_now,2026-09-26T12:01:40+00:00
CVE-2026-69334,updated,2026-09-25,cve_2026_to_now,2026-09-26T12:01:40+00:00
CVE-2026-69335,updated,2026-09-25,cve_2026_to_now,2026-09-26T12:01:40+00:00
CVE-2026-69336,updated,2026-09-25,cve_2026_to_now,2026-09-26T12:01:40+00:00
CVE-2026-69337,updated,2026-09-25,cve_2026_to_now,2026-09-26T12:01:40+00:00
CVE-2026-69338,updated,2026-09-25,cve_2026_to_now,2026-09-26T12:01:40+00:00
CVE-2026-69339,updated,2026-09-25,cve_2026_to_now,2026-09-26T12:01:40+00:00
CVE-2026-69340,updated,2026-09-25,cve_2026_to_now,2026-09-26T12:01:40+00:00
CVE-2026-69341,updated,2026-09-25,cve_2026_to_now,2026-09-26T12:01:40+00:00
CVE-2026-69342,updated,2026-09-25,cve_2026_to_now,2026-09-26T12:01:40+00:00
CVE-2026-69343,updated,2026-09-25,cve_2026_to_now,2026-09-26T12:01:40+00:00
CVE-2026-69344,updated,2026-09-25,cve_2026_to_now,2026-09-26T12:01:40+00:00
CVE-2026-69345,updated,2026-09-25,cve_2026_to_now,2026-09-26T12:01:40+00:00
CVE-2026-69346,updated,2026-09-25,cve_2026_to_now,2026-09-26T12:01:40+00:00
CVE-2026-69347,updated,2026-09-25,cve_2026_to_now,2026-09-26T12:01:40+00:00
CVE-2026-69348,updated,2026-09-25,cve_2026_to_now,2026-09-26T12:01:40+00:00
CVE-2026-69349,updated,2026-09-25,cve_2026_to_now,2026-09-26T12:01:40+00:00
CVE-2026-69350,updated,2026-09-25,cve_2026_to_now,2026-09-26T12:01:40+00:00
CVE-2026-69351,updated,2026-09-25,cve_2026_to_now,2026-09-26T12:01:40+00:00
CVE-2026-69352,updated,2026-09-25,cve_2026_to_now,2026-09-26T12:01:40+00:00
CVE-2026-69353,updated,2026-09-25,cve_2026_to_now,2026-09-26T12:01:40+00:00
CVE-2026-69355,updated,2026-09-25,cve_2026_to_now,2026-09-26T12:01:40+00:00
CVE-2026-69356,updated,2026-09-25,cve_2026_to_now,2026-09-26T12:01:40+00:00
CVE-2026-69357,updated,2026-09-25,cve_2026_to_now,2026-09-26T12:01:40+00:00
CVE-2026-69358,updated,2026-09-25,cve_2026_to_now,2026-09-26T12:01:40+00:00
CVE-2026-69359,updated,2026-09-25,cve_2026_to_now,2026-09-26T12:01:40+00:00
CVE-2026-69360,updated,2026-09-25,cve_2026_to_now,2026-09-26T12:01:40+00:00
CVE-2026-69361,updated,2026-09-25,cve_2026_to_now,2026-09-26T12:01:40+00:00
CVE-2026-69362,updated,2026-09-25,cve_2026_to_now,2026-09-26T12:01:40+00:00
CVE-2026-69364,updated,2026-09-25,cve_2026_to_now,2026-09-26T12:01:40+00:00
CVE-2026-69365,updated,2026-09-25,cve_2026_to_now,2026-09-26T12:01:40+00:00
CVE-2026-69366,updated,2026-09-25,cve_2026_to_now,2026-09-26T12:01:40+00:00
CVE-2026-69367,updated,2026-09-25,cve_2026_to_now,2026-09-26T12:01:40+00:00
CVE-2026-69368,updated,2026-09-25,cve_2026_to_now,2026-09-26T12:01:40+00:00
CVE-2026-69369,updated,2026-09-25,cve_2026_to_now,2026-09-26T12:01:40+00:00
CVE-2026-69371,updated,2026-09-25,cve_2026_to_now,2026-09-26T12:01:40+00:00
CVE-2026-69372,updated,2026-09-25,cve_2026_to_now,2026-09-26T12:01:40+00:00
CVE-2026-69373,updated,2026-09-25,cve_2026_to_now,2026-09-26T12:01:40+00:00
CVE-2026-69374,updated,2026-09-25,cve_2026_to_now,2026-09-26T12:01:40+00:00
CVE-2026-69375,updated,2026-09-25,cve_2026_to_now,2026-09-26T12:01:40+00:00
CVE-2026-69376,updated,2026-09-25,cve_2026_to_now,2026-09-26T12:01:40+00:00
CVE-2026-69377,updated,2026-09-25,cve_2026_to_now,2026-09-26T12:01:40+00:00
CVE-2026-69378,updated,2026-09-25,cve_2026_to_now,2026-09-26T12:01:40+00:00
CVE-2026-69379,updated,2026-09-25,cve_2026_to_now,2026-09-26T12:01:40+00:00
CVE-2026-69380,updated,2026-09-25,cve_2026_to_now,2026-09-26T12:01:40+00:00
CVE-2026-69381,updated,2026-09-25,cve_2026_to_now,2026-09-26T12:01:40+00:00
CVE-2026-69382,updated,2026-09-25,cve_2026_to_now,2026-09-26T12:01:40+00:00
CVE-2026-69383,updated,2026-09-25,cve_2026_to_now,2026-09-26T12:01:40+00:00
CVE-2026-69384,updated,2026-09-25,cve_2026_to_now,2026-09-26T12:01:40+00:00
CVE-2026-69385,updated,2026-09-25,cve_2026_to_now,2026-09-26T12:01:40+00:00
CVE-2026-69386,updated,2026-09-25,cve_2026_to_now,2026-09-26T12:01:40+00:00
CVE-2026-69388,updated,2026-09-25,cve_2026_to_now,2026-09-26T12:01:40+00:00
CVE-2026-69389,updated,2026-09-25,cve_2026_to_now,2026-09-26T12:01:40+00:00
CVE-2026-69390,updated,2026-09-25,cve_2026_to_now,2026-09-26T12:01:40+00:00
CVE-2026-69391,updated,2026-09-25,cve_2026_to_now,2026-09-26T12:01:40+00:00
CVE-2026-69392,updated,2026-09-25,cve_2026_to_now,2026-09-26T12:01:40+00:00
CVE-2026-69393,updated,2026-09-25,cve_2026_to_now,2026-09-26T12:01:40+00:00
CVE-2026-69394,updated,2026-09-25,cve_2026_to_now,2026-09-26T12:01:40+00:00
CVE-2026-69395,updated,2026-09-25,cve_2026_to_now,2026-09-26T12:01:40+00:00
CVE-2026-69396,updated,2026-09-25,cve_2026_to_now,2026-09-26T12:01:40+00:00
CVE-2026-69397,updated,2026-09-25,cve_2026_to_now,2026-09-26T12:01:40+00:00
CVE-2026-69398,updated,2026-09-25,cve_2026_to_now,2026-09-26T12:01:40+00:00
CVE-2026-69399,updated,2026-09-25,cve_2026_to_now,2026-09-26T12:01:40+00:00
CVE-2026-69400,updated,2026-09-25,cve_2026_to_now,2026-09-26T12:01:40+00:00
CVE-2026-69401,updated,2026-09-25,cve_2026_to_now,2026-09-26T12:01:40+00:00
CVE-2026-69402,updated,2026-09-25,cve_2026_to_now,2026-09-26T12:01:40+00:00
CVE-2026-69403,updated,2026-09-25,cve_2026_to_now,2026-09-26T12:01:40+00:00
CVE-2026-69404,updated,2026-09-25,cve_2026_to_now,2026-09-26T12:01:40+00:00
CVE-2026-69405,updated,2026-09-25,cve_2026_to_now,2026-09-26T12:01:40+00:00
CVE-2026-69406,updated,2026-09-25,cve_2026_to_now,2026-09-26T12:01:40+00:00
CVE-2026-69407,updated,2026-09-25,cve_2026_to_now,2026-09-26T12:01:40+00:00
CVE-2026-69408,updated,2026-09-25,cve_2026_to_now,2026-09-26T12:01:40+00:00
CVE-2026-69409,updated,2026-09-25,cve_2026_to_now,2026-09-26T12:01:40+00:00
CVE-2026-69410,updated,2026-09-25,cve_2026_to_now,2026-09-26T12:01:40+00:00
CVE-2026-69412,updated,2026-09-25,cve_2026_to_now,2026-09-26T12:01:40+00:00
CVE-2026-69413,updated,2026-09-25,cve_2026_to_now,2026-09-26T12:01:40+00:00
CVE-2026-69414,updated,2026-09-25,cve_2026_to_now,2026-09-26T12:01:40+00:00
CVE-2026-69415,updated,2026-09-25,cve_2026_to_now,2026-09-26T12:01:40+00:00
CVE-2026-69416,updated,2026-09-25,cve_2026_to_now,2026-09-26T12:01:40+00:00
CVE-2026-69417,updated,2026-09-25,cve_2026_to_now,2026-09-26T12:01:40+00:00
CVE-2026-69418,updated,2026-09-25,cve_2026_to_now,2026-09-26T12:01:40+00:00
CVE-2026-69419,updated,2026-09-25,cve_2026_to_now,2026-09-26T12:01:40+00:00
CVE-2026-69420,updated,2026-09-25,cve_2026_to_now,2026-09-26T12:01:40+00:00
CVE-2026-69421,updated,2026-09-25,cve_2026_to_now,2026-09-26T12:01:40+00:00
CVE-2026-69422,updated,2026-09-25,cve_2026_to_now,2026-09-26T12:01:40+00:00
CVE-2026-69423,updated,2026-09-25,cve_2026_to_now,2026-09-26T12:01:40+00:00
CVE-2026-69424,updated,2026-09-25,cve_2026_to_now,2026-09-26T12:01:40+00:00
CVE-2026-69425,updated,2026-09-25,cve_2026_to_now,2026-09-26T12:01:40+00:00
CVE-2026-69426,updated,2026-09-25,cve_2026_to_now,2026-09-26T12:01:40+00:00
CVE-2026-69427,updated,2026-09-25,cve_2026_to_now,2026-09-26T12:01:40+00:00
CVE-2026-69428,updated,2026-09-25,cve_2026_to_now,2026-09-26T12:01:40+00:00
CVE-2026-69429,updated,2026-09-25,cve_2026_to_now,2026-09-26T12:01:40+00:00
CVE-2026-69430,updated,2026-09-25,cve_2026_to_now,2026-09-26T12:01:40+00:00
CVE-2026-69431,updated,2026-09-25,cve_2026_to_now,2026-09-26T12:01:40+00:00
CVE-2026-69432,updated,2026-09-25,cve_2026_to_now,2026-09-26T12:01:40+00:00
CVE-2026-69433,updated,2026-09-25,cve_2026_to_now,2026-09-26T12:01:40+00:00
CVE-2026-69434,updated,2026-09-25,cve_2026_to_now,2026-09-26T12:01:40+00:00
CVE-2026-69436,updated,2026-09-25,cve_2026_to_now,2026-09-26T12:01:40+00:00
CVE-2026-69438,updated,2026-09-25,cve_2026_to_now,2026-09-26T12:01:40+00:00
CVE-2026-69439,updated,2026-09-25,cve_2026_to_now,2026-09-26T12:01:40+00:00
CVE-2026-69440,updated,2026-09-25,cve_2026_to_now,2026-09-26T12:01:40+00:00
CVE-2026-69441,updated,2026-09-25,cve_2026_to_now,2026-09-26T12:01:40+00:00
CVE-2026-69442,updated,2026-09-25,cve_2026_to_now,2026-09-26T12:01:40+00:00
CVE-2026-69443,updated,2026-09-25,cve_2026_to_now,2026-09-26T12:01:40+00:00
CVE-2026-69444,updated,2026-09-25,cve_2026_to_now,2026-09-26T12:01:40+00:00
CVE-2026-69445,updated,2026-09-25,cve_2026_to_now,2026-09-26T12:01:40+00:00
CVE-2026-69447,updated,2026-09-25,cve_2026_to_now,2026-09-26T12:01:40+00:00
CVE-2026-69448,updated,2026-09-25,cve_2026_to_now,2026-09-26T12:01:40+00:00
CVE-2026-69449,updated,2026-09-25,cve_2026_to_now,2026-09-26T12:01:40+00:00
CVE-2026-69450,updated,2026-09-25,cve_2026_to_now,2026-09-26T12:01:40+00:00
CVE-2026-69451,updated,2026-09-25,cve_2026_to_now,2026-09-26T12:01:40+00:00
CVE-2026-69453,updated,2026-09-25,cve_2026_to_now,2026-09-26T12:01:40+00:00
CVE-2026-69455,updated,2026-09-25,cve_2026_to_now,2026-09-26T12:01:40+00:00
CVE-2026-69456,updated,2026-09-25,cve_2026_to_now,2026-09-26T12:01:40+00:00
CVE-2026-69457,updated,2026-09-25,cve_2026_to_now,2026-09-26T12:01:40+00:00
CVE-2026-69458,updated,2026-09-25,cve_2026_to_now,2026-09-26T12:01:40+00:00
CVE-2026-69459,updated,2026-09-25,cve_2026_to_now,2026-09-26T12:01:40+00:00
CVE-2026-69460,updated,2026-09-25,cve_2026_to_now,2026-09-26T12:01:40+00:00
CVE-2026-69461,updated,2026-09-25,cve_2026_to_now,2026-09-26T12:01:40+00:00
CVE-2026-69462,updated,2026-09-25,cve_2026_to_now,2026-09-26T12:01:40+00:00
CVE-2026-69463,updated,2026-09-25,cve_2026_to_now,2026-09-26T12:01:40+00:00
CVE-2026-69464,updated,2026-09-25,cve_2026_to_now,2026-09-26T12:01:40+00:00
CVE-2026-69465,updated,2026-09-25,cve_2026_to_now,2026-09-26T12:01:40+00:00
CVE-2026-69466,updated,2026-09-25,cve_2026_to_now,2026-09-26T12:01:40+00:00
CVE-2026-69467,updated,2026-09-25,cve_2026_to_now,2026-09-26T12:01:40+00:00
CVE-2026-69468,updated,2026-09-25,cve_2026_to_now,2026-09-26T12:01:40+00:00
CVE-2026-69469,updated,2026-09-25,cve_2026_to_now,2026-09-26T12:01:40+00:00
CVE-2026-69470,updated,2026-09-25,cve_2026_to_now,2026-09-26T12:01:40+00:00
CVE-2026-69472,updated,2026-09-25,cve_2026_to_now,2026-09-26T12:01:40+00:00
CVE-2026-69473,updated,2026-09-25,cve_2026_to_now,2026-09-26T12:01:40+00:00
CVE-2026-69474,updated,2026-09-25,cve_2026_to_now,2026-09-26T12:01:40+00:00
CVE-2026-69475,updated,2026-09-25,cve_2026_to_now,2026-09-26T12:01:40+00:00
CVE-2026-69476,updated,2026-09-25,cve_2026_to_now,2026-09-26T12:01:40+00:00
CVE-2026-69477,updated,2026-09-25,cve_2026_to_now,2026-09-26T12:01:40+00:00
CVE-2026-69478,updated,2026-09-25,cve_2026_to_now,2026-09-26T12:01:40+00:00
CVE-2026-69479,updated,2026-09-25,cve_2026_to_now,2026-09-26T12:01:40+00:00
CVE-2026-69480,updated,2026-09-25,cve_2026_to_now,2026-09-26T12:01:40+00:00
CVE-2026-69481,updated,2026-09-25,cve_2026_to_now,2026-09-26T12:01:40+00:00
CVE-2026-69482,updated,2026-09-25,cve_2026_to_now,2026-09-26T12:01:40+00:00
CVE-2026-69483,updated,2026-09-25,cve_2026_to_now,2026-09-26T12:01:40+00:00
CVE-2026-69485,updated,2026-09-25,cve_2026_to_now,2026-09-26T12:01:40+00:00
CVE-2026-69486,updated,2026-09-25,cve_2026_to_now,2026-09-26T12:01:40+00:00
CVE-2026-69488,updated,2026-09-25,cve_2026_to_now,2026-09-26T12:01:40+00:00
CVE-2026-69489,updated,2026-09-25,cve_2026_to_now,2026-09-26T12:01:40+00:00
CVE-2026-69490,updated,2026-09-25,cve_2026_to_now,2026-09-26T12:01:40+00:00
CVE-2026-69491,updated,2026-09-25,cve_2026_to_now,2026-09-26T12:01:40+00:00
CVE-2026-69492,updated,2026-09-25,cve_2026_to_now,2026-09-26T12:01:40+00:00
CVE-2026-69493,updated,2026-09-25,cve_2026_to_now,2026-09-26T12:01:40+00:00
CVE-2026-69494,updated,2026-09-25,cve_2026_to_now,2026-09-26T12:01:40+00:00
CVE-2026-69495,updated,2026-09-25,cve_2026_to_now,2026-09-26T12:01:40+00:00
CVE-2026-69496,updated,2026-09-25,cve_2026_to_now,2026-09-26T12:01:40+00:00
CVE-2026-69497,updated,2026-09-25,cve_2026_to_now,2026-09-26T12:01:40+00:00
CVE-2026-69498,updated,2026-09-25,cve_2026_to_now,2026-09-26T12:01:40+00:00
CVE-2026-69499,updated,2026-09-25,cve_2026_to_now,2026-09-26T12:01:40+00:00
CVE-2026-69500,updated,2026-09-25,cve_2026_to_now,2026-09-26T12:01:40+00:00
CVE-2026-69501,updated,2026-09-25,cve_2026_to_now,2026-09-26T12:01:40+00:00
CVE-2026-69502,updated,2026-09-25,cve_2026_to_now,2026-09-26T12:01:40+00:00
CVE-2026-69503,updated,2026-09-25,cve_2026_to_now,2026-09-26T12:01:40+00:00
CVE-2026-69504,updated,2026-09-25,cve_2026_to_now,2026-09-26T12:01:40+00:00
CVE-2026-69505,updated,2026-09-25,cve_2026_to_now,2026-09-26T12:01:40+00:00
CVE-2026-69507,updated,2026-09-25,cve_2026_to_now,2026-09-26T12:01:40+00:00
CVE-2026-69508,updated,2026-09-25,cve_2026_to_now,2026-09-26T12:01:40+00:00
CVE-2026-69509,updated,2026-09-25,cve_2026_to_now,2026-09-26T12:01:40+00:00
CVE-2026-69510,updated,2026-09-25,cve_2026_to_now,2026-09-26T12:01:40+00:00
CVE-2026-69511,updated,2026-09-25,cve_2026_to_now,2026-09-26T12:01:40+00:00
CVE-2026-69512,updated,2026-09-25,cve_2026_to_now,2026-09-26T12:01:40+00:00
CVE-2026-69513,updated,2026-09-25,cve_2026_to_now,2026-09-26T12:01:40+00:00
CVE-2026-69514,updated,2026-09-25,cve_2026_to_now,2026-09-26T12:01:40+00:00
CVE-2026-69516,updated,2026-09-25,cve_2026_to_now,2026-09-26T12:01:40+00:00
CVE-2026-69517,updated,2026-09-25,cve_2026_to_now,2026-09-26T12:01:40+00:00
CVE-2026-69518,updated,2026-09-25,cve_2026_to_now,2026-09-26T12:01:40+00:00
CVE-2026-69519,updated,2026-09-25,cve_2026_to_now,2026-09-26T12:01:40+00:00
CVE-2026-69522,updated,2026-09-25,cve_2026_to_now,2026-09-26T12:01:40+00:00
CVE-2026-69524,updated,2026-09-25,cve_2026_to_now,2026-09-26T12:01:40+00:00
CVE-2026-69525,updated,2026-09-25,cve_2026_to_now,2026-09-26T12:01:40+00:00
CVE-2026-69527,updated,2026-09-25,cve_2026_to_now,2026-09-26T12:01:40+00:00
CVE-2026-69528,updated,2026-09-25,cve_2026_to_now,2026-09-26T12:01:40+00:00
CVE-2026-69529,updated,2026-09-25,cve_2026_to_now,2026-09-26T12:01:40+00:00
CVE-2026-69530,updated,2026-09-25,cve_2026_to_now,2026-09-26T12:01:40+00:00
CVE-2026-69531,updated,2026-09-25,cve_2026_to_now,2026-09-26T12:01:40+00:00
CVE-2026-69532,updated,2026-09-25,cve_2026_to_now,2026-09-26T12:01:40+00:00
CVE-2026-69534,updated,2026-09-25,cve_2026_to_now,2026-09-26T12:01:40+00:00
CVE-2026-69535,updated,2026-09-25,cve_2026_to_now,2026-09-26T12:01:40+00:00
CVE-2026-69536,updated,2026-09-25,cve_2026_to_now,2026-09-26T12:01:40+00:00
CVE-2026-69538,updated,2026-09-25,cve_2026_to_now,2026-09-26T12:01:40+00:00
CVE-2026-69539,updated,2026-09-25,cve_2026_to_now,2026-09-26T12:01:40+00:00
CVE-2026-69540,updated,2026-09-25,cve_2026_to_now,2026-09-26T12:01:40+00:00
CVE-2026-69541,updated,2026-09-25,cve_2026_to_now,2026-09-26T12:01:40+00:00
CVE-2026-69542,updated,2026-09-25,cve_2026_to_now,2026-09-26T12:01:40+00:00
CVE-2026-69543,updated,2026-09-25,cve_2026_to_now,2026-09-26T12:01:40+00:00
CVE-2026-69544,updated,2026-09-25,cve_2026_to_now,2026-09-26T12:01:40+00:00
CVE-2026-69546,updated,2026-09-25,cve_2026_to_now,2026-09-26T12:01:40+00:00
CVE-2026-69547,updated,2026-09-25,cve_2026_to_now,2026-09-26T12:01:40+00:00
CVE-2026-69548,updated,2026-09-25,cve_2026_to_now,2026-09-26T12:01:40+00:00
CVE-2026-69549,updated,2026-09-25,cve_2026_to_now,2026-09-26T12:01:40+00:00
CVE-2026-69550,updated,2026-09-25,cve_2026_to_now,2026-09-26T12:01:40+00:00
CVE-2026-69551,updated,2026-09-25,cve_2026_to_now,2026-09-26T12:01:40+00:00
CVE-2026-69552,updated,2026-09-25,cve_2026_to_now,2026-09-26T12:01:40+00:00
CVE-2026-69553,updated,2026-09-25,cve_2026_to_now,2026-09-26T12:01:40+00:00
CVE-2026-69554,updated,2026-09-25,cve_2026_to_now,2026-09-26T12:01:40+00:00
CVE-2026-69555,updated,2026-09-25,cve_2026_to_now,2026-09-26T12:01:40+00:00
CVE-2026-69556,updated,2026-09-25,cve_2026_to_now,2026-09-26T12:01:40+00:00
CVE-2026-69558,updated,2026-09-25,cve_2026_to_now,2026-09-26T12:01:40+00:00
CVE-2026-69559,updated,2026-09-25,cve_2026_to_now,2026-09-26T12:01:40+00:00
CVE-2026-69560,updated,2026-09-25,cve_2026_to_now,2026-09-26T12:01:40+00:00
CVE-2026-69561,updated,2026-09-25,cve_2026_to_now,2026-09-26T12:01:40+00:00
CVE-2026-69562,updated,2026-09-25,cve_2026_to_now,2026-09-26T12:01:40+00:00
CVE-2026-69563,updated,2026-09-25,cve_2026_to_now,2026-09-26T12:01:40+00:00
CVE-2026-69564,updated,2026-09-25,cve_2026_to_now,2026-09-26T12:01:40+00:00
CVE-2026-69566,updated,2026-09-25,cve_2026_to_now,2026-09-26T12:01:40+00:00
CVE-2026-69567,updated,2026-09-25,cve_2026_to_now,2026-09-26T12:01:40+00:00
CVE-2026-69568,updated,2026-09-25,cve_2026_to_now,2026-09-26T12:01:40+00:00
CVE-2026-69569,updated,2026-09-25,cve_2026_to_now,2026-09-26T12:01:40+00:00
CVE-2026-69571,updated,2026-09-25,cve_2026_to_now,2026-09-26T12:01:40+00:00
CVE-2026-69572,updated,2026-09-25,cve_2026_to_now,2026-09-26T12:01:40+00:00
CVE-2026-69573,updated,2026-09-25,cve_2026_to_now,2026-09-26T12:01:40+00:00
CVE-2026-69574,updated,2026-09-25,cve_2026_to_now,2026-09-26T12:01:40+00:00
CVE-2026-69575,updated,2026-09-25,cve_2026_to_now,2026-09-26T12:01:40+00:00
CVE-2026-69576,updated,2026-09-25,cve_2026_to_now,2026-09-26T12:01:40+00:00
CVE-2026-69578,updated,2026-09-25,cve_2026_to_now,2026-09-26T12:01:40+00:00
CVE-2026-69579,updated,2026-09-25,cve_2026_to_now,2026-09-26T12:01:40+00:00
CVE-2026-69580,updated,2026-09-25,cve_2026_to_now,2026-09-26T12:01:40+00:00
CVE-2026-69581,updated,2026-09-25,cve_2026_to_now,2026-09-26T12:01:40+00:00
CVE-2026-69582,updated,2026-09-25,cve_2026_to_now,2026-09-26T12:01:40+00:00
CVE-2026-69583,updated,2026-09-25,cve_2026_to_now,2026-09-26T12:01:40+00:00
CVE-2026-69584,updated,2026-09-25,cve_2026_to_now,2026-09-26T12:01:40+00:00
CVE-2026-69585,updated,2026-09-25,cve_2026_to_now,2026-09-26T12:01:40+00:00
CVE-2026-69586,updated,2026-09-25,cve_2026_to_now,2026-09-26T12:01:40+00:00
CVE-2026-69587,updated,2026-09-25,cve_2026_to_now,2026-09-26T12:01:40+00:00
CVE-2026-69588,updated,2026-09-25,cve_2026_to_now,2026-09-26T12:01:40+00:00
CVE-2026-69589,updated,2026-09-25,cve_2026_to_now,2026-09-26T12:01:40+00:00
CVE-2026-69590,updated,2026-09-25,cve_2026_to_now,2026-09-26T12:01:40+00:00
CVE-2026-69591,updated,2026-09-25,cve_2026_to_now,2026-09-26T12:01:40+00:00
CVE-2026-69592,updated,2026-09-25,cve_2026_to_now,2026-09-26T12:01:40+00:00
CVE-2026-69593,updated,2026-09-25,cve_2026_to_now,2026-09-26T12:01:40+00:00
CVE-2026-69594,updated,2026-09-25,cve_2026_to_now,2026-09-26T12:01:40+00:00
CVE-2026-69595,updated,2026-09-25,cve_2026_to_now,2026-09-26T12:01:40+00:00
CVE-2026-69597,updated,2026-09-25,cve_2026_to_now,2026-09-26T12:01:40+00:00
CVE-2026-69598,updated,2026-09-25,cve_2026_to_now,2026-09-26T12:01:40+00:00
CVE-2026-69599,updated,2026-09-25,cve_2026_to_now,2026-09-26T12:01:40+00:00
CVE-2026-69600,updated,2026-09-25,cve_2026_to_now,2026-09-26T12:01:40+00:00
CVE-2026-69601,updated,2026-09-25,cve_2026_to_now,2026-09-26T12:01:40+00:00
CVE-2026-69602,updated,2026-09-25,cve_2026_to_now,2026-09-26T12:01:40+00:00
CVE-2026-69603,updated,2026-09-25,cve_2026_to_now,2026-09-26T12:01:40+00:00
CVE-2026-69604,updated,2026-09-25,cve_2026_to_now,2026-09-26T12:01:40+00:00
CVE-2026-69605,updated,2026-09-25,cve_2026_to_now,2026-09-26T12:01:40+00:00
CVE-2026-69606,updated,2026-09-25,cve_2026_to_now,2026-09-26T12:01:40+00:00
CVE-2026-69607,updated,2026-09-25,cve_2026_to_now,2026-09-26T12:01:40+00:00
CVE-2026-69608,updated,2026-09-25,cve_2026_to_now,2026-09-26T12:01:40+00:00
CVE-2026-69609,updated,2026-09-25,cve_2026_to_now,2026-09-26T12:01:40+00:00
CVE-2026-69610,updated,2026-09-25,cve_2026_to_now,2026-09-26T12:01:40+00:00
CVE-2026-69611,updated,2026-09-25,cve_2026_to_now,2026-09-26T12:01:40+00:00
CVE-2026-69612,updated,2026-09-25,cve_2026_to_now,2026-09-26T12:01:40+00:00
CVE-2026-69613,updated,2026-09-25,cve_2026_to_now,2026-09-26T12:01:40+00:00
CVE-2026-69614,updated,2026-09-25,cve_2026_to_now,2026-09-26T12:01:40+00:00
CVE-2026-69615,updated,2026-09-25,cve_2026_to_now,2026-09-26T12:01:40+00:00
CVE-2026-69616,updated,2026-09-25,cve_2026_to_now,2026-09-26T12:01:40+00:00
CVE-2026-69617,updated,2026-09-25,cve_2026_to_now,2026-09-26T12:01:40+00:00
CVE-2026-69618,updated,2026-09-25,cve_2026_to_now,2026-09-26T12:01:40+00:00
CVE-2026-69619,updated,2026-09-25,cve_2026_to_now,2026-09-26T12:01:40+00:00
CVE-2026-69620,updated,2026-09-25,cve_2026_to_now,2026-09-26T12:01:40+00:00
CVE-2026-69621,updated,2026-09-25,cve_2026_to_now,2026-09-26T12:01:40+00:00
CVE-2026-69623,updated,2026-09-25,cve_2026_to_now,2026-09-26T12:01:40+00:00
CVE-2026-69624,updated,2026-09-25,cve_2026_to_now,2026-09-26T12:01:40+00:00
CVE-2026-69625,updated,2026-09-25,cve_2026_to_now,2026-09-26T12:01:40+00:00
CVE-2026-69626,updated,2026-09-25,cve_2026_to_now,2026-09-26T12:01:40+00:00
CVE-2026-69627,updated,2026-09-25,cve_2026_to_now,2026-09-26T12:01:40+00:00
CVE-2026-69628,updated,2026-09-25,cve_2026_to_now,2026-09-26T12:01:40+00:00
CVE-2026-69629,updated,2026-09-25,cve_2026_to_now,2026-09-26T12:01:40+00:00
CVE-2026-69630,updated,2026-09-25,cve_2026_to_now,2026-09-26T12:01:40+00:00
CVE-2026-69631,updated,2026-09-25,cve_2026_to_now,2026-09-26T12:01:40+00:00
CVE-2026-69632,updated,2026-09-25,cve_2026_to_now,2026-09-26T12:01:40+00:00
CVE-2026-69636,updated,2026-09-25,cve_2026_to_now,2026-09-26T12:01:40+00:00
CVE-2026-69637,updated,2026-09-25,cve_2026_to_now,2026-09-26T12:01:40+00:00
CVE-2026-69638,updated,2026-09-25,cve_2026_to_now,2026-09-26T12:01:40+00:00
CVE-2026-69641,updated,2026-09-25,cve_2026_to_now,2026-09-26T12:01:40+00:00
CVE-2026-69642,updated,2026-09-25,cve_2026_to_now,2026-09-26T12:01:40+00:00
CVE-2026-69643,updated,2026-09-25,cve_2026_to_now,2026-09-26T12:01:40+00:00
CVE-2026-69645,updated,2026-09-25,cve_2026_to_now,2026-09-26T12:01:40+00:00
CVE-2026-69646,updated,2026-09-25,cve_2026_to_now,2026-09-26T12:01:40+00:00
CVE-2026-69648,updated,2026-09-25,cve_2026_to_now,2026-09-26T12:01:40+00:00
CVE-2026-69649,updated,2026-09-25,cve_2026_to_now,2026-09-26T12:01:40+00:00
CVE-2026-69652,updated,2026-09-25,cve_2026_to_now,2026-09-26T12:01:40+00:00
CVE-2026-69654,updated,2026-09-25,cve_2026_to_now,2026-09-26T12:01:40+00:00
CVE-2026-69669,updated,2026-09-25,cve_2026_to_now,2026-09-26T12:01:40+00:00
CVE-2026-69671,updated,2026-09-25,cve_2026_to_now,2026-09-26T12:01:40+00:00
CVE-2026-69672,updated,2026-09-25,cve_2026_to_now,2026-09-26T12:01:40+00:00
CVE-2026-69674,updated,2026-09-25,cve_2026_to_now,2026-09-26T12:01:40+00:00
CVE-2026-69676,updated,2026-09-25,cve_2026_to_now,2026-09-26T12:01:40+00:00
CVE-2026-69678,updated,2026-09-25,cve_2026_to_now,2026-09-26T12:01:40+00:00
CVE-2026-69679,updated,2026-09-25,cve_2026_to_now,2026-09-26T12:01:40+00:00
CVE-2026-69680,updated,2026-09-25,cve_2026_to_now,2026-09-26T12:01:40+00:00
CVE-2026-69681,updated,2026-09-25,cve_2026_to_now,2026-09-26T12:01:40+00:00
CVE-2026-69682,updated,2026-09-25,cve_2026_to_now,2026-09-26T12:01:40+00:00
CVE-2026-69683,updated,2026-09-25,cve_2026_to_now,2026-09-26T12:01:40+00:00
CVE-2026-69684,updated,2026-09-25,cve_2026_to_now,2026-09-26T12:01:40+00:00
CVE-2026-69685,updated,2026-09-25,cve_2026_to_now,2026-09-26T12:01:40+00:00
CVE-2026-69686,updated,2026-09-25,cve_2026_to_now,2026-09-26T12:01:40+00:00
CVE-2026-69687,updated,2026-09-25,cve_2026_to_now,2026-09-26T12:01:40+00:00
CVE-2026-69688,updated,2026-09-25,cve_2026_to_now,2026-09-26T12:01:40+00:00
CVE-2026-69689,updated,2026-09-25,cve_2026_to_now,2026-09-26T12:01:40+00:00
CVE-2026-69690,updated,2026-09-25,cve_2026_to_now,2026-09-26T12:01:40+00:00
CVE-2026-69691,updated,2026-09-25,cve_2026_to_now,2026-09-26T12:01:40+00:00
CVE-2026-69692,updated,2026-09-25,cve_2026_to_now,2026-09-26T12:01:40+00:00
CVE-2026-69693,updated,2026-09-25,cve_2026_to_now,2026-09-26T12:01:40+00:00
CVE-2026-69694,updated,2026-09-25,cve_2026_to_now,2026-09-26T12:01:40+00:00
CVE-2026-69706,updated,2026-09-25,cve_2026_to_now,2026-09-26T12:01:40+00:00
CVE-2026-69707,updated,2026-09-25,cve_2026_to_now,2026-09-26T12:01:40+00:00
CVE-2026-69708,updated,2026-09-25,cve_2026_to_now,2026-09-26T12:01:40+00:00
CVE-2026-69709,updated,2026-09-25,cve_2026_to_now,2026-09-26T12:01:40+00:00
CVE-2026-69710,updated,2026-09-25,cve_2026_to_now,2026-09-26T12:01:40+00:00
CVE-2026-69711,updated,2026-09-25,cve_2026_to_now,2026-09-26T12:01:40+00:00
CVE-2026-69712,updated,2026-09-25,cve_2026_to_now,2026-09-26T12:01:40+00:00
CVE-2026-69713,updated,2026-09-25,cve_2026_to_now,2026-09-26T12:01:40+00:00
CVE-2026-69714,updated,2026-09-25,cve_2026_to_now,2026-09-26T12:01:40+00:00
CVE-2026-69715,updated,2026-09-25,cve_2026_to_now,2026-09-26T12:01:40+00:00
CVE-2026-69716,updated,2026-09-25,cve_2026_to_now,2026-09-26T12:01:40+00:00
CVE-2026-69717,updated,2026-09-25,cve_2026_to_now,2026-09-26T12:01:40+00:00
CVE-2026-69719,updated,2026-09-25,cve_2026_to_now,2026-09-26T12:01:40+00:00
CVE-2026-69720,updated,2026-09-25,cve_2026_to_now,2026-09-26T12:01:40+00:00
CVE-2026-69722,updated,2026-09-25,cve_2026_to_now,2026-09-26T12:01:40+00:00
CVE-2026-69723,updated,2026-09-25,cve_2026_to_now,2026-09-26T12:01:40+00:00
CVE-2026-69724,updated,2026-09-25,cve_2026_to_now,2026-09-26T12:01:40+00:00
CVE-2026-69725,updated,2026-09-25,cve_2026_to_now,2026-09-26T12:01:40+00:00
CVE-2026-69727,updated,2026-09-25,cve_2026_to_now,2026-09-26T12:01:40+00:00
CVE-2026-69729,updated,2026-09-25,cve_2026_to_now,2026-09-26T12:01:40+00:00
CVE-2026-69730,updated,2026-09-25,cve_2026_to_now,2026-09-26T12:01:40+00:00
CVE-2026-69731,updated,2026-09-25,cve_2026_to_now,2026-09-26T12:01:40+00:00
CVE-2026-69732,updated,2026-09-25,cve_2026_to_now,2026-09-26T12:01:40+00:00
CVE-2026-69734,updated,2026-09-25,cve_2026_to_now,2026-09-26T12:01:40+00:00
CVE-2026-69735,updated,2026-09-25,cve_2026_to_now,2026-09-26T12:01:40+00:00
CVE-2026-69738,updated,2026-09-25,cve_2026_to_now,2026-09-26T12:01:40+00:00
CVE-2026-69739,updated,2026-09-25,cve_2026_to_now,2026-09-26T12:01:40+00:00
CVE-2026-69740,updated,2026-09-25,cve_2026_to_now,2026-09-26T12:01:40+00:00
CVE-2026-69741,updated,2026-09-25,cve_2026_to_now,2026-09-26T12:01:40+00:00
CVE-2026-69742,updated,2026-09-25,cve_2026_to_now,2026-09-26T12:01:40+00:00
CVE-2026-69744,updated,2026-09-25,cve_2026_to_now,2026-09-26T12:01:40+00:00
CVE-2026-69757,updated,2026-09-25,cve_2026_to_now,2026-09-26T12:01:40+00:00
CVE-2026-69758,updated,2026-09-25,cve_2026_to_now,2026-09-26T12:01:40+00:00
CVE-2026-69759,updated,2026-09-25,cve_2026_to_now,2026-09-26T12:01:40+00:00
CVE-2026-69760,updated,2026-09-25,cve_2026_to_now,2026-09-26T12:01:40+00:00
CVE-2026-69761,updated,2026-09-25,cve_2026_to_now,2026-09-26T12:01:40+00:00
CVE-2026-69762,updated,2026-09-25,cve_2026_to_now,2026-09-26T12:01:40+00:00
CVE-2026-69764,updated,2026-09-25,cve_2026_to_now,2026-09-26T12:01:40+00:00
CVE-2026-69767,updated,2026-09-25,cve_2026_to_now,2026-09-26T12:01:40+00:00
CVE-2026-69768,updated,2026-09-25,cve_2026_to_now,2026-09-26T12:01:40+00:00
CVE-2026-69769,updated,2026-09-25,cve_2026_to_now,2026-09-26T12:01:40+00:00
CVE-2026-69770,updated,2026-09-25,cve_2026_to_now,2026-09-26T12:01:40+00:00
CVE-2026-69771,updated,2026-09-25,cve_2026_to_now,2026-09-26T12:01:40+00:00
CVE-2026-69772,updated,2026-09-25,cve_2026_to_now,2026-09-26T12:01:40+00:00
CVE-2026-69773,updated,2026-09-25,cve_2026_to_now,2026-09-26T12:01:40+00:00
CVE-2026-69775,updated,2026-09-25,cve_2026_to_now,2026-09-26T12:01:40+00:00
CVE-2026-69777,updated,2026-09-25,cve_2026_to_now,2026-09-26T12:01:40+00:00
CVE-2026-69778,updated,2026-09-25,cve_2026_to_now,2026-09-26T12:01:40+00:00
CVE-2026-69779,updated,2026-09-25,cve_2026_to_now,2026-09-26T12:01:40+00:00
CVE-2026-69781,updated,2026-09-25,cve_2026_to_now,2026-09-26T12:01:40+00:00
CVE-2026-69782,updated,2026-09-25,cve_2026_to_now,2026-09-26T12:01:40+00:00
CVE-2026-69784,updated,2026-09-25,cve_2026_to_now,2026-09-26T12:01:40+00:00
CVE-2026-69785,updated,2026-09-25,cve_2026_to_now,2026-09-26T12:01:40+00:00
CVE-2026-69786,updated,2026-09-25,cve_2026_to_now,2026-09-26T12:01:40+00:00
CVE-2026-69787,updated,2026-09-25,cve_2026_to_now,2026-09-26T12:01:40+00:00
CVE-2026-69790,updated,2026-09-25,cve_2026_to_now,2026-09-26T12:01:40+00:00
CVE-2026-69791,updated,2026-09-25,cve_2026_to_now,2026-09-26T12:01:40+00:00
CVE-2026-69792,updated,2026-09-25,cve_2026_to_now,2026-09-26T12:01:40+00:00
CVE-2026-69793,updated,2026-09-25,cve_2026_to_now,2026-09-26T12:01:40+00:00
CVE-2026-69794,updated,2026-09-25,cve_2026_to_now,2026-09-26T12:01:40+00:00
CVE-2026-69797,updated,2026-09-25,cve_2026_to_now,2026-09-26T12:01:40+00:00
CVE-2026-69799,updated,2026-09-25,cve_2026_to_now,2026-09-26T12:01:40+00:00
CVE-2026-69801,updated,2026-09-25,cve_2026_to_now,2026-09-26T12:01:40+00:00
CVE-2026-69803,updated,2026-09-25,cve_2026_to_now,2026-09-26T12:01:40+00:00
CVE-2026-69804,updated,2026-09-25,cve_2026_to_now,2026-09-26T12:01:40+00:00
CVE-2026-69805,updated,2026-09-25,cve_2026_to_now,2026-09-26T12:01:40+00:00
CVE-2026-69806,updated,2026-09-25,cve_2026_to_now,2026-09-26T12:01:40+00:00
CVE-2026-69807,updated,2026-09-25,cve_2026_to_now,2026-09-26T12:01:40+00:00
CVE-2026-69808,updated,2026-09-25,cve_2026_to_now,2026-09-26T12:01:40+00:00
CVE-2026-69809,updated,2026-09-25,cve_2026_to_now,2026-09-26T12:01:40+00:00
CVE-2026-69813,updated,2026-09-25,cve_2026_to_now,2026-09-26T12:01:40+00:00
CVE-2026-69814,updated,2026-09-25,cve_2026_to_now,2026-09-26T12:01:40+00:00
CVE-2026-69816,updated,2026-09-25,cve_2026_to_now,2026-09-26T12:01:40+00:00
CVE-2026-69817,updated,2026-09-25,cve_2026_to_now,2026-09-26T12:01:40+00:00
CVE-2026-69818,updated,2026-09-25,cve_2026_to_now,2026-09-26T12:01:40+00:00
CVE-2026-69819,updated,2026-09-25,cve_2026_to_now,2026-09-26T12:01:40+00:00
CVE-2026-69820,updated,2026-09-25,cve_2026_to_now,2026-09-26T12:01:40+00:00
CVE-2026-69821,updated,2026-09-25,cve_2026_to_now,2026-09-26T12:01:40+00:00
CVE-2026-69822,updated,2026-09-25,cve_2026_to_now,2026-09-26T12:01:40+00:00
CVE-2026-69824,updated,2026-09-25,cve_2026_to_now,2026-09-26T12:01:40+00:00
CVE-2026-69826,updated,2026-09-25,cve_2026_to_now,2026-09-26T12:01:40+00:00
CVE-2026-69827,updated,2026-09-25,cve_2026_to_now,2026-09-26T12:01:40+00:00
CVE-2026-69829,updated,2026-09-25,cve_2026_to_now,2026-09-26T12:01:40+00:00
CVE-2026-69832,updated,2026-09-25,cve_2026_to_now,2026-09-26T12:01:40+00:00
CVE-2026-69834,updated,2026-09-25,cve_2026_to_now,2026-09-26T12:01:40+00:00
CVE-2026-69836,updated,2026-09-25,cve_2026_to_now,2026-09-26T12:01:40+00:00
CVE-2026-69838,updated,2026-09-25,cve_2026_to_now,2026-09-26T12:01:40+00:00
CVE-2026-69839,updated,2026-09-25,cve_2026_to_now,2026-09-26T12:01:40+00:00
CVE-2026-69841,updated,2026-09-25,cve_2026_to_now,2026-09-26T12:01:40+00:00
CVE-2026-69843,updated,2026-09-25,cve_2026_to_now,2026-09-26T12:01:40+00:00
CVE-2026-69844,updated,2026-09-25,cve_2026_to_now,2026-09-26T12:01:40+00:00
CVE-2026-69845,updated,2026-09-25,cve_2026_to_now,2026-09-26T12:01:40+00:00
CVE-2026-69846,updated,2026-09-25,cve_2026_to_now,2026-09-26T12:01:40+00:00
CVE-2026-69847,updated,2026-09-25,cve_2026_to_now,2026-09-26T12:01:40+00:00
CVE-2026-69851,updated,2026-09-25,cve_2026_to_now,2026-09-26T12:01:40+00:00
CVE-2026-69852,updated,2026-09-25,cve_2026_to_now,2026-09-26T12:01:40+00:00
CVE-2026-69853,updated,2026-09-25,cve_2026_to_now,2026-09-26T12:01:40+00:00
CVE-2026-69854,updated,2026-09-25,cve_2026_to_now,2026-09-26T12:01:40+00:00
CVE-2026-69855,updated,2026-09-25,cve_2026_to_now,2026-09-26T12:01:40+00:00
CVE-2026-69857,updated,2026-09-25,cve_2026_to_now,2026-09-26T12:01:40+00:00
CVE-2026-69858,updated,2026-09-25,cve_2026_to_now,2026-09-26T12:01:40+00:00
CVE-2026-69859,updated,2026-09-25,cve_2026_to_now,2026-09-26T12:01:40+00:00
CVE-2026-69860,updated,2026-09-25,cve_2026_to_now,2026-09-26T12:01:40+00:00
CVE-2026-69862,updated,2026-09-25,cve_2026_to_now,2026-09-26T12:01:40+00:00
CVE-2026-69864,updated,2026-09-25,cve_2026_to_now,2026-09-26T12:01:40+00:00
CVE-2026-69865,updated,2026-09-26,cve_2026_to_now,2026-09-26T12:01:40+00:00
CVE-2026-69866,updated,2026-09-25,cve_2026_to_now,2026-09-26T12:01:40+00:00
CVE-2026-69874,updated,2026-09-25,cve_2026_to_now,2026-09-26T12:01:40+00:00
CVE-2026-69875,updated,2026-09-25,cve_2026_to_now,2026-09-26T12:01:40+00:00
CVE-2026-69876,updated,2026-09-25,cve_2026_to_now,2026-09-26T12:01:40+00:00
CVE-2026-69878,updated,2026-09-25,cve_2026_to_now,2026-09-26T12:01:40+00:00
CVE-2026-69881,updated,2026-09-25,cve_2026_to_now,2026-09-26T12:01:40+00:00
CVE-2026-69889,updated,2026-09-25,cve_2026_to_now,2026-09-26T12:01:40+00:00
CVE-2026-69890,updated,2026-09-25,cve_2026_to_now,2026-09-26T12:01:40+00:00
CVE-2026-69891,updated,2026-09-25,cve_2026_to_now,2026-09-26T12:01:40+00:00
CVE-2026-69895,updated,2026-09-25,cve_2026_to_now,2026-09-26T12:01:40+00:00
CVE-2026-69896,updated,2026-09-25,cve_2026_to_now,2026-09-26T12:01:40+00:00
CVE-2026-69900,updated,2026-09-25,cve_2026_to_now,2026-09-26T12:01:40+00:00
CVE-2026-69904,updated,2026-09-25,cve_2026_to_now,2026-09-26T12:01:40+00:00
CVE-2026-69906,updated,2026-09-25,cve_2026_to_now,2026-09-26T12:01:40+00:00
CVE-2026-69907,updated,2026-09-25,cve_2026_to_now,2026-09-26T12:01:40+00:00
CVE-2026-69910,updated,2026-09-25,cve_2026_to_now,2026-09-26T12:01:40+00:00
CVE-2026-69911,updated,2026-09-25,cve_2026_to_now,2026-09-26T12:01:40+00:00
CVE-2026-69921,updated,2026-09-25,cve_2026_to_now,2026-09-26T12:01:40+00:00
CVE-2026-69929,updated,2026-09-25,cve_2026_to_now,2026-09-26T12:01:40+00:00
CVE-2026-69930,updated,2026-09-25,cve_2026_to_now,2026-09-26T12:01:40+00:00
CVE-2026-69989,updated,2026-09-25,cve_2026_to_now,2026-09-26T12:01:40+00:00
CVE-2026-70009,updated,2026-09-25,cve_2026_to_now,2026-09-26T12:01:40+00:00
CVE-2026-70019,updated,2026-09-25,cve_2026_to_now,2026-09-26T12:01:40+00:00
CVE-2026-70065,updated,2026-09-25,cve_2026_to_now,2026-09-26T12:01:40+00:00
CVE-2026-70091,updated,2026-09-25,cve_2026_to_now,2026-09-26T12:01:40+00:00
CVE-2026-70105,updated,2026-09-25,cve_2026_to_now,2026-09-26T12:01:40+00:00
CVE-2026-70124,updated,2026-09-25,cve_2026_to_now,2026-09-26T12:01:40+00:00
CVE-2026-70125,updated,2026-09-25,cve_2026_to_now,2026-09-26T12:01:40+00:00
CVE-2026-70130,updated,2026-09-25,cve_2026_to_now,2026-09-26T12:01:40+00:00
CVE-2026-70145,updated,2026-09-25,cve_2026_to_now,2026-09-26T12:01:40+00:00
CVE-2026-70178,updated,2026-09-25,cve_2026_to_now,2026-09-26T12:01:40+00:00
CVE-2026-70200,updated,2026-09-25,cve_2026_to_now,2026-09-26T12:01:40+00:00
CVE-2026-70203,updated,2026-09-25,cve_2026_to_now,2026-09-26T12:01:40+00:00
CVE-2026-70283,updated,2026-09-25,cve_2026_to_now,2026-09-26T12:01:40+00:00
CVE-2026-70289,updated,2026-09-25,cve_2026_to_now,2026-09-26T12:01:40+00:00
CVE-2026-70290,updated,2026-09-25,cve_2026_to_now,2026-09-26T12:01:40+00:00
CVE-2026-70296,updated,2026-09-25,cve_2026_to_now,2026-09-26T12:01:40+00:00
CVE-2026-70304,updated,2026-09-25,cve_2026_to_now,2026-09-26T12:01:40+00:00
CVE-2026-70306,updated,2026-09-25,cve_2026_to_now,2026-09-26T12:01:40+00:00
CVE-2026-70307,updated,2026-09-25,cve_2026_to_now,2026-09-26T12:01:40+00:00
CVE-2026-70309,updated,2026-09-25,cve_2026_to_now,2026-09-26T12:01:40+00:00
CVE-2026-70310,updated,2026-09-25,cve_2026_to_now,2026-09-26T12:01:40+00:00
CVE-2026-70311,updated,2026-09-25,cve_2026_to_now,2026-09-26T12:01:40+00:00
CVE-2026-70312,updated,2026-09-25,cve_2026_to_now,2026-09-26T12:01:40+00:00
CVE-2026-70313,updated,2026-09-25,cve_2026_to_now,2026-09-26T12:01:40+00:00
CVE-2026-70314,updated,2026-09-25,cve_2026_to_now,2026-09-26T12:01:40+00:00
CVE-2026-70315,updated,2026-09-25,cve_2026_to_now,2026-09-26T12:01:40+00:00
CVE-2026-70316,updated,2026-09-25,cve_2026_to_now,2026-09-26T12:01:40+00:00
CVE-2026-70317,updated,2026-09-25,cve_2026_to_now,2026-09-26T12:01:40+00:00
CVE-2026-70318,updated,2026-09-25,cve_2026_to_now,2026-09-26T12:01:40+00:00
CVE-2026-70319,updated,2026-09-25,cve_2026_to_now,2026-09-26T12:01:40+00:00
CVE-2026-70320,updated,2026-09-25,cve_2026_to_now,2026-09-26T12:01:40+00:00
CVE-2026-70321,updated,2026-09-25,cve_2026_to_now,2026-09-26T12:01:40+00:00
CVE-2026-70322,updated,2026-09-25,cve_2026_to_now,2026-09-26T12:01:40+00:00
CVE-2026-70323,updated,2026-09-25,cve_2026_to_now,2026-09-26T12:01:40+00:00
CVE-2026-70324,updated,2026-09-25,cve_2026_to_now,2026-09-26T12:01:40+00:00
CVE-2026-70325,updated,2026-09-25,cve_2026_to_now,2026-09-26T12:01:40+00:00
CVE-2026-70326,updated,2026-09-25,cve_2026_to_now,2026-09-26T12:01:40+00:00
CVE-2026-70327,updated,2026-09-25,cve_2026_to_now,2026-09-26T12:01:40+00:00
CVE-2026-70328,updated,2026-09-25,cve_2026_to_now,2026-09-26T12:01:40+00:00
CVE-2026-70329,updated,2026-09-25,cve_2026_to_now,2026-09-26T12:01:40+00:00
CVE-2026-70330,updated,2026-09-25,cve_2026_to_now,2026-09-26T12:01:40+00:00
CVE-2026-70331,updated,2026-09-25,cve_2026_to_now,2026-09-26T12:01:40+00:00
CVE-2026-70332,updated,2026-09-25,cve_2026_to_now,2026-09-26T12:01:40+00:00
CVE-2026-70334,updated,2026-09-25,cve_2026_to_now,2026-09-26T12:01:40+00:00
CVE-2026-70335,updated,2026-09-25,cve_2026_to_now,2026-09-26T12:01:40+00:00
CVE-2026-70336,updated,2026-09-25,cve_2026_to_now,2026-09-26T12:01:40+00:00
CVE-2026-70337,updated,2026-09-25,cve_2026_to_now,2026-09-26T12:01:40+00:00
CVE-2026-70338,updated,2026-09-25,cve_2026_to_now,2026-09-26T12:01:40+00:00
CVE-2026-70339,updated,2026-09-25,cve_2026_to_now,2026-09-26T12:01:40+00:00
CVE-2026-70340,updated,2026-09-25,cve_2026_to_now,2026-09-26T12:01:40+00:00
CVE-2026-70341,updated,2026-09-25,cve_2026_to_now,2026-09-26T12:01:40+00:00
CVE-2026-70342,updated,2026-09-25,cve_2026_to_now,2026-09-26T12:01:40+00:00
CVE-2026-70344,updated,2026-09-25,cve_2026_to_now,2026-09-26T12:01:40+00:00
CVE-2026-70345,updated,2026-09-25,cve_2026_to_now,2026-09-26T12:01:40+00:00
CVE-2026-70346,updated,2026-09-25,cve_2026_to_now,2026-09-26T12:01:40+00:00
CVE-2026-70347,updated,2026-09-25,cve_2026_to_now,2026-09-26T12:01:40+00:00
CVE-2026-70348,updated,2026-09-25,cve_2026_to_now,2026-09-26T12:01:40+00:00
CVE-2026-70351,updated,2026-09-25,cve_2026_to_now,2026-09-26T12:01:40+00:00
CVE-2026-70352,updated,2026-09-25,cve_2026_to_now,2026-09-26T12:01:40+00:00
CVE-2026-70354,updated,2026-09-25,cve_2026_to_now,2026-09-26T12:01:40+00:00
CVE-2026-70355,updated,2026-09-25,cve_2026_to_now,2026-09-26T12:01:40+00:00
CVE-2026-70562,updated,2026-09-25,cve_2026_to_now,2026-09-26T12:01:40+00:00
CVE-2026-70563,updated,2026-09-25,cve_2026_to_now,2026-09-26T12:01:40+00:00
CVE-2026-70564,updated,2026-09-25,cve_2026_to_now,2026-09-26T12:01:40+00:00
CVE-2026-70565,updated,2026-09-25,cve_2026_to_now,2026-09-26T12:01:40+00:00
CVE-2026-70567,updated,2026-09-25,cve_2026_to_now,2026-09-26T12:01:40+00:00
CVE-2026-70568,updated,2026-09-25,cve_2026_to_now,2026-09-26T12:01:40+00:00
CVE-2026-70569,updated,2026-09-25,cve_2026_to_now,2026-09-26T12:01:40+00:00
CVE-2026-70570,updated,2026-09-25,cve_2026_to_now,2026-09-26T12:01:40+00:00
CVE-2026-70572,updated,2026-09-25,cve_2026_to_now,2026-09-26T12:01:40+00:00
CVE-2026-70573,updated,2026-09-25,cve_2026_to_now,2026-09-26T12:01:40+00:00
CVE-2026-70574,updated,2026-09-25,cve_2026_to_now,2026-09-26T12:01:40+00:00
CVE-2026-70575,updated,2026-09-25,cve_2026_to_now,2026-09-26T12:01:40+00:00
CVE-2026-70577,updated,2026-09-25,cve_2026_to_now,2026-09-26T12:01:40+00:00
CVE-2026-70578,updated,2026-09-25,cve_2026_to_now,2026-09-26T12:01:40+00:00
CVE-2026-70579,updated,2026-09-25,cve_2026_to_now,2026-09-26T12:01:40+00:00
CVE-2026-70581,updated,2026-09-25,cve_2026_to_now,2026-09-26T12:01:40+00:00
CVE-2026-70582,updated,2026-09-25,cve_2026_to_now,2026-09-26T12:01:40+00:00
CVE-2026-70583,updated,2026-09-25,cve_2026_to_now,2026-09-26T12:01:40+00:00
CVE-2026-70584,updated,2026-09-25,cve_2026_to_now,2026-09-26T12:01:40+00:00
CVE-2026-70585,updated,2026-09-25,cve_2026_to_now,2026-09-26T12:01:40+00:00
CVE-2026-70586,updated,2026-09-25,cve_2026_to_now,2026-09-26T12:01:40+00:00
CVE-2026-70587,updated,2026-09-25,cve_2026_to_now,2026-09-26T12:01:40+00:00
CVE-2026-71328,updated,2026-09-25,cve_2026_to_now,2026-09-26T12:01:40+00:00
CVE-2026-71329,updated,2026-09-25,cve_2026_to_now,2026-09-26T12:01:40+00:00
CVE-2026-71330,updated,2026-09-25,cve_2026_to_now,2026-09-26T12:01:40+00:00
CVE-2026-71331,updated,2026-09-25,cve_2026_to_now,2026-09-26T12:01:40+00:00
CVE-2026-71332,updated,2026-09-25,cve_2026_to_now,2026-09-26T12:01:40+00:00
CVE-2026-71333,updated,2026-09-25,cve_2026_to_now,2026-09-26T12:01:40+00:00
CVE-2026-71334,updated,2026-09-25,cve_2026_to_now,2026-09-26T12:01:40+00:00
CVE-2026-71336,updated,2026-09-25,cve_2026_to_now,2026-09-26T12:01:40+00:00
CVE-2026-71337,updated,2026-09-25,cve_2026_to_now,2026-09-26T12:01:40+00:00
CVE-2026-71338,updated,2026-09-25,cve_2026_to_now,2026-09-26T12:01:40+00:00
CVE-2026-71339,updated,2026-09-25,cve_2026_to_now,2026-09-26T12:01:40+00:00
CVE-2026-71340,updated,2026-09-25,cve_2026_to_now,2026-09-26T12:01:40+00:00
CVE-2026-71341,updated,2026-09-25,cve_2026_to_now,2026-09-26T12:01:40+00:00
CVE-2026-71342,updated,2026-09-25,cve_2026_to_now,2026-09-26T12:01:40+00:00
CVE-2026-71343,updated,2026-09-25,cve_2026_to_now,2026-09-26T12:01:40+00:00
CVE-2026-71345,updated,2026-09-25,cve_2026_to_now,2026-09-26T12:01:40+00:00
CVE-2026-71348,updated,2026-09-25,cve_2026_to_now,2026-09-26T12:01:40+00:00
CVE-2026-71349,updated,2026-09-25,cve_2026_to_now,2026-09-26T12:01:40+00:00
CVE-2026-71350,updated,2026-09-25,cve_2026_to_now,2026-09-26T12:01:40+00:00
CVE-2026-71351,updated,2026-09-25,cve_2026_to_now,2026-09-26T12:01:40+00:00
CVE-2026-71352,updated,2026-09-25,cve_2026_to_now,2026-09-26T12:01:40+00:00
CVE-2026-71353,updated,2026-09-25,cve_2026_to_now,2026-09-26T12:01:40+00:00
CVE-2026-71459,updated,2026-09-25,cve_2026_to_now,2026-09-26T12:01:40+00:00
CVE-2026-71463,updated,2026-09-25,cve_2026_to_now,2026-09-26T12:01:40+00:00
CVE-2026-71483,added,,cve_2026_to_now,2026-09-26T12:01:40+00:00
CVE-2026-71543,updated,2026-09-25,cve_2026_to_now,2026-09-26T12:01:40+00:00
CVE-2026-71855,updated,2026-09-25,cve_2026_to_now,2026-09-26T12:01:40+00:00
CVE-2026-72315,updated,2026-09-25,cve_2026_to_now,2026-09-26T12:01:40+00:00
CVE-2026-72463,updated,2026-09-25,cve_2026_to_now,2026-09-26T12:01:40+00:00
CVE-2026-72926,updated,2026-09-25,cve_2026_to_now,2026-09-26T12:01:40+00:00
CVE-2026-72927,updated,2026-09-25,cve_2026_to_now,2026-09-26T12:01:40+00:00
CVE-2026-72928,updated,2026-09-25,cve_2026_to_now,2026-09-26T12:01:40+00:00
CVE-2026-72929,updated,2026-09-25,cve_2026_to_now,2026-09-26T12:01:40+00:00
CVE-2026-72930,updated,2026-09-25,cve_2026_to_now,2026-09-26T12:01:40+00:00
CVE-2026-72931,updated,2026-09-25,cve_2026_to_now,2026-09-26T12:01:40+00:00
CVE-2026-72932,updated,2026-09-25,cve_2026_to_now,2026-09-26T12:01:40+00:00
CVE-2026-72933,updated,2026-09-25,cve_2026_to_now,2026-09-26T12:01:40+00:00
CVE-2026-72935,updated,2026-09-25,cve_2026_to_now,2026-09-26T12:01:40+00:00
CVE-2026-72936,updated,2026-09-25,cve_2026_to_now,2026-09-26T12:01:40+00:00
CVE-2026-72937,updated,2026-09-25,cve_2026_to_now,2026-09-26T12:01:40+00:00
CVE-2026-72938,updated,2026-09-25,cve_2026_to_now,2026-09-26T12:01:40+00:00
CVE-2026-72939,updated,2026-09-25,cve_2026_to_now,2026-09-26T12:01:40+00:00
CVE-2026-72940,updated,2026-09-25,cve_2026_to_now,2026-09-26T12:01:40+00:00
CVE-2026-72941,updated,2026-09-25,cve_2026_to_now,2026-09-26T12:01:40+00:00
CVE-2026-72942,updated,2026-09-25,cve_2026_to_now,2026-09-26T12:01:40+00:00
CVE-2026-72943,updated,2026-09-25,cve_2026_to_now,2026-09-26T12:01:40+00:00
CVE-2026-72944,updated,2026-09-25,cve_2026_to_now,2026-09-26T12:01:40+00:00
CVE-2026-72945,updated,2026-09-25,cve_2026_to_now,2026-09-26T12:01:40+00:00
CVE-2026-72946,updated,2026-09-25,cve_2026_to_now,2026-09-26T12:01:40+00:00
CVE-2026-72947,updated,2026-09-25,cve_2026_to_now,2026-09-26T12:01:40+00:00
CVE-2026-72948,updated,2026-09-25,cve_2026_to_now,2026-09-26T12:01:40+00:00
CVE-2026-72949,updated,2026-09-25,cve_2026_to_now,2026-09-26T12:01:40+00:00
CVE-2026-72950,updated,2026-09-25,cve_2026_to_now,2026-09-26T12:01:40+00:00
CVE-2026-72952,updated,2026-09-25,cve_2026_to_now,2026-09-26T12:01:40+00:00
CVE-2026-72953,updated,2026-09-25,cve_2026_to_now,2026-09-26T12:01:40+00:00
CVE-2026-72954,updated,2026-09-25,cve_2026_to_now,2026-09-26T12:01:40+00:00
CVE-2026-72956,updated,2026-09-25,cve_2026_to_now,2026-09-26T12:01:40+00:00
CVE-2026-72957,updated,2026-09-25,cve_2026_to_now,2026-09-26T12:01:40+00:00
CVE-2026-72958,updated,2026-09-25,cve_2026_to_now,2026-09-26T12:01:40+00:00
CVE-2026-72959,updated,2026-09-25,cve_2026_to_now,2026-09-26T12:01:40+00:00
CVE-2026-72960,updated,2026-09-25,cve_2026_to_now,2026-09-26T12:01:40+00:00
CVE-2026-72961,updated,2026-09-25,cve_2026_to_now,2026-09-26T12:01:40+00:00
CVE-2026-72962,updated,2026-09-25,cve_2026_to_now,2026-09-26T12:01:40+00:00
CVE-2026-72963,updated,2026-09-25,cve_2026_to_now,2026-09-26T12:01:40+00:00
CVE-2026-72964,updated,2026-09-25,cve_2026_to_now,2026-09-26T12:01:40+00:00
CVE-2026-72965,updated,2026-09-25,cve_2026_to_now,2026-09-26T12:01:40+00:00
CVE-2026-72966,updated,2026-09-25,cve_2026_to_now,2026-09-26T12:01:40+00:00
CVE-2026-72967,updated,2026-09-25,cve_2026_to_now,2026-09-26T12:01:40+00:00
CVE-2026-72970,updated,2026-09-25,cve_2026_to_now,2026-09-26T12:01:40+00:00
CVE-2026-72971,updated,2026-09-25,cve_2026_to_now,2026-09-26T12:01:40+00:00
CVE-2026-72972,updated,2026-09-25,cve_2026_to_now,2026-09-26T12:01:40+00:00
CVE-2026-72973,updated,2026-09-25,cve_2026_to_now,2026-09-26T12:01:40+00:00
CVE-2026-72974,updated,2026-09-25,cve_2026_to_now,2026-09-26T12:01:40+00:00
CVE-2026-72975,updated,2026-09-25,cve_2026_to_now,2026-09-26T12:01:40+00:00
CVE-2026-72976,updated,2026-09-25,cve_2026_to_now,2026-09-26T12:01:40+00:00
CVE-2026-72977,updated,2026-09-25,cve_2026_to_now,2026-09-26T12:01:40+00:00
CVE-2026-72978,updated,2026-09-25,cve_2026_to_now,2026-09-26T12:01:40+00:00
CVE-2026-72979,updated,2026-09-25,cve_2026_to_now,2026-09-26T12:01:40+00:00
CVE-2026-72980,updated,2026-09-25,cve_2026_to_now,2026-09-26T12:01:40+00:00
CVE-2026-72981,updated,2026-09-25,cve_2026_to_now,2026-09-26T12:01:40+00:00
CVE-2026-72982,updated,2026-09-25,cve_2026_to_now,2026-09-26T12:01:40+00:00
CVE-2026-72983,updated,2026-09-25,cve_2026_to_now,2026-09-26T12:01:40+00:00
CVE-2026-72984,updated,2026-09-25,cve_2026_to_now,2026-09-26T12:01:40+00:00
CVE-2026-72985,updated,2026-09-25,cve_2026_to_now,2026-09-26T12:01:40+00:00
CVE-2026-72986,updated,2026-09-25,cve_2026_to_now,2026-09-26T12:01:40+00:00
CVE-2026-72987,updated,2026-09-25,cve_2026_to_now,2026-09-26T12:01:40+00:00
CVE-2026-72988,updated,2026-09-25,cve_2026_to_now,2026-09-26T12:01:40+00:00
CVE-2026-72989,updated,2026-09-25,cve_2026_to_now,2026-09-26T12:01:40+00:00
CVE-2026-72990,updated,2026-09-25,cve_2026_to_now,2026-09-26T12:01:40+00:00
CVE-2026-72991,updated,2026-09-25,cve_2026_to_now,2026-09-26T12:01:40+00:00
CVE-2026-72992,updated,2026-09-25,cve_2026_to_now,2026-09-26T12:01:40+00:00
CVE-2026-72993,updated,2026-09-25,cve_2026_to_now,2026-09-26T12:01:40+00:00
CVE-2026-72994,updated,2026-09-25,cve_2026_to_now,2026-09-26T12:01:40+00:00
CVE-2026-72995,updated,2026-09-25,cve_2026_to_now,2026-09-26T12:01:40+00:00
CVE-2026-72996,updated,2026-09-25,cve_2026_to_now,2026-09-26T12:01:40+00:00
CVE-2026-72997,updated,2026-09-25,cve_2026_to_now,2026-09-26T12:01:40+00:00
CVE-2026-72999,updated,2026-09-25,cve_2026_to_now,2026-09-26T12:01:40+00:00
CVE-2026-73000,updated,2026-09-25,cve_2026_to_now,2026-09-26T12:01:40+00:00
CVE-2026-73001,updated,2026-09-25,cve_2026_to_now,2026-09-26T12:01:40+00:00
CVE-2026-73002,updated,2026-09-25,cve_2026_to_now,2026-09-26T12:01:40+00:00
CVE-2026-73003,updated,2026-09-25,cve_2026_to_now,2026-09-26T12:01:40+00:00
CVE-2026-73004,updated,2026-09-25,cve_2026_to_now,2026-09-26T12:01:40+00:00
CVE-2026-73005,updated,2026-09-25,cve_2026_to_now,2026-09-26T12:01:40+00:00
CVE-2026-73006,updated,2026-09-25,cve_2026_to_now,2026-09-26T12:01:40+00:00
CVE-2026-73007,updated,2026-09-25,cve_2026_to_now,2026-09-26T12:01:40+00:00
CVE-2026-73008,updated,2026-09-25,cve_2026_to_now,2026-09-26T12:01:40+00:00
CVE-2026-73009,updated,2026-09-25,cve_2026_to_now,2026-09-26T12:01:40+00:00
CVE-2026-73010,updated,2026-09-25,cve_2026_to_now,2026-09-26T12:01:40+00:00
CVE-2026-73011,updated,2026-09-25,cve_2026_to_now,2026-09-26T12:01:40+00:00
CVE-2026-73012,updated,2026-09-25,cve_2026_to_now,2026-09-26T12:01:40+00:00
CVE-2026-73013,updated,2026-09-25,cve_2026_to_now,2026-09-26T12:01:40+00:00
CVE-2026-73014,updated,2026-09-25,cve_2026_to_now,2026-09-26T12:01:40+00:00
CVE-2026-73015,updated,2026-09-25,cve_2026_to_now,2026-09-26T12:01:40+00:00
CVE-2026-73016,updated,2026-09-25,cve_2026_to_now,2026-09-26T12:01:40+00:00
CVE-2026-73017,updated,2026-09-25,cve_2026_to_now,2026-09-26T12:01:40+00:00
CVE-2026-73018,updated,2026-09-25,cve_2026_to_now,2026-09-26T12:01:40+00:00
CVE-2026-73019,updated,2026-09-25,cve_2026_to_now,2026-09-26T12:01:40+00:00
CVE-2026-73020,updated,2026-09-25,cve_2026_to_now,2026-09-26T12:01:40+00:00
CVE-2026-73021,updated,2026-09-25,cve_2026_to_now,2026-09-26T12:01:40+00:00
CVE-2026-73022,updated,2026-09-25,cve_2026_to_now,2026-09-26T12:01:40+00:00
CVE-2026-73023,updated,2026-09-25,cve_2026_to_now,2026-09-26T12:01:40+00:00
CVE-2026-73024,updated,2026-09-25,cve_2026_to_now,2026-09-26T12:01:40+00:00
CVE-2026-73025,updated,2026-09-25,cve_2026_to_now,2026-09-26T12:01:40+00:00
CVE-2026-73026,updated,2026-09-25,cve_2026_to_now,2026-09-26T12:01:40+00:00
CVE-2026-73028,updated,2026-09-25,cve_2026_to_now,2026-09-26T12:01:40+00:00
CVE-2026-73029,updated,2026-09-25,cve_2026_to_now,2026-09-26T12:01:40+00:00
CVE-2026-74304,updated,2026-09-25,cve_2026_to_now,2026-09-26T12:01:40+00:00
CVE-2026-75511,updated,2026-09-25,cve_2026_to_now,2026-09-26T12:01:40+00:00
CVE-2026-75553,updated,,cve_2026_to_now,2026-09-26T12:01:40+00:00
CVE-2026-75558,updated,2026-09-25,cve_2026_to_now,2026-09-26T12:01:40+00:00
CVE-2026-75638,updated,2026-09-26,cve_2026_to_now,2026-09-26T12:01:40+00:00
CVE-2026-75689,updated,2026-09-26,cve_2026_to_now,2026-09-26T12:01:40+00:00
CVE-2026-75721,updated,2026-09-25,cve_2026_to_now,2026-09-26T12:01:40+00:00
CVE-2026-75745,updated,2026-09-26,cve_2026_to_now,2026-09-26T12:01:40+00:00
CVE-2026-76803,updated,2026-09-25,cve_2026_to_now,2026-09-26T12:01:40+00:00
CVE-2026-77251,updated,2026-09-25,cve_2026_to_now,2026-09-26T12:01:40+00:00
CVE-2026-77255,updated,2026-09-26,cve_2026_to_now,2026-09-26T12:01:40+00:00
CVE-2026-77258,updated,2026-09-25,cve_2026_to_now,2026-09-26T12:01:40+00:00
CVE-2026-77259,updated,2026-09-26,cve_2026_to_now,2026-09-26T12:01:40+00:00
CVE-2026-77260,updated,2026-09-25,cve_2026_to_now,2026-09-26T12:01:40+00:00
CVE-2026-77269,updated,2026-09-26,cve_2026_to_now,2026-09-26T12:01:40+00:00
CVE-2026-77480,updated,2026-09-25,cve_2026_to_now,2026-09-26T12:01:40+00:00
CVE-2026-77481,updated,2026-09-25,cve_2026_to_now,2026-09-26T12:01:40+00:00
CVE-2026-77482,updated,2026-09-25,cve_2026_to_now,2026-09-26T12:01:40+00:00
CVE-2026-77483,updated,2026-09-25,cve_2026_to_now,2026-09-26T12:01:40+00:00
CVE-2026-77484,updated,2026-09-25,cve_2026_to_now,2026-09-26T12:01:40+00:00
CVE-2026-77485,updated,2026-09-25,cve_2026_to_now,2026-09-26T12:01:40+00:00
CVE-2026-77486,updated,2026-09-25,cve_2026_to_now,2026-09-26T12:01:40+00:00
CVE-2026-77487,updated,2026-09-25,cve_2026_to_now,2026-09-26T12:01:40+00:00
CVE-2026-77488,updated,2026-09-25,cve_2026_to_now,2026-09-26T12:01:40+00:00
CVE-2026-77489,updated,2026-09-25,cve_2026_to_now,2026-09-26T12:01:40+00:00
CVE-2026-77490,updated,2026-09-25,cve_2026_to_now,2026-09-26T12:01:40+00:00
CVE-2026-77491,updated,2026-09-25,cve_2026_to_now,2026-09-26T12:01:40+00:00
CVE-2026-77492,updated,2026-09-25,cve_2026_to_now,2026-09-26T12:01:40+00:00
CVE-2026-77493,updated,2026-09-25,cve_2026_to_now,2026-09-26T12:01:40+00:00
CVE-2026-77494,updated,2026-09-25,cve_2026_to_now,2026-09-26T12:01:40+00:00
CVE-2026-77495,updated,2026-09-25,cve_2026_to_now,2026-09-26T12:01:40+00:00
CVE-2026-77498,updated,2026-09-25,cve_2026_to_now,2026-09-26T12:01:40+00:00
CVE-2026-77499,updated,2026-09-25,cve_2026_to_now,2026-09-26T12:01:40+00:00
CVE-2026-77500,updated,2026-09-25,cve_2026_to_now,2026-09-26T12:01:40+00:00
CVE-2026-77501,updated,2026-09-25,cve_2026_to_now,2026-09-26T12:01:40+00:00
CVE-2026-77502,updated,2026-09-25,cve_2026_to_now,2026-09-26T12:01:40+00:00
CVE-2026-77503,updated,2026-09-25,cve_2026_to_now,2026-09-26T12:01:40+00:00
CVE-2026-77504,updated,2026-09-25,cve_2026_to_now,2026-09-26T12:01:40+00:00
CVE-2026-77505,updated,2026-09-25,cve_2026_to_now,2026-09-26T12:01:40+00:00
CVE-2026-77621,updated,2026-09-25,cve_2026_to_now,2026-09-26T12:01:40+00:00
CVE-2026-77633,updated,2026-09-25,cve_2026_to_now,2026-09-26T12:01:40+00:00
CVE-2026-77886,updated,2026-09-25,cve_2026_to_now,2026-09-26T12:01:40+00:00
CVE-2026-77887,updated,2026-09-25,cve_2026_to_now,2026-09-26T12:01:40+00:00
CVE-2026-77888,updated,2026-09-25,cve_2026_to_now,2026-09-26T12:01:40+00:00
CVE-2026-77889,updated,2026-09-25,cve_2026_to_now,2026-09-26T12:01:40+00:00
CVE-2026-77890,updated,2026-09-25,cve_2026_to_now,2026-09-26T12:01:40+00:00
CVE-2026-77891,updated,2026-09-25,cve_2026_to_now,2026-09-26T12:01:40+00:00
CVE-2026-77892,updated,2026-09-25,cve_2026_to_now,2026-09-26T12:01:40+00:00
CVE-2026-77893,updated,2026-09-25,cve_2026_to_now,2026-09-26T12:01:40+00:00
CVE-2026-77894,updated,2026-09-25,cve_2026_to_now,2026-09-26T12:01:40+00:00
CVE-2026-77895,updated,2026-09-25,cve_2026_to_now,2026-09-26T12:01:40+00:00
CVE-2026-77896,updated,2026-09-25,cve_2026_to_now,2026-09-26T12:01:40+00:00
CVE-2026-77897,updated,2026-09-25,cve_2026_to_now,2026-09-26T12:01:40+00:00
CVE-2026-77898,updated,2026-09-25,cve_2026_to_now,2026-09-26T12:01:40+00:00
CVE-2026-77899,updated,2026-09-25,cve_2026_to_now,2026-09-26T12:01:40+00:00
CVE-2026-77901,updated,2026-09-25,cve_2026_to_now,2026-09-26T12:01:40+00:00
CVE-2026-77903,updated,2026-09-25,cve_2026_to_now,2026-09-26T12:01:40+00:00
CVE-2026-77904,updated,2026-09-25,cve_2026_to_now,2026-09-26T12:01:40+00:00
CVE-2026-77905,updated,2026-09-25,cve_2026_to_now,2026-09-26T12:01:40+00:00
CVE-2026-77906,updated,2026-09-25,cve_2026_to_now,2026-09-26T12:01:40+00:00
CVE-2026-77907,updated,2026-09-25,cve_2026_to_now,2026-09-26T12:01:40+00:00
CVE-2026-77908,updated,2026-09-25,cve_2026_to_now,2026-09-26T12:01:40+00:00
CVE-2026-77909,updated,2026-09-25,cve_2026_to_now,2026-09-26T12:01:40+00:00
CVE-2026-77911,updated,2026-09-25,cve_2026_to_now,2026-09-26T12:01:40+00:00
CVE-2026-77967,updated,2026-09-25,cve_2026_to_now,2026-09-26T12:01:40+00:00
CVE-2026-78002,updated,2026-09-25,cve_2026_to_now,2026-09-26T12:01:40+00:00
CVE-2026-78393,updated,,cve_2026_to_now,2026-09-26T12:01:40+00:00
CVE-2026-78394,updated,,cve_2026_to_now,2026-09-26T12:01:40+00:00
CVE-2026-78397,updated,,cve_2026_to_now,2026-09-26T12:01:40+00:00
CVE-2026-78439,updated,2026-09-25,cve_2026_to_now,2026-09-26T12:01:40+00:00
CVE-2026-78441,updated,2026-09-25,cve_2026_to_now,2026-09-26T12:01:40+00:00
CVE-2026-78442,updated,2026-09-25,cve_2026_to_now,2026-09-26T12:01:40+00:00
CVE-2026-78444,updated,2026-09-25,cve_2026_to_now,2026-09-26T12:01:40+00:00
CVE-2026-78445,updated,2026-09-25,cve_2026_to_now,2026-09-26T12:01:40+00:00
CVE-2026-78446,updated,2026-09-25,cve_2026_to_now,2026-09-26T12:01:40+00:00
CVE-2026-78447,updated,2026-09-25,cve_2026_to_now,2026-09-26T12:01:40+00:00
CVE-2026-78448,updated,2026-09-25,cve_2026_to_now,2026-09-26T12:01:40+00:00
CVE-2026-78449,updated,2026-09-25,cve_2026_to_now,2026-09-26T12:01:40+00:00
CVE-2026-78450,updated,2026-09-25,cve_2026_to_now,2026-09-26T12:01:40+00:00
CVE-2026-78451,updated,2026-09-25,cve_2026_to_now,2026-09-26T12:01:40+00:00
CVE-2026-78452,updated,2026-09-25,cve_2026_to_now,2026-09-26T12:01:40+00:00
CVE-2026-78453,updated,2026-09-25,cve_2026_to_now,2026-09-26T12:01:40+00:00
CVE-2026-78454,updated,2026-09-25,cve_2026_to_now,2026-09-26T12:01:40+00:00
CVE-2026-78455,updated,2026-09-25,cve_2026_to_now,2026-09-26T12:01:40+00:00
CVE-2026-78456,updated,2026-09-25,cve_2026_to_now,2026-09-26T12:01:40+00:00
CVE-2026-78457,updated,2026-09-25,cve_2026_to_now,2026-09-26T12:01:40+00:00
CVE-2026-78461,updated,2026-09-25,cve_2026_to_now,2026-09-26T12:01:40+00:00
CVE-2026-78462,updated,2026-09-25,cve_2026_to_now,2026-09-26T12:01:40+00:00
CVE-2026-78463,updated,2026-09-25,cve_2026_to_now,2026-09-26T12:01:40+00:00
CVE-2026-78464,updated,2026-09-25,cve_2026_to_now,2026-09-26T12:01:40+00:00
CVE-2026-78501,updated,2026-09-25,cve_2026_to_now,2026-09-26T12:01:40+00:00
CVE-2026-78502,updated,2026-09-25,cve_2026_to_now,2026-09-26T12:01:40+00:00
CVE-2026-78503,updated,2026-09-25,cve_2026_to_now,2026-09-26T12:01:40+00:00
CVE-2026-78504,updated,2026-09-25,cve_2026_to_now,2026-09-26T12:01:40+00:00
CVE-2026-78505,updated,2026-09-25,cve_2026_to_now,2026-09-26T12:01:40+00:00
CVE-2026-78506,updated,2026-09-25,cve_2026_to_now,2026-09-26T12:01:40+00:00
CVE-2026-78507,updated,2026-09-25,cve_2026_to_now,2026-09-26T12:01:40+00:00
CVE-2026-78508,updated,2026-09-25,cve_2026_to_now,2026-09-26T12:01:40+00:00
CVE-2026-78509,updated,2026-09-25,cve_2026_to_now,2026-09-26T12:01:40+00:00
CVE-2026-78510,updated,2026-09-25,cve_2026_to_now,2026-09-26T12:01:40+00:00
CVE-2026-78511,updated,2026-09-25,cve_2026_to_now,2026-09-26T12:01:40+00:00
CVE-2026-78512,updated,2026-09-25,cve_2026_to_now,2026-09-26T12:01:40+00:00
CVE-2026-78513,updated,2026-09-25,cve_2026_to_now,2026-09-26T12:01:40+00:00
CVE-2026-78514,updated,2026-09-25,cve_2026_to_now,2026-09-26T12:01:40+00:00
CVE-2026-78515,updated,2026-09-25,cve_2026_to_now,2026-09-26T12:01:40+00:00
CVE-2026-78516,updated,2026-09-25,cve_2026_to_now,2026-09-26T12:01:40+00:00
CVE-2026-78517,updated,2026-09-25,cve_2026_to_now,2026-09-26T12:01:40+00:00
CVE-2026-78518,updated,2026-09-25,cve_2026_to_now,2026-09-26T12:01:40+00:00
CVE-2026-78519,updated,2026-09-25,cve_2026_to_now,2026-09-26T12:01:40+00:00
CVE-2026-78520,updated,2026-09-25,cve_2026_to_now,2026-09-26T12:01:40+00:00
CVE-2026-78521,updated,2026-09-25,cve_2026_to_now,2026-09-26T12:01:40+00:00
CVE-2026-78522,updated,2026-09-25,cve_2026_to_now,2026-09-26T12:01:40+00:00
CVE-2026-78523,updated,2026-09-25,cve_2026_to_now,2026-09-26T12:01:40+00:00
CVE-2026-78524,updated,2026-09-25,cve_2026_to_now,2026-09-26T12:01:40+00:00
CVE-2026-78525,updated,2026-09-25,cve_2026_to_now,2026-09-26T12:01:40+00:00
CVE-2026-78526,updated,2026-09-25,cve_2026_to_now,2026-09-26T12:01:40+00:00
CVE-2026-78902,added,,cve_2026_to_now,2026-09-26T12:01:40+00:00
CVE-2026-79153,added,,cve_2026_to_now,2026-09-26T12:01:40+00:00
CVE-2026-79306,updated,2026-09-25,cve_2026_to_now,2026-09-26T12:01:40+00:00
CVE-2026-79314,updated,2026-09-25,cve_2026_to_now,2026-09-26T12:01:40+00:00
CVE-2026-79319,updated,2026-09-25,cve_2026_to_now,2026-09-26T12:01:40+00:00
CVE-2026-79959,updated,2026-09-25,cve_2026_to_now,2026-09-26T12:01:40+00:00
CVE-2026-80073,updated,2026-09-25,cve_2026_to_now,2026-09-26T12:01:40+00:00
CVE-2026-80074,updated,2026-09-25,cve_2026_to_now,2026-09-26T12:01:40+00:00
CVE-2026-80075,updated,2026-09-25,cve_2026_to_now,2026-09-26T12:01:40+00:00
CVE-2026-80076,updated,2026-09-25,cve_2026_to_now,2026-09-26T12:01:40+00:00
CVE-2026-80077,updated,2026-09-25,cve_2026_to_now,2026-09-26T12:01:40+00:00
CVE-2026-80078,updated,2026-09-25,cve_2026_to_now,2026-09-26T12:01:40+00:00
CVE-2026-80079,updated,2026-09-25,cve_2026_to_now,2026-09-26T12:01:40+00:00
CVE-2026-80080,updated,2026-09-25,cve_2026_to_now,2026-09-26T12:01:40+00:00
CVE-2026-80081,updated,2026-09-25,cve_2026_to_now,2026-09-26T12:01:40+00:00
CVE-2026-80082,updated,2026-09-25,cve_2026_to_now,2026-09-26T12:01:40+00:00
CVE-2026-80083,updated,2026-09-25,cve_2026_to_now,2026-09-26T12:01:40+00:00
CVE-2026-80084,updated,2026-09-25,cve_2026_to_now,2026-09-26T12:01:40+00:00
CVE-2026-80085,updated,2026-09-25,cve_2026_to_now,2026-09-26T12:01:40+00:00
CVE-2026-80086,updated,2026-09-25,cve_2026_to_now,2026-09-26T12:01:40+00:00
CVE-2026-80087,updated,2026-09-25,cve_2026_to_now,2026-09-26T12:01:40+00:00
CVE-2026-80088,updated,2026-09-25,cve_2026_to_now,2026-09-26T12:01:40+00:00
CVE-2026-80089,updated,2026-09-25,cve_2026_to_now,2026-09-26T12:01:40+00:00
CVE-2026-80090,updated,2026-09-25,cve_2026_to_now,2026-09-26T12:01:40+00:00
CVE-2026-80091,updated,2026-09-25,cve_2026_to_now,2026-09-26T12:01:40+00:00
CVE-2026-80093,updated,2026-09-25,cve_2026_to_now,2026-09-26T12:01:40+00:00
CVE-2026-80096,updated,2026-09-25,cve_2026_to_now,2026-09-26T12:01:40+00:00
CVE-2026-80097,updated,2026-09-25,cve_2026_to_now,2026-09-26T12:01:40+00:00
CVE-2026-80098,updated,2026-09-25,cve_2026_to_now,2026-09-26T12:01:40+00:00
CVE-2026-80146,updated,2026-09-25,cve_2026_to_now,2026-09-26T12:01:40+00:00
CVE-2026-80151,updated,2026-09-25,cve_2026_to_now,2026-09-26T12:01:40+00:00
CVE-2026-80430,added,,cve_2026_to_now,2026-09-26T12:01:40+00:00
CVE-2026-80431,added,,cve_2026_to_now,2026-09-26T12:01:40+00:00
CVE-2026-80432,added,,cve_2026_to_now,2026-09-26T12:01:40+00:00
CVE-2026-80514,updated,,cve_2026_to_now,2026-09-26T12:01:40+00:00
CVE-2026-81349,updated,2026-09-25,cve_2026_to_now,2026-09-26T12:01:40+00:00
CVE-2026-81352,updated,2026-09-25,cve_2026_to_now,2026-09-26T12:01:40+00:00
CVE-2026-81353,updated,2026-09-25,cve_2026_to_now,2026-09-26T12:01:40+00:00
CVE-2026-81354,updated,2026-09-25,cve_2026_to_now,2026-09-26T12:01:40+00:00
CVE-2026-81355,updated,2026-09-25,cve_2026_to_now,2026-09-26T12:01:40+00:00
CVE-2026-81356,updated,2026-09-25,cve_2026_to_now,2026-09-26T12:01:40+00:00
CVE-2026-81357,updated,2026-09-25,cve_2026_to_now,2026-09-26T12:01:40+00:00
CVE-2026-81376,updated,2026-09-25,cve_2026_to_now,2026-09-26T12:01:40+00:00
CVE-2026-81377,updated,2026-09-25,cve_2026_to_now,2026-09-26T12:01:40+00:00
CVE-2026-81378,updated,2026-09-25,cve_2026_to_now,2026-09-26T12:01:40+00:00
CVE-2026-81379,updated,2026-09-25,cve_2026_to_now,2026-09-26T12:01:40+00:00
CVE-2026-81380,updated,2026-09-25,cve_2026_to_now,2026-09-26T12:01:40+00:00
CVE-2026-81381,updated,2026-09-25,cve_2026_to_now,2026-09-26T12:01:40+00:00
CVE-2026-81383,updated,2026-09-25,cve_2026_to_now,2026-09-26T12:01:40+00:00
CVE-2026-81385,updated,2026-09-25,cve_2026_to_now,2026-09-26T12:01:40+00:00
CVE-2026-81386,updated,2026-09-25,cve_2026_to_now,2026-09-26T12:01:40+00:00
CVE-2026-81387,updated,2026-09-25,cve_2026_to_now,2026-09-26T12:01:40+00:00
CVE-2026-81388,updated,2026-09-25,cve_2026_to_now,2026-09-26T12:01:40+00:00
CVE-2026-81389,updated,2026-09-25,cve_2026_to_now,2026-09-26T12:01:40+00:00
CVE-2026-81390,updated,2026-09-25,cve_2026_to_now,2026-09-26T12:01:40+00:00
CVE-2026-81391,updated,2026-09-25,cve_2026_to_now,2026-09-26T12:01:40+00:00
CVE-2026-81392,updated,2026-09-25,cve_2026_to_now,2026-09-26T12:01:40+00:00
CVE-2026-81393,updated,2026-09-25,cve_2026_to_now,2026-09-26T12:01:40+00:00
CVE-2026-81394,updated,2026-09-25,cve_2026_to_now,2026-09-26T12:01:40+00:00
CVE-2026-81395,updated,2026-09-25,cve_2026_to_now,2026-09-26T12:01:40+00:00
CVE-2026-81396,updated,2026-09-25,cve_2026_to_now,2026-09-26T12:01:40+00:00
CVE-2026-81397,updated,2026-09-25,cve_2026_to_now,2026-09-26T12:01:40+00:00
CVE-2026-81398,updated,2026-09-25,cve_2026_to_now,2026-09-26T12:01:40+00:00
CVE-2026-81399,updated,2026-09-25,cve_2026_to_now,2026-09-26T12:01:40+00:00
CVE-2026-81400,updated,2026-09-25,cve_2026_to_now,2026-09-26T12:01:40+00:00
CVE-2026-81401,updated,2026-09-25,cve_2026_to_now,2026-09-26T12:01:40+00:00
CVE-2026-81630,updated,2026-09-25,cve_2026_to_now,2026-09-26T12:01:40+00:00
CVE-2026-81880,updated,2026-09-25,cve_2026_to_now,2026-09-26T12:01:40+00:00
CVE-2026-81885,updated,2026-09-25,cve_2026_to_now,2026-09-26T12:01:40+00:00
CVE-2026-81947,updated,2026-09-25,cve_2026_to_now,2026-09-26T12:01:40+00:00
CVE-2026-81948,updated,2026-09-25,cve_2026_to_now,2026-09-26T12:01:40+00:00
CVE-2026-81949,updated,2026-09-25,cve_2026_to_now,2026-09-26T12:01:40+00:00
CVE-2026-81950,updated,2026-09-25,cve_2026_to_now,2026-09-26T12:01:40+00:00
CVE-2026-81951,updated,2026-09-25,cve_2026_to_now,2026-09-26T12:01:40+00:00
CVE-2026-81952,updated,2026-09-25,cve_2026_to_now,2026-09-26T12:01:40+00:00
CVE-2026-81953,updated,2026-09-25,cve_2026_to_now,2026-09-26T12:01:40+00:00
CVE-2026-81954,updated,2026-09-25,cve_2026_to_now,2026-09-26T12:01:40+00:00
CVE-2026-81955,updated,2026-09-25,cve_2026_to_now,2026-09-26T12:01:40+00:00
CVE-2026-81956,updated,2026-09-25,cve_2026_to_now,2026-09-26T12:01:40+00:00
CVE-2026-81957,updated,2026-09-25,cve_2026_to_now,2026-09-26T12:01:40+00:00
CVE-2026-81958,updated,2026-09-25,cve_2026_to_now,2026-09-26T12:01:40+00:00
CVE-2026-81959,updated,2026-09-25,cve_2026_to_now,2026-09-26T12:01:40+00:00
CVE-2026-81960,updated,2026-09-25,cve_2026_to_now,2026-09-26T12:01:40+00:00
CVE-2026-81963,updated,2026-09-25,cve_2026_to_now,2026-09-26T12:01:40+00:00
CVE-2026-82009,updated,2026-09-25,cve_2026_to_now,2026-09-26T12:01:40+00:00
CVE-2026-82164,updated,2026-09-26,cve_2026_to_now,2026-09-26T12:01:40+00:00
CVE-2026-82585,updated,2026-09-25,cve_2026_to_now,2026-09-26T12:01:40+00:00
CVE-2026-82708,updated,2026-09-25,cve_2026_to_now,2026-09-26T12:01:40+00:00
CVE-2026-82716,updated,2026-09-25,cve_2026_to_now,2026-09-26T12:01:40+00:00
CVE-2026-83498,updated,2026-09-25,cve_2026_to_now,2026-09-26T12:01:40+00:00
CVE-2026-83501,updated,2026-09-25,cve_2026_to_now,2026-09-26T12:01:40+00:00
CVE-2026-83591,updated,,cve_2026_to_now,2026-09-26T12:01:40+00:00
CVE-2026-83601,updated,2026-09-25,cve_2026_to_now,2026-09-26T12:01:40+00:00
CVE-2026-83660,updated,2026-09-25,cve_2026_to_now,2026-09-26T12:01:40+00:00
CVE-2026-83711,updated,2026-09-25,cve_2026_to_now,2026-09-26T12:01:40+00:00
CVE-2026-83805,updated,2026-09-26,cve_2026_to_now,2026-09-26T12:01:40+00:00
CVE-2026-83939,updated,2026-09-25,cve_2026_to_now,2026-09-26T12:01:40+00:00
CVE-2026-83940,updated,2026-09-25,cve_2026_to_now,2026-09-26T12:01:40+00:00
CVE-2026-83941,updated,2026-09-25,cve_2026_to_now,2026-09-26T12:01:40+00:00
CVE-2026-83942,updated,2026-09-25,cve_2026_to_now,2026-09-26T12:01:40+00:00
CVE-2026-83944,updated,2026-09-25,cve_2026_to_now,2026-09-26T12:01:40+00:00
CVE-2026-83946,updated,2026-09-25,cve_2026_to_now,2026-09-26T12:01:40+00:00
CVE-2026-83948,updated,2026-09-25,cve_2026_to_now,2026-09-26T12:01:40+00:00
CVE-2026-83949,updated,2026-09-25,cve_2026_to_now,2026-09-26T12:01:40+00:00
CVE-2026-83951,updated,2026-09-25,cve_2026_to_now,2026-09-26T12:01:40+00:00
CVE-2026-83952,updated,2026-09-25,cve_2026_to_now,2026-09-26T12:01:40+00:00
CVE-2026-83954,updated,2026-09-25,cve_2026_to_now,2026-09-26T12:01:40+00:00
CVE-2026-83955,updated,2026-09-25,cve_2026_to_now,2026-09-26T12:01:40+00:00
CVE-2026-83967,updated,2026-09-25,cve_2026_to_now,2026-09-26T12:01:40+00:00
CVE-2026-83968,updated,2026-09-25,cve_2026_to_now,2026-09-26T12:01:40+00:00
CVE-2026-83969,updated,2026-09-25,cve_2026_to_now,2026-09-26T12:01:40+00:00
CVE-2026-83970,updated,2026-09-25,cve_2026_to_now,2026-09-26T12:01:40+00:00
CVE-2026-83971,updated,2026-09-25,cve_2026_to_now,2026-09-26T12:01:40+00:00
CVE-2026-83972,updated,2026-09-25,cve_2026_to_now,2026-09-26T12:01:40+00:00
CVE-2026-83973,updated,2026-09-25,cve_2026_to_now,2026-09-26T12:01:40+00:00
CVE-2026-83974,updated,2026-09-25,cve_2026_to_now,2026-09-26T12:01:40+00:00
CVE-2026-83975,updated,2026-09-25,cve_2026_to_now,2026-09-26T12:01:40+00:00
CVE-2026-83976,updated,2026-09-25,cve_2026_to_now,2026-09-26T12:01:40+00:00
CVE-2026-83977,updated,2026-09-25,cve_2026_to_now,2026-09-26T12:01:40+00:00
CVE-2026-83978,updated,2026-09-25,cve_2026_to_now,2026-09-26T12:01:40+00:00
CVE-2026-83979,updated,2026-09-25,cve_2026_to_now,2026-09-26T12:01:40+00:00
CVE-2026-83980,updated,2026-09-25,cve_2026_to_now,2026-09-26T12:01:40+00:00
CVE-2026-83981,updated,2026-09-25,cve_2026_to_now,2026-09-26T12:01:40+00:00
CVE-2026-83982,updated,2026-09-25,cve_2026_to_now,2026-09-26T12:01:40+00:00
CVE-2026-83983,updated,2026-09-25,cve_2026_to_now,2026-09-26T12:01:40+00:00
CVE-2026-83985,updated,2026-09-25,cve_2026_to_now,2026-09-26T12:01:40+00:00
CVE-2026-83986,updated,2026-09-25,cve_2026_to_now,2026-09-26T12:01:40+00:00
CVE-2026-83987,updated,2026-09-25,cve_2026_to_now,2026-09-26T12:01:40+00:00
CVE-2026-83988,updated,2026-09-25,cve_2026_to_now,2026-09-26T12:01:40+00:00
CVE-2026-83989,updated,2026-09-25,cve_2026_to_now,2026-09-26T12:01:40+00:00
CVE-2026-83990,updated,2026-09-25,cve_2026_to_now,2026-09-26T12:01:40+00:00
CVE-2026-83991,updated,2026-09-25,cve_2026_to_now,2026-09-26T12:01:40+00:00
CVE-2026-83992,updated,2026-09-25,cve_2026_to_now,2026-09-26T12:01:40+00:00
CVE-2026-83995,updated,2026-09-25,cve_2026_to_now,2026-09-26T12:01:40+00:00
CVE-2026-83996,updated,2026-09-25,cve_2026_to_now,2026-09-26T12:01:40+00:00
CVE-2026-83997,updated,2026-09-25,cve_2026_to_now,2026-09-26T12:01:40+00:00
CVE-2026-83998,updated,2026-09-25,cve_2026_to_now,2026-09-26T12:01:40+00:00
CVE-2026-83999,updated,2026-09-25,cve_2026_to_now,2026-09-26T12:01:40+00:00
CVE-2026-84000,updated,2026-09-25,cve_2026_to_now,2026-09-26T12:01:40+00:00
CVE-2026-84001,updated,2026-09-25,cve_2026_to_now,2026-09-26T12:01:40+00:00
CVE-2026-84003,updated,2026-09-25,cve_2026_to_now,2026-09-26T12:01:40+00:00
CVE-2026-84095,added,,cve_2026_to_now,2026-09-26T12:01:40+00:00
CVE-2026-84096,added,,cve_2026_to_now,2026-09-26T12:01:40+00:00
CVE-2026-84097,added,,cve_2026_to_now,2026-09-26T12:01:40+00:00
CVE-2026-84279,updated,,cve_2026_to_now,2026-09-26T12:01:40+00:00
CVE-2026-84280,updated,,cve_2026_to_now,2026-09-26T12:01:40+00:00
CVE-2026-84283,updated,2026-09-25,cve_2026_to_now,2026-09-26T12:01:40+00:00
CVE-2026-84301,updated,2026-09-25,cve_2026_to_now,2026-09-26T12:01:40+00:00
CVE-2026-84396,updated,2026-09-26,cve_2026_to_now,2026-09-26T12:01:40+00:00
CVE-2026-84403,updated,2026-09-25,cve_2026_to_now,2026-09-26T12:01:40+00:00
CVE-2026-84458,added,,cve_2026_to_now,2026-09-26T12:01:40+00:00
CVE-2026-84460,added,,cve_2026_to_now,2026-09-26T12:01:40+00:00
CVE-2026-84461,added,,cve_2026_to_now,2026-09-26T12:01:40+00:00
CVE-2026-84462,added,,cve_2026_to_now,2026-09-26T12:01:40+00:00
CVE-2026-84463,added,,cve_2026_to_now,2026-09-26T12:01:40+00:00
CVE-2026-84464,added,,cve_2026_to_now,2026-09-26T12:01:40+00:00
CVE-2026-84465,added,,cve_2026_to_now,2026-09-26T12:01:40+00:00
CVE-2026-84683,updated,2026-09-25,cve_2026_to_now,2026-09-26T12:01:40+00:00
CVE-2026-84713,updated,2026-09-25,cve_2026_to_now,2026-09-26T12:01:40+00:00
CVE-2026-84719,updated,2026-09-25,cve_2026_to_now,2026-09-26T12:01:40+00:00
CVE-2026-84862,added,2026-09-26,cve_2026_to_now,2026-09-26T12:01:40+00:00
CVE-2026-84882,added,2026-09-26,cve_2026_to_now,2026-09-26T12:01:40+00:00
CVE-2026-84884,added,2026-09-26,cve_2026_to_now,2026-09-26T12:01:40+00:00
CVE-2026-84893,added,,cve_2026_to_now,2026-09-26T12:01:40+00:00
CVE-2026-85029,added,2026-09-26,cve_2026_to_now,2026-09-26T12:01:40+00:00
CVE-2026-85081,added,,cve_2026_to_now,2026-09-26T12:01:40+00:00
CVE-2026-85082,updated,2026-09-25,cve_2026_to_now,2026-09-26T12:01:40+00:00
CVE-2026-85274,added,,cve_2026_to_now,2026-09-26T12:01:40+00:00
CVE-2026-85288,updated,2026-09-25,cve_2026_to_now,2026-09-26T12:01:40+00:00
CVE-2026-85289,added,,cve_2026_to_now,2026-09-26T12:01:40+00:00
CVE-2026-85290,added,,cve_2026_to_now,2026-09-26T12:01:40+00:00
CVE-2026-85291,added,,cve_2026_to_now,2026-09-26T12:01:40+00:00
CVE-2026-85292,added,,cve_2026_to_now,2026-09-26T12:01:40+00:00
CVE-2026-85293,added,,cve_2026_to_now,2026-09-26T12:01:40+00:00
CVE-2026-85360,updated,2026-09-25,cve_2026_to_now,2026-09-26T12:01:40+00:00
CVE-2026-85417,updated,,cve_2026_to_now,2026-09-26T12:01:40+00:00
CVE-2026-85491,updated,2026-09-25,cve_2026_to_now,2026-09-26T12:01:40+00:00
CVE-2026-85496,updated,2026-09-25,cve_2026_to_now,2026-09-26T12:01:40+00:00
CVE-2026-85511,updated,2026-09-25,cve_2026_to_now,2026-09-26T12:01:40+00:00
CVE-2026-85542,added,2026-09-26,cve_2026_to_now,2026-09-26T12:01:40+00:00
CVE-2026-85725,updated,2026-09-25,cve_2026_to_now,2026-09-26T12:01:40+00:00
CVE-2026-85750,added,,cve_2026_to_now,2026-09-26T12:01:40+00:00
CVE-2026-85875,updated,2026-09-25,cve_2026_to_now,2026-09-26T12:01:40+00:00
CVE-2026-85877,updated,2026-09-25,cve_2026_to_now,2026-09-26T12:01:40+00:00
CVE-2026-85878,updated,2026-09-25,cve_2026_to_now,2026-09-26T12:01:40+00:00
CVE-2026-85880,updated,2026-09-25,cve_2026_to_now,2026-09-26T12:01:40+00:00
CVE-2026-85885,updated,2026-09-25,cve_2026_to_now,2026-09-26T12:01:40+00:00
CVE-2026-85887,updated,2026-09-25,cve_2026_to_now,2026-09-26T12:01:40+00:00
CVE-2026-85889,updated,2026-09-25,cve_2026_to_now,2026-09-26T12:01:40+00:00
CVE-2026-85892,updated,2026-09-25,cve_2026_to_now,2026-09-26T12:01:40+00:00
CVE-2026-85893,updated,2026-09-25,cve_2026_to_now,2026-09-26T12:01:40+00:00
CVE-2026-85917,updated,2026-09-25,cve_2026_to_now,2026-09-26T12:01:40+00:00
CVE-2026-85921,updated,2026-09-25,cve_2026_to_now,2026-09-26T12:01:40+00:00
CVE-2026-86066,added,,cve_2026_to_now,2026-09-26T12:01:40+00:00
CVE-2026-86404,updated,2026-09-25,cve_2026_to_now,2026-09-26T12:01:40+00:00
CVE-2026-86837,updated,,cve_2026_to_now,2026-09-26T12:01:40+00:00
CVE-2026-86857,updated,2026-09-25,cve_2026_to_now,2026-09-26T12:01:40+00:00
CVE-2026-87118,updated,2026-09-25,cve_2026_to_now,2026-09-26T12:01:40+00:00
CVE-2026-87701,updated,2026-09-25,cve_2026_to_now,2026-09-26T12:01:40+00:00
CVE-2026-87720,updated,2026-09-25,cve_2026_to_now,2026-09-26T12:01:40+00:00
CVE-2026-87721,updated,2026-09-25,cve_2026_to_now,2026-09-26T12:01:40+00:00
CVE-2026-87722,updated,2026-09-25,cve_2026_to_now,2026-09-26T12:01:40+00:00
CVE-2026-87902,updated,2026-09-26,cve_2026_to_now,2026-09-26T12:01:40+00:00
CVE-2026-88003,added,,cve_2026_to_now,2026-09-26T12:01:40+00:00
CVE-2026-88097,updated,2026-09-25,cve_2026_to_now,2026-09-26T12:01:40+00:00
CVE-2026-88264,updated,2026-09-25,cve_2026_to_now,2026-09-26T12:01:40+00:00
CVE-2026-88340,updated,2026-09-25,cve_2026_to_now,2026-09-26T12:01:40+00:00
CVE-2026-88351,updated,2026-09-25,cve_2026_to_now,2026-09-26T12:01:40+00:00
CVE-2026-88359,updated,2026-09-25,cve_2026_to_now,2026-09-26T12:01:40+00:00
CVE-2026-88361,updated,2026-09-25,cve_2026_to_now,2026-09-26T12:01:40+00:00
CVE-2026-88362,updated,2026-09-25,cve_2026_to_now,2026-09-26T12:01:40+00:00
CVE-2026-88367,updated,2026-09-25,cve_2026_to_now,2026-09-26T12:01:40+00:00
CVE-2026-88369,updated,2026-09-25,cve_2026_to_now,2026-09-26T12:01:40+00:00
CVE-2026-88370,updated,2026-09-25,cve_2026_to_now,2026-09-26T12:01:40+00:00
CVE-2026-88373,updated,2026-09-25,cve_2026_to_now,2026-09-26T12:01:40+00:00
CVE-2026-88386,updated,2026-09-25,cve_2026_to_now,2026-09-26T12:01:40+00:00
CVE-2026-88388,updated,2026-09-25,cve_2026_to_now,2026-09-26T12:01:40+00:00
CVE-2026-88389,added,,cve_2026_to_now,2026-09-26T12:01:40+00:00
CVE-2026-88414,updated,2026-09-25,cve_2026_to_now,2026-09-26T12:01:40+00:00
CVE-2026-88418,updated,2026-09-25,cve_2026_to_now,2026-09-26T12:01:40+00:00
CVE-2026-88420,added,,cve_2026_to_now,2026-09-26T12:01:40+00:00
CVE-2026-88421,added,,cve_2026_to_now,2026-09-26T12:01:40+00:00
CVE-2026-88761,updated,2026-09-25,cve_2026_to_now,2026-09-26T12:01:40+00:00
CVE-2026-88831,updated,2026-09-25,cve_2026_to_now,2026-09-26T12:01:40+00:00
CVE-2026-88832,updated,2026-09-25,cve_2026_to_now,2026-09-26T12:01:40+00:00
CVE-2026-88835,updated,2026-09-25,cve_2026_to_now,2026-09-26T12:01:40+00:00
CVE-2026-88837,updated,2026-09-25,cve_2026_to_now,2026-09-26T12:01:40+00:00
CVE-2026-88839,updated,2026-09-25,cve_2026_to_now,2026-09-26T12:01:40+00:00
CVE-2026-88848,updated,,cve_2026_to_now,2026-09-26T12:01:40+00:00
CVE-2026-88956,updated,2026-09-25,cve_2026_to_now,2026-09-26T12:01:40+00:00
CVE-2026-89032,added,,cve_2026_to_now,2026-09-26T12:01:40+00:00
CVE-2026-89055,updated,,cve_2026_to_now,2026-09-26T12:01:40+00:00
CVE-2026-89237,added,,cve_2026_to_now,2026-09-26T12:01:40+00:00
CVE-2026-89325,updated,2026-09-26,cve_2026_to_now,2026-09-26T12:01:40+00:00
CVE-2026-89406,updated,,cve_2026_to_now,2026-09-26T12:01:40+00:00
CVE-2026-89426,updated,,cve_2026_to_now,2026-09-26T12:01:40+00:00
CVE-2026-90901,updated,2026-09-25,cve_2026_to_now,2026-09-26T12:01:40+00:00
CVE-2026-90902,updated,2026-09-25,cve_2026_to_now,2026-09-26T12:01:40+00:00
CVE-2026-90959,updated,2026-09-25,cve_2026_to_now,2026-09-26T12:01:40+00:00
CVE-2026-91765,added,,cve_2026_to_now,2026-09-26T12:01:40+00:00
CVE-2026-91766,added,,cve_2026_to_now,2026-09-26T12:01:40+00:00
CVE-2026-91767,added,,cve_2026_to_now,2026-09-26T12:01:40+00:00
CVE-2026-91768,added,,cve_2026_to_now,2026-09-26T12:01:40+00:00
CVE-2026-91769,added,,cve_2026_to_now,2026-09-26T12:01:40+00:00
CVE-2026-91837,added,,cve_2026_to_now,2026-09-26T12:01:40+00:00
CVE-2026-91838,added,,cve_2026_to_now,2026-09-26T12:01:40+00:00
CVE-2026-91839,added,2026-09-26,cve_2026_to_now,2026-09-26T12:01:40+00:00
CVE-2026-91840,added,2026-09-26,cve_2026_to_now,2026-09-26T12:01:40+00:00
CVE-2026-91841,added,2026-09-26,cve_2026_to_now,2026-09-26T12:01:40+00:00
CVE-2026-92106,updated,,cve_2026_to_now,2026-09-26T12:01:40+00:00
CVE-2026-92161,added,,cve_2026_to_now,2026-09-26T12:01:40+00:00
CVE-2026-92212,updated,,cve_2026_to_now,2026-09-26T12:01:40+00:00
CVE-2026-92288,updated,,cve_2026_to_now,2026-09-26T12:01:40+00:00
CVE-2026-92289,updated,,cve_2026_to_now,2026-09-26T12:01:40+00:00
CVE-2026-92411,added,,cve_2026_to_now,2026-09-26T12:01:40+00:00
CVE-2026-92550,updated,,cve_2026_to_now,2026-09-26T12:01:40+00:00
CVE-2026-92560,updated,,cve_2026_to_now,2026-09-26T12:01:40+00:00
CVE-2026-92573,updated,,cve_2026_to_now,2026-09-26T12:01:40+00:00
CVE-2026-92608,updated,,cve_2026_to_now,2026-09-26T12:01:40+00:00
CVE-2026-92609,updated,,cve_2026_to_now,2026-09-26T12:01:40+00:00
CVE-2026-92713,updated,,cve_2026_to_now,2026-09-26T12:01:40+00:00
CVE-2026-92746,updated,,cve_2026_to_now,2026-09-26T12:01:40+00:00
CVE-2026-92829,updated,,cve_2026_to_now,2026-09-26T12:01:40+00:00
CVE-2026-92842,added,,cve_2026_to_now,2026-09-26T12:01:40+00:00
CVE-2026-93030,added,,cve_2026_to_now,2026-09-26T12:01:40+00:00
CVE-2026-93205,updated,2026-09-25,cve_2026_to_now,2026-09-26T12:01:40+00:00
CVE-2026-93206,updated,2026-09-25,cve_2026_to_now,2026-09-26T12:01:40+00:00
CVE-2026-93210,updated,2026-09-25,cve_2026_to_now,2026-09-26T12:01:40+00:00
CVE-2026-93235,updated,2026-09-25,cve_2026_to_now,2026-09-26T12:01:40+00:00
CVE-2026-93237,updated,2026-09-25,cve_2026_to_now,2026-09-26T12:01:40+00:00
CVE-2026-93240,updated,2026-09-25,cve_2026_to_now,2026-09-26T12:01:40+00:00
CVE-2026-93241,updated,2026-09-25,cve_2026_to_now,2026-09-26T12:01:40+00:00
CVE-2026-93251,updated,2026-09-25,cve_2026_to_now,2026-09-26T12:01:40+00:00
CVE-2026-93282,updated,2026-09-25,cve_2026_to_now,2026-09-26T12:01:40+00:00
CVE-2026-93288,updated,2026-09-25,cve_2026_to_now,2026-09-26T12:01:40+00:00
CVE-2026-93303,updated,,cve_2026_to_now,2026-09-26T12:01:40+00:00
CVE-2026-93306,added,,cve_2026_to_now,2026-09-26T12:01:40+00:00
CVE-2026-93339,updated,2026-09-25,cve_2026_to_now,2026-09-26T12:01:40+00:00
CVE-2026-93343,updated,2026-09-25,cve_2026_to_now,2026-09-26T12:01:40+00:00
CVE-2026-93345,updated,2026-09-25,cve_2026_to_now,2026-09-26T12:01:40+00:00
CVE-2026-93353,updated,2026-09-25,cve_2026_to_now,2026-09-26T12:01:40+00:00
CVE-2026-93354,updated,2026-09-25,cve_2026_to_now,2026-09-26T12:01:40+00:00
CVE-2026-93363,added,,cve_2026_to_now,2026-09-26T12:01:40+00:00
CVE-2026-93364,added,,cve_2026_to_now,2026-09-26T12:01:40+00:00
CVE-2026-93365,added,,cve_2026_to_now,2026-09-26T12:01:40+00:00
CVE-2026-93366,added,,cve_2026_to_now,2026-09-26T12:01:40+00:00
CVE-2026-93477,updated,,cve_2026_to_now,2026-09-26T12:01:40+00:00
CVE-2026-93641,added,,cve_2026_to_now,2026-09-26T12:01:40+00:00
CVE-2026-93642,added,,cve_2026_to_now,2026-09-26T12:01:40+00:00
CVE-2026-93643,added,2026-09-26,cve_2026_to_now,2026-09-26T12:01:40+00:00
CVE-2026-93647,added,2026-09-26,cve_2026_to_now,2026-09-26T12:01:40+00:00
CVE-2026-93656,updated,,cve_2026_to_now,2026-09-26T12:01:40+00:00
CVE-2026-93682,added,,cve_2026_to_now,2026-09-26T12:01:40+00:00
CVE-2026-93747,updated,,cve_2026_to_now,2026-09-26T12:01:40+00:00
CVE-2026-93781,updated,2026-09-25,cve_2026_to_now,2026-09-26T12:01:40+00:00
CVE-2026-93782,updated,2026-09-25,cve_2026_to_now,2026-09-26T12:01:40+00:00
CVE-2026-93783,updated,2026-09-25,cve_2026_to_now,2026-09-26T12:01:40+00:00
CVE-2026-93784,updated,2026-09-25,cve_2026_to_now,2026-09-26T12:01:40+00:00
CVE-2026-93785,updated,2026-09-25,cve_2026_to_now,2026-09-26T12:01:40+00:00
CVE-2026-93786,updated,2026-09-25,cve_2026_to_now,2026-09-26T12:01:40+00:00
CVE-2026-93787,updated,2026-09-25,cve_2026_to_now,2026-09-26T12:01:40+00:00
CVE-2026-93788,updated,2026-09-25,cve_2026_to_now,2026-09-26T12:01:40+00:00
CVE-2026-93789,updated,2026-09-25,cve_2026_to_now,2026-09-26T12:01:40+00:00
CVE-2026-93790,updated,2026-09-25,cve_2026_to_now,2026-09-26T12:01:40+00:00
CVE-2026-93791,updated,2026-09-25,cve_2026_to_now,2026-09-26T12:01:40+00:00
CVE-2026-93792,updated,2026-09-25,cve_2026_to_now,2026-09-26T12:01:40+00:00
CVE-2026-93793,updated,2026-09-25,cve_2026_to_now,2026-09-26T12:01:40+00:00
CVE-2026-93794,updated,2026-09-25,cve_2026_to_now,2026-09-26T12:01:40+00:00
CVE-2026-93795,updated,2026-09-25,cve_2026_to_now,2026-09-26T12:01:40+00:00
CVE-2026-93796,updated,2026-09-25,cve_2026_to_now,2026-09-26T12:01:40+00:00
CVE-2026-93797,updated,2026-09-25,cve_2026_to_now,2026-09-26T12:01:40+00:00
CVE-2026-93798,updated,2026-09-25,cve_2026_to_now,2026-09-26T12:01:40+00:00
CVE-2026-93799,updated,2026-09-25,cve_2026_to_now,2026-09-26T12:01:40+00:00
CVE-2026-93800,updated,2026-09-25,cve_2026_to_now,2026-09-26T12:01:40+00:00
CVE-2026-93801,updated,2026-09-25,cve_2026_to_now,2026-09-26T12:01:40+00:00
CVE-2026-93802,updated,2026-09-25,cve_2026_to_now,2026-09-26T12:01:40+00:00
CVE-2026-93803,updated,2026-09-25,cve_2026_to_now,2026-09-26T12:01:40+00:00
CVE-2026-93804,updated,2026-09-25,cve_2026_to_now,2026-09-26T12:01:40+00:00
CVE-2026-93805,updated,2026-09-25,cve_2026_to_now,2026-09-26T12:01:40+00:00
CVE-2026-93806,updated,2026-09-25,cve_2026_to_now,2026-09-26T12:01:40+00:00
CVE-2026-93807,updated,2026-09-25,cve_2026_to_now,2026-09-26T12:01:40+00:00
CVE-2026-93808,updated,2026-09-25,cve_2026_to_now,2026-09-26T12:01:40+00:00
CVE-2026-93809,updated,2026-09-25,cve_2026_to_now,2026-09-26T12:01:40+00:00
CVE-2026-93810,updated,2026-09-25,cve_2026_to_now,2026-09-26T12:01:40+00:00
CVE-2026-93811,updated,2026-09-25,cve_2026_to_now,2026-09-26T12:01:40+00:00
CVE-2026-93812,updated,2026-09-25,cve_2026_to_now,2026-09-26T12:01:40+00:00
CVE-2026-93813,updated,2026-09-25,cve_2026_to_now,2026-09-26T12:01:40+00:00
CVE-2026-93814,updated,2026-09-25,cve_2026_to_now,2026-09-26T12:01:40+00:00
CVE-2026-93815,updated,2026-09-25,cve_2026_to_now,2026-09-26T12:01:40+00:00
CVE-2026-93816,updated,2026-09-25,cve_2026_to_now,2026-09-26T12:01:40+00:00
CVE-2026-93817,updated,2026-09-25,cve_2026_to_now,2026-09-26T12:01:40+00:00
CVE-2026-93818,updated,2026-09-25,cve_2026_to_now,2026-09-26T12:01:40+00:00
CVE-2026-93819,updated,2026-09-25,cve_2026_to_now,2026-09-26T12:01:40+00:00
CVE-2026-93820,updated,2026-09-25,cve_2026_to_now,2026-09-26T12:01:40+00:00
CVE-2026-93821,updated,2026-09-25,cve_2026_to_now,2026-09-26T12:01:40+00:00
CVE-2026-93822,updated,2026-09-25,cve_2026_to_now,2026-09-26T12:01:40+00:00
CVE-2026-93823,updated,2026-09-25,cve_2026_to_now,2026-09-26T12:01:40+00:00
CVE-2026-93824,updated,2026-09-25,cve_2026_to_now,2026-09-26T12:01:40+00:00
CVE-2026-93825,updated,2026-09-25,cve_2026_to_now,2026-09-26T12:01:40+00:00
CVE-2026-93826,updated,2026-09-25,cve_2026_to_now,2026-09-26T12:01:40+00:00
CVE-2026-93827,updated,2026-09-25,cve_2026_to_now,2026-09-26T12:01:40+00:00
CVE-2026-93828,updated,2026-09-25,cve_2026_to_now,2026-09-26T12:01:40+00:00
CVE-2026-93829,updated,2026-09-25,cve_2026_to_now,2026-09-26T12:01:40+00:00
CVE-2026-93830,updated,2026-09-25,cve_2026_to_now,2026-09-26T12:01:40+00:00
CVE-2026-93834,added,,cve_2026_to_now,2026-09-26T12:01:40+00:00
CVE-2026-93897,updated,,cve_2026_to_now,2026-09-26T12:01:40+00:00
CVE-2026-93899,updated,,cve_2026_to_now,2026-09-26T12:01:40+00:00
CVE-2026-93901,updated,,cve_2026_to_now,2026-09-26T12:01:40+00:00
CVE-2026-94376,updated,,cve_2026_to_now,2026-09-26T12:01:40+00:00
CVE-2026-94445,added,,cve_2026_to_now,2026-09-26T12:01:40+00:00
CVE-2026-94640,updated,2026-09-25,cve_2026_to_now,2026-09-26T12:01:40+00:00
CVE-2026-95396,updated,2026-09-25,cve_2026_to_now,2026-09-26T12:01:40+00:00
CVE-2026-95519,updated,2026-09-25,cve_2026_to_now,2026-09-26T12:01:40+00:00
CVE-2026-95653,updated,2026-09-25,cve_2026_to_now,2026-09-26T12:01:40+00:00
CVE-2026-95657,updated,2026-09-25,cve_2026_to_now,2026-09-26T12:01:40+00:00
CVE-2026-95699,updated,2026-09-25,cve_2026_to_now,2026-09-26T12:01:40+00:00
CVE-2026-95811,updated,,cve_2026_to_now,2026-09-26T12:01:40+00:00
CVE-2026-95813,updated,2026-09-26,cve_2026_to_now,2026-09-26T12:01:40+00:00
CVE-2026-95829,updated,2026-09-26,cve_2026_to_now,2026-09-26T12:01:40+00:00
CVE-2026-95832,added,,cve_2026_to_now,2026-09-26T12:01:40+00:00
CVE-2026-95834,added,,cve_2026_to_now,2026-09-26T12:01:40+00:00
CVE-2026-95835,added,,cve_2026_to_now,2026-09-26T12:01:40+00:00
CVE-2026-95864,updated,,cve_2026_to_now,2026-09-26T12:01:40+00:00
CVE-2026-95866,updated,,cve_2026_to_now,2026-09-26T12:01:40+00:00
CVE-2026-95924,updated,2026-09-26,cve_2026_to_now,2026-09-26T12:01:40+00:00
CVE-2026-95929,updated,2026-09-26,cve_2026_to_now,2026-09-26T12:01:40+00:00
CVE-2026-96039,updated,,cve_2026_to_now,2026-09-26T12:01:40+00:00
CVE-2026-96258,updated,2026-09-26,cve_2026_to_now,2026-09-26T12:01:40+00:00
CVE-2026-96272,updated,2026-09-26,cve_2026_to_now,2026-09-26T12:01:40+00:00
CVE-2026-96275,updated,2026-09-25,cve_2026_to_now,2026-09-26T12:01:40+00:00
CVE-2026-96524,added,,cve_2026_to_now,2026-09-26T12:01:40+00:00
CVE-2026-96525,added,,cve_2026_to_now,2026-09-26T12:01:40+00:00
CVE-2026-96526,added,,cve_2026_to_now,2026-09-26T12:01:40+00:00
CVE-2026-96531,added,,cve_2026_to_now,2026-09-26T12:01:40+00:00
CVE-2026-96532,added,,cve_2026_to_now,2026-09-26T12:01:40+00:00
CVE-2026-96533,added,,cve_2026_to_now,2026-09-26T12:01:40+00:00
CVE-2026-96546,updated,2026-09-25,cve_2026_to_now,2026-09-26T12:01:40+00:00
CVE-2026-96568,updated,,cve_2026_to_now,2026-09-26T12:01:40+00:00
CVE-2026-96749,updated,2026-09-26,cve_2026_to_now,2026-09-26T12:01:40+00:00
CVE-2026-96795,added,,cve_2026_to_now,2026-09-26T12:01:40+00:00
CVE-2026-96812,added,,cve_2026_to_now,2026-09-26T12:01:40+00:00
CVE-2026-96873,updated,2026-09-25,cve_2026_to_now,2026-09-26T12:01:40+00:00
CVE-2026-96874,added,,cve_2026_to_now,2026-09-26T12:01:40+00:00
CVE-2026-96875,added,,cve_2026_to_now,2026-09-26T12:01:40+00:00
CVE-2026-96876,added,,cve_2026_to_now,2026-09-26T12:01:40+00:00
CVE-2026-96877,added,,cve_2026_to_now,2026-09-26T12:01:40+00:00
CVE-2026-96878,added,,cve_2026_to_now,2026-09-26T12:01:40+00:00
CVE-2026-96879,added,,cve_2026_to_now,2026-09-26T12:01:40+00:00
CVE-2026-96889,updated,2026-09-25,cve_2026_to_now,2026-09-26T12:01:40+00:00
CVE-2026-97060,added,,cve_2026_to_now,2026-09-26T12:01:40+00:00
CVE-2026-97063,added,,cve_2026_to_now,2026-09-26T12:01:40+00:00
CVE-2026-97064,added,,cve_2026_to_now,2026-09-26T12:01:40+00:00
CVE-2026-97222,added,,cve_2026_to_now,2026-09-26T12:01:40+00:00
CVE-2026-97225,updated,2026-09-25,cve_2026_to_now,2026-09-26T12:01:40+00:00
CVE-2026-97230,updated,2026-09-25,cve_2026_to_now,2026-09-26T12:01:40+00:00
CVE-2026-97320,updated,2026-09-25,cve_2026_to_now,2026-09-26T12:01:40+00:00
CVE-2026-97325,updated,2026-09-25,cve_2026_to_now,2026-09-26T12:01:40+00:00
CVE-2026-97326,updated,2026-09-25,cve_2026_to_now,2026-09-26T12:01:40+00:00
CVE-2026-97366,updated,2026-09-25,cve_2026_to_now,2026-09-26T12:01:40+00:00
CVE-2026-97368,updated,2026-09-25,cve_2026_to_now,2026-09-26T12:01:40+00:00
CVE-2026-97407,updated,2026-09-25,cve_2026_to_now,2026-09-26T12:01:40+00:00
CVE-2026-97408,updated,2026-09-25,cve_2026_to_now,2026-09-26T12:01:40+00:00
CVE-2026-97409,updated,2026-09-25,cve_2026_to_now,2026-09-26T12:01:40+00:00
CVE-2026-97410,updated,2026-09-25,cve_2026_to_now,2026-09-26T12:01:40+00:00
CVE-2026-97411,updated,2026-09-25,cve_2026_to_now,2026-09-26T12:01:40+00:00
CVE-2026-97412,updated,2026-09-25,cve_2026_to_now,2026-09-26T12:01:40+00:00
CVE-2026-97413,updated,2026-09-25,cve_2026_to_now,2026-09-26T12:01:40+00:00
CVE-2026-97414,updated,2026-09-25,cve_2026_to_now,2026-09-26T12:01:40+00:00
CVE-2026-97415,updated,2026-09-25,cve_2026_to_now,2026-09-26T12:01:40+00:00
CVE-2026-97416,updated,2026-09-25,cve_2026_to_now,2026-09-26T12:01:40+00:00
CVE-2026-97417,updated,2026-09-25,cve_2026_to_now,2026-09-26T12:01:40+00:00
CVE-2026-97418,updated,2026-09-25,cve_2026_to_now,2026-09-26T12:01:40+00:00
CVE-2026-97419,updated,2026-09-25,cve_2026_to_now,2026-09-26T12:01:40+00:00
CVE-2026-97420,updated,2026-09-25,cve_2026_to_now,2026-09-26T12:01:40+00:00
CVE-2026-97421,updated,2026-09-25,cve_2026_to_now,2026-09-26T12:01:40+00:00
CVE-2026-97422,updated,2026-09-25,cve_2026_to_now,2026-09-26T12:01:40+00:00
CVE-2026-97423,updated,2026-09-25,cve_2026_to_now,2026-09-26T12:01:40+00:00
CVE-2026-97424,updated,2026-09-25,cve_2026_to_now,2026-09-26T12:01:40+00:00
CVE-2026-97425,updated,2026-09-25,cve_2026_to_now,2026-09-26T12:01:40+00:00
CVE-2026-97426,updated,2026-09-25,cve_2026_to_now,2026-09-26T12:01:40+00:00
CVE-2026-97427,updated,2026-09-25,cve_2026_to_now,2026-09-26T12:01:40+00:00
CVE-2026-97428,updated,2026-09-25,cve_2026_to_now,2026-09-26T12:01:40+00:00
CVE-2026-97429,updated,2026-09-25,cve_2026_to_now,2026-09-26T12:01:40+00:00
CVE-2026-97430,updated,2026-09-25,cve_2026_to_now,2026-09-26T12:01:40+00:00
CVE-2026-97431,updated,2026-09-25,cve_2026_to_now,2026-09-26T12:01:40+00:00
CVE-2026-97432,updated,2026-09-25,cve_2026_to_now,2026-09-26T12:01:40+00:00
CVE-2026-97433,updated,2026-09-25,cve_2026_to_now,2026-09-26T12:01:40+00:00
CVE-2026-97434,updated,2026-09-25,cve_2026_to_now,2026-09-26T12:01:40+00:00
CVE-2026-97435,updated,2026-09-25,cve_2026_to_now,2026-09-26T12:01:40+00:00
CVE-2026-97436,updated,2026-09-25,cve_2026_to_now,2026-09-26T12:01:40+00:00
CVE-2026-97437,updated,2026-09-25,cve_2026_to_now,2026-09-26T12:01:40+00:00
CVE-2026-97438,updated,2026-09-25,cve_2026_to_now,2026-09-26T12:01:40+00:00
CVE-2026-97439,updated,2026-09-25,cve_2026_to_now,2026-09-26T12:01:40+00:00
CVE-2026-97440,updated,2026-09-25,cve_2026_to_now,2026-09-26T12:01:40+00:00
CVE-2026-97441,updated,2026-09-25,cve_2026_to_now,2026-09-26T12:01:40+00:00
CVE-2026-97442,updated,2026-09-25,cve_2026_to_now,2026-09-26T12:01:40+00:00
CVE-2026-97443,updated,2026-09-25,cve_2026_to_now,2026-09-26T12:01:40+00:00
CVE-2026-97444,updated,2026-09-25,cve_2026_to_now,2026-09-26T12:01:40+00:00
CVE-2026-97445,updated,2026-09-25,cve_2026_to_now,2026-09-26T12:01:40+00:00
CVE-2026-97446,updated,2026-09-25,cve_2026_to_now,2026-09-26T12:01:40+00:00
CVE-2026-97447,updated,2026-09-25,cve_2026_to_now,2026-09-26T12:01:40+00:00
CVE-2026-97469,added,,cve_2026_to_now,2026-09-26T12:01:40+00:00
CVE-2026-97523,updated,,cve_2026_to_now,2026-09-26T12:01:40+00:00
CVE-2026-97524,updated,,cve_2026_to_now,2026-09-26T12:01:40+00:00
CVE-2026-97525,updated,,cve_2026_to_now,2026-09-26T12:01:40+00:00
CVE-2026-97527,updated,,cve_2026_to_now,2026-09-26T12:01:40+00:00
CVE-2026-97528,updated,,cve_2026_to_now,2026-09-26T12:01:40+00:00
CVE-2026-97531,updated,,cve_2026_to_now,2026-09-26T12:01:40+00:00
CVE-2026-97536,updated,,cve_2026_to_now,2026-09-26T12:01:40+00:00
CVE-2026-97548,updated,,cve_2026_to_now,2026-09-26T12:01:40+00:00
CVE-2026-97549,updated,,cve_2026_to_now,2026-09-26T12:01:40+00:00
CVE-2026-97555,updated,,cve_2026_to_now,2026-09-26T12:01:40+00:00
CVE-2026-97557,updated,,cve_2026_to_now,2026-09-26T12:01:40+00:00
CVE-2026-97558,updated,,cve_2026_to_now,2026-09-26T12:01:40+00:00
CVE-2026-97562,updated,,cve_2026_to_now,2026-09-26T12:01:40+00:00
CVE-2026-97570,updated,,cve_2026_to_now,2026-09-26T12:01:40+00:00
CVE-2026-97573,updated,,cve_2026_to_now,2026-09-26T12:01:40+00:00
CVE-2026-97575,updated,,cve_2026_to_now,2026-09-26T12:01:40+00:00
CVE-2026-97576,updated,,cve_2026_to_now,2026-09-26T12:01:40+00:00
CVE-2026-97577,updated,,cve_2026_to_now,2026-09-26T12:01:40+00:00
CVE-2026-97578,updated,,cve_2026_to_now,2026-09-26T12:01:40+00:00
CVE-2026-97579,updated,,cve_2026_to_now,2026-09-26T12:01:40+00:00
CVE-2026-97580,updated,,cve_2026_to_now,2026-09-26T12:01:40+00:00
CVE-2026-97583,updated,,cve_2026_to_now,2026-09-26T12:01:40+00:00
CVE-2026-97584,updated,,cve_2026_to_now,2026-09-26T12:01:40+00:00
CVE-2026-97589,updated,,cve_2026_to_now,2026-09-26T12:01:40+00:00
CVE-2026-97594,updated,,cve_2026_to_now,2026-09-26T12:01:40+00:00
CVE-2026-97595,updated,,cve_2026_to_now,2026-09-26T12:01:40+00:00
CVE-2026-97602,updated,,cve_2026_to_now,2026-09-26T12:01:40+00:00
CVE-2026-97608,updated,,cve_2026_to_now,2026-09-26T12:01:40+00:00
CVE-2026-97609,updated,,cve_2026_to_now,2026-09-26T12:01:40+00:00
CVE-2026-97611,updated,,cve_2026_to_now,2026-09-26T12:01:40+00:00
CVE-2026-97612,updated,,cve_2026_to_now,2026-09-26T12:01:40+00:00
CVE-2026-97636,updated,2026-09-25,cve_2026_to_now,2026-09-26T12:01:40+00:00
CVE-2026-97646,updated,,cve_2026_to_now,2026-09-26T12:01:40+00:00
CVE-2026-97648,updated,,cve_2026_to_now,2026-09-26T12:01:40+00:00
CVE-2026-97649,updated,,cve_2026_to_now,2026-09-26T12:01:40+00:00
CVE-2026-97650,updated,,cve_2026_to_now,2026-09-26T12:01:40+00:00
CVE-2026-97723,updated,,cve_2026_to_now,2026-09-26T12:01:40+00:00
CVE-2026-97724,updated,,cve_2026_to_now,2026-09-26T12:01:40+00:00
CVE-2026-97731,updated,,cve_2026_to_now,2026-09-26T12:01:40+00:00
CVE-2026-97732,updated,,cve_2026_to_now,2026-09-26T12:01:40+00:00
CVE-2026-97735,updated,,cve_2026_to_now,2026-09-26T12:01:40+00:00
CVE-2026-97737,updated,,cve_2026_to_now,2026-09-26T12:01:40+00:00
CVE-2026-97764,updated,,cve_2026_to_now,2026-09-26T12:01:40+00:00
CVE-2026-97818,updated,,cve_2026_to_now,2026-09-26T12:01:40+00:00
CVE-2026-97846,updated,,cve_2026_to_now,2026-09-26T12:01:40+00:00
CVE-2026-97863,updated,,cve_2026_to_now,2026-09-26T12:01:40+00:00
CVE-2026-97864,added,,cve_2026_to_now,2026-09-26T12:01:40+00:00
CVE-2026-97865,added,,cve_2026_to_now,2026-09-26T12:01:40+00:00
CVE-2026-97866,added,,cve_2026_to_now,2026-09-26T12:01:40+00:00
CVE-2026-97868,added,,cve_2026_to_now,2026-09-26T12:01:40+00:00
CVE-2026-97869,added,,cve_2026_to_now,2026-09-26T12:01:40+00:00
CVE-2026-97871,added,,cve_2026_to_now,2026-09-26T12:01:40+00:00
CVE-2026-97875,updated,,cve_2026_to_now,2026-09-26T12:01:40+00:00
CVE-2026-97877,added,,cve_2026_to_now,2026-09-26T12:01:40+00:00
CVE-2026-97878,added,,cve_2026_to_now,2026-09-26T12:01:40+00:00
CVE-2026-97879,added,,cve_2026_to_now,2026-09-26T12:01:40+00:00
CVE-2026-97882,added,,cve_2026_to_now,2026-09-26T12:01:40+00:00
CVE-2026-97883,added,,cve_2026_to_now,2026-09-26T12:01:40+00:00
CVE-2026-97884,added,,cve_2026_to_now,2026-09-26T12:01:40+00:00
CVE-2026-97885,added,,cve_2026_to_now,2026-09-26T12:01:40+00:00
CVE-2026-97886,added,,cve_2026_to_now,2026-09-26T12:01:40+00:00
CVE-2026-97895,added,,cve_2026_to_now,2026-09-26T12:01:40+00:00
CVE-2026-97896,added,,cve_2026_to_now,2026-09-26T12:01:40+00:00
CVE-2026-97897,added,,cve_2026_to_now,2026-09-26T12:01:40+00:00
CVE-2026-97898,updated,,cve_2026_to_now,2026-09-26T12:01:40+00:00
CVE-2026-97903,updated,,cve_2026_to_now,2026-09-26T12:01:40+00:00
CVE-2026-97910,updated,,cve_2026_to_now,2026-09-26T12:01:40+00:00
CVE-2026-97911,updated,,cve_2026_to_now,2026-09-26T12:01:40+00:00
CVE-2026-97926,updated,,cve_2026_to_now,2026-09-26T12:01:40+00:00
CVE-2026-97931,updated,,cve_2026_to_now,2026-09-26T12:01:40+00:00
CVE-2026-97937,updated,,cve_2026_to_now,2026-09-26T12:01:40+00:00
CVE-2026-97940,updated,,cve_2026_to_now,2026-09-26T12:01:40+00:00
CVE-2026-97941,updated,,cve_2026_to_now,2026-09-26T12:01:40+00:00
CVE-2026-97953,updated,,cve_2026_to_now,2026-09-26T12:01:40+00:00
CVE-2026-97957,updated,,cve_2026_to_now,2026-09-26T12:01:40+00:00
CVE-2026-97971,updated,,cve_2026_to_now,2026-09-26T12:01:40+00:00
CVE-2026-97990,updated,,cve_2026_to_now,2026-09-26T12:01:40+00:00
CVE-2026-97991,updated,,cve_2026_to_now,2026-09-26T12:01:40+00:00
CVE-2026-98002,updated,,cve_2026_to_now,2026-09-26T12:01:40+00:00
CVE-2026-98017,updated,,cve_2026_to_now,2026-09-26T12:01:40+00:00
CVE-2026-98023,updated,,cve_2026_to_now,2026-09-26T12:01:40+00:00
CVE-2026-98027,updated,,cve_2026_to_now,2026-09-26T12:01:40+00:00
CVE-2026-98029,updated,,cve_2026_to_now,2026-09-26T12:01:40+00:00
CVE-2026-98030,updated,,cve_2026_to_now,2026-09-26T12:01:40+00:00
CVE-2026-98041,updated,,cve_2026_to_now,2026-09-26T12:01:40+00:00
CVE-2026-98050,updated,,cve_2026_to_now,2026-09-26T12:01:40+00:00
CVE-2026-98052,updated,,cve_2026_to_now,2026-09-26T12:01:40+00:00
CVE-2026-98056,updated,,cve_2026_to_now,2026-09-26T12:01:40+00:00
CVE-2026-98069,updated,,cve_2026_to_now,2026-09-26T12:01:40+00:00
CVE-2026-98070,updated,,cve_2026_to_now,2026-09-26T12:01:40+00:00
CVE-2026-98073,updated,,cve_2026_to_now,2026-09-26T12:01:40+00:00
CVE-2026-98083,updated,,cve_2026_to_now,2026-09-26T12:01:40+00:00
CVE-2026-98096,updated,,cve_2026_to_now,2026-09-26T12:01:40+00:00
CVE-2026-98108,updated,,cve_2026_to_now,2026-09-26T12:01:40+00:00
CVE-2026-98112,updated,,cve_2026_to_now,2026-09-26T12:01:40+00:00
CVE-2026-98115,updated,,cve_2026_to_now,2026-09-26T12:01:40+00:00
CVE-2026-98116,updated,,cve_2026_to_now,2026-09-26T12:01:40+00:00
CVE-2026-98122,updated,,cve_2026_to_now,2026-09-26T12:01:40+00:00
CVE-2026-98130,updated,,cve_2026_to_now,2026-09-26T12:01:40+00:00
CVE-2026-98143,updated,,cve_2026_to_now,2026-09-26T12:01:40+00:00
CVE-2026-98150,updated,,cve_2026_to_now,2026-09-26T12:01:40+00:00
CVE-2026-98154,updated,,cve_2026_to_now,2026-09-26T12:01:40+00:00
CVE-2026-98156,updated,,cve_2026_to_now,2026-09-26T12:01:40+00:00
CVE-2026-98160,added,,cve_2026_to_now,2026-09-26T12:01:40+00:00
CVE-2026-98161,added,,cve_2026_to_now,2026-09-26T12:01:40+00:00
CVE-2026-98162,added,,cve_2026_to_now,2026-09-26T12:01:40+00:00
CVE-2026-98163,added,,cve_2026_to_now,2026-09-26T12:01:40+00:00
CVE-2026-100070,added,,cve_2026_to_now,2026-09-26T12:01:40+00:00
CVE-2026-100071,added,,cve_2026_to_now,2026-09-26T12:01:40+00:00
CVE-2026-100072,added,,cve_2026_to_now,2026-09-26T12:01:40+00:00
CVE-2026-100073,added,,cve_2026_to_now,2026-09-26T12:01:40+00:00
CVE-2026-100074,added,,cve_2026_to_now,2026-09-26T12:01:40+00:00
CVE-2026-100075,added,,cve_2026_to_now,2026-09-26T12:01:40+00:00
CVE-2026-100076,added,,cve_2026_to_now,2026-09-26T12:01:40+00:00
CVE-2026-100077,added,,cve_2026_to_now,2026-09-26T12:01:40+00:00
CVE-2026-100078,added,,cve_2026_to_now,2026-09-26T12:01:40+00:00
CVE-2026-100079,added,,cve_2026_to_now,2026-09-26T12:01:40+00:00
CVE-2026-100172,added,,cve_2026_to_now,2026-09-26T12:01:40+00:00
CVE-2026-100174,added,,cve_2026_to_now,2026-09-26T12:01:40+00:00
CVE-2026-100176,added,,cve_2026_to_now,2026-09-26T12:01:40+00:00
CVE-2026-100177,added,,cve_2026_to_now,2026-09-26T12:01:40+00:00
CVE-2026-100187,added,,cve_2026_to_now,2026-09-26T12:01:40+00:00
CVE-2026-100190,added,,cve_2026_to_now,2026-09-26T12:01:40+00:00
CVE-2026-100192,added,,cve_2026_to_now,2026-09-26T12:01:40+00:00
CVE-2026-100208,added,2026-09-26,cve_2026_to_now,2026-09-26T12:01:40+00:00
CVE-2026-100230,added,,cve_2026_to_now,2026-09-26T12:01:40+00:00
CVE-2026-100237,added,,cve_2026_to_now,2026-09-26T12:01:40+00:00
CVE-2026-100248,added,,cve_2026_to_now,2026-09-26T12:01:40+00:00
CVE-2026-100303,added,,cve_2026_to_now,2026-09-26T12:01:40+00:00
CVE-2026-100304,added,,cve_2026_to_now,2026-09-26T12:01:40+00:00
CVE-2026-100305,added,,cve_2026_to_now,2026-09-26T12:01:40+00:00
CVE-2026-100306,added,,cve_2026_to_now,2026-09-26T12:01:40+00:00
CVE-2026-100310,added,,cve_2026_to_now,2026-09-26T12:01:40+00:00
CVE-2026-100311,added,,cve_2026_to_now,2026-09-26T12:01:40+00:00
CVE-2026-100312,added,,cve_2026_to_now,2026-09-26T12:01:40+00:00
CVE-2026-100313,added,,cve_2026_to_now,2026-09-26T12:01:40+00:00
CVE-2026-100314,added,,cve_2026_to_now,2026-09-26T12:01:40+00:00
CVE-2026-100368,added,,cve_2026_to_now,2026-09-26T12:01:40+00:00
CVE-2026-100369,added,,cve_2026_to_now,2026-09-26T12:01:40+00:00
CVE-2026-100372,added,,cve_2026_to_now,2026-09-26T12:01:40+00:00
CVE-2026-100373,added,,cve_2026_to_now,2026-09-26T12:01:40+00:00
CVE-2026-100376,added,,cve_2026_to_now,2026-09-26T12:01:40+00:00
CVE-2026-100377,added,,cve_2026_to_now,2026-09-26T12:01:40+00:00
CVE-2026-100378,added,,cve_2026_to_now,2026-09-26T12:01:40+00:00
CVE-2026-100379,added,,cve_2026_to_now,2026-09-26T12:01:40+00:00
CVE-2026-100380,added,,cve_2026_to_now,2026-09-26T12:01:40+00:00
CVE-2026-100381,added,,cve_2026_to_now,2026-09-26T12:01:40+00:00
CVE-2026-100382,added,,cve_2026_to_now,2026-09-26T12:01:40+00:00
CVE-2026-100383,added,,cve_2026_to_now,2026-09-26T12:01:40+00:00
CVE-2026-100387,added,,cve_2026_to_now,2026-09-26T12:01:40+00:00
CVE-2026-100388,added,,cve_2026_to_now,2026-09-26T12:01:40+00:00
CVE-2026-100389,added,,cve_2026_to_now,2026-09-26T12:01:40+00:00
CVE-2026-100390,added,,cve_2026_to_now,2026-09-26T12:01:40+00:00
CVE-2026-100391,added,,cve_2026_to_now,2026-09-26T12:01:40+00:00
CVE-2026-100417,added,,cve_2026_to_now,2026-09-26T12:01:40+00:00
CVE-2026-100418,added,,cve_2026_to_now,2026-09-26T12:01:40+00:00
CVE-2026-100419,added,,cve_2026_to_now,2026-09-26T12:01:40+00:00
CVE-2026-100501,added,,cve_2026_to_now,2026-09-26T12:01:40+00:00
CVE-2026-100502,added,,cve_2026_to_now,2026-09-26T12:01:40+00:00
CVE-2026-100503,added,,cve_2026_to_now,2026-09-26T12:01:40+00:00
CVE-2026-100504,added,,cve_2026_to_now,2026-09-26T12:01:40+00:00
CVE-2026-100505,added,,cve_2026_to_now,2026-09-26T12:01:40+00:00
CVE-2026-100520,added,,cve_2026_to_now,2026-09-26T12:01:40+00:00
CVE-2026-100521,added,,cve_2026_to_now,2026-09-26T12:01:40+00:00
CVE-2026-100522,added,,cve_2026_to_now,2026-09-26T12:01:40+00:00
CVE-2026-100523,added,,cve_2026_to_now,2026-09-26T12:01:40+00:00
CVE-2026-100524,added,,cve_2026_to_now,2026-09-26T12:01:40+00:00
CVE-2026-100525,added,,cve_2026_to_now,2026-09-26T12:01:40+00:00
CVE-2026-100526,added,,cve_2026_to_now,2026-09-26T12:01:40+00:00
CVE-2026-100527,added,,cve_2026_to_now,2026-09-26T12:01:40+00:00
CVE-2026-100528,added,,cve_2026_to_now,2026-09-26T12:01:40+00:00
CVE-2026-100529,added,,cve_2026_to_now,2026-09-26T12:01:40+00:00
CVE-2026-100530,added,,cve_2026_to_now,2026-09-26T12:01:40+00:00
CVE-2026-100531,added,,cve_2026_to_now,2026-09-26T12:01:40+00:00
CVE-2026-100532,added,,cve_2026_to_now,2026-09-26T12:01:40+00:00
CVE-2026-100533,added,,cve_2026_to_now,2026-09-26T12:01:40+00:00
CVE-2026-100534,added,,cve_2026_to_now,2026-09-26T12:01:40+00:00
CVE-2026-100535,added,,cve_2026_to_now,2026-09-26T12:01:40+00:00
CVE-2026-100536,added,,cve_2026_to_now,2026-09-26T12:01:40+00:00
CVE-2026-100537,added,,cve_2026_to_now,2026-09-26T12:01:40+00:00
CVE-2026-100538,added,,cve_2026_to_now,2026-09-26T12:01:40+00:00
CVE-2026-100539,added,,cve_2026_to_now,2026-09-26T12:01:40+00:00
CVE-2026-100540,added,,cve_2026_to_now,2026-09-26T12:01:40+00:00
CVE-2026-100541,added,,cve_2026_to_now,2026-09-26T12:01:40+00:00
CVE-2026-100542,added,,cve_2026_to_now,2026-09-26T12:01:40+00:00
CVE-2026-100543,added,,cve_2026_to_now,2026-09-26T12:01:40+00:00
CVE-2026-100544,added,,cve_2026_to_now,2026-09-26T12:01:40+00:00
CVE-2026-100545,added,,cve_2026_to_now,2026-09-26T12:01:40+00:00
CVE-2026-100546,added,,cve_2026_to_now,2026-09-26T12:01:40+00:00
CVE-2026-100547,added,,cve_2026_to_now,2026-09-26T12:01:40+00:00
CVE-2026-100548,added,,cve_2026_to_now,2026-09-26T12:01:40+00:00
CVE-2026-100549,added,,cve_2026_to_now,2026-09-26T12:01:40+00:00
CVE-2026-100550,added,,cve_2026_to_now,2026-09-26T12:01:40+00:00
CVE-2026-100551,added,,cve_2026_to_now,2026-09-26T12:01:40+00:00
CVE-2026-100552,added,,cve_2026_to_now,2026-09-26T12:01:40+00:00
CVE-2026-100553,added,,cve_2026_to_now,2026-09-26T12:01:40+00:00
CVE-2026-100554,added,,cve_2026_to_now,2026-09-26T12:01:40+00:00
CVE-2026-100555,added,,cve_2026_to_now,2026-09-26T12:01:40+00:00
CVE-2026-100556,added,,cve_2026_to_now,2026-09-26T12:01:40+00:00
CVE-2026-100557,added,,cve_2026_to_now,2026-09-26T12:01:40+00:00
CVE-2026-100558,added,,cve_2026_to_now,2026-09-26T12:01:40+00:00
CVE-2026-100559,added,,cve_2026_to_now,2026-09-26T12:01:40+00:00
CVE-2026-100560,added,,cve_2026_to_now,2026-09-26T12:01:40+00:00
CVE-2026-100561,added,,cve_2026_to_now,2026-09-26T12:01:40+00:00
CVE-2026-100562,added,,cve_2026_to_now,2026-09-26T12:01:40+00:00
CVE-2026-100563,added,,cve_2026_to_now,2026-09-26T12:01:40+00:00
CVE-2026-100564,added,,cve_2026_to_now,2026-09-26T12:01:40+00:00
CVE-2026-100566,added,,cve_2026_to_now,2026-09-26T12:01:40+00:00
CVE-2026-100567,added,,cve_2026_to_now,2026-09-26T12:01:40+00:00
CVE-2026-100568,added,,cve_2026_to_now,2026-09-26T12:01:40+00:00
CVE-2026-100569,added,,cve_2026_to_now,2026-09-26T12:01:40+00:00
CVE-2026-100570,added,,cve_2026_to_now,2026-09-26T12:01:40+00:00
CVE-2026-100571,added,,cve_2026_to_now,2026-09-26T12:01:40+00:00
CVE-2026-100572,added,,cve_2026_to_now,2026-09-26T12:01:40+00:00
CVE-2026-100573,added,,cve_2026_to_now,2026-09-26T12:01:40+00:00
CVE-2026-100574,added,,cve_2026_to_now,2026-09-26T12:01:40+00:00
CVE-2026-100575,added,,cve_2026_to_now,2026-09-26T12:01:40+00:00
CVE-2026-100576,added,,cve_2026_to_now,2026-09-26T12:01:40+00:00
CVE-2026-100577,added,,cve_2026_to_now,2026-09-26T12:01:40+00:00
CVE-2026-100578,added,,cve_2026_to_now,2026-09-26T12:01:40+00:00
CVE-2026-100579,added,,cve_2026_to_now,2026-09-26T12:01:40+00:00
CVE-2026-100580,added,,cve_2026_to_now,2026-09-26T12:01:40+00:00
CVE-2026-100581,added,,cve_2026_to_now,2026-09-26T12:01:40+00:00
CVE-2026-100582,added,,cve_2026_to_now,2026-09-26T12:01:40+00:00
CVE-2026-100583,added,,cve_2026_to_now,2026-09-26T12:01:40+00:00
CVE-2026-100584,added,,cve_2026_to_now,2026-09-26T12:01:40+00:00
CVE-2026-100585,added,,cve_2026_to_now,2026-09-26T12:01:40+00:00
CVE-2026-100586,added,,cve_2026_to_now,2026-09-26T12:01:40+00:00
CVE-2026-100587,added,,cve_2026_to_now,2026-09-26T12:01:40+00:00
CVE-2026-100588,added,,cve_2026_to_now,2026-09-26T12:01:40+00:00
CVE-2026-100589,added,,cve_2026_to_now,2026-09-26T12:01:40+00:00
CVE-2026-100590,added,,cve_2026_to_now,2026-09-26T12:01:40+00:00
CVE-2026-100591,added,,cve_2026_to_now,2026-09-26T12:01:40+00:00
CVE-2026-100592,added,,cve_2026_to_now,2026-09-26T12:01:40+00:00
CVE-2026-100593,added,,cve_2026_to_now,2026-09-26T12:01:40+00:00
CVE-2026-100594,added,,cve_2026_to_now,2026-09-26T12:01:40+00:00
CVE-2026-100595,added,,cve_2026_to_now,2026-09-26T12:01:40+00:00
CVE-2026-100596,added,,cve_2026_to_now,2026-09-26T12:01:40+00:00
CVE-2026-100597,added,,cve_2026_to_now,2026-09-26T12:01:40+00:00
CVE-2026-100598,added,,cve_2026_to_now,2026-09-26T12:01:40+00:00
CVE-2026-100599,added,,cve_2026_to_now,2026-09-26T12:01:40+00:00
