cve_id,change_type,date_updated,shard,run_utc
CVE-2020-37277,updated,2026-09-08,cve_2022_and_before,2026-09-09T12:07:22+00:00
CVE-2021-44319,updated,2026-09-08,cve_2022_and_before,2026-09-09T12:07:22+00:00
CVE-2021-47996,removed,,cve_2022_and_before,2026-09-09T12:07:22+00:00
CVE-2022-4993,updated,2026-09-08,cve_2022_and_before,2026-09-09T12:07:22+00:00
CVE-2022-50998,removed,,cve_2022_and_before,2026-09-09T12:07:22+00:00
CVE-2022-50999,removed,,cve_2022_and_before,2026-09-09T12:07:22+00:00
CVE-2022-51000,removed,,cve_2022_and_before,2026-09-09T12:07:22+00:00
CVE-2022-51008,updated,2026-09-08,cve_2022_and_before,2026-09-09T12:07:22+00:00
CVE-2022-51010,updated,2026-09-08,cve_2022_and_before,2026-09-09T12:07:22+00:00
CVE-2022-51012,updated,2026-09-08,cve_2022_and_before,2026-09-09T12:07:22+00:00
CVE-2022-51015,updated,2026-09-08,cve_2022_and_before,2026-09-09T12:07:22+00:00
CVE-2022-51017,updated,2026-09-08,cve_2022_and_before,2026-09-09T12:07:22+00:00
CVE-2023-52251,updated,2026-09-08,cve_2023_to_2025,2026-09-09T12:07:22+00:00
CVE-2023-54354,removed,,cve_2023_to_2025,2026-09-09T12:07:22+00:00
CVE-2024-1249,updated,2026-09-08,cve_2023_to_2025,2026-09-09T12:07:22+00:00
CVE-2024-3653,updated,2026-09-08,cve_2023_to_2025,2026-09-09T12:07:22+00:00
CVE-2024-9355,updated,2026-09-08,cve_2023_to_2025,2026-09-09T12:07:22+00:00
CVE-2024-11831,updated,2026-09-08,cve_2023_to_2025,2026-09-09T12:07:22+00:00
CVE-2025-2786,updated,2026-09-08,cve_2023_to_2025,2026-09-09T12:07:22+00:00
CVE-2025-2842,updated,2026-09-08,cve_2023_to_2025,2026-09-09T12:07:22+00:00
CVE-2025-3271,added,,cve_2023_to_2025,2026-09-09T12:07:22+00:00
CVE-2025-5278,updated,2026-09-08,cve_2023_to_2025,2026-09-09T12:07:22+00:00
CVE-2025-5318,updated,2026-09-08,cve_2023_to_2025,2026-09-09T12:07:22+00:00
CVE-2025-5914,updated,2026-09-09,cve_2023_to_2025,2026-09-09T12:07:22+00:00
CVE-2025-6020,updated,2026-09-08,cve_2023_to_2025,2026-09-09T12:07:22+00:00
CVE-2025-7062,added,,cve_2023_to_2025,2026-09-09T12:07:22+00:00
CVE-2025-7195,updated,2026-09-08,cve_2023_to_2025,2026-09-09T12:07:22+00:00
CVE-2025-7425,updated,2026-09-08,cve_2023_to_2025,2026-09-09T12:07:22+00:00
CVE-2025-14733,updated,2026-09-09,cve_2023_to_2025,2026-09-09T12:07:22+00:00
CVE-2025-15647,updated,2026-09-08,cve_2023_to_2025,2026-09-09T12:07:22+00:00
CVE-2025-15690,added,,cve_2023_to_2025,2026-09-09T12:07:22+00:00
CVE-2025-20701,updated,2026-02-26,cve_2023_to_2025,2026-09-09T12:07:22+00:00
CVE-2025-34115,updated,2026-05-15,cve_2023_to_2025,2026-09-09T12:07:22+00:00
CVE-2025-38352,updated,2026-09-08,cve_2023_to_2025,2026-09-09T12:07:22+00:00
CVE-2025-46808,added,,cve_2023_to_2025,2026-09-09T12:07:22+00:00
CVE-2025-48564,updated,2026-09-08,cve_2023_to_2025,2026-09-09T12:07:22+00:00
CVE-2025-48565,updated,2026-09-08,cve_2023_to_2025,2026-09-09T12:07:22+00:00
CVE-2025-48566,updated,2026-09-08,cve_2023_to_2025,2026-09-09T12:07:22+00:00
CVE-2025-48651,updated,2026-09-08,cve_2023_to_2025,2026-09-09T12:07:22+00:00
CVE-2025-52651,updated,2026-09-08,cve_2023_to_2025,2026-09-09T12:07:22+00:00
CVE-2025-52652,updated,2026-09-08,cve_2023_to_2025,2026-09-09T12:07:22+00:00
CVE-2025-52657,updated,2026-09-08,cve_2023_to_2025,2026-09-09T12:07:22+00:00
CVE-2025-54603,updated,2026-09-08,cve_2023_to_2025,2026-09-09T12:07:22+00:00
CVE-2025-64542,added,,cve_2023_to_2025,2026-09-09T12:07:22+00:00
CVE-2025-64584,added,,cve_2023_to_2025,2026-09-09T12:07:22+00:00
CVE-2025-64588,added,,cve_2023_to_2025,2026-09-09T12:07:22+00:00
CVE-2025-64589,added,,cve_2023_to_2025,2026-09-09T12:07:22+00:00
CVE-2025-64610,added,,cve_2023_to_2025,2026-09-09T12:07:22+00:00
CVE-2025-64618,added,,cve_2023_to_2025,2026-09-09T12:07:22+00:00
CVE-2025-64830,added,,cve_2023_to_2025,2026-09-09T12:07:22+00:00
CVE-2025-64838,added,,cve_2023_to_2025,2026-09-09T12:07:22+00:00
CVE-2025-64854,added,,cve_2023_to_2025,2026-09-09T12:07:22+00:00
CVE-2025-64866,added,,cve_2023_to_2025,2026-09-09T12:07:22+00:00
CVE-2025-64868,added,,cve_2023_to_2025,2026-09-09T12:07:22+00:00
CVE-2025-67038,updated,2026-09-08,cve_2023_to_2025,2026-09-09T12:07:22+00:00
CVE-2025-67066,updated,2026-09-08,cve_2023_to_2025,2026-09-09T12:07:22+00:00
CVE-2025-70141,updated,2026-09-08,cve_2023_to_2025,2026-09-09T12:07:22+00:00
CVE-2025-70146,updated,2026-09-08,cve_2023_to_2025,2026-09-09T12:07:22+00:00
CVE-2025-70147,updated,2026-09-08,cve_2023_to_2025,2026-09-09T12:07:22+00:00
CVE-2025-70148,updated,2026-09-08,cve_2023_to_2025,2026-09-09T12:07:22+00:00
CVE-2025-70149,updated,2026-09-08,cve_2023_to_2025,2026-09-09T12:07:22+00:00
CVE-2025-70150,updated,2026-09-08,cve_2023_to_2025,2026-09-09T12:07:22+00:00
CVE-2025-70151,updated,2026-09-08,cve_2023_to_2025,2026-09-09T12:07:22+00:00
CVE-2025-70152,updated,2026-09-08,cve_2023_to_2025,2026-09-09T12:07:22+00:00
CVE-2026-0001,added,,cve_2026_to_now,2026-09-09T12:07:22+00:00
CVE-2026-0008,updated,2026-09-08,cve_2026_to_now,2026-09-09T12:07:22+00:00
CVE-2026-0010,updated,2026-09-08,cve_2026_to_now,2026-09-09T12:07:22+00:00
CVE-2026-0054,added,,cve_2026_to_now,2026-09-09T12:07:22+00:00
CVE-2026-0065,added,,cve_2026_to_now,2026-09-09T12:07:22+00:00
CVE-2026-0084,added,,cve_2026_to_now,2026-09-09T12:07:22+00:00
CVE-2026-0799,updated,2026-09-08,cve_2026_to_now,2026-09-09T12:07:22+00:00
CVE-2026-0860,added,,cve_2026_to_now,2026-09-09T12:07:22+00:00
CVE-2026-2390,updated,2026-09-08,cve_2026_to_now,2026-09-09T12:07:22+00:00
CVE-2026-2520,updated,,cve_2026_to_now,2026-09-09T12:07:22+00:00
CVE-2026-4765,updated,2026-09-09,cve_2026_to_now,2026-09-09T12:07:22+00:00
CVE-2026-4878,updated,2026-09-08,cve_2026_to_now,2026-09-09T12:07:22+00:00
CVE-2026-4945,updated,2026-09-08,cve_2026_to_now,2026-09-09T12:07:22+00:00
CVE-2026-5680,updated,2026-09-09,cve_2026_to_now,2026-09-09T12:07:22+00:00
CVE-2026-5729,added,,cve_2026_to_now,2026-09-09T12:07:22+00:00
CVE-2026-6223,updated,2026-09-08,cve_2026_to_now,2026-09-09T12:07:22+00:00
CVE-2026-6244,updated,2026-09-08,cve_2026_to_now,2026-09-09T12:07:22+00:00
CVE-2026-6377,updated,2026-09-08,cve_2026_to_now,2026-09-09T12:07:22+00:00
CVE-2026-6485,added,,cve_2026_to_now,2026-09-09T12:07:22+00:00
CVE-2026-6554,updated,2026-09-08,cve_2026_to_now,2026-09-09T12:07:22+00:00
CVE-2026-6857,updated,2026-09-08,cve_2026_to_now,2026-09-09T12:07:22+00:00
CVE-2026-6893,updated,2026-09-09,cve_2026_to_now,2026-09-09T12:07:22+00:00
CVE-2026-7374,updated,2026-09-08,cve_2026_to_now,2026-09-09T12:07:22+00:00
CVE-2026-7476,added,,cve_2026_to_now,2026-09-09T12:07:22+00:00
CVE-2026-7477,added,,cve_2026_to_now,2026-09-09T12:07:22+00:00
CVE-2026-7804,added,,cve_2026_to_now,2026-09-09T12:07:22+00:00
CVE-2026-7861,updated,2026-09-09,cve_2026_to_now,2026-09-09T12:07:22+00:00
CVE-2026-8279,updated,2026-09-08,cve_2026_to_now,2026-09-09T12:07:22+00:00
CVE-2026-8376,updated,2026-09-08,cve_2026_to_now,2026-09-09T12:07:22+00:00
CVE-2026-8615,added,,cve_2026_to_now,2026-09-09T12:07:22+00:00
CVE-2026-9034,added,,cve_2026_to_now,2026-09-09T12:07:22+00:00
CVE-2026-9040,added,,cve_2026_to_now,2026-09-09T12:07:22+00:00
CVE-2026-9186,updated,2026-09-08,cve_2026_to_now,2026-09-09T12:07:22+00:00
CVE-2026-9215,added,2026-09-09,cve_2026_to_now,2026-09-09T12:07:22+00:00
CVE-2026-9216,added,2026-09-09,cve_2026_to_now,2026-09-09T12:07:22+00:00
CVE-2026-9317,updated,2026-09-08,cve_2026_to_now,2026-09-09T12:07:22+00:00
CVE-2026-9331,updated,,cve_2026_to_now,2026-09-09T12:07:22+00:00
CVE-2026-9804,updated,2026-09-08,cve_2026_to_now,2026-09-09T12:07:22+00:00
CVE-2026-10059,updated,2026-09-08,cve_2026_to_now,2026-09-09T12:07:22+00:00
CVE-2026-10090,updated,2026-09-08,cve_2026_to_now,2026-09-09T12:07:22+00:00
CVE-2026-11363,added,,cve_2026_to_now,2026-09-09T12:07:22+00:00
CVE-2026-11573,added,,cve_2026_to_now,2026-09-09T12:07:22+00:00
CVE-2026-11821,added,,cve_2026_to_now,2026-09-09T12:07:22+00:00
CVE-2026-11837,updated,2026-09-08,cve_2026_to_now,2026-09-09T12:07:22+00:00
CVE-2026-11838,added,,cve_2026_to_now,2026-09-09T12:07:22+00:00
CVE-2026-11891,added,,cve_2026_to_now,2026-09-09T12:07:22+00:00
CVE-2026-12285,added,,cve_2026_to_now,2026-09-09T12:07:22+00:00
CVE-2026-12387,added,,cve_2026_to_now,2026-09-09T12:07:22+00:00
CVE-2026-12611,added,2026-09-09,cve_2026_to_now,2026-09-09T12:07:22+00:00
CVE-2026-12645,added,2026-09-09,cve_2026_to_now,2026-09-09T12:07:22+00:00
CVE-2026-12646,added,2026-09-09,cve_2026_to_now,2026-09-09T12:07:22+00:00
CVE-2026-12647,added,2026-09-09,cve_2026_to_now,2026-09-09T12:07:22+00:00
CVE-2026-12648,added,2026-09-09,cve_2026_to_now,2026-09-09T12:07:22+00:00
CVE-2026-12650,added,2026-09-09,cve_2026_to_now,2026-09-09T12:07:22+00:00
CVE-2026-12651,added,2026-09-09,cve_2026_to_now,2026-09-09T12:07:22+00:00
CVE-2026-12744,added,2026-09-09,cve_2026_to_now,2026-09-09T12:07:22+00:00
CVE-2026-12745,added,2026-09-09,cve_2026_to_now,2026-09-09T12:07:22+00:00
CVE-2026-12757,updated,2026-09-08,cve_2026_to_now,2026-09-09T12:07:22+00:00
CVE-2026-12853,updated,2026-09-08,cve_2026_to_now,2026-09-09T12:07:22+00:00
CVE-2026-12855,added,,cve_2026_to_now,2026-09-09T12:07:22+00:00
CVE-2026-12858,added,,cve_2026_to_now,2026-09-09T12:07:22+00:00
CVE-2026-12956,added,,cve_2026_to_now,2026-09-09T12:07:22+00:00
CVE-2026-12962,updated,,cve_2026_to_now,2026-09-09T12:07:22+00:00
CVE-2026-13144,added,,cve_2026_to_now,2026-09-09T12:07:22+00:00
CVE-2026-13146,added,,cve_2026_to_now,2026-09-09T12:07:22+00:00
CVE-2026-13201,updated,2026-09-08,cve_2026_to_now,2026-09-09T12:07:22+00:00
CVE-2026-13221,updated,2026-09-08,cve_2026_to_now,2026-09-09T12:07:22+00:00
CVE-2026-13297,updated,2026-09-08,cve_2026_to_now,2026-09-09T12:07:22+00:00
CVE-2026-13359,added,,cve_2026_to_now,2026-09-09T12:07:22+00:00
CVE-2026-13608,updated,2026-09-08,cve_2026_to_now,2026-09-09T12:07:22+00:00
CVE-2026-13622,updated,2026-09-08,cve_2026_to_now,2026-09-09T12:07:22+00:00
CVE-2026-13709,added,,cve_2026_to_now,2026-09-09T12:07:22+00:00
CVE-2026-14164,updated,2026-09-08,cve_2026_to_now,2026-09-09T12:07:22+00:00
CVE-2026-14296,updated,2026-09-08,cve_2026_to_now,2026-09-09T12:07:22+00:00
CVE-2026-14297,updated,2026-09-08,cve_2026_to_now,2026-09-09T12:07:22+00:00
CVE-2026-14359,added,,cve_2026_to_now,2026-09-09T12:07:22+00:00
CVE-2026-14444,updated,2026-09-08,cve_2026_to_now,2026-09-09T12:07:22+00:00
CVE-2026-14505,added,,cve_2026_to_now,2026-09-09T12:07:22+00:00
CVE-2026-14892,added,,cve_2026_to_now,2026-09-09T12:07:22+00:00
CVE-2026-14962,added,,cve_2026_to_now,2026-09-09T12:07:22+00:00
CVE-2026-14989,added,,cve_2026_to_now,2026-09-09T12:07:22+00:00
CVE-2026-15154,updated,2026-09-08,cve_2026_to_now,2026-09-09T12:07:22+00:00
CVE-2026-15378,updated,2026-09-08,cve_2026_to_now,2026-09-09T12:07:22+00:00
CVE-2026-15398,added,,cve_2026_to_now,2026-09-09T12:07:22+00:00
CVE-2026-15406,added,,cve_2026_to_now,2026-09-09T12:07:22+00:00
CVE-2026-15534,updated,2026-09-08,cve_2026_to_now,2026-09-09T12:07:22+00:00
CVE-2026-15581,updated,2026-09-08,cve_2026_to_now,2026-09-09T12:07:22+00:00
CVE-2026-15588,updated,2026-09-09,cve_2026_to_now,2026-09-09T12:07:22+00:00
CVE-2026-15667,added,,cve_2026_to_now,2026-09-09T12:07:22+00:00
CVE-2026-15816,updated,2026-09-08,cve_2026_to_now,2026-09-09T12:07:22+00:00
CVE-2026-15984,updated,2026-09-08,cve_2026_to_now,2026-09-09T12:07:22+00:00
CVE-2026-16003,updated,2026-09-09,cve_2026_to_now,2026-09-09T12:07:22+00:00
CVE-2026-16004,updated,,cve_2026_to_now,2026-09-09T12:07:22+00:00
CVE-2026-16005,updated,,cve_2026_to_now,2026-09-09T12:07:22+00:00
CVE-2026-16006,updated,2026-09-09,cve_2026_to_now,2026-09-09T12:07:22+00:00
CVE-2026-16025,added,,cve_2026_to_now,2026-09-09T12:07:22+00:00
CVE-2026-16028,updated,2026-09-08,cve_2026_to_now,2026-09-09T12:07:22+00:00
CVE-2026-16037,added,,cve_2026_to_now,2026-09-09T12:07:22+00:00
CVE-2026-16118,updated,2026-09-08,cve_2026_to_now,2026-09-09T12:07:22+00:00
CVE-2026-16242,updated,2026-09-08,cve_2026_to_now,2026-09-09T12:07:22+00:00
CVE-2026-16272,added,,cve_2026_to_now,2026-09-09T12:07:22+00:00
CVE-2026-16313,updated,2026-09-08,cve_2026_to_now,2026-09-09T12:07:22+00:00
CVE-2026-16497,added,,cve_2026_to_now,2026-09-09T12:07:22+00:00
CVE-2026-16502,updated,,cve_2026_to_now,2026-09-09T12:07:22+00:00
CVE-2026-16517,updated,2026-09-09,cve_2026_to_now,2026-09-09T12:07:22+00:00
CVE-2026-16649,updated,2026-09-08,cve_2026_to_now,2026-09-09T12:07:22+00:00
CVE-2026-16689,updated,2026-09-08,cve_2026_to_now,2026-09-09T12:07:22+00:00
CVE-2026-16745,updated,2026-09-08,cve_2026_to_now,2026-09-09T12:07:22+00:00
CVE-2026-16769,added,,cve_2026_to_now,2026-09-09T12:07:22+00:00
CVE-2026-16876,updated,2026-09-08,cve_2026_to_now,2026-09-09T12:07:22+00:00
CVE-2026-16960,added,,cve_2026_to_now,2026-09-09T12:07:22+00:00
CVE-2026-17057,updated,2026-09-08,cve_2026_to_now,2026-09-09T12:07:22+00:00
CVE-2026-17084,updated,2026-09-09,cve_2026_to_now,2026-09-09T12:07:22+00:00
CVE-2026-17107,updated,2026-09-08,cve_2026_to_now,2026-09-09T12:07:22+00:00
CVE-2026-17149,added,,cve_2026_to_now,2026-09-09T12:07:22+00:00
CVE-2026-17274,updated,2026-09-08,cve_2026_to_now,2026-09-09T12:07:22+00:00
CVE-2026-17469,updated,2026-09-08,cve_2026_to_now,2026-09-09T12:07:22+00:00
CVE-2026-17509,updated,,cve_2026_to_now,2026-09-09T12:07:22+00:00
CVE-2026-17523,updated,2026-09-09,cve_2026_to_now,2026-09-09T12:07:22+00:00
CVE-2026-17527,updated,2026-09-08,cve_2026_to_now,2026-09-09T12:07:22+00:00
CVE-2026-17553,added,,cve_2026_to_now,2026-09-09T12:07:22+00:00
CVE-2026-17622,updated,2026-09-08,cve_2026_to_now,2026-09-09T12:07:22+00:00
CVE-2026-17631,updated,2026-09-08,cve_2026_to_now,2026-09-09T12:07:22+00:00
CVE-2026-18021,updated,,cve_2026_to_now,2026-09-09T12:07:22+00:00
CVE-2026-18023,updated,2026-09-09,cve_2026_to_now,2026-09-09T12:07:22+00:00
CVE-2026-18042,added,,cve_2026_to_now,2026-09-09T12:07:22+00:00
CVE-2026-18090,added,,cve_2026_to_now,2026-09-09T12:07:22+00:00
CVE-2026-18221,updated,2026-09-08,cve_2026_to_now,2026-09-09T12:07:22+00:00
CVE-2026-18238,updated,2026-09-08,cve_2026_to_now,2026-09-09T12:07:22+00:00
CVE-2026-18255,updated,2026-09-08,cve_2026_to_now,2026-09-09T12:07:22+00:00
CVE-2026-18313,updated,2026-09-08,cve_2026_to_now,2026-09-09T12:07:22+00:00
CVE-2026-18355,updated,2026-09-08,cve_2026_to_now,2026-09-09T12:07:22+00:00
CVE-2026-18453,updated,2026-09-08,cve_2026_to_now,2026-09-09T12:07:22+00:00
CVE-2026-18608,updated,2026-09-08,cve_2026_to_now,2026-09-09T12:07:22+00:00
CVE-2026-18611,updated,2026-09-08,cve_2026_to_now,2026-09-09T12:07:22+00:00
CVE-2026-18617,updated,2026-09-08,cve_2026_to_now,2026-09-09T12:07:22+00:00
CVE-2026-18620,updated,2026-09-08,cve_2026_to_now,2026-09-09T12:07:22+00:00
CVE-2026-18621,updated,2026-09-08,cve_2026_to_now,2026-09-09T12:07:22+00:00
CVE-2026-18743,updated,2026-09-08,cve_2026_to_now,2026-09-09T12:07:22+00:00
CVE-2026-18796,updated,2026-09-08,cve_2026_to_now,2026-09-09T12:07:22+00:00
CVE-2026-18851,added,2026-09-09,cve_2026_to_now,2026-09-09T12:07:22+00:00
CVE-2026-18858,updated,2026-09-08,cve_2026_to_now,2026-09-09T12:07:22+00:00
CVE-2026-18874,updated,2026-09-08,cve_2026_to_now,2026-09-09T12:07:22+00:00
CVE-2026-18922,updated,2026-09-08,cve_2026_to_now,2026-09-09T12:07:22+00:00
CVE-2026-18924,updated,2026-09-08,cve_2026_to_now,2026-09-09T12:07:22+00:00
CVE-2026-19130,updated,2026-09-08,cve_2026_to_now,2026-09-09T12:07:22+00:00
CVE-2026-19201,added,,cve_2026_to_now,2026-09-09T12:07:22+00:00
CVE-2026-19203,added,,cve_2026_to_now,2026-09-09T12:07:22+00:00
CVE-2026-19204,updated,2026-09-08,cve_2026_to_now,2026-09-09T12:07:22+00:00
CVE-2026-19232,added,,cve_2026_to_now,2026-09-09T12:07:22+00:00
CVE-2026-19299,updated,2026-09-08,cve_2026_to_now,2026-09-09T12:07:22+00:00
CVE-2026-19304,updated,2026-09-08,cve_2026_to_now,2026-09-09T12:07:22+00:00
CVE-2026-19387,updated,2026-09-08,cve_2026_to_now,2026-09-09T12:07:22+00:00
CVE-2026-19397,updated,,cve_2026_to_now,2026-09-09T12:07:22+00:00
CVE-2026-19398,updated,2026-09-09,cve_2026_to_now,2026-09-09T12:07:22+00:00
CVE-2026-19479,added,,cve_2026_to_now,2026-09-09T12:07:22+00:00
CVE-2026-19546,updated,2026-09-09,cve_2026_to_now,2026-09-09T12:07:22+00:00
CVE-2026-19612,added,,cve_2026_to_now,2026-09-09T12:07:22+00:00
CVE-2026-19614,updated,,cve_2026_to_now,2026-09-09T12:07:22+00:00
CVE-2026-19625,added,,cve_2026_to_now,2026-09-09T12:07:22+00:00
CVE-2026-19633,updated,2026-09-09,cve_2026_to_now,2026-09-09T12:07:22+00:00
CVE-2026-19634,updated,2026-09-09,cve_2026_to_now,2026-09-09T12:07:22+00:00
CVE-2026-19644,added,,cve_2026_to_now,2026-09-09T12:07:22+00:00
CVE-2026-19649,updated,2026-09-08,cve_2026_to_now,2026-09-09T12:07:22+00:00
CVE-2026-19651,added,,cve_2026_to_now,2026-09-09T12:07:22+00:00
CVE-2026-19713,added,,cve_2026_to_now,2026-09-09T12:07:22+00:00
CVE-2026-19729,added,,cve_2026_to_now,2026-09-09T12:07:22+00:00
CVE-2026-19733,added,,cve_2026_to_now,2026-09-09T12:07:22+00:00
CVE-2026-19769,updated,2026-09-08,cve_2026_to_now,2026-09-09T12:07:22+00:00
CVE-2026-19778,added,,cve_2026_to_now,2026-09-09T12:07:22+00:00
CVE-2026-19797,added,,cve_2026_to_now,2026-09-09T12:07:22+00:00
CVE-2026-19800,added,,cve_2026_to_now,2026-09-09T12:07:22+00:00
CVE-2026-19802,added,,cve_2026_to_now,2026-09-09T12:07:22+00:00
CVE-2026-19843,updated,2026-09-08,cve_2026_to_now,2026-09-09T12:07:22+00:00
CVE-2026-19855,added,,cve_2026_to_now,2026-09-09T12:07:22+00:00
CVE-2026-19872,added,,cve_2026_to_now,2026-09-09T12:07:22+00:00
CVE-2026-19887,updated,2026-09-08,cve_2026_to_now,2026-09-09T12:07:22+00:00
CVE-2026-19931,updated,2026-09-08,cve_2026_to_now,2026-09-09T12:07:22+00:00
CVE-2026-19944,added,,cve_2026_to_now,2026-09-09T12:07:22+00:00
CVE-2026-19945,added,,cve_2026_to_now,2026-09-09T12:07:22+00:00
CVE-2026-19946,added,,cve_2026_to_now,2026-09-09T12:07:22+00:00
CVE-2026-20293,added,,cve_2026_to_now,2026-09-09T12:07:22+00:00
CVE-2026-20355,updated,2026-09-08,cve_2026_to_now,2026-09-09T12:07:22+00:00
CVE-2026-20512,updated,2026-09-08,cve_2026_to_now,2026-09-09T12:07:22+00:00
CVE-2026-21042,updated,2026-09-09,cve_2026_to_now,2026-09-09T12:07:22+00:00
CVE-2026-21085,added,,cve_2026_to_now,2026-09-09T12:07:22+00:00
CVE-2026-21086,added,,cve_2026_to_now,2026-09-09T12:07:22+00:00
CVE-2026-21087,added,,cve_2026_to_now,2026-09-09T12:07:22+00:00
CVE-2026-21088,added,,cve_2026_to_now,2026-09-09T12:07:22+00:00
CVE-2026-21089,added,,cve_2026_to_now,2026-09-09T12:07:22+00:00
CVE-2026-21090,added,,cve_2026_to_now,2026-09-09T12:07:22+00:00
CVE-2026-21091,added,,cve_2026_to_now,2026-09-09T12:07:22+00:00
CVE-2026-21092,added,,cve_2026_to_now,2026-09-09T12:07:22+00:00
CVE-2026-21093,added,,cve_2026_to_now,2026-09-09T12:07:22+00:00
CVE-2026-21094,added,,cve_2026_to_now,2026-09-09T12:07:22+00:00
CVE-2026-21095,added,,cve_2026_to_now,2026-09-09T12:07:22+00:00
CVE-2026-21096,added,,cve_2026_to_now,2026-09-09T12:07:22+00:00
CVE-2026-21097,added,,cve_2026_to_now,2026-09-09T12:07:22+00:00
CVE-2026-21098,added,,cve_2026_to_now,2026-09-09T12:07:22+00:00
CVE-2026-21099,added,,cve_2026_to_now,2026-09-09T12:07:22+00:00
CVE-2026-21100,added,,cve_2026_to_now,2026-09-09T12:07:22+00:00
CVE-2026-21101,added,,cve_2026_to_now,2026-09-09T12:07:22+00:00
CVE-2026-21102,added,,cve_2026_to_now,2026-09-09T12:07:22+00:00
CVE-2026-21103,added,,cve_2026_to_now,2026-09-09T12:07:22+00:00
CVE-2026-21104,added,,cve_2026_to_now,2026-09-09T12:07:22+00:00
CVE-2026-21105,added,,cve_2026_to_now,2026-09-09T12:07:22+00:00
CVE-2026-21106,added,,cve_2026_to_now,2026-09-09T12:07:22+00:00
CVE-2026-21107,added,,cve_2026_to_now,2026-09-09T12:07:22+00:00
CVE-2026-21108,added,,cve_2026_to_now,2026-09-09T12:07:22+00:00
CVE-2026-21109,added,,cve_2026_to_now,2026-09-09T12:07:22+00:00
CVE-2026-21110,added,,cve_2026_to_now,2026-09-09T12:07:22+00:00
CVE-2026-21111,added,,cve_2026_to_now,2026-09-09T12:07:22+00:00
CVE-2026-21112,added,,cve_2026_to_now,2026-09-09T12:07:22+00:00
CVE-2026-21113,added,,cve_2026_to_now,2026-09-09T12:07:22+00:00
CVE-2026-21269,updated,2026-09-08,cve_2026_to_now,2026-09-09T12:07:22+00:00
CVE-2026-22575,added,,cve_2026_to_now,2026-09-09T12:07:22+00:00
CVE-2026-23940,updated,2026-09-08,cve_2026_to_now,2026-09-09T12:07:22+00:00
CVE-2026-24301,updated,2026-09-08,cve_2026_to_now,2026-09-09T12:07:22+00:00
CVE-2026-26084,added,,cve_2026_to_now,2026-09-09T12:07:22+00:00
CVE-2026-26145,updated,2026-09-08,cve_2026_to_now,2026-09-09T12:07:22+00:00
CVE-2026-27222,updated,2026-09-08,cve_2026_to_now,2026-09-09T12:07:22+00:00
CVE-2026-27227,added,,cve_2026_to_now,2026-09-09T12:07:22+00:00
CVE-2026-27238,updated,2026-09-08,cve_2026_to_now,2026-09-09T12:07:22+00:00
CVE-2026-27258,updated,2026-09-08,cve_2026_to_now,2026-09-09T12:07:22+00:00
CVE-2026-28572,added,,cve_2026_to_now,2026-09-09T12:07:22+00:00
CVE-2026-28581,updated,2026-09-08,cve_2026_to_now,2026-09-09T12:07:22+00:00
CVE-2026-28582,added,,cve_2026_to_now,2026-09-09T12:07:22+00:00
CVE-2026-28583,added,,cve_2026_to_now,2026-09-09T12:07:22+00:00
CVE-2026-28584,added,,cve_2026_to_now,2026-09-09T12:07:22+00:00
CVE-2026-28590,added,,cve_2026_to_now,2026-09-09T12:07:22+00:00
CVE-2026-28593,added,,cve_2026_to_now,2026-09-09T12:07:22+00:00
CVE-2026-28594,added,,cve_2026_to_now,2026-09-09T12:07:22+00:00
CVE-2026-28596,added,,cve_2026_to_now,2026-09-09T12:07:22+00:00
CVE-2026-28599,added,,cve_2026_to_now,2026-09-09T12:07:22+00:00
CVE-2026-28600,added,,cve_2026_to_now,2026-09-09T12:07:22+00:00
CVE-2026-28602,added,,cve_2026_to_now,2026-09-09T12:07:22+00:00
CVE-2026-28603,added,,cve_2026_to_now,2026-09-09T12:07:22+00:00
CVE-2026-28604,added,,cve_2026_to_now,2026-09-09T12:07:22+00:00
CVE-2026-28606,added,,cve_2026_to_now,2026-09-09T12:07:22+00:00
CVE-2026-28607,added,,cve_2026_to_now,2026-09-09T12:07:22+00:00
CVE-2026-28609,added,,cve_2026_to_now,2026-09-09T12:07:22+00:00
CVE-2026-28611,added,,cve_2026_to_now,2026-09-09T12:07:22+00:00
CVE-2026-28612,added,,cve_2026_to_now,2026-09-09T12:07:22+00:00
CVE-2026-28613,added,,cve_2026_to_now,2026-09-09T12:07:22+00:00
CVE-2026-28614,added,,cve_2026_to_now,2026-09-09T12:07:22+00:00
CVE-2026-28616,added,,cve_2026_to_now,2026-09-09T12:07:22+00:00
CVE-2026-28617,added,,cve_2026_to_now,2026-09-09T12:07:22+00:00
CVE-2026-28618,added,,cve_2026_to_now,2026-09-09T12:07:22+00:00
CVE-2026-28620,added,,cve_2026_to_now,2026-09-09T12:07:22+00:00
CVE-2026-28622,added,,cve_2026_to_now,2026-09-09T12:07:22+00:00
CVE-2026-28623,added,,cve_2026_to_now,2026-09-09T12:07:22+00:00
CVE-2026-28624,added,,cve_2026_to_now,2026-09-09T12:07:22+00:00
CVE-2026-28626,added,,cve_2026_to_now,2026-09-09T12:07:22+00:00
CVE-2026-28627,added,,cve_2026_to_now,2026-09-09T12:07:22+00:00
CVE-2026-28630,added,,cve_2026_to_now,2026-09-09T12:07:22+00:00
CVE-2026-28631,added,,cve_2026_to_now,2026-09-09T12:07:22+00:00
CVE-2026-28633,added,,cve_2026_to_now,2026-09-09T12:07:22+00:00
CVE-2026-28634,added,,cve_2026_to_now,2026-09-09T12:07:22+00:00
CVE-2026-28636,added,,cve_2026_to_now,2026-09-09T12:07:22+00:00
CVE-2026-28638,added,,cve_2026_to_now,2026-09-09T12:07:22+00:00
CVE-2026-28639,added,,cve_2026_to_now,2026-09-09T12:07:22+00:00
CVE-2026-28642,added,,cve_2026_to_now,2026-09-09T12:07:22+00:00
CVE-2026-28644,added,,cve_2026_to_now,2026-09-09T12:07:22+00:00
CVE-2026-28650,added,,cve_2026_to_now,2026-09-09T12:07:22+00:00
CVE-2026-28652,added,,cve_2026_to_now,2026-09-09T12:07:22+00:00
CVE-2026-28653,added,,cve_2026_to_now,2026-09-09T12:07:22+00:00
CVE-2026-28655,added,,cve_2026_to_now,2026-09-09T12:07:22+00:00
CVE-2026-28656,added,,cve_2026_to_now,2026-09-09T12:07:22+00:00
CVE-2026-28657,added,,cve_2026_to_now,2026-09-09T12:07:22+00:00
CVE-2026-28658,added,,cve_2026_to_now,2026-09-09T12:07:22+00:00
CVE-2026-28659,added,,cve_2026_to_now,2026-09-09T12:07:22+00:00
CVE-2026-28660,added,,cve_2026_to_now,2026-09-09T12:07:22+00:00
CVE-2026-28662,added,,cve_2026_to_now,2026-09-09T12:07:22+00:00
CVE-2026-28663,added,,cve_2026_to_now,2026-09-09T12:07:22+00:00
CVE-2026-28664,added,,cve_2026_to_now,2026-09-09T12:07:22+00:00
CVE-2026-28666,added,,cve_2026_to_now,2026-09-09T12:07:22+00:00
CVE-2026-28668,added,,cve_2026_to_now,2026-09-09T12:07:22+00:00
CVE-2026-28671,added,,cve_2026_to_now,2026-09-09T12:07:22+00:00
CVE-2026-28808,updated,2026-09-08,cve_2026_to_now,2026-09-09T12:07:22+00:00
CVE-2026-30368,updated,2026-09-08,cve_2026_to_now,2026-09-09T12:07:22+00:00
CVE-2026-30754,added,,cve_2026_to_now,2026-09-09T12:07:22+00:00
CVE-2026-31911,updated,2026-09-08,cve_2026_to_now,2026-09-09T12:07:22+00:00
CVE-2026-31912,updated,2026-09-08,cve_2026_to_now,2026-09-09T12:07:22+00:00
CVE-2026-32686,updated,2026-09-08,cve_2026_to_now,2026-09-09T12:07:22+00:00
CVE-2026-33197,added,,cve_2026_to_now,2026-09-09T12:07:22+00:00
CVE-2026-33387,added,,cve_2026_to_now,2026-09-09T12:07:22+00:00
CVE-2026-33388,added,,cve_2026_to_now,2026-09-09T12:07:22+00:00
CVE-2026-33389,added,,cve_2026_to_now,2026-09-09T12:07:22+00:00
CVE-2026-33391,added,,cve_2026_to_now,2026-09-09T12:07:22+00:00
CVE-2026-33818,updated,2026-09-08,cve_2026_to_now,2026-09-09T12:07:22+00:00
CVE-2026-33842,updated,2026-09-08,cve_2026_to_now,2026-09-09T12:07:22+00:00
CVE-2026-33920,added,,cve_2026_to_now,2026-09-09T12:07:22+00:00
CVE-2026-34328,updated,2026-09-08,cve_2026_to_now,2026-09-09T12:07:22+00:00
CVE-2026-34346,updated,2026-09-08,cve_2026_to_now,2026-09-09T12:07:22+00:00
CVE-2026-34348,updated,2026-09-08,cve_2026_to_now,2026-09-09T12:07:22+00:00
CVE-2026-34349,updated,2026-09-08,cve_2026_to_now,2026-09-09T12:07:22+00:00
CVE-2026-35425,updated,2026-09-08,cve_2026_to_now,2026-09-09T12:07:22+00:00
CVE-2026-40375,updated,2026-09-08,cve_2026_to_now,2026-09-09T12:07:22+00:00
CVE-2026-40378,updated,2026-09-08,cve_2026_to_now,2026-09-09T12:07:22+00:00
CVE-2026-40400,updated,2026-09-08,cve_2026_to_now,2026-09-09T12:07:22+00:00
CVE-2026-40422,updated,2026-09-08,cve_2026_to_now,2026-09-09T12:07:22+00:00
CVE-2026-41087,updated,2026-09-08,cve_2026_to_now,2026-09-09T12:07:22+00:00
CVE-2026-41106,updated,2026-09-08,cve_2026_to_now,2026-09-09T12:07:22+00:00
CVE-2026-41109,updated,2026-09-08,cve_2026_to_now,2026-09-09T12:07:22+00:00
CVE-2026-41869,added,,cve_2026_to_now,2026-09-09T12:07:22+00:00
CVE-2026-41870,added,,cve_2026_to_now,2026-09-09T12:07:22+00:00
CVE-2026-41871,added,,cve_2026_to_now,2026-09-09T12:07:22+00:00
CVE-2026-41987,added,,cve_2026_to_now,2026-09-09T12:07:22+00:00
CVE-2026-42504,updated,2026-09-08,cve_2026_to_now,2026-09-09T12:07:22+00:00
CVE-2026-42900,updated,2026-09-08,cve_2026_to_now,2026-09-09T12:07:22+00:00
CVE-2026-42975,updated,2026-09-08,cve_2026_to_now,2026-09-09T12:07:22+00:00
CVE-2026-42976,updated,2026-09-08,cve_2026_to_now,2026-09-09T12:07:22+00:00
CVE-2026-42982,updated,2026-09-08,cve_2026_to_now,2026-09-09T12:07:22+00:00
CVE-2026-42990,updated,2026-09-08,cve_2026_to_now,2026-09-09T12:07:22+00:00
CVE-2026-44756,updated,,cve_2026_to_now,2026-09-09T12:07:22+00:00
CVE-2026-44800,updated,2026-09-08,cve_2026_to_now,2026-09-09T12:07:22+00:00
CVE-2026-44806,updated,2026-09-08,cve_2026_to_now,2026-09-09T12:07:22+00:00
CVE-2026-45197,updated,2026-09-08,cve_2026_to_now,2026-09-09T12:07:22+00:00
CVE-2026-45200,updated,2026-09-09,cve_2026_to_now,2026-09-09T12:07:22+00:00
CVE-2026-45488,updated,2026-09-08,cve_2026_to_now,2026-09-09T12:07:22+00:00
CVE-2026-45489,updated,2026-09-08,cve_2026_to_now,2026-09-09T12:07:22+00:00
CVE-2026-45496,updated,2026-09-08,cve_2026_to_now,2026-09-09T12:07:22+00:00
CVE-2026-45499,updated,2026-09-08,cve_2026_to_now,2026-09-09T12:07:22+00:00
CVE-2026-45515,added,,cve_2026_to_now,2026-09-09T12:07:22+00:00
CVE-2026-45519,added,,cve_2026_to_now,2026-09-09T12:07:22+00:00
CVE-2026-45520,added,,cve_2026_to_now,2026-09-09T12:07:22+00:00
CVE-2026-45521,added,,cve_2026_to_now,2026-09-09T12:07:22+00:00
CVE-2026-45525,added,,cve_2026_to_now,2026-09-09T12:07:22+00:00
CVE-2026-45527,added,,cve_2026_to_now,2026-09-09T12:07:22+00:00
CVE-2026-45528,added,,cve_2026_to_now,2026-09-09T12:07:22+00:00
CVE-2026-45531,added,,cve_2026_to_now,2026-09-09T12:07:22+00:00
CVE-2026-45646,updated,2026-09-08,cve_2026_to_now,2026-09-09T12:07:22+00:00
CVE-2026-46636,updated,2026-09-08,cve_2026_to_now,2026-09-09T12:07:22+00:00
CVE-2026-47282,updated,2026-09-08,cve_2026_to_now,2026-09-09T12:07:22+00:00
CVE-2026-47285,updated,2026-09-08,cve_2026_to_now,2026-09-09T12:07:22+00:00
CVE-2026-47290,updated,2026-09-08,cve_2026_to_now,2026-09-09T12:07:22+00:00
CVE-2026-47295,updated,2026-09-08,cve_2026_to_now,2026-09-09T12:07:22+00:00
CVE-2026-47296,updated,2026-09-08,cve_2026_to_now,2026-09-09T12:07:22+00:00
CVE-2026-47297,added,,cve_2026_to_now,2026-09-09T12:07:22+00:00
CVE-2026-47299,updated,2026-09-08,cve_2026_to_now,2026-09-09T12:07:22+00:00
CVE-2026-47300,updated,2026-09-08,cve_2026_to_now,2026-09-09T12:07:22+00:00
CVE-2026-47301,updated,2026-09-08,cve_2026_to_now,2026-09-09T12:07:22+00:00
CVE-2026-47302,updated,2026-09-08,cve_2026_to_now,2026-09-09T12:07:22+00:00
CVE-2026-47303,updated,2026-09-08,cve_2026_to_now,2026-09-09T12:07:22+00:00
CVE-2026-47304,updated,2026-09-08,cve_2026_to_now,2026-09-09T12:07:22+00:00
CVE-2026-47305,updated,2026-09-08,cve_2026_to_now,2026-09-09T12:07:22+00:00
CVE-2026-47625,added,,cve_2026_to_now,2026-09-09T12:07:22+00:00
CVE-2026-47632,updated,2026-09-08,cve_2026_to_now,2026-09-09T12:07:22+00:00
CVE-2026-47642,updated,2026-09-08,cve_2026_to_now,2026-09-09T12:07:22+00:00
CVE-2026-47680,added,,cve_2026_to_now,2026-09-09T12:07:22+00:00
CVE-2026-48019,updated,2026-09-08,cve_2026_to_now,2026-09-09T12:07:22+00:00
CVE-2026-48273,added,,cve_2026_to_now,2026-09-09T12:07:22+00:00
CVE-2026-48561,updated,2026-09-08,cve_2026_to_now,2026-09-09T12:07:22+00:00
CVE-2026-48564,updated,2026-09-08,cve_2026_to_now,2026-09-09T12:07:22+00:00
CVE-2026-48571,updated,2026-09-08,cve_2026_to_now,2026-09-09T12:07:22+00:00
CVE-2026-48572,updated,2026-09-08,cve_2026_to_now,2026-09-09T12:07:22+00:00
CVE-2026-48580,updated,2026-09-08,cve_2026_to_now,2026-09-09T12:07:22+00:00
CVE-2026-48581,updated,2026-09-08,cve_2026_to_now,2026-09-09T12:07:22+00:00
CVE-2026-48707,added,,cve_2026_to_now,2026-09-09T12:07:22+00:00
CVE-2026-49159,updated,2026-09-08,cve_2026_to_now,2026-09-09T12:07:22+00:00
CVE-2026-49162,updated,2026-09-08,cve_2026_to_now,2026-09-09T12:07:22+00:00
CVE-2026-49163,updated,2026-09-08,cve_2026_to_now,2026-09-09T12:07:22+00:00
CVE-2026-49164,updated,2026-09-08,cve_2026_to_now,2026-09-09T12:07:22+00:00
CVE-2026-49165,updated,2026-09-08,cve_2026_to_now,2026-09-09T12:07:22+00:00
CVE-2026-49166,updated,2026-09-08,cve_2026_to_now,2026-09-09T12:07:22+00:00
CVE-2026-49167,updated,2026-09-08,cve_2026_to_now,2026-09-09T12:07:22+00:00
CVE-2026-49168,updated,2026-09-08,cve_2026_to_now,2026-09-09T12:07:22+00:00
CVE-2026-49169,updated,2026-09-08,cve_2026_to_now,2026-09-09T12:07:22+00:00
CVE-2026-49170,updated,2026-09-08,cve_2026_to_now,2026-09-09T12:07:22+00:00
CVE-2026-49171,updated,2026-09-08,cve_2026_to_now,2026-09-09T12:07:22+00:00
CVE-2026-49172,updated,2026-09-08,cve_2026_to_now,2026-09-09T12:07:22+00:00
CVE-2026-49173,updated,2026-09-08,cve_2026_to_now,2026-09-09T12:07:22+00:00
CVE-2026-49174,updated,2026-09-08,cve_2026_to_now,2026-09-09T12:07:22+00:00
CVE-2026-49175,updated,2026-09-08,cve_2026_to_now,2026-09-09T12:07:22+00:00
CVE-2026-49176,updated,2026-09-08,cve_2026_to_now,2026-09-09T12:07:22+00:00
CVE-2026-49177,updated,2026-09-08,cve_2026_to_now,2026-09-09T12:07:22+00:00
CVE-2026-49178,updated,2026-09-08,cve_2026_to_now,2026-09-09T12:07:22+00:00
CVE-2026-49179,updated,2026-09-08,cve_2026_to_now,2026-09-09T12:07:22+00:00
CVE-2026-49180,updated,2026-09-08,cve_2026_to_now,2026-09-09T12:07:22+00:00
CVE-2026-49181,updated,2026-09-08,cve_2026_to_now,2026-09-09T12:07:22+00:00
CVE-2026-49183,updated,2026-09-08,cve_2026_to_now,2026-09-09T12:07:22+00:00
CVE-2026-49184,updated,2026-09-08,cve_2026_to_now,2026-09-09T12:07:22+00:00
CVE-2026-49309,added,,cve_2026_to_now,2026-09-09T12:07:22+00:00
CVE-2026-49310,added,,cve_2026_to_now,2026-09-09T12:07:22+00:00
CVE-2026-49311,added,,cve_2026_to_now,2026-09-09T12:07:22+00:00
CVE-2026-49312,added,,cve_2026_to_now,2026-09-09T12:07:22+00:00
CVE-2026-49313,added,,cve_2026_to_now,2026-09-09T12:07:22+00:00
CVE-2026-49314,added,,cve_2026_to_now,2026-09-09T12:07:22+00:00
CVE-2026-49315,added,,cve_2026_to_now,2026-09-09T12:07:22+00:00
CVE-2026-49783,updated,2026-09-08,cve_2026_to_now,2026-09-09T12:07:22+00:00
CVE-2026-49784,updated,2026-09-08,cve_2026_to_now,2026-09-09T12:07:22+00:00
CVE-2026-49787,updated,2026-09-08,cve_2026_to_now,2026-09-09T12:07:22+00:00
CVE-2026-49788,updated,2026-09-08,cve_2026_to_now,2026-09-09T12:07:22+00:00
CVE-2026-49789,updated,2026-09-08,cve_2026_to_now,2026-09-09T12:07:22+00:00
CVE-2026-49790,updated,2026-09-08,cve_2026_to_now,2026-09-09T12:07:22+00:00
CVE-2026-49791,updated,2026-09-08,cve_2026_to_now,2026-09-09T12:07:22+00:00
CVE-2026-49792,updated,2026-09-08,cve_2026_to_now,2026-09-09T12:07:22+00:00
CVE-2026-49793,updated,2026-09-08,cve_2026_to_now,2026-09-09T12:07:22+00:00
CVE-2026-49794,updated,2026-09-08,cve_2026_to_now,2026-09-09T12:07:22+00:00
CVE-2026-49795,updated,2026-09-08,cve_2026_to_now,2026-09-09T12:07:22+00:00
CVE-2026-49796,updated,2026-09-08,cve_2026_to_now,2026-09-09T12:07:22+00:00
CVE-2026-49797,updated,2026-09-08,cve_2026_to_now,2026-09-09T12:07:22+00:00
CVE-2026-49798,updated,2026-09-08,cve_2026_to_now,2026-09-09T12:07:22+00:00
CVE-2026-49799,updated,2026-09-08,cve_2026_to_now,2026-09-09T12:07:22+00:00
CVE-2026-49800,updated,2026-09-08,cve_2026_to_now,2026-09-09T12:07:22+00:00
CVE-2026-49801,updated,2026-09-08,cve_2026_to_now,2026-09-09T12:07:22+00:00
CVE-2026-49802,updated,2026-09-08,cve_2026_to_now,2026-09-09T12:07:22+00:00
CVE-2026-49803,updated,2026-09-08,cve_2026_to_now,2026-09-09T12:07:22+00:00
CVE-2026-49804,updated,2026-09-08,cve_2026_to_now,2026-09-09T12:07:22+00:00
CVE-2026-49805,updated,2026-09-08,cve_2026_to_now,2026-09-09T12:07:22+00:00
CVE-2026-49806,updated,2026-09-08,cve_2026_to_now,2026-09-09T12:07:22+00:00
CVE-2026-49807,updated,2026-09-08,cve_2026_to_now,2026-09-09T12:07:22+00:00
CVE-2026-49808,updated,2026-09-08,cve_2026_to_now,2026-09-09T12:07:22+00:00
CVE-2026-49879,added,,cve_2026_to_now,2026-09-09T12:07:22+00:00
CVE-2026-49881,added,,cve_2026_to_now,2026-09-09T12:07:22+00:00
CVE-2026-49882,added,,cve_2026_to_now,2026-09-09T12:07:22+00:00
CVE-2026-49883,added,,cve_2026_to_now,2026-09-09T12:07:22+00:00
CVE-2026-49884,added,,cve_2026_to_now,2026-09-09T12:07:22+00:00
CVE-2026-49887,added,,cve_2026_to_now,2026-09-09T12:07:22+00:00
CVE-2026-49895,added,,cve_2026_to_now,2026-09-09T12:07:22+00:00
CVE-2026-49918,added,,cve_2026_to_now,2026-09-09T12:07:22+00:00
CVE-2026-49919,added,,cve_2026_to_now,2026-09-09T12:07:22+00:00
CVE-2026-49921,added,,cve_2026_to_now,2026-09-09T12:07:22+00:00
CVE-2026-49927,added,,cve_2026_to_now,2026-09-09T12:07:22+00:00
CVE-2026-49932,added,,cve_2026_to_now,2026-09-09T12:07:22+00:00
CVE-2026-50093,updated,,cve_2026_to_now,2026-09-09T12:07:22+00:00
CVE-2026-50293,updated,2026-09-08,cve_2026_to_now,2026-09-09T12:07:22+00:00
CVE-2026-50294,updated,2026-09-08,cve_2026_to_now,2026-09-09T12:07:22+00:00
CVE-2026-50295,updated,2026-09-08,cve_2026_to_now,2026-09-09T12:07:22+00:00
CVE-2026-50296,updated,2026-09-08,cve_2026_to_now,2026-09-09T12:07:22+00:00
CVE-2026-50297,updated,2026-09-08,cve_2026_to_now,2026-09-09T12:07:22+00:00
CVE-2026-50298,updated,2026-09-08,cve_2026_to_now,2026-09-09T12:07:22+00:00
CVE-2026-50299,updated,2026-09-08,cve_2026_to_now,2026-09-09T12:07:22+00:00
CVE-2026-50300,updated,2026-09-08,cve_2026_to_now,2026-09-09T12:07:22+00:00
CVE-2026-50301,updated,2026-09-08,cve_2026_to_now,2026-09-09T12:07:22+00:00
CVE-2026-50302,updated,2026-09-08,cve_2026_to_now,2026-09-09T12:07:22+00:00
CVE-2026-50303,updated,2026-09-08,cve_2026_to_now,2026-09-09T12:07:22+00:00
CVE-2026-50304,updated,2026-09-08,cve_2026_to_now,2026-09-09T12:07:22+00:00
CVE-2026-50305,updated,2026-09-08,cve_2026_to_now,2026-09-09T12:07:22+00:00
CVE-2026-50306,updated,2026-09-08,cve_2026_to_now,2026-09-09T12:07:22+00:00
CVE-2026-50307,updated,2026-09-08,cve_2026_to_now,2026-09-09T12:07:22+00:00
CVE-2026-50308,updated,2026-09-08,cve_2026_to_now,2026-09-09T12:07:22+00:00
CVE-2026-50309,updated,2026-09-08,cve_2026_to_now,2026-09-09T12:07:22+00:00
CVE-2026-50310,updated,2026-09-08,cve_2026_to_now,2026-09-09T12:07:22+00:00
CVE-2026-50311,updated,2026-09-08,cve_2026_to_now,2026-09-09T12:07:22+00:00
CVE-2026-50312,updated,2026-09-08,cve_2026_to_now,2026-09-09T12:07:22+00:00
CVE-2026-50313,updated,2026-09-08,cve_2026_to_now,2026-09-09T12:07:22+00:00
CVE-2026-50314,updated,2026-09-08,cve_2026_to_now,2026-09-09T12:07:22+00:00
CVE-2026-50315,updated,2026-09-08,cve_2026_to_now,2026-09-09T12:07:22+00:00
CVE-2026-50316,updated,2026-09-08,cve_2026_to_now,2026-09-09T12:07:22+00:00
CVE-2026-50317,updated,2026-09-08,cve_2026_to_now,2026-09-09T12:07:22+00:00
CVE-2026-50318,updated,2026-09-08,cve_2026_to_now,2026-09-09T12:07:22+00:00
CVE-2026-50321,updated,2026-09-08,cve_2026_to_now,2026-09-09T12:07:22+00:00
CVE-2026-50322,updated,2026-09-08,cve_2026_to_now,2026-09-09T12:07:22+00:00
CVE-2026-50323,updated,2026-09-08,cve_2026_to_now,2026-09-09T12:07:22+00:00
CVE-2026-50324,updated,2026-09-08,cve_2026_to_now,2026-09-09T12:07:22+00:00
CVE-2026-50325,updated,2026-09-08,cve_2026_to_now,2026-09-09T12:07:22+00:00
CVE-2026-50326,updated,2026-09-08,cve_2026_to_now,2026-09-09T12:07:22+00:00
CVE-2026-50327,updated,2026-09-08,cve_2026_to_now,2026-09-09T12:07:22+00:00
CVE-2026-50328,updated,2026-09-08,cve_2026_to_now,2026-09-09T12:07:22+00:00
CVE-2026-50329,updated,2026-09-08,cve_2026_to_now,2026-09-09T12:07:22+00:00
CVE-2026-50330,updated,2026-09-08,cve_2026_to_now,2026-09-09T12:07:22+00:00
CVE-2026-50331,updated,2026-09-08,cve_2026_to_now,2026-09-09T12:07:22+00:00
CVE-2026-50332,updated,2026-09-08,cve_2026_to_now,2026-09-09T12:07:22+00:00
CVE-2026-50333,updated,2026-09-08,cve_2026_to_now,2026-09-09T12:07:22+00:00
CVE-2026-50334,updated,2026-09-08,cve_2026_to_now,2026-09-09T12:07:22+00:00
CVE-2026-50335,updated,2026-09-08,cve_2026_to_now,2026-09-09T12:07:22+00:00
CVE-2026-50336,updated,2026-09-08,cve_2026_to_now,2026-09-09T12:07:22+00:00
CVE-2026-50337,updated,2026-09-08,cve_2026_to_now,2026-09-09T12:07:22+00:00
CVE-2026-50338,updated,2026-09-08,cve_2026_to_now,2026-09-09T12:07:22+00:00
CVE-2026-50339,updated,2026-09-08,cve_2026_to_now,2026-09-09T12:07:22+00:00
CVE-2026-50340,updated,2026-09-08,cve_2026_to_now,2026-09-09T12:07:22+00:00
CVE-2026-50341,updated,2026-09-08,cve_2026_to_now,2026-09-09T12:07:22+00:00
CVE-2026-50342,updated,2026-09-08,cve_2026_to_now,2026-09-09T12:07:22+00:00
CVE-2026-50343,updated,2026-09-08,cve_2026_to_now,2026-09-09T12:07:22+00:00
CVE-2026-50344,updated,2026-09-08,cve_2026_to_now,2026-09-09T12:07:22+00:00
CVE-2026-50345,updated,2026-09-08,cve_2026_to_now,2026-09-09T12:07:22+00:00
CVE-2026-50346,updated,2026-09-08,cve_2026_to_now,2026-09-09T12:07:22+00:00
CVE-2026-50347,updated,2026-09-08,cve_2026_to_now,2026-09-09T12:07:22+00:00
CVE-2026-50348,updated,2026-09-08,cve_2026_to_now,2026-09-09T12:07:22+00:00
CVE-2026-50349,added,2026-09-09,cve_2026_to_now,2026-09-09T12:07:22+00:00
CVE-2026-50350,updated,2026-09-08,cve_2026_to_now,2026-09-09T12:07:22+00:00
CVE-2026-50351,updated,2026-09-08,cve_2026_to_now,2026-09-09T12:07:22+00:00
CVE-2026-50352,updated,2026-09-08,cve_2026_to_now,2026-09-09T12:07:22+00:00
CVE-2026-50353,updated,2026-09-08,cve_2026_to_now,2026-09-09T12:07:22+00:00
CVE-2026-50354,updated,2026-09-08,cve_2026_to_now,2026-09-09T12:07:22+00:00
CVE-2026-50355,updated,2026-09-08,cve_2026_to_now,2026-09-09T12:07:22+00:00
CVE-2026-50356,updated,2026-09-08,cve_2026_to_now,2026-09-09T12:07:22+00:00
CVE-2026-50357,updated,2026-09-08,cve_2026_to_now,2026-09-09T12:07:22+00:00
CVE-2026-50358,updated,2026-09-08,cve_2026_to_now,2026-09-09T12:07:22+00:00
CVE-2026-50359,updated,2026-09-08,cve_2026_to_now,2026-09-09T12:07:22+00:00
CVE-2026-50360,updated,2026-09-08,cve_2026_to_now,2026-09-09T12:07:22+00:00
CVE-2026-50361,updated,2026-09-08,cve_2026_to_now,2026-09-09T12:07:22+00:00
CVE-2026-50362,updated,2026-09-08,cve_2026_to_now,2026-09-09T12:07:22+00:00
CVE-2026-50363,updated,2026-09-08,cve_2026_to_now,2026-09-09T12:07:22+00:00
CVE-2026-50364,updated,2026-09-08,cve_2026_to_now,2026-09-09T12:07:22+00:00
CVE-2026-50365,updated,2026-09-08,cve_2026_to_now,2026-09-09T12:07:22+00:00
CVE-2026-50366,updated,2026-09-08,cve_2026_to_now,2026-09-09T12:07:22+00:00
CVE-2026-50367,updated,2026-09-08,cve_2026_to_now,2026-09-09T12:07:22+00:00
CVE-2026-50368,updated,2026-09-08,cve_2026_to_now,2026-09-09T12:07:22+00:00
CVE-2026-50369,updated,2026-09-08,cve_2026_to_now,2026-09-09T12:07:22+00:00
CVE-2026-50370,updated,2026-09-08,cve_2026_to_now,2026-09-09T12:07:22+00:00
CVE-2026-50371,updated,2026-09-08,cve_2026_to_now,2026-09-09T12:07:22+00:00
CVE-2026-50372,updated,2026-09-08,cve_2026_to_now,2026-09-09T12:07:22+00:00
CVE-2026-50373,updated,2026-09-08,cve_2026_to_now,2026-09-09T12:07:22+00:00
CVE-2026-50374,updated,2026-09-08,cve_2026_to_now,2026-09-09T12:07:22+00:00
CVE-2026-50375,updated,2026-09-08,cve_2026_to_now,2026-09-09T12:07:22+00:00
CVE-2026-50376,updated,2026-09-08,cve_2026_to_now,2026-09-09T12:07:22+00:00
CVE-2026-50377,updated,2026-09-08,cve_2026_to_now,2026-09-09T12:07:22+00:00
CVE-2026-50378,updated,2026-09-08,cve_2026_to_now,2026-09-09T12:07:22+00:00
CVE-2026-50379,updated,2026-09-08,cve_2026_to_now,2026-09-09T12:07:22+00:00
CVE-2026-50380,updated,2026-09-08,cve_2026_to_now,2026-09-09T12:07:22+00:00
CVE-2026-50381,updated,2026-09-08,cve_2026_to_now,2026-09-09T12:07:22+00:00
CVE-2026-50382,updated,2026-09-08,cve_2026_to_now,2026-09-09T12:07:22+00:00
CVE-2026-50383,updated,2026-09-08,cve_2026_to_now,2026-09-09T12:07:22+00:00
CVE-2026-50384,updated,2026-09-08,cve_2026_to_now,2026-09-09T12:07:22+00:00
CVE-2026-50385,updated,2026-09-08,cve_2026_to_now,2026-09-09T12:07:22+00:00
CVE-2026-50386,updated,2026-09-08,cve_2026_to_now,2026-09-09T12:07:22+00:00
CVE-2026-50387,updated,2026-09-08,cve_2026_to_now,2026-09-09T12:07:22+00:00
CVE-2026-50388,updated,2026-09-08,cve_2026_to_now,2026-09-09T12:07:22+00:00
CVE-2026-50389,updated,2026-09-08,cve_2026_to_now,2026-09-09T12:07:22+00:00
CVE-2026-50390,updated,2026-09-08,cve_2026_to_now,2026-09-09T12:07:22+00:00
CVE-2026-50391,updated,2026-09-08,cve_2026_to_now,2026-09-09T12:07:22+00:00
CVE-2026-50392,updated,2026-09-08,cve_2026_to_now,2026-09-09T12:07:22+00:00
CVE-2026-50393,updated,2026-09-08,cve_2026_to_now,2026-09-09T12:07:22+00:00
CVE-2026-50394,updated,2026-09-08,cve_2026_to_now,2026-09-09T12:07:22+00:00
CVE-2026-50396,updated,2026-09-08,cve_2026_to_now,2026-09-09T12:07:22+00:00
CVE-2026-50397,updated,2026-09-08,cve_2026_to_now,2026-09-09T12:07:22+00:00
CVE-2026-50398,updated,2026-09-08,cve_2026_to_now,2026-09-09T12:07:22+00:00
CVE-2026-50399,updated,2026-09-08,cve_2026_to_now,2026-09-09T12:07:22+00:00
CVE-2026-50400,updated,2026-09-08,cve_2026_to_now,2026-09-09T12:07:22+00:00
CVE-2026-50401,updated,2026-09-08,cve_2026_to_now,2026-09-09T12:07:22+00:00
CVE-2026-50402,updated,2026-09-08,cve_2026_to_now,2026-09-09T12:07:22+00:00
CVE-2026-50403,updated,2026-09-08,cve_2026_to_now,2026-09-09T12:07:22+00:00
CVE-2026-50404,updated,2026-09-08,cve_2026_to_now,2026-09-09T12:07:22+00:00
CVE-2026-50405,updated,2026-09-08,cve_2026_to_now,2026-09-09T12:07:22+00:00
CVE-2026-50406,updated,2026-09-08,cve_2026_to_now,2026-09-09T12:07:22+00:00
CVE-2026-50407,updated,2026-09-08,cve_2026_to_now,2026-09-09T12:07:22+00:00
CVE-2026-50408,updated,2026-09-08,cve_2026_to_now,2026-09-09T12:07:22+00:00
CVE-2026-50409,updated,2026-09-08,cve_2026_to_now,2026-09-09T12:07:22+00:00
CVE-2026-50410,updated,2026-09-08,cve_2026_to_now,2026-09-09T12:07:22+00:00
CVE-2026-50411,updated,2026-09-08,cve_2026_to_now,2026-09-09T12:07:22+00:00
CVE-2026-50412,updated,2026-09-08,cve_2026_to_now,2026-09-09T12:07:22+00:00
CVE-2026-50413,updated,2026-09-08,cve_2026_to_now,2026-09-09T12:07:22+00:00
CVE-2026-50414,updated,2026-09-08,cve_2026_to_now,2026-09-09T12:07:22+00:00
CVE-2026-50415,updated,2026-09-08,cve_2026_to_now,2026-09-09T12:07:22+00:00
CVE-2026-50416,updated,2026-09-08,cve_2026_to_now,2026-09-09T12:07:22+00:00
CVE-2026-50417,updated,2026-09-08,cve_2026_to_now,2026-09-09T12:07:22+00:00
CVE-2026-50418,updated,2026-09-08,cve_2026_to_now,2026-09-09T12:07:22+00:00
CVE-2026-50419,updated,2026-09-08,cve_2026_to_now,2026-09-09T12:07:22+00:00
CVE-2026-50420,updated,2026-09-08,cve_2026_to_now,2026-09-09T12:07:22+00:00
CVE-2026-50421,updated,2026-09-08,cve_2026_to_now,2026-09-09T12:07:22+00:00
CVE-2026-50422,updated,2026-09-08,cve_2026_to_now,2026-09-09T12:07:22+00:00
CVE-2026-50423,updated,2026-09-08,cve_2026_to_now,2026-09-09T12:07:22+00:00
CVE-2026-50424,updated,2026-09-08,cve_2026_to_now,2026-09-09T12:07:22+00:00
CVE-2026-50425,updated,2026-09-08,cve_2026_to_now,2026-09-09T12:07:22+00:00
CVE-2026-50426,updated,2026-09-08,cve_2026_to_now,2026-09-09T12:07:22+00:00
CVE-2026-50427,updated,2026-09-08,cve_2026_to_now,2026-09-09T12:07:22+00:00
CVE-2026-50428,updated,2026-09-08,cve_2026_to_now,2026-09-09T12:07:22+00:00
CVE-2026-50429,updated,2026-09-08,cve_2026_to_now,2026-09-09T12:07:22+00:00
CVE-2026-50430,updated,2026-09-08,cve_2026_to_now,2026-09-09T12:07:22+00:00
CVE-2026-50431,updated,2026-09-08,cve_2026_to_now,2026-09-09T12:07:22+00:00
CVE-2026-50432,updated,2026-09-08,cve_2026_to_now,2026-09-09T12:07:22+00:00
CVE-2026-50433,updated,2026-09-08,cve_2026_to_now,2026-09-09T12:07:22+00:00
CVE-2026-50434,updated,2026-09-08,cve_2026_to_now,2026-09-09T12:07:22+00:00
CVE-2026-50435,updated,2026-09-08,cve_2026_to_now,2026-09-09T12:07:22+00:00
CVE-2026-50436,updated,2026-09-08,cve_2026_to_now,2026-09-09T12:07:22+00:00
CVE-2026-50437,updated,2026-09-08,cve_2026_to_now,2026-09-09T12:07:22+00:00
CVE-2026-50438,updated,2026-09-08,cve_2026_to_now,2026-09-09T12:07:22+00:00
CVE-2026-50439,updated,2026-09-08,cve_2026_to_now,2026-09-09T12:07:22+00:00
CVE-2026-50440,updated,2026-09-08,cve_2026_to_now,2026-09-09T12:07:22+00:00
CVE-2026-50441,updated,2026-09-08,cve_2026_to_now,2026-09-09T12:07:22+00:00
CVE-2026-50442,updated,2026-09-08,cve_2026_to_now,2026-09-09T12:07:22+00:00
CVE-2026-50444,updated,2026-09-08,cve_2026_to_now,2026-09-09T12:07:22+00:00
CVE-2026-50445,updated,2026-09-08,cve_2026_to_now,2026-09-09T12:07:22+00:00
CVE-2026-50447,updated,2026-09-08,cve_2026_to_now,2026-09-09T12:07:22+00:00
CVE-2026-50448,updated,2026-09-08,cve_2026_to_now,2026-09-09T12:07:22+00:00
CVE-2026-50449,updated,2026-09-08,cve_2026_to_now,2026-09-09T12:07:22+00:00
CVE-2026-50450,updated,2026-09-08,cve_2026_to_now,2026-09-09T12:07:22+00:00
CVE-2026-50451,updated,2026-09-08,cve_2026_to_now,2026-09-09T12:07:22+00:00
CVE-2026-50452,updated,2026-09-08,cve_2026_to_now,2026-09-09T12:07:22+00:00
CVE-2026-50453,updated,2026-09-08,cve_2026_to_now,2026-09-09T12:07:22+00:00
CVE-2026-50454,updated,2026-09-08,cve_2026_to_now,2026-09-09T12:07:22+00:00
CVE-2026-50455,updated,2026-09-08,cve_2026_to_now,2026-09-09T12:07:22+00:00
CVE-2026-50456,updated,2026-09-08,cve_2026_to_now,2026-09-09T12:07:22+00:00
CVE-2026-50457,updated,2026-09-08,cve_2026_to_now,2026-09-09T12:07:22+00:00
CVE-2026-50458,updated,2026-09-08,cve_2026_to_now,2026-09-09T12:07:22+00:00
CVE-2026-50459,updated,2026-09-08,cve_2026_to_now,2026-09-09T12:07:22+00:00
CVE-2026-50460,updated,2026-09-08,cve_2026_to_now,2026-09-09T12:07:22+00:00
CVE-2026-50461,updated,2026-09-08,cve_2026_to_now,2026-09-09T12:07:22+00:00
CVE-2026-50462,updated,2026-09-08,cve_2026_to_now,2026-09-09T12:07:22+00:00
CVE-2026-50463,updated,2026-09-08,cve_2026_to_now,2026-09-09T12:07:22+00:00
CVE-2026-50465,updated,2026-09-08,cve_2026_to_now,2026-09-09T12:07:22+00:00
CVE-2026-50466,updated,2026-09-08,cve_2026_to_now,2026-09-09T12:07:22+00:00
CVE-2026-50467,updated,2026-09-08,cve_2026_to_now,2026-09-09T12:07:22+00:00
CVE-2026-50468,updated,2026-09-08,cve_2026_to_now,2026-09-09T12:07:22+00:00
CVE-2026-50469,updated,2026-09-08,cve_2026_to_now,2026-09-09T12:07:22+00:00
CVE-2026-50470,updated,2026-09-08,cve_2026_to_now,2026-09-09T12:07:22+00:00
CVE-2026-50471,updated,2026-09-08,cve_2026_to_now,2026-09-09T12:07:22+00:00
CVE-2026-50472,updated,2026-09-08,cve_2026_to_now,2026-09-09T12:07:22+00:00
CVE-2026-50473,updated,2026-09-08,cve_2026_to_now,2026-09-09T12:07:22+00:00
CVE-2026-50474,updated,2026-09-08,cve_2026_to_now,2026-09-09T12:07:22+00:00
CVE-2026-50475,updated,2026-09-08,cve_2026_to_now,2026-09-09T12:07:22+00:00
CVE-2026-50476,updated,2026-09-08,cve_2026_to_now,2026-09-09T12:07:22+00:00
CVE-2026-50477,updated,2026-09-08,cve_2026_to_now,2026-09-09T12:07:22+00:00
CVE-2026-50478,updated,2026-09-08,cve_2026_to_now,2026-09-09T12:07:22+00:00
CVE-2026-50479,updated,2026-09-08,cve_2026_to_now,2026-09-09T12:07:22+00:00
CVE-2026-50480,updated,2026-09-08,cve_2026_to_now,2026-09-09T12:07:22+00:00
CVE-2026-50481,updated,2026-09-08,cve_2026_to_now,2026-09-09T12:07:22+00:00
CVE-2026-50482,updated,2026-09-08,cve_2026_to_now,2026-09-09T12:07:22+00:00
CVE-2026-50483,updated,2026-09-08,cve_2026_to_now,2026-09-09T12:07:22+00:00
CVE-2026-50484,updated,2026-09-08,cve_2026_to_now,2026-09-09T12:07:22+00:00
CVE-2026-50485,updated,2026-09-08,cve_2026_to_now,2026-09-09T12:07:22+00:00
CVE-2026-50486,updated,2026-09-08,cve_2026_to_now,2026-09-09T12:07:22+00:00
CVE-2026-50487,updated,2026-09-08,cve_2026_to_now,2026-09-09T12:07:22+00:00
CVE-2026-50488,updated,2026-09-08,cve_2026_to_now,2026-09-09T12:07:22+00:00
CVE-2026-50489,updated,2026-09-08,cve_2026_to_now,2026-09-09T12:07:22+00:00
CVE-2026-50490,updated,2026-09-08,cve_2026_to_now,2026-09-09T12:07:22+00:00
CVE-2026-50491,updated,2026-09-08,cve_2026_to_now,2026-09-09T12:07:22+00:00
CVE-2026-50492,updated,2026-09-08,cve_2026_to_now,2026-09-09T12:07:22+00:00
CVE-2026-50493,updated,2026-09-08,cve_2026_to_now,2026-09-09T12:07:22+00:00
CVE-2026-50494,updated,2026-09-08,cve_2026_to_now,2026-09-09T12:07:22+00:00
CVE-2026-50495,updated,2026-09-08,cve_2026_to_now,2026-09-09T12:07:22+00:00
CVE-2026-50496,updated,2026-09-08,cve_2026_to_now,2026-09-09T12:07:22+00:00
CVE-2026-50497,updated,2026-09-08,cve_2026_to_now,2026-09-09T12:07:22+00:00
CVE-2026-50498,updated,2026-09-08,cve_2026_to_now,2026-09-09T12:07:22+00:00
CVE-2026-50499,updated,2026-09-08,cve_2026_to_now,2026-09-09T12:07:22+00:00
CVE-2026-50500,updated,2026-09-08,cve_2026_to_now,2026-09-09T12:07:22+00:00
CVE-2026-50501,updated,2026-09-08,cve_2026_to_now,2026-09-09T12:07:22+00:00
CVE-2026-50502,updated,2026-09-08,cve_2026_to_now,2026-09-09T12:07:22+00:00
CVE-2026-50503,updated,2026-09-08,cve_2026_to_now,2026-09-09T12:07:22+00:00
CVE-2026-50504,updated,2026-09-08,cve_2026_to_now,2026-09-09T12:07:22+00:00
CVE-2026-50505,updated,2026-09-08,cve_2026_to_now,2026-09-09T12:07:22+00:00
CVE-2026-50506,updated,2026-09-08,cve_2026_to_now,2026-09-09T12:07:22+00:00
CVE-2026-50509,updated,2026-09-08,cve_2026_to_now,2026-09-09T12:07:22+00:00
CVE-2026-50510,updated,2026-09-08,cve_2026_to_now,2026-09-09T12:07:22+00:00
CVE-2026-50515,updated,2026-09-08,cve_2026_to_now,2026-09-09T12:07:22+00:00
CVE-2026-50516,updated,2026-09-08,cve_2026_to_now,2026-09-09T12:07:22+00:00
CVE-2026-50517,updated,2026-09-08,cve_2026_to_now,2026-09-09T12:07:22+00:00
CVE-2026-50518,updated,2026-09-08,cve_2026_to_now,2026-09-09T12:07:22+00:00
CVE-2026-50520,updated,2026-09-08,cve_2026_to_now,2026-09-09T12:07:22+00:00
CVE-2026-50522,updated,2026-09-08,cve_2026_to_now,2026-09-09T12:07:22+00:00
CVE-2026-50523,updated,2026-09-08,cve_2026_to_now,2026-09-09T12:07:22+00:00
CVE-2026-50524,updated,2026-09-08,cve_2026_to_now,2026-09-09T12:07:22+00:00
CVE-2026-50525,updated,2026-09-08,cve_2026_to_now,2026-09-09T12:07:22+00:00
CVE-2026-50526,updated,2026-09-08,cve_2026_to_now,2026-09-09T12:07:22+00:00
CVE-2026-50527,updated,2026-09-08,cve_2026_to_now,2026-09-09T12:07:22+00:00
CVE-2026-50528,updated,2026-09-08,cve_2026_to_now,2026-09-09T12:07:22+00:00
CVE-2026-50646,updated,2026-09-08,cve_2026_to_now,2026-09-09T12:07:22+00:00
CVE-2026-50647,updated,2026-09-08,cve_2026_to_now,2026-09-09T12:07:22+00:00
CVE-2026-50648,updated,2026-09-08,cve_2026_to_now,2026-09-09T12:07:22+00:00
CVE-2026-50649,updated,2026-09-08,cve_2026_to_now,2026-09-09T12:07:22+00:00
CVE-2026-50650,updated,2026-09-08,cve_2026_to_now,2026-09-09T12:07:22+00:00
CVE-2026-50651,updated,2026-09-08,cve_2026_to_now,2026-09-09T12:07:22+00:00
CVE-2026-50652,updated,2026-09-08,cve_2026_to_now,2026-09-09T12:07:22+00:00
CVE-2026-50653,updated,2026-09-08,cve_2026_to_now,2026-09-09T12:07:22+00:00
CVE-2026-50655,updated,2026-09-08,cve_2026_to_now,2026-09-09T12:07:22+00:00
CVE-2026-50657,updated,2026-09-08,cve_2026_to_now,2026-09-09T12:07:22+00:00
CVE-2026-50658,updated,2026-09-08,cve_2026_to_now,2026-09-09T12:07:22+00:00
CVE-2026-50659,updated,2026-09-08,cve_2026_to_now,2026-09-09T12:07:22+00:00
CVE-2026-50661,updated,2026-09-08,cve_2026_to_now,2026-09-09T12:07:22+00:00
CVE-2026-50663,updated,2026-09-08,cve_2026_to_now,2026-09-09T12:07:22+00:00
CVE-2026-50665,updated,2026-09-08,cve_2026_to_now,2026-09-09T12:07:22+00:00
CVE-2026-50666,updated,2026-09-08,cve_2026_to_now,2026-09-09T12:07:22+00:00
CVE-2026-50667,updated,2026-09-08,cve_2026_to_now,2026-09-09T12:07:22+00:00
CVE-2026-50668,updated,2026-09-08,cve_2026_to_now,2026-09-09T12:07:22+00:00
CVE-2026-50669,updated,2026-09-08,cve_2026_to_now,2026-09-09T12:07:22+00:00
CVE-2026-50670,updated,2026-09-08,cve_2026_to_now,2026-09-09T12:07:22+00:00
CVE-2026-50672,updated,2026-09-08,cve_2026_to_now,2026-09-09T12:07:22+00:00
CVE-2026-50673,updated,2026-09-08,cve_2026_to_now,2026-09-09T12:07:22+00:00
CVE-2026-50674,updated,2026-09-08,cve_2026_to_now,2026-09-09T12:07:22+00:00
CVE-2026-50675,updated,2026-09-08,cve_2026_to_now,2026-09-09T12:07:22+00:00
CVE-2026-50676,updated,2026-09-08,cve_2026_to_now,2026-09-09T12:07:22+00:00
CVE-2026-50677,updated,2026-09-08,cve_2026_to_now,2026-09-09T12:07:22+00:00
CVE-2026-50678,updated,2026-09-08,cve_2026_to_now,2026-09-09T12:07:22+00:00
CVE-2026-50679,updated,2026-09-08,cve_2026_to_now,2026-09-09T12:07:22+00:00
CVE-2026-50680,updated,2026-09-08,cve_2026_to_now,2026-09-09T12:07:22+00:00
CVE-2026-50681,updated,2026-09-08,cve_2026_to_now,2026-09-09T12:07:22+00:00
CVE-2026-50682,updated,2026-09-08,cve_2026_to_now,2026-09-09T12:07:22+00:00
CVE-2026-50683,updated,2026-09-08,cve_2026_to_now,2026-09-09T12:07:22+00:00
CVE-2026-50684,updated,2026-09-08,cve_2026_to_now,2026-09-09T12:07:22+00:00
CVE-2026-50685,updated,2026-09-08,cve_2026_to_now,2026-09-09T12:07:22+00:00
CVE-2026-50686,updated,2026-09-08,cve_2026_to_now,2026-09-09T12:07:22+00:00
CVE-2026-50687,updated,2026-09-08,cve_2026_to_now,2026-09-09T12:07:22+00:00
CVE-2026-50688,updated,2026-09-08,cve_2026_to_now,2026-09-09T12:07:22+00:00
CVE-2026-50689,updated,2026-09-08,cve_2026_to_now,2026-09-09T12:07:22+00:00
CVE-2026-50690,updated,2026-09-08,cve_2026_to_now,2026-09-09T12:07:22+00:00
CVE-2026-50692,updated,2026-09-08,cve_2026_to_now,2026-09-09T12:07:22+00:00
CVE-2026-50694,updated,2026-09-08,cve_2026_to_now,2026-09-09T12:07:22+00:00
CVE-2026-50695,updated,2026-09-08,cve_2026_to_now,2026-09-09T12:07:22+00:00
CVE-2026-50696,updated,2026-09-08,cve_2026_to_now,2026-09-09T12:07:22+00:00
CVE-2026-50697,updated,2026-09-08,cve_2026_to_now,2026-09-09T12:07:22+00:00
CVE-2026-52023,updated,2026-09-08,cve_2026_to_now,2026-09-09T12:07:22+00:00
CVE-2026-52307,added,,cve_2026_to_now,2026-09-09T12:07:22+00:00
CVE-2026-52486,added,,cve_2026_to_now,2026-09-09T12:07:22+00:00
CVE-2026-52691,updated,2026-09-08,cve_2026_to_now,2026-09-09T12:07:22+00:00
CVE-2026-52762,updated,2026-09-08,cve_2026_to_now,2026-09-09T12:07:22+00:00
CVE-2026-52763,updated,2026-09-08,cve_2026_to_now,2026-09-09T12:07:22+00:00
CVE-2026-52767,updated,2026-09-08,cve_2026_to_now,2026-09-09T12:07:22+00:00
CVE-2026-52769,updated,2026-09-08,cve_2026_to_now,2026-09-09T12:07:22+00:00
CVE-2026-52770,updated,2026-09-08,cve_2026_to_now,2026-09-09T12:07:22+00:00
CVE-2026-52771,updated,2026-09-08,cve_2026_to_now,2026-09-09T12:07:22+00:00
CVE-2026-52773,updated,2026-09-08,cve_2026_to_now,2026-09-09T12:07:22+00:00
CVE-2026-52774,updated,2026-09-08,cve_2026_to_now,2026-09-09T12:07:22+00:00
CVE-2026-52775,updated,2026-09-08,cve_2026_to_now,2026-09-09T12:07:22+00:00
CVE-2026-52777,updated,2026-09-08,cve_2026_to_now,2026-09-09T12:07:22+00:00
CVE-2026-53581,added,,cve_2026_to_now,2026-09-09T12:07:22+00:00
CVE-2026-53603,updated,2026-09-08,cve_2026_to_now,2026-09-09T12:07:22+00:00
CVE-2026-53604,updated,2026-09-08,cve_2026_to_now,2026-09-09T12:07:22+00:00
CVE-2026-53637,added,,cve_2026_to_now,2026-09-09T12:07:22+00:00
CVE-2026-53638,added,,cve_2026_to_now,2026-09-09T12:07:22+00:00
CVE-2026-53639,added,,cve_2026_to_now,2026-09-09T12:07:22+00:00
CVE-2026-53704,updated,2026-09-08,cve_2026_to_now,2026-09-09T12:07:22+00:00
CVE-2026-53756,updated,2026-09-08,cve_2026_to_now,2026-09-09T12:07:22+00:00
CVE-2026-53757,updated,2026-09-08,cve_2026_to_now,2026-09-09T12:07:22+00:00
CVE-2026-53932,updated,2026-09-08,cve_2026_to_now,2026-09-09T12:07:22+00:00
CVE-2026-53933,added,,cve_2026_to_now,2026-09-09T12:07:22+00:00
CVE-2026-53937,added,,cve_2026_to_now,2026-09-09T12:07:22+00:00
CVE-2026-53938,added,,cve_2026_to_now,2026-09-09T12:07:22+00:00
CVE-2026-53939,added,,cve_2026_to_now,2026-09-09T12:07:22+00:00
CVE-2026-54048,added,,cve_2026_to_now,2026-09-09T12:07:22+00:00
CVE-2026-54099,updated,2026-09-08,cve_2026_to_now,2026-09-09T12:07:22+00:00
CVE-2026-54100,updated,2026-09-08,cve_2026_to_now,2026-09-09T12:07:22+00:00
CVE-2026-54107,updated,2026-09-08,cve_2026_to_now,2026-09-09T12:07:22+00:00
CVE-2026-54108,updated,2026-09-08,cve_2026_to_now,2026-09-09T12:07:22+00:00
CVE-2026-54109,updated,2026-09-08,cve_2026_to_now,2026-09-09T12:07:22+00:00
CVE-2026-54111,updated,2026-09-08,cve_2026_to_now,2026-09-09T12:07:22+00:00
CVE-2026-54112,updated,2026-09-08,cve_2026_to_now,2026-09-09T12:07:22+00:00
CVE-2026-54113,updated,2026-09-08,cve_2026_to_now,2026-09-09T12:07:22+00:00
CVE-2026-54114,updated,2026-09-08,cve_2026_to_now,2026-09-09T12:07:22+00:00
CVE-2026-54115,updated,2026-09-08,cve_2026_to_now,2026-09-09T12:07:22+00:00
CVE-2026-54116,updated,2026-09-08,cve_2026_to_now,2026-09-09T12:07:22+00:00
CVE-2026-54117,updated,2026-09-08,cve_2026_to_now,2026-09-09T12:07:22+00:00
CVE-2026-54118,updated,2026-09-08,cve_2026_to_now,2026-09-09T12:07:22+00:00
CVE-2026-54119,updated,2026-09-08,cve_2026_to_now,2026-09-09T12:07:22+00:00
CVE-2026-54120,updated,2026-09-08,cve_2026_to_now,2026-09-09T12:07:22+00:00
CVE-2026-54121,updated,2026-09-08,cve_2026_to_now,2026-09-09T12:07:22+00:00
CVE-2026-54122,updated,2026-09-08,cve_2026_to_now,2026-09-09T12:07:22+00:00
CVE-2026-54123,updated,2026-09-08,cve_2026_to_now,2026-09-09T12:07:22+00:00
CVE-2026-54124,updated,2026-09-08,cve_2026_to_now,2026-09-09T12:07:22+00:00
CVE-2026-54125,updated,2026-09-08,cve_2026_to_now,2026-09-09T12:07:22+00:00
CVE-2026-54126,updated,2026-09-08,cve_2026_to_now,2026-09-09T12:07:22+00:00
CVE-2026-54127,updated,2026-09-08,cve_2026_to_now,2026-09-09T12:07:22+00:00
CVE-2026-54128,updated,2026-09-08,cve_2026_to_now,2026-09-09T12:07:22+00:00
CVE-2026-54129,updated,2026-09-08,cve_2026_to_now,2026-09-09T12:07:22+00:00
CVE-2026-54131,updated,2026-09-08,cve_2026_to_now,2026-09-09T12:07:22+00:00
CVE-2026-54132,updated,2026-09-08,cve_2026_to_now,2026-09-09T12:07:22+00:00
CVE-2026-54611,added,,cve_2026_to_now,2026-09-09T12:07:22+00:00
CVE-2026-54981,updated,2026-09-08,cve_2026_to_now,2026-09-09T12:07:22+00:00
CVE-2026-54982,updated,2026-09-08,cve_2026_to_now,2026-09-09T12:07:22+00:00
CVE-2026-54983,updated,2026-09-08,cve_2026_to_now,2026-09-09T12:07:22+00:00
CVE-2026-54984,updated,2026-09-08,cve_2026_to_now,2026-09-09T12:07:22+00:00
CVE-2026-54986,updated,2026-09-08,cve_2026_to_now,2026-09-09T12:07:22+00:00
CVE-2026-54987,updated,2026-09-08,cve_2026_to_now,2026-09-09T12:07:22+00:00
CVE-2026-54988,updated,2026-09-08,cve_2026_to_now,2026-09-09T12:07:22+00:00
CVE-2026-54989,updated,2026-09-08,cve_2026_to_now,2026-09-09T12:07:22+00:00
CVE-2026-54990,updated,2026-09-08,cve_2026_to_now,2026-09-09T12:07:22+00:00
CVE-2026-54991,updated,2026-09-08,cve_2026_to_now,2026-09-09T12:07:22+00:00
CVE-2026-54992,updated,2026-09-08,cve_2026_to_now,2026-09-09T12:07:22+00:00
CVE-2026-54993,updated,2026-09-08,cve_2026_to_now,2026-09-09T12:07:22+00:00
CVE-2026-54995,updated,2026-09-08,cve_2026_to_now,2026-09-09T12:07:22+00:00
CVE-2026-54996,updated,2026-09-08,cve_2026_to_now,2026-09-09T12:07:22+00:00
CVE-2026-54997,updated,2026-09-08,cve_2026_to_now,2026-09-09T12:07:22+00:00
CVE-2026-54998,updated,2026-09-08,cve_2026_to_now,2026-09-09T12:07:22+00:00
CVE-2026-54999,updated,2026-09-08,cve_2026_to_now,2026-09-09T12:07:22+00:00
CVE-2026-55000,updated,2026-09-08,cve_2026_to_now,2026-09-09T12:07:22+00:00
CVE-2026-55001,updated,2026-09-08,cve_2026_to_now,2026-09-09T12:07:22+00:00
CVE-2026-55002,updated,2026-09-08,cve_2026_to_now,2026-09-09T12:07:22+00:00
CVE-2026-55003,updated,2026-09-08,cve_2026_to_now,2026-09-09T12:07:22+00:00
CVE-2026-55004,updated,2026-09-08,cve_2026_to_now,2026-09-09T12:07:22+00:00
CVE-2026-55005,updated,2026-09-08,cve_2026_to_now,2026-09-09T12:07:22+00:00
CVE-2026-55006,updated,2026-09-08,cve_2026_to_now,2026-09-09T12:07:22+00:00
CVE-2026-55007,added,2026-09-09,cve_2026_to_now,2026-09-09T12:07:22+00:00
CVE-2026-55008,updated,2026-09-08,cve_2026_to_now,2026-09-09T12:07:22+00:00
CVE-2026-55009,updated,2026-09-08,cve_2026_to_now,2026-09-09T12:07:22+00:00
CVE-2026-55010,updated,2026-09-08,cve_2026_to_now,2026-09-09T12:07:22+00:00
CVE-2026-55011,updated,2026-09-08,cve_2026_to_now,2026-09-09T12:07:22+00:00
CVE-2026-55012,updated,2026-09-08,cve_2026_to_now,2026-09-09T12:07:22+00:00
CVE-2026-55013,updated,2026-09-08,cve_2026_to_now,2026-09-09T12:07:22+00:00
CVE-2026-55014,updated,2026-09-08,cve_2026_to_now,2026-09-09T12:07:22+00:00
CVE-2026-55015,updated,2026-09-08,cve_2026_to_now,2026-09-09T12:07:22+00:00
CVE-2026-55016,updated,2026-09-08,cve_2026_to_now,2026-09-09T12:07:22+00:00
CVE-2026-55017,updated,2026-09-08,cve_2026_to_now,2026-09-09T12:07:22+00:00
CVE-2026-55018,updated,2026-09-08,cve_2026_to_now,2026-09-09T12:07:22+00:00
CVE-2026-55019,updated,2026-09-08,cve_2026_to_now,2026-09-09T12:07:22+00:00
CVE-2026-55020,updated,2026-09-08,cve_2026_to_now,2026-09-09T12:07:22+00:00
CVE-2026-55021,updated,2026-09-08,cve_2026_to_now,2026-09-09T12:07:22+00:00
CVE-2026-55022,updated,2026-09-08,cve_2026_to_now,2026-09-09T12:07:22+00:00
CVE-2026-55023,updated,2026-09-08,cve_2026_to_now,2026-09-09T12:07:22+00:00
CVE-2026-55024,updated,2026-09-08,cve_2026_to_now,2026-09-09T12:07:22+00:00
CVE-2026-55025,updated,2026-09-08,cve_2026_to_now,2026-09-09T12:07:22+00:00
CVE-2026-55026,updated,2026-09-08,cve_2026_to_now,2026-09-09T12:07:22+00:00
CVE-2026-55027,updated,2026-09-08,cve_2026_to_now,2026-09-09T12:07:22+00:00
CVE-2026-55028,updated,2026-09-08,cve_2026_to_now,2026-09-09T12:07:22+00:00
CVE-2026-55029,updated,2026-09-08,cve_2026_to_now,2026-09-09T12:07:22+00:00
CVE-2026-55030,updated,2026-09-08,cve_2026_to_now,2026-09-09T12:07:22+00:00
CVE-2026-55031,updated,2026-09-08,cve_2026_to_now,2026-09-09T12:07:22+00:00
CVE-2026-55032,updated,2026-09-08,cve_2026_to_now,2026-09-09T12:07:22+00:00
CVE-2026-55033,updated,2026-09-08,cve_2026_to_now,2026-09-09T12:07:22+00:00
CVE-2026-55034,updated,2026-09-08,cve_2026_to_now,2026-09-09T12:07:22+00:00
CVE-2026-55035,updated,2026-09-08,cve_2026_to_now,2026-09-09T12:07:22+00:00
CVE-2026-55036,updated,2026-09-08,cve_2026_to_now,2026-09-09T12:07:22+00:00
CVE-2026-55037,updated,2026-09-08,cve_2026_to_now,2026-09-09T12:07:22+00:00
CVE-2026-55038,updated,2026-09-08,cve_2026_to_now,2026-09-09T12:07:22+00:00
CVE-2026-55039,updated,2026-09-08,cve_2026_to_now,2026-09-09T12:07:22+00:00
CVE-2026-55040,updated,2026-09-08,cve_2026_to_now,2026-09-09T12:07:22+00:00
CVE-2026-55041,updated,2026-09-08,cve_2026_to_now,2026-09-09T12:07:22+00:00
CVE-2026-55042,updated,2026-09-08,cve_2026_to_now,2026-09-09T12:07:22+00:00
CVE-2026-55043,updated,2026-09-08,cve_2026_to_now,2026-09-09T12:07:22+00:00
CVE-2026-55044,updated,2026-09-08,cve_2026_to_now,2026-09-09T12:07:22+00:00
CVE-2026-55045,updated,2026-09-08,cve_2026_to_now,2026-09-09T12:07:22+00:00
CVE-2026-55046,updated,2026-09-08,cve_2026_to_now,2026-09-09T12:07:22+00:00
CVE-2026-55047,updated,2026-09-08,cve_2026_to_now,2026-09-09T12:07:22+00:00
CVE-2026-55048,updated,2026-09-08,cve_2026_to_now,2026-09-09T12:07:22+00:00
CVE-2026-55049,updated,2026-09-08,cve_2026_to_now,2026-09-09T12:07:22+00:00
CVE-2026-55050,updated,2026-09-08,cve_2026_to_now,2026-09-09T12:07:22+00:00
CVE-2026-55051,updated,2026-09-08,cve_2026_to_now,2026-09-09T12:07:22+00:00
CVE-2026-55052,updated,2026-09-08,cve_2026_to_now,2026-09-09T12:07:22+00:00
CVE-2026-55053,updated,2026-09-08,cve_2026_to_now,2026-09-09T12:07:22+00:00
CVE-2026-55054,updated,2026-09-08,cve_2026_to_now,2026-09-09T12:07:22+00:00
CVE-2026-55055,updated,2026-09-08,cve_2026_to_now,2026-09-09T12:07:22+00:00
CVE-2026-55056,updated,2026-09-08,cve_2026_to_now,2026-09-09T12:07:22+00:00
CVE-2026-55057,updated,2026-09-08,cve_2026_to_now,2026-09-09T12:07:22+00:00
CVE-2026-55058,updated,2026-09-08,cve_2026_to_now,2026-09-09T12:07:22+00:00
CVE-2026-55120,updated,2026-09-08,cve_2026_to_now,2026-09-09T12:07:22+00:00
CVE-2026-55121,updated,2026-09-08,cve_2026_to_now,2026-09-09T12:07:22+00:00
CVE-2026-55122,updated,2026-09-08,cve_2026_to_now,2026-09-09T12:07:22+00:00
CVE-2026-55123,updated,2026-09-08,cve_2026_to_now,2026-09-09T12:07:22+00:00
CVE-2026-55124,updated,2026-09-08,cve_2026_to_now,2026-09-09T12:07:22+00:00
CVE-2026-55125,updated,2026-09-08,cve_2026_to_now,2026-09-09T12:07:22+00:00
CVE-2026-55126,updated,2026-09-08,cve_2026_to_now,2026-09-09T12:07:22+00:00
CVE-2026-55127,updated,2026-09-08,cve_2026_to_now,2026-09-09T12:07:22+00:00
CVE-2026-55128,updated,2026-09-08,cve_2026_to_now,2026-09-09T12:07:22+00:00
CVE-2026-55129,updated,2026-09-08,cve_2026_to_now,2026-09-09T12:07:22+00:00
CVE-2026-55130,updated,2026-09-08,cve_2026_to_now,2026-09-09T12:07:22+00:00
CVE-2026-55131,updated,2026-09-08,cve_2026_to_now,2026-09-09T12:07:22+00:00
CVE-2026-55132,updated,2026-09-08,cve_2026_to_now,2026-09-09T12:07:22+00:00
CVE-2026-55133,updated,2026-09-08,cve_2026_to_now,2026-09-09T12:07:22+00:00
CVE-2026-55134,updated,2026-09-08,cve_2026_to_now,2026-09-09T12:07:22+00:00
CVE-2026-55135,updated,2026-09-08,cve_2026_to_now,2026-09-09T12:07:22+00:00
CVE-2026-55136,updated,2026-09-08,cve_2026_to_now,2026-09-09T12:07:22+00:00
CVE-2026-55137,updated,2026-09-08,cve_2026_to_now,2026-09-09T12:07:22+00:00
CVE-2026-55138,updated,2026-09-08,cve_2026_to_now,2026-09-09T12:07:22+00:00
CVE-2026-55139,updated,2026-09-08,cve_2026_to_now,2026-09-09T12:07:22+00:00
CVE-2026-55140,updated,2026-09-08,cve_2026_to_now,2026-09-09T12:07:22+00:00
CVE-2026-55141,updated,2026-09-08,cve_2026_to_now,2026-09-09T12:07:22+00:00
CVE-2026-55142,updated,2026-09-08,cve_2026_to_now,2026-09-09T12:07:22+00:00
CVE-2026-55144,updated,2026-09-08,cve_2026_to_now,2026-09-09T12:07:22+00:00
CVE-2026-55145,updated,2026-09-08,cve_2026_to_now,2026-09-09T12:07:22+00:00
CVE-2026-55250,added,,cve_2026_to_now,2026-09-09T12:07:22+00:00
CVE-2026-55256,added,,cve_2026_to_now,2026-09-09T12:07:22+00:00
CVE-2026-55273,added,,cve_2026_to_now,2026-09-09T12:07:22+00:00
CVE-2026-55277,added,,cve_2026_to_now,2026-09-09T12:07:22+00:00
CVE-2026-55285,added,,cve_2026_to_now,2026-09-09T12:07:22+00:00
CVE-2026-55290,added,,cve_2026_to_now,2026-09-09T12:07:22+00:00
CVE-2026-55294,added,,cve_2026_to_now,2026-09-09T12:07:22+00:00
CVE-2026-55513,updated,2026-09-08,cve_2026_to_now,2026-09-09T12:07:22+00:00
CVE-2026-55898,updated,2026-09-08,cve_2026_to_now,2026-09-09T12:07:22+00:00
CVE-2026-55899,updated,2026-09-08,cve_2026_to_now,2026-09-09T12:07:22+00:00
CVE-2026-55944,updated,2026-09-08,cve_2026_to_now,2026-09-09T12:07:22+00:00
CVE-2026-55945,updated,2026-09-08,cve_2026_to_now,2026-09-09T12:07:22+00:00
CVE-2026-55947,updated,2026-09-08,cve_2026_to_now,2026-09-09T12:07:22+00:00
CVE-2026-55948,updated,2026-09-08,cve_2026_to_now,2026-09-09T12:07:22+00:00
CVE-2026-55949,updated,2026-09-08,cve_2026_to_now,2026-09-09T12:07:22+00:00
CVE-2026-56101,added,,cve_2026_to_now,2026-09-09T12:07:22+00:00
CVE-2026-56155,updated,2026-09-08,cve_2026_to_now,2026-09-09T12:07:22+00:00
CVE-2026-56156,updated,2026-09-08,cve_2026_to_now,2026-09-09T12:07:22+00:00
CVE-2026-56157,updated,2026-09-08,cve_2026_to_now,2026-09-09T12:07:22+00:00
CVE-2026-56159,updated,2026-09-08,cve_2026_to_now,2026-09-09T12:07:22+00:00
CVE-2026-56160,updated,2026-09-08,cve_2026_to_now,2026-09-09T12:07:22+00:00
CVE-2026-56161,updated,2026-09-08,cve_2026_to_now,2026-09-09T12:07:22+00:00
CVE-2026-56162,updated,2026-09-08,cve_2026_to_now,2026-09-09T12:07:22+00:00
CVE-2026-56163,updated,2026-09-08,cve_2026_to_now,2026-09-09T12:07:22+00:00
CVE-2026-56164,updated,2026-09-08,cve_2026_to_now,2026-09-09T12:07:22+00:00
CVE-2026-56165,updated,2026-09-08,cve_2026_to_now,2026-09-09T12:07:22+00:00
CVE-2026-56167,updated,2026-09-08,cve_2026_to_now,2026-09-09T12:07:22+00:00
CVE-2026-56168,updated,2026-09-08,cve_2026_to_now,2026-09-09T12:07:22+00:00
CVE-2026-56169,updated,2026-09-08,cve_2026_to_now,2026-09-09T12:07:22+00:00
CVE-2026-56170,updated,2026-09-08,cve_2026_to_now,2026-09-09T12:07:22+00:00
CVE-2026-56171,updated,2026-09-08,cve_2026_to_now,2026-09-09T12:07:22+00:00
CVE-2026-56172,added,,cve_2026_to_now,2026-09-09T12:07:22+00:00
CVE-2026-56173,updated,2026-09-08,cve_2026_to_now,2026-09-09T12:07:22+00:00
CVE-2026-56174,updated,2026-09-08,cve_2026_to_now,2026-09-09T12:07:22+00:00
CVE-2026-56175,updated,2026-09-08,cve_2026_to_now,2026-09-09T12:07:22+00:00
CVE-2026-56176,updated,2026-09-08,cve_2026_to_now,2026-09-09T12:07:22+00:00
CVE-2026-56177,added,2026-09-09,cve_2026_to_now,2026-09-09T12:07:22+00:00
CVE-2026-56178,updated,2026-09-08,cve_2026_to_now,2026-09-09T12:07:22+00:00
CVE-2026-56179,updated,2026-09-08,cve_2026_to_now,2026-09-09T12:07:22+00:00
CVE-2026-56181,updated,2026-09-08,cve_2026_to_now,2026-09-09T12:07:22+00:00
CVE-2026-56182,updated,2026-09-08,cve_2026_to_now,2026-09-09T12:07:22+00:00
CVE-2026-56183,updated,2026-09-08,cve_2026_to_now,2026-09-09T12:07:22+00:00
CVE-2026-56184,updated,2026-09-08,cve_2026_to_now,2026-09-09T12:07:22+00:00
CVE-2026-56185,updated,2026-09-08,cve_2026_to_now,2026-09-09T12:07:22+00:00
CVE-2026-56186,updated,2026-09-08,cve_2026_to_now,2026-09-09T12:07:22+00:00
CVE-2026-56187,updated,2026-09-08,cve_2026_to_now,2026-09-09T12:07:22+00:00
CVE-2026-56188,updated,2026-09-08,cve_2026_to_now,2026-09-09T12:07:22+00:00
CVE-2026-56189,updated,2026-09-08,cve_2026_to_now,2026-09-09T12:07:22+00:00
CVE-2026-56190,updated,2026-09-08,cve_2026_to_now,2026-09-09T12:07:22+00:00
CVE-2026-56191,updated,2026-09-08,cve_2026_to_now,2026-09-09T12:07:22+00:00
CVE-2026-56192,updated,2026-09-08,cve_2026_to_now,2026-09-09T12:07:22+00:00
CVE-2026-56193,updated,2026-09-08,cve_2026_to_now,2026-09-09T12:07:22+00:00
CVE-2026-56194,updated,2026-09-08,cve_2026_to_now,2026-09-09T12:07:22+00:00
CVE-2026-56195,updated,2026-09-08,cve_2026_to_now,2026-09-09T12:07:22+00:00
CVE-2026-56196,updated,2026-09-08,cve_2026_to_now,2026-09-09T12:07:22+00:00
CVE-2026-56197,updated,2026-09-08,cve_2026_to_now,2026-09-09T12:07:22+00:00
CVE-2026-56198,added,,cve_2026_to_now,2026-09-09T12:07:22+00:00
CVE-2026-56207,added,,cve_2026_to_now,2026-09-09T12:07:22+00:00
CVE-2026-56642,updated,2026-09-08,cve_2026_to_now,2026-09-09T12:07:22+00:00
CVE-2026-56643,updated,2026-09-08,cve_2026_to_now,2026-09-09T12:07:22+00:00
CVE-2026-56644,updated,2026-09-08,cve_2026_to_now,2026-09-09T12:07:22+00:00
CVE-2026-56645,updated,2026-09-08,cve_2026_to_now,2026-09-09T12:07:22+00:00
CVE-2026-56646,updated,2026-09-08,cve_2026_to_now,2026-09-09T12:07:22+00:00
CVE-2026-56647,updated,2026-09-08,cve_2026_to_now,2026-09-09T12:07:22+00:00
CVE-2026-56648,updated,2026-09-08,cve_2026_to_now,2026-09-09T12:07:22+00:00
CVE-2026-56649,updated,2026-09-08,cve_2026_to_now,2026-09-09T12:07:22+00:00
CVE-2026-56650,updated,2026-09-08,cve_2026_to_now,2026-09-09T12:07:22+00:00
CVE-2026-57083,updated,2026-09-08,cve_2026_to_now,2026-09-09T12:07:22+00:00
CVE-2026-57084,updated,2026-09-08,cve_2026_to_now,2026-09-09T12:07:22+00:00
CVE-2026-57085,updated,2026-09-08,cve_2026_to_now,2026-09-09T12:07:22+00:00
CVE-2026-57087,updated,2026-09-08,cve_2026_to_now,2026-09-09T12:07:22+00:00
CVE-2026-57088,updated,2026-09-08,cve_2026_to_now,2026-09-09T12:07:22+00:00
CVE-2026-57089,updated,2026-09-08,cve_2026_to_now,2026-09-09T12:07:22+00:00
CVE-2026-57090,updated,2026-09-08,cve_2026_to_now,2026-09-09T12:07:22+00:00
CVE-2026-57091,updated,2026-09-08,cve_2026_to_now,2026-09-09T12:07:22+00:00
CVE-2026-57092,updated,2026-09-08,cve_2026_to_now,2026-09-09T12:07:22+00:00
CVE-2026-57093,updated,2026-09-08,cve_2026_to_now,2026-09-09T12:07:22+00:00
CVE-2026-57094,updated,2026-09-08,cve_2026_to_now,2026-09-09T12:07:22+00:00
CVE-2026-57095,updated,2026-09-08,cve_2026_to_now,2026-09-09T12:07:22+00:00
CVE-2026-57096,updated,2026-09-08,cve_2026_to_now,2026-09-09T12:07:22+00:00
CVE-2026-57097,updated,2026-09-08,cve_2026_to_now,2026-09-09T12:07:22+00:00
CVE-2026-57098,added,,cve_2026_to_now,2026-09-09T12:07:22+00:00
CVE-2026-57099,added,,cve_2026_to_now,2026-09-09T12:07:22+00:00
CVE-2026-57100,updated,2026-09-08,cve_2026_to_now,2026-09-09T12:07:22+00:00
CVE-2026-57101,updated,2026-09-08,cve_2026_to_now,2026-09-09T12:07:22+00:00
CVE-2026-57102,updated,2026-09-08,cve_2026_to_now,2026-09-09T12:07:22+00:00
CVE-2026-57104,updated,2026-09-08,cve_2026_to_now,2026-09-09T12:07:22+00:00
CVE-2026-57105,updated,2026-09-08,cve_2026_to_now,2026-09-09T12:07:22+00:00
CVE-2026-57106,updated,2026-09-08,cve_2026_to_now,2026-09-09T12:07:22+00:00
CVE-2026-57107,updated,2026-09-08,cve_2026_to_now,2026-09-09T12:07:22+00:00
CVE-2026-57108,updated,2026-09-08,cve_2026_to_now,2026-09-09T12:07:22+00:00
CVE-2026-57159,updated,2026-09-08,cve_2026_to_now,2026-09-09T12:07:22+00:00
CVE-2026-57160,updated,2026-09-08,cve_2026_to_now,2026-09-09T12:07:22+00:00
CVE-2026-57164,updated,2026-09-08,cve_2026_to_now,2026-09-09T12:07:22+00:00
CVE-2026-57165,updated,2026-09-08,cve_2026_to_now,2026-09-09T12:07:22+00:00
CVE-2026-57432,updated,2026-09-08,cve_2026_to_now,2026-09-09T12:07:22+00:00
CVE-2026-57825,added,,cve_2026_to_now,2026-09-09T12:07:22+00:00
CVE-2026-57866,added,,cve_2026_to_now,2026-09-09T12:07:22+00:00
CVE-2026-57968,updated,2026-09-08,cve_2026_to_now,2026-09-09T12:07:22+00:00
CVE-2026-57969,updated,2026-09-08,cve_2026_to_now,2026-09-09T12:07:22+00:00
CVE-2026-57973,updated,2026-09-08,cve_2026_to_now,2026-09-09T12:07:22+00:00
CVE-2026-57974,updated,2026-09-08,cve_2026_to_now,2026-09-09T12:07:22+00:00
CVE-2026-57975,updated,2026-09-08,cve_2026_to_now,2026-09-09T12:07:22+00:00
CVE-2026-57976,updated,2026-09-08,cve_2026_to_now,2026-09-09T12:07:22+00:00
CVE-2026-57977,updated,2026-09-08,cve_2026_to_now,2026-09-09T12:07:22+00:00
CVE-2026-57978,updated,2026-09-08,cve_2026_to_now,2026-09-09T12:07:22+00:00
CVE-2026-57979,updated,2026-09-08,cve_2026_to_now,2026-09-09T12:07:22+00:00
CVE-2026-57980,updated,2026-09-08,cve_2026_to_now,2026-09-09T12:07:22+00:00
CVE-2026-57981,updated,2026-09-08,cve_2026_to_now,2026-09-09T12:07:22+00:00
CVE-2026-57982,updated,2026-09-08,cve_2026_to_now,2026-09-09T12:07:22+00:00
CVE-2026-57983,updated,2026-09-08,cve_2026_to_now,2026-09-09T12:07:22+00:00
CVE-2026-57984,updated,2026-09-08,cve_2026_to_now,2026-09-09T12:07:22+00:00
CVE-2026-57985,updated,2026-09-08,cve_2026_to_now,2026-09-09T12:07:22+00:00
CVE-2026-57986,updated,2026-09-08,cve_2026_to_now,2026-09-09T12:07:22+00:00
CVE-2026-57987,updated,2026-09-08,cve_2026_to_now,2026-09-09T12:07:22+00:00
CVE-2026-57988,updated,2026-09-08,cve_2026_to_now,2026-09-09T12:07:22+00:00
CVE-2026-57989,updated,2026-09-08,cve_2026_to_now,2026-09-09T12:07:22+00:00
CVE-2026-57990,updated,2026-09-08,cve_2026_to_now,2026-09-09T12:07:22+00:00
CVE-2026-57991,updated,2026-09-08,cve_2026_to_now,2026-09-09T12:07:22+00:00
CVE-2026-57992,updated,2026-09-08,cve_2026_to_now,2026-09-09T12:07:22+00:00
CVE-2026-57993,updated,2026-09-08,cve_2026_to_now,2026-09-09T12:07:22+00:00
CVE-2026-58010,updated,2026-09-09,cve_2026_to_now,2026-09-09T12:07:22+00:00
CVE-2026-58011,updated,2026-09-09,cve_2026_to_now,2026-09-09T12:07:22+00:00
CVE-2026-58012,updated,2026-09-09,cve_2026_to_now,2026-09-09T12:07:22+00:00
CVE-2026-58013,updated,2026-09-09,cve_2026_to_now,2026-09-09T12:07:22+00:00
CVE-2026-58014,updated,2026-09-09,cve_2026_to_now,2026-09-09T12:07:22+00:00
CVE-2026-58015,updated,2026-09-09,cve_2026_to_now,2026-09-09T12:07:22+00:00
CVE-2026-58240,updated,2026-09-09,cve_2026_to_now,2026-09-09T12:07:22+00:00
CVE-2026-58275,updated,2026-09-08,cve_2026_to_now,2026-09-09T12:07:22+00:00
CVE-2026-58276,updated,2026-09-08,cve_2026_to_now,2026-09-09T12:07:22+00:00
CVE-2026-58277,updated,2026-09-08,cve_2026_to_now,2026-09-09T12:07:22+00:00
CVE-2026-58278,updated,2026-09-08,cve_2026_to_now,2026-09-09T12:07:22+00:00
CVE-2026-58279,updated,2026-09-08,cve_2026_to_now,2026-09-09T12:07:22+00:00
CVE-2026-58281,updated,2026-09-08,cve_2026_to_now,2026-09-09T12:07:22+00:00
CVE-2026-58282,updated,2026-09-08,cve_2026_to_now,2026-09-09T12:07:22+00:00
CVE-2026-58283,updated,2026-09-08,cve_2026_to_now,2026-09-09T12:07:22+00:00
CVE-2026-58284,updated,2026-09-08,cve_2026_to_now,2026-09-09T12:07:22+00:00
CVE-2026-58285,updated,2026-09-08,cve_2026_to_now,2026-09-09T12:07:22+00:00
CVE-2026-58286,updated,2026-09-08,cve_2026_to_now,2026-09-09T12:07:22+00:00
CVE-2026-58287,updated,2026-09-08,cve_2026_to_now,2026-09-09T12:07:22+00:00
CVE-2026-58288,updated,2026-09-08,cve_2026_to_now,2026-09-09T12:07:22+00:00
CVE-2026-58289,updated,2026-09-08,cve_2026_to_now,2026-09-09T12:07:22+00:00
CVE-2026-58290,updated,2026-09-08,cve_2026_to_now,2026-09-09T12:07:22+00:00
CVE-2026-58291,updated,2026-09-08,cve_2026_to_now,2026-09-09T12:07:22+00:00
CVE-2026-58292,updated,2026-09-08,cve_2026_to_now,2026-09-09T12:07:22+00:00
CVE-2026-58293,updated,2026-09-08,cve_2026_to_now,2026-09-09T12:07:22+00:00
CVE-2026-58294,updated,2026-09-08,cve_2026_to_now,2026-09-09T12:07:22+00:00
CVE-2026-58295,updated,2026-09-08,cve_2026_to_now,2026-09-09T12:07:22+00:00
CVE-2026-58296,updated,2026-09-08,cve_2026_to_now,2026-09-09T12:07:22+00:00
CVE-2026-58297,updated,2026-09-08,cve_2026_to_now,2026-09-09T12:07:22+00:00
CVE-2026-58298,updated,2026-09-08,cve_2026_to_now,2026-09-09T12:07:22+00:00
CVE-2026-58299,updated,2026-09-08,cve_2026_to_now,2026-09-09T12:07:22+00:00
CVE-2026-58300,updated,2026-09-08,cve_2026_to_now,2026-09-09T12:07:22+00:00
CVE-2026-58522,updated,2026-09-08,cve_2026_to_now,2026-09-09T12:07:22+00:00
CVE-2026-58523,updated,2026-09-08,cve_2026_to_now,2026-09-09T12:07:22+00:00
CVE-2026-58524,updated,2026-09-08,cve_2026_to_now,2026-09-09T12:07:22+00:00
CVE-2026-58525,updated,2026-09-08,cve_2026_to_now,2026-09-09T12:07:22+00:00
CVE-2026-58526,updated,2026-09-08,cve_2026_to_now,2026-09-09T12:07:22+00:00
CVE-2026-58527,updated,2026-09-08,cve_2026_to_now,2026-09-09T12:07:22+00:00
CVE-2026-58528,updated,2026-09-08,cve_2026_to_now,2026-09-09T12:07:22+00:00
CVE-2026-58529,updated,2026-09-08,cve_2026_to_now,2026-09-09T12:07:22+00:00
CVE-2026-58530,updated,2026-09-08,cve_2026_to_now,2026-09-09T12:07:22+00:00
CVE-2026-58531,updated,2026-09-08,cve_2026_to_now,2026-09-09T12:07:22+00:00
CVE-2026-58532,updated,2026-09-08,cve_2026_to_now,2026-09-09T12:07:22+00:00
CVE-2026-58533,updated,2026-09-08,cve_2026_to_now,2026-09-09T12:07:22+00:00
CVE-2026-58534,updated,2026-09-08,cve_2026_to_now,2026-09-09T12:07:22+00:00
CVE-2026-58535,updated,2026-09-08,cve_2026_to_now,2026-09-09T12:07:22+00:00
CVE-2026-58536,updated,2026-09-08,cve_2026_to_now,2026-09-09T12:07:22+00:00
CVE-2026-58537,updated,2026-09-08,cve_2026_to_now,2026-09-09T12:07:22+00:00
CVE-2026-58538,updated,2026-09-08,cve_2026_to_now,2026-09-09T12:07:22+00:00
CVE-2026-58539,updated,2026-09-08,cve_2026_to_now,2026-09-09T12:07:22+00:00
CVE-2026-58540,updated,2026-09-08,cve_2026_to_now,2026-09-09T12:07:22+00:00
CVE-2026-58541,updated,2026-09-08,cve_2026_to_now,2026-09-09T12:07:22+00:00
CVE-2026-58542,updated,2026-09-08,cve_2026_to_now,2026-09-09T12:07:22+00:00
CVE-2026-58543,updated,2026-09-08,cve_2026_to_now,2026-09-09T12:07:22+00:00
CVE-2026-58544,updated,2026-09-08,cve_2026_to_now,2026-09-09T12:07:22+00:00
CVE-2026-58545,updated,2026-09-08,cve_2026_to_now,2026-09-09T12:07:22+00:00
CVE-2026-58546,updated,2026-09-08,cve_2026_to_now,2026-09-09T12:07:22+00:00
CVE-2026-58547,updated,2026-09-08,cve_2026_to_now,2026-09-09T12:07:22+00:00
CVE-2026-58594,updated,2026-09-08,cve_2026_to_now,2026-09-09T12:07:22+00:00
CVE-2026-58595,updated,2026-09-08,cve_2026_to_now,2026-09-09T12:07:22+00:00
CVE-2026-58596,updated,2026-09-08,cve_2026_to_now,2026-09-09T12:07:22+00:00
CVE-2026-58597,updated,2026-09-08,cve_2026_to_now,2026-09-09T12:07:22+00:00
CVE-2026-58598,updated,2026-09-08,cve_2026_to_now,2026-09-09T12:07:22+00:00
CVE-2026-58599,added,,cve_2026_to_now,2026-09-09T12:07:22+00:00
CVE-2026-58600,added,,cve_2026_to_now,2026-09-09T12:07:22+00:00
CVE-2026-58601,updated,2026-09-08,cve_2026_to_now,2026-09-09T12:07:22+00:00
CVE-2026-58602,updated,2026-09-08,cve_2026_to_now,2026-09-09T12:07:22+00:00
CVE-2026-58608,updated,2026-09-08,cve_2026_to_now,2026-09-09T12:07:22+00:00
CVE-2026-58609,updated,2026-09-08,cve_2026_to_now,2026-09-09T12:07:22+00:00
CVE-2026-58610,updated,2026-09-08,cve_2026_to_now,2026-09-09T12:07:22+00:00
CVE-2026-58611,added,,cve_2026_to_now,2026-09-09T12:07:22+00:00
CVE-2026-58612,updated,2026-09-08,cve_2026_to_now,2026-09-09T12:07:22+00:00
CVE-2026-58613,updated,2026-09-08,cve_2026_to_now,2026-09-09T12:07:22+00:00
CVE-2026-58614,updated,2026-09-08,cve_2026_to_now,2026-09-09T12:07:22+00:00
CVE-2026-58617,updated,2026-09-08,cve_2026_to_now,2026-09-09T12:07:22+00:00
CVE-2026-58618,updated,2026-09-08,cve_2026_to_now,2026-09-09T12:07:22+00:00
CVE-2026-58619,updated,2026-09-08,cve_2026_to_now,2026-09-09T12:07:22+00:00
CVE-2026-58626,updated,2026-09-08,cve_2026_to_now,2026-09-09T12:07:22+00:00
CVE-2026-58627,updated,2026-09-08,cve_2026_to_now,2026-09-09T12:07:22+00:00
CVE-2026-58628,updated,2026-09-08,cve_2026_to_now,2026-09-09T12:07:22+00:00
CVE-2026-58629,updated,2026-09-08,cve_2026_to_now,2026-09-09T12:07:22+00:00
CVE-2026-58630,updated,2026-09-08,cve_2026_to_now,2026-09-09T12:07:22+00:00
CVE-2026-58631,updated,2026-09-08,cve_2026_to_now,2026-09-09T12:07:22+00:00
CVE-2026-58632,updated,2026-09-08,cve_2026_to_now,2026-09-09T12:07:22+00:00
CVE-2026-58633,updated,2026-09-08,cve_2026_to_now,2026-09-09T12:07:22+00:00
CVE-2026-58634,updated,2026-09-08,cve_2026_to_now,2026-09-09T12:07:22+00:00
CVE-2026-58635,updated,2026-09-08,cve_2026_to_now,2026-09-09T12:07:22+00:00
CVE-2026-58636,updated,2026-09-08,cve_2026_to_now,2026-09-09T12:07:22+00:00
CVE-2026-58637,updated,2026-09-08,cve_2026_to_now,2026-09-09T12:07:22+00:00
CVE-2026-58638,updated,2026-09-08,cve_2026_to_now,2026-09-09T12:07:22+00:00
CVE-2026-58639,updated,2026-09-08,cve_2026_to_now,2026-09-09T12:07:22+00:00
CVE-2026-58640,updated,2026-09-08,cve_2026_to_now,2026-09-09T12:07:22+00:00
CVE-2026-58641,updated,2026-09-08,cve_2026_to_now,2026-09-09T12:07:22+00:00
CVE-2026-58643,updated,2026-09-08,cve_2026_to_now,2026-09-09T12:07:22+00:00
CVE-2026-58644,updated,2026-09-08,cve_2026_to_now,2026-09-09T12:07:22+00:00
CVE-2026-58647,updated,2026-09-08,cve_2026_to_now,2026-09-09T12:07:22+00:00
CVE-2026-58649,added,,cve_2026_to_now,2026-09-09T12:07:22+00:00
CVE-2026-58650,updated,2026-09-08,cve_2026_to_now,2026-09-09T12:07:22+00:00
CVE-2026-58651,updated,2026-09-08,cve_2026_to_now,2026-09-09T12:07:22+00:00
CVE-2026-58820,added,,cve_2026_to_now,2026-09-09T12:07:22+00:00
CVE-2026-58822,added,,cve_2026_to_now,2026-09-09T12:07:22+00:00
CVE-2026-58823,added,,cve_2026_to_now,2026-09-09T12:07:22+00:00
CVE-2026-58839,added,,cve_2026_to_now,2026-09-09T12:07:22+00:00
CVE-2026-58846,added,,cve_2026_to_now,2026-09-09T12:07:22+00:00
CVE-2026-58848,added,,cve_2026_to_now,2026-09-09T12:07:22+00:00
CVE-2026-58874,added,,cve_2026_to_now,2026-09-09T12:07:22+00:00
CVE-2026-58941,added,,cve_2026_to_now,2026-09-09T12:07:22+00:00
CVE-2026-59113,updated,2026-09-08,cve_2026_to_now,2026-09-09T12:07:22+00:00
CVE-2026-59115,updated,2026-09-08,cve_2026_to_now,2026-09-09T12:07:22+00:00
CVE-2026-59117,updated,2026-09-08,cve_2026_to_now,2026-09-09T12:07:22+00:00
CVE-2026-59118,updated,2026-09-08,cve_2026_to_now,2026-09-09T12:07:22+00:00
CVE-2026-59119,updated,2026-09-08,cve_2026_to_now,2026-09-09T12:07:22+00:00
CVE-2026-59122,updated,2026-09-08,cve_2026_to_now,2026-09-09T12:07:22+00:00
CVE-2026-59124,updated,2026-09-08,cve_2026_to_now,2026-09-09T12:07:22+00:00
CVE-2026-59125,updated,2026-09-08,cve_2026_to_now,2026-09-09T12:07:22+00:00
CVE-2026-59126,updated,2026-09-08,cve_2026_to_now,2026-09-09T12:07:22+00:00
CVE-2026-59127,updated,2026-09-08,cve_2026_to_now,2026-09-09T12:07:22+00:00
CVE-2026-59128,updated,2026-09-08,cve_2026_to_now,2026-09-09T12:07:22+00:00
CVE-2026-59130,updated,2026-09-08,cve_2026_to_now,2026-09-09T12:07:22+00:00
CVE-2026-59131,updated,2026-09-08,cve_2026_to_now,2026-09-09T12:07:22+00:00
CVE-2026-59132,updated,2026-09-08,cve_2026_to_now,2026-09-09T12:07:22+00:00
CVE-2026-59133,updated,2026-09-08,cve_2026_to_now,2026-09-09T12:07:22+00:00
CVE-2026-59134,updated,2026-09-08,cve_2026_to_now,2026-09-09T12:07:22+00:00
CVE-2026-59135,updated,2026-09-08,cve_2026_to_now,2026-09-09T12:07:22+00:00
CVE-2026-59136,updated,2026-09-08,cve_2026_to_now,2026-09-09T12:07:22+00:00
CVE-2026-59137,updated,2026-09-08,cve_2026_to_now,2026-09-09T12:07:22+00:00
CVE-2026-59138,updated,2026-09-08,cve_2026_to_now,2026-09-09T12:07:22+00:00
CVE-2026-59243,updated,2026-09-08,cve_2026_to_now,2026-09-09T12:07:22+00:00
CVE-2026-60004,updated,2026-09-08,cve_2026_to_now,2026-09-09T12:07:22+00:00
CVE-2026-61345,updated,2026-09-08,cve_2026_to_now,2026-09-09T12:07:22+00:00
CVE-2026-61346,updated,2026-09-08,cve_2026_to_now,2026-09-09T12:07:22+00:00
CVE-2026-61347,updated,2026-09-08,cve_2026_to_now,2026-09-09T12:07:22+00:00
CVE-2026-61348,updated,2026-09-08,cve_2026_to_now,2026-09-09T12:07:22+00:00
CVE-2026-61349,updated,2026-09-08,cve_2026_to_now,2026-09-09T12:07:22+00:00
CVE-2026-61350,updated,2026-09-08,cve_2026_to_now,2026-09-09T12:07:22+00:00
CVE-2026-61352,updated,2026-09-08,cve_2026_to_now,2026-09-09T12:07:22+00:00
CVE-2026-61353,updated,2026-09-08,cve_2026_to_now,2026-09-09T12:07:22+00:00
CVE-2026-61355,updated,2026-09-08,cve_2026_to_now,2026-09-09T12:07:22+00:00
CVE-2026-61356,updated,2026-09-08,cve_2026_to_now,2026-09-09T12:07:22+00:00
CVE-2026-61357,updated,2026-09-08,cve_2026_to_now,2026-09-09T12:07:22+00:00
CVE-2026-61358,updated,2026-09-08,cve_2026_to_now,2026-09-09T12:07:22+00:00
CVE-2026-61359,updated,2026-09-08,cve_2026_to_now,2026-09-09T12:07:22+00:00
CVE-2026-61360,updated,2026-09-08,cve_2026_to_now,2026-09-09T12:07:22+00:00
CVE-2026-61361,updated,2026-09-08,cve_2026_to_now,2026-09-09T12:07:22+00:00
CVE-2026-61363,updated,2026-09-08,cve_2026_to_now,2026-09-09T12:07:22+00:00
CVE-2026-61364,updated,2026-09-08,cve_2026_to_now,2026-09-09T12:07:22+00:00
CVE-2026-61365,updated,2026-09-08,cve_2026_to_now,2026-09-09T12:07:22+00:00
CVE-2026-61366,updated,2026-09-08,cve_2026_to_now,2026-09-09T12:07:22+00:00
CVE-2026-61367,updated,2026-09-08,cve_2026_to_now,2026-09-09T12:07:22+00:00
CVE-2026-61368,updated,2026-09-08,cve_2026_to_now,2026-09-09T12:07:22+00:00
CVE-2026-61409,updated,2026-09-08,cve_2026_to_now,2026-09-09T12:07:22+00:00
CVE-2026-61516,added,,cve_2026_to_now,2026-09-09T12:07:22+00:00
CVE-2026-61517,added,,cve_2026_to_now,2026-09-09T12:07:22+00:00
CVE-2026-61688,updated,2026-09-08,cve_2026_to_now,2026-09-09T12:07:22+00:00
CVE-2026-61699,updated,2026-09-08,cve_2026_to_now,2026-09-09T12:07:22+00:00
CVE-2026-61918,updated,2026-09-08,cve_2026_to_now,2026-09-09T12:07:22+00:00
CVE-2026-61920,updated,2026-09-08,cve_2026_to_now,2026-09-09T12:07:22+00:00
CVE-2026-61921,updated,2026-09-08,cve_2026_to_now,2026-09-09T12:07:22+00:00
CVE-2026-61923,updated,2026-09-08,cve_2026_to_now,2026-09-09T12:07:22+00:00
CVE-2026-61924,updated,2026-09-08,cve_2026_to_now,2026-09-09T12:07:22+00:00
CVE-2026-61925,updated,2026-09-08,cve_2026_to_now,2026-09-09T12:07:22+00:00
CVE-2026-61926,updated,2026-09-08,cve_2026_to_now,2026-09-09T12:07:22+00:00
CVE-2026-61927,updated,2026-09-08,cve_2026_to_now,2026-09-09T12:07:22+00:00
CVE-2026-61928,updated,2026-09-08,cve_2026_to_now,2026-09-09T12:07:22+00:00
CVE-2026-61929,updated,2026-09-08,cve_2026_to_now,2026-09-09T12:07:22+00:00
CVE-2026-61930,updated,2026-09-08,cve_2026_to_now,2026-09-09T12:07:22+00:00
CVE-2026-61932,updated,2026-09-08,cve_2026_to_now,2026-09-09T12:07:22+00:00
CVE-2026-61933,updated,2026-09-08,cve_2026_to_now,2026-09-09T12:07:22+00:00
CVE-2026-61934,updated,2026-09-08,cve_2026_to_now,2026-09-09T12:07:22+00:00
CVE-2026-61936,updated,2026-09-08,cve_2026_to_now,2026-09-09T12:07:22+00:00
CVE-2026-61937,updated,2026-09-08,cve_2026_to_now,2026-09-09T12:07:22+00:00
CVE-2026-61938,updated,2026-09-08,cve_2026_to_now,2026-09-09T12:07:22+00:00
CVE-2026-61939,updated,2026-09-08,cve_2026_to_now,2026-09-09T12:07:22+00:00
CVE-2026-62437,added,,cve_2026_to_now,2026-09-09T12:07:22+00:00
CVE-2026-62645,updated,,cve_2026_to_now,2026-09-09T12:07:22+00:00
CVE-2026-62648,updated,,cve_2026_to_now,2026-09-09T12:07:22+00:00
CVE-2026-62650,updated,,cve_2026_to_now,2026-09-09T12:07:22+00:00
CVE-2026-62654,updated,,cve_2026_to_now,2026-09-09T12:07:22+00:00
CVE-2026-62688,updated,2026-09-08,cve_2026_to_now,2026-09-09T12:07:22+00:00
CVE-2026-62690,updated,2026-09-08,cve_2026_to_now,2026-09-09T12:07:22+00:00
CVE-2026-62692,updated,2026-09-08,cve_2026_to_now,2026-09-09T12:07:22+00:00
CVE-2026-62693,updated,2026-09-08,cve_2026_to_now,2026-09-09T12:07:22+00:00
CVE-2026-62694,added,2026-09-09,cve_2026_to_now,2026-09-09T12:07:22+00:00
CVE-2026-62695,updated,2026-09-08,cve_2026_to_now,2026-09-09T12:07:22+00:00
CVE-2026-62696,updated,2026-09-08,cve_2026_to_now,2026-09-09T12:07:22+00:00
CVE-2026-62697,added,2026-09-09,cve_2026_to_now,2026-09-09T12:07:22+00:00
CVE-2026-62698,updated,2026-09-08,cve_2026_to_now,2026-09-09T12:07:22+00:00
CVE-2026-62699,updated,2026-09-08,cve_2026_to_now,2026-09-09T12:07:22+00:00
CVE-2026-62700,updated,2026-09-08,cve_2026_to_now,2026-09-09T12:07:22+00:00
CVE-2026-62701,updated,2026-09-08,cve_2026_to_now,2026-09-09T12:07:22+00:00
CVE-2026-62702,updated,2026-09-08,cve_2026_to_now,2026-09-09T12:07:22+00:00
CVE-2026-62703,updated,2026-09-08,cve_2026_to_now,2026-09-09T12:07:22+00:00
CVE-2026-62705,updated,2026-09-08,cve_2026_to_now,2026-09-09T12:07:22+00:00
CVE-2026-62706,added,,cve_2026_to_now,2026-09-09T12:07:22+00:00
CVE-2026-62707,updated,2026-09-08,cve_2026_to_now,2026-09-09T12:07:22+00:00
CVE-2026-62708,updated,2026-09-08,cve_2026_to_now,2026-09-09T12:07:22+00:00
CVE-2026-62709,updated,2026-09-08,cve_2026_to_now,2026-09-09T12:07:22+00:00
CVE-2026-62710,updated,2026-09-08,cve_2026_to_now,2026-09-09T12:07:22+00:00
CVE-2026-62711,updated,2026-09-08,cve_2026_to_now,2026-09-09T12:07:22+00:00
CVE-2026-62712,updated,2026-09-08,cve_2026_to_now,2026-09-09T12:07:22+00:00
CVE-2026-62713,updated,2026-09-08,cve_2026_to_now,2026-09-09T12:07:22+00:00
CVE-2026-62714,updated,2026-09-08,cve_2026_to_now,2026-09-09T12:07:22+00:00
CVE-2026-62715,updated,2026-09-08,cve_2026_to_now,2026-09-09T12:07:22+00:00
CVE-2026-62716,updated,2026-09-08,cve_2026_to_now,2026-09-09T12:07:22+00:00
CVE-2026-62717,updated,2026-09-08,cve_2026_to_now,2026-09-09T12:07:22+00:00
CVE-2026-62718,updated,2026-09-08,cve_2026_to_now,2026-09-09T12:07:22+00:00
CVE-2026-62719,updated,2026-09-08,cve_2026_to_now,2026-09-09T12:07:22+00:00
CVE-2026-62720,updated,2026-09-08,cve_2026_to_now,2026-09-09T12:07:22+00:00
CVE-2026-62721,updated,2026-09-08,cve_2026_to_now,2026-09-09T12:07:22+00:00
CVE-2026-62722,updated,2026-09-08,cve_2026_to_now,2026-09-09T12:07:22+00:00
CVE-2026-62723,updated,2026-09-08,cve_2026_to_now,2026-09-09T12:07:22+00:00
CVE-2026-62724,updated,2026-09-08,cve_2026_to_now,2026-09-09T12:07:22+00:00
CVE-2026-62725,updated,2026-09-08,cve_2026_to_now,2026-09-09T12:07:22+00:00
CVE-2026-62726,updated,2026-09-08,cve_2026_to_now,2026-09-09T12:07:22+00:00
CVE-2026-62727,updated,2026-09-08,cve_2026_to_now,2026-09-09T12:07:22+00:00
CVE-2026-62728,updated,2026-09-08,cve_2026_to_now,2026-09-09T12:07:22+00:00
CVE-2026-62729,updated,2026-09-08,cve_2026_to_now,2026-09-09T12:07:22+00:00
CVE-2026-62730,updated,2026-09-08,cve_2026_to_now,2026-09-09T12:07:22+00:00
CVE-2026-62732,updated,2026-09-08,cve_2026_to_now,2026-09-09T12:07:22+00:00
CVE-2026-62733,updated,2026-09-08,cve_2026_to_now,2026-09-09T12:07:22+00:00
CVE-2026-62734,updated,2026-09-08,cve_2026_to_now,2026-09-09T12:07:22+00:00
CVE-2026-62735,updated,2026-09-08,cve_2026_to_now,2026-09-09T12:07:22+00:00
CVE-2026-62736,updated,2026-09-08,cve_2026_to_now,2026-09-09T12:07:22+00:00
CVE-2026-62737,updated,2026-09-08,cve_2026_to_now,2026-09-09T12:07:22+00:00
CVE-2026-62738,updated,2026-09-08,cve_2026_to_now,2026-09-09T12:07:22+00:00
CVE-2026-62739,updated,2026-09-08,cve_2026_to_now,2026-09-09T12:07:22+00:00
CVE-2026-62740,updated,2026-09-08,cve_2026_to_now,2026-09-09T12:07:22+00:00
CVE-2026-62741,updated,2026-09-08,cve_2026_to_now,2026-09-09T12:07:22+00:00
CVE-2026-62742,updated,2026-09-08,cve_2026_to_now,2026-09-09T12:07:22+00:00
CVE-2026-62743,updated,2026-09-08,cve_2026_to_now,2026-09-09T12:07:22+00:00
CVE-2026-62744,added,,cve_2026_to_now,2026-09-09T12:07:22+00:00
CVE-2026-62745,updated,2026-09-08,cve_2026_to_now,2026-09-09T12:07:22+00:00
CVE-2026-62746,updated,2026-09-08,cve_2026_to_now,2026-09-09T12:07:22+00:00
CVE-2026-62747,updated,2026-09-08,cve_2026_to_now,2026-09-09T12:07:22+00:00
CVE-2026-62748,updated,2026-09-08,cve_2026_to_now,2026-09-09T12:07:22+00:00
CVE-2026-62749,updated,2026-09-08,cve_2026_to_now,2026-09-09T12:07:22+00:00
CVE-2026-62750,updated,2026-09-08,cve_2026_to_now,2026-09-09T12:07:22+00:00
CVE-2026-62751,updated,2026-09-08,cve_2026_to_now,2026-09-09T12:07:22+00:00
CVE-2026-62752,updated,2026-09-08,cve_2026_to_now,2026-09-09T12:07:22+00:00
CVE-2026-62753,updated,2026-09-08,cve_2026_to_now,2026-09-09T12:07:22+00:00
CVE-2026-62754,updated,2026-09-08,cve_2026_to_now,2026-09-09T12:07:22+00:00
CVE-2026-62755,updated,2026-09-08,cve_2026_to_now,2026-09-09T12:07:22+00:00
CVE-2026-62757,updated,2026-09-08,cve_2026_to_now,2026-09-09T12:07:22+00:00
CVE-2026-62758,updated,2026-09-08,cve_2026_to_now,2026-09-09T12:07:22+00:00
CVE-2026-62759,added,2026-09-09,cve_2026_to_now,2026-09-09T12:07:22+00:00
CVE-2026-62761,updated,2026-09-08,cve_2026_to_now,2026-09-09T12:07:22+00:00
CVE-2026-62762,added,,cve_2026_to_now,2026-09-09T12:07:22+00:00
CVE-2026-62766,updated,2026-09-08,cve_2026_to_now,2026-09-09T12:07:22+00:00
CVE-2026-62768,updated,2026-09-08,cve_2026_to_now,2026-09-09T12:07:22+00:00
CVE-2026-62769,updated,2026-09-08,cve_2026_to_now,2026-09-09T12:07:22+00:00
CVE-2026-62770,updated,2026-09-08,cve_2026_to_now,2026-09-09T12:07:22+00:00
CVE-2026-62771,updated,2026-09-08,cve_2026_to_now,2026-09-09T12:07:22+00:00
CVE-2026-62772,updated,2026-09-08,cve_2026_to_now,2026-09-09T12:07:22+00:00
CVE-2026-62773,updated,2026-09-08,cve_2026_to_now,2026-09-09T12:07:22+00:00
CVE-2026-62774,updated,2026-09-08,cve_2026_to_now,2026-09-09T12:07:22+00:00
CVE-2026-62775,updated,2026-09-08,cve_2026_to_now,2026-09-09T12:07:22+00:00
CVE-2026-62776,updated,2026-09-08,cve_2026_to_now,2026-09-09T12:07:22+00:00
CVE-2026-62777,updated,2026-09-08,cve_2026_to_now,2026-09-09T12:07:22+00:00
CVE-2026-62778,updated,2026-09-08,cve_2026_to_now,2026-09-09T12:07:22+00:00
CVE-2026-62779,updated,2026-09-08,cve_2026_to_now,2026-09-09T12:07:22+00:00
CVE-2026-62780,updated,2026-09-08,cve_2026_to_now,2026-09-09T12:07:22+00:00
CVE-2026-62781,updated,2026-09-08,cve_2026_to_now,2026-09-09T12:07:22+00:00
CVE-2026-62782,updated,2026-09-08,cve_2026_to_now,2026-09-09T12:07:22+00:00
CVE-2026-62783,updated,2026-09-08,cve_2026_to_now,2026-09-09T12:07:22+00:00
CVE-2026-62784,updated,2026-09-08,cve_2026_to_now,2026-09-09T12:07:22+00:00
CVE-2026-62785,updated,2026-09-08,cve_2026_to_now,2026-09-09T12:07:22+00:00
CVE-2026-62786,updated,2026-09-08,cve_2026_to_now,2026-09-09T12:07:22+00:00
CVE-2026-62787,updated,2026-09-08,cve_2026_to_now,2026-09-09T12:07:22+00:00
CVE-2026-62788,updated,2026-09-08,cve_2026_to_now,2026-09-09T12:07:22+00:00
CVE-2026-62790,updated,2026-09-08,cve_2026_to_now,2026-09-09T12:07:22+00:00
CVE-2026-62792,updated,2026-09-08,cve_2026_to_now,2026-09-09T12:07:22+00:00
CVE-2026-62793,updated,2026-09-08,cve_2026_to_now,2026-09-09T12:07:22+00:00
CVE-2026-62795,updated,2026-09-08,cve_2026_to_now,2026-09-09T12:07:22+00:00
CVE-2026-62796,updated,2026-09-08,cve_2026_to_now,2026-09-09T12:07:22+00:00
CVE-2026-62797,updated,2026-09-08,cve_2026_to_now,2026-09-09T12:07:22+00:00
CVE-2026-62798,updated,2026-09-08,cve_2026_to_now,2026-09-09T12:07:22+00:00
CVE-2026-62799,updated,2026-09-08,cve_2026_to_now,2026-09-09T12:07:22+00:00
CVE-2026-62800,updated,2026-09-08,cve_2026_to_now,2026-09-09T12:07:22+00:00
CVE-2026-62801,added,,cve_2026_to_now,2026-09-09T12:07:22+00:00
CVE-2026-62803,updated,2026-09-08,cve_2026_to_now,2026-09-09T12:07:22+00:00
CVE-2026-62804,added,,cve_2026_to_now,2026-09-09T12:07:22+00:00
CVE-2026-62807,updated,2026-09-08,cve_2026_to_now,2026-09-09T12:07:22+00:00
CVE-2026-62810,added,2026-09-09,cve_2026_to_now,2026-09-09T12:07:22+00:00
CVE-2026-62811,updated,2026-09-08,cve_2026_to_now,2026-09-09T12:07:22+00:00
CVE-2026-62812,updated,2026-09-08,cve_2026_to_now,2026-09-09T12:07:22+00:00
CVE-2026-62813,added,2026-09-09,cve_2026_to_now,2026-09-09T12:07:22+00:00
CVE-2026-62814,updated,2026-09-08,cve_2026_to_now,2026-09-09T12:07:22+00:00
CVE-2026-62815,updated,2026-09-08,cve_2026_to_now,2026-09-09T12:07:22+00:00
CVE-2026-62816,updated,2026-09-08,cve_2026_to_now,2026-09-09T12:07:22+00:00
CVE-2026-62817,updated,2026-09-08,cve_2026_to_now,2026-09-09T12:07:22+00:00
CVE-2026-62818,updated,2026-09-08,cve_2026_to_now,2026-09-09T12:07:22+00:00
CVE-2026-62819,updated,2026-09-08,cve_2026_to_now,2026-09-09T12:07:22+00:00
CVE-2026-62820,updated,2026-09-08,cve_2026_to_now,2026-09-09T12:07:22+00:00
CVE-2026-62822,updated,2026-09-08,cve_2026_to_now,2026-09-09T12:07:22+00:00
CVE-2026-62823,updated,2026-09-08,cve_2026_to_now,2026-09-09T12:07:22+00:00
CVE-2026-62824,updated,2026-09-08,cve_2026_to_now,2026-09-09T12:07:22+00:00
CVE-2026-62825,updated,2026-09-08,cve_2026_to_now,2026-09-09T12:07:22+00:00
CVE-2026-62826,updated,2026-09-08,cve_2026_to_now,2026-09-09T12:07:22+00:00
CVE-2026-62827,updated,2026-09-08,cve_2026_to_now,2026-09-09T12:07:22+00:00
CVE-2026-62828,updated,2026-09-08,cve_2026_to_now,2026-09-09T12:07:22+00:00
CVE-2026-62829,updated,2026-09-08,cve_2026_to_now,2026-09-09T12:07:22+00:00
CVE-2026-62830,updated,2026-09-08,cve_2026_to_now,2026-09-09T12:07:22+00:00
CVE-2026-62832,updated,2026-09-08,cve_2026_to_now,2026-09-09T12:07:22+00:00
CVE-2026-62834,updated,2026-09-08,cve_2026_to_now,2026-09-09T12:07:22+00:00
CVE-2026-62835,updated,2026-09-08,cve_2026_to_now,2026-09-09T12:07:22+00:00
CVE-2026-62836,updated,2026-09-08,cve_2026_to_now,2026-09-09T12:07:22+00:00
CVE-2026-62837,updated,2026-09-08,cve_2026_to_now,2026-09-09T12:07:22+00:00
CVE-2026-62839,updated,2026-09-08,cve_2026_to_now,2026-09-09T12:07:22+00:00
CVE-2026-62842,updated,2026-09-08,cve_2026_to_now,2026-09-09T12:07:22+00:00
CVE-2026-62869,updated,2026-09-08,cve_2026_to_now,2026-09-09T12:07:22+00:00
CVE-2026-62870,updated,2026-09-08,cve_2026_to_now,2026-09-09T12:07:22+00:00
CVE-2026-62871,updated,2026-09-08,cve_2026_to_now,2026-09-09T12:07:22+00:00
CVE-2026-62872,updated,2026-09-08,cve_2026_to_now,2026-09-09T12:07:22+00:00
CVE-2026-62873,updated,2026-09-08,cve_2026_to_now,2026-09-09T12:07:22+00:00
CVE-2026-62876,updated,2026-09-08,cve_2026_to_now,2026-09-09T12:07:22+00:00
CVE-2026-62877,updated,2026-09-08,cve_2026_to_now,2026-09-09T12:07:22+00:00
CVE-2026-62878,updated,2026-09-08,cve_2026_to_now,2026-09-09T12:07:22+00:00
CVE-2026-62880,updated,2026-09-08,cve_2026_to_now,2026-09-09T12:07:22+00:00
CVE-2026-62881,updated,2026-09-08,cve_2026_to_now,2026-09-09T12:07:22+00:00
CVE-2026-62882,updated,2026-09-08,cve_2026_to_now,2026-09-09T12:07:22+00:00
CVE-2026-62883,updated,2026-09-08,cve_2026_to_now,2026-09-09T12:07:22+00:00
CVE-2026-62885,updated,2026-09-08,cve_2026_to_now,2026-09-09T12:07:22+00:00
CVE-2026-62886,updated,2026-09-08,cve_2026_to_now,2026-09-09T12:07:22+00:00
CVE-2026-62887,updated,2026-09-08,cve_2026_to_now,2026-09-09T12:07:22+00:00
CVE-2026-62888,updated,2026-09-08,cve_2026_to_now,2026-09-09T12:07:22+00:00
CVE-2026-62889,updated,2026-09-08,cve_2026_to_now,2026-09-09T12:07:22+00:00
CVE-2026-62890,updated,2026-09-08,cve_2026_to_now,2026-09-09T12:07:22+00:00
CVE-2026-62892,updated,2026-09-08,cve_2026_to_now,2026-09-09T12:07:22+00:00
CVE-2026-62893,updated,2026-09-08,cve_2026_to_now,2026-09-09T12:07:22+00:00
CVE-2026-62894,updated,2026-09-08,cve_2026_to_now,2026-09-09T12:07:22+00:00
CVE-2026-62895,added,,cve_2026_to_now,2026-09-09T12:07:22+00:00
CVE-2026-62896,updated,2026-09-08,cve_2026_to_now,2026-09-09T12:07:22+00:00
CVE-2026-62897,updated,2026-09-08,cve_2026_to_now,2026-09-09T12:07:22+00:00
CVE-2026-62898,updated,2026-09-08,cve_2026_to_now,2026-09-09T12:07:22+00:00
CVE-2026-62899,updated,2026-09-08,cve_2026_to_now,2026-09-09T12:07:22+00:00
CVE-2026-62900,updated,2026-09-08,cve_2026_to_now,2026-09-09T12:07:22+00:00
CVE-2026-62901,updated,2026-09-08,cve_2026_to_now,2026-09-09T12:07:22+00:00
CVE-2026-62902,updated,2026-09-08,cve_2026_to_now,2026-09-09T12:07:22+00:00
CVE-2026-62906,updated,2026-09-08,cve_2026_to_now,2026-09-09T12:07:22+00:00
CVE-2026-62908,updated,2026-09-08,cve_2026_to_now,2026-09-09T12:07:22+00:00
CVE-2026-62909,updated,2026-09-08,cve_2026_to_now,2026-09-09T12:07:22+00:00
CVE-2026-62910,updated,2026-09-08,cve_2026_to_now,2026-09-09T12:07:22+00:00
CVE-2026-62911,updated,2026-09-08,cve_2026_to_now,2026-09-09T12:07:22+00:00
CVE-2026-62912,updated,2026-09-08,cve_2026_to_now,2026-09-09T12:07:22+00:00
CVE-2026-62913,updated,2026-09-08,cve_2026_to_now,2026-09-09T12:07:22+00:00
CVE-2026-62914,updated,2026-09-08,cve_2026_to_now,2026-09-09T12:07:22+00:00
CVE-2026-62915,updated,2026-09-08,cve_2026_to_now,2026-09-09T12:07:22+00:00
CVE-2026-62916,updated,2026-09-08,cve_2026_to_now,2026-09-09T12:07:22+00:00
CVE-2026-62917,updated,2026-09-08,cve_2026_to_now,2026-09-09T12:07:22+00:00
CVE-2026-62918,updated,2026-09-08,cve_2026_to_now,2026-09-09T12:07:22+00:00
CVE-2026-63464,updated,2026-09-08,cve_2026_to_now,2026-09-09T12:07:22+00:00
CVE-2026-63508,updated,2026-09-08,cve_2026_to_now,2026-09-09T12:07:22+00:00
CVE-2026-63509,updated,2026-09-08,cve_2026_to_now,2026-09-09T12:07:22+00:00
CVE-2026-63512,updated,2026-09-08,cve_2026_to_now,2026-09-09T12:07:22+00:00
CVE-2026-63513,updated,2026-09-08,cve_2026_to_now,2026-09-09T12:07:22+00:00
CVE-2026-63514,updated,2026-09-08,cve_2026_to_now,2026-09-09T12:07:22+00:00
CVE-2026-63515,updated,2026-09-08,cve_2026_to_now,2026-09-09T12:07:22+00:00
CVE-2026-63516,updated,2026-09-08,cve_2026_to_now,2026-09-09T12:07:22+00:00
CVE-2026-63517,updated,2026-09-08,cve_2026_to_now,2026-09-09T12:07:22+00:00
CVE-2026-63518,updated,2026-09-08,cve_2026_to_now,2026-09-09T12:07:22+00:00
CVE-2026-63519,updated,2026-09-08,cve_2026_to_now,2026-09-09T12:07:22+00:00
CVE-2026-63520,updated,2026-09-08,cve_2026_to_now,2026-09-09T12:07:22+00:00
CVE-2026-63521,updated,2026-09-08,cve_2026_to_now,2026-09-09T12:07:22+00:00
CVE-2026-63522,updated,2026-09-08,cve_2026_to_now,2026-09-09T12:07:22+00:00
CVE-2026-63523,added,,cve_2026_to_now,2026-09-09T12:07:22+00:00
CVE-2026-63524,updated,2026-09-08,cve_2026_to_now,2026-09-09T12:07:22+00:00
CVE-2026-63525,updated,2026-09-08,cve_2026_to_now,2026-09-09T12:07:22+00:00
CVE-2026-63526,updated,2026-09-08,cve_2026_to_now,2026-09-09T12:07:22+00:00
CVE-2026-63527,updated,2026-09-08,cve_2026_to_now,2026-09-09T12:07:22+00:00
CVE-2026-63528,updated,2026-09-08,cve_2026_to_now,2026-09-09T12:07:22+00:00
CVE-2026-63529,updated,2026-09-08,cve_2026_to_now,2026-09-09T12:07:22+00:00
CVE-2026-63530,updated,2026-09-08,cve_2026_to_now,2026-09-09T12:07:22+00:00
CVE-2026-63531,updated,2026-09-08,cve_2026_to_now,2026-09-09T12:07:22+00:00
CVE-2026-63532,updated,2026-09-08,cve_2026_to_now,2026-09-09T12:07:22+00:00
CVE-2026-63533,updated,2026-09-08,cve_2026_to_now,2026-09-09T12:07:22+00:00
CVE-2026-63622,updated,2026-09-09,cve_2026_to_now,2026-09-09T12:07:22+00:00
CVE-2026-64897,updated,2026-09-08,cve_2026_to_now,2026-09-09T12:07:22+00:00
CVE-2026-64898,updated,2026-09-08,cve_2026_to_now,2026-09-09T12:07:22+00:00
CVE-2026-64899,updated,2026-09-08,cve_2026_to_now,2026-09-09T12:07:22+00:00
CVE-2026-64900,updated,2026-09-08,cve_2026_to_now,2026-09-09T12:07:22+00:00
CVE-2026-64901,updated,2026-09-08,cve_2026_to_now,2026-09-09T12:07:22+00:00
CVE-2026-64902,updated,2026-09-08,cve_2026_to_now,2026-09-09T12:07:22+00:00
CVE-2026-64903,updated,2026-09-08,cve_2026_to_now,2026-09-09T12:07:22+00:00
CVE-2026-64904,updated,2026-09-08,cve_2026_to_now,2026-09-09T12:07:22+00:00
CVE-2026-64905,updated,2026-09-08,cve_2026_to_now,2026-09-09T12:07:22+00:00
CVE-2026-64906,updated,2026-09-08,cve_2026_to_now,2026-09-09T12:07:22+00:00
CVE-2026-64907,updated,2026-09-08,cve_2026_to_now,2026-09-09T12:07:22+00:00
CVE-2026-64908,updated,2026-09-08,cve_2026_to_now,2026-09-09T12:07:22+00:00
CVE-2026-64909,updated,2026-09-08,cve_2026_to_now,2026-09-09T12:07:22+00:00
CVE-2026-64910,updated,2026-09-08,cve_2026_to_now,2026-09-09T12:07:22+00:00
CVE-2026-64911,updated,2026-09-08,cve_2026_to_now,2026-09-09T12:07:22+00:00
CVE-2026-64912,updated,2026-09-08,cve_2026_to_now,2026-09-09T12:07:22+00:00
CVE-2026-64914,updated,2026-09-08,cve_2026_to_now,2026-09-09T12:07:22+00:00
CVE-2026-64915,updated,2026-09-08,cve_2026_to_now,2026-09-09T12:07:22+00:00
CVE-2026-64916,updated,2026-09-08,cve_2026_to_now,2026-09-09T12:07:22+00:00
CVE-2026-64917,updated,2026-09-08,cve_2026_to_now,2026-09-09T12:07:22+00:00
CVE-2026-64918,added,,cve_2026_to_now,2026-09-09T12:07:22+00:00
CVE-2026-64919,updated,2026-09-08,cve_2026_to_now,2026-09-09T12:07:22+00:00
CVE-2026-64920,updated,2026-09-08,cve_2026_to_now,2026-09-09T12:07:22+00:00
CVE-2026-64921,updated,2026-09-08,cve_2026_to_now,2026-09-09T12:07:22+00:00
CVE-2026-64922,updated,2026-09-08,cve_2026_to_now,2026-09-09T12:07:22+00:00
CVE-2026-65181,added,,cve_2026_to_now,2026-09-09T12:07:22+00:00
CVE-2026-65656,updated,2026-09-08,cve_2026_to_now,2026-09-09T12:07:22+00:00
CVE-2026-65657,updated,2026-09-08,cve_2026_to_now,2026-09-09T12:07:22+00:00
CVE-2026-65658,updated,2026-09-08,cve_2026_to_now,2026-09-09T12:07:22+00:00
CVE-2026-65660,updated,2026-09-08,cve_2026_to_now,2026-09-09T12:07:22+00:00
CVE-2026-65661,updated,2026-09-08,cve_2026_to_now,2026-09-09T12:07:22+00:00
CVE-2026-65662,updated,2026-09-08,cve_2026_to_now,2026-09-09T12:07:22+00:00
CVE-2026-65663,updated,2026-09-08,cve_2026_to_now,2026-09-09T12:07:22+00:00
CVE-2026-65664,updated,2026-09-08,cve_2026_to_now,2026-09-09T12:07:22+00:00
CVE-2026-65665,updated,2026-09-08,cve_2026_to_now,2026-09-09T12:07:22+00:00
CVE-2026-65667,updated,2026-09-08,cve_2026_to_now,2026-09-09T12:07:22+00:00
CVE-2026-65668,updated,2026-09-08,cve_2026_to_now,2026-09-09T12:07:22+00:00
CVE-2026-65669,added,2026-09-09,cve_2026_to_now,2026-09-09T12:07:22+00:00
CVE-2026-65671,updated,2026-09-08,cve_2026_to_now,2026-09-09T12:07:22+00:00
CVE-2026-65672,updated,2026-09-08,cve_2026_to_now,2026-09-09T12:07:22+00:00
CVE-2026-65673,updated,2026-09-08,cve_2026_to_now,2026-09-09T12:07:22+00:00
CVE-2026-65675,updated,2026-09-08,cve_2026_to_now,2026-09-09T12:07:22+00:00
CVE-2026-65678,updated,2026-09-08,cve_2026_to_now,2026-09-09T12:07:22+00:00
CVE-2026-65679,updated,2026-09-08,cve_2026_to_now,2026-09-09T12:07:22+00:00
CVE-2026-65680,updated,2026-09-08,cve_2026_to_now,2026-09-09T12:07:22+00:00
CVE-2026-65681,updated,2026-09-08,cve_2026_to_now,2026-09-09T12:07:22+00:00
CVE-2026-65767,updated,2026-09-08,cve_2026_to_now,2026-09-09T12:07:22+00:00
CVE-2026-65768,updated,2026-09-08,cve_2026_to_now,2026-09-09T12:07:22+00:00
CVE-2026-65769,updated,2026-09-08,cve_2026_to_now,2026-09-09T12:07:22+00:00
CVE-2026-65770,updated,2026-09-08,cve_2026_to_now,2026-09-09T12:07:22+00:00
CVE-2026-65772,added,,cve_2026_to_now,2026-09-09T12:07:22+00:00
CVE-2026-65773,updated,2026-09-08,cve_2026_to_now,2026-09-09T12:07:22+00:00
CVE-2026-65774,updated,2026-09-08,cve_2026_to_now,2026-09-09T12:07:22+00:00
CVE-2026-65775,updated,2026-09-08,cve_2026_to_now,2026-09-09T12:07:22+00:00
CVE-2026-65776,updated,2026-09-08,cve_2026_to_now,2026-09-09T12:07:22+00:00
CVE-2026-65777,updated,2026-09-08,cve_2026_to_now,2026-09-09T12:07:22+00:00
CVE-2026-65778,updated,2026-09-08,cve_2026_to_now,2026-09-09T12:07:22+00:00
CVE-2026-65779,updated,2026-09-08,cve_2026_to_now,2026-09-09T12:07:22+00:00
CVE-2026-65780,updated,2026-09-08,cve_2026_to_now,2026-09-09T12:07:22+00:00
CVE-2026-65781,updated,2026-09-08,cve_2026_to_now,2026-09-09T12:07:22+00:00
CVE-2026-65782,updated,2026-09-08,cve_2026_to_now,2026-09-09T12:07:22+00:00
CVE-2026-65783,updated,2026-09-08,cve_2026_to_now,2026-09-09T12:07:22+00:00
CVE-2026-65784,updated,2026-09-08,cve_2026_to_now,2026-09-09T12:07:22+00:00
CVE-2026-65785,updated,2026-09-08,cve_2026_to_now,2026-09-09T12:07:22+00:00
CVE-2026-65786,updated,2026-09-08,cve_2026_to_now,2026-09-09T12:07:22+00:00
CVE-2026-65787,updated,2026-09-08,cve_2026_to_now,2026-09-09T12:07:22+00:00
CVE-2026-65788,updated,2026-09-08,cve_2026_to_now,2026-09-09T12:07:22+00:00
CVE-2026-65789,updated,2026-09-08,cve_2026_to_now,2026-09-09T12:07:22+00:00
CVE-2026-65790,updated,2026-09-08,cve_2026_to_now,2026-09-09T12:07:22+00:00
CVE-2026-65791,updated,2026-09-08,cve_2026_to_now,2026-09-09T12:07:22+00:00
CVE-2026-65794,updated,2026-09-08,cve_2026_to_now,2026-09-09T12:07:22+00:00
CVE-2026-65795,updated,2026-09-08,cve_2026_to_now,2026-09-09T12:07:22+00:00
CVE-2026-65796,updated,2026-09-08,cve_2026_to_now,2026-09-09T12:07:22+00:00
CVE-2026-65797,updated,2026-09-08,cve_2026_to_now,2026-09-09T12:07:22+00:00
CVE-2026-65798,updated,2026-09-08,cve_2026_to_now,2026-09-09T12:07:22+00:00
CVE-2026-65799,updated,2026-09-08,cve_2026_to_now,2026-09-09T12:07:22+00:00
CVE-2026-65801,updated,2026-09-08,cve_2026_to_now,2026-09-09T12:07:22+00:00
CVE-2026-65802,updated,2026-09-08,cve_2026_to_now,2026-09-09T12:07:22+00:00
CVE-2026-65804,updated,2026-09-08,cve_2026_to_now,2026-09-09T12:07:22+00:00
CVE-2026-65806,updated,2026-09-08,cve_2026_to_now,2026-09-09T12:07:22+00:00
CVE-2026-65807,updated,2026-09-08,cve_2026_to_now,2026-09-09T12:07:22+00:00
CVE-2026-65810,updated,2026-09-08,cve_2026_to_now,2026-09-09T12:07:22+00:00
CVE-2026-65811,updated,2026-09-08,cve_2026_to_now,2026-09-09T12:07:22+00:00
CVE-2026-65812,added,,cve_2026_to_now,2026-09-09T12:07:22+00:00
CVE-2026-65813,updated,2026-09-08,cve_2026_to_now,2026-09-09T12:07:22+00:00
CVE-2026-65814,updated,2026-09-08,cve_2026_to_now,2026-09-09T12:07:22+00:00
CVE-2026-65815,updated,2026-09-08,cve_2026_to_now,2026-09-09T12:07:22+00:00
CVE-2026-65816,updated,2026-09-08,cve_2026_to_now,2026-09-09T12:07:22+00:00
CVE-2026-65818,updated,2026-09-08,cve_2026_to_now,2026-09-09T12:07:22+00:00
CVE-2026-66301,updated,2026-09-08,cve_2026_to_now,2026-09-09T12:07:22+00:00
CVE-2026-66302,added,2026-09-09,cve_2026_to_now,2026-09-09T12:07:22+00:00
CVE-2026-66303,added,,cve_2026_to_now,2026-09-09T12:07:22+00:00
CVE-2026-66304,added,,cve_2026_to_now,2026-09-09T12:07:22+00:00
CVE-2026-66305,added,,cve_2026_to_now,2026-09-09T12:07:22+00:00
CVE-2026-66306,added,,cve_2026_to_now,2026-09-09T12:07:22+00:00
CVE-2026-66307,added,,cve_2026_to_now,2026-09-09T12:07:22+00:00
CVE-2026-66308,added,,cve_2026_to_now,2026-09-09T12:07:22+00:00
CVE-2026-66309,updated,2026-09-08,cve_2026_to_now,2026-09-09T12:07:22+00:00
CVE-2026-66310,updated,2026-09-08,cve_2026_to_now,2026-09-09T12:07:22+00:00
CVE-2026-66311,updated,2026-09-08,cve_2026_to_now,2026-09-09T12:07:22+00:00
CVE-2026-66312,updated,2026-09-08,cve_2026_to_now,2026-09-09T12:07:22+00:00
CVE-2026-66313,updated,2026-09-08,cve_2026_to_now,2026-09-09T12:07:22+00:00
CVE-2026-66314,updated,2026-09-08,cve_2026_to_now,2026-09-09T12:07:22+00:00
CVE-2026-66315,updated,2026-09-08,cve_2026_to_now,2026-09-09T12:07:22+00:00
CVE-2026-66316,updated,2026-09-08,cve_2026_to_now,2026-09-09T12:07:22+00:00
CVE-2026-66317,updated,2026-09-08,cve_2026_to_now,2026-09-09T12:07:22+00:00
CVE-2026-66318,updated,2026-09-08,cve_2026_to_now,2026-09-09T12:07:22+00:00
CVE-2026-66321,updated,2026-09-08,cve_2026_to_now,2026-09-09T12:07:22+00:00
CVE-2026-66322,updated,2026-09-08,cve_2026_to_now,2026-09-09T12:07:22+00:00
CVE-2026-66325,updated,2026-09-08,cve_2026_to_now,2026-09-09T12:07:22+00:00
CVE-2026-66326,updated,2026-09-08,cve_2026_to_now,2026-09-09T12:07:22+00:00
CVE-2026-66767,updated,2026-09-09,cve_2026_to_now,2026-09-09T12:07:22+00:00
CVE-2026-66768,updated,2026-09-09,cve_2026_to_now,2026-09-09T12:07:22+00:00
CVE-2026-66794,updated,2026-09-08,cve_2026_to_now,2026-09-09T12:07:22+00:00
CVE-2026-66795,updated,2026-09-08,cve_2026_to_now,2026-09-09T12:07:22+00:00
CVE-2026-66799,updated,2026-09-08,cve_2026_to_now,2026-09-09T12:07:22+00:00
CVE-2026-66800,updated,2026-09-08,cve_2026_to_now,2026-09-09T12:07:22+00:00
CVE-2026-66802,updated,2026-09-08,cve_2026_to_now,2026-09-09T12:07:22+00:00
CVE-2026-66803,updated,2026-09-08,cve_2026_to_now,2026-09-09T12:07:22+00:00
CVE-2026-66804,updated,2026-09-08,cve_2026_to_now,2026-09-09T12:07:22+00:00
CVE-2026-66805,updated,2026-09-08,cve_2026_to_now,2026-09-09T12:07:22+00:00
CVE-2026-66806,updated,2026-09-08,cve_2026_to_now,2026-09-09T12:07:22+00:00
CVE-2026-66807,updated,2026-09-08,cve_2026_to_now,2026-09-09T12:07:22+00:00
CVE-2026-66808,updated,2026-09-08,cve_2026_to_now,2026-09-09T12:07:22+00:00
CVE-2026-66809,updated,2026-09-08,cve_2026_to_now,2026-09-09T12:07:22+00:00
CVE-2026-66810,updated,2026-09-08,cve_2026_to_now,2026-09-09T12:07:22+00:00
CVE-2026-66814,added,2026-09-09,cve_2026_to_now,2026-09-09T12:07:22+00:00
CVE-2026-66816,added,,cve_2026_to_now,2026-09-09T12:07:22+00:00
CVE-2026-66818,added,2026-09-09,cve_2026_to_now,2026-09-09T12:07:22+00:00
CVE-2026-66819,added,2026-09-09,cve_2026_to_now,2026-09-09T12:07:22+00:00
CVE-2026-66820,added,2026-09-09,cve_2026_to_now,2026-09-09T12:07:22+00:00
CVE-2026-67276,updated,2026-09-09,cve_2026_to_now,2026-09-09T12:07:22+00:00
CVE-2026-67277,updated,2026-09-09,cve_2026_to_now,2026-09-09T12:07:22+00:00
CVE-2026-67278,updated,2026-09-08,cve_2026_to_now,2026-09-09T12:07:22+00:00
CVE-2026-67279,updated,2026-09-08,cve_2026_to_now,2026-09-09T12:07:22+00:00
CVE-2026-67281,updated,2026-09-08,cve_2026_to_now,2026-09-09T12:07:22+00:00
CVE-2026-67368,added,2026-09-09,cve_2026_to_now,2026-09-09T12:07:22+00:00
CVE-2026-67369,added,,cve_2026_to_now,2026-09-09T12:07:22+00:00
CVE-2026-67370,added,2026-09-09,cve_2026_to_now,2026-09-09T12:07:22+00:00
CVE-2026-67373,added,2026-09-09,cve_2026_to_now,2026-09-09T12:07:22+00:00
CVE-2026-67376,added,,cve_2026_to_now,2026-09-09T12:07:22+00:00
CVE-2026-67378,added,2026-09-09,cve_2026_to_now,2026-09-09T12:07:22+00:00
CVE-2026-67379,added,2026-09-09,cve_2026_to_now,2026-09-09T12:07:22+00:00
CVE-2026-67380,added,2026-09-09,cve_2026_to_now,2026-09-09T12:07:22+00:00
CVE-2026-67381,added,2026-09-09,cve_2026_to_now,2026-09-09T12:07:22+00:00
CVE-2026-67383,added,,cve_2026_to_now,2026-09-09T12:07:22+00:00
CVE-2026-67384,added,2026-09-09,cve_2026_to_now,2026-09-09T12:07:22+00:00
CVE-2026-67385,added,2026-09-09,cve_2026_to_now,2026-09-09T12:07:22+00:00
CVE-2026-67386,added,,cve_2026_to_now,2026-09-09T12:07:22+00:00
CVE-2026-67388,added,2026-09-09,cve_2026_to_now,2026-09-09T12:07:22+00:00
CVE-2026-67389,added,,cve_2026_to_now,2026-09-09T12:07:22+00:00
CVE-2026-67390,added,,cve_2026_to_now,2026-09-09T12:07:22+00:00
CVE-2026-67393,added,,cve_2026_to_now,2026-09-09T12:07:22+00:00
CVE-2026-67624,added,,cve_2026_to_now,2026-09-09T12:07:22+00:00
CVE-2026-67629,added,,cve_2026_to_now,2026-09-09T12:07:22+00:00
CVE-2026-67630,added,,cve_2026_to_now,2026-09-09T12:07:22+00:00
CVE-2026-67631,added,2026-09-09,cve_2026_to_now,2026-09-09T12:07:22+00:00
CVE-2026-67633,added,,cve_2026_to_now,2026-09-09T12:07:22+00:00
CVE-2026-67636,added,2026-09-09,cve_2026_to_now,2026-09-09T12:07:22+00:00
CVE-2026-67638,added,2026-09-09,cve_2026_to_now,2026-09-09T12:07:22+00:00
CVE-2026-67639,added,2026-09-09,cve_2026_to_now,2026-09-09T12:07:22+00:00
CVE-2026-67641,added,,cve_2026_to_now,2026-09-09T12:07:22+00:00
CVE-2026-67642,added,2026-09-09,cve_2026_to_now,2026-09-09T12:07:22+00:00
CVE-2026-67643,added,2026-09-09,cve_2026_to_now,2026-09-09T12:07:22+00:00
CVE-2026-67645,added,,cve_2026_to_now,2026-09-09T12:07:22+00:00
CVE-2026-67648,added,,cve_2026_to_now,2026-09-09T12:07:22+00:00
CVE-2026-68775,added,2026-09-09,cve_2026_to_now,2026-09-09T12:07:22+00:00
CVE-2026-68776,added,,cve_2026_to_now,2026-09-09T12:07:22+00:00
CVE-2026-68777,added,,cve_2026_to_now,2026-09-09T12:07:22+00:00
CVE-2026-68778,added,,cve_2026_to_now,2026-09-09T12:07:22+00:00
CVE-2026-68779,added,,cve_2026_to_now,2026-09-09T12:07:22+00:00
CVE-2026-68780,added,,cve_2026_to_now,2026-09-09T12:07:22+00:00
CVE-2026-68781,added,,cve_2026_to_now,2026-09-09T12:07:22+00:00
CVE-2026-68782,updated,2026-09-08,cve_2026_to_now,2026-09-09T12:07:22+00:00
CVE-2026-68784,added,,cve_2026_to_now,2026-09-09T12:07:22+00:00
CVE-2026-68785,added,2026-09-09,cve_2026_to_now,2026-09-09T12:07:22+00:00
CVE-2026-68786,added,2026-09-09,cve_2026_to_now,2026-09-09T12:07:22+00:00
CVE-2026-68787,added,2026-09-09,cve_2026_to_now,2026-09-09T12:07:22+00:00
CVE-2026-68789,updated,2026-09-08,cve_2026_to_now,2026-09-09T12:07:22+00:00
CVE-2026-68792,updated,2026-09-08,cve_2026_to_now,2026-09-09T12:07:22+00:00
CVE-2026-68793,updated,2026-09-08,cve_2026_to_now,2026-09-09T12:07:22+00:00
CVE-2026-68794,updated,2026-09-08,cve_2026_to_now,2026-09-09T12:07:22+00:00
CVE-2026-68795,updated,2026-09-08,cve_2026_to_now,2026-09-09T12:07:22+00:00
CVE-2026-68796,updated,2026-09-08,cve_2026_to_now,2026-09-09T12:07:22+00:00
CVE-2026-68797,updated,2026-09-08,cve_2026_to_now,2026-09-09T12:07:22+00:00
CVE-2026-68798,updated,2026-09-08,cve_2026_to_now,2026-09-09T12:07:22+00:00
CVE-2026-68799,updated,2026-09-08,cve_2026_to_now,2026-09-09T12:07:22+00:00
CVE-2026-68800,updated,2026-09-08,cve_2026_to_now,2026-09-09T12:07:22+00:00
CVE-2026-68801,updated,2026-09-08,cve_2026_to_now,2026-09-09T12:07:22+00:00
CVE-2026-68802,updated,2026-09-08,cve_2026_to_now,2026-09-09T12:07:22+00:00
CVE-2026-68803,updated,2026-09-08,cve_2026_to_now,2026-09-09T12:07:22+00:00
CVE-2026-68804,updated,2026-09-08,cve_2026_to_now,2026-09-09T12:07:22+00:00
CVE-2026-68805,updated,2026-09-08,cve_2026_to_now,2026-09-09T12:07:22+00:00
CVE-2026-68806,updated,2026-09-08,cve_2026_to_now,2026-09-09T12:07:22+00:00
CVE-2026-68807,updated,2026-09-08,cve_2026_to_now,2026-09-09T12:07:22+00:00
CVE-2026-68808,updated,2026-09-08,cve_2026_to_now,2026-09-09T12:07:22+00:00
CVE-2026-68809,updated,2026-09-08,cve_2026_to_now,2026-09-09T12:07:22+00:00
CVE-2026-68810,updated,2026-09-08,cve_2026_to_now,2026-09-09T12:07:22+00:00
CVE-2026-68811,updated,2026-09-08,cve_2026_to_now,2026-09-09T12:07:22+00:00
CVE-2026-68812,updated,2026-09-08,cve_2026_to_now,2026-09-09T12:07:22+00:00
CVE-2026-68813,updated,2026-09-08,cve_2026_to_now,2026-09-09T12:07:22+00:00
CVE-2026-68814,updated,2026-09-08,cve_2026_to_now,2026-09-09T12:07:22+00:00
CVE-2026-68815,updated,2026-09-08,cve_2026_to_now,2026-09-09T12:07:22+00:00
CVE-2026-68816,updated,2026-09-08,cve_2026_to_now,2026-09-09T12:07:22+00:00
CVE-2026-68817,updated,2026-09-08,cve_2026_to_now,2026-09-09T12:07:22+00:00
CVE-2026-68819,updated,2026-09-08,cve_2026_to_now,2026-09-09T12:07:22+00:00
CVE-2026-68820,updated,2026-09-08,cve_2026_to_now,2026-09-09T12:07:22+00:00
CVE-2026-68821,updated,2026-09-08,cve_2026_to_now,2026-09-09T12:07:22+00:00
CVE-2026-68823,updated,2026-09-08,cve_2026_to_now,2026-09-09T12:07:22+00:00
CVE-2026-68824,added,,cve_2026_to_now,2026-09-09T12:07:22+00:00
CVE-2026-68825,added,2026-09-09,cve_2026_to_now,2026-09-09T12:07:22+00:00
CVE-2026-68827,added,2026-09-09,cve_2026_to_now,2026-09-09T12:07:22+00:00
CVE-2026-68828,added,2026-09-09,cve_2026_to_now,2026-09-09T12:07:22+00:00
CVE-2026-68830,added,,cve_2026_to_now,2026-09-09T12:07:22+00:00
CVE-2026-68831,added,,cve_2026_to_now,2026-09-09T12:07:22+00:00
CVE-2026-68832,added,2026-09-09,cve_2026_to_now,2026-09-09T12:07:22+00:00
CVE-2026-68833,added,,cve_2026_to_now,2026-09-09T12:07:22+00:00
CVE-2026-68834,added,2026-09-09,cve_2026_to_now,2026-09-09T12:07:22+00:00
CVE-2026-68835,added,2026-09-09,cve_2026_to_now,2026-09-09T12:07:22+00:00
CVE-2026-68837,added,2026-09-09,cve_2026_to_now,2026-09-09T12:07:22+00:00
CVE-2026-68838,added,2026-09-09,cve_2026_to_now,2026-09-09T12:07:22+00:00
CVE-2026-68839,added,,cve_2026_to_now,2026-09-09T12:07:22+00:00
CVE-2026-68840,added,,cve_2026_to_now,2026-09-09T12:07:22+00:00
CVE-2026-68841,added,2026-09-09,cve_2026_to_now,2026-09-09T12:07:22+00:00
CVE-2026-68842,added,,cve_2026_to_now,2026-09-09T12:07:22+00:00
CVE-2026-68843,added,,cve_2026_to_now,2026-09-09T12:07:22+00:00
CVE-2026-68844,added,,cve_2026_to_now,2026-09-09T12:07:22+00:00
CVE-2026-68845,added,2026-09-09,cve_2026_to_now,2026-09-09T12:07:22+00:00
CVE-2026-68846,added,2026-09-09,cve_2026_to_now,2026-09-09T12:07:22+00:00
CVE-2026-68847,added,,cve_2026_to_now,2026-09-09T12:07:22+00:00
CVE-2026-68848,added,2026-09-09,cve_2026_to_now,2026-09-09T12:07:22+00:00
CVE-2026-68849,added,,cve_2026_to_now,2026-09-09T12:07:22+00:00
CVE-2026-68850,added,2026-09-09,cve_2026_to_now,2026-09-09T12:07:22+00:00
CVE-2026-68851,added,,cve_2026_to_now,2026-09-09T12:07:22+00:00
CVE-2026-68852,added,,cve_2026_to_now,2026-09-09T12:07:22+00:00
CVE-2026-68873,added,,cve_2026_to_now,2026-09-09T12:07:22+00:00
CVE-2026-68874,added,,cve_2026_to_now,2026-09-09T12:07:22+00:00
CVE-2026-68875,added,2026-09-09,cve_2026_to_now,2026-09-09T12:07:22+00:00
CVE-2026-68876,added,2026-09-09,cve_2026_to_now,2026-09-09T12:07:22+00:00
CVE-2026-68877,added,,cve_2026_to_now,2026-09-09T12:07:22+00:00
CVE-2026-68878,added,2026-09-09,cve_2026_to_now,2026-09-09T12:07:22+00:00
CVE-2026-68880,added,2026-09-09,cve_2026_to_now,2026-09-09T12:07:22+00:00
CVE-2026-68881,added,,cve_2026_to_now,2026-09-09T12:07:22+00:00
CVE-2026-68884,added,2026-09-09,cve_2026_to_now,2026-09-09T12:07:22+00:00
CVE-2026-68885,added,,cve_2026_to_now,2026-09-09T12:07:22+00:00
CVE-2026-68886,added,,cve_2026_to_now,2026-09-09T12:07:22+00:00
CVE-2026-68887,added,,cve_2026_to_now,2026-09-09T12:07:22+00:00
CVE-2026-68888,added,,cve_2026_to_now,2026-09-09T12:07:22+00:00
CVE-2026-68889,added,,cve_2026_to_now,2026-09-09T12:07:22+00:00
CVE-2026-68890,added,,cve_2026_to_now,2026-09-09T12:07:22+00:00
CVE-2026-68891,added,,cve_2026_to_now,2026-09-09T12:07:22+00:00
CVE-2026-68892,added,,cve_2026_to_now,2026-09-09T12:07:22+00:00
CVE-2026-68893,added,2026-09-09,cve_2026_to_now,2026-09-09T12:07:22+00:00
CVE-2026-68894,added,2026-09-09,cve_2026_to_now,2026-09-09T12:07:22+00:00
CVE-2026-68895,added,,cve_2026_to_now,2026-09-09T12:07:22+00:00
CVE-2026-68896,added,,cve_2026_to_now,2026-09-09T12:07:22+00:00
CVE-2026-68897,added,,cve_2026_to_now,2026-09-09T12:07:22+00:00
CVE-2026-68898,added,,cve_2026_to_now,2026-09-09T12:07:22+00:00
CVE-2026-69265,added,2026-09-09,cve_2026_to_now,2026-09-09T12:07:22+00:00
CVE-2026-69266,added,,cve_2026_to_now,2026-09-09T12:07:22+00:00
CVE-2026-69267,added,,cve_2026_to_now,2026-09-09T12:07:22+00:00
CVE-2026-69268,added,2026-09-09,cve_2026_to_now,2026-09-09T12:07:22+00:00
CVE-2026-69269,added,,cve_2026_to_now,2026-09-09T12:07:22+00:00
CVE-2026-69270,added,,cve_2026_to_now,2026-09-09T12:07:22+00:00
CVE-2026-69271,added,,cve_2026_to_now,2026-09-09T12:07:22+00:00
CVE-2026-69272,added,,cve_2026_to_now,2026-09-09T12:07:22+00:00
CVE-2026-69273,added,2026-09-09,cve_2026_to_now,2026-09-09T12:07:22+00:00
CVE-2026-69274,added,2026-09-09,cve_2026_to_now,2026-09-09T12:07:22+00:00
CVE-2026-69275,added,2026-09-09,cve_2026_to_now,2026-09-09T12:07:22+00:00
CVE-2026-69276,added,,cve_2026_to_now,2026-09-09T12:07:22+00:00
CVE-2026-69277,added,,cve_2026_to_now,2026-09-09T12:07:22+00:00
CVE-2026-69278,updated,2026-09-08,cve_2026_to_now,2026-09-09T12:07:22+00:00
CVE-2026-69279,added,2026-09-09,cve_2026_to_now,2026-09-09T12:07:22+00:00
CVE-2026-69280,added,2026-09-09,cve_2026_to_now,2026-09-09T12:07:22+00:00
CVE-2026-69281,added,,cve_2026_to_now,2026-09-09T12:07:22+00:00
CVE-2026-69282,added,2026-09-09,cve_2026_to_now,2026-09-09T12:07:22+00:00
CVE-2026-69283,added,2026-09-09,cve_2026_to_now,2026-09-09T12:07:22+00:00
CVE-2026-69284,added,,cve_2026_to_now,2026-09-09T12:07:22+00:00
CVE-2026-69285,added,2026-09-09,cve_2026_to_now,2026-09-09T12:07:22+00:00
CVE-2026-69286,added,,cve_2026_to_now,2026-09-09T12:07:22+00:00
CVE-2026-69287,added,2026-09-09,cve_2026_to_now,2026-09-09T12:07:22+00:00
CVE-2026-69288,added,,cve_2026_to_now,2026-09-09T12:07:22+00:00
CVE-2026-69289,added,2026-09-09,cve_2026_to_now,2026-09-09T12:07:22+00:00
CVE-2026-69290,added,,cve_2026_to_now,2026-09-09T12:07:22+00:00
CVE-2026-69291,added,,cve_2026_to_now,2026-09-09T12:07:22+00:00
CVE-2026-69292,added,2026-09-09,cve_2026_to_now,2026-09-09T12:07:22+00:00
CVE-2026-69293,added,,cve_2026_to_now,2026-09-09T12:07:22+00:00
CVE-2026-69294,added,,cve_2026_to_now,2026-09-09T12:07:22+00:00
CVE-2026-69295,added,,cve_2026_to_now,2026-09-09T12:07:22+00:00
CVE-2026-69296,added,,cve_2026_to_now,2026-09-09T12:07:22+00:00
CVE-2026-69297,added,,cve_2026_to_now,2026-09-09T12:07:22+00:00
CVE-2026-69298,added,,cve_2026_to_now,2026-09-09T12:07:22+00:00
CVE-2026-69299,added,,cve_2026_to_now,2026-09-09T12:07:22+00:00
CVE-2026-69300,added,2026-09-09,cve_2026_to_now,2026-09-09T12:07:22+00:00
CVE-2026-69301,added,2026-09-09,cve_2026_to_now,2026-09-09T12:07:22+00:00
CVE-2026-69303,added,,cve_2026_to_now,2026-09-09T12:07:22+00:00
CVE-2026-69304,added,,cve_2026_to_now,2026-09-09T12:07:22+00:00
CVE-2026-69305,added,,cve_2026_to_now,2026-09-09T12:07:22+00:00
CVE-2026-69306,updated,2026-09-08,cve_2026_to_now,2026-09-09T12:07:22+00:00
CVE-2026-69307,added,,cve_2026_to_now,2026-09-09T12:07:22+00:00
CVE-2026-69308,added,,cve_2026_to_now,2026-09-09T12:07:22+00:00
CVE-2026-69309,added,2026-09-09,cve_2026_to_now,2026-09-09T12:07:22+00:00
CVE-2026-69310,added,,cve_2026_to_now,2026-09-09T12:07:22+00:00
CVE-2026-69311,added,2026-09-09,cve_2026_to_now,2026-09-09T12:07:22+00:00
CVE-2026-69312,added,2026-09-09,cve_2026_to_now,2026-09-09T12:07:22+00:00
CVE-2026-69313,added,,cve_2026_to_now,2026-09-09T12:07:22+00:00
CVE-2026-69314,added,2026-09-09,cve_2026_to_now,2026-09-09T12:07:22+00:00
CVE-2026-69315,added,,cve_2026_to_now,2026-09-09T12:07:22+00:00
CVE-2026-69316,added,,cve_2026_to_now,2026-09-09T12:07:22+00:00
CVE-2026-69317,added,,cve_2026_to_now,2026-09-09T12:07:22+00:00
CVE-2026-69318,added,,cve_2026_to_now,2026-09-09T12:07:22+00:00
CVE-2026-69319,added,,cve_2026_to_now,2026-09-09T12:07:22+00:00
CVE-2026-69320,updated,2026-09-08,cve_2026_to_now,2026-09-09T12:07:22+00:00
CVE-2026-69321,added,,cve_2026_to_now,2026-09-09T12:07:22+00:00
CVE-2026-69322,added,,cve_2026_to_now,2026-09-09T12:07:22+00:00
CVE-2026-69323,added,,cve_2026_to_now,2026-09-09T12:07:22+00:00
CVE-2026-69324,added,2026-09-09,cve_2026_to_now,2026-09-09T12:07:22+00:00
CVE-2026-69325,added,,cve_2026_to_now,2026-09-09T12:07:22+00:00
CVE-2026-69328,added,2026-09-09,cve_2026_to_now,2026-09-09T12:07:22+00:00
CVE-2026-69329,added,,cve_2026_to_now,2026-09-09T12:07:22+00:00
CVE-2026-69331,added,2026-09-09,cve_2026_to_now,2026-09-09T12:07:22+00:00
CVE-2026-69332,added,2026-09-09,cve_2026_to_now,2026-09-09T12:07:22+00:00
CVE-2026-69333,added,2026-09-09,cve_2026_to_now,2026-09-09T12:07:22+00:00
CVE-2026-69334,added,,cve_2026_to_now,2026-09-09T12:07:22+00:00
CVE-2026-69335,added,2026-09-09,cve_2026_to_now,2026-09-09T12:07:22+00:00
CVE-2026-69336,added,,cve_2026_to_now,2026-09-09T12:07:22+00:00
CVE-2026-69337,added,2026-09-09,cve_2026_to_now,2026-09-09T12:07:22+00:00
CVE-2026-69338,added,2026-09-09,cve_2026_to_now,2026-09-09T12:07:22+00:00
CVE-2026-69339,added,,cve_2026_to_now,2026-09-09T12:07:22+00:00
CVE-2026-69340,added,2026-09-09,cve_2026_to_now,2026-09-09T12:07:22+00:00
CVE-2026-69341,added,2026-09-09,cve_2026_to_now,2026-09-09T12:07:22+00:00
CVE-2026-69342,added,,cve_2026_to_now,2026-09-09T12:07:22+00:00
CVE-2026-69343,added,,cve_2026_to_now,2026-09-09T12:07:22+00:00
CVE-2026-69344,added,,cve_2026_to_now,2026-09-09T12:07:22+00:00
CVE-2026-69345,added,,cve_2026_to_now,2026-09-09T12:07:22+00:00
CVE-2026-69346,added,2026-09-09,cve_2026_to_now,2026-09-09T12:07:22+00:00
CVE-2026-69347,added,2026-09-09,cve_2026_to_now,2026-09-09T12:07:22+00:00
CVE-2026-69348,added,2026-09-09,cve_2026_to_now,2026-09-09T12:07:22+00:00
CVE-2026-69349,added,,cve_2026_to_now,2026-09-09T12:07:22+00:00
CVE-2026-69350,added,2026-09-09,cve_2026_to_now,2026-09-09T12:07:22+00:00
CVE-2026-69351,added,,cve_2026_to_now,2026-09-09T12:07:22+00:00
CVE-2026-69352,added,,cve_2026_to_now,2026-09-09T12:07:22+00:00
CVE-2026-69353,added,,cve_2026_to_now,2026-09-09T12:07:22+00:00
CVE-2026-69355,added,2026-09-09,cve_2026_to_now,2026-09-09T12:07:22+00:00
CVE-2026-69356,added,,cve_2026_to_now,2026-09-09T12:07:22+00:00
CVE-2026-69357,added,,cve_2026_to_now,2026-09-09T12:07:22+00:00
CVE-2026-69358,added,2026-09-09,cve_2026_to_now,2026-09-09T12:07:22+00:00
CVE-2026-69359,added,2026-09-09,cve_2026_to_now,2026-09-09T12:07:22+00:00
CVE-2026-69360,added,2026-09-09,cve_2026_to_now,2026-09-09T12:07:22+00:00
CVE-2026-69361,added,,cve_2026_to_now,2026-09-09T12:07:22+00:00
CVE-2026-69362,added,2026-09-09,cve_2026_to_now,2026-09-09T12:07:22+00:00
CVE-2026-69364,added,2026-09-09,cve_2026_to_now,2026-09-09T12:07:22+00:00
CVE-2026-69365,added,,cve_2026_to_now,2026-09-09T12:07:22+00:00
CVE-2026-69366,added,2026-09-09,cve_2026_to_now,2026-09-09T12:07:22+00:00
CVE-2026-69367,added,,cve_2026_to_now,2026-09-09T12:07:22+00:00
CVE-2026-69368,added,2026-09-09,cve_2026_to_now,2026-09-09T12:07:22+00:00
CVE-2026-69369,added,,cve_2026_to_now,2026-09-09T12:07:22+00:00
CVE-2026-69371,added,2026-09-09,cve_2026_to_now,2026-09-09T12:07:22+00:00
CVE-2026-69372,added,,cve_2026_to_now,2026-09-09T12:07:22+00:00
CVE-2026-69373,added,2026-09-09,cve_2026_to_now,2026-09-09T12:07:22+00:00
CVE-2026-69374,added,,cve_2026_to_now,2026-09-09T12:07:22+00:00
CVE-2026-69375,added,,cve_2026_to_now,2026-09-09T12:07:22+00:00
CVE-2026-69376,added,,cve_2026_to_now,2026-09-09T12:07:22+00:00
CVE-2026-69377,added,,cve_2026_to_now,2026-09-09T12:07:22+00:00
CVE-2026-69378,added,,cve_2026_to_now,2026-09-09T12:07:22+00:00
CVE-2026-69379,added,2026-09-09,cve_2026_to_now,2026-09-09T12:07:22+00:00
CVE-2026-69380,added,2026-09-09,cve_2026_to_now,2026-09-09T12:07:22+00:00
CVE-2026-69381,added,,cve_2026_to_now,2026-09-09T12:07:22+00:00
CVE-2026-69382,added,,cve_2026_to_now,2026-09-09T12:07:22+00:00
CVE-2026-69383,added,2026-09-09,cve_2026_to_now,2026-09-09T12:07:22+00:00
CVE-2026-69384,added,,cve_2026_to_now,2026-09-09T12:07:22+00:00
CVE-2026-69385,added,2026-09-09,cve_2026_to_now,2026-09-09T12:07:22+00:00
CVE-2026-69386,added,2026-09-09,cve_2026_to_now,2026-09-09T12:07:22+00:00
CVE-2026-69388,added,2026-09-09,cve_2026_to_now,2026-09-09T12:07:22+00:00
CVE-2026-69389,added,,cve_2026_to_now,2026-09-09T12:07:22+00:00
CVE-2026-69390,added,,cve_2026_to_now,2026-09-09T12:07:22+00:00
CVE-2026-69391,added,,cve_2026_to_now,2026-09-09T12:07:22+00:00
CVE-2026-69392,added,2026-09-09,cve_2026_to_now,2026-09-09T12:07:22+00:00
CVE-2026-69393,added,,cve_2026_to_now,2026-09-09T12:07:22+00:00
CVE-2026-69394,added,2026-09-09,cve_2026_to_now,2026-09-09T12:07:22+00:00
CVE-2026-69395,added,,cve_2026_to_now,2026-09-09T12:07:22+00:00
CVE-2026-69396,added,,cve_2026_to_now,2026-09-09T12:07:22+00:00
CVE-2026-69397,added,2026-09-09,cve_2026_to_now,2026-09-09T12:07:22+00:00
CVE-2026-69398,added,2026-09-09,cve_2026_to_now,2026-09-09T12:07:22+00:00
CVE-2026-69400,updated,2026-09-08,cve_2026_to_now,2026-09-09T12:07:22+00:00
CVE-2026-69401,added,2026-09-09,cve_2026_to_now,2026-09-09T12:07:22+00:00
CVE-2026-69402,added,,cve_2026_to_now,2026-09-09T12:07:22+00:00
CVE-2026-69403,added,,cve_2026_to_now,2026-09-09T12:07:22+00:00
CVE-2026-69404,added,2026-09-09,cve_2026_to_now,2026-09-09T12:07:22+00:00
CVE-2026-69405,added,,cve_2026_to_now,2026-09-09T12:07:22+00:00
CVE-2026-69406,added,,cve_2026_to_now,2026-09-09T12:07:22+00:00
CVE-2026-69407,added,,cve_2026_to_now,2026-09-09T12:07:22+00:00
CVE-2026-69408,added,2026-09-09,cve_2026_to_now,2026-09-09T12:07:22+00:00
CVE-2026-69409,added,,cve_2026_to_now,2026-09-09T12:07:22+00:00
CVE-2026-69410,added,2026-09-09,cve_2026_to_now,2026-09-09T12:07:22+00:00
CVE-2026-69412,added,,cve_2026_to_now,2026-09-09T12:07:22+00:00
CVE-2026-69413,added,,cve_2026_to_now,2026-09-09T12:07:22+00:00
CVE-2026-69414,updated,2026-09-08,cve_2026_to_now,2026-09-09T12:07:22+00:00
CVE-2026-69415,added,,cve_2026_to_now,2026-09-09T12:07:22+00:00
CVE-2026-69416,added,,cve_2026_to_now,2026-09-09T12:07:22+00:00
CVE-2026-69417,added,,cve_2026_to_now,2026-09-09T12:07:22+00:00
CVE-2026-69418,added,,cve_2026_to_now,2026-09-09T12:07:22+00:00
CVE-2026-69419,updated,2026-09-08,cve_2026_to_now,2026-09-09T12:07:22+00:00
CVE-2026-69420,added,,cve_2026_to_now,2026-09-09T12:07:22+00:00
CVE-2026-69421,added,2026-09-09,cve_2026_to_now,2026-09-09T12:07:22+00:00
CVE-2026-69422,added,,cve_2026_to_now,2026-09-09T12:07:22+00:00
CVE-2026-69423,added,,cve_2026_to_now,2026-09-09T12:07:22+00:00
CVE-2026-69424,added,,cve_2026_to_now,2026-09-09T12:07:22+00:00
CVE-2026-69425,added,,cve_2026_to_now,2026-09-09T12:07:22+00:00
CVE-2026-69426,added,,cve_2026_to_now,2026-09-09T12:07:22+00:00
CVE-2026-69427,added,,cve_2026_to_now,2026-09-09T12:07:22+00:00
CVE-2026-69428,added,,cve_2026_to_now,2026-09-09T12:07:22+00:00
CVE-2026-69429,added,,cve_2026_to_now,2026-09-09T12:07:22+00:00
CVE-2026-69430,added,,cve_2026_to_now,2026-09-09T12:07:22+00:00
CVE-2026-69431,added,,cve_2026_to_now,2026-09-09T12:07:22+00:00
CVE-2026-69432,added,,cve_2026_to_now,2026-09-09T12:07:22+00:00
CVE-2026-69433,added,2026-09-09,cve_2026_to_now,2026-09-09T12:07:22+00:00
CVE-2026-69434,added,,cve_2026_to_now,2026-09-09T12:07:22+00:00
CVE-2026-69436,added,2026-09-09,cve_2026_to_now,2026-09-09T12:07:22+00:00
CVE-2026-69438,added,,cve_2026_to_now,2026-09-09T12:07:22+00:00
CVE-2026-69439,added,2026-09-09,cve_2026_to_now,2026-09-09T12:07:22+00:00
CVE-2026-69440,added,2026-09-09,cve_2026_to_now,2026-09-09T12:07:22+00:00
CVE-2026-69441,added,2026-09-09,cve_2026_to_now,2026-09-09T12:07:22+00:00
CVE-2026-69442,added,2026-09-09,cve_2026_to_now,2026-09-09T12:07:22+00:00
CVE-2026-69443,added,,cve_2026_to_now,2026-09-09T12:07:22+00:00
CVE-2026-69444,added,,cve_2026_to_now,2026-09-09T12:07:22+00:00
CVE-2026-69445,added,2026-09-09,cve_2026_to_now,2026-09-09T12:07:22+00:00
CVE-2026-69447,added,2026-09-09,cve_2026_to_now,2026-09-09T12:07:22+00:00
CVE-2026-69448,added,2026-09-09,cve_2026_to_now,2026-09-09T12:07:22+00:00
CVE-2026-69449,added,2026-09-09,cve_2026_to_now,2026-09-09T12:07:22+00:00
CVE-2026-69450,added,2026-09-09,cve_2026_to_now,2026-09-09T12:07:22+00:00
CVE-2026-69451,added,,cve_2026_to_now,2026-09-09T12:07:22+00:00
CVE-2026-69453,added,,cve_2026_to_now,2026-09-09T12:07:22+00:00
CVE-2026-69455,added,2026-09-09,cve_2026_to_now,2026-09-09T12:07:22+00:00
CVE-2026-69456,added,,cve_2026_to_now,2026-09-09T12:07:22+00:00
CVE-2026-69457,added,,cve_2026_to_now,2026-09-09T12:07:22+00:00
CVE-2026-69458,added,2026-09-09,cve_2026_to_now,2026-09-09T12:07:22+00:00
CVE-2026-69459,added,2026-09-09,cve_2026_to_now,2026-09-09T12:07:22+00:00
CVE-2026-69460,added,,cve_2026_to_now,2026-09-09T12:07:22+00:00
CVE-2026-69461,added,2026-09-09,cve_2026_to_now,2026-09-09T12:07:22+00:00
CVE-2026-69462,added,2026-09-09,cve_2026_to_now,2026-09-09T12:07:22+00:00
CVE-2026-69463,added,2026-09-09,cve_2026_to_now,2026-09-09T12:07:22+00:00
CVE-2026-69464,added,2026-09-09,cve_2026_to_now,2026-09-09T12:07:22+00:00
CVE-2026-69465,added,2026-09-09,cve_2026_to_now,2026-09-09T12:07:22+00:00
CVE-2026-69466,added,2026-09-09,cve_2026_to_now,2026-09-09T12:07:22+00:00
CVE-2026-69467,added,2026-09-09,cve_2026_to_now,2026-09-09T12:07:22+00:00
CVE-2026-69468,added,,cve_2026_to_now,2026-09-09T12:07:22+00:00
CVE-2026-69469,added,,cve_2026_to_now,2026-09-09T12:07:22+00:00
CVE-2026-69470,added,,cve_2026_to_now,2026-09-09T12:07:22+00:00
CVE-2026-69472,added,,cve_2026_to_now,2026-09-09T12:07:22+00:00
CVE-2026-69473,added,2026-09-09,cve_2026_to_now,2026-09-09T12:07:22+00:00
CVE-2026-69474,added,,cve_2026_to_now,2026-09-09T12:07:22+00:00
CVE-2026-69475,added,2026-09-09,cve_2026_to_now,2026-09-09T12:07:22+00:00
CVE-2026-69476,added,,cve_2026_to_now,2026-09-09T12:07:22+00:00
CVE-2026-69477,added,2026-09-09,cve_2026_to_now,2026-09-09T12:07:22+00:00
CVE-2026-69478,added,,cve_2026_to_now,2026-09-09T12:07:22+00:00
CVE-2026-69479,added,2026-09-09,cve_2026_to_now,2026-09-09T12:07:22+00:00
CVE-2026-69480,added,2026-09-09,cve_2026_to_now,2026-09-09T12:07:22+00:00
CVE-2026-69481,added,,cve_2026_to_now,2026-09-09T12:07:22+00:00
CVE-2026-69482,added,,cve_2026_to_now,2026-09-09T12:07:22+00:00
CVE-2026-69483,added,,cve_2026_to_now,2026-09-09T12:07:22+00:00
CVE-2026-69485,added,2026-09-09,cve_2026_to_now,2026-09-09T12:07:22+00:00
CVE-2026-69488,added,,cve_2026_to_now,2026-09-09T12:07:22+00:00
CVE-2026-69489,added,,cve_2026_to_now,2026-09-09T12:07:22+00:00
CVE-2026-69490,added,,cve_2026_to_now,2026-09-09T12:07:22+00:00
CVE-2026-69491,added,2026-09-09,cve_2026_to_now,2026-09-09T12:07:22+00:00
CVE-2026-69492,added,,cve_2026_to_now,2026-09-09T12:07:22+00:00
CVE-2026-69493,added,2026-09-09,cve_2026_to_now,2026-09-09T12:07:22+00:00
CVE-2026-69494,added,2026-09-09,cve_2026_to_now,2026-09-09T12:07:22+00:00
CVE-2026-69495,added,2026-09-09,cve_2026_to_now,2026-09-09T12:07:22+00:00
CVE-2026-69496,added,2026-09-09,cve_2026_to_now,2026-09-09T12:07:22+00:00
CVE-2026-69497,added,,cve_2026_to_now,2026-09-09T12:07:22+00:00
CVE-2026-69498,added,2026-09-09,cve_2026_to_now,2026-09-09T12:07:22+00:00
CVE-2026-69499,added,,cve_2026_to_now,2026-09-09T12:07:22+00:00
CVE-2026-69500,added,2026-09-09,cve_2026_to_now,2026-09-09T12:07:22+00:00
CVE-2026-69501,added,2026-09-09,cve_2026_to_now,2026-09-09T12:07:22+00:00
CVE-2026-69502,updated,2026-09-08,cve_2026_to_now,2026-09-09T12:07:22+00:00
CVE-2026-69503,added,,cve_2026_to_now,2026-09-09T12:07:22+00:00
CVE-2026-69504,added,,cve_2026_to_now,2026-09-09T12:07:22+00:00
CVE-2026-69505,added,2026-09-09,cve_2026_to_now,2026-09-09T12:07:22+00:00
CVE-2026-69507,added,,cve_2026_to_now,2026-09-09T12:07:22+00:00
CVE-2026-69508,added,2026-09-09,cve_2026_to_now,2026-09-09T12:07:22+00:00
CVE-2026-69509,added,2026-09-09,cve_2026_to_now,2026-09-09T12:07:22+00:00
CVE-2026-69510,added,,cve_2026_to_now,2026-09-09T12:07:22+00:00
CVE-2026-69511,added,2026-09-09,cve_2026_to_now,2026-09-09T12:07:22+00:00
CVE-2026-69512,added,2026-09-09,cve_2026_to_now,2026-09-09T12:07:22+00:00
CVE-2026-69513,added,2026-09-09,cve_2026_to_now,2026-09-09T12:07:22+00:00
CVE-2026-69514,added,2026-09-09,cve_2026_to_now,2026-09-09T12:07:22+00:00
CVE-2026-69516,added,2026-09-09,cve_2026_to_now,2026-09-09T12:07:22+00:00
CVE-2026-69517,added,2026-09-09,cve_2026_to_now,2026-09-09T12:07:22+00:00
CVE-2026-69518,added,2026-09-09,cve_2026_to_now,2026-09-09T12:07:22+00:00
CVE-2026-69519,updated,2026-09-08,cve_2026_to_now,2026-09-09T12:07:22+00:00
CVE-2026-69522,added,2026-09-09,cve_2026_to_now,2026-09-09T12:07:22+00:00
CVE-2026-69524,added,2026-09-09,cve_2026_to_now,2026-09-09T12:07:22+00:00
CVE-2026-69525,added,2026-09-09,cve_2026_to_now,2026-09-09T12:07:22+00:00
CVE-2026-69527,added,,cve_2026_to_now,2026-09-09T12:07:22+00:00
CVE-2026-69528,added,2026-09-09,cve_2026_to_now,2026-09-09T12:07:22+00:00
CVE-2026-69529,added,2026-09-09,cve_2026_to_now,2026-09-09T12:07:22+00:00
CVE-2026-69530,added,2026-09-09,cve_2026_to_now,2026-09-09T12:07:22+00:00
CVE-2026-69531,added,,cve_2026_to_now,2026-09-09T12:07:22+00:00
CVE-2026-69532,added,2026-09-09,cve_2026_to_now,2026-09-09T12:07:22+00:00
CVE-2026-69534,added,2026-09-09,cve_2026_to_now,2026-09-09T12:07:22+00:00
CVE-2026-69535,added,2026-09-09,cve_2026_to_now,2026-09-09T12:07:22+00:00
CVE-2026-69536,added,2026-09-09,cve_2026_to_now,2026-09-09T12:07:22+00:00
CVE-2026-69538,added,2026-09-09,cve_2026_to_now,2026-09-09T12:07:22+00:00
CVE-2026-69539,added,2026-09-09,cve_2026_to_now,2026-09-09T12:07:22+00:00
CVE-2026-69540,added,2026-09-09,cve_2026_to_now,2026-09-09T12:07:22+00:00
CVE-2026-69541,added,,cve_2026_to_now,2026-09-09T12:07:22+00:00
CVE-2026-69542,added,2026-09-09,cve_2026_to_now,2026-09-09T12:07:22+00:00
CVE-2026-69543,updated,2026-09-08,cve_2026_to_now,2026-09-09T12:07:22+00:00
CVE-2026-69544,added,2026-09-09,cve_2026_to_now,2026-09-09T12:07:22+00:00
CVE-2026-69546,added,2026-09-09,cve_2026_to_now,2026-09-09T12:07:22+00:00
CVE-2026-69547,added,,cve_2026_to_now,2026-09-09T12:07:22+00:00
CVE-2026-69548,added,,cve_2026_to_now,2026-09-09T12:07:22+00:00
CVE-2026-69549,added,,cve_2026_to_now,2026-09-09T12:07:22+00:00
CVE-2026-69550,updated,2026-09-08,cve_2026_to_now,2026-09-09T12:07:22+00:00
CVE-2026-69551,added,,cve_2026_to_now,2026-09-09T12:07:22+00:00
CVE-2026-69552,added,,cve_2026_to_now,2026-09-09T12:07:22+00:00
CVE-2026-69553,added,2026-09-09,cve_2026_to_now,2026-09-09T12:07:22+00:00
CVE-2026-69554,added,,cve_2026_to_now,2026-09-09T12:07:22+00:00
CVE-2026-69555,updated,2026-09-08,cve_2026_to_now,2026-09-09T12:07:22+00:00
CVE-2026-69556,added,2026-09-09,cve_2026_to_now,2026-09-09T12:07:22+00:00
CVE-2026-69558,updated,2026-09-08,cve_2026_to_now,2026-09-09T12:07:22+00:00
CVE-2026-69559,added,,cve_2026_to_now,2026-09-09T12:07:22+00:00
CVE-2026-69560,added,2026-09-09,cve_2026_to_now,2026-09-09T12:07:22+00:00
CVE-2026-69561,added,2026-09-09,cve_2026_to_now,2026-09-09T12:07:22+00:00
CVE-2026-69562,added,,cve_2026_to_now,2026-09-09T12:07:22+00:00
CVE-2026-69563,added,2026-09-09,cve_2026_to_now,2026-09-09T12:07:22+00:00
CVE-2026-69564,added,2026-09-09,cve_2026_to_now,2026-09-09T12:07:22+00:00
CVE-2026-69566,added,,cve_2026_to_now,2026-09-09T12:07:22+00:00
CVE-2026-69567,added,2026-09-09,cve_2026_to_now,2026-09-09T12:07:22+00:00
CVE-2026-69568,added,,cve_2026_to_now,2026-09-09T12:07:22+00:00
CVE-2026-69569,added,,cve_2026_to_now,2026-09-09T12:07:22+00:00
CVE-2026-69571,added,,cve_2026_to_now,2026-09-09T12:07:22+00:00
CVE-2026-69572,added,,cve_2026_to_now,2026-09-09T12:07:22+00:00
CVE-2026-69573,added,,cve_2026_to_now,2026-09-09T12:07:22+00:00
CVE-2026-69574,added,,cve_2026_to_now,2026-09-09T12:07:22+00:00
CVE-2026-69575,added,,cve_2026_to_now,2026-09-09T12:07:22+00:00
CVE-2026-69576,added,,cve_2026_to_now,2026-09-09T12:07:22+00:00
CVE-2026-69578,added,2026-09-09,cve_2026_to_now,2026-09-09T12:07:22+00:00
CVE-2026-69579,added,,cve_2026_to_now,2026-09-09T12:07:22+00:00
CVE-2026-69580,added,,cve_2026_to_now,2026-09-09T12:07:22+00:00
CVE-2026-69581,added,,cve_2026_to_now,2026-09-09T12:07:22+00:00
CVE-2026-69582,added,,cve_2026_to_now,2026-09-09T12:07:22+00:00
CVE-2026-69583,added,,cve_2026_to_now,2026-09-09T12:07:22+00:00
CVE-2026-69584,added,,cve_2026_to_now,2026-09-09T12:07:22+00:00
CVE-2026-69585,added,,cve_2026_to_now,2026-09-09T12:07:22+00:00
CVE-2026-69586,added,,cve_2026_to_now,2026-09-09T12:07:22+00:00
CVE-2026-69587,added,,cve_2026_to_now,2026-09-09T12:07:22+00:00
CVE-2026-69588,added,,cve_2026_to_now,2026-09-09T12:07:22+00:00
CVE-2026-69589,added,,cve_2026_to_now,2026-09-09T12:07:22+00:00
CVE-2026-69590,added,2026-09-09,cve_2026_to_now,2026-09-09T12:07:22+00:00
CVE-2026-69591,added,,cve_2026_to_now,2026-09-09T12:07:22+00:00
CVE-2026-69592,added,2026-09-09,cve_2026_to_now,2026-09-09T12:07:22+00:00
CVE-2026-69593,added,,cve_2026_to_now,2026-09-09T12:07:22+00:00
CVE-2026-69594,added,,cve_2026_to_now,2026-09-09T12:07:22+00:00
CVE-2026-69595,added,2026-09-09,cve_2026_to_now,2026-09-09T12:07:22+00:00
CVE-2026-69597,added,2026-09-09,cve_2026_to_now,2026-09-09T12:07:22+00:00
CVE-2026-69598,added,,cve_2026_to_now,2026-09-09T12:07:22+00:00
CVE-2026-69599,added,2026-09-09,cve_2026_to_now,2026-09-09T12:07:22+00:00
CVE-2026-69600,added,,cve_2026_to_now,2026-09-09T12:07:22+00:00
CVE-2026-69601,added,2026-09-09,cve_2026_to_now,2026-09-09T12:07:22+00:00
CVE-2026-69602,added,2026-09-09,cve_2026_to_now,2026-09-09T12:07:22+00:00
CVE-2026-69603,added,2026-09-09,cve_2026_to_now,2026-09-09T12:07:22+00:00
CVE-2026-69604,added,2026-09-09,cve_2026_to_now,2026-09-09T12:07:22+00:00
CVE-2026-69605,added,,cve_2026_to_now,2026-09-09T12:07:22+00:00
CVE-2026-69606,added,2026-09-09,cve_2026_to_now,2026-09-09T12:07:22+00:00
CVE-2026-69607,added,2026-09-09,cve_2026_to_now,2026-09-09T12:07:22+00:00
CVE-2026-69608,added,,cve_2026_to_now,2026-09-09T12:07:22+00:00
CVE-2026-69609,added,,cve_2026_to_now,2026-09-09T12:07:22+00:00
CVE-2026-69610,added,2026-09-09,cve_2026_to_now,2026-09-09T12:07:22+00:00
CVE-2026-69611,added,,cve_2026_to_now,2026-09-09T12:07:22+00:00
CVE-2026-69612,added,2026-09-09,cve_2026_to_now,2026-09-09T12:07:22+00:00
CVE-2026-69613,added,2026-09-09,cve_2026_to_now,2026-09-09T12:07:22+00:00
CVE-2026-69614,added,2026-09-09,cve_2026_to_now,2026-09-09T12:07:22+00:00
CVE-2026-69615,added,,cve_2026_to_now,2026-09-09T12:07:22+00:00
CVE-2026-69616,added,,cve_2026_to_now,2026-09-09T12:07:22+00:00
CVE-2026-69617,added,2026-09-09,cve_2026_to_now,2026-09-09T12:07:22+00:00
CVE-2026-69618,added,,cve_2026_to_now,2026-09-09T12:07:22+00:00
CVE-2026-69619,added,,cve_2026_to_now,2026-09-09T12:07:22+00:00
CVE-2026-69620,added,,cve_2026_to_now,2026-09-09T12:07:22+00:00
CVE-2026-69621,added,2026-09-09,cve_2026_to_now,2026-09-09T12:07:22+00:00
CVE-2026-69623,added,,cve_2026_to_now,2026-09-09T12:07:22+00:00
CVE-2026-69624,added,,cve_2026_to_now,2026-09-09T12:07:22+00:00
CVE-2026-69625,added,,cve_2026_to_now,2026-09-09T12:07:22+00:00
CVE-2026-69626,added,,cve_2026_to_now,2026-09-09T12:07:22+00:00
CVE-2026-69627,added,,cve_2026_to_now,2026-09-09T12:07:22+00:00
CVE-2026-69628,added,2026-09-09,cve_2026_to_now,2026-09-09T12:07:22+00:00
CVE-2026-69629,added,2026-09-09,cve_2026_to_now,2026-09-09T12:07:22+00:00
CVE-2026-69630,added,2026-09-09,cve_2026_to_now,2026-09-09T12:07:22+00:00
CVE-2026-69631,added,,cve_2026_to_now,2026-09-09T12:07:22+00:00
CVE-2026-69632,added,2026-09-09,cve_2026_to_now,2026-09-09T12:07:22+00:00
CVE-2026-69636,added,,cve_2026_to_now,2026-09-09T12:07:22+00:00
CVE-2026-69637,added,,cve_2026_to_now,2026-09-09T12:07:22+00:00
CVE-2026-69638,added,2026-09-09,cve_2026_to_now,2026-09-09T12:07:22+00:00
CVE-2026-69641,added,2026-09-09,cve_2026_to_now,2026-09-09T12:07:22+00:00
CVE-2026-69642,added,,cve_2026_to_now,2026-09-09T12:07:22+00:00
CVE-2026-69643,added,2026-09-09,cve_2026_to_now,2026-09-09T12:07:22+00:00
CVE-2026-69645,added,,cve_2026_to_now,2026-09-09T12:07:22+00:00
CVE-2026-69646,added,2026-09-09,cve_2026_to_now,2026-09-09T12:07:22+00:00
CVE-2026-69648,added,2026-09-09,cve_2026_to_now,2026-09-09T12:07:22+00:00
CVE-2026-69649,added,2026-09-09,cve_2026_to_now,2026-09-09T12:07:22+00:00
CVE-2026-69652,added,2026-09-09,cve_2026_to_now,2026-09-09T12:07:22+00:00
CVE-2026-69654,added,2026-09-09,cve_2026_to_now,2026-09-09T12:07:22+00:00
CVE-2026-69669,added,2026-09-09,cve_2026_to_now,2026-09-09T12:07:22+00:00
CVE-2026-69671,added,2026-09-09,cve_2026_to_now,2026-09-09T12:07:22+00:00
CVE-2026-69672,added,,cve_2026_to_now,2026-09-09T12:07:22+00:00
CVE-2026-69674,added,,cve_2026_to_now,2026-09-09T12:07:22+00:00
CVE-2026-69676,added,2026-09-09,cve_2026_to_now,2026-09-09T12:07:22+00:00
CVE-2026-69678,added,2026-09-09,cve_2026_to_now,2026-09-09T12:07:22+00:00
CVE-2026-69679,added,,cve_2026_to_now,2026-09-09T12:07:22+00:00
CVE-2026-69680,added,,cve_2026_to_now,2026-09-09T12:07:22+00:00
CVE-2026-69681,added,,cve_2026_to_now,2026-09-09T12:07:22+00:00
CVE-2026-69682,added,,cve_2026_to_now,2026-09-09T12:07:22+00:00
CVE-2026-69683,added,,cve_2026_to_now,2026-09-09T12:07:22+00:00
CVE-2026-69684,added,,cve_2026_to_now,2026-09-09T12:07:22+00:00
CVE-2026-69685,added,2026-09-09,cve_2026_to_now,2026-09-09T12:07:22+00:00
CVE-2026-69686,added,2026-09-09,cve_2026_to_now,2026-09-09T12:07:22+00:00
CVE-2026-69687,added,,cve_2026_to_now,2026-09-09T12:07:22+00:00
CVE-2026-69688,added,,cve_2026_to_now,2026-09-09T12:07:22+00:00
CVE-2026-69689,added,2026-09-09,cve_2026_to_now,2026-09-09T12:07:22+00:00
CVE-2026-69690,added,,cve_2026_to_now,2026-09-09T12:07:22+00:00
CVE-2026-69691,added,2026-09-09,cve_2026_to_now,2026-09-09T12:07:22+00:00
CVE-2026-69692,added,2026-09-09,cve_2026_to_now,2026-09-09T12:07:22+00:00
CVE-2026-69693,added,,cve_2026_to_now,2026-09-09T12:07:22+00:00
CVE-2026-69694,added,,cve_2026_to_now,2026-09-09T12:07:22+00:00
CVE-2026-69706,added,2026-09-09,cve_2026_to_now,2026-09-09T12:07:22+00:00
CVE-2026-69707,added,,cve_2026_to_now,2026-09-09T12:07:22+00:00
CVE-2026-69708,added,,cve_2026_to_now,2026-09-09T12:07:22+00:00
CVE-2026-69709,added,2026-09-09,cve_2026_to_now,2026-09-09T12:07:22+00:00
CVE-2026-69710,added,2026-09-09,cve_2026_to_now,2026-09-09T12:07:22+00:00
CVE-2026-69711,added,,cve_2026_to_now,2026-09-09T12:07:22+00:00
CVE-2026-69712,added,2026-09-09,cve_2026_to_now,2026-09-09T12:07:22+00:00
CVE-2026-69713,added,,cve_2026_to_now,2026-09-09T12:07:22+00:00
CVE-2026-69714,added,,cve_2026_to_now,2026-09-09T12:07:22+00:00
CVE-2026-69715,added,,cve_2026_to_now,2026-09-09T12:07:22+00:00
CVE-2026-69716,added,2026-09-09,cve_2026_to_now,2026-09-09T12:07:22+00:00
CVE-2026-69717,added,2026-09-09,cve_2026_to_now,2026-09-09T12:07:22+00:00
CVE-2026-69719,added,,cve_2026_to_now,2026-09-09T12:07:22+00:00
CVE-2026-69720,added,2026-09-09,cve_2026_to_now,2026-09-09T12:07:22+00:00
CVE-2026-69722,added,2026-09-09,cve_2026_to_now,2026-09-09T12:07:22+00:00
CVE-2026-69723,added,,cve_2026_to_now,2026-09-09T12:07:22+00:00
CVE-2026-69724,added,2026-09-09,cve_2026_to_now,2026-09-09T12:07:22+00:00
CVE-2026-69725,added,2026-09-09,cve_2026_to_now,2026-09-09T12:07:22+00:00
CVE-2026-69727,added,,cve_2026_to_now,2026-09-09T12:07:22+00:00
CVE-2026-69729,added,,cve_2026_to_now,2026-09-09T12:07:22+00:00
CVE-2026-69730,added,,cve_2026_to_now,2026-09-09T12:07:22+00:00
CVE-2026-69731,added,2026-09-09,cve_2026_to_now,2026-09-09T12:07:22+00:00
CVE-2026-69732,added,2026-09-09,cve_2026_to_now,2026-09-09T12:07:22+00:00
CVE-2026-69734,added,,cve_2026_to_now,2026-09-09T12:07:22+00:00
CVE-2026-69735,added,2026-09-09,cve_2026_to_now,2026-09-09T12:07:22+00:00
CVE-2026-69738,added,,cve_2026_to_now,2026-09-09T12:07:22+00:00
CVE-2026-69739,added,,cve_2026_to_now,2026-09-09T12:07:22+00:00
CVE-2026-69740,added,2026-09-09,cve_2026_to_now,2026-09-09T12:07:22+00:00
CVE-2026-69741,added,,cve_2026_to_now,2026-09-09T12:07:22+00:00
CVE-2026-69742,added,2026-09-09,cve_2026_to_now,2026-09-09T12:07:22+00:00
CVE-2026-69744,added,,cve_2026_to_now,2026-09-09T12:07:22+00:00
CVE-2026-69757,added,2026-09-09,cve_2026_to_now,2026-09-09T12:07:22+00:00
CVE-2026-69758,added,2026-09-09,cve_2026_to_now,2026-09-09T12:07:22+00:00
CVE-2026-69759,added,2026-09-09,cve_2026_to_now,2026-09-09T12:07:22+00:00
CVE-2026-69760,added,,cve_2026_to_now,2026-09-09T12:07:22+00:00
CVE-2026-69761,added,2026-09-09,cve_2026_to_now,2026-09-09T12:07:22+00:00
CVE-2026-69762,added,2026-09-09,cve_2026_to_now,2026-09-09T12:07:22+00:00
CVE-2026-69764,added,2026-09-09,cve_2026_to_now,2026-09-09T12:07:22+00:00
CVE-2026-69767,added,2026-09-09,cve_2026_to_now,2026-09-09T12:07:22+00:00
CVE-2026-69768,added,,cve_2026_to_now,2026-09-09T12:07:22+00:00
CVE-2026-69769,added,,cve_2026_to_now,2026-09-09T12:07:22+00:00
CVE-2026-69770,added,,cve_2026_to_now,2026-09-09T12:07:22+00:00
CVE-2026-69771,added,,cve_2026_to_now,2026-09-09T12:07:22+00:00
CVE-2026-69772,added,2026-09-09,cve_2026_to_now,2026-09-09T12:07:22+00:00
CVE-2026-69773,added,,cve_2026_to_now,2026-09-09T12:07:22+00:00
CVE-2026-69775,added,,cve_2026_to_now,2026-09-09T12:07:22+00:00
CVE-2026-69777,added,,cve_2026_to_now,2026-09-09T12:07:22+00:00
CVE-2026-69778,added,2026-09-09,cve_2026_to_now,2026-09-09T12:07:22+00:00
CVE-2026-69779,added,2026-09-09,cve_2026_to_now,2026-09-09T12:07:22+00:00
CVE-2026-69781,added,,cve_2026_to_now,2026-09-09T12:07:22+00:00
CVE-2026-69782,added,,cve_2026_to_now,2026-09-09T12:07:22+00:00
CVE-2026-69784,added,2026-09-09,cve_2026_to_now,2026-09-09T12:07:22+00:00
CVE-2026-69785,added,2026-09-09,cve_2026_to_now,2026-09-09T12:07:22+00:00
CVE-2026-69786,added,,cve_2026_to_now,2026-09-09T12:07:22+00:00
CVE-2026-69787,added,,cve_2026_to_now,2026-09-09T12:07:22+00:00
CVE-2026-69790,added,,cve_2026_to_now,2026-09-09T12:07:22+00:00
CVE-2026-69791,added,,cve_2026_to_now,2026-09-09T12:07:22+00:00
CVE-2026-69792,added,,cve_2026_to_now,2026-09-09T12:07:22+00:00
CVE-2026-69793,added,,cve_2026_to_now,2026-09-09T12:07:22+00:00
CVE-2026-69794,added,,cve_2026_to_now,2026-09-09T12:07:22+00:00
CVE-2026-69797,added,2026-09-09,cve_2026_to_now,2026-09-09T12:07:22+00:00
CVE-2026-69799,added,2026-09-09,cve_2026_to_now,2026-09-09T12:07:22+00:00
CVE-2026-69801,added,2026-09-09,cve_2026_to_now,2026-09-09T12:07:22+00:00
CVE-2026-69803,added,,cve_2026_to_now,2026-09-09T12:07:22+00:00
CVE-2026-69804,added,2026-09-09,cve_2026_to_now,2026-09-09T12:07:22+00:00
CVE-2026-69805,added,2026-09-09,cve_2026_to_now,2026-09-09T12:07:22+00:00
CVE-2026-69806,added,,cve_2026_to_now,2026-09-09T12:07:22+00:00
CVE-2026-69807,added,2026-09-09,cve_2026_to_now,2026-09-09T12:07:22+00:00
CVE-2026-69808,added,,cve_2026_to_now,2026-09-09T12:07:22+00:00
CVE-2026-69809,added,,cve_2026_to_now,2026-09-09T12:07:22+00:00
CVE-2026-69813,added,,cve_2026_to_now,2026-09-09T12:07:22+00:00
CVE-2026-69814,added,,cve_2026_to_now,2026-09-09T12:07:22+00:00
CVE-2026-69816,added,2026-09-09,cve_2026_to_now,2026-09-09T12:07:22+00:00
CVE-2026-69817,added,2026-09-09,cve_2026_to_now,2026-09-09T12:07:22+00:00
CVE-2026-69818,added,2026-09-09,cve_2026_to_now,2026-09-09T12:07:22+00:00
CVE-2026-69819,added,,cve_2026_to_now,2026-09-09T12:07:22+00:00
CVE-2026-69820,added,2026-09-09,cve_2026_to_now,2026-09-09T12:07:22+00:00
CVE-2026-69821,added,2026-09-09,cve_2026_to_now,2026-09-09T12:07:22+00:00
CVE-2026-69822,added,2026-09-09,cve_2026_to_now,2026-09-09T12:07:22+00:00
CVE-2026-69824,added,,cve_2026_to_now,2026-09-09T12:07:22+00:00
CVE-2026-69826,added,,cve_2026_to_now,2026-09-09T12:07:22+00:00
CVE-2026-69827,added,,cve_2026_to_now,2026-09-09T12:07:22+00:00
CVE-2026-69829,added,2026-09-09,cve_2026_to_now,2026-09-09T12:07:22+00:00
CVE-2026-69832,added,,cve_2026_to_now,2026-09-09T12:07:22+00:00
CVE-2026-69834,added,2026-09-09,cve_2026_to_now,2026-09-09T12:07:22+00:00
CVE-2026-69836,updated,2026-09-08,cve_2026_to_now,2026-09-09T12:07:22+00:00
CVE-2026-69838,added,2026-09-09,cve_2026_to_now,2026-09-09T12:07:22+00:00
CVE-2026-69839,added,,cve_2026_to_now,2026-09-09T12:07:22+00:00
CVE-2026-69841,added,,cve_2026_to_now,2026-09-09T12:07:22+00:00
CVE-2026-69844,added,2026-09-09,cve_2026_to_now,2026-09-09T12:07:22+00:00
CVE-2026-69845,added,,cve_2026_to_now,2026-09-09T12:07:22+00:00
CVE-2026-69846,added,2026-09-09,cve_2026_to_now,2026-09-09T12:07:22+00:00
CVE-2026-69847,added,,cve_2026_to_now,2026-09-09T12:07:22+00:00
CVE-2026-69851,updated,2026-09-08,cve_2026_to_now,2026-09-09T12:07:22+00:00
CVE-2026-69852,added,2026-09-09,cve_2026_to_now,2026-09-09T12:07:22+00:00
CVE-2026-69853,added,,cve_2026_to_now,2026-09-09T12:07:22+00:00
CVE-2026-69854,added,,cve_2026_to_now,2026-09-09T12:07:22+00:00
CVE-2026-69855,updated,2026-09-08,cve_2026_to_now,2026-09-09T12:07:22+00:00
CVE-2026-69857,updated,2026-09-08,cve_2026_to_now,2026-09-09T12:07:22+00:00
CVE-2026-69858,added,,cve_2026_to_now,2026-09-09T12:07:22+00:00
CVE-2026-69859,added,,cve_2026_to_now,2026-09-09T12:07:22+00:00
CVE-2026-69860,added,,cve_2026_to_now,2026-09-09T12:07:22+00:00
CVE-2026-69862,added,,cve_2026_to_now,2026-09-09T12:07:22+00:00
CVE-2026-69864,added,2026-09-09,cve_2026_to_now,2026-09-09T12:07:22+00:00
CVE-2026-69866,added,,cve_2026_to_now,2026-09-09T12:07:22+00:00
CVE-2026-69874,added,2026-09-09,cve_2026_to_now,2026-09-09T12:07:22+00:00
CVE-2026-69875,added,2026-09-09,cve_2026_to_now,2026-09-09T12:07:22+00:00
CVE-2026-69876,added,,cve_2026_to_now,2026-09-09T12:07:22+00:00
CVE-2026-69878,added,,cve_2026_to_now,2026-09-09T12:07:22+00:00
CVE-2026-69881,added,,cve_2026_to_now,2026-09-09T12:07:22+00:00
CVE-2026-69889,added,2026-09-09,cve_2026_to_now,2026-09-09T12:07:22+00:00
CVE-2026-69890,added,2026-09-09,cve_2026_to_now,2026-09-09T12:07:22+00:00
CVE-2026-69891,added,2026-09-09,cve_2026_to_now,2026-09-09T12:07:22+00:00
CVE-2026-69895,added,,cve_2026_to_now,2026-09-09T12:07:22+00:00
CVE-2026-69896,added,2026-09-09,cve_2026_to_now,2026-09-09T12:07:22+00:00
CVE-2026-69900,added,2026-09-09,cve_2026_to_now,2026-09-09T12:07:22+00:00
CVE-2026-69904,added,,cve_2026_to_now,2026-09-09T12:07:22+00:00
CVE-2026-69906,added,2026-09-09,cve_2026_to_now,2026-09-09T12:07:22+00:00
CVE-2026-69907,added,,cve_2026_to_now,2026-09-09T12:07:22+00:00
CVE-2026-69910,added,2026-09-09,cve_2026_to_now,2026-09-09T12:07:22+00:00
CVE-2026-69911,added,,cve_2026_to_now,2026-09-09T12:07:22+00:00
CVE-2026-69921,added,2026-09-09,cve_2026_to_now,2026-09-09T12:07:22+00:00
CVE-2026-69929,added,,cve_2026_to_now,2026-09-09T12:07:22+00:00
CVE-2026-69930,added,,cve_2026_to_now,2026-09-09T12:07:22+00:00
CVE-2026-69989,added,,cve_2026_to_now,2026-09-09T12:07:22+00:00
CVE-2026-70019,added,,cve_2026_to_now,2026-09-09T12:07:22+00:00
CVE-2026-70065,added,,cve_2026_to_now,2026-09-09T12:07:22+00:00
CVE-2026-70091,added,,cve_2026_to_now,2026-09-09T12:07:22+00:00
CVE-2026-70105,updated,2026-09-08,cve_2026_to_now,2026-09-09T12:07:22+00:00
CVE-2026-70124,added,,cve_2026_to_now,2026-09-09T12:07:22+00:00
CVE-2026-70130,updated,2026-09-08,cve_2026_to_now,2026-09-09T12:07:22+00:00
CVE-2026-70145,added,,cve_2026_to_now,2026-09-09T12:07:22+00:00
CVE-2026-70178,updated,2026-09-08,cve_2026_to_now,2026-09-09T12:07:22+00:00
CVE-2026-70203,added,2026-09-09,cve_2026_to_now,2026-09-09T12:07:22+00:00
CVE-2026-70283,added,2026-09-09,cve_2026_to_now,2026-09-09T12:07:22+00:00
CVE-2026-70289,added,2026-09-09,cve_2026_to_now,2026-09-09T12:07:22+00:00
CVE-2026-70290,added,,cve_2026_to_now,2026-09-09T12:07:22+00:00
CVE-2026-70296,added,,cve_2026_to_now,2026-09-09T12:07:22+00:00
CVE-2026-70304,updated,2026-09-08,cve_2026_to_now,2026-09-09T12:07:22+00:00
CVE-2026-70306,updated,2026-09-08,cve_2026_to_now,2026-09-09T12:07:22+00:00
CVE-2026-70307,updated,2026-09-08,cve_2026_to_now,2026-09-09T12:07:22+00:00
CVE-2026-70309,updated,2026-09-08,cve_2026_to_now,2026-09-09T12:07:22+00:00
CVE-2026-70310,updated,2026-09-08,cve_2026_to_now,2026-09-09T12:07:22+00:00
CVE-2026-70311,updated,2026-09-08,cve_2026_to_now,2026-09-09T12:07:22+00:00
CVE-2026-70312,updated,2026-09-08,cve_2026_to_now,2026-09-09T12:07:22+00:00
CVE-2026-70313,updated,2026-09-08,cve_2026_to_now,2026-09-09T12:07:22+00:00
CVE-2026-70314,updated,2026-09-08,cve_2026_to_now,2026-09-09T12:07:22+00:00
CVE-2026-70315,updated,2026-09-08,cve_2026_to_now,2026-09-09T12:07:22+00:00
CVE-2026-70316,updated,2026-09-08,cve_2026_to_now,2026-09-09T12:07:22+00:00
CVE-2026-70317,updated,2026-09-08,cve_2026_to_now,2026-09-09T12:07:22+00:00
CVE-2026-70318,updated,2026-09-08,cve_2026_to_now,2026-09-09T12:07:22+00:00
CVE-2026-70319,updated,2026-09-08,cve_2026_to_now,2026-09-09T12:07:22+00:00
CVE-2026-70320,updated,2026-09-08,cve_2026_to_now,2026-09-09T12:07:22+00:00
CVE-2026-70321,updated,2026-09-08,cve_2026_to_now,2026-09-09T12:07:22+00:00
CVE-2026-70322,updated,2026-09-08,cve_2026_to_now,2026-09-09T12:07:22+00:00
CVE-2026-70323,updated,2026-09-08,cve_2026_to_now,2026-09-09T12:07:22+00:00
CVE-2026-70324,updated,2026-09-08,cve_2026_to_now,2026-09-09T12:07:22+00:00
CVE-2026-70325,updated,2026-09-08,cve_2026_to_now,2026-09-09T12:07:22+00:00
CVE-2026-70326,updated,2026-09-08,cve_2026_to_now,2026-09-09T12:07:22+00:00
CVE-2026-70327,updated,2026-09-08,cve_2026_to_now,2026-09-09T12:07:22+00:00
CVE-2026-70328,updated,2026-09-08,cve_2026_to_now,2026-09-09T12:07:22+00:00
CVE-2026-70329,updated,2026-09-08,cve_2026_to_now,2026-09-09T12:07:22+00:00
CVE-2026-70330,updated,2026-09-08,cve_2026_to_now,2026-09-09T12:07:22+00:00
CVE-2026-70331,updated,2026-09-08,cve_2026_to_now,2026-09-09T12:07:22+00:00
CVE-2026-70332,updated,2026-09-08,cve_2026_to_now,2026-09-09T12:07:22+00:00
CVE-2026-70334,added,2026-09-09,cve_2026_to_now,2026-09-09T12:07:22+00:00
CVE-2026-70335,updated,2026-09-08,cve_2026_to_now,2026-09-09T12:07:22+00:00
CVE-2026-70336,updated,2026-09-08,cve_2026_to_now,2026-09-09T12:07:22+00:00
CVE-2026-70337,updated,2026-09-08,cve_2026_to_now,2026-09-09T12:07:22+00:00
CVE-2026-70338,updated,2026-09-08,cve_2026_to_now,2026-09-09T12:07:22+00:00
CVE-2026-70339,updated,2026-09-08,cve_2026_to_now,2026-09-09T12:07:22+00:00
CVE-2026-70340,updated,2026-09-08,cve_2026_to_now,2026-09-09T12:07:22+00:00
CVE-2026-70342,added,2026-09-09,cve_2026_to_now,2026-09-09T12:07:22+00:00
CVE-2026-70344,updated,2026-09-08,cve_2026_to_now,2026-09-09T12:07:22+00:00
CVE-2026-70345,updated,2026-09-08,cve_2026_to_now,2026-09-09T12:07:22+00:00
CVE-2026-70346,updated,2026-09-08,cve_2026_to_now,2026-09-09T12:07:22+00:00
CVE-2026-70347,updated,2026-09-08,cve_2026_to_now,2026-09-09T12:07:22+00:00
CVE-2026-70348,updated,2026-09-08,cve_2026_to_now,2026-09-09T12:07:22+00:00
CVE-2026-70351,added,,cve_2026_to_now,2026-09-09T12:07:22+00:00
CVE-2026-70352,updated,2026-09-08,cve_2026_to_now,2026-09-09T12:07:22+00:00
CVE-2026-70354,updated,2026-09-08,cve_2026_to_now,2026-09-09T12:07:22+00:00
CVE-2026-70355,updated,2026-09-08,cve_2026_to_now,2026-09-09T12:07:22+00:00
CVE-2026-70562,added,2026-09-09,cve_2026_to_now,2026-09-09T12:07:22+00:00
CVE-2026-70563,added,2026-09-09,cve_2026_to_now,2026-09-09T12:07:22+00:00
CVE-2026-70564,added,2026-09-09,cve_2026_to_now,2026-09-09T12:07:22+00:00
CVE-2026-70565,added,,cve_2026_to_now,2026-09-09T12:07:22+00:00
CVE-2026-70567,added,,cve_2026_to_now,2026-09-09T12:07:22+00:00
CVE-2026-70568,added,,cve_2026_to_now,2026-09-09T12:07:22+00:00
CVE-2026-70569,added,2026-09-09,cve_2026_to_now,2026-09-09T12:07:22+00:00
CVE-2026-70570,added,2026-09-09,cve_2026_to_now,2026-09-09T12:07:22+00:00
CVE-2026-70572,added,,cve_2026_to_now,2026-09-09T12:07:22+00:00
CVE-2026-70573,added,,cve_2026_to_now,2026-09-09T12:07:22+00:00
CVE-2026-70574,added,,cve_2026_to_now,2026-09-09T12:07:22+00:00
CVE-2026-70575,added,,cve_2026_to_now,2026-09-09T12:07:22+00:00
CVE-2026-70577,added,,cve_2026_to_now,2026-09-09T12:07:22+00:00
CVE-2026-70578,added,2026-09-09,cve_2026_to_now,2026-09-09T12:07:22+00:00
CVE-2026-70579,added,,cve_2026_to_now,2026-09-09T12:07:22+00:00
CVE-2026-70581,added,,cve_2026_to_now,2026-09-09T12:07:22+00:00
CVE-2026-70582,added,,cve_2026_to_now,2026-09-09T12:07:22+00:00
CVE-2026-70583,added,2026-09-09,cve_2026_to_now,2026-09-09T12:07:22+00:00
CVE-2026-70584,added,2026-09-09,cve_2026_to_now,2026-09-09T12:07:22+00:00
CVE-2026-70585,added,2026-09-09,cve_2026_to_now,2026-09-09T12:07:22+00:00
CVE-2026-70586,added,2026-09-09,cve_2026_to_now,2026-09-09T12:07:22+00:00
CVE-2026-70587,added,,cve_2026_to_now,2026-09-09T12:07:22+00:00
CVE-2026-71216,updated,2026-09-08,cve_2026_to_now,2026-09-09T12:07:22+00:00
CVE-2026-71328,added,2026-09-09,cve_2026_to_now,2026-09-09T12:07:22+00:00
CVE-2026-71329,added,,cve_2026_to_now,2026-09-09T12:07:22+00:00
CVE-2026-71330,added,,cve_2026_to_now,2026-09-09T12:07:22+00:00
CVE-2026-71331,updated,2026-09-08,cve_2026_to_now,2026-09-09T12:07:22+00:00
CVE-2026-71332,added,2026-09-09,cve_2026_to_now,2026-09-09T12:07:22+00:00
CVE-2026-71333,added,2026-09-09,cve_2026_to_now,2026-09-09T12:07:22+00:00
CVE-2026-71334,added,2026-09-09,cve_2026_to_now,2026-09-09T12:07:22+00:00
CVE-2026-71336,added,2026-09-09,cve_2026_to_now,2026-09-09T12:07:22+00:00
CVE-2026-71337,added,,cve_2026_to_now,2026-09-09T12:07:22+00:00
CVE-2026-71338,added,,cve_2026_to_now,2026-09-09T12:07:22+00:00
CVE-2026-71339,added,2026-09-09,cve_2026_to_now,2026-09-09T12:07:22+00:00
CVE-2026-71340,added,2026-09-09,cve_2026_to_now,2026-09-09T12:07:22+00:00
CVE-2026-71341,added,,cve_2026_to_now,2026-09-09T12:07:22+00:00
CVE-2026-71342,added,2026-09-09,cve_2026_to_now,2026-09-09T12:07:22+00:00
CVE-2026-71343,added,2026-09-09,cve_2026_to_now,2026-09-09T12:07:22+00:00
CVE-2026-71345,added,2026-09-09,cve_2026_to_now,2026-09-09T12:07:22+00:00
CVE-2026-71348,added,,cve_2026_to_now,2026-09-09T12:07:22+00:00
CVE-2026-71349,added,,cve_2026_to_now,2026-09-09T12:07:22+00:00
CVE-2026-71350,added,,cve_2026_to_now,2026-09-09T12:07:22+00:00
CVE-2026-71351,added,2026-09-09,cve_2026_to_now,2026-09-09T12:07:22+00:00
CVE-2026-71352,added,2026-09-09,cve_2026_to_now,2026-09-09T12:07:22+00:00
CVE-2026-71353,added,2026-09-09,cve_2026_to_now,2026-09-09T12:07:22+00:00
CVE-2026-71356,added,,cve_2026_to_now,2026-09-09T12:07:22+00:00
CVE-2026-71357,added,,cve_2026_to_now,2026-09-09T12:07:22+00:00
CVE-2026-71374,updated,,cve_2026_to_now,2026-09-09T12:07:22+00:00
CVE-2026-71375,updated,,cve_2026_to_now,2026-09-09T12:07:22+00:00
CVE-2026-71376,updated,,cve_2026_to_now,2026-09-09T12:07:22+00:00
CVE-2026-71377,updated,,cve_2026_to_now,2026-09-09T12:07:22+00:00
CVE-2026-71388,added,,cve_2026_to_now,2026-09-09T12:07:22+00:00
CVE-2026-71440,added,,cve_2026_to_now,2026-09-09T12:07:22+00:00
CVE-2026-71565,added,,cve_2026_to_now,2026-09-09T12:07:22+00:00
CVE-2026-71624,updated,2026-09-08,cve_2026_to_now,2026-09-09T12:07:22+00:00
CVE-2026-71626,updated,2026-09-08,cve_2026_to_now,2026-09-09T12:07:22+00:00
CVE-2026-72626,added,,cve_2026_to_now,2026-09-09T12:07:22+00:00
CVE-2026-72627,added,,cve_2026_to_now,2026-09-09T12:07:22+00:00
CVE-2026-72694,updated,2026-09-09,cve_2026_to_now,2026-09-09T12:07:22+00:00
CVE-2026-72923,added,,cve_2026_to_now,2026-09-09T12:07:22+00:00
CVE-2026-72926,added,2026-09-09,cve_2026_to_now,2026-09-09T12:07:22+00:00
CVE-2026-72927,added,2026-09-09,cve_2026_to_now,2026-09-09T12:07:22+00:00
CVE-2026-72928,added,,cve_2026_to_now,2026-09-09T12:07:22+00:00
CVE-2026-72929,added,2026-09-09,cve_2026_to_now,2026-09-09T12:07:22+00:00
CVE-2026-72930,added,2026-09-09,cve_2026_to_now,2026-09-09T12:07:22+00:00
CVE-2026-72931,added,,cve_2026_to_now,2026-09-09T12:07:22+00:00
CVE-2026-72932,added,,cve_2026_to_now,2026-09-09T12:07:22+00:00
CVE-2026-72933,added,2026-09-09,cve_2026_to_now,2026-09-09T12:07:22+00:00
CVE-2026-72935,added,2026-09-09,cve_2026_to_now,2026-09-09T12:07:22+00:00
CVE-2026-72936,added,2026-09-09,cve_2026_to_now,2026-09-09T12:07:22+00:00
CVE-2026-72937,added,,cve_2026_to_now,2026-09-09T12:07:22+00:00
CVE-2026-72938,added,,cve_2026_to_now,2026-09-09T12:07:22+00:00
CVE-2026-72939,added,,cve_2026_to_now,2026-09-09T12:07:22+00:00
CVE-2026-72940,added,,cve_2026_to_now,2026-09-09T12:07:22+00:00
CVE-2026-72941,added,,cve_2026_to_now,2026-09-09T12:07:22+00:00
CVE-2026-72942,added,,cve_2026_to_now,2026-09-09T12:07:22+00:00
CVE-2026-72943,added,2026-09-09,cve_2026_to_now,2026-09-09T12:07:22+00:00
CVE-2026-72944,added,2026-09-09,cve_2026_to_now,2026-09-09T12:07:22+00:00
CVE-2026-72945,added,,cve_2026_to_now,2026-09-09T12:07:22+00:00
CVE-2026-72946,added,,cve_2026_to_now,2026-09-09T12:07:22+00:00
CVE-2026-72947,added,,cve_2026_to_now,2026-09-09T12:07:22+00:00
CVE-2026-72948,added,,cve_2026_to_now,2026-09-09T12:07:22+00:00
CVE-2026-72949,added,,cve_2026_to_now,2026-09-09T12:07:22+00:00
CVE-2026-72950,added,2026-09-09,cve_2026_to_now,2026-09-09T12:07:22+00:00
CVE-2026-72952,added,2026-09-09,cve_2026_to_now,2026-09-09T12:07:22+00:00
CVE-2026-72953,added,,cve_2026_to_now,2026-09-09T12:07:22+00:00
CVE-2026-72954,added,2026-09-09,cve_2026_to_now,2026-09-09T12:07:22+00:00
CVE-2026-72956,added,,cve_2026_to_now,2026-09-09T12:07:22+00:00
CVE-2026-72957,added,2026-09-09,cve_2026_to_now,2026-09-09T12:07:22+00:00
CVE-2026-72958,added,2026-09-09,cve_2026_to_now,2026-09-09T12:07:22+00:00
CVE-2026-72959,added,2026-09-09,cve_2026_to_now,2026-09-09T12:07:22+00:00
CVE-2026-72960,added,2026-09-09,cve_2026_to_now,2026-09-09T12:07:22+00:00
CVE-2026-72961,added,2026-09-09,cve_2026_to_now,2026-09-09T12:07:22+00:00
CVE-2026-72962,added,,cve_2026_to_now,2026-09-09T12:07:22+00:00
CVE-2026-72963,added,,cve_2026_to_now,2026-09-09T12:07:22+00:00
CVE-2026-72964,added,,cve_2026_to_now,2026-09-09T12:07:22+00:00
CVE-2026-72965,added,,cve_2026_to_now,2026-09-09T12:07:22+00:00
CVE-2026-72966,added,,cve_2026_to_now,2026-09-09T12:07:22+00:00
CVE-2026-72967,added,,cve_2026_to_now,2026-09-09T12:07:22+00:00
CVE-2026-72970,updated,2026-09-08,cve_2026_to_now,2026-09-09T12:07:22+00:00
CVE-2026-72971,updated,2026-09-08,cve_2026_to_now,2026-09-09T12:07:22+00:00
CVE-2026-72972,added,2026-09-09,cve_2026_to_now,2026-09-09T12:07:22+00:00
CVE-2026-72973,added,2026-09-09,cve_2026_to_now,2026-09-09T12:07:22+00:00
CVE-2026-72974,added,,cve_2026_to_now,2026-09-09T12:07:22+00:00
CVE-2026-72975,added,,cve_2026_to_now,2026-09-09T12:07:22+00:00
CVE-2026-72976,added,,cve_2026_to_now,2026-09-09T12:07:22+00:00
CVE-2026-72977,added,,cve_2026_to_now,2026-09-09T12:07:22+00:00
CVE-2026-72978,added,,cve_2026_to_now,2026-09-09T12:07:22+00:00
CVE-2026-72979,added,,cve_2026_to_now,2026-09-09T12:07:22+00:00
CVE-2026-72980,added,,cve_2026_to_now,2026-09-09T12:07:22+00:00
CVE-2026-72981,added,,cve_2026_to_now,2026-09-09T12:07:22+00:00
CVE-2026-72982,added,2026-09-09,cve_2026_to_now,2026-09-09T12:07:22+00:00
CVE-2026-72983,added,2026-09-09,cve_2026_to_now,2026-09-09T12:07:22+00:00
CVE-2026-72985,added,,cve_2026_to_now,2026-09-09T12:07:22+00:00
CVE-2026-72986,added,,cve_2026_to_now,2026-09-09T12:07:22+00:00
CVE-2026-72987,added,,cve_2026_to_now,2026-09-09T12:07:22+00:00
CVE-2026-72988,added,,cve_2026_to_now,2026-09-09T12:07:22+00:00
CVE-2026-72989,added,,cve_2026_to_now,2026-09-09T12:07:22+00:00
CVE-2026-72990,added,,cve_2026_to_now,2026-09-09T12:07:22+00:00
CVE-2026-72991,added,,cve_2026_to_now,2026-09-09T12:07:22+00:00
CVE-2026-72992,added,,cve_2026_to_now,2026-09-09T12:07:22+00:00
CVE-2026-72993,added,,cve_2026_to_now,2026-09-09T12:07:22+00:00
CVE-2026-72994,added,,cve_2026_to_now,2026-09-09T12:07:22+00:00
CVE-2026-72995,added,,cve_2026_to_now,2026-09-09T12:07:22+00:00
CVE-2026-72996,added,,cve_2026_to_now,2026-09-09T12:07:22+00:00
CVE-2026-72997,added,,cve_2026_to_now,2026-09-09T12:07:22+00:00
CVE-2026-72999,added,,cve_2026_to_now,2026-09-09T12:07:22+00:00
CVE-2026-73000,added,,cve_2026_to_now,2026-09-09T12:07:22+00:00
CVE-2026-73001,added,,cve_2026_to_now,2026-09-09T12:07:22+00:00
CVE-2026-73002,added,,cve_2026_to_now,2026-09-09T12:07:22+00:00
CVE-2026-73003,added,,cve_2026_to_now,2026-09-09T12:07:22+00:00
CVE-2026-73004,added,,cve_2026_to_now,2026-09-09T12:07:22+00:00
CVE-2026-73005,added,,cve_2026_to_now,2026-09-09T12:07:22+00:00
CVE-2026-73006,added,2026-09-09,cve_2026_to_now,2026-09-09T12:07:22+00:00
CVE-2026-73007,added,,cve_2026_to_now,2026-09-09T12:07:22+00:00
CVE-2026-73008,added,,cve_2026_to_now,2026-09-09T12:07:22+00:00
CVE-2026-73009,added,2026-09-09,cve_2026_to_now,2026-09-09T12:07:22+00:00
CVE-2026-73010,added,,cve_2026_to_now,2026-09-09T12:07:22+00:00
CVE-2026-73011,added,,cve_2026_to_now,2026-09-09T12:07:22+00:00
CVE-2026-73012,added,2026-09-09,cve_2026_to_now,2026-09-09T12:07:22+00:00
CVE-2026-73013,added,,cve_2026_to_now,2026-09-09T12:07:22+00:00
CVE-2026-73014,added,,cve_2026_to_now,2026-09-09T12:07:22+00:00
CVE-2026-73015,added,,cve_2026_to_now,2026-09-09T12:07:22+00:00
CVE-2026-73016,added,2026-09-09,cve_2026_to_now,2026-09-09T12:07:22+00:00
CVE-2026-73017,added,,cve_2026_to_now,2026-09-09T12:07:22+00:00
CVE-2026-73018,added,,cve_2026_to_now,2026-09-09T12:07:22+00:00
CVE-2026-73019,added,,cve_2026_to_now,2026-09-09T12:07:22+00:00
CVE-2026-73020,added,,cve_2026_to_now,2026-09-09T12:07:22+00:00
CVE-2026-73021,added,,cve_2026_to_now,2026-09-09T12:07:22+00:00
CVE-2026-73022,added,,cve_2026_to_now,2026-09-09T12:07:22+00:00
CVE-2026-73023,added,,cve_2026_to_now,2026-09-09T12:07:22+00:00
CVE-2026-73024,added,2026-09-09,cve_2026_to_now,2026-09-09T12:07:22+00:00
CVE-2026-73025,added,2026-09-09,cve_2026_to_now,2026-09-09T12:07:22+00:00
CVE-2026-73026,added,,cve_2026_to_now,2026-09-09T12:07:22+00:00
CVE-2026-73028,added,2026-09-09,cve_2026_to_now,2026-09-09T12:07:22+00:00
CVE-2026-73029,added,,cve_2026_to_now,2026-09-09T12:07:22+00:00
CVE-2026-73266,updated,2026-09-08,cve_2026_to_now,2026-09-09T12:07:22+00:00
CVE-2026-73267,updated,2026-09-08,cve_2026_to_now,2026-09-09T12:07:22+00:00
CVE-2026-73268,updated,2026-09-08,cve_2026_to_now,2026-09-09T12:07:22+00:00
CVE-2026-73269,updated,2026-09-08,cve_2026_to_now,2026-09-09T12:07:22+00:00
CVE-2026-73309,added,2026-09-09,cve_2026_to_now,2026-09-09T12:07:22+00:00
CVE-2026-73310,added,2026-09-09,cve_2026_to_now,2026-09-09T12:07:22+00:00
CVE-2026-73311,added,2026-09-09,cve_2026_to_now,2026-09-09T12:07:22+00:00
CVE-2026-73312,added,2026-09-09,cve_2026_to_now,2026-09-09T12:07:22+00:00
CVE-2026-73313,added,2026-09-09,cve_2026_to_now,2026-09-09T12:07:22+00:00
CVE-2026-73314,added,2026-09-09,cve_2026_to_now,2026-09-09T12:07:22+00:00
CVE-2026-73315,added,2026-09-09,cve_2026_to_now,2026-09-09T12:07:22+00:00
CVE-2026-73316,added,2026-09-09,cve_2026_to_now,2026-09-09T12:07:22+00:00
CVE-2026-73317,added,2026-09-09,cve_2026_to_now,2026-09-09T12:07:22+00:00
CVE-2026-73318,added,2026-09-09,cve_2026_to_now,2026-09-09T12:07:22+00:00
CVE-2026-73319,added,2026-09-09,cve_2026_to_now,2026-09-09T12:07:22+00:00
CVE-2026-73320,added,2026-09-09,cve_2026_to_now,2026-09-09T12:07:22+00:00
CVE-2026-73321,added,2026-09-09,cve_2026_to_now,2026-09-09T12:07:22+00:00
CVE-2026-73334,added,,cve_2026_to_now,2026-09-09T12:07:22+00:00
CVE-2026-73848,updated,2026-09-08,cve_2026_to_now,2026-09-09T12:07:22+00:00
CVE-2026-74235,updated,2026-09-08,cve_2026_to_now,2026-09-09T12:07:22+00:00
CVE-2026-74239,added,2026-09-09,cve_2026_to_now,2026-09-09T12:07:22+00:00
CVE-2026-74761,added,,cve_2026_to_now,2026-09-09T12:07:22+00:00
CVE-2026-74860,updated,2026-09-09,cve_2026_to_now,2026-09-09T12:07:22+00:00
CVE-2026-75021,added,,cve_2026_to_now,2026-09-09T12:07:22+00:00
CVE-2026-75156,added,,cve_2026_to_now,2026-09-09T12:07:22+00:00
CVE-2026-75161,updated,2026-09-08,cve_2026_to_now,2026-09-09T12:07:22+00:00
CVE-2026-75165,updated,2026-09-08,cve_2026_to_now,2026-09-09T12:07:22+00:00
CVE-2026-75169,updated,2026-09-08,cve_2026_to_now,2026-09-09T12:07:22+00:00
CVE-2026-75438,updated,2026-09-08,cve_2026_to_now,2026-09-09T12:07:22+00:00
CVE-2026-75569,updated,2026-09-08,cve_2026_to_now,2026-09-09T12:07:22+00:00
CVE-2026-75629,added,,cve_2026_to_now,2026-09-09T12:07:22+00:00
CVE-2026-75631,added,2026-09-09,cve_2026_to_now,2026-09-09T12:07:22+00:00
CVE-2026-75635,added,,cve_2026_to_now,2026-09-09T12:07:22+00:00
CVE-2026-75636,added,,cve_2026_to_now,2026-09-09T12:07:22+00:00
CVE-2026-75637,added,,cve_2026_to_now,2026-09-09T12:07:22+00:00
CVE-2026-75639,added,,cve_2026_to_now,2026-09-09T12:07:22+00:00
CVE-2026-75640,added,,cve_2026_to_now,2026-09-09T12:07:22+00:00
CVE-2026-75642,added,,cve_2026_to_now,2026-09-09T12:07:22+00:00
CVE-2026-75643,added,,cve_2026_to_now,2026-09-09T12:07:22+00:00
CVE-2026-75644,added,,cve_2026_to_now,2026-09-09T12:07:22+00:00
CVE-2026-75646,added,,cve_2026_to_now,2026-09-09T12:07:22+00:00
CVE-2026-75647,added,,cve_2026_to_now,2026-09-09T12:07:22+00:00
CVE-2026-75650,updated,2026-09-09,cve_2026_to_now,2026-09-09T12:07:22+00:00
CVE-2026-75651,added,,cve_2026_to_now,2026-09-09T12:07:22+00:00
CVE-2026-75652,added,,cve_2026_to_now,2026-09-09T12:07:22+00:00
CVE-2026-75657,added,,cve_2026_to_now,2026-09-09T12:07:22+00:00
CVE-2026-75659,added,,cve_2026_to_now,2026-09-09T12:07:22+00:00
CVE-2026-75660,added,,cve_2026_to_now,2026-09-09T12:07:22+00:00
CVE-2026-75661,added,,cve_2026_to_now,2026-09-09T12:07:22+00:00
CVE-2026-75666,added,,cve_2026_to_now,2026-09-09T12:07:22+00:00
CVE-2026-75667,added,,cve_2026_to_now,2026-09-09T12:07:22+00:00
CVE-2026-75668,added,,cve_2026_to_now,2026-09-09T12:07:22+00:00
CVE-2026-75669,added,,cve_2026_to_now,2026-09-09T12:07:22+00:00
CVE-2026-75670,added,,cve_2026_to_now,2026-09-09T12:07:22+00:00
CVE-2026-75671,added,,cve_2026_to_now,2026-09-09T12:07:22+00:00
CVE-2026-75672,added,,cve_2026_to_now,2026-09-09T12:07:22+00:00
CVE-2026-75674,added,,cve_2026_to_now,2026-09-09T12:07:22+00:00
CVE-2026-75675,added,,cve_2026_to_now,2026-09-09T12:07:22+00:00
CVE-2026-75677,added,,cve_2026_to_now,2026-09-09T12:07:22+00:00
CVE-2026-75678,added,,cve_2026_to_now,2026-09-09T12:07:22+00:00
CVE-2026-75679,added,,cve_2026_to_now,2026-09-09T12:07:22+00:00
CVE-2026-75680,added,,cve_2026_to_now,2026-09-09T12:07:22+00:00
CVE-2026-75681,added,,cve_2026_to_now,2026-09-09T12:07:22+00:00
CVE-2026-75683,added,,cve_2026_to_now,2026-09-09T12:07:22+00:00
CVE-2026-75685,added,,cve_2026_to_now,2026-09-09T12:07:22+00:00
CVE-2026-75687,added,,cve_2026_to_now,2026-09-09T12:07:22+00:00
CVE-2026-75690,added,,cve_2026_to_now,2026-09-09T12:07:22+00:00
CVE-2026-75691,added,,cve_2026_to_now,2026-09-09T12:07:22+00:00
CVE-2026-75692,added,,cve_2026_to_now,2026-09-09T12:07:22+00:00
CVE-2026-75693,added,,cve_2026_to_now,2026-09-09T12:07:22+00:00
CVE-2026-75694,added,,cve_2026_to_now,2026-09-09T12:07:22+00:00
CVE-2026-75695,added,,cve_2026_to_now,2026-09-09T12:07:22+00:00
CVE-2026-75696,added,,cve_2026_to_now,2026-09-09T12:07:22+00:00
CVE-2026-75700,added,,cve_2026_to_now,2026-09-09T12:07:22+00:00
CVE-2026-75701,added,,cve_2026_to_now,2026-09-09T12:07:22+00:00
CVE-2026-75702,added,,cve_2026_to_now,2026-09-09T12:07:22+00:00
CVE-2026-75704,added,,cve_2026_to_now,2026-09-09T12:07:22+00:00
CVE-2026-75705,added,,cve_2026_to_now,2026-09-09T12:07:22+00:00
CVE-2026-75706,added,,cve_2026_to_now,2026-09-09T12:07:22+00:00
CVE-2026-75707,added,,cve_2026_to_now,2026-09-09T12:07:22+00:00
CVE-2026-75708,added,,cve_2026_to_now,2026-09-09T12:07:22+00:00
CVE-2026-75709,added,,cve_2026_to_now,2026-09-09T12:07:22+00:00
CVE-2026-75710,added,,cve_2026_to_now,2026-09-09T12:07:22+00:00
CVE-2026-75711,added,,cve_2026_to_now,2026-09-09T12:07:22+00:00
CVE-2026-75712,added,,cve_2026_to_now,2026-09-09T12:07:22+00:00
CVE-2026-75713,added,,cve_2026_to_now,2026-09-09T12:07:22+00:00
CVE-2026-75714,added,,cve_2026_to_now,2026-09-09T12:07:22+00:00
CVE-2026-75715,added,,cve_2026_to_now,2026-09-09T12:07:22+00:00
CVE-2026-75716,added,,cve_2026_to_now,2026-09-09T12:07:22+00:00
CVE-2026-75717,added,,cve_2026_to_now,2026-09-09T12:07:22+00:00
CVE-2026-75718,added,,cve_2026_to_now,2026-09-09T12:07:22+00:00
CVE-2026-75719,added,,cve_2026_to_now,2026-09-09T12:07:22+00:00
CVE-2026-75720,added,,cve_2026_to_now,2026-09-09T12:07:22+00:00
CVE-2026-75722,added,,cve_2026_to_now,2026-09-09T12:07:22+00:00
CVE-2026-75724,added,,cve_2026_to_now,2026-09-09T12:07:22+00:00
CVE-2026-75725,added,,cve_2026_to_now,2026-09-09T12:07:22+00:00
CVE-2026-75726,added,,cve_2026_to_now,2026-09-09T12:07:22+00:00
CVE-2026-75727,added,,cve_2026_to_now,2026-09-09T12:07:22+00:00
CVE-2026-75729,added,,cve_2026_to_now,2026-09-09T12:07:22+00:00
CVE-2026-75730,added,,cve_2026_to_now,2026-09-09T12:07:22+00:00
CVE-2026-75731,added,,cve_2026_to_now,2026-09-09T12:07:22+00:00
CVE-2026-75733,added,,cve_2026_to_now,2026-09-09T12:07:22+00:00
CVE-2026-75734,added,,cve_2026_to_now,2026-09-09T12:07:22+00:00
CVE-2026-75735,added,,cve_2026_to_now,2026-09-09T12:07:22+00:00
CVE-2026-75736,added,,cve_2026_to_now,2026-09-09T12:07:22+00:00
CVE-2026-75737,added,,cve_2026_to_now,2026-09-09T12:07:22+00:00
CVE-2026-75738,added,,cve_2026_to_now,2026-09-09T12:07:22+00:00
CVE-2026-75739,added,,cve_2026_to_now,2026-09-09T12:07:22+00:00
CVE-2026-75740,added,,cve_2026_to_now,2026-09-09T12:07:22+00:00
CVE-2026-75741,added,,cve_2026_to_now,2026-09-09T12:07:22+00:00
CVE-2026-75742,added,,cve_2026_to_now,2026-09-09T12:07:22+00:00
CVE-2026-75746,added,2026-09-09,cve_2026_to_now,2026-09-09T12:07:22+00:00
CVE-2026-75771,added,2026-09-09,cve_2026_to_now,2026-09-09T12:07:22+00:00
CVE-2026-75808,updated,,cve_2026_to_now,2026-09-09T12:07:22+00:00
CVE-2026-75809,updated,,cve_2026_to_now,2026-09-09T12:07:22+00:00
CVE-2026-75810,updated,,cve_2026_to_now,2026-09-09T12:07:22+00:00
CVE-2026-75811,updated,,cve_2026_to_now,2026-09-09T12:07:22+00:00
CVE-2026-75861,added,,cve_2026_to_now,2026-09-09T12:07:22+00:00
CVE-2026-75862,added,2026-09-09,cve_2026_to_now,2026-09-09T12:07:22+00:00
CVE-2026-75863,added,2026-09-09,cve_2026_to_now,2026-09-09T12:07:22+00:00
CVE-2026-75905,added,,cve_2026_to_now,2026-09-09T12:07:22+00:00
CVE-2026-75927,added,,cve_2026_to_now,2026-09-09T12:07:22+00:00
CVE-2026-75966,added,,cve_2026_to_now,2026-09-09T12:07:22+00:00
CVE-2026-75990,added,2026-09-09,cve_2026_to_now,2026-09-09T12:07:22+00:00
CVE-2026-75991,added,2026-09-09,cve_2026_to_now,2026-09-09T12:07:22+00:00
CVE-2026-75992,added,2026-09-09,cve_2026_to_now,2026-09-09T12:07:22+00:00
CVE-2026-75993,added,,cve_2026_to_now,2026-09-09T12:07:22+00:00
CVE-2026-75998,added,,cve_2026_to_now,2026-09-09T12:07:22+00:00
CVE-2026-75999,added,2026-09-09,cve_2026_to_now,2026-09-09T12:07:22+00:00
CVE-2026-76000,added,,cve_2026_to_now,2026-09-09T12:07:22+00:00
CVE-2026-76002,added,,cve_2026_to_now,2026-09-09T12:07:22+00:00
CVE-2026-76009,added,,cve_2026_to_now,2026-09-09T12:07:22+00:00
CVE-2026-76139,updated,2026-09-08,cve_2026_to_now,2026-09-09T12:07:22+00:00
CVE-2026-76190,added,,cve_2026_to_now,2026-09-09T12:07:22+00:00
CVE-2026-76191,added,2026-09-09,cve_2026_to_now,2026-09-09T12:07:22+00:00
CVE-2026-76196,added,2026-09-09,cve_2026_to_now,2026-09-09T12:07:22+00:00
CVE-2026-76199,added,2026-09-09,cve_2026_to_now,2026-09-09T12:07:22+00:00
CVE-2026-76200,added,2026-09-09,cve_2026_to_now,2026-09-09T12:07:22+00:00
CVE-2026-76201,added,2026-09-09,cve_2026_to_now,2026-09-09T12:07:22+00:00
CVE-2026-76202,added,2026-09-09,cve_2026_to_now,2026-09-09T12:07:22+00:00
CVE-2026-76560,updated,2026-09-08,cve_2026_to_now,2026-09-09T12:07:22+00:00
CVE-2026-76561,updated,,cve_2026_to_now,2026-09-09T12:07:22+00:00
CVE-2026-76578,updated,2026-09-08,cve_2026_to_now,2026-09-09T12:07:22+00:00
CVE-2026-76801,added,,cve_2026_to_now,2026-09-09T12:07:22+00:00
CVE-2026-76925,updated,2026-09-08,cve_2026_to_now,2026-09-09T12:07:22+00:00
CVE-2026-76931,updated,,cve_2026_to_now,2026-09-09T12:07:22+00:00
CVE-2026-76967,updated,2026-09-09,cve_2026_to_now,2026-09-09T12:07:22+00:00
CVE-2026-77089,added,2026-09-09,cve_2026_to_now,2026-09-09T12:07:22+00:00
CVE-2026-77091,added,,cve_2026_to_now,2026-09-09T12:07:22+00:00
CVE-2026-77092,added,,cve_2026_to_now,2026-09-09T12:07:22+00:00
CVE-2026-77097,added,,cve_2026_to_now,2026-09-09T12:07:22+00:00
CVE-2026-77098,added,,cve_2026_to_now,2026-09-09T12:07:22+00:00
CVE-2026-77101,added,,cve_2026_to_now,2026-09-09T12:07:22+00:00
CVE-2026-77102,added,,cve_2026_to_now,2026-09-09T12:07:22+00:00
CVE-2026-77103,added,,cve_2026_to_now,2026-09-09T12:07:22+00:00
CVE-2026-77104,added,,cve_2026_to_now,2026-09-09T12:07:22+00:00
CVE-2026-77105,added,2026-09-09,cve_2026_to_now,2026-09-09T12:07:22+00:00
CVE-2026-77106,added,2026-09-09,cve_2026_to_now,2026-09-09T12:07:22+00:00
CVE-2026-77108,added,,cve_2026_to_now,2026-09-09T12:07:22+00:00
CVE-2026-77109,added,2026-09-09,cve_2026_to_now,2026-09-09T12:07:22+00:00
CVE-2026-77110,added,,cve_2026_to_now,2026-09-09T12:07:22+00:00
CVE-2026-77111,added,,cve_2026_to_now,2026-09-09T12:07:22+00:00
CVE-2026-77132,updated,,cve_2026_to_now,2026-09-09T12:07:22+00:00
CVE-2026-77186,added,,cve_2026_to_now,2026-09-09T12:07:22+00:00
CVE-2026-77187,added,,cve_2026_to_now,2026-09-09T12:07:22+00:00
CVE-2026-77233,updated,2026-09-08,cve_2026_to_now,2026-09-09T12:07:22+00:00
CVE-2026-77263,updated,2026-09-08,cve_2026_to_now,2026-09-09T12:07:22+00:00
CVE-2026-77480,added,2026-09-09,cve_2026_to_now,2026-09-09T12:07:22+00:00
CVE-2026-77481,added,2026-09-09,cve_2026_to_now,2026-09-09T12:07:22+00:00
CVE-2026-77482,added,2026-09-09,cve_2026_to_now,2026-09-09T12:07:22+00:00
CVE-2026-77483,added,2026-09-09,cve_2026_to_now,2026-09-09T12:07:22+00:00
CVE-2026-77484,added,2026-09-09,cve_2026_to_now,2026-09-09T12:07:22+00:00
CVE-2026-77485,added,2026-09-09,cve_2026_to_now,2026-09-09T12:07:22+00:00
CVE-2026-77486,added,2026-09-09,cve_2026_to_now,2026-09-09T12:07:22+00:00
CVE-2026-77487,added,2026-09-09,cve_2026_to_now,2026-09-09T12:07:22+00:00
CVE-2026-77488,added,,cve_2026_to_now,2026-09-09T12:07:22+00:00
CVE-2026-77489,added,,cve_2026_to_now,2026-09-09T12:07:22+00:00
CVE-2026-77491,added,,cve_2026_to_now,2026-09-09T12:07:22+00:00
CVE-2026-77492,added,,cve_2026_to_now,2026-09-09T12:07:22+00:00
CVE-2026-77493,added,2026-09-09,cve_2026_to_now,2026-09-09T12:07:22+00:00
CVE-2026-77494,added,,cve_2026_to_now,2026-09-09T12:07:22+00:00
CVE-2026-77495,added,,cve_2026_to_now,2026-09-09T12:07:22+00:00
CVE-2026-77498,added,,cve_2026_to_now,2026-09-09T12:07:22+00:00
CVE-2026-77499,added,,cve_2026_to_now,2026-09-09T12:07:22+00:00
CVE-2026-77500,added,,cve_2026_to_now,2026-09-09T12:07:22+00:00
CVE-2026-77501,added,,cve_2026_to_now,2026-09-09T12:07:22+00:00
CVE-2026-77502,added,,cve_2026_to_now,2026-09-09T12:07:22+00:00
CVE-2026-77503,added,2026-09-09,cve_2026_to_now,2026-09-09T12:07:22+00:00
CVE-2026-77504,added,2026-09-09,cve_2026_to_now,2026-09-09T12:07:22+00:00
CVE-2026-77505,added,,cve_2026_to_now,2026-09-09T12:07:22+00:00
CVE-2026-77654,updated,,cve_2026_to_now,2026-09-09T12:07:22+00:00
CVE-2026-77697,updated,2026-09-08,cve_2026_to_now,2026-09-09T12:07:22+00:00
CVE-2026-77774,added,,cve_2026_to_now,2026-09-09T12:07:22+00:00
CVE-2026-77827,added,,cve_2026_to_now,2026-09-09T12:07:22+00:00
CVE-2026-77830,updated,2026-09-08,cve_2026_to_now,2026-09-09T12:07:22+00:00
CVE-2026-77847,updated,2026-09-09,cve_2026_to_now,2026-09-09T12:07:22+00:00
CVE-2026-77886,added,,cve_2026_to_now,2026-09-09T12:07:22+00:00
CVE-2026-77887,added,,cve_2026_to_now,2026-09-09T12:07:22+00:00
CVE-2026-77888,added,,cve_2026_to_now,2026-09-09T12:07:22+00:00
CVE-2026-77889,added,,cve_2026_to_now,2026-09-09T12:07:22+00:00
CVE-2026-77890,added,,cve_2026_to_now,2026-09-09T12:07:22+00:00
CVE-2026-77891,added,,cve_2026_to_now,2026-09-09T12:07:22+00:00
CVE-2026-77892,added,,cve_2026_to_now,2026-09-09T12:07:22+00:00
CVE-2026-77893,added,,cve_2026_to_now,2026-09-09T12:07:22+00:00
CVE-2026-77894,added,2026-09-09,cve_2026_to_now,2026-09-09T12:07:22+00:00
CVE-2026-77895,added,,cve_2026_to_now,2026-09-09T12:07:22+00:00
CVE-2026-77896,added,,cve_2026_to_now,2026-09-09T12:07:22+00:00
CVE-2026-77897,added,,cve_2026_to_now,2026-09-09T12:07:22+00:00
CVE-2026-77898,added,2026-09-09,cve_2026_to_now,2026-09-09T12:07:22+00:00
CVE-2026-77899,added,,cve_2026_to_now,2026-09-09T12:07:22+00:00
CVE-2026-77901,added,2026-09-09,cve_2026_to_now,2026-09-09T12:07:22+00:00
CVE-2026-77904,added,,cve_2026_to_now,2026-09-09T12:07:22+00:00
CVE-2026-77905,added,,cve_2026_to_now,2026-09-09T12:07:22+00:00
CVE-2026-77906,added,2026-09-09,cve_2026_to_now,2026-09-09T12:07:22+00:00
CVE-2026-77907,added,2026-09-09,cve_2026_to_now,2026-09-09T12:07:22+00:00
CVE-2026-77908,added,,cve_2026_to_now,2026-09-09T12:07:22+00:00
CVE-2026-77909,added,,cve_2026_to_now,2026-09-09T12:07:22+00:00
CVE-2026-77911,added,,cve_2026_to_now,2026-09-09T12:07:22+00:00
CVE-2026-77968,updated,,cve_2026_to_now,2026-09-09T12:07:22+00:00
CVE-2026-78043,updated,2026-09-08,cve_2026_to_now,2026-09-09T12:07:22+00:00
CVE-2026-78216,added,,cve_2026_to_now,2026-09-09T12:07:22+00:00
CVE-2026-78221,updated,2026-09-08,cve_2026_to_now,2026-09-09T12:07:22+00:00
CVE-2026-78230,added,,cve_2026_to_now,2026-09-09T12:07:22+00:00
CVE-2026-78234,updated,,cve_2026_to_now,2026-09-09T12:07:22+00:00
CVE-2026-78254,updated,2026-09-08,cve_2026_to_now,2026-09-09T12:07:22+00:00
CVE-2026-78325,updated,2026-09-08,cve_2026_to_now,2026-09-09T12:07:22+00:00
CVE-2026-78377,added,,cve_2026_to_now,2026-09-09T12:07:22+00:00
CVE-2026-78439,added,2026-09-09,cve_2026_to_now,2026-09-09T12:07:22+00:00
CVE-2026-78441,added,,cve_2026_to_now,2026-09-09T12:07:22+00:00
CVE-2026-78442,added,2026-09-09,cve_2026_to_now,2026-09-09T12:07:22+00:00
CVE-2026-78444,added,,cve_2026_to_now,2026-09-09T12:07:22+00:00
CVE-2026-78445,added,2026-09-09,cve_2026_to_now,2026-09-09T12:07:22+00:00
CVE-2026-78446,added,,cve_2026_to_now,2026-09-09T12:07:22+00:00
CVE-2026-78447,added,,cve_2026_to_now,2026-09-09T12:07:22+00:00
CVE-2026-78448,added,,cve_2026_to_now,2026-09-09T12:07:22+00:00
CVE-2026-78449,added,,cve_2026_to_now,2026-09-09T12:07:22+00:00
CVE-2026-78450,added,2026-09-09,cve_2026_to_now,2026-09-09T12:07:22+00:00
CVE-2026-78451,added,,cve_2026_to_now,2026-09-09T12:07:22+00:00
CVE-2026-78452,added,,cve_2026_to_now,2026-09-09T12:07:22+00:00
CVE-2026-78453,added,,cve_2026_to_now,2026-09-09T12:07:22+00:00
CVE-2026-78454,added,,cve_2026_to_now,2026-09-09T12:07:22+00:00
CVE-2026-78455,added,,cve_2026_to_now,2026-09-09T12:07:22+00:00
CVE-2026-78456,added,2026-09-09,cve_2026_to_now,2026-09-09T12:07:22+00:00
CVE-2026-78457,added,,cve_2026_to_now,2026-09-09T12:07:22+00:00
CVE-2026-78461,added,,cve_2026_to_now,2026-09-09T12:07:22+00:00
CVE-2026-78462,added,2026-09-09,cve_2026_to_now,2026-09-09T12:07:22+00:00
CVE-2026-78463,added,2026-09-09,cve_2026_to_now,2026-09-09T12:07:22+00:00
CVE-2026-78464,added,2026-09-09,cve_2026_to_now,2026-09-09T12:07:22+00:00
CVE-2026-78480,updated,2026-09-08,cve_2026_to_now,2026-09-09T12:07:22+00:00
CVE-2026-78481,added,,cve_2026_to_now,2026-09-09T12:07:22+00:00
CVE-2026-78485,added,,cve_2026_to_now,2026-09-09T12:07:22+00:00
CVE-2026-78489,added,,cve_2026_to_now,2026-09-09T12:07:22+00:00
CVE-2026-78490,added,,cve_2026_to_now,2026-09-09T12:07:22+00:00
CVE-2026-78491,added,,cve_2026_to_now,2026-09-09T12:07:22+00:00
CVE-2026-78492,added,,cve_2026_to_now,2026-09-09T12:07:22+00:00
CVE-2026-78494,added,,cve_2026_to_now,2026-09-09T12:07:22+00:00
CVE-2026-78502,added,,cve_2026_to_now,2026-09-09T12:07:22+00:00
CVE-2026-78503,added,,cve_2026_to_now,2026-09-09T12:07:22+00:00
CVE-2026-78504,added,2026-09-09,cve_2026_to_now,2026-09-09T12:07:22+00:00
CVE-2026-78505,added,2026-09-09,cve_2026_to_now,2026-09-09T12:07:22+00:00
CVE-2026-78506,added,,cve_2026_to_now,2026-09-09T12:07:22+00:00
CVE-2026-78507,added,2026-09-09,cve_2026_to_now,2026-09-09T12:07:22+00:00
CVE-2026-78508,added,,cve_2026_to_now,2026-09-09T12:07:22+00:00
CVE-2026-78509,added,2026-09-09,cve_2026_to_now,2026-09-09T12:07:22+00:00
CVE-2026-78510,added,2026-09-09,cve_2026_to_now,2026-09-09T12:07:22+00:00
CVE-2026-78511,added,2026-09-09,cve_2026_to_now,2026-09-09T12:07:22+00:00
CVE-2026-78512,added,2026-09-09,cve_2026_to_now,2026-09-09T12:07:22+00:00
CVE-2026-78513,added,,cve_2026_to_now,2026-09-09T12:07:22+00:00
CVE-2026-78514,added,2026-09-09,cve_2026_to_now,2026-09-09T12:07:22+00:00
CVE-2026-78515,added,,cve_2026_to_now,2026-09-09T12:07:22+00:00
CVE-2026-78516,added,,cve_2026_to_now,2026-09-09T12:07:22+00:00
CVE-2026-78517,added,2026-09-09,cve_2026_to_now,2026-09-09T12:07:22+00:00
CVE-2026-78518,added,2026-09-09,cve_2026_to_now,2026-09-09T12:07:22+00:00
CVE-2026-78519,added,2026-09-09,cve_2026_to_now,2026-09-09T12:07:22+00:00
CVE-2026-78520,added,,cve_2026_to_now,2026-09-09T12:07:22+00:00
CVE-2026-78521,added,2026-09-09,cve_2026_to_now,2026-09-09T12:07:22+00:00
CVE-2026-78522,added,,cve_2026_to_now,2026-09-09T12:07:22+00:00
CVE-2026-78523,added,,cve_2026_to_now,2026-09-09T12:07:22+00:00
CVE-2026-78524,added,2026-09-09,cve_2026_to_now,2026-09-09T12:07:22+00:00
CVE-2026-78525,added,2026-09-09,cve_2026_to_now,2026-09-09T12:07:22+00:00
CVE-2026-78526,added,2026-09-09,cve_2026_to_now,2026-09-09T12:07:22+00:00
CVE-2026-78545,added,,cve_2026_to_now,2026-09-09T12:07:22+00:00
CVE-2026-78550,added,,cve_2026_to_now,2026-09-09T12:07:22+00:00
CVE-2026-78552,added,,cve_2026_to_now,2026-09-09T12:07:22+00:00
CVE-2026-78560,added,,cve_2026_to_now,2026-09-09T12:07:22+00:00
CVE-2026-78574,added,,cve_2026_to_now,2026-09-09T12:07:22+00:00
CVE-2026-78579,added,,cve_2026_to_now,2026-09-09T12:07:22+00:00
CVE-2026-78620,added,,cve_2026_to_now,2026-09-09T12:07:22+00:00
CVE-2026-78622,added,,cve_2026_to_now,2026-09-09T12:07:22+00:00
CVE-2026-78623,added,,cve_2026_to_now,2026-09-09T12:07:22+00:00
CVE-2026-78624,added,,cve_2026_to_now,2026-09-09T12:07:22+00:00
CVE-2026-78625,added,,cve_2026_to_now,2026-09-09T12:07:22+00:00
CVE-2026-78626,added,,cve_2026_to_now,2026-09-09T12:07:22+00:00
CVE-2026-78627,added,,cve_2026_to_now,2026-09-09T12:07:22+00:00
CVE-2026-78629,added,,cve_2026_to_now,2026-09-09T12:07:22+00:00
CVE-2026-78630,added,,cve_2026_to_now,2026-09-09T12:07:22+00:00
CVE-2026-78631,added,,cve_2026_to_now,2026-09-09T12:07:22+00:00
CVE-2026-78635,added,,cve_2026_to_now,2026-09-09T12:07:22+00:00
CVE-2026-78701,updated,2026-09-08,cve_2026_to_now,2026-09-09T12:07:22+00:00
CVE-2026-78738,added,,cve_2026_to_now,2026-09-09T12:07:22+00:00
CVE-2026-78741,added,,cve_2026_to_now,2026-09-09T12:07:22+00:00
CVE-2026-78742,added,,cve_2026_to_now,2026-09-09T12:07:22+00:00
CVE-2026-78745,updated,2026-09-08,cve_2026_to_now,2026-09-09T12:07:22+00:00
CVE-2026-78834,added,,cve_2026_to_now,2026-09-09T12:07:22+00:00
CVE-2026-78837,added,,cve_2026_to_now,2026-09-09T12:07:22+00:00
CVE-2026-78838,added,,cve_2026_to_now,2026-09-09T12:07:22+00:00
CVE-2026-78971,added,,cve_2026_to_now,2026-09-09T12:07:22+00:00
CVE-2026-78997,added,,cve_2026_to_now,2026-09-09T12:07:22+00:00
CVE-2026-79376,added,,cve_2026_to_now,2026-09-09T12:07:22+00:00
CVE-2026-79377,added,,cve_2026_to_now,2026-09-09T12:07:22+00:00
CVE-2026-79378,added,,cve_2026_to_now,2026-09-09T12:07:22+00:00
CVE-2026-79379,added,,cve_2026_to_now,2026-09-09T12:07:22+00:00
CVE-2026-79391,updated,2026-09-08,cve_2026_to_now,2026-09-09T12:07:22+00:00
CVE-2026-79418,updated,2026-09-08,cve_2026_to_now,2026-09-09T12:07:22+00:00
CVE-2026-79423,updated,2026-09-08,cve_2026_to_now,2026-09-09T12:07:22+00:00
CVE-2026-79426,updated,2026-09-08,cve_2026_to_now,2026-09-09T12:07:22+00:00
CVE-2026-79569,added,,cve_2026_to_now,2026-09-09T12:07:22+00:00
CVE-2026-79570,added,,cve_2026_to_now,2026-09-09T12:07:22+00:00
CVE-2026-79571,added,,cve_2026_to_now,2026-09-09T12:07:22+00:00
CVE-2026-79572,added,,cve_2026_to_now,2026-09-09T12:07:22+00:00
CVE-2026-79573,added,,cve_2026_to_now,2026-09-09T12:07:22+00:00
CVE-2026-79574,added,,cve_2026_to_now,2026-09-09T12:07:22+00:00
CVE-2026-79575,added,,cve_2026_to_now,2026-09-09T12:07:22+00:00
CVE-2026-79576,added,,cve_2026_to_now,2026-09-09T12:07:22+00:00
CVE-2026-79577,added,,cve_2026_to_now,2026-09-09T12:07:22+00:00
CVE-2026-79588,added,,cve_2026_to_now,2026-09-09T12:07:22+00:00
CVE-2026-79602,added,,cve_2026_to_now,2026-09-09T12:07:22+00:00
CVE-2026-79603,added,,cve_2026_to_now,2026-09-09T12:07:22+00:00
CVE-2026-79635,added,,cve_2026_to_now,2026-09-09T12:07:22+00:00
CVE-2026-79636,added,,cve_2026_to_now,2026-09-09T12:07:22+00:00
CVE-2026-79637,added,,cve_2026_to_now,2026-09-09T12:07:22+00:00
CVE-2026-79639,updated,2026-09-08,cve_2026_to_now,2026-09-09T12:07:22+00:00
CVE-2026-79640,added,,cve_2026_to_now,2026-09-09T12:07:22+00:00
CVE-2026-79641,added,,cve_2026_to_now,2026-09-09T12:07:22+00:00
CVE-2026-79643,updated,2026-09-08,cve_2026_to_now,2026-09-09T12:07:22+00:00
CVE-2026-79644,updated,2026-09-08,cve_2026_to_now,2026-09-09T12:07:22+00:00
CVE-2026-79645,updated,2026-09-08,cve_2026_to_now,2026-09-09T12:07:22+00:00
CVE-2026-79678,updated,2026-09-08,cve_2026_to_now,2026-09-09T12:07:22+00:00
CVE-2026-79691,updated,2026-09-08,cve_2026_to_now,2026-09-09T12:07:22+00:00
CVE-2026-79692,added,,cve_2026_to_now,2026-09-09T12:07:22+00:00
CVE-2026-79695,added,,cve_2026_to_now,2026-09-09T12:07:22+00:00
CVE-2026-79696,added,,cve_2026_to_now,2026-09-09T12:07:22+00:00
CVE-2026-79697,updated,2026-09-08,cve_2026_to_now,2026-09-09T12:07:22+00:00
CVE-2026-79721,added,,cve_2026_to_now,2026-09-09T12:07:22+00:00
CVE-2026-79727,added,,cve_2026_to_now,2026-09-09T12:07:22+00:00
CVE-2026-79730,added,,cve_2026_to_now,2026-09-09T12:07:22+00:00
CVE-2026-79734,updated,2026-09-08,cve_2026_to_now,2026-09-09T12:07:22+00:00
CVE-2026-79904,added,,cve_2026_to_now,2026-09-09T12:07:22+00:00
CVE-2026-79905,added,,cve_2026_to_now,2026-09-09T12:07:22+00:00
CVE-2026-79907,added,2026-09-09,cve_2026_to_now,2026-09-09T12:07:22+00:00
CVE-2026-79908,added,2026-09-09,cve_2026_to_now,2026-09-09T12:07:22+00:00
CVE-2026-79909,added,2026-09-09,cve_2026_to_now,2026-09-09T12:07:22+00:00
CVE-2026-79910,added,,cve_2026_to_now,2026-09-09T12:07:22+00:00
CVE-2026-79943,updated,2026-09-08,cve_2026_to_now,2026-09-09T12:07:22+00:00
CVE-2026-79963,added,,cve_2026_to_now,2026-09-09T12:07:22+00:00
CVE-2026-79967,added,,cve_2026_to_now,2026-09-09T12:07:22+00:00
CVE-2026-79970,added,,cve_2026_to_now,2026-09-09T12:07:22+00:00
CVE-2026-79972,added,,cve_2026_to_now,2026-09-09T12:07:22+00:00
CVE-2026-79973,added,,cve_2026_to_now,2026-09-09T12:07:22+00:00
CVE-2026-79974,added,,cve_2026_to_now,2026-09-09T12:07:22+00:00
CVE-2026-79975,updated,2026-09-08,cve_2026_to_now,2026-09-09T12:07:22+00:00
CVE-2026-80054,updated,2026-09-08,cve_2026_to_now,2026-09-09T12:07:22+00:00
CVE-2026-80055,added,,cve_2026_to_now,2026-09-09T12:07:22+00:00
CVE-2026-80056,updated,2026-09-08,cve_2026_to_now,2026-09-09T12:07:22+00:00
CVE-2026-80073,added,,cve_2026_to_now,2026-09-09T12:07:22+00:00
CVE-2026-80074,added,2026-09-09,cve_2026_to_now,2026-09-09T12:07:22+00:00
CVE-2026-80075,added,2026-09-09,cve_2026_to_now,2026-09-09T12:07:22+00:00
CVE-2026-80076,added,,cve_2026_to_now,2026-09-09T12:07:22+00:00
CVE-2026-80077,added,2026-09-09,cve_2026_to_now,2026-09-09T12:07:22+00:00
CVE-2026-80078,added,,cve_2026_to_now,2026-09-09T12:07:22+00:00
CVE-2026-80079,added,,cve_2026_to_now,2026-09-09T12:07:22+00:00
CVE-2026-80080,added,2026-09-09,cve_2026_to_now,2026-09-09T12:07:22+00:00
CVE-2026-80081,added,2026-09-09,cve_2026_to_now,2026-09-09T12:07:22+00:00
CVE-2026-80082,added,,cve_2026_to_now,2026-09-09T12:07:22+00:00
CVE-2026-80083,added,2026-09-09,cve_2026_to_now,2026-09-09T12:07:22+00:00
CVE-2026-80084,added,,cve_2026_to_now,2026-09-09T12:07:22+00:00
CVE-2026-80085,added,2026-09-09,cve_2026_to_now,2026-09-09T12:07:22+00:00
CVE-2026-80086,added,,cve_2026_to_now,2026-09-09T12:07:22+00:00
CVE-2026-80087,added,,cve_2026_to_now,2026-09-09T12:07:22+00:00
CVE-2026-80088,added,,cve_2026_to_now,2026-09-09T12:07:22+00:00
CVE-2026-80089,added,,cve_2026_to_now,2026-09-09T12:07:22+00:00
CVE-2026-80090,added,,cve_2026_to_now,2026-09-09T12:07:22+00:00
CVE-2026-80091,added,,cve_2026_to_now,2026-09-09T12:07:22+00:00
CVE-2026-80093,added,2026-09-09,cve_2026_to_now,2026-09-09T12:07:22+00:00
CVE-2026-80096,added,2026-09-09,cve_2026_to_now,2026-09-09T12:07:22+00:00
CVE-2026-80097,added,2026-09-09,cve_2026_to_now,2026-09-09T12:07:22+00:00
CVE-2026-80098,updated,2026-09-08,cve_2026_to_now,2026-09-09T12:07:22+00:00
CVE-2026-80099,added,,cve_2026_to_now,2026-09-09T12:07:22+00:00
CVE-2026-80116,updated,2026-09-08,cve_2026_to_now,2026-09-09T12:07:22+00:00
CVE-2026-80122,added,,cve_2026_to_now,2026-09-09T12:07:22+00:00
CVE-2026-80123,added,,cve_2026_to_now,2026-09-09T12:07:22+00:00
CVE-2026-80124,added,,cve_2026_to_now,2026-09-09T12:07:22+00:00
CVE-2026-80126,updated,2026-09-08,cve_2026_to_now,2026-09-09T12:07:22+00:00
CVE-2026-80127,updated,2026-09-08,cve_2026_to_now,2026-09-09T12:07:22+00:00
CVE-2026-80128,updated,2026-09-08,cve_2026_to_now,2026-09-09T12:07:22+00:00
CVE-2026-80129,updated,2026-09-08,cve_2026_to_now,2026-09-09T12:07:22+00:00
CVE-2026-80130,updated,2026-09-08,cve_2026_to_now,2026-09-09T12:07:22+00:00
CVE-2026-80132,updated,2026-09-08,cve_2026_to_now,2026-09-09T12:07:22+00:00
CVE-2026-80133,updated,2026-09-08,cve_2026_to_now,2026-09-09T12:07:22+00:00
CVE-2026-80134,updated,2026-09-08,cve_2026_to_now,2026-09-09T12:07:22+00:00
CVE-2026-80159,added,,cve_2026_to_now,2026-09-09T12:07:22+00:00
CVE-2026-80160,added,,cve_2026_to_now,2026-09-09T12:07:22+00:00
CVE-2026-80161,added,,cve_2026_to_now,2026-09-09T12:07:22+00:00
CVE-2026-80162,added,,cve_2026_to_now,2026-09-09T12:07:22+00:00
CVE-2026-80164,updated,2026-09-08,cve_2026_to_now,2026-09-09T12:07:22+00:00
CVE-2026-80166,updated,2026-09-09,cve_2026_to_now,2026-09-09T12:07:22+00:00
CVE-2026-80167,updated,2026-09-08,cve_2026_to_now,2026-09-09T12:07:22+00:00
CVE-2026-80170,updated,2026-09-08,cve_2026_to_now,2026-09-09T12:07:22+00:00
CVE-2026-80171,added,,cve_2026_to_now,2026-09-09T12:07:22+00:00
CVE-2026-80172,added,,cve_2026_to_now,2026-09-09T12:07:22+00:00
CVE-2026-80174,added,,cve_2026_to_now,2026-09-09T12:07:22+00:00
CVE-2026-80175,added,,cve_2026_to_now,2026-09-09T12:07:22+00:00
CVE-2026-80176,updated,2026-09-08,cve_2026_to_now,2026-09-09T12:07:22+00:00
CVE-2026-80177,added,,cve_2026_to_now,2026-09-09T12:07:22+00:00
CVE-2026-80178,updated,2026-09-08,cve_2026_to_now,2026-09-09T12:07:22+00:00
CVE-2026-80181,updated,2026-09-08,cve_2026_to_now,2026-09-09T12:07:22+00:00
CVE-2026-80219,updated,,cve_2026_to_now,2026-09-09T12:07:22+00:00
CVE-2026-80229,updated,2026-09-08,cve_2026_to_now,2026-09-09T12:07:22+00:00
CVE-2026-80230,updated,2026-09-08,cve_2026_to_now,2026-09-09T12:07:22+00:00
CVE-2026-80231,updated,2026-09-08,cve_2026_to_now,2026-09-09T12:07:22+00:00
CVE-2026-80238,updated,2026-09-08,cve_2026_to_now,2026-09-09T12:07:22+00:00
CVE-2026-80239,added,,cve_2026_to_now,2026-09-09T12:07:22+00:00
CVE-2026-80255,updated,2026-09-08,cve_2026_to_now,2026-09-09T12:07:22+00:00
CVE-2026-80339,added,,cve_2026_to_now,2026-09-09T12:07:22+00:00
CVE-2026-80340,added,,cve_2026_to_now,2026-09-09T12:07:22+00:00
CVE-2026-80341,added,,cve_2026_to_now,2026-09-09T12:07:22+00:00
CVE-2026-80440,added,,cve_2026_to_now,2026-09-09T12:07:22+00:00
CVE-2026-81021,added,,cve_2026_to_now,2026-09-09T12:07:22+00:00
CVE-2026-81022,added,,cve_2026_to_now,2026-09-09T12:07:22+00:00
CVE-2026-81192,added,,cve_2026_to_now,2026-09-09T12:07:22+00:00
CVE-2026-81349,added,2026-09-09,cve_2026_to_now,2026-09-09T12:07:22+00:00
CVE-2026-81352,added,2026-09-09,cve_2026_to_now,2026-09-09T12:07:22+00:00
CVE-2026-81353,added,,cve_2026_to_now,2026-09-09T12:07:22+00:00
CVE-2026-81354,added,2026-09-09,cve_2026_to_now,2026-09-09T12:07:22+00:00
CVE-2026-81355,added,,cve_2026_to_now,2026-09-09T12:07:22+00:00
CVE-2026-81356,added,,cve_2026_to_now,2026-09-09T12:07:22+00:00
CVE-2026-81357,added,,cve_2026_to_now,2026-09-09T12:07:22+00:00
CVE-2026-81376,added,2026-09-09,cve_2026_to_now,2026-09-09T12:07:22+00:00
CVE-2026-81377,added,,cve_2026_to_now,2026-09-09T12:07:22+00:00
CVE-2026-81378,added,,cve_2026_to_now,2026-09-09T12:07:22+00:00
CVE-2026-81379,added,,cve_2026_to_now,2026-09-09T12:07:22+00:00
CVE-2026-81380,added,,cve_2026_to_now,2026-09-09T12:07:22+00:00
CVE-2026-81381,added,,cve_2026_to_now,2026-09-09T12:07:22+00:00
CVE-2026-81383,added,,cve_2026_to_now,2026-09-09T12:07:22+00:00
CVE-2026-81385,added,2026-09-09,cve_2026_to_now,2026-09-09T12:07:22+00:00
CVE-2026-81386,added,2026-09-09,cve_2026_to_now,2026-09-09T12:07:22+00:00
CVE-2026-81387,added,,cve_2026_to_now,2026-09-09T12:07:22+00:00
CVE-2026-81388,added,2026-09-09,cve_2026_to_now,2026-09-09T12:07:22+00:00
CVE-2026-81389,added,2026-09-09,cve_2026_to_now,2026-09-09T12:07:22+00:00
CVE-2026-81390,added,,cve_2026_to_now,2026-09-09T12:07:22+00:00
CVE-2026-81391,added,,cve_2026_to_now,2026-09-09T12:07:22+00:00
CVE-2026-81392,added,,cve_2026_to_now,2026-09-09T12:07:22+00:00
CVE-2026-81393,added,,cve_2026_to_now,2026-09-09T12:07:22+00:00
CVE-2026-81394,added,,cve_2026_to_now,2026-09-09T12:07:22+00:00
CVE-2026-81395,added,,cve_2026_to_now,2026-09-09T12:07:22+00:00
CVE-2026-81396,added,2026-09-09,cve_2026_to_now,2026-09-09T12:07:22+00:00
CVE-2026-81397,added,2026-09-09,cve_2026_to_now,2026-09-09T12:07:22+00:00
CVE-2026-81398,added,2026-09-09,cve_2026_to_now,2026-09-09T12:07:22+00:00
CVE-2026-81399,added,,cve_2026_to_now,2026-09-09T12:07:22+00:00
CVE-2026-81400,added,,cve_2026_to_now,2026-09-09T12:07:22+00:00
CVE-2026-81401,added,,cve_2026_to_now,2026-09-09T12:07:22+00:00
CVE-2026-81531,added,,cve_2026_to_now,2026-09-09T12:07:22+00:00
CVE-2026-81638,updated,2026-09-08,cve_2026_to_now,2026-09-09T12:07:22+00:00
CVE-2026-81644,added,,cve_2026_to_now,2026-09-09T12:07:22+00:00
CVE-2026-81646,added,,cve_2026_to_now,2026-09-09T12:07:22+00:00
CVE-2026-81647,added,,cve_2026_to_now,2026-09-09T12:07:22+00:00
CVE-2026-81666,updated,2026-09-08,cve_2026_to_now,2026-09-09T12:07:22+00:00
CVE-2026-81738,updated,2026-09-08,cve_2026_to_now,2026-09-09T12:07:22+00:00
CVE-2026-81741,added,,cve_2026_to_now,2026-09-09T12:07:22+00:00
CVE-2026-81821,added,,cve_2026_to_now,2026-09-09T12:07:22+00:00
CVE-2026-81822,added,,cve_2026_to_now,2026-09-09T12:07:22+00:00
CVE-2026-81823,added,,cve_2026_to_now,2026-09-09T12:07:22+00:00
CVE-2026-81824,added,,cve_2026_to_now,2026-09-09T12:07:22+00:00
CVE-2026-81830,updated,2026-09-08,cve_2026_to_now,2026-09-09T12:07:22+00:00
CVE-2026-81904,added,,cve_2026_to_now,2026-09-09T12:07:22+00:00
CVE-2026-81947,added,2026-09-09,cve_2026_to_now,2026-09-09T12:07:22+00:00
CVE-2026-81948,added,2026-09-09,cve_2026_to_now,2026-09-09T12:07:22+00:00
CVE-2026-81949,added,2026-09-09,cve_2026_to_now,2026-09-09T12:07:22+00:00
CVE-2026-81950,added,2026-09-09,cve_2026_to_now,2026-09-09T12:07:22+00:00
CVE-2026-81951,added,2026-09-09,cve_2026_to_now,2026-09-09T12:07:22+00:00
CVE-2026-81952,added,2026-09-09,cve_2026_to_now,2026-09-09T12:07:22+00:00
CVE-2026-81953,added,2026-09-09,cve_2026_to_now,2026-09-09T12:07:22+00:00
CVE-2026-81954,added,2026-09-09,cve_2026_to_now,2026-09-09T12:07:22+00:00
CVE-2026-81955,added,2026-09-09,cve_2026_to_now,2026-09-09T12:07:22+00:00
CVE-2026-81956,added,2026-09-09,cve_2026_to_now,2026-09-09T12:07:22+00:00
CVE-2026-81957,added,2026-09-09,cve_2026_to_now,2026-09-09T12:07:22+00:00
CVE-2026-81958,added,,cve_2026_to_now,2026-09-09T12:07:22+00:00
CVE-2026-81959,added,2026-09-09,cve_2026_to_now,2026-09-09T12:07:22+00:00
CVE-2026-81960,added,2026-09-09,cve_2026_to_now,2026-09-09T12:07:22+00:00
CVE-2026-81963,added,2026-09-09,cve_2026_to_now,2026-09-09T12:07:22+00:00
CVE-2026-81973,added,2026-09-09,cve_2026_to_now,2026-09-09T12:07:22+00:00
CVE-2026-81975,added,2026-09-09,cve_2026_to_now,2026-09-09T12:07:22+00:00
CVE-2026-81976,added,2026-09-09,cve_2026_to_now,2026-09-09T12:07:22+00:00
CVE-2026-81977,added,,cve_2026_to_now,2026-09-09T12:07:22+00:00
CVE-2026-81978,added,,cve_2026_to_now,2026-09-09T12:07:22+00:00
CVE-2026-81979,added,2026-09-09,cve_2026_to_now,2026-09-09T12:07:22+00:00
CVE-2026-81980,added,2026-09-09,cve_2026_to_now,2026-09-09T12:07:22+00:00
CVE-2026-81981,added,,cve_2026_to_now,2026-09-09T12:07:22+00:00
CVE-2026-81982,added,,cve_2026_to_now,2026-09-09T12:07:22+00:00
CVE-2026-81983,added,2026-09-09,cve_2026_to_now,2026-09-09T12:07:22+00:00
CVE-2026-81984,added,,cve_2026_to_now,2026-09-09T12:07:22+00:00
CVE-2026-81985,added,2026-09-09,cve_2026_to_now,2026-09-09T12:07:22+00:00
CVE-2026-81986,added,2026-09-09,cve_2026_to_now,2026-09-09T12:07:22+00:00
CVE-2026-81987,added,,cve_2026_to_now,2026-09-09T12:07:22+00:00
CVE-2026-81988,added,2026-09-09,cve_2026_to_now,2026-09-09T12:07:22+00:00
CVE-2026-81989,added,2026-09-09,cve_2026_to_now,2026-09-09T12:07:22+00:00
CVE-2026-81990,added,2026-09-09,cve_2026_to_now,2026-09-09T12:07:22+00:00
CVE-2026-81991,added,,cve_2026_to_now,2026-09-09T12:07:22+00:00
CVE-2026-81992,added,,cve_2026_to_now,2026-09-09T12:07:22+00:00
CVE-2026-81993,added,,cve_2026_to_now,2026-09-09T12:07:22+00:00
CVE-2026-81994,added,,cve_2026_to_now,2026-09-09T12:07:22+00:00
CVE-2026-81996,added,2026-09-09,cve_2026_to_now,2026-09-09T12:07:22+00:00
CVE-2026-81997,added,,cve_2026_to_now,2026-09-09T12:07:22+00:00
CVE-2026-82001,added,,cve_2026_to_now,2026-09-09T12:07:22+00:00
CVE-2026-82004,added,,cve_2026_to_now,2026-09-09T12:07:22+00:00
CVE-2026-82005,added,2026-09-09,cve_2026_to_now,2026-09-09T12:07:22+00:00
CVE-2026-82006,added,2026-09-09,cve_2026_to_now,2026-09-09T12:07:22+00:00
CVE-2026-82007,added,2026-09-09,cve_2026_to_now,2026-09-09T12:07:22+00:00
CVE-2026-82052,added,,cve_2026_to_now,2026-09-09T12:07:22+00:00
CVE-2026-82053,added,,cve_2026_to_now,2026-09-09T12:07:22+00:00
CVE-2026-82054,added,,cve_2026_to_now,2026-09-09T12:07:22+00:00
CVE-2026-82055,added,,cve_2026_to_now,2026-09-09T12:07:22+00:00
CVE-2026-82056,added,,cve_2026_to_now,2026-09-09T12:07:22+00:00
CVE-2026-82057,added,,cve_2026_to_now,2026-09-09T12:07:22+00:00
CVE-2026-82058,added,,cve_2026_to_now,2026-09-09T12:07:22+00:00
CVE-2026-82059,added,,cve_2026_to_now,2026-09-09T12:07:22+00:00
CVE-2026-82060,added,,cve_2026_to_now,2026-09-09T12:07:22+00:00
CVE-2026-82061,added,,cve_2026_to_now,2026-09-09T12:07:22+00:00
CVE-2026-82062,added,,cve_2026_to_now,2026-09-09T12:07:22+00:00
CVE-2026-82063,added,,cve_2026_to_now,2026-09-09T12:07:22+00:00
CVE-2026-82064,added,,cve_2026_to_now,2026-09-09T12:07:22+00:00
CVE-2026-82065,added,,cve_2026_to_now,2026-09-09T12:07:22+00:00
CVE-2026-82066,added,,cve_2026_to_now,2026-09-09T12:07:22+00:00
CVE-2026-82067,added,,cve_2026_to_now,2026-09-09T12:07:22+00:00
CVE-2026-82068,added,,cve_2026_to_now,2026-09-09T12:07:22+00:00
CVE-2026-82069,added,,cve_2026_to_now,2026-09-09T12:07:22+00:00
CVE-2026-82070,added,,cve_2026_to_now,2026-09-09T12:07:22+00:00
CVE-2026-82071,added,,cve_2026_to_now,2026-09-09T12:07:22+00:00
CVE-2026-82073,added,,cve_2026_to_now,2026-09-09T12:07:22+00:00
CVE-2026-82074,added,,cve_2026_to_now,2026-09-09T12:07:22+00:00
CVE-2026-82075,added,,cve_2026_to_now,2026-09-09T12:07:22+00:00
CVE-2026-82076,added,,cve_2026_to_now,2026-09-09T12:07:22+00:00
CVE-2026-82184,added,,cve_2026_to_now,2026-09-09T12:07:22+00:00
CVE-2026-82185,added,,cve_2026_to_now,2026-09-09T12:07:22+00:00
CVE-2026-82208,updated,2026-09-08,cve_2026_to_now,2026-09-09T12:07:22+00:00
CVE-2026-82209,updated,2026-09-08,cve_2026_to_now,2026-09-09T12:07:22+00:00
CVE-2026-82309,updated,2026-09-08,cve_2026_to_now,2026-09-09T12:07:22+00:00
CVE-2026-82312,updated,2026-09-08,cve_2026_to_now,2026-09-09T12:07:22+00:00
CVE-2026-82325,updated,2026-09-08,cve_2026_to_now,2026-09-09T12:07:22+00:00
CVE-2026-82533,added,,cve_2026_to_now,2026-09-09T12:07:22+00:00
CVE-2026-82536,added,,cve_2026_to_now,2026-09-09T12:07:22+00:00
CVE-2026-82537,added,,cve_2026_to_now,2026-09-09T12:07:22+00:00
CVE-2026-82547,updated,2026-09-08,cve_2026_to_now,2026-09-09T12:07:22+00:00
CVE-2026-82584,updated,2026-09-08,cve_2026_to_now,2026-09-09T12:07:22+00:00
CVE-2026-82586,updated,2026-09-08,cve_2026_to_now,2026-09-09T12:07:22+00:00
CVE-2026-82684,updated,2026-09-08,cve_2026_to_now,2026-09-09T12:07:22+00:00
CVE-2026-82710,updated,,cve_2026_to_now,2026-09-09T12:07:22+00:00
CVE-2026-82750,updated,2026-09-08,cve_2026_to_now,2026-09-09T12:07:22+00:00
CVE-2026-82751,updated,2026-09-08,cve_2026_to_now,2026-09-09T12:07:22+00:00
CVE-2026-82752,updated,2026-09-08,cve_2026_to_now,2026-09-09T12:07:22+00:00
CVE-2026-82753,updated,2026-09-08,cve_2026_to_now,2026-09-09T12:07:22+00:00
CVE-2026-82754,updated,2026-09-08,cve_2026_to_now,2026-09-09T12:07:22+00:00
CVE-2026-82755,updated,2026-09-08,cve_2026_to_now,2026-09-09T12:07:22+00:00
CVE-2026-82756,updated,2026-09-08,cve_2026_to_now,2026-09-09T12:07:22+00:00
CVE-2026-82757,updated,2026-09-08,cve_2026_to_now,2026-09-09T12:07:22+00:00
CVE-2026-82758,updated,2026-09-08,cve_2026_to_now,2026-09-09T12:07:22+00:00
CVE-2026-82848,added,,cve_2026_to_now,2026-09-09T12:07:22+00:00
CVE-2026-83498,added,,cve_2026_to_now,2026-09-09T12:07:22+00:00
CVE-2026-83501,added,,cve_2026_to_now,2026-09-09T12:07:22+00:00
CVE-2026-83527,added,2026-09-09,cve_2026_to_now,2026-09-09T12:07:22+00:00
CVE-2026-83534,updated,2026-09-09,cve_2026_to_now,2026-09-09T12:07:22+00:00
CVE-2026-83537,added,,cve_2026_to_now,2026-09-09T12:07:22+00:00
CVE-2026-83541,added,,cve_2026_to_now,2026-09-09T12:07:22+00:00
CVE-2026-83593,added,,cve_2026_to_now,2026-09-09T12:07:22+00:00
CVE-2026-83711,updated,2026-09-08,cve_2026_to_now,2026-09-09T12:07:22+00:00
CVE-2026-83939,added,2026-09-09,cve_2026_to_now,2026-09-09T12:07:22+00:00
CVE-2026-83940,added,,cve_2026_to_now,2026-09-09T12:07:22+00:00
CVE-2026-83941,added,,cve_2026_to_now,2026-09-09T12:07:22+00:00
CVE-2026-83942,added,,cve_2026_to_now,2026-09-09T12:07:22+00:00
CVE-2026-83948,added,,cve_2026_to_now,2026-09-09T12:07:22+00:00
CVE-2026-83949,added,,cve_2026_to_now,2026-09-09T12:07:22+00:00
CVE-2026-83951,added,,cve_2026_to_now,2026-09-09T12:07:22+00:00
CVE-2026-83952,added,,cve_2026_to_now,2026-09-09T12:07:22+00:00
CVE-2026-83954,added,,cve_2026_to_now,2026-09-09T12:07:22+00:00
CVE-2026-83955,added,,cve_2026_to_now,2026-09-09T12:07:22+00:00
CVE-2026-83967,added,,cve_2026_to_now,2026-09-09T12:07:22+00:00
CVE-2026-83968,added,,cve_2026_to_now,2026-09-09T12:07:22+00:00
CVE-2026-83969,added,,cve_2026_to_now,2026-09-09T12:07:22+00:00
CVE-2026-83970,added,,cve_2026_to_now,2026-09-09T12:07:22+00:00
CVE-2026-83971,added,,cve_2026_to_now,2026-09-09T12:07:22+00:00
CVE-2026-83972,added,,cve_2026_to_now,2026-09-09T12:07:22+00:00
CVE-2026-83973,added,,cve_2026_to_now,2026-09-09T12:07:22+00:00
CVE-2026-83974,added,,cve_2026_to_now,2026-09-09T12:07:22+00:00
CVE-2026-83975,added,,cve_2026_to_now,2026-09-09T12:07:22+00:00
CVE-2026-83976,added,,cve_2026_to_now,2026-09-09T12:07:22+00:00
CVE-2026-83977,added,,cve_2026_to_now,2026-09-09T12:07:22+00:00
CVE-2026-83978,added,,cve_2026_to_now,2026-09-09T12:07:22+00:00
CVE-2026-83979,added,,cve_2026_to_now,2026-09-09T12:07:22+00:00
CVE-2026-83980,added,,cve_2026_to_now,2026-09-09T12:07:22+00:00
CVE-2026-83981,added,,cve_2026_to_now,2026-09-09T12:07:22+00:00
CVE-2026-83982,added,,cve_2026_to_now,2026-09-09T12:07:22+00:00
CVE-2026-83983,added,,cve_2026_to_now,2026-09-09T12:07:22+00:00
CVE-2026-83985,added,,cve_2026_to_now,2026-09-09T12:07:22+00:00
CVE-2026-83986,added,,cve_2026_to_now,2026-09-09T12:07:22+00:00
CVE-2026-83987,added,,cve_2026_to_now,2026-09-09T12:07:22+00:00
CVE-2026-83988,added,,cve_2026_to_now,2026-09-09T12:07:22+00:00
CVE-2026-83989,added,,cve_2026_to_now,2026-09-09T12:07:22+00:00
CVE-2026-83990,added,,cve_2026_to_now,2026-09-09T12:07:22+00:00
CVE-2026-83991,added,,cve_2026_to_now,2026-09-09T12:07:22+00:00
CVE-2026-83992,added,,cve_2026_to_now,2026-09-09T12:07:22+00:00
CVE-2026-83995,added,,cve_2026_to_now,2026-09-09T12:07:22+00:00
CVE-2026-83996,added,,cve_2026_to_now,2026-09-09T12:07:22+00:00
CVE-2026-83997,added,,cve_2026_to_now,2026-09-09T12:07:22+00:00
CVE-2026-83998,added,,cve_2026_to_now,2026-09-09T12:07:22+00:00
CVE-2026-83999,added,,cve_2026_to_now,2026-09-09T12:07:22+00:00
CVE-2026-84000,added,,cve_2026_to_now,2026-09-09T12:07:22+00:00
CVE-2026-84001,added,,cve_2026_to_now,2026-09-09T12:07:22+00:00
CVE-2026-84003,added,,cve_2026_to_now,2026-09-09T12:07:22+00:00
CVE-2026-84068,added,,cve_2026_to_now,2026-09-09T12:07:22+00:00
CVE-2026-84113,added,,cve_2026_to_now,2026-09-09T12:07:22+00:00
CVE-2026-84173,updated,2026-09-08,cve_2026_to_now,2026-09-09T12:07:22+00:00
CVE-2026-84186,updated,2026-09-08,cve_2026_to_now,2026-09-09T12:07:22+00:00
CVE-2026-84197,added,,cve_2026_to_now,2026-09-09T12:07:22+00:00
CVE-2026-84222,added,,cve_2026_to_now,2026-09-09T12:07:22+00:00
CVE-2026-84226,updated,2026-09-08,cve_2026_to_now,2026-09-09T12:07:22+00:00
CVE-2026-84256,updated,2026-09-08,cve_2026_to_now,2026-09-09T12:07:22+00:00
CVE-2026-84282,added,,cve_2026_to_now,2026-09-09T12:07:22+00:00
CVE-2026-84293,added,,cve_2026_to_now,2026-09-09T12:07:22+00:00
CVE-2026-84385,added,,cve_2026_to_now,2026-09-09T12:07:22+00:00
CVE-2026-84386,added,,cve_2026_to_now,2026-09-09T12:07:22+00:00
CVE-2026-84387,added,,cve_2026_to_now,2026-09-09T12:07:22+00:00
CVE-2026-84389,added,,cve_2026_to_now,2026-09-09T12:07:22+00:00
CVE-2026-84391,added,,cve_2026_to_now,2026-09-09T12:07:22+00:00
CVE-2026-84392,added,,cve_2026_to_now,2026-09-09T12:07:22+00:00
CVE-2026-84393,added,,cve_2026_to_now,2026-09-09T12:07:22+00:00
CVE-2026-84685,added,,cve_2026_to_now,2026-09-09T12:07:22+00:00
CVE-2026-84732,updated,2026-09-08,cve_2026_to_now,2026-09-09T12:07:22+00:00
CVE-2026-84869,added,,cve_2026_to_now,2026-09-09T12:07:22+00:00
CVE-2026-84908,added,,cve_2026_to_now,2026-09-09T12:07:22+00:00
CVE-2026-84942,added,,cve_2026_to_now,2026-09-09T12:07:22+00:00
CVE-2026-85037,added,,cve_2026_to_now,2026-09-09T12:07:22+00:00
CVE-2026-85117,added,,cve_2026_to_now,2026-09-09T12:07:22+00:00
CVE-2026-85132,added,,cve_2026_to_now,2026-09-09T12:07:22+00:00
CVE-2026-85133,added,,cve_2026_to_now,2026-09-09T12:07:22+00:00
CVE-2026-85201,updated,2026-09-08,cve_2026_to_now,2026-09-09T12:07:22+00:00
CVE-2026-85229,updated,2026-09-08,cve_2026_to_now,2026-09-09T12:07:22+00:00
CVE-2026-85360,added,,cve_2026_to_now,2026-09-09T12:07:22+00:00
CVE-2026-85381,updated,2026-09-08,cve_2026_to_now,2026-09-09T12:07:22+00:00
CVE-2026-85384,added,,cve_2026_to_now,2026-09-09T12:07:22+00:00
CVE-2026-85399,updated,2026-09-08,cve_2026_to_now,2026-09-09T12:07:22+00:00
CVE-2026-85400,updated,,cve_2026_to_now,2026-09-09T12:07:22+00:00
CVE-2026-85406,updated,2026-09-08,cve_2026_to_now,2026-09-09T12:07:22+00:00
CVE-2026-85418,added,,cve_2026_to_now,2026-09-09T12:07:22+00:00
CVE-2026-85449,updated,2026-09-08,cve_2026_to_now,2026-09-09T12:07:22+00:00
CVE-2026-85454,updated,2026-09-08,cve_2026_to_now,2026-09-09T12:07:22+00:00
CVE-2026-85484,added,,cve_2026_to_now,2026-09-09T12:07:22+00:00
CVE-2026-85485,added,,cve_2026_to_now,2026-09-09T12:07:22+00:00
CVE-2026-85505,updated,2026-09-08,cve_2026_to_now,2026-09-09T12:07:22+00:00
CVE-2026-85513,updated,2026-09-08,cve_2026_to_now,2026-09-09T12:07:22+00:00
CVE-2026-85579,updated,2026-09-08,cve_2026_to_now,2026-09-09T12:07:22+00:00
CVE-2026-85584,updated,2026-09-08,cve_2026_to_now,2026-09-09T12:07:22+00:00
CVE-2026-85589,updated,2026-09-08,cve_2026_to_now,2026-09-09T12:07:22+00:00
CVE-2026-85594,updated,2026-09-08,cve_2026_to_now,2026-09-09T12:07:22+00:00
CVE-2026-85599,updated,2026-09-08,cve_2026_to_now,2026-09-09T12:07:22+00:00
CVE-2026-85604,updated,2026-09-08,cve_2026_to_now,2026-09-09T12:07:22+00:00
CVE-2026-85607,updated,2026-09-08,cve_2026_to_now,2026-09-09T12:07:22+00:00
CVE-2026-85613,updated,2026-09-08,cve_2026_to_now,2026-09-09T12:07:22+00:00
CVE-2026-85621,updated,2026-09-08,cve_2026_to_now,2026-09-09T12:07:22+00:00
CVE-2026-85626,updated,2026-09-08,cve_2026_to_now,2026-09-09T12:07:22+00:00
CVE-2026-85630,added,,cve_2026_to_now,2026-09-09T12:07:22+00:00
CVE-2026-85636,updated,2026-09-08,cve_2026_to_now,2026-09-09T12:07:22+00:00
CVE-2026-85643,updated,2026-09-08,cve_2026_to_now,2026-09-09T12:07:22+00:00
CVE-2026-85662,updated,2026-09-08,cve_2026_to_now,2026-09-09T12:07:22+00:00
CVE-2026-85667,updated,2026-09-08,cve_2026_to_now,2026-09-09T12:07:22+00:00
CVE-2026-85672,updated,2026-09-08,cve_2026_to_now,2026-09-09T12:07:22+00:00
CVE-2026-85684,updated,2026-09-08,cve_2026_to_now,2026-09-09T12:07:22+00:00
CVE-2026-85689,updated,2026-09-08,cve_2026_to_now,2026-09-09T12:07:22+00:00
CVE-2026-85694,updated,2026-09-08,cve_2026_to_now,2026-09-09T12:07:22+00:00
CVE-2026-85699,updated,2026-09-08,cve_2026_to_now,2026-09-09T12:07:22+00:00
CVE-2026-85701,updated,2026-09-08,cve_2026_to_now,2026-09-09T12:07:22+00:00
CVE-2026-85702,updated,2026-09-08,cve_2026_to_now,2026-09-09T12:07:22+00:00
CVE-2026-85769,updated,2026-09-08,cve_2026_to_now,2026-09-09T12:07:22+00:00
CVE-2026-85787,updated,2026-09-08,cve_2026_to_now,2026-09-09T12:07:22+00:00
CVE-2026-85875,added,,cve_2026_to_now,2026-09-09T12:07:22+00:00
CVE-2026-85877,added,,cve_2026_to_now,2026-09-09T12:07:22+00:00
CVE-2026-85880,added,2026-09-09,cve_2026_to_now,2026-09-09T12:07:22+00:00
CVE-2026-85978,added,,cve_2026_to_now,2026-09-09T12:07:22+00:00
CVE-2026-85981,added,,cve_2026_to_now,2026-09-09T12:07:22+00:00
CVE-2026-85982,added,,cve_2026_to_now,2026-09-09T12:07:22+00:00
CVE-2026-85983,added,,cve_2026_to_now,2026-09-09T12:07:22+00:00
CVE-2026-86060,updated,2026-09-09,cve_2026_to_now,2026-09-09T12:07:22+00:00
CVE-2026-86073,added,,cve_2026_to_now,2026-09-09T12:07:22+00:00
CVE-2026-86074,added,,cve_2026_to_now,2026-09-09T12:07:22+00:00
CVE-2026-86075,added,,cve_2026_to_now,2026-09-09T12:07:22+00:00
CVE-2026-86076,added,,cve_2026_to_now,2026-09-09T12:07:22+00:00
CVE-2026-86077,added,,cve_2026_to_now,2026-09-09T12:07:22+00:00
CVE-2026-86078,added,,cve_2026_to_now,2026-09-09T12:07:22+00:00
CVE-2026-86079,added,,cve_2026_to_now,2026-09-09T12:07:22+00:00
CVE-2026-86080,added,,cve_2026_to_now,2026-09-09T12:07:22+00:00
CVE-2026-86081,added,,cve_2026_to_now,2026-09-09T12:07:22+00:00
CVE-2026-86082,added,,cve_2026_to_now,2026-09-09T12:07:22+00:00
CVE-2026-86083,added,,cve_2026_to_now,2026-09-09T12:07:22+00:00
CVE-2026-86084,added,,cve_2026_to_now,2026-09-09T12:07:22+00:00
CVE-2026-86085,added,,cve_2026_to_now,2026-09-09T12:07:22+00:00
CVE-2026-86091,updated,2026-09-08,cve_2026_to_now,2026-09-09T12:07:22+00:00
CVE-2026-86095,updated,2026-09-08,cve_2026_to_now,2026-09-09T12:07:22+00:00
CVE-2026-86097,updated,2026-09-08,cve_2026_to_now,2026-09-09T12:07:22+00:00
CVE-2026-86100,updated,2026-09-08,cve_2026_to_now,2026-09-09T12:07:22+00:00
CVE-2026-86111,updated,2026-09-08,cve_2026_to_now,2026-09-09T12:07:22+00:00
CVE-2026-86113,updated,2026-09-08,cve_2026_to_now,2026-09-09T12:07:22+00:00
CVE-2026-86115,updated,2026-09-08,cve_2026_to_now,2026-09-09T12:07:22+00:00
CVE-2026-86116,updated,2026-09-08,cve_2026_to_now,2026-09-09T12:07:22+00:00
CVE-2026-86118,updated,2026-09-08,cve_2026_to_now,2026-09-09T12:07:22+00:00
CVE-2026-86120,updated,2026-09-08,cve_2026_to_now,2026-09-09T12:07:22+00:00
CVE-2026-86121,updated,2026-09-08,cve_2026_to_now,2026-09-09T12:07:22+00:00
CVE-2026-86123,updated,2026-09-08,cve_2026_to_now,2026-09-09T12:07:22+00:00
CVE-2026-86135,added,,cve_2026_to_now,2026-09-09T12:07:22+00:00
CVE-2026-86138,updated,2026-09-08,cve_2026_to_now,2026-09-09T12:07:22+00:00
CVE-2026-86139,updated,2026-09-08,cve_2026_to_now,2026-09-09T12:07:22+00:00
CVE-2026-86140,updated,2026-09-08,cve_2026_to_now,2026-09-09T12:07:22+00:00
CVE-2026-86143,updated,2026-09-08,cve_2026_to_now,2026-09-09T12:07:22+00:00
CVE-2026-86144,updated,2026-09-08,cve_2026_to_now,2026-09-09T12:07:22+00:00
CVE-2026-86145,updated,2026-09-08,cve_2026_to_now,2026-09-09T12:07:22+00:00
CVE-2026-86148,updated,2026-09-08,cve_2026_to_now,2026-09-09T12:07:22+00:00
CVE-2026-86149,updated,2026-09-08,cve_2026_to_now,2026-09-09T12:07:22+00:00
CVE-2026-86150,updated,2026-09-08,cve_2026_to_now,2026-09-09T12:07:22+00:00
CVE-2026-86153,updated,2026-09-08,cve_2026_to_now,2026-09-09T12:07:22+00:00
CVE-2026-86159,updated,2026-09-08,cve_2026_to_now,2026-09-09T12:07:22+00:00
CVE-2026-86160,updated,2026-09-08,cve_2026_to_now,2026-09-09T12:07:22+00:00
CVE-2026-86162,updated,2026-09-08,cve_2026_to_now,2026-09-09T12:07:22+00:00
CVE-2026-86163,updated,2026-09-08,cve_2026_to_now,2026-09-09T12:07:22+00:00
CVE-2026-86164,updated,2026-09-08,cve_2026_to_now,2026-09-09T12:07:22+00:00
CVE-2026-86165,updated,2026-09-08,cve_2026_to_now,2026-09-09T12:07:22+00:00
CVE-2026-86167,updated,2026-09-08,cve_2026_to_now,2026-09-09T12:07:22+00:00
CVE-2026-86168,updated,2026-09-08,cve_2026_to_now,2026-09-09T12:07:22+00:00
CVE-2026-86169,updated,2026-09-08,cve_2026_to_now,2026-09-09T12:07:22+00:00
CVE-2026-86171,updated,2026-09-08,cve_2026_to_now,2026-09-09T12:07:22+00:00
CVE-2026-86173,updated,2026-09-08,cve_2026_to_now,2026-09-09T12:07:22+00:00
CVE-2026-86175,updated,2026-09-08,cve_2026_to_now,2026-09-09T12:07:22+00:00
CVE-2026-86177,updated,2026-09-08,cve_2026_to_now,2026-09-09T12:07:22+00:00
CVE-2026-86178,updated,2026-09-08,cve_2026_to_now,2026-09-09T12:07:22+00:00
CVE-2026-86179,updated,2026-09-08,cve_2026_to_now,2026-09-09T12:07:22+00:00
CVE-2026-86180,updated,2026-09-08,cve_2026_to_now,2026-09-09T12:07:22+00:00
CVE-2026-86182,updated,2026-09-08,cve_2026_to_now,2026-09-09T12:07:22+00:00
CVE-2026-86185,updated,2026-09-08,cve_2026_to_now,2026-09-09T12:07:22+00:00
CVE-2026-86186,updated,2026-09-08,cve_2026_to_now,2026-09-09T12:07:22+00:00
CVE-2026-86188,updated,2026-09-08,cve_2026_to_now,2026-09-09T12:07:22+00:00
CVE-2026-86190,updated,2026-09-08,cve_2026_to_now,2026-09-09T12:07:22+00:00
CVE-2026-86191,updated,2026-09-08,cve_2026_to_now,2026-09-09T12:07:22+00:00
CVE-2026-86193,updated,2026-09-08,cve_2026_to_now,2026-09-09T12:07:22+00:00
CVE-2026-86195,updated,2026-09-08,cve_2026_to_now,2026-09-09T12:07:22+00:00
CVE-2026-86196,updated,2026-09-08,cve_2026_to_now,2026-09-09T12:07:22+00:00
CVE-2026-86205,updated,2026-09-08,cve_2026_to_now,2026-09-09T12:07:22+00:00
CVE-2026-86207,updated,2026-09-08,cve_2026_to_now,2026-09-09T12:07:22+00:00
CVE-2026-86209,updated,2026-09-08,cve_2026_to_now,2026-09-09T12:07:22+00:00
CVE-2026-86211,updated,2026-09-08,cve_2026_to_now,2026-09-09T12:07:22+00:00
CVE-2026-86214,updated,2026-09-08,cve_2026_to_now,2026-09-09T12:07:22+00:00
CVE-2026-86216,updated,2026-09-08,cve_2026_to_now,2026-09-09T12:07:22+00:00
CVE-2026-86218,updated,2026-09-09,cve_2026_to_now,2026-09-09T12:07:22+00:00
CVE-2026-86219,updated,2026-09-08,cve_2026_to_now,2026-09-09T12:07:22+00:00
CVE-2026-86220,updated,2026-09-08,cve_2026_to_now,2026-09-09T12:07:22+00:00
CVE-2026-86221,updated,2026-09-08,cve_2026_to_now,2026-09-09T12:07:22+00:00
CVE-2026-86223,updated,2026-09-08,cve_2026_to_now,2026-09-09T12:07:22+00:00
CVE-2026-86225,updated,2026-09-08,cve_2026_to_now,2026-09-09T12:07:22+00:00
CVE-2026-86226,updated,2026-09-08,cve_2026_to_now,2026-09-09T12:07:22+00:00
CVE-2026-86228,updated,2026-09-08,cve_2026_to_now,2026-09-09T12:07:22+00:00
CVE-2026-86232,updated,2026-09-08,cve_2026_to_now,2026-09-09T12:07:22+00:00
CVE-2026-86233,updated,2026-09-08,cve_2026_to_now,2026-09-09T12:07:22+00:00
CVE-2026-86235,updated,2026-09-08,cve_2026_to_now,2026-09-09T12:07:22+00:00
CVE-2026-86237,updated,2026-09-08,cve_2026_to_now,2026-09-09T12:07:22+00:00
CVE-2026-86238,updated,2026-09-08,cve_2026_to_now,2026-09-09T12:07:22+00:00
CVE-2026-86240,updated,2026-09-08,cve_2026_to_now,2026-09-09T12:07:22+00:00
CVE-2026-86242,updated,2026-09-08,cve_2026_to_now,2026-09-09T12:07:22+00:00
CVE-2026-86244,updated,2026-09-08,cve_2026_to_now,2026-09-09T12:07:22+00:00
CVE-2026-86245,updated,2026-09-08,cve_2026_to_now,2026-09-09T12:07:22+00:00
CVE-2026-86252,updated,2026-09-08,cve_2026_to_now,2026-09-09T12:07:22+00:00
CVE-2026-86254,updated,2026-09-08,cve_2026_to_now,2026-09-09T12:07:22+00:00
CVE-2026-86257,updated,2026-09-08,cve_2026_to_now,2026-09-09T12:07:22+00:00
CVE-2026-86259,updated,2026-09-08,cve_2026_to_now,2026-09-09T12:07:22+00:00
CVE-2026-86261,updated,2026-09-08,cve_2026_to_now,2026-09-09T12:07:22+00:00
CVE-2026-86263,updated,2026-09-08,cve_2026_to_now,2026-09-09T12:07:22+00:00
CVE-2026-86264,updated,2026-09-08,cve_2026_to_now,2026-09-09T12:07:22+00:00
CVE-2026-86267,updated,2026-09-08,cve_2026_to_now,2026-09-09T12:07:22+00:00
CVE-2026-86269,updated,2026-09-08,cve_2026_to_now,2026-09-09T12:07:22+00:00
CVE-2026-86270,updated,2026-09-08,cve_2026_to_now,2026-09-09T12:07:22+00:00
CVE-2026-86272,updated,2026-09-08,cve_2026_to_now,2026-09-09T12:07:22+00:00
CVE-2026-86274,updated,2026-09-08,cve_2026_to_now,2026-09-09T12:07:22+00:00
CVE-2026-86275,updated,2026-09-08,cve_2026_to_now,2026-09-09T12:07:22+00:00
CVE-2026-86277,updated,2026-09-08,cve_2026_to_now,2026-09-09T12:07:22+00:00
CVE-2026-86278,updated,2026-09-08,cve_2026_to_now,2026-09-09T12:07:22+00:00
CVE-2026-86280,updated,2026-09-08,cve_2026_to_now,2026-09-09T12:07:22+00:00
CVE-2026-86282,updated,2026-09-08,cve_2026_to_now,2026-09-09T12:07:22+00:00
CVE-2026-86283,updated,2026-09-08,cve_2026_to_now,2026-09-09T12:07:22+00:00
CVE-2026-86284,updated,2026-09-08,cve_2026_to_now,2026-09-09T12:07:22+00:00
CVE-2026-86287,updated,2026-09-08,cve_2026_to_now,2026-09-09T12:07:22+00:00
CVE-2026-86288,updated,2026-09-08,cve_2026_to_now,2026-09-09T12:07:22+00:00
CVE-2026-86290,updated,2026-09-08,cve_2026_to_now,2026-09-09T12:07:22+00:00
CVE-2026-86291,updated,2026-09-08,cve_2026_to_now,2026-09-09T12:07:22+00:00
CVE-2026-86293,updated,2026-09-08,cve_2026_to_now,2026-09-09T12:07:22+00:00
CVE-2026-86295,updated,2026-09-08,cve_2026_to_now,2026-09-09T12:07:22+00:00
CVE-2026-86296,updated,2026-09-08,cve_2026_to_now,2026-09-09T12:07:22+00:00
CVE-2026-86298,updated,2026-09-08,cve_2026_to_now,2026-09-09T12:07:22+00:00
CVE-2026-86300,updated,2026-09-08,cve_2026_to_now,2026-09-09T12:07:22+00:00
CVE-2026-86301,updated,2026-09-08,cve_2026_to_now,2026-09-09T12:07:22+00:00
CVE-2026-86303,updated,2026-09-08,cve_2026_to_now,2026-09-09T12:07:22+00:00
CVE-2026-86304,updated,2026-09-08,cve_2026_to_now,2026-09-09T12:07:22+00:00
CVE-2026-86306,updated,2026-09-08,cve_2026_to_now,2026-09-09T12:07:22+00:00
CVE-2026-86307,updated,2026-09-08,cve_2026_to_now,2026-09-09T12:07:22+00:00
CVE-2026-86309,updated,2026-09-08,cve_2026_to_now,2026-09-09T12:07:22+00:00
CVE-2026-86313,updated,2026-09-08,cve_2026_to_now,2026-09-09T12:07:22+00:00
CVE-2026-86314,updated,2026-09-08,cve_2026_to_now,2026-09-09T12:07:22+00:00
CVE-2026-86315,updated,2026-09-08,cve_2026_to_now,2026-09-09T12:07:22+00:00
CVE-2026-86317,updated,2026-09-08,cve_2026_to_now,2026-09-09T12:07:22+00:00
CVE-2026-86318,updated,2026-09-08,cve_2026_to_now,2026-09-09T12:07:22+00:00
CVE-2026-86321,updated,2026-09-08,cve_2026_to_now,2026-09-09T12:07:22+00:00
CVE-2026-86332,updated,2026-09-08,cve_2026_to_now,2026-09-09T12:07:22+00:00
CVE-2026-86342,updated,2026-09-08,cve_2026_to_now,2026-09-09T12:07:22+00:00
CVE-2026-86347,updated,2026-09-08,cve_2026_to_now,2026-09-09T12:07:22+00:00
CVE-2026-86351,updated,2026-09-08,cve_2026_to_now,2026-09-09T12:07:22+00:00
CVE-2026-86408,updated,2026-09-08,cve_2026_to_now,2026-09-09T12:07:22+00:00
CVE-2026-86417,updated,2026-09-08,cve_2026_to_now,2026-09-09T12:07:22+00:00
CVE-2026-86418,updated,2026-09-08,cve_2026_to_now,2026-09-09T12:07:22+00:00
CVE-2026-86419,updated,2026-09-08,cve_2026_to_now,2026-09-09T12:07:22+00:00
CVE-2026-86421,updated,2026-09-08,cve_2026_to_now,2026-09-09T12:07:22+00:00
CVE-2026-86423,updated,2026-09-08,cve_2026_to_now,2026-09-09T12:07:22+00:00
CVE-2026-86426,updated,2026-09-08,cve_2026_to_now,2026-09-09T12:07:22+00:00
CVE-2026-86428,updated,2026-09-08,cve_2026_to_now,2026-09-09T12:07:22+00:00
CVE-2026-86431,updated,2026-09-08,cve_2026_to_now,2026-09-09T12:07:22+00:00
CVE-2026-86433,updated,2026-09-08,cve_2026_to_now,2026-09-09T12:07:22+00:00
CVE-2026-86437,updated,2026-09-08,cve_2026_to_now,2026-09-09T12:07:22+00:00
CVE-2026-86439,updated,2026-09-08,cve_2026_to_now,2026-09-09T12:07:22+00:00
CVE-2026-86440,updated,2026-09-08,cve_2026_to_now,2026-09-09T12:07:22+00:00
CVE-2026-86441,updated,2026-09-08,cve_2026_to_now,2026-09-09T12:07:22+00:00
CVE-2026-86451,updated,2026-09-08,cve_2026_to_now,2026-09-09T12:07:22+00:00
CVE-2026-86452,updated,2026-09-08,cve_2026_to_now,2026-09-09T12:07:22+00:00
CVE-2026-86464,added,,cve_2026_to_now,2026-09-09T12:07:22+00:00
CVE-2026-86469,updated,2026-09-08,cve_2026_to_now,2026-09-09T12:07:22+00:00
CVE-2026-86478,updated,2026-09-09,cve_2026_to_now,2026-09-09T12:07:22+00:00
CVE-2026-86479,updated,2026-09-09,cve_2026_to_now,2026-09-09T12:07:22+00:00
CVE-2026-86480,updated,2026-09-09,cve_2026_to_now,2026-09-09T12:07:22+00:00
CVE-2026-86482,updated,2026-09-09,cve_2026_to_now,2026-09-09T12:07:22+00:00
CVE-2026-86502,updated,2026-09-09,cve_2026_to_now,2026-09-09T12:07:22+00:00
CVE-2026-86504,updated,2026-09-09,cve_2026_to_now,2026-09-09T12:07:22+00:00
CVE-2026-86510,updated,,cve_2026_to_now,2026-09-09T12:07:22+00:00
CVE-2026-86511,updated,,cve_2026_to_now,2026-09-09T12:07:22+00:00
CVE-2026-86513,updated,,cve_2026_to_now,2026-09-09T12:07:22+00:00
CVE-2026-86515,updated,,cve_2026_to_now,2026-09-09T12:07:22+00:00
CVE-2026-86516,updated,,cve_2026_to_now,2026-09-09T12:07:22+00:00
CVE-2026-86518,updated,,cve_2026_to_now,2026-09-09T12:07:22+00:00
CVE-2026-86540,updated,2026-09-08,cve_2026_to_now,2026-09-09T12:07:22+00:00
CVE-2026-86542,updated,2026-09-08,cve_2026_to_now,2026-09-09T12:07:22+00:00
CVE-2026-86547,added,,cve_2026_to_now,2026-09-09T12:07:22+00:00
CVE-2026-86550,updated,,cve_2026_to_now,2026-09-09T12:07:22+00:00
CVE-2026-86564,added,,cve_2026_to_now,2026-09-09T12:07:22+00:00
CVE-2026-86590,updated,,cve_2026_to_now,2026-09-09T12:07:22+00:00
CVE-2026-86597,updated,,cve_2026_to_now,2026-09-09T12:07:22+00:00
CVE-2026-86600,added,,cve_2026_to_now,2026-09-09T12:07:22+00:00
CVE-2026-86644,added,,cve_2026_to_now,2026-09-09T12:07:22+00:00
CVE-2026-86665,added,,cve_2026_to_now,2026-09-09T12:07:22+00:00
CVE-2026-86666,added,,cve_2026_to_now,2026-09-09T12:07:22+00:00
CVE-2026-86667,added,,cve_2026_to_now,2026-09-09T12:07:22+00:00
CVE-2026-86668,added,,cve_2026_to_now,2026-09-09T12:07:22+00:00
CVE-2026-86669,added,,cve_2026_to_now,2026-09-09T12:07:22+00:00
CVE-2026-86670,added,,cve_2026_to_now,2026-09-09T12:07:22+00:00
CVE-2026-86672,added,,cve_2026_to_now,2026-09-09T12:07:22+00:00
CVE-2026-86673,added,,cve_2026_to_now,2026-09-09T12:07:22+00:00
CVE-2026-86674,added,,cve_2026_to_now,2026-09-09T12:07:22+00:00
CVE-2026-86675,added,,cve_2026_to_now,2026-09-09T12:07:22+00:00
CVE-2026-86711,updated,,cve_2026_to_now,2026-09-09T12:07:22+00:00
CVE-2026-86713,updated,,cve_2026_to_now,2026-09-09T12:07:22+00:00
CVE-2026-86716,added,,cve_2026_to_now,2026-09-09T12:07:22+00:00
CVE-2026-86718,added,,cve_2026_to_now,2026-09-09T12:07:22+00:00
CVE-2026-86719,added,,cve_2026_to_now,2026-09-09T12:07:22+00:00
CVE-2026-86720,added,,cve_2026_to_now,2026-09-09T12:07:22+00:00
CVE-2026-86721,added,,cve_2026_to_now,2026-09-09T12:07:22+00:00
CVE-2026-86722,added,,cve_2026_to_now,2026-09-09T12:07:22+00:00
CVE-2026-86723,added,,cve_2026_to_now,2026-09-09T12:07:22+00:00
CVE-2026-86724,added,,cve_2026_to_now,2026-09-09T12:07:22+00:00
CVE-2026-86725,added,,cve_2026_to_now,2026-09-09T12:07:22+00:00
CVE-2026-86726,added,,cve_2026_to_now,2026-09-09T12:07:22+00:00
CVE-2026-86727,added,,cve_2026_to_now,2026-09-09T12:07:22+00:00
CVE-2026-86728,added,,cve_2026_to_now,2026-09-09T12:07:22+00:00
CVE-2026-86729,added,,cve_2026_to_now,2026-09-09T12:07:22+00:00
CVE-2026-86730,added,,cve_2026_to_now,2026-09-09T12:07:22+00:00
CVE-2026-86731,added,,cve_2026_to_now,2026-09-09T12:07:22+00:00
CVE-2026-86732,added,,cve_2026_to_now,2026-09-09T12:07:22+00:00
CVE-2026-86733,added,,cve_2026_to_now,2026-09-09T12:07:22+00:00
CVE-2026-86734,added,,cve_2026_to_now,2026-09-09T12:07:22+00:00
CVE-2026-86735,added,,cve_2026_to_now,2026-09-09T12:07:22+00:00
CVE-2026-86736,added,,cve_2026_to_now,2026-09-09T12:07:22+00:00
CVE-2026-86737,added,,cve_2026_to_now,2026-09-09T12:07:22+00:00
CVE-2026-86738,added,,cve_2026_to_now,2026-09-09T12:07:22+00:00
CVE-2026-86776,added,,cve_2026_to_now,2026-09-09T12:07:22+00:00
CVE-2026-86777,added,,cve_2026_to_now,2026-09-09T12:07:22+00:00
CVE-2026-86804,added,,cve_2026_to_now,2026-09-09T12:07:22+00:00
CVE-2026-86806,added,,cve_2026_to_now,2026-09-09T12:07:22+00:00
CVE-2026-86808,added,,cve_2026_to_now,2026-09-09T12:07:22+00:00
CVE-2026-86810,added,,cve_2026_to_now,2026-09-09T12:07:22+00:00
CVE-2026-86819,added,,cve_2026_to_now,2026-09-09T12:07:22+00:00
CVE-2026-86840,added,,cve_2026_to_now,2026-09-09T12:07:22+00:00
CVE-2026-86853,added,,cve_2026_to_now,2026-09-09T12:07:22+00:00
CVE-2026-86993,added,,cve_2026_to_now,2026-09-09T12:07:22+00:00
CVE-2026-86994,added,,cve_2026_to_now,2026-09-09T12:07:22+00:00
CVE-2026-86995,added,,cve_2026_to_now,2026-09-09T12:07:22+00:00
CVE-2026-86996,added,,cve_2026_to_now,2026-09-09T12:07:22+00:00
CVE-2026-87019,added,,cve_2026_to_now,2026-09-09T12:07:22+00:00
CVE-2026-87021,added,,cve_2026_to_now,2026-09-09T12:07:22+00:00
CVE-2026-87023,added,,cve_2026_to_now,2026-09-09T12:07:22+00:00
CVE-2026-87025,added,,cve_2026_to_now,2026-09-09T12:07:22+00:00
CVE-2026-87030,added,,cve_2026_to_now,2026-09-09T12:07:22+00:00
CVE-2026-87032,added,,cve_2026_to_now,2026-09-09T12:07:22+00:00
CVE-2026-87033,added,,cve_2026_to_now,2026-09-09T12:07:22+00:00
CVE-2026-87034,added,,cve_2026_to_now,2026-09-09T12:07:22+00:00
CVE-2026-87035,added,,cve_2026_to_now,2026-09-09T12:07:22+00:00
CVE-2026-87036,added,,cve_2026_to_now,2026-09-09T12:07:22+00:00
CVE-2026-87037,added,,cve_2026_to_now,2026-09-09T12:07:22+00:00
CVE-2026-87046,added,,cve_2026_to_now,2026-09-09T12:07:22+00:00
CVE-2026-87047,added,,cve_2026_to_now,2026-09-09T12:07:22+00:00
CVE-2026-87048,added,,cve_2026_to_now,2026-09-09T12:07:22+00:00
CVE-2026-87072,added,,cve_2026_to_now,2026-09-09T12:07:22+00:00
CVE-2026-87073,added,,cve_2026_to_now,2026-09-09T12:07:22+00:00
CVE-2026-87075,added,,cve_2026_to_now,2026-09-09T12:07:22+00:00
CVE-2026-87083,added,,cve_2026_to_now,2026-09-09T12:07:22+00:00
CVE-2026-87084,added,,cve_2026_to_now,2026-09-09T12:07:22+00:00
CVE-2026-87088,added,,cve_2026_to_now,2026-09-09T12:07:22+00:00
CVE-2026-87429,added,,cve_2026_to_now,2026-09-09T12:07:22+00:00
CVE-2026-87430,added,,cve_2026_to_now,2026-09-09T12:07:22+00:00
CVE-2026-87431,added,,cve_2026_to_now,2026-09-09T12:07:22+00:00
CVE-2026-87432,added,,cve_2026_to_now,2026-09-09T12:07:22+00:00
CVE-2026-87433,added,,cve_2026_to_now,2026-09-09T12:07:22+00:00
CVE-2026-87434,added,,cve_2026_to_now,2026-09-09T12:07:22+00:00
CVE-2026-87435,added,,cve_2026_to_now,2026-09-09T12:07:22+00:00
CVE-2026-87436,added,,cve_2026_to_now,2026-09-09T12:07:22+00:00
CVE-2026-87437,added,,cve_2026_to_now,2026-09-09T12:07:22+00:00
CVE-2026-87438,added,,cve_2026_to_now,2026-09-09T12:07:22+00:00
CVE-2026-87439,added,,cve_2026_to_now,2026-09-09T12:07:22+00:00
CVE-2026-87440,added,,cve_2026_to_now,2026-09-09T12:07:22+00:00
CVE-2026-87441,added,,cve_2026_to_now,2026-09-09T12:07:22+00:00
CVE-2026-87442,added,,cve_2026_to_now,2026-09-09T12:07:22+00:00
CVE-2026-87443,added,,cve_2026_to_now,2026-09-09T12:07:22+00:00
CVE-2026-87444,added,,cve_2026_to_now,2026-09-09T12:07:22+00:00
CVE-2026-87445,added,,cve_2026_to_now,2026-09-09T12:07:22+00:00
CVE-2026-87446,added,,cve_2026_to_now,2026-09-09T12:07:22+00:00
CVE-2026-87447,added,,cve_2026_to_now,2026-09-09T12:07:22+00:00
CVE-2026-87448,added,,cve_2026_to_now,2026-09-09T12:07:22+00:00
CVE-2026-87449,added,,cve_2026_to_now,2026-09-09T12:07:22+00:00
CVE-2026-87450,added,,cve_2026_to_now,2026-09-09T12:07:22+00:00
CVE-2026-87451,added,,cve_2026_to_now,2026-09-09T12:07:22+00:00
CVE-2026-87452,added,,cve_2026_to_now,2026-09-09T12:07:22+00:00
CVE-2026-87453,added,,cve_2026_to_now,2026-09-09T12:07:22+00:00
CVE-2026-87454,added,,cve_2026_to_now,2026-09-09T12:07:22+00:00
CVE-2026-87455,added,,cve_2026_to_now,2026-09-09T12:07:22+00:00
CVE-2026-87456,added,,cve_2026_to_now,2026-09-09T12:07:22+00:00
CVE-2026-87457,added,,cve_2026_to_now,2026-09-09T12:07:22+00:00
CVE-2026-87458,added,,cve_2026_to_now,2026-09-09T12:07:22+00:00
CVE-2026-87459,added,,cve_2026_to_now,2026-09-09T12:07:22+00:00
CVE-2026-87460,added,,cve_2026_to_now,2026-09-09T12:07:22+00:00
CVE-2026-87461,added,,cve_2026_to_now,2026-09-09T12:07:22+00:00
CVE-2026-87462,added,,cve_2026_to_now,2026-09-09T12:07:22+00:00
CVE-2026-87463,added,,cve_2026_to_now,2026-09-09T12:07:22+00:00
CVE-2026-87464,added,,cve_2026_to_now,2026-09-09T12:07:22+00:00
CVE-2026-87465,added,,cve_2026_to_now,2026-09-09T12:07:22+00:00
CVE-2026-87466,added,,cve_2026_to_now,2026-09-09T12:07:22+00:00
CVE-2026-87467,added,,cve_2026_to_now,2026-09-09T12:07:22+00:00
CVE-2026-87468,added,,cve_2026_to_now,2026-09-09T12:07:22+00:00
CVE-2026-87469,added,,cve_2026_to_now,2026-09-09T12:07:22+00:00
CVE-2026-87470,added,,cve_2026_to_now,2026-09-09T12:07:22+00:00
CVE-2026-87471,added,,cve_2026_to_now,2026-09-09T12:07:22+00:00
CVE-2026-87472,added,,cve_2026_to_now,2026-09-09T12:07:22+00:00
CVE-2026-87473,added,,cve_2026_to_now,2026-09-09T12:07:22+00:00
CVE-2026-87474,added,,cve_2026_to_now,2026-09-09T12:07:22+00:00
CVE-2026-87475,added,,cve_2026_to_now,2026-09-09T12:07:22+00:00
CVE-2026-87476,added,,cve_2026_to_now,2026-09-09T12:07:22+00:00
CVE-2026-87477,added,,cve_2026_to_now,2026-09-09T12:07:22+00:00
CVE-2026-87478,added,,cve_2026_to_now,2026-09-09T12:07:22+00:00
CVE-2026-87479,added,,cve_2026_to_now,2026-09-09T12:07:22+00:00
CVE-2026-87480,added,,cve_2026_to_now,2026-09-09T12:07:22+00:00
CVE-2026-87481,added,,cve_2026_to_now,2026-09-09T12:07:22+00:00
CVE-2026-87482,added,,cve_2026_to_now,2026-09-09T12:07:22+00:00
CVE-2026-87483,added,,cve_2026_to_now,2026-09-09T12:07:22+00:00
CVE-2026-87484,added,,cve_2026_to_now,2026-09-09T12:07:22+00:00
CVE-2026-87485,added,,cve_2026_to_now,2026-09-09T12:07:22+00:00
CVE-2026-87486,added,,cve_2026_to_now,2026-09-09T12:07:22+00:00
CVE-2026-87487,added,,cve_2026_to_now,2026-09-09T12:07:22+00:00
CVE-2026-87488,added,,cve_2026_to_now,2026-09-09T12:07:22+00:00
CVE-2026-87489,added,,cve_2026_to_now,2026-09-09T12:07:22+00:00
CVE-2026-87490,added,,cve_2026_to_now,2026-09-09T12:07:22+00:00
CVE-2026-87491,added,,cve_2026_to_now,2026-09-09T12:07:22+00:00
CVE-2026-87492,added,,cve_2026_to_now,2026-09-09T12:07:22+00:00
CVE-2026-87493,added,,cve_2026_to_now,2026-09-09T12:07:22+00:00
CVE-2026-87494,added,,cve_2026_to_now,2026-09-09T12:07:22+00:00
CVE-2026-87495,added,,cve_2026_to_now,2026-09-09T12:07:22+00:00
CVE-2026-87496,added,,cve_2026_to_now,2026-09-09T12:07:22+00:00
CVE-2026-87497,added,,cve_2026_to_now,2026-09-09T12:07:22+00:00
CVE-2026-87498,added,,cve_2026_to_now,2026-09-09T12:07:22+00:00
CVE-2026-87499,added,,cve_2026_to_now,2026-09-09T12:07:22+00:00
CVE-2026-87500,added,,cve_2026_to_now,2026-09-09T12:07:22+00:00
CVE-2026-87501,added,,cve_2026_to_now,2026-09-09T12:07:22+00:00
CVE-2026-87502,added,,cve_2026_to_now,2026-09-09T12:07:22+00:00
CVE-2026-87503,added,,cve_2026_to_now,2026-09-09T12:07:22+00:00
CVE-2026-87504,added,,cve_2026_to_now,2026-09-09T12:07:22+00:00
CVE-2026-87505,added,,cve_2026_to_now,2026-09-09T12:07:22+00:00
CVE-2026-87506,added,,cve_2026_to_now,2026-09-09T12:07:22+00:00
CVE-2026-87507,added,,cve_2026_to_now,2026-09-09T12:07:22+00:00
CVE-2026-87508,added,,cve_2026_to_now,2026-09-09T12:07:22+00:00
CVE-2026-87509,added,,cve_2026_to_now,2026-09-09T12:07:22+00:00
CVE-2026-87510,added,,cve_2026_to_now,2026-09-09T12:07:22+00:00
CVE-2026-87511,added,,cve_2026_to_now,2026-09-09T12:07:22+00:00
CVE-2026-87512,added,,cve_2026_to_now,2026-09-09T12:07:22+00:00
CVE-2026-87513,added,,cve_2026_to_now,2026-09-09T12:07:22+00:00
CVE-2026-87514,added,,cve_2026_to_now,2026-09-09T12:07:22+00:00
CVE-2026-87515,added,,cve_2026_to_now,2026-09-09T12:07:22+00:00
CVE-2026-87516,added,,cve_2026_to_now,2026-09-09T12:07:22+00:00
CVE-2026-87517,added,,cve_2026_to_now,2026-09-09T12:07:22+00:00
CVE-2026-87518,added,,cve_2026_to_now,2026-09-09T12:07:22+00:00
CVE-2026-87519,added,,cve_2026_to_now,2026-09-09T12:07:22+00:00
CVE-2026-87520,added,,cve_2026_to_now,2026-09-09T12:07:22+00:00
CVE-2026-87521,added,,cve_2026_to_now,2026-09-09T12:07:22+00:00
CVE-2026-87522,added,,cve_2026_to_now,2026-09-09T12:07:22+00:00
CVE-2026-87523,added,,cve_2026_to_now,2026-09-09T12:07:22+00:00
CVE-2026-87524,added,,cve_2026_to_now,2026-09-09T12:07:22+00:00
CVE-2026-87525,added,,cve_2026_to_now,2026-09-09T12:07:22+00:00
CVE-2026-87526,added,,cve_2026_to_now,2026-09-09T12:07:22+00:00
CVE-2026-87527,added,,cve_2026_to_now,2026-09-09T12:07:22+00:00
CVE-2026-87528,added,,cve_2026_to_now,2026-09-09T12:07:22+00:00
CVE-2026-87529,added,,cve_2026_to_now,2026-09-09T12:07:22+00:00
CVE-2026-87530,added,,cve_2026_to_now,2026-09-09T12:07:22+00:00
CVE-2026-87531,added,,cve_2026_to_now,2026-09-09T12:07:22+00:00
CVE-2026-87532,added,,cve_2026_to_now,2026-09-09T12:07:22+00:00
CVE-2026-87533,added,,cve_2026_to_now,2026-09-09T12:07:22+00:00
CVE-2026-87534,added,,cve_2026_to_now,2026-09-09T12:07:22+00:00
CVE-2026-87535,added,,cve_2026_to_now,2026-09-09T12:07:22+00:00
CVE-2026-87536,added,,cve_2026_to_now,2026-09-09T12:07:22+00:00
CVE-2026-87537,added,,cve_2026_to_now,2026-09-09T12:07:22+00:00
CVE-2026-87538,added,,cve_2026_to_now,2026-09-09T12:07:22+00:00
CVE-2026-87539,added,,cve_2026_to_now,2026-09-09T12:07:22+00:00
CVE-2026-87540,added,,cve_2026_to_now,2026-09-09T12:07:22+00:00
CVE-2026-87541,added,,cve_2026_to_now,2026-09-09T12:07:22+00:00
CVE-2026-87542,added,,cve_2026_to_now,2026-09-09T12:07:22+00:00
CVE-2026-87543,added,,cve_2026_to_now,2026-09-09T12:07:22+00:00
CVE-2026-87544,added,,cve_2026_to_now,2026-09-09T12:07:22+00:00
CVE-2026-87545,added,,cve_2026_to_now,2026-09-09T12:07:22+00:00
CVE-2026-87546,added,,cve_2026_to_now,2026-09-09T12:07:22+00:00
CVE-2026-87547,added,,cve_2026_to_now,2026-09-09T12:07:22+00:00
CVE-2026-87548,added,,cve_2026_to_now,2026-09-09T12:07:22+00:00
CVE-2026-87549,added,,cve_2026_to_now,2026-09-09T12:07:22+00:00
CVE-2026-87550,added,,cve_2026_to_now,2026-09-09T12:07:22+00:00
CVE-2026-87551,added,,cve_2026_to_now,2026-09-09T12:07:22+00:00
CVE-2026-87552,added,,cve_2026_to_now,2026-09-09T12:07:22+00:00
CVE-2026-87553,added,,cve_2026_to_now,2026-09-09T12:07:22+00:00
CVE-2026-87554,added,,cve_2026_to_now,2026-09-09T12:07:22+00:00
CVE-2026-87555,added,,cve_2026_to_now,2026-09-09T12:07:22+00:00
CVE-2026-87556,added,,cve_2026_to_now,2026-09-09T12:07:22+00:00
CVE-2026-87557,added,,cve_2026_to_now,2026-09-09T12:07:22+00:00
CVE-2026-87558,added,,cve_2026_to_now,2026-09-09T12:07:22+00:00
CVE-2026-87559,added,,cve_2026_to_now,2026-09-09T12:07:22+00:00
CVE-2026-87560,added,,cve_2026_to_now,2026-09-09T12:07:22+00:00
CVE-2026-87561,added,,cve_2026_to_now,2026-09-09T12:07:22+00:00
CVE-2026-87562,added,,cve_2026_to_now,2026-09-09T12:07:22+00:00
CVE-2026-87563,added,,cve_2026_to_now,2026-09-09T12:07:22+00:00
CVE-2026-87564,added,,cve_2026_to_now,2026-09-09T12:07:22+00:00
CVE-2026-87565,added,,cve_2026_to_now,2026-09-09T12:07:22+00:00
CVE-2026-87566,added,,cve_2026_to_now,2026-09-09T12:07:22+00:00
CVE-2026-87567,added,,cve_2026_to_now,2026-09-09T12:07:22+00:00
CVE-2026-87568,added,,cve_2026_to_now,2026-09-09T12:07:22+00:00
CVE-2026-87569,added,,cve_2026_to_now,2026-09-09T12:07:22+00:00
CVE-2026-87570,added,,cve_2026_to_now,2026-09-09T12:07:22+00:00
CVE-2026-87571,added,,cve_2026_to_now,2026-09-09T12:07:22+00:00
CVE-2026-87572,added,,cve_2026_to_now,2026-09-09T12:07:22+00:00
CVE-2026-87573,added,,cve_2026_to_now,2026-09-09T12:07:22+00:00
CVE-2026-87574,added,,cve_2026_to_now,2026-09-09T12:07:22+00:00
CVE-2026-87575,added,,cve_2026_to_now,2026-09-09T12:07:22+00:00
CVE-2026-87576,added,,cve_2026_to_now,2026-09-09T12:07:22+00:00
CVE-2026-87577,added,,cve_2026_to_now,2026-09-09T12:07:22+00:00
CVE-2026-87578,added,,cve_2026_to_now,2026-09-09T12:07:22+00:00
CVE-2026-87579,added,,cve_2026_to_now,2026-09-09T12:07:22+00:00
CVE-2026-87580,added,,cve_2026_to_now,2026-09-09T12:07:22+00:00
CVE-2026-87581,added,,cve_2026_to_now,2026-09-09T12:07:22+00:00
CVE-2026-87582,added,,cve_2026_to_now,2026-09-09T12:07:22+00:00
CVE-2026-87583,added,,cve_2026_to_now,2026-09-09T12:07:22+00:00
CVE-2026-87584,added,,cve_2026_to_now,2026-09-09T12:07:22+00:00
CVE-2026-87585,added,,cve_2026_to_now,2026-09-09T12:07:22+00:00
CVE-2026-87586,added,,cve_2026_to_now,2026-09-09T12:07:22+00:00
CVE-2026-87587,added,,cve_2026_to_now,2026-09-09T12:07:22+00:00
CVE-2026-87588,added,,cve_2026_to_now,2026-09-09T12:07:22+00:00
CVE-2026-87589,added,,cve_2026_to_now,2026-09-09T12:07:22+00:00
CVE-2026-87590,added,,cve_2026_to_now,2026-09-09T12:07:22+00:00
CVE-2026-87591,added,,cve_2026_to_now,2026-09-09T12:07:22+00:00
CVE-2026-87592,added,,cve_2026_to_now,2026-09-09T12:07:22+00:00
CVE-2026-87593,added,,cve_2026_to_now,2026-09-09T12:07:22+00:00
CVE-2026-87594,added,,cve_2026_to_now,2026-09-09T12:07:22+00:00
CVE-2026-87595,added,,cve_2026_to_now,2026-09-09T12:07:22+00:00
CVE-2026-87596,added,,cve_2026_to_now,2026-09-09T12:07:22+00:00
CVE-2026-87597,added,,cve_2026_to_now,2026-09-09T12:07:22+00:00
CVE-2026-87598,added,,cve_2026_to_now,2026-09-09T12:07:22+00:00
CVE-2026-87599,added,,cve_2026_to_now,2026-09-09T12:07:22+00:00
CVE-2026-87600,added,,cve_2026_to_now,2026-09-09T12:07:22+00:00
CVE-2026-87601,added,,cve_2026_to_now,2026-09-09T12:07:22+00:00
CVE-2026-87602,added,,cve_2026_to_now,2026-09-09T12:07:22+00:00
CVE-2026-87603,added,,cve_2026_to_now,2026-09-09T12:07:22+00:00
CVE-2026-87604,added,,cve_2026_to_now,2026-09-09T12:07:22+00:00
CVE-2026-87605,added,,cve_2026_to_now,2026-09-09T12:07:22+00:00
CVE-2026-87606,added,,cve_2026_to_now,2026-09-09T12:07:22+00:00
CVE-2026-87607,added,,cve_2026_to_now,2026-09-09T12:07:22+00:00
CVE-2026-87608,added,,cve_2026_to_now,2026-09-09T12:07:22+00:00
CVE-2026-87609,added,,cve_2026_to_now,2026-09-09T12:07:22+00:00
CVE-2026-87610,added,,cve_2026_to_now,2026-09-09T12:07:22+00:00
CVE-2026-87611,added,,cve_2026_to_now,2026-09-09T12:07:22+00:00
CVE-2026-87612,added,,cve_2026_to_now,2026-09-09T12:07:22+00:00
CVE-2026-87613,added,,cve_2026_to_now,2026-09-09T12:07:22+00:00
CVE-2026-87614,added,,cve_2026_to_now,2026-09-09T12:07:22+00:00
CVE-2026-87615,added,,cve_2026_to_now,2026-09-09T12:07:22+00:00
CVE-2026-87616,added,,cve_2026_to_now,2026-09-09T12:07:22+00:00
CVE-2026-87617,added,,cve_2026_to_now,2026-09-09T12:07:22+00:00
CVE-2026-87618,added,,cve_2026_to_now,2026-09-09T12:07:22+00:00
CVE-2026-87619,added,,cve_2026_to_now,2026-09-09T12:07:22+00:00
CVE-2026-87620,added,,cve_2026_to_now,2026-09-09T12:07:22+00:00
CVE-2026-87621,added,,cve_2026_to_now,2026-09-09T12:07:22+00:00
CVE-2026-87622,added,,cve_2026_to_now,2026-09-09T12:07:22+00:00
CVE-2026-87623,added,,cve_2026_to_now,2026-09-09T12:07:22+00:00
CVE-2026-87624,added,,cve_2026_to_now,2026-09-09T12:07:22+00:00
CVE-2026-87625,added,,cve_2026_to_now,2026-09-09T12:07:22+00:00
CVE-2026-87626,added,,cve_2026_to_now,2026-09-09T12:07:22+00:00
CVE-2026-87627,added,,cve_2026_to_now,2026-09-09T12:07:22+00:00
CVE-2026-87628,added,,cve_2026_to_now,2026-09-09T12:07:22+00:00
CVE-2026-87629,added,,cve_2026_to_now,2026-09-09T12:07:22+00:00
CVE-2026-87630,added,,cve_2026_to_now,2026-09-09T12:07:22+00:00
CVE-2026-87631,added,,cve_2026_to_now,2026-09-09T12:07:22+00:00
CVE-2026-87632,added,,cve_2026_to_now,2026-09-09T12:07:22+00:00
CVE-2026-87633,added,,cve_2026_to_now,2026-09-09T12:07:22+00:00
CVE-2026-87634,added,,cve_2026_to_now,2026-09-09T12:07:22+00:00
CVE-2026-87635,added,,cve_2026_to_now,2026-09-09T12:07:22+00:00
CVE-2026-87636,added,,cve_2026_to_now,2026-09-09T12:07:22+00:00
CVE-2026-87637,added,,cve_2026_to_now,2026-09-09T12:07:22+00:00
CVE-2026-87638,added,,cve_2026_to_now,2026-09-09T12:07:22+00:00
CVE-2026-87639,added,,cve_2026_to_now,2026-09-09T12:07:22+00:00
CVE-2026-87640,added,,cve_2026_to_now,2026-09-09T12:07:22+00:00
CVE-2026-87641,added,,cve_2026_to_now,2026-09-09T12:07:22+00:00
CVE-2026-87642,added,,cve_2026_to_now,2026-09-09T12:07:22+00:00
CVE-2026-87643,added,,cve_2026_to_now,2026-09-09T12:07:22+00:00
CVE-2026-87644,added,,cve_2026_to_now,2026-09-09T12:07:22+00:00
CVE-2026-87645,added,,cve_2026_to_now,2026-09-09T12:07:22+00:00
CVE-2026-87646,added,,cve_2026_to_now,2026-09-09T12:07:22+00:00
CVE-2026-87647,added,,cve_2026_to_now,2026-09-09T12:07:22+00:00
CVE-2026-87648,added,,cve_2026_to_now,2026-09-09T12:07:22+00:00
CVE-2026-87649,added,,cve_2026_to_now,2026-09-09T12:07:22+00:00
CVE-2026-87650,added,,cve_2026_to_now,2026-09-09T12:07:22+00:00
CVE-2026-87651,added,,cve_2026_to_now,2026-09-09T12:07:22+00:00
CVE-2026-87652,added,,cve_2026_to_now,2026-09-09T12:07:22+00:00
CVE-2026-87653,added,,cve_2026_to_now,2026-09-09T12:07:22+00:00
CVE-2026-87654,added,,cve_2026_to_now,2026-09-09T12:07:22+00:00
CVE-2026-87655,added,,cve_2026_to_now,2026-09-09T12:07:22+00:00
CVE-2026-87656,added,,cve_2026_to_now,2026-09-09T12:07:22+00:00
CVE-2026-87657,added,,cve_2026_to_now,2026-09-09T12:07:22+00:00
CVE-2026-87658,added,,cve_2026_to_now,2026-09-09T12:07:22+00:00
CVE-2026-87724,added,,cve_2026_to_now,2026-09-09T12:07:22+00:00
CVE-2026-87732,added,,cve_2026_to_now,2026-09-09T12:07:22+00:00
CVE-2026-87733,added,,cve_2026_to_now,2026-09-09T12:07:22+00:00
CVE-2026-87734,added,,cve_2026_to_now,2026-09-09T12:07:22+00:00
CVE-2026-87735,added,,cve_2026_to_now,2026-09-09T12:07:22+00:00
CVE-2026-87736,added,,cve_2026_to_now,2026-09-09T12:07:22+00:00
CVE-2026-87737,added,,cve_2026_to_now,2026-09-09T12:07:22+00:00
CVE-2026-87747,added,,cve_2026_to_now,2026-09-09T12:07:22+00:00
CVE-2026-87766,added,,cve_2026_to_now,2026-09-09T12:07:22+00:00
CVE-2026-87794,added,,cve_2026_to_now,2026-09-09T12:07:22+00:00
CVE-2026-87795,added,,cve_2026_to_now,2026-09-09T12:07:22+00:00
CVE-2026-87806,added,,cve_2026_to_now,2026-09-09T12:07:22+00:00
CVE-2026-87807,added,,cve_2026_to_now,2026-09-09T12:07:22+00:00
CVE-2026-87808,added,,cve_2026_to_now,2026-09-09T12:07:22+00:00
CVE-2026-87809,added,,cve_2026_to_now,2026-09-09T12:07:22+00:00
CVE-2026-87810,added,,cve_2026_to_now,2026-09-09T12:07:22+00:00
CVE-2026-87811,added,,cve_2026_to_now,2026-09-09T12:07:22+00:00
CVE-2026-87812,added,,cve_2026_to_now,2026-09-09T12:07:22+00:00
CVE-2026-87813,added,,cve_2026_to_now,2026-09-09T12:07:22+00:00
CVE-2026-87814,added,,cve_2026_to_now,2026-09-09T12:07:22+00:00
CVE-2026-87815,added,,cve_2026_to_now,2026-09-09T12:07:22+00:00
CVE-2026-87816,added,,cve_2026_to_now,2026-09-09T12:07:22+00:00
CVE-2026-87817,added,,cve_2026_to_now,2026-09-09T12:07:22+00:00
CVE-2026-87818,added,,cve_2026_to_now,2026-09-09T12:07:22+00:00
CVE-2026-87819,added,,cve_2026_to_now,2026-09-09T12:07:22+00:00
CVE-2026-87820,added,,cve_2026_to_now,2026-09-09T12:07:22+00:00
CVE-2026-87821,added,,cve_2026_to_now,2026-09-09T12:07:22+00:00
CVE-2026-87827,added,,cve_2026_to_now,2026-09-09T12:07:22+00:00
