cve_id,change_type,date_updated,shard,run_utc
CVE-2019-25766,added,,cve_2022_and_before,2026-08-20T07:36:51+00:00
CVE-2020-0901,updated,2026-08-19,cve_2022_and_before,2026-08-20T07:36:51+00:00
CVE-2020-0909,updated,2026-08-19,cve_2022_and_before,2026-08-20T07:36:51+00:00
CVE-2020-0963,updated,2026-08-19,cve_2022_and_before,2026-08-20T07:36:51+00:00
CVE-2020-1010,updated,2026-08-19,cve_2022_and_before,2026-08-20T07:36:51+00:00
CVE-2020-1021,updated,2026-08-19,cve_2022_and_before,2026-08-20T07:36:51+00:00
CVE-2020-1023,updated,2026-08-19,cve_2022_and_before,2026-08-20T07:36:51+00:00
CVE-2020-1024,updated,2026-08-19,cve_2022_and_before,2026-08-20T07:36:51+00:00
CVE-2020-1028,updated,2026-08-19,cve_2022_and_before,2026-08-20T07:36:51+00:00
CVE-2020-1035,updated,2026-08-19,cve_2022_and_before,2026-08-20T07:36:51+00:00
CVE-2020-1037,updated,2026-08-19,cve_2022_and_before,2026-08-20T07:36:51+00:00
CVE-2020-1048,updated,2026-08-19,cve_2022_and_before,2026-08-20T07:36:51+00:00
CVE-2020-1051,updated,2026-08-19,cve_2022_and_before,2026-08-20T07:36:51+00:00
CVE-2020-1054,updated,2026-08-19,cve_2022_and_before,2026-08-20T07:36:51+00:00
CVE-2020-1055,updated,2026-08-19,cve_2022_and_before,2026-08-20T07:36:51+00:00
CVE-2020-1056,updated,2026-08-19,cve_2022_and_before,2026-08-20T07:36:51+00:00
CVE-2020-1058,updated,2026-08-19,cve_2022_and_before,2026-08-20T07:36:51+00:00
CVE-2020-1059,updated,2026-08-19,cve_2022_and_before,2026-08-20T07:36:51+00:00
CVE-2020-1060,updated,2026-08-19,cve_2022_and_before,2026-08-20T07:36:51+00:00
CVE-2020-1061,updated,2026-08-19,cve_2022_and_before,2026-08-20T07:36:51+00:00
CVE-2020-1062,updated,2026-08-19,cve_2022_and_before,2026-08-20T07:36:51+00:00
CVE-2020-1063,updated,2026-08-19,cve_2022_and_before,2026-08-20T07:36:51+00:00
CVE-2020-1064,updated,2026-08-19,cve_2022_and_before,2026-08-20T07:36:51+00:00
CVE-2020-1065,updated,2026-08-19,cve_2022_and_before,2026-08-20T07:36:51+00:00
CVE-2020-1066,updated,2026-08-19,cve_2022_and_before,2026-08-20T07:36:51+00:00
CVE-2020-1067,updated,2026-08-19,cve_2022_and_before,2026-08-20T07:36:51+00:00
CVE-2020-1068,updated,2026-08-19,cve_2022_and_before,2026-08-20T07:36:51+00:00
CVE-2020-1069,updated,2026-08-19,cve_2022_and_before,2026-08-20T07:36:51+00:00
CVE-2020-1070,updated,2026-08-19,cve_2022_and_before,2026-08-20T07:36:51+00:00
CVE-2020-1071,updated,2026-08-19,cve_2022_and_before,2026-08-20T07:36:51+00:00
CVE-2020-1072,updated,2026-08-19,cve_2022_and_before,2026-08-20T07:36:51+00:00
CVE-2020-1075,updated,2026-08-19,cve_2022_and_before,2026-08-20T07:36:51+00:00
CVE-2020-1076,updated,2026-08-19,cve_2022_and_before,2026-08-20T07:36:51+00:00
CVE-2020-1077,updated,2026-08-19,cve_2022_and_before,2026-08-20T07:36:51+00:00
CVE-2020-1078,updated,2026-08-19,cve_2022_and_before,2026-08-20T07:36:51+00:00
CVE-2020-1079,updated,2026-08-19,cve_2022_and_before,2026-08-20T07:36:51+00:00
CVE-2020-1081,updated,2026-08-19,cve_2022_and_before,2026-08-20T07:36:51+00:00
CVE-2020-1082,updated,2026-08-19,cve_2022_and_before,2026-08-20T07:36:51+00:00
CVE-2020-1084,updated,2026-08-19,cve_2022_and_before,2026-08-20T07:36:51+00:00
CVE-2020-1086,updated,2026-08-19,cve_2022_and_before,2026-08-20T07:36:51+00:00
CVE-2020-1087,updated,2026-08-19,cve_2022_and_before,2026-08-20T07:36:51+00:00
CVE-2020-1088,updated,2026-08-19,cve_2022_and_before,2026-08-20T07:36:51+00:00
CVE-2020-1090,updated,2026-08-19,cve_2022_and_before,2026-08-20T07:36:51+00:00
CVE-2020-1092,updated,2026-08-19,cve_2022_and_before,2026-08-20T07:36:51+00:00
CVE-2020-1093,updated,2026-08-19,cve_2022_and_before,2026-08-20T07:36:51+00:00
CVE-2020-1096,updated,2026-08-19,cve_2022_and_before,2026-08-20T07:36:51+00:00
CVE-2020-1099,updated,2026-08-19,cve_2022_and_before,2026-08-20T07:36:51+00:00
CVE-2020-1100,updated,2026-08-19,cve_2022_and_before,2026-08-20T07:36:51+00:00
CVE-2020-1101,updated,2026-08-19,cve_2022_and_before,2026-08-20T07:36:51+00:00
CVE-2020-1102,updated,2026-08-19,cve_2022_and_before,2026-08-20T07:36:51+00:00
CVE-2020-1103,updated,2026-08-19,cve_2022_and_before,2026-08-20T07:36:51+00:00
CVE-2020-1104,updated,2026-08-19,cve_2022_and_before,2026-08-20T07:36:51+00:00
CVE-2020-1105,updated,2026-08-19,cve_2022_and_before,2026-08-20T07:36:51+00:00
CVE-2020-1106,updated,2026-08-19,cve_2022_and_before,2026-08-20T07:36:51+00:00
CVE-2020-1107,updated,2026-08-19,cve_2022_and_before,2026-08-20T07:36:51+00:00
CVE-2020-1108,updated,2026-08-19,cve_2022_and_before,2026-08-20T07:36:51+00:00
CVE-2020-1109,updated,2026-08-19,cve_2022_and_before,2026-08-20T07:36:51+00:00
CVE-2020-1110,updated,2026-08-19,cve_2022_and_before,2026-08-20T07:36:51+00:00
CVE-2020-1111,updated,2026-08-19,cve_2022_and_before,2026-08-20T07:36:51+00:00
CVE-2020-1112,updated,2026-08-19,cve_2022_and_before,2026-08-20T07:36:51+00:00
CVE-2020-1113,updated,2026-08-19,cve_2022_and_before,2026-08-20T07:36:51+00:00
CVE-2020-1114,updated,2026-08-19,cve_2022_and_before,2026-08-20T07:36:51+00:00
CVE-2020-1116,updated,2026-08-19,cve_2022_and_before,2026-08-20T07:36:51+00:00
CVE-2020-1117,updated,2026-08-19,cve_2022_and_before,2026-08-20T07:36:51+00:00
CVE-2020-1118,updated,2026-08-19,cve_2022_and_before,2026-08-20T07:36:51+00:00
CVE-2020-1121,updated,2026-08-19,cve_2022_and_before,2026-08-20T07:36:51+00:00
CVE-2020-1123,updated,2026-08-19,cve_2022_and_before,2026-08-20T07:36:51+00:00
CVE-2020-1124,updated,2026-08-19,cve_2022_and_before,2026-08-20T07:36:51+00:00
CVE-2020-1125,updated,2026-08-19,cve_2022_and_before,2026-08-20T07:36:51+00:00
CVE-2020-1126,updated,2026-08-19,cve_2022_and_before,2026-08-20T07:36:51+00:00
CVE-2020-1131,updated,2026-08-19,cve_2022_and_before,2026-08-20T07:36:51+00:00
CVE-2020-1132,updated,2026-08-19,cve_2022_and_before,2026-08-20T07:36:51+00:00
CVE-2020-1134,updated,2026-08-19,cve_2022_and_before,2026-08-20T07:36:51+00:00
CVE-2020-1135,updated,2026-08-19,cve_2022_and_before,2026-08-20T07:36:51+00:00
CVE-2020-1136,updated,2026-08-19,cve_2022_and_before,2026-08-20T07:36:51+00:00
CVE-2020-1137,updated,2026-08-19,cve_2022_and_before,2026-08-20T07:36:51+00:00
CVE-2020-1138,updated,2026-08-19,cve_2022_and_before,2026-08-20T07:36:51+00:00
CVE-2020-1139,updated,2026-08-19,cve_2022_and_before,2026-08-20T07:36:51+00:00
CVE-2020-1140,updated,2026-08-19,cve_2022_and_before,2026-08-20T07:36:51+00:00
CVE-2020-1141,updated,2026-08-19,cve_2022_and_before,2026-08-20T07:36:51+00:00
CVE-2020-1142,updated,2026-08-19,cve_2022_and_before,2026-08-20T07:36:51+00:00
CVE-2020-1143,updated,2026-08-19,cve_2022_and_before,2026-08-20T07:36:51+00:00
CVE-2020-1144,updated,2026-08-19,cve_2022_and_before,2026-08-20T07:36:51+00:00
CVE-2020-1145,updated,2026-08-19,cve_2022_and_before,2026-08-20T07:36:51+00:00
CVE-2020-1149,updated,2026-08-19,cve_2022_and_before,2026-08-20T07:36:51+00:00
CVE-2020-1150,updated,2026-08-19,cve_2022_and_before,2026-08-20T07:36:51+00:00
CVE-2020-1151,updated,2026-08-19,cve_2022_and_before,2026-08-20T07:36:51+00:00
CVE-2020-1153,updated,2026-08-19,cve_2022_and_before,2026-08-20T07:36:51+00:00
CVE-2020-1154,updated,2026-08-19,cve_2022_and_before,2026-08-20T07:36:51+00:00
CVE-2020-1155,updated,2026-08-19,cve_2022_and_before,2026-08-20T07:36:51+00:00
CVE-2020-1156,updated,2026-08-19,cve_2022_and_before,2026-08-20T07:36:51+00:00
CVE-2020-1157,updated,2026-08-19,cve_2022_and_before,2026-08-20T07:36:51+00:00
CVE-2020-1158,updated,2026-08-19,cve_2022_and_before,2026-08-20T07:36:51+00:00
CVE-2020-1161,updated,2026-08-19,cve_2022_and_before,2026-08-20T07:36:51+00:00
CVE-2020-1164,updated,2026-08-19,cve_2022_and_before,2026-08-20T07:36:51+00:00
CVE-2020-1165,updated,2026-08-19,cve_2022_and_before,2026-08-20T07:36:51+00:00
CVE-2020-1166,updated,2026-08-19,cve_2022_and_before,2026-08-20T07:36:51+00:00
CVE-2020-1171,updated,2026-08-19,cve_2022_and_before,2026-08-20T07:36:51+00:00
CVE-2020-1173,updated,2026-08-19,cve_2022_and_before,2026-08-20T07:36:51+00:00
CVE-2020-1174,updated,2026-08-19,cve_2022_and_before,2026-08-20T07:36:51+00:00
CVE-2020-1175,updated,2026-08-19,cve_2022_and_before,2026-08-20T07:36:51+00:00
CVE-2020-1176,updated,2026-08-19,cve_2022_and_before,2026-08-20T07:36:51+00:00
CVE-2020-1179,updated,2026-08-19,cve_2022_and_before,2026-08-20T07:36:51+00:00
CVE-2020-1184,updated,2026-08-19,cve_2022_and_before,2026-08-20T07:36:51+00:00
CVE-2020-1185,updated,2026-08-19,cve_2022_and_before,2026-08-20T07:36:51+00:00
CVE-2020-1186,updated,2026-08-19,cve_2022_and_before,2026-08-20T07:36:51+00:00
CVE-2020-1187,updated,2026-08-19,cve_2022_and_before,2026-08-20T07:36:51+00:00
CVE-2020-1188,updated,2026-08-19,cve_2022_and_before,2026-08-20T07:36:51+00:00
CVE-2020-1189,updated,2026-08-19,cve_2022_and_before,2026-08-20T07:36:51+00:00
CVE-2020-1190,updated,2026-08-19,cve_2022_and_before,2026-08-20T07:36:51+00:00
CVE-2020-1191,updated,2026-08-19,cve_2022_and_before,2026-08-20T07:36:51+00:00
CVE-2020-1192,updated,2026-08-19,cve_2022_and_before,2026-08-20T07:36:51+00:00
CVE-2020-1195,updated,2026-08-19,cve_2022_and_before,2026-08-20T07:36:51+00:00
CVE-2020-17163,updated,2026-08-19,cve_2022_and_before,2026-08-20T07:36:51+00:00
CVE-2020-37267,added,,cve_2022_and_before,2026-08-20T07:36:51+00:00
CVE-2021-1640,updated,2026-08-19,cve_2022_and_before,2026-08-20T07:36:51+00:00
CVE-2021-1729,updated,2026-08-19,cve_2022_and_before,2026-08-20T07:36:51+00:00
CVE-2021-24089,updated,2026-08-19,cve_2022_and_before,2026-08-20T07:36:51+00:00
CVE-2021-24090,updated,2026-08-19,cve_2022_and_before,2026-08-20T07:36:51+00:00
CVE-2021-24095,updated,2026-08-19,cve_2022_and_before,2026-08-20T07:36:51+00:00
CVE-2021-24104,updated,2026-08-19,cve_2022_and_before,2026-08-20T07:36:51+00:00
CVE-2021-24107,updated,2026-08-19,cve_2022_and_before,2026-08-20T07:36:51+00:00
CVE-2021-24108,updated,2026-08-19,cve_2022_and_before,2026-08-20T07:36:51+00:00
CVE-2021-24110,updated,2026-08-19,cve_2022_and_before,2026-08-20T07:36:51+00:00
CVE-2021-26411,updated,2026-08-19,cve_2022_and_before,2026-08-20T07:36:51+00:00
CVE-2021-26412,updated,2026-08-19,cve_2022_and_before,2026-08-20T07:36:51+00:00
CVE-2021-26443,updated,2026-08-19,cve_2022_and_before,2026-08-20T07:36:51+00:00
CVE-2021-26444,updated,2026-08-19,cve_2022_and_before,2026-08-20T07:36:51+00:00
CVE-2021-26854,updated,2026-08-19,cve_2022_and_before,2026-08-20T07:36:51+00:00
CVE-2021-26855,updated,2026-08-19,cve_2022_and_before,2026-08-20T07:36:51+00:00
CVE-2021-26857,updated,2026-08-19,cve_2022_and_before,2026-08-20T07:36:51+00:00
CVE-2021-26858,updated,2026-08-19,cve_2022_and_before,2026-08-20T07:36:51+00:00
CVE-2021-26859,updated,2026-08-19,cve_2022_and_before,2026-08-20T07:36:51+00:00
CVE-2021-26860,updated,2026-08-19,cve_2022_and_before,2026-08-20T07:36:51+00:00
CVE-2021-26861,updated,2026-08-19,cve_2022_and_before,2026-08-20T07:36:51+00:00
CVE-2021-26862,updated,2026-08-19,cve_2022_and_before,2026-08-20T07:36:51+00:00
CVE-2021-26863,updated,2026-08-19,cve_2022_and_before,2026-08-20T07:36:51+00:00
CVE-2021-26864,updated,2026-08-19,cve_2022_and_before,2026-08-20T07:36:51+00:00
CVE-2021-26865,updated,2026-08-19,cve_2022_and_before,2026-08-20T07:36:51+00:00
CVE-2021-26866,updated,2026-08-19,cve_2022_and_before,2026-08-20T07:36:51+00:00
CVE-2021-26867,updated,2026-08-19,cve_2022_and_before,2026-08-20T07:36:51+00:00
CVE-2021-26868,updated,2026-08-19,cve_2022_and_before,2026-08-20T07:36:51+00:00
CVE-2021-26869,updated,2026-08-19,cve_2022_and_before,2026-08-20T07:36:51+00:00
CVE-2021-26870,updated,2026-08-19,cve_2022_and_before,2026-08-20T07:36:51+00:00
CVE-2021-26871,updated,2026-08-19,cve_2022_and_before,2026-08-20T07:36:51+00:00
CVE-2021-26872,updated,2026-08-19,cve_2022_and_before,2026-08-20T07:36:51+00:00
CVE-2021-26873,updated,2026-08-19,cve_2022_and_before,2026-08-20T07:36:51+00:00
CVE-2021-26874,updated,2026-08-19,cve_2022_and_before,2026-08-20T07:36:51+00:00
CVE-2021-26875,updated,2026-08-19,cve_2022_and_before,2026-08-20T07:36:51+00:00
CVE-2021-26876,updated,2026-08-19,cve_2022_and_before,2026-08-20T07:36:51+00:00
CVE-2021-26877,updated,2026-08-19,cve_2022_and_before,2026-08-20T07:36:51+00:00
CVE-2021-26878,updated,2026-08-19,cve_2022_and_before,2026-08-20T07:36:51+00:00
CVE-2021-26879,updated,2026-08-19,cve_2022_and_before,2026-08-20T07:36:51+00:00
CVE-2021-26880,updated,2026-08-19,cve_2022_and_before,2026-08-20T07:36:51+00:00
CVE-2021-26881,updated,2026-08-19,cve_2022_and_before,2026-08-20T07:36:51+00:00
CVE-2021-26882,updated,2026-08-19,cve_2022_and_before,2026-08-20T07:36:51+00:00
CVE-2021-26884,updated,2026-08-19,cve_2022_and_before,2026-08-20T07:36:51+00:00
CVE-2021-26885,updated,2026-08-19,cve_2022_and_before,2026-08-20T07:36:51+00:00
CVE-2021-26886,updated,2026-08-19,cve_2022_and_before,2026-08-20T07:36:51+00:00
CVE-2021-26887,updated,2026-08-19,cve_2022_and_before,2026-08-20T07:36:51+00:00
CVE-2021-26889,updated,2026-08-19,cve_2022_and_before,2026-08-20T07:36:51+00:00
CVE-2021-26890,updated,2026-08-19,cve_2022_and_before,2026-08-20T07:36:51+00:00
CVE-2021-26891,updated,2026-08-19,cve_2022_and_before,2026-08-20T07:36:51+00:00
CVE-2021-26892,updated,2026-08-19,cve_2022_and_before,2026-08-20T07:36:51+00:00
CVE-2021-26893,updated,2026-08-19,cve_2022_and_before,2026-08-20T07:36:51+00:00
CVE-2021-26894,updated,2026-08-19,cve_2022_and_before,2026-08-20T07:36:51+00:00
CVE-2021-26895,updated,2026-08-19,cve_2022_and_before,2026-08-20T07:36:51+00:00
CVE-2021-26896,updated,2026-08-19,cve_2022_and_before,2026-08-20T07:36:51+00:00
CVE-2021-26897,updated,2026-08-19,cve_2022_and_before,2026-08-20T07:36:51+00:00
CVE-2021-26898,updated,2026-08-19,cve_2022_and_before,2026-08-20T07:36:51+00:00
CVE-2021-26899,updated,2026-08-19,cve_2022_and_before,2026-08-20T07:36:51+00:00
CVE-2021-26900,updated,2026-08-19,cve_2022_and_before,2026-08-20T07:36:51+00:00
CVE-2021-26901,updated,2026-08-19,cve_2022_and_before,2026-08-20T07:36:51+00:00
CVE-2021-26902,updated,2026-08-19,cve_2022_and_before,2026-08-20T07:36:51+00:00
CVE-2021-27047,updated,2026-08-19,cve_2022_and_before,2026-08-20T07:36:51+00:00
CVE-2021-27048,updated,2026-08-19,cve_2022_and_before,2026-08-20T07:36:51+00:00
CVE-2021-27049,updated,2026-08-19,cve_2022_and_before,2026-08-20T07:36:51+00:00
CVE-2021-27050,updated,2026-08-19,cve_2022_and_before,2026-08-20T07:36:51+00:00
CVE-2021-27051,updated,2026-08-19,cve_2022_and_before,2026-08-20T07:36:51+00:00
CVE-2021-27052,updated,2026-08-19,cve_2022_and_before,2026-08-20T07:36:51+00:00
CVE-2021-27053,updated,2026-08-19,cve_2022_and_before,2026-08-20T07:36:51+00:00
CVE-2021-27054,updated,2026-08-19,cve_2022_and_before,2026-08-20T07:36:51+00:00
CVE-2021-27055,updated,2026-08-19,cve_2022_and_before,2026-08-20T07:36:51+00:00
CVE-2021-27056,updated,2026-08-19,cve_2022_and_before,2026-08-20T07:36:51+00:00
CVE-2021-27057,updated,2026-08-19,cve_2022_and_before,2026-08-20T07:36:51+00:00
CVE-2021-27058,updated,2026-08-19,cve_2022_and_before,2026-08-20T07:36:51+00:00
CVE-2021-27059,updated,2026-08-19,cve_2022_and_before,2026-08-20T07:36:51+00:00
CVE-2021-27060,updated,2026-08-19,cve_2022_and_before,2026-08-20T07:36:51+00:00
CVE-2021-27061,updated,2026-08-19,cve_2022_and_before,2026-08-20T07:36:51+00:00
CVE-2021-27062,updated,2026-08-19,cve_2022_and_before,2026-08-20T07:36:51+00:00
CVE-2021-27063,updated,2026-08-19,cve_2022_and_before,2026-08-20T07:36:51+00:00
CVE-2021-27065,updated,2026-08-19,cve_2022_and_before,2026-08-20T07:36:51+00:00
CVE-2021-27066,updated,2026-08-19,cve_2022_and_before,2026-08-20T07:36:51+00:00
CVE-2021-27070,updated,2026-08-19,cve_2022_and_before,2026-08-20T07:36:51+00:00
CVE-2021-27074,updated,2026-08-19,cve_2022_and_before,2026-08-20T07:36:51+00:00
CVE-2021-27075,updated,2026-08-19,cve_2022_and_before,2026-08-20T07:36:51+00:00
CVE-2021-27076,updated,2026-08-19,cve_2022_and_before,2026-08-20T07:36:51+00:00
CVE-2021-27077,updated,2026-08-19,cve_2022_and_before,2026-08-20T07:36:51+00:00
CVE-2021-27078,updated,2026-08-19,cve_2022_and_before,2026-08-20T07:36:51+00:00
CVE-2021-27080,updated,2026-08-19,cve_2022_and_before,2026-08-20T07:36:51+00:00
CVE-2021-27081,updated,2026-08-19,cve_2022_and_before,2026-08-20T07:36:51+00:00
CVE-2021-27082,updated,2026-08-19,cve_2022_and_before,2026-08-20T07:36:51+00:00
CVE-2021-27083,updated,2026-08-19,cve_2022_and_before,2026-08-20T07:36:51+00:00
CVE-2021-27084,updated,2026-08-19,cve_2022_and_before,2026-08-20T07:36:51+00:00
CVE-2021-27085,updated,2026-08-19,cve_2022_and_before,2026-08-20T07:36:51+00:00
CVE-2021-36957,updated,2026-08-19,cve_2022_and_before,2026-08-20T07:36:51+00:00
CVE-2021-38631,updated,2026-08-19,cve_2022_and_before,2026-08-20T07:36:51+00:00
CVE-2021-38665,updated,2026-08-19,cve_2022_and_before,2026-08-20T07:36:51+00:00
CVE-2021-38666,updated,2026-08-19,cve_2022_and_before,2026-08-20T07:36:51+00:00
CVE-2021-40442,updated,2026-08-19,cve_2022_and_before,2026-08-20T07:36:51+00:00
CVE-2021-41349,updated,2026-08-19,cve_2022_and_before,2026-08-20T07:36:51+00:00
CVE-2021-41351,updated,2026-08-19,cve_2022_and_before,2026-08-20T07:36:51+00:00
CVE-2021-41356,updated,2026-08-19,cve_2022_and_before,2026-08-20T07:36:51+00:00
CVE-2021-41366,updated,2026-08-19,cve_2022_and_before,2026-08-20T07:36:51+00:00
CVE-2021-41367,updated,2026-08-19,cve_2022_and_before,2026-08-20T07:36:51+00:00
CVE-2021-41368,updated,2026-08-19,cve_2022_and_before,2026-08-20T07:36:51+00:00
CVE-2021-41370,updated,2026-08-19,cve_2022_and_before,2026-08-20T07:36:51+00:00
CVE-2021-41371,updated,2026-08-19,cve_2022_and_before,2026-08-20T07:36:51+00:00
CVE-2021-41372,updated,2026-08-19,cve_2022_and_before,2026-08-20T07:36:51+00:00
CVE-2021-41373,updated,2026-08-19,cve_2022_and_before,2026-08-20T07:36:51+00:00
CVE-2021-41374,updated,2026-08-19,cve_2022_and_before,2026-08-20T07:36:51+00:00
CVE-2021-41375,updated,2026-08-19,cve_2022_and_before,2026-08-20T07:36:51+00:00
CVE-2021-41376,updated,2026-08-19,cve_2022_and_before,2026-08-20T07:36:51+00:00
CVE-2021-41377,updated,2026-08-19,cve_2022_and_before,2026-08-20T07:36:51+00:00
CVE-2021-41378,updated,2026-08-19,cve_2022_and_before,2026-08-20T07:36:51+00:00
CVE-2021-41379,updated,2026-08-19,cve_2022_and_before,2026-08-20T07:36:51+00:00
CVE-2021-42274,updated,2026-08-19,cve_2022_and_before,2026-08-20T07:36:51+00:00
CVE-2021-42275,updated,2026-08-19,cve_2022_and_before,2026-08-20T07:36:51+00:00
CVE-2021-42276,updated,2026-08-19,cve_2022_and_before,2026-08-20T07:36:51+00:00
CVE-2021-42277,updated,2026-08-19,cve_2022_and_before,2026-08-20T07:36:51+00:00
CVE-2021-42278,updated,2026-08-19,cve_2022_and_before,2026-08-20T07:36:51+00:00
CVE-2021-42279,updated,2026-08-19,cve_2022_and_before,2026-08-20T07:36:51+00:00
CVE-2021-42280,updated,2026-08-19,cve_2022_and_before,2026-08-20T07:36:51+00:00
CVE-2021-42282,updated,2026-08-19,cve_2022_and_before,2026-08-20T07:36:51+00:00
CVE-2021-42283,updated,2026-08-19,cve_2022_and_before,2026-08-20T07:36:51+00:00
CVE-2021-42284,updated,2026-08-19,cve_2022_and_before,2026-08-20T07:36:51+00:00
CVE-2021-42285,updated,2026-08-19,cve_2022_and_before,2026-08-20T07:36:51+00:00
CVE-2021-42286,updated,2026-08-19,cve_2022_and_before,2026-08-20T07:36:51+00:00
CVE-2021-42287,updated,2026-08-19,cve_2022_and_before,2026-08-20T07:36:51+00:00
CVE-2021-42288,updated,2026-08-19,cve_2022_and_before,2026-08-20T07:36:51+00:00
CVE-2021-42291,updated,2026-08-19,cve_2022_and_before,2026-08-20T07:36:51+00:00
CVE-2021-42292,updated,2026-08-19,cve_2022_and_before,2026-08-20T07:36:51+00:00
CVE-2021-42296,updated,2026-08-19,cve_2022_and_before,2026-08-20T07:36:51+00:00
CVE-2021-42297,updated,2026-08-19,cve_2022_and_before,2026-08-20T07:36:51+00:00
CVE-2021-42298,updated,2026-08-19,cve_2022_and_before,2026-08-20T07:36:51+00:00
CVE-2021-42300,updated,2026-08-19,cve_2022_and_before,2026-08-20T07:36:51+00:00
CVE-2021-42301,updated,2026-08-19,cve_2022_and_before,2026-08-20T07:36:51+00:00
CVE-2021-42302,updated,2026-08-19,cve_2022_and_before,2026-08-20T07:36:51+00:00
CVE-2021-42303,updated,2026-08-19,cve_2022_and_before,2026-08-20T07:36:51+00:00
CVE-2021-42304,updated,2026-08-19,cve_2022_and_before,2026-08-20T07:36:51+00:00
CVE-2021-42305,updated,2026-08-19,cve_2022_and_before,2026-08-20T07:36:51+00:00
CVE-2021-42306,updated,2026-08-19,cve_2022_and_before,2026-08-20T07:36:51+00:00
CVE-2021-42308,updated,2026-08-19,cve_2022_and_before,2026-08-20T07:36:51+00:00
CVE-2021-42316,updated,2026-08-19,cve_2022_and_before,2026-08-20T07:36:51+00:00
CVE-2021-42319,updated,2026-08-19,cve_2022_and_before,2026-08-20T07:36:51+00:00
CVE-2021-42321,updated,2026-08-19,cve_2022_and_before,2026-08-20T07:36:51+00:00
CVE-2021-42322,updated,2026-08-19,cve_2022_and_before,2026-08-20T07:36:51+00:00
CVE-2021-42323,updated,2026-08-19,cve_2022_and_before,2026-08-20T07:36:51+00:00
CVE-2021-43208,updated,2026-08-19,cve_2022_and_before,2026-08-20T07:36:51+00:00
CVE-2021-43209,updated,2026-08-19,cve_2022_and_before,2026-08-20T07:36:51+00:00
CVE-2021-43211,updated,2026-08-19,cve_2022_and_before,2026-08-20T07:36:51+00:00
CVE-2021-43220,updated,2026-08-19,cve_2022_and_before,2026-08-20T07:36:51+00:00
CVE-2021-43221,updated,2026-08-19,cve_2022_and_before,2026-08-20T07:36:51+00:00
CVE-2022-4996,added,,cve_2022_and_before,2026-08-20T07:36:51+00:00
CVE-2023-21528,updated,2026-08-19,cve_2023_to_2025,2026-08-20T07:36:51+00:00
CVE-2023-21529,updated,2026-08-19,cve_2023_to_2025,2026-08-20T07:36:51+00:00
CVE-2023-21553,updated,2026-08-19,cve_2023_to_2025,2026-08-20T07:36:51+00:00
CVE-2023-21564,updated,2026-08-19,cve_2023_to_2025,2026-08-20T07:36:51+00:00
CVE-2023-21566,updated,2026-08-19,cve_2023_to_2025,2026-08-20T07:36:51+00:00
CVE-2023-21567,updated,2026-08-19,cve_2023_to_2025,2026-08-20T07:36:51+00:00
CVE-2023-21568,updated,2026-08-19,cve_2023_to_2025,2026-08-20T07:36:51+00:00
CVE-2023-21570,updated,2026-08-19,cve_2023_to_2025,2026-08-20T07:36:51+00:00
CVE-2023-21571,updated,2026-08-19,cve_2023_to_2025,2026-08-20T07:36:51+00:00
CVE-2023-21572,updated,2026-08-19,cve_2023_to_2025,2026-08-20T07:36:51+00:00
CVE-2023-21573,updated,2026-08-19,cve_2023_to_2025,2026-08-20T07:36:51+00:00
CVE-2023-21684,updated,2026-08-19,cve_2023_to_2025,2026-08-20T07:36:51+00:00
CVE-2023-21685,updated,2026-08-19,cve_2023_to_2025,2026-08-20T07:36:51+00:00
CVE-2023-21686,updated,2026-08-19,cve_2023_to_2025,2026-08-20T07:36:51+00:00
CVE-2023-21687,updated,2026-08-19,cve_2023_to_2025,2026-08-20T07:36:51+00:00
CVE-2023-21688,updated,2026-08-19,cve_2023_to_2025,2026-08-20T07:36:51+00:00
CVE-2023-21689,updated,2026-08-19,cve_2023_to_2025,2026-08-20T07:36:51+00:00
CVE-2023-21690,updated,2026-08-19,cve_2023_to_2025,2026-08-20T07:36:51+00:00
CVE-2023-21691,updated,2026-08-19,cve_2023_to_2025,2026-08-20T07:36:51+00:00
CVE-2023-21692,updated,2026-08-19,cve_2023_to_2025,2026-08-20T07:36:51+00:00
CVE-2023-21693,updated,2026-08-19,cve_2023_to_2025,2026-08-20T07:36:51+00:00
CVE-2023-21694,updated,2026-08-19,cve_2023_to_2025,2026-08-20T07:36:51+00:00
CVE-2023-21695,updated,2026-08-19,cve_2023_to_2025,2026-08-20T07:36:51+00:00
CVE-2023-21697,updated,2026-08-19,cve_2023_to_2025,2026-08-20T07:36:51+00:00
CVE-2023-21699,updated,2026-08-19,cve_2023_to_2025,2026-08-20T07:36:51+00:00
CVE-2023-21700,updated,2026-08-19,cve_2023_to_2025,2026-08-20T07:36:51+00:00
CVE-2023-21701,updated,2026-08-19,cve_2023_to_2025,2026-08-20T07:36:51+00:00
CVE-2023-21702,updated,2026-08-19,cve_2023_to_2025,2026-08-20T07:36:51+00:00
CVE-2023-21703,updated,2026-08-19,cve_2023_to_2025,2026-08-20T07:36:51+00:00
CVE-2023-21704,updated,2026-08-19,cve_2023_to_2025,2026-08-20T07:36:51+00:00
CVE-2023-21705,updated,2026-08-19,cve_2023_to_2025,2026-08-20T07:36:51+00:00
CVE-2023-21706,updated,2026-08-19,cve_2023_to_2025,2026-08-20T07:36:51+00:00
CVE-2023-21707,updated,2026-08-19,cve_2023_to_2025,2026-08-20T07:36:51+00:00
CVE-2023-21710,updated,2026-08-19,cve_2023_to_2025,2026-08-20T07:36:51+00:00
CVE-2023-21713,updated,2026-08-19,cve_2023_to_2025,2026-08-20T07:36:51+00:00
CVE-2023-21714,updated,2026-08-19,cve_2023_to_2025,2026-08-20T07:36:51+00:00
CVE-2023-21715,updated,2026-08-19,cve_2023_to_2025,2026-08-20T07:36:51+00:00
CVE-2023-21716,updated,2026-08-19,cve_2023_to_2025,2026-08-20T07:36:51+00:00
CVE-2023-21717,updated,2026-08-19,cve_2023_to_2025,2026-08-20T07:36:51+00:00
CVE-2023-21718,updated,2026-08-19,cve_2023_to_2025,2026-08-20T07:36:51+00:00
CVE-2023-21720,updated,2026-08-19,cve_2023_to_2025,2026-08-20T07:36:51+00:00
CVE-2023-21721,updated,2026-08-19,cve_2023_to_2025,2026-08-20T07:36:51+00:00
CVE-2023-21722,updated,2026-08-19,cve_2023_to_2025,2026-08-20T07:36:51+00:00
CVE-2023-21777,updated,2026-08-19,cve_2023_to_2025,2026-08-20T07:36:51+00:00
CVE-2023-21778,updated,2026-08-19,cve_2023_to_2025,2026-08-20T07:36:51+00:00
CVE-2023-21794,updated,2026-08-19,cve_2023_to_2025,2026-08-20T07:36:51+00:00
CVE-2023-21797,updated,2026-08-19,cve_2023_to_2025,2026-08-20T07:36:51+00:00
CVE-2023-21798,updated,2026-08-19,cve_2023_to_2025,2026-08-20T07:36:51+00:00
CVE-2023-21799,updated,2026-08-19,cve_2023_to_2025,2026-08-20T07:36:51+00:00
CVE-2023-21800,updated,2026-08-19,cve_2023_to_2025,2026-08-20T07:36:51+00:00
CVE-2023-21801,updated,2026-08-19,cve_2023_to_2025,2026-08-20T07:36:51+00:00
CVE-2023-21802,updated,2026-08-19,cve_2023_to_2025,2026-08-20T07:36:51+00:00
CVE-2023-21803,updated,2026-08-19,cve_2023_to_2025,2026-08-20T07:36:51+00:00
CVE-2023-21804,updated,2026-08-19,cve_2023_to_2025,2026-08-20T07:36:51+00:00
CVE-2023-21805,updated,2026-08-19,cve_2023_to_2025,2026-08-20T07:36:51+00:00
CVE-2023-21806,updated,2026-08-19,cve_2023_to_2025,2026-08-20T07:36:51+00:00
CVE-2023-21807,updated,2026-08-19,cve_2023_to_2025,2026-08-20T07:36:51+00:00
CVE-2023-21808,updated,2026-08-19,cve_2023_to_2025,2026-08-20T07:36:51+00:00
CVE-2023-21809,updated,2026-08-19,cve_2023_to_2025,2026-08-20T07:36:51+00:00
CVE-2023-21811,updated,2026-08-19,cve_2023_to_2025,2026-08-20T07:36:51+00:00
CVE-2023-21812,updated,2026-08-19,cve_2023_to_2025,2026-08-20T07:36:51+00:00
CVE-2023-21813,updated,2026-08-19,cve_2023_to_2025,2026-08-20T07:36:51+00:00
CVE-2023-21815,updated,2026-08-19,cve_2023_to_2025,2026-08-20T07:36:51+00:00
CVE-2023-21816,updated,2026-08-19,cve_2023_to_2025,2026-08-20T07:36:51+00:00
CVE-2023-21817,updated,2026-08-19,cve_2023_to_2025,2026-08-20T07:36:51+00:00
CVE-2023-21818,updated,2026-08-19,cve_2023_to_2025,2026-08-20T07:36:51+00:00
CVE-2023-21819,updated,2026-08-19,cve_2023_to_2025,2026-08-20T07:36:51+00:00
CVE-2023-21820,updated,2026-08-19,cve_2023_to_2025,2026-08-20T07:36:51+00:00
CVE-2023-21822,updated,2026-08-19,cve_2023_to_2025,2026-08-20T07:36:51+00:00
CVE-2023-21823,updated,2026-08-19,cve_2023_to_2025,2026-08-20T07:36:51+00:00
CVE-2023-23374,updated,2026-08-19,cve_2023_to_2025,2026-08-20T07:36:51+00:00
CVE-2023-23376,updated,2026-08-19,cve_2023_to_2025,2026-08-20T07:36:51+00:00
CVE-2023-23377,updated,2026-08-19,cve_2023_to_2025,2026-08-20T07:36:51+00:00
CVE-2023-23378,updated,2026-08-19,cve_2023_to_2025,2026-08-20T07:36:51+00:00
CVE-2023-23379,updated,2026-08-19,cve_2023_to_2025,2026-08-20T07:36:51+00:00
CVE-2023-23381,updated,2026-08-19,cve_2023_to_2025,2026-08-20T07:36:51+00:00
CVE-2023-23382,updated,2026-08-19,cve_2023_to_2025,2026-08-20T07:36:51+00:00
CVE-2023-23390,updated,2026-08-19,cve_2023_to_2025,2026-08-20T07:36:51+00:00
CVE-2024-3884,updated,2026-08-19,cve_2023_to_2025,2026-08-20T07:36:51+00:00
CVE-2024-13942,added,,cve_2023_to_2025,2026-08-20T07:36:51+00:00
CVE-2024-20659,updated,2026-08-19,cve_2023_to_2025,2026-08-20T07:36:51+00:00
CVE-2024-21548,updated,2026-08-19,cve_2023_to_2025,2026-08-20T07:36:51+00:00
CVE-2024-26730,updated,2026-08-19,cve_2023_to_2025,2026-08-20T07:36:51+00:00
CVE-2024-30092,updated,2026-08-19,cve_2023_to_2025,2026-08-20T07:36:51+00:00
CVE-2024-37976,updated,2026-08-19,cve_2023_to_2025,2026-08-20T07:36:51+00:00
CVE-2024-37979,updated,2026-08-19,cve_2023_to_2025,2026-08-20T07:36:51+00:00
CVE-2024-37982,updated,2026-08-19,cve_2023_to_2025,2026-08-20T07:36:51+00:00
CVE-2024-37983,updated,2026-08-19,cve_2023_to_2025,2026-08-20T07:36:51+00:00
CVE-2024-38029,updated,2026-08-19,cve_2023_to_2025,2026-08-20T07:36:51+00:00
CVE-2024-38097,updated,2026-08-19,cve_2023_to_2025,2026-08-20T07:36:51+00:00
CVE-2024-38124,updated,2026-08-19,cve_2023_to_2025,2026-08-20T07:36:51+00:00
CVE-2024-38129,updated,2026-08-19,cve_2023_to_2025,2026-08-20T07:36:51+00:00
CVE-2024-38139,updated,2026-08-19,cve_2023_to_2025,2026-08-20T07:36:51+00:00
CVE-2024-38149,updated,2026-08-19,cve_2023_to_2025,2026-08-20T07:36:51+00:00
CVE-2024-38179,updated,2026-08-19,cve_2023_to_2025,2026-08-20T07:36:51+00:00
CVE-2024-38190,updated,2026-08-19,cve_2023_to_2025,2026-08-20T07:36:51+00:00
CVE-2024-38204,updated,2026-08-19,cve_2023_to_2025,2026-08-20T07:36:51+00:00
CVE-2024-38212,updated,2026-08-19,cve_2023_to_2025,2026-08-20T07:36:51+00:00
CVE-2024-38229,updated,2026-08-19,cve_2023_to_2025,2026-08-20T07:36:51+00:00
CVE-2024-38261,updated,2026-08-19,cve_2023_to_2025,2026-08-20T07:36:51+00:00
CVE-2024-38262,updated,2026-08-19,cve_2023_to_2025,2026-08-20T07:36:51+00:00
CVE-2024-38265,updated,2026-08-19,cve_2023_to_2025,2026-08-20T07:36:51+00:00
CVE-2024-43453,updated,2026-08-19,cve_2023_to_2025,2026-08-20T07:36:51+00:00
CVE-2024-43456,updated,2026-08-19,cve_2023_to_2025,2026-08-20T07:36:51+00:00
CVE-2024-43468,updated,2026-08-19,cve_2023_to_2025,2026-08-20T07:36:51+00:00
CVE-2024-43480,updated,2026-08-19,cve_2023_to_2025,2026-08-20T07:36:51+00:00
CVE-2024-43481,updated,2026-08-19,cve_2023_to_2025,2026-08-20T07:36:51+00:00
CVE-2024-43483,updated,2026-08-19,cve_2023_to_2025,2026-08-20T07:36:51+00:00
CVE-2024-43484,updated,2026-08-19,cve_2023_to_2025,2026-08-20T07:36:51+00:00
CVE-2024-43485,updated,2026-08-19,cve_2023_to_2025,2026-08-20T07:36:51+00:00
CVE-2024-43488,updated,2026-08-19,cve_2023_to_2025,2026-08-20T07:36:51+00:00
CVE-2024-43497,updated,2026-08-19,cve_2023_to_2025,2026-08-20T07:36:51+00:00
CVE-2024-43500,updated,2026-08-19,cve_2023_to_2025,2026-08-20T07:36:51+00:00
CVE-2024-43501,updated,2026-08-19,cve_2023_to_2025,2026-08-20T07:36:51+00:00
CVE-2024-43502,updated,2026-08-19,cve_2023_to_2025,2026-08-20T07:36:51+00:00
CVE-2024-43503,updated,2026-08-19,cve_2023_to_2025,2026-08-20T07:36:51+00:00
CVE-2024-43504,updated,2026-08-19,cve_2023_to_2025,2026-08-20T07:36:51+00:00
CVE-2024-43505,updated,2026-08-19,cve_2023_to_2025,2026-08-20T07:36:51+00:00
CVE-2024-43506,updated,2026-08-19,cve_2023_to_2025,2026-08-20T07:36:51+00:00
CVE-2024-43508,updated,2026-08-19,cve_2023_to_2025,2026-08-20T07:36:51+00:00
CVE-2024-43509,updated,2026-08-19,cve_2023_to_2025,2026-08-20T07:36:51+00:00
CVE-2024-43511,updated,2026-08-19,cve_2023_to_2025,2026-08-20T07:36:51+00:00
CVE-2024-43512,updated,2026-08-19,cve_2023_to_2025,2026-08-20T07:36:51+00:00
CVE-2024-43513,updated,2026-08-19,cve_2023_to_2025,2026-08-20T07:36:51+00:00
CVE-2024-43514,updated,2026-08-19,cve_2023_to_2025,2026-08-20T07:36:51+00:00
CVE-2024-43515,updated,2026-08-19,cve_2023_to_2025,2026-08-20T07:36:51+00:00
CVE-2024-43516,updated,2026-08-19,cve_2023_to_2025,2026-08-20T07:36:51+00:00
CVE-2024-43517,updated,2026-08-19,cve_2023_to_2025,2026-08-20T07:36:51+00:00
CVE-2024-43518,updated,2026-08-19,cve_2023_to_2025,2026-08-20T07:36:51+00:00
CVE-2024-43519,updated,2026-08-19,cve_2023_to_2025,2026-08-20T07:36:51+00:00
CVE-2024-43520,updated,2026-08-19,cve_2023_to_2025,2026-08-20T07:36:51+00:00
CVE-2024-43521,updated,2026-08-19,cve_2023_to_2025,2026-08-20T07:36:51+00:00
CVE-2024-43522,updated,2026-08-19,cve_2023_to_2025,2026-08-20T07:36:51+00:00
CVE-2024-43523,updated,2026-08-19,cve_2023_to_2025,2026-08-20T07:36:51+00:00
CVE-2024-43524,updated,2026-08-19,cve_2023_to_2025,2026-08-20T07:36:51+00:00
CVE-2024-43525,updated,2026-08-19,cve_2023_to_2025,2026-08-20T07:36:51+00:00
CVE-2024-43526,updated,2026-08-19,cve_2023_to_2025,2026-08-20T07:36:51+00:00
CVE-2024-43527,updated,2026-08-19,cve_2023_to_2025,2026-08-20T07:36:51+00:00
CVE-2024-43528,updated,2026-08-19,cve_2023_to_2025,2026-08-20T07:36:51+00:00
CVE-2024-43529,updated,2026-08-19,cve_2023_to_2025,2026-08-20T07:36:51+00:00
CVE-2024-43532,updated,2026-08-19,cve_2023_to_2025,2026-08-20T07:36:51+00:00
CVE-2024-43533,updated,2026-08-19,cve_2023_to_2025,2026-08-20T07:36:51+00:00
CVE-2024-43534,updated,2026-08-19,cve_2023_to_2025,2026-08-20T07:36:51+00:00
CVE-2024-43535,updated,2026-08-19,cve_2023_to_2025,2026-08-20T07:36:51+00:00
CVE-2024-43536,updated,2026-08-19,cve_2023_to_2025,2026-08-20T07:36:51+00:00
CVE-2024-43537,updated,2026-08-19,cve_2023_to_2025,2026-08-20T07:36:51+00:00
CVE-2024-43538,updated,2026-08-19,cve_2023_to_2025,2026-08-20T07:36:51+00:00
CVE-2024-43540,updated,2026-08-19,cve_2023_to_2025,2026-08-20T07:36:51+00:00
CVE-2024-43541,updated,2026-08-19,cve_2023_to_2025,2026-08-20T07:36:51+00:00
CVE-2024-43542,updated,2026-08-19,cve_2023_to_2025,2026-08-20T07:36:51+00:00
CVE-2024-43543,updated,2026-08-19,cve_2023_to_2025,2026-08-20T07:36:51+00:00
CVE-2024-43544,updated,2026-08-19,cve_2023_to_2025,2026-08-20T07:36:51+00:00
CVE-2024-43545,updated,2026-08-19,cve_2023_to_2025,2026-08-20T07:36:51+00:00
CVE-2024-43546,updated,2026-08-19,cve_2023_to_2025,2026-08-20T07:36:51+00:00
CVE-2024-43547,updated,2026-08-19,cve_2023_to_2025,2026-08-20T07:36:51+00:00
CVE-2024-43549,updated,2026-08-19,cve_2023_to_2025,2026-08-20T07:36:51+00:00
CVE-2024-43550,updated,2026-08-19,cve_2023_to_2025,2026-08-20T07:36:51+00:00
CVE-2024-43551,updated,2026-08-19,cve_2023_to_2025,2026-08-20T07:36:51+00:00
CVE-2024-43552,updated,2026-08-19,cve_2023_to_2025,2026-08-20T07:36:51+00:00
CVE-2024-43553,updated,2026-08-19,cve_2023_to_2025,2026-08-20T07:36:51+00:00
CVE-2024-43554,updated,2026-08-19,cve_2023_to_2025,2026-08-20T07:36:51+00:00
CVE-2024-43555,updated,2026-08-19,cve_2023_to_2025,2026-08-20T07:36:51+00:00
CVE-2024-43556,updated,2026-08-19,cve_2023_to_2025,2026-08-20T07:36:51+00:00
CVE-2024-43557,updated,2026-08-19,cve_2023_to_2025,2026-08-20T07:36:51+00:00
CVE-2024-43558,updated,2026-08-19,cve_2023_to_2025,2026-08-20T07:36:51+00:00
CVE-2024-43559,updated,2026-08-19,cve_2023_to_2025,2026-08-20T07:36:51+00:00
CVE-2024-43560,updated,2026-08-19,cve_2023_to_2025,2026-08-20T07:36:51+00:00
CVE-2024-43561,updated,2026-08-19,cve_2023_to_2025,2026-08-20T07:36:51+00:00
CVE-2024-43562,updated,2026-08-19,cve_2023_to_2025,2026-08-20T07:36:51+00:00
CVE-2024-43563,updated,2026-08-19,cve_2023_to_2025,2026-08-20T07:36:51+00:00
CVE-2024-43564,updated,2026-08-19,cve_2023_to_2025,2026-08-20T07:36:51+00:00
CVE-2024-43565,updated,2026-08-19,cve_2023_to_2025,2026-08-20T07:36:51+00:00
CVE-2024-43566,updated,2026-08-19,cve_2023_to_2025,2026-08-20T07:36:51+00:00
CVE-2024-43567,updated,2026-08-19,cve_2023_to_2025,2026-08-20T07:36:51+00:00
CVE-2024-43570,updated,2026-08-19,cve_2023_to_2025,2026-08-20T07:36:51+00:00
CVE-2024-43571,updated,2026-08-19,cve_2023_to_2025,2026-08-20T07:36:51+00:00
CVE-2024-43572,updated,2026-08-19,cve_2023_to_2025,2026-08-20T07:36:51+00:00
CVE-2024-43573,updated,2026-08-19,cve_2023_to_2025,2026-08-20T07:36:51+00:00
CVE-2024-43574,updated,2026-08-19,cve_2023_to_2025,2026-08-20T07:36:51+00:00
CVE-2024-43575,updated,2026-08-19,cve_2023_to_2025,2026-08-20T07:36:51+00:00
CVE-2024-43576,updated,2026-08-19,cve_2023_to_2025,2026-08-20T07:36:51+00:00
CVE-2024-43577,updated,2026-08-19,cve_2023_to_2025,2026-08-20T07:36:51+00:00
CVE-2024-43578,updated,2026-08-19,cve_2023_to_2025,2026-08-20T07:36:51+00:00
CVE-2024-43579,updated,2026-08-19,cve_2023_to_2025,2026-08-20T07:36:51+00:00
CVE-2024-43580,updated,2026-08-19,cve_2023_to_2025,2026-08-20T07:36:51+00:00
CVE-2024-43581,updated,2026-08-19,cve_2023_to_2025,2026-08-20T07:36:51+00:00
CVE-2024-43582,updated,2026-08-19,cve_2023_to_2025,2026-08-20T07:36:51+00:00
CVE-2024-43583,updated,2026-08-19,cve_2023_to_2025,2026-08-20T07:36:51+00:00
CVE-2024-43584,updated,2026-08-19,cve_2023_to_2025,2026-08-20T07:36:51+00:00
CVE-2024-43585,updated,2026-08-19,cve_2023_to_2025,2026-08-20T07:36:51+00:00
CVE-2024-43587,updated,2026-08-19,cve_2023_to_2025,2026-08-20T07:36:51+00:00
CVE-2024-43589,updated,2026-08-19,cve_2023_to_2025,2026-08-20T07:36:51+00:00
CVE-2024-43590,updated,2026-08-19,cve_2023_to_2025,2026-08-20T07:36:51+00:00
CVE-2024-43591,updated,2026-08-19,cve_2023_to_2025,2026-08-20T07:36:51+00:00
CVE-2024-43592,updated,2026-08-19,cve_2023_to_2025,2026-08-20T07:36:51+00:00
CVE-2024-43593,updated,2026-08-19,cve_2023_to_2025,2026-08-20T07:36:51+00:00
CVE-2024-43595,updated,2026-08-19,cve_2023_to_2025,2026-08-20T07:36:51+00:00
CVE-2024-43596,updated,2026-08-19,cve_2023_to_2025,2026-08-20T07:36:51+00:00
CVE-2024-43599,updated,2026-08-19,cve_2023_to_2025,2026-08-20T07:36:51+00:00
CVE-2024-43601,updated,2026-08-19,cve_2023_to_2025,2026-08-20T07:36:51+00:00
CVE-2024-43603,updated,2026-08-19,cve_2023_to_2025,2026-08-20T07:36:51+00:00
CVE-2024-43604,updated,2026-08-19,cve_2023_to_2025,2026-08-20T07:36:51+00:00
CVE-2024-43607,updated,2026-08-19,cve_2023_to_2025,2026-08-20T07:36:51+00:00
CVE-2024-43608,updated,2026-08-19,cve_2023_to_2025,2026-08-20T07:36:51+00:00
CVE-2024-43609,updated,2026-08-19,cve_2023_to_2025,2026-08-20T07:36:51+00:00
CVE-2024-43610,updated,2026-08-19,cve_2023_to_2025,2026-08-20T07:36:51+00:00
CVE-2024-43611,updated,2026-08-19,cve_2023_to_2025,2026-08-20T07:36:51+00:00
CVE-2024-43612,updated,2026-08-19,cve_2023_to_2025,2026-08-20T07:36:51+00:00
CVE-2024-43614,updated,2026-08-19,cve_2023_to_2025,2026-08-20T07:36:51+00:00
CVE-2024-43615,updated,2026-08-19,cve_2023_to_2025,2026-08-20T07:36:51+00:00
CVE-2024-43616,updated,2026-08-19,cve_2023_to_2025,2026-08-20T07:36:51+00:00
CVE-2024-49023,updated,2026-08-19,cve_2023_to_2025,2026-08-20T07:36:51+00:00
CVE-2024-50125,updated,2026-08-19,cve_2023_to_2025,2026-08-20T07:36:51+00:00
CVE-2024-53920,updated,2025-03-13,cve_2023_to_2025,2026-08-20T07:36:51+00:00
CVE-2024-58240,updated,2026-08-19,cve_2023_to_2025,2026-08-20T07:36:51+00:00
CVE-2024-58376,added,,cve_2023_to_2025,2026-08-20T07:36:51+00:00
CVE-2025-1026,updated,2026-08-19,cve_2023_to_2025,2026-08-20T07:36:51+00:00
CVE-2025-5222,updated,2026-08-19,cve_2023_to_2025,2026-08-20T07:36:51+00:00
CVE-2025-9784,updated,2026-08-19,cve_2023_to_2025,2026-08-20T07:36:51+00:00
CVE-2025-10263,updated,2026-08-19,cve_2023_to_2025,2026-08-20T07:36:51+00:00
CVE-2025-11729,updated,2026-08-19,cve_2023_to_2025,2026-08-20T07:36:51+00:00
CVE-2025-12543,updated,2026-08-19,cve_2023_to_2025,2026-08-20T07:36:51+00:00
CVE-2025-13465,updated,2026-08-19,cve_2023_to_2025,2026-08-20T07:36:51+00:00
CVE-2025-14600,added,,cve_2023_to_2025,2026-08-20T07:36:51+00:00
CVE-2025-14601,added,,cve_2023_to_2025,2026-08-20T07:36:51+00:00
CVE-2025-14602,added,,cve_2023_to_2025,2026-08-20T07:36:51+00:00
CVE-2025-14603,added,,cve_2023_to_2025,2026-08-20T07:36:51+00:00
CVE-2025-23367,updated,2026-08-19,cve_2023_to_2025,2026-08-20T07:36:51+00:00
CVE-2025-36254,added,,cve_2023_to_2025,2026-08-20T07:36:51+00:00
CVE-2025-36255,added,,cve_2023_to_2025,2026-08-20T07:36:51+00:00
CVE-2025-36398,added,,cve_2023_to_2025,2026-08-20T07:36:51+00:00
CVE-2025-39901,updated,2026-08-19,cve_2023_to_2025,2026-08-20T07:36:51+00:00
CVE-2025-40307,updated,2026-08-19,cve_2023_to_2025,2026-08-20T07:36:51+00:00
CVE-2025-41115,updated,2026-08-19,cve_2023_to_2025,2026-08-20T07:36:51+00:00
CVE-2025-41117,updated,2026-08-19,cve_2023_to_2025,2026-08-20T07:36:51+00:00
CVE-2025-41118,updated,2026-08-19,cve_2023_to_2025,2026-08-20T07:36:51+00:00
CVE-2025-48431,updated,2026-08-19,cve_2023_to_2025,2026-08-20T07:36:51+00:00
CVE-2025-54518,updated,2026-08-19,cve_2023_to_2025,2026-08-20T07:36:51+00:00
CVE-2025-61140,updated,2026-08-19,cve_2023_to_2025,2026-08-20T07:36:51+00:00
CVE-2025-61726,updated,2026-08-19,cve_2023_to_2025,2026-08-20T07:36:51+00:00
CVE-2025-61731,updated,2026-08-19,cve_2023_to_2025,2026-08-20T07:36:51+00:00
CVE-2025-61732,updated,2026-08-19,cve_2023_to_2025,2026-08-20T07:36:51+00:00
CVE-2025-62718,updated,2026-08-19,cve_2023_to_2025,2026-08-20T07:36:51+00:00
CVE-2025-69223,updated,2026-08-19,cve_2023_to_2025,2026-08-20T07:36:51+00:00
CVE-2026-0102,updated,2026-08-19,cve_2026_to_now,2026-08-20T07:36:51+00:00
CVE-2026-0391,updated,2026-08-19,cve_2026_to_now,2026-08-20T07:36:51+00:00
CVE-2026-0603,updated,2026-08-19,cve_2026_to_now,2026-08-20T07:36:51+00:00
CVE-2026-1526,updated,2026-08-19,cve_2026_to_now,2026-08-20T07:36:51+00:00
CVE-2026-1784,updated,2026-08-19,cve_2026_to_now,2026-08-20T07:36:51+00:00
CVE-2026-1933,updated,2026-08-19,cve_2026_to_now,2026-08-20T07:36:51+00:00
CVE-2026-2229,updated,2026-08-19,cve_2026_to_now,2026-08-20T07:36:51+00:00
CVE-2026-4740,updated,2026-08-19,cve_2026_to_now,2026-08-20T07:36:51+00:00
CVE-2026-4800,updated,2026-08-19,cve_2026_to_now,2026-08-20T07:36:51+00:00
CVE-2026-4878,updated,2026-08-19,cve_2026_to_now,2026-08-20T07:36:51+00:00
CVE-2026-4926,updated,2026-08-19,cve_2026_to_now,2026-08-20T07:36:51+00:00
CVE-2026-4936,added,,cve_2026_to_now,2026-08-20T07:36:51+00:00
CVE-2026-4937,added,,cve_2026_to_now,2026-08-20T07:36:51+00:00
CVE-2026-5241,updated,2026-08-19,cve_2026_to_now,2026-08-20T07:36:51+00:00
CVE-2026-6321,updated,2026-08-19,cve_2026_to_now,2026-08-20T07:36:51+00:00
CVE-2026-6322,updated,2026-08-19,cve_2026_to_now,2026-08-20T07:36:51+00:00
CVE-2026-6734,updated,2026-08-19,cve_2026_to_now,2026-08-20T07:36:51+00:00
CVE-2026-6846,updated,2026-08-19,cve_2026_to_now,2026-08-20T07:36:51+00:00
CVE-2026-7163,updated,2026-08-19,cve_2026_to_now,2026-08-20T07:36:51+00:00
CVE-2026-8595,updated,2026-08-19,cve_2026_to_now,2026-08-20T07:36:51+00:00
CVE-2026-8609,updated,2026-08-19,cve_2026_to_now,2026-08-20T07:36:51+00:00
CVE-2026-8619,added,,cve_2026_to_now,2026-08-20T07:36:51+00:00
CVE-2026-8643,updated,2026-08-19,cve_2026_to_now,2026-08-20T07:36:51+00:00
CVE-2026-9029,updated,2026-08-19,cve_2026_to_now,2026-08-20T07:36:51+00:00
CVE-2026-9277,updated,2026-08-19,cve_2026_to_now,2026-08-20T07:36:51+00:00
CVE-2026-9689,updated,2026-08-20,cve_2026_to_now,2026-08-20T07:36:51+00:00
CVE-2026-9697,updated,2026-08-19,cve_2026_to_now,2026-08-20T07:36:51+00:00
CVE-2026-9793,updated,2026-08-20,cve_2026_to_now,2026-08-20T07:36:51+00:00
CVE-2026-9798,updated,2026-08-20,cve_2026_to_now,2026-08-20T07:36:51+00:00
CVE-2026-10601,updated,2026-08-19,cve_2026_to_now,2026-08-20T07:36:51+00:00
CVE-2026-11332,updated,2026-08-19,cve_2026_to_now,2026-08-20T07:36:51+00:00
CVE-2026-11565,updated,,cve_2026_to_now,2026-08-20T07:36:51+00:00
CVE-2026-11617,added,,cve_2026_to_now,2026-08-20T07:36:51+00:00
CVE-2026-11769,updated,2026-08-19,cve_2026_to_now,2026-08-20T07:36:51+00:00
CVE-2026-11817,updated,2026-08-19,cve_2026_to_now,2026-08-20T07:36:51+00:00
CVE-2026-12143,updated,2026-08-19,cve_2026_to_now,2026-08-20T07:36:51+00:00
CVE-2026-12151,updated,2026-08-19,cve_2026_to_now,2026-08-20T07:36:51+00:00
CVE-2026-12520,updated,2026-08-19,cve_2026_to_now,2026-08-20T07:36:51+00:00
CVE-2026-12522,added,,cve_2026_to_now,2026-08-20T07:36:51+00:00
CVE-2026-12631,updated,2026-08-19,cve_2026_to_now,2026-08-20T07:36:51+00:00
CVE-2026-12632,updated,2026-08-19,cve_2026_to_now,2026-08-20T07:36:51+00:00
CVE-2026-12633,added,,cve_2026_to_now,2026-08-20T07:36:51+00:00
CVE-2026-12634,added,,cve_2026_to_now,2026-08-20T07:36:51+00:00
CVE-2026-12983,updated,,cve_2026_to_now,2026-08-20T07:36:51+00:00
CVE-2026-13169,updated,,cve_2026_to_now,2026-08-20T07:36:51+00:00
CVE-2026-13173,updated,,cve_2026_to_now,2026-08-20T07:36:51+00:00
CVE-2026-13174,updated,,cve_2026_to_now,2026-08-20T07:36:51+00:00
CVE-2026-13175,updated,,cve_2026_to_now,2026-08-20T07:36:51+00:00
CVE-2026-13405,added,,cve_2026_to_now,2026-08-20T07:36:51+00:00
CVE-2026-13676,updated,2026-08-19,cve_2026_to_now,2026-08-20T07:36:51+00:00
CVE-2026-14163,added,,cve_2026_to_now,2026-08-20T07:36:51+00:00
CVE-2026-14164,updated,2026-08-19,cve_2026_to_now,2026-08-20T07:36:51+00:00
CVE-2026-14196,updated,,cve_2026_to_now,2026-08-20T07:36:51+00:00
CVE-2026-14287,updated,,cve_2026_to_now,2026-08-20T07:36:51+00:00
CVE-2026-14334,updated,,cve_2026_to_now,2026-08-20T07:36:51+00:00
CVE-2026-14474,updated,2026-08-19,cve_2026_to_now,2026-08-20T07:36:51+00:00
CVE-2026-14476,updated,2026-08-19,cve_2026_to_now,2026-08-20T07:36:51+00:00
CVE-2026-14514,added,,cve_2026_to_now,2026-08-20T07:36:51+00:00
CVE-2026-14825,updated,,cve_2026_to_now,2026-08-20T07:36:51+00:00
CVE-2026-14826,updated,,cve_2026_to_now,2026-08-20T07:36:51+00:00
CVE-2026-14861,updated,,cve_2026_to_now,2026-08-20T07:36:51+00:00
CVE-2026-14970,added,,cve_2026_to_now,2026-08-20T07:36:51+00:00
CVE-2026-14978,added,,cve_2026_to_now,2026-08-20T07:36:51+00:00
CVE-2026-15028,updated,2026-08-19,cve_2026_to_now,2026-08-20T07:36:51+00:00
CVE-2026-15049,added,,cve_2026_to_now,2026-08-20T07:36:51+00:00
CVE-2026-15061,added,,cve_2026_to_now,2026-08-20T07:36:51+00:00
CVE-2026-15065,added,2026-08-20,cve_2026_to_now,2026-08-20T07:36:51+00:00
CVE-2026-15068,added,2026-08-20,cve_2026_to_now,2026-08-20T07:36:51+00:00
CVE-2026-15078,added,2026-08-20,cve_2026_to_now,2026-08-20T07:36:51+00:00
CVE-2026-15253,updated,,cve_2026_to_now,2026-08-20T07:36:51+00:00
CVE-2026-15583,updated,2026-08-19,cve_2026_to_now,2026-08-20T07:36:51+00:00
CVE-2026-15588,updated,2026-08-19,cve_2026_to_now,2026-08-20T07:36:51+00:00
CVE-2026-15780,updated,,cve_2026_to_now,2026-08-20T07:36:51+00:00
CVE-2026-15806,updated,2026-08-20,cve_2026_to_now,2026-08-20T07:36:51+00:00
CVE-2026-15961,added,,cve_2026_to_now,2026-08-20T07:36:51+00:00
CVE-2026-16019,added,,cve_2026_to_now,2026-08-20T07:36:51+00:00
CVE-2026-16058,updated,,cve_2026_to_now,2026-08-20T07:36:51+00:00
CVE-2026-16440,added,,cve_2026_to_now,2026-08-20T07:36:51+00:00
CVE-2026-16517,updated,2026-08-19,cve_2026_to_now,2026-08-20T07:36:51+00:00
CVE-2026-16570,updated,,cve_2026_to_now,2026-08-20T07:36:51+00:00
CVE-2026-16616,updated,,cve_2026_to_now,2026-08-20T07:36:51+00:00
CVE-2026-16617,updated,,cve_2026_to_now,2026-08-20T07:36:51+00:00
CVE-2026-16656,added,2026-08-20,cve_2026_to_now,2026-08-20T07:36:51+00:00
CVE-2026-16661,added,,cve_2026_to_now,2026-08-20T07:36:51+00:00
CVE-2026-16686,added,,cve_2026_to_now,2026-08-20T07:36:51+00:00
CVE-2026-16687,added,,cve_2026_to_now,2026-08-20T07:36:51+00:00
CVE-2026-16690,added,,cve_2026_to_now,2026-08-20T07:36:51+00:00
CVE-2026-16703,added,2026-08-20,cve_2026_to_now,2026-08-20T07:36:51+00:00
CVE-2026-16706,added,,cve_2026_to_now,2026-08-20T07:36:51+00:00
CVE-2026-16707,added,,cve_2026_to_now,2026-08-20T07:36:51+00:00
CVE-2026-16724,added,,cve_2026_to_now,2026-08-20T07:36:51+00:00
CVE-2026-16732,updated,2026-08-19,cve_2026_to_now,2026-08-20T07:36:51+00:00
CVE-2026-16814,added,2026-08-20,cve_2026_to_now,2026-08-20T07:36:51+00:00
CVE-2026-16816,added,2026-08-20,cve_2026_to_now,2026-08-20T07:36:51+00:00
CVE-2026-16817,added,,cve_2026_to_now,2026-08-20T07:36:51+00:00
CVE-2026-16818,added,,cve_2026_to_now,2026-08-20T07:36:51+00:00
CVE-2026-16819,added,,cve_2026_to_now,2026-08-20T07:36:51+00:00
CVE-2026-16822,added,,cve_2026_to_now,2026-08-20T07:36:51+00:00
CVE-2026-16824,added,,cve_2026_to_now,2026-08-20T07:36:51+00:00
CVE-2026-16825,added,,cve_2026_to_now,2026-08-20T07:36:51+00:00
CVE-2026-16827,added,,cve_2026_to_now,2026-08-20T07:36:51+00:00
CVE-2026-16828,added,,cve_2026_to_now,2026-08-20T07:36:51+00:00
CVE-2026-16829,added,,cve_2026_to_now,2026-08-20T07:36:51+00:00
CVE-2026-16831,added,,cve_2026_to_now,2026-08-20T07:36:51+00:00
CVE-2026-16832,added,,cve_2026_to_now,2026-08-20T07:36:51+00:00
CVE-2026-16833,added,,cve_2026_to_now,2026-08-20T07:36:51+00:00
CVE-2026-16834,added,,cve_2026_to_now,2026-08-20T07:36:51+00:00
CVE-2026-16835,added,,cve_2026_to_now,2026-08-20T07:36:51+00:00
CVE-2026-16836,added,,cve_2026_to_now,2026-08-20T07:36:51+00:00
CVE-2026-16837,added,,cve_2026_to_now,2026-08-20T07:36:51+00:00
CVE-2026-16838,added,,cve_2026_to_now,2026-08-20T07:36:51+00:00
CVE-2026-16839,added,,cve_2026_to_now,2026-08-20T07:36:51+00:00
CVE-2026-16840,added,,cve_2026_to_now,2026-08-20T07:36:51+00:00
CVE-2026-16841,added,,cve_2026_to_now,2026-08-20T07:36:51+00:00
CVE-2026-16842,added,,cve_2026_to_now,2026-08-20T07:36:51+00:00
CVE-2026-16844,added,,cve_2026_to_now,2026-08-20T07:36:51+00:00
CVE-2026-16845,added,,cve_2026_to_now,2026-08-20T07:36:51+00:00
CVE-2026-16846,added,,cve_2026_to_now,2026-08-20T07:36:51+00:00
CVE-2026-16847,added,,cve_2026_to_now,2026-08-20T07:36:51+00:00
CVE-2026-16848,added,,cve_2026_to_now,2026-08-20T07:36:51+00:00
CVE-2026-16849,added,,cve_2026_to_now,2026-08-20T07:36:51+00:00
CVE-2026-16850,added,,cve_2026_to_now,2026-08-20T07:36:51+00:00
CVE-2026-16851,added,,cve_2026_to_now,2026-08-20T07:36:51+00:00
CVE-2026-16852,added,,cve_2026_to_now,2026-08-20T07:36:51+00:00
CVE-2026-16855,added,,cve_2026_to_now,2026-08-20T07:36:51+00:00
CVE-2026-16857,added,,cve_2026_to_now,2026-08-20T07:36:51+00:00
CVE-2026-16862,added,,cve_2026_to_now,2026-08-20T07:36:51+00:00
CVE-2026-16864,added,,cve_2026_to_now,2026-08-20T07:36:51+00:00
CVE-2026-16865,added,,cve_2026_to_now,2026-08-20T07:36:51+00:00
CVE-2026-16866,added,,cve_2026_to_now,2026-08-20T07:36:51+00:00
CVE-2026-16869,added,,cve_2026_to_now,2026-08-20T07:36:51+00:00
CVE-2026-16872,added,,cve_2026_to_now,2026-08-20T07:36:51+00:00
CVE-2026-16873,added,,cve_2026_to_now,2026-08-20T07:36:51+00:00
CVE-2026-16874,added,,cve_2026_to_now,2026-08-20T07:36:51+00:00
CVE-2026-16875,added,,cve_2026_to_now,2026-08-20T07:36:51+00:00
CVE-2026-16877,added,,cve_2026_to_now,2026-08-20T07:36:51+00:00
CVE-2026-16882,added,,cve_2026_to_now,2026-08-20T07:36:51+00:00
CVE-2026-16883,added,,cve_2026_to_now,2026-08-20T07:36:51+00:00
CVE-2026-16885,added,2026-08-20,cve_2026_to_now,2026-08-20T07:36:51+00:00
CVE-2026-16886,added,,cve_2026_to_now,2026-08-20T07:36:51+00:00
CVE-2026-16888,added,,cve_2026_to_now,2026-08-20T07:36:51+00:00
CVE-2026-16890,added,,cve_2026_to_now,2026-08-20T07:36:51+00:00
CVE-2026-16891,added,,cve_2026_to_now,2026-08-20T07:36:51+00:00
CVE-2026-16894,added,,cve_2026_to_now,2026-08-20T07:36:51+00:00
CVE-2026-16897,added,,cve_2026_to_now,2026-08-20T07:36:51+00:00
CVE-2026-16901,added,,cve_2026_to_now,2026-08-20T07:36:51+00:00
CVE-2026-16903,added,,cve_2026_to_now,2026-08-20T07:36:51+00:00
CVE-2026-16909,added,,cve_2026_to_now,2026-08-20T07:36:51+00:00
CVE-2026-16911,added,,cve_2026_to_now,2026-08-20T07:36:51+00:00
CVE-2026-16913,added,,cve_2026_to_now,2026-08-20T07:36:51+00:00
CVE-2026-16914,added,,cve_2026_to_now,2026-08-20T07:36:51+00:00
CVE-2026-16917,added,,cve_2026_to_now,2026-08-20T07:36:51+00:00
CVE-2026-16919,added,,cve_2026_to_now,2026-08-20T07:36:51+00:00
CVE-2026-16930,added,,cve_2026_to_now,2026-08-20T07:36:51+00:00
CVE-2026-16933,added,,cve_2026_to_now,2026-08-20T07:36:51+00:00
CVE-2026-16938,added,,cve_2026_to_now,2026-08-20T07:36:51+00:00
CVE-2026-16950,updated,,cve_2026_to_now,2026-08-20T07:36:51+00:00
CVE-2026-16979,updated,,cve_2026_to_now,2026-08-20T07:36:51+00:00
CVE-2026-17015,added,,cve_2026_to_now,2026-08-20T07:36:51+00:00
CVE-2026-17028,added,,cve_2026_to_now,2026-08-20T07:36:51+00:00
CVE-2026-17042,added,,cve_2026_to_now,2026-08-20T07:36:51+00:00
CVE-2026-17063,added,,cve_2026_to_now,2026-08-20T07:36:51+00:00
CVE-2026-17091,added,,cve_2026_to_now,2026-08-20T07:36:51+00:00
CVE-2026-17093,added,,cve_2026_to_now,2026-08-20T07:36:51+00:00
CVE-2026-17097,added,,cve_2026_to_now,2026-08-20T07:36:51+00:00
CVE-2026-17100,added,,cve_2026_to_now,2026-08-20T07:36:51+00:00
CVE-2026-17153,added,,cve_2026_to_now,2026-08-20T07:36:51+00:00
CVE-2026-17183,added,,cve_2026_to_now,2026-08-20T07:36:51+00:00
CVE-2026-17414,added,,cve_2026_to_now,2026-08-20T07:36:51+00:00
CVE-2026-17429,added,,cve_2026_to_now,2026-08-20T07:36:51+00:00
CVE-2026-17494,added,,cve_2026_to_now,2026-08-20T07:36:51+00:00
CVE-2026-17565,updated,,cve_2026_to_now,2026-08-20T07:36:51+00:00
CVE-2026-18031,updated,,cve_2026_to_now,2026-08-20T07:36:51+00:00
CVE-2026-18051,updated,,cve_2026_to_now,2026-08-20T07:36:51+00:00
CVE-2026-18102,added,,cve_2026_to_now,2026-08-20T07:36:51+00:00
CVE-2026-18202,updated,,cve_2026_to_now,2026-08-20T07:36:51+00:00
CVE-2026-18231,updated,,cve_2026_to_now,2026-08-20T07:36:51+00:00
CVE-2026-18315,added,,cve_2026_to_now,2026-08-20T07:36:51+00:00
CVE-2026-18371,added,,cve_2026_to_now,2026-08-20T07:36:51+00:00
CVE-2026-18372,added,,cve_2026_to_now,2026-08-20T07:36:51+00:00
CVE-2026-18430,added,,cve_2026_to_now,2026-08-20T07:36:51+00:00
CVE-2026-18466,updated,,cve_2026_to_now,2026-08-20T07:36:51+00:00
CVE-2026-18504,updated,2026-08-19,cve_2026_to_now,2026-08-20T07:36:51+00:00
CVE-2026-18526,added,,cve_2026_to_now,2026-08-20T07:36:51+00:00
CVE-2026-18544,added,,cve_2026_to_now,2026-08-20T07:36:51+00:00
CVE-2026-18649,updated,2026-08-19,cve_2026_to_now,2026-08-20T07:36:51+00:00
CVE-2026-18681,added,,cve_2026_to_now,2026-08-20T07:36:51+00:00
CVE-2026-18739,updated,2026-08-19,cve_2026_to_now,2026-08-20T07:36:51+00:00
CVE-2026-18756,added,,cve_2026_to_now,2026-08-20T07:36:51+00:00
CVE-2026-18776,updated,,cve_2026_to_now,2026-08-20T07:36:51+00:00
CVE-2026-18777,updated,,cve_2026_to_now,2026-08-20T07:36:51+00:00
CVE-2026-18778,updated,,cve_2026_to_now,2026-08-20T07:36:51+00:00
CVE-2026-18779,updated,,cve_2026_to_now,2026-08-20T07:36:51+00:00
CVE-2026-18821,added,,cve_2026_to_now,2026-08-20T07:36:51+00:00
CVE-2026-18848,added,,cve_2026_to_now,2026-08-20T07:36:51+00:00
CVE-2026-18849,added,,cve_2026_to_now,2026-08-20T07:36:51+00:00
CVE-2026-18871,added,,cve_2026_to_now,2026-08-20T07:36:51+00:00
CVE-2026-18874,added,,cve_2026_to_now,2026-08-20T07:36:51+00:00
CVE-2026-18937,updated,,cve_2026_to_now,2026-08-20T07:36:51+00:00
CVE-2026-18942,updated,2026-08-19,cve_2026_to_now,2026-08-20T07:36:51+00:00
CVE-2026-18947,updated,2026-08-19,cve_2026_to_now,2026-08-20T07:36:51+00:00
CVE-2026-18948,updated,2026-08-19,cve_2026_to_now,2026-08-20T07:36:51+00:00
CVE-2026-18950,updated,2026-08-19,cve_2026_to_now,2026-08-20T07:36:51+00:00
CVE-2026-18963,updated,2026-08-20,cve_2026_to_now,2026-08-20T07:36:51+00:00
CVE-2026-19055,updated,,cve_2026_to_now,2026-08-20T07:36:51+00:00
CVE-2026-19056,updated,,cve_2026_to_now,2026-08-20T07:36:51+00:00
CVE-2026-19198,added,,cve_2026_to_now,2026-08-20T07:36:51+00:00
CVE-2026-19234,added,,cve_2026_to_now,2026-08-20T07:36:51+00:00
CVE-2026-19321,added,,cve_2026_to_now,2026-08-20T07:36:51+00:00
CVE-2026-19406,updated,,cve_2026_to_now,2026-08-20T07:36:51+00:00
CVE-2026-19416,updated,,cve_2026_to_now,2026-08-20T07:36:51+00:00
CVE-2026-19417,updated,,cve_2026_to_now,2026-08-20T07:36:51+00:00
CVE-2026-19447,updated,2026-08-19,cve_2026_to_now,2026-08-20T07:36:51+00:00
CVE-2026-19489,added,,cve_2026_to_now,2026-08-20T07:36:51+00:00
CVE-2026-19490,added,2026-08-20,cve_2026_to_now,2026-08-20T07:36:51+00:00
CVE-2026-19500,updated,2026-08-19,cve_2026_to_now,2026-08-20T07:36:51+00:00
CVE-2026-19501,updated,2026-08-19,cve_2026_to_now,2026-08-20T07:36:51+00:00
CVE-2026-19505,added,,cve_2026_to_now,2026-08-20T07:36:51+00:00
CVE-2026-19506,added,,cve_2026_to_now,2026-08-20T07:36:51+00:00
CVE-2026-19507,added,,cve_2026_to_now,2026-08-20T07:36:51+00:00
CVE-2026-19508,added,,cve_2026_to_now,2026-08-20T07:36:51+00:00
CVE-2026-19509,added,,cve_2026_to_now,2026-08-20T07:36:51+00:00
CVE-2026-19516,updated,2026-08-19,cve_2026_to_now,2026-08-20T07:36:51+00:00
CVE-2026-19582,added,,cve_2026_to_now,2026-08-20T07:36:51+00:00
CVE-2026-19615,added,,cve_2026_to_now,2026-08-20T07:36:51+00:00
CVE-2026-19653,added,,cve_2026_to_now,2026-08-20T07:36:51+00:00
CVE-2026-19672,added,,cve_2026_to_now,2026-08-20T07:36:51+00:00
CVE-2026-19697,added,,cve_2026_to_now,2026-08-20T07:36:51+00:00
CVE-2026-19699,added,,cve_2026_to_now,2026-08-20T07:36:51+00:00
CVE-2026-19709,updated,,cve_2026_to_now,2026-08-20T07:36:51+00:00
CVE-2026-19782,updated,,cve_2026_to_now,2026-08-20T07:36:51+00:00
CVE-2026-19842,updated,,cve_2026_to_now,2026-08-20T07:36:51+00:00
CVE-2026-19869,updated,2026-08-19,cve_2026_to_now,2026-08-20T07:36:51+00:00
CVE-2026-19875,added,,cve_2026_to_now,2026-08-20T07:36:51+00:00
CVE-2026-19894,updated,2026-08-19,cve_2026_to_now,2026-08-20T07:36:51+00:00
CVE-2026-19899,updated,2026-08-19,cve_2026_to_now,2026-08-20T07:36:51+00:00
CVE-2026-19905,updated,2026-08-19,cve_2026_to_now,2026-08-20T07:36:51+00:00
CVE-2026-19919,updated,2026-08-19,cve_2026_to_now,2026-08-20T07:36:51+00:00
CVE-2026-19924,updated,2026-08-19,cve_2026_to_now,2026-08-20T07:36:51+00:00
CVE-2026-19929,updated,2026-08-19,cve_2026_to_now,2026-08-20T07:36:51+00:00
CVE-2026-19955,updated,2026-08-19,cve_2026_to_now,2026-08-20T07:36:51+00:00
CVE-2026-19960,updated,2026-08-19,cve_2026_to_now,2026-08-20T07:36:51+00:00
CVE-2026-19965,updated,2026-08-19,cve_2026_to_now,2026-08-20T07:36:51+00:00
CVE-2026-19970,updated,2026-08-19,cve_2026_to_now,2026-08-20T07:36:51+00:00
CVE-2026-19975,updated,2026-08-19,cve_2026_to_now,2026-08-20T07:36:51+00:00
CVE-2026-19980,updated,2026-08-19,cve_2026_to_now,2026-08-20T07:36:51+00:00
CVE-2026-19986,updated,2026-08-19,cve_2026_to_now,2026-08-20T07:36:51+00:00
CVE-2026-19994,updated,2026-08-19,cve_2026_to_now,2026-08-20T07:36:51+00:00
CVE-2026-19999,updated,2026-08-19,cve_2026_to_now,2026-08-20T07:36:51+00:00
CVE-2026-20030,added,,cve_2026_to_now,2026-08-20T07:36:51+00:00
CVE-2026-20177,added,,cve_2026_to_now,2026-08-20T07:36:51+00:00
CVE-2026-20231,added,2026-08-20,cve_2026_to_now,2026-08-20T07:36:51+00:00
CVE-2026-20232,added,,cve_2026_to_now,2026-08-20T07:36:51+00:00
CVE-2026-20302,added,,cve_2026_to_now,2026-08-20T07:36:51+00:00
CVE-2026-20314,added,,cve_2026_to_now,2026-08-20T07:36:51+00:00
CVE-2026-20315,added,2026-08-20,cve_2026_to_now,2026-08-20T07:36:51+00:00
CVE-2026-20317,added,,cve_2026_to_now,2026-08-20T07:36:51+00:00
CVE-2026-20318,added,,cve_2026_to_now,2026-08-20T07:36:51+00:00
CVE-2026-20319,added,,cve_2026_to_now,2026-08-20T07:36:51+00:00
CVE-2026-20320,added,,cve_2026_to_now,2026-08-20T07:36:51+00:00
CVE-2026-20327,added,,cve_2026_to_now,2026-08-20T07:36:51+00:00
CVE-2026-20357,added,,cve_2026_to_now,2026-08-20T07:36:51+00:00
CVE-2026-20358,added,,cve_2026_to_now,2026-08-20T07:36:51+00:00
CVE-2026-20359,added,,cve_2026_to_now,2026-08-20T07:36:51+00:00
CVE-2026-20841,updated,2026-08-19,cve_2026_to_now,2026-08-20T07:36:51+00:00
CVE-2026-20846,updated,2026-08-19,cve_2026_to_now,2026-08-20T07:36:51+00:00
CVE-2026-21218,updated,2026-08-19,cve_2026_to_now,2026-08-20T07:36:51+00:00
CVE-2026-21222,updated,2026-08-19,cve_2026_to_now,2026-08-20T07:36:51+00:00
CVE-2026-21228,updated,2026-08-19,cve_2026_to_now,2026-08-20T07:36:51+00:00
CVE-2026-21229,updated,2026-08-19,cve_2026_to_now,2026-08-20T07:36:51+00:00
CVE-2026-21231,updated,2026-08-19,cve_2026_to_now,2026-08-20T07:36:51+00:00
CVE-2026-21232,updated,2026-08-19,cve_2026_to_now,2026-08-20T07:36:51+00:00
CVE-2026-21234,updated,2026-08-19,cve_2026_to_now,2026-08-20T07:36:51+00:00
CVE-2026-21235,updated,2026-08-19,cve_2026_to_now,2026-08-20T07:36:51+00:00
CVE-2026-21236,updated,2026-08-19,cve_2026_to_now,2026-08-20T07:36:51+00:00
CVE-2026-21237,updated,2026-08-19,cve_2026_to_now,2026-08-20T07:36:51+00:00
CVE-2026-21238,updated,2026-08-19,cve_2026_to_now,2026-08-20T07:36:51+00:00
CVE-2026-21239,updated,2026-08-19,cve_2026_to_now,2026-08-20T07:36:51+00:00
CVE-2026-21240,updated,2026-08-19,cve_2026_to_now,2026-08-20T07:36:51+00:00
CVE-2026-21241,updated,2026-08-19,cve_2026_to_now,2026-08-20T07:36:51+00:00
CVE-2026-21242,updated,2026-08-19,cve_2026_to_now,2026-08-20T07:36:51+00:00
CVE-2026-21243,updated,2026-08-19,cve_2026_to_now,2026-08-20T07:36:51+00:00
CVE-2026-21244,updated,2026-08-19,cve_2026_to_now,2026-08-20T07:36:51+00:00
CVE-2026-21245,updated,2026-08-19,cve_2026_to_now,2026-08-20T07:36:51+00:00
CVE-2026-21246,updated,2026-08-19,cve_2026_to_now,2026-08-20T07:36:51+00:00
CVE-2026-21247,updated,2026-08-19,cve_2026_to_now,2026-08-20T07:36:51+00:00
CVE-2026-21248,updated,2026-08-19,cve_2026_to_now,2026-08-20T07:36:51+00:00
CVE-2026-21249,updated,2026-08-19,cve_2026_to_now,2026-08-20T07:36:51+00:00
CVE-2026-21250,updated,2026-08-19,cve_2026_to_now,2026-08-20T07:36:51+00:00
CVE-2026-21251,updated,2026-08-19,cve_2026_to_now,2026-08-20T07:36:51+00:00
CVE-2026-21253,updated,2026-08-19,cve_2026_to_now,2026-08-20T07:36:51+00:00
CVE-2026-21255,updated,2026-08-19,cve_2026_to_now,2026-08-20T07:36:51+00:00
CVE-2026-21256,updated,2026-08-19,cve_2026_to_now,2026-08-20T07:36:51+00:00
CVE-2026-21257,updated,2026-08-19,cve_2026_to_now,2026-08-20T07:36:51+00:00
CVE-2026-21258,updated,2026-08-19,cve_2026_to_now,2026-08-20T07:36:51+00:00
CVE-2026-21259,updated,2026-08-19,cve_2026_to_now,2026-08-20T07:36:51+00:00
CVE-2026-21260,updated,2026-08-19,cve_2026_to_now,2026-08-20T07:36:51+00:00
CVE-2026-21261,updated,2026-08-19,cve_2026_to_now,2026-08-20T07:36:51+00:00
CVE-2026-21441,updated,2026-08-19,cve_2026_to_now,2026-08-20T07:36:51+00:00
CVE-2026-21508,updated,2026-08-19,cve_2026_to_now,2026-08-20T07:36:51+00:00
CVE-2026-21510,updated,2026-08-19,cve_2026_to_now,2026-08-20T07:36:51+00:00
CVE-2026-21511,updated,2026-08-19,cve_2026_to_now,2026-08-20T07:36:51+00:00
CVE-2026-21512,updated,2026-08-19,cve_2026_to_now,2026-08-20T07:36:51+00:00
CVE-2026-21513,updated,2026-08-19,cve_2026_to_now,2026-08-20T07:36:51+00:00
CVE-2026-21514,updated,2026-08-19,cve_2026_to_now,2026-08-20T07:36:51+00:00
CVE-2026-21516,updated,2026-08-19,cve_2026_to_now,2026-08-20T07:36:51+00:00
CVE-2026-21517,updated,2026-08-19,cve_2026_to_now,2026-08-20T07:36:51+00:00
CVE-2026-21518,updated,2026-08-19,cve_2026_to_now,2026-08-20T07:36:51+00:00
CVE-2026-21519,updated,2026-08-19,cve_2026_to_now,2026-08-20T07:36:51+00:00
CVE-2026-21522,updated,2026-08-19,cve_2026_to_now,2026-08-20T07:36:51+00:00
CVE-2026-21523,updated,2026-08-19,cve_2026_to_now,2026-08-20T07:36:51+00:00
CVE-2026-21525,updated,2026-08-19,cve_2026_to_now,2026-08-20T07:36:51+00:00
CVE-2026-21527,updated,2026-08-19,cve_2026_to_now,2026-08-20T07:36:51+00:00
CVE-2026-21528,updated,2026-08-19,cve_2026_to_now,2026-08-20T07:36:51+00:00
CVE-2026-21529,updated,2026-08-19,cve_2026_to_now,2026-08-20T07:36:51+00:00
CVE-2026-21531,updated,2026-08-19,cve_2026_to_now,2026-08-20T07:36:51+00:00
CVE-2026-21532,updated,2026-08-19,cve_2026_to_now,2026-08-20T07:36:51+00:00
CVE-2026-21533,updated,2026-08-19,cve_2026_to_now,2026-08-20T07:36:51+00:00
CVE-2026-21535,updated,2026-08-19,cve_2026_to_now,2026-08-20T07:36:51+00:00
CVE-2026-21537,updated,2026-08-19,cve_2026_to_now,2026-08-20T07:36:51+00:00
CVE-2026-21582,updated,2026-08-20,cve_2026_to_now,2026-08-20T07:36:51+00:00
CVE-2026-21584,updated,2026-08-20,cve_2026_to_now,2026-08-20T07:36:51+00:00
CVE-2026-21720,updated,2026-08-19,cve_2026_to_now,2026-08-20T07:36:51+00:00
CVE-2026-21721,updated,2026-08-19,cve_2026_to_now,2026-08-20T07:36:51+00:00
CVE-2026-21722,updated,2026-08-19,cve_2026_to_now,2026-08-20T07:36:51+00:00
CVE-2026-21723,updated,2026-08-19,cve_2026_to_now,2026-08-20T07:36:51+00:00
CVE-2026-21724,updated,2026-08-19,cve_2026_to_now,2026-08-20T07:36:51+00:00
CVE-2026-21725,updated,2026-08-19,cve_2026_to_now,2026-08-20T07:36:51+00:00
CVE-2026-21726,updated,2026-08-19,cve_2026_to_now,2026-08-20T07:36:51+00:00
CVE-2026-21727,updated,2026-08-19,cve_2026_to_now,2026-08-20T07:36:51+00:00
CVE-2026-21728,updated,2026-08-19,cve_2026_to_now,2026-08-20T07:36:51+00:00
CVE-2026-21729,updated,2026-08-19,cve_2026_to_now,2026-08-20T07:36:51+00:00
CVE-2026-22029,updated,2026-08-19,cve_2026_to_now,2026-08-20T07:36:51+00:00
CVE-2026-22306,added,,cve_2026_to_now,2026-08-20T07:36:51+00:00
CVE-2026-22797,updated,2026-08-19,cve_2026_to_now,2026-08-20T07:36:51+00:00
CVE-2026-22853,updated,2026-08-19,cve_2026_to_now,2026-08-20T07:36:51+00:00
CVE-2026-22855,updated,2026-08-19,cve_2026_to_now,2026-08-20T07:36:51+00:00
CVE-2026-22858,updated,2026-08-19,cve_2026_to_now,2026-08-20T07:36:51+00:00
CVE-2026-22859,updated,2026-08-19,cve_2026_to_now,2026-08-20T07:36:51+00:00
CVE-2026-23394,updated,2026-08-19,cve_2026_to_now,2026-08-20T07:36:51+00:00
CVE-2026-23490,updated,2026-08-19,cve_2026_to_now,2026-08-20T07:36:51+00:00
CVE-2026-23501,added,2026-08-20,cve_2026_to_now,2026-08-20T07:36:51+00:00
CVE-2026-23655,updated,2026-08-19,cve_2026_to_now,2026-08-20T07:36:51+00:00
CVE-2026-23745,updated,2026-08-19,cve_2026_to_now,2026-08-20T07:36:51+00:00
CVE-2026-24049,updated,2026-08-19,cve_2026_to_now,2026-08-20T07:36:51+00:00
CVE-2026-24300,updated,2026-08-19,cve_2026_to_now,2026-08-20T07:36:51+00:00
CVE-2026-24301,updated,2026-08-19,cve_2026_to_now,2026-08-20T07:36:51+00:00
CVE-2026-24302,updated,2026-08-19,cve_2026_to_now,2026-08-20T07:36:51+00:00
CVE-2026-25639,updated,2026-08-19,cve_2026_to_now,2026-08-20T07:36:51+00:00
CVE-2026-25679,updated,2026-08-19,cve_2026_to_now,2026-08-20T07:36:51+00:00
CVE-2026-25896,updated,2026-08-19,cve_2026_to_now,2026-08-20T07:36:51+00:00
CVE-2026-26119,updated,2026-08-19,cve_2026_to_now,2026-08-20T07:36:51+00:00
CVE-2026-26145,updated,2026-08-19,cve_2026_to_now,2026-08-20T07:36:51+00:00
CVE-2026-27137,updated,2026-08-19,cve_2026_to_now,2026-08-20T07:36:51+00:00
CVE-2026-27145,updated,2026-08-19,cve_2026_to_now,2026-08-20T07:36:51+00:00
CVE-2026-27365,updated,2026-08-19,cve_2026_to_now,2026-08-20T07:36:51+00:00
CVE-2026-27459,updated,2026-08-19,cve_2026_to_now,2026-08-20T07:36:51+00:00
CVE-2026-27876,updated,2026-08-19,cve_2026_to_now,2026-08-20T07:36:51+00:00
CVE-2026-27877,updated,2026-08-19,cve_2026_to_now,2026-08-20T07:36:51+00:00
CVE-2026-27878,updated,2026-08-19,cve_2026_to_now,2026-08-20T07:36:51+00:00
CVE-2026-27879,updated,2026-08-19,cve_2026_to_now,2026-08-20T07:36:51+00:00
CVE-2026-27880,updated,2026-08-19,cve_2026_to_now,2026-08-20T07:36:51+00:00
CVE-2026-28374,updated,2026-08-19,cve_2026_to_now,2026-08-20T07:36:51+00:00
CVE-2026-28375,updated,2026-08-19,cve_2026_to_now,2026-08-20T07:36:51+00:00
CVE-2026-28376,updated,2026-08-19,cve_2026_to_now,2026-08-20T07:36:51+00:00
CVE-2026-28377,updated,2026-08-19,cve_2026_to_now,2026-08-20T07:36:51+00:00
CVE-2026-28378,updated,2026-08-19,cve_2026_to_now,2026-08-20T07:36:51+00:00
CVE-2026-28379,updated,2026-08-19,cve_2026_to_now,2026-08-20T07:36:51+00:00
CVE-2026-28380,updated,2026-08-19,cve_2026_to_now,2026-08-20T07:36:51+00:00
CVE-2026-28383,updated,2026-08-19,cve_2026_to_now,2026-08-20T07:36:51+00:00
CVE-2026-29063,updated,2026-08-19,cve_2026_to_now,2026-08-20T07:36:51+00:00
CVE-2026-29181,updated,2026-08-19,cve_2026_to_now,2026-08-20T07:36:51+00:00
CVE-2026-29518,updated,2026-08-19,cve_2026_to_now,2026-08-20T07:36:51+00:00
CVE-2026-30922,updated,2026-08-19,cve_2026_to_now,2026-08-20T07:36:51+00:00
CVE-2026-31408,updated,2026-08-19,cve_2026_to_now,2026-08-20T07:36:51+00:00
CVE-2026-31663,updated,2026-08-19,cve_2026_to_now,2026-08-20T07:36:51+00:00
CVE-2026-31812,updated,2026-08-19,cve_2026_to_now,2026-08-20T07:36:51+00:00
CVE-2026-32285,updated,2026-08-19,cve_2026_to_now,2026-08-20T07:36:51+00:00
CVE-2026-32286,updated,2026-08-19,cve_2026_to_now,2026-08-20T07:36:51+00:00
CVE-2026-32475,added,,cve_2026_to_now,2026-08-20T07:36:51+00:00
CVE-2026-32552,added,,cve_2026_to_now,2026-08-20T07:36:51+00:00
CVE-2026-32802,added,,cve_2026_to_now,2026-08-20T07:36:51+00:00
CVE-2026-32829,updated,2026-08-19,cve_2026_to_now,2026-08-20T07:36:51+00:00
CVE-2026-33186,updated,2026-08-19,cve_2026_to_now,2026-08-20T07:36:51+00:00
CVE-2026-33195,updated,2026-08-19,cve_2026_to_now,2026-08-20T07:36:51+00:00
CVE-2026-33210,updated,2026-08-19,cve_2026_to_now,2026-08-20T07:36:51+00:00
CVE-2026-33375,updated,2026-08-19,cve_2026_to_now,2026-08-20T07:36:51+00:00
CVE-2026-33376,updated,2026-08-19,cve_2026_to_now,2026-08-20T07:36:51+00:00
CVE-2026-33377,updated,2026-08-19,cve_2026_to_now,2026-08-20T07:36:51+00:00
CVE-2026-33378,updated,2026-08-19,cve_2026_to_now,2026-08-20T07:36:51+00:00
CVE-2026-33380,updated,2026-08-19,cve_2026_to_now,2026-08-20T07:36:51+00:00
CVE-2026-33381,updated,2026-08-19,cve_2026_to_now,2026-08-20T07:36:51+00:00
CVE-2026-33382,updated,2026-08-19,cve_2026_to_now,2026-08-20T07:36:51+00:00
CVE-2026-33810,updated,2026-08-19,cve_2026_to_now,2026-08-20T07:36:51+00:00
CVE-2026-33814,updated,2026-08-19,cve_2026_to_now,2026-08-20T07:36:51+00:00
CVE-2026-33818,updated,2026-08-19,cve_2026_to_now,2026-08-20T07:36:51+00:00
CVE-2026-33842,updated,2026-08-19,cve_2026_to_now,2026-08-20T07:36:51+00:00
CVE-2026-34118,updated,2026-08-19,cve_2026_to_now,2026-08-20T07:36:51+00:00
CVE-2026-34328,updated,2026-08-19,cve_2026_to_now,2026-08-20T07:36:51+00:00
CVE-2026-34346,updated,2026-08-19,cve_2026_to_now,2026-08-20T07:36:51+00:00
CVE-2026-34348,updated,2026-08-19,cve_2026_to_now,2026-08-20T07:36:51+00:00
CVE-2026-34349,updated,2026-08-19,cve_2026_to_now,2026-08-20T07:36:51+00:00
CVE-2026-34884,updated,2026-08-19,cve_2026_to_now,2026-08-20T07:36:51+00:00
CVE-2026-34986,updated,2026-08-19,cve_2026_to_now,2026-08-20T07:36:51+00:00
CVE-2026-34993,updated,2026-08-19,cve_2026_to_now,2026-08-20T07:36:51+00:00
CVE-2026-35425,updated,2026-08-19,cve_2026_to_now,2026-08-20T07:36:51+00:00
CVE-2026-35469,updated,2026-08-19,cve_2026_to_now,2026-08-20T07:36:51+00:00
CVE-2026-39820,updated,2026-08-19,cve_2026_to_now,2026-08-20T07:36:51+00:00
CVE-2026-39821,updated,2026-08-19,cve_2026_to_now,2026-08-20T07:36:51+00:00
CVE-2026-39828,updated,2026-08-19,cve_2026_to_now,2026-08-20T07:36:51+00:00
CVE-2026-39829,updated,2026-08-19,cve_2026_to_now,2026-08-20T07:36:51+00:00
CVE-2026-39830,updated,2026-08-19,cve_2026_to_now,2026-08-20T07:36:51+00:00
CVE-2026-39835,updated,2026-08-19,cve_2026_to_now,2026-08-20T07:36:51+00:00
CVE-2026-40175,updated,2026-08-19,cve_2026_to_now,2026-08-20T07:36:51+00:00
CVE-2026-40375,updated,2026-08-19,cve_2026_to_now,2026-08-20T07:36:51+00:00
CVE-2026-40378,updated,2026-08-19,cve_2026_to_now,2026-08-20T07:36:51+00:00
CVE-2026-40400,updated,2026-08-19,cve_2026_to_now,2026-08-20T07:36:51+00:00
CVE-2026-40422,updated,2026-08-19,cve_2026_to_now,2026-08-20T07:36:51+00:00
CVE-2026-40507,added,,cve_2026_to_now,2026-08-20T07:36:51+00:00
CVE-2026-40508,added,,cve_2026_to_now,2026-08-20T07:36:51+00:00
CVE-2026-40509,added,,cve_2026_to_now,2026-08-20T07:36:51+00:00
CVE-2026-40895,updated,2026-08-19,cve_2026_to_now,2026-08-20T07:36:51+00:00
CVE-2026-41087,updated,2026-08-19,cve_2026_to_now,2026-08-20T07:36:51+00:00
CVE-2026-41106,updated,2026-08-19,cve_2026_to_now,2026-08-20T07:36:51+00:00
CVE-2026-41109,updated,2026-08-19,cve_2026_to_now,2026-08-20T07:36:51+00:00
CVE-2026-41292,updated,2026-08-19,cve_2026_to_now,2026-08-20T07:36:51+00:00
CVE-2026-41424,added,,cve_2026_to_now,2026-08-20T07:36:51+00:00
CVE-2026-41602,updated,2026-08-19,cve_2026_to_now,2026-08-20T07:36:51+00:00
CVE-2026-41604,updated,2026-08-19,cve_2026_to_now,2026-08-20T07:36:51+00:00
CVE-2026-41605,updated,2026-08-19,cve_2026_to_now,2026-08-20T07:36:51+00:00
CVE-2026-41606,updated,2026-08-19,cve_2026_to_now,2026-08-20T07:36:51+00:00
CVE-2026-41607,updated,2026-08-19,cve_2026_to_now,2026-08-20T07:36:51+00:00
CVE-2026-41672,updated,2026-08-19,cve_2026_to_now,2026-08-20T07:36:51+00:00
CVE-2026-41675,updated,2026-08-19,cve_2026_to_now,2026-08-20T07:36:51+00:00
CVE-2026-42033,updated,2026-08-19,cve_2026_to_now,2026-08-20T07:36:51+00:00
CVE-2026-42039,updated,2026-08-19,cve_2026_to_now,2026-08-20T07:36:51+00:00
CVE-2026-42041,updated,2026-08-19,cve_2026_to_now,2026-08-20T07:36:51+00:00
CVE-2026-42043,updated,2026-08-19,cve_2026_to_now,2026-08-20T07:36:51+00:00
CVE-2026-42044,updated,2026-08-19,cve_2026_to_now,2026-08-20T07:36:51+00:00
CVE-2026-42127,updated,2026-08-19,cve_2026_to_now,2026-08-20T07:36:51+00:00
CVE-2026-42129,updated,2026-08-19,cve_2026_to_now,2026-08-20T07:36:51+00:00
CVE-2026-42151,updated,2026-08-19,cve_2026_to_now,2026-08-20T07:36:51+00:00
CVE-2026-42154,updated,2026-08-19,cve_2026_to_now,2026-08-20T07:36:51+00:00
CVE-2026-42264,updated,2026-08-19,cve_2026_to_now,2026-08-20T07:36:51+00:00
CVE-2026-42338,updated,2026-08-19,cve_2026_to_now,2026-08-20T07:36:51+00:00
CVE-2026-42499,updated,2026-08-19,cve_2026_to_now,2026-08-20T07:36:51+00:00
CVE-2026-42504,updated,2026-08-19,cve_2026_to_now,2026-08-20T07:36:51+00:00
CVE-2026-42508,updated,2026-08-19,cve_2026_to_now,2026-08-20T07:36:51+00:00
CVE-2026-42510,updated,2026-05-20,cve_2026_to_now,2026-08-20T07:36:51+00:00
CVE-2026-42900,updated,2026-08-19,cve_2026_to_now,2026-08-20T07:36:51+00:00
CVE-2026-42965,updated,2026-08-19,cve_2026_to_now,2026-08-20T07:36:51+00:00
CVE-2026-42975,updated,2026-08-19,cve_2026_to_now,2026-08-20T07:36:51+00:00
CVE-2026-42976,updated,2026-08-19,cve_2026_to_now,2026-08-20T07:36:51+00:00
CVE-2026-42982,updated,2026-08-19,cve_2026_to_now,2026-08-20T07:36:51+00:00
CVE-2026-42990,updated,2026-08-19,cve_2026_to_now,2026-08-20T07:36:51+00:00
CVE-2026-43038,updated,2026-08-19,cve_2026_to_now,2026-08-20T07:36:51+00:00
CVE-2026-43112,updated,2026-08-19,cve_2026_to_now,2026-08-20T07:36:51+00:00
CVE-2026-43125,updated,2026-08-19,cve_2026_to_now,2026-08-20T07:36:51+00:00
CVE-2026-43329,updated,2026-08-19,cve_2026_to_now,2026-08-20T07:36:51+00:00
CVE-2026-43491,updated,2026-08-19,cve_2026_to_now,2026-08-20T07:36:51+00:00
CVE-2026-43961,added,,cve_2026_to_now,2026-08-20T07:36:51+00:00
CVE-2026-44252,added,,cve_2026_to_now,2026-08-20T07:36:51+00:00
CVE-2026-44253,added,,cve_2026_to_now,2026-08-20T07:36:51+00:00
CVE-2026-44254,added,,cve_2026_to_now,2026-08-20T07:36:51+00:00
CVE-2026-44255,added,,cve_2026_to_now,2026-08-20T07:36:51+00:00
CVE-2026-44256,added,,cve_2026_to_now,2026-08-20T07:36:51+00:00
CVE-2026-44293,updated,2026-08-19,cve_2026_to_now,2026-08-20T07:36:51+00:00
CVE-2026-44432,updated,2026-08-19,cve_2026_to_now,2026-08-20T07:36:51+00:00
CVE-2026-44486,updated,2026-08-19,cve_2026_to_now,2026-08-20T07:36:51+00:00
CVE-2026-44487,updated,2026-08-19,cve_2026_to_now,2026-08-20T07:36:51+00:00
CVE-2026-44488,updated,2026-08-19,cve_2026_to_now,2026-08-20T07:36:51+00:00
CVE-2026-44492,updated,2026-08-19,cve_2026_to_now,2026-08-20T07:36:51+00:00
CVE-2026-44494,updated,2026-08-19,cve_2026_to_now,2026-08-20T07:36:51+00:00
CVE-2026-44495,updated,2026-08-19,cve_2026_to_now,2026-08-20T07:36:51+00:00
CVE-2026-44496,updated,2026-08-19,cve_2026_to_now,2026-08-20T07:36:51+00:00
CVE-2026-44800,updated,2026-08-19,cve_2026_to_now,2026-08-20T07:36:51+00:00
CVE-2026-44806,updated,2026-08-19,cve_2026_to_now,2026-08-20T07:36:51+00:00
CVE-2026-44829,added,,cve_2026_to_now,2026-08-20T07:36:51+00:00
CVE-2026-44901,added,,cve_2026_to_now,2026-08-20T07:36:51+00:00
CVE-2026-44990,updated,2026-08-19,cve_2026_to_now,2026-08-20T07:36:51+00:00
CVE-2026-45119,updated,2026-08-19,cve_2026_to_now,2026-08-20T07:36:51+00:00
CVE-2026-45124,updated,2026-08-19,cve_2026_to_now,2026-08-20T07:36:51+00:00
CVE-2026-45127,updated,2026-08-19,cve_2026_to_now,2026-08-20T07:36:51+00:00
CVE-2026-45272,added,,cve_2026_to_now,2026-08-20T07:36:51+00:00
CVE-2026-45273,added,,cve_2026_to_now,2026-08-20T07:36:51+00:00
CVE-2026-45274,added,,cve_2026_to_now,2026-08-20T07:36:51+00:00
CVE-2026-45488,updated,2026-08-19,cve_2026_to_now,2026-08-20T07:36:51+00:00
CVE-2026-45489,updated,2026-08-19,cve_2026_to_now,2026-08-20T07:36:51+00:00
CVE-2026-45496,updated,2026-08-19,cve_2026_to_now,2026-08-20T07:36:51+00:00
CVE-2026-45499,updated,2026-08-19,cve_2026_to_now,2026-08-20T07:36:51+00:00
CVE-2026-45646,updated,2026-08-19,cve_2026_to_now,2026-08-20T07:36:51+00:00
CVE-2026-45734,updated,2026-08-19,cve_2026_to_now,2026-08-20T07:36:51+00:00
CVE-2026-45736,updated,2026-08-19,cve_2026_to_now,2026-08-20T07:36:51+00:00
CVE-2026-45741,added,,cve_2026_to_now,2026-08-20T07:36:51+00:00
CVE-2026-45742,added,,cve_2026_to_now,2026-08-20T07:36:51+00:00
CVE-2026-45798,added,,cve_2026_to_now,2026-08-20T07:36:51+00:00
CVE-2026-46111,updated,2026-08-19,cve_2026_to_now,2026-08-20T07:36:51+00:00
CVE-2026-46244,updated,2026-08-19,cve_2026_to_now,2026-08-20T07:36:51+00:00
CVE-2026-46343,added,,cve_2026_to_now,2026-08-20T07:36:51+00:00
CVE-2026-46384,updated,2026-08-19,cve_2026_to_now,2026-08-20T07:36:51+00:00
CVE-2026-46385,updated,2026-08-19,cve_2026_to_now,2026-08-20T07:36:51+00:00
CVE-2026-46579,updated,2026-08-19,cve_2026_to_now,2026-08-20T07:36:51+00:00
CVE-2026-46625,updated,2026-08-19,cve_2026_to_now,2026-08-20T07:36:51+00:00
CVE-2026-47162,updated,2026-08-19,cve_2026_to_now,2026-08-20T07:36:51+00:00
CVE-2026-47187,added,2026-08-20,cve_2026_to_now,2026-08-20T07:36:51+00:00
CVE-2026-47282,updated,2026-08-19,cve_2026_to_now,2026-08-20T07:36:51+00:00
CVE-2026-47285,updated,2026-08-19,cve_2026_to_now,2026-08-20T07:36:51+00:00
CVE-2026-47290,updated,2026-08-19,cve_2026_to_now,2026-08-20T07:36:51+00:00
CVE-2026-47295,updated,2026-08-19,cve_2026_to_now,2026-08-20T07:36:51+00:00
CVE-2026-47296,updated,2026-08-19,cve_2026_to_now,2026-08-20T07:36:51+00:00
CVE-2026-47299,updated,2026-08-19,cve_2026_to_now,2026-08-20T07:36:51+00:00
CVE-2026-47300,updated,2026-08-19,cve_2026_to_now,2026-08-20T07:36:51+00:00
CVE-2026-47301,updated,2026-08-19,cve_2026_to_now,2026-08-20T07:36:51+00:00
CVE-2026-47302,updated,2026-08-19,cve_2026_to_now,2026-08-20T07:36:51+00:00
CVE-2026-47303,updated,2026-08-19,cve_2026_to_now,2026-08-20T07:36:51+00:00
CVE-2026-47304,updated,2026-08-19,cve_2026_to_now,2026-08-20T07:36:51+00:00
CVE-2026-47305,updated,2026-08-19,cve_2026_to_now,2026-08-20T07:36:51+00:00
CVE-2026-47627,updated,2026-08-20,cve_2026_to_now,2026-08-20T07:36:51+00:00
CVE-2026-47628,updated,2026-08-20,cve_2026_to_now,2026-08-20T07:36:51+00:00
CVE-2026-47629,updated,2026-08-20,cve_2026_to_now,2026-08-20T07:36:51+00:00
CVE-2026-47630,updated,2026-08-20,cve_2026_to_now,2026-08-20T07:36:51+00:00
CVE-2026-47632,updated,2026-08-19,cve_2026_to_now,2026-08-20T07:36:51+00:00
CVE-2026-47642,updated,2026-08-19,cve_2026_to_now,2026-08-20T07:36:51+00:00
CVE-2026-47720,updated,2026-08-19,cve_2026_to_now,2026-08-20T07:36:51+00:00
CVE-2026-47721,updated,2026-08-19,cve_2026_to_now,2026-08-20T07:36:51+00:00
CVE-2026-48024,added,,cve_2026_to_now,2026-08-20T07:36:51+00:00
CVE-2026-48162,added,,cve_2026_to_now,2026-08-20T07:36:51+00:00
CVE-2026-48561,updated,2026-08-19,cve_2026_to_now,2026-08-20T07:36:51+00:00
CVE-2026-48564,updated,2026-08-19,cve_2026_to_now,2026-08-20T07:36:51+00:00
CVE-2026-48571,updated,2026-08-19,cve_2026_to_now,2026-08-20T07:36:51+00:00
CVE-2026-48572,updated,2026-08-19,cve_2026_to_now,2026-08-20T07:36:51+00:00
CVE-2026-48580,updated,2026-08-19,cve_2026_to_now,2026-08-20T07:36:51+00:00
CVE-2026-48581,updated,2026-08-19,cve_2026_to_now,2026-08-20T07:36:51+00:00
CVE-2026-48711,added,2026-08-20,cve_2026_to_now,2026-08-20T07:36:51+00:00
CVE-2026-48744,updated,2026-08-19,cve_2026_to_now,2026-08-20T07:36:51+00:00
CVE-2026-48746,updated,2026-08-19,cve_2026_to_now,2026-08-20T07:36:51+00:00
CVE-2026-48779,updated,2026-08-19,cve_2026_to_now,2026-08-20T07:36:51+00:00
CVE-2026-48796,updated,2026-08-19,cve_2026_to_now,2026-08-20T07:36:51+00:00
CVE-2026-49159,updated,2026-08-19,cve_2026_to_now,2026-08-20T07:36:51+00:00
CVE-2026-49162,updated,2026-08-19,cve_2026_to_now,2026-08-20T07:36:51+00:00
CVE-2026-49163,updated,2026-08-19,cve_2026_to_now,2026-08-20T07:36:51+00:00
CVE-2026-49164,updated,2026-08-19,cve_2026_to_now,2026-08-20T07:36:51+00:00
CVE-2026-49165,updated,2026-08-19,cve_2026_to_now,2026-08-20T07:36:51+00:00
CVE-2026-49166,updated,2026-08-19,cve_2026_to_now,2026-08-20T07:36:51+00:00
CVE-2026-49167,updated,2026-08-19,cve_2026_to_now,2026-08-20T07:36:51+00:00
CVE-2026-49168,updated,2026-08-19,cve_2026_to_now,2026-08-20T07:36:51+00:00
CVE-2026-49169,updated,2026-08-19,cve_2026_to_now,2026-08-20T07:36:51+00:00
CVE-2026-49170,updated,2026-08-19,cve_2026_to_now,2026-08-20T07:36:51+00:00
CVE-2026-49171,updated,2026-08-19,cve_2026_to_now,2026-08-20T07:36:51+00:00
CVE-2026-49172,updated,2026-08-19,cve_2026_to_now,2026-08-20T07:36:51+00:00
CVE-2026-49173,updated,2026-08-19,cve_2026_to_now,2026-08-20T07:36:51+00:00
CVE-2026-49174,updated,2026-08-19,cve_2026_to_now,2026-08-20T07:36:51+00:00
CVE-2026-49175,updated,2026-08-19,cve_2026_to_now,2026-08-20T07:36:51+00:00
CVE-2026-49176,updated,2026-08-19,cve_2026_to_now,2026-08-20T07:36:51+00:00
CVE-2026-49177,updated,2026-08-19,cve_2026_to_now,2026-08-20T07:36:51+00:00
CVE-2026-49178,updated,2026-08-19,cve_2026_to_now,2026-08-20T07:36:51+00:00
CVE-2026-49179,updated,2026-08-19,cve_2026_to_now,2026-08-20T07:36:51+00:00
CVE-2026-49180,updated,2026-08-19,cve_2026_to_now,2026-08-20T07:36:51+00:00
CVE-2026-49181,updated,2026-08-19,cve_2026_to_now,2026-08-20T07:36:51+00:00
CVE-2026-49183,updated,2026-08-19,cve_2026_to_now,2026-08-20T07:36:51+00:00
CVE-2026-49184,updated,2026-08-19,cve_2026_to_now,2026-08-20T07:36:51+00:00
CVE-2026-49224,updated,2026-08-19,cve_2026_to_now,2026-08-20T07:36:51+00:00
CVE-2026-49226,updated,2026-08-19,cve_2026_to_now,2026-08-20T07:36:51+00:00
CVE-2026-49253,added,,cve_2026_to_now,2026-08-20T07:36:51+00:00
CVE-2026-49255,added,,cve_2026_to_now,2026-08-20T07:36:51+00:00
CVE-2026-49283,added,,cve_2026_to_now,2026-08-20T07:36:51+00:00
CVE-2026-49289,added,,cve_2026_to_now,2026-08-20T07:36:51+00:00
CVE-2026-49392,added,,cve_2026_to_now,2026-08-20T07:36:51+00:00
CVE-2026-49415,updated,2026-08-20,cve_2026_to_now,2026-08-20T07:36:51+00:00
CVE-2026-49418,updated,2026-08-20,cve_2026_to_now,2026-08-20T07:36:51+00:00
CVE-2026-49419,updated,2026-08-20,cve_2026_to_now,2026-08-20T07:36:51+00:00
CVE-2026-49420,updated,2026-08-20,cve_2026_to_now,2026-08-20T07:36:51+00:00
CVE-2026-49422,updated,2026-08-20,cve_2026_to_now,2026-08-20T07:36:51+00:00
CVE-2026-49427,updated,2026-08-20,cve_2026_to_now,2026-08-20T07:36:51+00:00
CVE-2026-49428,updated,2026-08-20,cve_2026_to_now,2026-08-20T07:36:51+00:00
CVE-2026-49429,updated,2026-08-20,cve_2026_to_now,2026-08-20T07:36:51+00:00
CVE-2026-49441,added,,cve_2026_to_now,2026-08-20T07:36:51+00:00
CVE-2026-49452,updated,2026-08-19,cve_2026_to_now,2026-08-20T07:36:51+00:00
CVE-2026-49500,updated,2026-08-20,cve_2026_to_now,2026-08-20T07:36:51+00:00
CVE-2026-49783,updated,2026-08-19,cve_2026_to_now,2026-08-20T07:36:51+00:00
CVE-2026-49784,updated,2026-08-19,cve_2026_to_now,2026-08-20T07:36:51+00:00
CVE-2026-49787,updated,2026-08-19,cve_2026_to_now,2026-08-20T07:36:51+00:00
CVE-2026-49788,updated,2026-08-19,cve_2026_to_now,2026-08-20T07:36:51+00:00
CVE-2026-49789,updated,2026-08-19,cve_2026_to_now,2026-08-20T07:36:51+00:00
CVE-2026-49790,updated,2026-08-19,cve_2026_to_now,2026-08-20T07:36:51+00:00
CVE-2026-49791,updated,2026-08-19,cve_2026_to_now,2026-08-20T07:36:51+00:00
CVE-2026-49792,updated,2026-08-19,cve_2026_to_now,2026-08-20T07:36:51+00:00
CVE-2026-49793,updated,2026-08-19,cve_2026_to_now,2026-08-20T07:36:51+00:00
CVE-2026-49794,updated,2026-08-19,cve_2026_to_now,2026-08-20T07:36:51+00:00
CVE-2026-49795,updated,2026-08-19,cve_2026_to_now,2026-08-20T07:36:51+00:00
CVE-2026-49796,updated,2026-08-19,cve_2026_to_now,2026-08-20T07:36:51+00:00
CVE-2026-49797,updated,2026-08-19,cve_2026_to_now,2026-08-20T07:36:51+00:00
CVE-2026-49798,updated,2026-08-19,cve_2026_to_now,2026-08-20T07:36:51+00:00
CVE-2026-49799,updated,2026-08-19,cve_2026_to_now,2026-08-20T07:36:51+00:00
CVE-2026-49800,updated,2026-08-19,cve_2026_to_now,2026-08-20T07:36:51+00:00
CVE-2026-49801,updated,2026-08-19,cve_2026_to_now,2026-08-20T07:36:51+00:00
CVE-2026-49802,updated,2026-08-19,cve_2026_to_now,2026-08-20T07:36:51+00:00
CVE-2026-49803,updated,2026-08-19,cve_2026_to_now,2026-08-20T07:36:51+00:00
CVE-2026-49804,updated,2026-08-19,cve_2026_to_now,2026-08-20T07:36:51+00:00
CVE-2026-49805,updated,2026-08-19,cve_2026_to_now,2026-08-20T07:36:51+00:00
CVE-2026-49806,updated,2026-08-19,cve_2026_to_now,2026-08-20T07:36:51+00:00
CVE-2026-49807,updated,2026-08-19,cve_2026_to_now,2026-08-20T07:36:51+00:00
CVE-2026-49808,updated,2026-08-19,cve_2026_to_now,2026-08-20T07:36:51+00:00
CVE-2026-49816,added,,cve_2026_to_now,2026-08-20T07:36:51+00:00
CVE-2026-49817,added,,cve_2026_to_now,2026-08-20T07:36:51+00:00
CVE-2026-49870,added,,cve_2026_to_now,2026-08-20T07:36:51+00:00
CVE-2026-49975,updated,2026-08-19,cve_2026_to_now,2026-08-20T07:36:51+00:00
CVE-2026-49976,added,,cve_2026_to_now,2026-08-20T07:36:51+00:00
CVE-2026-50138,updated,2026-08-19,cve_2026_to_now,2026-08-20T07:36:51+00:00
CVE-2026-50139,updated,2026-08-19,cve_2026_to_now,2026-08-20T07:36:51+00:00
CVE-2026-50142,updated,2026-08-19,cve_2026_to_now,2026-08-20T07:36:51+00:00
CVE-2026-50149,added,,cve_2026_to_now,2026-08-20T07:36:51+00:00
CVE-2026-50161,updated,2026-08-19,cve_2026_to_now,2026-08-20T07:36:51+00:00
CVE-2026-50167,updated,2026-08-19,cve_2026_to_now,2026-08-20T07:36:51+00:00
CVE-2026-50173,added,,cve_2026_to_now,2026-08-20T07:36:51+00:00
CVE-2026-50191,updated,2026-08-19,cve_2026_to_now,2026-08-20T07:36:51+00:00
CVE-2026-50236,updated,2026-08-19,cve_2026_to_now,2026-08-20T07:36:51+00:00
CVE-2026-50237,updated,2026-08-19,cve_2026_to_now,2026-08-20T07:36:51+00:00
CVE-2026-50293,updated,2026-08-19,cve_2026_to_now,2026-08-20T07:36:51+00:00
CVE-2026-50294,updated,2026-08-19,cve_2026_to_now,2026-08-20T07:36:51+00:00
CVE-2026-50295,updated,2026-08-19,cve_2026_to_now,2026-08-20T07:36:51+00:00
CVE-2026-50296,updated,2026-08-19,cve_2026_to_now,2026-08-20T07:36:51+00:00
CVE-2026-50297,updated,2026-08-19,cve_2026_to_now,2026-08-20T07:36:51+00:00
CVE-2026-50298,updated,2026-08-19,cve_2026_to_now,2026-08-20T07:36:51+00:00
CVE-2026-50299,updated,2026-08-19,cve_2026_to_now,2026-08-20T07:36:51+00:00
CVE-2026-50300,updated,2026-08-19,cve_2026_to_now,2026-08-20T07:36:51+00:00
CVE-2026-50301,updated,2026-08-19,cve_2026_to_now,2026-08-20T07:36:51+00:00
CVE-2026-50302,updated,2026-08-19,cve_2026_to_now,2026-08-20T07:36:51+00:00
CVE-2026-50303,updated,2026-08-19,cve_2026_to_now,2026-08-20T07:36:51+00:00
CVE-2026-50304,updated,2026-08-19,cve_2026_to_now,2026-08-20T07:36:51+00:00
CVE-2026-50305,updated,2026-08-19,cve_2026_to_now,2026-08-20T07:36:51+00:00
CVE-2026-50306,updated,2026-08-19,cve_2026_to_now,2026-08-20T07:36:51+00:00
CVE-2026-50307,updated,2026-08-19,cve_2026_to_now,2026-08-20T07:36:51+00:00
CVE-2026-50308,updated,2026-08-19,cve_2026_to_now,2026-08-20T07:36:51+00:00
CVE-2026-50309,updated,2026-08-19,cve_2026_to_now,2026-08-20T07:36:51+00:00
CVE-2026-50310,updated,2026-08-19,cve_2026_to_now,2026-08-20T07:36:51+00:00
CVE-2026-50311,updated,2026-08-19,cve_2026_to_now,2026-08-20T07:36:51+00:00
CVE-2026-50312,updated,2026-08-19,cve_2026_to_now,2026-08-20T07:36:51+00:00
CVE-2026-50313,updated,2026-08-19,cve_2026_to_now,2026-08-20T07:36:51+00:00
CVE-2026-50314,updated,2026-08-19,cve_2026_to_now,2026-08-20T07:36:51+00:00
CVE-2026-50315,updated,2026-08-19,cve_2026_to_now,2026-08-20T07:36:51+00:00
CVE-2026-50316,updated,2026-08-19,cve_2026_to_now,2026-08-20T07:36:51+00:00
CVE-2026-50317,updated,2026-08-19,cve_2026_to_now,2026-08-20T07:36:51+00:00
CVE-2026-50318,updated,2026-08-19,cve_2026_to_now,2026-08-20T07:36:51+00:00
CVE-2026-50321,updated,2026-08-19,cve_2026_to_now,2026-08-20T07:36:51+00:00
CVE-2026-50322,updated,2026-08-19,cve_2026_to_now,2026-08-20T07:36:51+00:00
CVE-2026-50323,updated,2026-08-19,cve_2026_to_now,2026-08-20T07:36:51+00:00
CVE-2026-50324,updated,2026-08-19,cve_2026_to_now,2026-08-20T07:36:51+00:00
CVE-2026-50325,updated,2026-08-19,cve_2026_to_now,2026-08-20T07:36:51+00:00
CVE-2026-50326,updated,2026-08-19,cve_2026_to_now,2026-08-20T07:36:51+00:00
CVE-2026-50327,updated,2026-08-19,cve_2026_to_now,2026-08-20T07:36:51+00:00
CVE-2026-50328,updated,2026-08-19,cve_2026_to_now,2026-08-20T07:36:51+00:00
CVE-2026-50329,updated,2026-08-19,cve_2026_to_now,2026-08-20T07:36:51+00:00
CVE-2026-50330,updated,2026-08-19,cve_2026_to_now,2026-08-20T07:36:51+00:00
CVE-2026-50331,updated,2026-08-19,cve_2026_to_now,2026-08-20T07:36:51+00:00
CVE-2026-50332,updated,2026-08-19,cve_2026_to_now,2026-08-20T07:36:51+00:00
CVE-2026-50333,updated,2026-08-19,cve_2026_to_now,2026-08-20T07:36:51+00:00
CVE-2026-50334,updated,2026-08-19,cve_2026_to_now,2026-08-20T07:36:51+00:00
CVE-2026-50335,updated,2026-08-19,cve_2026_to_now,2026-08-20T07:36:51+00:00
CVE-2026-50336,updated,2026-08-19,cve_2026_to_now,2026-08-20T07:36:51+00:00
CVE-2026-50337,updated,2026-08-19,cve_2026_to_now,2026-08-20T07:36:51+00:00
CVE-2026-50338,updated,2026-08-19,cve_2026_to_now,2026-08-20T07:36:51+00:00
CVE-2026-50339,updated,2026-08-19,cve_2026_to_now,2026-08-20T07:36:51+00:00
CVE-2026-50340,updated,2026-08-19,cve_2026_to_now,2026-08-20T07:36:51+00:00
CVE-2026-50341,updated,2026-08-19,cve_2026_to_now,2026-08-20T07:36:51+00:00
CVE-2026-50342,updated,2026-08-19,cve_2026_to_now,2026-08-20T07:36:51+00:00
CVE-2026-50343,updated,2026-08-19,cve_2026_to_now,2026-08-20T07:36:51+00:00
CVE-2026-50344,updated,2026-08-19,cve_2026_to_now,2026-08-20T07:36:51+00:00
CVE-2026-50345,updated,2026-08-19,cve_2026_to_now,2026-08-20T07:36:51+00:00
CVE-2026-50346,updated,2026-08-19,cve_2026_to_now,2026-08-20T07:36:51+00:00
CVE-2026-50347,updated,2026-08-19,cve_2026_to_now,2026-08-20T07:36:51+00:00
CVE-2026-50348,updated,2026-08-19,cve_2026_to_now,2026-08-20T07:36:51+00:00
CVE-2026-50350,updated,2026-08-19,cve_2026_to_now,2026-08-20T07:36:51+00:00
CVE-2026-50351,updated,2026-08-19,cve_2026_to_now,2026-08-20T07:36:51+00:00
CVE-2026-50352,updated,2026-08-19,cve_2026_to_now,2026-08-20T07:36:51+00:00
CVE-2026-50353,updated,2026-08-19,cve_2026_to_now,2026-08-20T07:36:51+00:00
CVE-2026-50354,updated,2026-08-19,cve_2026_to_now,2026-08-20T07:36:51+00:00
CVE-2026-50355,updated,2026-08-19,cve_2026_to_now,2026-08-20T07:36:51+00:00
CVE-2026-50356,updated,2026-08-19,cve_2026_to_now,2026-08-20T07:36:51+00:00
CVE-2026-50357,updated,2026-08-19,cve_2026_to_now,2026-08-20T07:36:51+00:00
CVE-2026-50358,updated,2026-08-19,cve_2026_to_now,2026-08-20T07:36:51+00:00
CVE-2026-50359,updated,2026-08-19,cve_2026_to_now,2026-08-20T07:36:51+00:00
CVE-2026-50360,updated,2026-08-19,cve_2026_to_now,2026-08-20T07:36:51+00:00
CVE-2026-50361,updated,2026-08-19,cve_2026_to_now,2026-08-20T07:36:51+00:00
CVE-2026-50362,updated,2026-08-19,cve_2026_to_now,2026-08-20T07:36:51+00:00
CVE-2026-50363,updated,2026-08-19,cve_2026_to_now,2026-08-20T07:36:51+00:00
CVE-2026-50364,updated,2026-08-19,cve_2026_to_now,2026-08-20T07:36:51+00:00
CVE-2026-50365,updated,2026-08-19,cve_2026_to_now,2026-08-20T07:36:51+00:00
CVE-2026-50366,updated,2026-08-19,cve_2026_to_now,2026-08-20T07:36:51+00:00
CVE-2026-50367,updated,2026-08-19,cve_2026_to_now,2026-08-20T07:36:51+00:00
CVE-2026-50368,updated,2026-08-19,cve_2026_to_now,2026-08-20T07:36:51+00:00
CVE-2026-50369,updated,2026-08-19,cve_2026_to_now,2026-08-20T07:36:51+00:00
CVE-2026-50370,updated,2026-08-19,cve_2026_to_now,2026-08-20T07:36:51+00:00
CVE-2026-50371,updated,2026-08-19,cve_2026_to_now,2026-08-20T07:36:51+00:00
CVE-2026-50372,updated,2026-08-19,cve_2026_to_now,2026-08-20T07:36:51+00:00
CVE-2026-50373,updated,2026-08-19,cve_2026_to_now,2026-08-20T07:36:51+00:00
CVE-2026-50374,updated,2026-08-19,cve_2026_to_now,2026-08-20T07:36:51+00:00
CVE-2026-50375,updated,2026-08-19,cve_2026_to_now,2026-08-20T07:36:51+00:00
CVE-2026-50376,updated,2026-08-19,cve_2026_to_now,2026-08-20T07:36:51+00:00
CVE-2026-50377,updated,2026-08-19,cve_2026_to_now,2026-08-20T07:36:51+00:00
CVE-2026-50378,updated,2026-08-19,cve_2026_to_now,2026-08-20T07:36:51+00:00
CVE-2026-50379,updated,2026-08-19,cve_2026_to_now,2026-08-20T07:36:51+00:00
CVE-2026-50380,updated,2026-08-19,cve_2026_to_now,2026-08-20T07:36:51+00:00
CVE-2026-50381,updated,2026-08-19,cve_2026_to_now,2026-08-20T07:36:51+00:00
CVE-2026-50382,updated,2026-08-19,cve_2026_to_now,2026-08-20T07:36:51+00:00
CVE-2026-50383,updated,2026-08-19,cve_2026_to_now,2026-08-20T07:36:51+00:00
CVE-2026-50384,updated,2026-08-19,cve_2026_to_now,2026-08-20T07:36:51+00:00
CVE-2026-50385,updated,2026-08-19,cve_2026_to_now,2026-08-20T07:36:51+00:00
CVE-2026-50386,updated,2026-08-19,cve_2026_to_now,2026-08-20T07:36:51+00:00
CVE-2026-50387,updated,2026-08-19,cve_2026_to_now,2026-08-20T07:36:51+00:00
CVE-2026-50388,updated,2026-08-19,cve_2026_to_now,2026-08-20T07:36:51+00:00
CVE-2026-50389,updated,2026-08-19,cve_2026_to_now,2026-08-20T07:36:51+00:00
CVE-2026-50390,updated,2026-08-19,cve_2026_to_now,2026-08-20T07:36:51+00:00
CVE-2026-50391,updated,2026-08-19,cve_2026_to_now,2026-08-20T07:36:51+00:00
CVE-2026-50392,updated,2026-08-19,cve_2026_to_now,2026-08-20T07:36:51+00:00
CVE-2026-50393,updated,2026-08-19,cve_2026_to_now,2026-08-20T07:36:51+00:00
CVE-2026-50394,updated,2026-08-19,cve_2026_to_now,2026-08-20T07:36:51+00:00
CVE-2026-50396,updated,2026-08-19,cve_2026_to_now,2026-08-20T07:36:51+00:00
CVE-2026-50397,updated,2026-08-19,cve_2026_to_now,2026-08-20T07:36:51+00:00
CVE-2026-50398,updated,2026-08-19,cve_2026_to_now,2026-08-20T07:36:51+00:00
CVE-2026-50399,updated,2026-08-19,cve_2026_to_now,2026-08-20T07:36:51+00:00
CVE-2026-50400,updated,2026-08-19,cve_2026_to_now,2026-08-20T07:36:51+00:00
CVE-2026-50401,updated,2026-08-19,cve_2026_to_now,2026-08-20T07:36:51+00:00
CVE-2026-50402,updated,2026-08-19,cve_2026_to_now,2026-08-20T07:36:51+00:00
CVE-2026-50403,updated,2026-08-19,cve_2026_to_now,2026-08-20T07:36:51+00:00
CVE-2026-50404,updated,2026-08-19,cve_2026_to_now,2026-08-20T07:36:51+00:00
CVE-2026-50405,updated,2026-08-19,cve_2026_to_now,2026-08-20T07:36:51+00:00
CVE-2026-50406,updated,2026-08-19,cve_2026_to_now,2026-08-20T07:36:51+00:00
CVE-2026-50407,updated,2026-08-19,cve_2026_to_now,2026-08-20T07:36:51+00:00
CVE-2026-50408,updated,2026-08-19,cve_2026_to_now,2026-08-20T07:36:51+00:00
CVE-2026-50409,updated,2026-08-19,cve_2026_to_now,2026-08-20T07:36:51+00:00
CVE-2026-50410,updated,2026-08-19,cve_2026_to_now,2026-08-20T07:36:51+00:00
CVE-2026-50411,updated,2026-08-19,cve_2026_to_now,2026-08-20T07:36:51+00:00
CVE-2026-50412,updated,2026-08-19,cve_2026_to_now,2026-08-20T07:36:51+00:00
CVE-2026-50413,updated,2026-08-19,cve_2026_to_now,2026-08-20T07:36:51+00:00
CVE-2026-50414,updated,2026-08-19,cve_2026_to_now,2026-08-20T07:36:51+00:00
CVE-2026-50415,updated,2026-08-19,cve_2026_to_now,2026-08-20T07:36:51+00:00
CVE-2026-50416,updated,2026-08-19,cve_2026_to_now,2026-08-20T07:36:51+00:00
CVE-2026-50417,updated,2026-08-19,cve_2026_to_now,2026-08-20T07:36:51+00:00
CVE-2026-50418,updated,2026-08-19,cve_2026_to_now,2026-08-20T07:36:51+00:00
CVE-2026-50419,updated,2026-08-19,cve_2026_to_now,2026-08-20T07:36:51+00:00
CVE-2026-50420,updated,2026-08-19,cve_2026_to_now,2026-08-20T07:36:51+00:00
CVE-2026-50421,updated,2026-08-19,cve_2026_to_now,2026-08-20T07:36:51+00:00
CVE-2026-50422,updated,2026-08-19,cve_2026_to_now,2026-08-20T07:36:51+00:00
CVE-2026-50423,updated,2026-08-19,cve_2026_to_now,2026-08-20T07:36:51+00:00
CVE-2026-50424,updated,2026-08-19,cve_2026_to_now,2026-08-20T07:36:51+00:00
CVE-2026-50425,updated,2026-08-19,cve_2026_to_now,2026-08-20T07:36:51+00:00
CVE-2026-50426,updated,2026-08-19,cve_2026_to_now,2026-08-20T07:36:51+00:00
CVE-2026-50427,updated,2026-08-19,cve_2026_to_now,2026-08-20T07:36:51+00:00
CVE-2026-50428,updated,2026-08-19,cve_2026_to_now,2026-08-20T07:36:51+00:00
CVE-2026-50429,updated,2026-08-19,cve_2026_to_now,2026-08-20T07:36:51+00:00
CVE-2026-50430,updated,2026-08-19,cve_2026_to_now,2026-08-20T07:36:51+00:00
CVE-2026-50431,updated,2026-08-19,cve_2026_to_now,2026-08-20T07:36:51+00:00
CVE-2026-50432,updated,2026-08-19,cve_2026_to_now,2026-08-20T07:36:51+00:00
CVE-2026-50433,updated,2026-08-19,cve_2026_to_now,2026-08-20T07:36:51+00:00
CVE-2026-50434,updated,2026-08-19,cve_2026_to_now,2026-08-20T07:36:51+00:00
CVE-2026-50435,updated,2026-08-19,cve_2026_to_now,2026-08-20T07:36:51+00:00
CVE-2026-50436,updated,2026-08-19,cve_2026_to_now,2026-08-20T07:36:51+00:00
CVE-2026-50437,updated,2026-08-19,cve_2026_to_now,2026-08-20T07:36:51+00:00
CVE-2026-50438,updated,2026-08-19,cve_2026_to_now,2026-08-20T07:36:51+00:00
CVE-2026-50439,updated,2026-08-19,cve_2026_to_now,2026-08-20T07:36:51+00:00
CVE-2026-50440,updated,2026-08-19,cve_2026_to_now,2026-08-20T07:36:51+00:00
CVE-2026-50441,updated,2026-08-19,cve_2026_to_now,2026-08-20T07:36:51+00:00
CVE-2026-50442,updated,2026-08-19,cve_2026_to_now,2026-08-20T07:36:51+00:00
CVE-2026-50444,updated,2026-08-19,cve_2026_to_now,2026-08-20T07:36:51+00:00
CVE-2026-50445,updated,2026-08-19,cve_2026_to_now,2026-08-20T07:36:51+00:00
CVE-2026-50447,updated,2026-08-19,cve_2026_to_now,2026-08-20T07:36:51+00:00
CVE-2026-50448,updated,2026-08-19,cve_2026_to_now,2026-08-20T07:36:51+00:00
CVE-2026-50449,updated,2026-08-19,cve_2026_to_now,2026-08-20T07:36:51+00:00
CVE-2026-50450,updated,2026-08-19,cve_2026_to_now,2026-08-20T07:36:51+00:00
CVE-2026-50451,updated,2026-08-19,cve_2026_to_now,2026-08-20T07:36:51+00:00
CVE-2026-50452,updated,2026-08-19,cve_2026_to_now,2026-08-20T07:36:51+00:00
CVE-2026-50453,updated,2026-08-19,cve_2026_to_now,2026-08-20T07:36:51+00:00
CVE-2026-50454,updated,2026-08-19,cve_2026_to_now,2026-08-20T07:36:51+00:00
CVE-2026-50455,updated,2026-08-19,cve_2026_to_now,2026-08-20T07:36:51+00:00
CVE-2026-50456,updated,2026-08-19,cve_2026_to_now,2026-08-20T07:36:51+00:00
CVE-2026-50457,updated,2026-08-19,cve_2026_to_now,2026-08-20T07:36:51+00:00
CVE-2026-50458,updated,2026-08-19,cve_2026_to_now,2026-08-20T07:36:51+00:00
CVE-2026-50459,updated,2026-08-19,cve_2026_to_now,2026-08-20T07:36:51+00:00
CVE-2026-50460,updated,2026-08-19,cve_2026_to_now,2026-08-20T07:36:51+00:00
CVE-2026-50461,updated,2026-08-19,cve_2026_to_now,2026-08-20T07:36:51+00:00
CVE-2026-50462,updated,2026-08-19,cve_2026_to_now,2026-08-20T07:36:51+00:00
CVE-2026-50463,updated,2026-08-19,cve_2026_to_now,2026-08-20T07:36:51+00:00
CVE-2026-50465,updated,2026-08-19,cve_2026_to_now,2026-08-20T07:36:51+00:00
CVE-2026-50466,updated,2026-08-19,cve_2026_to_now,2026-08-20T07:36:51+00:00
CVE-2026-50467,updated,2026-08-19,cve_2026_to_now,2026-08-20T07:36:51+00:00
CVE-2026-50468,updated,2026-08-19,cve_2026_to_now,2026-08-20T07:36:51+00:00
CVE-2026-50469,updated,2026-08-19,cve_2026_to_now,2026-08-20T07:36:51+00:00
CVE-2026-50470,updated,2026-08-19,cve_2026_to_now,2026-08-20T07:36:51+00:00
CVE-2026-50471,updated,2026-08-19,cve_2026_to_now,2026-08-20T07:36:51+00:00
CVE-2026-50472,updated,2026-08-19,cve_2026_to_now,2026-08-20T07:36:51+00:00
CVE-2026-50473,updated,2026-08-19,cve_2026_to_now,2026-08-20T07:36:51+00:00
CVE-2026-50474,updated,2026-08-19,cve_2026_to_now,2026-08-20T07:36:51+00:00
CVE-2026-50475,updated,2026-08-19,cve_2026_to_now,2026-08-20T07:36:51+00:00
CVE-2026-50476,updated,2026-08-19,cve_2026_to_now,2026-08-20T07:36:51+00:00
CVE-2026-50477,updated,2026-08-19,cve_2026_to_now,2026-08-20T07:36:51+00:00
CVE-2026-50478,updated,2026-08-19,cve_2026_to_now,2026-08-20T07:36:51+00:00
CVE-2026-50479,updated,2026-08-19,cve_2026_to_now,2026-08-20T07:36:51+00:00
CVE-2026-50480,updated,2026-08-19,cve_2026_to_now,2026-08-20T07:36:51+00:00
CVE-2026-50481,updated,2026-08-19,cve_2026_to_now,2026-08-20T07:36:51+00:00
CVE-2026-50482,updated,2026-08-19,cve_2026_to_now,2026-08-20T07:36:51+00:00
CVE-2026-50483,updated,2026-08-19,cve_2026_to_now,2026-08-20T07:36:51+00:00
CVE-2026-50484,updated,2026-08-19,cve_2026_to_now,2026-08-20T07:36:51+00:00
CVE-2026-50485,updated,2026-08-19,cve_2026_to_now,2026-08-20T07:36:51+00:00
CVE-2026-50486,updated,2026-08-19,cve_2026_to_now,2026-08-20T07:36:51+00:00
CVE-2026-50487,updated,2026-08-19,cve_2026_to_now,2026-08-20T07:36:51+00:00
CVE-2026-50488,updated,2026-08-19,cve_2026_to_now,2026-08-20T07:36:51+00:00
CVE-2026-50489,updated,2026-08-19,cve_2026_to_now,2026-08-20T07:36:51+00:00
CVE-2026-50490,updated,2026-08-19,cve_2026_to_now,2026-08-20T07:36:51+00:00
CVE-2026-50491,updated,2026-08-19,cve_2026_to_now,2026-08-20T07:36:51+00:00
CVE-2026-50492,updated,2026-08-19,cve_2026_to_now,2026-08-20T07:36:51+00:00
CVE-2026-50493,updated,2026-08-19,cve_2026_to_now,2026-08-20T07:36:51+00:00
CVE-2026-50494,updated,2026-08-19,cve_2026_to_now,2026-08-20T07:36:51+00:00
CVE-2026-50495,updated,2026-08-19,cve_2026_to_now,2026-08-20T07:36:51+00:00
CVE-2026-50496,updated,2026-08-19,cve_2026_to_now,2026-08-20T07:36:51+00:00
CVE-2026-50497,updated,2026-08-19,cve_2026_to_now,2026-08-20T07:36:51+00:00
CVE-2026-50498,updated,2026-08-19,cve_2026_to_now,2026-08-20T07:36:51+00:00
CVE-2026-50499,updated,2026-08-19,cve_2026_to_now,2026-08-20T07:36:51+00:00
CVE-2026-50500,updated,2026-08-19,cve_2026_to_now,2026-08-20T07:36:51+00:00
CVE-2026-50501,updated,2026-08-19,cve_2026_to_now,2026-08-20T07:36:51+00:00
CVE-2026-50502,updated,2026-08-19,cve_2026_to_now,2026-08-20T07:36:51+00:00
CVE-2026-50503,updated,2026-08-19,cve_2026_to_now,2026-08-20T07:36:51+00:00
CVE-2026-50504,updated,2026-08-19,cve_2026_to_now,2026-08-20T07:36:51+00:00
CVE-2026-50505,updated,2026-08-19,cve_2026_to_now,2026-08-20T07:36:51+00:00
CVE-2026-50506,updated,2026-08-19,cve_2026_to_now,2026-08-20T07:36:51+00:00
CVE-2026-50509,updated,2026-08-19,cve_2026_to_now,2026-08-20T07:36:51+00:00
CVE-2026-50510,updated,2026-08-19,cve_2026_to_now,2026-08-20T07:36:51+00:00
CVE-2026-50515,updated,2026-08-19,cve_2026_to_now,2026-08-20T07:36:51+00:00
CVE-2026-50516,updated,2026-08-19,cve_2026_to_now,2026-08-20T07:36:51+00:00
CVE-2026-50517,updated,2026-08-19,cve_2026_to_now,2026-08-20T07:36:51+00:00
CVE-2026-50518,updated,2026-08-19,cve_2026_to_now,2026-08-20T07:36:51+00:00
CVE-2026-50520,updated,2026-08-19,cve_2026_to_now,2026-08-20T07:36:51+00:00
CVE-2026-50522,updated,2026-08-19,cve_2026_to_now,2026-08-20T07:36:51+00:00
CVE-2026-50523,updated,2026-08-19,cve_2026_to_now,2026-08-20T07:36:51+00:00
CVE-2026-50524,updated,2026-08-19,cve_2026_to_now,2026-08-20T07:36:51+00:00
CVE-2026-50525,updated,2026-08-19,cve_2026_to_now,2026-08-20T07:36:51+00:00
CVE-2026-50526,updated,2026-08-19,cve_2026_to_now,2026-08-20T07:36:51+00:00
CVE-2026-50527,updated,2026-08-19,cve_2026_to_now,2026-08-20T07:36:51+00:00
CVE-2026-50528,updated,2026-08-19,cve_2026_to_now,2026-08-20T07:36:51+00:00
CVE-2026-50550,added,,cve_2026_to_now,2026-08-20T07:36:51+00:00
CVE-2026-50577,updated,2026-08-19,cve_2026_to_now,2026-08-20T07:36:51+00:00
CVE-2026-50646,updated,2026-08-19,cve_2026_to_now,2026-08-20T07:36:51+00:00
CVE-2026-50647,updated,2026-08-19,cve_2026_to_now,2026-08-20T07:36:51+00:00
CVE-2026-50648,updated,2026-08-19,cve_2026_to_now,2026-08-20T07:36:51+00:00
CVE-2026-50649,updated,2026-08-19,cve_2026_to_now,2026-08-20T07:36:51+00:00
CVE-2026-50650,updated,2026-08-19,cve_2026_to_now,2026-08-20T07:36:51+00:00
CVE-2026-50651,updated,2026-08-19,cve_2026_to_now,2026-08-20T07:36:51+00:00
CVE-2026-50652,updated,2026-08-19,cve_2026_to_now,2026-08-20T07:36:51+00:00
CVE-2026-50653,updated,2026-08-19,cve_2026_to_now,2026-08-20T07:36:51+00:00
CVE-2026-50655,updated,2026-08-19,cve_2026_to_now,2026-08-20T07:36:51+00:00
CVE-2026-50657,updated,2026-08-19,cve_2026_to_now,2026-08-20T07:36:51+00:00
CVE-2026-50658,updated,2026-08-19,cve_2026_to_now,2026-08-20T07:36:51+00:00
CVE-2026-50659,updated,2026-08-19,cve_2026_to_now,2026-08-20T07:36:51+00:00
CVE-2026-50661,updated,2026-08-19,cve_2026_to_now,2026-08-20T07:36:51+00:00
CVE-2026-50663,updated,2026-08-19,cve_2026_to_now,2026-08-20T07:36:51+00:00
CVE-2026-50665,updated,2026-08-19,cve_2026_to_now,2026-08-20T07:36:51+00:00
CVE-2026-50666,updated,2026-08-19,cve_2026_to_now,2026-08-20T07:36:51+00:00
CVE-2026-50667,updated,2026-08-19,cve_2026_to_now,2026-08-20T07:36:51+00:00
CVE-2026-50668,updated,2026-08-19,cve_2026_to_now,2026-08-20T07:36:51+00:00
CVE-2026-50669,updated,2026-08-19,cve_2026_to_now,2026-08-20T07:36:51+00:00
CVE-2026-50670,updated,2026-08-19,cve_2026_to_now,2026-08-20T07:36:51+00:00
CVE-2026-50672,updated,2026-08-19,cve_2026_to_now,2026-08-20T07:36:51+00:00
CVE-2026-50673,updated,2026-08-19,cve_2026_to_now,2026-08-20T07:36:51+00:00
CVE-2026-50674,updated,2026-08-19,cve_2026_to_now,2026-08-20T07:36:51+00:00
CVE-2026-50675,updated,2026-08-19,cve_2026_to_now,2026-08-20T07:36:51+00:00
CVE-2026-50676,updated,2026-08-19,cve_2026_to_now,2026-08-20T07:36:51+00:00
CVE-2026-50677,updated,2026-08-19,cve_2026_to_now,2026-08-20T07:36:51+00:00
CVE-2026-50678,updated,2026-08-19,cve_2026_to_now,2026-08-20T07:36:51+00:00
CVE-2026-50679,updated,2026-08-19,cve_2026_to_now,2026-08-20T07:36:51+00:00
CVE-2026-50680,updated,2026-08-19,cve_2026_to_now,2026-08-20T07:36:51+00:00
CVE-2026-50681,updated,2026-08-19,cve_2026_to_now,2026-08-20T07:36:51+00:00
CVE-2026-50682,updated,2026-08-19,cve_2026_to_now,2026-08-20T07:36:51+00:00
CVE-2026-50683,updated,2026-08-19,cve_2026_to_now,2026-08-20T07:36:51+00:00
CVE-2026-50684,updated,2026-08-19,cve_2026_to_now,2026-08-20T07:36:51+00:00
CVE-2026-50685,updated,2026-08-19,cve_2026_to_now,2026-08-20T07:36:51+00:00
CVE-2026-50686,updated,2026-08-19,cve_2026_to_now,2026-08-20T07:36:51+00:00
CVE-2026-50687,updated,2026-08-19,cve_2026_to_now,2026-08-20T07:36:51+00:00
CVE-2026-50688,updated,2026-08-19,cve_2026_to_now,2026-08-20T07:36:51+00:00
CVE-2026-50689,updated,2026-08-19,cve_2026_to_now,2026-08-20T07:36:51+00:00
CVE-2026-50690,updated,2026-08-19,cve_2026_to_now,2026-08-20T07:36:51+00:00
CVE-2026-50692,updated,2026-08-19,cve_2026_to_now,2026-08-20T07:36:51+00:00
CVE-2026-50694,updated,2026-08-19,cve_2026_to_now,2026-08-20T07:36:51+00:00
CVE-2026-50695,updated,2026-08-19,cve_2026_to_now,2026-08-20T07:36:51+00:00
CVE-2026-50696,updated,2026-08-19,cve_2026_to_now,2026-08-20T07:36:51+00:00
CVE-2026-50697,updated,2026-08-19,cve_2026_to_now,2026-08-20T07:36:51+00:00
CVE-2026-50719,added,,cve_2026_to_now,2026-08-20T07:36:51+00:00
CVE-2026-50720,added,,cve_2026_to_now,2026-08-20T07:36:51+00:00
CVE-2026-51366,added,,cve_2026_to_now,2026-08-20T07:36:51+00:00
CVE-2026-51367,added,,cve_2026_to_now,2026-08-20T07:36:51+00:00
CVE-2026-52480,updated,2026-08-19,cve_2026_to_now,2026-08-20T07:36:51+00:00
CVE-2026-52481,updated,2026-08-19,cve_2026_to_now,2026-08-20T07:36:51+00:00
CVE-2026-52733,updated,2026-08-19,cve_2026_to_now,2026-08-20T07:36:51+00:00
CVE-2026-52734,updated,2026-08-19,cve_2026_to_now,2026-08-20T07:36:51+00:00
CVE-2026-52738,updated,2026-08-19,cve_2026_to_now,2026-08-20T07:36:51+00:00
CVE-2026-52739,updated,2026-08-19,cve_2026_to_now,2026-08-20T07:36:51+00:00
CVE-2026-52792,added,,cve_2026_to_now,2026-08-20T07:36:51+00:00
CVE-2026-52793,updated,2026-08-19,cve_2026_to_now,2026-08-20T07:36:51+00:00
CVE-2026-52817,updated,2026-08-19,cve_2026_to_now,2026-08-20T07:36:51+00:00
CVE-2026-52834,added,,cve_2026_to_now,2026-08-20T07:36:51+00:00
CVE-2026-52854,updated,2026-08-19,cve_2026_to_now,2026-08-20T07:36:51+00:00
CVE-2026-52872,updated,2026-08-19,cve_2026_to_now,2026-08-20T07:36:51+00:00
CVE-2026-52876,updated,2026-08-19,cve_2026_to_now,2026-08-20T07:36:51+00:00
CVE-2026-52877,updated,2026-08-19,cve_2026_to_now,2026-08-20T07:36:51+00:00
CVE-2026-52889,added,,cve_2026_to_now,2026-08-20T07:36:51+00:00
CVE-2026-52977,updated,2026-08-19,cve_2026_to_now,2026-08-20T07:36:51+00:00
CVE-2026-53016,updated,2026-08-19,cve_2026_to_now,2026-08-20T07:36:51+00:00
CVE-2026-53059,updated,2026-08-19,cve_2026_to_now,2026-08-20T07:36:51+00:00
CVE-2026-53090,updated,2026-08-19,cve_2026_to_now,2026-08-20T07:36:51+00:00
CVE-2026-53361,updated,2026-08-19,cve_2026_to_now,2026-08-20T07:36:51+00:00
CVE-2026-53451,added,,cve_2026_to_now,2026-08-20T07:36:51+00:00
CVE-2026-53452,added,,cve_2026_to_now,2026-08-20T07:36:51+00:00
CVE-2026-53453,updated,2026-08-19,cve_2026_to_now,2026-08-20T07:36:51+00:00
CVE-2026-53455,updated,2026-08-19,cve_2026_to_now,2026-08-20T07:36:51+00:00
CVE-2026-53456,updated,2026-08-19,cve_2026_to_now,2026-08-20T07:36:51+00:00
CVE-2026-53457,updated,2026-08-19,cve_2026_to_now,2026-08-20T07:36:51+00:00
CVE-2026-53458,updated,2026-08-19,cve_2026_to_now,2026-08-20T07:36:51+00:00
CVE-2026-53477,added,,cve_2026_to_now,2026-08-20T07:36:51+00:00
CVE-2026-53533,updated,2026-08-19,cve_2026_to_now,2026-08-20T07:36:51+00:00
CVE-2026-53542,added,,cve_2026_to_now,2026-08-20T07:36:51+00:00
CVE-2026-53545,added,,cve_2026_to_now,2026-08-20T07:36:51+00:00
CVE-2026-53546,added,,cve_2026_to_now,2026-08-20T07:36:51+00:00
CVE-2026-53547,added,,cve_2026_to_now,2026-08-20T07:36:51+00:00
CVE-2026-53548,added,,cve_2026_to_now,2026-08-20T07:36:51+00:00
CVE-2026-53549,added,,cve_2026_to_now,2026-08-20T07:36:51+00:00
CVE-2026-53654,added,,cve_2026_to_now,2026-08-20T07:36:51+00:00
CVE-2026-53958,updated,2026-08-19,cve_2026_to_now,2026-08-20T07:36:51+00:00
CVE-2026-54107,updated,2026-08-19,cve_2026_to_now,2026-08-20T07:36:51+00:00
CVE-2026-54108,updated,2026-08-19,cve_2026_to_now,2026-08-20T07:36:51+00:00
CVE-2026-54109,updated,2026-08-19,cve_2026_to_now,2026-08-20T07:36:51+00:00
CVE-2026-54111,updated,2026-08-19,cve_2026_to_now,2026-08-20T07:36:51+00:00
CVE-2026-54112,updated,2026-08-19,cve_2026_to_now,2026-08-20T07:36:51+00:00
CVE-2026-54113,updated,2026-08-19,cve_2026_to_now,2026-08-20T07:36:51+00:00
CVE-2026-54114,updated,2026-08-19,cve_2026_to_now,2026-08-20T07:36:51+00:00
CVE-2026-54115,updated,2026-08-19,cve_2026_to_now,2026-08-20T07:36:51+00:00
CVE-2026-54116,updated,2026-08-19,cve_2026_to_now,2026-08-20T07:36:51+00:00
CVE-2026-54117,updated,2026-08-19,cve_2026_to_now,2026-08-20T07:36:51+00:00
CVE-2026-54118,updated,2026-08-19,cve_2026_to_now,2026-08-20T07:36:51+00:00
CVE-2026-54119,updated,2026-08-19,cve_2026_to_now,2026-08-20T07:36:51+00:00
CVE-2026-54120,updated,2026-08-19,cve_2026_to_now,2026-08-20T07:36:51+00:00
CVE-2026-54121,updated,2026-08-19,cve_2026_to_now,2026-08-20T07:36:51+00:00
CVE-2026-54122,updated,2026-08-19,cve_2026_to_now,2026-08-20T07:36:51+00:00
CVE-2026-54123,updated,2026-08-19,cve_2026_to_now,2026-08-20T07:36:51+00:00
CVE-2026-54124,updated,2026-08-19,cve_2026_to_now,2026-08-20T07:36:51+00:00
CVE-2026-54125,updated,2026-08-19,cve_2026_to_now,2026-08-20T07:36:51+00:00
CVE-2026-54126,updated,2026-08-19,cve_2026_to_now,2026-08-20T07:36:51+00:00
CVE-2026-54127,updated,2026-08-19,cve_2026_to_now,2026-08-20T07:36:51+00:00
CVE-2026-54128,updated,2026-08-19,cve_2026_to_now,2026-08-20T07:36:51+00:00
CVE-2026-54129,updated,2026-08-19,cve_2026_to_now,2026-08-20T07:36:51+00:00
CVE-2026-54131,updated,2026-08-19,cve_2026_to_now,2026-08-20T07:36:51+00:00
CVE-2026-54132,updated,2026-08-19,cve_2026_to_now,2026-08-20T07:36:51+00:00
CVE-2026-54347,updated,2026-08-19,cve_2026_to_now,2026-08-20T07:36:51+00:00
CVE-2026-54348,updated,2026-08-19,cve_2026_to_now,2026-08-20T07:36:51+00:00
CVE-2026-54369,updated,2026-08-19,cve_2026_to_now,2026-08-20T07:36:51+00:00
CVE-2026-54371,updated,2026-08-19,cve_2026_to_now,2026-08-20T07:36:51+00:00
CVE-2026-54491,added,,cve_2026_to_now,2026-08-20T07:36:51+00:00
CVE-2026-54492,added,,cve_2026_to_now,2026-08-20T07:36:51+00:00
CVE-2026-54493,added,,cve_2026_to_now,2026-08-20T07:36:51+00:00
CVE-2026-54494,added,,cve_2026_to_now,2026-08-20T07:36:51+00:00
CVE-2026-54543,updated,2026-08-19,cve_2026_to_now,2026-08-20T07:36:51+00:00
CVE-2026-54738,added,,cve_2026_to_now,2026-08-20T07:36:51+00:00
CVE-2026-54739,added,,cve_2026_to_now,2026-08-20T07:36:51+00:00
CVE-2026-54740,added,,cve_2026_to_now,2026-08-20T07:36:51+00:00
CVE-2026-54741,added,,cve_2026_to_now,2026-08-20T07:36:51+00:00
CVE-2026-54742,added,,cve_2026_to_now,2026-08-20T07:36:51+00:00
CVE-2026-54743,added,,cve_2026_to_now,2026-08-20T07:36:51+00:00
CVE-2026-54793,added,,cve_2026_to_now,2026-08-20T07:36:51+00:00
CVE-2026-54794,added,,cve_2026_to_now,2026-08-20T07:36:51+00:00
CVE-2026-54795,added,2026-08-20,cve_2026_to_now,2026-08-20T07:36:51+00:00
CVE-2026-54796,added,2026-08-20,cve_2026_to_now,2026-08-20T07:36:51+00:00
CVE-2026-54981,updated,2026-08-19,cve_2026_to_now,2026-08-20T07:36:51+00:00
CVE-2026-54982,updated,2026-08-19,cve_2026_to_now,2026-08-20T07:36:51+00:00
CVE-2026-54983,updated,2026-08-19,cve_2026_to_now,2026-08-20T07:36:51+00:00
CVE-2026-54984,updated,2026-08-19,cve_2026_to_now,2026-08-20T07:36:51+00:00
CVE-2026-54986,updated,2026-08-19,cve_2026_to_now,2026-08-20T07:36:51+00:00
CVE-2026-54987,updated,2026-08-19,cve_2026_to_now,2026-08-20T07:36:51+00:00
CVE-2026-54988,updated,2026-08-19,cve_2026_to_now,2026-08-20T07:36:51+00:00
CVE-2026-54989,updated,2026-08-19,cve_2026_to_now,2026-08-20T07:36:51+00:00
CVE-2026-54990,updated,2026-08-19,cve_2026_to_now,2026-08-20T07:36:51+00:00
CVE-2026-54991,updated,2026-08-19,cve_2026_to_now,2026-08-20T07:36:51+00:00
CVE-2026-54992,updated,2026-08-19,cve_2026_to_now,2026-08-20T07:36:51+00:00
CVE-2026-54993,updated,2026-08-19,cve_2026_to_now,2026-08-20T07:36:51+00:00
CVE-2026-54995,updated,2026-08-19,cve_2026_to_now,2026-08-20T07:36:51+00:00
CVE-2026-54996,updated,2026-08-19,cve_2026_to_now,2026-08-20T07:36:51+00:00
CVE-2026-54997,updated,2026-08-19,cve_2026_to_now,2026-08-20T07:36:51+00:00
CVE-2026-54998,updated,2026-08-19,cve_2026_to_now,2026-08-20T07:36:51+00:00
CVE-2026-54999,updated,2026-08-19,cve_2026_to_now,2026-08-20T07:36:51+00:00
CVE-2026-55000,updated,2026-08-19,cve_2026_to_now,2026-08-20T07:36:51+00:00
CVE-2026-55001,updated,2026-08-19,cve_2026_to_now,2026-08-20T07:36:51+00:00
CVE-2026-55002,updated,2026-08-19,cve_2026_to_now,2026-08-20T07:36:51+00:00
CVE-2026-55003,updated,2026-08-19,cve_2026_to_now,2026-08-20T07:36:51+00:00
CVE-2026-55004,updated,2026-08-19,cve_2026_to_now,2026-08-20T07:36:51+00:00
CVE-2026-55005,updated,2026-08-19,cve_2026_to_now,2026-08-20T07:36:51+00:00
CVE-2026-55006,updated,2026-08-19,cve_2026_to_now,2026-08-20T07:36:51+00:00
CVE-2026-55008,updated,2026-08-19,cve_2026_to_now,2026-08-20T07:36:51+00:00
CVE-2026-55009,updated,2026-08-19,cve_2026_to_now,2026-08-20T07:36:51+00:00
CVE-2026-55010,updated,2026-08-19,cve_2026_to_now,2026-08-20T07:36:51+00:00
CVE-2026-55011,updated,2026-08-19,cve_2026_to_now,2026-08-20T07:36:51+00:00
CVE-2026-55012,updated,2026-08-19,cve_2026_to_now,2026-08-20T07:36:51+00:00
CVE-2026-55014,updated,2026-08-19,cve_2026_to_now,2026-08-20T07:36:51+00:00
CVE-2026-55016,updated,2026-08-19,cve_2026_to_now,2026-08-20T07:36:51+00:00
CVE-2026-55017,updated,2026-08-19,cve_2026_to_now,2026-08-20T07:36:51+00:00
CVE-2026-55018,updated,2026-08-19,cve_2026_to_now,2026-08-20T07:36:51+00:00
CVE-2026-55019,updated,2026-08-19,cve_2026_to_now,2026-08-20T07:36:51+00:00
CVE-2026-55020,updated,2026-08-19,cve_2026_to_now,2026-08-20T07:36:51+00:00
CVE-2026-55021,updated,2026-08-19,cve_2026_to_now,2026-08-20T07:36:51+00:00
CVE-2026-55022,updated,2026-08-19,cve_2026_to_now,2026-08-20T07:36:51+00:00
CVE-2026-55023,updated,2026-08-19,cve_2026_to_now,2026-08-20T07:36:51+00:00
CVE-2026-55024,updated,2026-08-19,cve_2026_to_now,2026-08-20T07:36:51+00:00
CVE-2026-55025,updated,2026-08-19,cve_2026_to_now,2026-08-20T07:36:51+00:00
CVE-2026-55026,updated,2026-08-19,cve_2026_to_now,2026-08-20T07:36:51+00:00
CVE-2026-55027,updated,2026-08-19,cve_2026_to_now,2026-08-20T07:36:51+00:00
CVE-2026-55028,updated,2026-08-19,cve_2026_to_now,2026-08-20T07:36:51+00:00
CVE-2026-55029,updated,2026-08-19,cve_2026_to_now,2026-08-20T07:36:51+00:00
CVE-2026-55030,updated,2026-08-19,cve_2026_to_now,2026-08-20T07:36:51+00:00
CVE-2026-55031,updated,2026-08-19,cve_2026_to_now,2026-08-20T07:36:51+00:00
CVE-2026-55032,updated,2026-08-19,cve_2026_to_now,2026-08-20T07:36:51+00:00
CVE-2026-55033,updated,2026-08-19,cve_2026_to_now,2026-08-20T07:36:51+00:00
CVE-2026-55034,updated,2026-08-19,cve_2026_to_now,2026-08-20T07:36:51+00:00
CVE-2026-55035,updated,2026-08-19,cve_2026_to_now,2026-08-20T07:36:51+00:00
CVE-2026-55036,updated,2026-08-19,cve_2026_to_now,2026-08-20T07:36:51+00:00
CVE-2026-55037,updated,2026-08-19,cve_2026_to_now,2026-08-20T07:36:51+00:00
CVE-2026-55038,updated,2026-08-19,cve_2026_to_now,2026-08-20T07:36:51+00:00
CVE-2026-55039,updated,2026-08-19,cve_2026_to_now,2026-08-20T07:36:51+00:00
CVE-2026-55040,updated,2026-08-19,cve_2026_to_now,2026-08-20T07:36:51+00:00
CVE-2026-55041,updated,2026-08-19,cve_2026_to_now,2026-08-20T07:36:51+00:00
CVE-2026-55042,updated,2026-08-19,cve_2026_to_now,2026-08-20T07:36:51+00:00
CVE-2026-55043,updated,2026-08-19,cve_2026_to_now,2026-08-20T07:36:51+00:00
CVE-2026-55044,updated,2026-08-19,cve_2026_to_now,2026-08-20T07:36:51+00:00
CVE-2026-55045,updated,2026-08-19,cve_2026_to_now,2026-08-20T07:36:51+00:00
CVE-2026-55046,updated,2026-08-19,cve_2026_to_now,2026-08-20T07:36:51+00:00
CVE-2026-55047,updated,2026-08-19,cve_2026_to_now,2026-08-20T07:36:51+00:00
CVE-2026-55048,updated,2026-08-19,cve_2026_to_now,2026-08-20T07:36:51+00:00
CVE-2026-55049,updated,2026-08-19,cve_2026_to_now,2026-08-20T07:36:51+00:00
CVE-2026-55050,updated,2026-08-19,cve_2026_to_now,2026-08-20T07:36:51+00:00
CVE-2026-55051,updated,2026-08-19,cve_2026_to_now,2026-08-20T07:36:51+00:00
CVE-2026-55052,updated,2026-08-19,cve_2026_to_now,2026-08-20T07:36:51+00:00
CVE-2026-55053,updated,2026-08-19,cve_2026_to_now,2026-08-20T07:36:51+00:00
CVE-2026-55054,updated,2026-08-19,cve_2026_to_now,2026-08-20T07:36:51+00:00
CVE-2026-55055,updated,2026-08-19,cve_2026_to_now,2026-08-20T07:36:51+00:00
CVE-2026-55056,updated,2026-08-19,cve_2026_to_now,2026-08-20T07:36:51+00:00
CVE-2026-55057,updated,2026-08-19,cve_2026_to_now,2026-08-20T07:36:51+00:00
CVE-2026-55058,updated,2026-08-19,cve_2026_to_now,2026-08-20T07:36:51+00:00
CVE-2026-55085,added,,cve_2026_to_now,2026-08-20T07:36:51+00:00
CVE-2026-55086,added,,cve_2026_to_now,2026-08-20T07:36:51+00:00
CVE-2026-55087,added,,cve_2026_to_now,2026-08-20T07:36:51+00:00
CVE-2026-55088,added,,cve_2026_to_now,2026-08-20T07:36:51+00:00
CVE-2026-55089,added,,cve_2026_to_now,2026-08-20T07:36:51+00:00
CVE-2026-55090,added,,cve_2026_to_now,2026-08-20T07:36:51+00:00
CVE-2026-55120,updated,2026-08-19,cve_2026_to_now,2026-08-20T07:36:51+00:00
CVE-2026-55121,updated,2026-08-19,cve_2026_to_now,2026-08-20T07:36:51+00:00
CVE-2026-55122,updated,2026-08-19,cve_2026_to_now,2026-08-20T07:36:51+00:00
CVE-2026-55123,updated,2026-08-19,cve_2026_to_now,2026-08-20T07:36:51+00:00
CVE-2026-55124,updated,2026-08-19,cve_2026_to_now,2026-08-20T07:36:51+00:00
CVE-2026-55125,updated,2026-08-19,cve_2026_to_now,2026-08-20T07:36:51+00:00
CVE-2026-55126,updated,2026-08-19,cve_2026_to_now,2026-08-20T07:36:51+00:00
CVE-2026-55127,updated,2026-08-19,cve_2026_to_now,2026-08-20T07:36:51+00:00
CVE-2026-55128,updated,2026-08-19,cve_2026_to_now,2026-08-20T07:36:51+00:00
CVE-2026-55129,updated,2026-08-19,cve_2026_to_now,2026-08-20T07:36:51+00:00
CVE-2026-55130,updated,2026-08-19,cve_2026_to_now,2026-08-20T07:36:51+00:00
CVE-2026-55131,updated,2026-08-19,cve_2026_to_now,2026-08-20T07:36:51+00:00
CVE-2026-55132,updated,2026-08-19,cve_2026_to_now,2026-08-20T07:36:51+00:00
CVE-2026-55133,updated,2026-08-19,cve_2026_to_now,2026-08-20T07:36:51+00:00
CVE-2026-55134,updated,2026-08-19,cve_2026_to_now,2026-08-20T07:36:51+00:00
CVE-2026-55135,updated,2026-08-19,cve_2026_to_now,2026-08-20T07:36:51+00:00
CVE-2026-55136,updated,2026-08-19,cve_2026_to_now,2026-08-20T07:36:51+00:00
CVE-2026-55137,updated,2026-08-19,cve_2026_to_now,2026-08-20T07:36:51+00:00
CVE-2026-55138,updated,2026-08-19,cve_2026_to_now,2026-08-20T07:36:51+00:00
CVE-2026-55139,updated,2026-08-19,cve_2026_to_now,2026-08-20T07:36:51+00:00
CVE-2026-55140,updated,2026-08-19,cve_2026_to_now,2026-08-20T07:36:51+00:00
CVE-2026-55141,updated,2026-08-19,cve_2026_to_now,2026-08-20T07:36:51+00:00
CVE-2026-55142,updated,2026-08-19,cve_2026_to_now,2026-08-20T07:36:51+00:00
CVE-2026-55144,updated,2026-08-19,cve_2026_to_now,2026-08-20T07:36:51+00:00
CVE-2026-55145,updated,2026-08-19,cve_2026_to_now,2026-08-20T07:36:51+00:00
CVE-2026-55162,updated,2026-08-19,cve_2026_to_now,2026-08-20T07:36:51+00:00
CVE-2026-55163,updated,2026-08-19,cve_2026_to_now,2026-08-20T07:36:51+00:00
CVE-2026-55191,added,,cve_2026_to_now,2026-08-20T07:36:51+00:00
CVE-2026-55192,added,,cve_2026_to_now,2026-08-20T07:36:51+00:00
CVE-2026-55193,added,,cve_2026_to_now,2026-08-20T07:36:51+00:00
CVE-2026-55194,added,,cve_2026_to_now,2026-08-20T07:36:51+00:00
CVE-2026-55482,added,,cve_2026_to_now,2026-08-20T07:36:51+00:00
CVE-2026-55483,added,,cve_2026_to_now,2026-08-20T07:36:51+00:00
CVE-2026-55519,added,,cve_2026_to_now,2026-08-20T07:36:51+00:00
CVE-2026-55564,added,,cve_2026_to_now,2026-08-20T07:36:51+00:00
CVE-2026-55593,updated,2026-08-19,cve_2026_to_now,2026-08-20T07:36:51+00:00
CVE-2026-55643,added,,cve_2026_to_now,2026-08-20T07:36:51+00:00
CVE-2026-55648,added,,cve_2026_to_now,2026-08-20T07:36:51+00:00
CVE-2026-55694,added,,cve_2026_to_now,2026-08-20T07:36:51+00:00
CVE-2026-55703,added,,cve_2026_to_now,2026-08-20T07:36:51+00:00
CVE-2026-55898,updated,2026-08-19,cve_2026_to_now,2026-08-20T07:36:51+00:00
CVE-2026-55899,updated,2026-08-19,cve_2026_to_now,2026-08-20T07:36:51+00:00
CVE-2026-55944,updated,2026-08-19,cve_2026_to_now,2026-08-20T07:36:51+00:00
CVE-2026-55945,updated,2026-08-19,cve_2026_to_now,2026-08-20T07:36:51+00:00
CVE-2026-55947,updated,2026-08-19,cve_2026_to_now,2026-08-20T07:36:51+00:00
CVE-2026-55948,updated,2026-08-19,cve_2026_to_now,2026-08-20T07:36:51+00:00
CVE-2026-55949,updated,2026-08-19,cve_2026_to_now,2026-08-20T07:36:51+00:00
CVE-2026-56088,added,,cve_2026_to_now,2026-08-20T07:36:51+00:00
CVE-2026-56155,updated,2026-08-19,cve_2026_to_now,2026-08-20T07:36:51+00:00
CVE-2026-56156,updated,2026-08-19,cve_2026_to_now,2026-08-20T07:36:51+00:00
CVE-2026-56157,updated,2026-08-19,cve_2026_to_now,2026-08-20T07:36:51+00:00
CVE-2026-56159,updated,2026-08-19,cve_2026_to_now,2026-08-20T07:36:51+00:00
CVE-2026-56160,updated,2026-08-19,cve_2026_to_now,2026-08-20T07:36:51+00:00
CVE-2026-56161,updated,2026-08-19,cve_2026_to_now,2026-08-20T07:36:51+00:00
CVE-2026-56162,updated,2026-08-19,cve_2026_to_now,2026-08-20T07:36:51+00:00
CVE-2026-56163,updated,2026-08-19,cve_2026_to_now,2026-08-20T07:36:51+00:00
CVE-2026-56164,updated,2026-08-19,cve_2026_to_now,2026-08-20T07:36:51+00:00
CVE-2026-56165,updated,2026-08-19,cve_2026_to_now,2026-08-20T07:36:51+00:00
CVE-2026-56167,updated,2026-08-19,cve_2026_to_now,2026-08-20T07:36:51+00:00
CVE-2026-56168,updated,2026-08-19,cve_2026_to_now,2026-08-20T07:36:51+00:00
CVE-2026-56169,updated,2026-08-19,cve_2026_to_now,2026-08-20T07:36:51+00:00
CVE-2026-56170,updated,2026-08-19,cve_2026_to_now,2026-08-20T07:36:51+00:00
CVE-2026-56171,updated,2026-08-19,cve_2026_to_now,2026-08-20T07:36:51+00:00
CVE-2026-56173,updated,2026-08-19,cve_2026_to_now,2026-08-20T07:36:51+00:00
CVE-2026-56174,updated,2026-08-19,cve_2026_to_now,2026-08-20T07:36:51+00:00
CVE-2026-56175,updated,2026-08-19,cve_2026_to_now,2026-08-20T07:36:51+00:00
CVE-2026-56176,updated,2026-08-19,cve_2026_to_now,2026-08-20T07:36:51+00:00
CVE-2026-56178,updated,2026-08-19,cve_2026_to_now,2026-08-20T07:36:51+00:00
CVE-2026-56179,updated,2026-08-19,cve_2026_to_now,2026-08-20T07:36:51+00:00
CVE-2026-56181,updated,2026-08-19,cve_2026_to_now,2026-08-20T07:36:51+00:00
CVE-2026-56182,updated,2026-08-19,cve_2026_to_now,2026-08-20T07:36:51+00:00
CVE-2026-56183,updated,2026-08-19,cve_2026_to_now,2026-08-20T07:36:51+00:00
CVE-2026-56184,updated,2026-08-19,cve_2026_to_now,2026-08-20T07:36:51+00:00
CVE-2026-56185,updated,2026-08-19,cve_2026_to_now,2026-08-20T07:36:51+00:00
CVE-2026-56186,updated,2026-08-19,cve_2026_to_now,2026-08-20T07:36:51+00:00
CVE-2026-56187,updated,2026-08-19,cve_2026_to_now,2026-08-20T07:36:51+00:00
CVE-2026-56188,updated,2026-08-19,cve_2026_to_now,2026-08-20T07:36:51+00:00
CVE-2026-56189,updated,2026-08-19,cve_2026_to_now,2026-08-20T07:36:51+00:00
CVE-2026-56190,updated,2026-08-19,cve_2026_to_now,2026-08-20T07:36:51+00:00
CVE-2026-56191,updated,2026-08-19,cve_2026_to_now,2026-08-20T07:36:51+00:00
CVE-2026-56192,updated,2026-08-19,cve_2026_to_now,2026-08-20T07:36:51+00:00
CVE-2026-56193,updated,2026-08-19,cve_2026_to_now,2026-08-20T07:36:51+00:00
CVE-2026-56194,updated,2026-08-19,cve_2026_to_now,2026-08-20T07:36:51+00:00
CVE-2026-56195,updated,2026-08-19,cve_2026_to_now,2026-08-20T07:36:51+00:00
CVE-2026-56196,updated,2026-08-19,cve_2026_to_now,2026-08-20T07:36:51+00:00
CVE-2026-56197,updated,2026-08-19,cve_2026_to_now,2026-08-20T07:36:51+00:00
CVE-2026-56642,updated,2026-08-19,cve_2026_to_now,2026-08-20T07:36:51+00:00
CVE-2026-56643,updated,2026-08-19,cve_2026_to_now,2026-08-20T07:36:51+00:00
CVE-2026-56644,updated,2026-08-19,cve_2026_to_now,2026-08-20T07:36:51+00:00
CVE-2026-56645,updated,2026-08-19,cve_2026_to_now,2026-08-20T07:36:51+00:00
CVE-2026-56646,updated,2026-08-19,cve_2026_to_now,2026-08-20T07:36:51+00:00
CVE-2026-56647,updated,2026-08-19,cve_2026_to_now,2026-08-20T07:36:51+00:00
CVE-2026-56648,updated,2026-08-19,cve_2026_to_now,2026-08-20T07:36:51+00:00
CVE-2026-56649,updated,2026-08-19,cve_2026_to_now,2026-08-20T07:36:51+00:00
CVE-2026-56650,updated,2026-08-19,cve_2026_to_now,2026-08-20T07:36:51+00:00
CVE-2026-56796,added,,cve_2026_to_now,2026-08-20T07:36:51+00:00
CVE-2026-56797,added,,cve_2026_to_now,2026-08-20T07:36:51+00:00
CVE-2026-57083,updated,2026-08-19,cve_2026_to_now,2026-08-20T07:36:51+00:00
CVE-2026-57084,updated,2026-08-19,cve_2026_to_now,2026-08-20T07:36:51+00:00
CVE-2026-57085,updated,2026-08-19,cve_2026_to_now,2026-08-20T07:36:51+00:00
CVE-2026-57087,updated,2026-08-19,cve_2026_to_now,2026-08-20T07:36:51+00:00
CVE-2026-57088,updated,2026-08-19,cve_2026_to_now,2026-08-20T07:36:51+00:00
CVE-2026-57089,updated,2026-08-19,cve_2026_to_now,2026-08-20T07:36:51+00:00
CVE-2026-57090,updated,2026-08-19,cve_2026_to_now,2026-08-20T07:36:51+00:00
CVE-2026-57091,updated,2026-08-19,cve_2026_to_now,2026-08-20T07:36:51+00:00
CVE-2026-57092,updated,2026-08-19,cve_2026_to_now,2026-08-20T07:36:51+00:00
CVE-2026-57093,updated,2026-08-19,cve_2026_to_now,2026-08-20T07:36:51+00:00
CVE-2026-57094,updated,2026-08-19,cve_2026_to_now,2026-08-20T07:36:51+00:00
CVE-2026-57095,updated,2026-08-19,cve_2026_to_now,2026-08-20T07:36:51+00:00
CVE-2026-57096,updated,2026-08-19,cve_2026_to_now,2026-08-20T07:36:51+00:00
CVE-2026-57097,updated,2026-08-19,cve_2026_to_now,2026-08-20T07:36:51+00:00
CVE-2026-57100,updated,2026-08-19,cve_2026_to_now,2026-08-20T07:36:51+00:00
CVE-2026-57101,updated,2026-08-19,cve_2026_to_now,2026-08-20T07:36:51+00:00
CVE-2026-57102,updated,2026-08-19,cve_2026_to_now,2026-08-20T07:36:51+00:00
CVE-2026-57104,updated,2026-08-19,cve_2026_to_now,2026-08-20T07:36:51+00:00
CVE-2026-57105,updated,2026-08-19,cve_2026_to_now,2026-08-20T07:36:51+00:00
CVE-2026-57106,updated,2026-08-19,cve_2026_to_now,2026-08-20T07:36:51+00:00
CVE-2026-57107,updated,2026-08-19,cve_2026_to_now,2026-08-20T07:36:51+00:00
CVE-2026-57108,updated,2026-08-19,cve_2026_to_now,2026-08-20T07:36:51+00:00
CVE-2026-57826,updated,2026-08-19,cve_2026_to_now,2026-08-20T07:36:51+00:00
CVE-2026-57828,updated,2026-08-19,cve_2026_to_now,2026-08-20T07:36:51+00:00
CVE-2026-57968,updated,2026-08-19,cve_2026_to_now,2026-08-20T07:36:51+00:00
CVE-2026-57969,updated,2026-08-19,cve_2026_to_now,2026-08-20T07:36:51+00:00
CVE-2026-57973,updated,2026-08-19,cve_2026_to_now,2026-08-20T07:36:51+00:00
CVE-2026-57974,updated,2026-08-19,cve_2026_to_now,2026-08-20T07:36:51+00:00
CVE-2026-57975,updated,2026-08-19,cve_2026_to_now,2026-08-20T07:36:51+00:00
CVE-2026-57976,updated,2026-08-19,cve_2026_to_now,2026-08-20T07:36:51+00:00
CVE-2026-57977,updated,2026-08-19,cve_2026_to_now,2026-08-20T07:36:51+00:00
CVE-2026-57978,updated,2026-08-19,cve_2026_to_now,2026-08-20T07:36:51+00:00
CVE-2026-57979,updated,2026-08-19,cve_2026_to_now,2026-08-20T07:36:51+00:00
CVE-2026-57980,updated,2026-08-19,cve_2026_to_now,2026-08-20T07:36:51+00:00
CVE-2026-57981,updated,2026-08-19,cve_2026_to_now,2026-08-20T07:36:51+00:00
CVE-2026-57982,updated,2026-08-19,cve_2026_to_now,2026-08-20T07:36:51+00:00
CVE-2026-57983,updated,2026-08-19,cve_2026_to_now,2026-08-20T07:36:51+00:00
CVE-2026-57984,updated,2026-08-19,cve_2026_to_now,2026-08-20T07:36:51+00:00
CVE-2026-57985,updated,2026-08-19,cve_2026_to_now,2026-08-20T07:36:51+00:00
CVE-2026-57986,updated,2026-08-19,cve_2026_to_now,2026-08-20T07:36:51+00:00
CVE-2026-57987,updated,2026-08-19,cve_2026_to_now,2026-08-20T07:36:51+00:00
CVE-2026-57988,updated,2026-08-19,cve_2026_to_now,2026-08-20T07:36:51+00:00
CVE-2026-57989,updated,2026-08-19,cve_2026_to_now,2026-08-20T07:36:51+00:00
CVE-2026-57990,updated,2026-08-19,cve_2026_to_now,2026-08-20T07:36:51+00:00
CVE-2026-57991,updated,2026-08-19,cve_2026_to_now,2026-08-20T07:36:51+00:00
CVE-2026-57992,updated,2026-08-19,cve_2026_to_now,2026-08-20T07:36:51+00:00
CVE-2026-57993,updated,2026-08-19,cve_2026_to_now,2026-08-20T07:36:51+00:00
CVE-2026-58010,updated,2026-08-19,cve_2026_to_now,2026-08-20T07:36:51+00:00
CVE-2026-58011,updated,2026-08-19,cve_2026_to_now,2026-08-20T07:36:51+00:00
CVE-2026-58012,updated,2026-08-19,cve_2026_to_now,2026-08-20T07:36:51+00:00
CVE-2026-58013,updated,2026-08-19,cve_2026_to_now,2026-08-20T07:36:51+00:00
CVE-2026-58014,updated,2026-08-19,cve_2026_to_now,2026-08-20T07:36:51+00:00
CVE-2026-58015,updated,2026-08-19,cve_2026_to_now,2026-08-20T07:36:51+00:00
CVE-2026-58049,updated,2026-08-19,cve_2026_to_now,2026-08-20T07:36:51+00:00
CVE-2026-58083,added,2026-08-20,cve_2026_to_now,2026-08-20T07:36:51+00:00
CVE-2026-58084,added,,cve_2026_to_now,2026-08-20T07:36:51+00:00
CVE-2026-58085,added,,cve_2026_to_now,2026-08-20T07:36:51+00:00
CVE-2026-58086,added,,cve_2026_to_now,2026-08-20T07:36:51+00:00
CVE-2026-58087,added,2026-08-20,cve_2026_to_now,2026-08-20T07:36:51+00:00
CVE-2026-58088,added,2026-08-20,cve_2026_to_now,2026-08-20T07:36:51+00:00
CVE-2026-58275,updated,2026-08-19,cve_2026_to_now,2026-08-20T07:36:51+00:00
CVE-2026-58276,updated,2026-08-19,cve_2026_to_now,2026-08-20T07:36:51+00:00
CVE-2026-58277,updated,2026-08-19,cve_2026_to_now,2026-08-20T07:36:51+00:00
CVE-2026-58278,updated,2026-08-19,cve_2026_to_now,2026-08-20T07:36:51+00:00
CVE-2026-58279,updated,2026-08-19,cve_2026_to_now,2026-08-20T07:36:51+00:00
CVE-2026-58281,updated,2026-08-19,cve_2026_to_now,2026-08-20T07:36:51+00:00
CVE-2026-58282,updated,2026-08-19,cve_2026_to_now,2026-08-20T07:36:51+00:00
CVE-2026-58283,updated,2026-08-19,cve_2026_to_now,2026-08-20T07:36:51+00:00
CVE-2026-58284,updated,2026-08-19,cve_2026_to_now,2026-08-20T07:36:51+00:00
CVE-2026-58285,updated,2026-08-19,cve_2026_to_now,2026-08-20T07:36:51+00:00
CVE-2026-58286,updated,2026-08-19,cve_2026_to_now,2026-08-20T07:36:51+00:00
CVE-2026-58287,updated,2026-08-19,cve_2026_to_now,2026-08-20T07:36:51+00:00
CVE-2026-58288,updated,2026-08-19,cve_2026_to_now,2026-08-20T07:36:51+00:00
CVE-2026-58289,updated,2026-08-19,cve_2026_to_now,2026-08-20T07:36:51+00:00
CVE-2026-58290,updated,2026-08-19,cve_2026_to_now,2026-08-20T07:36:51+00:00
CVE-2026-58291,updated,2026-08-19,cve_2026_to_now,2026-08-20T07:36:51+00:00
CVE-2026-58292,updated,2026-08-19,cve_2026_to_now,2026-08-20T07:36:51+00:00
CVE-2026-58293,updated,2026-08-19,cve_2026_to_now,2026-08-20T07:36:51+00:00
CVE-2026-58294,updated,2026-08-19,cve_2026_to_now,2026-08-20T07:36:51+00:00
CVE-2026-58295,updated,2026-08-19,cve_2026_to_now,2026-08-20T07:36:51+00:00
CVE-2026-58296,updated,2026-08-19,cve_2026_to_now,2026-08-20T07:36:51+00:00
CVE-2026-58297,updated,2026-08-19,cve_2026_to_now,2026-08-20T07:36:51+00:00
CVE-2026-58298,updated,2026-08-19,cve_2026_to_now,2026-08-20T07:36:51+00:00
CVE-2026-58299,updated,2026-08-19,cve_2026_to_now,2026-08-20T07:36:51+00:00
CVE-2026-58300,updated,2026-08-19,cve_2026_to_now,2026-08-20T07:36:51+00:00
CVE-2026-58522,updated,2026-08-19,cve_2026_to_now,2026-08-20T07:36:51+00:00
CVE-2026-58523,updated,2026-08-19,cve_2026_to_now,2026-08-20T07:36:51+00:00
CVE-2026-58524,updated,2026-08-19,cve_2026_to_now,2026-08-20T07:36:51+00:00
CVE-2026-58525,updated,2026-08-19,cve_2026_to_now,2026-08-20T07:36:51+00:00
CVE-2026-58526,updated,2026-08-19,cve_2026_to_now,2026-08-20T07:36:51+00:00
CVE-2026-58527,updated,2026-08-19,cve_2026_to_now,2026-08-20T07:36:51+00:00
CVE-2026-58528,updated,2026-08-19,cve_2026_to_now,2026-08-20T07:36:51+00:00
CVE-2026-58529,updated,2026-08-19,cve_2026_to_now,2026-08-20T07:36:51+00:00
CVE-2026-58530,updated,2026-08-19,cve_2026_to_now,2026-08-20T07:36:51+00:00
CVE-2026-58531,updated,2026-08-19,cve_2026_to_now,2026-08-20T07:36:51+00:00
CVE-2026-58532,updated,2026-08-19,cve_2026_to_now,2026-08-20T07:36:51+00:00
CVE-2026-58533,updated,2026-08-19,cve_2026_to_now,2026-08-20T07:36:51+00:00
CVE-2026-58534,updated,2026-08-19,cve_2026_to_now,2026-08-20T07:36:51+00:00
CVE-2026-58535,updated,2026-08-19,cve_2026_to_now,2026-08-20T07:36:51+00:00
CVE-2026-58536,updated,2026-08-19,cve_2026_to_now,2026-08-20T07:36:51+00:00
CVE-2026-58537,updated,2026-08-19,cve_2026_to_now,2026-08-20T07:36:51+00:00
CVE-2026-58538,updated,2026-08-19,cve_2026_to_now,2026-08-20T07:36:51+00:00
CVE-2026-58539,updated,2026-08-19,cve_2026_to_now,2026-08-20T07:36:51+00:00
CVE-2026-58540,updated,2026-08-19,cve_2026_to_now,2026-08-20T07:36:51+00:00
CVE-2026-58541,updated,2026-08-19,cve_2026_to_now,2026-08-20T07:36:51+00:00
CVE-2026-58542,updated,2026-08-19,cve_2026_to_now,2026-08-20T07:36:51+00:00
CVE-2026-58543,updated,2026-08-19,cve_2026_to_now,2026-08-20T07:36:51+00:00
CVE-2026-58544,updated,2026-08-19,cve_2026_to_now,2026-08-20T07:36:51+00:00
CVE-2026-58545,updated,2026-08-19,cve_2026_to_now,2026-08-20T07:36:51+00:00
CVE-2026-58546,updated,2026-08-19,cve_2026_to_now,2026-08-20T07:36:51+00:00
CVE-2026-58547,updated,2026-08-19,cve_2026_to_now,2026-08-20T07:36:51+00:00
CVE-2026-58562,added,,cve_2026_to_now,2026-08-20T07:36:51+00:00
CVE-2026-58564,added,,cve_2026_to_now,2026-08-20T07:36:51+00:00
CVE-2026-58565,added,,cve_2026_to_now,2026-08-20T07:36:51+00:00
CVE-2026-58594,updated,2026-08-19,cve_2026_to_now,2026-08-20T07:36:51+00:00
CVE-2026-58595,updated,2026-08-19,cve_2026_to_now,2026-08-20T07:36:51+00:00
CVE-2026-58596,updated,2026-08-19,cve_2026_to_now,2026-08-20T07:36:51+00:00
CVE-2026-58597,updated,2026-08-19,cve_2026_to_now,2026-08-20T07:36:51+00:00
CVE-2026-58598,updated,2026-08-19,cve_2026_to_now,2026-08-20T07:36:51+00:00
CVE-2026-58601,updated,2026-08-19,cve_2026_to_now,2026-08-20T07:36:51+00:00
CVE-2026-58602,updated,2026-08-19,cve_2026_to_now,2026-08-20T07:36:51+00:00
CVE-2026-58608,updated,2026-08-19,cve_2026_to_now,2026-08-20T07:36:51+00:00
CVE-2026-58609,updated,2026-08-19,cve_2026_to_now,2026-08-20T07:36:51+00:00
CVE-2026-58610,updated,2026-08-19,cve_2026_to_now,2026-08-20T07:36:51+00:00
CVE-2026-58612,updated,2026-08-19,cve_2026_to_now,2026-08-20T07:36:51+00:00
CVE-2026-58613,updated,2026-08-19,cve_2026_to_now,2026-08-20T07:36:51+00:00
CVE-2026-58614,updated,2026-08-19,cve_2026_to_now,2026-08-20T07:36:51+00:00
CVE-2026-58617,updated,2026-08-19,cve_2026_to_now,2026-08-20T07:36:51+00:00
CVE-2026-58618,updated,2026-08-19,cve_2026_to_now,2026-08-20T07:36:51+00:00
CVE-2026-58619,updated,2026-08-19,cve_2026_to_now,2026-08-20T07:36:51+00:00
CVE-2026-58626,updated,2026-08-19,cve_2026_to_now,2026-08-20T07:36:51+00:00
CVE-2026-58627,updated,2026-08-19,cve_2026_to_now,2026-08-20T07:36:51+00:00
CVE-2026-58628,updated,2026-08-19,cve_2026_to_now,2026-08-20T07:36:51+00:00
CVE-2026-58629,updated,2026-08-19,cve_2026_to_now,2026-08-20T07:36:51+00:00
CVE-2026-58630,updated,2026-08-19,cve_2026_to_now,2026-08-20T07:36:51+00:00
CVE-2026-58631,updated,2026-08-19,cve_2026_to_now,2026-08-20T07:36:51+00:00
CVE-2026-58632,updated,2026-08-19,cve_2026_to_now,2026-08-20T07:36:51+00:00
CVE-2026-58633,updated,2026-08-19,cve_2026_to_now,2026-08-20T07:36:51+00:00
CVE-2026-58634,updated,2026-08-19,cve_2026_to_now,2026-08-20T07:36:51+00:00
CVE-2026-58635,updated,2026-08-19,cve_2026_to_now,2026-08-20T07:36:51+00:00
CVE-2026-58636,updated,2026-08-19,cve_2026_to_now,2026-08-20T07:36:51+00:00
CVE-2026-58637,updated,2026-08-19,cve_2026_to_now,2026-08-20T07:36:51+00:00
CVE-2026-58638,updated,2026-08-19,cve_2026_to_now,2026-08-20T07:36:51+00:00
CVE-2026-58639,updated,2026-08-19,cve_2026_to_now,2026-08-20T07:36:51+00:00
CVE-2026-58640,updated,2026-08-19,cve_2026_to_now,2026-08-20T07:36:51+00:00
CVE-2026-58641,updated,2026-08-19,cve_2026_to_now,2026-08-20T07:36:51+00:00
CVE-2026-58643,updated,2026-08-19,cve_2026_to_now,2026-08-20T07:36:51+00:00
CVE-2026-58644,updated,2026-08-19,cve_2026_to_now,2026-08-20T07:36:51+00:00
CVE-2026-58647,updated,2026-08-19,cve_2026_to_now,2026-08-20T07:36:51+00:00
CVE-2026-58650,updated,2026-08-19,cve_2026_to_now,2026-08-20T07:36:51+00:00
CVE-2026-58651,updated,2026-08-19,cve_2026_to_now,2026-08-20T07:36:51+00:00
CVE-2026-59113,updated,2026-08-19,cve_2026_to_now,2026-08-20T07:36:51+00:00
CVE-2026-59115,updated,2026-08-19,cve_2026_to_now,2026-08-20T07:36:51+00:00
CVE-2026-59117,updated,2026-08-19,cve_2026_to_now,2026-08-20T07:36:51+00:00
CVE-2026-59118,updated,2026-08-19,cve_2026_to_now,2026-08-20T07:36:51+00:00
CVE-2026-59119,updated,2026-08-19,cve_2026_to_now,2026-08-20T07:36:51+00:00
CVE-2026-59122,updated,2026-08-19,cve_2026_to_now,2026-08-20T07:36:51+00:00
CVE-2026-59124,updated,2026-08-19,cve_2026_to_now,2026-08-20T07:36:51+00:00
CVE-2026-59125,updated,2026-08-19,cve_2026_to_now,2026-08-20T07:36:51+00:00
CVE-2026-59126,updated,2026-08-19,cve_2026_to_now,2026-08-20T07:36:51+00:00
CVE-2026-59127,updated,2026-08-19,cve_2026_to_now,2026-08-20T07:36:51+00:00
CVE-2026-59128,updated,2026-08-19,cve_2026_to_now,2026-08-20T07:36:51+00:00
CVE-2026-59130,updated,2026-08-19,cve_2026_to_now,2026-08-20T07:36:51+00:00
CVE-2026-59131,updated,2026-08-19,cve_2026_to_now,2026-08-20T07:36:51+00:00
CVE-2026-59132,updated,2026-08-19,cve_2026_to_now,2026-08-20T07:36:51+00:00
CVE-2026-59133,updated,2026-08-19,cve_2026_to_now,2026-08-20T07:36:51+00:00
CVE-2026-59134,updated,2026-08-19,cve_2026_to_now,2026-08-20T07:36:51+00:00
CVE-2026-59135,updated,2026-08-19,cve_2026_to_now,2026-08-20T07:36:51+00:00
CVE-2026-59136,updated,2026-08-19,cve_2026_to_now,2026-08-20T07:36:51+00:00
CVE-2026-59137,updated,2026-08-19,cve_2026_to_now,2026-08-20T07:36:51+00:00
CVE-2026-59138,updated,2026-08-19,cve_2026_to_now,2026-08-20T07:36:51+00:00
CVE-2026-59691,updated,2026-08-19,cve_2026_to_now,2026-08-20T07:36:51+00:00
CVE-2026-59692,updated,2026-08-19,cve_2026_to_now,2026-08-20T07:36:51+00:00
CVE-2026-59992,added,,cve_2026_to_now,2026-08-20T07:36:51+00:00
CVE-2026-60391,updated,2026-08-19,cve_2026_to_now,2026-08-20T07:36:51+00:00
CVE-2026-60392,updated,2026-08-19,cve_2026_to_now,2026-08-20T07:36:51+00:00
CVE-2026-60679,updated,2026-08-19,cve_2026_to_now,2026-08-20T07:36:51+00:00
CVE-2026-60680,updated,2026-08-19,cve_2026_to_now,2026-08-20T07:36:51+00:00
CVE-2026-60682,updated,2026-08-19,cve_2026_to_now,2026-08-20T07:36:51+00:00
CVE-2026-60693,updated,2026-08-19,cve_2026_to_now,2026-08-20T07:36:51+00:00
CVE-2026-60696,updated,2026-08-19,cve_2026_to_now,2026-08-20T07:36:51+00:00
CVE-2026-60698,updated,2026-08-19,cve_2026_to_now,2026-08-20T07:36:51+00:00
CVE-2026-60699,updated,2026-08-19,cve_2026_to_now,2026-08-20T07:36:51+00:00
CVE-2026-60702,updated,2026-08-19,cve_2026_to_now,2026-08-20T07:36:51+00:00
CVE-2026-60707,updated,2026-08-19,cve_2026_to_now,2026-08-20T07:36:51+00:00
CVE-2026-60715,updated,2026-08-19,cve_2026_to_now,2026-08-20T07:36:51+00:00
CVE-2026-60726,updated,2026-08-19,cve_2026_to_now,2026-08-20T07:36:51+00:00
CVE-2026-60727,updated,2026-08-19,cve_2026_to_now,2026-08-20T07:36:51+00:00
CVE-2026-60728,updated,2026-08-19,cve_2026_to_now,2026-08-20T07:36:51+00:00
CVE-2026-60729,updated,2026-08-19,cve_2026_to_now,2026-08-20T07:36:51+00:00
CVE-2026-60730,updated,2026-08-19,cve_2026_to_now,2026-08-20T07:36:51+00:00
CVE-2026-60731,updated,2026-08-19,cve_2026_to_now,2026-08-20T07:36:51+00:00
CVE-2026-60733,updated,2026-08-19,cve_2026_to_now,2026-08-20T07:36:51+00:00
CVE-2026-60752,updated,2026-08-19,cve_2026_to_now,2026-08-20T07:36:51+00:00
CVE-2026-60753,updated,2026-08-20,cve_2026_to_now,2026-08-20T07:36:51+00:00
CVE-2026-60757,updated,2026-08-20,cve_2026_to_now,2026-08-20T07:36:51+00:00
CVE-2026-60766,updated,2026-08-20,cve_2026_to_now,2026-08-20T07:36:51+00:00
CVE-2026-60779,updated,2026-08-19,cve_2026_to_now,2026-08-20T07:36:51+00:00
CVE-2026-60791,updated,2026-08-20,cve_2026_to_now,2026-08-20T07:36:51+00:00
CVE-2026-60792,updated,2026-08-20,cve_2026_to_now,2026-08-20T07:36:51+00:00
CVE-2026-60796,updated,2026-08-19,cve_2026_to_now,2026-08-20T07:36:51+00:00
CVE-2026-60797,updated,2026-08-20,cve_2026_to_now,2026-08-20T07:36:51+00:00
CVE-2026-60798,updated,2026-08-20,cve_2026_to_now,2026-08-20T07:36:51+00:00
CVE-2026-60820,updated,2026-08-20,cve_2026_to_now,2026-08-20T07:36:51+00:00
CVE-2026-60873,updated,2026-08-20,cve_2026_to_now,2026-08-20T07:36:51+00:00
CVE-2026-60905,updated,2026-08-20,cve_2026_to_now,2026-08-20T07:36:51+00:00
CVE-2026-60916,updated,2026-08-19,cve_2026_to_now,2026-08-20T07:36:51+00:00
CVE-2026-60955,updated,2026-08-19,cve_2026_to_now,2026-08-20T07:36:51+00:00
CVE-2026-61011,updated,2026-08-19,cve_2026_to_now,2026-08-20T07:36:51+00:00
CVE-2026-61016,updated,2026-08-19,cve_2026_to_now,2026-08-20T07:36:51+00:00
CVE-2026-61033,updated,2026-08-19,cve_2026_to_now,2026-08-20T07:36:51+00:00
CVE-2026-61045,updated,2026-08-19,cve_2026_to_now,2026-08-20T07:36:51+00:00
CVE-2026-61124,updated,2026-08-19,cve_2026_to_now,2026-08-20T07:36:51+00:00
CVE-2026-61139,updated,2026-08-19,cve_2026_to_now,2026-08-20T07:36:51+00:00
CVE-2026-61208,updated,2026-08-19,cve_2026_to_now,2026-08-20T07:36:51+00:00
CVE-2026-61259,updated,2026-08-19,cve_2026_to_now,2026-08-20T07:36:51+00:00
CVE-2026-61286,updated,2026-08-19,cve_2026_to_now,2026-08-20T07:36:51+00:00
CVE-2026-61302,updated,2026-08-19,cve_2026_to_now,2026-08-20T07:36:51+00:00
CVE-2026-61305,updated,2026-08-20,cve_2026_to_now,2026-08-20T07:36:51+00:00
CVE-2026-61306,updated,2026-08-19,cve_2026_to_now,2026-08-20T07:36:51+00:00
CVE-2026-61317,updated,2026-08-20,cve_2026_to_now,2026-08-20T07:36:51+00:00
CVE-2026-61318,updated,2026-08-20,cve_2026_to_now,2026-08-20T07:36:51+00:00
CVE-2026-61321,updated,2026-08-20,cve_2026_to_now,2026-08-20T07:36:51+00:00
CVE-2026-61326,updated,2026-08-20,cve_2026_to_now,2026-08-20T07:36:51+00:00
CVE-2026-61345,updated,2026-08-19,cve_2026_to_now,2026-08-20T07:36:51+00:00
CVE-2026-61346,updated,2026-08-19,cve_2026_to_now,2026-08-20T07:36:51+00:00
CVE-2026-61347,updated,2026-08-19,cve_2026_to_now,2026-08-20T07:36:51+00:00
CVE-2026-61348,updated,2026-08-19,cve_2026_to_now,2026-08-20T07:36:51+00:00
CVE-2026-61349,updated,2026-08-19,cve_2026_to_now,2026-08-20T07:36:51+00:00
CVE-2026-61350,updated,2026-08-19,cve_2026_to_now,2026-08-20T07:36:51+00:00
CVE-2026-61352,updated,2026-08-19,cve_2026_to_now,2026-08-20T07:36:51+00:00
CVE-2026-61353,updated,2026-08-19,cve_2026_to_now,2026-08-20T07:36:51+00:00
CVE-2026-61355,updated,2026-08-19,cve_2026_to_now,2026-08-20T07:36:51+00:00
CVE-2026-61356,updated,2026-08-19,cve_2026_to_now,2026-08-20T07:36:51+00:00
CVE-2026-61357,updated,2026-08-19,cve_2026_to_now,2026-08-20T07:36:51+00:00
CVE-2026-61358,updated,2026-08-19,cve_2026_to_now,2026-08-20T07:36:51+00:00
CVE-2026-61359,updated,2026-08-19,cve_2026_to_now,2026-08-20T07:36:51+00:00
CVE-2026-61360,updated,2026-08-19,cve_2026_to_now,2026-08-20T07:36:51+00:00
CVE-2026-61361,updated,2026-08-19,cve_2026_to_now,2026-08-20T07:36:51+00:00
CVE-2026-61363,updated,2026-08-19,cve_2026_to_now,2026-08-20T07:36:51+00:00
CVE-2026-61364,updated,2026-08-19,cve_2026_to_now,2026-08-20T07:36:51+00:00
CVE-2026-61365,updated,2026-08-19,cve_2026_to_now,2026-08-20T07:36:51+00:00
CVE-2026-61366,updated,2026-08-19,cve_2026_to_now,2026-08-20T07:36:51+00:00
CVE-2026-61367,updated,2026-08-19,cve_2026_to_now,2026-08-20T07:36:51+00:00
CVE-2026-61368,updated,2026-08-19,cve_2026_to_now,2026-08-20T07:36:51+00:00
CVE-2026-61407,updated,2026-08-20,cve_2026_to_now,2026-08-20T07:36:51+00:00
CVE-2026-61518,added,,cve_2026_to_now,2026-08-20T07:36:51+00:00
CVE-2026-61556,added,,cve_2026_to_now,2026-08-20T07:36:51+00:00
CVE-2026-61574,updated,2026-08-19,cve_2026_to_now,2026-08-20T07:36:51+00:00
CVE-2026-61607,added,,cve_2026_to_now,2026-08-20T07:36:51+00:00
CVE-2026-61690,added,,cve_2026_to_now,2026-08-20T07:36:51+00:00
CVE-2026-61711,added,,cve_2026_to_now,2026-08-20T07:36:51+00:00
CVE-2026-61712,added,,cve_2026_to_now,2026-08-20T07:36:51+00:00
CVE-2026-61807,added,,cve_2026_to_now,2026-08-20T07:36:51+00:00
CVE-2026-61842,added,,cve_2026_to_now,2026-08-20T07:36:51+00:00
CVE-2026-61918,updated,2026-08-19,cve_2026_to_now,2026-08-20T07:36:51+00:00
CVE-2026-61920,updated,2026-08-19,cve_2026_to_now,2026-08-20T07:36:51+00:00
CVE-2026-61921,updated,2026-08-19,cve_2026_to_now,2026-08-20T07:36:51+00:00
CVE-2026-61923,updated,2026-08-19,cve_2026_to_now,2026-08-20T07:36:51+00:00
CVE-2026-61924,updated,2026-08-19,cve_2026_to_now,2026-08-20T07:36:51+00:00
CVE-2026-61925,updated,2026-08-19,cve_2026_to_now,2026-08-20T07:36:51+00:00
CVE-2026-61926,updated,2026-08-19,cve_2026_to_now,2026-08-20T07:36:51+00:00
CVE-2026-61927,updated,2026-08-19,cve_2026_to_now,2026-08-20T07:36:51+00:00
CVE-2026-61928,updated,2026-08-19,cve_2026_to_now,2026-08-20T07:36:51+00:00
CVE-2026-61929,updated,2026-08-19,cve_2026_to_now,2026-08-20T07:36:51+00:00
CVE-2026-61930,updated,2026-08-19,cve_2026_to_now,2026-08-20T07:36:51+00:00
CVE-2026-61932,updated,2026-08-19,cve_2026_to_now,2026-08-20T07:36:51+00:00
CVE-2026-61933,updated,2026-08-19,cve_2026_to_now,2026-08-20T07:36:51+00:00
CVE-2026-61934,updated,2026-08-19,cve_2026_to_now,2026-08-20T07:36:51+00:00
CVE-2026-61936,updated,2026-08-19,cve_2026_to_now,2026-08-20T07:36:51+00:00
CVE-2026-61937,updated,2026-08-19,cve_2026_to_now,2026-08-20T07:36:51+00:00
CVE-2026-61938,updated,2026-08-19,cve_2026_to_now,2026-08-20T07:36:51+00:00
CVE-2026-61939,updated,2026-08-19,cve_2026_to_now,2026-08-20T07:36:51+00:00
CVE-2026-61986,added,,cve_2026_to_now,2026-08-20T07:36:51+00:00
CVE-2026-62289,updated,2026-08-19,cve_2026_to_now,2026-08-20T07:36:51+00:00
CVE-2026-62317,added,,cve_2026_to_now,2026-08-20T07:36:51+00:00
CVE-2026-62357,updated,2026-08-19,cve_2026_to_now,2026-08-20T07:36:51+00:00
CVE-2026-62377,updated,2026-08-19,cve_2026_to_now,2026-08-20T07:36:51+00:00
CVE-2026-62442,updated,2026-08-20,cve_2026_to_now,2026-08-20T07:36:51+00:00
CVE-2026-62452,updated,2026-08-19,cve_2026_to_now,2026-08-20T07:36:51+00:00
CVE-2026-62459,updated,2026-08-19,cve_2026_to_now,2026-08-20T07:36:51+00:00
CVE-2026-62526,updated,2026-08-19,cve_2026_to_now,2026-08-20T07:36:51+00:00
CVE-2026-62551,updated,2026-08-19,cve_2026_to_now,2026-08-20T07:36:51+00:00
CVE-2026-62569,updated,2026-08-19,cve_2026_to_now,2026-08-20T07:36:51+00:00
CVE-2026-62570,updated,2026-08-19,cve_2026_to_now,2026-08-20T07:36:51+00:00
CVE-2026-62583,updated,2026-08-19,cve_2026_to_now,2026-08-20T07:36:51+00:00
CVE-2026-62588,updated,2026-08-20,cve_2026_to_now,2026-08-20T07:36:51+00:00
CVE-2026-62589,updated,2026-08-20,cve_2026_to_now,2026-08-20T07:36:51+00:00
CVE-2026-62590,updated,2026-08-20,cve_2026_to_now,2026-08-20T07:36:51+00:00
CVE-2026-62591,updated,2026-08-20,cve_2026_to_now,2026-08-20T07:36:51+00:00
CVE-2026-62592,updated,2026-08-20,cve_2026_to_now,2026-08-20T07:36:51+00:00
CVE-2026-62593,updated,2026-08-20,cve_2026_to_now,2026-08-20T07:36:51+00:00
CVE-2026-62595,updated,2026-08-20,cve_2026_to_now,2026-08-20T07:36:51+00:00
CVE-2026-62596,updated,2026-08-20,cve_2026_to_now,2026-08-20T07:36:51+00:00
CVE-2026-62616,updated,2026-08-19,cve_2026_to_now,2026-08-20T07:36:51+00:00
CVE-2026-62625,updated,2026-08-19,cve_2026_to_now,2026-08-20T07:36:51+00:00
CVE-2026-62636,updated,2026-08-19,cve_2026_to_now,2026-08-20T07:36:51+00:00
CVE-2026-62666,added,,cve_2026_to_now,2026-08-20T07:36:51+00:00
CVE-2026-62667,added,,cve_2026_to_now,2026-08-20T07:36:51+00:00
CVE-2026-62668,added,,cve_2026_to_now,2026-08-20T07:36:51+00:00
CVE-2026-62669,added,,cve_2026_to_now,2026-08-20T07:36:51+00:00
CVE-2026-62670,added,,cve_2026_to_now,2026-08-20T07:36:51+00:00
CVE-2026-62671,added,,cve_2026_to_now,2026-08-20T07:36:51+00:00
CVE-2026-62672,added,,cve_2026_to_now,2026-08-20T07:36:51+00:00
CVE-2026-62673,added,,cve_2026_to_now,2026-08-20T07:36:51+00:00
CVE-2026-62680,added,,cve_2026_to_now,2026-08-20T07:36:51+00:00
CVE-2026-62681,added,,cve_2026_to_now,2026-08-20T07:36:51+00:00
CVE-2026-62682,added,,cve_2026_to_now,2026-08-20T07:36:51+00:00
CVE-2026-62688,updated,2026-08-19,cve_2026_to_now,2026-08-20T07:36:51+00:00
CVE-2026-62690,updated,2026-08-19,cve_2026_to_now,2026-08-20T07:36:51+00:00
CVE-2026-62692,updated,2026-08-19,cve_2026_to_now,2026-08-20T07:36:51+00:00
CVE-2026-62693,updated,2026-08-19,cve_2026_to_now,2026-08-20T07:36:51+00:00
CVE-2026-62695,updated,2026-08-19,cve_2026_to_now,2026-08-20T07:36:51+00:00
CVE-2026-62696,updated,2026-08-19,cve_2026_to_now,2026-08-20T07:36:51+00:00
CVE-2026-62698,updated,2026-08-19,cve_2026_to_now,2026-08-20T07:36:51+00:00
CVE-2026-62699,updated,2026-08-19,cve_2026_to_now,2026-08-20T07:36:51+00:00
CVE-2026-62700,updated,2026-08-19,cve_2026_to_now,2026-08-20T07:36:51+00:00
CVE-2026-62701,updated,2026-08-19,cve_2026_to_now,2026-08-20T07:36:51+00:00
CVE-2026-62702,updated,2026-08-19,cve_2026_to_now,2026-08-20T07:36:51+00:00
CVE-2026-62703,updated,2026-08-19,cve_2026_to_now,2026-08-20T07:36:51+00:00
CVE-2026-62705,updated,2026-08-19,cve_2026_to_now,2026-08-20T07:36:51+00:00
CVE-2026-62707,updated,2026-08-19,cve_2026_to_now,2026-08-20T07:36:51+00:00
CVE-2026-62708,updated,2026-08-19,cve_2026_to_now,2026-08-20T07:36:51+00:00
CVE-2026-62709,updated,2026-08-19,cve_2026_to_now,2026-08-20T07:36:51+00:00
CVE-2026-62710,updated,2026-08-19,cve_2026_to_now,2026-08-20T07:36:51+00:00
CVE-2026-62711,updated,2026-08-19,cve_2026_to_now,2026-08-20T07:36:51+00:00
CVE-2026-62712,updated,2026-08-19,cve_2026_to_now,2026-08-20T07:36:51+00:00
CVE-2026-62713,updated,2026-08-19,cve_2026_to_now,2026-08-20T07:36:51+00:00
CVE-2026-62714,updated,2026-08-19,cve_2026_to_now,2026-08-20T07:36:51+00:00
CVE-2026-62715,updated,2026-08-19,cve_2026_to_now,2026-08-20T07:36:51+00:00
CVE-2026-62716,updated,2026-08-19,cve_2026_to_now,2026-08-20T07:36:51+00:00
CVE-2026-62717,updated,2026-08-19,cve_2026_to_now,2026-08-20T07:36:51+00:00
CVE-2026-62718,updated,2026-08-19,cve_2026_to_now,2026-08-20T07:36:51+00:00
CVE-2026-62719,updated,2026-08-19,cve_2026_to_now,2026-08-20T07:36:51+00:00
CVE-2026-62720,updated,2026-08-19,cve_2026_to_now,2026-08-20T07:36:51+00:00
CVE-2026-62721,updated,2026-08-19,cve_2026_to_now,2026-08-20T07:36:51+00:00
CVE-2026-62722,updated,2026-08-19,cve_2026_to_now,2026-08-20T07:36:51+00:00
CVE-2026-62723,updated,2026-08-19,cve_2026_to_now,2026-08-20T07:36:51+00:00
CVE-2026-62724,updated,2026-08-19,cve_2026_to_now,2026-08-20T07:36:51+00:00
CVE-2026-62725,updated,2026-08-19,cve_2026_to_now,2026-08-20T07:36:51+00:00
CVE-2026-62726,updated,2026-08-19,cve_2026_to_now,2026-08-20T07:36:51+00:00
CVE-2026-62727,added,,cve_2026_to_now,2026-08-20T07:36:51+00:00
CVE-2026-62728,updated,2026-08-19,cve_2026_to_now,2026-08-20T07:36:51+00:00
CVE-2026-62729,updated,2026-08-19,cve_2026_to_now,2026-08-20T07:36:51+00:00
CVE-2026-62730,updated,2026-08-19,cve_2026_to_now,2026-08-20T07:36:51+00:00
CVE-2026-62732,updated,2026-08-19,cve_2026_to_now,2026-08-20T07:36:51+00:00
CVE-2026-62733,updated,2026-08-19,cve_2026_to_now,2026-08-20T07:36:51+00:00
CVE-2026-62734,updated,2026-08-19,cve_2026_to_now,2026-08-20T07:36:51+00:00
CVE-2026-62735,updated,2026-08-19,cve_2026_to_now,2026-08-20T07:36:51+00:00
CVE-2026-62736,updated,2026-08-19,cve_2026_to_now,2026-08-20T07:36:51+00:00
CVE-2026-62737,updated,2026-08-19,cve_2026_to_now,2026-08-20T07:36:51+00:00
CVE-2026-62738,updated,2026-08-19,cve_2026_to_now,2026-08-20T07:36:51+00:00
CVE-2026-62739,updated,2026-08-19,cve_2026_to_now,2026-08-20T07:36:51+00:00
CVE-2026-62740,updated,2026-08-19,cve_2026_to_now,2026-08-20T07:36:51+00:00
CVE-2026-62741,updated,2026-08-19,cve_2026_to_now,2026-08-20T07:36:51+00:00
CVE-2026-62742,updated,2026-08-19,cve_2026_to_now,2026-08-20T07:36:51+00:00
CVE-2026-62743,updated,2026-08-19,cve_2026_to_now,2026-08-20T07:36:51+00:00
CVE-2026-62745,updated,2026-08-19,cve_2026_to_now,2026-08-20T07:36:51+00:00
CVE-2026-62746,updated,2026-08-19,cve_2026_to_now,2026-08-20T07:36:51+00:00
CVE-2026-62747,updated,2026-08-19,cve_2026_to_now,2026-08-20T07:36:51+00:00
CVE-2026-62748,updated,2026-08-19,cve_2026_to_now,2026-08-20T07:36:51+00:00
CVE-2026-62749,updated,2026-08-19,cve_2026_to_now,2026-08-20T07:36:51+00:00
CVE-2026-62750,updated,2026-08-19,cve_2026_to_now,2026-08-20T07:36:51+00:00
CVE-2026-62751,updated,2026-08-19,cve_2026_to_now,2026-08-20T07:36:51+00:00
CVE-2026-62752,updated,2026-08-19,cve_2026_to_now,2026-08-20T07:36:51+00:00
CVE-2026-62753,updated,2026-08-19,cve_2026_to_now,2026-08-20T07:36:51+00:00
CVE-2026-62754,updated,2026-08-19,cve_2026_to_now,2026-08-20T07:36:51+00:00
CVE-2026-62755,updated,2026-08-19,cve_2026_to_now,2026-08-20T07:36:51+00:00
CVE-2026-62757,updated,2026-08-19,cve_2026_to_now,2026-08-20T07:36:51+00:00
CVE-2026-62758,updated,2026-08-19,cve_2026_to_now,2026-08-20T07:36:51+00:00
CVE-2026-62761,updated,2026-08-19,cve_2026_to_now,2026-08-20T07:36:51+00:00
CVE-2026-62766,updated,2026-08-19,cve_2026_to_now,2026-08-20T07:36:51+00:00
CVE-2026-62768,updated,2026-08-19,cve_2026_to_now,2026-08-20T07:36:51+00:00
CVE-2026-62769,updated,2026-08-19,cve_2026_to_now,2026-08-20T07:36:51+00:00
CVE-2026-62770,updated,2026-08-19,cve_2026_to_now,2026-08-20T07:36:51+00:00
CVE-2026-62771,updated,2026-08-19,cve_2026_to_now,2026-08-20T07:36:51+00:00
CVE-2026-62772,updated,2026-08-19,cve_2026_to_now,2026-08-20T07:36:51+00:00
CVE-2026-62773,updated,2026-08-19,cve_2026_to_now,2026-08-20T07:36:51+00:00
CVE-2026-62774,updated,2026-08-19,cve_2026_to_now,2026-08-20T07:36:51+00:00
CVE-2026-62775,updated,2026-08-19,cve_2026_to_now,2026-08-20T07:36:51+00:00
CVE-2026-62776,updated,2026-08-19,cve_2026_to_now,2026-08-20T07:36:51+00:00
CVE-2026-62777,updated,2026-08-19,cve_2026_to_now,2026-08-20T07:36:51+00:00
CVE-2026-62778,updated,2026-08-19,cve_2026_to_now,2026-08-20T07:36:51+00:00
CVE-2026-62779,updated,2026-08-19,cve_2026_to_now,2026-08-20T07:36:51+00:00
CVE-2026-62780,updated,2026-08-19,cve_2026_to_now,2026-08-20T07:36:51+00:00
CVE-2026-62781,updated,2026-08-19,cve_2026_to_now,2026-08-20T07:36:51+00:00
CVE-2026-62782,updated,2026-08-19,cve_2026_to_now,2026-08-20T07:36:51+00:00
CVE-2026-62783,updated,2026-08-19,cve_2026_to_now,2026-08-20T07:36:51+00:00
CVE-2026-62784,updated,2026-08-19,cve_2026_to_now,2026-08-20T07:36:51+00:00
CVE-2026-62785,updated,2026-08-19,cve_2026_to_now,2026-08-20T07:36:51+00:00
CVE-2026-62786,updated,2026-08-19,cve_2026_to_now,2026-08-20T07:36:51+00:00
CVE-2026-62787,updated,2026-08-19,cve_2026_to_now,2026-08-20T07:36:51+00:00
CVE-2026-62788,updated,2026-08-19,cve_2026_to_now,2026-08-20T07:36:51+00:00
CVE-2026-62790,updated,2026-08-19,cve_2026_to_now,2026-08-20T07:36:51+00:00
CVE-2026-62792,updated,2026-08-19,cve_2026_to_now,2026-08-20T07:36:51+00:00
CVE-2026-62793,updated,2026-08-19,cve_2026_to_now,2026-08-20T07:36:51+00:00
CVE-2026-62795,updated,2026-08-19,cve_2026_to_now,2026-08-20T07:36:51+00:00
CVE-2026-62796,updated,2026-08-19,cve_2026_to_now,2026-08-20T07:36:51+00:00
CVE-2026-62797,updated,2026-08-19,cve_2026_to_now,2026-08-20T07:36:51+00:00
CVE-2026-62798,updated,2026-08-19,cve_2026_to_now,2026-08-20T07:36:51+00:00
CVE-2026-62799,updated,2026-08-19,cve_2026_to_now,2026-08-20T07:36:51+00:00
CVE-2026-62800,updated,2026-08-19,cve_2026_to_now,2026-08-20T07:36:51+00:00
CVE-2026-62803,updated,2026-08-19,cve_2026_to_now,2026-08-20T07:36:51+00:00
CVE-2026-62807,updated,2026-08-19,cve_2026_to_now,2026-08-20T07:36:51+00:00
CVE-2026-62811,updated,2026-08-19,cve_2026_to_now,2026-08-20T07:36:51+00:00
CVE-2026-62812,updated,2026-08-19,cve_2026_to_now,2026-08-20T07:36:51+00:00
CVE-2026-62814,updated,2026-08-19,cve_2026_to_now,2026-08-20T07:36:51+00:00
CVE-2026-62815,updated,2026-08-19,cve_2026_to_now,2026-08-20T07:36:51+00:00
CVE-2026-62816,updated,2026-08-19,cve_2026_to_now,2026-08-20T07:36:51+00:00
CVE-2026-62817,updated,2026-08-19,cve_2026_to_now,2026-08-20T07:36:51+00:00
CVE-2026-62818,updated,2026-08-19,cve_2026_to_now,2026-08-20T07:36:51+00:00
CVE-2026-62819,updated,2026-08-19,cve_2026_to_now,2026-08-20T07:36:51+00:00
CVE-2026-62820,updated,2026-08-19,cve_2026_to_now,2026-08-20T07:36:51+00:00
CVE-2026-62822,updated,2026-08-19,cve_2026_to_now,2026-08-20T07:36:51+00:00
CVE-2026-62823,updated,2026-08-19,cve_2026_to_now,2026-08-20T07:36:51+00:00
CVE-2026-62824,updated,2026-08-19,cve_2026_to_now,2026-08-20T07:36:51+00:00
CVE-2026-62825,updated,2026-08-19,cve_2026_to_now,2026-08-20T07:36:51+00:00
CVE-2026-62826,updated,2026-08-19,cve_2026_to_now,2026-08-20T07:36:51+00:00
CVE-2026-62827,updated,2026-08-19,cve_2026_to_now,2026-08-20T07:36:51+00:00
CVE-2026-62828,updated,2026-08-19,cve_2026_to_now,2026-08-20T07:36:51+00:00
CVE-2026-62829,updated,2026-08-19,cve_2026_to_now,2026-08-20T07:36:51+00:00
CVE-2026-62830,updated,2026-08-19,cve_2026_to_now,2026-08-20T07:36:51+00:00
CVE-2026-62832,updated,2026-08-19,cve_2026_to_now,2026-08-20T07:36:51+00:00
CVE-2026-62835,updated,2026-08-19,cve_2026_to_now,2026-08-20T07:36:51+00:00
CVE-2026-62836,updated,2026-08-19,cve_2026_to_now,2026-08-20T07:36:51+00:00
CVE-2026-62837,updated,2026-08-19,cve_2026_to_now,2026-08-20T07:36:51+00:00
CVE-2026-62839,updated,2026-08-19,cve_2026_to_now,2026-08-20T07:36:51+00:00
CVE-2026-62842,updated,2026-08-19,cve_2026_to_now,2026-08-20T07:36:51+00:00
CVE-2026-62869,updated,2026-08-19,cve_2026_to_now,2026-08-20T07:36:51+00:00
CVE-2026-62870,updated,2026-08-19,cve_2026_to_now,2026-08-20T07:36:51+00:00
CVE-2026-62871,updated,2026-08-19,cve_2026_to_now,2026-08-20T07:36:51+00:00
CVE-2026-62872,updated,2026-08-19,cve_2026_to_now,2026-08-20T07:36:51+00:00
CVE-2026-62873,updated,2026-08-19,cve_2026_to_now,2026-08-20T07:36:51+00:00
CVE-2026-62876,updated,2026-08-19,cve_2026_to_now,2026-08-20T07:36:51+00:00
CVE-2026-62877,updated,2026-08-19,cve_2026_to_now,2026-08-20T07:36:51+00:00
CVE-2026-62878,updated,2026-08-19,cve_2026_to_now,2026-08-20T07:36:51+00:00
CVE-2026-62880,updated,2026-08-19,cve_2026_to_now,2026-08-20T07:36:51+00:00
CVE-2026-62881,updated,2026-08-19,cve_2026_to_now,2026-08-20T07:36:51+00:00
CVE-2026-62882,updated,2026-08-19,cve_2026_to_now,2026-08-20T07:36:51+00:00
CVE-2026-62883,updated,2026-08-19,cve_2026_to_now,2026-08-20T07:36:51+00:00
CVE-2026-62885,updated,2026-08-19,cve_2026_to_now,2026-08-20T07:36:51+00:00
CVE-2026-62886,updated,2026-08-19,cve_2026_to_now,2026-08-20T07:36:51+00:00
CVE-2026-62887,updated,2026-08-19,cve_2026_to_now,2026-08-20T07:36:51+00:00
CVE-2026-62888,updated,2026-08-19,cve_2026_to_now,2026-08-20T07:36:51+00:00
CVE-2026-62889,updated,2026-08-19,cve_2026_to_now,2026-08-20T07:36:51+00:00
CVE-2026-62890,updated,2026-08-19,cve_2026_to_now,2026-08-20T07:36:51+00:00
CVE-2026-62892,updated,2026-08-19,cve_2026_to_now,2026-08-20T07:36:51+00:00
CVE-2026-62893,updated,2026-08-19,cve_2026_to_now,2026-08-20T07:36:51+00:00
CVE-2026-62894,updated,2026-08-19,cve_2026_to_now,2026-08-20T07:36:51+00:00
CVE-2026-62896,updated,2026-08-19,cve_2026_to_now,2026-08-20T07:36:51+00:00
CVE-2026-62897,updated,2026-08-19,cve_2026_to_now,2026-08-20T07:36:51+00:00
CVE-2026-62898,updated,2026-08-19,cve_2026_to_now,2026-08-20T07:36:51+00:00
CVE-2026-62899,updated,2026-08-19,cve_2026_to_now,2026-08-20T07:36:51+00:00
CVE-2026-62900,updated,2026-08-19,cve_2026_to_now,2026-08-20T07:36:51+00:00
CVE-2026-62901,updated,2026-08-19,cve_2026_to_now,2026-08-20T07:36:51+00:00
CVE-2026-62902,updated,2026-08-19,cve_2026_to_now,2026-08-20T07:36:51+00:00
CVE-2026-62908,updated,2026-08-19,cve_2026_to_now,2026-08-20T07:36:51+00:00
CVE-2026-62909,updated,2026-08-19,cve_2026_to_now,2026-08-20T07:36:51+00:00
CVE-2026-62910,updated,2026-08-19,cve_2026_to_now,2026-08-20T07:36:51+00:00
CVE-2026-62911,updated,2026-08-19,cve_2026_to_now,2026-08-20T07:36:51+00:00
CVE-2026-62912,updated,2026-08-19,cve_2026_to_now,2026-08-20T07:36:51+00:00
CVE-2026-62913,updated,2026-08-19,cve_2026_to_now,2026-08-20T07:36:51+00:00
CVE-2026-62914,updated,2026-08-19,cve_2026_to_now,2026-08-20T07:36:51+00:00
CVE-2026-62915,updated,2026-08-19,cve_2026_to_now,2026-08-20T07:36:51+00:00
CVE-2026-62917,updated,2026-08-19,cve_2026_to_now,2026-08-20T07:36:51+00:00
CVE-2026-62918,updated,2026-08-19,cve_2026_to_now,2026-08-20T07:36:51+00:00
CVE-2026-63117,added,,cve_2026_to_now,2026-08-20T07:36:51+00:00
CVE-2026-63123,added,,cve_2026_to_now,2026-08-20T07:36:51+00:00
CVE-2026-63187,added,,cve_2026_to_now,2026-08-20T07:36:51+00:00
CVE-2026-63188,added,,cve_2026_to_now,2026-08-20T07:36:51+00:00
CVE-2026-63407,added,,cve_2026_to_now,2026-08-20T07:36:51+00:00
CVE-2026-63408,added,,cve_2026_to_now,2026-08-20T07:36:51+00:00
CVE-2026-63508,updated,2026-08-19,cve_2026_to_now,2026-08-20T07:36:51+00:00
CVE-2026-63512,updated,2026-08-19,cve_2026_to_now,2026-08-20T07:36:51+00:00
CVE-2026-63513,updated,2026-08-19,cve_2026_to_now,2026-08-20T07:36:51+00:00
CVE-2026-63514,updated,2026-08-19,cve_2026_to_now,2026-08-20T07:36:51+00:00
CVE-2026-63515,updated,2026-08-19,cve_2026_to_now,2026-08-20T07:36:51+00:00
CVE-2026-63516,updated,2026-08-19,cve_2026_to_now,2026-08-20T07:36:51+00:00
CVE-2026-63517,updated,2026-08-19,cve_2026_to_now,2026-08-20T07:36:51+00:00
CVE-2026-63518,updated,2026-08-19,cve_2026_to_now,2026-08-20T07:36:51+00:00
CVE-2026-63519,updated,2026-08-19,cve_2026_to_now,2026-08-20T07:36:51+00:00
CVE-2026-63520,updated,2026-08-19,cve_2026_to_now,2026-08-20T07:36:51+00:00
CVE-2026-63521,updated,2026-08-19,cve_2026_to_now,2026-08-20T07:36:51+00:00
CVE-2026-63522,updated,2026-08-19,cve_2026_to_now,2026-08-20T07:36:51+00:00
CVE-2026-63524,updated,2026-08-19,cve_2026_to_now,2026-08-20T07:36:51+00:00
CVE-2026-63525,updated,2026-08-19,cve_2026_to_now,2026-08-20T07:36:51+00:00
CVE-2026-63526,updated,2026-08-19,cve_2026_to_now,2026-08-20T07:36:51+00:00
CVE-2026-63527,updated,2026-08-19,cve_2026_to_now,2026-08-20T07:36:51+00:00
CVE-2026-63528,updated,2026-08-19,cve_2026_to_now,2026-08-20T07:36:51+00:00
CVE-2026-63529,updated,2026-08-19,cve_2026_to_now,2026-08-20T07:36:51+00:00
CVE-2026-63530,updated,2026-08-19,cve_2026_to_now,2026-08-20T07:36:51+00:00
CVE-2026-63531,updated,2026-08-19,cve_2026_to_now,2026-08-20T07:36:51+00:00
CVE-2026-63532,updated,2026-08-19,cve_2026_to_now,2026-08-20T07:36:51+00:00
CVE-2026-63533,updated,2026-08-19,cve_2026_to_now,2026-08-20T07:36:51+00:00
CVE-2026-63633,added,,cve_2026_to_now,2026-08-20T07:36:51+00:00
CVE-2026-63642,updated,2026-08-19,cve_2026_to_now,2026-08-20T07:36:51+00:00
CVE-2026-63643,updated,2026-08-19,cve_2026_to_now,2026-08-20T07:36:51+00:00
CVE-2026-63652,added,,cve_2026_to_now,2026-08-20T07:36:51+00:00
CVE-2026-63722,added,,cve_2026_to_now,2026-08-20T07:36:51+00:00
CVE-2026-64017,updated,2026-08-19,cve_2026_to_now,2026-08-20T07:36:51+00:00
CVE-2026-64427,updated,2026-08-19,cve_2026_to_now,2026-08-20T07:36:51+00:00
CVE-2026-64434,updated,2026-08-19,cve_2026_to_now,2026-08-20T07:36:51+00:00
CVE-2026-64507,updated,2026-08-19,cve_2026_to_now,2026-08-20T07:36:51+00:00
CVE-2026-64508,updated,2026-08-19,cve_2026_to_now,2026-08-20T07:36:51+00:00
CVE-2026-64535,updated,2026-08-19,cve_2026_to_now,2026-08-20T07:36:51+00:00
CVE-2026-64542,updated,2026-08-19,cve_2026_to_now,2026-08-20T07:36:51+00:00
CVE-2026-64543,updated,2026-08-19,cve_2026_to_now,2026-08-20T07:36:51+00:00
CVE-2026-64561,updated,2026-08-19,cve_2026_to_now,2026-08-20T07:36:51+00:00
CVE-2026-64562,updated,2026-08-19,cve_2026_to_now,2026-08-20T07:36:51+00:00
CVE-2026-64563,updated,2026-08-19,cve_2026_to_now,2026-08-20T07:36:51+00:00
CVE-2026-64564,updated,2026-08-19,cve_2026_to_now,2026-08-20T07:36:51+00:00
CVE-2026-64565,updated,2026-08-19,cve_2026_to_now,2026-08-20T07:36:51+00:00
CVE-2026-64567,updated,2026-08-19,cve_2026_to_now,2026-08-20T07:36:51+00:00
CVE-2026-64569,updated,2026-08-19,cve_2026_to_now,2026-08-20T07:36:51+00:00
CVE-2026-64571,updated,2026-08-19,cve_2026_to_now,2026-08-20T07:36:51+00:00
CVE-2026-64572,updated,2026-08-19,cve_2026_to_now,2026-08-20T07:36:51+00:00
CVE-2026-64573,updated,2026-08-19,cve_2026_to_now,2026-08-20T07:36:51+00:00
CVE-2026-64575,updated,2026-08-19,cve_2026_to_now,2026-08-20T07:36:51+00:00
CVE-2026-64576,updated,2026-08-19,cve_2026_to_now,2026-08-20T07:36:51+00:00
CVE-2026-64577,updated,2026-08-19,cve_2026_to_now,2026-08-20T07:36:51+00:00
CVE-2026-64578,updated,2026-08-19,cve_2026_to_now,2026-08-20T07:36:51+00:00
CVE-2026-64579,updated,2026-08-19,cve_2026_to_now,2026-08-20T07:36:51+00:00
CVE-2026-64580,updated,2026-08-19,cve_2026_to_now,2026-08-20T07:36:51+00:00
CVE-2026-64582,updated,2026-08-19,cve_2026_to_now,2026-08-20T07:36:51+00:00
CVE-2026-64583,updated,2026-08-19,cve_2026_to_now,2026-08-20T07:36:51+00:00
CVE-2026-64584,updated,2026-08-19,cve_2026_to_now,2026-08-20T07:36:51+00:00
CVE-2026-64611,updated,2026-08-19,cve_2026_to_now,2026-08-20T07:36:51+00:00
CVE-2026-64612,updated,2026-08-19,cve_2026_to_now,2026-08-20T07:36:51+00:00
CVE-2026-64849,updated,2026-08-20,cve_2026_to_now,2026-08-20T07:36:51+00:00
CVE-2026-64850,added,,cve_2026_to_now,2026-08-20T07:36:51+00:00
CVE-2026-64851,added,,cve_2026_to_now,2026-08-20T07:36:51+00:00
CVE-2026-64852,added,,cve_2026_to_now,2026-08-20T07:36:51+00:00
CVE-2026-64897,updated,2026-08-19,cve_2026_to_now,2026-08-20T07:36:51+00:00
CVE-2026-64898,updated,2026-08-19,cve_2026_to_now,2026-08-20T07:36:51+00:00
CVE-2026-64899,updated,2026-08-19,cve_2026_to_now,2026-08-20T07:36:51+00:00
CVE-2026-64900,updated,2026-08-19,cve_2026_to_now,2026-08-20T07:36:51+00:00
CVE-2026-64901,updated,2026-08-19,cve_2026_to_now,2026-08-20T07:36:51+00:00
CVE-2026-64902,updated,2026-08-19,cve_2026_to_now,2026-08-20T07:36:51+00:00
CVE-2026-64903,updated,2026-08-19,cve_2026_to_now,2026-08-20T07:36:51+00:00
CVE-2026-64904,updated,2026-08-19,cve_2026_to_now,2026-08-20T07:36:51+00:00
CVE-2026-64905,updated,2026-08-19,cve_2026_to_now,2026-08-20T07:36:51+00:00
CVE-2026-64906,updated,2026-08-19,cve_2026_to_now,2026-08-20T07:36:51+00:00
CVE-2026-64907,updated,2026-08-19,cve_2026_to_now,2026-08-20T07:36:51+00:00
CVE-2026-64908,updated,2026-08-19,cve_2026_to_now,2026-08-20T07:36:51+00:00
CVE-2026-64909,updated,2026-08-19,cve_2026_to_now,2026-08-20T07:36:51+00:00
CVE-2026-64910,updated,2026-08-19,cve_2026_to_now,2026-08-20T07:36:51+00:00
CVE-2026-64911,updated,2026-08-19,cve_2026_to_now,2026-08-20T07:36:51+00:00
CVE-2026-64912,updated,2026-08-19,cve_2026_to_now,2026-08-20T07:36:51+00:00
CVE-2026-64914,updated,2026-08-19,cve_2026_to_now,2026-08-20T07:36:51+00:00
CVE-2026-64915,updated,2026-08-19,cve_2026_to_now,2026-08-20T07:36:51+00:00
CVE-2026-64916,updated,2026-08-19,cve_2026_to_now,2026-08-20T07:36:51+00:00
CVE-2026-64917,updated,2026-08-19,cve_2026_to_now,2026-08-20T07:36:51+00:00
CVE-2026-64919,updated,2026-08-19,cve_2026_to_now,2026-08-20T07:36:51+00:00
CVE-2026-64920,updated,2026-08-19,cve_2026_to_now,2026-08-20T07:36:51+00:00
CVE-2026-64921,updated,2026-08-19,cve_2026_to_now,2026-08-20T07:36:51+00:00
CVE-2026-64922,updated,2026-08-19,cve_2026_to_now,2026-08-20T07:36:51+00:00
CVE-2026-65609,added,,cve_2026_to_now,2026-08-20T07:36:51+00:00
CVE-2026-65610,added,,cve_2026_to_now,2026-08-20T07:36:51+00:00
CVE-2026-65611,added,,cve_2026_to_now,2026-08-20T07:36:51+00:00
CVE-2026-65612,added,,cve_2026_to_now,2026-08-20T07:36:51+00:00
CVE-2026-65656,updated,2026-08-19,cve_2026_to_now,2026-08-20T07:36:51+00:00
CVE-2026-65657,updated,2026-08-19,cve_2026_to_now,2026-08-20T07:36:51+00:00
CVE-2026-65658,updated,2026-08-19,cve_2026_to_now,2026-08-20T07:36:51+00:00
CVE-2026-65660,updated,2026-08-19,cve_2026_to_now,2026-08-20T07:36:51+00:00
CVE-2026-65661,updated,2026-08-19,cve_2026_to_now,2026-08-20T07:36:51+00:00
CVE-2026-65662,updated,2026-08-19,cve_2026_to_now,2026-08-20T07:36:51+00:00
CVE-2026-65663,updated,2026-08-19,cve_2026_to_now,2026-08-20T07:36:51+00:00
CVE-2026-65664,updated,2026-08-19,cve_2026_to_now,2026-08-20T07:36:51+00:00
CVE-2026-65665,updated,2026-08-19,cve_2026_to_now,2026-08-20T07:36:51+00:00
CVE-2026-65667,updated,2026-08-19,cve_2026_to_now,2026-08-20T07:36:51+00:00
CVE-2026-65668,updated,2026-08-19,cve_2026_to_now,2026-08-20T07:36:51+00:00
CVE-2026-65671,updated,2026-08-19,cve_2026_to_now,2026-08-20T07:36:51+00:00
CVE-2026-65672,updated,2026-08-19,cve_2026_to_now,2026-08-20T07:36:51+00:00
CVE-2026-65673,updated,2026-08-19,cve_2026_to_now,2026-08-20T07:36:51+00:00
CVE-2026-65675,updated,2026-08-19,cve_2026_to_now,2026-08-20T07:36:51+00:00
CVE-2026-65678,updated,2026-08-19,cve_2026_to_now,2026-08-20T07:36:51+00:00
CVE-2026-65679,updated,2026-08-19,cve_2026_to_now,2026-08-20T07:36:51+00:00
CVE-2026-65680,updated,2026-08-19,cve_2026_to_now,2026-08-20T07:36:51+00:00
CVE-2026-65681,updated,2026-08-19,cve_2026_to_now,2026-08-20T07:36:51+00:00
CVE-2026-65767,updated,2026-08-19,cve_2026_to_now,2026-08-20T07:36:51+00:00
CVE-2026-65768,updated,2026-08-19,cve_2026_to_now,2026-08-20T07:36:51+00:00
CVE-2026-65769,updated,2026-08-19,cve_2026_to_now,2026-08-20T07:36:51+00:00
CVE-2026-65773,updated,2026-08-19,cve_2026_to_now,2026-08-20T07:36:51+00:00
CVE-2026-65774,updated,2026-08-19,cve_2026_to_now,2026-08-20T07:36:51+00:00
CVE-2026-65775,updated,2026-08-19,cve_2026_to_now,2026-08-20T07:36:51+00:00
CVE-2026-65776,updated,2026-08-19,cve_2026_to_now,2026-08-20T07:36:51+00:00
CVE-2026-65777,updated,2026-08-19,cve_2026_to_now,2026-08-20T07:36:51+00:00
CVE-2026-65778,updated,2026-08-19,cve_2026_to_now,2026-08-20T07:36:51+00:00
CVE-2026-65779,updated,2026-08-19,cve_2026_to_now,2026-08-20T07:36:51+00:00
CVE-2026-65780,updated,2026-08-19,cve_2026_to_now,2026-08-20T07:36:51+00:00
CVE-2026-65781,updated,2026-08-19,cve_2026_to_now,2026-08-20T07:36:51+00:00
CVE-2026-65782,updated,2026-08-19,cve_2026_to_now,2026-08-20T07:36:51+00:00
CVE-2026-65783,updated,2026-08-19,cve_2026_to_now,2026-08-20T07:36:51+00:00
CVE-2026-65784,updated,2026-08-19,cve_2026_to_now,2026-08-20T07:36:51+00:00
CVE-2026-65785,updated,2026-08-19,cve_2026_to_now,2026-08-20T07:36:51+00:00
CVE-2026-65786,updated,2026-08-19,cve_2026_to_now,2026-08-20T07:36:51+00:00
CVE-2026-65787,updated,2026-08-19,cve_2026_to_now,2026-08-20T07:36:51+00:00
CVE-2026-65788,updated,2026-08-19,cve_2026_to_now,2026-08-20T07:36:51+00:00
CVE-2026-65789,updated,2026-08-19,cve_2026_to_now,2026-08-20T07:36:51+00:00
CVE-2026-65790,updated,2026-08-19,cve_2026_to_now,2026-08-20T07:36:51+00:00
CVE-2026-65791,updated,2026-08-19,cve_2026_to_now,2026-08-20T07:36:51+00:00
CVE-2026-65794,updated,2026-08-19,cve_2026_to_now,2026-08-20T07:36:51+00:00
CVE-2026-65795,updated,2026-08-19,cve_2026_to_now,2026-08-20T07:36:51+00:00
CVE-2026-65796,updated,2026-08-19,cve_2026_to_now,2026-08-20T07:36:51+00:00
CVE-2026-65797,updated,2026-08-19,cve_2026_to_now,2026-08-20T07:36:51+00:00
CVE-2026-65798,updated,2026-08-19,cve_2026_to_now,2026-08-20T07:36:51+00:00
CVE-2026-65799,updated,2026-08-19,cve_2026_to_now,2026-08-20T07:36:51+00:00
CVE-2026-65802,updated,2026-08-19,cve_2026_to_now,2026-08-20T07:36:51+00:00
CVE-2026-65804,updated,2026-08-19,cve_2026_to_now,2026-08-20T07:36:51+00:00
CVE-2026-65806,updated,2026-08-19,cve_2026_to_now,2026-08-20T07:36:51+00:00
CVE-2026-65807,updated,2026-08-19,cve_2026_to_now,2026-08-20T07:36:51+00:00
CVE-2026-65810,updated,2026-08-19,cve_2026_to_now,2026-08-20T07:36:51+00:00
CVE-2026-65811,updated,2026-08-19,cve_2026_to_now,2026-08-20T07:36:51+00:00
CVE-2026-65813,updated,2026-08-19,cve_2026_to_now,2026-08-20T07:36:51+00:00
CVE-2026-65814,updated,2026-08-19,cve_2026_to_now,2026-08-20T07:36:51+00:00
CVE-2026-65815,updated,2026-08-19,cve_2026_to_now,2026-08-20T07:36:51+00:00
CVE-2026-65984,updated,2026-08-19,cve_2026_to_now,2026-08-20T07:36:51+00:00
CVE-2026-65985,updated,2026-08-19,cve_2026_to_now,2026-08-20T07:36:51+00:00
CVE-2026-66301,updated,2026-08-19,cve_2026_to_now,2026-08-20T07:36:51+00:00
CVE-2026-66310,updated,2026-08-19,cve_2026_to_now,2026-08-20T07:36:51+00:00
CVE-2026-66311,updated,2026-08-19,cve_2026_to_now,2026-08-20T07:36:51+00:00
CVE-2026-66312,updated,2026-08-19,cve_2026_to_now,2026-08-20T07:36:51+00:00
CVE-2026-66313,updated,2026-08-19,cve_2026_to_now,2026-08-20T07:36:51+00:00
CVE-2026-66314,updated,2026-08-19,cve_2026_to_now,2026-08-20T07:36:51+00:00
CVE-2026-66315,updated,2026-08-19,cve_2026_to_now,2026-08-20T07:36:51+00:00
CVE-2026-66316,updated,2026-08-19,cve_2026_to_now,2026-08-20T07:36:51+00:00
CVE-2026-66317,updated,2026-08-19,cve_2026_to_now,2026-08-20T07:36:51+00:00
CVE-2026-66318,updated,2026-08-19,cve_2026_to_now,2026-08-20T07:36:51+00:00
CVE-2026-66321,updated,2026-08-19,cve_2026_to_now,2026-08-20T07:36:51+00:00
CVE-2026-66322,updated,2026-08-19,cve_2026_to_now,2026-08-20T07:36:51+00:00
CVE-2026-66325,updated,2026-08-19,cve_2026_to_now,2026-08-20T07:36:51+00:00
CVE-2026-66326,updated,2026-08-19,cve_2026_to_now,2026-08-20T07:36:51+00:00
CVE-2026-66370,updated,2026-08-19,cve_2026_to_now,2026-08-20T07:36:51+00:00
CVE-2026-66596,added,,cve_2026_to_now,2026-08-20T07:36:51+00:00
CVE-2026-66602,updated,2026-08-19,cve_2026_to_now,2026-08-20T07:36:51+00:00
CVE-2026-66603,updated,2026-08-19,cve_2026_to_now,2026-08-20T07:36:51+00:00
CVE-2026-66613,added,,cve_2026_to_now,2026-08-20T07:36:51+00:00
CVE-2026-66668,added,,cve_2026_to_now,2026-08-20T07:36:51+00:00
CVE-2026-66783,updated,2026-08-19,cve_2026_to_now,2026-08-20T07:36:51+00:00
CVE-2026-66792,updated,2026-08-19,cve_2026_to_now,2026-08-20T07:36:51+00:00
CVE-2026-66794,added,,cve_2026_to_now,2026-08-20T07:36:51+00:00
CVE-2026-66799,updated,2026-08-19,cve_2026_to_now,2026-08-20T07:36:51+00:00
CVE-2026-66802,updated,2026-08-19,cve_2026_to_now,2026-08-20T07:36:51+00:00
CVE-2026-66803,updated,2026-08-19,cve_2026_to_now,2026-08-20T07:36:51+00:00
CVE-2026-66804,updated,2026-08-19,cve_2026_to_now,2026-08-20T07:36:51+00:00
CVE-2026-66805,updated,2026-08-19,cve_2026_to_now,2026-08-20T07:36:51+00:00
CVE-2026-66806,updated,2026-08-19,cve_2026_to_now,2026-08-20T07:36:51+00:00
CVE-2026-66807,updated,2026-08-19,cve_2026_to_now,2026-08-20T07:36:51+00:00
CVE-2026-66808,updated,2026-08-19,cve_2026_to_now,2026-08-20T07:36:51+00:00
CVE-2026-66809,updated,2026-08-19,cve_2026_to_now,2026-08-20T07:36:51+00:00
CVE-2026-66810,updated,2026-08-19,cve_2026_to_now,2026-08-20T07:36:51+00:00
CVE-2026-66829,updated,2026-08-19,cve_2026_to_now,2026-08-20T07:36:51+00:00
CVE-2026-66843,updated,2026-08-19,cve_2026_to_now,2026-08-20T07:36:51+00:00
CVE-2026-67189,added,,cve_2026_to_now,2026-08-20T07:36:51+00:00
CVE-2026-67214,updated,2026-08-19,cve_2026_to_now,2026-08-20T07:36:51+00:00
CVE-2026-67266,added,,cve_2026_to_now,2026-08-20T07:36:51+00:00
CVE-2026-67267,added,,cve_2026_to_now,2026-08-20T07:36:51+00:00
CVE-2026-67268,added,,cve_2026_to_now,2026-08-20T07:36:51+00:00
CVE-2026-67363,added,,cve_2026_to_now,2026-08-20T07:36:51+00:00
CVE-2026-67364,added,,cve_2026_to_now,2026-08-20T07:36:51+00:00
CVE-2026-67440,updated,2026-08-19,cve_2026_to_now,2026-08-20T07:36:51+00:00
CVE-2026-67442,updated,2026-08-19,cve_2026_to_now,2026-08-20T07:36:51+00:00
CVE-2026-67581,added,,cve_2026_to_now,2026-08-20T07:36:51+00:00
CVE-2026-68093,updated,2026-08-19,cve_2026_to_now,2026-08-20T07:36:51+00:00
CVE-2026-68104,updated,2026-08-19,cve_2026_to_now,2026-08-20T07:36:51+00:00
CVE-2026-68106,updated,2026-08-19,cve_2026_to_now,2026-08-20T07:36:51+00:00
CVE-2026-68108,updated,2026-08-19,cve_2026_to_now,2026-08-20T07:36:51+00:00
CVE-2026-68111,updated,2026-08-19,cve_2026_to_now,2026-08-20T07:36:51+00:00
CVE-2026-68115,updated,2026-08-19,cve_2026_to_now,2026-08-20T07:36:51+00:00
CVE-2026-68117,updated,2026-08-19,cve_2026_to_now,2026-08-20T07:36:51+00:00
CVE-2026-68121,updated,2026-08-19,cve_2026_to_now,2026-08-20T07:36:51+00:00
CVE-2026-68123,updated,2026-08-19,cve_2026_to_now,2026-08-20T07:36:51+00:00
CVE-2026-68124,updated,2026-08-19,cve_2026_to_now,2026-08-20T07:36:51+00:00
CVE-2026-68125,updated,2026-08-19,cve_2026_to_now,2026-08-20T07:36:51+00:00
CVE-2026-68127,updated,2026-08-19,cve_2026_to_now,2026-08-20T07:36:51+00:00
CVE-2026-68129,updated,2026-08-19,cve_2026_to_now,2026-08-20T07:36:51+00:00
CVE-2026-68130,updated,2026-08-19,cve_2026_to_now,2026-08-20T07:36:51+00:00
CVE-2026-68131,updated,2026-08-19,cve_2026_to_now,2026-08-20T07:36:51+00:00
CVE-2026-68135,updated,2026-08-19,cve_2026_to_now,2026-08-20T07:36:51+00:00
CVE-2026-68137,updated,2026-08-19,cve_2026_to_now,2026-08-20T07:36:51+00:00
CVE-2026-68140,updated,2026-08-19,cve_2026_to_now,2026-08-20T07:36:51+00:00
CVE-2026-68141,updated,2026-08-19,cve_2026_to_now,2026-08-20T07:36:51+00:00
CVE-2026-68142,updated,2026-08-19,cve_2026_to_now,2026-08-20T07:36:51+00:00
CVE-2026-68143,updated,2026-08-19,cve_2026_to_now,2026-08-20T07:36:51+00:00
CVE-2026-68144,updated,2026-08-19,cve_2026_to_now,2026-08-20T07:36:51+00:00
CVE-2026-68146,updated,2026-08-19,cve_2026_to_now,2026-08-20T07:36:51+00:00
CVE-2026-68147,updated,2026-08-19,cve_2026_to_now,2026-08-20T07:36:51+00:00
CVE-2026-68148,updated,2026-08-19,cve_2026_to_now,2026-08-20T07:36:51+00:00
CVE-2026-68151,updated,2026-08-19,cve_2026_to_now,2026-08-20T07:36:51+00:00
CVE-2026-68153,updated,2026-08-19,cve_2026_to_now,2026-08-20T07:36:51+00:00
CVE-2026-68154,updated,2026-08-19,cve_2026_to_now,2026-08-20T07:36:51+00:00
CVE-2026-68155,updated,2026-08-19,cve_2026_to_now,2026-08-20T07:36:51+00:00
CVE-2026-68156,updated,2026-08-19,cve_2026_to_now,2026-08-20T07:36:51+00:00
CVE-2026-68157,updated,2026-08-19,cve_2026_to_now,2026-08-20T07:36:51+00:00
CVE-2026-68158,updated,2026-08-19,cve_2026_to_now,2026-08-20T07:36:51+00:00
CVE-2026-68160,updated,2026-08-19,cve_2026_to_now,2026-08-20T07:36:51+00:00
CVE-2026-68164,updated,2026-08-19,cve_2026_to_now,2026-08-20T07:36:51+00:00
CVE-2026-68165,updated,2026-08-19,cve_2026_to_now,2026-08-20T07:36:51+00:00
CVE-2026-68175,updated,2026-08-19,cve_2026_to_now,2026-08-20T07:36:51+00:00
CVE-2026-68176,updated,2026-08-19,cve_2026_to_now,2026-08-20T07:36:51+00:00
CVE-2026-68180,updated,2026-08-19,cve_2026_to_now,2026-08-20T07:36:51+00:00
CVE-2026-68182,updated,2026-08-19,cve_2026_to_now,2026-08-20T07:36:51+00:00
CVE-2026-68183,updated,2026-08-19,cve_2026_to_now,2026-08-20T07:36:51+00:00
CVE-2026-68184,updated,2026-08-19,cve_2026_to_now,2026-08-20T07:36:51+00:00
CVE-2026-68186,updated,2026-08-19,cve_2026_to_now,2026-08-20T07:36:51+00:00
CVE-2026-68187,updated,2026-08-19,cve_2026_to_now,2026-08-20T07:36:51+00:00
CVE-2026-68188,updated,2026-08-19,cve_2026_to_now,2026-08-20T07:36:51+00:00
CVE-2026-68189,updated,2026-08-19,cve_2026_to_now,2026-08-20T07:36:51+00:00
CVE-2026-68190,updated,2026-08-19,cve_2026_to_now,2026-08-20T07:36:51+00:00
CVE-2026-68192,updated,2026-08-19,cve_2026_to_now,2026-08-20T07:36:51+00:00
CVE-2026-68194,updated,2026-08-19,cve_2026_to_now,2026-08-20T07:36:51+00:00
CVE-2026-68195,updated,2026-08-19,cve_2026_to_now,2026-08-20T07:36:51+00:00
CVE-2026-68196,updated,2026-08-19,cve_2026_to_now,2026-08-20T07:36:51+00:00
CVE-2026-68197,updated,2026-08-19,cve_2026_to_now,2026-08-20T07:36:51+00:00
CVE-2026-68199,updated,2026-08-19,cve_2026_to_now,2026-08-20T07:36:51+00:00
CVE-2026-68202,updated,2026-08-19,cve_2026_to_now,2026-08-20T07:36:51+00:00
CVE-2026-68204,updated,2026-08-19,cve_2026_to_now,2026-08-20T07:36:51+00:00
CVE-2026-68206,updated,2026-08-19,cve_2026_to_now,2026-08-20T07:36:51+00:00
CVE-2026-68207,updated,2026-08-19,cve_2026_to_now,2026-08-20T07:36:51+00:00
CVE-2026-68209,updated,2026-08-19,cve_2026_to_now,2026-08-20T07:36:51+00:00
CVE-2026-68210,updated,2026-08-19,cve_2026_to_now,2026-08-20T07:36:51+00:00
CVE-2026-68212,updated,2026-08-19,cve_2026_to_now,2026-08-20T07:36:51+00:00
CVE-2026-68213,updated,2026-08-19,cve_2026_to_now,2026-08-20T07:36:51+00:00
CVE-2026-68214,updated,2026-08-19,cve_2026_to_now,2026-08-20T07:36:51+00:00
CVE-2026-68215,updated,2026-08-19,cve_2026_to_now,2026-08-20T07:36:51+00:00
CVE-2026-68216,updated,2026-08-19,cve_2026_to_now,2026-08-20T07:36:51+00:00
CVE-2026-68217,updated,2026-08-19,cve_2026_to_now,2026-08-20T07:36:51+00:00
CVE-2026-68218,updated,2026-08-19,cve_2026_to_now,2026-08-20T07:36:51+00:00
CVE-2026-68222,updated,2026-08-19,cve_2026_to_now,2026-08-20T07:36:51+00:00
CVE-2026-68223,updated,2026-08-19,cve_2026_to_now,2026-08-20T07:36:51+00:00
CVE-2026-68226,updated,2026-08-19,cve_2026_to_now,2026-08-20T07:36:51+00:00
CVE-2026-68227,updated,2026-08-19,cve_2026_to_now,2026-08-20T07:36:51+00:00
CVE-2026-68229,updated,2026-08-19,cve_2026_to_now,2026-08-20T07:36:51+00:00
CVE-2026-68231,updated,2026-08-19,cve_2026_to_now,2026-08-20T07:36:51+00:00
CVE-2026-68234,updated,2026-08-19,cve_2026_to_now,2026-08-20T07:36:51+00:00
CVE-2026-68243,updated,2026-08-19,cve_2026_to_now,2026-08-20T07:36:51+00:00
CVE-2026-68244,updated,2026-08-19,cve_2026_to_now,2026-08-20T07:36:51+00:00
CVE-2026-68246,updated,2026-08-19,cve_2026_to_now,2026-08-20T07:36:51+00:00
CVE-2026-68248,updated,2026-08-19,cve_2026_to_now,2026-08-20T07:36:51+00:00
CVE-2026-68249,updated,2026-08-19,cve_2026_to_now,2026-08-20T07:36:51+00:00
CVE-2026-68250,updated,2026-08-19,cve_2026_to_now,2026-08-20T07:36:51+00:00
CVE-2026-68251,updated,2026-08-19,cve_2026_to_now,2026-08-20T07:36:51+00:00
CVE-2026-68255,updated,2026-08-19,cve_2026_to_now,2026-08-20T07:36:51+00:00
CVE-2026-68259,updated,2026-08-19,cve_2026_to_now,2026-08-20T07:36:51+00:00
CVE-2026-68269,updated,2026-08-19,cve_2026_to_now,2026-08-20T07:36:51+00:00
CVE-2026-68277,updated,2026-08-19,cve_2026_to_now,2026-08-20T07:36:51+00:00
CVE-2026-68278,updated,2026-08-19,cve_2026_to_now,2026-08-20T07:36:51+00:00
CVE-2026-68279,updated,2026-08-19,cve_2026_to_now,2026-08-20T07:36:51+00:00
CVE-2026-68284,updated,2026-08-19,cve_2026_to_now,2026-08-20T07:36:51+00:00
CVE-2026-68294,updated,2026-08-19,cve_2026_to_now,2026-08-20T07:36:51+00:00
CVE-2026-68297,updated,2026-08-19,cve_2026_to_now,2026-08-20T07:36:51+00:00
CVE-2026-68299,updated,2026-08-19,cve_2026_to_now,2026-08-20T07:36:51+00:00
CVE-2026-68300,updated,2026-08-19,cve_2026_to_now,2026-08-20T07:36:51+00:00
CVE-2026-68301,updated,2026-08-19,cve_2026_to_now,2026-08-20T07:36:51+00:00
CVE-2026-68302,updated,2026-08-19,cve_2026_to_now,2026-08-20T07:36:51+00:00
CVE-2026-68304,updated,2026-08-19,cve_2026_to_now,2026-08-20T07:36:51+00:00
CVE-2026-68309,updated,2026-08-19,cve_2026_to_now,2026-08-20T07:36:51+00:00
CVE-2026-68310,updated,2026-08-19,cve_2026_to_now,2026-08-20T07:36:51+00:00
CVE-2026-68313,updated,2026-08-19,cve_2026_to_now,2026-08-20T07:36:51+00:00
CVE-2026-68315,updated,2026-08-19,cve_2026_to_now,2026-08-20T07:36:51+00:00
CVE-2026-68320,updated,2026-08-19,cve_2026_to_now,2026-08-20T07:36:51+00:00
CVE-2026-68322,updated,2026-08-19,cve_2026_to_now,2026-08-20T07:36:51+00:00
CVE-2026-68324,updated,2026-08-19,cve_2026_to_now,2026-08-20T07:36:51+00:00
CVE-2026-68325,updated,2026-08-19,cve_2026_to_now,2026-08-20T07:36:51+00:00
CVE-2026-68326,updated,2026-08-19,cve_2026_to_now,2026-08-20T07:36:51+00:00
CVE-2026-68327,updated,2026-08-19,cve_2026_to_now,2026-08-20T07:36:51+00:00
CVE-2026-68328,updated,2026-08-19,cve_2026_to_now,2026-08-20T07:36:51+00:00
CVE-2026-68331,updated,2026-08-19,cve_2026_to_now,2026-08-20T07:36:51+00:00
CVE-2026-68333,updated,2026-08-19,cve_2026_to_now,2026-08-20T07:36:51+00:00
CVE-2026-68335,updated,2026-08-19,cve_2026_to_now,2026-08-20T07:36:51+00:00
CVE-2026-68336,updated,2026-08-19,cve_2026_to_now,2026-08-20T07:36:51+00:00
CVE-2026-68338,updated,2026-08-19,cve_2026_to_now,2026-08-20T07:36:51+00:00
CVE-2026-68340,updated,2026-08-19,cve_2026_to_now,2026-08-20T07:36:51+00:00
CVE-2026-68343,updated,2026-08-19,cve_2026_to_now,2026-08-20T07:36:51+00:00
CVE-2026-68344,updated,2026-08-19,cve_2026_to_now,2026-08-20T07:36:51+00:00
CVE-2026-68349,updated,2026-08-19,cve_2026_to_now,2026-08-20T07:36:51+00:00
CVE-2026-68350,updated,2026-08-19,cve_2026_to_now,2026-08-20T07:36:51+00:00
CVE-2026-68351,updated,2026-08-19,cve_2026_to_now,2026-08-20T07:36:51+00:00
CVE-2026-68352,updated,2026-08-19,cve_2026_to_now,2026-08-20T07:36:51+00:00
CVE-2026-68353,updated,2026-08-19,cve_2026_to_now,2026-08-20T07:36:51+00:00
CVE-2026-68354,updated,2026-08-19,cve_2026_to_now,2026-08-20T07:36:51+00:00
CVE-2026-68355,updated,2026-08-19,cve_2026_to_now,2026-08-20T07:36:51+00:00
CVE-2026-68357,updated,2026-08-19,cve_2026_to_now,2026-08-20T07:36:51+00:00
CVE-2026-68359,updated,2026-08-19,cve_2026_to_now,2026-08-20T07:36:51+00:00
CVE-2026-68360,updated,2026-08-19,cve_2026_to_now,2026-08-20T07:36:51+00:00
CVE-2026-68361,updated,2026-08-19,cve_2026_to_now,2026-08-20T07:36:51+00:00
CVE-2026-68362,updated,2026-08-19,cve_2026_to_now,2026-08-20T07:36:51+00:00
CVE-2026-68363,updated,2026-08-19,cve_2026_to_now,2026-08-20T07:36:51+00:00
CVE-2026-68365,updated,2026-08-19,cve_2026_to_now,2026-08-20T07:36:51+00:00
CVE-2026-68366,updated,2026-08-19,cve_2026_to_now,2026-08-20T07:36:51+00:00
CVE-2026-68368,updated,2026-08-19,cve_2026_to_now,2026-08-20T07:36:51+00:00
CVE-2026-68369,updated,2026-08-19,cve_2026_to_now,2026-08-20T07:36:51+00:00
CVE-2026-68370,updated,2026-08-19,cve_2026_to_now,2026-08-20T07:36:51+00:00
CVE-2026-68373,updated,2026-08-19,cve_2026_to_now,2026-08-20T07:36:51+00:00
CVE-2026-68376,updated,2026-08-19,cve_2026_to_now,2026-08-20T07:36:51+00:00
CVE-2026-68377,updated,2026-08-19,cve_2026_to_now,2026-08-20T07:36:51+00:00
CVE-2026-68386,updated,2026-08-19,cve_2026_to_now,2026-08-20T07:36:51+00:00
CVE-2026-68388,updated,2026-08-19,cve_2026_to_now,2026-08-20T07:36:51+00:00
CVE-2026-68395,updated,2026-08-19,cve_2026_to_now,2026-08-20T07:36:51+00:00
CVE-2026-68397,updated,2026-08-19,cve_2026_to_now,2026-08-20T07:36:51+00:00
CVE-2026-68398,updated,2026-08-19,cve_2026_to_now,2026-08-20T07:36:51+00:00
CVE-2026-68402,updated,2026-08-19,cve_2026_to_now,2026-08-20T07:36:51+00:00
CVE-2026-68403,updated,2026-08-19,cve_2026_to_now,2026-08-20T07:36:51+00:00
CVE-2026-68405,updated,2026-08-19,cve_2026_to_now,2026-08-20T07:36:51+00:00
CVE-2026-68406,updated,2026-08-19,cve_2026_to_now,2026-08-20T07:36:51+00:00
CVE-2026-68407,updated,2026-08-19,cve_2026_to_now,2026-08-20T07:36:51+00:00
CVE-2026-68410,updated,2026-08-19,cve_2026_to_now,2026-08-20T07:36:51+00:00
CVE-2026-68411,updated,2026-08-19,cve_2026_to_now,2026-08-20T07:36:51+00:00
CVE-2026-68413,updated,2026-08-19,cve_2026_to_now,2026-08-20T07:36:51+00:00
CVE-2026-68414,updated,2026-08-19,cve_2026_to_now,2026-08-20T07:36:51+00:00
CVE-2026-68417,updated,2026-08-19,cve_2026_to_now,2026-08-20T07:36:51+00:00
CVE-2026-68422,updated,2026-08-19,cve_2026_to_now,2026-08-20T07:36:51+00:00
CVE-2026-68425,updated,2026-08-19,cve_2026_to_now,2026-08-20T07:36:51+00:00
CVE-2026-68427,updated,2026-08-19,cve_2026_to_now,2026-08-20T07:36:51+00:00
CVE-2026-68428,updated,2026-08-19,cve_2026_to_now,2026-08-20T07:36:51+00:00
CVE-2026-68430,updated,2026-08-19,cve_2026_to_now,2026-08-20T07:36:51+00:00
CVE-2026-68432,updated,2026-08-19,cve_2026_to_now,2026-08-20T07:36:51+00:00
CVE-2026-68433,updated,2026-08-19,cve_2026_to_now,2026-08-20T07:36:51+00:00
CVE-2026-68434,updated,2026-08-19,cve_2026_to_now,2026-08-20T07:36:51+00:00
CVE-2026-68444,updated,2026-08-19,cve_2026_to_now,2026-08-20T07:36:51+00:00
CVE-2026-68446,updated,2026-08-19,cve_2026_to_now,2026-08-20T07:36:51+00:00
CVE-2026-68449,updated,2026-08-19,cve_2026_to_now,2026-08-20T07:36:51+00:00
CVE-2026-68450,updated,2026-08-19,cve_2026_to_now,2026-08-20T07:36:51+00:00
CVE-2026-68451,updated,2026-08-19,cve_2026_to_now,2026-08-20T07:36:51+00:00
CVE-2026-68452,updated,2026-08-19,cve_2026_to_now,2026-08-20T07:36:51+00:00
CVE-2026-68552,added,,cve_2026_to_now,2026-08-20T07:36:51+00:00
CVE-2026-68553,added,,cve_2026_to_now,2026-08-20T07:36:51+00:00
CVE-2026-68554,added,,cve_2026_to_now,2026-08-20T07:36:51+00:00
CVE-2026-68555,added,,cve_2026_to_now,2026-08-20T07:36:51+00:00
CVE-2026-68558,added,,cve_2026_to_now,2026-08-20T07:36:51+00:00
CVE-2026-68559,added,,cve_2026_to_now,2026-08-20T07:36:51+00:00
CVE-2026-68560,added,,cve_2026_to_now,2026-08-20T07:36:51+00:00
CVE-2026-68561,added,,cve_2026_to_now,2026-08-20T07:36:51+00:00
CVE-2026-68747,updated,2026-08-19,cve_2026_to_now,2026-08-20T07:36:51+00:00
CVE-2026-68749,updated,2026-08-19,cve_2026_to_now,2026-08-20T07:36:51+00:00
CVE-2026-68750,updated,2026-08-19,cve_2026_to_now,2026-08-20T07:36:51+00:00
CVE-2026-68792,updated,2026-08-19,cve_2026_to_now,2026-08-20T07:36:51+00:00
CVE-2026-68793,updated,2026-08-19,cve_2026_to_now,2026-08-20T07:36:51+00:00
CVE-2026-68794,updated,2026-08-19,cve_2026_to_now,2026-08-20T07:36:51+00:00
CVE-2026-68795,updated,2026-08-19,cve_2026_to_now,2026-08-20T07:36:51+00:00
CVE-2026-68796,updated,2026-08-19,cve_2026_to_now,2026-08-20T07:36:51+00:00
CVE-2026-68797,updated,2026-08-19,cve_2026_to_now,2026-08-20T07:36:51+00:00
CVE-2026-68798,updated,2026-08-19,cve_2026_to_now,2026-08-20T07:36:51+00:00
CVE-2026-68799,updated,2026-08-19,cve_2026_to_now,2026-08-20T07:36:51+00:00
CVE-2026-68800,updated,2026-08-19,cve_2026_to_now,2026-08-20T07:36:51+00:00
CVE-2026-68801,updated,2026-08-19,cve_2026_to_now,2026-08-20T07:36:51+00:00
CVE-2026-68802,updated,2026-08-19,cve_2026_to_now,2026-08-20T07:36:51+00:00
CVE-2026-68803,updated,2026-08-19,cve_2026_to_now,2026-08-20T07:36:51+00:00
CVE-2026-68804,updated,2026-08-19,cve_2026_to_now,2026-08-20T07:36:51+00:00
CVE-2026-68805,updated,2026-08-19,cve_2026_to_now,2026-08-20T07:36:51+00:00
CVE-2026-68806,updated,2026-08-19,cve_2026_to_now,2026-08-20T07:36:51+00:00
CVE-2026-68807,updated,2026-08-19,cve_2026_to_now,2026-08-20T07:36:51+00:00
CVE-2026-68808,updated,2026-08-19,cve_2026_to_now,2026-08-20T07:36:51+00:00
CVE-2026-68809,updated,2026-08-19,cve_2026_to_now,2026-08-20T07:36:51+00:00
CVE-2026-68810,updated,2026-08-19,cve_2026_to_now,2026-08-20T07:36:51+00:00
CVE-2026-68811,updated,2026-08-19,cve_2026_to_now,2026-08-20T07:36:51+00:00
CVE-2026-68812,updated,2026-08-19,cve_2026_to_now,2026-08-20T07:36:51+00:00
CVE-2026-68813,updated,2026-08-19,cve_2026_to_now,2026-08-20T07:36:51+00:00
CVE-2026-68814,updated,2026-08-19,cve_2026_to_now,2026-08-20T07:36:51+00:00
CVE-2026-68815,updated,2026-08-19,cve_2026_to_now,2026-08-20T07:36:51+00:00
CVE-2026-68816,updated,2026-08-19,cve_2026_to_now,2026-08-20T07:36:51+00:00
CVE-2026-68817,updated,2026-08-19,cve_2026_to_now,2026-08-20T07:36:51+00:00
CVE-2026-68819,updated,2026-08-19,cve_2026_to_now,2026-08-20T07:36:51+00:00
CVE-2026-68820,updated,2026-08-19,cve_2026_to_now,2026-08-20T07:36:51+00:00
CVE-2026-68821,updated,2026-08-19,cve_2026_to_now,2026-08-20T07:36:51+00:00
CVE-2026-68823,updated,2026-08-19,cve_2026_to_now,2026-08-20T07:36:51+00:00
CVE-2026-68899,added,,cve_2026_to_now,2026-08-20T07:36:51+00:00
CVE-2026-68900,added,,cve_2026_to_now,2026-08-20T07:36:51+00:00
CVE-2026-68901,added,,cve_2026_to_now,2026-08-20T07:36:51+00:00
CVE-2026-68922,updated,2026-08-19,cve_2026_to_now,2026-08-20T07:36:51+00:00
CVE-2026-68923,updated,2026-08-19,cve_2026_to_now,2026-08-20T07:36:51+00:00
CVE-2026-69159,added,,cve_2026_to_now,2026-08-20T07:36:51+00:00
CVE-2026-69219,updated,2026-08-19,cve_2026_to_now,2026-08-20T07:36:51+00:00
CVE-2026-69222,added,,cve_2026_to_now,2026-08-20T07:36:51+00:00
CVE-2026-69278,updated,2026-08-19,cve_2026_to_now,2026-08-20T07:36:51+00:00
CVE-2026-69306,updated,2026-08-19,cve_2026_to_now,2026-08-20T07:36:51+00:00
CVE-2026-69320,updated,2026-08-19,cve_2026_to_now,2026-08-20T07:36:51+00:00
CVE-2026-69414,updated,2026-08-20,cve_2026_to_now,2026-08-20T07:36:51+00:00
CVE-2026-69550,added,,cve_2026_to_now,2026-08-20T07:36:51+00:00
CVE-2026-70130,updated,2026-08-19,cve_2026_to_now,2026-08-20T07:36:51+00:00
CVE-2026-70304,updated,2026-08-19,cve_2026_to_now,2026-08-20T07:36:51+00:00
CVE-2026-70306,updated,2026-08-19,cve_2026_to_now,2026-08-20T07:36:51+00:00
CVE-2026-70307,updated,2026-08-19,cve_2026_to_now,2026-08-20T07:36:51+00:00
CVE-2026-70310,updated,2026-08-19,cve_2026_to_now,2026-08-20T07:36:51+00:00
CVE-2026-70311,updated,2026-08-19,cve_2026_to_now,2026-08-20T07:36:51+00:00
CVE-2026-70312,updated,2026-08-19,cve_2026_to_now,2026-08-20T07:36:51+00:00
CVE-2026-70313,updated,2026-08-19,cve_2026_to_now,2026-08-20T07:36:51+00:00
CVE-2026-70314,updated,2026-08-19,cve_2026_to_now,2026-08-20T07:36:51+00:00
CVE-2026-70315,updated,2026-08-19,cve_2026_to_now,2026-08-20T07:36:51+00:00
CVE-2026-70316,updated,2026-08-19,cve_2026_to_now,2026-08-20T07:36:51+00:00
CVE-2026-70317,updated,2026-08-19,cve_2026_to_now,2026-08-20T07:36:51+00:00
CVE-2026-70318,updated,2026-08-19,cve_2026_to_now,2026-08-20T07:36:51+00:00
CVE-2026-70319,updated,2026-08-19,cve_2026_to_now,2026-08-20T07:36:51+00:00
CVE-2026-70320,updated,2026-08-19,cve_2026_to_now,2026-08-20T07:36:51+00:00
CVE-2026-70321,updated,2026-08-19,cve_2026_to_now,2026-08-20T07:36:51+00:00
CVE-2026-70322,updated,2026-08-19,cve_2026_to_now,2026-08-20T07:36:51+00:00
CVE-2026-70323,updated,2026-08-19,cve_2026_to_now,2026-08-20T07:36:51+00:00
CVE-2026-70324,updated,2026-08-19,cve_2026_to_now,2026-08-20T07:36:51+00:00
CVE-2026-70325,updated,2026-08-19,cve_2026_to_now,2026-08-20T07:36:51+00:00
CVE-2026-70326,updated,2026-08-19,cve_2026_to_now,2026-08-20T07:36:51+00:00
CVE-2026-70327,updated,2026-08-19,cve_2026_to_now,2026-08-20T07:36:51+00:00
CVE-2026-70328,updated,2026-08-19,cve_2026_to_now,2026-08-20T07:36:51+00:00
CVE-2026-70329,updated,2026-08-19,cve_2026_to_now,2026-08-20T07:36:51+00:00
CVE-2026-70330,updated,2026-08-19,cve_2026_to_now,2026-08-20T07:36:51+00:00
CVE-2026-70332,updated,2026-08-19,cve_2026_to_now,2026-08-20T07:36:51+00:00
CVE-2026-70335,updated,2026-08-19,cve_2026_to_now,2026-08-20T07:36:51+00:00
CVE-2026-70336,updated,2026-08-19,cve_2026_to_now,2026-08-20T07:36:51+00:00
CVE-2026-70337,updated,2026-08-19,cve_2026_to_now,2026-08-20T07:36:51+00:00
CVE-2026-70338,updated,2026-08-19,cve_2026_to_now,2026-08-20T07:36:51+00:00
CVE-2026-70339,updated,2026-08-19,cve_2026_to_now,2026-08-20T07:36:51+00:00
CVE-2026-70340,updated,2026-08-19,cve_2026_to_now,2026-08-20T07:36:51+00:00
CVE-2026-70344,updated,2026-08-19,cve_2026_to_now,2026-08-20T07:36:51+00:00
CVE-2026-70345,updated,2026-08-19,cve_2026_to_now,2026-08-20T07:36:51+00:00
CVE-2026-70346,updated,2026-08-19,cve_2026_to_now,2026-08-20T07:36:51+00:00
CVE-2026-70347,updated,2026-08-19,cve_2026_to_now,2026-08-20T07:36:51+00:00
CVE-2026-70348,updated,2026-08-19,cve_2026_to_now,2026-08-20T07:36:51+00:00
CVE-2026-70354,updated,2026-08-19,cve_2026_to_now,2026-08-20T07:36:51+00:00
CVE-2026-70355,updated,2026-08-19,cve_2026_to_now,2026-08-20T07:36:51+00:00
CVE-2026-70408,updated,,cve_2026_to_now,2026-08-20T07:36:51+00:00
CVE-2026-70421,added,2026-08-20,cve_2026_to_now,2026-08-20T07:36:51+00:00
CVE-2026-70422,added,,cve_2026_to_now,2026-08-20T07:36:51+00:00
CVE-2026-70423,added,,cve_2026_to_now,2026-08-20T07:36:51+00:00
CVE-2026-70424,added,,cve_2026_to_now,2026-08-20T07:36:51+00:00
CVE-2026-70496,added,,cve_2026_to_now,2026-08-20T07:36:51+00:00
CVE-2026-70657,updated,2026-08-19,cve_2026_to_now,2026-08-20T07:36:51+00:00
CVE-2026-70666,updated,2026-08-19,cve_2026_to_now,2026-08-20T07:36:51+00:00
CVE-2026-70667,updated,2026-08-19,cve_2026_to_now,2026-08-20T07:36:51+00:00
CVE-2026-70676,updated,2026-08-19,cve_2026_to_now,2026-08-20T07:36:51+00:00
CVE-2026-70680,updated,2026-08-19,cve_2026_to_now,2026-08-20T07:36:51+00:00
CVE-2026-70722,updated,2026-08-19,cve_2026_to_now,2026-08-20T07:36:51+00:00
CVE-2026-70725,updated,2026-08-19,cve_2026_to_now,2026-08-20T07:36:51+00:00
CVE-2026-70733,updated,2026-08-19,cve_2026_to_now,2026-08-20T07:36:51+00:00
CVE-2026-70743,updated,2026-08-19,cve_2026_to_now,2026-08-20T07:36:51+00:00
CVE-2026-70764,updated,2026-08-19,cve_2026_to_now,2026-08-20T07:36:51+00:00
CVE-2026-70770,updated,2026-08-19,cve_2026_to_now,2026-08-20T07:36:51+00:00
CVE-2026-70774,updated,2026-08-19,cve_2026_to_now,2026-08-20T07:36:51+00:00
CVE-2026-70775,updated,2026-08-19,cve_2026_to_now,2026-08-20T07:36:51+00:00
CVE-2026-70800,updated,2026-08-19,cve_2026_to_now,2026-08-20T07:36:51+00:00
CVE-2026-70803,updated,2026-08-19,cve_2026_to_now,2026-08-20T07:36:51+00:00
CVE-2026-70809,updated,2026-08-19,cve_2026_to_now,2026-08-20T07:36:51+00:00
CVE-2026-70845,updated,2026-08-19,cve_2026_to_now,2026-08-20T07:36:51+00:00
CVE-2026-70850,updated,2026-08-19,cve_2026_to_now,2026-08-20T07:36:51+00:00
CVE-2026-70851,updated,2026-08-19,cve_2026_to_now,2026-08-20T07:36:51+00:00
CVE-2026-70853,updated,2026-08-19,cve_2026_to_now,2026-08-20T07:36:51+00:00
CVE-2026-70856,updated,2026-08-20,cve_2026_to_now,2026-08-20T07:36:51+00:00
CVE-2026-70857,updated,2026-08-20,cve_2026_to_now,2026-08-20T07:36:51+00:00
CVE-2026-70858,updated,2026-08-19,cve_2026_to_now,2026-08-20T07:36:51+00:00
CVE-2026-70859,updated,2026-08-20,cve_2026_to_now,2026-08-20T07:36:51+00:00
CVE-2026-70870,updated,2026-08-19,cve_2026_to_now,2026-08-20T07:36:51+00:00
CVE-2026-70907,updated,2026-08-19,cve_2026_to_now,2026-08-20T07:36:51+00:00
CVE-2026-70909,updated,2026-08-19,cve_2026_to_now,2026-08-20T07:36:51+00:00
CVE-2026-70933,updated,2026-08-19,cve_2026_to_now,2026-08-20T07:36:51+00:00
CVE-2026-70934,updated,2026-08-19,cve_2026_to_now,2026-08-20T07:36:51+00:00
CVE-2026-70935,updated,2026-08-19,cve_2026_to_now,2026-08-20T07:36:51+00:00
CVE-2026-70949,updated,2026-08-20,cve_2026_to_now,2026-08-20T07:36:51+00:00
CVE-2026-70951,updated,2026-08-20,cve_2026_to_now,2026-08-20T07:36:51+00:00
CVE-2026-70952,updated,2026-08-19,cve_2026_to_now,2026-08-20T07:36:51+00:00
CVE-2026-70966,updated,2026-08-19,cve_2026_to_now,2026-08-20T07:36:51+00:00
CVE-2026-70967,updated,2026-08-19,cve_2026_to_now,2026-08-20T07:36:51+00:00
CVE-2026-70980,updated,2026-08-19,cve_2026_to_now,2026-08-20T07:36:51+00:00
CVE-2026-70981,updated,2026-08-19,cve_2026_to_now,2026-08-20T07:36:51+00:00
CVE-2026-70982,updated,2026-08-19,cve_2026_to_now,2026-08-20T07:36:51+00:00
CVE-2026-70983,updated,2026-08-19,cve_2026_to_now,2026-08-20T07:36:51+00:00
CVE-2026-70984,updated,2026-08-19,cve_2026_to_now,2026-08-20T07:36:51+00:00
CVE-2026-70985,updated,2026-08-19,cve_2026_to_now,2026-08-20T07:36:51+00:00
CVE-2026-70986,updated,2026-08-19,cve_2026_to_now,2026-08-20T07:36:51+00:00
CVE-2026-70987,updated,2026-08-19,cve_2026_to_now,2026-08-20T07:36:51+00:00
CVE-2026-70988,updated,2026-08-19,cve_2026_to_now,2026-08-20T07:36:51+00:00
CVE-2026-70989,updated,2026-08-19,cve_2026_to_now,2026-08-20T07:36:51+00:00
CVE-2026-71000,updated,2026-08-19,cve_2026_to_now,2026-08-20T07:36:51+00:00
CVE-2026-71001,updated,2026-08-19,cve_2026_to_now,2026-08-20T07:36:51+00:00
CVE-2026-71002,updated,2026-08-19,cve_2026_to_now,2026-08-20T07:36:51+00:00
CVE-2026-71003,updated,2026-08-19,cve_2026_to_now,2026-08-20T07:36:51+00:00
CVE-2026-71004,updated,2026-08-19,cve_2026_to_now,2026-08-20T07:36:51+00:00
CVE-2026-71005,updated,2026-08-19,cve_2026_to_now,2026-08-20T07:36:51+00:00
CVE-2026-71006,updated,2026-08-19,cve_2026_to_now,2026-08-20T07:36:51+00:00
CVE-2026-71007,updated,2026-08-19,cve_2026_to_now,2026-08-20T07:36:51+00:00
CVE-2026-71008,updated,2026-08-19,cve_2026_to_now,2026-08-20T07:36:51+00:00
CVE-2026-71009,updated,2026-08-19,cve_2026_to_now,2026-08-20T07:36:51+00:00
CVE-2026-71010,updated,2026-08-19,cve_2026_to_now,2026-08-20T07:36:51+00:00
CVE-2026-71012,updated,2026-08-19,cve_2026_to_now,2026-08-20T07:36:51+00:00
CVE-2026-71017,updated,2026-08-19,cve_2026_to_now,2026-08-20T07:36:51+00:00
CVE-2026-71019,updated,2026-08-19,cve_2026_to_now,2026-08-20T07:36:51+00:00
CVE-2026-71020,updated,2026-08-19,cve_2026_to_now,2026-08-20T07:36:51+00:00
CVE-2026-71021,updated,2026-08-19,cve_2026_to_now,2026-08-20T07:36:51+00:00
CVE-2026-71022,updated,2026-08-19,cve_2026_to_now,2026-08-20T07:36:51+00:00
CVE-2026-71023,updated,2026-08-19,cve_2026_to_now,2026-08-20T07:36:51+00:00
CVE-2026-71024,updated,2026-08-19,cve_2026_to_now,2026-08-20T07:36:51+00:00
CVE-2026-71025,updated,2026-08-19,cve_2026_to_now,2026-08-20T07:36:51+00:00
CVE-2026-71026,updated,2026-08-19,cve_2026_to_now,2026-08-20T07:36:51+00:00
CVE-2026-71027,updated,2026-08-19,cve_2026_to_now,2026-08-20T07:36:51+00:00
CVE-2026-71028,updated,2026-08-19,cve_2026_to_now,2026-08-20T07:36:51+00:00
CVE-2026-71029,updated,2026-08-19,cve_2026_to_now,2026-08-20T07:36:51+00:00
CVE-2026-71037,updated,2026-08-19,cve_2026_to_now,2026-08-20T07:36:51+00:00
CVE-2026-71038,updated,2026-08-19,cve_2026_to_now,2026-08-20T07:36:51+00:00
CVE-2026-71039,updated,2026-08-19,cve_2026_to_now,2026-08-20T07:36:51+00:00
CVE-2026-71040,updated,2026-08-19,cve_2026_to_now,2026-08-20T07:36:51+00:00
CVE-2026-71041,updated,2026-08-19,cve_2026_to_now,2026-08-20T07:36:51+00:00
CVE-2026-71042,updated,2026-08-19,cve_2026_to_now,2026-08-20T07:36:51+00:00
CVE-2026-71043,updated,2026-08-19,cve_2026_to_now,2026-08-20T07:36:51+00:00
CVE-2026-71044,updated,2026-08-19,cve_2026_to_now,2026-08-20T07:36:51+00:00
CVE-2026-71045,updated,2026-08-19,cve_2026_to_now,2026-08-20T07:36:51+00:00
CVE-2026-71046,updated,2026-08-19,cve_2026_to_now,2026-08-20T07:36:51+00:00
CVE-2026-71048,updated,2026-08-19,cve_2026_to_now,2026-08-20T07:36:51+00:00
CVE-2026-71052,updated,2026-08-19,cve_2026_to_now,2026-08-20T07:36:51+00:00
CVE-2026-71053,updated,2026-08-19,cve_2026_to_now,2026-08-20T07:36:51+00:00
CVE-2026-71055,updated,2026-08-19,cve_2026_to_now,2026-08-20T07:36:51+00:00
CVE-2026-71056,updated,2026-08-19,cve_2026_to_now,2026-08-20T07:36:51+00:00
CVE-2026-71057,updated,2026-08-19,cve_2026_to_now,2026-08-20T07:36:51+00:00
CVE-2026-71058,updated,2026-08-19,cve_2026_to_now,2026-08-20T07:36:51+00:00
CVE-2026-71059,updated,2026-08-19,cve_2026_to_now,2026-08-20T07:36:51+00:00
CVE-2026-71060,updated,2026-08-19,cve_2026_to_now,2026-08-20T07:36:51+00:00
CVE-2026-71061,updated,2026-08-19,cve_2026_to_now,2026-08-20T07:36:51+00:00
CVE-2026-71062,updated,2026-08-20,cve_2026_to_now,2026-08-20T07:36:51+00:00
CVE-2026-71063,updated,2026-08-19,cve_2026_to_now,2026-08-20T07:36:51+00:00
CVE-2026-71066,updated,2026-08-19,cve_2026_to_now,2026-08-20T07:36:51+00:00
CVE-2026-71072,updated,2026-08-19,cve_2026_to_now,2026-08-20T07:36:51+00:00
CVE-2026-71074,updated,2026-08-19,cve_2026_to_now,2026-08-20T07:36:51+00:00
CVE-2026-71075,updated,2026-08-19,cve_2026_to_now,2026-08-20T07:36:51+00:00
CVE-2026-71076,updated,2026-08-19,cve_2026_to_now,2026-08-20T07:36:51+00:00
CVE-2026-71077,updated,2026-08-19,cve_2026_to_now,2026-08-20T07:36:51+00:00
CVE-2026-71078,updated,2026-08-19,cve_2026_to_now,2026-08-20T07:36:51+00:00
CVE-2026-71079,updated,2026-08-19,cve_2026_to_now,2026-08-20T07:36:51+00:00
CVE-2026-71080,updated,2026-08-19,cve_2026_to_now,2026-08-20T07:36:51+00:00
CVE-2026-71081,updated,2026-08-19,cve_2026_to_now,2026-08-20T07:36:51+00:00
CVE-2026-71082,updated,2026-08-19,cve_2026_to_now,2026-08-20T07:36:51+00:00
CVE-2026-71083,updated,2026-08-19,cve_2026_to_now,2026-08-20T07:36:51+00:00
CVE-2026-71084,updated,2026-08-19,cve_2026_to_now,2026-08-20T07:36:51+00:00
CVE-2026-71091,updated,2026-08-19,cve_2026_to_now,2026-08-20T07:36:51+00:00
CVE-2026-71092,updated,2026-08-19,cve_2026_to_now,2026-08-20T07:36:51+00:00
CVE-2026-71094,updated,2026-08-19,cve_2026_to_now,2026-08-20T07:36:51+00:00
CVE-2026-71095,updated,2026-08-19,cve_2026_to_now,2026-08-20T07:36:51+00:00
CVE-2026-71096,updated,2026-08-19,cve_2026_to_now,2026-08-20T07:36:51+00:00
CVE-2026-71097,updated,2026-08-19,cve_2026_to_now,2026-08-20T07:36:51+00:00
CVE-2026-71098,updated,2026-08-19,cve_2026_to_now,2026-08-20T07:36:51+00:00
CVE-2026-71099,updated,2026-08-19,cve_2026_to_now,2026-08-20T07:36:51+00:00
CVE-2026-71100,updated,2026-08-19,cve_2026_to_now,2026-08-20T07:36:51+00:00
CVE-2026-71101,updated,2026-08-19,cve_2026_to_now,2026-08-20T07:36:51+00:00
CVE-2026-71102,updated,2026-08-19,cve_2026_to_now,2026-08-20T07:36:51+00:00
CVE-2026-71103,updated,2026-08-19,cve_2026_to_now,2026-08-20T07:36:51+00:00
CVE-2026-71112,updated,2026-08-19,cve_2026_to_now,2026-08-20T07:36:51+00:00
CVE-2026-71113,updated,2026-08-19,cve_2026_to_now,2026-08-20T07:36:51+00:00
CVE-2026-71114,updated,2026-08-19,cve_2026_to_now,2026-08-20T07:36:51+00:00
CVE-2026-71115,updated,2026-08-19,cve_2026_to_now,2026-08-20T07:36:51+00:00
CVE-2026-71116,updated,2026-08-19,cve_2026_to_now,2026-08-20T07:36:51+00:00
CVE-2026-71117,updated,2026-08-19,cve_2026_to_now,2026-08-20T07:36:51+00:00
CVE-2026-71118,updated,2026-08-19,cve_2026_to_now,2026-08-20T07:36:51+00:00
CVE-2026-71119,updated,2026-08-19,cve_2026_to_now,2026-08-20T07:36:51+00:00
CVE-2026-71120,updated,2026-08-19,cve_2026_to_now,2026-08-20T07:36:51+00:00
CVE-2026-71121,updated,2026-08-19,cve_2026_to_now,2026-08-20T07:36:51+00:00
CVE-2026-71122,updated,2026-08-19,cve_2026_to_now,2026-08-20T07:36:51+00:00
CVE-2026-71124,updated,2026-08-19,cve_2026_to_now,2026-08-20T07:36:51+00:00
CVE-2026-71134,updated,2026-08-19,cve_2026_to_now,2026-08-20T07:36:51+00:00
CVE-2026-71136,updated,2026-08-19,cve_2026_to_now,2026-08-20T07:36:51+00:00
CVE-2026-71137,updated,2026-08-19,cve_2026_to_now,2026-08-20T07:36:51+00:00
CVE-2026-71138,updated,2026-08-19,cve_2026_to_now,2026-08-20T07:36:51+00:00
CVE-2026-71139,updated,2026-08-19,cve_2026_to_now,2026-08-20T07:36:51+00:00
CVE-2026-71140,updated,2026-08-19,cve_2026_to_now,2026-08-20T07:36:51+00:00
CVE-2026-71141,updated,2026-08-19,cve_2026_to_now,2026-08-20T07:36:51+00:00
CVE-2026-71142,updated,2026-08-19,cve_2026_to_now,2026-08-20T07:36:51+00:00
CVE-2026-71143,updated,2026-08-19,cve_2026_to_now,2026-08-20T07:36:51+00:00
CVE-2026-71144,updated,2026-08-19,cve_2026_to_now,2026-08-20T07:36:51+00:00
CVE-2026-71145,updated,2026-08-19,cve_2026_to_now,2026-08-20T07:36:51+00:00
CVE-2026-71146,updated,2026-08-19,cve_2026_to_now,2026-08-20T07:36:51+00:00
CVE-2026-71147,updated,2026-08-19,cve_2026_to_now,2026-08-20T07:36:51+00:00
CVE-2026-71148,updated,2026-08-19,cve_2026_to_now,2026-08-20T07:36:51+00:00
CVE-2026-71149,updated,2026-08-19,cve_2026_to_now,2026-08-20T07:36:51+00:00
CVE-2026-71156,updated,2026-08-19,cve_2026_to_now,2026-08-20T07:36:51+00:00
CVE-2026-71157,updated,2026-08-19,cve_2026_to_now,2026-08-20T07:36:51+00:00
CVE-2026-71158,updated,2026-08-19,cve_2026_to_now,2026-08-20T07:36:51+00:00
CVE-2026-71159,updated,2026-08-19,cve_2026_to_now,2026-08-20T07:36:51+00:00
CVE-2026-71160,updated,2026-08-19,cve_2026_to_now,2026-08-20T07:36:51+00:00
CVE-2026-71161,updated,2026-08-19,cve_2026_to_now,2026-08-20T07:36:51+00:00
CVE-2026-71162,updated,2026-08-19,cve_2026_to_now,2026-08-20T07:36:51+00:00
CVE-2026-71164,updated,2026-08-19,cve_2026_to_now,2026-08-20T07:36:51+00:00
CVE-2026-71165,updated,2026-08-19,cve_2026_to_now,2026-08-20T07:36:51+00:00
CVE-2026-71166,updated,2026-08-20,cve_2026_to_now,2026-08-20T07:36:51+00:00
CVE-2026-71167,updated,2026-08-20,cve_2026_to_now,2026-08-20T07:36:51+00:00
CVE-2026-71176,added,2026-08-20,cve_2026_to_now,2026-08-20T07:36:51+00:00
CVE-2026-71225,updated,2026-08-19,cve_2026_to_now,2026-08-20T07:36:51+00:00
CVE-2026-71226,updated,2026-08-19,cve_2026_to_now,2026-08-20T07:36:51+00:00
CVE-2026-71227,updated,2026-08-19,cve_2026_to_now,2026-08-20T07:36:51+00:00
CVE-2026-71317,updated,2026-08-19,cve_2026_to_now,2026-08-20T07:36:51+00:00
CVE-2026-71322,updated,2026-08-19,cve_2026_to_now,2026-08-20T07:36:51+00:00
CVE-2026-71331,updated,2026-08-19,cve_2026_to_now,2026-08-20T07:36:51+00:00
CVE-2026-71365,updated,2026-08-19,cve_2026_to_now,2026-08-20T07:36:51+00:00
CVE-2026-71368,added,,cve_2026_to_now,2026-08-20T07:36:51+00:00
CVE-2026-71470,added,,cve_2026_to_now,2026-08-20T07:36:51+00:00
CVE-2026-71675,updated,2026-08-19,cve_2026_to_now,2026-08-20T07:36:51+00:00
CVE-2026-71676,updated,2026-08-19,cve_2026_to_now,2026-08-20T07:36:51+00:00
CVE-2026-71694,added,,cve_2026_to_now,2026-08-20T07:36:51+00:00
CVE-2026-71864,added,,cve_2026_to_now,2026-08-20T07:36:51+00:00
CVE-2026-71865,added,,cve_2026_to_now,2026-08-20T07:36:51+00:00
CVE-2026-71866,added,,cve_2026_to_now,2026-08-20T07:36:51+00:00
CVE-2026-71867,added,,cve_2026_to_now,2026-08-20T07:36:51+00:00
CVE-2026-71868,added,,cve_2026_to_now,2026-08-20T07:36:51+00:00
CVE-2026-71869,added,,cve_2026_to_now,2026-08-20T07:36:51+00:00
CVE-2026-71871,added,,cve_2026_to_now,2026-08-20T07:36:51+00:00
CVE-2026-71960,added,,cve_2026_to_now,2026-08-20T07:36:51+00:00
CVE-2026-71961,added,,cve_2026_to_now,2026-08-20T07:36:51+00:00
CVE-2026-72019,updated,2026-08-19,cve_2026_to_now,2026-08-20T07:36:51+00:00
CVE-2026-72066,updated,2026-08-19,cve_2026_to_now,2026-08-20T07:36:51+00:00
CVE-2026-72113,updated,2026-08-19,cve_2026_to_now,2026-08-20T07:36:51+00:00
CVE-2026-72114,updated,2026-08-19,cve_2026_to_now,2026-08-20T07:36:51+00:00
CVE-2026-72115,updated,2026-08-19,cve_2026_to_now,2026-08-20T07:36:51+00:00
CVE-2026-72116,updated,2026-08-19,cve_2026_to_now,2026-08-20T07:36:51+00:00
CVE-2026-72117,updated,2026-08-19,cve_2026_to_now,2026-08-20T07:36:51+00:00
CVE-2026-72118,updated,2026-08-19,cve_2026_to_now,2026-08-20T07:36:51+00:00
CVE-2026-72119,updated,2026-08-19,cve_2026_to_now,2026-08-20T07:36:51+00:00
CVE-2026-72121,updated,2026-08-19,cve_2026_to_now,2026-08-20T07:36:51+00:00
CVE-2026-72123,updated,2026-08-19,cve_2026_to_now,2026-08-20T07:36:51+00:00
CVE-2026-72124,updated,2026-08-19,cve_2026_to_now,2026-08-20T07:36:51+00:00
CVE-2026-72125,updated,2026-08-19,cve_2026_to_now,2026-08-20T07:36:51+00:00
CVE-2026-72146,updated,2026-08-19,cve_2026_to_now,2026-08-20T07:36:51+00:00
CVE-2026-72181,updated,2026-08-19,cve_2026_to_now,2026-08-20T07:36:51+00:00
CVE-2026-72198,updated,2026-08-19,cve_2026_to_now,2026-08-20T07:36:51+00:00
CVE-2026-72200,updated,2026-08-19,cve_2026_to_now,2026-08-20T07:36:51+00:00
CVE-2026-72203,updated,2026-08-19,cve_2026_to_now,2026-08-20T07:36:51+00:00
CVE-2026-72210,updated,2026-08-19,cve_2026_to_now,2026-08-20T07:36:51+00:00
CVE-2026-72237,updated,2026-08-19,cve_2026_to_now,2026-08-20T07:36:51+00:00
CVE-2026-72392,updated,2026-08-19,cve_2026_to_now,2026-08-20T07:36:51+00:00
CVE-2026-72529,added,2026-08-20,cve_2026_to_now,2026-08-20T07:36:51+00:00
CVE-2026-72530,added,2026-08-20,cve_2026_to_now,2026-08-20T07:36:51+00:00
CVE-2026-72716,added,,cve_2026_to_now,2026-08-20T07:36:51+00:00
CVE-2026-72717,added,,cve_2026_to_now,2026-08-20T07:36:51+00:00
CVE-2026-72889,updated,,cve_2026_to_now,2026-08-20T07:36:51+00:00
CVE-2026-72970,updated,2026-08-19,cve_2026_to_now,2026-08-20T07:36:51+00:00
CVE-2026-72971,updated,2026-08-19,cve_2026_to_now,2026-08-20T07:36:51+00:00
CVE-2026-73136,added,,cve_2026_to_now,2026-08-20T07:36:51+00:00
CVE-2026-73182,added,,cve_2026_to_now,2026-08-20T07:36:51+00:00
CVE-2026-73183,added,,cve_2026_to_now,2026-08-20T07:36:51+00:00
CVE-2026-73184,added,,cve_2026_to_now,2026-08-20T07:36:51+00:00
CVE-2026-73185,added,,cve_2026_to_now,2026-08-20T07:36:51+00:00
CVE-2026-73337,updated,2026-08-19,cve_2026_to_now,2026-08-20T07:36:51+00:00
CVE-2026-73347,added,,cve_2026_to_now,2026-08-20T07:36:51+00:00
CVE-2026-73354,added,,cve_2026_to_now,2026-08-20T07:36:51+00:00
CVE-2026-73363,added,,cve_2026_to_now,2026-08-20T07:36:51+00:00
CVE-2026-73364,added,,cve_2026_to_now,2026-08-20T07:36:51+00:00
CVE-2026-73384,added,,cve_2026_to_now,2026-08-20T07:36:51+00:00
CVE-2026-73385,added,,cve_2026_to_now,2026-08-20T07:36:51+00:00
CVE-2026-73386,added,,cve_2026_to_now,2026-08-20T07:36:51+00:00
CVE-2026-73387,added,,cve_2026_to_now,2026-08-20T07:36:51+00:00
CVE-2026-73388,added,,cve_2026_to_now,2026-08-20T07:36:51+00:00
CVE-2026-73389,added,,cve_2026_to_now,2026-08-20T07:36:51+00:00
CVE-2026-73390,added,,cve_2026_to_now,2026-08-20T07:36:51+00:00
CVE-2026-73391,added,,cve_2026_to_now,2026-08-20T07:36:51+00:00
CVE-2026-73394,added,,cve_2026_to_now,2026-08-20T07:36:51+00:00
CVE-2026-73433,updated,2026-08-19,cve_2026_to_now,2026-08-20T07:36:51+00:00
CVE-2026-73434,updated,2026-08-19,cve_2026_to_now,2026-08-20T07:36:51+00:00
CVE-2026-73541,added,,cve_2026_to_now,2026-08-20T07:36:51+00:00
CVE-2026-73542,added,,cve_2026_to_now,2026-08-20T07:36:51+00:00
CVE-2026-73673,updated,2026-08-19,cve_2026_to_now,2026-08-20T07:36:51+00:00
CVE-2026-73682,removed,,cve_2026_to_now,2026-08-20T07:36:51+00:00
CVE-2026-73829,added,,cve_2026_to_now,2026-08-20T07:36:51+00:00
CVE-2026-73865,updated,2026-08-19,cve_2026_to_now,2026-08-20T07:36:51+00:00
CVE-2026-73866,updated,2026-08-19,cve_2026_to_now,2026-08-20T07:36:51+00:00
CVE-2026-73891,updated,2026-08-19,cve_2026_to_now,2026-08-20T07:36:51+00:00
CVE-2026-73894,updated,2026-08-19,cve_2026_to_now,2026-08-20T07:36:51+00:00
CVE-2026-73896,updated,2026-08-19,cve_2026_to_now,2026-08-20T07:36:51+00:00
CVE-2026-73900,updated,2026-08-19,cve_2026_to_now,2026-08-20T07:36:51+00:00
CVE-2026-73901,updated,2026-08-19,cve_2026_to_now,2026-08-20T07:36:51+00:00
CVE-2026-73902,updated,2026-08-19,cve_2026_to_now,2026-08-20T07:36:51+00:00
CVE-2026-73903,updated,2026-08-19,cve_2026_to_now,2026-08-20T07:36:51+00:00
CVE-2026-73904,updated,2026-08-19,cve_2026_to_now,2026-08-20T07:36:51+00:00
CVE-2026-73905,updated,2026-08-19,cve_2026_to_now,2026-08-20T07:36:51+00:00
CVE-2026-73906,updated,2026-08-19,cve_2026_to_now,2026-08-20T07:36:51+00:00
CVE-2026-73907,updated,2026-08-19,cve_2026_to_now,2026-08-20T07:36:51+00:00
CVE-2026-73908,updated,2026-08-19,cve_2026_to_now,2026-08-20T07:36:51+00:00
CVE-2026-73909,updated,2026-08-19,cve_2026_to_now,2026-08-20T07:36:51+00:00
CVE-2026-73910,updated,2026-08-19,cve_2026_to_now,2026-08-20T07:36:51+00:00
CVE-2026-73911,updated,2026-08-19,cve_2026_to_now,2026-08-20T07:36:51+00:00
CVE-2026-73912,updated,2026-08-19,cve_2026_to_now,2026-08-20T07:36:51+00:00
CVE-2026-73913,updated,2026-08-19,cve_2026_to_now,2026-08-20T07:36:51+00:00
CVE-2026-73914,updated,2026-08-19,cve_2026_to_now,2026-08-20T07:36:51+00:00
CVE-2026-73915,updated,2026-08-19,cve_2026_to_now,2026-08-20T07:36:51+00:00
CVE-2026-73916,updated,2026-08-19,cve_2026_to_now,2026-08-20T07:36:51+00:00
CVE-2026-73917,updated,2026-08-19,cve_2026_to_now,2026-08-20T07:36:51+00:00
CVE-2026-73918,updated,2026-08-19,cve_2026_to_now,2026-08-20T07:36:51+00:00
CVE-2026-73919,updated,2026-08-19,cve_2026_to_now,2026-08-20T07:36:51+00:00
CVE-2026-73920,updated,2026-08-20,cve_2026_to_now,2026-08-20T07:36:51+00:00
CVE-2026-73921,updated,2026-08-19,cve_2026_to_now,2026-08-20T07:36:51+00:00
CVE-2026-73922,updated,2026-08-19,cve_2026_to_now,2026-08-20T07:36:51+00:00
CVE-2026-73923,updated,2026-08-19,cve_2026_to_now,2026-08-20T07:36:51+00:00
CVE-2026-73924,updated,2026-08-19,cve_2026_to_now,2026-08-20T07:36:51+00:00
CVE-2026-73925,updated,2026-08-19,cve_2026_to_now,2026-08-20T07:36:51+00:00
CVE-2026-73927,updated,2026-08-19,cve_2026_to_now,2026-08-20T07:36:51+00:00
CVE-2026-73928,updated,2026-08-19,cve_2026_to_now,2026-08-20T07:36:51+00:00
CVE-2026-73929,updated,2026-08-19,cve_2026_to_now,2026-08-20T07:36:51+00:00
CVE-2026-73930,updated,2026-08-19,cve_2026_to_now,2026-08-20T07:36:51+00:00
CVE-2026-73931,updated,2026-08-19,cve_2026_to_now,2026-08-20T07:36:51+00:00
CVE-2026-73932,updated,2026-08-19,cve_2026_to_now,2026-08-20T07:36:51+00:00
CVE-2026-73933,updated,2026-08-19,cve_2026_to_now,2026-08-20T07:36:51+00:00
CVE-2026-73934,updated,2026-08-19,cve_2026_to_now,2026-08-20T07:36:51+00:00
CVE-2026-73935,updated,2026-08-19,cve_2026_to_now,2026-08-20T07:36:51+00:00
CVE-2026-73936,updated,2026-08-19,cve_2026_to_now,2026-08-20T07:36:51+00:00
CVE-2026-73937,updated,2026-08-19,cve_2026_to_now,2026-08-20T07:36:51+00:00
CVE-2026-73938,updated,2026-08-19,cve_2026_to_now,2026-08-20T07:36:51+00:00
CVE-2026-73939,updated,2026-08-19,cve_2026_to_now,2026-08-20T07:36:51+00:00
CVE-2026-73973,updated,2026-08-19,cve_2026_to_now,2026-08-20T07:36:51+00:00
CVE-2026-73974,updated,2026-08-19,cve_2026_to_now,2026-08-20T07:36:51+00:00
CVE-2026-74038,updated,2026-08-19,cve_2026_to_now,2026-08-20T07:36:51+00:00
CVE-2026-74443,updated,2026-08-19,cve_2026_to_now,2026-08-20T07:36:51+00:00
CVE-2026-74444,updated,2026-08-19,cve_2026_to_now,2026-08-20T07:36:51+00:00
CVE-2026-74446,updated,2026-08-19,cve_2026_to_now,2026-08-20T07:36:51+00:00
CVE-2026-74453,updated,2026-08-19,cve_2026_to_now,2026-08-20T07:36:51+00:00
CVE-2026-74454,updated,2026-08-19,cve_2026_to_now,2026-08-20T07:36:51+00:00
CVE-2026-74455,updated,2026-08-19,cve_2026_to_now,2026-08-20T07:36:51+00:00
CVE-2026-74456,updated,2026-08-19,cve_2026_to_now,2026-08-20T07:36:51+00:00
CVE-2026-74457,updated,2026-08-19,cve_2026_to_now,2026-08-20T07:36:51+00:00
CVE-2026-74458,updated,2026-08-19,cve_2026_to_now,2026-08-20T07:36:51+00:00
CVE-2026-74459,updated,2026-08-19,cve_2026_to_now,2026-08-20T07:36:51+00:00
CVE-2026-74460,updated,2026-08-19,cve_2026_to_now,2026-08-20T07:36:51+00:00
CVE-2026-74461,updated,2026-08-19,cve_2026_to_now,2026-08-20T07:36:51+00:00
CVE-2026-74463,updated,2026-08-19,cve_2026_to_now,2026-08-20T07:36:51+00:00
CVE-2026-74464,updated,2026-08-19,cve_2026_to_now,2026-08-20T07:36:51+00:00
CVE-2026-74465,updated,2026-08-19,cve_2026_to_now,2026-08-20T07:36:51+00:00
CVE-2026-74467,updated,2026-08-19,cve_2026_to_now,2026-08-20T07:36:51+00:00
CVE-2026-74468,updated,2026-08-19,cve_2026_to_now,2026-08-20T07:36:51+00:00
CVE-2026-74469,updated,2026-08-19,cve_2026_to_now,2026-08-20T07:36:51+00:00
CVE-2026-74470,updated,2026-08-19,cve_2026_to_now,2026-08-20T07:36:51+00:00
CVE-2026-74471,updated,2026-08-19,cve_2026_to_now,2026-08-20T07:36:51+00:00
CVE-2026-74472,updated,2026-08-19,cve_2026_to_now,2026-08-20T07:36:51+00:00
CVE-2026-74473,updated,2026-08-19,cve_2026_to_now,2026-08-20T07:36:51+00:00
CVE-2026-74475,updated,2026-08-19,cve_2026_to_now,2026-08-20T07:36:51+00:00
CVE-2026-74478,updated,2026-08-19,cve_2026_to_now,2026-08-20T07:36:51+00:00
CVE-2026-74480,updated,2026-08-19,cve_2026_to_now,2026-08-20T07:36:51+00:00
CVE-2026-74481,updated,2026-08-19,cve_2026_to_now,2026-08-20T07:36:51+00:00
CVE-2026-74482,updated,2026-08-19,cve_2026_to_now,2026-08-20T07:36:51+00:00
CVE-2026-74485,updated,2026-08-19,cve_2026_to_now,2026-08-20T07:36:51+00:00
CVE-2026-74488,updated,2026-08-19,cve_2026_to_now,2026-08-20T07:36:51+00:00
CVE-2026-74490,updated,2026-08-19,cve_2026_to_now,2026-08-20T07:36:51+00:00
CVE-2026-74492,updated,2026-08-19,cve_2026_to_now,2026-08-20T07:36:51+00:00
CVE-2026-74493,updated,2026-08-19,cve_2026_to_now,2026-08-20T07:36:51+00:00
CVE-2026-74495,updated,2026-08-19,cve_2026_to_now,2026-08-20T07:36:51+00:00
CVE-2026-74497,updated,2026-08-19,cve_2026_to_now,2026-08-20T07:36:51+00:00
CVE-2026-74498,updated,2026-08-19,cve_2026_to_now,2026-08-20T07:36:51+00:00
CVE-2026-74499,updated,2026-08-19,cve_2026_to_now,2026-08-20T07:36:51+00:00
CVE-2026-74505,updated,2026-08-19,cve_2026_to_now,2026-08-20T07:36:51+00:00
CVE-2026-74507,updated,2026-08-19,cve_2026_to_now,2026-08-20T07:36:51+00:00
CVE-2026-74508,updated,2026-08-19,cve_2026_to_now,2026-08-20T07:36:51+00:00
CVE-2026-74511,removed,,cve_2026_to_now,2026-08-20T07:36:51+00:00
CVE-2026-74512,updated,2026-08-19,cve_2026_to_now,2026-08-20T07:36:51+00:00
CVE-2026-74514,updated,2026-08-19,cve_2026_to_now,2026-08-20T07:36:51+00:00
CVE-2026-74515,updated,2026-08-19,cve_2026_to_now,2026-08-20T07:36:51+00:00
CVE-2026-74516,updated,2026-08-19,cve_2026_to_now,2026-08-20T07:36:51+00:00
CVE-2026-74518,updated,2026-08-19,cve_2026_to_now,2026-08-20T07:36:51+00:00
CVE-2026-74519,updated,2026-08-19,cve_2026_to_now,2026-08-20T07:36:51+00:00
CVE-2026-74522,updated,2026-08-19,cve_2026_to_now,2026-08-20T07:36:51+00:00
CVE-2026-74523,updated,2026-08-19,cve_2026_to_now,2026-08-20T07:36:51+00:00
CVE-2026-74525,updated,2026-08-19,cve_2026_to_now,2026-08-20T07:36:51+00:00
CVE-2026-74540,updated,2026-08-19,cve_2026_to_now,2026-08-20T07:36:51+00:00
CVE-2026-74546,updated,2026-08-19,cve_2026_to_now,2026-08-20T07:36:51+00:00
CVE-2026-74547,updated,2026-08-19,cve_2026_to_now,2026-08-20T07:36:51+00:00
CVE-2026-74548,updated,2026-08-19,cve_2026_to_now,2026-08-20T07:36:51+00:00
CVE-2026-74549,updated,2026-08-19,cve_2026_to_now,2026-08-20T07:36:51+00:00
CVE-2026-74550,updated,2026-08-19,cve_2026_to_now,2026-08-20T07:36:51+00:00
CVE-2026-74551,updated,2026-08-19,cve_2026_to_now,2026-08-20T07:36:51+00:00
CVE-2026-74552,updated,2026-08-19,cve_2026_to_now,2026-08-20T07:36:51+00:00
CVE-2026-74553,updated,2026-08-19,cve_2026_to_now,2026-08-20T07:36:51+00:00
CVE-2026-74555,updated,2026-08-19,cve_2026_to_now,2026-08-20T07:36:51+00:00
CVE-2026-74556,updated,2026-08-19,cve_2026_to_now,2026-08-20T07:36:51+00:00
CVE-2026-74557,updated,2026-08-19,cve_2026_to_now,2026-08-20T07:36:51+00:00
CVE-2026-74563,updated,2026-08-19,cve_2026_to_now,2026-08-20T07:36:51+00:00
CVE-2026-74564,updated,2026-08-19,cve_2026_to_now,2026-08-20T07:36:51+00:00
CVE-2026-74566,updated,2026-08-19,cve_2026_to_now,2026-08-20T07:36:51+00:00
CVE-2026-74567,updated,2026-08-19,cve_2026_to_now,2026-08-20T07:36:51+00:00
CVE-2026-74569,updated,2026-08-19,cve_2026_to_now,2026-08-20T07:36:51+00:00
CVE-2026-74577,updated,2026-08-19,cve_2026_to_now,2026-08-20T07:36:51+00:00
CVE-2026-74579,updated,2026-08-19,cve_2026_to_now,2026-08-20T07:36:51+00:00
CVE-2026-74803,added,,cve_2026_to_now,2026-08-20T07:36:51+00:00
CVE-2026-74804,added,,cve_2026_to_now,2026-08-20T07:36:51+00:00
CVE-2026-74905,updated,2026-08-19,cve_2026_to_now,2026-08-20T07:36:51+00:00
CVE-2026-74962,updated,2026-08-19,cve_2026_to_now,2026-08-20T07:36:51+00:00
CVE-2026-74964,updated,2026-08-19,cve_2026_to_now,2026-08-20T07:36:51+00:00
CVE-2026-74969,updated,2026-08-19,cve_2026_to_now,2026-08-20T07:36:51+00:00
CVE-2026-74976,updated,2026-08-19,cve_2026_to_now,2026-08-20T07:36:51+00:00
CVE-2026-74983,updated,2026-08-19,cve_2026_to_now,2026-08-20T07:36:51+00:00
CVE-2026-74987,updated,2026-08-19,cve_2026_to_now,2026-08-20T07:36:51+00:00
CVE-2026-74992,added,,cve_2026_to_now,2026-08-20T07:36:51+00:00
CVE-2026-75011,updated,2026-08-19,cve_2026_to_now,2026-08-20T07:36:51+00:00
CVE-2026-75032,updated,2026-08-19,cve_2026_to_now,2026-08-20T07:36:51+00:00
CVE-2026-75078,updated,2026-08-19,cve_2026_to_now,2026-08-20T07:36:51+00:00
CVE-2026-75086,updated,2026-08-19,cve_2026_to_now,2026-08-20T07:36:51+00:00
CVE-2026-75091,updated,2026-08-19,cve_2026_to_now,2026-08-20T07:36:51+00:00
CVE-2026-75093,updated,2026-08-19,cve_2026_to_now,2026-08-20T07:36:51+00:00
CVE-2026-75112,added,,cve_2026_to_now,2026-08-20T07:36:51+00:00
CVE-2026-75114,added,,cve_2026_to_now,2026-08-20T07:36:51+00:00
CVE-2026-75130,updated,2026-08-19,cve_2026_to_now,2026-08-20T07:36:51+00:00
CVE-2026-75141,added,,cve_2026_to_now,2026-08-20T07:36:51+00:00
CVE-2026-75142,added,,cve_2026_to_now,2026-08-20T07:36:51+00:00
CVE-2026-75143,added,,cve_2026_to_now,2026-08-20T07:36:51+00:00
CVE-2026-75144,added,,cve_2026_to_now,2026-08-20T07:36:51+00:00
CVE-2026-75145,added,,cve_2026_to_now,2026-08-20T07:36:51+00:00
CVE-2026-75146,added,,cve_2026_to_now,2026-08-20T07:36:51+00:00
CVE-2026-75147,added,,cve_2026_to_now,2026-08-20T07:36:51+00:00
CVE-2026-75148,added,,cve_2026_to_now,2026-08-20T07:36:51+00:00
CVE-2026-75149,added,,cve_2026_to_now,2026-08-20T07:36:51+00:00
CVE-2026-75476,added,,cve_2026_to_now,2026-08-20T07:36:51+00:00
CVE-2026-75569,added,,cve_2026_to_now,2026-08-20T07:36:51+00:00
CVE-2026-75583,added,,cve_2026_to_now,2026-08-20T07:36:51+00:00
CVE-2026-75589,updated,,cve_2026_to_now,2026-08-20T07:36:51+00:00
CVE-2026-75593,added,,cve_2026_to_now,2026-08-20T07:36:51+00:00
CVE-2026-75595,added,,cve_2026_to_now,2026-08-20T07:36:51+00:00
CVE-2026-75596,added,,cve_2026_to_now,2026-08-20T07:36:51+00:00
CVE-2026-75616,added,,cve_2026_to_now,2026-08-20T07:36:51+00:00
CVE-2026-75618,added,,cve_2026_to_now,2026-08-20T07:36:51+00:00
CVE-2026-75619,added,,cve_2026_to_now,2026-08-20T07:36:51+00:00
CVE-2026-75626,updated,2026-08-19,cve_2026_to_now,2026-08-20T07:36:51+00:00
CVE-2026-75628,added,,cve_2026_to_now,2026-08-20T07:36:51+00:00
CVE-2026-75773,updated,2026-08-19,cve_2026_to_now,2026-08-20T07:36:51+00:00
CVE-2026-75778,updated,2026-08-19,cve_2026_to_now,2026-08-20T07:36:51+00:00
CVE-2026-75827,updated,2026-08-19,cve_2026_to_now,2026-08-20T07:36:51+00:00
CVE-2026-75832,updated,2026-08-19,cve_2026_to_now,2026-08-20T07:36:51+00:00
CVE-2026-75837,updated,2026-08-19,cve_2026_to_now,2026-08-20T07:36:51+00:00
CVE-2026-75842,updated,2026-08-19,cve_2026_to_now,2026-08-20T07:36:51+00:00
CVE-2026-75850,updated,2026-08-19,cve_2026_to_now,2026-08-20T07:36:51+00:00
CVE-2026-75855,updated,2026-08-19,cve_2026_to_now,2026-08-20T07:36:51+00:00
CVE-2026-75857,updated,2026-08-19,cve_2026_to_now,2026-08-20T07:36:51+00:00
CVE-2026-75860,added,,cve_2026_to_now,2026-08-20T07:36:51+00:00
CVE-2026-75876,updated,2026-08-19,cve_2026_to_now,2026-08-20T07:36:51+00:00
CVE-2026-75877,updated,2026-08-19,cve_2026_to_now,2026-08-20T07:36:51+00:00
CVE-2026-75900,added,,cve_2026_to_now,2026-08-20T07:36:51+00:00
CVE-2026-75912,updated,2026-08-19,cve_2026_to_now,2026-08-20T07:36:51+00:00
CVE-2026-75916,added,,cve_2026_to_now,2026-08-20T07:36:51+00:00
CVE-2026-75917,added,,cve_2026_to_now,2026-08-20T07:36:51+00:00
CVE-2026-75918,added,,cve_2026_to_now,2026-08-20T07:36:51+00:00
CVE-2026-75919,added,,cve_2026_to_now,2026-08-20T07:36:51+00:00
CVE-2026-75920,added,,cve_2026_to_now,2026-08-20T07:36:51+00:00
CVE-2026-75926,updated,2026-08-20,cve_2026_to_now,2026-08-20T07:36:51+00:00
CVE-2026-75935,updated,2026-08-19,cve_2026_to_now,2026-08-20T07:36:51+00:00
CVE-2026-75936,updated,2026-08-19,cve_2026_to_now,2026-08-20T07:36:51+00:00
CVE-2026-75949,added,,cve_2026_to_now,2026-08-20T07:36:51+00:00
CVE-2026-75950,added,,cve_2026_to_now,2026-08-20T07:36:51+00:00
CVE-2026-75951,added,,cve_2026_to_now,2026-08-20T07:36:51+00:00
CVE-2026-75952,added,,cve_2026_to_now,2026-08-20T07:36:51+00:00
CVE-2026-75953,added,,cve_2026_to_now,2026-08-20T07:36:51+00:00
CVE-2026-75954,added,,cve_2026_to_now,2026-08-20T07:36:51+00:00
CVE-2026-75955,added,,cve_2026_to_now,2026-08-20T07:36:51+00:00
CVE-2026-75956,added,,cve_2026_to_now,2026-08-20T07:36:51+00:00
CVE-2026-75963,added,,cve_2026_to_now,2026-08-20T07:36:51+00:00
CVE-2026-75981,updated,,cve_2026_to_now,2026-08-20T07:36:51+00:00
CVE-2026-75984,updated,,cve_2026_to_now,2026-08-20T07:36:51+00:00
CVE-2026-75985,updated,,cve_2026_to_now,2026-08-20T07:36:51+00:00
CVE-2026-76004,updated,,cve_2026_to_now,2026-08-20T07:36:51+00:00
CVE-2026-76008,updated,,cve_2026_to_now,2026-08-20T07:36:51+00:00
CVE-2026-76033,updated,2026-08-19,cve_2026_to_now,2026-08-20T07:36:51+00:00
CVE-2026-76034,updated,2026-08-20,cve_2026_to_now,2026-08-20T07:36:51+00:00
CVE-2026-76035,updated,2026-08-20,cve_2026_to_now,2026-08-20T07:36:51+00:00
CVE-2026-76036,updated,2026-08-20,cve_2026_to_now,2026-08-20T07:36:51+00:00
CVE-2026-76037,updated,2026-08-20,cve_2026_to_now,2026-08-20T07:36:51+00:00
CVE-2026-76038,updated,2026-08-20,cve_2026_to_now,2026-08-20T07:36:51+00:00
CVE-2026-76039,updated,2026-08-19,cve_2026_to_now,2026-08-20T07:36:51+00:00
CVE-2026-76040,updated,2026-08-20,cve_2026_to_now,2026-08-20T07:36:51+00:00
CVE-2026-76041,updated,2026-08-19,cve_2026_to_now,2026-08-20T07:36:51+00:00
CVE-2026-76042,updated,2026-08-19,cve_2026_to_now,2026-08-20T07:36:51+00:00
CVE-2026-76043,updated,2026-08-20,cve_2026_to_now,2026-08-20T07:36:51+00:00
CVE-2026-76044,updated,2026-08-20,cve_2026_to_now,2026-08-20T07:36:51+00:00
CVE-2026-76045,updated,2026-08-20,cve_2026_to_now,2026-08-20T07:36:51+00:00
CVE-2026-76046,updated,2026-08-20,cve_2026_to_now,2026-08-20T07:36:51+00:00
CVE-2026-76047,updated,2026-08-20,cve_2026_to_now,2026-08-20T07:36:51+00:00
CVE-2026-76050,updated,,cve_2026_to_now,2026-08-20T07:36:51+00:00
CVE-2026-76139,added,,cve_2026_to_now,2026-08-20T07:36:51+00:00
CVE-2026-76164,added,,cve_2026_to_now,2026-08-20T07:36:51+00:00
CVE-2026-76166,added,,cve_2026_to_now,2026-08-20T07:36:51+00:00
CVE-2026-76203,added,,cve_2026_to_now,2026-08-20T07:36:51+00:00
CVE-2026-76205,added,,cve_2026_to_now,2026-08-20T07:36:51+00:00
CVE-2026-76206,added,,cve_2026_to_now,2026-08-20T07:36:51+00:00
CVE-2026-76207,added,,cve_2026_to_now,2026-08-20T07:36:51+00:00
CVE-2026-76208,added,,cve_2026_to_now,2026-08-20T07:36:51+00:00
CVE-2026-76209,added,,cve_2026_to_now,2026-08-20T07:36:51+00:00
CVE-2026-76210,added,,cve_2026_to_now,2026-08-20T07:36:51+00:00
CVE-2026-76211,added,,cve_2026_to_now,2026-08-20T07:36:51+00:00
CVE-2026-76212,added,,cve_2026_to_now,2026-08-20T07:36:51+00:00
CVE-2026-76213,added,,cve_2026_to_now,2026-08-20T07:36:51+00:00
CVE-2026-76214,added,,cve_2026_to_now,2026-08-20T07:36:51+00:00
CVE-2026-76215,added,,cve_2026_to_now,2026-08-20T07:36:51+00:00
CVE-2026-76216,added,,cve_2026_to_now,2026-08-20T07:36:51+00:00
CVE-2026-76217,added,,cve_2026_to_now,2026-08-20T07:36:51+00:00
CVE-2026-76218,added,2026-08-20,cve_2026_to_now,2026-08-20T07:36:51+00:00
CVE-2026-76219,added,,cve_2026_to_now,2026-08-20T07:36:51+00:00
CVE-2026-76220,added,2026-08-20,cve_2026_to_now,2026-08-20T07:36:51+00:00
CVE-2026-76221,added,2026-08-20,cve_2026_to_now,2026-08-20T07:36:51+00:00
CVE-2026-76222,added,,cve_2026_to_now,2026-08-20T07:36:51+00:00
CVE-2026-76223,added,,cve_2026_to_now,2026-08-20T07:36:51+00:00
CVE-2026-76224,added,,cve_2026_to_now,2026-08-20T07:36:51+00:00
CVE-2026-76225,added,,cve_2026_to_now,2026-08-20T07:36:51+00:00
CVE-2026-76226,added,,cve_2026_to_now,2026-08-20T07:36:51+00:00
CVE-2026-76227,added,,cve_2026_to_now,2026-08-20T07:36:51+00:00
CVE-2026-76228,added,,cve_2026_to_now,2026-08-20T07:36:51+00:00
CVE-2026-76229,added,,cve_2026_to_now,2026-08-20T07:36:51+00:00
CVE-2026-76230,added,,cve_2026_to_now,2026-08-20T07:36:51+00:00
CVE-2026-76231,added,,cve_2026_to_now,2026-08-20T07:36:51+00:00
CVE-2026-76232,added,,cve_2026_to_now,2026-08-20T07:36:51+00:00
CVE-2026-76233,added,,cve_2026_to_now,2026-08-20T07:36:51+00:00
CVE-2026-76234,added,,cve_2026_to_now,2026-08-20T07:36:51+00:00
CVE-2026-76235,added,,cve_2026_to_now,2026-08-20T07:36:51+00:00
CVE-2026-76236,added,,cve_2026_to_now,2026-08-20T07:36:51+00:00
CVE-2026-76237,added,,cve_2026_to_now,2026-08-20T07:36:51+00:00
CVE-2026-76238,added,,cve_2026_to_now,2026-08-20T07:36:51+00:00
CVE-2026-76239,added,,cve_2026_to_now,2026-08-20T07:36:51+00:00
CVE-2026-76240,added,,cve_2026_to_now,2026-08-20T07:36:51+00:00
CVE-2026-76241,added,,cve_2026_to_now,2026-08-20T07:36:51+00:00
CVE-2026-76242,added,,cve_2026_to_now,2026-08-20T07:36:51+00:00
CVE-2026-76243,added,,cve_2026_to_now,2026-08-20T07:36:51+00:00
CVE-2026-76244,added,,cve_2026_to_now,2026-08-20T07:36:51+00:00
CVE-2026-76245,added,,cve_2026_to_now,2026-08-20T07:36:51+00:00
CVE-2026-76251,added,,cve_2026_to_now,2026-08-20T07:36:51+00:00
CVE-2026-76252,added,,cve_2026_to_now,2026-08-20T07:36:51+00:00
CVE-2026-76253,added,,cve_2026_to_now,2026-08-20T07:36:51+00:00
CVE-2026-76254,added,,cve_2026_to_now,2026-08-20T07:36:51+00:00
CVE-2026-76255,added,,cve_2026_to_now,2026-08-20T07:36:51+00:00
CVE-2026-76256,added,,cve_2026_to_now,2026-08-20T07:36:51+00:00
CVE-2026-76257,added,,cve_2026_to_now,2026-08-20T07:36:51+00:00
CVE-2026-76258,added,,cve_2026_to_now,2026-08-20T07:36:51+00:00
CVE-2026-76259,added,,cve_2026_to_now,2026-08-20T07:36:51+00:00
CVE-2026-76260,added,,cve_2026_to_now,2026-08-20T07:36:51+00:00
CVE-2026-76261,added,,cve_2026_to_now,2026-08-20T07:36:51+00:00
CVE-2026-76262,added,,cve_2026_to_now,2026-08-20T07:36:51+00:00
CVE-2026-76263,added,,cve_2026_to_now,2026-08-20T07:36:51+00:00
CVE-2026-76309,added,,cve_2026_to_now,2026-08-20T07:36:51+00:00
CVE-2026-76310,added,,cve_2026_to_now,2026-08-20T07:36:51+00:00
CVE-2026-76311,added,,cve_2026_to_now,2026-08-20T07:36:51+00:00
CVE-2026-76312,added,,cve_2026_to_now,2026-08-20T07:36:51+00:00
CVE-2026-76313,added,,cve_2026_to_now,2026-08-20T07:36:51+00:00
CVE-2026-76314,added,,cve_2026_to_now,2026-08-20T07:36:51+00:00
CVE-2026-76315,added,,cve_2026_to_now,2026-08-20T07:36:51+00:00
CVE-2026-76316,added,,cve_2026_to_now,2026-08-20T07:36:51+00:00
CVE-2026-76317,added,,cve_2026_to_now,2026-08-20T07:36:51+00:00
CVE-2026-76318,added,,cve_2026_to_now,2026-08-20T07:36:51+00:00
CVE-2026-76319,added,,cve_2026_to_now,2026-08-20T07:36:51+00:00
CVE-2026-76320,added,,cve_2026_to_now,2026-08-20T07:36:51+00:00
CVE-2026-76321,added,,cve_2026_to_now,2026-08-20T07:36:51+00:00
CVE-2026-76322,added,,cve_2026_to_now,2026-08-20T07:36:51+00:00
CVE-2026-76323,added,,cve_2026_to_now,2026-08-20T07:36:51+00:00
CVE-2026-76324,added,,cve_2026_to_now,2026-08-20T07:36:51+00:00
CVE-2026-76325,added,,cve_2026_to_now,2026-08-20T07:36:51+00:00
CVE-2026-76326,added,,cve_2026_to_now,2026-08-20T07:36:51+00:00
CVE-2026-76327,added,,cve_2026_to_now,2026-08-20T07:36:51+00:00
CVE-2026-76328,added,,cve_2026_to_now,2026-08-20T07:36:51+00:00
CVE-2026-76329,added,,cve_2026_to_now,2026-08-20T07:36:51+00:00
CVE-2026-76330,added,,cve_2026_to_now,2026-08-20T07:36:51+00:00
CVE-2026-76331,added,,cve_2026_to_now,2026-08-20T07:36:51+00:00
CVE-2026-76332,added,,cve_2026_to_now,2026-08-20T07:36:51+00:00
CVE-2026-76333,added,,cve_2026_to_now,2026-08-20T07:36:51+00:00
CVE-2026-76334,added,,cve_2026_to_now,2026-08-20T07:36:51+00:00
CVE-2026-76335,added,,cve_2026_to_now,2026-08-20T07:36:51+00:00
CVE-2026-76336,added,,cve_2026_to_now,2026-08-20T07:36:51+00:00
CVE-2026-76337,added,,cve_2026_to_now,2026-08-20T07:36:51+00:00
CVE-2026-76338,added,,cve_2026_to_now,2026-08-20T07:36:51+00:00
CVE-2026-76339,added,,cve_2026_to_now,2026-08-20T07:36:51+00:00
CVE-2026-76340,added,,cve_2026_to_now,2026-08-20T07:36:51+00:00
CVE-2026-76341,added,,cve_2026_to_now,2026-08-20T07:36:51+00:00
CVE-2026-76342,added,,cve_2026_to_now,2026-08-20T07:36:51+00:00
CVE-2026-76343,added,,cve_2026_to_now,2026-08-20T07:36:51+00:00
CVE-2026-76344,added,,cve_2026_to_now,2026-08-20T07:36:51+00:00
CVE-2026-76345,added,,cve_2026_to_now,2026-08-20T07:36:51+00:00
CVE-2026-76346,added,,cve_2026_to_now,2026-08-20T07:36:51+00:00
CVE-2026-76347,added,,cve_2026_to_now,2026-08-20T07:36:51+00:00
CVE-2026-76348,added,,cve_2026_to_now,2026-08-20T07:36:51+00:00
CVE-2026-76349,added,,cve_2026_to_now,2026-08-20T07:36:51+00:00
CVE-2026-76350,added,,cve_2026_to_now,2026-08-20T07:36:51+00:00
CVE-2026-76351,added,,cve_2026_to_now,2026-08-20T07:36:51+00:00
CVE-2026-76352,added,,cve_2026_to_now,2026-08-20T07:36:51+00:00
CVE-2026-76353,added,,cve_2026_to_now,2026-08-20T07:36:51+00:00
CVE-2026-76354,added,,cve_2026_to_now,2026-08-20T07:36:51+00:00
CVE-2026-76355,added,,cve_2026_to_now,2026-08-20T07:36:51+00:00
CVE-2026-76356,added,,cve_2026_to_now,2026-08-20T07:36:51+00:00
CVE-2026-76357,added,,cve_2026_to_now,2026-08-20T07:36:51+00:00
CVE-2026-76358,added,,cve_2026_to_now,2026-08-20T07:36:51+00:00
CVE-2026-76359,added,,cve_2026_to_now,2026-08-20T07:36:51+00:00
CVE-2026-76360,added,,cve_2026_to_now,2026-08-20T07:36:51+00:00
CVE-2026-76361,added,,cve_2026_to_now,2026-08-20T07:36:51+00:00
CVE-2026-76362,added,,cve_2026_to_now,2026-08-20T07:36:51+00:00
CVE-2026-76363,added,,cve_2026_to_now,2026-08-20T07:36:51+00:00
CVE-2026-76364,added,,cve_2026_to_now,2026-08-20T07:36:51+00:00
CVE-2026-76365,added,,cve_2026_to_now,2026-08-20T07:36:51+00:00
CVE-2026-76366,added,,cve_2026_to_now,2026-08-20T07:36:51+00:00
CVE-2026-76367,added,,cve_2026_to_now,2026-08-20T07:36:51+00:00
CVE-2026-76368,added,,cve_2026_to_now,2026-08-20T07:36:51+00:00
CVE-2026-76369,added,,cve_2026_to_now,2026-08-20T07:36:51+00:00
CVE-2026-76370,added,,cve_2026_to_now,2026-08-20T07:36:51+00:00
CVE-2026-76371,added,,cve_2026_to_now,2026-08-20T07:36:51+00:00
CVE-2026-76372,added,,cve_2026_to_now,2026-08-20T07:36:51+00:00
CVE-2026-76373,added,,cve_2026_to_now,2026-08-20T07:36:51+00:00
CVE-2026-76374,added,,cve_2026_to_now,2026-08-20T07:36:51+00:00
CVE-2026-76375,added,,cve_2026_to_now,2026-08-20T07:36:51+00:00
CVE-2026-76376,added,,cve_2026_to_now,2026-08-20T07:36:51+00:00
CVE-2026-76377,added,,cve_2026_to_now,2026-08-20T07:36:51+00:00
CVE-2026-76378,added,,cve_2026_to_now,2026-08-20T07:36:51+00:00
CVE-2026-76379,added,,cve_2026_to_now,2026-08-20T07:36:51+00:00
CVE-2026-76380,added,,cve_2026_to_now,2026-08-20T07:36:51+00:00
CVE-2026-76381,added,,cve_2026_to_now,2026-08-20T07:36:51+00:00
CVE-2026-76382,added,,cve_2026_to_now,2026-08-20T07:36:51+00:00
CVE-2026-76383,added,,cve_2026_to_now,2026-08-20T07:36:51+00:00
CVE-2026-76384,added,,cve_2026_to_now,2026-08-20T07:36:51+00:00
CVE-2026-76385,added,,cve_2026_to_now,2026-08-20T07:36:51+00:00
CVE-2026-76386,added,,cve_2026_to_now,2026-08-20T07:36:51+00:00
CVE-2026-76387,added,,cve_2026_to_now,2026-08-20T07:36:51+00:00
CVE-2026-76388,added,,cve_2026_to_now,2026-08-20T07:36:51+00:00
CVE-2026-76389,added,,cve_2026_to_now,2026-08-20T07:36:51+00:00
CVE-2026-76390,added,,cve_2026_to_now,2026-08-20T07:36:51+00:00
CVE-2026-76391,added,,cve_2026_to_now,2026-08-20T07:36:51+00:00
CVE-2026-76392,added,,cve_2026_to_now,2026-08-20T07:36:51+00:00
CVE-2026-76393,added,,cve_2026_to_now,2026-08-20T07:36:51+00:00
CVE-2026-76394,added,,cve_2026_to_now,2026-08-20T07:36:51+00:00
CVE-2026-76395,added,,cve_2026_to_now,2026-08-20T07:36:51+00:00
CVE-2026-76396,added,,cve_2026_to_now,2026-08-20T07:36:51+00:00
CVE-2026-76397,added,,cve_2026_to_now,2026-08-20T07:36:51+00:00
CVE-2026-76398,added,,cve_2026_to_now,2026-08-20T07:36:51+00:00
CVE-2026-76399,added,,cve_2026_to_now,2026-08-20T07:36:51+00:00
CVE-2026-76400,added,,cve_2026_to_now,2026-08-20T07:36:51+00:00
CVE-2026-76401,added,,cve_2026_to_now,2026-08-20T07:36:51+00:00
CVE-2026-76402,added,,cve_2026_to_now,2026-08-20T07:36:51+00:00
CVE-2026-76403,added,,cve_2026_to_now,2026-08-20T07:36:51+00:00
CVE-2026-76404,added,,cve_2026_to_now,2026-08-20T07:36:51+00:00
CVE-2026-76405,added,,cve_2026_to_now,2026-08-20T07:36:51+00:00
CVE-2026-76565,added,,cve_2026_to_now,2026-08-20T07:36:51+00:00
CVE-2026-76569,added,,cve_2026_to_now,2026-08-20T07:36:51+00:00
CVE-2026-76572,added,,cve_2026_to_now,2026-08-20T07:36:51+00:00
CVE-2026-76574,added,,cve_2026_to_now,2026-08-20T07:36:51+00:00
CVE-2026-76576,added,,cve_2026_to_now,2026-08-20T07:36:51+00:00
CVE-2026-76582,added,,cve_2026_to_now,2026-08-20T07:36:51+00:00
CVE-2026-76583,added,,cve_2026_to_now,2026-08-20T07:36:51+00:00
CVE-2026-76584,added,,cve_2026_to_now,2026-08-20T07:36:51+00:00
CVE-2026-76589,added,,cve_2026_to_now,2026-08-20T07:36:51+00:00
CVE-2026-76590,added,,cve_2026_to_now,2026-08-20T07:36:51+00:00
CVE-2026-76591,added,,cve_2026_to_now,2026-08-20T07:36:51+00:00
CVE-2026-76614,added,,cve_2026_to_now,2026-08-20T07:36:51+00:00
CVE-2026-76647,added,,cve_2026_to_now,2026-08-20T07:36:51+00:00
CVE-2026-76760,added,,cve_2026_to_now,2026-08-20T07:36:51+00:00
CVE-2026-76761,added,,cve_2026_to_now,2026-08-20T07:36:51+00:00
CVE-2026-76762,added,,cve_2026_to_now,2026-08-20T07:36:51+00:00
CVE-2026-76764,added,,cve_2026_to_now,2026-08-20T07:36:51+00:00
CVE-2026-76783,added,,cve_2026_to_now,2026-08-20T07:36:51+00:00
CVE-2026-76785,added,,cve_2026_to_now,2026-08-20T07:36:51+00:00
CVE-2026-76795,added,,cve_2026_to_now,2026-08-20T07:36:51+00:00
CVE-2026-76799,added,,cve_2026_to_now,2026-08-20T07:36:51+00:00
CVE-2026-76800,added,,cve_2026_to_now,2026-08-20T07:36:51+00:00
CVE-2026-76827,added,,cve_2026_to_now,2026-08-20T07:36:51+00:00
CVE-2026-76832,added,,cve_2026_to_now,2026-08-20T07:36:51+00:00
CVE-2026-76850,added,,cve_2026_to_now,2026-08-20T07:36:51+00:00
CVE-2026-76878,added,,cve_2026_to_now,2026-08-20T07:36:51+00:00
CVE-2026-76879,added,,cve_2026_to_now,2026-08-20T07:36:51+00:00
CVE-2026-76880,added,,cve_2026_to_now,2026-08-20T07:36:51+00:00
CVE-2026-76881,added,,cve_2026_to_now,2026-08-20T07:36:51+00:00
CVE-2026-76882,added,,cve_2026_to_now,2026-08-20T07:36:51+00:00
CVE-2026-76883,added,,cve_2026_to_now,2026-08-20T07:36:51+00:00
CVE-2026-76884,added,,cve_2026_to_now,2026-08-20T07:36:51+00:00
CVE-2026-76885,added,,cve_2026_to_now,2026-08-20T07:36:51+00:00
CVE-2026-76886,added,,cve_2026_to_now,2026-08-20T07:36:51+00:00
CVE-2026-76887,added,,cve_2026_to_now,2026-08-20T07:36:51+00:00
CVE-2026-76888,added,,cve_2026_to_now,2026-08-20T07:36:51+00:00
CVE-2026-76889,added,,cve_2026_to_now,2026-08-20T07:36:51+00:00
CVE-2026-76890,added,,cve_2026_to_now,2026-08-20T07:36:51+00:00
CVE-2026-76891,added,,cve_2026_to_now,2026-08-20T07:36:51+00:00
CVE-2026-76917,added,,cve_2026_to_now,2026-08-20T07:36:51+00:00
CVE-2026-76918,added,,cve_2026_to_now,2026-08-20T07:36:51+00:00
CVE-2026-76919,added,,cve_2026_to_now,2026-08-20T07:36:51+00:00
CVE-2026-76920,added,,cve_2026_to_now,2026-08-20T07:36:51+00:00
CVE-2026-76921,added,,cve_2026_to_now,2026-08-20T07:36:51+00:00
CVE-2026-76922,added,,cve_2026_to_now,2026-08-20T07:36:51+00:00
CVE-2026-76923,added,,cve_2026_to_now,2026-08-20T07:36:51+00:00
CVE-2026-76924,added,,cve_2026_to_now,2026-08-20T07:36:51+00:00
CVE-2026-76926,added,,cve_2026_to_now,2026-08-20T07:36:51+00:00
CVE-2026-76927,added,,cve_2026_to_now,2026-08-20T07:36:51+00:00
CVE-2026-76928,added,,cve_2026_to_now,2026-08-20T07:36:51+00:00
CVE-2026-76929,added,,cve_2026_to_now,2026-08-20T07:36:51+00:00
CVE-2026-76956,added,,cve_2026_to_now,2026-08-20T07:36:51+00:00
CVE-2026-76957,added,,cve_2026_to_now,2026-08-20T07:36:51+00:00
